"","Location","SiteName","Site","Transect","time","date","flight_time","sec_csum","depth","heading","battery_remaining","lat","lon","satellite_count","temp","avg_dist","avg_conf","EucDIS","lat_smooth","lon_smooth","EucSmooth","heading_degrees","sim_x","sim_y","sim_steps","alt_smooth","width","height","area","shannonDiversity","pielousEvenness","richness","totalObs","apply(comm, 1, sum)"
"564","Magnolia","Magnolia","1","T1","13:50:40","10/6/2022","0:08:57",0,-6.52272,263,97,47.630268,-122.3982391,10,55.13,0.933333333,100,0,47.63027742,-122.398237,0,275,47.630268,-122.3982391,0,NA,2.616970149,1.143894804,2.993538556,"2022_10_06_13-50-40_0.jpg",1.16737786440501,1.2233555441697,9,100
"565","Magnolia","Magnolia","1","T1","13:52:24","10/6/2022","0:10:41",104,-6.27888,265,96,47.6302757,-122.3984451,10,55.09,0.933333333,100,0,47.63029786,-122.398433,0,277,47.63028363,-122.3983792,1.58e-06,NA,2.616970149,1.143894804,2.993538556,"2022_10_06_13-50-40_104.jpg",1.49085460097149,1.43159695878311,11,100
"566","Magnolia","Magnolia","1","T1","13:52:32","10/6/2022","0:10:49",112,-6.03504,265,96,47.6302909,-122.3984527,10,55.09,1.039111111,100,1.141957643,47.63029851,-122.3984474,1.141957643,277,47.63028532,-122.398393,1.94e-06,NA,2.9135601,1.273536216,3.710524303,"2022_10_06_13-50-40_112.jpg",1.67747176527327,1.75790928268212,9,100
"567","Magnolia","Magnolia","1","T1","13:52:40","10/6/2022","0:10:57",120,-6.096,265,96,47.6303253,-122.398468,10,55.09,1.037222222,100,1.267012467,47.63029884,-122.39846,1.267012467,277,47.63028698,-122.3984065,2.32e-06,NA,2.90826385,1.27122119,3.697046633,"2022_10_06_13-50-40_120.jpg",1.10365069537217,1.41829842826578,6,100
"568","Magnolia","Magnolia","1","T1","13:52:48","10/6/2022","0:11:05",128,-6.06552,265,96,47.6303062,-122.3984603,10,55.09,1.061,100,0,47.6302983,-122.3984719,0,277,47.63028893,-122.3984224,1.32e-06,NA,2.974934281,1.300363272,3.868495277,"2022_10_06_13-50-40_128.jpg",1.54220374854725,1.54220374854725,10,100
"569","Magnolia","Magnolia","1","T1","13:52:56","10/6/2022","0:11:13",136,-6.096,265,96,47.6302871,-122.3984909,10,55.09,0.963333333,100,0.578491742,47.6302959,-122.3984836,0.578491742,277,47.63029115,-122.3984387,5.31e-07,NA,2.701087046,1.180662851,3.189073134,"2022_10_06_13-50-40_136.jpg",1.08964646899855,1.28937285072886,7,100
"570","Magnolia","Magnolia","1","T1","13:53:04","10/6/2022","0:11:21",144,-6.18744,265,96,47.6302833,-122.3984909,10,55.11,1.022777778,100,0.710201295,47.63028758,-122.3984943,0.710201295,277,47.63029282,-122.3984527,2.37e-06,NA,2.867763123,1.253518057,3.594792858,"2022_10_06_13-50-40_144.jpg",1.31997303923725,1.26750750033999,11,100
"571","Magnolia","Magnolia","1","T1","13:53:12","10/6/2022","0:11:29",152,-6.03504,265,96,47.6302795,-122.3985137,10,55.09,0.921777778,100,0,47.6302902,-122.3985122,0,277,47.63029428,-122.3984651,0,NA,2.584569568,1.129732298,2.919871716,"2022_10_06_13-50-40_152.jpg",1.2608499737298,1.49195704407092,7,100
"572","Magnolia","Magnolia","1","T1","13:50:56","10/6/2022","0:09:13",16,-6.46176,264,97,47.630268,-122.3982772,10,55.11,0.968444444,100,0,47.63026555,-122.398276,0,276,47.63026998,-122.3982604,1.66e-06,NA,2.715418073,1.186927037,3.223003128,"2022_10_06_13-50-40_16.jpg",1.63150648438878,1.63150648438878,10,100
"573","Magnolia","Magnolia","1","T1","13:53:20","10/6/2022","0:11:37",160,-6.00456,265,96,47.6302947,-122.3985061,10,55.09,0.991333333,100,1.019555106,47.63029167,-122.3985272,1.019555106,277,47.63029563,-122.3984757,1.15e-06,NA,2.779596151,1.214979696,3.377152885,"2022_10_06_13-50-40_160.jpg",0.836041959922167,0.92575709172338,8,100
"574","Magnolia","Magnolia","1","T1","13:53:28","10/6/2022","0:11:45",168,-6.03504,266,96,47.6302947,-122.3985519,10,55.09,1.0166,100,2.143257431,47.63029275,-122.3985377,2.143257431,278,47.63029736,-122.3984893,1.24e-06,NA,2.850441272,1.245946562,3.551497505,"2022_10_06_13-50-40_168.jpg",0.934735578385729,1.03504145971011,8,100
"575","Magnolia","Magnolia","1","T1","13:53:36","10/6/2022","0:11:53",176,-6.00456,265,96,47.6302986,-122.3985519,10,55.09,1.036666667,100,0.433451628,47.63029636,-122.3985482,0.433451628,277,47.6302991,-122.3985031,1.2e-06,NA,2.906706131,1.270540301,3.693087284,"2022_10_06_13-50-40_176.jpg",1.58661425818945,1.58661425818945,10,100
"576","Magnolia","Magnolia","1","T1","13:53:44","10/6/2022","0:12:01",184,-5.9436,265,96,47.6303024,-122.3985595,10,55.09,1.002222222,100,0,47.63029543,-122.398556,0,277,47.63030051,-122.3985163,1.76e-06,NA,2.81012747,1.228325135,3.451750204,"2022_10_06_13-50-40_184.jpg",1.42453943288124,1.32001870686546,12,100
"577","Magnolia","Magnolia","1","T1","13:53:52","10/6/2022","0:12:09",192,-6.00456,266,96,47.6303138,-122.3985748,10,55.09,0.997111111,100,0,47.63029319,-122.3985666,0,278,47.63030161,-122.3985242,2.65e-06,NA,2.795796443,1.222060949,3.416633655,"2022_10_06_13-50-40_192.jpg",1.05811775095755,1.1716636948683,8,100
"578","Magnolia","Magnolia","1","T1","13:54:00","10/6/2022","0:12:17",200,-5.97408,259,96,47.63028335,-122.3985665,10,55.09,0.972,100,4.404933474,47.63028839,-122.3985789,4.404933474,271,47.63030188,-122.3985406,9.39e-07,NA,2.725387484,1.191284732,3.246712499,"2022_10_06_13-50-40_200.jpg",1.31833513644434,1.45980484274387,8,100
"579","Magnolia","Magnolia","1","T1","13:54:08","10/6/2022","0:12:25",208,-6.00456,259,96,47.6302719,-122.3985977,10,55.09,0.948555556,100,1.399865948,47.63028507,-122.3985915,1.399865948,271,47.63030207,-122.3985503,1.66e-06,NA,2.659651688,1.162551185,3.09198122,"2022_10_06_13-50-40_208.jpg",0.904644662881315,1.00172150717178,8,100
"580","Magnolia","Magnolia","1","T1","13:54:16","10/6/2022","0:12:33",216,-5.97408,259,96,47.6303062,-122.3986129,10,55.09,1.045222222,100,0,47.63028714,-122.398604,0,271,47.63030229,-122.3985628,1.32e-06,NA,2.930695023,1.281026003,3.754296531,"2022_10_06_13-50-40_216.jpg",1.02567386969396,1.1357382813094,8,100
"581","Magnolia","Magnolia","1","T1","13:54:24","10/6/2022","0:12:41",224,-5.91312,259,96,47.6303024,-122.3986206,10,55.11,1.068111111,100,0,47.63029328,-122.3986167,0,271,47.63030245,-122.3985749,2.16e-06,NA,2.994873101,1.309078661,3.920524469,"2022_10_06_13-50-40_224.jpg",1.23984992817058,1.37289743661131,8,100
"582","Magnolia","Magnolia","1","T1","13:54:32","10/6/2022","0:12:49",232,-6.06552,261,96,47.6302909,-122.3986434,10,55.09,0.871,100,0,47.6302956,-122.3986348,0,273,47.63030291,-122.3985889,2.13e-06,NA,2.442193929,1.067498973,2.607039511,"2022_10_06_13-50-40_232.jpg",1.36794545127309,1.51473880895248,8,100
"583","Magnolia","Magnolia","1","T1","13:51:04","10/6/2022","0:09:21",24,-6.43128,264,97,47.6302719,-122.3982925,10,55.11,0.964555556,100,0.422337492,47.6302698,-122.3982916,0.422337492,276,47.63027104,-122.3982706,4.15e-07,NA,2.704514033,1.18216081,3.1971705,"2022_10_06_13-50-40_24.jpg",1.48405555749814,1.64330861694226,8,100
"584","Magnolia","Magnolia","1","T1","13:54:40","10/6/2022","0:12:57",240,-5.91312,260,96,47.6303024,-122.3986358,10,55.09,0.974777778,100,0,47.6302983,-122.39865,0,272,47.63030327,-122.3985967,6.33e-07,NA,2.733176087,1.194689181,3.265295901,"2022_10_06_13-50-40_240.jpg",2.07357335569871,1.92143197752271,12,100
"585","Magnolia","Magnolia","1","T1","13:54:48","10/6/2022","0:13:05",248,-5.91312,263,95,47.63031,-122.3986511,10,55.09,0.9673,100,0.578491481,47.63030025,-122.3986613,0.578491481,275,47.63030448,-122.3986124,2.91e-06,NA,2.71220917,1.185524405,3.215390162,"2022_10_06_13-50-40_248.jpg",0.658660221420997,0.846442412186917,6,100
"586","Magnolia","Magnolia","1","T1","13:54:56","10/6/2022","0:13:13",256,-5.9436,263,95,47.6303024,-122.398674,10,55.09,1.008777778,100,1.028781657,47.63029892,-122.3986686,1.028781657,275,47.63030583,-122.3986279,2.62e-06,NA,2.828508571,1.236359635,3.497053824,"2022_10_06_13-50-40_256.jpg",0.570735723771324,0.733450885660005,6,100
"587","Magnolia","Magnolia","1","T1","13:55:04","10/6/2022","0:13:21",264,-5.91312,263,95,47.6302833,-122.3986892,10,55.11,0.983555556,100,1.019555113,47.63029166,-122.3986744,1.019555113,275,47.63030704,-122.3986411,1.67e-06,NA,2.757788069,1.20544724,3.324368015,"2022_10_06_13-50-40_264.jpg",1.41754895511518,1.56966523329178,8,100
"588","Magnolia","Magnolia","1","T1","13:55:12","10/6/2022","0:13:29",272,-5.9436,263,95,47.6302833,-122.3986892,10,55.11,0.978,100,0,47.63030053,-122.3986826,0,275,47.63030755,-122.3986472,6.72e-07,NA,2.742210864,1.198638342,3.286919082,"2022_10_06_13-50-40_272.jpg",1.30551641897969,1.54481061032595,7,100
"589","Magnolia","Magnolia","1","T1","13:55:20","10/6/2022","0:13:37",280,-5.88264,263,95,47.6303024,-122.3986892,10,55.11,0.9532,100,0,47.63030775,-122.3986904,0,275,47.63030853,-122.3986584,1.32e-06,NA,2.672674229,1.168243423,3.122334088,"2022_10_06_13-50-40_280.jpg",1.37935352018761,1.63218165807643,7,100
"590","Magnolia","Magnolia","1","T1","13:55:28","10/6/2022","0:13:45",288,-6.00456,263,95,47.6303329,-122.3986892,10,55.11,0.969111111,100,2.442152628,47.63031483,-122.3986982,2.442152628,275,47.63030952,-122.3986698,1.66e-06,NA,2.717287338,1.187744105,3.227442018,"2022_10_06_13-50-40_288.jpg",0.89500270481691,0.89500270481691,10,100
"591","Magnolia","Magnolia","1","T1","13:55:36","10/6/2022","0:13:53",296,-5.97408,263,95,47.6303253,-122.3987121,10,55.11,0.991,100,0,47.63032054,-122.3987059,0,275,47.6303108,-122.3986843,4.77e-06,NA,2.77866152,1.214571162,3.374882151,"2022_10_06_13-50-40_296.jpg",1.02424039907363,1.13415098586712,8,100
"592","Magnolia","Magnolia","1","T1","13:55:44","10/6/2022","0:14:01",304,-5.97408,263,95,47.6303176,-122.3987274,10,55.11,0.958111111,100,0.433451623,47.63032421,-122.3987171,0.433451623,275,47.63031192,-122.3986977,1.31e-06,NA,2.686444476,1.174262488,3.154590974,"2022_10_06_13-50-40_304.jpg",0.717787175390876,1.02692128551744,5,100
"593","Magnolia","Magnolia","1","T1","13:55:52","10/6/2022","0:14:09",312,-5.91312,263,95,47.6303329,-122.3987197,10,55.11,0.969111111,100,0.422337479,47.63032383,-122.3987324,0.422337479,275,47.63031317,-122.3987124,2.55e-06,NA,2.717287338,1.187744105,3.227442018,"2022_10_06_13-50-40_312.jpg",0.975584586100654,1.08027394850227,8,100
"594","Magnolia","Magnolia","1","T1","13:51:12","10/6/2022","0:09:29",32,-6.4008,264,96,47.6302719,-122.3983154,10,55.11,0.949888889,100,0.570979036,47.63027672,-122.3983059,0.570979036,276,47.63027236,-122.3982832,1.62e-06,NA,2.663390216,1.16418532,3.10067979,"2022_10_06_13-50-40_32.jpg",1.35905181441464,1.30503299455013,11,100
"595","Magnolia","Magnolia","1","T1","13:56:00","10/6/2022","0:14:17",320,-5.97408,262,95,47.6303138,-122.3987579,10,55.09,0.904777778,100,1.399865702,47.6303185,-122.3987485,1.399865702,274,47.63031404,-122.3987251,2.13e-06,NA,2.536903325,1.108897071,2.813164667,"2022_10_06_13-50-40_320.jpg",1.54866504041437,1.54866504041437,10,100
"596","Magnolia","Magnolia","1","T1","13:56:08","10/6/2022","0:14:25",328,-5.91312,263,95,47.6303062,-122.3987579,10,55.09,0.969666667,100,0,47.63031342,-122.3987631,0,275,47.6303148,-122.3987363,1.46e-06,NA,2.71884506,1.188424996,3.231143428,"2022_10_06_13-50-40_328.jpg",0.931337597649821,1.03127884381928,8,100
"597","Magnolia","Magnolia","1","T1","13:56:16","10/6/2022","0:14:33",336,-5.91312,261,95,47.63031,-122.3987808,10,55.09,0.904777778,100,0.716255056,47.63031568,-122.3987736,0.716255056,273,47.6303156,-122.3987463,1.31e-06,NA,2.536903325,1.108897071,2.813164667,"2022_10_06_13-50-40_336.jpg",1.34244122753138,1.40681348216204,9,100
"598","Magnolia","Magnolia","1","T1","13:56:24","10/6/2022","0:14:41",344,-5.7912,262,95,47.6303215,-122.3987884,10,55.09,0.929111111,100,0,47.63032065,-122.3987882,0,274,47.63031651,-122.3987578,1.22e-06,NA,2.605131475,1.138720042,2.966515423,"2022_10_06_13-50-40_344.jpg",0.849898748014946,1.09220250895431,6,100
"599","Magnolia","Magnolia","1","T1","13:56:32","10/6/2022","0:14:49",352,-5.7912,262,95,47.6303253,-122.3988037,10,55.09,1.018222222,100,0.422337475,47.63032577,-122.3988037,0.422337475,274,47.63031752,-122.3987708,1.6e-06,NA,2.854989815,1.24793476,3.56284103,"2022_10_06_13-50-40_352.jpg",1.00145695292151,1.18501866707041,7,100
"600","Magnolia","Magnolia","1","T1","13:56:40","10/6/2022","0:14:57",360,-5.82168,262,95,47.6303405,-122.3988113,10,55.11,1.024555556,100,0.422337477,47.63033145,-122.398816,0.422337477,274,47.63031843,-122.3987833,3.98e-06,NA,2.872747829,1.255696904,3.607300556,"2022_10_06_13-50-40_360.jpg",1.58266171243073,1.58266171243073,10,100
"601","Magnolia","Magnolia","1","T1","13:56:48","10/6/2022","0:15:05",368,-5.76072,263,95,47.6303443,-122.3988189,10,55.09,1.012,100,0,47.63033976,-122.3988257,0,275,47.63031929,-122.3987944,1.71e-06,NA,2.837543348,1.240308795,3.519429971,"2022_10_06_13-50-40_368.jpg",1.55364675030656,1.55364675030656,10,100
"602","Magnolia","Magnolia","1","T1","13:56:56","10/6/2022","0:15:13",376,-5.73024,263,95,47.6303405,-122.3988571,10,55.09,1.041666667,100,0,47.63034729,-122.3988382,0,275,47.63031993,-122.3988029,7.32e-07,NA,2.920725614,1.276668309,3.728797831,"2022_10_06_13-50-40_376.jpg",1.27569420674193,1.41258814195369,8,100
"603","Magnolia","Magnolia","1","T1","13:57:04","10/6/2022","0:15:21",384,-5.69976,263,95,47.6303405,-122.3988571,10,55.09,1.025111111,100,0,47.63034633,-122.3988569,0,275,47.63032097,-122.3988154,1.21e-06,NA,2.874305547,1.256377794,3.611213662,"2022_10_06_13-50-40_384.jpg",1.17768406070835,1.23415593945853,9,100
"604","Magnolia","Magnolia","1","T1","13:57:12","10/6/2022","0:15:29",392,-5.76072,263,95,47.630352,-122.3988494,10,55.09,1.010666667,100,0,47.63034285,-122.3988771,0,275,47.63032206,-122.3988277,1.15e-06,NA,2.83380482,1.23867466,3.510162223,"2022_10_06_13-50-40_392.jpg",0.750508048200892,1.24656688537881,4,100
"605","Magnolia","Magnolia","1","T1","13:51:20","10/6/2022","0:09:37",40,-6.4008,263,96,47.630268,-122.3983306,10,55.11,0.936666667,100,0.710201438,47.63028402,-122.3983196,0.710201438,275,47.6302734,-122.3982933,1.31e-06,NA,2.626316473,1.147980144,3.014959161,"2022_10_06_13-50-40_40.jpg",1.05741684631503,1.25123571023451,7,100
"606","Magnolia","Magnolia","1","T1","13:57:20","10/6/2022","0:15:37",400,-5.73024,262,95,47.6303443,-122.3989028,10,55.09,0.978,100,0,47.63033741,-122.3988975,0,274,47.63032278,-122.3988383,1.28e-06,NA,2.742210864,1.198638342,3.286919082,"2022_10_06_13-50-40_400.jpg",0.851409867817895,1.4141611800843,4,100
"607","Magnolia","Magnolia","1","T1","13:57:28","10/6/2022","0:15:45",408,-5.69976,262,95,47.630352,-122.3989028,10,55.09,0.936222222,100,0,47.63033352,-122.3989127,0,274,47.63032346,-122.3988476,1.17e-06,NA,2.625070295,1.147435431,3.012098665,"2022_10_06_13-50-40_408.jpg",1.06683799107856,1.18131969841902,8,100
"608","Magnolia","Magnolia","1","T1","13:57:36","10/6/2022","0:15:53",416,-5.45592,263,95,47.6303253,-122.3989486,10,55.09,1.017888889,100,0,47.63033363,-122.3989239,0,275,47.63032454,-122.3988611,6.93e-07,NA,2.854055184,1.247526227,3.560508695,"2022_10_06_13-50-40_416.jpg",1.05086173065103,1.24347907685753,7,100
"609","Magnolia","Magnolia","1","T1","13:57:44","10/6/2022","0:16:01",424,-5.42544,261,95,47.6303138,-122.3989486,10,55.09,0.9181,100,0.710201005,47.63033793,-122.3989356,0.710201005,273,47.63032538,-122.3988719,1.15e-06,NA,2.574257458,1.125224807,2.896618352,"2022_10_06_13-50-40_424.jpg",2.01756344525041,1.81119034560626,13,100
"610","Magnolia","Magnolia","1","T1","13:57:52","10/6/2022","0:16:09",432,-5.42544,262,95,47.6303558,-122.3989257,10,55.09,1.2251,100,0,47.63034456,-122.3989491,0,274,47.6303266,-122.3988875,1.31e-06,NA,3.435053711,1.501484491,5.157679873,"2022_10_06_13-50-40_432.jpg",1.53709214150536,1.61079822613278,9,100
"611","Magnolia","Magnolia","1","T1","13:58:00","10/6/2022","0:16:17",440,-5.4864,263,95,47.6303558,-122.3989562,10,55.09,1.209777778,100,0,47.6303525,-122.3989621,0,275,47.63032725,-122.3988975,2.04e-06,NA,3.392091785,1.482705552,5.029473322,"2022_10_06_13-50-40_440.jpg",0.989284885718173,0.989284885718173,10,100
"612","Magnolia","Magnolia","1","T1","13:58:08","10/6/2022","0:16:25",448,-5.60832,261,95,47.630371,-122.3989791,10,55.09,0.960888889,100,2.291424566,47.63036188,-122.3989744,2.291424566,273,47.63032863,-122.3989148,1.37e-06,NA,2.694233078,1.177666937,3.172909217,"2022_10_06_13-50-40_448.jpg",0.37580997704698,0.537662524451214,5,100
"613","Magnolia","Magnolia","1","T1","13:58:16","10/6/2022","0:16:33",456,-5.60832,263,94,47.6303825,-122.3989868,10,55.09,1.055777778,100,0,47.63037152,-122.3989854,0,275,47.63032966,-122.398927,1.41e-06,NA,2.96029171,1.293962909,3.830507673,"2022_10_06_13-50-40_456.jpg",0.16770053683981,0.278544562427929,4,100
"614","Magnolia","Magnolia","1","T1","13:58:24","10/6/2022","0:16:41",464,-5.60832,262,94,47.6303749,-122.3990097,10,55.09,1.129111111,100,0.716865445,47.63037979,-122.3989946,0.716865445,274,47.63033068,-122.3989407,2.65e-06,NA,3.165910793,1.383840357,4.381115123,"2022_10_06_13-50-40_464.jpg",0.337619126949291,0.560773231592096,4,100
"615","Magnolia","Magnolia","1","T1","13:58:32","10/6/2022","0:16:49",472,-5.6388,262,94,47.6303787,-122.399002,10,55.11,1.047,100,0,47.63038467,-122.3990014,0,274,47.63033169,-122.3989541,1.08e-06,NA,2.935679729,1.28320485,3.767078467,"2022_10_06_13-50-40_472.jpg",0.111902056890931,0.234535887437419,3,100
"616","Magnolia","Magnolia","1","T1","13:51:28","10/6/2022","0:09:45",48,-6.33984,264,96,47.6302947,-122.398323,10,55.11,1.003222222,100,0.422337491,47.63029004,-122.3983331,0.422337491,276,47.63027427,-122.3983026,1.26e-06,NA,2.812931366,1.229550737,3.458641833,"2022_10_06_13-50-40_48.jpg",1.71483497667129,1.79706412123566,9,100
"617","Magnolia","Magnolia","1","T1","13:58:40","10/6/2022","0:16:57",480,-5.6388,262,94,47.6303787,-122.399002,10,55.11,1.0624,100,0,47.63038372,-122.3990048,0,274,47.63033309,-122.3989724,2.04e-06,NA,2.978859736,1.302079115,3.878711048,"2022_10_06_13-50-40_480.jpg",0.65624449574288,0.843337969860408,6,100
"618","Magnolia","Magnolia","1","T1","13:58:48","10/6/2022","0:17:05",488,-5.7912,262,94,47.6303787,-122.399002,10,55.09,0.949,100,0,47.63037411,-122.399004,0,274,47.63033392,-122.3989835,9.49e-07,NA,2.660897863,1.163095896,3.094879384,"2022_10_06_13-50-40_488.jpg",0.68484114308329,0.97978616941345,5,100
"619","Magnolia","Magnolia","1","T1","13:51:36","10/6/2022","0:09:53",56,-6.33984,265,96,47.6302871,-122.3983459,10,55.11,0.973555556,100,0,47.63029374,-122.3983469,0,277,47.63027512,-122.3983102,0,NA,2.729749103,1.193191224,3.257112673,"2022_10_06_13-50-40_56.jpg",1.13038372430858,1.25168448392802,8,100
"620","Magnolia","Magnolia","1","T1","13:51:44","10/6/2022","0:10:01",64,-6.33984,265,96,47.6302947,-122.3983688,10,55.11,0.970777778,100,0.570978785,47.63029425,-122.3983608,0.570978785,277,47.63027668,-122.3983229,1.31e-06,NA,2.7219605,1.189786775,3.238552605,"2022_10_06_13-50-40_64.jpg",1.18649129226167,1.4039688131825,7,100
"621","Magnolia","Magnolia","1","T1","13:51:52","10/6/2022","0:10:09",72,-6.2484,265,96,47.6302947,-122.398384,10,55.11,1.015,100,0.570978783,47.63029208,-122.3983763,0.570978783,277,47.63027808,-122.398334,9.35e-07,NA,2.845955038,1.2439856,3.540327085,"2022_10_06_13-50-40_72.jpg",1.22679714575161,1.57655358793908,6,100
"622","Magnolia","Magnolia","1","T1","13:50:48","10/6/2022","0:09:05",8,-6.46176,263,97,47.6302719,-122.3982543,10,55.11,0.9858,100,0,47.6302669,-122.3982581,0,275,47.63026891,-122.3982495,1.15e-06,NA,2.764081257,1.208198034,3.339557541,"2022_10_06_13-50-40_8.jpg",1.37921828228067,1.44535405689592,9,100
"623","Magnolia","Magnolia","1","T1","13:52:00","10/6/2022","0:10:17",80,-6.2484,265,96,47.6302947,-122.3983917,10,55.11,1.013555556,100,0,47.63029044,-122.3983933,0,277,47.63027941,-122.3983449,1.44e-06,NA,2.841904966,1.242215287,3.530257793,"2022_10_06_13-50-40_80.jpg",1.43319120323787,1.5019150677745,9,100
"624","Magnolia","Magnolia","1","T1","13:52:08","10/6/2022","0:10:25",88,-6.2484,265,96,47.6302986,-122.3983993,10,55.11,0.970333333,100,0.570978739,47.63029042,-122.3984091,0.570978739,277,47.63028123,-122.3983597,3e-06,NA,2.720714323,1.189242062,3.235587912,"2022_10_06_13-50-40_88.jpg",0.98593365205794,0.98593365205794,10,100
"625","Magnolia","Magnolia","1","T1","13:52:16","10/6/2022","0:10:33",96,-6.2484,265,96,47.6302795,-122.3984298,10,55.11,0.9608,100,0,47.63029275,-122.398423,0,277,47.63028217,-122.3983673,1.54e-06,NA,2.693983843,1.177557994,3.172322211,"2022_10_06_13-50-40_96.jpg",1.1484362158397,1.1484362158397,10,100
"312","EBM","EBM_west","2","T1","11:41:39","9/29/2022","0:04:30",0,-12.25296,264,98,47.6270751,-122.3930206,10,54.93,1.009111111,100,0,47.62707894,-122.3930104,0,NA,NA,NA,NA,NA,NA,NA,NA,"2022_9_29_11-41-39_0.jpg",1.14020419179558,1.63126340861896,5,100
"313","EBM","EBM_west","2","T1","11:43:24","9/29/2022","0:06:14",104,-11.61288,277,97,47.6271057,-122.3932037,10,54.79,1.03,100,0.716894008,47.62710225,-122.3932004,0.154060186,NA,NA,NA,NA,NA,NA,NA,NA,"2022_9_29_11-41-39_104.jpg",1.4462224910258,1.6014157081322,8,100
"314","EBM","EBM_west","2","T1","11:43:32","9/29/2022","0:06:22",112,-11.61288,277,97,47.6271209,-122.3931961,10,54.79,0.852666667,100,1.019574531,47.62711051,-122.3932106,0.12681651,NA,NA,NA,NA,NA,NA,NA,NA,"2022_9_29_11-41-39_112.jpg",1.65995118241322,1.83807948966666,8,100
"315","EBM","EBM_west","2","T1","11:43:40","9/29/2022","0:06:30",120,-11.55192,278,97,47.6271209,-122.3932113,10,54.79,0.745222222,100,0.710229134,47.62711338,-122.3932215,0.103005018,NA,NA,NA,NA,NA,NA,NA,NA,"2022_9_29_11-41-39_120.jpg",1.83826688569412,1.83826688569412,10,100
"316","EBM","EBM_west","2","T1","11:43:48","9/29/2022","0:06:38",128,-11.2776,277,97,47.6271133,-122.3932266,10,54.79,0.904666667,100,0.422337438,47.62711199,-122.3932337,0.140921738,NA,NA,NA,NA,NA,NA,NA,NA,"2022_9_29_11-41-39_128.jpg",1.35611412632702,1.50163787203978,8,100
"317","EBM","EBM_west","2","T1","11:43:56","9/29/2022","0:06:46",136,-11.1252,278,97,47.6270942,-122.3932647,10,54.81,1.074,100,0.710229363,47.62710716,-122.3932478,0.167076742,NA,NA,NA,NA,NA,NA,NA,NA,"2022_9_29_11-41-39_136.jpg",2.29181418934548,1.99961445667741,14,100
"318","EBM","EBM_west","2","T1","11:44:04","9/29/2022","0:06:54",144,-11.15568,278,97,47.627098,-122.3932723,10,54.81,1.069777778,100,0,47.62710126,-122.3932643,0.175926663,NA,NA,NA,NA,NA,NA,NA,NA,"2022_9_29_11-41-39_144.jpg",2.00532682909796,2.00532682909796,10,100
"319","EBM","EBM_west","2","T1","11:44:12","9/29/2022","0:07:02",152,-11.24712,277,97,47.6271018,-122.39328,10,54.81,1.087222222,100,0.710229326,47.62709744,-122.3932814,0.168539171,NA,NA,NA,NA,NA,NA,NA,NA,"2022_9_29_11-41-39_152.jpg",2.19196008964872,1.91249146815573,14,100
"320","EBM","EBM_west","2","T1","11:41:56","9/29/2022","0:04:46",16,-12.10056,264,98,47.6270675,-122.3930587,10,54.88,0.999777778,100,0,47.62706827,-122.3930617,0.189735062,NA,NA,NA,NA,NA,NA,NA,NA,"2022_9_29_11-41-39_16.jpg",2.30755319096361,2.0715175382886,13,100
"321","EBM","EBM_west","2","T1","11:44:20","9/29/2022","0:07:10",160,-11.43,278,97,47.62708023,-122.3932545,10,54.81,1.002,100,2.082474524,47.6270961,-122.393299,0.167112446,NA,NA,NA,NA,NA,NA,NA,NA,"2022_9_29_11-41-39_160.jpg",2.03548142791718,1.82727552860022,13,100
"322","EBM","EBM_west","2","T1","11:44:28","9/29/2022","0:07:18",168,-11.46048,278,97,47.6271018,-122.3933105,10,54.79,1.030666667,100,0.710229327,47.62709463,-122.3933179,0.177607449,NA,NA,NA,NA,NA,NA,NA,NA,"2022_9_29_11-41-39_168.jpg",2.13594285672333,1.97922532896672,12,100
"323","EBM","EBM_west","2","T1","11:44:36","9/29/2022","0:07:26",176,-11.21664,278,97,47.6270942,-122.3933486,10,54.77,1.074888889,100,0.571013884,47.62709146,-122.3933395,0.240594546,NA,NA,NA,NA,NA,NA,NA,NA,"2022_9_29_11-41-39_176.jpg",1.92727914528305,1.85067474810449,11,100
"324","EBM","EBM_west","2","T1","11:44:44","9/29/2022","0:07:34",184,-11.39952,289,97,47.6270866,-122.3933639,10,54.77,1.190444444,100,0,47.62708405,-122.3933648,0.312168513,NA,NA,NA,NA,NA,NA,NA,NA,"2022_9_29_11-41-39_184.jpg",1.23152961927669,1.45726242514527,7,100
"325","EBM","EBM_west","2","T1","11:44:52","9/29/2022","0:07:42",192,-11.18616,289,97,47.6270751,-122.3933868,10,54.75,1.087555556,100,0.422337429,47.62707123,-122.3933913,0.290263211,NA,NA,NA,NA,NA,NA,NA,NA,"2022_9_29_11-41-39_192.jpg",1.86936250219398,1.86936250219398,10,100
"326","EBM","EBM_west","2","T1","11:45:00","9/29/2022","0:07:50",200,-11.18616,289,97,47.6270523,-122.3934173,10,54.75,1.120444444,100,0.422337427,47.6270575,-122.3934149,0.299834802,NA,NA,NA,NA,NA,NA,NA,NA,"2022_9_29_11-41-39_200.jpg",1.9580018117762,1.81434010176432,12,100
"327","EBM","EBM_west","2","T1","11:45:08","9/29/2022","0:07:58",208,-11.36904,284,97,47.6270408,-122.3934326,10,54.77,0.881444444,100,0,47.62704467,-122.3934345,0.231327863,NA,NA,NA,NA,NA,NA,NA,NA,"2022_9_29_11-41-39_208.jpg",1.84992616750504,1.93863315583371,9,100
"328","EBM","EBM_west","2","T1","11:45:16","9/29/2022","0:08:06",216,-11.15568,285,97,47.6270446,-122.3934478,10,54.75,1.007111111,100,0,47.62703499,-122.39345,0.163930656,NA,NA,NA,NA,NA,NA,NA,NA,"2022_9_29_11-41-39_216.jpg",1.50377108134663,1.77940429411156,7,100
"329","EBM","EBM_west","2","T1","11:45:24","9/29/2022","0:08:14",224,-11.18616,298,97,47.6270217,-122.3934707,10,54.79,1.047777778,100,0.716894683,47.62703195,-122.3934664,0.143709977,NA,NA,NA,NA,NA,NA,NA,NA,"2022_9_29_11-41-39_224.jpg",1.37882656755795,1.77192617357894,6,100
"330","EBM","EBM_west","2","T1","11:45:32","9/29/2022","0:08:22",232,-11.18616,312,97,47.6270256,-122.3934783,10,54.79,0.933777778,100,0.422337424,47.62703528,-122.3934808,0.157167864,NA,NA,NA,NA,NA,NA,NA,NA,"2022_9_29_11-41-39_232.jpg",1.14000849412633,1.63098342855109,5,100
"331","EBM","EBM_west","2","T1","11:42:04","9/29/2022","0:04:54",24,-12.13104,246,98,47.6270675,-122.393074,10,54.88,1.045,100,0,47.62706736,-122.3930794,0.152973462,NA,NA,NA,NA,NA,NA,NA,NA,"2022_9_29_11-41-39_24.jpg",1.93498071301802,1.85807019829799,11,100
"332","EBM","EBM_west","2","T1","11:45:40","9/29/2022","0:08:30",240,-11.06424,313,96,47.6270408,-122.3935012,10,54.77,0.691,100,0.57101446,47.62704245,-122.3934965,0.202948964,NA,NA,NA,NA,NA,NA,NA,NA,"2022_9_29_11-41-39_240.jpg",1.497955877723,1.77252319470262,7,100
"333","EBM","EBM_west","2","T1","11:45:48","9/29/2022","0:08:38",248,-10.668,312,96,47.6270523,-122.3935165,10,54.77,0.820555556,100,0,47.62705072,-122.3935143,0.201228008,NA,NA,NA,NA,NA,NA,NA,NA,"2022_9_29_11-41-39_248.jpg",1.43392031308626,1.84272699218733,6,100
"334","EBM","EBM_west","2","T1","11:45:56","9/29/2022","0:08:46",256,-10.5156,293,96,47.6270751,-122.3935241,10,54.77,1.002111111,100,0.844674848,47.62705798,-122.3935361,0.234073724,NA,NA,NA,NA,NA,NA,NA,NA,"2022_9_29_11-41-39_256.jpg",1.521415561735,1.9551668920212,6,100
"335","EBM","EBM_west","2","T1","11:46:04","9/29/2022","0:08:54",264,-10.5156,292,96,47.6270675,-122.3935546,10,54.77,1.035777778,100,0.571014167,47.62706476,-122.3935584,0.236291393,NA,NA,NA,NA,NA,NA,NA,NA,"2022_9_29_11-41-39_264.jpg",2.01305037970005,1.75639223283531,14,100
"336","EBM","EBM_west","2","T1","11:46:12","9/29/2022","0:09:02",272,-10.5156,296,96,47.6270713,-122.3935775,10,54.77,0.840555556,100,0,47.62707426,-122.3935795,0.238791861,NA,NA,NA,NA,NA,NA,NA,NA,"2022_9_29_11-41-39_272.jpg",1.6335032843817,1.71183244114904,9,100
"337","EBM","EBM_west","2","T1","11:46:20","9/29/2022","0:09:10",280,-10.24128,310,96,47.627079,-122.393608,10,54.79,1.020555556,100,0,47.62708364,-122.3936003,0.239753044,NA,NA,NA,NA,NA,NA,NA,NA,"2022_9_29_11-41-39_280.jpg",1.77611021932404,1.86127761209004,9,100
"338","EBM","EBM_west","2","T1","11:46:28","9/29/2022","0:09:18",288,-10.14984,276,96,47.6270866,-122.3936233,10,54.79,0.8292,100,0,47.62709279,-122.3936214,0.228585854,NA,NA,NA,NA,NA,NA,NA,NA,"2022_9_29_11-41-39_288.jpg",1.9454100676086,1.9454100676086,10,100
"339","EBM","EBM_west","2","T1","11:46:36","9/29/2022","0:09:26",296,-9.93648,275,96,47.6271057,-122.3936386,10,54.79,0.9546,100,0.578527085,47.62710142,-122.3936428,0.237444685,NA,NA,NA,NA,NA,NA,NA,NA,"2022_9_29_11-41-39_296.jpg",1.40393185752099,1.55458689360212,8,100
"340","EBM","EBM_west","2","T1","11:46:44","9/29/2022","0:09:34",304,-9.906,294,96,47.6271171,-122.3936538,10,54.81,1.152777778,100,0.710229173,47.6271085,-122.3936642,0.207986952,NA,NA,NA,NA,NA,NA,NA,NA,"2022_9_29_11-41-39_304.jpg",1.77395311153487,1.77395311153487,10,100
"341","EBM","EBM_west","2","T1","11:46:52","9/29/2022","0:09:42",312,-10.18032,281,96,47.6271247,-122.3936843,10,54.81,0.928,100,0.571013535,47.62711083,-122.3936842,0.184636295,NA,NA,NA,NA,NA,NA,NA,NA,"2022_9_29_11-41-39_312.jpg",1.77388178925442,1.70337454308593,11,100
"342","EBM","EBM_west","2","T1","11:42:12","9/29/2022","0:05:02",32,-12.13104,248,98,47.6270675,-122.3930969,10,54.88,1.124,100,0,47.6270679,-122.3930945,0.134431223,NA,NA,NA,NA,NA,NA,NA,NA,"2022_9_29_11-41-39_32.jpg",1.95158451416416,1.87401404098363,11,100
"343","EBM","EBM_west","2","T1","11:47:00","9/29/2022","0:09:50",320,-10.18032,286,96,47.6271018,-122.3937149,10,54.81,0.995555556,100,0.578527124,47.62710788,-122.3937044,0.203873753,NA,NA,NA,NA,NA,NA,NA,NA,"2022_9_29_11-41-39_320.jpg",1.67800298742508,1.67800298742508,10,100
"344","EBM","EBM_west","2","T1","11:47:08","9/29/2022","0:09:58",328,-10.18032,285,96,47.6271018,-122.3937225,10,54.81,1.005777778,100,0.710229302,47.62710063,-122.393724,0.207748667,NA,NA,NA,NA,NA,NA,NA,NA,"2022_9_29_11-41-39_328.jpg",1.11575848254701,1.07140994789827,11,100
"345","EBM","EBM_west","2","T1","11:47:16","9/29/2022","0:10:06",336,-10.2108,262,96,47.6270904,-122.3937377,10,54.81,1.069444444,100,0,47.62709059,-122.3937416,0.212520618,NA,NA,NA,NA,NA,NA,NA,NA,"2022_9_29_11-41-39_336.jpg",1.21985411651833,1.27834811848307,9,100
"346","EBM","EBM_west","2","T1","11:47:24","9/29/2022","0:10:14",344,-10.63752,258,96,47.6270828,-122.393753,10,54.81,0.885666667,100,1.019574668,47.62708052,-122.3937549,0.15187479,NA,NA,NA,NA,NA,NA,NA,NA,"2022_9_29_11-41-39_344.jpg",1.46280291352965,1.61977536524574,8,100
"347","EBM","EBM_west","2","T1","11:47:32","9/29/2022","0:10:22",352,-10.57656,285,96,47.6270713,-122.3937606,10,54.81,1.050666667,100,0.422337416,47.62707304,-122.3937621,0.104469977,NA,NA,NA,NA,NA,NA,NA,NA,"2022_9_29_11-41-39_352.jpg",1.11857523830654,1.03650359233279,12,100
"348","EBM","EBM_west","2","T1","11:47:40","9/29/2022","0:10:30",360,-10.57656,293,96,47.627079,-122.3937683,10,54.79,1.063111111,100,0,47.62706864,-122.3937656,0.050514134,NA,NA,NA,NA,NA,NA,NA,NA,"2022_9_29_11-41-39_360.jpg",1.56647039926851,1.73456734304649,8,100
"349","EBM","EBM_west","2","T1","11:47:48","9/29/2022","0:10:38",368,-10.57656,292,96,47.6270637,-122.3937683,10,54.81,0.965777778,100,0,47.62706601,-122.3937686,0.055027369,NA,NA,NA,NA,NA,NA,NA,NA,"2022_9_29_11-41-39_368.jpg",0.511214633250627,0.849109126356398,4,100
"350","EBM","EBM_west","2","T1","11:47:56","9/29/2022","0:10:46",376,-10.60704,293,96,47.6270637,-122.3937759,10,54.79,0.911,100,0.571014195,47.62705979,-122.393775,0.05573418,NA,NA,NA,NA,NA,NA,NA,NA,"2022_9_29_11-41-39_376.jpg",1.96776748277558,1.8895537781472,11,100
"351","EBM","EBM_west","2","T1","11:48:04","9/29/2022","0:10:54",384,-10.42416,294,96,47.6270599,-122.3937759,10,54.79,0.861777778,100,0.571014237,47.6270637,-122.3937788,0.06409795,NA,NA,NA,NA,NA,NA,NA,NA,"2022_9_29_11-41-39_384.jpg",1.61213675326791,1.68944134988823,9,100
"352","EBM","EBM_west","2","T1","11:48:12","9/29/2022","0:11:02",392,-10.42416,295,96,47.6270599,-122.3937835,10,54.81,0.870777778,100,0,47.62706531,-122.3937824,0.033146269,NA,NA,NA,NA,NA,NA,NA,NA,"2022_9_29_11-41-39_392.jpg",1.48684086203806,1.6463928107436,8,100
"353","EBM","EBM_west","2","T1","11:42:20","9/29/2022","0:05:10",40,-12.13104,251,97,47.6270675,-122.3931121,10,54.84,1.143444444,100,0,47.62706909,-122.3931082,0.12747438,NA,NA,NA,NA,NA,NA,NA,NA,"2022_9_29_11-41-39_40.jpg",1.33476140687019,1.57941604840034,7,100
"354","EBM","EBM_west","2","T1","11:48:20","9/29/2022","0:11:10",400,-10.30224,278,96,47.6270599,-122.3937988,10,54.81,0.870333333,100,0.716284183,47.62706317,-122.3937888,0.108515781,NA,NA,NA,NA,NA,NA,NA,NA,"2022_9_29_11-41-39_400.jpg",1.5882186343118,1.66437631797076,9,100
"355","EBM","EBM_west","2","T1","11:48:28","9/29/2022","0:11:18",408,-10.27176,283,96,47.6270561,-122.3938064,10,54.81,0.994444444,100,0.710229661,47.62705444,-122.3937981,0.160919468,NA,NA,NA,NA,NA,NA,NA,NA,"2022_9_29_11-41-39_408.jpg",0.646650292985602,0.925147415445792,5,100
"356","EBM","EBM_west","2","T1","11:48:36","9/29/2022","0:11:26",416,-10.42416,284,95,47.6270561,-122.3938064,10,54.84,0.746444444,100,0,47.62704524,-122.393809,0.140534404,NA,NA,NA,NA,NA,NA,NA,NA,"2022_9_29_11-41-39_416.jpg",1.21729880269914,1.34792636418635,8,100
"357","EBM","EBM_west","2","T1","11:48:44","9/29/2022","0:11:34",424,-10.3632,284,95,47.6270561,-122.3938064,10,54.84,1.0473,100,0,47.62703855,-122.3938202,0.13638536,NA,NA,NA,NA,NA,NA,NA,NA,"2022_9_29_11-41-39_424.jpg",1.38648787333482,1.64062370007559,7,100
"358","EBM","EBM_west","2","T1","11:48:52","9/29/2022","0:11:42",432,-10.27176,141,95,47.6269226,-122.3938446,10,54.84,0.850111111,100,5.004816003,47.62703305,-122.3938304,0.107911014,NA,NA,NA,NA,NA,NA,NA,NA,"2022_9_29_11-41-39_432.jpg",1.44330309564998,1.5125118419824,9,100
"359","EBM","EBM_west","2","T1","11:49:00","9/29/2022","0:11:50",440,-9.99744,10,95,47.6270179,-122.3938446,10,54.84,0.778222222,100,0.422337408,47.62703037,-122.3938377,0.052855778,NA,NA,NA,NA,NA,NA,NA,NA,"2022_9_29_11-41-39_440.jpg",0.384440439220533,0.550009924368256,5,100
"360","EBM","EBM_west","2","T1","11:49:08","9/29/2022","0:11:58",448,-9.78408,47,95,47.627037,-122.3938369,10,54.81,0.524444444,100,0.578527831,47.62703259,-122.3938398,0.070027073,NA,NA,NA,NA,NA,NA,NA,NA,"2022_9_29_11-41-39_448.jpg",1.213448944147,1.55939985131264,6,100
"361","EBM","EBM_west","2","T1","11:49:16","9/29/2022","0:12:06",456,-9.20496,81,95,47.6270599,-122.3938293,10,54.84,1.001222222,100,0.844674824,47.62704216,-122.3938338,0.211678906,NA,NA,NA,NA,NA,NA,NA,NA,"2022_9_29_11-41-39_456.jpg",1.69734643929013,1.69734643929013,10,100
"362","EBM","EBM_west","2","T1","11:49:24","9/29/2022","0:12:14",464,-8.86968,84,95,47.6270713,-122.393814,10,54.93,0.893555556,100,0,47.62706194,-122.3938165,0.411507748,NA,NA,NA,NA,NA,NA,NA,NA,"2022_9_29_11-41-39_464.jpg",1.3426114547546,1.3426114547546,10,100
"363","EBM","EBM_west","2","T1","11:42:28","9/29/2022","0:05:18",48,-12.16152,278,97,47.6270713,-122.3931198,10,54.84,1.099888889,100,0.422337438,47.62707042,-122.3931216,0.127515749,NA,NA,NA,NA,NA,NA,NA,NA,"2022_9_29_11-41-39_48.jpg",1.42959828063361,1.49814985864923,9,100
"364","EBM","EBM_west","2","T1","11:42:36","9/29/2022","0:05:26",56,-12.25296,281,97,47.6270751,-122.3931274,10,54.81,0.956222222,100,0,47.62707165,-122.3931352,0.131207696,NA,NA,NA,NA,NA,NA,NA,NA,"2022_9_29_11-41-39_56.jpg",1.44584999754387,1.71086658480415,7,100
"365","EBM","EBM_west","2","T1","11:42:44","9/29/2022","0:05:34",64,-12.28344,279,97,47.6270713,-122.3931503,10,54.81,0.811111111,100,0.710229568,47.6270718,-122.3931496,0.143962003,NA,NA,NA,NA,NA,NA,NA,NA,"2022_9_29_11-41-39_64.jpg",1.5825819022319,1.75240776116148,8,100
"366","EBM","EBM_west","2","T1","11:42:52","9/29/2022","0:05:42",72,-12.10056,281,97,47.6270751,-122.3931579,10,54.81,0.736222222,100,0,47.62707245,-122.3931645,0.147038424,NA,NA,NA,NA,NA,NA,NA,NA,"2022_9_29_11-41-39_72.jpg",1.73135175621177,1.91714201369749,8,100
"367","EBM","EBM_west","2","T1","11:41:47","9/29/2022","0:04:38",8,-12.25296,264,98,47.6270751,-122.3930282,10,54.91,0.957888889,100,0,47.62707234,-122.3930362,0.262168421,NA,NA,NA,NA,NA,NA,NA,NA,"2022_9_29_11-41-39_8.jpg",2.16248693720143,2.00382182800274,12,100
"368","EBM","EBM_west","2","T1","11:43:00","9/29/2022","0:05:50",80,-11.8872,278,97,47.6270713,-122.3931808,10,54.79,0.962222222,100,0.422337436,47.62707587,-122.3931774,0.12468371,NA,NA,NA,NA,NA,NA,NA,NA,"2022_9_29_11-41-39_80.jpg",1.9694680918951,2.06390731120571,9,100
"369","EBM","EBM_west","2","T1","11:43:08","9/29/2022","0:05:58",88,-11.8872,278,97,47.627079,-122.3931961,10,54.79,0.865444444,100,0.433451581,47.62708408,-122.393187,0.154944435,NA,NA,NA,NA,NA,NA,NA,NA,"2022_9_29_11-41-39_88.jpg",1.7639780589305,1.95326942424204,8,100
"370","EBM","EBM_west","2","T1","11:43:16","9/29/2022","0:06:06",96,-11.55192,277,97,47.6270904,-122.3931961,10,54.79,1.005,100,0.710229431,47.62709384,-122.3931949,0.148109764,NA,NA,NA,NA,NA,NA,NA,NA,"2022_9_29_11-41-39_96.jpg",1.55781379887675,1.72498180836396,8,100
"470","EBM","EBM_mid","3","T1","10:12:09","9/29/2022","0:13:35",0,-9.4488,277,93,47.627098,-122.39122,10,54.73,1.011333333,100,0,47.62710083,-122.3912262,0,NA,NA,NA,NA,NA,NA,NA,NA,"2022_9_29_10-12-09_0.jpg",1.33024936653726,1.47299758130208,8,100
"471","EBM","EBM_mid","3","T1","10:13:53","9/29/2022","0:15:19",104,-7.7724,277,92,47.6270751,-122.3914184,10,55.36,1.398333333,100,0,47.62708095,-122.3914097,0.042990859,NA,NA,NA,NA,NA,NA,NA,NA,"2022_9_29_10-12-09_104.jpg",1.60167238404877,1.77354683045895,8,100
"472","EBM","EBM_mid","3","T1","10:14:01","9/29/2022","0:15:27",112,-7.71144,277,92,47.6270828,-122.3914031,10,55.38,1.2968,100,0,47.62708305,-122.391405,0.059915849,NA,NA,NA,NA,NA,NA,NA,NA,"2022_9_29_10-12-09_112.jpg",1.58914020655465,1.75966983295633,8,100
"473","EBM","EBM_mid","3","T1","10:14:09","9/29/2022","0:15:35",120,-7.62,277,92,47.6271018,-122.3913879,10,55.4,1.266933333,100,1.028801192,47.62708569,-122.3913978,0.086051493,NA,NA,NA,NA,NA,NA,NA,NA,"2022_9_29_10-12-09_120.jpg",1.90411391597725,1.82843027718016,11,100
"474","EBM","EBM_mid","3","T1","10:14:17","9/29/2022","0:15:43",128,-7.04088,277,92,47.6270942,-122.3913803,10,55.44,1.412666667,70.93333333,0,47.62708896,-122.39139,0.085052391,NA,NA,NA,NA,NA,NA,NA,NA,"2022_9_29_10-12-09_128.jpg",1.63280581490025,1.8080211700042,8,100
"475","EBM","EBM_mid","3","T1","10:14:25","9/29/2022","0:15:51",136,-7.0104,276,92,47.627098,-122.3913803,10,55.45,0.857866667,100,0,47.62709025,-122.3913832,0.053954769,NA,NA,NA,NA,NA,NA,NA,NA,"2022_9_29_10-12-09_136.jpg",0.857509407529739,1.10198294625495,6,100
"476","EBM","EBM_mid","3","T1","10:14:33","9/29/2022","0:15:59",144,-7.1628,244,92,47.6270866,-122.3913803,10,55.47,1.080866667,100,0,47.62709003,-122.3913783,0.040356841,NA,NA,NA,NA,NA,NA,NA,NA,"2022_9_29_10-12-09_144.jpg",1.38446600361059,1.98072305681522,5,100
"477","EBM","EBM_mid","3","T1","10:14:41","9/29/2022","0:16:07",152,-7.3152,256,92,47.6270828,-122.3913726,10,55.45,1.267666667,100,0,47.62708876,-122.3913761,0.033758006,NA,NA,NA,NA,NA,NA,NA,NA,"2022_9_29_10-12-09_152.jpg",1.8775908999083,1.96762445744688,9,100
"478","EBM","EBM_mid","3","T1","10:14:49","9/29/2022","0:16:15",160,-7.58952,268,92,47.627079,-122.3913803,10,55.4,0.974666667,100,0.57852749,47.62708488,-122.3913768,0.048542244,NA,NA,NA,NA,NA,NA,NA,NA,"2022_9_29_10-12-09_160.jpg",1.82591687635782,1.82591687635782,10,100
"479","EBM","EBM_mid","3","T1","10:14:57","9/29/2022","0:16:23",168,-7.65048,280,92,47.627079,-122.3913803,10,55.38,4.180125,0,0,47.62707882,-122.391381,0.11357892,NA,NA,NA,NA,NA,NA,NA,NA,"2022_9_29_10-12-09_168.jpg",1.98817330416914,2.08350946903142,9,100
"480","EBM","EBM_mid","3","T1","10:15:05","9/29/2022","0:16:31",176,-6.858,281,92,47.6270751,-122.3913879,10,55.36,1.025928571,100,0,47.6270709,-122.3913896,0.148044662,NA,NA,NA,NA,NA,NA,NA,NA,"2022_9_29_10-12-09_176.jpg",1.76003757900713,1.76003757900713,10,100
"481","EBM","EBM_mid","3","T1","10:15:13","9/29/2022","0:16:39",184,-6.4008,270,92,47.6270713,-122.3914108,10,55.33,1.058333333,14.2,0.716284224,47.62706297,-122.3914013,0.156004498,NA,NA,NA,NA,NA,NA,NA,NA,"2022_9_29_10-12-09_184.jpg",1.04646082690929,1.49714697400122,5,100
"482","EBM","EBM_mid","3","T1","10:15:21","9/29/2022","0:16:47",192,-6.27888,268,92,47.6270561,-122.3914184,10,55.36,4.602266667,0,0,47.62705762,-122.3914135,0.179343048,NA,NA,NA,NA,NA,NA,NA,NA,"2022_9_29_10-12-09_192.jpg",1.93799848279005,1.86096801947058,11,100
"483","EBM","EBM_mid","3","T1","10:15:29","9/29/2022","0:16:55",200,-5.73024,270,92,47.6270523,-122.391426,10,55.4,1.7468,97.73333333,0,47.62704945,-122.3914278,0.178623005,NA,NA,NA,NA,NA,NA,NA,NA,"2022_9_29_10-12-09_200.jpg",2.19790923609503,1.97308887524975,13,100
"484","EBM","EBM_mid","3","T1","10:15:37","9/29/2022","0:17:03",208,-5.82168,273,92,47.6270332,-122.3914337,10,55.4,1.699533333,100,0,47.62704188,-122.3914417,0.159978464,NA,NA,NA,NA,NA,NA,NA,NA,"2022_9_29_10-12-09_208.jpg",1.72216771320532,1.90697243686822,8,100
"485","EBM","EBM_mid","3","T1","10:15:45","9/29/2022","0:17:11",216,-5.66928,287,92,47.627037,-122.3914489,10,55.45,4.5838,26.8,0.422337496,47.6270357,-122.3914558,0.153168674,NA,NA,NA,NA,NA,NA,NA,NA,"2022_9_29_10-12-09_216.jpg",1.44404052759842,1.59899959959505,8,100
"486","EBM","EBM_mid","3","T1","10:15:53","9/29/2022","0:17:19",224,-5.334,291,92,47.6270332,-122.3914642,10,55.47,4.434266667,0,0,47.62702908,-122.3914684,0.135032111,NA,NA,NA,NA,NA,NA,NA,NA,"2022_9_29_10-12-09_224.jpg",1.50499013379051,1.78084679236166,7,100
"487","EBM","EBM_mid","3","T1","10:16:01","9/29/2022","0:17:27",232,-5.334,282,92,47.6270332,-122.3914794,10,55.51,0.9408,97.73333333,0,47.62702534,-122.3914789,0.093172841,NA,NA,NA,NA,NA,NA,NA,NA,"2022_9_29_10-12-09_232.jpg",1.92049261562674,1.92049261562674,10,100
"488","EBM","EBM_mid","3","T1","10:12:33","9/29/2022","0:13:59",24,-9.26592,278,93,47.6271018,-122.3912734,10,54.91,4.039333333,0,0,47.62710275,-122.3912656,0.192101612,NA,NA,NA,NA,NA,NA,NA,NA,"2022_9_29_10-12-09_24.jpg",0.938997346096078,1.34340149115279,5,100
"489","EBM","EBM_mid","3","T1","10:16:09","9/29/2022","0:17:35",240,-5.57784,270,92,47.6270179,-122.3914871,10,55.58,0.901066667,100,0.422337493,47.62702177,-122.3914861,0.071881481,NA,NA,NA,NA,NA,NA,NA,NA,"2022_9_29_10-12-09_240.jpg",1.38529887126748,1.5339544134264,8,100
"490","EBM","EBM_mid","3","T1","10:16:25","9/29/2022","0:17:51",256,-5.45592,281,91,47.6270217,-122.39151,10,55.58,0.801866667,80.93333333,0.855789128,47.62702043,-122.3914934,0.019799946,NA,NA,NA,NA,NA,NA,NA,NA,"2022_9_29_10-12-09_256.jpg",1.60906651263582,1.54511025050204,11,100
"491","EBM","EBM_mid","3","T1","10:16:33","9/29/2022","0:17:59",264,-5.51688,297,91,47.6269989,-122.3915023,10,55.54,1.721933333,87.6,0,47.62701773,-122.3914958,0.054669382,NA,NA,NA,NA,NA,NA,NA,NA,"2022_9_29_10-12-09_264.jpg",1.42890121313172,1.83627696084436,6,100
"492","EBM","EBM_mid","3","T1","10:16:41","9/29/2022","0:18:07",272,-5.27304,298,91,47.6269989,-122.3915023,10,55.51,1.361666667,2.133333333,0,47.62701214,-122.3914994,0.118037873,NA,NA,NA,NA,NA,NA,NA,NA,"2022_9_29_10-12-09_272.jpg",1.30987116744044,1.87400197335326,5,100
"493","EBM","EBM_mid","3","T1","10:16:49","9/29/2022","0:18:15",280,-4.60248,298,91,47.6269989,-122.3915023,10,55.51,0.896866667,100,0,47.62700585,-122.3915065,0.101155728,NA,NA,NA,NA,NA,NA,NA,NA,"2022_9_29_10-12-09_280.jpg",1.52696705129192,1.96230109575625,6,100
"494","EBM","EBM_mid","3","T1","10:16:57","9/29/2022","0:18:23",288,-4.63296,291,91,47.6270179,-122.39151,10,55.53,1.0604,100,0,47.62699966,-122.3915156,0.125081958,NA,NA,NA,NA,NA,NA,NA,NA,"2022_9_29_10-12-09_288.jpg",1.2494731279439,1.47849488317689,7,100
"495","EBM","EBM_mid","3","T1","10:17:05","9/29/2022","0:18:31",296,-4.32816,284,91,47.6270027,-122.3915176,10,55.56,0.815333333,49.53333333,0,47.62699629,-122.3915287,0.140517365,NA,NA,NA,NA,NA,NA,NA,NA,"2022_9_29_10-12-09_296.jpg",2.14038657570776,1.98334300521499,12,100
"496","EBM","EBM_mid","3","T1","10:17:12","9/29/2022","0:18:39",304,-4.35864,285,91,47.6269874,-122.3915252,10,55.58,1.0474,100,0,47.62699406,-122.3915427,0.160323461,NA,NA,NA,NA,NA,NA,NA,NA,"2022_9_29_10-12-09_304.jpg",2.08694215497262,1.93381988671116,12,100
"497","EBM","EBM_mid","3","T1","10:17:13","9/29/2022","0:18:39",304,-4.32816,284,91,47.6269874,-122.3915252,10,55.6,1.048066667,100,0,47.62699373,-122.3915448,0.164097669,NA,NA,NA,NA,NA,NA,NA,NA,"2022_9_29_10-12-09_304.jpg",2.08694215497262,1.93381988671116,12,100
"498","EBM","EBM_mid","3","T1","10:17:20","9/29/2022","0:18:47",312,-3.81,284,91,47.6270027,-122.3915634,10,55.6,0.856533333,89.93333333,0,47.62699231,-122.3915608,0.170752774,NA,NA,NA,NA,NA,NA,NA,NA,"2022_9_29_10-12-09_312.jpg",1.61321426374439,1.69057052875611,9,100
"499","EBM","EBM_mid","3","T1","10:12:41","9/29/2022","0:14:07",32,-9.23544,277,93,47.6271018,-122.3912887,10,55,0.888933333,100,0.716894125,47.62709986,-122.3912871,0.21445132,NA,NA,NA,NA,NA,NA,NA,NA,"2022_9_29_10-12-09_32.jpg",1.7538243369869,1.7538243369869,10,100
"500","EBM","EBM_mid","3","T1","10:17:28","9/29/2022","0:18:55",320,-3.41376,277,91,47.6269569,-122.3915786,10,55.62,3.2022,5.333333333,0,47.62698998,-122.3915794,0.179350028,NA,NA,NA,NA,NA,NA,NA,NA,"2022_9_29_10-12-09_320.jpg",1.94650288189036,2.03984088178386,9,100
"501","EBM","EBM_mid","3","T1","10:17:36","9/29/2022","0:19:03",328,-3.38328,277,91,47.626976,-122.3916015,10,55.62,1.0388125,100,0.422337486,47.62698859,-122.3915975,0.165022113,NA,NA,NA,NA,NA,NA,NA,NA,"2022_9_29_10-12-09_328.jpg",2.28632226332636,2.05245828577519,13,100
"502","EBM","EBM_mid","3","T1","10:17:44","9/29/2022","0:19:11",336,-3.41376,277,91,47.6269645,-122.3916397,10,55.63,1.6948,26.53333333,0.578528739,47.6269878,-122.3916142,0.148974484,NA,NA,NA,NA,NA,NA,NA,NA,"2022_9_29_10-12-09_336.jpg",2.18608577404626,1.85877223150313,15,100
"503","EBM","EBM_mid","3","T1","10:17:52","9/29/2022","0:19:19",344,-3.32232,278,91,47.626995,-122.3916397,10,55.65,0.9596,100,0,47.62698774,-122.3916276,0.103494818,NA,NA,NA,NA,NA,NA,NA,NA,"2022_9_29_10-12-09_344.jpg",1.83991083204662,1.83991083204662,10,100
"504","EBM","EBM_mid","3","T1","10:18:01","9/29/2022","0:19:27",352,-3.07848,276,91,47.6270332,-122.3916473,10,55.65,4.4166,65.33333333,0.844674975,47.626989,-122.3916358,0.053674588,NA,NA,NA,NA,NA,NA,NA,NA,"2022_9_29_10-12-09_352.jpg",1.87371762236914,1.79924215819171,11,100
"505","EBM","EBM_mid","3","T1","10:18:08","9/29/2022","0:19:35",360,-3.01752,277,91,47.6270294,-122.3916473,10,55.67,4.264866667,93.26666667,0.855789119,47.62699222,-122.3916384,0.044309277,NA,NA,NA,NA,NA,NA,NA,NA,"2022_9_29_10-12-09_360.jpg",1.84618081556409,1.71072359006006,12,100
"506","EBM","EBM_mid","3","T1","10:18:17","9/29/2022","0:19:43",368,-2.65176,276,91,47.6269798,-122.391632,10,55.65,0.885066667,100,0,47.6269974,-122.3916359,0.082607279,NA,NA,NA,NA,NA,NA,NA,NA,"2022_9_29_10-12-09_368.jpg",1.25771431845908,1.61628516029371,6,100
"507","EBM","EBM_mid","3","T1","10:18:25","9/29/2022","0:19:51",376,-2.52984,267,91,47.6270065,-122.391632,10,55.67,0.991866667,100,0.422337486,47.62700317,-122.3916313,0.116285202,NA,NA,NA,NA,NA,NA,NA,NA,"2022_9_29_10-12-09_376.jpg",1.15072213174353,1.47878979976733,6,100
"508","EBM","EBM_mid","3","T1","10:18:33","9/29/2022","0:19:59",384,-2.5908,223,91,47.6269721,-122.3916168,10,55.67,0.963133333,100,0,47.62700443,-122.3916266,0.05803243,NA,NA,NA,NA,NA,NA,NA,NA,"2022_9_29_10-12-09_384.jpg",1.22834700983415,1.17952337032934,11,100
"509","EBM","EBM_mid","3","T1","10:18:41","9/29/2022","0:20:07",392,-2.86512,230,91,47.6269989,-122.3916168,10,55.67,1.013066667,100,0,47.62700282,-122.391622,0.046214722,NA,NA,NA,NA,NA,NA,NA,NA,"2022_9_29_10-12-09_392.jpg",1.60124728674489,1.43745845193017,13,99
"510","EBM","EBM_mid","3","T1","10:12:49","9/29/2022","0:14:15",40,-9.11352,278,93,47.6271018,-122.3912963,10,55.09,1.296533333,97.73333333,0,47.6270962,-122.3913098,0.221222489,NA,NA,NA,NA,NA,NA,NA,NA,"2022_9_29_10-12-09_40.jpg",1.36086925543875,1.94696374235901,5,100
"511","EBM","EBM_mid","3","T1","10:18:49","9/29/2022","0:20:15",400,-3.2004,241,91,47.6269989,-122.3916168,10,55.69,1.661875,98.9375,0,47.6270002,-122.3916182,0.067005,NA,NA,NA,NA,NA,NA,NA,NA,"2022_9_29_10-12-09_400.jpg",0.827542999752377,1.73445008279627,3,100
"512","EBM","EBM_mid","3","T1","10:18:57","9/29/2022","0:20:23",408,-3.32232,237,91,47.6269989,-122.3916168,10,55.67,1.788466667,96.6,0.844674974,47.62699384,-122.3916197,0.132289657,NA,NA,NA,NA,NA,NA,NA,NA,"2022_9_29_10-12-09_408.jpg",1.03493428749041,1.48065622425892,5,100
"513","EBM","EBM_mid","3","T1","10:19:05","9/29/2022","0:20:31",416,-3.93192,230,91,47.626995,-122.3916244,10,55.67,1.432466667,100,0.422337484,47.62698481,-122.3916249,0.137468109,NA,NA,NA,NA,NA,NA,NA,NA,"2022_9_29_10-12-09_416.jpg",0.54034729674648,0.694398802906347,6,100
"514","EBM","EBM_mid","3","T1","10:19:13","9/29/2022","0:20:39",424,-4.23672,235,91,47.626995,-122.391632,10,55.69,1.306933333,15.4,0.710230358,47.62697403,-122.3916333,0.196886005,NA,NA,NA,NA,NA,NA,NA,NA,"2022_9_29_10-12-09_424.jpg",0.511408710946357,0.657209907063984,6,100
"515","EBM","EBM_mid","3","T1","10:19:21","9/29/2022","0:20:47",432,-3.9624,258,91,47.6269645,-122.3916473,10,55.67,1.84,100,0.57101538,47.62696174,-122.3916439,0.19572131,NA,NA,NA,NA,NA,NA,NA,NA,"2022_9_29_10-12-09_432.jpg",0.545557431291509,0.906151279190923,4,100
"516","EBM","EBM_mid","3","T1","10:19:29","9/29/2022","0:20:55",440,-3.81,261,91,47.6269454,-122.3916549,10,55.67,0.7672,97.73333333,0.433451626,47.62695337,-122.3916531,0.104278562,NA,NA,NA,NA,NA,NA,NA,NA,"2022_9_29_10-12-09_440.jpg",1.33855832775905,1.72017757100449,6,100
"517","EBM","EBM_mid","3","T1","10:19:37","9/29/2022","0:21:03",448,-3.87096,241,90,47.6269416,-122.3916778,10,55.69,1.198466667,100,0.71023082,47.62693541,-122.3916673,0.343745837,NA,NA,NA,NA,NA,NA,NA,NA,"2022_9_29_10-12-09_448.jpg",1.51150059723882,1.51150059723882,10,100
"518","EBM","EBM_mid","3","T1","10:19:45","9/29/2022","0:21:11",456,-4.02336,246,90,47.6269149,-122.3916702,10,55.69,1.567533333,100,0.422337478,47.62691705,-122.3916825,0.266311401,NA,NA,NA,NA,NA,NA,NA,NA,"2022_9_29_10-12-09_456.jpg",1.64726577184999,1.64726577184999,10,100
"519","EBM","EBM_mid","3","T1","10:19:53","9/29/2022","0:21:19",464,-4.2672,240,90,47.6268997,-122.3916931,10,55.67,0.948666667,100,1.149545535,47.62690738,-122.3916942,0.096117419,NA,NA,NA,NA,NA,NA,NA,NA,"2022_9_29_10-12-09_464.jpg",2.06340789217735,1.98139272685965,11,100
"520","EBM","EBM_mid","3","T1","10:20:01","9/29/2022","0:21:27",472,-4.45008,239,90,47.6269035,-122.391716,10,55.67,1.0824375,100,0.716285729,47.62690562,-122.3917036,0.197132346,NA,NA,NA,NA,NA,NA,NA,NA,"2022_9_29_10-12-09_472.jpg",2.28717394745631,2.11936035381714,12,100
"521","EBM","EBM_mid","3","T1","10:12:57","9/29/2022","0:14:23",48,-8.9916,277,92,47.6270904,-122.3913269,10,55.15,1.385866667,100,0.578527367,47.62709224,-122.3913323,0.214427114,NA,NA,NA,NA,NA,NA,NA,NA,"2022_9_29_10-12-09_48.jpg",1.48683514464366,1.48683514464366,10,100
"522","EBM","EBM_mid","3","T1","10:20:09","9/29/2022","0:21:35",480,-5.1816,237,90,47.6268959,-122.3917083,10,55.69,4.596466667,4.733333333,0,47.62689713,-122.3917162,0.115531811,NA,NA,NA,NA,NA,NA,NA,NA,"2022_9_29_10-12-09_480.jpg",2.0361581409777,1.95522608329857,11,100
"523","EBM","EBM_mid","3","T1","10:20:17","9/29/2022","0:21:43",488,-5.0292,238,90,47.6268959,-122.3917312,10,55.67,0.830733333,100,0.716895907,47.62689743,-122.3917237,0.059049766,NA,NA,NA,NA,NA,NA,NA,NA,"2022_9_29_10-12-09_488.jpg",1.87774935847437,1.96779051436061,9,100
"524","EBM","EBM_mid","3","T1","10:20:25","9/29/2022","0:21:51",496,-4.99872,235,90,47.6268959,-122.391716,10,55.65,0.8038,100,1.433119077,47.62690437,-122.391727,0.148990424,NA,NA,NA,NA,NA,NA,NA,NA,"2022_9_29_10-12-09_496.jpg",2.39449926222108,2.0359808337864,15,100
"525","EBM","EBM_mid","3","T1","10:20:33","9/29/2022","0:21:59",504,-4.81584,224,90,47.6269149,-122.3917236,10,55.65,0.767,100,0.422337476,47.62691742,-122.3917277,0.192219491,NA,NA,NA,NA,NA,NA,NA,NA,"2022_9_29_10-12-09_504.jpg",2.38855741236946,2.03092863243223,15,100
"526","EBM","EBM_mid","3","T1","10:20:49","9/29/2022","0:22:15",520,-4.75488,226,90,47.6269416,-122.3917312,10,55.67,1.461,100,0.422337479,47.62694277,-122.3917184,0.152899664,NA,NA,NA,NA,NA,NA,NA,NA,"2022_9_29_10-12-09_520.jpg",2.05723501906299,1.97546520960095,11,100
"527","EBM","EBM_mid","3","T1","10:20:57","9/29/2022","0:22:23",528,-4.93776,246,90,47.6269264,-122.391716,10,55.67,1.8386,0,1.019575777,47.62695254,-122.3917138,0.131069928,NA,NA,NA,NA,NA,NA,NA,NA,"2022_9_29_10-12-09_528.jpg",1.0569874795525,1.17041213475655,8,100
"528","EBM","EBM_mid","3","T1","10:21:05","9/29/2022","0:22:31",536,-4.90728,218,90,47.6270446,-122.3916651,10,55.67,1.5996,100,5.531055608,47.62695844,-122.3917088,0.067681932,NA,NA,NA,NA,NA,NA,NA,NA,"2022_9_29_10-12-09_536.jpg",2.1171132035341,1.96177723740825,12,100
"529","EBM","EBM_mid","3","T1","10:21:13","9/29/2022","0:22:39",544,-5.51688,191,90,47.6268997,-122.3917312,10,55.69,1.1434,100,0.57101608,47.62695847,-122.3917062,0.042162836,NA,NA,NA,NA,NA,NA,NA,NA,"2022_9_29_10-12-09_544.jpg",2.34403630735582,1.99307348754375,15,100
"530","EBM","EBM_mid","3","T1","10:21:21","9/29/2022","0:22:47",552,-5.7912,189,90,47.6268768,-122.3917236,10,55.67,0.898933333,100,1.149546035,47.62695169,-122.3917033,0.137668905,NA,NA,NA,NA,NA,NA,NA,NA,"2022_9_29_10-12-09_552.jpg",2.2829247829288,2.04940832781231,13,100
"531","EBM","EBM_mid","3","T1","10:13:05","9/29/2022","0:14:31",56,-9.05256,277,92,47.6270904,-122.3913497,10,55.2,0.903133333,100,0.422337504,47.62708838,-122.3913534,0.196316435,NA,NA,NA,NA,NA,NA,NA,NA,"2022_9_29_10-12-09_56.jpg",1.39826848849088,1.46531775168185,9,100
"532","EBM","EBM_mid","3","T1","10:21:29","9/29/2022","0:22:55",560,-5.76072,198,90,47.62714,-122.391632,10,55.65,1.0662,67.33333333,4.974934558,47.62693999,-122.3917044,0.16881183,NA,NA,NA,NA,NA,NA,NA,NA,"2022_9_29_10-12-09_560.jpg",2.0300116202593,1.82236521817326,13,100
"533","EBM","EBM_mid","3","T1","10:21:37","9/29/2022","0:23:03",568,-5.97408,198,90,47.6269454,-122.3917236,10,55.62,1.843466667,100,3.182352708,47.62692558,-122.391711,0.235507296,NA,NA,NA,NA,NA,NA,NA,NA,"2022_9_29_10-12-09_568.jpg",2.00706361977798,1.80176452924792,13,100
"534","EBM","EBM_mid","3","T1","10:21:45","9/29/2022","0:23:11",576,-6.49224,209,90,47.6268692,-122.3917236,10,55.62,1.522066667,100,0.422337472,47.62690653,-122.3917211,0.296983985,NA,NA,NA,NA,NA,NA,NA,NA,"2022_9_29_10-12-09_576.jpg",2.21644562906007,2.05382148473905,12,100
"535","EBM","EBM_mid","3","T1","10:21:53","9/29/2022","0:23:19",584,-6.49224,235,90,47.6268501,-122.391716,10,55.56,1.6061875,89.375,0.844674945,47.62688951,-122.3917353,0.287792909,NA,NA,NA,NA,NA,NA,NA,NA,"2022_9_29_10-12-09_584.jpg",1.92611850748025,1.84956024267407,11,100
"536","EBM","EBM_mid","3","T1","10:22:01","9/29/2022","0:23:27",592,-6.43128,234,90,47.6268463,-122.3917541,10,55.53,1.7560625,12.4375,0.422337471,47.62687265,-122.3917546,0.285400245,NA,NA,NA,NA,NA,NA,NA,NA,"2022_9_29_10-12-09_592.jpg",2.37057579464556,1.96872058332326,16,100
"537","EBM","EBM_mid","3","T1","10:22:09","9/29/2022","0:23:35",600,-6.61416,243,90,47.6268539,-122.391777,10,55.53,1.156133333,100,1.019576206,47.62685407,-122.3917727,0.316274831,NA,NA,NA,NA,NA,NA,NA,NA,"2022_9_29_10-12-09_600.jpg",1.81509249920025,1.68191627295954,12,100
"538","EBM","EBM_mid","3","T1","10:22:17","9/29/2022","0:23:43",608,-6.67512,198,90,47.6268386,-122.3917922,10,55.53,1.247933333,100,0.571016744,47.62683688,-122.3917914,0.281302561,NA,NA,NA,NA,NA,NA,NA,NA,"2022_9_29_10-12-09_608.jpg",2.30625027041606,2.07034789124609,13,100
"539","EBM","EBM_mid","3","T1","10:22:25","9/29/2022","0:23:51",616,-6.7056,237,90,47.6268272,-122.3918151,10,55.47,2.395666667,49.8,0.571016866,47.62682279,-122.3918096,0.235483919,NA,NA,NA,NA,NA,NA,NA,NA,"2022_9_29_10-12-09_616.jpg",2.24066513076853,2.07626396305042,12,100
"540","EBM","EBM_mid","3","T1","10:22:33","9/29/2022","0:23:59",624,-7.52856,253,89,47.626831,-122.391838,10,55.44,2.240857143,100,0,47.6268146,-122.3918258,0.157198578,NA,NA,NA,NA,NA,NA,NA,NA,"2022_9_29_10-12-09_624.jpg",2.36791678135629,2.06601418658696,14,100
"541","EBM","EBM_mid","3","T1","10:22:41","9/29/2022","0:24:07",632,-8.04672,248,89,47.6268234,-122.391838,10,55.36,1.514266667,100,0,47.62680491,-122.3918435,0.275330947,NA,NA,NA,NA,NA,NA,NA,NA,"2022_9_29_10-12-09_632.jpg",1.87837652679334,1.74055705070179,12,100
"542","EBM","EBM_mid","3","T1","10:13:13","9/29/2022","0:14:39",64,-9.05256,277,92,47.627079,-122.3913726,10,55.24,0.7871875,100,0.422337501,47.62708494,-122.3913721,0.169235024,NA,NA,NA,NA,NA,NA,NA,NA,"2022_9_29_10-12-09_64.jpg",1.5231083234984,1.5231083234984,10,100
"543","EBM","EBM_mid","3","T1","10:22:49","9/29/2022","0:24:15",640,-8.01624,252,89,47.6268119,-122.3918762,10,55.15,1.5678,87.53333333,0.571017029,47.62679875,-122.3918602,0.140527214,NA,NA,NA,NA,NA,NA,NA,NA,"2022_9_29_10-12-09_640.jpg",1.47238568112344,1.63038645354461,8,100
"544","EBM","EBM_mid","3","T1","10:22:57","9/29/2022","0:24:23",648,-8.01624,260,89,47.6267814,-122.3918457,10,55.08,1.332866667,100,0.422337464,47.62680189,-122.3918718,0.130089697,NA,NA,NA,NA,NA,NA,NA,NA,"2022_9_29_10-12-09_648.jpg",1.56824743194209,1.85569881562574,7,100
"545","EBM","EBM_mid","3","T1","10:23:05","9/29/2022","0:24:31",656,-7.9248,262,89,47.6267814,-122.3918609,10,55.06,1.266533333,100,2.419074714,47.62680645,-122.3918828,0.21058352,NA,NA,NA,NA,NA,NA,NA,NA,"2022_9_29_10-12-09_656.jpg",1.45697974812906,1.87236060780052,6,100
"546","EBM","EBM_mid","3","T1","10:23:13","9/29/2022","0:24:39",664,-7.62,255,89,47.6267776,-122.3918685,10,55.02,1.203,68.78571429,3.429806697,47.62679658,-122.3918983,0.152408132,NA,NA,NA,NA,NA,NA,NA,NA,"2022_9_29_10-12-09_664.jpg",0.531324951351584,0.882511641704743,4,100
"547","EBM","EBM_mid","3","T1","10:23:21","9/29/2022","0:24:47",672,-7.40664,247,89,47.6267814,-122.3918914,10,55.02,1.0786,100,0,47.62679171,-122.3919105,0.125533641,NA,NA,NA,NA,NA,NA,NA,NA,"2022_9_29_10-12-09_672.jpg",1.21514969222803,1.56158547792468,6,100
"548","EBM","EBM_mid","3","T1","10:23:29","9/29/2022","0:24:55",680,-7.80288,241,89,47.6267814,-122.3918991,10,55.09,1.659733333,100,2.137324077,47.62678638,-122.3919206,0.116854909,NA,NA,NA,NA,NA,NA,NA,NA,"2022_9_29_10-12-09_680.jpg",1.37547954551596,1.76762492489452,6,100
"549","EBM","EBM_mid","3","T1","10:23:37","9/29/2022","0:25:03",688,-7.83336,243,89,47.6268272,-122.3919525,10,55.06,1.463466667,100,0.422337462,47.62678091,-122.3919293,0.107371808,NA,NA,NA,NA,NA,NA,NA,NA,"2022_9_29_10-12-09_688.jpg",2.16567983465175,1.84142158865345,15,100
"550","EBM","EBM_mid","3","T1","10:23:45","9/29/2022","0:25:11",696,-7.83336,247,89,47.6267776,-122.3919219,10,54.99,1.5212,100,1.710783773,47.62677539,-122.3919364,0.096774884,NA,NA,NA,NA,NA,NA,NA,NA,"2022_9_29_10-12-09_696.jpg",1.4950765019221,1.92131863976959,6,100
"551","EBM","EBM_mid","3","T1","10:23:53","9/29/2022","0:25:19",704,-8.10768,299,89,47.6267623,-122.3919372,10,54.88,1.280533333,100,0.433451601,47.62677,-122.3919417,0.084755136,NA,NA,NA,NA,NA,NA,NA,NA,"2022_9_29_10-12-09_704.jpg",1.84141323690288,1.84141323690288,10,100
"552","EBM","EBM_mid","3","T1","10:24:01","9/29/2022","0:25:27",712,-7.9248,289,89,47.6267585,-122.3919525,10,54.79,4.356,13.26666667,0.710232365,47.62676496,-122.3919452,0.071190742,NA,NA,NA,NA,NA,NA,NA,NA,"2022_9_29_10-12-09_712.jpg",1.21983754370808,1.44342725453191,7,100
"553","EBM","EBM_mid","3","T1","10:13:21","9/29/2022","0:14:47",72,-8.8392,278,92,47.6270866,-122.3913879,10,55.26,0.808466667,79.8,0.571014061,47.62708217,-122.3913876,0.135575839,NA,NA,NA,NA,NA,NA,NA,NA,"2022_9_29_10-12-09_72.jpg",1.00778746823636,1.19250953205306,7,100
"554","EBM","EBM_mid","3","T1","10:24:09","9/29/2022","0:25:35",720,-7.80288,148,89,47.6267509,-122.3919448,10,54.75,1.393066667,100,0,47.62676053,-122.3919465,0.056720476,NA,NA,NA,NA,NA,NA,NA,NA,"2022_9_29_10-12-09_720.jpg",1.12872948675904,1.45052711308059,6,100
"555","EBM","EBM_mid","3","T1","10:24:17","9/29/2022","0:25:43",728,-7.71144,13,89,47.6267585,-122.3919448,10,54.73,1.2376,46.4,1.224675805,47.62675705,-122.3919457,0.044697393,NA,NA,NA,NA,NA,NA,NA,NA,"2022_9_29_10-12-09_728.jpg",1.05858813247806,1.7582768290966,4,100
"556","EBM","EBM_mid","3","T1","10:24:25","9/29/2022","0:25:51",736,-7.71144,311,89,47.6267623,-122.3919601,10,54.73,1.7806875,100,1.019576784,47.62675489,-122.3919425,0.04488559,NA,NA,NA,NA,NA,NA,NA,NA,"2022_9_29_10-12-09_736.jpg",1.57095212837479,1.7395300036571,8,100
"557","EBM","EBM_mid","3","T1","10:24:33","9/29/2022","0:25:59",744,-7.68096,81,89,47.6267547,-122.3919448,10,54.77,1.655866667,100,1.916722376,47.62675449,-122.3919368,0.064725264,NA,NA,NA,NA,NA,NA,NA,NA,"2022_9_29_10-12-09_744.jpg",1.18784965485874,1.69942865572197,5,100
"558","EBM","EBM_mid","3","T1","10:24:41","9/29/2022","0:26:07",752,-7.52856,69,89,47.6267433,-122.3919067,10,54.77,1.646333333,100,0.422337459,47.62675634,-122.3919284,0.099251759,NA,NA,NA,NA,NA,NA,NA,NA,"2022_9_29_10-12-09_752.jpg",0.928097565252532,1.19269559072862,6,100
"559","EBM","EBM_mid","3","T1","10:24:49","9/29/2022","0:26:15",760,-6.12648,55,89,47.6267662,-122.3919219,10,54.81,2.744333333,100,0,47.62676098,-122.3919172,0.144353647,NA,NA,NA,NA,NA,NA,NA,NA,"2022_9_29_10-12-09_760.jpg",1.71708498043767,1.90134427927501,8,100
"560","EBM","EBM_mid","3","T1","10:12:17","9/29/2022","0:13:43",8,-9.4488,277,93,47.6271018,-122.3912353,10,54.77,1.2476,100,0.716894128,47.6271039,-122.3912331,0.099983475,NA,NA,NA,NA,NA,NA,NA,NA,"2022_9_29_10-12-09_8.jpg",1.33564526605956,1.39969164321168,9,100
"561","EBM","EBM_mid","3","T1","10:13:29","9/29/2022","0:14:55",80,-8.382,277,92,47.6270828,-122.3914031,10,55.29,1.004466667,100,0.710229574,47.62708023,-122.3913994,0.097777487,NA,NA,NA,NA,NA,NA,NA,NA,"2022_9_29_10-12-09_80.jpg",1.22082617298472,1.4445970942781,7,100
"562","EBM","EBM_mid","3","T1","10:13:37","9/29/2022","0:15:03",88,-8.32104,278,92,47.6270675,-122.391426,10,55.33,0.988533333,100,0.571014267,47.62707921,-122.3914073,0.058400535,NA,NA,NA,NA,NA,NA,NA,NA,"2022_9_29_10-12-09_88.jpg",1.40839117493956,1.8099195680084,6,100
"563","EBM","EBM_mid","3","T1","10:13:45","9/29/2022","0:15:11",96,-7.74192,277,92,47.6270599,-122.3914337,10,55.33,1.178375,100,0.422337498,47.6270792,-122.3914111,0.016602295,NA,NA,NA,NA,NA,NA,NA,NA,"2022_9_29_10-12-09_96.jpg",1.78028802904641,1.64966546218858,12,99
"1","EBM","EBM_east","4","T1","9:46:57","10/10/2022","0:05:48",0,-10.91184,257,98,47.6270523,-122.3914566,10,55,1.137777778,100,0,47.6270523,-122.3914566,0,277,47.6267523,-122.38975,0,1.137777778,3.19021123,1.394462238,4.448629091,"2022_10_10_09-46-57_0.jpg",1.92939748870676,1.85270889281656,11,100
"2","EBM","EBM_east","4","T1","9:48:41","10/10/2022","0:07:32",104,-10.33272,262,97,47.6270523,-122.3914566,10,55,0.829111111,100,0,47.6270523,-122.3914566,0,282,47.62678081,-122.3898992,0,0.829111111,2.324741816,1.016159885,2.362309376,"2022_10_10_09-46-57_104.jpg",1.44270393259506,1.59751957543067,8,100
"3","EBM","EBM_east","4","T1","9:48:49","10/10/2022","0:07:40",112,-9.93648,263,97,47.6270523,-122.3914566,10,55.02,1.080888889,100,0,47.6270523,-122.3914566,0,283,47.62678276,-122.389908,1.31e-06,1.080888889,3.030700669,1.324739126,4.014887755,"2022_10_10_09-46-57_112.jpg",1.69263095399388,1.87426610678275,8,100
"4","EBM","EBM_east","4","T1","9:48:57","10/10/2022","0:07:48",120,-9.906,262,97,47.6270523,-122.3914566,10,55,1.148222222,100,0,47.6270523,-122.3914566,0,282,47.62678432,-122.3899148,0,1.148222222,3.219496372,1.407262965,4.530678012,"2022_10_10_09-46-57_120.jpg",1.41826319665621,1.57045611963901,8,100
"5","EBM","EBM_east","4","T1","9:49:05","10/10/2022","0:07:56",128,-9.93648,263,97,47.6270523,-122.3914566,10,55.02,0.989444444,100,0,47.6270523,-122.3914566,0,283,47.62678726,-122.3899287,2.62e-06,0.989444444,2.774299903,1.212664671,3.364295478,"2022_10_10_09-46-57_128.jpg",1.10573081173824,1.30840536764182,7,100
"6","EBM","EBM_east","4","T1","9:49:13","10/10/2022","0:08:04",136,-9.84504,263,97,47.6270523,-122.3914566,10,55.02,0.933333333,100,0,47.6270523,-122.3914566,0,283,47.62679046,-122.3899429,1.7e-06,0.933333333,2.61697015,1.143894805,2.993538558,"2022_10_10_09-46-57_136.jpg",1.94430293009467,2.03753543869793,9,100
"7","EBM","EBM_east","4","T1","9:49:21","10/10/2022","0:08:12",144,-9.57072,262,97,47.6270523,-122.3914566,10,55.02,1.136666667,100,0,47.6270523,-122.3914566,0,282,47.62679237,-122.3899519,2e-06,1.136666667,3.187095789,1.393100458,4.439944605,"2022_10_10_09-46-57_144.jpg",2.04246680168458,1.96128399094166,11,100
"8","EBM","EBM_east","4","T1","9:49:29","10/10/2022","0:08:20",152,-9.6012,263,97,47.6270523,-122.3914566,10,55.02,0.9083,100,0,47.6270523,-122.3914566,0,283,47.62679426,-122.3899604,1.11e-06,0.9083,2.546779272,1.113213912,2.835110115,"2022_10_10_09-46-57_152.jpg",1.76712522279149,1.85186177026402,9,100
"9","EBM","EBM_east","4","T1","9:47:13","10/10/2022","0:06:04",16,-11.09472,261,98,47.6270523,-122.3914566,10,55,0.892,100,0,47.6270523,-122.3914566,5.35e-09,281,47.62675676,-122.3897755,8.2e-07,0.892,2.501075757,1.093236606,2.734267572,"2022_10_10_09-46-57_16.jpg",1.48732083747495,1.55864030659129,9,100
"10","EBM","EBM_east","4","T1","9:49:37","10/10/2022","0:08:28",160,-9.4488,263,97,47.6270523,-122.3914566,10,55.02,1.012444444,100,0,47.6270523,-122.3914566,0,283,47.62679748,-122.3899734,8.22e-07,1.012444444,2.838789524,1.240853507,3.522521937,"2022_10_10_09-46-57_160.jpg",0.960238812590865,1.59492214467344,4,100
"11","EBM","EBM_east","4","T1","9:49:45","10/10/2022","0:08:36",168,-9.47928,267,97,47.6270523,-122.3914566,10,55.02,1.029333333,100,0,47.6270523,-122.3914566,0,287,47.62679983,-122.3899833,1.04e-06,1.029333333,2.886144222,1.261552556,3.64102262,"2022_10_10_09-46-57_168.jpg",1.51185262856677,1.67408857405508,8,100
"12","EBM","EBM_east","4","T1","9:49:53","10/10/2022","0:08:44",176,-9.47928,268,97,47.6270523,-122.3914566,10,55.02,0.923555556,100,0,47.6270523,-122.3914566,0,288,47.62680352,-122.3899948,1.97e-06,0.923555556,2.589554272,1.131911145,2.93114534,"2022_10_10_09-46-57_176.jpg",1.55233666996428,1.62677375468881,9,100
"13","EBM","EBM_east","4","T1","9:50:01","10/10/2022","0:08:52",184,-9.47928,269,97,47.6270523,-122.3914566,10,55.02,0.800333333,100,0,47.6270523,-122.3914566,0,289,47.6268084,-122.3900091,1.34e-06,0.800333333,2.244051903,0.980889795,2.201167611,"2022_10_10_09-46-57_184.jpg",1.93002456748932,1.7326056693031,13,100
"14","EBM","EBM_east","4","T1","9:50:09","10/10/2022","0:09:00",192,-9.17448,266,97,47.6270523,-122.3914566,10,55.02,0.911,100,0,47.6270523,-122.3914566,0,286,47.6268121,-122.3900215,2.62e-06,0.911,2.554349793,1.116523036,2.851990385,"2022_10_10_09-46-57_192.jpg",1.96292663395272,1.81890358189759,12,100
"15","EBM","EBM_east","4","T1","9:50:17","10/10/2022","0:09:08",200,-9.144,250,97,47.6270523,-122.3914566,10,55.02,1.027444444,100,0,47.6270523,-122.3914566,0,270,47.62681407,-122.3900302,5.46e-07,1.027444444,2.880847973,1.259237531,3.627671888,"2022_10_10_09-46-57_200.jpg",1.62202895293078,1.79608784982049,8,100
"16","EBM","EBM_east","4","T1","9:50:25","10/10/2022","0:09:16",208,-9.20496,249,97,47.6270523,-122.3914566,10,55.02,1.132333333,100,0,47.6270523,-122.3914566,0,269,47.62681402,-122.390042,1.23e-06,1.132333333,3.174945571,1.387789518,4.406156184,"2022_10_10_09-46-57_208.jpg",1.38953326675055,1.6442272978495,7,100
"17","EBM","EBM_east","4","T1","9:50:33","10/10/2022","0:09:24",216,-9.20496,249,97,47.6270523,-122.3914566,10,55.02,1.136777778,100,0,47.6270523,-122.3914566,0,269,47.62681378,-122.390051,1.36e-06,1.136777778,3.187407334,1.393236636,4.440812672,"2022_10_10_09-46-57_216.jpg",1.57883778173757,1.74826186147456,8,100
"18","EBM","EBM_east","4","T1","9:50:41","10/10/2022","0:09:32",224,-9.2964,268,97,47.6270523,-122.3914566,10,55.02,0.939111111,100,0,47.6270523,-122.3914566,0,288,47.6268154,-122.3900611,1.6e-06,0.939111111,2.633170441,1.150976058,3.030716135,"2022_10_10_09-46-57_224.jpg",1.19058376896156,1.24767420984117,9,100
"19","EBM","EBM_east","4","T1","9:50:49","10/10/2022","0:09:40",232,-9.32688,264,97,47.6270523,-122.3914566,10,55.02,0.837444444,100,0,47.6270523,-122.3914566,0,284,47.62681873,-122.390073,8.66e-07,0.837444444,2.348107621,1.026373231,2.410034806,"2022_10_10_09-46-57_232.jpg",1.33758744534185,1.58276008463975,7,100
"20","EBM","EBM_east","4","T1","9:47:21","10/10/2022","0:06:12",24,-11.09472,261,97,47.6270523,-122.3914566,10,55,0.848666667,100,0,47.6270523,-122.3914566,7.74e-09,281,47.62675918,-122.3897879,1.63e-06,0.848666667,2.379573572,1.040127204,2.475059207,"2022_10_10_09-46-57_24.jpg",1.68676292194186,1.68676292194186,10,99
"21","EBM","EBM_east","4","T1","9:50:58","10/10/2022","0:09:48",240,-9.35736,264,97,47.6270523,-122.3914566,10,55.02,0.826222222,100,0,47.6270523,-122.3914566,0,284,47.62682154,-122.3900841,1.24e-06,0.826222222,2.316641671,1.012619258,2.345875969,"2022_10_10_09-46-57_240.jpg",1.62665093978336,1.62665093978336,10,100
"22","EBM","EBM_east","4","T1","9:51:06","10/10/2022","0:09:56",248,-9.32688,264,97,47.6270523,-122.3914566,10,55,0.836111111,100,0,47.6270523,-122.3914566,0,284,47.62682422,-122.390095,2.1e-06,0.836111111,2.344369092,1.024739096,2.402366664,"2022_10_10_09-46-57_248.jpg",1.16185481750665,1.6622384512914,5,100
"23","EBM","EBM_east","4","T1","9:51:14","10/10/2022","0:10:04",256,-9.11352,269,97,47.6270523,-122.3914566,10,55,0.990222222,100,0,47.6270523,-122.3914566,0,289,47.62682782,-122.390107,7.66e-07,0.990222222,2.776480711,1.213617916,3.369586736,"2022_10_10_09-46-57_256.jpg",1.92514063791791,1.84862124091587,11,100
"24","EBM","EBM_east","4","T1","9:51:22","10/10/2022","0:10:12",264,-8.93064,268,97,47.6270523,-122.3914566,10,55,0.918222222,100,0,47.6270523,-122.3914566,0,288,47.62683084,-122.390116,6.9e-07,0.918222222,2.574600157,1.125374603,2.897389629,"2022_10_10_09-46-57_264.jpg",1.64203021206084,1.94300558552134,7,100
"25","EBM","EBM_east","4","T1","9:51:30","10/10/2022","0:10:20",272,-8.90016,256,96,47.6270523,-122.3914566,10,55,0.868222222,100,0,47.6270523,-122.3914566,0,276,47.6268315,-122.3901224,2.05e-06,0.868222222,2.434405327,1.064094524,2.590437378,"2022_10_10_09-46-57_272.jpg",1.95662584135298,2.05044925372547,9,100
"26","EBM","EBM_east","4","T1","9:51:38","10/10/2022","0:10:28",280,-8.80872,241,96,47.6270523,-122.3914566,10,55.02,1.073,100,0,47.6270523,-122.3914566,0,261,47.62683021,-122.3901351,1.29e-06,1.073,3.00858104,1.315070491,3.956496146,"2022_10_10_09-46-57_280.jpg",2.03665740837583,1.95570550609964,11,100
"27","EBM","EBM_east","4","T1","9:51:46","10/10/2022","0:10:36",288,-8.93064,233,96,47.6270523,-122.3914566,10,55.02,0.960777778,100,0,47.6270523,-122.3914566,0,253,47.62682713,-122.3901449,2.31e-06,0.960777778,2.693921534,1.177530759,3.172175468,"2022_10_10_09-46-57_288.jpg",1.93379671983553,2.02652543845668,9,100
"28","EBM","EBM_east","4","T1","9:51:54","10/10/2022","0:10:44",296,-8.93064,223,96,47.6270523,-122.3914566,10,55.06,1.036666667,100,0,47.6270523,-122.3914566,0,243,47.62682299,-122.390154,2.97e-06,1.036666667,2.906706131,1.270540301,3.693087281,"2022_10_10_09-46-57_296.jpg",1.94704156767711,1.86965166495411,11,100
"29","EBM","EBM_east","4","T1","9:52:02","10/10/2022","0:10:52",304,-8.93064,220,96,47.6270523,-122.3914566,10,55.06,1.009555556,100,0,47.6270523,-122.3914566,0,240,47.62681415,-122.3901707,1.62e-06,1.009555556,2.830689379,1.23731288,3.502448428,"2022_10_10_09-46-57_304.jpg",2.02470176908019,1.76655810350372,14,100
"30","EBM","EBM_east","4","T1","9:52:10","10/10/2022","0:11:00",312,-9.08304,220,96,47.6270523,-122.3914566,10,55.06,0.983333333,100,0,47.6270523,-122.3914566,0,240,47.62680965,-122.3901783,0,0.983333333,2.757164979,1.205174883,3.322865982,"2022_10_10_09-46-57_312.jpg",1.65699665665378,1.73645235908362,9,100
"31","EBM","EBM_east","4","T1","9:47:29","10/10/2022","0:06:20",32,-10.9728,262,97,47.6270523,-122.3914566,10,55,0.8881,100,0,47.6270523,-122.3914566,3.73e-09,282,47.62676115,-122.3897978,1.03e-06,0.8881,2.490140561,1.08845676,2.710410326,"2022_10_10_09-46-57_32.jpg",1.77033438079319,1.77033438079319,10,100
"32","EBM","EBM_east","4","T1","9:52:18","10/10/2022","0:11:08",320,-9.08304,220,96,47.6270523,-122.3914566,10,55.06,1.010444444,100,0,47.6270523,-122.3914566,0,240,47.62680361,-122.3901886,3.62e-06,1.010444444,2.833181731,1.238402304,3.508618783,"2022_10_10_09-46-57_320.jpg",1.29020320789311,1.65803654142689,6,100
"33","EBM","EBM_east","4","T1","9:52:26","10/10/2022","0:11:16",328,-9.08304,215,96,47.6270523,-122.3914566,10,55.02,1.111666667,100,0,47.6270523,-122.3914566,0,235,47.62679816,-122.3901966,1.9e-06,1.111666667,3.116998375,1.362460419,4.246786912,"2022_10_10_09-46-57_328.jpg",1.72133238549982,1.72133238549982,10,100
"34","EBM","EBM_east","4","T1","9:52:34","10/10/2022","0:11:24",336,-9.4488,215,96,47.6270523,-122.3914566,10,55.02,0.947777778,100,0,47.6270523,-122.3914566,0,235,47.6267918,-122.3902057,7.16e-07,0.947777778,2.657470878,1.161597938,3.086912693,"2022_10_10_09-46-57_336.jpg",1.62553370708862,1.79996869692136,8,100
"35","EBM","EBM_east","4","T1","9:52:42","10/10/2022","0:11:32",344,-9.41832,237,96,47.6270523,-122.3914566,10,55.02,0.848,100,0,47.6270523,-122.3914566,0,257,47.62678742,-122.3902159,0,0.848,2.377704307,1.039310137,2.471172189,"2022_10_10_09-46-57_344.jpg",1.24443223449766,1.47253002086795,7,100
"36","EBM","EBM_east","4","T1","9:52:50","10/10/2022","0:11:40",352,-9.41832,256,96,47.6270523,-122.3914566,10,55.02,0.812,100,0,47.6270523,-122.3914566,0,276,47.62678677,-122.3902266,9.35e-07,0.812,2.27676403,0.99518848,2.265809334,"2022_10_10_09-46-57_352.jpg",0.880330401282832,1.04169026503479,7,100
"37","EBM","EBM_east","4","T1","9:52:58","10/10/2022","0:11:48",360,-9.32688,257,96,47.6270523,-122.3914566,10,55.02,0.8021,100,0,47.6270523,-122.3914566,0,277,47.62678798,-122.3902374,9.68e-07,0.8021,2.249005454,0.983055024,2.210896111,"2022_10_10_09-46-57_360.jpg",1.73699074789818,1.66794982589519,11,100
"38","EBM","EBM_east","4","T1","9:53:06","10/10/2022","0:11:56",368,-9.11352,257,96,47.6270523,-122.3914566,10,55.02,0.827777778,100,0,47.6270523,-122.3914566,0,277,47.62678867,-122.3902434,0,0.827777778,2.321003288,1.014525749,2.354717599,"2022_10_10_09-46-57_368.jpg",1.81730537469549,1.90444814260398,9,100
"39","EBM","EBM_east","4","T1","9:53:14","10/10/2022","0:12:04",376,-8.90016,257,96,47.6270523,-122.3914566,10,55.02,0.9353,100,0,47.6270523,-122.3914566,0,277,47.62679007,-122.3902545,4.57e-07,0.9353,2.62248448,1.146305154,3.006167476,"2022_10_10_09-46-57_376.jpg",1.20894829468709,1.55361607925331,6,100
"40","EBM","EBM_east","4","T1","9:53:22","10/10/2022","0:12:12",384,-8.6868,260,96,47.6270523,-122.3914566,10,55.02,0.987666667,100,0,47.6270523,-122.3914566,0,280,47.62679242,-122.3902714,1.01e-06,0.987666667,2.769315198,1.210485824,3.352216788,"2022_10_10_09-46-57_384.jpg",1.42295676040258,1.57565334673041,8,100
"41","EBM","EBM_east","4","T1","9:53:30","10/10/2022","0:12:20",392,-8.5344,241,96,47.6270523,-122.3914566,10,55.02,1.076777778,100,0,47.6270523,-122.3914566,0,261,47.62679298,-122.3902773,4.24e-07,1.076777778,3.019173538,1.319700542,3.984404954,"2022_10_10_09-46-57_392.jpg",1.06692254193983,1.77211998356927,4,100
"42","EBM","EBM_east","4","T1","9:47:37","10/10/2022","0:06:28",40,-10.75944,261,97,47.6270523,-122.3914566,10,54.99,1.083888889,100,0,47.6270523,-122.3914566,1.17e-08,281,47.62676323,-122.389808,1.66e-06,1.083888889,3.039112358,1.328415931,4.037205272,"2022_10_10_09-46-57_40.jpg",1.74346181119888,1.82706365934511,9,100
"43","EBM","EBM_east","4","T1","9:53:38","10/10/2022","0:12:28",400,-8.6868,207,96,47.6270523,-122.3914566,10,55.02,1.1115,100,0,47.6270523,-122.3914566,0,227,47.62678572,-122.3902873,9.68e-07,1.1115,3.116531059,1.362256152,4.245513608,"2022_10_10_09-46-57_400.jpg",1.36116072024878,1.42643060520176,9,100
"44","EBM","EBM_east","4","T1","9:53:46","10/10/2022","0:12:36",408,-8.77824,208,96,47.6270523,-122.3914566,10,55.02,1.066666667,100,0,47.6270523,-122.3914566,0,228,47.62677844,-122.3902953,1.68e-06,1.066666667,2.990823028,1.307308348,3.909927912,"2022_10_10_09-46-57_408.jpg",1.47498297092103,1.47498297092103,10,100
"45","EBM","EBM_east","4","T1","9:53:54","10/10/2022","0:12:44",416,-9.02208,218,96,47.6270523,-122.3914566,10,55.02,0.888222222,100,0,47.6270523,-122.3914566,0,238,47.62677295,-122.3903019,0,0.888222222,2.490483259,1.088606556,2.711156403,"2022_10_10_09-46-57_416.jpg",0.870554476111481,1.44595968616234,4,100
"46","EBM","EBM_east","4","T1","9:54:02","10/10/2022","0:12:52",424,-8.9916,218,96,47.6270523,-122.3914566,10,55.02,1.059888889,100,0,47.6270523,-122.3914566,0,238,47.62676829,-122.3903093,9.37e-07,1.059888889,2.97181884,1.299001493,3.86039711,"2022_10_10_09-46-57_424.jpg",1.86161745856755,1.78762294483056,11,100
"47","EBM","EBM_east","4","T1","9:54:10","10/10/2022","0:13:00",432,-9.23544,222,96,47.6270523,-122.3914566,10,55.02,1.1539,100,0,47.6270523,-122.3914566,0,242,47.62676211,-122.3903195,1.41e-06,1.1539,3.235416274,1.414221659,4.57559577,"2022_10_10_09-46-57_432.jpg",1.34987806504012,1.59730350932697,7,100
"48","EBM","EBM_east","4","T1","9:54:18","10/10/2022","0:13:08",440,-9.23544,225,96,47.6270523,-122.3914566,10,55.02,1.046888889,100,0,47.6270523,-122.3914566,3.73e-09,245,47.62675696,-122.3903317,1.54e-06,1.046888889,2.935368185,1.283068672,3.76627896,"2022_10_10_09-46-57_440.jpg",1.1728948611424,1.94813619578898,4,100
"49","EBM","EBM_east","4","T1","9:54:26","10/10/2022","0:13:16",448,-9.41832,225,96,47.6270523,-122.3914566,10,55.02,0.9805,100,0,47.6270523,-122.3914566,7.57e-09,245,47.62675316,-122.3903407,2.21e-06,0.9805,2.749220605,1.201702346,3.30374485,"2022_10_10_09-46-57_448.jpg",1.37506789619197,1.7670959154972,6,100
"50","EBM","EBM_east","4","T1","9:54:34","10/10/2022","0:13:24",456,-9.41832,197,96,47.6270523,-122.3914566,10,55,1.0866,100,0,47.6270523,-122.3914566,2.79e-09,217,47.62674746,-122.3903483,1.45e-06,1.0866,3.046714034,1.331738673,4.057426903,"2022_10_10_09-46-57_456.jpg",1.13305200924481,1.45608197466263,6,100
"51","EBM","EBM_east","4","T1","9:54:42","10/10/2022","0:13:32",464,-9.4488,232,96,47.6270523,-122.3914566,10,55.02,1.4073,100,0,47.6270523,-122.3914566,3.95e-09,252,47.62673885,-122.3903569,1.83e-06,1.4073,3.94592367,1.724789098,6.805886128,"2022_10_10_09-46-57_464.jpg",0.952906710421856,1.58274378657853,4,100
"52","EBM","EBM_east","4","T1","9:54:50","10/10/2022","0:13:40",472,-9.47928,235,96,47.6270523,-122.3914566,10,55.02,1.438555556,100,0,47.6270523,-122.3914566,4.17e-09,255,47.62673744,-122.3903661,1.13e-06,1.438555556,4.033561015,1.763095956,7.111555116,"2022_10_10_09-46-57_472.jpg",1.65231537865284,2.12338588139287,6,100
"53","EBM","EBM_east","4","T1","9:47:45","10/10/2022","0:06:36",48,-10.75944,262,97,47.6270523,-122.3914566,10,54.99,1.002333333,100,0,47.6270523,-122.3914566,2.08e-09,282,47.62676483,-122.389816,1.68e-06,1.002333333,2.810439014,1.228461313,3.452515602,"2022_10_10_09-46-57_48.jpg",2.07075305766887,1.98844594088372,11,100
"54","EBM","EBM_east","4","T1","9:54:58","10/10/2022","0:13:48",480,-9.78408,235,95,47.6270523,-122.3914566,10,55.02,1.122777778,100,0,47.6270523,-122.3914566,3.42e-09,255,47.62673496,-122.3903754,8.04e-07,1.122777778,3.148152781,1.376078214,4.332104457,"2022_10_10_09-46-57_480.jpg",1.2249660461987,1.75253020673232,5,100
"55","EBM","EBM_east","4","T1","9:55:06","10/10/2022","0:13:56",488,-9.81456,235,95,47.6270523,-122.3914566,10,55.02,1.035333333,100,0,47.6270523,-122.3914566,3.95e-09,255,47.62673216,-122.3903859,8.2e-07,1.035333333,2.902967602,1.268906165,3.683593488,"2022_10_10_09-46-57_488.jpg",1.11645072201217,1.85438451000476,4,100
"56","EBM","EBM_east","4","T1","9:55:14","10/10/2022","0:14:04",496,-9.81456,235,95,47.6270523,-122.3914566,10,55,0.827444444,100,0,47.6270523,-122.3914566,5.35e-09,255,47.62672941,-122.3903961,1.42e-06,0.827444444,2.320068655,1.014117215,2.352821564,"2022_10_10_09-46-57_496.jpg",1.58864732039179,1.75912405549234,8,100
"57","EBM","EBM_east","4","T1","9:47:53","10/10/2022","0:06:44",56,-10.60704,254,97,47.6270523,-122.3914566,10,55,1.087777778,100,0,47.6270523,-122.3914566,7.91e-09,274,47.62676648,-122.3898327,9.55e-07,1.087777778,3.050016401,1.333182159,4.06622745,"2022_10_10_09-46-57_56.jpg",1.58575823373806,1.75592494278448,8,100
"58","EBM","EBM_east","4","T1","9:48:01","10/10/2022","0:06:52",64,-10.60704,262,97,47.6270523,-122.3914566,10,54.99,1.129444444,100,0,47.6270523,-122.3914566,0,282,47.62676804,-122.3898438,3.86e-07,1.129444444,3.166845425,1.384248891,4.383702269,"2022_10_10_09-46-57_64.jpg",1.86507310871889,1.79094124176176,11,100
"59","EBM","EBM_east","4","T1","9:48:09","10/10/2022","0:07:00",72,-10.57656,263,97,47.6270523,-122.3914566,10,55,1.029111111,100,0,47.6270523,-122.3914566,0,283,47.62677093,-122.3898562,1.71e-06,1.029111111,2.885521134,1.2612802,3.639450673,"2022_10_10_09-46-57_72.jpg",2.12752469558208,2.12752469558208,10,100
"60","EBM","EBM_east","4","T1","9:47:05","10/10/2022","0:05:56",8,-11.09472,260,98,47.6270523,-122.3914566,10,55.02,0.933111111,100,0,47.6270523,-122.3914566,5.06e-09,280,47.62675449,-122.3897638,1.88e-06,0.933111111,2.616347062,1.143622449,2.992113233,"2022_10_10_09-46-57_8.jpg",1.66628344055417,1.84509125840749,8,100
"61","EBM","EBM_east","4","T1","9:48:17","10/10/2022","0:07:08",80,-10.60704,264,97,47.6270523,-122.3914566,10,55,0.932555556,100,0,47.6270523,-122.3914566,0,284,47.62677346,-122.3898668,1e-06,0.932555556,2.614789341,1.142941559,2.988551406,"2022_10_10_09-46-57_80.jpg",1.90803937841452,1.83219971256531,11,100
"62","EBM","EBM_east","4","T1","9:48:25","10/10/2022","0:07:16",88,-10.60704,263,97,47.6270523,-122.3914566,10,55.02,0.826555556,100,0,47.6270523,-122.3914566,0,283,47.62677643,-122.3898795,2.25e-06,0.826555556,2.317576303,1.013027792,2.347769204,"2022_10_10_09-46-57_88.jpg",1.82034083580972,1.82034083580972,10,100
"63","EBM","EBM_east","4","T1","9:48:33","10/10/2022","0:07:24",96,-10.3632,262,97,47.6270523,-122.3914566,10,55,0.952555556,100,0,47.6270523,-122.3914566,0,282,47.62677877,-122.3898898,1.32e-06,0.952555556,2.670867273,1.16745359,3.118113587,"2022_10_10_09-46-57_96.jpg",1.91182834412966,1.91182834412966,10,100
"371","Centennial_Park","Grain_Elevator","5","T1","13:11:07","9/26/2022","0:06:01",0,-3.77952,318,97,47.6247558,-122.3705749,10,55.62,0.804266667,100,0,47.62476244,-122.3705802,0,293,47.6247558,-122.3705749,0,0.804266667,2.255080563,0.985710494,2.222856577,"2022_9_26_13-11-07_0.jpg",1.38803822537139,1.53698772587961,8,100
"372","Centennial_Park","Grain_Elevator","5","T1","13:12:51","9/26/2022","0:07:45",104,-3.23088,317,96,47.6247177,-122.3705749,10,55.54,0.952,100,0.571040883,47.62471925,-122.3705711,0.083912804,292,47.62481652,-122.3707262,1.11e-06,0.952,2.669309553,1.166772701,3.114477516,"2022_9_26_13-11-07_104.jpg",1.62249639785381,1.70029775639227,9,100
"373","Centennial_Park","Grain_Elevator","5","T1","13:12:59","9/26/2022","0:07:53",112,-3.26136,318,96,47.6247177,-122.3705673,10,55.54,0.970142857,100,0,47.6247131,-122.3705678,0.105098603,293,47.62482105,-122.3707376,3.01e-06,0.970142857,2.720180248,1.189008615,3.234317749,"2022_9_26_13-11-07_112.jpg",0.953905633830245,1.58440296244601,4,100
"374","Centennial_Park","Grain_Elevator","5","T1","13:13:07","9/26/2022","0:08:01",120,-3.53568,318,96,47.62471,-122.3705596,10,55.56,1.2092,100,0.422338083,47.62470523,-122.3705637,0.126458336,293,47.62482535,-122.3707475,1.82e-06,1.2092,3.390471755,1.481997426,5.024670414,"2022_9_26_13-11-07_120.jpg",1.8738899040928,1.73639961865137,12,100
"375","Centennial_Park","Grain_Elevator","5","T1","13:13:15","9/26/2022","0:08:09",128,-3.71856,304,96,47.6246986,-122.3705596,10,55.56,1.0294375,100,0.422338079,47.62469642,-122.3705589,0.129164951,279,47.62482937,-122.3707597,1.03e-06,1.0294375,2.886436295,1.261680223,3.641759587,"2022_9_26_13-11-07_128.jpg",2.1359638224832,1.91747975160486,13,100
"376","Centennial_Park","Grain_Elevator","5","T1","13:13:23","9/26/2022","0:08:17",136,-3.87096,306,96,47.6246871,-122.3705596,10,55.56,0.8826,100,0.571041217,47.62468692,-122.3705536,0.148445046,281,47.62483189,-122.3707741,0,0.8826,2.474719129,1.081715951,2.676943157,"2022_9_26_13-11-07_136.jpg",1.69038970929939,1.77144666327284,9,100
"377","Centennial_Park","Grain_Elevator","5","T1","13:13:31","9/26/2022","0:08:25",144,-3.77952,306,96,47.6246757,-122.370552,10,55.54,1.0942,100,0,47.6246766,-122.3705487,0.15817603,281,47.62483453,-122.3707876,1.28e-06,1.0942,3.068023648,1.341053245,4.114383068,"2022_9_26_13-11-07_144.jpg",1.83275438699768,1.92063796033834,9,100
"378","Centennial_Park","Grain_Elevator","5","T1","13:13:39","9/26/2022","0:08:33",152,-3.84048,307,96,47.6246643,-122.370552,10,55.54,1.149466667,100,0.422338078,47.62466532,-122.3705439,0.166951446,282,47.62483664,-122.3707976,1.8e-06,1.149466667,3.222985666,1.408788159,4.540504041,"2022_9_26_13-11-07_152.jpg",1.91481682464298,1.670683174162,14,100
"379","Centennial_Park","Grain_Elevator","5","T1","13:11:23","9/26/2022","0:06:17",16,-3.62712,315,97,47.6247482,-122.3705825,10,55.62,4.333,30.73333333,0,47.6247458,-122.3705821,0.080847752,290,47.6247658,-122.3706,7.96e-07,0.792370238,2.221724208,0.971130213,2.157583503,"2022_9_26_13-11-07_16.jpg",2.03778722943926,1.88827153631738,12,100
"380","Centennial_Park","Grain_Elevator","5","T1","13:13:47","9/26/2022","0:08:41",160,-4.23672,312,96,47.624649,-122.3705368,10,55.53,0.864733333,100,0,47.62465284,-122.3705406,0.181663777,287,47.62483994,-122.3708096,2.01e-06,0.864733333,2.424622844,1.059818536,2.569660234,"2022_9_26_13-11-07_160.jpg",1.79740851478147,1.56824408689892,14,100
"381","Centennial_Park","Grain_Elevator","5","T1","13:13:55","9/26/2022","0:08:49",168,-4.23672,311,96,47.6246376,-122.3705291,10,55.51,1.0452,100,0,47.62463997,-122.3705371,0.186013068,286,47.62484261,-122.3708192,1.5e-06,1.0452,2.930632715,1.280998768,3.754136896,"2022_9_26_13-11-07_168.jpg",2.2202496309792,1.88782087604486,15,100
"382","Centennial_Park","Grain_Elevator","5","T1","13:14:03","9/26/2022","0:08:57",176,-4.51104,306,96,47.6246223,-122.3705291,10,55.51,1.0854,100,0.422338077,47.62462684,-122.3705338,0.186155661,281,47.62484513,-122.3708291,7.36e-07,1.0854,3.043349358,1.330267951,4.048470114,"2022_9_26_13-11-07_176.jpg",2.51291126075974,2.13666349563505,15,100
"383","Centennial_Park","Grain_Elevator","5","T1","13:14:11","9/26/2022","0:09:05",184,-4.7244,303,96,47.6246147,-122.3705291,10,55.47,1.208333333,100,0.716307297,47.62461457,-122.3705289,0.170158928,278,47.62484752,-122.3708422,2.41e-06,1.208333333,3.388041712,1.480935238,5.017470359,"2022_9_26_13-11-07_184.jpg",2.23907278157345,1.75098062668607,19,100
"384","Centennial_Park","Grain_Elevator","5","T1","13:14:19","9/26/2022","0:09:13",192,-4.7244,306,96,47.6246109,-122.3705291,10,55.47,1.088866667,100,0,47.62460407,-122.3705214,0.159658306,281,47.62485011,-122.3708558,2.79e-06,1.088866667,3.053069532,1.334516703,4.074372287,"2022_9_26_13-11-07_192.jpg",2.17263075833516,1.8043307889825,16,100
"385","Centennial_Park","Grain_Elevator","5","T1","13:14:27","9/26/2022","0:09:21",200,-4.99872,309,96,47.6245956,-122.3705215,10,55.45,4.651066667,0,0.710252518,47.62459457,-122.3705122,0.157848778,284,47.62485266,-122.3708686,1.71e-06,1.145316667,3.211349495,1.403701912,4.507777426,"2022_9_26_13-11-07_200.jpg",2.16412242132059,1.79726476804014,16,100
"386","Centennial_Park","Grain_Elevator","5","T1","13:14:35","9/26/2022","0:09:29",208,-4.99872,308,96,47.6245841,-122.3705139,10,55.4,0.8482,95.46666667,0,47.62458494,-122.3705035,0.170771203,283,47.62485413,-122.3708746,8.36e-07,0.8482,2.378265087,1.039555257,2.472337973,"2022_9_26_13-11-07_208.jpg",2.27413736387584,1.88863020017306,16,100
"387","Centennial_Park","Grain_Elevator","5","T1","13:14:43","9/26/2022","0:09:37",216,-4.99872,301,96,47.6245689,-122.3704986,10,55.38,1.301933333,100,0,47.62457452,-122.3704914,0.185989946,276,47.62485772,-122.3708919,1.41e-06,1.301933333,3.650486432,1.595651546,5.824904318,"2022_9_26_13-11-07_216.jpg",2.263708408841,1.97509208253633,14,100
"388","Centennial_Park","Grain_Elevator","5","T1","13:14:51","9/26/2022","0:09:45",224,-5.45592,296,96,47.6245613,-122.3704757,10,55.4,1.413866667,100,0,47.62456385,-122.3704779,0.199686657,271,47.6248581,-122.3709005,0,1.413866667,3.964335924,1.732837215,6.869548823,"2022_9_26_13-11-07_224.jpg",2.11967096757017,1.8023014381317,15,100
"389","Centennial_Park","Grain_Elevator","5","T1","13:14:59","9/26/2022","0:09:53",232,-5.85216,295,96,47.6245574,-122.3704605,10,55.38,0.993,100,0,47.62455386,-122.3704616,0.21486617,270,47.62485818,-122.3709094,4.29e-07,0.993,2.784269313,1.217022365,3.388518025,"2022_9_26_13-11-07_232.jpg",1.53643903230661,1.70131332916695,8,100
"390","Centennial_Park","Grain_Elevator","5","T1","13:11:31","9/26/2022","0:06:25",24,-3.6576,314,97,47.6247444,-122.3705825,10,55.6,4.695133333,87.93333333,0,47.62474119,-122.3705828,0.053034861,289,47.62476975,-122.3706109,1e-07,0.835522619,2.342719022,1.024017839,2.39898607,"2022_9_26_13-11-07_24.jpg",2.20382675875208,1.97840110467757,13,100
"391","Centennial_Park","Grain_Elevator","5","T1","13:15:07","9/26/2022","0:10:01",240,-5.7912,277,96,47.6245498,-122.3704376,10,55.36,1.1920625,100,1.142085436,47.62454483,-122.3704425,0.226108265,252,47.62485668,-122.3709185,0,1.1920625,3.342419978,1.460993679,4.88325446,"2022_9_26_13-11-07_240.jpg",1.82777514455662,1.82777514455662,10,100
"392","Centennial_Park","Grain_Elevator","5","T1","13:15:15","9/26/2022","0:10:09",248,-5.7912,279,96,47.6245422,-122.3704223,10,55.36,1.190866667,100,0.71025299,47.62453627,-122.3704228,0.217987287,254,47.62485381,-122.3709286,1.02e-06,1.190866667,3.339066985,1.459528064,4.873461971,"2022_9_26_13-11-07_248.jpg",2.07636510343401,1.92401889028229,12,100
"393","Centennial_Park","Grain_Elevator","5","T1","13:15:23","9/26/2022","0:10:17",256,-5.85216,288,96,47.6245346,-122.3703994,10,55.33,1.211066667,100,1.228600804,47.62452875,-122.3704029,0.196463852,263,47.62485244,-122.3709394,1.77e-06,1.211066667,3.395705696,1.484285216,5.040195761,"2022_9_26_13-11-07_256.jpg",1.69653589129292,1.69653589129292,10,100
"394","Centennial_Park","Grain_Elevator","5","T1","13:15:31","9/26/2022","0:10:25",264,-6.03504,305,95,47.6245193,-122.3703918,10,55.33,1.0586,100,0.71025319,47.62452143,-122.3703878,0.159674306,280,47.62485214,-122.3709488,2.55e-06,1.0586,2.968204929,1.297421829,3.851013867,"2022_9_26_13-11-07_264.jpg",2.01249412533301,1.93250265151155,11,100
"395","Centennial_Park","Grain_Elevator","5","T1","13:15:39","9/26/2022","0:10:33",272,-6.096,310,95,47.624504,-122.3703918,10,55.31,1.114,100,0.433452232,47.62451414,-122.3703777,0.127420927,285,47.62485455,-122.3709575,9.35e-07,1.114,3.1235408,1.365320156,4.264633212,"2022_9_26_13-11-07_272.jpg",2.00230528478913,2.00230528478913,10,100
"396","Centennial_Park","Grain_Elevator","5","T1","13:15:47","9/26/2022","0:10:41",280,-6.15696,308,95,47.6244926,-122.3703689,10,55.29,1.097066667,100,0,47.62450743,-122.3703716,0.103904758,283,47.62485779,-122.3709693,9e-07,1.097066667,3.076061485,1.344566636,4.135969642,"2022_9_26_13-11-07_280.jpg",1.86893068354592,1.79464548789486,11,100
"397","Centennial_Park","Grain_Elevator","5","T1","13:15:55","9/26/2022","0:10:49",288,-6.12648,309,95,47.6245002,-122.370346,10,55.29,1.126333333,100,0.422338075,47.62450023,-122.3703689,0.10755735,284,47.62486077,-122.3709815,2.56e-06,1.126333333,3.158122191,1.380435909,4.359585277,"2022_9_26_13-11-07_288.jpg",2.40023157795372,2.09420893934712,14,100
"398","Centennial_Park","Grain_Elevator","5","T1","13:16:03","9/26/2022","0:10:57",296,-6.12648,312,95,47.6245002,-122.370346,10,55.26,1.124066667,100,0.71025336,47.62449298,-122.3703663,0.107754106,287,47.6248638,-122.3709917,1.22e-06,1.124066667,3.151766692,1.377657879,4.342056215,"2022_9_26_13-11-07_296.jpg",2.00627625827086,1.75048179244967,14,100
"399","Centennial_Park","Grain_Elevator","5","T1","13:16:11","9/26/2022","0:11:05",304,-6.06552,313,95,47.6245002,-122.3703613,10,55.26,1.1256,100,0.710253392,47.62448565,-122.3703632,0.112846915,288,47.62486689,-122.3710029,0,1.1256,3.156066001,1.379537134,4.353910246,"2022_9_26_13-11-07_304.jpg",2.34102600994963,2.1015664801102,13,100
"400","Centennial_Park","Grain_Elevator","5","T1","13:16:19","9/26/2022","0:11:13",312,-6.06552,309,95,47.624485,-122.3703613,10,55.26,1.0656,100,1.224724812,47.62447854,-122.3703592,0.107057659,284,47.6248698,-122.3710122,0,1.0656,2.987832205,1.30600104,3.902111966,"2022_9_26_13-11-07_312.jpg",2.30630128670781,2.01225449069747,14,100
"401","Centennial_Park","Grain_Elevator","5","T1","13:11:39","9/26/2022","0:06:33",32,-3.53568,314,97,47.6247367,-122.3705902,10,55.58,4.7102,93.26666667,0,47.62473826,-122.3705834,0.032725365,289,47.62477425,-122.370624,2.55e-06,0.878675,2.463713835,1.076905465,2.653186894,"2022_9_26_13-11-07_32.jpg",1.63883545575476,1.57369595457238,11,100
"402","Centennial_Park","Grain_Elevator","5","T1","13:16:27","9/26/2022","0:11:21",320,-6.03504,311,95,47.6244697,-122.3703765,10,55.26,1.0855,100,0.422338072,47.6244719,-122.3703548,0.099725537,286,47.62487218,-122.3710204,1.08e-06,1.0855,3.043629747,1.330390511,4.049216135,"2022_9_26_13-11-07_320.jpg",1.86467707270123,1.79056094715887,11,100
"403","Centennial_Park","Grain_Elevator","5","T1","13:16:35","9/26/2022","0:11:29",328,-6.03504,310,95,47.6244621,-122.3703765,10,55.26,0.989066667,100,0.578557411,47.62446567,-122.3703483,0.115792255,285,47.62487487,-122.3710299,1.03e-06,0.989066667,2.773240653,1.212201666,3.361726939,"2022_9_26_13-11-07_328.jpg",1.69819090034299,1.69819090034299,10,100
"404","Centennial_Park","Grain_Elevator","5","T1","13:16:43","9/26/2022","0:11:37",336,-6.06552,310,95,47.6244583,-122.370346,10,55.26,0.963733333,100,1.228602374,47.6244596,-122.3703398,0.120064719,285,47.62487802,-122.3710413,1.5e-06,0.963733333,2.702208606,1.181153092,3.191722051,"2022_9_26_13-11-07_336.jpg",1.97353655442234,1.82873503561166,12,100
"405","Centennial_Park","Grain_Elevator","5","T1","13:16:51","9/26/2022","0:11:45",344,-6.096,311,95,47.6244468,-122.3703384,10,55.26,0.835533333,100,0.571043845,47.62445402,-122.3703288,0.132688037,286,47.62488182,-122.371055,1.15e-06,0.835533333,2.342749063,1.02403097,2.399047597,"2022_9_26_13-11-07_344.jpg",1.52995624361864,1.52995624361864,10,100
"406","Centennial_Park","Grain_Elevator","5","T1","13:16:59","9/26/2022","0:11:53",352,-5.85216,311,95,47.6244468,-122.3702926,10,55.29,0.873266667,100,0,47.62444817,-122.3703144,0.164619013,286,47.62488414,-122.3710632,1.71e-06,0.873266667,2.448549428,1.070277003,2.620626144,"2022_9_26_13-11-07_352.jpg",0.878770749355715,1.45960662062498,4,100
"407","Centennial_Park","Grain_Elevator","5","T1","13:17:07","9/26/2022","0:12:01",360,-5.73024,311,95,47.6244468,-122.3702697,10,55.26,0.9506,100,0,47.62444155,-122.3702995,0.174838621,286,47.62488782,-122.3710762,1.26e-06,0.9506,2.665384097,1.165056858,3.105324023,"2022_9_26_13-11-07_360.jpg",1.02017793428321,1.31102781596797,6,100
"408","Centennial_Park","Grain_Elevator","5","T1","13:17:15","9/26/2022","0:12:09",368,-5.57784,323,95,47.6244392,-122.3702697,10,55.31,0.978066667,100,1.916794006,47.62443528,-122.3702829,0.177050087,298,47.6248939,-122.3710879,2e-06,0.978066667,2.74239779,1.198720048,3.287367212,"2022_9_26_13-11-07_368.jpg",1.69594355978804,1.77726682998488,9,100
"409","Centennial_Park","Grain_Elevator","5","T1","13:17:23","9/26/2022","0:12:17",376,-5.60832,318,95,47.6244354,-122.3702545,10,55.33,0.875866667,100,0,47.62442952,-122.3702667,0.167372189,293,47.62489784,-122.3710973,7e-07,0.875866667,2.455839559,1.073463567,2.636254294,"2022_9_26_13-11-07_376.jpg",2.04615564414488,1.83685789758298,13,99
"410","Centennial_Park","Grain_Elevator","5","T1","13:17:31","9/26/2022","0:12:25",384,-5.39496,306,95,47.6244277,-122.3702697,10,55.33,1.1308,100,0.716309009,47.62442475,-122.3702535,0.118678233,281,47.62490096,-122.3711085,1.11e-06,1.1308,3.170646263,1.385910262,4.394231194,"2022_9_26_13-11-07_384.jpg",1.28958768534418,1.42797252092186,8,100
"411","Centennial_Park","Grain_Elevator","5","T1","13:17:40","9/26/2022","0:12:33",392,-5.51688,307,95,47.6244201,-122.3702545,10,55.31,0.957133333,100,0.422338071,47.62441957,-122.370246,0.085562904,282,47.62490353,-122.3711216,8.44e-07,0.957133333,2.683702889,1.173064122,3.148155573,"2022_9_26_13-11-07_392.jpg",1.96108171628096,1.62864311242092,16,100
"412","Centennial_Park","Grain_Elevator","5","T1","13:11:47","9/26/2022","0:06:41",40,-3.29184,311,97,47.6247329,-122.3705825,10,55.6,4.644933333,96.06666667,0.578554412,47.6247365,-122.3705837,0.019228958,286,47.62477732,-122.3706341,8.64e-07,0.921827381,2.584708649,1.129793091,2.920185974,"2022_9_26_13-11-07_40.jpg",1.16751847704705,1.22350289941814,9,100
"413","Centennial_Park","Grain_Elevator","5","T1","13:17:48","9/26/2022","0:12:41",400,-5.54736,309,95,47.6244125,-122.3702468,10,55.31,1.1746,100,2.13680801,47.62441387,-122.3702412,0.091356907,284,47.62490636,-122.3711335,1.72e-06,1.1746,3.293456933,1.439591611,4.741232974,"2022_9_26_13-11-07_400.jpg",1.57240308934248,1.64780239172782,9,100
"414","Centennial_Park","Grain_Elevator","5","T1","13:17:56","9/26/2022","0:12:49",408,-5.91312,313,95,47.6244087,-122.3702239,10,55.29,1.042933333,100,0.578558008,47.6244073,-122.3702385,0.113618881,288,47.62490889,-122.3711412,1.12e-06,1.042933333,2.924277216,1.278220737,3.737871779,"2022_9_26_13-11-07_408.jpg",1.75109387261713,1.62261332749277,12,100
"415","Centennial_Park","Grain_Elevator","5","T1","13:18:04","9/26/2022","0:12:57",416,-6.27888,313,95,47.6243934,-122.3702392,10,55.26,0.950333333,100,1.719068935,47.6243991,-122.3702405,0.112216479,288,47.62491336,-122.3711545,1.07e-06,0.950333333,2.664636392,1.164730031,3.103582028,"2022_9_26_13-11-07_416.jpg",2.15040969682641,1.93044798227233,13,100
"416","Centennial_Park","Grain_Elevator","5","T1","13:18:12","9/26/2022","0:13:05",424,-6.2484,312,95,47.6243858,-122.3702392,10,55.26,1.0628125,100,0,47.62439116,-122.3702419,0.108516306,287,47.62491682,-122.3711652,0,1.0628125,2.980016343,1.302584675,3.881723621,"2022_9_26_13-11-07_424.jpg",2.06709745127717,1.75759953605718,15,100
"417","Centennial_Park","Grain_Elevator","5","T1","13:18:28","9/26/2022","0:13:21",440,-6.18744,314,95,47.6243743,-122.3702545,10,55.26,1.120428571,100,0,47.62437725,-122.370238,0.097771752,289,47.62492419,-122.3711883,2.32e-06,1.120428571,3.14156585,1.373199023,4.313995156,"2022_9_26_13-11-07_440.jpg",1.99902405183776,1.69971848395748,15,100
"418","Centennial_Park","Grain_Elevator","5","T1","13:18:36","9/26/2022","0:13:29",448,-6.2484,313,95,47.6243705,-122.3702468,10,55.26,0.985066667,100,0,47.6243714,-122.3702316,0.10594433,288,47.6249281,-122.3712,1.16e-06,0.985066667,2.762025067,1.207299259,3.334590817,"2022_9_26_13-11-07_448.jpg",1.63143647733114,1.56659106654208,11,100
"419","Centennial_Park","Grain_Elevator","5","T1","13:18:44","9/26/2022","0:13:37",456,-6.2484,313,95,47.6243629,-122.3702468,10,55.26,0.915266667,100,0,47.62436599,-122.3702224,0.115961437,288,47.62493169,-122.3712111,1.31e-06,0.915266667,2.566313085,1.121752269,2.878767527,"2022_9_26_13-11-07_456.jpg",2.32803318744055,1.97946644830078,15,100
"420","Centennial_Park","Grain_Elevator","5","T1","13:18:52","9/26/2022","0:13:45",464,-6.12648,314,94,47.6243629,-122.3702087,10,55.31,0.79825,100,0.42233807,47.62436008,-122.3702146,0.105064629,289,47.62493417,-122.3712184,2.12e-06,0.79825,2.238210452,0.978336458,2.189722887,"2022_9_26_13-11-07_464.jpg",2.12360619489282,1.85285249883635,14,100
"421","Centennial_Park","Grain_Elevator","5","T1","13:19:00","9/26/2022","0:13:53",472,-5.97408,314,94,47.6243515,-122.3702163,10,55.33,0.9125625,100,0,47.62435381,-122.3702101,0.088666939,289,47.62493804,-122.3712308,1.07e-06,0.9125625,2.558730881,1.118438038,2.861781947,"2022_9_26_13-11-07_472.jpg",2.35275961643439,2.00049069178823,15,100
"422","Centennial_Park","Grain_Elevator","5","T1","13:18:59","9/26/2022","0:13:53",472,-6.03504,313,94,47.6243515,-122.3702163,10,55.33,0.861357143,100,0,47.6243546,-122.3702102,0.091019758,288,47.62493769,-122.3712298,3.76e-06,0.861357143,2.415156355,1.055680672,2.549633884,"2022_9_26_13-11-07_472.jpg",2.35275961643439,2.00049069178823,15,100
"423","Centennial_Park","Grain_Elevator","5","T1","13:11:55","9/26/2022","0:06:49",48,-3.26136,323,97,47.6247329,-122.3705825,10,55.6,4.655133333,99.46666667,0.422338081,47.62473544,-122.3705837,0.012317892,298,47.62478107,-122.370643,2e-06,0.964979762,2.705703463,1.182680717,3.199983312,"2022_9_26_13-11-07_48.jpg",1.6188990848406,1.6188990848406,10,100
"424","Centennial_Park","Grain_Elevator","5","T1","13:19:07","9/26/2022","0:14:01",480,-5.9436,313,94,47.6243438,-122.3702163,10,55.33,0.945466667,100,0.571044973,47.62434838,-122.3702096,0.078429124,288,47.62494099,-122.3712397,8.94e-07,0.945466667,2.650990762,1.158765437,3.071876468,"2022_9_26_13-11-07_480.jpg",2.10032195608642,1.88548363050681,13,100
"425","Centennial_Park","Grain_Elevator","5","T1","13:19:16","9/26/2022","0:14:09",488,-5.91312,314,94,47.6243362,-122.3702163,10,55.36,0.9502,100,0,47.62434172,-122.3702078,0.089962772,289,47.62494292,-122.3712463,0,0.9502,2.664262539,1.164566618,3.102711214,"2022_9_26_13-11-07_488.jpg",2.0029514105149,1.79807295080763,13,94
"426","Centennial_Park","Grain_Elevator","5","T1","13:19:23","9/26/2022","0:14:17",496,-5.9436,314,94,47.6243247,-122.3702239,10,55.36,2.405466667,8,1.427146535,47.62433623,-122.3702115,0.113168152,289,47.62494666,-122.3712573,1e-06,0.953162963,2.672570381,1.16819803,3.122091453,"2022_9_26_13-11-07_496.jpg",1.46675701641389,1.46675701641389,10,100
"427","Centennial_Park","Grain_Elevator","5","T1","13:19:24","9/26/2022","0:14:17",496,-5.97408,314,94,47.6243362,-122.3702163,10,55.36,4.4806875,8,1.399894508,47.62433533,-122.3702122,0.113738269,289,47.62494714,-122.3712587,1.48e-06,0.938725926,2.632090422,1.150503975,3.028230491,"2022_9_26_13-11-07_496.jpg",1.46675701641389,1.46675701641389,10,100
"428","Centennial_Park","Grain_Elevator","5","T1","13:19:31","9/26/2022","0:14:25",504,-5.91312,313,94,47.6243438,-122.3701782,10,55.36,0.837666667,100,0,47.62432933,-122.3702177,0.117278082,288,47.62495116,-122.3712705,1.41e-06,0.837666667,2.348730709,1.026645587,2.411314018,"2022_9_26_13-11-07_504.jpg",1.46061705120529,1.46061705120529,10,100
"429","Centennial_Park","Grain_Elevator","5","T1","13:19:39","9/26/2022","0:14:33",512,-5.66928,314,94,47.6243209,-122.3702163,10,55.36,3.119125,3.375,0,47.62432287,-122.3702263,0.124185143,289,47.62495504,-122.3712823,1.51e-06,0.909917647,2.551314987,1.115196503,2.84521755,"2022_9_26_13-11-07_512.jpg",2.00436278385697,1.79933995719458,13,100
"430","Centennial_Park","Grain_Elevator","5","T1","13:19:47","9/26/2022","0:14:41",520,-5.6388,313,94,47.6243057,-122.3702545,10,55.38,3.5514,4.2,1.77172384,47.62431627,-122.370238,0.164913669,288,47.62495901,-122.3712944,5.85e-07,0.982168627,2.753899264,1.203747418,3.314999129,"2022_9_26_13-11-07_520.jpg",1.60947441633552,1.54550194107709,11,100
"431","Centennial_Park","Grain_Elevator","5","T1","13:19:55","9/26/2022","0:14:49",528,-5.45592,311,94,47.6243019,-122.3702697,10,55.38,4.5462,23.86666667,0.710255092,47.62430991,-122.3702556,0.211748145,286,47.62496335,-122.371308,7.05e-07,1.364904167,3.827050137,1.672828698,6.401999299,"2022_9_26_13-11-07_528.jpg",1.77888494937694,1.77888494937694,10,100
"432","Centennial_Park","Grain_Elevator","5","T1","13:20:03","9/26/2022","0:14:57",536,-5.82168,312,94,47.624298,-122.3703155,10,55.38,4.561666667,7,0,47.62430458,-122.370277,0.230060666,287,47.62496651,-122.3713181,9.62e-07,0.793122887,2.223834558,0.972052661,2.1616843,"2022_9_26_13-11-07_536.jpg",2.03323553332085,1.95241964179144,11,100
"433","Centennial_Park","Grain_Elevator","5","T1","13:20:11","9/26/2022","0:15:05",544,-5.7912,310,94,47.6242904,-122.3703536,10,55.38,4.415533333,8.6,1.217678701,47.62429979,-122.3703057,0.338155771,285,47.62497025,-122.3713305,1.41e-06,0.80534777,2.258111865,0.987035496,2.228836565,"2022_9_26_13-11-07_544.jpg",1.65179291046693,1.65179291046693,10,100
"434","Centennial_Park","Grain_Elevator","5","T1","13:20:19","9/26/2022","0:15:13",552,-5.82168,307,94,47.6243019,-122.3703231,10,55.38,4.433866667,31.73333333,1.228605581,47.62429577,-122.3703353,0.225142485,282,47.62497351,-122.3713423,4.84e-07,0.817572653,2.292389172,1.002018332,2.297015974,"2022_9_26_13-11-07_552.jpg",2.17918979219842,1.90134934698535,14,100
"435","Centennial_Park","Grain_Elevator","5","T1","13:12:03","9/26/2022","0:06:57",56,-3.10896,317,97,47.6247367,-122.3705825,10,55.6,4.7022,99.8,0.571040676,47.62473466,-122.3705832,0.012206173,292,47.62478637,-122.3706541,1.5e-06,1.008132143,2.826698277,1.235568343,3.492578907,"2022_9_26_13-11-07_56.jpg",0.580000032886322,1.21562396801439,3,100
"436","Centennial_Park","Grain_Elevator","5","T1","13:20:27","9/26/2022","0:15:21",560,-5.82168,308,94,47.6242942,-122.3703231,10,55.38,4.180466667,0,0.710255156,47.6242922,-122.3703574,0.222569021,283,47.62497508,-122.3713501,2.82e-06,0.829797535,2.326666479,1.017001167,2.366222524,"2022_9_26_13-11-07_560.jpg",1.95466794600076,1.87697491432233,11,100
"437","Centennial_Park","Grain_Elevator","5","T1","13:20:35","9/26/2022","0:15:29",568,-5.7912,313,94,47.6242866,-122.370346,10,55.36,4.275666667,4.133333333,0.57104559,47.62428854,-122.3703742,0.128654289,288,47.62497783,-122.3713595,1.46e-06,0.842022418,2.360943785,1.031984003,2.436456217,"2022_9_26_13-11-07_568.jpg",1.77904380631736,1.96995186741366,8,100
"438","Centennial_Park","Grain_Elevator","5","T1","13:20:43","9/26/2022","0:15:37",576,-5.7912,315,94,47.6242904,-122.3703765,10,55.38,4.530066667,8.933333333,2.44945785,47.62428588,-122.3703814,0.042835581,290,47.62498128,-122.37137,0,0.8542473,2.395221092,1.046966838,2.507717053,"2022_9_26_13-11-07_576.jpg",2.03491553280615,1.95403286561109,11,100
"439","Centennial_Park","Grain_Elevator","5","T1","13:20:51","9/26/2022","0:15:45",584,-5.76072,314,94,47.6242866,-122.3703842,10,55.36,4.49,5.928571429,0.578559347,47.62428328,-122.3703837,0.051279159,289,47.62498472,-122.3713801,9.42e-07,0.866472183,2.429498399,1.061949673,2.580005031,"2022_9_26_13-11-07_584.jpg",2.17251775204043,1.95029464248916,13,100
"440","Centennial_Park","Grain_Elevator","5","T1","13:20:59","9/26/2022","0:15:53",592,-5.76072,314,94,47.624279,-122.3704681,10,55.36,4.108666667,5.333333333,1.771724657,47.62428012,-122.3703893,0.075958548,289,47.6249876,-122.3713885,1.41e-06,0.878697066,2.463775705,1.076932509,2.653320152,"2022_9_26_13-11-07_592.jpg",1.42724145537384,1.37051227237782,11,100
"441","Centennial_Park","Grain_Elevator","5","T1","13:21:07","9/26/2022","0:16:01",600,-5.76072,314,94,47.624279,-122.3704452,10,55.36,4.168733333,13.53333333,0,47.62427916,-122.3703943,0.059340574,289,47.62499191,-122.3714011,1.9e-06,0.890921948,2.498053012,1.091915344,2.727662415,"2022_9_26_13-11-07_600.jpg",1.1221999875759,1.1221999875759,10,100
"442","Centennial_Park","Grain_Elevator","5","T1","13:21:15","9/26/2022","0:16:09",608,-5.45592,315,94,47.6242866,-122.3704223,10,55.38,0.9108,100,2.442406499,47.62428007,-122.3704026,0.101451339,290,47.62499429,-122.3714086,0,0.9108,2.553789013,1.116277916,2.850738277,"2022_9_26_13-11-07_608.jpg",0.659067429624017,1.09468730544661,4,100
"443","Centennial_Park","Grain_Elevator","5","T1","13:21:23","9/26/2022","0:16:17",616,-5.4864,316,94,47.62427927,-122.3703953,10,55.4,0.9502,100,0.25112926,47.62428149,-122.370415,0.122708225,291,47.62499851,-122.3714198,7.1e-07,0.9502,2.664262539,1.164566618,3.102711214,"2022_9_26_13-11-07_616.jpg",1.3314796678069,1.57553278408318,7,100
"444","Centennial_Park","Grain_Elevator","5","T1","13:21:31","9/26/2022","0:16:25",624,-5.4864,317,94,47.62427456,-122.3703695,10,55.4,0.877933333,100,0.25112928,47.62428269,-122.370429,0.15353507,292,47.62500354,-122.3714331,1.58e-06,0.877933333,2.461634279,1.075996477,2.648709812,"2022_9_26_13-11-07_624.jpg",1.8606402894154,1.8606402894154,10,100
"445","Centennial_Park","Grain_Elevator","5","T1","13:21:39","9/26/2022","0:16:33",632,-5.45592,315,94,47.62426985,-122.3703437,10,55.4,0.863133333,100,0.251129302,47.62428257,-122.3704453,0.171297905,290,47.62500695,-122.371442,2.16e-06,0.863133333,2.420136609,1.057857574,2.560159842,"2022_9_26_13-11-07_632.jpg",1.74434610713533,1.82799035871944,9,100
"446","Centennial_Park","Grain_Elevator","5","T1","13:12:11","9/26/2022","0:07:05",64,-3.01752,318,97,47.6247329,-122.3705749,10,55.62,4.707933333,100,0.422338084,47.62473379,-122.3705823,0.017289355,293,47.62479015,-122.370663,1.11e-06,1.051284524,2.94769309,1.288455969,3.797972758,"2022_9_26_13-11-07_64.jpg",1.53582898109828,1.4231427637601,12,100
"447","Centennial_Park","Grain_Elevator","5","T1","13:21:47","9/26/2022","0:16:41",640,-5.4864,316,94,47.6242752,-122.3704681,10,55.4,0.832066667,100,1.149605177,47.62427953,-122.3704619,0.182515311,291,47.62501065,-122.3714519,0,0.832066667,2.333028888,1.019782218,2.379181375,"2022_9_26_13-11-07_640.jpg",1.65680280519317,1.65680280519317,10,100
"448","Centennial_Park","Grain_Elevator","5","T1","13:21:55","9/26/2022","0:16:49",648,-5.4864,316,94,47.6242752,-122.3704986,10,55.4,0.8318,100,1.149605173,47.62427281,-122.3704819,0.231801244,291,47.62501469,-122.3714623,1.68e-06,0.8318,2.332281183,1.019455391,2.377656625,"2022_9_26_13-11-07_648.jpg",1.35862024726078,1.74595908776213,6,100
"449","Centennial_Park","Grain_Elevator","5","T1","13:22:03","9/26/2022","0:16:57",656,-5.334,316,94,47.6242752,-122.3705673,10,55.4,0.980666667,100,1.149605167,47.62426254,-122.3705044,0.272015829,291,47.62501727,-122.3714691,1.04e-06,0.980666667,2.749687922,1.201906612,3.304868095,"2022_9_26_13-11-07_656.jpg",2.32896407288726,1.98025795613621,15,100
"450","Centennial_Park","Grain_Elevator","5","T1","13:22:11","9/26/2022","0:17:05",664,-5.36448,315,93,47.6242637,-122.3705902,10,55.4,0.975666667,100,0.422338049,47.62424962,-122.3705282,0.282419654,290,47.62502154,-122.3714805,7.02e-07,0.975666667,2.735668439,1.195778605,3.271253788,"2022_9_26_13-11-07_664.jpg",2.33033916096407,2.03322760496392,14,100
"451","Centennial_Park","Grain_Elevator","5","T1","13:22:19","9/26/2022","0:17:13",672,-5.334,315,93,47.6242637,-122.3705444,10,55.4,0.976266667,100,1.771725131,47.62423595,-122.3705463,0.23725672,290,47.62502553,-122.3714913,1.08e-06,0.976266667,2.737350777,1.196513966,3.275278433,"2022_9_26_13-11-07_672.jpg",2.21937855402881,2.0565392163337,12,100
"452","Centennial_Park","Grain_Elevator","5","T1","13:22:27","9/26/2022","0:17:21",680,-5.36448,316,93,47.6242218,-122.3705062,10,55.4,1.023266667,100,1.267014145,47.62422043,-122.3705596,0.256118552,291,47.62502854,-122.3714994,0,1.023266667,2.869133916,1.25411724,3.598230307,"2022_9_26_13-11-07_680.jpg",2.10927596932048,1.8935217531057,13,100
"453","Centennial_Park","Grain_Elevator","5","T1","13:22:35","9/26/2022","0:17:29",688,-5.30352,315,93,47.6241798,-122.3705749,10,55.38,0.885133333,100,0.422338042,47.62420364,-122.3705667,0.246530601,290,47.62503343,-122.3715126,8.58e-07,0.885133333,2.481822334,1.084820809,2.692332511,"2022_9_26_13-11-07_688.jpg",2.17881956917496,1.90102632633501,14,100
"454","Centennial_Park","Grain_Elevator","5","T1","13:22:43","9/26/2022","0:17:37",696,-5.27304,315,93,47.6241531,-122.3705673,10,55.38,0.9562,100,0,47.62418538,-122.3705684,0.261917667,290,47.62503803,-122.371525,1.9e-06,0.9562,2.681085918,1.171920227,3.142018819,"2022_9_26_13-11-07_696.jpg",2.07618061777483,1.8638116682283,13,100
"455","Centennial_Park","Grain_Elevator","5","T1","13:22:51","9/26/2022","0:17:45",704,-5.45592,318,93,47.6241493,-122.3705749,10,55.38,0.931133333,100,0,47.62416588,-122.3705652,0.281298516,293,47.62504029,-122.3715312,8.83e-07,0.931133333,2.610801577,1.141198481,2.979442794,"2022_9_26_13-11-07_704.jpg",2.16660869114734,2.00764116229993,12,100
"456","Centennial_Park","Grain_Elevator","5","T1","13:22:59","9/26/2022","0:17:53",712,-5.39496,317,93,47.6241302,-122.3705673,10,55.38,0.794,100,0.710256569,47.62414549,-122.3705579,0.298862707,292,47.62504309,-122.3715389,1.52e-06,0.794,2.226293892,0.973127652,2.166468146,"2022_9_26_13-11-07_712.jpg",2.22767235074546,1.89413222281248,15,100
"457","Centennial_Park","Grain_Elevator","5","T1","13:12:19","9/26/2022","0:07:13",72,-2.71272,318,96,47.6247291,-122.3705749,10,55.62,1.288266667,76.6,0.422338082,47.62473251,-122.370581,0.025889673,293,47.62479524,-122.3706754,1.22e-06,1.288266667,3.612166512,1.578901657,5.703255693,"2022_9_26_13-11-07_72.jpg",2.32205945007299,2.02600353345242,14,100
"458","Centennial_Park","Grain_Elevator","5","T1","13:23:07","9/26/2022","0:18:01",720,-5.36448,315,93,47.6241226,-122.370552,10,55.36,1.060133333,100,1.771729622,47.62412458,-122.3705478,0.309171733,290,47.62504825,-122.3715523,7.36e-07,1.060133333,2.972504237,1.299301084,3.862177979,"2022_9_26_13-11-07_720.jpg",2.13696901375805,1.91838212359063,13,100
"459","Centennial_Park","Grain_Elevator","5","T1","13:23:15","9/26/2022","0:18:09",728,-5.36448,317,93,47.6241226,-122.3705215,10,55.36,4.655333333,0,1.149608518,47.62410358,-122.3705368,0.308012554,292,47.62505223,-122.3715627,1.5e-06,1.169874074,3.280205926,1.433799509,4.703157647,"2022_9_26_13-11-07_728.jpg",2.21082306548203,1.92894946869853,14,100
"460","Centennial_Park","Grain_Elevator","5","T1","13:23:23","9/26/2022","0:18:17",736,-5.334,316,93,47.6241035,-122.370491,10,55.36,4.6156875,8.125,0.578561361,47.62408297,-122.370527,0.293324535,291,47.62505693,-122.3715745,3.2e-06,1.056644444,2.962721754,1.295025097,3.836799025,"2022_9_26_13-11-07_736.jpg",1.67502069499536,1.75534067957163,9,100
"461","Centennial_Park","Grain_Elevator","5","T1","13:23:31","9/26/2022","0:18:25",744,-5.27304,316,93,47.624073,-122.3705139,10,55.33,0.929666667,100,0.71025707,47.62406329,-122.370521,0.267646417,291,47.6250603,-122.3715834,1.92e-06,0.929666667,2.606689196,1.139400932,2.970064099,"2022_9_26_13-11-07_744.jpg",2.19400540503634,1.82208204883124,16,100
"462","Centennial_Park","Grain_Elevator","5","T1","13:23:39","9/26/2022","0:18:33",752,-5.1816,316,93,47.6240463,-122.3705368,10,55.36,0.978333333,100,0.422338032,47.62404513,-122.3705218,0.24489454,291,47.62506479,-122.3715949,1.31e-06,0.978333333,2.743145496,1.199046875,3.289160036,"2022_9_26_13-11-07_752.jpg",2.05630820988477,1.84597197481041,13,100
"463","Centennial_Park","Grain_Elevator","5","T1","13:23:47","9/26/2022","0:18:41",760,-5.21208,275,93,47.6240196,-122.3705749,10,55.36,0.882266667,84.13333333,0.42233803,47.62402912,-122.370533,0.259956784,250,47.62506804,-122.3716053,1.25e-06,0.882266667,2.473784497,1.081307417,2.674921526,"2022_9_26_13-11-07_760.jpg",1.89050875097054,1.81536588254728,11,100
"464","Centennial_Park","Grain_Elevator","5","T1","13:23:55","9/26/2022","0:18:49",768,-5.15112,118,93,47.6240081,-122.3705825,10,55.36,1.058,100,0.422338032,47.62401596,-122.3705585,0.34921982,93,47.62506365,-122.3715969,2.07e-06,1.058,2.966522591,1.296686468,3.8466497,"2022_9_26_13-11-07_768.jpg",2.16724949093433,1.94556526276334,13,100
"465","Centennial_Park","Grain_Elevator","5","T1","13:24:03","9/26/2022","0:18:57",776,-5.0292,121,93,47.6240081,-122.3705673,10,55.4,1.002,100,0.571048612,47.62400638,-122.3706027,0.514507903,96,47.62506171,-122.3715842,2.61e-06,1.002,2.809504382,1.228052779,3.450219665,"2022_9_26_13-11-07_776.jpg",1.89268303800414,1.8174537472544,11,100
"466","Centennial_Park","Grain_Elevator","5","T1","13:11:15","9/26/2022","0:06:09",8,-3.71856,318,97,47.624752,-122.3705825,10,55.62,0.754133333,100,0,47.62475268,-122.3705811,0.116927607,293,47.62476106,-122.3705875,5.3e-07,0.754133333,2.114511881,0.924267002,1.954373557,"2022_9_26_13-11-07_8.jpg",1.99920635110004,1.79471096708816,13,100
"467","Centennial_Park","Grain_Elevator","5","T1","13:12:27","9/26/2022","0:07:21",80,-2.8956,318,96,47.6247253,-122.3705749,10,55.6,3.7736,42.13333333,0.422338082,47.62473057,-122.3705791,0.037410474,293,47.6248007,-122.3706883,1.98e-06,0.99975,2.803195615,1.225295176,3.434742064,"2022_9_26_13-11-07_80.jpg",1.83867827371212,1.76559553367015,11,100
"468","Centennial_Park","Grain_Elevator","5","T1","13:12:35","9/26/2022","0:07:29",88,-3.048,317,96,47.6247215,-122.3705749,10,55.6,3.156466667,18.86666667,0.571040841,47.62472773,-122.3705768,0.051357759,292,47.62480735,-122.3707044,3.08e-06,0.808408889,2.266694926,0.990787209,2.245812338,"2022_9_26_13-11-07_88.jpg",1.66037315719693,1.73999076835562,9,100
"469","Centennial_Park","Grain_Elevator","5","T1","13:12:43","9/26/2022","0:07:37",96,-3.26136,318,96,47.6247215,-122.3705825,10,55.58,4.116266667,91.13333333,0.422338082,47.62472385,-122.3705739,0.067132411,293,47.6248131,-122.3707181,1.91e-06,0.824977778,2.313152377,1.011094065,2.33881464,"2022_9_26_13-11-07_96.jpg",1.99732787069972,1.7930246332217,13,100
"149","Centennial_Park","Sirens_of_Spring","6","T1","9:59:38","8/15/2022","0:03:38",0,-5.97408,60,96,47.619728,-122.3631896,10,55.38,1.3984,100,0,47.61972424,-122.3631917,0,60,47.619728,-122.3631896,0,1.3984,3.92096899,1.713881244,6.720075211,"2022_8_15_09-59-38_0.jpg",1.12343511436259,1.17730566732211,9,100
"150","Centennial_Park","Sirens_of_Spring","6","T1","10:01:22","8/15/2022","0:05:22",104,-4.69392,90,96,47.6196823,-122.3631744,10,55.11,0.8863125,100,0.571096095,47.61968107,-122.3631843,0.052936686,90,47.61976933,-122.3630589,1.89e-06,0.8863125,2.485128595,1.086265997,2.699510692,"2022_8_15_09-59-38_104.jpg",1.89667055846136,2.10020107163283,8,100
"151","Centennial_Park","Sirens_of_Spring","6","T1","10:01:30","8/15/2022","0:05:30",112,-4.48056,99,96,47.6196823,-122.3631896,10,55.09,0.973625,100,0.571096095,47.61967846,-122.3631892,0.057794603,99,47.61976759,-122.3630477,2.61e-06,0.973625,2.729943816,1.193276335,3.257577351,"2022_8_15_09-59-38_112.jpg",1.29438050683724,1.43327965704572,8,100
"152","Centennial_Park","Sirens_of_Spring","6","T1","10:01:38","8/15/2022","0:05:38",120,-4.38912,104,96,47.6196746,-122.3631896,10,55.11,0.821333333,100,0.422337986,47.6196761,-122.363193,0.044827789,104,47.61976567,-122.3630382,0,0.821333333,2.302933731,1.006627428,2.318196257,"2022_8_15_09-59-38_120.jpg",0.801127759426485,0.947970201673843,7,100
"153","Centennial_Park","Sirens_of_Spring","6","T1","10:01:46","8/15/2022","0:05:46",128,-4.32816,118,95,47.6196708,-122.3631896,10,55.13,0.8128,100,0.422337987,47.61967369,-122.3631947,0.032858796,118,47.61976224,-122.3630299,1.76e-06,0.8128,2.279007148,0.996168961,2.270276183,"2022_8_15_09-59-38_128.jpg",1.19482341366193,1.10715731767748,12,100
"154","Centennial_Park","Sirens_of_Spring","6","T1","10:01:54","8/15/2022","0:05:54",136,-4.05384,117,95,47.6196746,-122.3631973,10,55.11,1.053333333,100,0,47.6196715,-122.3631925,0.055258451,117,47.61975765,-122.3630209,2.63e-06,1.053333333,2.953437739,1.290966993,3.812790638,"2022_8_15_09-59-38_136.jpg",1.12043930794973,1.24067293856479,8,100
"155","Centennial_Park","Sirens_of_Spring","6","T1","10:02:02","8/15/2022","0:06:02",144,-3.71856,108,95,47.619667,-122.3631896,10,55.13,1.2384,100,0,47.61966813,-122.3631862,0.091769533,108,47.61975483,-122.3630132,3.01e-07,1.2384,3.472345536,1.517784992,5.270273941,"2022_8_15_09-59-38_144.jpg",0.53071223262252,0.881493937924573,4,100
"156","Centennial_Park","Sirens_of_Spring","6","T1","10:02:10","8/15/2022","0:06:10",152,-3.84048,108,95,47.6196594,-122.3631896,10,55.17,0.957466667,100,0.571096344,47.61966298,-122.3631774,0.123750738,108,47.61975248,-122.3630059,0,0.957466667,2.684637522,1.173472656,3.150348724,"2022_8_15_09-59-38_152.jpg",1.02932031442277,1.4726244445934,5,100
"157","Centennial_Park","Sirens_of_Spring","6","T1","9:59:54","8/15/2022","0:03:54",16,-6.15696,71,96,47.619728,-122.3631896,10,55.26,1.363266667,100,0.710295418,47.61972565,-122.3631887,0.025743185,71,47.61973468,-122.3631701,1.04e-06,1.363266667,3.822458757,1.670821776,6.38664733,"2022_8_15_09-59-38_16.jpg",1.22515578557932,1.44972030175179,7,100
"158","Centennial_Park","Sirens_of_Spring","6","T1","10:02:18","8/15/2022","0:06:18",160,-3.44424,108,95,47.6196517,-122.363182,10,55.17,0.925,100,0.716960156,47.61965661,-122.3631682,0.128276433,108,47.61974935,-122.3629963,3.01e-06,0.925,2.593604345,1.133681458,2.940321155,"2022_8_15_09-59-38_160.jpg",0.559578546205613,0.80057590845716,5,100
"159","Centennial_Park","Sirens_of_Spring","6","T1","10:02:26","8/15/2022","0:06:26",168,-3.32232,104,95,47.6196517,-122.3631668,10,55.18,1.155666667,100,0.571096431,47.61964979,-122.3631599,0.12346787,104,47.61974557,-122.3629837,0,1.155666667,3.240369826,1.416386889,4.589617336,"2022_8_15_09-59-38_168.jpg",0.419127772256981,0.599636278605586,5,100
"160","Centennial_Park","Sirens_of_Spring","6","T1","10:02:34","8/15/2022","0:06:34",176,-3.32232,108,95,47.6196479,-122.3631439,10,55.2,1.070066667,100,0.571096473,47.61964291,-122.3631528,0.114117085,108,47.61974137,-122.3629704,5.1e-07,1.070066667,3.000356278,1.311475394,3.934893431,"2022_8_15_09-59-38_176.jpg",1.09764531255596,1.09764531255596,10,100
"161","Centennial_Park","Sirens_of_Spring","6","T1","10:02:42","8/15/2022","0:06:42",184,-3.32232,108,95,47.6196365,-122.3631362,10,55.26,0.8936,100,0.422337984,47.61963623,-122.3631483,0.096694511,108,47.61973711,-122.3629564,5e-07,0.8936,2.505561992,1.095197569,2.744085401,"2022_8_15_09-59-38_184.jpg",1.63390381560647,1.63390381560647,10,100
"162","Centennial_Park","Sirens_of_Spring","6","T1","10:02:50","8/15/2022","0:06:50",192,-3.16992,105,95,47.6196289,-122.3631362,10,55.26,0.903266667,83.06666667,0.422337983,47.61962959,-122.3631482,0.093095158,105,47.61973375,-122.3629445,1.75e-06,0.903266667,2.532666327,1.107045051,2.803775722,"2022_8_15_09-59-38_192.jpg",1.57698161159972,1.51430064189486,11,100
"163","Centennial_Park","Sirens_of_Spring","6","T1","10:02:58","8/15/2022","0:06:58",200,-2.92608,104,95,47.619625,-122.3631286,10,55.26,1.0714,100,0,47.61962264,-122.3631507,0.106736913,104,47.61973138,-122.362935,1.73e-06,1.0714,3.004094805,1.313109529,3.944705514,"2022_8_15_09-59-38_200.jpg",1.9351082251933,1.85819264219173,11,100
"164","Centennial_Park","Sirens_of_Spring","6","T1","10:03:06","8/15/2022","0:07:06",208,-2.8956,127,95,47.6196098,-122.3631439,10,55.29,0.947066667,100,0.422337983,47.61961555,-122.3631603,0.146892042,127,47.61972382,-122.3629213,9e-07,0.947066667,2.655476997,1.1607264,3.082282255,"2022_8_15_09-59-38_208.jpg",1.13225554167067,1.18654904855993,9,100
"165","Centennial_Park","Sirens_of_Spring","6","T1","10:03:14","8/15/2022","0:07:14",216,-2.92608,128,95,47.6195983,-122.3631668,10,55.31,0.821,100,1.228702647,47.61960833,-122.3631711,0.136731817,128,47.6197178,-122.3629135,0,0.821,2.3019991,1.006218894,2.316314988,"2022_8_15_09-59-38_216.jpg",1.24995467263969,1.30989204554942,9,100
"166","Centennial_Park","Sirens_of_Spring","6","T1","10:03:22","8/15/2022","0:07:22",224,-2.68224,127,95,47.6195983,-122.3631973,10,55.33,0.986866667,100,0.716352284,47.61960127,-122.3631813,0.135747162,127,47.61970775,-122.3629004,2.96e-06,0.986866667,2.767072081,1.209505343,3.346788466,"2022_8_15_09-59-38_224.jpg",1.76428852508992,1.76428852508992,10,100
"167","Centennial_Park","Sirens_of_Spring","6","T1","10:03:30","8/15/2022","0:07:30",232,-2.77368,128,95,47.6195945,-122.3632125,10,55.33,3.024066667,25,0.716352283,47.61959422,-122.3631906,0.132064137,128,47.6197005,-122.3628907,0,1.018344444,2.855332514,1.248084556,3.563696414,"2022_8_15_09-59-38_232.jpg",1.19977804329929,1.41969095476668,7,100
"168","Centennial_Park","Sirens_of_Spring","6","T1","10:00:02","8/15/2022","0:04:02",24,-6.49224,71,96,47.619728,-122.3631896,10,55.24,1.063266667,100,0,47.61972373,-122.3631863,0.042354355,71,47.61973724,-122.3631627,1.09e-06,1.063266667,2.981289781,1.303141303,3.88504185,"2022_8_15_09-59-38_24.jpg",1.12452641899943,1.33064610939159,7,100
"169","Centennial_Park","Sirens_of_Spring","6","T1","10:03:38","8/15/2022","0:07:38",240,-2.80416,128,95,47.6195945,-122.3632049,10,55.36,4.710066667,99.6,0.571097052,47.61958711,-122.3631997,0.12227441,128,47.61969344,-122.3628814,2.34e-06,1.1651,3.266819915,1.427948396,4.664850258,"2022_8_15_09-59-38_240.jpg",1.13348600212493,1.34124793628181,7,100
"170","Centennial_Park","Sirens_of_Spring","6","T1","10:03:46","8/15/2022","0:07:46",248,-2.77368,123,95,47.6195869,-122.3632049,10,55.36,0.858866667,100,0.571097134,47.61958072,-122.3632073,0.09999127,123,47.61968643,-122.3628726,1.3e-06,0.858866667,2.408173318,1.052628341,2.534911484,"2022_8_15_09-59-38_248.jpg",1.56545388976082,1.56545388976082,10,100
"171","Centennial_Park","Sirens_of_Spring","6","T1","10:03:54","8/15/2022","0:07:54",256,-2.77368,130,95,47.6195793,-122.3632202,10,55.36,3.036,22.13333333,0,47.6195743,-122.3632087,0.089197347,130,47.61967893,-122.3628624,1.61e-06,0.839561904,2.35404476,1.028968393,2.422237655,"2022_8_15_09-59-38_256.jpg",1.46507941609897,1.7336206531425,7,100
"172","Centennial_Park","Sirens_of_Spring","6","T1","10:04:02","8/15/2022","0:08:02",264,-2.77368,131,95,47.6195678,-122.3632202,10,55.36,3.4450625,12.375,0.578611779,47.61956779,-122.3632035,0.099171226,131,47.61967147,-122.3628536,5.22e-07,0.8464,2.373218073,1.037349174,2.461855807,"2022_8_15_09-59-38_264.jpg",1.44987364558613,1.60545866576978,8,100
"173","Centennial_Park","Sirens_of_Spring","6","T1","10:04:10","8/15/2022","0:08:10",272,-2.71272,132,95,47.6195564,-122.3631973,10,55.33,0.822333333,100,0,47.61956119,-122.3631951,0.133114415,132,47.61966151,-122.3628424,1.23e-06,0.822333333,2.305737627,1.007853029,2.323844652,"2022_8_15_09-59-38_272.jpg",1.4780660338004,1.4780660338004,10,100
"174","Centennial_Park","Sirens_of_Spring","6","T1","10:04:18","8/15/2022","0:08:18",280,-2.65176,128,95,47.6195487,-122.363182,10,55.36,4.024066667,48.6,0,47.61955453,-122.3631862,0.119229046,128,47.6196535,-122.3628326,1.71e-06,0.86678125,2.43036499,1.062328466,2.581845913,"2022_8_15_09-59-38_280.jpg",1.54693802242254,1.48545120824188,11,100
"175","Centennial_Park","Sirens_of_Spring","6","T1","10:04:26","8/15/2022","0:08:26",288,-2.68224,108,95,47.6195487,-122.3631973,10,55.36,3.785666667,17.4,0,47.61954771,-122.3631785,0.111818747,108,47.61964986,-122.3628243,2.9e-06,1.00683125,2.823050708,1.233973967,3.483571081,"2022_8_15_09-59-38_288.jpg",1.42738206801589,1.42738206801589,10,100
"176","Centennial_Park","Sirens_of_Spring","6","T1","10:04:34","8/15/2022","0:08:34",296,-2.62128,130,95,47.6195449,-122.3631439,10,55.36,2.649933333,20,0,47.61954093,-122.3631745,0.087709304,130,47.61964281,-122.3628145,9.38e-07,1.05265,2.951521744,1.290129499,3.80784527,"2022_8_15_09-59-38_296.jpg",1.66974351181188,1.54723177216721,12,100
"177","Centennial_Park","Sirens_of_Spring","6","T1","10:04:42","8/15/2022","0:08:42",304,-2.49936,138,95,47.6195373,-122.3631973,10,55.36,1.754066667,38.73333333,2.291905141,47.61953495,-122.3631794,0.108918873,138,47.61963117,-122.3628041,1.46e-06,1.193233334,3.345702874,1.462428654,4.892851752,"2022_8_15_09-59-38_304.jpg",1.42183007465095,1.57440575704626,8,100
"178","Centennial_Park","Sirens_of_Spring","6","T1","10:04:50","8/15/2022","0:08:50",312,-2.56032,140,95,47.6195297,-122.3631896,10,55.36,1.134266667,100,1.22482744,47.61953052,-122.3631913,0.14268716,140,47.61962367,-122.3627976,1.9e-06,1.134266667,3.180366439,1.390159015,4.421215076,"2022_8_15_09-59-38_312.jpg",1.69610778896999,1.77743893422496,9,100
"179","Centennial_Park","Sirens_of_Spring","6","T1","10:00:10","8/15/2022","0:04:10",32,-6.37032,72,96,47.6197204,-122.3631896,10,55.2,0.7582,100,0,47.61972059,-122.3631837,0.055165354,72,47.61974135,-122.3631525,1.16e-06,0.7582,2.125914394,0.929251115,1.975508321,"2022_8_15_09-59-38_32.jpg",1.8087278006216,2.00282123229624,8,100
"180","Centennial_Park","Sirens_of_Spring","6","T1","10:04:58","8/15/2022","0:08:58",320,-2.49936,139,95,47.6195259,-122.3631896,10,55.36,1.081866667,100,0.422337974,47.61952706,-122.363207,0.159230575,139,47.61961594,-122.3627911,1.99e-06,1.081866667,3.033442257,1.325937492,4.02215482,"2022_8_15_09-59-38_320.jpg",1.87003281536359,1.87003281536359,10,100
"181","Centennial_Park","Sirens_of_Spring","6","T1","10:05:06","8/15/2022","0:09:06",328,-2.71272,140,95,47.6195182,-122.363182,10,55.36,0.9582,100,0,47.61952412,-122.3632238,0.15592669,140,47.61960585,-122.3627826,2.91e-06,0.9582,2.686693712,1.17437143,3.155176337,"2022_8_15_09-59-38_328.jpg",1.97499437818596,1.97499437818596,10,100
"182","Centennial_Park","Sirens_of_Spring","6","T1","10:05:14","8/15/2022","0:09:14",336,-2.71272,138,95,47.6195106,-122.3632202,10,55.38,4.0190625,49.8125,0.710297278,47.61952141,-122.3632411,0.169300412,138,47.61959779,-122.3627757,1.18e-06,0.992306667,2.782325279,1.216172615,3.383787811,"2022_8_15_09-59-38_336.jpg",1.83653911117088,1.92460416823179,9,100
"183","Centennial_Park","Sirens_of_Spring","6","T1","10:05:22","8/15/2022","0:09:22",344,-2.7432,116,95,47.619522,-122.3632965,10,55.36,0.8982,100,0.578612282,47.61951767,-122.3632579,0.159168571,116,47.6195901,-122.3627674,0,0.8982,2.518459916,1.100835336,2.772409668,"2022_8_15_09-59-38_344.jpg",1.46764376221982,1.62513568233474,8,100
"184","Centennial_Park","Sirens_of_Spring","6","T1","10:05:30","8/15/2022","0:09:30",352,-2.68224,127,95,47.619522,-122.3633193,10,55.36,0.912466667,72.93333333,0.571097836,47.61951357,-122.3632747,0.163099295,127,47.61958579,-122.3627613,2.05e-06,0.912466667,2.558462175,1.118320585,2.861180917,"2022_8_15_09-59-38_352.jpg",1.84139231395936,1.92969009003937,9,100
"185","Centennial_Park","Sirens_of_Spring","6","T1","10:05:38","8/15/2022","0:09:38",360,-2.65176,127,95,47.619503,-122.3632888,10,55.36,3.719733333,8.466666667,1.224827978,47.61950963,-122.3632911,0.144631885,127,47.61957983,-122.3627533,0,0.981146667,2.751033792,1.202494901,3.308104109,"2022_8_15_09-59-38_360.jpg",1.67957331909617,1.76011160945137,9,100
"186","Centennial_Park","Sirens_of_Spring","6","T1","10:05:46","8/15/2022","0:09:46",368,-2.62128,127,95,47.6195144,-122.363327,10,55.36,0.9125,100,1.023850452,47.6195062,-122.3633066,0.15415667,127,47.61957304,-122.3627441,0,0.9125,2.558555637,1.118361438,2.861389963,"2022_8_15_09-59-38_368.jpg",1.70372417499565,1.88654973428561,8,100
"187","Centennial_Park","Sirens_of_Spring","6","T1","10:05:54","8/15/2022","0:09:54",376,-2.4384,127,95,47.6195106,-122.363327,10,55.33,1.051266667,100,0,47.61950401,-122.3633234,0.146147145,127,47.61956424,-122.3627325,0,1.051266667,2.947643022,1.288434084,3.797843737,"2022_8_15_09-59-38_376.jpg",1.63138609680554,1.93041046075319,7,100
"188","Centennial_Park","Sirens_of_Spring","6","T1","10:06:02","8/15/2022","0:10:02",384,-2.46888,133,95,47.6194992,-122.3633193,10,55.36,1.055533333,100,0,47.61950114,-122.3633379,0.1484067,133,47.619556,-122.3627226,2.33e-06,1.055533333,2.959606312,1.293663317,3.828734118,"2022_8_15_09-59-38_384.jpg",2.01606578593233,1.93593234777333,11,100
"189","Centennial_Park","Sirens_of_Spring","6","T1","10:06:10","8/15/2022","0:10:10",392,-2.4384,134,94,47.6194839,-122.3632965,10,55.36,1.058266667,100,0.422337968,47.61950088,-122.3633446,0.122844903,134,47.6195477,-122.3627136,1.03e-06,1.058266667,2.967270298,1.297013295,3.848589027,"2022_8_15_09-59-38_392.jpg",1.84765361652627,1.93625163231501,9,100
"190","Centennial_Park","Sirens_of_Spring","6","T1","10:00:18","8/15/2022","0:04:18",40,-6.06552,68,96,47.6197204,-122.3631896,10,55.15,0.816333333,100,0,47.61971657,-122.3631813,0.063634547,68,47.61974436,-122.3631447,1.75e-06,0.816333333,2.288914248,1.00049942,2.290057377,"2022_8_15_09-59-38_40.jpg",1.66391421106784,1.74370162155687,9,100
"191","Centennial_Park","Sirens_of_Spring","6","T1","10:06:18","8/15/2022","0:10:18",400,-2.46888,132,94,47.6194801,-122.3633193,10,55.36,1.120266667,100,0.578612741,47.61949257,-122.363365,0.230634369,132,47.61954109,-122.3627063,1.91e-06,1.120266667,3.141111886,1.373000593,4.312748482,"2022_8_15_09-59-38_400.jpg",1.87622417381986,1.87622417381986,10,100
"192","Centennial_Park","Sirens_of_Spring","6","T1","10:06:26","8/15/2022","0:10:26",408,-2.56032,133,94,47.6194877,-122.3633804,10,55.36,1.05875,100,0.571098204,47.61948593,-122.363382,0.157055995,133,47.6195333,-122.362698,1.84e-06,1.05875,2.968625514,1.297605669,3.852105295,"2022_8_15_09-59-38_408.jpg",1.92481268051007,1.84830631897286,11,100
"193","Centennial_Park","Sirens_of_Spring","6","T1","10:06:34","8/15/2022","0:10:34",416,-2.56032,121,94,47.6194877,-122.3634109,10,55.36,1.021125,100,1.224828358,47.61948087,-122.3633943,0.125557908,121,47.61952626,-122.3626891,1.64e-06,1.021125,2.863128904,1.25149241,3.583184091,"2022_8_15_09-59-38_416.jpg",1.80236305367319,1.80236305367319,10,100
"194","Centennial_Park","Sirens_of_Spring","6","T1","10:06:42","8/15/2022","0:10:42",424,-2.5908,117,94,47.6194877,-122.3634338,10,55.33,0.981,100,1.916940703,47.61947682,-122.3634045,0.111497441,117,47.61952194,-122.3626809,1.39e-06,0.981,2.750622554,1.202315146,3.307115158,"2022_8_15_09-59-38_424.jpg",1.443094841026,1.70760642280232,7,100
"195","Centennial_Park","Sirens_of_Spring","6","T1","10:06:49","8/15/2022","0:10:50",432,-2.5908,123,94,47.6194877,-122.363449,10,55.36,0.967266667,100,0.710297496,47.61947332,-122.3634138,0.10051144,123,47.61951853,-122.3626748,8.77e-07,0.967266667,2.712115708,1.185483552,3.215168563,"2022_8_15_09-59-38_432.jpg",1.47330426697378,1.89333920140514,6,100
"196","Centennial_Park","Sirens_of_Spring","6","T1","10:06:57","8/15/2022","0:10:58",440,-2.49936,124,94,47.6194763,-122.363449,10,55.36,2.494,29.93333333,0,47.61947028,-122.363424,0.10815279,124,47.61951259,-122.3626658,2.56e-07,0.994293334,2.787895686,1.218607477,3.397350529,"2022_8_15_09-59-38_440.jpg",1.66035689662322,1.83852874081089,8,100
"197","Centennial_Park","Sirens_of_Spring","6","T1","10:07:05","8/15/2022","0:11:06",448,-2.46888,123,94,47.6194648,-122.3634414,10,55.33,1.568,65.5625,0.710297662,47.61946585,-122.3634328,0.108201874,123,47.61950697,-122.3626572,0,0.976906666,2.73914527,1.19729835,3.279574112,"2022_8_15_09-59-38_448.jpg",1.22060503548478,1.74629101093442,5,100
"198","Centennial_Park","Sirens_of_Spring","6","T1","10:07:13","8/15/2022","0:11:14",456,-2.4384,152,94,47.6194534,-122.3634414,10,55.36,0.9696875,100,0,47.61946167,-122.363443,0.128042331,152,47.61949777,-122.3626449,1.52e-06,0.9696875,2.718903474,1.188450528,3.23128227,"2022_8_15_09-59-38_456.jpg",1.90172960398009,1.99292065189746,9,100
"199","Centennial_Park","Sirens_of_Spring","6","T1","10:07:21","8/15/2022","0:11:22",464,-2.4384,119,94,47.6194534,-122.363449,10,55.38,1.0616,88.8,0,47.6194588,-122.3634567,0.142356072,119,47.61949039,-122.362638,1.75e-06,1.0616,2.976616619,1.301098633,3.872871815,"2022_8_15_09-59-38_464.jpg",1.7358177643743,1.92208726635985,8,100
"200","Centennial_Park","Sirens_of_Spring","6","T1","10:07:29","8/15/2022","0:11:30",472,-2.46888,126,94,47.6194725,-122.3635101,10,55.38,4.5874,60.93333333,1.433252471,47.61945882,-122.3634739,0.17539885,126,47.61948468,-122.3626293,1.64e-06,1.234453334,3.461279491,1.512947952,5.236735716,"2022_8_15_09-59-38_472.jpg",1.65964359351862,1.83773889360311,8,100
"201","Centennial_Park","Sirens_of_Spring","6","T1","10:00:26","8/15/2022","0:04:26",48,-5.7912,69,96,47.6197166,-122.363182,10,55.13,0.908866667,100,0,47.61971199,-122.3631792,0.068306352,69,47.61974801,-122.3631348,1.13e-06,0.908866667,2.548368147,1.11390842,2.838648736,"2022_8_15_09-59-38_48.jpg",1.80514575679181,1.99885480161781,8,100
"202","Centennial_Park","Sirens_of_Spring","6","T1","10:07:37","8/15/2022","0:11:38",480,-2.4384,127,94,47.619461,-122.3635025,10,55.36,3.575933333,33,0,47.61946315,-122.3634951,0.231868278,127,47.6194782,-122.3626206,2.04e-06,1.021466667,2.864086902,1.251911157,3.585582346,"2022_8_15_09-59-38_480.jpg",1.29856608877513,1.66878365630706,6,100
"203","Centennial_Park","Sirens_of_Spring","6","T1","10:07:45","8/15/2022","0:11:46",488,-2.4384,126,94,47.6196556,-122.3630142,10,55.33,0.906357143,96.35714286,43.87175014,47.6194741,-122.3635217,0.351249354,126,47.61947041,-122.3626103,2.2e-06,0.906357143,2.541331702,1.110832743,2.822994465,"2022_8_15_09-59-38_488.jpg",1.2450933683788,1.60006601257139,6,100
"204","Centennial_Park","Sirens_of_Spring","6","T1","10:07:53","8/15/2022","0:11:54",496,-2.40792,126,94,47.6194725,-122.3635406,10,55.33,0.927266667,100,0.422337959,47.61949383,-122.3635557,0.466111115,126,47.61946332,-122.3626006,1.08e-06,0.927266667,2.599959845,1.136459489,2.954749036,"2022_8_15_09-59-38_496.jpg",1.63883684843798,1.81469938992093,8,100
"205","Centennial_Park","Sirens_of_Spring","6","T1","10:08:01","8/15/2022","0:12:02",504,-2.40792,136,94,47.6194915,-122.3636169,10,55.31,1.186466667,83.26666667,0.710297454,47.61952172,-122.3635949,0.579888455,136,47.61945958,-122.3625958,1.7e-07,1.186466667,3.326729841,1.454135417,4.837515685,"2022_8_15_09-59-38_504.jpg",1.78639106280406,1.87205143884616,9,100
"206","Centennial_Park","Sirens_of_Spring","6","T1","10:08:09","8/15/2022","0:12:10",512,-2.37744,143,94,47.619522,-122.363655,10,55.29,4.5146,62.4,0,47.61955471,-122.3636358,0.611116237,143,47.61944779,-122.3625869,1.6e-06,0.926945,2.599057924,1.136065253,2.952699399,"2022_8_15_09-59-38_512.jpg",1.5844296025107,1.75445373698383,8,100
"207","Centennial_Park","Sirens_of_Spring","6","T1","10:08:17","8/15/2022","0:12:18",520,-2.37744,140,94,47.6195755,-122.3637161,10,55.29,4.366933333,41.93333333,1.719139935,47.61959151,-122.3636767,0.649121407,140,47.61943678,-122.3625777,2.47e-06,0.990815104,2.778143091,1.214344554,3.373622933,"2022_8_15_09-59-38_520.jpg",1.36124651415503,1.61075573448504,7,100
"208","Centennial_Park","Sirens_of_Spring","6","T1","10:08:25","8/15/2022","0:12:26",528,-2.5908,139,94,47.6196098,-122.363739,10,55.29,0.8999375,76.8125,0.42233796,47.61963039,-122.3637152,0.635735323,139,47.61942822,-122.3625702,1.49e-06,0.8999375,2.523331687,1.102964819,2.783146076,"2022_8_15_09-59-38_528.jpg",1.59356445158107,1.88565630983381,7,100
"209","Centennial_Park","Sirens_of_Spring","6","T1","10:08:33","8/15/2022","0:12:34",536,-2.62128,134,94,47.6196784,-122.3637619,10,55.29,3.830333333,48.66666667,1.267013892,47.61966705,-122.3637477,0.565481822,134,47.61941963,-122.3625619,1.85e-06,1.421086667,3.984580057,1.741686059,6.939887536,"2022_8_15_09-59-38_536.jpg",1.57183764410909,1.64720983246977,9,100
"210","Centennial_Park","Sirens_of_Spring","6","T1","10:08:41","8/15/2022","0:12:42",544,-2.52984,134,94,47.6197242,-122.3637771,10,55.29,1.895666667,35.33333333,1.267013901,47.61970025,-122.3637743,0.505131332,134,47.61941285,-122.3625548,1.3e-06,0.88098,2.470176818,1.079730477,2.667125194,"2022_8_15_09-59-38_544.jpg",1.82191490779928,1.90927871036658,9,100
"211","Centennial_Park","Sirens_of_Spring","6","T1","10:08:49","8/15/2022","0:12:50",552,-2.34696,133,94,47.6197547,-122.3637847,10,55.29,0.935133333,100,0.42233797,47.61972746,-122.363795,0.369654145,133,47.61940211,-122.3625436,2.24e-06,0.935133333,2.622017163,1.146100887,3.005096196,"2022_8_15_09-59-38_552.jpg",1.68930079238871,1.77030553101358,9,100
"212","Centennial_Park","Sirens_of_Spring","6","T1","10:00:34","8/15/2022","0:04:34",56,-5.12064,50,96,47.619709,-122.363182,10,55.09,1.030266667,100,0,47.6197071,-122.3631777,0.069907154,50,47.6197535,-122.3631237,2.18e-06,1.030266667,2.888761193,1.262696451,3.647628507,"2022_8_15_09-59-38_56.jpg",1.65267352244552,1.83002086862941,8,100
"213","Centennial_Park","Sirens_of_Spring","6","T1","10:08:57","8/15/2022","0:12:58",560,-2.37744,135,94,47.61977,-122.3638,10,55.26,1.8728,49.93333333,0.710294982,47.6197482,-122.3638118,0.282026523,135,47.61939393,-122.3625352,1.96e-06,0.958342857,2.687094267,1.174546516,3.15611721,"2022_8_15_09-59-38_560.jpg",0.988546217906634,1.41428990053113,5,100
"214","Centennial_Park","Sirens_of_Spring","6","T1","10:09:05","8/15/2022","0:13:06",568,-2.37744,136,94,47.6197738,-122.3638076,10,55.26,4.094,69.13333333,0,47.61976102,-122.3638237,0.136477044,136,47.61938701,-122.3625289,2.31e-06,1.150566667,3.226069952,1.41013632,4.54919841,"2022_8_15_09-59-38_568.jpg",0.975232695871984,1.39524255665077,5,100
"215","Centennial_Park","Sirens_of_Spring","6","T1","10:09:13","8/15/2022","0:13:14",576,-2.37744,137,94,47.6197624,-122.3638229,10,55.26,0.8648,100,0.422337969,47.61976569,-122.3638291,0.042088215,137,47.61937795,-122.3625204,2.64e-06,0.8648,2.42480977,1.059900243,2.570056465,"2022_8_15_09-59-38_576.jpg",1.59482041440138,1.53143039809144,11,100
"216","Centennial_Park","Sirens_of_Spring","6","T1","10:09:21","8/15/2022","0:13:22",584,-2.34696,131,94,47.6197471,-122.3638305,10,55.26,1.008733333,100,0.422337965,47.61976279,-122.3638284,0.095146363,131,47.61936793,-122.3625097,1.53e-06,1.008733333,2.828383952,1.236305163,3.496745682,"2022_8_15_09-59-38_584.jpg",1.49839111206759,1.7730382051795,7,100
"217","Centennial_Park","Sirens_of_Spring","6","T1","10:09:30","8/15/2022","0:13:30",592,-2.40792,130,94,47.6197242,-122.3638381,10,55.26,0.97075,100,0.855790086,47.61974488,-122.3638395,0.283731497,130,47.61936137,-122.3625019,1.9e-06,0.97075,2.721882614,1.18975273,3.238367271,"2022_8_15_09-59-38_592.jpg",1.46041899753614,1.7281060047323,7,100
"218","Centennial_Park","Sirens_of_Spring","6","T1","10:09:38","8/15/2022","0:13:38",600,-2.40792,130,94,47.6197166,-122.3638458,10,55.26,0.9958,100,0.422337965,47.61972392,-122.3638482,0.322517938,130,47.61935525,-122.3624944,1.4e-06,0.9958,2.792120223,1.22045405,3.407654434,"2022_8_15_09-59-38_600.jpg",1.8503377555223,1.66106988446987,13,100
"219","Centennial_Park","Sirens_of_Spring","6","T1","10:09:46","8/15/2022","0:13:46",608,-2.40792,139,94,47.6196975,-122.3638534,10,55.22,1.0056,100,0,47.61969837,-122.3638543,0.375236068,139,47.61934827,-122.3624875,9.6e-07,1.0056,2.81959841,1.232464945,3.475056199,"2022_8_15_09-59-38_608.jpg",1.83717618870308,1.70237964700696,12,100
"220","Centennial_Park","Sirens_of_Spring","6","T1","10:09:54","8/15/2022","0:13:54",616,-2.31648,135,93,47.6196632,-122.363861,10,55.24,1.101066667,100,0.42233796,47.61967168,-122.3638604,0.373987562,135,47.61933848,-122.3624784,1.39e-06,1.101066667,3.087277072,1.349469043,4.166184835,"2022_8_15_09-59-38_616.jpg",1.67340419111531,1.8529761321894,8,100
"221","Centennial_Park","Sirens_of_Spring","6","T1","10:10:02","8/15/2022","0:14:02",624,-2.04216,135,93,47.6196479,-122.3638687,10,55.26,2.123133333,11,0.422337959,47.61964435,-122.3638629,0.373782197,135,47.61932928,-122.3624692,1.68e-06,1.358192592,3.808231577,1.664602982,6.339193639,"2022_8_15_09-59-38_624.jpg",1.6099330671029,2.06892049111169,6,100
"222","Centennial_Park","Sirens_of_Spring","6","T1","10:10:10","8/15/2022","0:14:10",632,-2.04216,136,93,47.619625,-122.3638763,10,55.26,1.430071429,100,0,47.61961726,-122.3638631,0.383131948,136,47.61932232,-122.362462,1.62e-06,1.430071429,4.009772402,1.752697798,7.027919257,"2022_8_15_09-59-38_632.jpg",1.72711941342722,1.91245550089642,8,100
"223","Centennial_Park","Sirens_of_Spring","6","T1","10:00:42","8/15/2022","0:04:42",64,-4.99872,50,96,47.6196937,-122.3631668,10,55.08,0.91125,100,0.710295687,47.61970211,-122.3631769,0.069195004,50,47.61976458,-122.3631105,2.06e-06,0.91125,2.555050767,1.116829436,2.853555908,"2022_8_15_09-59-38_64.jpg",1.69293715014698,1.8746051606506,8,100
"224","Centennial_Park","Sirens_of_Spring","6","T1","10:10:18","8/15/2022","0:14:18",640,-2.07264,136,93,47.619606,-122.3638687,10,55.29,1.408533333,100,0.571096891,47.6195926,-122.3638634,0.306605023,136,47.61931661,-122.3624561,0,1.408533333,3.949381808,1.726300673,6.817820473,"2022_8_15_09-59-38_640.jpg",1.89783223841943,1.98883640127762,9,100
"225","Centennial_Park","Sirens_of_Spring","6","T1","10:10:26","8/15/2022","0:14:26",648,-2.04216,128,93,47.6195716,-122.363861,10,55.29,1.386733333,100,0.43345211,47.61957038,-122.3638626,0.332791868,128,47.61930951,-122.3624486,8.77e-07,1.386733333,3.888256862,1.699582559,6.608413547,"2022_8_15_09-59-38_648.jpg",1.38512106024731,1.53375752161857,8,100
"226","Centennial_Park","Sirens_of_Spring","6","T1","10:10:34","8/15/2022","0:14:34",656,-2.22504,126,93,47.6195526,-122.3638687,10,55.31,1.2044,100,0.578611915,47.61954908,-122.3638624,0.261361136,126,47.61930249,-122.3624395,1.13e-06,1.2044,3.377013052,1.476114538,4.984858062,"2022_8_15_09-59-38_656.jpg",1.62960619922255,1.8044782056,8,100
"227","Centennial_Park","Sirens_of_Spring","6","T1","10:10:42","8/15/2022","0:14:42",664,-2.286,125,93,47.6195144,-122.3638458,10,55.31,1.0608,96.6,1.019622541,47.61953304,-122.3638682,0.228332166,125,47.61929726,-122.362432,7.28e-07,1.0608,2.974373502,1.300118152,3.867036981,"2022_8_15_09-59-38_664.jpg",1.90513917865775,1.82941478830177,11,100
"228","Centennial_Park","Sirens_of_Spring","6","T1","10:10:50","8/15/2022","0:14:50",672,-2.25552,125,93,47.6195106,-122.3638687,10,55.29,4.6682,91,0.710297236,47.61951795,-122.3638733,0.205916317,125,47.61929214,-122.3624247,0,1.161745455,3.257414117,1.42383706,4.638026941,"2022_8_15_09-59-38_672.jpg",1.8316831880994,1.69728967660226,12,100
"229","Centennial_Park","Sirens_of_Spring","6","T1","10:10:58","8/15/2022","0:14:58",680,-2.22504,126,93,47.6194877,-122.3638534,10,55.31,4.678533333,56.26666667,2.052661443,47.61950332,-122.3638766,0.198664075,126,47.6192815,-122.36241,2.12e-06,1.134552381,3.18116755,1.390509186,4.423442701,"2022_8_15_09-59-38_680.jpg",1.75054463144221,1.62210438501723,12,100
"230","Centennial_Park","Sirens_of_Spring","6","T1","10:11:06","8/15/2022","0:15:06",688,-2.22504,125,93,47.6194801,-122.363861,10,55.31,1.707666667,54.33333333,0,47.61948863,-122.363877,0.275395916,125,47.61927621,-122.3624026,1.89e-06,1.0928,3.064098192,1.339337403,4.103861314,"2022_8_15_09-59-38_688.jpg",1.72506720184533,1.72506720184533,10,100
"231","Centennial_Park","Sirens_of_Spring","6","T1","10:11:14","8/15/2022","0:15:14",696,-2.25552,128,93,47.6194801,-122.3638839,10,55.33,3.8056,37.2,1.224828383,47.6194683,-122.3638714,0.297432826,128,47.61926925,-122.3623929,1.9e-06,1.47835,4.145140522,1.81186809,7.51044784,"2022_8_15_09-59-38_696.jpg",1.55073313499333,1.83497424152962,7,100
"232","Centennial_Park","Sirens_of_Spring","6","T1","10:11:22","8/15/2022","0:15:22",704,-2.25552,132,93,47.6194534,-122.3638687,10,55.33,4.648666667,51,0,47.61944661,-122.363863,0.322684182,132,47.61925977,-122.3623816,2.34e-06,1.296209524,3.634437462,1.588636435,5.773799773,"2022_8_15_09-59-38_704.jpg",1.32679764872106,1.469175461839,8,100
"233","Centennial_Park","Sirens_of_Spring","6","T1","10:11:30","8/15/2022","0:15:30",712,-2.22504,136,93,47.6194496,-122.3638992,10,55.33,3.4048,22.46666667,0.571098595,47.61942348,-122.3638519,0.349689043,136,47.61925397,-122.3623761,5.31e-07,1.242383333,3.48351439,1.522666971,5.304232305,"2022_8_15_09-59-38_712.jpg",1.61041251952896,1.68763443631868,9,100
"234","Centennial_Park","Sirens_of_Spring","6","T1","10:00:50","8/15/2022","0:04:50",72,-4.75488,57,96,47.6196861,-122.3631668,10,55.09,0.948466667,100,0.710295753,47.61969722,-122.3631768,0.066899394,57,47.61977258,-122.3630999,1.93e-06,0.948466667,2.659402452,1.162442242,3.091401749,"2022_8_15_09-59-38_72.jpg",1.72737574218356,1.91273933612883,8,100
"235","Centennial_Park","Sirens_of_Spring","6","T1","10:11:38","8/15/2022","0:15:38",720,-2.25552,138,93,47.6194305,-122.363861,10,55.38,1.220933333,100,0.716353699,47.6193989,-122.3638382,0.376950705,138,47.61924616,-122.362369,5.24e-07,1.220933333,3.423370808,1.496377817,5.122656138,"2022_8_15_09-59-38_720.jpg",1.23667584601012,1.58924867806922,6,100
"236","Centennial_Park","Sirens_of_Spring","6","T1","10:11:46","8/15/2022","0:15:46",728,-2.22504,137,93,47.619358,-122.3638076,10,55.44,1.127933333,100,7.17421638,47.61937293,-122.3638219,0.402991524,137,47.61923553,-122.3623594,2e-06,1.127933333,3.162608425,1.382396871,4.37197999,"2022_8_15_09-59-38_728.jpg",1.1260847747736,1.44712840108965,6,100
"237","Centennial_Park","Sirens_of_Spring","6","T1","10:11:54","8/15/2022","0:15:54",736,-2.22504,137,93,47.6193618,-122.3638305,10,55.47,1.2418,100,0,47.6193457,-122.3638034,0.426373313,137,47.61922773,-122.3623522,2.29e-06,1.2418,3.481878784,1.521952037,5.29925251,"2022_8_15_09-59-38_736.jpg",1.73836904193557,1.92491231989607,8,100
"238","Centennial_Park","Sirens_of_Spring","6","T1","10:12:02","8/15/2022","0:16:02",744,-2.22504,137,93,47.6193199,-122.3637771,10,55.56,1.198,100,0.422337939,47.61931741,-122.3637829,0.445699547,137,47.61921887,-122.3623442,1.03e-06,1.198,3.359068114,1.468270688,4.932021251,"2022_8_15_09-59-38_744.jpg",1.94173046297692,1.94173046297692,10,100
"239","Centennial_Park","Sirens_of_Spring","6","T1","9:59:46","8/15/2022","0:03:46",8,-5.91312,70,96,47.6197242,-122.3631896,10,55.31,1.5368,100,0.422337989,47.61972596,-122.3631906,0.017668641,70,47.61973151,-122.3631795,2.51e-07,1.46760606,4.115015626,1.798700301,7.401679845,"2022_8_15_09-59-38_8.jpg",0.943775666221244,1.21284347452496,6,100
"240","Centennial_Park","Sirens_of_Spring","6","T1","10:00:58","8/15/2022","0:04:58",80,-4.75488,139,96,47.6196861,-122.3631744,10,55.09,1.102133333,100,0,47.61969256,-122.3631775,0.063666703,139,47.6197658,-122.3630889,2.4e-06,1.102133333,3.090267893,1.35077635,4.174260786,"2022_8_15_09-59-38_80.jpg",1.86442178809299,2.06449170619541,8,100
"241","Centennial_Park","Sirens_of_Spring","6","T1","10:01:06","8/15/2022","0:05:06",88,-4.75488,100,96,47.6196899,-122.3631744,10,55.11,1.196866667,100,0,47.61968821,-122.3631788,0.059996086,100,47.61976111,-122.3630792,0,1.196866667,3.355890365,1.466881674,4.922694075,"2022_8_15_09-59-38_88.jpg",1.85414469095431,1.94305396438871,9,100
"242","Centennial_Park","Sirens_of_Spring","6","T1","10:01:14","8/15/2022","0:05:14",96,-4.7244,36,96,47.6196899,-122.363182,10,55.11,1.1924,100,0,47.61968424,-122.3631806,0.056176966,36,47.61976506,-122.3630708,1.04e-07,1.1924,3.343366293,1.46140732,4.886019972,"2022_8_15_09-59-38_96.jpg",0.981346638235039,1.02840381614485,9,100
"243","Centennial_Park","Pebble_Beach","7","T1","11:59:18","8/15/2022","0:01:27",0,-7.89432,78,52,47.6173858,-122.3603744,10,55.09,1.3816,100,0,47.61738551,-122.360371,0,78,47.6173858,-122.3603744,0,1.3816,3.873863527,1.693291138,6.55957878,"2022_8_15_11-59-18_0.jpg",1.36155633440868,1.74973224516108,6,100
"244","Centennial_Park","Pebble_Beach","7","T1","12:01:02","8/15/2022","0:03:11",104,-7.62,110,52,47.617321,-122.3602981,10,54.81,0.970733333,100,0,47.61731929,-122.3603029,0.121360152,110,47.61737577,-122.36022,1.41e-06,0.970733333,2.721835882,1.189732303,3.238256074,"2022_8_15_11-59-18_104.jpg",1.87169507294114,1.96144591592432,9,100
"245","Centennial_Park","Pebble_Beach","7","T1","12:01:10","8/15/2022","0:03:19",112,-7.55904,109,52,47.6173095,-122.3602981,10,54.81,0.955,100,0.42233792,47.6173106,-122.3603032,0.1218699,109,47.61737314,-122.3602125,0,0.955,2.677721242,1.170449505,3.134137504,"2022_8_15_11-59-18_112.jpg",1.98530225950389,1.90639159252617,11,100
"246","Centennial_Park","Pebble_Beach","7","T1","12:01:18","8/15/2022","0:03:27",120,-7.55904,109,52,47.6173057,-122.3603057,10,54.81,0.893933333,100,0,47.61730262,-122.3602995,0.117927198,109,47.61736952,-122.360202,1.04e-07,0.893933333,2.506496624,1.095606102,2.746132997,"2022_8_15_11-59-18_120.jpg",1.3664790936505,1.3664790936505,10,100
"247","Centennial_Park","Pebble_Beach","7","T1","12:01:26","8/15/2022","0:03:35",128,-7.52856,109,52,47.6172904,-122.3603134,10,54.81,0.858533333,100,0.433452074,47.61729416,-122.3602934,0.135270469,109,47.61736474,-122.3601881,2.42e-06,0.858533333,2.407238685,1.052219807,2.532944223,"2022_8_15_11-59-18_128.jpg",0.226967522500604,0.753969789621738,2,100
"248","Centennial_Park","Pebble_Beach","7","T1","12:01:34","8/15/2022","0:03:43",136,-7.43712,109,52,47.6172828,-122.3602828,10,54.81,0.857,100,0.422337918,47.61728506,-122.3602861,0.144794357,109,47.61736227,-122.360181,0,0.857,2.402939377,1.050340551,2.523904669,"2022_8_15_11-59-18_136.jpg",0.71635370477055,1.02487045270425,5,100
"249","Centennial_Park","Pebble_Beach","7","T1","12:01:42","8/15/2022","0:03:51",144,-7.19328,108,52,47.617279,-122.3602676,10,54.79,1.067875,100,0.571122417,47.61727593,-122.360278,0.161000729,108,47.61736016,-122.3601748,0,1.067875,2.99421107,1.308789283,3.91879136,"2022_8_15_11-59-18_144.jpg",1.406234085911,1.47366531253911,9,100
"250","Centennial_Park","Pebble_Beach","7","T1","12:01:50","8/15/2022","0:03:59",152,-7.13232,108,52,47.6172714,-122.3602523,10,54.79,0.951375,100,0.57863727,47.61726678,-122.3602679,0.167623732,108,47.61735554,-122.3601607,1.41e-06,0.951375,2.667557117,1.1660067,3.11038947,"2022_8_15_11-59-18_152.jpg",2.01433088518152,1.9342664048725,11,100
"251","Centennial_Park","Pebble_Beach","7","T1","11:59:34","8/15/2022","0:01:43",16,-8.16864,73,52,47.6173858,-122.3603744,10,54.95,1.057,100,0,47.61738482,-122.360373,0.062135129,73,47.61739275,-122.3603486,2.08e-06,1.057,2.963718695,1.295460866,3.839381587,"2022_8_15_11-59-18_16.jpg",1.34661961850194,1.59344780693046,7,100
"252","Centennial_Park","Pebble_Beach","7","T1","12:01:58","8/15/2022","0:04:07",160,-7.10184,108,52,47.6172561,-122.36026,10,54.79,0.943,100,0.716373211,47.61725858,-122.3602547,0.171293693,108,47.61735304,-122.3601533,1.82e-06,0.943,2.644074483,1.155742286,3.055868689,"2022_8_15_11-59-18_160.jpg",1.01095618597892,1.19625905884466,7,100
"253","Centennial_Park","Pebble_Beach","7","T1","12:02:06","8/15/2022","0:04:15",168,-7.13232,108,51,47.6172485,-122.3602447,10,54.79,0.855733333,100,0.422337917,47.61725296,-122.3602376,0.185502905,108,47.61734921,-122.3601419,1.44e-06,0.855733333,2.399387774,1.048788122,2.516449398,"2022_8_15_11-59-18_168.jpg",1.2293618534437,1.75881918511156,5,100
"254","Centennial_Park","Pebble_Beach","7","T1","12:02:14","8/15/2022","0:04:23",176,-6.97992,87,51,47.6172447,-122.3602294,10,54.81,0.813533333,100,0.422337917,47.61724897,-122.3602184,0.201897656,87,47.61734929,-122.3601274,1.02e-06,0.813533333,2.281063338,0.997067736,2.274374658,"2022_8_15_11-59-18_176.jpg",0.939634055891487,1.11186396299728,7,100
"255","Centennial_Park","Pebble_Beach","7","T1","12:02:22","8/15/2022","0:04:31",184,-6.79704,70,51,47.6172447,-122.3602066,10,54.81,0.816875,100,0.571122792,47.61724712,-122.3601979,0.190315952,70,47.61735096,-122.3601205,0,0.816875,2.290433026,1.001163288,2.293097458,"2022_8_15_11-59-18_184.jpg",1.35897590749268,1.74641614573346,6,100
"256","Centennial_Park","Pebble_Beach","7","T1","12:02:30","8/15/2022","0:04:39",192,-6.49224,71,51,47.6172447,-122.3601837,10,54.81,0.782466667,100,0,47.6172451,-122.3601788,0.183110803,71,47.61735376,-122.3601127,1.62e-06,0.782466667,2.193955618,0.95899238,2.103986719,"2022_8_15_11-59-18_192.jpg",1.77981327324334,1.70907026581709,11,100
"257","Centennial_Park","Pebble_Beach","7","T1","12:02:38","8/15/2022","0:04:47",200,-6.12648,70,51,47.6172409,-122.3601608,10,54.81,0.878066667,100,0,47.61724289,-122.3601596,0.192004298,70,47.61735681,-122.3601041,1.03e-06,0.878066667,2.462008132,1.076159891,2.649514402,"2022_8_15_11-59-18_200.jpg",1.9723984819776,2.06697821829013,9,100
"258","Centennial_Park","Pebble_Beach","7","T1","12:02:46","8/15/2022","0:04:55",208,-5.7912,83,51,47.6172447,-122.3601303,10,54.81,0.872666667,100,0.571122797,47.61724044,-122.3601404,0.1622104,83,47.61735892,-122.3600947,4.84e-07,0.872666667,2.44686709,1.069541642,2.617026246,"2022_8_15_11-59-18_208.jpg",1.76445067599392,1.76445067599392,10,100
"259","Centennial_Park","Pebble_Beach","7","T1","12:02:54","8/15/2022","0:05:03",216,-5.39496,94,51,47.6172409,-122.360115,10,54.81,0.931133333,100,0,47.61723559,-122.360126,0.145661242,94,47.61735818,-122.3600825,1.01e-06,0.931133333,2.610801577,1.141198481,2.979442794,"2022_8_15_11-59-18_216.jpg",1.42094510933824,1.68139676352139,7,100
"260","Centennial_Park","Pebble_Beach","7","T1","12:03:02","8/15/2022","0:05:11",224,-5.15112,93,51,47.6172294,-122.360115,10,54.88,1.007,100,0,47.61722827,-122.3601158,0.142516055,93,47.61735738,-122.360074,7.4e-07,1.007,2.823523865,1.234180787,3.484738907,"2022_8_15_11-59-18_224.jpg",1.41015905688239,1.41015905688239,10,100
"261","Centennial_Park","Pebble_Beach","7","T1","12:03:10","8/15/2022","0:05:19",232,-5.1816,128,51,47.6172218,-122.360115,10,54.91,1.0024,100,1.719174601,47.61721782,-122.3601121,0.159543641,128,47.61735255,-122.3600637,1.81e-06,1.0024,2.810625941,1.22854302,3.452974882,"2022_8_15_11-59-18_232.jpg",1.05807383006915,1.3597277258727,6,100
"262","Centennial_Park","Pebble_Beach","7","T1","11:59:42","8/15/2022","0:01:51",24,-8.16864,74,52,47.617382,-122.3603668,10,54.86,0.946533333,100,0.716372088,47.61738349,-122.3603636,0.10771925,74,47.61739609,-122.3603371,1.64e-06,0.946533333,2.653981585,1.160072745,3.078811703,"2022_8_15_11-59-18_24.jpg",1.70414498146257,1.57910915122349,12,100
"263","Centennial_Park","Pebble_Beach","7","T1","12:03:18","8/15/2022","0:05:27",240,-5.15112,123,51,47.6172027,-122.360115,10,54.91,1.038733333,100,0.42233792,47.61720518,-122.3601133,0.181519906,123,47.61734508,-122.3600537,7.03e-07,1.038733333,2.91250085,1.273073211,3.707826808,"2022_8_15_11-59-18_240.jpg",2.12011536768835,1.90325240803121,13,100
"264","Centennial_Park","Pebble_Beach","7","T1","12:03:26","8/15/2022","0:05:35",248,-5.15112,119,51,47.6171913,-122.360115,10,54.93,0.907933333,100,0.42233792,47.61719191,-122.3601158,0.18627699,119,47.61733913,-122.3600433,1.9e-06,0.907933333,2.545751176,1.112764524,2.832821597,"2022_8_15_11-59-18_248.jpg",2.33818869163698,2.09901938621465,13,100
"265","Centennial_Park","Pebble_Beach","7","T1","12:03:34","8/15/2022","0:05:43",256,-4.93776,118,51,47.6171798,-122.360115,10,54.93,1.1196,100,1.02886273,47.61717974,-122.360117,0.154564989,118,47.61733626,-122.360038,0,1.1196,3.139242621,1.372183525,4.307617005,"2022_8_15_11-59-18_256.jpg",0.775957052233618,0.918185838202308,7,100
"266","Centennial_Park","Pebble_Beach","7","T1","12:03:42","8/15/2022","0:05:51",264,-4.93776,124,51,47.6171646,-122.3601226,10,54.95,1.1055625,100,0.710317913,47.61716905,-122.3601164,0.150989306,124,47.61733131,-122.3600295,0,1.1055625,3.099882923,1.354979143,4.200276705,"2022_8_15_11-59-18_264.jpg",1.11361018794272,1.16700961959558,9,100
"267","Centennial_Park","Pebble_Beach","7","T1","12:03:50","8/15/2022","0:05:59",272,-4.90728,116,51,47.6171569,-122.360115,10,54.95,0.984733333,100,0.571123754,47.61715955,-122.3601144,0.129991617,116,47.61732697,-122.360021,1.55e-06,0.984733333,2.761090434,1.206890726,3.332334438,"2022_8_15_11-59-18_272.jpg",1.47992159649128,1.55088625988883,9,100
"268","Centennial_Park","Pebble_Beach","7","T1","12:03:58","8/15/2022","0:06:07",280,-4.84632,115,51,47.6171379,-122.3601303,10,54.95,0.910466667,100,2.043492824,47.61715099,-122.3601105,0.120142877,115,47.61732202,-122.3600107,0,0.910466667,2.552854381,1.115869382,2.84865204,"2022_8_15_11-59-18_280.jpg",1.29013134585106,1.52660553541137,7,100
"269","Centennial_Park","Pebble_Beach","7","T1","12:04:06","8/15/2022","0:06:15",288,-4.75488,109,51,47.6171455,-122.3601074,10,54.95,1.000333333,100,0.716374201,47.61714482,-122.3601027,0.113613819,109,47.6173168,-122.3599968,3.2e-06,1.000333333,2.804831221,1.22601011,3.438751434,"2022_8_15_11-59-18_288.jpg",0.398670661355028,0.835575144497118,3,100
"270","Centennial_Park","Pebble_Beach","7","T1","12:04:14","8/15/2022","0:06:23",296,-4.572,109,51,47.6171379,-122.3600921,10,54.95,1.0706875,100,0.422337915,47.61713871,-122.3600943,0.121183166,109,47.61731206,-122.3599829,9.22e-07,1.0706875,3.002097029,1.312236288,3.939460661,"2022_8_15_11-59-18_296.jpg",0.403535864269377,0.51858281287915,6,100
"271","Centennial_Park","Pebble_Beach","7","T1","12:04:22","8/15/2022","0:06:31",304,-4.60248,103,51,47.617134,-122.3600845,10,54.95,0.9424,100,1.028863004,47.61713424,-122.360083,0.138265943,103,47.61730855,-122.3599719,1.26e-06,0.9424,2.642392145,1.155006925,3.051981228,"2022_8_15_11-59-18_304.jpg",1.45093946979681,1.71688893015577,7,100
"272","Centennial_Park","Pebble_Beach","7","T1","12:04:30","8/15/2022","0:06:39",312,-4.48056,85,51,47.6171264,-122.3600769,10,54.99,0.8418,100,0,47.61712916,-122.3600706,0.138944693,85,47.61730915,-122.3599605,0,0.8418,2.360320149,1.031711407,2.435169221,"2022_8_15_11-59-18_312.jpg",1.81500619134721,1.68183629765108,12,100
"273","Centennial_Park","Pebble_Beach","7","T1","11:59:50","8/15/2022","0:01:59",32,-8.16864,75,52,47.6173744,-122.3603515,10,54.81,0.8539375,100,0.571121372,47.61738131,-122.3603509,0.132351295,75,47.61739978,-122.3603234,2.98e-06,0.8539375,2.394352443,1.046587146,2.50589849,"2022_8_15_11-59-18_32.jpg",1.77735102815042,1.64694395372396,12,100
"274","Centennial_Park","Pebble_Beach","7","T1","12:04:38","8/15/2022","0:06:47",320,-4.20624,135,51,47.6171188,-122.3600616,10,55,0.867466667,100,0,47.61712407,-122.3600571,0.146558325,135,47.6173039,-122.3599487,1.54e-06,0.867466667,2.432286828,1.063168514,2.585930772,"2022_8_15_11-59-18_320.jpg",1.21897499907561,1.34978243213152,8,100
"275","Centennial_Park","Pebble_Beach","7","T1","12:04:46","8/15/2022","0:06:55",328,-4.20624,132,51,47.6171226,-122.3600387,10,55,0.956266667,100,0,47.61711776,-122.3600451,0.152700991,132,47.61729579,-122.3599402,2.2e-06,0.956266667,2.681272845,1.172001934,3.14245696,"2022_8_15_11-59-18_328.jpg",0.974906483906074,1.02165484587235,9,100
"276","Centennial_Park","Pebble_Beach","7","T1","12:04:54","8/15/2022","0:07:03",336,-4.17576,131,51,47.617115,-122.3600311,10,55.02,0.987466667,100,0.710318384,47.61710936,-122.3600374,0.134641983,131,47.61728686,-122.3599298,0,0.987466667,2.768754418,1.210240703,3.350859294,"2022_8_15_11-59-18_336.jpg",1.57934311170484,1.57934311170484,10,100
"277","Centennial_Park","Pebble_Beach","7","T1","12:05:02","8/15/2022","0:07:11",344,-4.17576,132,51,47.6170959,-122.3600387,10,55.02,1.077375,100,0.422337912,47.61710128,-122.3600303,0.131550555,132,47.61728178,-122.3599241,1.84e-06,1.077375,3.020848088,1.320432498,3.988825987,"2022_8_15_11-59-18_344.jpg",0.80636024086413,0.954161769030404,7,100
"278","Centennial_Park","Pebble_Beach","7","T1","12:05:10","8/15/2022","0:07:19",352,-4.32816,132,51,47.6170883,-122.3600311,10,55,1.1078,100,1.023865542,47.61709031,-122.3600283,0.151833903,132,47.61727252,-122.3599139,5.25e-07,1.1078,3.106156641,1.357721426,4.217295425,"2022_8_15_11-59-18_352.jpg",1.7042208416346,1.78594102104708,9,100
"279","Centennial_Park","Pebble_Beach","7","T1","12:05:18","8/15/2022","0:07:27",360,-4.45008,132,51,47.6170692,-122.3600387,10,55,1.102266667,100,1.019637503,47.61707833,-122.3600281,0.189758969,132,47.61726266,-122.3599031,1.26e-06,1.102266667,3.090641747,1.350939764,4.175270832,"2022_8_15_11-59-18_360.jpg",1.48904736074369,1.76198179411062,7,100
"280","Centennial_Park","Pebble_Beach","7","T1","12:05:26","8/15/2022","0:07:35",368,-4.63296,129,51,47.6170654,-122.3600234,10,55,0.9606,100,0.578639553,47.6170637,-122.3600325,0.227175432,129,47.61725491,-122.3598935,3.45e-07,0.9606,2.693423063,1.177312874,3.171001648,"2022_8_15_11-59-18_368.jpg",1.65367475471709,1.65367475471709,10,100
"281","Centennial_Park","Pebble_Beach","7","T1","12:05:34","8/15/2022","0:07:43",376,-4.63296,129,51,47.6170501,-122.3600311,10,54.99,1.0616,100,2.052691475,47.61704808,-122.3600388,0.210348143,129,47.61724847,-122.3598854,2.1e-07,1.0616,2.976616619,1.301098633,3.872871815,"2022_8_15_11-59-18_376.jpg",2.07460350775435,1.99214334546544,11,100
"282","Centennial_Park","Pebble_Beach","7","T1","12:05:42","8/15/2022","0:07:51",384,-4.60248,130,50,47.617031,-122.360054,10,54.99,1.1226,100,0.710319113,47.61703207,-122.3600444,0.215180053,130,47.61724052,-122.3598757,1.23e-06,1.1226,3.147654311,1.37586033,4.330732697,"2022_8_15_11-59-18_384.jpg",1.20394799862405,1.42462524064515,7,100
"283","Centennial_Park","Pebble_Beach","7","T1","12:05:50","8/15/2022","0:07:59",392,-4.69392,129,50,47.617012,-122.3600616,10,54.99,0.941266667,100,1.710930781,47.61701703,-122.3600479,0.20564619,129,47.61723267,-122.3598662,2.31e-06,0.941266667,2.639214396,1.15361791,3.044644996,"2022_8_15_11-59-18_392.jpg",1.58242120088667,1.46631643820916,12,100
"284","Centennial_Park","Pebble_Beach","7","T1","11:59:58","8/15/2022","0:02:07",40,-7.98576,76,52,47.6173782,-122.3603439,10,54.77,0.88675,100,0.422337921,47.61737816,-122.360337,0.140427889,76,47.61740402,-122.3603074,8.06e-07,0.88675,2.4863553,1.086802198,2.702176405,"2022_8_15_11-59-18_40.jpg",2.10637903529227,1.9518306521788,12,100
"285","Centennial_Park","Pebble_Beach","7","T1","12:05:58","8/15/2022","0:08:07",400,-4.66344,129,50,47.6170043,-122.3600387,10,54.95,0.878133333,100,2.419307564,47.61700297,-122.3600501,0.213014844,129,47.61722361,-122.359855,2.51e-07,0.878133333,2.462195058,1.076241598,2.649916743,"2022_8_15_11-59-18_400.jpg",1.04151882038141,1.33845292912904,6,100
"286","Centennial_Park","Pebble_Beach","7","T1","12:06:06","8/15/2022","0:08:15",408,-4.66344,121,50,47.6169891,-122.360054,10,54.99,0.88475,100,1.42063899,47.61699086,-122.3600499,0.155410414,121,47.6172157,-122.359845,2.1e-07,0.88475,2.480747507,1.084350995,2.690001027,"2022_8_15_11-59-18_408.jpg",1.463662040147,1.53384703119859,9,100
"287","Centennial_Park","Pebble_Beach","7","T1","12:06:14","8/15/2022","0:08:23",416,-4.66344,122,50,47.6169853,-122.3600311,10,54.95,0.897,100,0.571125627,47.61697999,-122.3600384,0.08099698,122,47.61721086,-122.3598372,5.06e-07,0.897,2.51509524,1.099364614,2.765006708,"2022_8_15_11-59-18_416.jpg",1.2463609936969,1.60169503432967,6,100
"288","Centennial_Park","Pebble_Beach","7","T1","12:06:22","8/15/2022","0:08:31",424,-4.66344,122,50,47.6169738,-122.3600311,10,54.95,0.893266667,100,1.42063926,47.61697731,-122.3600342,0.093903,122,47.61720285,-122.3598244,2.24e-07,0.893266667,2.50462736,1.094789035,2.742038569,"2022_8_15_11-59-18_424.jpg",1.67753631957979,1.67753631957979,10,100
"289","Centennial_Park","Pebble_Beach","7","T1","12:06:30","8/15/2022","0:08:39",432,-4.66344,121,50,47.6169776,-122.3600006,10,54.95,0.876733333,100,1.910271931,47.61697243,-122.3600212,0.187928906,121,47.6171962,-122.3598136,2.35e-06,0.876733333,2.458269603,1.074525755,2.641474002,"2022_8_15_11-59-18_432.jpg",1.89935042599907,1.82385612369698,11,100
"290","Centennial_Park","Pebble_Beach","7","T1","12:06:38","8/15/2022","0:08:47",440,-4.63296,119,50,47.6169548,-122.3600234,10,54.95,0.9178,100,1.033054526,47.616966,-122.3599973,0.281080759,119,47.61718939,-122.359802,2.76e-06,0.9178,2.573416289,1.124857127,2.894725653,"2022_8_15_11-59-18_440.jpg",1.9508340445393,1.87329340059931,11,100
"291","Centennial_Park","Pebble_Beach","7","T1","12:06:46","8/15/2022","0:08:55",448,-4.51104,117,50,47.6169509,-122.3599853,10,54.95,1.001625,100,2.732721454,47.6169554,-122.3599734,0.268525568,117,47.61718359,-122.3597909,0,1.001625,2.808452921,1.227593179,3.447637649,"2022_8_15_11-59-18_448.jpg",1.47502547820539,1.54575536471548,9,100
"292","Centennial_Park","Pebble_Beach","7","T1","12:06:54","8/15/2022","0:09:03",456,-4.51104,118,50,47.6169509,-122.3599624,10,54.95,1.020625,100,0.716983667,47.61694079,-122.3599545,0.271673407,118,47.61717599,-122.3597765,1.32e-06,1.020625,2.861726956,1.250879609,3.579675895,"2022_8_15_11-59-18_456.jpg",1.82023979414778,2.01556857053717,8,100
"293","Centennial_Park","Pebble_Beach","7","T1","12:07:02","8/15/2022","0:09:11",464,-4.51104,119,50,47.6169433,-122.3599319,10,54.95,1.060333333,100,0.710319886,47.6169226,-122.3599437,0.262551722,119,47.6171697,-122.3597647,1.22e-06,1.060333333,2.973065016,1.299546205,3.863635359,"2022_8_15_11-59-18_464.jpg",2.12677311735312,1.90922914791748,13,100
"294","Centennial_Park","Pebble_Beach","7","T1","12:07:10","8/15/2022","0:09:19",472,-4.51104,118,50,47.6169052,-122.3599624,10,54.95,0.848466667,100,0.422337904,47.61690241,-122.3599415,0.27520919,118,47.61716478,-122.3597556,1.96e-06,0.848466667,2.379012793,1.039882084,2.473892781,"2022_8_15_11-59-18_472.jpg",1.73446856417444,1.73446856417444,10,100
"295","Centennial_Park","Pebble_Beach","7","T1","12:00:06","8/15/2022","0:02:15",48,-7.95528,76,52,47.6173744,-122.3603286,10,54.75,0.8220625,100,0,47.61737401,-122.3603235,0.136776229,76,47.6174067,-122.360297,2.14e-06,0.8220625,2.30497824,1.007521096,2.322314202,"2022_8_15_11-59-18_48.jpg",2.15961762229683,1.93871404486102,13,100
"296","Centennial_Park","Pebble_Beach","7","T1","12:07:18","8/15/2022","0:09:27",480,-4.45008,117,50,47.6168785,-122.3600006,10,54.95,0.891642857,100,0,47.61688351,-122.3599441,0.279774808,117,47.61715739,-122.3597416,6.56e-07,0.891642857,2.500074366,1.092798891,2.732078495,"2022_8_15_11-59-18_480.jpg",0.827167026967725,1.06299003768216,6,100
"297","Centennial_Park","Pebble_Beach","7","T1","12:07:26","8/15/2022","0:09:35",488,-4.45008,118,50,47.616867,-122.3599472,10,54.95,0.841,100,0.578641746,47.61686411,-122.359958,0.310397669,118,47.61715085,-122.3597293,1.47e-06,0.841,2.358077031,1.030730926,2.430542921,"2022_8_15_11-59-18_488.jpg",1.86172777230871,1.78772887388377,11,100
"298","Centennial_Park","Pebble_Beach","7","T1","12:07:34","8/15/2022","0:09:43",496,-4.45008,118,50,47.6168518,-122.3600082,10,54.95,0.790666667,100,0.710320644,47.61684731,-122.359974,0.288138605,118,47.61714456,-122.3597171,2.5e-06,0.790666667,2.21694757,0.969042313,2.148316001,"2022_8_15_11-59-18_496.jpg",1.51563357132808,1.45539102869519,11,100
"299","Centennial_Park","Pebble_Beach","7","T1","12:07:42","8/15/2022","0:09:51",504,-4.38912,118,50,47.6168365,-122.3600311,10,54.95,0.738666667,100,0.71032081,47.61683064,-122.3599924,0.289882068,118,47.61713809,-122.359705,2.1e-06,0.738666667,2.071144947,0.905311031,1.875030367,"2022_8_15_11-59-18_504.jpg",0.79328967508381,1.01945434732991,6,100
"300","Centennial_Park","Pebble_Beach","7","T1","12:07:50","8/15/2022","0:09:59",512,-4.14528,118,50,47.6168251,-122.3600158,10,54.95,0.983533333,100,1.019638966,47.61681561,-122.3600137,0.28779905,118,47.61713339,-122.3596962,2.42e-06,0.983533333,2.757725758,1.205420004,3.324217794,"2022_8_15_11-59-18_512.jpg",2.05889620584317,1.84829524910711,13,100
"301","Centennial_Park","Pebble_Beach","7","T1","12:07:58","8/15/2022","0:10:07",520,-4.02336,119,50,47.6168174,-122.3600234,10,54.95,0.866333333,100,1.426691221,47.61680219,-122.3600365,0.279797661,119,47.61712701,-122.3596843,3.02e-06,0.866333333,2.429109078,1.061779499,2.57917822,"2022_8_15_11-59-18_520.jpg",1.94446101498813,1.69654781530361,14,100
"302","Centennial_Park","Pebble_Beach","7","T1","12:08:06","8/15/2022","0:10:15",528,-3.87096,118,50,47.6167945,-122.3600463,10,54.95,0.971875,100,0.433452048,47.61679012,-122.3600592,0.26385935,118,47.61712171,-122.3596744,1.46e-06,0.971875,2.725036997,1.191131532,3.245877493,"2022_8_15_11-59-18_528.jpg",1.91282185231493,1.77247506785391,12,100
"303","Centennial_Park","Pebble_Beach","7","T1","12:08:14","8/15/2022","0:10:23",536,-3.81,118,50,47.6167793,-122.3600692,10,54.95,0.879333333,100,0.578642707,47.61677895,-122.3600802,0.23911247,118,47.61711632,-122.3596642,2.76e-06,0.879333333,2.465559734,1.077712319,2.657164099,"2022_8_15_11-59-18_536.jpg",0.417398807880576,0.49390578148014,7,100
"304","Centennial_Park","Pebble_Beach","7","T1","12:08:22","8/15/2022","0:10:31",544,-3.62712,119,50,47.6167488,-122.3601074,10,54.95,0.827733333,100,3.116507833,47.61676799,-122.3600973,0.208475138,119,47.61711188,-122.3596559,2.22e-06,0.827733333,2.32087867,1.014471278,2.354464751,"2022_8_15_11-59-18_544.jpg",1.94964605955954,1.94964605955954,10,100
"305","Centennial_Park","Pebble_Beach","7","T1","12:00:14","8/15/2022","0:02:23",56,-7.43712,75,52,47.6173744,-122.3603057,10,54.75,1.143333333,100,0.716372193,47.61736882,-122.3603118,0.126860175,75,47.6174095,-122.3602861,1.61e-06,1.143333333,3.205788433,1.401271136,4.492178798,"2022_8_15_11-59-18_56.jpg",1.49832276456036,1.57016979409219,9,100
"306","Centennial_Park","Pebble_Beach","7","T1","12:00:22","8/15/2022","0:02:31",64,-7.43712,107,52,47.6173667,-122.3602905,10,54.77,0.987866667,100,0,47.61736263,-122.3603028,0.116832396,107,47.61741212,-122.3602733,8.65e-07,0.987866667,2.769875977,1.210730944,3.353574556,"2022_8_15_11-59-18_64.jpg",0.849904903533366,0.890659235075092,9,100
"307","Centennial_Park","Pebble_Beach","7","T1","12:00:30","8/15/2022","0:02:39",72,-7.43712,143,52,47.6173553,-122.3602981,10,54.79,1.037125,100,0.422337922,47.61735545,-122.3602969,0.114544012,143,47.61740247,-122.3602648,9.86e-07,1.037125,2.90799125,1.271102035,3.696353595,"2022_8_15_11-59-18_72.jpg",1.53725814300905,1.42446706578629,12,100
"308","Centennial_Park","Pebble_Beach","7","T1","11:59:26","8/15/2022","0:01:35",8,-8.13816,75,52,47.6173858,-122.3603744,10,55,1.1292,100,0,47.61738544,-122.3603764,0.010079669,75,47.61738923,-122.3603606,1.45e-06,1.1292,3.166160028,1.3839493,4.381804955,"2022_8_15_11-59-18_8.jpg",1.30374329144676,1.44364715612598,8,100
"309","Centennial_Park","Pebble_Beach","7","T1","12:00:38","8/15/2022","0:02:47",80,-7.43712,134,52,47.6173439,-122.3602981,10,54.81,1.1608,100,0.422337923,47.6173473,-122.3602949,0.11930887,134,47.61739581,-122.3602597,4.21e-07,1.1608,3.25476316,1.42267831,4.630480952,"2022_8_15_11-59-18_80.jpg",1.61325361022968,1.54913092171813,11,100
"310","Centennial_Park","Pebble_Beach","7","T1","12:00:46","8/15/2022","0:02:55",88,-7.40664,116,52,47.6173362,-122.3603057,10,54.81,1.170466667,100,0,47.61733823,-122.3602963,0.132068422,116,47.61738818,-122.3602465,1.5e-06,1.170466667,3.281867494,1.434525792,4.707923565,"2022_8_15_11-59-18_88.jpg",1.55915962621767,1.44476160230537,12,100
"311","Centennial_Park","Pebble_Beach","7","T1","12:00:54","8/15/2022","0:03:03",96,-7.49808,115,52,47.6173248,-122.3602981,10,54.81,1.088666667,100,0,47.61732857,-122.3603001,0.137244216,115,47.61738191,-122.3602335,0,1.088666667,3.052508753,1.334271583,4.072875685,"2022_8_15_11-59-18_96.jpg",2.10251369105006,1.94824891439716,12,100
"64","East_Waterway","CoastGuard_stn","8","T1","10:06:06","10/11/2022","0:22:15",0,-7.34568,158,92,47.5891723,-122.3432464,10,54.7,0.868444444,100,0,47.58918409,-122.3432594,0,178,47.5891723,-122.3432464,0,0.868444444,2.435028415,1.06436688,2.591763597,"2022_10_11_10-06-06_0.jpg",2.04244571824217,1.96126374551196,11,100
"65","East_Waterway","CoastGuard_stn","8","T1","10:07:50","10/11/2022","0:23:59",104,-7.95528,154,91,47.5891189,-122.3432235,10,54.7,0.9349,100,0,47.58912528,-122.3432266,0.056321492,174,47.58899726,-122.3432262,1.1e-06,0.9349,2.621362921,1.145814914,3.003596729,"2022_10_11_10-06-06_104.jpg",1.99011880272205,1.91101669051928,11,100
"66","East_Waterway","CoastGuard_stn","8","T1","10:07:58","10/11/2022","0:24:07",112,-7.95528,156,91,47.5891189,-122.3432235,10,54.7,0.7246,100,0,47.5891217,-122.3432245,0.070310113,176,47.58898435,-122.3432246,8.41e-07,0.7246,2.031703468,0.888070902,1.804296732,"2022_10_11_10-06-06_112.jpg",2.24780229094672,2.08287745842419,12,100
"67","East_Waterway","CoastGuard_stn","8","T1","10:08:06","10/11/2022","0:24:15",120,-7.86384,158,91,47.5891189,-122.3432235,10,54.7,0.885333333,100,0,47.58911563,-122.3432245,0.0919337,178,47.58896939,-122.3432248,1.71e-06,0.885333333,2.482383113,1.085065929,2.693549339,"2022_10_11_10-06-06_120.jpg",2.12414813257465,1.80610825581698,15,100
"68","East_Waterway","CoastGuard_stn","8","T1","10:08:14","10/11/2022","0:24:23",128,-7.86384,154,91,47.5891113,-122.3432235,10,54.7,0.982,100,0,47.58910844,-122.343224,0.096833767,174,47.58896187,-122.3432241,2.2e-06,0.982,2.75342645,1.203540748,3.313860929,"2022_10_11_10-06-06_128.jpg",2.05447088623219,1.97281094395247,11,100
"69","East_Waterway","CoastGuard_stn","8","T1","10:08:22","10/11/2022","0:24:31",136,-7.86384,144,91,47.5891036,-122.3432235,10,54.7,0.949222222,100,0,47.58910069,-122.3432235,0.110566295,164,47.58894911,-122.3432213,1.11e-06,0.949222222,2.661520951,1.163368252,3.096328976,"2022_10_11_10-06-06_136.jpg",2.19450468049904,1.97003256579834,13,100
"70","East_Waterway","CoastGuard_stn","8","T1","10:08:30","10/11/2022","0:24:39",144,-7.86384,145,91,47.589096,-122.3432235,10,54.7,0.921,100,0,47.58909221,-122.3432229,0.12255867,165,47.58893809,-122.3432182,9.85e-07,0.921,2.582388758,1.128779052,2.914946334,"2022_10_11_10-06-06_144.jpg",2.24791367927244,2.0179784498173,13,100
"71","East_Waterway","CoastGuard_stn","8","T1","10:08:38","10/11/2022","0:24:47",152,-7.83336,145,91,47.5890769,-122.3432235,10,54.7,0.931,100,0.433450612,47.58908291,-122.3432208,0.137649107,165,47.58893047,-122.3432162,1.3e-06,0.931,2.610427724,1.141035068,2.978589575,"2022_10_11_10-06-06_152.jpg",1.71319884913005,1.8970411296846,8,100
"72","East_Waterway","CoastGuard_stn","8","T1","10:06:22","10/11/2022","0:22:31",16,-7.52856,161,92,47.5891723,-122.343254,10,54.7,1.030222222,100,0,47.58916915,-122.3432549,0.09769472,181,47.58915158,-122.3432466,0,1.030222222,2.888636575,1.262641979,3.647313803,"2022_10_11_10-06-06_16.jpg",1.86869828239759,1.79442232409541,11,100
"73","East_Waterway","CoastGuard_stn","8","T1","10:08:46","10/11/2022","0:24:55",160,-7.83336,145,91,47.5890693,-122.3432159,10,54.7,0.848125,100,0,47.58907283,-122.3432168,0.146172572,165,47.58892044,-122.3432136,0,0.848125,2.378054795,1.039463337,2.471900772,"2022_10_11_10-06-06_160.jpg",1.94301054038515,1.94301054038515,10,100
"74","East_Waterway","CoastGuard_stn","8","T1","10:08:54","10/11/2022","0:25:03",168,-7.65048,145,91,47.5890617,-122.3432159,10,54.68,1.019333333,100,0,47.58906264,-122.3432115,0.150937097,165,47.58891128,-122.3432112,7.56e-07,1.019333333,2.858105256,1.24929654,3.570621008,"2022_10_11_10-06-06_168.jpg",1.77730499482334,2.10307551392896,7,100
"75","East_Waterway","CoastGuard_stn","8","T1","10:09:02","10/11/2022","0:25:11",176,-7.65048,146,91,47.5890541,-122.3432006,10,54.68,0.994,100,1.721810619,47.58905245,-122.3432055,0.153432625,166,47.58890165,-122.3432087,0,0.994,2.787073209,1.218247967,3.395346271,"2022_10_11_10-06-06_176.jpg",1.58426832849747,1.87465625700746,7,100
"76","East_Waterway","CoastGuard_stn","8","T1","10:09:10","10/11/2022","0:25:19",184,-7.65048,146,91,47.5890464,-122.343193,10,54.68,0.914888889,100,0,47.5890453,-122.3431948,0.130680928,166,47.58889171,-122.3432061,5.39e-07,0.914888889,2.565253835,1.121289264,2.876391585,"2022_10_11_10-06-06_184.jpg",2.28654823811965,1.99501989912196,14,100
"77","East_Waterway","CoastGuard_stn","8","T1","10:09:18","10/11/2022","0:25:27",192,-7.62,146,91,47.589035,-122.3432006,10,54.7,0.872666667,100,0.571430809,47.58903639,-122.3431892,0.177187592,166,47.5888826,-122.3432037,1.41e-06,0.872666667,2.44686709,1.069541642,2.617026246,"2022_10_11_10-06-06_192.jpg",2.09066963223742,1.87681862628644,13,100
"78","East_Waterway","CoastGuard_stn","8","T1","10:09:26","10/11/2022","0:25:35",200,-7.55904,144,91,47.5890312,-122.3431777,10,54.7,0.9029,100,0,47.5890223,-122.3431903,0.142928392,164,47.58887107,-122.3432007,1.19e-06,0.9029,2.53163823,1.106595663,2.801499886,"2022_10_11_10-06-06_200.jpg",1.7414152207369,1.67219843729967,11,100
"79","East_Waterway","CoastGuard_stn","8","T1","10:09:34","10/11/2022","0:25:43",208,-7.55904,146,91,47.5890159,-122.3431777,10,54.68,0.910555556,100,0,47.5890162,-122.3431894,0.050016381,166,47.58886049,-122.343198,1.21e-06,0.910555556,2.553103616,1.115978324,2.849208295,"2022_10_11_10-06-06_208.jpg",1.2964543298793,1.43557602072147,8,100
"80","East_Waterway","CoastGuard_stn","8","T1","10:09:42","10/11/2022","0:25:51",216,-7.55904,146,91,47.5890159,-122.3431777,10,54.68,0.969333333,100,0,47.58901563,-122.3431863,0.041828049,166,47.58885073,-122.3431956,2.19e-06,0.969333333,2.717910427,1.188016461,3.228922327,"2022_10_11_10-06-06_216.jpg",1.54321120827809,1.61721071217507,9,100
"81","East_Waterway","CoastGuard_stn","8","T1","10:09:50","10/11/2022","0:25:59",224,-7.55904,145,91,47.5890159,-122.3431777,10,54.7,0.965,100,0,47.58901835,-122.3431812,0.076923016,165,47.58883797,-122.3431922,1.71e-06,0.965,2.705760208,1.182705521,3.200117537,"2022_10_11_10-06-06_224.jpg",1.70043070593449,1.63284295172107,11,100
"82","East_Waterway","CoastGuard_stn","8","T1","10:09:58","10/11/2022","0:26:07",232,-7.58952,146,91,47.5890159,-122.3431777,10,54.7,1.019555556,100,0,47.58902228,-122.3431746,0.085878412,166,47.58882653,-122.3431894,1.05e-06,1.019555556,2.858728344,1.249568896,3.572178021,"2022_10_11_10-06-06_232.jpg",1.20228136058035,1.54504842084056,6,100
"83","East_Waterway","CoastGuard_stn","8","T1","10:06:30","10/11/2022","0:22:39",24,-7.49808,158,92,47.5891571,-122.3432464,10,54.7,1.001444444,100,0.422336498,47.58916268,-122.3432524,0.088893664,178,47.58913833,-122.3432465,2.56e-06,1.001444444,2.807946662,1.22737189,3.4463948,"2022_10_11_10-06-06_24.jpg",1.42599421168465,1.68737133937808,7,100
"84","East_Waterway","CoastGuard_stn","8","T1","10:10:06","10/11/2022","0:26:15",240,-7.55904,145,91,47.5890159,-122.3431777,10,54.7,1.088555556,100,0,47.58902621,-122.3431663,0.09363028,165,47.58881985,-122.3431876,3.91e-07,1.088555556,3.052197209,1.334135405,4.072044359,"2022_10_11_10-06-06_240.jpg",1.65154384663596,1.95426301853463,7,100
"85","East_Waterway","CoastGuard_stn","8","T1","10:10:14","10/11/2022","0:26:23",248,-7.7724,145,91,47.5890159,-122.3431777,10,54.7,0.974,100,0,47.58902924,-122.3431574,0.096907638,165,47.58880682,-122.3431842,3.11e-06,0.974,2.730995278,1.193735935,3.260087202,"2022_10_11_10-06-06_248.jpg",2.16322258100494,2.16322258100494,10,100
"86","East_Waterway","CoastGuard_stn","8","T1","10:10:22","10/11/2022","0:26:31",256,-7.80288,146,91,47.5890159,-122.3431777,10,54.7,1.022666667,100,0,47.58903041,-122.3431479,0.073260232,166,47.58879476,-122.3431811,1.9e-06,1.022666667,2.867451578,1.253381879,3.594011846,"2022_10_11_10-06-06_256.jpg",1.93765338384069,1.79548467038055,12,100
"87","East_Waterway","CoastGuard_stn","8","T1","10:10:30","10/11/2022","0:26:39",264,-7.80288,128,91,47.5890159,-122.3431777,10,54.7,0.820777778,100,0,47.58902923,-122.3431377,0.093078391,148,47.5887841,-122.3431759,1.03e-06,0.820777778,2.301376011,1.005946538,2.315061232,"2022_10_11_10-06-06_264.jpg",2.12616165675866,1.85508214664732,14,100
"88","East_Waterway","CoastGuard_stn","8","T1","10:10:38","10/11/2022","0:26:47",272,-7.80288,128,91,47.5890998,-122.3430633,10,54.7,0.968666667,100,0,47.58902546,-122.3431283,0.107035048,148,47.58877414,-122.3431697,5.02e-07,0.968666667,2.716041162,1.187199394,3.224482421,"2022_10_11_10-06-06_272.jpg",2.01610574141557,1.80988174779307,13,100
"89","East_Waterway","CoastGuard_stn","8","T1","10:10:46","10/11/2022","0:26:55",280,-7.74192,128,91,47.5889816,-122.3431243,10,54.68,0.806,100,4.638171134,47.58901971,-122.3431204,0.117447895,148,47.58876479,-122.3431638,4.04e-07,0.806,2.259940651,0.98783487,2.23244818,"2022_10_11_10-06-06_280.jpg",2.07652394485354,2.17609666757943,9,100
"90","East_Waterway","CoastGuard_stn","8","T1","10:10:54","10/11/2022","0:27:03",288,-7.58952,128,91,47.5889816,-122.3431243,10,54.7,0.941333333,100,0,47.58901106,-122.343116,0.128171048,148,47.58875426,-122.3431572,1.93e-06,0.941333333,2.639401322,1.153699617,3.045076295,"2022_10_11_10-06-06_288.jpg",1.9712311426497,1.89287976643527,11,100
"91","East_Waterway","CoastGuard_stn","8","T1","10:11:02","10/11/2022","0:27:11",296,-7.49808,128,91,47.5889816,-122.3431243,10,54.7,0.988888889,100,0,47.58900195,-122.3431132,0.126266128,148,47.58874442,-122.3431512,0,0.988888889,2.772742182,1.211983781,3.360518554,"2022_10_11_10-06-06_296.jpg",2.00231708550297,1.92273012288227,11,100
"92","East_Waterway","CoastGuard_stn","8","T1","10:11:10","10/11/2022","0:27:19",304,-7.49808,129,91,47.5889816,-122.3431243,10,54.7,0.913333333,100,0,47.58899297,-122.3431137,0.123111918,149,47.58873674,-122.3431464,1.35e-06,0.913333333,2.560892218,1.119382773,2.866618632,"2022_10_11_10-06-06_304.jpg",1.75375882698739,1.9419535730087,8,100
"93","East_Waterway","CoastGuard_stn","8","T1","10:11:18","10/11/2022","0:27:27",312,-7.52856,132,91,47.5889816,-122.3431243,10,54.72,0.957666667,100,0,47.58898474,-122.3431165,0.112002421,152,47.58873012,-122.3431425,0,0.957666667,2.6851983,1.173717776,3.151664977,"2022_10_11_10-06-06_312.jpg",1.71940785624883,1.65106580903974,11,100
"94","East_Waterway","CoastGuard_stn","8","T1","10:06:38","10/11/2022","0:22:47",32,-7.52856,149,92,47.5891647,-122.343254,10,54.7,1.073888889,100,0,47.58915689,-122.3432498,0.080366677,169,47.58911962,-122.343245,1.6e-06,1.073888889,3.011073392,1.316159915,3.9630541,"2022_10_11_10-06-06_32.jpg",1.57295841786837,1.64838434916568,9,100
"95","East_Waterway","CoastGuard_stn","8","T1","10:11:26","10/11/2022","0:27:35",320,-7.49808,132,91,47.5889816,-122.3431243,10,54.7,1.017555556,100,0,47.58897817,-122.3431211,0.090837242,152,47.58871719,-122.3431356,2.21e-06,1.017555556,2.853120551,1.247117693,3.558177119,"2022_10_11_10-06-06_320.jpg",1.32813925887255,1.39182571069162,9,100
"96","East_Waterway","CoastGuard_stn","8","T1","10:11:34","10/11/2022","0:27:43",328,-7.49808,132,91,47.5889816,-122.3431243,10,54.7,1.018333333,100,0,47.58897414,-122.3431261,0.057961136,152,47.58870825,-122.3431309,2.45e-06,1.018333333,2.85530136,1.248070939,3.563618648,"2022_10_11_10-06-06_328.jpg",1.45261430944202,1.60849342852362,8,100
"97","East_Waterway","CoastGuard_stn","8","T1","10:11:42","10/11/2022","0:27:51",336,-7.49808,124,91,47.5889816,-122.3431243,10,54.72,0.977222222,100,0,47.58897348,-122.3431297,0.026751096,144,47.58869893,-122.343125,1.7e-06,0.977222222,2.740030056,1.197685096,3.28169316,"2022_10_11_10-06-06_336.jpg",1.31298083515905,1.37594041574453,9,100
"98","East_Waterway","CoastGuard_stn","8","T1","10:11:50","10/11/2022","0:27:59",344,-7.22376,123,90,47.5889816,-122.3431243,10,54.7,0.995333333,100,0,47.58897696,-122.3431295,0.079727924,143,47.58869032,-122.3431186,1.87e-06,0.995333333,2.790811738,1.219882102,3.40446129,"2022_10_11_10-06-06_344.jpg",1.89344951127926,1.98424351519592,9,100
"99","East_Waterway","CoastGuard_stn","8","T1","10:11:58","10/11/2022","0:28:07",352,-6.76656,124,90,47.5889816,-122.3431243,10,54.7,1.248333333,100,0,47.58898484,-122.3431229,0.129154252,144,47.58868488,-122.3431147,7.12e-07,1.248333333,3.500197575,1.529959301,5.355159836,"2022_10_11_10-06-06_352.jpg",2.06867955725624,1.98645485678818,11,100
"100","East_Waterway","CoastGuard_stn","8","T1","10:12:06","10/11/2022","0:28:15",360,-6.88848,131,90,47.5889816,-122.3431243,10,54.7,1.173666667,100,0,47.58898564,-122.3431222,0.039425698,151,47.58867699,-122.3431097,0,1.173666667,3.290839963,1.438447717,4.733701231,"2022_10_11_10-06-06_360.jpg",1.35962012345857,1.60883123505485,7,100
"101","East_Waterway","CoastGuard_stn","8","T1","10:12:14","10/11/2022","0:28:23",368,-6.94944,132,90,47.5889816,-122.3431243,10,54.7,1.057,100,0,47.5889816,-122.3431243,0,152,47.58866407,-122.3431025,2.12e-06,1.057,2.963718695,1.295460866,3.839381587,"2022_10_11_10-06-06_368.jpg",1.33812620155339,1.91442578830623,5,100
"102","East_Waterway","CoastGuard_stn","8","T1","10:12:22","10/11/2022","0:28:31",376,-6.91896,152,90,47.5889816,-122.3431243,10,54.7,0.960111111,100,0,47.5889816,-122.3431243,0,172,47.58865021,-122.3430988,2.18e-06,0.960111111,2.692052269,1.176713691,3.167774763,"2022_10_11_10-06-06_376.jpg",2.17661960240081,1.80764345227445,16,100
"103","East_Waterway","CoastGuard_stn","8","T1","10:12:30","10/11/2022","0:28:39",384,-6.97992,154,90,47.5889816,-122.3431243,10,54.68,1.105777778,100,0,47.5889816,-122.3431243,0,174,47.58863638,-122.343097,9.68e-07,1.105777778,3.100486539,1.355242987,4.20191264,"2022_10_11_10-06-06_384.jpg",2.25956745368734,1.97147908728208,14,100
"104","East_Waterway","CoastGuard_stn","8","T1","10:12:38","10/11/2022","0:28:47",392,-6.94944,151,90,47.5889816,-122.3431243,10,54.68,1.197333333,100,0,47.5889816,-122.3431243,0,171,47.58862632,-122.3430957,0,1.197333333,3.357198849,1.467453621,4.926533607,"2022_10_11_10-06-06_392.jpg",2.10852417981945,1.95381840403701,12,100
"105","East_Waterway","CoastGuard_stn","8","T1","10:06:46","10/11/2022","0:22:55",40,-7.68096,149,92,47.5891456,-122.3432388,10,54.7,1.005555556,100,1.01980597,47.58915173,-122.3432472,0.072354645,169,47.58910026,-122.3432412,1.4e-06,1.005555556,2.819473792,1.232410474,3.474749032,"2022_10_11_10-06-06_40.jpg",1.86804138493854,1.86804138493854,10,100
"106","East_Waterway","CoastGuard_stn","8","T1","10:12:46","10/11/2022","0:28:55",400,-7.07136,154,90,47.5889816,-122.3431243,10,54.7,1.309666667,100,0,47.5889816,-122.3431243,0,174,47.58861046,-122.3430939,3.09e-06,1.309666667,3.672169899,1.605129531,5.894308349,"2022_10_11_10-06-06_400.jpg",2.04357738744701,1.83454336633457,13,100
"107","East_Waterway","CoastGuard_stn","8","T1","10:12:54","10/11/2022","0:29:03",408,-7.25424,145,90,47.5889816,-122.3431243,10,54.7,0.982333333,100,0,47.5889816,-122.3431243,0,165,47.58860015,-122.3430925,1.13e-06,0.982333333,2.754361083,1.203949282,3.316111047,"2022_10_11_10-06-06_408.jpg",2.02845825432952,1.8796270429629,12,100
"108","East_Waterway","CoastGuard_stn","8","T1","10:13:02","10/11/2022","0:29:11",416,-7.13232,142,90,47.5889816,-122.3431243,10,54.7,0.809111111,100,0,47.5889816,-122.3431243,0,162,47.58859259,-122.3430901,1.52e-06,0.809111111,2.268663885,0.991647853,2.249715671,"2022_10_11_10-06-06_416.jpg",2.13951886077145,1.81917758872669,15,100
"109","East_Waterway","CoastGuard_stn","8","T1","10:13:10","10/11/2022","0:29:19",424,-7.1628,149,90,47.5889816,-122.3431243,10,54.7,1.135666667,100,0,47.5889816,-122.3431243,0,169,47.58858452,-122.343088,8e-08,1.135666667,3.184291893,1.391874857,4.432135822,"2022_10_11_10-06-06_424.jpg",2.13222126647632,1.91412001522408,13,100
"110","East_Waterway","CoastGuard_stn","8","T1","10:13:18","10/11/2022","0:29:27",432,-7.25424,146,90,47.5889816,-122.3431243,10,54.68,1.086375,100,0,47.5889816,-122.3431243,0,166,47.58857635,-122.3430862,1.51e-06,1.086375,3.046083157,1.331462912,4.055746751,"2022_10_11_10-06-06_432.jpg",1.96335252340667,1.81929822316429,12,100
"111","East_Waterway","CoastGuard_stn","8","T1","10:13:26","10/11/2022","0:29:35",440,-7.25424,148,90,47.5889816,-122.3431243,10,54.68,0.902555556,100,0,47.5889816,-122.3431243,0,168,47.58856479,-122.3430837,2.88e-06,0.902555556,2.530672444,1.106173512,2.799362824,"2022_10_11_10-06-06_440.jpg",1.71233387172125,1.71233387172125,10,100
"112","East_Waterway","CoastGuard_stn","8","T1","10:13:34","10/11/2022","0:29:43",448,-7.13232,148,90,47.5889816,-122.3431243,10,54.7,1.096666667,100,0,47.5889816,-122.3431243,0,168,47.58855135,-122.3430806,1.12e-06,1.096666667,3.074939926,1.344076395,4.132954171,"2022_10_11_10-06-06_448.jpg",1.63978501883778,1.71841539505639,9,100
"113","East_Waterway","CoastGuard_stn","8","T1","10:13:42","10/11/2022","0:29:51",456,-7.28472,147,90,47.5889816,-122.3431243,10,54.68,1.003666667,100,0,47.5889816,-122.3431243,0,167,47.58853617,-122.3430771,1.86e-06,1.003666667,2.814177543,1.230095449,3.461706988,"2022_10_11_10-06-06_456.jpg",2.2376749446192,1.9523778102985,14,100
"114","East_Waterway","CoastGuard_stn","8","T1","10:13:50","10/11/2022","0:29:59",464,-7.28472,135,90,47.5889816,-122.3431243,10,54.7,1.014333333,100,0,47.5889816,-122.3431243,0,155,47.58852702,-122.343073,1.54e-06,1.014333333,2.844085773,1.243168532,3.535677936,"2022_10_11_10-06-06_464.jpg",1.8482581776578,1.65920302305345,13,100
"115","East_Waterway","CoastGuard_stn","8","T1","10:13:58","10/11/2022","0:30:07",472,-7.3152,147,90,47.5889816,-122.3431243,10,54.7,1.176888889,100,0,47.5889816,-122.3431243,0,167,47.58851709,-122.3430687,1.42e-06,1.176888889,3.299874741,1.442396877,4.759729022,"2022_10_11_10-06-06_472.jpg",1.97919778997124,1.90052975998245,11,100
"116","East_Waterway","CoastGuard_stn","8","T1","10:06:54","10/11/2022","0:23:03",48,-7.74192,149,92,47.5891418,-122.3432388,10,54.7,0.932444444,100,0.571429644,47.58914715,-122.3432446,0.065087966,169,47.58909118,-122.3432394,3.97e-07,0.932444444,2.614477797,1.142805381,2.987839295,"2022_10_11_10-06-06_48.jpg",1.92804945414554,1.85141443916768,11,100
"117","East_Waterway","CoastGuard_stn","8","T1","10:14:06","10/11/2022","0:30:15",480,-7.28472,148,90,47.5889816,-122.3431243,10,54.68,1.158111111,100,0,47.5889816,-122.3431243,0,168,47.58850716,-122.3430665,6.62e-07,1.158111111,3.247223794,1.419382803,4.609053612,"2022_10_11_10-06-06_480.jpg",1.72707754190901,1.72707754190901,10,100
"118","East_Waterway","CoastGuard_stn","8","T1","10:14:14","10/11/2022","0:30:23",488,-7.49808,145,90,47.5889816,-122.3431243,10,54.7,0.972555556,100,0,47.5889816,-122.3431243,0,165,47.58849619,-122.3430639,1.06e-06,0.972555556,2.726945205,1.191965622,3.250424937,"2022_10_11_10-06-06_488.jpg",1.94088432402366,1.79847855133873,12,100
"119","East_Waterway","CoastGuard_stn","8","T1","10:14:22","10/11/2022","0:30:31",496,-7.25424,138,90,47.5889816,-122.3431243,10,54.68,1.335888889,100,0,47.5889816,-122.3431243,0,158,47.58847959,-122.3430599,3e-06,1.335888889,3.745694299,1.637267528,6.132703645,"2022_10_11_10-06-06_496.jpg",1.57768433097645,1.6533368775443,9,100
"120","East_Waterway","CoastGuard_stn","8","T1","10:14:30","10/11/2022","0:30:39",504,-7.62,130,90,47.5889816,-122.3431243,10,54.68,0.924111111,100,0,47.5889816,-122.3431243,0,150,47.58846768,-122.343053,1.54e-06,0.924111111,2.591111992,1.132592034,2.934672803,"2022_10_11_10-06-06_504.jpg",1.59919110500542,1.59919110500542,10,100
"121","East_Waterway","CoastGuard_stn","8","T1","10:14:38","10/11/2022","0:30:47",512,-7.58952,144,90,47.5889816,-122.3431243,10,54.68,0.792333333,100,0,47.5889816,-122.3431243,0,164,47.58845638,-122.3430486,1.16e-06,0.792333333,2.221620731,0.971084982,2.157382528,"2022_10_11_10-06-06_512.jpg",1.48160441086604,1.75317459124747,7,100
"122","East_Waterway","CoastGuard_stn","8","T1","10:14:46","10/11/2022","0:30:55",520,-7.65048,150,89,47.5889816,-122.3431243,10,54.68,0.952777778,100,0,47.5889816,-122.3431243,0,170,47.58844721,-122.3430464,2.3e-07,0.952777778,2.671490361,1.167725946,3.11956861,"2022_10_11_10-06-06_520.jpg",1.50692625022308,1.7831377886022,7,100
"123","East_Waterway","CoastGuard_stn","8","T1","10:14:54","10/11/2022","0:31:03",528,-7.62,149,89,47.5889816,-122.3431243,10,54.68,0.876666667,100,0,47.5889816,-122.3431243,0,169,47.58843431,-122.3430435,5.24e-07,0.876666667,2.458082676,1.074444049,2.641072302,"2022_10_11_10-06-06_528.jpg",1.27230723580574,1.40883771731719,8,100
"124","East_Waterway","CoastGuard_stn","8","T1","10:15:02","10/11/2022","0:31:11",536,-7.49808,122,89,47.5889816,-122.3431243,10,54.68,0.820111111,100,0,47.5889816,-122.3431243,0,142,47.58842426,-122.3430379,9.55e-07,0.820111111,2.299506747,1.005129471,2.311301999,"2022_10_11_10-06-06_536.jpg",1.96852537660421,1.89028154764225,11,100
"125","East_Waterway","CoastGuard_stn","8","T1","10:15:10","10/11/2022","0:31:19",544,-7.34568,123,89,47.5889816,-122.3431243,10,54.68,0.924777778,100,0,47.5889816,-122.3431243,0,143,47.5884168,-122.3430323,1.68e-06,0.924777778,2.592981257,1.133409102,2.938908558,"2022_10_11_10-06-06_544.jpg",1.75260929389285,1.83664977881001,9,100
"126","East_Waterway","CoastGuard_stn","8","T1","10:15:18","10/11/2022","0:31:27",552,-7.22376,164,89,47.5889816,-122.3431243,10,54.68,0.821222222,100,0,47.5889816,-122.3431243,0,184,47.58840417,-122.3430256,1.35e-06,0.821222222,2.302622188,1.00649125,2.317569084,"2022_10_11_10-06-06_552.jpg",1.81795199179984,1.74569306824315,11,100
"127","East_Waterway","CoastGuard_stn","8","T1","10:07:02","10/11/2022","0:23:11",56,-7.74192,149,92,47.589138,-122.3432464,10,54.68,0.973666667,100,0.571429686,47.5891431,-122.343242,0.058782058,169,47.58907845,-122.343237,2.33e-06,0.973666667,2.730060645,1.193327401,3.257856176,"2022_10_11_10-06-06_56.jpg",1.823690162645,1.68988311215012,12,100
"128","East_Waterway","CoastGuard_stn","8","T1","10:15:26","10/11/2022","0:31:35",560,-6.79704,137,89,47.5889816,-122.3431243,10,54.68,1.153222222,100,0,47.5889816,-122.3431243,0,157,47.5883953,-122.3430233,1.03e-06,1.153222222,3.233515855,1.413390973,4.570222122,"2022_10_11_10-06-06_560.jpg",2.06729036616695,1.91560998093523,12,100
"129","East_Waterway","CoastGuard_stn","8","T1","10:15:34","10/11/2022","0:31:43",568,-6.79704,136,89,47.5889816,-122.3431243,10,54.68,1.097111111,100,0,47.5889816,-122.3431243,0,156,47.58838485,-122.3430186,1.06e-06,1.097111111,3.076186102,1.344621107,4.136304762,"2022_10_11_10-06-06_568.jpg",2.18513590605495,1.96162210720124,13,100
"130","East_Waterway","CoastGuard_stn","8","T1","10:15:42","10/11/2022","0:31:51",576,-6.76656,131,89,47.5889816,-122.3431243,10,54.68,0.978777778,100,0,47.5889816,-122.3431243,0,151,47.58837212,-122.3430129,1.94e-06,0.978777778,2.744391672,1.199591587,3.292149162,"2022_10_11_10-06-06_576.jpg",2.12289133894371,2.038511859358,11,100
"131","East_Waterway","CoastGuard_stn","8","T1","10:15:50","10/11/2022","0:31:59",584,-6.76656,140,89,47.5889816,-122.3431243,10,54.68,0.865222222,100,0,47.5889816,-122.3431243,0,160,47.58835865,-122.3430052,1.72e-06,0.865222222,2.425993638,1.060417719,2.57256664,"2022_10_11_10-06-06_584.jpg",1.88337813487166,1.88337813487166,10,100
"132","East_Waterway","CoastGuard_stn","8","T1","10:15:58","10/11/2022","0:32:07",592,-6.76656,143,89,47.5889816,-122.3431243,10,54.68,0.905333333,100,0,47.5889816,-122.3431243,0,163,47.5883477,-122.3430018,2.29e-06,0.905333333,2.538461045,1.10957796,2.816620429,"2022_10_11_10-06-06_592.jpg",1.38163301508523,1.52989517654519,8,100
"133","East_Waterway","CoastGuard_stn","8","T1","10:16:06","10/11/2022","0:32:15",600,-6.76656,139,89,47.5889816,-122.3431243,10,54.66,1.026777778,100,0,47.5889816,-122.3431243,0,159,47.58833307,-122.3429966,1.3e-06,1.026777778,2.878978709,1.258420463,3.622965719,"2022_10_11_10-06-06_600.jpg",2.11432167302003,1.84475172685995,14,100
"134","East_Waterway","CoastGuard_stn","8","T1","10:16:14","10/11/2022","0:32:23",608,-6.82752,141,89,47.5889816,-122.3431243,10,54.68,0.718777778,100,0,47.5889816,-122.3431243,4.37e-09,161,47.58832196,-122.3429933,2.2e-06,0.718777778,2.015378559,0.880935177,1.775417869,"2022_10_11_10-06-06_608.jpg",2.02654687760521,1.87785590699172,12,100
"135","East_Waterway","CoastGuard_stn","8","T1","10:16:22","10/11/2022","0:32:31",616,-6.4008,125,89,47.5889816,-122.3431243,10,54.66,0.696666667,100,0,47.5889816,-122.3431243,9.73e-09,145,47.5883094,-122.342985,1.81e-06,0.696666667,1.95338129,0.853835765,1.667866808,"2022_10_11_10-06-06_616.jpg",2.10736476858537,1.95274406065093,12,99
"136","East_Waterway","CoastGuard_stn","8","T1","10:16:30","10/11/2022","0:32:39",624,-6.30936,127,88,47.5889816,-122.3431243,10,54.68,1.0146,100,0,47.5889816,-122.3431243,9.31e-10,147,47.58829759,-122.3429767,1.53e-06,1.0146,2.844833479,1.243495359,3.537537229,"2022_10_11_10-06-06_624.jpg",1.20382672411553,1.42448173716652,7,100
"137","East_Waterway","CoastGuard_stn","8","T1","10:16:38","10/11/2022","0:32:47",632,-6.06552,134,88,47.5889816,-122.3431243,10,54.7,1.2145,100,0,47.5889816,-122.3431243,7.91e-09,154,47.58828229,-122.3429675,1.57e-06,1.2145,3.405332407,1.488493114,5.06881384,"2022_10_11_10-06-06_632.jpg",1.43577100626388,1.69894016821961,7,100
"138","East_Waterway","CoastGuard_stn","8","T1","10:07:10","10/11/2022","0:23:19",64,-7.9248,149,92,47.589138,-122.3432464,10,54.7,0.983333333,100,0,47.58913947,-122.3432394,0.053635782,169,47.58906619,-122.3432346,1.76e-06,0.983333333,2.757164979,1.205174883,3.322865982,"2022_10_11_10-06-06_64.jpg",1.94266524104554,1.74395335007164,13,100
"139","East_Waterway","CoastGuard_stn","8","T1","10:16:46","10/11/2022","0:32:55",640,-6.61416,119,88,47.5889816,-122.3431243,10,54.7,1.12,100,0,47.5889816,-122.3431243,8.18e-09,139,47.58827479,-122.3429625,1.14e-06,1.12,3.14036418,1.372673765,4.310695523,"2022_10_11_10-06-06_640.jpg",2.15630329683023,1.99809189116976,12,100
"140","East_Waterway","CoastGuard_stn","8","T1","10:16:54","10/11/2022","0:33:03",648,-6.46176,129,88,47.5889816,-122.3431243,10,54.7,0.961222222,100,0,47.5889816,-122.3431243,9.31e-10,149,47.58826538,-122.3429559,7.36e-07,0.961222222,2.69516771,1.178075471,3.175110969,"2022_10_11_10-06-06_648.jpg",2.11887890873485,1.84872792809834,14,100
"141","East_Waterway","CoastGuard_stn","8","T1","10:17:02","10/11/2022","0:33:11",656,-6.49224,131,88,47.5889816,-122.3431243,10,54.7,0.9547,100,0,47.5889816,-122.3431243,2.19e-09,151,47.58825689,-122.342951,6.5e-07,0.9547,2.676880073,1.170081825,3.132168721,"2022_10_11_10-06-06_656.jpg",2.18306193045071,1.9597602749995,13,100
"142","East_Waterway","CoastGuard_stn","8","T1","10:17:10","10/11/2022","0:33:19",664,-6.46176,130,88,47.5889816,-122.3431243,10,54.68,0.9922,100,0,47.5889816,-122.3431243,7.91e-09,150,47.58824766,-122.3429457,2.59e-06,0.9922,2.782026196,1.216041884,3.383060376,"2022_10_11_10-06-06_664.jpg",1.8027856485021,1.99624143160628,8,100
"143","East_Waterway","CoastGuard_stn","8","T1","10:17:18","10/11/2022","0:33:27",672,-6.49224,130,88,47.5889816,-122.3431243,10,54.7,1.097666667,100,0,47.5889816,-122.3431243,6e-09,150,47.58823618,-122.3429391,1.5e-06,1.097666667,3.077743822,1.345301997,4.14049491,"2022_10_11_10-06-06_672.jpg",2.21959552534547,2.13137230266625,11,100
"144","East_Waterway","CoastGuard_stn","8","T1","10:07:18","10/11/2022","0:23:27",72,-8.01624,151,92,47.5891342,-122.3432388,10,54.7,0.912444444,100,0.710563175,47.58913617,-122.343237,0.049838871,171,47.58905196,-122.343232,3.39e-06,0.912444444,2.558399865,1.118293349,2.861041555,"2022_10_11_10-06-06_72.jpg",1.93125857822327,1.78955906183162,12,100
"145","East_Waterway","CoastGuard_stn","8","T1","10:06:14","10/11/2022","0:22:23",8,-7.28472,161,92,47.5891799,-122.343254,10,54.7,0.976777778,100,0.578948032,47.58917628,-122.3432572,0.106523124,181,47.58916009,-122.3432466,2.74e-06,0.976777778,2.738783879,1.197140384,3.278708785,"2022_10_11_10-06-06_8.jpg",1.82398322403369,1.91144620575056,9,100
"146","East_Waterway","CoastGuard_stn","8","T1","10:07:26","10/11/2022","0:23:35",80,-7.95528,154,92,47.5891342,-122.3432388,10,54.7,0.805777778,100,0,47.58913308,-122.3432346,0.047594375,174,47.58903835,-122.3432306,1.22e-06,0.805777778,2.259317563,0.987562515,2.231217333,"2022_10_11_10-06-06_80.jpg",2.1444227812788,1.82334726558602,15,100
"147","East_Waterway","CoastGuard_stn","8","T1","10:07:34","10/11/2022","0:23:43",88,-7.98576,154,91,47.5891342,-122.3432312,10,54.7,0.993333333,100,0,47.58913043,-122.3432326,0.028156599,174,47.58902557,-122.3432292,1.05e-06,0.993333333,2.785203945,1.217430899,3.390793343,"2022_10_11_10-06-06_88.jpg",2.40180894656228,2.04219606945363,15,100
"148","East_Waterway","CoastGuard_stn","8","T1","10:07:42","10/11/2022","0:23:51",96,-7.95528,154,91,47.5891342,-122.3432312,10,54.7,1.073888889,100,0,47.58912854,-122.3432296,0.04298789,174,47.58901021,-122.3432275,3.23e-06,1.073888889,3.011073392,1.316159915,3.9630541,"2022_10_11_10-06-06_96.jpg",1.88107350063426,1.80630565918413,11,100
