"Source_file","Name","Date","season","pass","Time","site","transect","depth","Transect_ID","Battery_V","Battery_A","Battery_W","Battery_mAh_used","Battery_Wh_used","Latitude","Longitude","Altitude","ROV_depth_m","Area_m2","Distance","MDS1","MDS2","pebble","boulder","kelp_sieve","silt","green_algae_ulva","red_algae_branching","red_algae_cca","sand_fine_shell","kelp_sugar","red_algae_flat_leaf","unknown_area","red_algae_filamentous","cobble","brown_algae_filamentous","red_algae_bushy","brown_algae_sargassum","shell_hash","mobile_species","kelp_five_rib","anthropogenic","brown_algae_encrusting","kelp_stipe","kelp_holdfast","kelp_bryozoan","wood_debris","sessile_invertebrates","kelp_bull_blade","brown_algae_fucus","green_algae_filamentous","red_algae_encrusting"
"CNL_S24","2024_10_08_10-07-41.jpg",2024-10-08,"summer","out",10:07:41,"Centennial_Park",1,"deep","CNL_S24_T1",13.65264634,1.379146341,18.82694573,0,0,47.6190932,-122.3624258,1.017256055,-9.519999504,2.268969543,0,-1.33610522787378,-0.00812295433973798,0.4,0,0,0.14,0.06,0,0,0,0.38,0,0,0,0,0,0,0,0,0,0,0,0,0.02,0,0,0,0,0,0,0,0
"CNL_S24","2024_10_08_10-07-50.jpg",2024-10-08,"summer","out",10:07:50,"Centennial_Park",1,"deep","CNL_S24_T1",13.66343558,1.242392638,16.9753362,5,0.055555556,47.6190908,-122.3624442,0.681165624,-9.880000114,1.016917746,0.095744932,-1.3936026636994,-0.0772689747831515,0.3,0,0,0.16,0.02,0,0,0.02,0.5,0,0,0,0,0,0,0,0,0,0,0,0,0,0,0,0,0,0,0,0,0
"CNL_S24","2024_10_08_10-07-59.jpg",2024-10-08,"summer","out",10:07:59,"Centennial_Park",1,"deep","CNL_S24_T1",13.6576988,1.373373494,18.75632566,8,0.111111111,47.6190852,-122.362463,0.848493942,-9.729999542,1.577721463,0.111131033,-1.3444753367478,0.0815318743134479,0.42,0,0,0.06,0.02,0,0,0.02,0.44,0,0,0,0.04,0,0,0,0,0,0,0,0,0,0,0,0,0,0,0,0,0
"CNL_S24","2024_10_08_10-08-08.jpg",2024-10-08,"summer","out",10:08:08,"Centennial_Park",1,"deep","CNL_S24_T1",13.61666061,2.417757576,32.9204963,15,0.194444444,47.6190864,-122.3624715,0.60987877,-9.800000191,0.815303696,0.053945339,-1.16147952146265,-0.096342042334536,0.34,0,0,0.22,0.08,0,0,0.06,0.24,0,0,0,0,0,0.02,0,0,0,0,0,0,0.02,0.02,0,0,0,0,0,0,0
"CNL_S24","2024_10_08_10-08-17.jpg",2024-10-08,"summer","out",10:08:17,"Centennial_Park",1,"deep","CNL_S24_T1",13.63069753,1.702407407,23.19795809,19,0.25,47.6190916,-122.3624746,0.840061702,-9.609999657,1.546631248,0.101253924,-1.08198302217251,-0.11877695624957,0.32,0,0,0.14,0.06,0,0,0.02,0.34,0.02,0,0,0.06,0,0,0,0,0.04,0,0,0,0,0,0,0,0,0,0,0,0
"CNL_S24","2024_10_08_10-08-26.jpg",2024-10-08,"summer","out",10:08:26,"Centennial_Park",1,"deep","CNL_S24_T1",13.66368098,1.304969325,17.83063828,22,0.305555556,47.6190912,-122.3624774,0.690981592,-9.739999771,1.046234577,0.089345971,-1.10055281295988,-0.0124019792711316,0.44,0,0,0.14,0.1,0,0,0.04,0.18,0,0,0,0.08,0,0.02,0,0,0,0,0,0,0,0,0,0,0,0,0,0,0
"CNL_S24","2024_10_08_10-08-35.jpg",2024-10-08,"summer","out",10:08:35,"Centennial_Park",1,"deep","CNL_S24_T1",13.62968323,1.865900621,25.43154441,26,0.361111111,47.6190914,-122.3624744,0.877701855,-9.590000153,1.688383889,0.068684108,-1.1950823916469,0.0750199635914571,0.48,0,0,0.12,0.06,0,0,0,0.28,0,0,0,0.04,0.02,0,0,0,0,0,0,0,0,0,0,0,0,0,0,0,0
"CNL_S24","2024_10_08_10-08-44.jpg",2024-10-08,"summer","out",10:08:44,"Centennial_Park",1,"deep","CNL_S24_T1",13.64668098,1.299141104,17.72853411,29,0.416666667,47.619097,-122.3624682,0.769202436,-9.599999428,1.296877685,0.03170244,-1.26742510013491,0.356860918030085,0.64,0,0,0.12,0,0,0,0,0.16,0,0,0.02,0,0,0.02,0,0,0,0,0,0,0,0,0.04,0,0,0,0,0,0
"CNL_S24","2024_10_08_10-08-53.jpg",2024-10-08,"summer","out",10:08:53,"Centennial_Park",1,"deep","CNL_S24_T1",13.61905521,1.846196319,25.14425117,34,0.472222222,47.6190957,-122.3624639,0.663006107,-9.819999695,0.96362915,0.051323958,-1.05923393489164,0.384382457649164,0.66,0,0,0.1,0.02,0.02,0,0.14,0,0,0,0,0.04,0,0.02,0,0,0,0,0,0,0,0,0,0,0,0,0,0,0
"CNL_S24","2024_10_08_10-09-02.jpg",2024-10-08,"summer","out",10:09:02,"Centennial_Park",1,"deep","CNL_S24_T1",13.63342169,1.618373494,22.06396476,38,0.527777778,47.6191164,-122.3624521,0.748915664,-9.670000076,1.229026863,0.098533657,-1.08728323184378,0.444229904329577,0.76,0,0,0.06,0.04,0,0,0.06,0,0.02,0,0,0.02,0,0.02,0.02,0,0,0,0,0,0,0,0,0,0,0,0,0,0
"CNL_S24","2024_10_08_10-09-11.jpg",2024-10-08,"summer","out",10:09:11,"Centennial_Park",1,"deep","CNL_S24_T1",13.6350303,1.449575758,19.76488352,42,0.583333333,47.6191216,-122.3624546,0.668606019,-9.75,0.979580835,0.084494363,-1.24344036803046,0.59301520637249,0.84,0,0,0.02,0.02,0,0,0.08,0,0,0,0,0,0,0.04,0,0,0,0,0,0,0,0,0,0,0,0,0,0,0
"CNL_S24","2024_10_08_10-09-20.jpg",2024-10-08,"summer","out",10:09:20,"Centennial_Park",1,"deep","CNL_S24_T1",13.61406748,2.110552147,28.7332465,47,0.638888889,47.6191394,-122.362452,0.64263802,-9.739999771,0.905041326,0.145794022,-1.0700377083196,-0.0190862451882286,0.48,0,0,0.04,0.1,0.02,0,0.04,0.26,0,0,0,0.02,0,0.02,0,0,0,0,0,0,0,0,0.02,0,0,0,0,0,0
"CNL_S24","2024_10_08_10-09-29.jpg",2024-10-08,"summer","out",10:09:29,"Centennial_Park",1,"deep","CNL_S24_T1",13.5998773,2.663190184,36.21743926,52,0.722222222,47.6191485,-122.3624505,0.682147237,-9.699999809,1.020055425,0.092716048,-0.896237337934831,-1.06348195168517,0.14,0,0,0,0.3,0,0,0,0.5,0.02,0,0,0,0,0,0,0,0,0,0,0,0,0,0.04,0,0,0,0,0,0
"CNL_S24","2024_10_08_10-09-38.jpg",2024-10-08,"summer","out",10:09:38,"Centennial_Park",1,"deep","CNL_S24_T1",13.6174878,4.292317073,58.39195793,58,0.805555556,47.6191634,-122.3624644,0.443780482,-9.859999657,0.431594899,0.139740624,-0.935904637070412,-1.3345631511337,0.04,0,0,0.02,0.08,0,0,0,0.8,0.02,0,0,0.02,0,0,0,0,0,0,0,0,0,0,0.02,0,0,0,0,0,0
"CNL_S24","2024_10_08_10-09-47.jpg",2024-10-08,"summer","out",10:09:47,"Centennial_Park",1,"deep","CNL_S24_T1",13.63254217,1.723253012,23.49256277,67,0.916666667,47.619157,-122.3624755,0.236445777,-9.949999809,0.123087746,0.058965761,-1.33579211996282,-0.352889066545366,0.32,0,0,0,0.06,0,0,0,0.48,0,0,0,0.04,0,0.02,0.04,0,0,0,0,0,0,0.04,0,0,0,0,0,0,0
"CNL_S24","2024_10_08_10-09-56.jpg",2024-10-08,"summer","out",10:09:56,"Centennial_Park",1,"deep","CNL_S24_T1",13.5864,2.797090909,37.99480582,76,1.027777778,47.6191452,-122.3624882,0.423030291,-9.880000114,0.392394909,0.031492249,-0.841982209793423,-0.0117416558576919,0.52,0,0,0.08,0.12,0.06,0,0,0.12,0.04,0,0,0.02,0,0.02,0,0.02,0,0,0,0,0,0,0,0,0,0,0,0,0
"CNL_S24","2024_10_08_10-10-05.jpg",2024-10-08,"summer","out",10:10:05,"Centennial_Park",1,"deep","CNL_S24_T1",13.62435583,1.744785276,23.77117337,81,1.111111111,47.6191446,-122.3625044,0.622576689,-9.769999504,0.849479572,0.071216044,-0.942289733814148,0.27956373251118,0.58,0,0,0.08,0.02,0.04,0,0.02,0.12,0.02,0,0,0.08,0,0,0,0.02,0,0,0,0,0,0,0,0.02,0,0,0,0,0
"CNL_S24","2024_10_08_10-10-14.jpg",2024-10-08,"summer","out",10:10:14,"Centennial_Park",1,"deep","CNL_S24_T1",13.64314371,1.338323353,18.25903545,88,1.194444444,47.6191506,-122.3625165,0.3520958,-9.979999542,0.27175718,0.08796783,-0.654088443186944,0.283912112736351,0.5,0.04,0,0.08,0.04,0.02,0,0.02,0,0.02,0,0.06,0.16,0,0.02,0,0.04,0,0,0,0,0,0,0,0,0,0,0,0,0
"CNL_S24","2024_10_08_10-10-23.jpg",2024-10-08,"summer","out",10:10:23,"Centennial_Park",1,"deep","CNL_S24_T1",13.64129814,1.499937888,20.45861919,91,1.25,47.6191508,-122.3625278,0.410807447,-9.869999886,0.369849752,0.037861309,-0.714486461400101,0.320304160153294,0.56,0.02,0,0.14,0,0.08,0,0,0,0.04,0,0,0.04,0.04,0.04,0,0,0,0,0,0,0,0,0,0,0,0,0.04,0,0
"CNL_S24","2024_10_08_10-10-32.jpg",2024-10-08,"summer","out",10:10:32,"Centennial_Park",1,"deep","CNL_S24_T1",13.62479755,1.662208589,22.64665669,95,1.305555556,47.6191507,-122.3625311,0.574233118,-9.63999939,0.723014618,0.054481205,-0.933514952833146,0.259282669620427,0.64,0,0,0.06,0.1,0.02,0,0.02,0,0.04,0,0,0.12,0,0,0,0,0,0,0,0,0,0,0,0,0,0,0,0,0
"CNL_S24","2024_10_08_10-10-41.jpg",2024-10-08,"summer","out",10:10:41,"Centennial_Park",1,"deep","CNL_S24_T1",13.62765432,1.566296296,21.34392074,99,1.361111111,47.6191468,-122.3625431,0.666111072,-9.609999657,0.97230972,0.124221383,-1.04990414384908,0.326857298983433,0.66,0,0,0.18,0.06,0.02,0,0,0,0,0,0.02,0.06,0,0,0,0,0,0,0,0,0,0,0,0,0,0,0,0,0
"CNL_S24","2024_10_08_10-10-50.jpg",2024-10-08,"summer","out",10:10:50,"Centennial_Park",1,"deep","CNL_S24_T1",13.61693939,1.876121212,25.54699291,103,1.416666667,47.619148,-122.3625444,0.881454529,-9.449999809,1.702785227,0.078511438,-0.949821091172512,-0.00903297551214878,0.48,0,0,0.16,0.12,0.02,0,0,0.12,0.04,0,0,0.04,0,0.02,0,0,0,0,0,0,0,0,0,0,0,0,0,0,0
"CNL_S24","2024_10_08_10-10-59.jpg",2024-10-08,"summer","out",10:10:59,"Centennial_Park",1,"deep","CNL_S24_T1",13.54986667,5.833575758,79.04347224,112,1.527777778,47.6191496,-122.3625297,0.608363634,-9.659999847,0.811113839,0.146263615,-1.1736958019389,0.199154586775561,0.6,0,0,0.18,0.1,0,0,0,0,0,0,0,0.08,0,0.02,0,0.02,0,0,0,0,0,0,0,0,0,0,0,0,0
"CNL_S24","2024_10_08_10-11-08.jpg",2024-10-08,"summer","out",10:11:08,"Centennial_Park",1,"deep","CNL_S24_T1",13.64401212,1.495575758,20.40548279,118,1.611111111,47.6191591,-122.3625139,0.743454552,-9.420000076,1.2112206,0.041642394,-1.10254478584647,0.19982586875934,0.54,0,0,0.26,0.04,0,0,0,0.08,0.04,0,0,0,0.02,0,0,0.02,0,0,0,0,0,0,0,0,0,0,0,0,0
"CNL_S24","2024_10_08_10-11-17.jpg",2024-10-08,"summer","out",10:11:17,"Centennial_Park",1,"deep","CNL_S24_T1",13.64789024,1.385243902,18.9052911,121,1.638888889,47.6191629,-122.3625059,0.670853634,-9.529999733,0.986275444,0.039639784,-0.7033380094375,0.153325145605998,0.54,0,0,0.1,0.1,0.1,0,0,0,0,0,0.04,0.06,0.06,0,0,0,0,0,0,0,0,0,0,0,0,0,0,0,0
"CNL_S24","2024_10_08_10-11-26.jpg",2024-10-08,"summer","out",10:11:26,"Centennial_Park",1,"deep","CNL_S24_T1",13.63544512,1.501585366,20.47461567,125,1.694444444,47.6191759,-122.3625044,0.640243888,-9.529999733,0.898351014,0.090726135,-0.49140059645961,-0.132155185222601,0.34,0,0,0.06,0.14,0.14,0,0,0,0.08,0,0.04,0.12,0.06,0.02,0,0,0,0,0,0,0,0,0,0,0,0,0,0,0
"CNL_S24","2024_10_08_10-11-35.jpg",2024-10-08,"summer","out",10:11:35,"Centennial_Park",1,"deep","CNL_S24_T1",13.6202454,1.764478528,24.03211178,128,1.75,47.6191727,-122.3625061,0.815644169,-9.359999657,1.457941243,0.056316203,-1.3145158730849,0.167497107751363,0.52,0,0,0.16,0.02,0,0,0,0.28,0,0,0,0.02,0,0,0,0,0,0,0,0,0,0,0,0,0,0,0,0,0
"CNL_S24","2024_10_08_10-11-44.jpg",2024-10-08,"summer","out",10:11:44,"Centennial_Park",1,"deep","CNL_S24_T1",13.63564198,1.472777778,20.08178142,132,1.805555556,47.6191651,-122.362519,0.641481466,-9.559999466,0.901983465,0.05037659,-1.03439811288551,-0.0802454032256767,0.38,0,0,0.14,0.1,0,0,0.02,0.24,0,0,0.02,0.04,0,0.04,0,0,0.02,0,0,0,0,0,0,0,0,0,0,0,0
"CNL_S24","2024_10_08_10-11-53.jpg",2024-10-08,"summer","out",10:11:53,"Centennial_Park",1,"deep","CNL_S24_T1",13.61946584,1.702049689,23.18089143,136,1.861111111,47.6191697,-122.3625352,0.726583814,-9.5,1.156852531,0.082492993,-0.837152614526225,-0.296898352536858,0.26,0,0,0.08,0.08,0.02,0,0,0.38,0.06,0.02,0,0.06,0,0,0,0.02,0,0,0,0,0,0,0,0,0,0,0.02,0,0
"CNL_S24","2024_10_08_10-12-02.jpg",2024-10-08,"summer","out",10:12:02,"Centennial_Park",1,"deep","CNL_S24_T1",13.62084663,1.755766871,23.91485571,141,1.916666667,47.6191757,-122.3625475,0.6892638,-9.590000153,1.041050904,0.109264204,-0.930319180569259,0.168329047164994,0.46,0.02,0,0.22,0.02,0,0,0,0.18,0,0.02,0.02,0.02,0.02,0.02,0,0,0,0,0,0,0,0,0,0,0,0,0,0,0
"CNL_S24","2024_10_08_10-12-11.jpg",2024-10-08,"summer","out",10:12:11,"Centennial_Park",1,"deep","CNL_S24_T1",13.64307317,1.350121951,18.41971927,146,2,47.6191903,-122.3625671,0.685914635,-9.569999695,1.030988642,0.116268081,-0.791739762550452,0.0426298318130382,0.3,0.02,0,0.28,0.04,0,0,0,0.08,0.04,0,0.02,0.1,0.06,0.02,0,0,0.02,0,0,0,0,0,0,0,0,0,0.02,0,0
"CNL_S24","2024_10_08_10-12-20.jpg",2024-10-08,"summer","out",10:12:20,"Centennial_Park",1,"deep","CNL_S24_T1",13.62221472,1.679447853,22.87775933,151,2.055555556,47.6191841,-122.362574,0.759693242,-9.519999504,1.264639742,0.088051869,-0.856274362880826,0.0612052705562045,0.44,0,0,0.18,0.04,0.02,0,0,0.14,0.06,0,0.04,0.06,0,0.02,0,0,0,0,0,0,0,0,0,0,0,0,0,0,0
"CNL_S24","2024_10_08_10-12-29.jpg",2024-10-08,"summer","out",10:12:29,"Centennial_Park",1,"deep","CNL_S24_T1",13.61980368,1.755521472,23.90980822,155,2.111111111,47.6191836,-122.3625901,0.762515325,-9.590000153,1.274087566,0.102050507,-0.865852874068495,-0.108069431880973,0.26,0,0,0.34,0.06,0,0,0.02,0.18,0.04,0.02,0.04,0.02,0,0,0,0.02,0,0,0,0,0,0,0,0,0,0,0,0,0
"CNL_S24","2024_10_08_10-12-38.jpg",2024-10-08,"summer","out",10:12:38,"Centennial_Park",1,"deep","CNL_S24_T1",13.61163975,2.117639752,28.82464366,160,2.166666667,47.6191886,-122.3626106,0.69757763,-9.670000076,1.066324859,0.153503426,-1.06709574276419,-0.0657565998897167,0.42,0,0,0.22,0.2,0,0,0.02,0.04,0,0,0,0.1,0,0,0,0,0,0,0,0,0,0,0,0,0,0,0,0,0
"CNL_S24","2024_10_08_10-12-47.jpg",2024-10-08,"summer","out",10:12:47,"Centennial_Park",1,"deep","CNL_S24_T1",13.61376364,2.015272727,27.43545309,165,2.25,47.6191941,-122.3626374,0.734424239,-9.699999809,1.182526074,0.184738411,-0.877804222970597,-1.15628223856005,0.1,0.02,0,0,0.08,0,0,0,0.78,0.02,0,0,0,0,0,0,0,0,0,0,0,0,0,0,0,0,0,0,0,0
"CNL_S24","2024_10_08_10-12-56.jpg",2024-10-08,"summer","out",10:12:56,"Centennial_Park",1,"deep","CNL_S24_T1",13.62471779,1.941595092,26.45327325,170,2.333333333,47.6191903,-122.3626762,0.747975458,-9.809999466,1.226118472,0.209043108,-0.576831914053864,-0.333061967387662,0.14,0.04,0,0.18,0.18,0,0,0,0.18,0.1,0,0.04,0.12,0,0,0,0,0,0,0,0,0,0.02,0,0,0,0,0,0,0
"CNL_S24","2024_10_08_10-13-05.jpg",2024-10-08,"summer","out",10:13:05,"Centennial_Park",1,"deep","CNL_S24_T1",13.64536585,1.442134146,19.67790049,176,2.388888889,47.6191924,-122.3626755,0.752012193,-9.729999542,1.239313193,0.126293089,-0.645449076692663,-0.312981262944395,0.22,0.02,0.04,0.06,0.12,0,0,0,0.42,0.06,0.02,0,0.04,0,0,0,0,0,0,0,0,0,0,0,0,0,0,0,0,0
"CNL_S24","2024_10_08_10-13-14.jpg",2024-10-08,"summer","out",10:13:14,"Centennial_Park",1,"deep","CNL_S24_T1",13.59988199,2.323167702,31.59377,181,2.472222222,47.6192014,-122.362669,0.621987581,-9.989999771,0.847793888,0.138855772,-0.77454185756973,-0.192671385478192,0.2,0,0,0.2,0.06,0.04,0,0,0.2,0.02,0,0.06,0.22,0,0,0,0,0,0,0,0,0,0,0,0,0,0,0,0,0
"CNL_S24","2024_10_08_10-13-23.jpg",2024-10-08,"summer","out",10:13:23,"Centennial_Park",1,"deep","CNL_S24_T1",13.65716049,1.266728395,17.2996821,187,2.555555556,47.6192112,-122.3626796,0.709876522,-9.809999466,1.104491013,0.064610018,-0.801994895438543,-0.24922057970314,0.3,0.02,0,0.14,0.24,0.02,0,0,0.16,0.02,0,0,0.06,0,0,0,0.04,0,0,0,0,0,0,0,0,0,0,0,0,0
"CNL_S24","2024_10_08_10-13-32.jpg",2024-10-08,"summer","out",10:13:32,"Centennial_Park",1,"deep","CNL_S24_T1",13.60065031,2.494601227,33.9280854,193,2.611111111,47.6192148,-122.3626806,0.726687097,-9.869999886,1.157769501,0.102056045,-1.20884725349549,-0.53039624490606,0.14,0,0,0.14,0.08,0,0,0,0.44,0,0,0,0.12,0,0,0,0,0,0,0,0,0,0.06,0.02,0,0,0,0,0,0
"CNL_S24","2024_10_08_10-13-41.jpg",2024-10-08,"summer","out",10:13:41,"Centennial_Park",1,"deep","CNL_S24_T1",13.59927108,3.035903614,41.28520759,198,2.694444444,47.6192225,-122.3626729,0.695421679,-9.929999352,1.059758241,0.127031787,-0.975501859186692,-0.766006153395871,0.08,0.02,0,0.14,0.02,0.04,0,0,0.62,0,0,0,0,0,0,0,0,0.06,0,0,0,0,0.02,0,0,0,0,0,0,0
"CNL_S24","2024_10_08_10-13-50.jpg",2024-10-08,"summer","out",10:13:50,"Centennial_Park",1,"deep","CNL_S24_T1",13.58831481,3.322037037,45.13998556,207,2.833333333,47.6192371,-122.3626794,0.634753077,-9.960000038,0.883118612,0.176317845,-0.519595266331768,-0.544689441331656,0.12,0.02,0,0.06,0.16,0.1,0,0,0.34,0.04,0,0,0.14,0,0.02,0,0,0,0,0,0,0,0,0,0,0,0,0,0,0
"CNL_S24","2024_10_08_10-35-58.jpg",2024-10-08,"summer","out",10:35:58,"Centennial_Park",1,"deep","CNL_S24_T1",13.58385366,3.513414634,47.72577805,1297,17.63888889,47.6193324,-122.3627134,0.716158509,-9.269999504,1.123896728,0.144558071,-0.948432449363515,0.516940539962558,0.8,0,0,0.04,0.04,0.04,0,0.02,0,0,0,0.02,0.04,0,0,0,0,0,0,0,0,0,0,0,0,0,0,0,0,0
"CNL_S24","2024_10_08_10-36-07.jpg",2024-10-08,"summer","return",10:36:07,"Centennial_Park",1,"deep","CNL_S24_T1",13.58948171,2.984512195,40.55671311,1304,17.72222222,47.6193184,-122.3627312,0.666524359,-9.43999958,0.973572966,0.113832249,-0.917949206407211,0.610610085183788,0.46,0.04,0,0,0.04,0,0,0,0.46,0,0,0,0,0,0,0,0,0,0,0,0,0,0,0,0,0,0,0,0,0
"CNL_S24","2024_10_08_10-36-16.jpg",2024-10-08,"summer","return",10:36:16,"Centennial_Park",1,"deep","CNL_S24_T1",13.58898788,3.444484848,46.80154558,1314,17.86111111,47.6193036,-122.3627213,0.681333339,-9.510000229,1.017227642,0.15916415,-0.598809524220872,0.414481096625236,0.72,0.06,0,0,0.1,0.02,0,0,0,0.02,0,0.02,0.02,0.04,0,0,0,0,0,0,0,0,0,0,0,0,0,0,0,0
"CNL_S24","2024_10_08_10-36-25.jpg",2024-10-08,"summer","return",10:36:25,"Centennial_Park",1,"deep","CNL_S24_T1",13.58720732,3.31945122,45.09957945,1323,17.97222222,47.6192897,-122.362719,0.61841464,-9.63999939,0.83834075,0.166958388,-0.481632393512219,-0.0728771300443409,0.38,0.02,0,0.02,0.08,0.1,0,0.02,0.16,0.06,0,0.06,0.06,0.02,0.02,0,0,0,0,0,0,0,0,0,0,0,0,0,0,0
"CNL_S24","2024_10_08_10-36-34.jpg",2024-10-08,"summer","return",10:36:34,"Centennial_Park",1,"deep","CNL_S24_T1",13.58957669,3.490613497,47.43631528,1331,18.11111111,47.619276,-122.362711,0.611227007,-9.68999958,0.81866391,0.136684214,-0.0996406388049473,-0.710705902845264,0.06,0.08,0,0,0.24,0.06,0,0,0.42,0.06,0,0.02,0.04,0,0,0,0,0.02,0,0,0,0,0,0,0,0,0,0,0,0
"CNL_S24","2024_10_08_10-36-43.jpg",2024-10-08,"summer","return",10:36:43,"Centennial_Park",1,"deep","CNL_S24_T1",13.5867378,3.299939024,44.82400457,1338,18.19444444,47.6192682,-122.3626847,0.636341453,-9.670000076,0.887402889,0.119034835,-0.528932767318767,-0.687049229652773,0.16,0.02,0,0.02,0.28,0.04,0,0,0.32,0.14,0,0,0.02,0,0,0,0,0,0,0,0,0,0,0,0,0,0,0,0,0
"CNL_S24","2024_10_08_10-36-52.jpg",2024-10-08,"summer","return",10:36:52,"Centennial_Park",1,"deep","CNL_S24_T1",13.59619136,2.7,36.70965093,1346,18.30555556,47.6192564,-122.3626796,0.655432076,-9.659999847,0.941571674,0.123042638,-0.488635153912476,-0.101744150845884,0.36,0.06,0,0.02,0.2,0.04,0,0,0.06,0.04,0.02,0,0.16,0,0,0,0.02,0.02,0,0,0,0,0,0,0,0,0,0,0,0
"CNL_S24","2024_10_08_10-37-01.jpg",2024-10-08,"summer","return",10:37:01,"Centennial_Park",1,"deep","CNL_S24_T1",13.59658282,2.817423313,38.30709902,1353,18.38888889,47.6192513,-122.3626773,0.660184016,-9.679999352,0.955259439,0.122496463,-1.23113558302797,-0.521322700372734,0.22,0,0,0.04,0.04,0.02,0,0,0.64,0,0,0,0.04,0,0,0,0,0,0,0,0,0,0,0,0,0,0,0,0,0
"CNL_S24","2024_10_08_10-37-10.jpg",2024-10-08,"summer","return",10:37:10,"Centennial_Park",1,"deep","CNL_S24_T1",13.59264024,2.709939024,36.83466268,1360,18.5,47.6192475,-122.3626608,0.635975599,-9.68999958,0.886700092,0.124746302,-0.4737044853679,-0.205667167133465,0.38,0.04,0,0,0.24,0.06,0,0,0.12,0.08,0,0.04,0.04,0,0,0,0,0,0,0,0,0,0,0,0,0,0,0,0,0
"CNL_S24","2024_10_08_10-37-19.jpg",2024-10-08,"summer","return",10:37:19,"Centennial_Park",1,"deep","CNL_S24_T1",13.59265455,3.049393939,41.44862036,1368,18.58333333,47.6192509,-122.3626412,0.666909079,-9.649999619,0.975535779,0.133381023,-1.08067876665436,-0.610529032544785,0.24,0,0,0,0.12,0,0,0,0.54,0,0,0.02,0.06,0,0,0,0,0.02,0,0,0,0,0,0,0,0,0,0,0,0
"CNL_S24","2024_10_08_10-37-28.jpg",2024-10-08,"summer","return",10:37:28,"Centennial_Park",1,"deep","CNL_S24_T1",13.59421951,2.739390244,37.24020427,1374,18.66666667,47.6192588,-122.3626282,0.627499998,-9.630000114,0.863092279,0.108745704,-0.707775907936727,-1.62626230892952,0,0,0,0,0.24,0,0,0,0.74,0,0,0,0.02,0,0,0,0,0,0,0,0,0,0,0,0,0,0,0,0,0
"CNL_S24","2024_10_08_10-37-37.jpg",2024-10-08,"summer","return",10:37:37,"Centennial_Park",1,"deep","CNL_S24_T1",13.60242945,2.366625767,32.19185472,1381,18.77777778,47.6192558,-122.3626089,0.654539849,-9.670000076,0.938826572,0.128932443,-0.597643274297677,-0.848848600751076,0.1,0.02,0,0.06,0.26,0,0,0,0.44,0.1,0,0.02,0,0,0,0,0,0,0,0,0,0,0,0,0,0,0,0,0,0
"CNL_S24","2024_10_08_10-37-46.jpg",2024-10-08,"summer","return",10:37:46,"Centennial_Park",1,"deep","CNL_S24_T1",13.58482099,3.403271605,46.23287062,1389,18.88888889,47.6192511,-122.3626091,0.649999976,-9.659999847,0.925794813,0.112647662,-0.879085227246785,0.120679570383114,0.44,0,0,0.1,0.02,0.02,0,0,0.24,0.04,0,0.04,0.08,0,0,0,0,0,0,0,0,0,0,0,0,0,0,0.02,0,0
"CNL_S24","2024_10_08_10-37-55.jpg",2024-10-08,"summer","return",10:37:55,"Centennial_Park",1,"deep","CNL_S24_T1",13.59146914,3.043333333,41.3632221,1396,18.97222222,47.6192501,-122.3626079,0.642777761,-9.670000076,0.90545832,0.116571353,-0.870398158942958,-0.00566200710016671,0.26,0.02,0,0.12,0,0.02,0,0,0.24,0,0,0.04,0.1,0,0,0,0.02,0,0.12,0,0,0,0,0.04,0,0,0,0.02,0,0
"CNL_S24","2024_10_08_10-38-04.jpg",2024-10-08,"summer","return",10:38:04,"Centennial_Park",1,"deep","CNL_S24_T1",13.58947239,3.074601227,41.78221104,1404,19.08333333,47.6192423,-122.3625969,0.66288341,-9.550000191,0.963010773,0.106702228,-0.59124237435,-0.230967733651377,0.229166667,0.041666667,0,0.020833333,0.0625,0.041666667,0,0,0.458333333,0.020833333,0,0,0.104166667,0,0,0,0,0.020833333,0,0,0,0,0,0,0,0,0,0,0,0
"CNL_S24","2024_10_08_10-38-13.jpg",2024-10-08,"summer","return",10:38:13,"Centennial_Park",1,"deep","CNL_S24_T1",13.59282927,2.871097561,39.02617598,1412,19.19444444,47.6192235,-122.3625814,0.642256081,-9.489999771,0.904239272,0.11357701,-0.68511456051109,-0.231786335291319,0.3,0.02,0,0.04,0.12,0.02,0,0.02,0.22,0.14,0,0,0.1,0,0.02,0,0,0,0,0,0,0,0,0,0,0,0,0,0,0
"CNL_S24","2024_10_08_10-38-22.jpg",2024-10-08,"summer","return",10:38:22,"Centennial_Park",1,"deep","CNL_S24_T1",13.5910875,2.99325,40.68145525,1419,19.30555556,47.6192141,-122.3625809,0.641062485,-9.420000076,0.900561449,0.117844617,-0.826405847345045,-1.12998486739897,0.12,0,0,0,0.38,0,0,0,0.48,0.02,0,0,0,0,0,0,0,0,0,0,0,0,0,0,0,0,0,0,0,0
"CNL_S24","2024_10_08_10-38-31.jpg",2024-10-08,"summer","return",10:38:31,"Centennial_Park",1,"deep","CNL_S24_T1",13.59353333,2.884,39.20375667,1427,19.38888889,47.6192094,-122.3625777,0.660545421,-9.359999657,0.95608954,0.114093181,-1.01389111097652,-0.106484295466047,0.5,0,0,0.1,0.2,0,0,0,0.12,0.02,0,0,0,0.02,0,0.04,0,0,0,0,0,0,0,0,0,0,0,0,0,0
"CNL_S24","2024_10_08_10-38-40.jpg",2024-10-08,"summer","return",10:38:40,"Centennial_Park",1,"deep","CNL_S24_T1",13.58386585,3.537317073,48.05043756,1435,19.5,47.6192021,-122.3625747,0.647560954,-9.319999695,0.91890046,0.113499541,-0.843009704838928,-0.160690747437012,0.32,0.02,0,0.2,0.16,0,0,0.02,0.16,0.06,0,0,0.04,0,0,0,0,0,0,0,0,0,0.02,0,0,0,0,0,0,0
"CNL_S24","2024_10_08_10-38-49.jpg",2024-10-08,"summer","return",10:38:49,"Centennial_Park",1,"deep","CNL_S24_T1",13.59399387,2.713680982,36.88976387,1441,19.58333333,47.6191942,-122.3625812,0.63595091,-9.289999962,0.886259945,0.078610229,-0.78999242337185,0.315529125117304,0.42,0.02,0,0.06,0,0,0,0,0.32,0.02,0,0.08,0.06,0,0,0,0,0,0,0,0,0,0.02,0,0,0,0,0,0,0
"CNL_S24","2024_10_08_10-38-58.jpg",2024-10-08,"summer","return",10:38:58,"Centennial_Park",1,"deep","CNL_S24_T1",13.59623926,2.733190184,37.16096779,1448,19.69444444,47.6191848,-122.3625831,0.672822057,-9.229999542,0.991991466,0.077634754,-1.28477987473104,-0.384414229173606,0.22,0,0,0.1,0.02,0,0,0,0.58,0.02,0,0,0.02,0,0.02,0,0,0,0,0,0,0,0.02,0,0,0,0,0,0,0
"CNL_S24","2024_10_08_10-39-07.jpg",2024-10-08,"summer","return",10:39:07,"Centennial_Park",1,"deep","CNL_S24_T1",13.58714545,3.108181818,42.23116018,1455,19.77777778,47.6191805,-122.3625782,0.64206059,-9.220000267,0.903371243,0.1118827,-0.901216657449854,-0.283856906528056,0.2,0,0,0.14,0.04,0,0,0.02,0.38,0.04,0,0.04,0.1,0,0.04,0,0,0,0,0,0,0,0,0,0,0,0,0,0,0
"CNL_S24","2024_10_08_10-39-16.jpg",2024-10-08,"summer","return",10:39:16,"Centennial_Park",1,"deep","CNL_S24_T1",13.5875122,3.046402439,41.3930164,1462,19.88888889,47.6191739,-122.3625582,0.649573147,-9.220000267,0.924588301,0.120631568,-1.26458012028048,0.295660835018514,0.7,0,0,0.1,0.08,0,0,0,0.08,0,0,0,0,0,0,0,0,0.02,0,0,0,0,0.02,0,0,0,0,0,0,0
"CNL_S24","2024_10_08_10-39-25.jpg",2024-10-08,"summer","return",10:39:25,"Centennial_Park",1,"deep","CNL_S24_T1",13.59543558,2.66809816,36.27392074,1469,19.97222222,47.6191604,-122.3625478,0.649999976,-9.220000267,0.925794813,0.127897833,-0.842488601319019,0.413166451642346,0.72,0,0,0.06,0.02,0.08,0,0,0.02,0.04,0,0,0.06,0,0,0,0,0,0,0,0,0,0,0,0,0,0,0,0,0
"CNL_S24","2024_10_08_10-39-34.jpg",2024-10-08,"summer","return",10:39:34,"Centennial_Park",1,"deep","CNL_S24_T1",13.59570732,2.793414634,37.97806537,1475,20.05555556,47.6191577,-122.3625285,0.65597558,-9.239999771,0.942947855,0.119176317,-0.972916272547559,-0.0154744582423635,0.42,0,0,0.1,0.06,0.06,0,0,0.26,0,0,0,0.06,0,0.02,0,0,0,0,0,0,0,0,0.02,0,0,0,0,0,0
"CNL_S24","2024_10_08_10-39-43.jpg",2024-10-08,"summer","return",10:39:43,"Centennial_Park",1,"deep","CNL_S24_T1",13.58646951,3.507317073,47.65202854,1482,20.13888889,47.6191555,-122.3625043,0.64213413,-9.289999962,0.904215221,0.16801248,-0.514179442088271,0.267165719359963,0.62,0.08,0,0.06,0.06,0.02,0,0.02,0.02,0.04,0,0.06,0.02,0,0,0,0,0,0,0,0,0,0,0,0,0,0,0,0,0
"CNL_S24","2024_10_08_10-39-52.jpg",2024-10-08,"summer","return",10:39:52,"Centennial_Park",1,"deep","CNL_S24_T1",13.59332919,2.717763975,36.94345441,1490,20.25,47.6191481,-122.3624792,0.678198741,-9.369999886,1.008002723,0.159096702,-0.833283464662105,-0.0890014220079682,0.48,0,0,0.04,0.14,0.02,0,0.02,0.08,0.16,0,0,0,0,0,0,0.02,0.04,0,0,0,0,0,0,0,0,0,0,0,0
"CNL_S24","2024_10_08_10-40-01.jpg",2024-10-08,"summer","return",10:40:01,"Centennial_Park",1,"deep","CNL_S24_T1",13.59839759,2.74,37.2596094,1496,20.33333333,47.6191448,-122.3624589,0.629277104,-9.449999809,0.867877743,0.17147894,-0.983808984913868,-1.08905456700907,0.12,0.04,0,0,0.02,0,0,0,0.8,0,0,0,0,0,0,0,0,0,0,0,0,0,0.02,0,0,0,0,0,0,0
"CNL_W25","2025_01_27_10-02-20.jpg",2025-01-27,"winter","out",10:02:20,"Centennial_Park",1,"deep","CNL_W25_T1",13.65390217,1.300782609,17.75955948,0,0,47.6191543,-122.3625962,0.904391276,-8.449999809,1.792354974,0,-0.808789794261481,0.446527411609958,0.3,0.04,0.02,0.58,0,0,0,0,0,0,0,0.02,0.02,0,0,0,0.02,0,0,0,0,0,0,0,0,0,0,0,0,0
"CNL_W25","2025_01_27_10-02-44.jpg",2025-01-27,"winter","out",10:02:44,"Centennial_Park",1,"deep","CNL_W25_T1",13.64685339,1.370328228,18.70057514,11,0.166666667,47.619166,-122.3626231,0.806061265,-8.559999466,1.423887926,0.069793011,-1.10213615988426,0.278738496894009,0.44,0.02,0,0.4,0,0,0,0,0,0,0,0,0.1,0.02,0,0.02,0,0,0,0,0,0,0,0,0,0,0,0,0,0
"CNL_W25","2025_01_27_10-02-59.jpg",2025-01-27,"winter","out",10:02:59,"Centennial_Park",1,"deep","CNL_W25_T1",13.63071245,1.565665236,21.34113425,18,0.25,47.6191761,-122.3626212,0.770364787,-8.569999695,1.300857768,0.089288801,-0.560933484470211,0.0921940917256431,0.3,0.1,0,0.26,0.08,0,0,0,0.06,0,0,0.04,0.1,0.02,0.02,0,0,0,0,0,0,0,0.02,0,0,0,0,0,0,0
"CNL_W25","2025_01_27_10-03-11.jpg",2025-01-27,"winter","out",10:03:11,"Centennial_Park",1,"deep","CNL_W25_T1",13.64670282,1.329175705,18.13882486,23,0.305555556,47.619182,-122.3626423,0.75466377,-8.569999695,1.248025053,0.061983434,-0.795467410282462,0.213743939833295,0.38,0.02,0,0.3,0.02,0,0,0,0.02,0.02,0.02,0.06,0.14,0,0,0,0,0,0,0,0,0,0.02,0,0,0,0,0,0,0
"CNL_W25","2025_01_27_10-03-26.jpg",2025-01-27,"winter","out",10:03:26,"Centennial_Park",1,"deep","CNL_W25_T1",13.63103888,1.516781857,20.67514231,29,0.388888889,47.6191897,-122.3626388,0.790971887,-8.579999924,1.370975651,0.065880656,-1.0028894986506,0.433953495293252,0.64,0,0,0.18,0,0.04,0,0,0,0,0,0.02,0.1,0,0,0,0,0,0,0,0,0,0,0,0,0,0,0.02,0,0
"CNL_W25","2025_01_27_10-03-38.jpg",2025-01-27,"winter","out",10:03:38,"Centennial_Park",1,"deep","CNL_W25_T1",13.6229281,1.720697168,23.44045512,35,0.472222222,47.6191967,-122.3626609,0.790217827,-8.569999695,1.368321144,0.112092935,-1.19165623298767,0.429849148196371,0.66,0,0,0.26,0,0,0,0,0,0,0,0.02,0.04,0,0,0,0,0.02,0,0,0,0,0,0,0,0,0,0,0,0
"CNL_W25","2025_01_27_10-03-53.jpg",2025-01-27,"winter","out",10:03:53,"Centennial_Park",1,"deep","CNL_W25_T1",13.61334513,1.949712389,26.53883965,41,0.583333333,47.6192062,-122.3626434,0.772079625,-8.609999657,1.306318466,0.072721222,-0.77187855764778,0.337724176776219,0.6,0.02,0,0.18,0.02,0.02,0,0,0,0.04,0,0.04,0.04,0.02,0,0,0.02,0,0,0,0,0,0,0,0,0,0,0,0,0
"CNL_W25","2025_01_27_10-04-08.jpg",2025-01-27,"winter","out",10:04:08,"Centennial_Park",1,"deep","CNL_W25_T1",13.63382174,1.517173913,20.68263126,48,0.666666667,47.6192103,-122.3626684,0.793652132,-8.619999886,1.380410277,0.062694732,-0.694550407194183,0.32069654471357,0.54,0.02,0,0.14,0,0.04,0,0.02,0,0.04,0,0.04,0.08,0.02,0,0,0.02,0,0,0,0,0,0,0,0.02,0,0,0.02,0,0
"CNL_W25","2025_01_27_10-04-20.jpg",2025-01-27,"winter","out",10:04:20,"Centennial_Park",1,"deep","CNL_W25_T1",13.62886052,1.65167382,22.51089103,54,0.75,47.6192156,-122.362672,0.782896964,-8.63999939,1.343110857,0.07774078,-0.808641017346047,0.329578786405525,0.52,0.04,0.02,0.2,0.02,0,0,0,0.08,0,0,0.04,0.04,0,0,0,0,0,0,0,0,0,0.02,0,0,0,0,0.02,0,0
"CNL_W25","2025_01_27_10-04-32.jpg",2025-01-27,"winter","out",10:04:32,"Centennial_Park",1,"deep","CNL_W25_T1",13.62523144,1.752139738,23.87291432,60,0.833333333,47.6192205,-122.362682,0.736026179,-8.68999958,1.187241142,0.108419979,-0.769525243352026,0.20460683615107,0.38,0.02,0.02,0.24,0.06,0.04,0,0,0,0,0,0.02,0.18,0,0,0,0.02,0.02,0,0,0,0,0,0,0,0,0,0,0,0
"CNL_W25","2025_01_27_10-04-47.jpg",2025-01-27,"winter","out",10:04:47,"Centennial_Park",1,"deep","CNL_W25_T1",13.61268696,1.97,26.81661452,68,0.944444444,47.6192298,-122.3626877,0.771891283,-8.670000076,1.305830869,0.071950263,-0.925334494324156,0.156820559003903,0.42,0,0,0.24,0,0.04,0,0,0.08,0.06,0,0,0.16,0,0,0,0,0,0,0,0,0,0,0,0,0,0,0,0,0
"CNL_W25","2025_01_27_10-05-02.jpg",2025-01-27,"winter","out",10:05:02,"Centennial_Park",1,"deep","CNL_W25_T1",13.62690108,1.704258065,23.22358723,75,1.027777778,47.6192319,-122.362691,0.805225798,-8.699999809,1.420947912,0.042856273,-1.05827651624541,0.108129190244255,0.28,0,0,0.32,0.02,0,0,0,0,0,0.02,0.04,0.3,0,0,0,0,0,0,0.02,0,0,0,0,0,0,0,0,0,0
"CNL_W25","2025_01_27_10-05-17.jpg",2025-01-27,"winter","out",10:05:17,"Centennial_Park",1,"deep","CNL_W25_T1",13.61252495,1.851887202,25.20885974,84,1.138888889,47.6192377,-122.3626947,0.772060716,-8.789999962,1.306376371,0.053128758,-0.367506320702109,0.18259329159331,0.18,0.1,0,0.26,0,0.06,0,0,0.02,0.02,0,0.02,0.28,0,0,0,0,0.02,0,0.02,0,0,0,0,0.02,0,0,0,0,0
"CNL_W25","2025_01_27_10-05-32.jpg",2025-01-27,"winter","out",10:05:32,"Centennial_Park",1,"deep","CNL_W25_T1",13.61332035,1.971948052,26.84300848,92,1.25,47.6192459,-122.362691,0.780216421,-8.869999886,1.333889168,0.081133665,-0.956368505295282,-0.103851088876375,0.16,0,0,0.54,0,0.04,0,0,0,0.04,0,0,0.16,0.02,0,0,0,0.04,0,0,0,0,0,0,0,0,0,0,0,0
"CNL_W25","2025_01_27_10-05-47.jpg",2025-01-27,"winter","out",10:05:47,"Centennial_Park",1,"deep","CNL_W25_T1",13.58912848,2.919614561,39.67317092,101,1.388888889,47.6192546,-122.3626962,0.802012827,-8.949999809,1.409694041,0.127445375,-0.628016301386842,0.234945121413939,0.36,0.04,0,0.28,0,0.04,0,0,0,0.04,0,0.06,0.18,0,0,0,0,0,0,0,0,0,0,0,0,0,0,0,0,0
"CNL_W25","2025_01_27_10-06-00.jpg",2025-01-27,"winter","out",10:06:00,"Centennial_Park",1,"deep","CNL_W25_T1",13.61127586,2.006293103,27.30800681,108,1.472222222,47.6192659,-122.3627296,0.767521535,-9.119999886,1.290978024,0.088328253,-0.53598757336933,0.169168633455314,0.34,0.04,0,0.22,0,0.08,0,0,0,0.08,0,0.02,0.16,0.02,0,0,0.02,0.02,0,0,0,0,0,0,0,0,0,0,0,0
"CNL_W25","2025_01_27_10-06-12.jpg",2025-01-27,"winter","out",10:06:12,"Centennial_Park",1,"deep","CNL_W25_T1",13.60059619,2.379894292,32.36784072,116,1.583333333,47.6192751,-122.3627211,0.799640573,-9.119999886,1.401709694,0.103379809,-1.14083231152776,0.61444764821844,0.76,0,0,0.06,0,0,0,0,0,0,0,0.02,0.1,0,0,0,0,0.06,0,0,0,0,0,0,0,0,0,0,0,0
"CNL_W25","2025_01_27_10-06-27.jpg",2025-01-27,"winter","out",10:06:27,"Centennial_Park",1,"deep","CNL_W25_T1",13.60166739,2.312030238,31.44747028,125,1.694444444,47.61928,-122.3627231,0.77125268,-9.25,1.303617847,0.087453878,-1.08988215836295,0.591109754304375,0.74,0,0,0.04,0.02,0.02,0,0,0,0,0,0,0.1,0,0,0,0.02,0.06,0,0,0,0,0,0,0,0,0,0,0,0
"CNL_W25","2025_01_27_10-06-42.jpg",2025-01-27,"winter","out",10:06:42,"Centennial_Park",1,"deep","CNL_W25_T1",13.61334989,1.975788337,26.89710292,133,1.833333333,47.6192918,-122.3627348,0.793909268,-9.340000153,1.381548513,0.068449775,-0.891550363210155,0.498101573847202,0.68,0.02,0,0.08,0,0.02,0,0.02,0,0.02,0,0,0.08,0,0,0,0.02,0.04,0,0.02,0,0,0,0,0,0,0,0,0,0
"CNL_W25","2025_01_27_10-07-00.jpg",2025-01-27,"winter","out",10:07:00,"Centennial_Park",1,"deep","CNL_W25_T1",13.613,1.870775862,25.46687181,143,1.944444444,47.6193034,-122.362733,0.803275834,-9.399999619,1.413981101,0.063054558,-1.08507862617088,0.612502853580276,0.76,0.02,0,0.08,0,0,0,0.02,0,0,0,0,0.02,0,0,0,0,0.1,0,0,0,0,0,0,0,0,0,0,0,0
"CNL_W25","2025_01_27_10-07-15.jpg",2025-01-27,"winter","out",10:07:15,"Centennial_Park",1,"deep","CNL_W25_T1",13.59276395,2.175407725,29.57168781,151,2.055555556,47.6193092,-122.3627355,0.773605128,-9.469999313,1.311470179,0.053502867,-1.30119960158549,0.656303199181396,0.86,0,0,0.02,0,0,0,0,0.06,0,0,0,0.02,0,0,0,0,0.04,0,0,0,0,0,0,0,0,0,0,0,0
"CNL_W25","2025_01_27_10-07-30.jpg",2025-01-27,"winter","out",10:07:30,"Centennial_Park",1,"deep","CNL_W25_T1",13.61856466,1.860150862,25.33146575,160,2.194444444,47.6193198,-122.3627444,0.785517208,-9.359999657,1.352223328,0.042734406,-1.3677925878005,0.723536243162926,0.94,0,0,0.04,0,0,0,0,0,0,0,0,0,0,0,0,0,0.02,0,0,0,0,0,0,0,0,0,0,0,0
"CNL_W25","2025_01_27_10-07-45.jpg",2025-01-27,"winter","out",10:07:45,"Centennial_Park",1,"deep","CNL_W25_T1",13.62023991,1.921121076,26.16577807,169,2.305555556,47.6193256,-122.3627622,0.730582922,-9.409999847,1.169644323,0.067969118,-0.977268143633487,0.555277841505562,0.8,0.02,0,0.12,0,0.02,0,0.02,0,0.02,0,0,0,0,0,0,0,0,0,0,0,0,0,0,0,0,0,0,0,0
"CNL_W25","2025_01_27_10-07-57.jpg",2025-01-27,"winter","out",10:07:57,"Centennial_Park",1,"deep","CNL_W25_T1",13.59955098,2.492733189,33.8931585,177,2.416666667,47.6193331,-122.3627737,0.73353577,-9.429999352,1.179534073,0.10554346,-1.28631405344676,0.39603824019505,0.64,0,0,0.3,0,0,0,0.04,0,0,0,0,0,0,0,0,0,0.02,0,0,0,0,0,0,0,0,0,0,0,0
"CNL_W25","2025_01_27_10-08-09.jpg",2025-01-27,"winter","out",10:08:09,"Centennial_Park",1,"deep","CNL_W25_T1",13.63287419,1.573535792,21.45119037,184,2.527777778,47.6193407,-122.3627781,0.808915388,-9.220000267,1.433915041,0.063144543,-1.17887148735785,0.385526689688092,0.62,0,0,0.26,0.02,0,0,0.02,0,0,0,0.02,0,0,0,0,0,0.06,0,0,0,0,0,0,0,0,0,0,0,0
"CNL_W25","2025_01_27_10-08-21.jpg",2025-01-27,"winter","out",10:08:21,"Centennial_Park",1,"deep","CNL_W25_T1",13.61934924,1.818958785,24.77298638,191,2.611111111,47.6193487,-122.3627835,0.79863337,-9.199999809,1.397702145,0.074401383,-1.10610285111817,0.33891138510048,0.6,0,0,0.3,0.02,0.02,0,0.02,0,0,0,0,0.02,0.02,0,0,0,0,0,0,0,0,0,0,0,0,0,0,0,0
"CNL_W25","2025_01_27_10-08-36.jpg",2025-01-27,"winter","out",10:08:36,"Centennial_Park",1,"deep","CNL_W25_T1",13.6165565,1.76771855,24.0701623,198,2.722222222,47.6193529,-122.362798,0.779999971,-9.229999542,1.33314453,0.071595053,-1.30775549191868,0.28000419953402,0.44,0,0,0.52,0,0,0,0,0,0,0,0.02,0,0,0,0,0,0.02,0,0,0,0,0,0,0,0,0,0,0,0
"CNL_W25","2025_01_27_10-08-51.jpg",2025-01-27,"winter","out",10:08:51,"Centennial_Park",1,"deep","CNL_W25_T1",13.62309052,1.772974138,24.15166517,206,2.805555556,47.6193643,-122.3628067,0.784116347,-9.18999958,1.347381375,0.062955635,-1.34417336856027,0.264339914571324,0.46,0,0,0.48,0,0,0,0,0,0,0,0,0.02,0,0.02,0,0,0.02,0,0,0,0,0,0,0,0,0,0,0,0
"CNL_W25","2025_01_27_10-09-03.jpg",2025-01-27,"winter","out",10:09:03,"Centennial_Park",1,"deep","CNL_W25_T1",13.60822707,2.241899563,30.50780961,213,2.888888889,47.6193684,-122.362806,0.756855889,-9.069999695,1.255511893,0.097316795,-1.01854685971523,0.248110477208176,0.44,0,0,0.46,0,0.04,0,0,0,0.04,0,0,0.02,0,0,0,0,0,0,0,0,0,0,0,0,0,0,0,0,0
"CNL_W25","2025_01_27_10-09-18.jpg",2025-01-27,"winter","out",10:09:18,"Centennial_Park",1,"deep","CNL_W25_T1",13.61943966,1.808577586,24.63203897,220,3,47.6193794,-122.3628141,0.762887919,-8.989999771,1.275361272,0.086485008,-1.3339790629424,0.252298906121691,0.42,0,0,0.54,0,0,0,0,0,0,0,0,0.02,0.02,0,0,0,0,0,0,0,0,0,0,0,0,0,0,0,0
"CNL_W25","2025_01_27_10-09-33.jpg",2025-01-27,"winter","out",10:09:33,"Centennial_Park",1,"deep","CNL_W25_T1",13.62711879,1.852829374,25.24560138,229,3.138888889,47.6193905,-122.3628186,0.80807774,-8.840000153,1.431140384,0.046836848,-1.11070604879691,0.32242558325214,0.54,0,0,0.38,0,0.04,0,0.02,0,0,0,0,0.02,0,0,0,0,0,0,0,0,0,0,0,0,0,0,0,0,0
"CNL_W25","2025_01_27_10-40-26.jpg",2025-01-27,"winter","return",10:40:26,"Centennial_Park",1,"deep","CNL_W25_T1",13.60557576,2.133419913,29.02297234,1348,18.33333333,47.6193753,-122.3628376,0.850043269,-8.769999504,1.584129606,2.897618946,-1.11282030200742,0.362212993000185,0.46,0,0,0.46,0,0,0,0,0,0,0,0.06,0,0.02,0,0,0,0,0,0,0,0,0,0,0,0,0,0,0,0
"CNL_W25","2025_01_27_10-40-38.jpg",2025-01-27,"winter","return",10:40:38,"Centennial_Park",1,"deep","CNL_W25_T1",13.60448817,2.254430108,30.66198088,1355,18.44444444,47.6193722,-122.3628349,0.799075236,-8.880000114,1.399271139,0.036497802,-1.22262187526605,0.382822218423637,0.62,0,0,0.34,0,0.02,0,0,0,0,0,0,0.02,0,0,0,0,0,0,0,0,0,0,0,0,0,0,0,0,0
"CNL_W25","2025_01_27_10-40-50.jpg",2025-01-27,"winter","return",10:40:50,"Centennial_Park",1,"deep","CNL_W25_T1",13.61863283,1.774492441,24.16537782,1363,18.55555556,47.6193579,-122.3628263,0.803585297,-8.970000267,1.415693856,0.066294657,-1.14626664101194,0.273589585291199,0.44,0,0,0.46,0,0,0,0.02,0,0,0,0.02,0.02,0.04,0,0,0,0,0,0,0,0,0,0,0,0,0,0,0,0
"CNL_W25","2025_01_27_10-40-59.jpg",2025-01-27,"winter","return",10:40:59,"Centennial_Park",1,"deep","CNL_W25_T1",13.59879399,2.488798283,33.84396609,1369,18.63888889,47.6193528,-122.3628217,0.825171662,-8.970000267,1.492151271,0.127495536,-1.08125904567136,0.387825696011406,0.62,0,0,0.24,0,0,0,0.02,0,0.02,0,0,0.06,0.04,0,0,0,0,0,0,0,0,0,0,0,0,0,0,0,0
"CNL_W25","2025_01_27_10-41-08.jpg",2025-01-27,"winter","return",10:41:08,"Centennial_Park",1,"deep","CNL_W25_T1",13.61408043,1.914391304,26.06234704,1374,18.69444444,47.619338,-122.3628037,0.824173902,-8.949999809,1.488575235,0.108682494,-1.30425727465185,0.469986887406369,0.76,0,0,0.2,0,0,0,0.04,0,0,0,0,0,0,0,0,0,0,0,0,0,0,0,0,0,0,0,0,0,0
"CNL_W25","2025_01_27_10-41-17.jpg",2025-01-27,"winter","return",10:41:17,"Centennial_Park",1,"deep","CNL_W25_T1",13.61393392,1.975638767,26.89582463,1380,18.77777778,47.6193383,-122.3628,0.836387642,-8.970000267,1.533154657,0.090661949,-1.40171896655381,0.607411906277258,0.9,0,0,0.1,0,0,0,0,0,0,0,0,0,0,0,0,0,0,0,0,0,0,0,0,0,0,0,0,0,0
"CNL_W25","2025_01_27_10-41-29.jpg",2025-01-27,"winter","return",10:41:29,"Centennial_Park",1,"deep","CNL_W25_T1",13.60995905,2.074310345,28.22976623,1387,18.88888889,47.6193287,-122.3627818,0.844245659,-8.989999771,1.561951953,0.100221612,-1.20632124831779,0.509589068675849,0.7,0,0,0.22,0,0,0,0,0,0,0.02,0,0,0,0,0,0.02,0.04,0,0,0,0,0,0,0,0,0,0,0,0
"CNL_W25","2025_01_27_10-41-38.jpg",2025-01-27,"winter","return",10:41:38,"Centennial_Park",1,"deep","CNL_W25_T1",13.61334056,2.062819957,28.07927839,1392,18.94444444,47.6193286,-122.3627757,0.818394788,-9.039999962,1.46773179,0.068466503,-1.26802458065361,0.495131729877016,0.76,0,0,0.14,0.02,0,0,0.02,0,0,0,0,0,0,0,0,0,0.06,0,0,0,0,0,0,0,0,0,0,0,0
"CNL_W25","2025_01_27_10-41-47.jpg",2025-01-27,"winter","return",10:41:47,"Centennial_Park",1,"deep","CNL_W25_T1",13.6071179,2.262510917,30.77769917,1398,19.02777778,47.6193241,-122.3627698,0.831746707,-9.099999428,1.516060636,0.088266407,-1.22491181455153,0.609971728926732,0.86,0,0,0.12,0,0.02,0,0,0,0,0,0,0,0,0,0,0,0,0,0,0,0,0,0,0,0,0,0,0,0
"CNL_W25","2025_01_27_10-41-59.jpg",2025-01-27,"winter","return",10:41:59,"Centennial_Park",1,"deep","CNL_W25_T1",13.61271058,2.302526998,31.32268857,1406,19.13888889,47.6193151,-122.3627505,0.811468664,-9.159999847,1.443334113,0.059284663,-1.03574955321202,0.47690173944137,0.72,0.02,0,0.2,0,0.02,0,0.02,0,0,0,0,0.02,0,0,0,0,0,0,0,0,0,0,0,0,0,0,0,0,0
"CNL_W25","2025_01_27_10-42-08.jpg",2025-01-27,"winter","return",10:42:08,"Centennial_Park",1,"deep","CNL_W25_T1",13.60742765,2.15574514,29.33356844,1412,19.22222222,47.6193122,-122.3627566,0.82991359,-9.130000114,1.509585948,0.081390129,-1.16045144771667,0.633143859367104,0.82,0,0,0.08,0,0.02,0,0,0,0,0,0,0.02,0,0,0,0,0.06,0,0,0,0,0,0,0,0,0,0,0,0
"CNL_W25","2025_01_27_10-42-20.jpg",2025-01-27,"winter","return",10:42:20,"Centennial_Park",1,"deep","CNL_W25_T1",13.60923707,2.375172414,32.3146347,1420,19.33333333,47.6193036,-122.3627554,0.801465504,-9.090000153,1.407950546,0.094749015,-1.13478431494149,0.613578472127529,0.82,0,0,0.04,0.02,0,0,0,0,0,0,0.02,0.06,0,0,0,0,0.04,0,0,0,0,0,0,0,0,0,0,0,0
"CNL_W25","2025_01_27_10-42-32.jpg",2025-01-27,"winter","return",10:42:32,"Centennial_Park",1,"deep","CNL_W25_T1",13.60749673,2.159956427,29.3881827,1428,19.44444444,47.6192998,-122.362753,0.816296277,-8.960000038,1.460468894,0.077702791,-0.859348399074715,0.609223309087902,0.8,0.02,0,0.02,0,0.04,0,0,0.02,0.02,0,0,0.04,0,0,0,0,0.04,0,0,0,0,0,0,0,0,0,0,0,0
"CNL_W25","2025_01_27_10-42-44.jpg",2025-01-27,"winter","return",10:42:44,"Centennial_Park",1,"deep","CNL_W25_T1",13.61286383,1.935787234,26.35045077,1435,19.52777778,47.6192873,-122.3627199,0.797468041,-8.949999809,1.393577213,0.111220551,-0.865795529819624,0.741059908579602,0.86,0.04,0,0.02,0,0,0,0,0,0,0,0.04,0,0,0,0,0.02,0.02,0,0,0,0,0,0,0,0,0,0,0,0
"CNL_W25","2025_01_27_10-42-56.jpg",2025-01-27,"winter","return",10:42:56,"Centennial_Park",1,"deep","CNL_W25_T1",13.61006579,2.066973684,28.13031737,1442,19.63888889,47.6192807,-122.3627141,0.805833309,-8.849999428,1.423230066,0.078942083,-1.18893498752353,0.556276157098246,0.78,0,0,0.14,0,0,0,0,0,0,0,0.02,0.02,0,0,0,0,0.04,0,0,0,0,0,0,0,0,0,0,0,0
"CNL_W25","2025_01_27_10-43-05.jpg",2025-01-27,"winter","return",10:43:05,"Centennial_Park",1,"deep","CNL_W25_T1",13.60564224,2.165818966,29.46725858,1447,19.69444444,47.6192767,-122.3627122,0.813685344,-8.800000191,1.4508954,0.089501695,-1.08702736765251,0.558687115576279,0.78,0,0,0.1,0,0,0,0,0,0.02,0,0.02,0.04,0,0,0,0,0.04,0,0,0,0,0,0,0,0,0,0,0,0
"CNL_W25","2025_01_27_10-43-17.jpg",2025-01-27,"winter","return",10:43:17,"Centennial_Park",1,"deep","CNL_W25_T1",13.61152903,1.991784946,27.11123514,1455,19.80555556,47.6192689,-122.362698,0.818623636,-8.729999542,1.468812353,0.105176874,-0.891491620038869,0.502805714652747,0.66,0.04,0,0.12,0,0.02,0,0,0,0,0,0,0.1,0,0,0,0,0.06,0,0,0,0,0,0,0,0,0,0,0,0
"CNL_W25","2025_01_27_10-43-29.jpg",2025-01-27,"winter","return",10:43:29,"Centennial_Park",1,"deep","CNL_W25_T1",13.61335853,1.992289417,27.12149756,1461,19.88888889,47.6192618,-122.3626807,0.822613364,-8.670000076,1.483280734,0.093376745,-0.9448665266355,0.366502878896465,0.6,0.02,0,0.22,0.02,0.02,0,0,0,0,0,0.02,0.08,0,0,0,0.02,0,0,0,0,0,0,0,0,0,0,0,0,0
"CNL_W25","2025_01_27_10-43-41.jpg",2025-01-27,"winter","return",10:43:41,"Centennial_Park",1,"deep","CNL_W25_T1",13.61972087,1.794417476,24.43939381,1468,19.97222222,47.6192563,-122.3626845,0.790631047,-8.619999886,1.370443342,0.051596553,-0.852951893624849,0.356786294443127,0.52,0,0,0.18,0,0.06,0,0,0,0.02,0.02,0,0.14,0,0,0,0,0.04,0,0,0,0,0,0,0.02,0,0,0,0,0
"CNL_W25","2025_01_27_10-43-53.jpg",2025-01-27,"winter","return",10:43:53,"Centennial_Park",1,"deep","CNL_W25_T1",13.6165974,1.951645022,26.56927268,1474,20.05555556,47.6192515,-122.3626752,0.823571418,-8.559999466,1.486394602,0.03679703,-0.921836903191751,0.469219792890281,0.7,0.04,0,0.12,0,0,0,0.02,0.02,0,0,0,0.04,0.02,0.02,0,0,0.02,0,0,0,0,0,0,0,0,0,0,0,0
"CNL_W25","2025_01_27_10-44-05.jpg",2025-01-27,"winter","return",10:44:05,"Centennial_Park",1,"deep","CNL_W25_T1",13.59766524,2.470085837,33.58701639,1482,20.16666667,47.6192475,-122.3626694,0.825171662,-8.489999771,1.492252839,0.098209467,-0.950437168051741,0.531551911171436,0.74,0.04,0,0.08,0,0,0,0.02,0,0,0,0,0.08,0,0.02,0,0,0.02,0,0,0,0,0,0,0,0,0,0,0,0
"CNL_W25","2025_01_27_10-44-17.jpg",2025-01-27,"winter","return",10:44:17,"Centennial_Park",1,"deep","CNL_W25_T1",13.60445217,2.262869565,30.77755213,1490,20.27777778,47.6192398,-122.362669,0.801413015,-8.5,1.407664944,0.063065416,-0.651210342760594,0.366075506949357,0.66,0.06,0.02,0.08,0.04,0.02,0,0,0.04,0.02,0,0.02,0.04,0,0,0,0,0,0,0,0,0,0,0,0,0,0,0,0,0
"CNL_W25","2025_01_27_10-44-32.jpg",2025-01-27,"winter","return",10:44:32,"Centennial_Park",1,"deep","CNL_W25_T1",13.60295896,2.366695464,32.19240631,1500,20.41666667,47.6192285,-122.3626757,0.827948149,-8.470000267,1.502526217,0.086955186,-0.875021197035395,0.49512349476997,0.72,0.02,0,0.08,0,0.06,0,0,0.02,0,0,0,0.08,0,0,0,0,0.02,0,0,0,0,0,0,0,0,0,0,0,0
"CNL_W25","2025_01_27_10-44-44.jpg",2025-01-27,"winter","return",10:44:44,"Centennial_Park",1,"deep","CNL_W25_T1",13.61163557,2.031301518,27.6480192,1507,20.5,47.6192144,-122.3626664,0.798937061,-8.510000229,1.398891413,0.060684948,-0.835682913267567,0.357992637305066,0.52,0.02,0,0.1,0.02,0,0,0.02,0.04,0,0,0.04,0.18,0.04,0,0,0,0.02,0,0,0,0,0,0,0,0,0,0,0,0
"CNL_W25","2025_01_27_10-44-56.jpg",2025-01-27,"winter","return",10:44:56,"Centennial_Park",1,"deep","CNL_W25_T1",13.6109913,2.121565217,28.87611217,1515,20.61111111,47.6192097,-122.3626955,0.803217363,-8.5,1.414066671,0.078549849,-0.666212922817131,0.259971991760332,0.58,0.02,0,0.08,0.04,0.04,0,0,0,0.06,0,0.04,0.08,0.02,0.02,0,0.02,0,0,0,0,0,0,0,0,0,0,0,0,0
"CNL_W25","2025_01_27_10-45-11.jpg",2025-01-27,"winter","return",10:45:11,"Centennial_Park",1,"deep","CNL_W25_T1",13.60732251,2.007142857,27.3087637,1524,20.75,47.6191982,-122.3626657,0.804264045,-8.429999352,1.417442886,0.055071962,-0.816343606577132,0.410586105949998,0.68,0,0,0.08,0.02,0.04,0,0.02,0,0.08,0,0,0.02,0.04,0,0,0,0,0,0,0,0,0.02,0,0,0,0,0,0,0
"CNL_W25","2025_01_27_10-45-26.jpg",2025-01-27,"winter","return",10:45:26,"Centennial_Park",1,"deep","CNL_W25_T1",13.60242981,2.263520518,30.78942836,1533,20.86111111,47.6191908,-122.3626622,0.827796962,-8.409999847,1.501922801,0.094304952,-1.18337729647535,0.48084704154019,0.72,0,0,0.12,0.02,0,0,0,0,0,0,0,0.04,0.02,0.02,0,0.02,0,0,0,0,0,0.02,0,0.02,0,0,0,0,0
"CNL_W25","2025_01_27_10-45-41.jpg",2025-01-27,"winter","return",10:45:41,"Centennial_Park",1,"deep","CNL_W25_T1",13.60600434,2.275748373,30.96345518,1541,20.97222222,47.6191842,-122.3626327,0.824034696,-8.380000114,1.488008971,0.071231378,-1.15873535781429,0.515010969013445,0.76,0,0,0.14,0,0,0,0.02,0,0,0,0,0.04,0.04,0,0,0,0,0,0,0,0,0,0,0,0,0,0,0,0
"CNL_W25","2025_01_27_10-45-53.jpg",2025-01-27,"winter","return",10:45:53,"Centennial_Park",1,"deep","CNL_W25_T1",13.61893886,1.848471616,25.17267362,1548,21.08333333,47.619182,-122.3626049,0.795676827,-8.38999939,1.387496614,0.094675294,-0.874981890147428,0.520531920093273,0.66,0.02,0.02,0.12,0,0.02,0,0,0,0,0,0,0.1,0.04,0,0,0,0,0,0,0,0,0.02,0,0,0,0,0,0,0
"CNL_W25","2025_01_27_10-46-02.jpg",2025-01-27,"winter","return",10:46:02,"Centennial_Park",1,"deep","CNL_W25_T1",13.609,2.086363636,28.39326169,1554,21.13888889,47.619179,-122.3625934,0.813571428,-8.349999428,1.45042241,0.098588938,-1.03679187973455,0.49593755157733,0.62,0,0,0.22,0,0.02,0.02,0,0,0,0,0,0.02,0,0,0,0.06,0.02,0,0,0,0,0.02,0,0,0,0,0,0,0
"CNL_W25","2025_01_27_10-46-20.jpg",2025-01-27,"winter","return",10:46:20,"Centennial_Park",1,"deep","CNL_W25_T1",13.64282609,5.825347826,79.59129217,1567,21.33333333,47.6191674,-122.3625722,0.809521721,-8.38999939,1.436813583,0.085223835,-0.958337961076488,0.304217985060734,0.56,0,0,0.16,0.02,0.04,0,0.04,0.02,0,0,0,0.12,0.02,0,0,0.02,0,0,0,0,0,0,0,0,0,0,0,0,0
"EBM_S24","2024_10_09_10-12-02.jpg",2024-10-09,"summer","out",10:12:02,"Elliott_Bay_Marina",1,"deep","EBM_S24_T1",13.54984532,6.150239651,83.33466806,0,0,47.6271588,-122.3912374,1.14383438,-9.590000153,2.877295464,0,1.12621419615437,0.561657158517668,0,0.16,0.52,0,0,0,0.12,0,0,0.02,0.14,0.02,0,0,0,0,0,0,0,0,0.02,0,0,0,0,0,0,0,0,0
"EBM_S24","2024_10_09_10-12-11.jpg",2024-10-09,"summer","out",10:12:11,"Elliott_Bay_Marina",1,"deep","EBM_S24_T1",13.57034858,4.727581699,64.15489551,13,0.166666667,47.6271595,-122.3912512,1.124444421,-9.630000114,2.772980582,0.10663303,0.950092703377986,0.705853858358867,0,0.08,0.56,0,0,0.04,0.02,0,0,0.02,0.14,0.14,0,0,0,0,0,0,0,0,0,0,0,0,0,0,0,0,0,0
"EBM_S24","2024_10_09_10-12-20.jpg",2024-10-09,"summer","out",10:12:20,"Elliott_Bay_Marina",1,"deep","EBM_S24_T1",13.58209735,3.700376106,50.25756456,23,0.305555556,47.6271492,-122.3912431,0.761061936,-9.609999657,1.269261498,0.041919092,1.15231339602585,0.65843451082425,0,0.3,0.66,0,0,0,0.02,0,0,0,0,0,0.02,0,0,0,0,0,0,0,0,0,0,0,0,0,0,0,0,0
"EBM_S24","2024_10_09_10-12-29.jpg",2024-10-09,"summer","out",10:12:29,"Elliott_Bay_Marina",1,"deep","EBM_S24_T1",13.5769085,4.377973856,59.43931527,34,0.472222222,47.627152,-122.3912667,1.136623019,-9.630000114,2.840535629,0.091322706,1.1182368438618,0.430674763726782,0,0.3,0.5,0,0,0.04,0.02,0,0,0.02,0.12,0,0,0,0,0,0,0,0,0,0,0,0,0,0,0,0,0,0,0
"EBM_S24","2024_10_09_10-12-38.jpg",2024-10-09,"summer","out",10:12:38,"Elliott_Bay_Marina",1,"deep","EBM_S24_T1",13.58750325,3.765531453,51.16416939,44,0.583333333,47.6271471,-122.3912747,1.24000001,-9.619999886,3.370109687,0.064381873,0.942298450816603,0.930139867898457,0.02,0.08,0.76,0,0,0,0.06,0,0,0,0.08,0,0,0,0,0,0,0,0,0,0,0,0,0,0,0,0,0,0,0
"EBM_S24","2024_10_09_10-12-47.jpg",2024-10-09,"summer","out",10:12:47,"Elliott_Bay_Marina",1,"deep","EBM_S24_T1",13.58652711,3.790498915,51.49972421,53,0.722222222,47.6271448,-122.3912774,1.068611648,-9.670000076,2.50239299,0.07462311,0.919733181421973,1.06047955438335,0,0.08,0.82,0,0,0,0,0,0,0,0.08,0,0.02,0,0,0,0,0,0,0,0,0,0,0,0,0,0,0,0,0
"EBM_S24","2024_10_09_10-12-56.jpg",2024-10-09,"summer","out",10:12:56,"Elliott_Bay_Marina",1,"deep","EBM_S24_T1",13.58395054,3.817419355,51.85280316,62,0.833333333,47.6271326,-122.3912806,0.91836557,-9.929999352,1.849709458,0.05273432,0.891835136391944,1.29797166557128,0,0.02,0.92,0,0,0,0.02,0,0,0,0.02,0,0.02,0,0,0,0,0,0,0,0,0,0,0,0,0,0,0,0,0
"EBM_S24","2024_10_09_10-13-05.jpg",2024-10-09,"summer","out",10:13:05,"Elliott_Bay_Marina",1,"deep","EBM_S24_T1",13.59441901,3.218012959,43.74673166,70,0.944444444,47.6271398,-122.3913007,0.812397384,-10,1.452242415,0.099661365,1.01987815848305,0.601098352456425,0,0.12,0.54,0,0,0.06,0.08,0,0,0,0.02,0.08,0,0.04,0,0,0,0,0,0,0.04,0,0.02,0,0,0,0,0,0,0
"EBM_S24","2024_10_09_10-13-14.jpg",2024-10-09,"summer","out",10:13:14,"Elliott_Bay_Marina",1,"deep","EBM_S24_T1",13.61954148,1.961637555,26.7172988,77,1.055555556,47.6271463,-122.3913168,0.684585139,-10.17999935,1.027498554,0.052905234,0.957669723774031,0.345260985372648,0,0.34,0.44,0,0,0.06,0.04,0,0,0.02,0,0.06,0.04,0,0,0,0,0,0,0,0,0,0,0,0,0,0,0,0,0
"EBM_S24","2024_10_09_10-13-23.jpg",2024-10-09,"summer","out",10:13:23,"Elliott_Bay_Marina",1,"deep","EBM_S24_T1",13.61977371,2.997413793,40.81413009,84,1.138888889,47.6271498,-122.391322,0.685409466,-10.39999962,1.034021306,0.043577563,1.18065111554575,1.05601978469065,0,0.1,0.86,0,0,0,0.04,0,0,0,0,0,0,0,0,0,0,0,0,0,0,0,0,0,0,0,0,0,0,0
"EBM_S24","2024_10_09_10-13-32.jpg",2024-10-09,"summer","out",10:13:32,"Elliott_Bay_Marina",1,"deep","EBM_S24_T1",13.62353913,1.946782609,26.5212447,92,1.25,47.6271596,-122.3913182,0.681152155,-10.11999989,1.017945117,0.06263852,1.08592058946624,0.985720515026005,0,0.12,0.84,0,0,0.02,0,0,0,0,0.02,0,0,0,0,0,0,0,0,0,0,0,0,0,0,0,0,0,0,0
"EBM_S24","2024_10_09_10-13-41.jpg",2024-10-09,"summer","out",10:13:41,"Elliott_Bay_Marina",1,"deep","EBM_S24_T1",13.5857413,4.07573913,55.37117889,100,1.361111111,47.6271683,-122.3913371,0.729999959,-10.19999981,1.167706597,0.079135003,1.02766262249564,1.19565589398276,0,0.04,0.9,0,0,0,0.02,0,0,0,0.02,0.02,0,0,0,0,0,0,0,0,0,0,0,0,0,0,0,0,0,0
"EBM_S24","2024_10_09_10-13-50.jpg",2024-10-09,"summer","out",10:13:50,"Elliott_Bay_Marina",1,"deep","EBM_S24_T1",13.60580131,2.4130131,32.8310883,109,1.472222222,47.6271763,-122.3913537,0.736528373,-9.920000076,1.189656792,0.035677841,0.853633988533059,1.18336848013869,0,0.02,0.86,0,0,0,0,0,0,0,0.04,0.06,0.02,0,0,0,0,0,0,0,0,0,0,0,0,0,0,0,0,0
"EBM_S24","2024_10_09_10-13-59.jpg",2024-10-09,"summer","out",10:13:59,"Elliott_Bay_Marina",1,"deep","EBM_S24_T1",13.55008261,5.195543478,70.39596698,119,1.611111111,47.62719,-122.3913767,0.64526085,-10.03999996,0.912640774,0.084198871,0.959175452976185,0.79977237712696,0,0.12,0.72,0,0,0.04,0.04,0,0,0,0,0.04,0.02,0,0,0,0,0,0,0,0,0,0,0,0,0,0.02,0,0,0
"EBM_S24","2024_10_09_10-14-08.jpg",2024-10-09,"summer","out",10:14:08,"Elliott_Bay_Marina",1,"deep","EBM_S24_T1",13.5799163,4.160484581,56.49826493,130,1.75,47.6271888,-122.3913758,0.683524203,-9.859999657,1.027125215,0.068190087,0.720976375202093,0.323816932898052,0.02,0.26,0.4,0,0,0.12,0.04,0,0.02,0.02,0,0.02,0.1,0,0,0,0,0,0,0,0,0,0,0,0,0,0,0,0,0
"EBM_S24","2024_10_09_10-14-17.jpg",2024-10-09,"summer","out",10:14:17,"Elliott_Bay_Marina",1,"deep","EBM_S24_T1",13.604,2.319323144,31.55207205,138,1.861111111,47.6271856,-122.391369,0.805065477,-9.550000191,1.420276094,0.033429645,0.767243450014525,0.488192524612794,0.02,0.18,0.48,0,0,0.06,0.1,0,0,0,0,0.06,0.08,0,0,0,0,0,0,0,0,0,0.02,0,0,0,0,0,0,0
"EBM_S24","2024_10_09_10-14-26.jpg",2024-10-09,"summer","out",10:14:26,"Elliott_Bay_Marina",1,"deep","EBM_S24_T1",13.5915817,3.029019608,41.16521608,147,2,47.627205,-122.3913928,0.710675357,-9.619999886,1.107516555,0.035525695,1.02983630179878,0.673454829009875,0,0.2,0.64,0,0,0,0.06,0,0,0,0,0.04,0.02,0.02,0,0,0,0.02,0,0,0,0,0,0,0,0,0,0,0,0
"EBM_S24","2024_10_09_10-14-35.jpg",2024-10-09,"summer","out",10:14:35,"Elliott_Bay_Marina",1,"deep","EBM_S24_T1",13.58173913,4.099391304,55.64790904,158,2.138888889,47.6271641,-122.3913408,0.767130416,-9.809999466,1.290606111,0.028607418,0.797491533312158,1.54158035230759,0.02,0,0.96,0,0,0,0,0,0,0,0,0,0,0,0,0,0,0,0,0,0,0,0.02,0,0,0,0,0,0,0
"EBM_S24","2024_10_09_10-14-44.jpg",2024-10-09,"summer","out",10:14:44,"Elliott_Bay_Marina",1,"deep","EBM_S24_T1",13.58343723,3.936601732,53.47255866,168,2.277777778,47.6271647,-122.3913659,0.737683978,-9.670000076,1.192474732,0.020194846,0.860087616077834,0.696572296099366,0,0.1,0.52,0,0,0.04,0.24,0,0,0,0,0.02,0.08,0,0,0,0,0,0,0,0,0,0,0,0,0,0,0,0,0
"EBM_S24","2024_10_09_10-14-53.jpg",2024-10-09,"summer","out",10:14:53,"Elliott_Bay_Marina",1,"deep","EBM_S24_T1",13.57031155,4.982636166,67.61609214,181,2.444444444,47.6271677,-122.391381,0.611198242,-9.760000229,0.819461922,0.084887847,0.813215441882914,0.0500018453166403,0,0.36,0.14,0,0,0.16,0.1,0,0.04,0,0,0.08,0.12,0,0,0,0,0,0,0,0,0,0,0,0,0,0,0,0,0
"EBM_S24","2024_10_09_10-15-02.jpg",2024-10-09,"summer","out",10:15:02,"Elliott_Bay_Marina",1,"deep","EBM_S24_T1",13.56870638,4.763361702,64.63269055,193,2.611111111,47.6271603,-122.3913845,0.814191456,-9.68999958,1.454004857,0.093433455,1.06232378163292,0.139525207554824,0.02,0.4,0.24,0,0,0.16,0.14,0,0,0,0,0,0,0.04,0,0,0,0,0,0,0,0,0,0,0,0,0,0,0,0
"EBM_S24","2024_10_09_10-15-11.jpg",2024-10-09,"summer","out",10:15:11,"Elliott_Bay_Marina",1,"deep","EBM_S24_T1",13.57184368,4.054111349,55.01709874,204,2.777777778,47.6271576,-122.3913896,0.648522452,-9.75,0.926618261,0.039683099,0.937550694019792,1.09556196053622,0,0.06,0.86,0,0,0.02,0.04,0,0,0,0,0,0.02,0,0,0,0,0,0,0,0,0,0,0,0,0,0,0,0,0
"EBM_S24","2024_10_09_10-15-20.jpg",2024-10-09,"summer","out",10:15:20,"Elliott_Bay_Marina",1,"deep","EBM_S24_T1",13.59036264,3.176703297,43.17161451,213,2.888888889,47.6271565,-122.3913925,0.744307671,-9.579999924,1.214674599,0.068404967,0.976401003895786,0.845187227157226,0,0.08,0.74,0,0,0.06,0,0,0,0,0.04,0.08,0,0,0,0,0,0,0,0,0,0,0,0,0,0,0,0,0,0
"EBM_S24","2024_10_09_10-15-29.jpg",2024-10-09,"summer","out",10:15:29,"Elliott_Bay_Marina",1,"deep","EBM_S24_T1",13.57283516,4.539340659,61.59887121,226,3.055555556,47.627145,-122.3913877,0.696923058,-9.849999428,1.065562096,0.086815564,1.38714600184253,1.60976027395068,0,0,1,0,0,0,0,0,0,0,0,0,0,0,0,0,0,0,0,0,0,0,0,0,0,0,0,0,0,0
"EBM_S24","2024_10_09_10-15-38.jpg",2024-10-09,"summer","out",10:15:38,"Elliott_Bay_Marina",1,"deep","EBM_S24_T1",13.56115419,5.022488987,68.11059463,238,3.222222222,47.6271487,-122.3914129,0.666585863,-9.699999809,0.973706936,0.05604021,1.2343200045927,0.735815758727563,0,0.16,0.7,0,0,0,0.12,0,0,0,0.02,0,0,0,0,0,0,0,0,0,0,0,0,0,0,0,0,0,0,0
"EBM_S24","2024_10_09_10-15-47.jpg",2024-10-09,"summer","out",10:15:47,"Elliott_Bay_Marina",1,"deep","EBM_S24_T1",13.55762664,5.737423581,77.78223277,251,3.388888889,47.6271465,-122.3914289,0.519912639,-9.38999939,0.594094198,0.07843568,1.15845523106514,1.10919606167644,0,0.1,0.88,0,0,0,0.02,0,0,0,0,0,0,0,0,0,0,0,0,0,0,0,0,0,0,0,0,0,0,0
"EBM_S24","2024_10_09_10-15-56.jpg",2024-10-09,"summer","out",10:15:56,"Elliott_Bay_Marina",1,"deep","EBM_S24_T1",13.58820485,3.316982379,45.06337896,261,3.555555556,47.627143,-122.3914545,0.809515395,-8.920000076,1.437546542,0.128779082,1.17914517419749,1.03931207628097,0,0.12,0.84,0,0,0,0.02,0,0,0,0,0,0,0,0,0,0,0,0,0,0,0.02,0,0,0,0,0,0,0,0
"EBM_S24","2024_10_09_10-16-05.jpg",2024-10-09,"summer","out",10:16:05,"Elliott_Bay_Marina",1,"deep","EBM_S24_T1",13.58636761,3.585492341,48.69840249,271,3.694444444,47.627138,-122.3914539,0.770853364,-8.809999466,1.313943213,0.074441415,1.07882615837144,0.93940143671627,0,0.12,0.82,0,0,0,0.02,0,0,0.02,0.02,0,0,0,0,0,0,0,0,0,0,0,0,0,0,0,0,0,0,0
"EBM_S24","2024_10_09_10-16-14.jpg",2024-10-09,"summer","out",10:16:14,"Elliott_Bay_Marina",1,"deep","EBM_S24_T1",13.53824454,6.924170306,93.73592459,288,3.916666667,47.6271337,-122.3914613,0.820829677,-9.210000038,1.487194765,0.072245403,1.15425704598413,0.428957544446995,0,0.3,0.54,0,0,0.12,0.02,0,0,0,0,0.02,0,0,0,0,0,0,0,0,0,0,0,0,0,0,0,0,0,0
"EBM_S24","2024_10_09_10-16-23.jpg",2024-10-09,"summer","out",10:16:23,"Elliott_Bay_Marina",1,"deep","EBM_S24_T1",13.58561771,3.680151188,49.99689013,300,4.083333333,47.6271282,-122.3914747,0.741987019,-9.75,1.206895605,0.079900729,1.22090923327553,0.39205581491448,0,0.4,0.48,0,0,0.02,0.06,0,0,0,0,0.04,0,0,0,0,0,0,0,0,0,0,0,0,0,0,0,0,0,0
"EBM_S24","2024_10_09_10-16-32.jpg",2024-10-09,"summer","out",10:16:32,"Elliott_Bay_Marina",1,"deep","EBM_S24_T1",13.61218913,2.259,30.746691,309,4.194444444,47.6271277,-122.3915072,0.570456498,-9.779999733,0.720203573,0.173285238,1.30442669635477,0.585483971150715,0,0.3,0.64,0,0,0,0.06,0,0,0,0,0,0,0,0,0,0,0,0,0,0,0,0,0,0,0,0,0,0,0
"EBM_S24","2024_10_09_10-16-41.jpg",2024-10-09,"summer","out",10:16:41,"Elliott_Bay_Marina",1,"deep","EBM_S24_T1",13.63214624,1.767849462,24.09905935,315,4.277777778,47.6271225,-122.3915104,0.722172026,-9.670000076,1.146620907,0.123396443,1.11708584438456,1.24487199270675,0,0.06,0.92,0,0,0,0.02,0,0,0,0,0,0,0,0,0,0,0,0,0,0,0,0,0,0,0,0,0,0,0
"EBM_S24","2024_10_09_10-16-50.jpg",2024-10-09,"summer","out",10:16:50,"Elliott_Bay_Marina",1,"deep","EBM_S24_T1",13.61356957,2.054652174,27.97127478,320,4.333333333,47.6271226,-122.391532,0.712608672,-9.550000191,1.113229803,0.122252344,0.983993273285465,0.654189229932155,0,0.2,0.66,0,0,0.02,0.02,0,0.04,0.02,0,0.04,0,0,0,0,0,0,0,0,0,0,0,0,0,0,0,0,0,0
"EBM_S24","2024_10_09_10-16-59.jpg",2024-10-09,"summer","out",10:16:59,"Elliott_Bay_Marina",1,"deep","EBM_S24_T1",13.61080952,2.307142857,31.40207762,326,4.416666667,47.6271169,-122.3915332,0.648690454,-9.449999809,0.922823611,0.131012896,1.16935605264642,0.409470653746564,0,0.4,0.5,0,0,0.04,0.02,0,0,0.02,0,0,0,0.02,0,0,0,0,0,0,0,0,0,0,0,0,0,0,0,0
"EBM_S24","2024_10_09_10-17-08.jpg",2024-10-09,"summer","out",10:17:08,"Elliott_Bay_Marina",1,"deep","EBM_S24_T1",13.62618985,1.713002208,23.34169651,332,4.5,47.6271186,-122.3915539,0.766114765,-9.420000076,1.295450062,0.076384011,1.13948791183114,0.993649927494866,0,0.14,0.84,0,0,0,0,0,0,0,0,0.02,0,0,0,0,0,0,0,0,0,0,0,0,0,0,0,0,0,0
"EBM_S24","2024_10_09_10-17-17.jpg",2024-10-09,"summer","out",10:17:17,"Elliott_Bay_Marina",1,"deep","EBM_S24_T1",13.60587389,2.32829646,31.67684701,337,4.555555556,47.6271153,-122.3915707,0.74767698,-9.539999962,1.225297754,0.130722424,1.00054043128372,0.294696153826755,0,0.4,0.36,0,0,0.04,0.06,0,0.1,0.02,0,0,0,0,0,0,0,0.02,0,0,0,0,0,0,0,0,0,0,0,0
"EBM_S24","2024_10_09_10-17-26.jpg",2024-10-09,"summer","out",10:17:26,"Elliott_Bay_Marina",1,"deep","EBM_S24_T1",13.61991485,1.726004367,23.5080269,342,4.638888889,47.6271133,-122.3915874,0.78491263,-9.429999352,1.350443273,0.101477179,1.18440183698556,0.666445628917908,0,0.22,0.7,0,0,0.06,0.02,0,0,0,0,0,0,0,0,0,0,0,0,0,0,0,0,0,0,0,0,0,0,0
"EBM_S24","2024_10_09_10-17-35.jpg",2024-10-09,"summer","out",10:17:35,"Elliott_Bay_Marina",1,"deep","EBM_S24_T1",13.62133478,1.757195652,23.93530322,346,4.694444444,47.627109,-122.3915979,0.725304329,-9.220000267,1.155582491,0.107140572,0.987584739012906,0.580063142234692,0,0.18,0.6,0,0,0.06,0.02,0,0.02,0.02,0,0.1,0,0,0,0,0,0,0,0,0,0,0,0,0,0,0,0,0,0
"EBM_W25","2025_01_28_10-06-36.jpg",2025-01-28,"winter","out",10:06:36,"Elliott_Bay_Marina",1,"deep","EBM_W25_T1",13.62733623,1.742115942,23.73979791,0,0,47.6271079,-122.3914396,0.724550691,-9.25,1.248350244,0,0.878220838945464,0.426991267796101,0.02,0.38,0.44,0,0,0.02,0.04,0,0,0,0.02,0,0.06,0,0,0,0,0.02,0,0,0,0,0,0,0,0,0,0,0,0
"EBM_W25","2025_01_28_10-07-00.jpg",2025-01-28,"winter","out",10:07:00,"Elliott_Bay_Marina",1,"deep","EBM_W25_T1",13.64652711,1.347505423,18.38875089,-6965,-94.22222222,47.6270935,-122.3914607,0.882342726,-9.349999428,1.706135759,0.060115882,1.00954142090493,0.278363533479188,0,0.38,0.34,0,0,0.08,0.08,0,0,0,0.02,0,0.04,0.02,0,0,0,0,0,0,0,0,0,0,0,0.02,0,0,0,0.02
"EBM_W25","2025_01_28_10-07-12.jpg",2025-01-28,"winter","out",10:07:12,"Elliott_Bay_Marina",1,"deep","EBM_W25_T1",13.61166667,1.977697368,26.91907149,-6961,-94.13888889,47.6270931,-122.3914716,0.818947348,-9.519999504,1.474482768,0.107633373,0.956858720334774,0.241754502454618,0,0.36,0.34,0,0.02,0.1,0.06,0,0,0,0,0.04,0.02,0.04,0,0,0,0,0,0,0.02,0,0,0,0,0,0,0,0,0
"EBM_W25","2025_01_28_10-07-24.jpg",2025-01-28,"winter","out",10:07:24,"Elliott_Bay_Marina",1,"deep","EBM_W25_T1",13.62587773,1.659825328,22.61627424,-6954,-94.05555556,47.6270949,-122.391486,0.709956318,-9.969999313,1.107050746,0.106507206,0.376052258466549,0.742738152795455,0.04,0.08,0.58,0.02,0,0.02,0,0.18,0,0.04,0,0,0.02,0,0,0,0,0,0,0,0,0,0.02,0,0,0,0,0,0,0
"EBM_W25","2025_01_28_10-07-36.jpg",2025-01-28,"winter","out",10:07:36,"Elliott_Bay_Marina",1,"deep","EBM_W25_T1",13.62112931,1.893189655,25.78738388,-6947,-93.97222222,47.6270975,-122.3915035,0.866702559,-9.819999695,1.646416341,0.099831955,0.406857470276991,0.338349425613315,0.08,0.12,0.26,0,0,0.06,0.04,0.18,0,0.02,0,0.14,0,0.1,0,0,0,0,0,0,0,0,0,0,0,0,0,0,0,0
"EBM_W25","2025_01_28_10-07-45.jpg",2025-01-28,"winter","out",10:07:45,"Elliott_Bay_Marina",1,"deep","EBM_W25_T1",13.62677468,1.627618026,22.17919032,-6943,-93.91666667,47.6271013,-122.3915112,0.709442039,-10.13000011,1.102907368,0.077380928,-0.213828666681422,0.355532428020377,0.2,0.12,0.04,0.06,0,0.02,0,0.46,0,0,0,0.02,0.02,0.04,0,0,0.02,0,0,0,0,0,0,0,0,0,0,0,0,0
"EBM_W25","2025_01_28_10-07-57.jpg",2025-01-28,"winter","out",10:07:57,"Elliott_Bay_Marina",1,"deep","EBM_W25_T1",13.62115217,1.883826087,25.66004574,-6936,-93.80555556,47.6271027,-122.391526,0.740326072,-10.02999973,1.201182486,0.093386913,0.557261815334379,0.287477744924853,0.06,0.3,0.3,0.04,0,0.04,0.1,0.08,0,0,0,0.02,0,0.02,0,0,0,0,0,0,0,0,0.04,0,0,0,0,0,0,0
"EBM_W25","2025_01_28_10-08-09.jpg",2025-01-28,"winter","out",10:08:09,"Elliott_Bay_Marina",1,"deep","EBM_W25_T1",13.61031897,2.190431034,29.81227983,-6929,-93.72222222,47.6270989,-122.3915419,0.762801712,-10.21000004,1.275154428,0.115574736,0.576202576604093,0.786508418548502,0.02,0.14,0.54,0,0,0.02,0,0.24,0,0,0,0,0.02,0,0,0,0,0,0,0,0,0,0.02,0,0,0,0,0,0,0
"EBM_W25","2025_01_28_10-08-18.jpg",2025-01-28,"winter","out",10:08:18,"Elliott_Bay_Marina",1,"deep","EBM_W25_T1",13.61659912,1.746079295,23.77545978,-6924,-93.63888889,47.6271134,-122.3915538,0.657577061,-10.2699995,0.947710957,0.120327659,0.587797019643378,0.750325191059672,0.04,0.14,0.66,0.04,0,0,0.06,0.06,0,0,0,0,0,0,0,0,0,0,0,0,0,0,0,0,0,0,0,0,0,0
"EBM_W25","2025_01_28_10-08-27.jpg",2025-01-28,"winter","out",10:08:27,"Elliott_Bay_Marina",1,"deep","EBM_W25_T1",13.60802386,2.107353579,28.67687954,-6919,-93.58333333,47.6271107,-122.3915651,0.648676776,-10.02999973,0.923498565,0.125695941,0.564720099262161,0.175238781966008,0.06,0.26,0.24,0.04,0,0.08,0.08,0.02,0,0.04,0,0.12,0,0.06,0,0,0,0,0,0,0,0,0,0,0,0,0,0,0,0
"EBM_W25","2025_01_28_10-08-36.jpg",2025-01-28,"winter","out",10:08:36,"Elliott_Bay_Marina",1,"deep","EBM_W25_T1",13.60321154,2.355726496,32.04540306,-6914,-93.52777778,47.6271032,-122.3915786,0.59391025,-9.829999924,0.773367159,0.123780499,1.097761277862,0.390809941578399,0.02,0.34,0.38,0,0,0,0.14,0,0,0,0.02,0,0,0.08,0,0,0,0,0,0,0.02,0,0,0,0,0,0,0,0,0
"EBM_W25","2025_01_28_10-08-48.jpg",2025-01-28,"winter","out",10:08:48,"Elliott_Bay_Marina",1,"deep","EBM_W25_T1",13.601,2.363195652,32.14182407,-6907,-93.41666667,47.6271027,-122.3915968,0.867673906,-9.670000076,1.649724532,0.106880289,0.987936207557176,0.532759849097807,0.02,0.3,0.48,0,0,0,0.06,0,0,0,0,0,0.02,0.12,0,0,0,0,0,0,0,0,0,0,0,0,0,0,0,0
"EBM_W25","2025_01_28_10-09-00.jpg",2025-01-28,"winter","out",10:09:00,"Elliott_Bay_Marina",1,"deep","EBM_W25_T1",13.61738478,1.636565217,22.2856738,-6900,-93.30555556,47.627112,-122.3916096,0.581478243,-9.760000229,0.744744892,0.049180897,1.24720321072597,0.398234680715763,0,0.38,0.46,0,0,0.02,0.1,0,0,0,0,0,0,0.02,0,0,0,0,0,0,0,0,0.02,0,0,0,0,0,0,0
"EBM_W25","2025_01_28_10-09-12.jpg",2025-01-28,"winter","out",10:09:12,"Elliott_Bay_Marina",1,"deep","EBM_W25_T1",13.60303687,2.133087558,29.01643438,-6889,-93.16666667,47.6271193,-122.3916197,0.937281098,-9.5,1.925904755,0.074270196,1.1649137001871,0.439016994266563,0.02,0.44,0.46,0,0,0,0.08,0,0,0,0,0,0,0,0,0,0,0,0,0,0,0,0,0,0,0,0,0,0,0
"EBM_W25","2025_01_28_10-09-30.jpg",2025-01-28,"winter","out",10:09:30,"Elliott_Bay_Marina",1,"deep","EBM_W25_T1",13.62056061,1.744285714,23.75812667,-6879,-93.02777778,47.6271119,-122.3916307,0.760194771,-9.300000191,1.270422674,0.051877277,1.18284953647132,0.407295339390474,0,0.38,0.42,0,0,0,0,0,0,0,0.02,0.12,0,0.06,0,0,0,0,0,0,0,0,0,0,0,0,0,0,0,0
"EBM_W25","2025_01_28_10-09-45.jpg",2025-01-28,"winter","out",10:09:45,"Elliott_Bay_Marina",1,"deep","EBM_W25_T1",13.62439957,1.599006479,21.78547659,-6871,-92.91666667,47.6271139,-122.3916452,0.819244041,-8.970000267,1.472213863,0.030658265,1.24410078051387,0.281020762949631,0,0.64,0.26,0,0,0,0.04,0,0,0,0,0.02,0.02,0,0,0,0,0,0,0,0.02,0,0,0,0,0,0,0,0,0
"EBM_W25","2025_01_28_10-09-57.jpg",2025-01-28,"winter","out",10:09:57,"Elliott_Bay_Marina",1,"deep","EBM_W25_T1",13.59722484,2.417665953,32.87354807,-6864,-92.83333333,47.6271177,-122.3916602,0.779807256,-9.13999939,1.334252358,0.110740843,0.850248159441125,0.46913788034997,0.02,0.4,0.44,0,0,0,0.04,0.02,0,0,0,0,0.08,0,0,0,0,0,0,0,0,0,0,0,0,0,0,0,0,0
"EBM_W25","2025_01_28_10-10-06.jpg",2025-01-28,"winter","out",10:10:06,"Elliott_Bay_Marina",1,"deep","EBM_W25_T1",13.60045356,2.379524838,32.36260821,-6858,-92.75,47.6271182,-122.3916733,0.832354193,-8.849999428,1.518200836,0.095642911,1.03052624001668,0.687259927184494,0.02,0.22,0.64,0,0,0,0.02,0,0,0,0.1,0,0,0,0,0,0,0,0,0,0,0,0,0,0,0,0,0,0,0
"EBM_W25","2025_01_28_10-10-18.jpg",2025-01-28,"winter","out",10:10:18,"Elliott_Bay_Marina",1,"deep","EBM_W25_T1",13.60169935,2.285163399,31.08208791,-6850,-92.63888889,47.6271341,-122.3916869,0.621568612,-8.800000191,0.848375657,0.112324057,1.04886463723955,0.477695462061354,0.02,0.26,0.5,0,0,0,0.12,0,0,0,0.04,0.04,0,0,0,0,0,0,0,0,0.02,0,0,0,0,0,0,0,0,0
"EBM_W25","2025_01_28_10-10-30.jpg",2025-01-28,"winter","out",10:10:30,"Elliott_Bay_Marina",1,"deep","EBM_W25_T1",13.616,1.882386117,25.63056937,-6843,-92.55555556,47.6271415,-122.3917005,0.660542265,-8.809999466,0.95628093,0.061344274,1.24681337506867,0.408131682881857,0,0.38,0.5,0,0,0.02,0.08,0,0,0,0.02,0,0,0,0,0,0,0,0,0,0,0,0,0,0,0,0,0,0,0
"EBM_W25","2025_01_28_10-10-45.jpg",2025-01-28,"winter","out",10:10:45,"Elliott_Bay_Marina",1,"deep","EBM_W25_T1",13.62970815,1.619141631,22.06768944,-6835,-92.44444444,47.6271447,-122.3917068,0.826609429,-8.840000153,1.497279968,0.064189873,0.974437930961808,0.452013621344591,0,0.36,0.48,0,0,0.02,0.02,0,0,0,0,0.06,0.06,0,0,0,0,0,0,0,0,0,0,0,0,0,0,0,0,0
"EBM_W25","2025_01_28_10-11-00.jpg",2025-01-28,"winter","out",10:11:00,"Elliott_Bay_Marina",1,"deep","EBM_W25_T1",13.6234413,1.663086957,22.65694985,-6827,-92.33333333,47.6271444,-122.3917159,0.841239101,-8.739999771,1.551090496,0.038995452,1.13974169748415,0.335226365216966,0.02,0.5,0.34,0,0,0,0.04,0,0,0,0.08,0,0,0,0,0,0,0,0,0,0,0,0,0,0,0.02,0,0,0,0
"EBM_W25","2025_01_28_10-11-12.jpg",2025-01-28,"winter","out",10:11:12,"Elliott_Bay_Marina",1,"deep","EBM_W25_T1",13.60584449,2.299395248,31.28517881,-6820,-92.22222222,47.6271528,-122.3917291,1.003088527,-8.760000229,2.213413859,0.100214576,0.993585478606719,0.427099946148307,0.02,0.4,0.44,0,0,0,0.04,0.04,0,0,0.04,0,0,0,0,0,0,0,0,0,0.02,0,0,0,0,0,0,0,0,0
"EBM_W25","2025_01_28_10-11-24.jpg",2025-01-28,"winter","out",10:11:24,"Elliott_Bay_Marina",1,"deep","EBM_W25_T1",13.60724034,2.199613734,29.93067043,-6813,-92.13888889,47.627148,-122.3917411,0.672532168,-9.149999619,0.991259006,0.106789905,0.68797855406745,0.78614283535318,0,0.1,0.64,0.02,0,0.06,0.02,0.12,0,0,0,0,0,0.02,0,0,0.02,0,0,0,0,0,0,0,0,0,0,0,0,0
"EBM_W25","2025_01_28_10-11-36.jpg",2025-01-28,"winter","out",10:11:36,"Elliott_Bay_Marina",1,"deep","EBM_W25_T1",13.62194577,1.709219089,23.28273499,-6807,-92.05555556,47.6271534,-122.3917561,0.772234252,-8.979999542,1.307667341,0.071242471,0.495306001730988,1.03847770890835,0.02,0.02,0.54,0,0,0.04,0,0.32,0,0.02,0,0,0,0,0,0,0,0,0,0,0.04,0,0,0,0,0,0,0,0,0
"EBM_W25","2025_01_28_10-11-48.jpg",2025-01-28,"winter","out",10:11:48,"Elliott_Bay_Marina",1,"deep","EBM_W25_T1",13.615,1.861845494,25.34902639,-6800,-91.97222222,47.6271605,-122.3917701,0.841266079,-8.840000153,1.551559936,0.079276784,0.937412214157773,0.59273893601778,0,0.2,0.52,0,0,0.02,0.14,0.12,0,0,0,0,0,0,0,0,0,0,0,0,0,0,0,0,0,0,0,0,0,0
"EBM_W25","2025_01_28_10-11-57.jpg",2025-01-28,"winter","out",10:11:57,"Elliott_Bay_Marina",1,"deep","EBM_W25_T1",13.60894577,2.129848156,28.984922,-6795,-91.88888889,47.6271704,-122.3917806,0.80537958,-8.75,1.421725372,0.120966658,0.831035054069437,0.419688897890512,0,0.28,0.36,0,0,0.12,0,0.24,0,0,0,0,0,0,0,0,0,0,0,0,0,0,0,0,0,0,0,0,0,0
"EBM_W25","2025_01_28_10-12-09.jpg",2025-01-28,"winter","out",10:12:09,"Elliott_Bay_Marina",1,"deep","EBM_W25_T1",13.59538661,2.427969762,33.00924587,-6788,-91.80555556,47.627168,-122.3917906,0.839222446,-8.590000153,1.545781956,0.092236536,0.525147986001251,0.526304638864786,0.04,0.18,0.56,0.02,0,0.04,0,0.08,0,0.02,0,0.02,0.02,0,0,0,0.02,0,0,0,0,0,0,0,0,0,0,0,0,0
"EBM_W25","2025_01_28_10-12-21.jpg",2025-01-28,"winter","out",10:12:21,"Elliott_Bay_Marina",1,"deep","EBM_W25_T1",13.60229892,2.463870968,33.51426497,-6781,-91.69444444,47.6271629,-122.391803,0.871161294,-8.38999939,1.663020962,0.101783301,1.01219251216499,0.428960861359757,0,0.3,0.48,0,0,0.02,0.06,0,0,0.02,0.02,0.02,0.02,0.02,0,0,0,0,0,0,0,0,0,0,0.04,0,0,0,0,0
"EBM_W25","2025_01_28_10-12-30.jpg",2025-01-28,"winter","out",10:12:30,"Elliott_Bay_Marina",1,"deep","EBM_W25_T1",13.60869536,2.160485651,29.40125391,-6775,-91.61111111,47.6271642,-122.3918121,0.804039694,-8.63999939,1.417495247,0.096672326,0.819775113370093,0.275231006299136,0.02,0.36,0.32,0,0,0.06,0.04,0.08,0,0,0,0.08,0,0.02,0,0,0,0.02,0,0,0,0,0,0,0,0,0,0,0,0
"EBM_W25","2025_01_28_10-12-42.jpg",2025-01-28,"winter","out",10:12:42,"Elliott_Bay_Marina",1,"deep","EBM_W25_T1",13.61551304,2.40976087,32.81026237,-6767,-91.5,47.6271689,-122.3918232,0.670304327,-8.679999352,0.986136544,0.082397298,0.999350732832224,0.728296951221411,0,0.22,0.66,0,0,0,0.04,0.08,0,0,0,0,0,0,0,0,0,0,0,0,0,0,0,0,0,0,0,0,0,0
"EBM_W25","2025_01_28_10-41-14.jpg",2025-01-28,"winter","out",10:41:14,"Elliott_Bay_Marina",1,"deep","EBM_W25_T1",13.60395064,2.244849785,30.5387409,-5717,-77.22222222,47.6271887,-122.3918196,0.903197402,-8.179999352,1.814118214,2.150636527,0.982605272861795,0.264847466377778,0.02,0.28,0.3,0,0,0.04,0.18,0,0,0,0.08,0.04,0,0.04,0,0,0,0,0,0,0,0,0,0,0,0,0,0,0,0.02
"EBM_W25","2025_01_28_10-41-23.jpg",2025-01-28,"winter","return",10:41:23,"Elliott_Bay_Marina",1,"deep","EBM_W25_T1",13.59750216,2.447727273,33.28291026,-5711,-77.13888889,47.627181,-122.3918066,0.747835486,-8.119999886,1.227753042,0.103387045,1.09010740562317,0.27719927464316,0,0.4,0.32,0,0,0.02,0.12,0.04,0,0,0.04,0,0,0.02,0,0,0,0,0,0,0.04,0,0,0,0,0,0,0,0,0
"EBM_W25","2025_01_28_10-41-35.jpg",2025-01-28,"winter","return",10:41:35,"Elliott_Bay_Marina",1,"deep","EBM_W25_T1",13.60724295,2.145574837,29.19477308,-5703,-77.02777778,47.6271799,-122.3917898,0.876637727,-8.13999939,1.688030261,0.059330391,1.02438678029019,0.456684910485402,0,0.18,0.4,0,0,0.06,0.06,0,0,0.02,0,0.1,0,0.1,0,0,0,0,0,0,0.06,0,0,0,0.02,0,0,0,0,0
"EBM_W25","2025_01_28_10-41-44.jpg",2025-01-28,"winter","return",10:41:44,"Elliott_Bay_Marina",1,"deep","EBM_W25_T1",13.59618004,2.492277657,33.8854502,-5697,-76.94444444,47.6271726,-122.3917777,0.968568308,-7.879999638,2.058226505,0.118436384,0.79929154764093,0.14917675538081,0.04,0.32,0.2,0,0,0.08,0.04,0,0,0.02,0.06,0.08,0,0.14,0,0,0,0,0,0,0,0,0,0,0.02,0,0,0,0,0
"EBM_W25","2025_01_28_10-41-56.jpg",2025-01-28,"winter","return",10:41:56,"Elliott_Bay_Marina",1,"deep","EBM_W25_T1",13.61080921,2.079407895,28.30249357,-5690,-76.86111111,47.6271792,-122.3917648,0.804912263,-8.279999733,1.420828385,0.098883998,0.877854932958886,0.374405019025085,0.02,0.24,0.44,0,0,0.06,0.14,0,0,0.04,0,0.02,0.02,0,0,0,0,0,0,0,0,0,0,0,0.02,0,0,0,0,0
"EBM_W25","2025_01_28_10-42-05.jpg",2025-01-28,"winter","return",10:42:05,"Elliott_Bay_Marina",1,"deep","EBM_W25_T1",13.59414719,2.637402597,35.85319481,-5684,-76.77777778,47.6271696,-122.3917521,0.686688292,-8.170000076,1.069315202,0.109954621,0.795776195265077,0.480966950639424,0.02,0.18,0.48,0,0,0.02,0.08,0.06,0,0,0.04,0.06,0,0.06,0,0,0,0,0,0,0,0,0,0,0,0,0,0,0,0
"EBM_W25","2025_01_28_10-42-14.jpg",2025-01-28,"winter","return",10:42:14,"Elliott_Bay_Marina",1,"deep","EBM_W25_T1",13.59675705,2.632603037,35.79473495,-5678,-76.69444444,47.6271747,-122.3917414,1.045184353,-8.18999958,2.403603362,0.097303403,0.859581259966371,0.415385536876054,0,0.32,0.44,0,0,0.02,0.06,0.06,0,0,0.02,0,0.04,0.04,0,0,0,0,0,0,0,0,0,0,0,0,0,0,0,0
"EBM_W25","2025_01_28_10-42-23.jpg",2025-01-28,"winter","return",10:42:23,"Elliott_Bay_Marina",1,"deep","EBM_W25_T1",13.60184233,2.264535637,30.80140449,-5671,-76.61111111,47.6271611,-122.3917236,0.777796959,-8.569999695,1.326349388,0.127248066,0.957790072248228,0.607888236442068,0,0.24,0.58,0,0,0.04,0.02,0.02,0,0,0,0,0.02,0.04,0,0,0,0,0,0,0,0,0.02,0,0.02,0,0,0,0,0
"EBM_W25","2025_01_28_10-42-32.jpg",2025-01-28,"winter","return",10:42:32,"Elliott_Bay_Marina",1,"deep","EBM_W25_T1",13.61911714,1.752711497,23.8688439,-5667,-76.52777778,47.6271506,-122.3917101,0.796876341,-8.599999428,1.396071393,0.070370161,0.812717762958617,0.216084738887,0.02,0.42,0.2,0,0,0,0.16,0.04,0,0,0,0.08,0.06,0,0,0,0,0,0,0,0.02,0,0,0,0,0,0,0,0,0
"EBM_W25","2025_01_28_10-42-59.jpg",2025-01-28,"winter","return",10:42:59,"Elliott_Bay_Marina",1,"deep","EBM_W25_T1",13.61363478,2.018347826,27.47701635,-5651,-76.33333333,47.6271485,-122.3916913,0.80363042,-8.220000267,1.423507591,0.078444624,0.980846902457004,0.382483849219625,0.04,0.36,0.38,0,0,0.02,0.16,0,0,0,0,0,0,0.02,0,0,0,0,0,0,0.02,0,0,0,0,0,0,0,0,0
"EBM_W25","2025_01_28_10-43-08.jpg",2025-01-28,"winter","return",10:43:08,"Elliott_Bay_Marina",1,"deep","EBM_W25_T1",13.59634261,2.372655246,32.25939649,-5645,-76.25,47.6271512,-122.3916836,0.696852231,-8.309999466,1.066459626,0.11181584,1.23801605931788,0.22392529493793,0,0.36,0.26,0,0,0.02,0.26,0,0,0,0,0.06,0,0,0,0,0,0.02,0,0,0,0,0.02,0,0,0,0,0,0,0
"EBM_W25","2025_01_28_10-43-20.jpg",2025-01-28,"winter","return",10:43:20,"Elliott_Bay_Marina",1,"deep","EBM_W25_T1",13.6070324,2.08399568,28.35700838,-5638,-76.13888889,47.6271582,-122.3916739,0.84053993,-8.260000229,1.548215931,0.065792188,1.01423255014358,0.14114252334511,0.04,0.5,0.16,0,0,0,0.22,0,0,0,0.06,0.02,0,0,0,0,0,0,0,0,0,0,0,0,0,0,0,0,0,0
"EBM_W25","2025_01_28_10-43-35.jpg",2025-01-28,"winter","return",10:43:35,"Elliott_Bay_Marina",1,"deep","EBM_W25_T1",13.60591145,2.067170626,28.12326523,-5629,-76.02777778,47.6271486,-122.3916585,0.847624177,-8.099999428,1.575829271,0.092345815,0.960750357320168,0.364386513113307,0.04,0.54,0.32,0,0,0,0.08,0,0,0,0,0,0.02,0,0,0,0,0,0,0,0,0,0,0,0,0,0,0,0,0
"EBM_W25","2025_01_28_10-43-47.jpg",2025-01-28,"winter","return",10:43:47,"Elliott_Bay_Marina",1,"deep","EBM_W25_T1",13.59997192,2.496825054,33.95674568,-5622,-75.91666667,47.6271325,-122.391644,1.344276426,-7.730000019,3.960883189,0.125395935,0.73357516059965,0.613575507378859,0.06,0.2,0.32,0,0,0,0.02,0,0,0,0.18,0.02,0,0,0,0,0,0,0,0,0,0,0,0,0,0.2,0,0,0,0
"EBM_W25","2025_01_28_10-43-53.jpg",2025-01-28,"winter","return",10:43:53,"Elliott_Bay_Marina",1,"deep","EBM_W25_T1",13.59077039,2.890042918,39.27779597,-5617,-75.86111111,47.6271274,-122.3916372,1.32431329,-7.949999809,3.849534355,0.115800929,0.687344411395988,0.238526981554399,0.04,0.38,0.18,0,0,0,0.02,0,0,0,0.12,0.12,0.12,0.02,0,0,0,0,0,0,0,0,0,0,0,0,0,0,0,0
"EBM_W25","2025_01_28_10-44-08.jpg",2025-01-28,"winter","return",10:44:08,"Elliott_Bay_Marina",1,"deep","EBM_W25_T1",13.6013828,2.239892473,30.46536492,-5609,-75.75,47.6271321,-122.3916276,0.723548365,-8.720000267,1.148040244,0.078825393,1.17787465699996,0.275471202250898,0.02,0.6,0.28,0,0,0.02,0.08,0,0,0,0,0,0,0,0,0,0,0,0,0,0,0,0,0,0,0,0,0,0,0
"EBM_W25","2025_01_28_10-44-20.jpg",2025-01-28,"winter","return",10:44:20,"Elliott_Bay_Marina",1,"deep","EBM_W25_T1",13.60459436,2.172689805,29.55852091,-5601,-75.63888889,47.6271248,-122.3916151,0.790715811,-9.039999962,1.370636925,0.090843464,1.23417407184311,0.341152468282885,0,0.36,0.38,0,0,0,0.16,0,0,0,0.02,0.02,0,0.02,0,0,0,0,0,0,0,0,0.04,0,0,0,0,0,0,0
"EBM_W25","2025_01_28_10-44-32.jpg",2025-01-28,"winter","return",10:44:32,"Elliott_Bay_Marina",1,"deep","EBM_W25_T1",13.60122124,2.278495575,30.99015027,-5594,-75.55555556,47.6271302,-122.391603,0.844402636,-8.579999924,1.566535328,0.107853733,1.11727603587953,0.322682749325539,0,0.32,0.38,0,0,0.02,0.06,0,0,0,0.1,0.1,0,0.02,0,0,0,0,0,0,0,0,0,0,0,0,0,0,0,0
"EBM_W25","2025_01_28_10-44-41.jpg",2025-01-28,"winter","return",10:44:41,"Elliott_Bay_Marina",1,"deep","EBM_W25_T1",13.5937,2.765565217,37.59256291,-5588,-75.47222222,47.627128,-122.3915909,1.341086911,-8.579999924,3.942959889,0.110134728,1.16146907223574,0.224343936504918,0,0.46,0.24,0,0,0,0.08,0,0,0,0.16,0,0.02,0.04,0,0,0,0,0,0,0,0,0,0,0,0,0,0,0,0
"EBM_W25","2025_01_28_10-44-56.jpg",2025-01-28,"winter","return",10:44:56,"Elliott_Bay_Marina",1,"deep","EBM_W25_T1",13.58879783,3.028956522,41.1598438,-5579,-75.33333333,47.6271118,-122.3915757,0.955173896,-9.029999733,1.999401525,0.120095334,1.06913029528282,0.340518184519944,0.02,0.44,0.38,0,0,0,0.06,0,0,0,0.06,0.02,0,0.02,0,0,0,0,0,0,0,0,0,0,0,0,0,0,0,0
"EBM_W25","2025_01_28_10-45-14.jpg",2025-01-28,"winter","return",10:45:14,"Elliott_Bay_Marina",1,"deep","EBM_W25_T1",13.61303688,1.957418655,26.64633033,-5569,-75.19444444,47.6271353,-122.3915623,0.901757027,-9.469999313,1.789939095,0.064224983,1.26730931261103,0.592500615373449,0,0.24,0.48,0,0,0,0.06,0,0,0,0,0,0,0.22,0,0,0,0,0,0,0,0,0,0,0,0,0,0,0,0
"EBM_W25","2025_01_28_10-45-26.jpg",2025-01-28,"winter","return",10:45:26,"Elliott_Bay_Marina",1,"deep","EBM_W25_T1",13.60640043,2.164891775,29.45611957,-5562,-75.11111111,47.627124,-122.3915501,0.769891764,-9.729999542,1.300219692,0.11468973,1.09543139479707,0.218797576059002,0,0.42,0.3,0,0,0.06,0.16,0,0,0.02,0,0,0.02,0,0,0,0.02,0,0,0,0,0,0,0,0,0,0,0,0,0
"EBM_W25","2025_01_28_10-45-35.jpg",2025-01-28,"winter","return",10:45:35,"Elliott_Bay_Marina",1,"deep","EBM_W25_T1",13.61741253,1.793930886,24.42854825,-5557,-75.05555556,47.6271216,-122.3915357,0.722375795,-9.809999466,1.145533603,0.089005468,0.926877745521519,0.526274893139067,0.04,0.28,0.5,0,0,0,0.16,0.02,0,0,0,0,0,0,0,0,0,0,0,0,0,0,0,0,0,0,0,0,0,0
"EBM_W25","2025_01_28_10-45-50.jpg",2025-01-28,"winter","return",10:45:50,"Elliott_Bay_Marina",1,"deep","EBM_W25_T1",13.5970086,2.670946237,36.31499783,-5549,-74.94444444,47.6271442,-122.3915225,1.177720387,-9.210000038,3.041282552,0.053460624,1.04291078047828,0.536914640381025,0,0.2,0.5,0,0,0.02,0.06,0.02,0,0,0.16,0.02,0,0,0,0,0,0,0,0,0,0,0.02,0,0,0,0,0,0,0
"EBM_W25","2025_01_28_10-46-05.jpg",2025-01-28,"winter","return",10:46:05,"Elliott_Bay_Marina",1,"deep","EBM_W25_T1",13.60084267,2.480517241,33.73709597,-5540,-74.80555556,47.6271334,-122.3915083,0.805560323,-9.5,1.42800972,0.082068766,1.10940195363148,0.384802120852872,0.02,0.48,0.42,0,0,0.02,0.04,0,0,0,0.02,0,0,0,0,0,0,0,0,0,0,0,0,0,0,0,0,0,0,0
"EBM_W25","2025_01_28_10-46-17.jpg",2025-01-28,"winter","return",10:46:17,"Elliott_Bay_Marina",1,"deep","EBM_W25_T1",13.60188627,2.098862661,28.54826086,-5532,-74.69444444,47.6271397,-122.3914925,1.018969927,-8.63999939,2.279138189,0.114339122,0.529584811246385,0.311951325478515,0.06,0.32,0.3,0.04,0,0,0,0.1,0,0,0.1,0.08,0,0,0,0,0,0,0,0,0,0,0,0,0,0,0,0,0,0
"EBM_W25","2025_01_28_10-46-35.jpg",2025-01-28,"winter","return",10:46:35,"Elliott_Bay_Marina",1,"deep","EBM_W25_T1",13.62371274,1.679092873,22.87546536,-5521,-74.55555556,47.6271408,-122.3914661,1.058358506,-9.019999504,2.463927352,0.069437849,1.29102071799933,0.340172067810249,0,0.5,0.36,0,0,0,0.04,0,0,0,0.04,0,0,0,0,0,0,0.02,0,0,0.02,0,0.02,0,0,0,0,0,0,0
"EBM_W25","2025_01_28_10-46-59.jpg",2025-01-28,"winter","return",10:46:59,"Elliott_Bay_Marina",1,"deep","EBM_W25_T1",13.60445946,2.341122661,31.84799484,-5508,-74.38888889,47.6271108,-122.3914569,0.81158003,-9.18999958,1.448440209,0.139836678,1.26068313581911,0.28810765686245,0,0.48,0.36,0,0,0,0.1,0,0,0,0.02,0.04,0,0,0,0,0,0,0,0,0,0,0,0,0,0,0,0,0,0
"EBM_W25","2025_01_28_10-47-14.jpg",2025-01-28,"winter","return",10:47:14,"Elliott_Bay_Marina",1,"deep","EBM_W25_T1",13.60485745,2.833930886,38.54858084,-5500,-74.27777778,47.627137,-122.3914429,0.76237579,-8.840000153,1.27400027,0.096511948,0.918905179897517,0.331553620828132,0.02,0.58,0.26,0,0,0,0.04,0,0,0,0.02,0,0.08,0,0,0,0,0,0,0,0,0,0,0,0,0,0,0,0,0
"CNL_S24","2024_10_08_10-14-38.jpg",2024-10-08,"summer","out",10:14:38,"Centennial_Park",2,"deep","CNL_S24_T2",13.62633951,1.438024691,19.59535204,0,0,47.6193075,-122.3626863,0.465864189,-9.969999313,0.47708361,0,-0.440815835535007,-0.309008546229223,0.2,0.06,0,0.02,0.18,0.02,0,0,0.28,0,0,0.12,0.1,0,0.02,0,0,0,0,0,0,0,0,0,0,0,0,0,0,0
"CNL_S24","2024_10_08_10-14-47.jpg",2024-10-08,"summer","out",10:14:47,"Centennial_Park",2,"deep","CNL_S24_T2",13.62548171,1.764512195,24.04203201,4,0.055555556,47.6193101,-122.362678,0.508597549,-9.989999771,0.567342948,0.100992562,-0.846971271365892,-0.352971503285146,0.24,0,0,0.1,0.12,0,0,0,0.32,0.1,0.02,0,0.08,0,0,0,0.02,0,0,0,0,0,0,0,0,0,0,0,0,0
"CNL_S24","2024_10_08_10-14-56.jpg",2024-10-08,"summer","out",10:14:56,"Centennial_Park",2,"deep","CNL_S24_T2",13.6063913,2.265093168,30.8197318,9,0.138888889,47.6193106,-122.3626733,0.709689426,-9.800000191,1.103933708,0.126101908,-1.06607349314856,-0.148325543393812,0.38,0,0,0.1,0.14,0,0,0,0.3,0,0.02,0,0.06,0,0,0,0,0,0,0,0,0,0,0,0,0,0,0,0,0
"CNL_S24","2024_10_08_10-15-05.jpg",2024-10-08,"summer","out",10:15:05,"Centennial_Park",2,"deep","CNL_S24_T2",13.6363625,1.496,20.39980525,14,0.194444444,47.619317,-122.3626994,0.679624977,-9.849999428,1.012326504,0.066006868,-0.612004985772464,0.326240978994424,0.58,0.08,0,0,0.1,0,0,0,0.12,0,0.04,0,0.04,0,0,0,0,0.02,0,0,0,0,0,0.02,0,0,0,0,0,0
"CNL_S24","2024_10_08_10-15-14.jpg",2024-10-08,"summer","out",10:15:14,"Centennial_Park",2,"deep","CNL_S24_T2",13.60992727,2.208545455,30.05816291,19,0.277777778,47.619319,-122.3627044,0.589696944,-9.880000114,0.762035527,0.100436925,-0.675628812687419,0.518146961112602,0.7,0.02,0,0.02,0,0,0,0,0,0.08,0.02,0.1,0.06,0,0,0,0,0,0,0,0,0,0,0,0,0,0,0,0,0
"CNL_S24","2024_10_08_10-15-23.jpg",2024-10-08,"summer","out",10:15:23,"Centennial_Park",2,"deep","CNL_S24_T2",13.60265854,2.355426829,32.03967476,24,0.333333333,47.6193228,-122.362723,0.433048769,-9.949999809,0.41153177,0.08499582,-0.681424200084333,0.2898167797535,0.4,0.02,0,0,0.04,0,0,0,0.18,0.02,0.02,0.04,0.18,0.02,0,0,0.02,0.06,0,0,0,0,0,0,0,0,0,0,0,0
"CNL_S24","2024_10_08_10-15-32.jpg",2024-10-08,"summer","out",10:15:32,"Centennial_Park",2,"deep","CNL_S24_T2",13.64592683,1.351890244,18.44783024,29,0.388888889,47.6193249,-122.3627355,0.514512181,-9.840000153,0.580157635,0.104066419,-0.915975177592747,0.204067120540874,0.64,0.02,0,0,0.2,0,0,0,0,0.02,0,0,0.04,0,0.04,0,0.02,0.02,0,0,0,0,0,0,0,0,0,0,0,0
"CNL_S24","2024_10_08_10-15-41.jpg",2024-10-08,"summer","out",10:15:41,"Centennial_Park",2,"deep","CNL_S24_T2",13.62729268,1.811646341,24.68591646,33,0.444444444,47.6193223,-122.362746,0.562804878,-9.880000114,0.694184489,0.097370539,-1.07158722462347,0.623846310516294,0.84,0.02,0,0.02,0.02,0,0,0.02,0,0,0,0,0.08,0,0,0,0,0,0,0,0,0,0,0,0,0,0,0,0,0
"CNL_S24","2024_10_08_10-15-50.jpg",2024-10-08,"summer","out",10:15:50,"Centennial_Park",2,"deep","CNL_S24_T2",13.58967273,4.562060606,61.96957964,41,0.555555556,47.6193242,-122.3627579,0.320787873,-10.03999996,0.225833518,0.034166433,-1.31024729905245,0.486003685664573,0.56,0,0,0.08,0,0,0,0,0,0,0,0,0.32,0,0.02,0,0.02,0,0,0,0,0,0,0,0,0,0,0,0,0
"CNL_S24","2024_10_08_10-15-59.jpg",2024-10-08,"summer","out",10:15:59,"Centennial_Park",2,"deep","CNL_S24_T2",13.63690244,1.517865854,20.69866226,46,0.638888889,47.6193242,-122.3627507,0.440914629,-9.869999886,0.426037994,0.078126221,-0.970193307137128,0.496141062058941,0.76,0,0,0.06,0,0.02,0,0.02,0.06,0.02,0.02,0,0.04,0,0,0,0,0,0,0,0,0,0,0,0,0,0,0,0,0
"CNL_S24","2024_10_08_10-16-08.jpg",2024-10-08,"summer","out",10:16:08,"Centennial_Park",2,"deep","CNL_S24_T2",13.62323926,1.730122699,23.56983681,50,0.694444444,47.6193227,-122.3627407,0.818220849,-9.519999504,1.467284196,0.061388754,-1.0088285820116,0.719710739593767,0.8,0,0,0.02,0,0,0,0,0.06,0,0.12,0,0,0,0,0,0,0,0,0,0,0,0,0,0,0,0,0,0,0
"CNL_S24","2024_10_08_10-16-17.jpg",2024-10-08,"summer","out",10:16:17,"Centennial_Park",2,"deep","CNL_S24_T2",13.58248466,4.08006135,55.41660718,58,0.805555556,47.6193196,-122.3627494,0.691656438,-9.670000076,1.04829003,0.110508616,-1.03323356922898,0.509061557550262,0.76,0,0,0.1,0.06,0,0,0,0,0,0.08,0,0,0,0,0,0,0,0,0,0,0,0,0,0,0,0,0,0,0
"CNL_S24","2024_10_08_10-16-26.jpg",2024-10-08,"summer","out",10:16:26,"Centennial_Park",2,"deep","CNL_S24_T2",13.59780488,2.529756098,34.39925366,65,0.888888889,47.6193326,-122.3627409,0.745670721,-9.579999924,1.218563282,0.097998006,-0.99252827085154,0.44506157747356,0.7,0,0,0.14,0.06,0,0,0,0,0,0.08,0,0,0.02,0,0,0,0,0,0,0,0,0,0,0,0,0,0,0,0
"CNL_S24","2024_10_08_10-16-35.jpg",2024-10-08,"summer","out",10:16:35,"Centennial_Park",2,"deep","CNL_S24_T2",13.59809554,3.726687898,50.65837357,74,1,47.6193433,-122.362752,0.623694249,-9.569999695,0.85317857,0.166663507,-1.2346881042691,0.335456414791888,0.56,0,0,0.38,0,0,0,0,0,0,0.02,0,0.02,0,0.02,0,0,0,0,0,0,0,0,0,0,0,0,0,0,0
"CNL_S24","2024_10_08_10-16-44.jpg",2024-10-08,"summer","out",10:16:44,"Centennial_Park",2,"deep","CNL_S24_T2",13.60583125,2.226875,30.29849319,79,1.083333333,47.6193571,-122.3627508,0.662499964,-9.420000076,0.961785737,0.126996902,-0.903801887581554,0.321722094572919,0.4,0.02,0,0.46,0,0,0,0.02,0,0,0.06,0,0.02,0.02,0,0,0,0,0,0,0,0,0,0,0,0,0,0,0,0
"CNL_S24","2024_10_08_10-16-53.jpg",2024-10-08,"summer","out",10:16:53,"Centennial_Park",2,"deep","CNL_S24_T2",13.61306098,2.11652439,28.81236555,84,1.138888889,47.6193689,-122.3627569,0.73371949,-9.210000038,1.17968761,0.098982868,-1.10425316622724,0.22967275237069,0.38,0,0,0.48,0.02,0,0,0,0,0,0.08,0,0,0,0,0,0,0.04,0,0,0,0,0,0,0,0,0,0,0,0
"CNL_S24","2024_10_08_10-17-02.jpg",2024-10-08,"summer","out",10:17:02,"Centennial_Park",2,"deep","CNL_S24_T2",13.60816364,2.157393939,29.35809764,89,1.222222222,47.6193753,-122.3627479,0.680848472,-9.279999733,1.016215637,0.11656926,-1.00798043172296,0.33472293784142,0.44,0,0,0.44,0,0,0,0,0,0.02,0.04,0.02,0,0,0,0,0,0.04,0,0,0,0,0,0,0,0,0,0,0,0
"CNL_S24","2024_10_08_10-17-11.jpg",2024-10-08,"summer","out",10:17:11,"Centennial_Park",2,"deep","CNL_S24_T2",13.60825767,2.138527607,29.10161963,95,1.305555556,47.6193841,-122.3627649,0.834355807,-9,1.525795385,0.104967664,-0.874702500806887,0.326951911877651,0.4,0,0,0.42,0,0,0,0.02,0,0.02,0.12,0.02,0,0,0,0,0,0,0,0,0,0,0,0,0,0,0,0,0,0
"CNL_S24","2024_10_08_10-17-21.jpg",2024-10-08,"summer","out",10:17:21,"Centennial_Park",2,"deep","CNL_S24_T2",13.61014793,2.231420118,30.3700784,100,1.361111111,47.6193913,-122.3627699,0.733431929,-9.119999886,1.178761345,0.126620157,-0.927641850636293,0.157697216943552,0.38,0,0,0.42,0,0.02,0,0,0.06,0.04,0.04,0,0.02,0,0,0,0,0.02,0,0,0,0,0,0,0,0,0,0,0,0
"CNL_S24","2024_10_08_10-17-30.jpg",2024-10-08,"summer","out",10:17:30,"Centennial_Park",2,"deep","CNL_S24_T2",13.59703704,2.607654321,35.45636444,106,1.444444444,47.619398,-122.3627503,0.848518484,-8.970000267,1.577799442,0.105775454,-0.944898677819683,0.031441505670069,0.26,0,0,0.54,0.02,0,0,0,0.02,0.04,0.08,0,0.04,0,0,0,0,0,0,0,0,0,0,0,0,0,0,0,0,0
"CNL_S24","2024_10_08_10-17-39.jpg",2024-10-08,"summer","out",10:17:39,"Centennial_Park",2,"deep","CNL_S24_T2",13.57630303,4.062787879,55.15152612,112,1.527777778,47.6194005,-122.3627619,0.798545432,-9.090000153,1.397534856,0.08666441,-0.803067654749087,-0.284389928413291,0.2,0.02,0,0.3,0.2,0,0,0,0.16,0,0.08,0,0.04,0,0,0,0,0,0,0,0,0,0,0,0,0,0,0,0,0
"CNL_S24","2024_10_08_10-17-48.jpg",2024-10-08,"summer","out",10:17:48,"Centennial_Park",2,"deep","CNL_S24_T2",13.59737423,2.837852761,38.5873384,120,1.638888889,47.6194041,-122.3627864,0.690184047,-9.079999924,1.043985543,0.118671061,-1.18471831730295,0.042576902325229,0.34,0,0,0.42,0.02,0,0,0,0.1,0,0.02,0,0.04,0,0.04,0,0,0,0,0,0,0,0.02,0,0,0,0,0,0,0
"CNL_S24","2024_10_08_10-17-57.jpg",2024-10-08,"summer","out",10:17:57,"Centennial_Park",2,"deep","CNL_S24_T2",13.59368293,2.944573171,40.02758915,128,1.75,47.619409,-122.3628052,0.690853655,-9.109999657,1.045959813,0.114339877,-0.795721412902126,0.309962130524407,0.24,0,0,0.5,0.02,0,0,0,0,0,0.2,0.04,0,0,0,0,0,0,0,0,0,0,0,0,0,0,0,0,0,0
"CNL_S24","2024_10_08_10-18-06.jpg",2024-10-08,"summer","out",10:18:06,"Centennial_Park",2,"deep","CNL_S24_T2",13.60755422,2.387771084,32.4914597,136,1.861111111,47.6194141,-122.362823,0.670542144,-9.159999847,0.985360637,0.091994411,-1.15978124440657,0.12043141916468,0.32,0,0,0.56,0,0,0,0.04,0.02,0,0.04,0,0.02,0,0,0,0,0,0,0,0,0,0,0,0,0,0,0,0,0
"CNL_S24","2024_10_08_10-18-15.jpg",2024-10-08,"summer","out",10:18:15,"Centennial_Park",2,"deep","CNL_S24_T2",13.57860377,4.356981132,59.1617283,145,1.972222222,47.6194224,-122.3628156,0.732515695,-9.13999939,1.175810055,0.073989731,-1.05970041560715,0.294070254701634,0.38,0,0,0.44,0,0,0,0,0.02,0,0.16,0,0,0,0,0,0,0,0,0,0,0,0,0,0,0,0,0,0,0
"CNL_S24","2024_10_08_10-18-24.jpg",2024-10-08,"summer","out",10:18:24,"Centennial_Park",2,"deep","CNL_S24_T2",13.56258182,4.960484848,67.277032,156,2.138888889,47.6194319,-122.3628044,0.686181819,-9.229999542,1.031782711,0.110674649,-1.14377634108667,0.234296243409901,0.44,0,0,0.46,0.02,0,0,0,0.02,0,0.06,0,0,0,0,0,0,0,0,0,0,0,0,0,0,0,0,0,0,0
"CNL_S24","2024_10_08_10-18-33.jpg",2024-10-08,"summer","out",10:18:33,"Centennial_Park",2,"deep","CNL_S24_T2",13.65092073,1.6925,23.08039061,168,2.305555556,47.6194395,-122.3628047,0.717012193,-9.170000076,1.127533715,0.069895937,-1.2430842995292,0.0463683416958807,0.32,0,0,0.54,0.02,0,0,0,0.08,0,0.02,0,0.02,0,0,0,0,0,0,0,0,0,0,0,0,0,0,0,0,0
"CNL_S24","2024_10_08_10-18-42.jpg",2024-10-08,"summer","out",10:18:42,"Centennial_Park",2,"deep","CNL_S24_T2",13.56839877,4.698957055,63.75724239,179,2.444444444,47.6194285,-122.3628571,0.71141102,-9.359999657,1.109117454,0.149676318,-1.01700704812743,0.265716791778978,0.58,0,0,0.24,0.06,0,0,0.02,0,0,0.06,0,0.04,0,0,0,0,0,0,0,0,0,0,0,0,0,0,0,0,0
"CNL_S24","2024_10_08_10-18-51.jpg",2024-10-08,"summer","out",10:18:51,"Centennial_Park",2,"deep","CNL_S24_T2",13.58127711,4.210542169,57.18361054,191,2.611111111,47.6194479,-122.3628313,0.585662629,-9.449999809,0.751647441,0.152428005,-1.12620937180401,0.542012085038423,0.78,0,0,0.1,0,0,0,0.06,0,0,0.02,0,0.02,0,0,0,0.02,0,0,0,0,0,0,0,0,0,0,0,0,0
"CNL_S24","2024_10_08_10-19-00.jpg",2024-10-08,"summer","out",10:19:00,"Centennial_Park",2,"deep","CNL_S24_T2",13.59197546,2.958650307,40.21386466,200,2.722222222,47.6194576,-122.3628474,0.777975439,-9.199999809,1.327042718,0.131100206,-0.992302542615041,0.10415472976665,0.38,0,0,0.3,0.02,0,0,0.08,0.12,0,0.1,0,0,0,0,0,0,0,0,0,0,0,0,0,0,0,0,0,0,0
"CNL_S24","2024_10_08_10-19-09.jpg",2024-10-08,"summer","out",10:19:09,"Centennial_Park",2,"deep","CNL_S24_T2",13.57731707,4.198170732,56.99985805,209,2.833333333,47.6194673,-122.3628513,0.53780487,-9.599999428,0.637215149,0.082736943,-1.23436547562079,0.417676284135144,0.7,0,0,0.2,0,0,0,0.04,0,0,0,0,0.06,0,0,0,0,0,0,0,0,0,0,0,0,0,0,0,0,0
"CNL_S24","2024_10_08_10-19-18.jpg",2024-10-08,"summer","out",10:19:18,"Centennial_Park",2,"deep","CNL_S24_T2",13.64640244,1.703780488,23.25028354,214,2.916666667,47.6194671,-122.3628734,0.385975595,-9.68999958,0.326672358,0.037507706,-0.979041544178509,0.521651807748185,0.72,0.02,0,0.1,0,0,0,0,0,0.04,0,0,0.06,0,0,0,0,0.06,0,0,0,0,0,0,0,0,0,0,0,0
"CNL_S24","2024_10_08_10-19-27.jpg",2024-10-08,"summer","out",10:19:27,"Centennial_Park",2,"deep","CNL_S24_T2",13.6037284,2.755925926,37.49062543,221,3,47.6194657,-122.3628822,0.804074057,-9.18999958,1.420131008,0.050048716,-0.917356844593606,0.446408940501888,0.64,0,0,0.22,0,0,0,0,0,0.02,0.08,0.02,0.02,0,0,0,0,0,0,0,0,0,0,0,0,0,0,0,0,0
"CNL_S24","2024_10_08_10-19-36.jpg",2024-10-08,"summer","out",10:19:36,"Centennial_Park",2,"deep","CNL_S24_T2",13.59342236,2.979503106,40.50171894,229,3.111111111,47.6194653,-122.3629062,1.033726676,-9.039999962,2.341634496,0.137303699,-0.997864491545629,0.35073458996066,0.46,0,0,0.16,0,0,0,0,0.18,0,0.2,0,0,0,0,0,0,0,0,0,0,0,0,0,0,0,0,0,0,0
"CNL_S24","2024_10_08_10-19-45.jpg",2024-10-08,"summer","out",10:19:45,"Centennial_Park",2,"deep","CNL_S24_T2",13.59392638,2.870858896,39.02606638,236,3.222222222,47.6194805,-122.3628666,0.923865007,-9.170000076,1.870325359,0.085933249,-0.997254509246997,0.169563302699598,0.56,0,0,0.18,0.12,0,0,0,0.04,0,0.1,0,0,0,0,0,0,0,0,0,0,0,0,0,0,0,0,0,0,0
"CNL_S24","2024_10_08_10-19-54.jpg",2024-10-08,"summer","out",10:19:54,"Centennial_Park",2,"deep","CNL_S24_T2",13.58539264,3.58797546,48.74404834,243,3.305555556,47.6194822,-122.3628563,0.935030677,-9.210000038,1.915808956,0.093412297,-1.04727625140615,0.304605158986328,0.46,0,0,0.38,0.02,0,0,0,0,0,0.12,0,0,0,0.02,0,0,0,0,0,0,0,0,0,0,0,0,0,0,0
"CNL_S24","2024_10_08_10-20-03.jpg",2024-10-08,"summer","out",10:20:03,"Centennial_Park",2,"deep","CNL_S24_T2",13.54951534,8.860490798,120.0185146,254,3.472222222,47.6194802,-122.362908,0.882576673,-9.239999771,1.707371788,0.132365455,-1.2233061288829,-0.138683280784632,0.18,0,0,0.7,0.02,0,0,0.02,0,0,0.06,0,0,0,0.02,0,0,0,0,0,0,0,0,0,0,0,0,0,0,0
"CNL_S24","2024_10_08_10-20-12.jpg",2024-10-08,"summer","out",10:20:12,"Centennial_Park",2,"deep","CNL_S24_T2",13.573,4.642,63.00591,262,3.583333333,47.6194816,-122.3629262,1.011272709,-9.130000114,2.241110778,0.08785035,-0.727994612333097,1.02380934540377,0.08,0,0,0.8,0,0,0,0,0,0,0.12,0,0,0,0,0,0,0,0,0,0,0,0,0,0,0,0,0,0,0
"CNL_S24","2024_10_08_10-20-21.jpg",2024-10-08,"summer","out",10:20:21,"Centennial_Park",2,"deep","CNL_S24_T2",13.6556747,1.339939759,18.2976356,275,3.75,47.6194795,-122.3629494,0.497530111,-9.569999695,0.542510368,0.116383241,-0.899080145626055,-0.0482612222408051,0.28,0,0,0.4,0.08,0.02,0,0.08,0,0.06,0,0,0.08,0,0,0,0,0,0,0,0,0,0,0,0,0,0,0,0,0
"CNL_S24","2024_10_08_10-20-30.jpg",2024-10-08,"summer","out",10:20:30,"Centennial_Park",2,"deep","CNL_S24_T2",13.58409317,3.33310559,45.27710963,284,3.861111111,47.6194876,-122.3629275,0.644472031,-9.489999771,0.910269756,0.044287736,-1.08384637608256,0.140788959682463,0.32,0.02,0,0.54,0,0,0,0.04,0,0,0.02,0,0.02,0,0.04,0,0,0,0,0,0,0,0,0,0,0,0,0,0,0
"CNL_S24","2024_10_08_10-30-24.jpg",2024-10-08,"summer","out",10:30:24,"Centennial_Park",2,"deep","CNL_S24_T2",13.59666258,2.93196319,39.86491485,793,10.77777778,47.6195998,-122.3629941,0.672392615,-9.369999886,0.990780257,11.48838934,-0.979218028200031,0.580731396952298,0.72,0.02,0,0,0.1,0,0,0,0,0,0,0.02,0.02,0,0,0,0,0,0.12,0,0,0,0,0,0,0,0,0,0,0
"CNL_S24","2024_10_08_10-30-33.jpg",2024-10-08,"summer","return",10:30:33,"Centennial_Park",2,"deep","CNL_S24_T2",13.59135976,2.824268293,38.38545341,799,10.86111111,47.6195889,-122.36301,0.597682902,-9.429999352,0.782862454,0.089173093,-0.838282829656858,0.536125572507081,0.74,0.02,0,0.02,0.06,0,0,0,0,0,0,0.1,0.06,0,0,0,0,0,0,0,0,0,0,0,0,0,0,0,0,0
"CNL_S24","2024_10_08_10-30-42.jpg",2024-10-08,"summer","return",10:30:42,"Centennial_Park",2,"deep","CNL_S24_T2",13.59140244,3.213597561,43.67726006,807,10.97222222,47.6195874,-122.3629903,0.678841442,-9.329999924,1.009963455,0.141612255,-1.20892550752254,0.636548821346338,0.86,0,0,0.04,0.02,0,0,0,0,0,0.02,0,0,0,0.06,0,0,0,0,0,0,0,0,0,0,0,0,0,0,0
"CNL_S24","2024_10_08_10-30-51.jpg",2024-10-08,"summer","return",10:30:51,"Centennial_Park",2,"deep","CNL_S24_T2",13.59229091,2.936,39.90683782,814,11.05555556,47.6195582,-122.3630153,0.626424241,-9.340000153,0.85990524,0.111078826,-0.874066882442691,-0.364044700579456,0.42,0,0,0.04,0.34,0,0,0,0.08,0,0.12,0,0,0,0,0,0,0,0,0,0,0,0,0,0,0,0,0,0,0
"CNL_S24","2024_10_08_10-31-00.jpg",2024-10-08,"summer","return",10:31:00,"Centennial_Park",2,"deep","CNL_S24_T2",13.6000184,2.707730061,36.82500957,820,11.13888889,47.6195618,-122.3629859,0.648772983,-9.279999733,0.922326488,0.095456062,-0.768245417119123,0.280681400786053,0.6,0.06,0,0.08,0.08,0,0,0.06,0.08,0,0.02,0,0,0,0,0,0,0,0,0,0,0,0,0.02,0,0,0,0,0,0
"CNL_S24","2024_10_08_10-31-09.jpg",2024-10-08,"summer","return",10:31:09,"Centennial_Park",2,"deep","CNL_S24_T2",13.604,2.56,34.82624,827,11.25,47.6195576,-122.3629682,0.631249994,-9.229999542,0.873177942,0.102244144,-1.04413815341936,0.450816336337845,0.72,0,0,0.18,0.02,0,0,0.02,0,0.02,0.04,0,0,0,0,0,0,0,0,0,0,0,0,0,0,0,0,0,0,0
"CNL_S24","2024_10_08_10-31-18.jpg",2024-10-08,"summer","return",10:31:18,"Centennial_Park",2,"deep","CNL_S24_T2",13.59733939,2.586,35.16271764,834,11.33333333,47.6195452,-122.3629701,0.676303019,-9.159999847,1.002288712,0.104295286,-1.15470081050954,0.0987653103210692,0.38,0,0,0.44,0.04,0,0,0,0.06,0,0.02,0.02,0,0,0,0,0,0,0,0,0,0,0,0.04,0,0,0,0,0,0
"CNL_S24","2024_10_08_10-31-27.jpg",2024-10-08,"summer","return",10:31:27,"Centennial_Park",2,"deep","CNL_S24_T2",13.5976,2.79,37.937316,841,11.41666667,47.6195455,-122.3629324,0.626181817,-9.130000114,0.859241231,0.140084259,-1.18576930592699,-0.143393128347185,0.24,0,0,0.56,0.1,0,0,0.02,0,0.02,0,0,0,0,0,0,0,0.06,0,0,0,0,0,0,0,0,0,0,0,0
"CNL_S24","2024_10_08_10-31-36.jpg",2024-10-08,"summer","return",10:31:36,"Centennial_Park",2,"deep","CNL_S24_T2",13.59466258,2.704294479,36.76395485,848,11.52777778,47.6195291,-122.3629405,0.658588925,-9.090000153,0.950449492,0.127792167,-1.2141915277424,-0.210180996630776,0.24,0,0,0.42,0.1,0,0,0,0.22,0,0,0,0.02,0,0,0,0,0,0,0,0,0,0,0,0,0,0,0,0,0
"CNL_S24","2024_10_08_10-31-45.jpg",2024-10-08,"summer","return",10:31:45,"Centennial_Park",2,"deep","CNL_S24_T2",13.59720122,2.49902439,33.9797739,855,11.63888889,47.6195143,-122.3629461,0.653170705,-9.079999924,0.934963233,0.126733379,-1.30676072703364,-0.222134993039136,0.18,0,0,0.6,0.08,0,0,0,0,0,0,0,0.02,0,0.08,0,0.04,0,0,0,0,0,0,0,0,0,0,0,0,0
"CNL_S24","2024_10_08_10-31-54.jpg",2024-10-08,"summer","return",10:31:54,"Centennial_Park",2,"deep","CNL_S24_T2",13.60262424,2.653757576,36.097886,862,11.72222222,47.6195097,-122.3629319,0.646363616,-9.050000191,0.915561112,0.124168602,-1.33032702672679,-0.306055792636902,0.18,0,0,0.32,0.04,0,0,0.02,0.42,0,0,0,0,0,0,0,0,0,0,0,0,0,0,0.02,0,0,0,0,0,0
"CNL_S24","2024_10_08_10-32-03.jpg",2024-10-08,"summer","return",10:32:03,"Centennial_Park",2,"deep","CNL_S24_T2",13.59584049,2.769815951,37.65788908,869,11.80555556,47.6195033,-122.3629267,0.649999976,-9.019999504,0.925794813,0.103329442,-1.16823309129525,-0.672143208299446,0.04,0,0,0.7,0.2,0,0,0.02,0,0,0,0,0.02,0,0.02,0,0,0,0,0,0,0,0,0,0,0,0,0,0,0
"CNL_S24","2024_10_08_10-32-12.jpg",2024-10-08,"summer","return",10:32:12,"Centennial_Park",2,"deep","CNL_S24_T2",13.59759756,2.749878049,37.39174707,875,11.91666667,47.6194998,-122.3629253,0.654512167,-8.93999958,0.93874711,0.107790223,-1.00210700409347,-0.259907572343352,0.14,0.04,0,0.68,0.1,0,0,0.02,0,0,0,0,0.02,0,0,0,0,0,0,0,0,0,0,0,0,0,0,0,0,0
"CNL_S24","2024_10_08_10-32-21.jpg",2024-10-08,"summer","return",10:32:21,"Centennial_Park",2,"deep","CNL_S24_T2",13.58834146,3.309512195,44.97079463,883,12,47.6195024,-122.3629034,0.668414593,-8.909999847,0.979057693,0.143336269,-1.27881013636316,-0.00071217204332848,0.28,0,0,0.58,0.04,0,0,0.02,0,0,0,0,0.04,0,0.04,0,0,0,0,0,0,0,0,0,0,0,0,0,0,0
"CNL_S24","2024_10_08_10-32-30.jpg",2024-10-08,"summer","return",10:32:30,"Centennial_Park",2,"deep","CNL_S24_T2",13.6048125,2.519125,34.27223437,890,12.08333333,47.6194989,-122.3628987,0.643499982,-8.929999352,0.907752786,0.060495032,-1.45832001370692,-0.314747750681182,0.1,0,0,0.76,0.02,0,0,0.06,0,0,0,0,0,0,0.02,0,0,0.04,0,0,0,0,0,0,0,0,0,0,0,0
"CNL_S24","2024_10_08_10-32-39.jpg",2024-10-08,"summer","return",10:32:39,"Centennial_Park",2,"deep","CNL_S24_T2",13.61265854,2.040243902,27.77314024,897,12.19444444,47.6194862,-122.3629172,0.698170722,-8.949999809,1.068131303,0.06855969,-1.69302249579619,-0.304660801070065,0.1,0,0,0.62,0.02,0,0,0,0,0,0,0,0,0,0,0,0,0,0.26,0,0,0,0,0,0,0,0,0,0,0
"CNL_S24","2024_10_08_10-32-48.jpg",2024-10-08,"summer","return",10:32:48,"Centennial_Park",2,"deep","CNL_S24_T2",13.59762577,2.655828221,36.11298129,904,12.30555556,47.6194866,-122.3628796,0.646196299,-9.019999504,0.915043006,0.11668573,-1.31698887333005,0.0285808978961993,0.26,0,0,0.64,0,0,0,0.08,0,0.02,0,0,0,0,0,0,0,0,0,0,0,0,0,0,0,0,0,0,0,0
"CNL_S24","2024_10_08_10-32-57.jpg",2024-10-08,"summer","return",10:32:57,"Centennial_Park",2,"deep","CNL_S24_T2",13.60020625,2.699125,36.70861769,911,12.38888889,47.6194789,-122.3628651,0.637562488,-9.019999504,0.890815961,0.115724879,-1.08905950429022,-0.0775181867156546,0.22,0,0,0.4,0.02,0,0,0.16,0.1,0,0.02,0,0.06,0,0,0,0.02,0,0,0,0,0,0,0,0,0,0,0,0,0
"CNL_S24","2024_10_08_10-33-06.jpg",2024-10-08,"summer","return",10:33:06,"Centennial_Park",2,"deep","CNL_S24_T2",13.6,2.574085366,35.00756098,917,12.47222222,47.6194698,-122.3628709,0.639207304,-8.979999542,0.895426258,0.088969525,-1.23433209178541,0.0912990498118721,0.32,0,0,0.5,0.02,0,0,0.12,0,0,0,0,0.04,0,0,0,0,0,0,0,0,0,0,0,0,0,0,0,0,0
"CNL_S24","2024_10_08_10-33-15.jpg",2024-10-08,"summer","return",10:33:15,"Centennial_Park",2,"deep","CNL_S24_T2",13.59858537,2.459268293,33.44251171,924,12.55555556,47.6194609,-122.3628746,0.643902421,-8.909999847,0.908558931,0.081037251,-1.23216105361455,-0.317686579172363,0.12,0,0,0.52,0,0.02,0,0.04,0.22,0,0,0,0.02,0,0,0,0.04,0,0,0,0,0,0,0.02,0,0,0,0,0,0
"CNL_S24","2024_10_08_10-33-24.jpg",2024-10-08,"summer","return",10:33:24,"Centennial_Park",2,"deep","CNL_S24_T2",13.60578049,2.98097561,40.55660341,930,12.63888889,47.6194599,-122.3628552,0.647987783,-8.859999657,0.920523839,0.053684515,-1.12559553604262,-0.1721024779336,0.16,0,0,0.68,0,0,0,0.02,0,0.06,0.02,0,0.06,0,0,0,0,0,0,0,0,0,0,0,0,0,0,0,0,0
"CNL_S24","2024_10_08_10-33-33.jpg",2024-10-08,"summer","return",10:33:33,"Centennial_Park",2,"deep","CNL_S24_T2",13.58638037,3.873558282,52.62760368,940,12.77777778,47.6194444,-122.3628574,0.654846597,-8.880000114,0.940035108,0.160690517,-0.716232370537689,0.451231283825036,0.24,0.04,0,0.62,0,0,0,0.02,0,0,0.08,0,0,0,0,0,0,0,0,0,0,0,0,0,0,0,0,0,0,0
"CNL_S24","2024_10_08_10-33-42.jpg",2024-10-08,"summer","return",10:33:42,"Centennial_Park",2,"deep","CNL_S24_T2",13.59679755,2.679202454,36.42855294,947,12.88888889,47.6194329,-122.3628454,0.619570557,-8.829999924,0.841294056,0.106977245,-1.0925566092436,0.0524345264105568,0.32,0.02,0,0.46,0.02,0,0,0.02,0.12,0,0,0,0.02,0.02,0,0,0,0,0,0,0,0,0,0,0,0,0,0,0,0
"CNL_S24","2024_10_08_10-33-51.jpg",2024-10-08,"summer","return",10:33:51,"Centennial_Park",2,"deep","CNL_S24_T2",13.59854545,2.850909091,38.76823273,954,12.97222222,47.6194231,-122.3628428,0.649999976,-8.760000229,0.925794813,0.116582811,-0.753765150152709,-0.163172714860328,0.12,0.04,0,0.66,0.04,0,0,0,0,0.08,0.02,0,0.02,0,0.02,0,0,0,0,0,0,0,0,0,0,0,0,0,0,0
"CNL_S24","2024_10_08_10-34-01.jpg",2024-10-08,"summer","return",10:34:01,"Centennial_Park",2,"deep","CNL_S24_T2",13.58758182,3.334545455,45.30768364,962,13.08333333,47.6194293,-122.3627843,0.663393903,-8.659999847,0.964404255,0.119261092,-1.09355809128248,-0.182978207974246,0.14,0.02,0,0.7,0.02,0,0,0,0,0,0,0.02,0.02,0.06,0.02,0,0,0,0,0,0,0,0,0,0,0,0,0,0,0
"CNL_S24","2024_10_08_10-34-10.jpg",2024-10-08,"summer","return",10:34:10,"Centennial_Park",2,"deep","CNL_S24_T2",13.58462252,3.449205298,46.85605497,970,13.19444444,47.619412,-122.362791,0.647483422,-8.670000076,0.918681302,0.125469551,-1.25489789857599,-0.0643926711187083,0.22,0,0,0.66,0.02,0,0,0.04,0,0.02,0,0,0.04,0,0,0,0,0,0,0,0,0,0,0,0,0,0,0,0,0
"CNL_S24","2024_10_08_10-34-19.jpg",2024-10-08,"summer","return",10:34:19,"Centennial_Park",2,"deep","CNL_S24_T2",13.58275152,3.62169697,49.19266873,978,13.30555556,47.6193955,-122.3628039,0.657454515,-8.659999847,0.947193153,0.168572616,-0.759061263113624,-0.0167069865816807,0.18,0.06,0,0.56,0.06,0,0,0.02,0,0,0.02,0,0.06,0,0.04,0,0,0,0,0,0,0,0,0,0,0,0,0,0,0
"CNL_S24","2024_10_08_10-34-28.jpg",2024-10-08,"summer","return",10:34:28,"Centennial_Park",2,"deep","CNL_S24_T2",13.58956442,3.079079755,41.84207368,986,13.41666667,47.6193919,-122.3627774,0.663251497,-8.659999847,0.963975957,0.144440704,-1.4022700978936,-0.117954052080861,0.26,0,0,0.16,0,0,0,0.06,0.48,0,0,0,0,0,0,0,0,0,0,0,0,0,0,0.04,0,0,0,0,0,0
"CNL_S24","2024_10_08_10-34-37.jpg",2024-10-08,"summer","return",10:34:37,"Centennial_Park",2,"deep","CNL_S24_T2",13.59230488,2.993292683,40.68500159,994,13.52777778,47.6193892,-122.3627262,0.653292656,-8.670000076,0.935246489,0.134706104,-0.723947714405456,-0.0602296665753718,0.14,0.04,0,0.52,0.02,0,0,0.1,0.06,0.02,0.04,0,0.06,0,0,0,0,0,0,0,0,0,0,0,0,0,0,0,0,0
"CNL_S24","2024_10_08_10-34-46.jpg",2024-10-08,"summer","return",10:34:46,"Centennial_Park",2,"deep","CNL_S24_T2",13.59585276,2.606196319,35.43332025,1000,13.61111111,47.6193859,-122.3627489,0.669570529,-8.699999809,0.98253155,0.089426854,-0.890858098384407,0.0893172955573761,0.38,0.04,0,0.3,0.04,0,0,0.02,0.12,0,0.02,0,0.04,0,0.02,0,0,0,0,0,0,0,0,0.02,0,0,0,0,0,0
"CNL_S24","2024_10_08_10-34-55.jpg",2024-10-08,"summer","return",10:34:55,"Centennial_Park",2,"deep","CNL_S24_T2",13.59357055,2.55190184,34.68945423,1007,13.69444444,47.6193873,-122.362722,0.669999957,-8.729999542,0.983643239,0.161891667,-0.958534281843496,0.0868596287649486,0.32,0,0,0.4,0,0.02,0,0.08,0.1,0,0.02,0.02,0,0.02,0,0,0,0,0,0,0,0,0.02,0,0,0,0,0,0,0
"CNL_S24","2024_10_08_10-35-04.jpg",2024-10-08,"summer","return",10:35:04,"Centennial_Park",2,"deep","CNL_S24_T2",13.59907975,2.493496933,33.90939828,1013,13.77777778,47.6193847,-122.3627406,0.653006108,-8.789999962,0.93442395,0.084773571,-1.08135757877322,0.366609267467354,0.6,0,0,0.14,0,0,0,0,0.16,0,0.04,0,0.02,0.02,0,0,0,0,0,0,0,0,0,0.02,0,0,0,0,0,0
"CNL_W25","2025_01_27_10-10-36.jpg",2025-01-27,"winter","out",10:10:36,"Centennial_Park",2,"deep","CNL_W25_T2",13.60565333,2.144266667,29.17417293,0,0,47.6194391,-122.3628592,0.757088882,-8.369999886,1.256112141,0,-1.34245446247695,0.589077901812845,0.88,0,0,0.1,0,0,0,0.02,0,0,0,0,0,0,0,0,0,0,0,0,0,0,0,0,0,0,0,0,0,0
"CNL_W25","2025_01_27_10-10-45.jpg",2025-01-27,"winter","out",10:10:45,"Centennial_Park",2,"deep","CNL_W25_T2",13.60933188,1.946353712,26.48849159,5,0.083333333,47.6194441,-122.3628696,0.761310033,-8.319999695,1.27020939,0.116268945,-1.33393280665418,0.627605567747534,0.9,0,0,0.06,0,0,0,0,0,0,0,0,0.04,0,0,0,0,0,0,0,0,0,0,0,0,0,0,0,0,0
"CNL_W25","2025_01_27_10-10-54.jpg",2025-01-27,"winter","out",10:10:54,"Centennial_Park",2,"deep","CNL_W25_T2",13.60770259,2.131142241,28.99959032,10,0.138888889,47.6194483,-122.3628797,0.765258606,-8.229999542,1.28337059,0.11661663,-1.33629709098018,0.470750792648911,0.82,0,0,0.14,0.04,0,0,0,0,0,0,0,0,0,0,0,0,0,0,0,0,0,0,0,0,0,0,0,0,0
"CNL_W25","2025_01_27_10-11-03.jpg",2025-01-27,"winter","out",10:11:03,"Centennial_Park",2,"deep","CNL_W25_T2",13.59557359,2.542922078,34.57242805,16,0.222222222,47.6194553,-122.3628868,0.75887445,-8.179999352,1.262014033,0.139428528,-1.12957560045858,0.355784862672242,0.6,0,0,0.22,0.02,0,0,0.1,0,0,0.02,0,0,0,0,0,0.04,0,0,0,0,0,0,0,0,0,0,0,0,0
"CNL_W25","2025_01_27_10-11-12.jpg",2025-01-27,"winter","out",10:11:12,"Centennial_Park",2,"deep","CNL_W25_T2",13.61089462,2.079376344,28.30209729,21,0.305555556,47.6194616,-122.3628961,0.764365578,-8.130000114,1.280367971,0.117776631,-1.21873172891662,0.095634921716516,0.28,0,0,0.58,0,0,0,0.1,0,0,0.02,0,0,0.02,0,0,0,0,0,0,0,0,0,0,0,0,0,0,0,0
"CNL_W25","2025_01_27_10-11-24.jpg",2025-01-27,"winter","out",10:11:24,"Centennial_Park",2,"deep","CNL_W25_T2",13.60727505,2.264541578,30.81355974,27,0.388888889,47.6194667,-122.3629079,0.776460529,-8.069999695,1.321132488,0.092038255,-1.41452230947043,-0.179531105025033,0.14,0,0,0.76,0,0,0,0.04,0,0,0,0.02,0,0,0,0,0.04,0,0,0,0,0,0,0,0,0,0,0,0,0
"CNL_W25","2025_01_27_10-11-33.jpg",2025-01-27,"winter","out",10:11:33,"Centennial_Park",2,"deep","CNL_W25_T2",13.62002169,1.7535141,23.88290443,32,0.444444444,47.6194729,-122.3629178,0.776312339,-8.079999924,1.320659757,0.067999027,-1.07796194512407,-0.239100910701106,0.12,0,0,0.72,0,0.04,0,0.06,0,0,0,0.02,0.02,0.02,0,0,0,0,0,0,0,0,0,0,0,0,0,0,0,0
"CNL_W25","2025_01_27_10-11-45.jpg",2025-01-27,"winter","out",10:11:45,"Centennial_Park",2,"deep","CNL_W25_T2",13.60479654,2.091450216,28.45290411,38,0.527777778,47.6194717,-122.3629321,0.796709924,-8.039999962,1.39107363,0.108962218,-1.56648423065507,-0.279061501774236,0.08,0,0,0.84,0,0,0,0.02,0,0,0,0,0.06,0,0,0,0,0,0,0,0,0,0,0,0,0,0,0,0,0
"CNL_W25","2025_01_27_10-11-57.jpg",2025-01-27,"winter","out",10:11:57,"Centennial_Park",2,"deep","CNL_W25_T2",13.61548035,1.863515284,25.3725526,45,0.611111111,47.6194761,-122.362944,0.757336238,-8.090000153,1.256895525,0.078029537,-1.41368154104781,-0.455606389345454,0.04,0,0,0.8,0.02,0,0,0.1,0,0,0,0,0.02,0.02,0,0,0,0,0,0,0,0,0,0,0,0,0,0,0,0
"CNL_W25","2025_01_27_10-12-09.jpg",2025-01-27,"winter","out",10:12:09,"Centennial_Park",2,"deep","CNL_W25_T2",13.62656129,1.820193548,24.80299185,51,0.694444444,47.6194882,-122.3629492,0.768989229,-8.069999695,1.295791863,0.085071762,-1.37967471564354,-0.250936031149985,0.12,0,0,0.76,0,0.02,0,0.1,0,0,0,0,0,0,0,0,0,0,0,0,0,0,0,0,0,0,0,0,0,0
"CNL_W25","2025_01_27_10-12-21.jpg",2025-01-27,"winter","out",10:12:21,"Centennial_Park",2,"deep","CNL_W25_T2",13.61934641,1.984117647,27.02235817,57,0.777777778,47.6194976,-122.3629529,0.768932444,-8.039999962,1.295601485,0.104583476,-1.24929635860034,-0.0637726526866944,0.2,0,0,0.68,0,0,0,0.04,0,0.02,0,0,0.04,0.02,0,0,0,0,0,0,0,0,0,0,0,0,0,0,0,0
"CNL_W25","2025_01_27_10-12-33.jpg",2025-01-27,"winter","out",10:12:33,"Centennial_Park",2,"deep","CNL_W25_T2",13.62369462,1.75972043,23.97399755,64,0.861111111,47.6195057,-122.3629516,0.765956974,-8.010000229,1.285672157,0.071616739,-1.33117202746665,-0.252817477249071,0.12,0.02,0,0.8,0.02,0,0,0.02,0,0,0,0,0,0,0.02,0,0,0,0,0,0,0,0,0,0,0,0,0,0,0
"CNL_W25","2025_01_27_10-12-45.jpg",2025-01-27,"winter","out",10:12:45,"Centennial_Park",2,"deep","CNL_W25_T2",13.61409013,1.886802575,25.68711019,70,0.972222222,47.6195123,-122.3629551,0.777446326,-8.029999733,1.32447131,0.083951935,-1.39586503619023,-0.14968714722963,0.16,0,0,0.74,0.02,0,0,0.04,0,0,0,0,0.04,0,0,0,0,0,0,0,0,0,0,0,0,0,0,0,0,0
"CNL_W25","2025_01_27_10-13-00.jpg",2025-01-27,"winter","out",10:13:00,"Centennial_Park",2,"deep","CNL_W25_T2",13.61955414,1.951825902,26.58338662,78,1.055555556,47.6195193,-122.3629602,0.778450079,-8.079999924,1.327923266,0.071112828,-1.21998066712329,0.11473200088049,0.32,0,0,0.56,0,0,0,0.02,0,0.04,0,0,0.02,0,0,0,0.02,0,0,0,0,0,0,0,0.02,0,0,0,0,0
"CNL_W25","2025_01_27_10-13-15.jpg",2025-01-27,"winter","out",10:13:15,"Centennial_Park",2,"deep","CNL_W25_T2",13.59263399,2.769498911,37.64350623,86,1.166666667,47.619526,-122.3629637,0.77716773,-8.039999962,1.323525086,0.101227172,-1.11467246423025,0.142680221862556,0.36,0,0,0.42,0,0,0,0.14,0.02,0.02,0,0,0.02,0.02,0,0,0,0,0,0,0,0,0,0,0,0,0,0,0,0
"CNL_W25","2025_01_27_10-13-30.jpg",2025-01-27,"winter","out",10:13:30,"Centennial_Park",2,"deep","CNL_W25_T2",13.63479536,1.681371308,22.92537525,94,1.277777778,47.6195308,-122.3629734,0.789240469,-8.079999924,1.365007024,0.048065575,-1.27340716423318,0.416542385654048,0.68,0,0,0.24,0,0,0,0.08,0,0,0,0,0,0,0,0,0,0,0,0,0,0,0,0,0,0,0,0,0,0
"CNL_W25","2025_01_27_10-13-48.jpg",2025-01-27,"winter","out",10:13:48,"Centennial_Park",2,"deep","CNL_W25_T2",13.62531034,1.927349138,26.2578005,103,1.416666667,47.6195364,-122.3629784,0.764008607,-8.119999886,1.279093916,0.02736721,-1.34245446247695,0.589077901812845,0.88,0,0,0.1,0,0,0,0.02,0,0,0,0,0,0,0,0,0,0,0,0,0,0,0,0,0,0,0,0,0,0
"CNL_W25","2025_01_27_10-14-03.jpg",2025-01-27,"winter","out",10:14:03,"Centennial_Park",2,"deep","CNL_W25_T2",13.61055531,2.028438178,27.60817757,111,1.527777778,47.6195471,-122.3629798,0.782472854,-8.130000114,1.34165182,0.086836807,-1.34988253173133,0.707062369420476,0.94,0,0,0.02,0,0,0,0,0,0,0,0,0.04,0,0,0,0,0,0,0,0,0,0,0,0,0,0,0,0,0
"CNL_W25","2025_01_27_10-14-18.jpg",2025-01-27,"winter","out",10:14:18,"Centennial_Park",2,"deep","CNL_W25_T2",13.61450968,1.846924731,25.14380142,121,1.638888889,47.6195619,-122.3629794,0.75301075,-8.130000114,1.242705232,0.06702862,-1.36077222463169,0.647528369181422,0.92,0,0,0.06,0,0,0,0,0,0,0,0,0.02,0,0,0,0,0,0,0,0,0,0,0,0,0,0,0,0,0
"CNL_W25","2025_01_27_10-14-30.jpg",2025-01-27,"winter","out",10:14:30,"Centennial_Park",2,"deep","CNL_W25_T2",13.60191435,2.256616702,30.69193019,128,1.75,47.6195664,-122.3629806,0.781969991,-8.149999619,1.339966898,0.059144683,-1.33972335321814,0.664293359440232,0.92,0,0,0.04,0,0,0,0,0,0,0,0,0.04,0,0,0,0,0,0,0,0,0,0,0,0,0,0,0,0,0
"CNL_W25","2025_01_27_10-14-42.jpg",2025-01-27,"winter","out",10:14:42,"Centennial_Park",2,"deep","CNL_W25_T2",13.59784848,2.373203463,32.26996238,136,1.861111111,47.61957,-122.3629905,0.752943717,-8.170000076,1.242392569,0.107352084,-1.37459776612888,0.730454816956469,0.94,0,0,0.02,0,0,0,0,0,0,0,0,0.02,0,0,0,0,0,0,0,0,0,0,0,0.02,0,0,0,0,0
"CNL_W25","2025_01_27_10-14-51.jpg",2025-01-27,"winter","out",10:14:51,"Centennial_Park",2,"deep","CNL_W25_T2",13.59609052,2.88325431,39.1937772,144,1.972222222,47.6195874,-122.3629844,0.82648704,-7.989999771,1.498410998,0.091229627,-1.39768764231618,0.779591597648396,0.96,0,0,0,0,0,0,0,0,0,0,0,0.02,0,0,0,0,0,0,0,0,0,0.02,0,0,0,0,0,0,0
"CNL_W25","2025_01_27_10-15-03.jpg",2025-01-27,"winter","out",10:15:03,"Centennial_Park",2,"deep","CNL_W25_T2",13.6242743,1.691447084,23.04406518,151,2.055555556,47.6195906,-122.3630031,0.793952442,-8.099999428,1.381394147,0.07064959,-0.908136698428487,0.80084574696331,0.92,0.06,0,0,0,0,0,0,0,0,0,0,0,0,0.02,0,0,0,0,0,0,0,0,0,0,0,0,0,0,0
"CNL_W25","2025_01_27_10-15-15.jpg",2025-01-27,"winter","out",10:15:15,"Centennial_Park",2,"deep","CNL_W25_T2",13.60892009,1.95462203,26.59992423,158,2.166666667,47.6196014,-122.3630027,0.783693272,-8.029999733,1.346022611,0.057983763,-1.41294241747389,0.774290651615821,0.98,0,0,0,0,0,0,0,0,0,0,0,0.02,0,0,0,0,0,0,0,0,0,0,0,0,0,0,0,0,0
"CNL_W25","2025_01_27_10-15-27.jpg",2025-01-27,"winter","out",10:15:27,"Centennial_Park",2,"deep","CNL_W25_T2",13.63309888,1.488359551,20.29075928,165,2.25,47.6196065,-122.363011,0.767685376,-8.039999962,1.291600811,0.032118871,-1.45605442836476,0.807084391518103,0.98,0,0,0,0,0,0,0,0,0,0,0,0,0,0,0,0.02,0,0,0,0,0,0,0,0,0,0,0,0,0
"CNL_W25","2025_01_27_10-15-39.jpg",2025-01-27,"winter","out",10:15:39,"Centennial_Park",2,"deep","CNL_W25_T2",13.58076395,3.367660944,45.73546873,172,2.361111111,47.6196131,-122.3630139,0.771738177,-7.989999771,1.305102921,0.119155772,-1.19593787582387,0.754454609000001,0.92,0,0,0,0,0,0,0,0,0,0,0.02,0.06,0,0,0,0,0,0,0,0,0,0,0,0,0,0,0,0,0
"CNL_W25","2025_01_27_10-15-51.jpg",2025-01-27,"winter","out",10:15:51,"Centennial_Park",2,"deep","CNL_W25_T2",13.60459052,2.302801724,31.32410267,180,2.444444444,47.6196289,-122.3630138,0.778124973,-7.940000057,1.326776273,0.090441316,-1.19448581072298,1.04004779713581,0.28,0,0,0,0,0,0,0,0,0,0,0,0.72,0,0,0,0,0,0,0,0,0,0,0,0,0,0,0,0,0
"CNL_W25","2025_01_27_10-16-03.jpg",2025-01-27,"winter","out",10:16:03,"Centennial_Park",2,"deep","CNL_W25_T2",13.61926134,1.738444924,23.67599015,187,2.555555556,47.6196331,-122.3630233,0.813023758,-7.859999657,1.448466294,0.057082477,-1.50369720580481,0.794782350455353,1,0,0,0,0,0,0,0,0,0,0,0,0,0,0,0,0,0,0,0,0,0,0,0,0,0,0,0,0,0
"CNL_W25","2025_01_27_10-16-12.jpg",2025-01-27,"winter","out",10:16:12,"Centennial_Park",2,"deep","CNL_W25_T2",13.59133906,2.47583691,33.64998983,193,2.638888889,47.6196418,-122.3630453,0.838175941,-7.809999943,1.539590895,0.087730202,-1.15441887521724,0.70008039075214,0.88,0,0,0,0.02,0,0,0,0,0,0,0.02,0.06,0,0,0,0,0.02,0,0,0,0,0,0,0,0,0,0,0,0
"CNL_W25","2025_01_27_10-16-24.jpg",2025-01-27,"winter","out",10:16:24,"Centennial_Park",2,"deep","CNL_W25_T2",13.58925696,3.307665953,44.94710807,201,2.75,47.6196537,-122.3630566,0.722483908,-7.879999638,1.143837228,0.13511426,-1.12200069680713,0.770878823591284,0.94,0.02,0,0,0,0,0,0.02,0,0,0,0,0.02,0,0,0,0,0,0,0,0,0,0,0,0,0,0,0,0,0
"CNL_W25","2025_01_27_10-33-25.jpg",2025-01-27,"winter","return",10:33:25,"Centennial_Park",2,"deep","CNL_W25_T2",13.60477489,2.25969697,30.74184818,810,11.02777778,47.619649,-122.3630517,0.800973991,-7.539999962,1.405915649,1.525907876,-0.784318266057597,0.583974482955837,0.72,0.08,0,0.06,0,0,0,0,0,0,0,0,0.14,0,0,0,0,0,0,0,0,0,0,0,0,0,0,0,0,0
"CNL_W25","2025_01_27_10-33-37.jpg",2025-01-27,"winter","return",10:33:37,"Centennial_Park",2,"deep","CNL_W25_T2",13.59643803,2.417435897,32.86776156,817,11.13888889,47.6196443,-122.3630478,0.828311951,-7.559999943,1.503805375,0.096403608,-1.25211467153587,0.752950975727683,0.94,0,0,0.02,0,0,0,0,0,0,0,0,0.02,0.02,0,0,0,0,0,0,0,0,0,0,0,0,0,0,0,0
"CNL_W25","2025_01_27_10-33-55.jpg",2025-01-27,"winter","return",10:33:55,"Centennial_Park",2,"deep","CNL_W25_T2",13.61034267,2.039741379,27.76047216,827,11.25,47.6196461,-122.3630338,0.836206874,-7.539999962,1.532392566,0.049727097,-1.20216813641997,0.712748254216118,0.9,0,0,0,0,0,0,0.02,0.02,0,0,0,0.04,0.02,0,0,0,0,0,0,0,0,0,0,0,0,0,0,0,0
"CNL_W25","2025_01_27_10-34-10.jpg",2025-01-27,"winter","return",10:34:10,"Centennial_Park",2,"deep","CNL_W25_T2",13.62034483,1.716637931,23.37998698,836,11.38888889,47.6196296,-122.3630427,0.798555998,-7.539999962,1.397431143,0.060557884,-1.18082140077962,0.595721115196854,0.86,0,0,0.06,0.02,0,0,0,0,0,0.02,0,0.02,0,0.02,0,0,0,0,0,0,0,0,0,0,0,0,0,0,0
"CNL_W25","2025_01_27_10-34-25.jpg",2025-01-27,"winter","return",10:34:25,"Centennial_Park",2,"deep","CNL_W25_T2",13.60106034,2.474482759,33.65517621,846,11.52777778,47.6196187,-122.3630408,0.83312498,-7.539999962,1.521428396,0.102864289,-1.34988253173133,0.707062369420476,0.94,0,0,0.02,0,0,0,0,0,0,0,0,0.04,0,0,0,0,0,0,0,0,0,0,0,0,0,0,0,0,0
"CNL_W25","2025_01_27_10-34-37.jpg",2025-01-27,"winter","return",10:34:37,"Centennial_Park",2,"deep","CNL_W25_T2",13.59972473,2.473139785,33.63252422,854,11.63888889,47.6196196,-122.3630297,0.816215036,-7.710000038,1.460232163,0.078076456,-1.3543713509428,0.615750751593876,0.9,0,0,0.08,0,0,0,0,0,0,0,0,0.02,0,0,0,0,0,0,0,0,0,0,0,0,0,0,0,0,0
"CNL_W25","2025_01_27_10-34-52.jpg",2025-01-27,"winter","return",10:34:52,"Centennial_Park",2,"deep","CNL_W25_T2",13.59348035,2.788689956,37.90763079,864,11.75,47.6196144,-122.3630259,0.816790374,-7.71999979,1.462165456,0.087640561,-1.38135425223554,0.72861447036407,0.96,0,0,0.02,0,0,0,0,0,0,0,0,0.02,0,0,0,0,0,0,0,0,0,0,0,0,0,0,0,0,0
"CNL_W25","2025_01_27_10-35-07.jpg",2025-01-27,"winter","return",10:35:07,"Centennial_Park",2,"deep","CNL_W25_T2",13.60599145,2.747307692,37.37666423,873,11.88888889,47.6196014,-122.3630315,0.836367499,-7.739999771,1.53297821,0.086714185,-1.36841753200056,0.685105206492542,0.94,0,0,0.04,0,0,0,0,0,0,0,0,0.02,0,0,0,0,0,0,0,0,0,0,0,0,0,0,0,0,0
"CNL_W25","2025_01_27_10-35-28.jpg",2025-01-27,"winter","return",10:35:28,"Centennial_Park",2,"deep","CNL_W25_T2",13.60045133,2.332986726,31.72926111,885,12.05555556,47.6195959,-122.3630243,0.812610612,-7.829999924,1.447043987,0.063462866,-1.35591263610613,0.690880514213297,0.94,0,0,0.04,0,0,0,0.02,0,0,0,0,0,0,0,0,0,0,0,0,0,0,0,0,0,0,0,0,0,0
"CNL_W25","2025_01_27_10-35-46.jpg",2025-01-27,"winter","return",10:35:46,"Centennial_Park",2,"deep","CNL_W25_T2",13.60121166,2.206457883,30.01017816,895,12.16666667,47.6195874,-122.3630121,0.822980552,-7.789999962,1.484386822,0.089847516,-1.36077222463169,0.647528369181422,0.92,0,0,0.06,0,0,0,0,0,0,0,0,0.02,0,0,0,0,0,0,0,0,0,0,0,0,0,0,0,0,0
"CNL_W25","2025_01_27_10-36-01.jpg",2025-01-27,"winter","return",10:36:01,"Centennial_Park",2,"deep","CNL_W25_T2",13.60550215,2.128111588,28.95391107,903,12.30555556,47.6195778,-122.3629935,0.825064366,-7.789999962,1.491761459,0.06574641,-1.21864940347957,0.430571416237283,0.74,0,0,0.14,0.02,0,0,0.02,0,0,0,0,0.04,0,0.02,0,0.02,0,0,0,0,0,0,0,0,0,0,0,0,0
"CNL_W25","2025_01_27_10-36-13.jpg",2025-01-27,"winter","return",10:36:13,"Centennial_Park",2,"deep","CNL_W25_T2",13.60698291,2.117820513,28.81700509,910,12.38888889,47.6195651,-122.3629921,0.803782023,-7.829999924,1.415799334,0.084516078,-1.34191705440797,0.537728178192644,0.84,0,0,0.14,0,0,0,0,0,0,0,0,0.02,0,0,0,0,0,0,0,0,0,0,0,0,0,0,0,0,0
"CNL_W25","2025_01_27_10-36-28.jpg",2025-01-27,"winter","return",10:36:28,"Centennial_Park",2,"deep","CNL_W25_T2",13.60419355,2.316623656,31.51463535,920,12.52777778,47.6195586,-122.3629775,0.828537619,-7.879999638,1.504712264,0.089874279,-1.19513226877624,0.44970173635131,0.7,0,0,0.16,0,0,0,0.1,0,0,0,0,0.02,0,0,0,0,0.02,0,0,0,0,0,0,0,0,0,0,0,0
"CNL_W25","2025_01_27_10-36-40.jpg",2025-01-27,"winter","return",10:36:40,"Centennial_Park",2,"deep","CNL_W25_T2",13.60753913,2.259304348,30.74323357,927,12.61111111,47.619551,-122.3629734,0.801847795,-7.879999638,1.408989199,0.096128149,-1.24970993963336,0.356548163044627,0.6,0,0,0.36,0,0,0,0.02,0,0.02,0,0,0,0,0,0,0,0,0,0,0,0,0,0,0,0,0,0,0,0
"CNL_W25","2025_01_27_10-36-55.jpg",2025-01-27,"winter","return",10:36:55,"Centennial_Park",2,"deep","CNL_W25_T2",13.60419298,2.230175439,30.3397414,936,12.75,47.6195431,-122.3629693,0.802127165,-7.809999943,1.410245569,0.07545568,-1.29614582437499,0.189759700867708,0.36,0,0,0.54,0,0,0,0.06,0,0,0,0,0,0.02,0,0,0.02,0,0,0,0,0,0,0,0,0,0,0,0,0
"CNL_W25","2025_01_27_10-37-07.jpg",2025-01-27,"winter","return",10:37:07,"Centennial_Park",2,"deep","CNL_W25_T2",13.60931356,1.932076271,26.29300292,943,12.83333333,47.6195417,-122.362961,0.796059278,-7.839999676,1.388676383,0.060936054,-1.29877468066677,0.161563711571268,0.36,0,0,0.58,0,0,0,0.04,0,0.02,0,0,0,0,0,0,0,0,0,0,0,0,0,0,0,0,0,0,0,0
"CNL_W25","2025_01_27_10-37-22.jpg",2025-01-27,"winter","return",10:37:22,"Centennial_Park",2,"deep","CNL_W25_T2",13.61233143,1.831371429,24.9287688,953,12.97222222,47.6195345,-122.3629534,0.616799983,-7.779999733,1.130990406,0.117152832,-0.897766953225304,1.0921515919002,0.06,0,0,0.9,0,0,0,0,0,0.02,0,0,0.02,0,0,0,0,0,0,0,0,0,0,0,0,0,0,0,0,0
"CNL_W25","2025_01_27_10-37-34.jpg",2025-01-27,"winter","return",10:37:34,"Centennial_Park",2,"deep","CNL_W25_T2",13.59762582,2.355557987,32.02865298,961,13.08333333,47.6195261,-122.3629403,0.83356672,-7.75,1.52268743,0.100246257,-1.49764831526734,0.0227900840114821,0.24,0,0,0.72,0,0,0,0.02,0.02,0,0,0,0,0,0,0,0,0,0,0,0,0,0,0,0,0,0,0,0,0
"CNL_W25","2025_01_27_10-37-46.jpg",2025-01-27,"winter","return",10:37:46,"Centennial_Park",2,"deep","CNL_W25_T2",13.59772848,2.420242826,32.90891998,970,13.19444444,47.6195147,-122.3629373,0.823973497,-7.699999809,1.4884559,0.119606459,-1.31573873841663,-0.0590434134881506,0.18,0.02,0,0.76,0,0,0,0.02,0,0,0,0,0.02,0,0,0,0,0,0,0,0,0,0,0,0,0,0,0,0,0
"CNL_W25","2025_01_27_10-37-58.jpg",2025-01-27,"winter","return",10:37:58,"Centennial_Park",2,"deep","CNL_W25_T2",13.61112848,2.01608137,27.43962349,978,13.30555556,47.6195017,-122.3629355,0.818800851,-7.779999733,1.46921392,0.068546011,-1.49480544411141,-0.304932952542941,0.1,0,0,0.74,0,0,0,0.12,0.04,0,0,0,0,0,0,0,0,0,0,0,0,0,0,0,0,0,0,0,0,0
"CNL_W25","2025_01_27_10-38-10.jpg",2025-01-27,"winter","return",10:38:10,"Centennial_Park",2,"deep","CNL_W25_T2",13.59723491,2.583318966,35.12606022,985,13.41666667,47.6194968,-122.3629284,0.847909449,-7.779999733,1.57542234,0.083571574,-1.65411562117819,-0.56762838434148,0.04,0,0,0.9,0.06,0,0,0,0,0,0,0,0,0,0,0,0,0,0,0,0,0,0,0,0,0,0,0,0,0
"CNL_W25","2025_01_27_10-38-19.jpg",2025-01-27,"winter","return",10:38:19,"Centennial_Park",2,"deep","CNL_W25_T2",13.59745726,2.29241453,31.17089521,991,13.5,47.6194896,-122.3629224,0.81660256,-7.809999943,1.461287117,0.105225341,-1.20773340229781,-0.413924358573519,0.06,0.02,0,0.82,0.02,0,0,0.04,0,0.02,0,0,0.02,0,0,0,0,0,0,0,0,0,0,0,0,0,0,0,0,0
"CNL_W25","2025_01_27_10-38-31.jpg",2025-01-27,"winter","return",10:38:31,"Centennial_Park",2,"deep","CNL_W25_T2",13.605897,2.240600858,30.48471528,999,13.61111111,47.6194805,-122.3629155,0.82197424,-7.879999638,1.480743247,0.088065885,-1.06865877968456,1.09897029937408,0.08,0,0,0.9,0,0,0,0.02,0,0,0,0,0,0,0,0,0,0,0,0,0,0,0,0,0,0,0,0,0,0
"CNL_W25","2025_01_27_10-38-40.jpg",2025-01-27,"winter","return",10:38:40,"Centennial_Park",2,"deep","CNL_W25_T2",13.60246022,2.319311828,31.54863333,1005,13.66666667,47.6194736,-122.3629083,0.82890321,-7.859999657,1.505584515,0.104358955,-1.46559836264328,-0.154721205958548,0.14,0,0,0.78,0,0,0,0.02,0,0,0,0,0.02,0.02,0,0,0,0,0,0,0,0,0,0,0.02,0,0,0,0,0
"CNL_W25","2025_01_27_10-38-46.jpg",2025-01-27,"winter","return",10:38:46,"Centennial_Park",2,"deep","CNL_W25_T2",13.57643333,4.757244444,64.557606,1011,13.75,47.619466,-122.3629055,0.870111078,-7.879999638,1.659798048,0.220802225,-1.35081271870599,-0.171116062632724,0.14,0,0,0.7,0,0,0,0.1,0,0,0,0,0.02,0.02,0.02,0,0,0,0,0,0,0,0,0,0,0,0,0,0,0
"CNL_W25","2025_01_27_10-38-55.jpg",2025-01-27,"winter","return",10:38:55,"Centennial_Park",2,"deep","CNL_W25_T2",13.60141685,2.677861771,36.41907417,1020,13.88888889,47.6194468,-122.3628949,0.844837982,-8.059999466,1.564048148,0.20270746,-1.27263970839147,0.550040840884048,0.86,0,0,0.08,0.02,0,0,0.02,0,0,0,0,0.02,0,0,0,0,0,0,0,0,0,0,0,0,0,0,0,0,0
"CNL_W25","2025_01_27_10-39-01.jpg",2025-01-27,"winter","return",10:39:01,"Centennial_Park",2,"deep","CNL_W25_T2",13.61383405,1.957931034,26.65339353,1024,13.94444444,47.6194487,-122.3628865,0.823706886,-8.13999939,1.486785737,0.138175176,-1.25341433114626,0.427593913787339,0.66,0,0,0.22,0,0,0,0.08,0,0,0,0,0,0,0,0,0.04,0,0,0,0,0,0,0,0,0,0,0,0,0
"CNL_W25","2025_01_27_10-39-07.jpg",2025-01-27,"winter","return",10:39:07,"Centennial_Park",2,"deep","CNL_W25_T2",13.59638758,2.979143469,40.50051692,1028,14,47.6194429,-122.3628834,0.773169143,-8.210000038,1.31006062,0.1356665,-1.27329001603157,0.347973492072646,0.58,0,0,0.36,0,0,0,0,0,0,0,0,0.02,0.02,0.02,0,0,0,0,0,0,0,0,0,0,0,0,0,0,0
"CNL_W25","2025_01_27_10-39-17.jpg",2025-01-27,"winter","return",10:39:17,"Centennial_Park",2,"deep","CNL_W25_T2",13.59459914,2.821918103,38.36271226,1035,14.08333333,47.6194305,-122.3628785,0.860905149,-8.199999809,1.6242684,0.13744942,-0.910282402252417,0.258303523211981,0.36,0.04,0,0.26,0,0,0,0.22,0,0,0,0,0.1,0,0,0,0.02,0,0,0,0,0,0,0,0,0,0,0,0,0
"CNL_W25","2025_01_27_10-39-26.jpg",2025-01-27,"winter","return",10:39:26,"Centennial_Park",2,"deep","CNL_W25_T2",13.60651678,2.239821029,30.47288268,1041,14.16666667,47.6194198,-122.3628755,0.778344492,-8.349999428,1.327814012,0.088816569,-1.2089831591705,0.358480834037945,0.6,0,0,0.24,0,0,0,0.08,0,0,0,0,0.04,0,0,0,0.02,0,0,0,0,0,0,0,0.02,0,0,0,0,0
"EBM_S24","2024_10_09_10-17-38.jpg",2024-10-09,"summer","out",10:17:38,"Elliott_Bay_Marina",2,"deep","EBM_S24_T2",13.6194859,1.91626898,26.09716095,0,0,47.6271079,-122.3916024,0.847071567,-9.130000114,1.573335751,0,1.05606090125012,0.504306540470468,0,0.2,0.54,0,0,0.04,0.04,0,0,0,0.1,0.06,0,0.02,0,0,0,0,0,0,0,0,0,0,0,0,0,0,0,0
"EBM_S24","2024_10_09_10-17-47.jpg",2024-10-09,"summer","out",10:17:47,"Elliott_Bay_Marina",2,"deep","EBM_S24_T2",13.60938344,2.067843137,28.14178789,5,0.055555556,47.6271051,-122.391601,0.495076244,-9.229999542,0.53787307,0.043148256,1.06237537937702,0.212198493023001,0,0.42,0.3,0,0,0.04,0.02,0,0,0.04,0.08,0.02,0,0.08,0,0,0,0,0,0,0,0,0,0,0,0,0,0,0,0
"EBM_S24","2024_10_09_10-17-56.jpg",2024-10-09,"summer","out",10:17:56,"Elliott_Bay_Marina",2,"deep","EBM_S24_T2",13.58783478,3.166956522,42.91186957,10,0.138888889,47.6271095,-122.3916161,0.74632606,-8.819999695,1.221351296,0.061860354,1.12165045217068,0.165128776124162,0,0.44,0.26,0,0,0.02,0.04,0,0,0.16,0.06,0,0,0,0,0,0,0,0,0,0,0,0.02,0,0,0,0,0,0,0
"EBM_S24","2024_10_09_10-18-05.jpg",2024-10-09,"summer","out",10:18:05,"Elliott_Bay_Marina",2,"deep","EBM_S24_T2",13.59038612,3.973318872,53.9919564,18,0.25,47.6271193,-122.3916315,0.825010822,-8.429999352,1.492741698,0.125317223,1.07099831559977,0.950994750803208,0,0.12,0.82,0,0,0,0.02,0,0,0.04,0,0,0,0,0,0,0,0,0,0,0,0,0,0,0,0,0,0,0,0
"EBM_S24","2024_10_09_10-18-14.jpg",2024-10-09,"summer","out",10:18:14,"Elliott_Bay_Marina",2,"deep","EBM_S24_T2",13.59406074,2.96010846,40.23993651,24,0.333333333,47.627118,-122.3916609,0.915184368,-8.88999939,1.836354711,0.150059313,1.18566019664875,0.884585467863472,0,0.16,0.8,0,0,0,0.02,0,0,0,0.02,0,0,0,0,0,0,0,0,0,0,0,0,0,0,0,0,0,0,0
"EBM_S24","2024_10_09_10-18-23.jpg",2024-10-09,"summer","out",10:18:23,"Elliott_Bay_Marina",2,"deep","EBM_S24_T2",13.63075717,1.590883002,21.68435728,29,0.388888889,47.627116,-122.3916513,0.504701982,-9.519999504,0.55821378,0.068489962,1.12338065395564,1.06583603041744,0,0.08,0.86,0,0,0,0.04,0,0,0,0.02,0,0,0,0,0,0,0,0,0,0,0,0,0,0,0,0,0,0,0
"EBM_S24","2024_10_09_10-18-32.jpg",2024-10-09,"summer","out",10:18:32,"Elliott_Bay_Marina",2,"deep","EBM_S24_T2",13.59217241,2.397931034,32.59346828,34,0.444444444,47.6271178,-122.391641,0.845991379,-9.18999958,1.58841731,0.04765598,1.25902938854959,0.791641888397655,0,0.2,0.76,0,0,0,0.04,0,0,0,0,0,0,0,0,0,0,0,0,0,0,0,0,0,0,0,0,0,0,0
"EBM_S24","2024_10_09_10-18-42.jpg",2024-10-09,"summer","out",10:18:42,"Elliott_Bay_Marina",2,"deep","EBM_S24_T2",13.60705652,2.138630435,29.1005677,39,0.527777778,47.6271257,-122.3916666,0.503760859,-9.699999809,0.562092992,0.122582658,1.06116601433962,0.650217333823319,0,0.16,0.64,0,0,0,0.06,0,0,0.02,0.04,0.04,0,0.02,0,0,0,0,0,0,0,0.02,0,0,0,0,0,0,0,0
"EBM_S24","2024_10_09_10-18-51.jpg",2024-10-09,"summer","out",10:18:51,"Elliott_Bay_Marina",2,"deep","EBM_S24_T2",13.63801499,1.42,19.36598128,45,0.611111111,47.6271358,-122.3916799,0.727237656,-9.710000038,1.162893897,0.107712013,1.03671197659971,1.06392010264618,0,0.06,0.78,0,0,0,0.02,0,0,0,0.04,0,0,0.1,0,0,0,0,0,0,0,0,0,0,0,0,0,0,0,0
"EBM_S24","2024_10_09_10-19-00.jpg",2024-10-09,"summer","out",10:19:00,"Elliott_Bay_Marina",2,"deep","EBM_S24_T2",13.62549781,1.775833333,24.19659279,50,0.666666667,47.6271448,-122.3917023,0.791600858,-9.399999619,1.37473229,0.048661066,1.03317158663776,1.24379531603589,0,0.04,0.9,0,0,0,0,0,0,0,0.06,0,0,0,0,0,0,0,0,0,0,0,0,0,0,0,0,0,0,0
"EBM_S24","2024_10_09_10-19-09.jpg",2024-10-09,"summer","out",10:19:09,"Elliott_Bay_Marina",2,"deep","EBM_S24_T2",13.60798678,2.294713656,31.2265385,57,0.777777778,47.6271519,-122.3917238,0.724383236,-9.979999542,1.150526728,0.144195154,1.18820050519089,0.569378803372115,0,0.4,0.58,0,0,0,0,0,0,0,0,0,0.02,0,0,0,0,0,0,0,0,0,0,0,0,0,0,0,0,0
"EBM_S24","2024_10_09_10-19-18.jpg",2024-10-09,"summer","out",10:19:18,"Elliott_Bay_Marina",2,"deep","EBM_S24_T2",13.61545934,1.721516484,23.43930879,61,0.833333333,47.6271602,-122.3917128,0.736835149,-9.88999939,1.18997584,0.07076755,0.868550059308096,0.973000321274924,0,0.12,0.76,0,0,0,0.02,0.1,0,0,0,0,0,0,0,0,0,0,0,0,0,0,0,0,0,0,0,0,0,0
"EBM_S24","2024_10_09_10-19-27.jpg",2024-10-09,"summer","out",10:19:27,"Elliott_Bay_Marina",2,"deep","EBM_S24_T2",13.63643326,1.478665208,20.16364967,66,0.888888889,47.6271662,-122.3917265,0.639365394,-9.949999809,0.897675116,0.106850163,0.952382838386416,1.33170441239604,0,0,0.86,0,0,0,0,0.02,0,0,0.12,0,0,0,0,0,0,0,0,0,0,0,0,0,0,0,0,0,0,0
"EBM_S24","2024_10_09_10-19-36.jpg",2024-10-09,"summer","out",10:19:36,"Elliott_Bay_Marina",2,"deep","EBM_S24_T2",13.61838581,1.853858093,25.24655712,70,0.944444444,47.6271726,-122.391742,0.787294879,-9.819999695,1.361611606,0.146304473,1.06877053149559,0.871587470744166,0,0.18,0.78,0,0,0,0,0.02,0,0,0.02,0,0,0,0,0,0,0,0,0,0,0,0,0,0,0,0,0,0,0
"EBM_S24","2024_10_09_10-19-45.jpg",2024-10-09,"summer","out",10:19:45,"Elliott_Bay_Marina",2,"deep","EBM_S24_T2",13.61514565,2.176695652,29.63599096,75,1.027777778,47.6271752,-122.3917509,0.641913044,-9.769999504,0.904229362,0.100737459,1.01059633036511,0.975174435788872,0,0.14,0.8,0,0,0,0,0.02,0,0,0,0,0,0.04,0,0,0,0,0,0,0,0,0,0,0,0,0,0,0,0
"EBM_S24","2024_10_09_10-19-54.jpg",2024-10-09,"summer","out",10:19:54,"Elliott_Bay_Marina",2,"deep","EBM_S24_T2",13.63705616,1.360064795,18.5473132,79,1.055555556,47.627187,-122.3917646,0.875853119,-9.309999466,1.682408734,0.0751515,0.698727746761617,0.739716493333284,0.02,0.08,0.6,0,0,0.04,0,0.04,0,0,0.1,0.04,0,0.02,0,0,0.04,0.02,0,0,0,0,0,0,0,0,0,0,0,0
"EBM_S24","2024_10_09_10-20-03.jpg",2024-10-09,"summer","out",10:20:03,"Elliott_Bay_Marina",2,"deep","EBM_S24_T2",13.64471806,1.234625551,16.84538802,83,1.138888889,47.6271964,-122.3917483,0.630198233,-9.399999619,0.870757817,0.122710584,0.98610338771457,1.21015488899199,0,0.04,0.88,0,0,0,0,0,0,0,0.04,0.02,0,0,0,0,0,0,0.02,0,0,0,0,0,0,0,0,0,0,0
"EBM_S24","2024_10_09_10-20-12.jpg",2024-10-09,"summer","out",10:20:12,"Elliott_Bay_Marina",2,"deep","EBM_S24_T2",13.61269935,2.58,35.12076431,88,1.194444444,47.6271963,-122.3917484,0.820784303,-9.519999504,1.476996245,0.077403154,1.16134755609454,1.34794841279122,0,0,0.82,0,0,0,0,0,0,0,0.18,0,0,0,0,0,0,0,0,0,0,0,0,0,0,0,0,0,0,0
"EBM_S24","2024_10_09_10-20-21.jpg",2024-10-09,"summer","out",10:20:21,"Elliott_Bay_Marina",2,"deep","EBM_S24_T2",13.66533405,1.13496788,15.50990756,93,1.277777778,47.6271963,-122.3917531,0.726638081,-9.559999466,1.157084075,0.045423974,1.03890683586368,1.35476129160364,0,0.02,0.94,0,0,0,0,0,0,0,0.04,0,0,0,0,0,0,0,0,0,0,0,0,0,0,0,0,0,0,0
"EBM_S24","2024_10_09_10-20-30.jpg",2024-10-09,"summer","out",10:20:30,"Elliott_Bay_Marina",2,"deep","EBM_S24_T2",13.6406841,1.574640523,21.47918096,97,1.333333333,47.6271903,-122.3917561,0.72206969,-9.569999695,1.145717955,0.046393705,1.08217807394257,0.717370321183219,0,0.24,0.68,0,0,0,0,0.02,0,0,0.02,0,0,0.04,0,0,0,0,0,0,0,0,0,0,0,0,0,0,0,0
"EBM_S24","2024_10_09_10-20-39.jpg",2024-10-09,"summer","out",10:20:39,"Elliott_Bay_Marina",2,"deep","EBM_S24_T2",13.62577124,1.638932462,22.33170255,101,1.361111111,47.6271861,-122.3917664,0.682331153,-9.649999619,1.026094993,0.044383729,1.07400099336316,0.589677915786467,0,0.2,0.64,0,0,0.02,0.06,0,0,0.06,0,0.02,0,0,0,0,0,0,0,0,0,0,0,0,0,0,0,0,0,0
"EBM_S24","2024_10_09_10-20-48.jpg",2024-10-09,"summer","out",10:20:48,"Elliott_Bay_Marina",2,"deep","EBM_S24_T2",13.60639869,2.217015251,30.16563318,106,1.444444444,47.6271788,-122.3917728,0.881111095,-9.659999847,1.701684232,0.092062539,1.14581619898878,0.722856139571917,0,0.2,0.7,0,0,0.02,0,0,0,0,0.08,0,0,0,0,0,0,0,0,0,0,0,0,0,0,0,0,0,0,0
"EBM_S24","2024_10_09_10-20-57.jpg",2024-10-09,"summer","out",10:20:57,"Elliott_Bay_Marina",2,"deep","EBM_S24_T2",13.64555361,1.490897155,20.34390746,110,1.5,47.6271696,-122.3917961,0.535995592,-9.800000191,0.629827175,0.03437483,1.08850002197715,0.81774611351962,0,0.163265306,0.714285714,0,0,0,0,0,0,0,0.081632653,0,0,0.020408163,0,0,0.020408163,0,0,0,0,0,0,0,0,0,0,0,0,0
"EBM_S24","2024_10_09_10-21-06.jpg",2024-10-09,"summer","out",10:21:06,"Elliott_Bay_Marina",2,"deep","EBM_S24_T2",13.58613232,3.396312364,46.14182382,116,1.583333333,47.6271654,-122.3918246,0.669414297,-9.510000229,0.985630625,0.132046071,0.888089458051281,0.604657393097609,0,0.16,0.6,0.02,0,0.1,0,0,0,0,0.04,0.02,0,0.06,0,0,0,0,0,0,0,0,0,0,0,0,0,0,0,0
"EBM_S24","2024_10_09_10-21-15.jpg",2024-10-09,"summer","out",10:21:15,"Elliott_Bay_Marina",2,"deep","EBM_S24_T2",13.62219348,2.090826087,28.48046304,122,1.666666667,47.6271686,-122.3918238,0.626065206,-9.349999428,0.859446772,0.098938483,1.14444321235697,0.493511436226652,0,0.24,0.58,0,0,0.14,0.02,0,0,0,0.02,0,0,0,0,0,0,0,0,0,0,0,0,0,0,0,0,0,0,0
"EBM_S24","2024_10_09_10-21-24.jpg",2024-10-09,"summer","out",10:21:24,"Elliott_Bay_Marina",2,"deep","EBM_S24_T2",13.65657826,1.297478261,17.71910783,127,1.722222222,47.6271558,-122.3918704,0.453456516,-9.659999847,0.452253288,0.123069457,1.38714600184253,1.60976027395068,0,0,1,0,0,0,0,0,0,0,0,0,0,0,0,0,0,0,0,0,0,0,0,0,0,0,0,0,0,0
"EBM_S24","2024_10_09_10-21-33.jpg",2024-10-09,"summer","out",10:21:33,"Elliott_Bay_Marina",2,"deep","EBM_S24_T2",13.60331263,2.366895075,32.19719139,132,1.777777778,47.6271456,-122.3918839,1.074518162,-9.329999924,2.530618594,0.145275388,0.772596650494942,1.22976164532283,0,0.02,0.86,0.02,0,0,0,0.02,0,0,0.08,0,0,0,0,0,0,0,0,0,0,0,0,0,0,0,0,0,0,0
"EBM_S24","2024_10_09_10-21-42.jpg",2024-10-09,"summer","out",10:21:42,"Elliott_Bay_Marina",2,"deep","EBM_S24_T2",13.64374672,1.436681223,19.60179738,138,1.888888889,47.627158,-122.3918626,0.705305649,-9.649999619,1.090674365,0.08716375,1.09120348660184,0.580492976417441,0,0.26,0.64,0,0,0.02,0,0,0,0.02,0.02,0.04,0,0,0,0,0,0,0,0,0,0,0,0,0,0,0,0,0,0
"EBM_S24","2024_10_09_10-21-51.jpg",2024-10-09,"summer","out",10:21:51,"Elliott_Bay_Marina",2,"deep","EBM_S24_T2",13.64234348,1.464869565,19.98436122,143,1.944444444,47.6271501,-122.3918918,0.68547826,-9.550000191,1.029799253,0.089578376,0.865283701755438,0.490901204125019,0,0.24,0.48,0,0,0,0.06,0.1,0,0.06,0.02,0,0,0,0,0,0.02,0.02,0,0,0,0,0,0,0,0,0,0,0,0
"EBM_S24","2024_10_09_10-22-00.jpg",2024-10-09,"summer","out",10:22:00,"Elliott_Bay_Marina",2,"deep","EBM_S24_T2",13.63817904,1.835065502,25.02804109,146,2,47.6271525,-122.391902,0.819039268,-9.349999428,1.47547976,0.100499863,0.922178201452912,0.36429295345631,0,0.32,0.46,0,0,0.06,0,0.06,0,0.04,0.06,0,0,0,0,0,0,0,0,0,0,0,0,0,0,0,0,0,0,0
"EBM_S24","2024_10_09_10-22-09.jpg",2024-10-09,"summer","out",10:22:09,"Elliott_Bay_Marina",2,"deep","EBM_S24_T2",13.66214912,1.84002193,25.13942763,152,2.055555556,47.6271639,-122.3919025,0.354407882,-9.38999939,0.308735219,0.070400596,0.904629055487045,0.366080240785334,0,0.16,0.42,0,0,0.14,0,0,0,0.14,0.04,0.1,0,0,0,0,0,0,0,0,0,0,0,0,0,0,0,0,0,0
"EBM_S24","2024_10_09_10-22-18.jpg",2024-10-09,"summer","out",10:22:18,"Elliott_Bay_Marina",2,"deep","EBM_S24_T2",13.62696188,1.711085044,23.31599214,157,2.138888889,47.6271773,-122.3918888,0.802668617,-9.380000114,1.41824725,0.036824122,1.11164811519849,0.617947066736954,0,0.22,0.66,0,0,0.02,0.04,0,0,0.06,0,0,0,0,0,0,0,0,0,0,0,0,0,0,0,0,0,0,0,0
"EBM_S24","2024_10_09_10-22-27.jpg",2024-10-09,"summer","out",10:22:27,"Elliott_Bay_Marina",2,"deep","EBM_S24_T2",13.65440355,1.390509978,18.98664905,161,2.194444444,47.627182,-122.3919033,0.460776047,-9.659999847,0.465490708,0.05995167,1.16347938659471,0.358912682871275,0,0.42,0.46,0,0,0.02,0.04,0,0,0.04,0,0.02,0,0,0,0,0,0,0,0,0,0,0,0,0,0,0,0,0,0
"EBM_S24","2024_10_09_10-22-36.jpg",2024-10-09,"summer","out",10:22:36,"Elliott_Bay_Marina",2,"deep","EBM_S24_T2",13.652,1.400958606,19.12588688,165,2.25,47.62719,-122.3919026,0.629084963,-9.63999939,0.867571154,0.049897903,1.08098331293952,0.537309473805423,0,0.24,0.62,0,0,0.06,0.02,0,0,0.02,0,0.04,0,0,0,0,0,0,0,0,0,0,0,0,0,0,0,0,0,0
"EBM_S24","2024_10_09_10-22-45.jpg",2024-10-09,"summer","out",10:22:45,"Elliott_Bay_Marina",2,"deep","EBM_S24_T2",13.63940535,1.367349666,18.65001109,169,2.305555556,47.6272007,-122.3918969,0.62585746,-9.659999847,0.858872063,0.056145677,1.02543619045571,0.629752360662358,0,0.14,0.6,0,0,0.06,0.04,0,0,0.02,0,0.14,0,0,0,0,0,0,0,0,0,0,0,0,0,0,0,0,0,0
"EBM_S24","2024_10_09_10-22-54.jpg",2024-10-09,"summer","out",10:22:54,"Elliott_Bay_Marina",2,"deep","EBM_S24_T2",13.6435,1.445,19.714835,172,2.333333333,47.6272005,-122.3919065,0.73506549,-9.630000114,1.184666237,0.059687507,1.14375453657589,0.221176851650453,0,0.3,0.32,0,0,0.1,0.2,0,0,0,0,0.06,0,0.02,0,0,0,0,0,0,0,0,0,0,0,0,0,0,0,0
"EBM_S24","2024_10_09_10-23-03.jpg",2024-10-09,"summer","out",10:23:03,"Elliott_Bay_Marina",2,"deep","EBM_S24_T2",13.64509009,1.486554054,20.28420295,176,2.388888889,47.6272092,-122.3919138,0.851846809,-9.18999958,1.590228137,0.03694097,1.14349980357252,0.100288198414449,0,0.36,0.22,0,0,0.1,0.2,0,0,0,0.04,0.08,0,0,0,0,0,0,0,0,0,0,0,0,0,0,0,0,0,0
"EBM_W25","2025_01_28_10-14-27.jpg",2025-01-28,"winter","out",10:14:27,"Elliott_Bay_Marina",2,"deep","EBM_W25_T2",13.63204536,1.932397408,26.34227028,0,0,47.6271875,-122.3918938,0.660302342,-8.979999542,0.955381127,0,1.07108708301704,0.327870247829797,0,0.38,0.36,0.02,0,0,0.1,0,0,0,0.06,0.04,0,0,0,0,0,0.02,0,0,0,0,0.02,0,0,0,0,0,0,0
"EBM_W25","2025_01_28_10-14-45.jpg",2025-01-28,"winter","out",10:14:45,"Elliott_Bay_Marina",2,"deep","EBM_W25_T2",13.61124622,2.084319654,28.37018695,10,0.138888889,47.6271894,-122.3919019,0.698401711,-8.989999771,1.069381005,0.080605764,1.23886677995889,0.302155757729197,0,0.4,0.36,0,0,0,0.18,0,0,0.02,0,0.02,0,0,0,0,0.02,0,0,0,0,0,0,0,0,0,0,0,0,0
"EBM_W25","2025_01_28_10-15-03.jpg",2025-01-28,"winter","out",10:15:03,"Elliott_Bay_Marina",2,"deep","EBM_W25_T2",13.59649458,2.354880694,32.01811523,21,0.277777778,47.6271981,-122.3919187,0.765184356,-8.470000267,1.288408742,0.060556513,0.939293194476908,0.350747361107429,0.02,0.52,0.32,0,0,0,0.02,0.08,0,0,0.04,0,0,0,0,0,0,0,0,0,0,0,0,0,0,0,0,0,0,0
"EBM_W25","2025_01_28_10-15-18.jpg",2025-01-28,"winter","out",10:15:18,"Elliott_Bay_Marina",2,"deep","EBM_W25_T2",13.612,2.125194805,28.92815169,31,0.416666667,47.6272051,-122.3919271,0.675627691,-8.550000191,1.00072259,0.078552923,1.0446789163374,0.0333710856808591,0,0.54,0.12,0,0,0.04,0.1,0.02,0,0.02,0.06,0.02,0,0.06,0,0,0.02,0,0,0,0,0,0,0,0,0,0,0,0,0
"EBM_W25","2025_01_28_10-15-33.jpg",2025-01-28,"winter","out",10:15:33,"Elliott_Bay_Marina",2,"deep","EBM_W25_T2",13.6027694,2.231702586,30.35735741,40,0.527777778,47.6272068,-122.3919368,0.631228422,-8.869999886,0.890054614,0.0389631,1.13627691232716,0.374351720172861,0,0.36,0.42,0,0,0,0.14,0.04,0,0,0.04,0,0,0,0,0,0,0,0,0,0,0,0,0,0,0,0,0,0,0
"EBM_W25","2025_01_28_10-15-54.jpg",2025-01-28,"winter","out",10:15:54,"Elliott_Bay_Marina",2,"deep","EBM_W25_T2",13.62032898,1.951721133,26.5830949,51,0.694444444,47.627209,-122.3919522,0.590435737,-8.88999939,0.765155268,0.063373415,0.983508486495562,0.971249179086213,0,0.14,0.8,0.02,0,0,0.02,0,0,0,0,0,0,0,0,0,0,0.02,0,0,0,0,0,0,0,0,0,0,0,0
"EBM_W25","2025_01_28_10-16-09.jpg",2025-01-28,"winter","out",10:16:09,"Elliott_Bay_Marina",2,"deep","EBM_W25_T2",13.61274837,1.956659436,26.63550009,60,0.805555556,47.627211,-122.3919636,0.683448991,-8.93999958,1.024239495,0.067161091,0.773017251566182,0.461955245877503,0.02,0.34,0.32,0,0,0,0.04,0.22,0,0,0,0,0,0.02,0,0,0.02,0,0,0,0,0,0.02,0,0,0,0,0,0,0
"EBM_W25","2025_01_28_10-16-24.jpg",2025-01-28,"winter","out",10:16:24,"Elliott_Bay_Marina",2,"deep","EBM_W25_T2",13.6211048,2.10580786,28.68340904,69,0.916666667,47.6272139,-122.3919828,0.678580754,-8.840000153,1.009965306,0.084099847,0.803626722830489,0.685479352583514,0,0.24,0.4,0,0,0,0,0.24,0,0,0,0,0,0.04,0,0,0.06,0,0,0,0,0,0,0,0.02,0,0,0,0,0
"EBM_W25","2025_01_28_10-16-33.jpg",2025-01-28,"winter","out",10:16:33,"Elliott_Bay_Marina",2,"deep","EBM_W25_T2",13.61002345,2.17880597,29.65361181,75,1,47.62722,-122.3919988,0.713816608,-8.699999809,1.117158378,0.084312309,1.01383907310136,0.526546736550466,0,0.36,0.5,0.04,0,0,0.04,0,0,0,0,0,0,0.06,0,0,0,0,0,0,0,0,0,0,0,0,0,0,0,0
"EBM_W25","2025_01_28_10-16-45.jpg",2025-01-28,"winter","out",10:16:45,"Elliott_Bay_Marina",2,"deep","EBM_W25_T2",13.60038612,2.242277657,30.49595857,83,1.111111111,47.6272202,-122.3920132,0.841106263,-8.199999809,1.550392434,0.07977179,1.21356312001235,0.263985838450516,0,0.42,0.32,0,0,0,0.06,0,0,0,0.1,0.1,0,0,0,0,0,0,0,0,0,0,0,0,0,0,0,0,0,0
"EBM_W25","2025_01_28_10-17-00.jpg",2025-01-28,"winter","out",10:17:00,"Elliott_Bay_Marina",2,"deep","EBM_W25_T2",13.60533772,2.159912281,29.38634952,92,1.25,47.6272189,-122.3920191,0.705921021,-8.470000267,1.092854004,0.047575611,1.17516010780752,0.501271496852865,0,0.26,0.56,0,0,0,0.1,0,0,0.02,0,0.06,0,0,0,0,0,0,0,0,0,0,0,0,0,0,0,0,0,0
"EBM_W25","2025_01_28_10-17-15.jpg",2025-01-28,"winter","out",10:17:15,"Elliott_Bay_Marina",2,"deep","EBM_W25_T2",13.60577922,2.245844156,30.55636169,101,1.361111111,47.6272225,-122.3920321,0.82268397,-8.63999939,1.483831044,0.063951194,0.956642030305029,0.294678157068237,0,0.38,0.38,0,0,0.04,0.1,0.02,0,0.04,0,0,0.02,0,0.02,0,0,0,0,0,0,0,0,0,0,0,0,0,0,0
"EBM_W25","2025_01_28_10-17-30.jpg",2025-01-28,"winter","out",10:17:30,"Elliott_Bay_Marina",2,"deep","EBM_W25_T2",13.60492857,2.251060606,30.62557422,110,1.5,47.6272214,-122.3920439,0.713116868,-8.710000038,1.115270819,0.045239724,1.05411370539154,0.349248045865109,0,0.42,0.4,0,0,0.02,0.04,0.04,0,0,0,0.06,0,0.02,0,0,0,0,0,0,0,0,0,0,0,0,0,0,0,0
"EBM_W25","2025_01_28_10-17-42.jpg",2025-01-28,"winter","out",10:17:42,"Elliott_Bay_Marina",2,"deep","EBM_W25_T2",13.6,2.408295964,32.75282511,118,1.583333333,47.6272255,-122.3920552,0.810381143,-8.789999962,1.442942388,0.079914157,0.75823661453391,0.165281582083134,0,0.46,0.24,0.06,0,0.08,0.04,0,0,0.08,0,0,0.02,0,0,0,0,0.02,0,0,0,0,0,0,0,0,0,0,0,0
"EBM_W25","2025_01_28_10-17-54.jpg",2025-01-28,"winter","out",10:17:54,"Elliott_Bay_Marina",2,"deep","EBM_W25_T2",13.60013607,2.269287257,30.86252363,126,1.694444444,47.6272256,-122.392078,0.761835836,-8.960000038,1.273325869,0.100734682,1.01284896761135,0.157780860332101,0,0.42,0.22,0,0,0.04,0.06,0.02,0,0.04,0,0.04,0,0.14,0,0,0,0.02,0,0,0,0,0,0,0,0,0,0,0,0
"EBM_W25","2025_01_28_10-18-06.jpg",2025-01-28,"winter","out",10:18:06,"Elliott_Bay_Marina",2,"deep","EBM_W25_T2",13.59784698,2.506788793,34.08690774,134,1.805555556,47.6272289,-122.392096,0.830323257,-8.929999352,1.511874824,0.118034772,0.937620123016202,0.278415236018,0,0.52,0.28,0.04,0,0,0.08,0.02,0,0.02,0.02,0,0,0.02,0,0,0,0,0,0,0,0,0,0,0,0,0,0,0,0
"EBM_W25","2025_01_28_10-18-15.jpg",2025-01-28,"winter","out",10:18:15,"Elliott_Bay_Marina",2,"deep","EBM_W25_T2",13.60703854,2.140299786,29.12318184,140,1.888888889,47.6272274,-122.3921007,0.702055661,-9.159999847,1.080092655,0.076673006,0.485171369445326,0.565370801194029,0,0.14,0.42,0.06,0,0.02,0,0.26,0,0.02,0.02,0.02,0,0.04,0,0,0,0,0,0,0,0,0,0,0,0,0,0,0,0
"EBM_W25","2025_01_28_10-18-27.jpg",2025-01-28,"winter","out",10:18:27,"Elliott_Bay_Marina",2,"deep","EBM_W25_T2",13.60287957,2.24516129,30.54062718,147,1.972222222,47.6272287,-122.3921236,0.748107508,-8.859999657,1.226760563,0.089527617,0.625283797426747,0.52484254240341,0,0.2,0.48,0.06,0,0,0.02,0.12,0,0.02,0.08,0,0,0.02,0,0,0,0,0,0,0,0,0,0,0,0,0,0,0,0
"EBM_W25","2025_01_28_10-18-39.jpg",2025-01-28,"winter","out",10:18:39,"Elliott_Bay_Marina",2,"deep","EBM_W25_T2",13.59985839,2.35459695,32.02215608,155,2.083333333,47.6272281,-122.3921401,0.687538097,-8.960000038,1.036918822,0.116772254,1.01807239066416,0.479102227920907,0,0.38,0.48,0.04,0,0,0.04,0,0,0,0.04,0,0,0,0,0,0,0,0,0,0,0,0.02,0,0,0,0,0,0,0
"EBM_W25","2025_01_28_10-18-48.jpg",2025-01-28,"winter","out",10:18:48,"Elliott_Bay_Marina",2,"deep","EBM_W25_T2",13.59626695,2.509110169,34.11452564,161,2.166666667,47.6272278,-122.3921418,0.782987257,-8.929999352,1.343557971,0.095876841,0.681442107821136,0.453772737013307,0.02,0.26,0.48,0.08,0,0.02,0.06,0,0,0.02,0.04,0,0,0,0,0,0.02,0,0,0,0,0,0,0,0,0,0,0,0,0
"EBM_W25","2025_01_28_10-19-00.jpg",2025-01-28,"winter","out",10:19:00,"Elliott_Bay_Marina",2,"deep","EBM_W25_T2",13.60508243,2.155314534,29.32286603,168,2.277777778,47.62723,-122.3921566,0.813796091,-8.630000114,1.452004368,0.062124437,1.13902509833143,0.450021941747175,0,0.34,0.54,0,0,0,0.02,0,0,0.04,0.04,0.02,0,0,0,0,0,0,0,0,0,0,0,0,0,0,0,0,0,0
"EBM_W25","2025_01_28_10-19-12.jpg",2025-01-28,"winter","out",10:19:12,"Elliott_Bay_Marina",2,"deep","EBM_W25_T2",13.59269095,2.440242826,33.16942876,176,2.388888889,47.6272279,-122.3921745,0.76245029,-8.729999542,1.277094943,0.118444452,0.967481589466625,0.242448602596145,0.02,0.56,0.26,0,0,0,0.04,0,0,0.04,0,0.06,0.02,0,0,0,0,0,0,0,0,0,0,0,0,0,0,0,0,0
"EBM_W25","2025_01_28_10-19-24.jpg",2025-01-28,"winter","out",10:19:24,"Elliott_Bay_Marina",2,"deep","EBM_W25_T2",13.61318182,2.208636364,30.06635045,184,2.5,47.627228,-122.3921804,0.837012959,-8.529999733,1.535625604,0.041837086,1.270953921651,0.43244268596382,0,0.38,0.46,0,0,0,0.02,0,0,0,0.14,0,0,0,0,0,0,0,0,0,0,0,0,0,0,0,0,0,0,0
"EBM_W25","2025_01_28_10-19-36.jpg",2025-01-28,"winter","out",10:19:36,"Elliott_Bay_Marina",2,"deep","EBM_W25_T2",13.59695445,2.484013015,33.77501427,192,2.611111111,47.6272281,-122.3921964,0.644316692,-8.559999466,0.91178143,0.073444523,1.27512778100346,0.327749442429013,0,0.54,0.38,0,0,0.02,0.02,0,0,0,0.04,0,0,0,0,0,0,0,0,0,0,0,0,0,0,0,0,0,0,0
"EBM_W25","2025_01_28_10-19-45.jpg",2025-01-28,"winter","out",10:19:45,"Elliott_Bay_Marina",2,"deep","EBM_W25_T2",13.59963715,2.406544276,32.72809866,199,2.694444444,47.6272298,-122.3922148,0.816522663,-8.329999924,1.464141822,0.110985416,1.20659771218873,0.0634794787878271,0,0.58,0.14,0,0,0.02,0.12,0,0,0,0.06,0.06,0,0.02,0,0,0,0,0,0,0,0,0,0,0,0,0,0,0,0
"EBM_W25","2025_01_28_10-19-54.jpg",2025-01-28,"winter","out",10:19:54,"Elliott_Bay_Marina",2,"deep","EBM_W25_T2",13.59491974,2.473817787,33.63131831,205,2.777777778,47.6272283,-122.3922318,0.742798235,-8.550000191,1.210231713,0.127416345,1.21460918983335,0.0732150351763414,0,0.62,0.14,0,0,0.02,0.08,0,0,0,0.06,0.06,0,0.02,0,0,0,0,0,0,0,0,0,0,0,0,0,0,0,0
"EBM_W25","2025_01_28_10-20-03.jpg",2025-01-28,"winter","out",10:20:03,"Elliott_Bay_Marina",2,"deep","EBM_W25_T2",13.60215487,2.413849558,32.83353633,211,2.861111111,47.6272282,-122.3922446,0.588207947,-8.659999847,0.772444093,0.12703462,1.21788328935836,0.283220885944149,0,0.38,0.36,0,0,0,0.14,0,0,0,0.06,0.06,0,0,0,0,0,0,0,0,0,0,0,0,0,0,0,0,0,0
"EBM_W25","2025_01_28_10-20-12.jpg",2025-01-28,"winter","out",10:20:12,"Elliott_Bay_Marina",2,"deep","EBM_W25_T2",13.60094828,2.482155172,33.75966784,218,2.944444444,47.6272314,-122.3922549,0.937306035,-8.119999886,1.925174965,0.097635892,1.24720621001642,0.111436977795368,0,0.46,0.14,0,0,0,0,0,0,0,0.2,0.12,0,0.08,0,0,0,0,0,0,0,0,0,0,0,0,0,0,0,0
"EBM_W25","2025_01_28_10-20-21.jpg",2025-01-28,"winter","out",10:20:21,"Elliott_Bay_Marina",2,"deep","EBM_W25_T2",13.60247289,2.268850325,30.8619698,224,3.027777778,47.6272306,-122.3922684,0.598655085,-8.529999733,0.787389411,0.118564144,1.07593317613361,0.134400596593345,0,0.56,0.18,0,0,0.02,0.04,0,0,0,0.06,0.08,0.02,0.04,0,0,0,0,0,0,0,0,0,0,0,0,0,0,0,0
"EBM_W25","2025_01_28_10-20-30.jpg",2025-01-28,"winter","out",10:20:30,"Elliott_Bay_Marina",2,"deep","EBM_W25_T2",13.59746288,2.501048035,34.00748865,230,3.111111111,47.6272308,-122.3922779,0.798995602,-8.239999771,1.399003914,0.117935214,1.00281832861573,0.0451718902714587,0,0.5,0.12,0,0,0.04,0.06,0,0,0.02,0.14,0.08,0.02,0.02,0,0,0,0,0,0,0,0,0,0,0,0,0,0,0,0
"EBM_W25","2025_01_28_10-35-10.jpg",2025-01-28,"winter","out",10:35:10,"Elliott_Bay_Marina",2,"deep","EBM_W25_T2",13.60953017,2.141853448,29.14923953,758,10.30555556,47.6272202,-122.3922817,0.877564626,-7.349999905,1.690011431,2.339801875,1.12028446924034,-0.22684081187373,0,0.44,0.02,0,0,0.18,0.04,0,0,0.02,0.26,0.04,0,0,0,0,0,0,0,0,0,0,0,0,0,0,0,0,0,0
"EBM_W25","2025_01_28_10-35-25.jpg",2025-01-28,"winter","return",10:35:25,"Elliott_Bay_Marina",2,"deep","EBM_W25_T2",13.61271367,2.049175705,27.89495937,767,10.41666667,47.6272183,-122.3922659,0.800173499,-7.71999979,1.403527201,0.079991653,1.232822859534,0.0820345398031177,0,0.52,0.14,0,0,0.02,0.06,0,0,0,0.2,0.06,0,0,0,0,0,0,0,0,0,0,0,0,0,0,0,0,0,0
"EBM_W25","2025_01_28_10-35-34.jpg",2025-01-28,"winter","return",10:35:34,"Elliott_Bay_Marina",2,"deep","EBM_W25_T2",13.60588437,2.211541756,30.08992154,772,10.5,47.627221,-122.3922447,0.872205551,-7.829999924,1.667209148,0.111772191,1.28595125490709,-0.0442262836752978,0,0.62,0.06,0,0,0,0,0,0,0.02,0.24,0.04,0,0.02,0,0,0,0,0,0,0,0,0,0,0,0,0,0,0,0
"EBM_W25","2025_01_28_10-35-46.jpg",2025-01-28,"winter","return",10:35:46,"Elliott_Bay_Marina",2,"deep","EBM_W25_T2",13.6115,2.136810345,29.08524629,779,10.58333333,47.6272168,-122.3922387,0.726206884,-8.149999619,1.159442347,0.066483952,1.187453126292,0.256890852135709,0,0.4,0.32,0,0,0,0.1,0,0,0,0.1,0.06,0,0.02,0,0,0,0,0,0,0,0,0,0,0,0,0,0,0,0
"EBM_W25","2025_01_28_10-35-58.jpg",2025-01-28,"winter","return",10:35:58,"Elliott_Bay_Marina",2,"deep","EBM_W25_T2",13.60502609,2.277478261,30.98440896,787,10.69444444,47.6272175,-122.392224,0.871695626,-7.859999657,1.669258324,0.105088241,1.35710617068233,0.182269656584844,0,0.58,0.2,0,0,0,0.04,0,0,0,0.18,0,0,0,0,0,0,0,0,0,0,0,0,0,0,0,0,0,0,0
"EBM_W25","2025_01_28_10-36-07.jpg",2025-01-28,"winter","return",10:36:07,"Elliott_Bay_Marina",2,"deep","EBM_W25_T2",13.60395228,2.352754881,32.00676842,792,10.77777778,47.6272223,-122.3921997,0.823427303,-8.050000191,1.489622144,0.127034689,1.34584268550627,0.164543673418004,0,0.6,0.2,0,0,0,0.08,0,0,0,0.12,0,0,0,0,0,0,0,0,0,0,0,0,0,0,0,0,0,0,0
"EBM_W25","2025_01_28_10-36-16.jpg",2025-01-28,"winter","return",10:36:16,"Elliott_Bay_Marina",2,"deep","EBM_W25_T2",13.60991793,2.126285097,28.93862937,798,10.83333333,47.627221,-122.3921903,0.864859588,-7.980000019,1.639965553,0.106864206,1.04552969572843,0.13231653180407,0,0.56,0.16,0.02,0,0.02,0.04,0,0,0,0.08,0.04,0,0.04,0,0,0,0.04,0,0,0,0,0,0,0,0,0,0,0,0
"EBM_W25","2025_01_28_10-36-25.jpg",2025-01-28,"winter","return",10:36:25,"Elliott_Bay_Marina",2,"deep","EBM_W25_T2",13.60692157,2.249281046,30.60569011,803,10.91666667,47.6272216,-122.3921764,0.808736379,-8.059999466,1.434207121,0.122148415,1.08721105869925,0.133702174166971,0,0.52,0.18,0,0,0,0.08,0,0,0.02,0.1,0.04,0.02,0,0,0,0,0.02,0,0,0.02,0,0,0,0,0,0,0,0,0
"EBM_W25","2025_01_28_10-36-31.jpg",2025-01-28,"winter","return",10:36:31,"Elliott_Bay_Marina",2,"deep","EBM_W25_T2",13.59647059,2.397668845,32.59984858,807,10.97222222,47.6272218,-122.3921631,0.889847482,-8.099999428,1.738616742,0.116484993,1.11913968673496,0.0984528278513706,0,0.5,0.14,0,0,0,0.1,0,0,0,0.12,0.1,0.02,0.02,0,0,0,0,0,0,0,0,0,0,0,0,0,0,0,0
"EBM_W25","2025_01_28_10-36-40.jpg",2025-01-28,"winter","return",10:36:40,"Elliott_Bay_Marina",2,"deep","EBM_W25_T2",13.59498048,2.548655098,34.64878531,813,11.05555556,47.62722,-122.3921519,0.856594346,-8.279999733,1.610623275,0.135949463,0.983448610161925,0.293178524265686,0,0.42,0.32,0,0,0,0.08,0,0,0.02,0.08,0,0.06,0.02,0,0,0,0,0,0,0,0,0,0,0,0,0,0,0,0
"EBM_W25","2025_01_28_10-36-49.jpg",2025-01-28,"winter","return",10:36:49,"Elliott_Bay_Marina",2,"deep","EBM_W25_T2",13.60150111,2.33864745,31.80914836,819,11.13888889,47.6272225,-122.3921378,0.911773816,-8.289999962,1.822637743,0.116734973,1.2516479613969,0.592511555897832,0,0.26,0.5,0,0,0,0,0,0,0,0.24,0,0,0,0,0,0,0,0,0,0,0,0,0,0,0,0,0,0,0
"EBM_W25","2025_01_28_10-36-55.jpg",2025-01-28,"winter","return",10:36:55,"Elliott_Bay_Marina",2,"deep","EBM_W25_T2",13.59983084,2.329421842,31.67971893,823,11.19444444,47.6272216,-122.3921278,0.701927186,-8.43999958,1.083556411,0.127308058,0.994036369394119,0.163184277253457,0,0.52,0.16,0.02,0,0,0.12,0,0,0,0.1,0,0.04,0.02,0,0,0,0,0,0.02,0,0,0,0,0,0,0,0,0,0
"EBM_W25","2025_01_28_10-37-04.jpg",2025-01-28,"winter","return",10:37:04,"Elliott_Bay_Marina",2,"deep","EBM_W25_T2",13.60798693,2.120849673,28.8605281,829,11.25,47.6272222,-122.3921169,0.760740717,-8.050000191,1.275438328,0.098900211,1.17057147064855,0.366362554441737,0,0.28,0.34,0,0,0,0.08,0,0,0,0.2,0.02,0,0.06,0,0,0,0.02,0,0,0,0,0,0,0,0,0,0,0,0
"EBM_W25","2025_01_28_10-37-16.jpg",2025-01-28,"winter","return",10:37:16,"Elliott_Bay_Marina",2,"deep","EBM_W25_T2",13.61146204,2.046854664,27.86026438,835,11.36111111,47.6272232,-122.3921043,0.951366573,-8.229999542,1.988191266,0.062431222,1.16736340094605,0.458600670507948,0,0.28,0.54,0,0,0.02,0.08,0,0,0,0.06,0.02,0,0,0,0,0,0,0,0,0,0,0,0,0,0,0,0,0,0
"EBM_W25","2025_01_28_10-37-28.jpg",2025-01-28,"winter","return",10:37:28,"Elliott_Bay_Marina",2,"deep","EBM_W25_T2",13.60049673,2.570196078,34.95563582,843,11.47222222,47.6272202,-122.3920933,0.681132874,-8.449999809,1.01797496,0.091453979,1.08765179971459,0.295161094611239,0,0.36,0.32,0.02,0,0,0.12,0,0,0,0.12,0.04,0,0,0,0,0,0,0,0,0,0,0.02,0,0,0,0,0,0,0
"EBM_W25","2025_01_28_10-37-37.jpg",2025-01-28,"winter","return",10:37:37,"Elliott_Bay_Marina",2,"deep","EBM_W25_T2",13.60659913,2.103507625,28.6213961,849,11.52777778,47.6272177,-122.3920799,0.846862721,-8.289999962,1.57257633,0.116122618,0.903501237707377,0.22074895782777,0,0.5,0.18,0,0,0,0,0,0,0,0.08,0.06,0.1,0.04,0,0,0.02,0,0,0,0.02,0,0,0,0,0,0,0,0,0
"EBM_W25","2025_01_28_10-37-46.jpg",2025-01-28,"winter","return",10:37:46,"Elliott_Bay_Marina",2,"deep","EBM_W25_T2",13.59758849,2.48663113,33.81221823,855,11.61111111,47.6272167,-122.3920626,0.803240917,-8.109999657,1.414149999,0.102806832,0.889592186070982,0.114433942931311,0,0.42,0.12,0,0,0,0.02,0,0,0.04,0.24,0.08,0.08,0,0,0,0,0,0,0,0,0,0,0,0,0,0,0,0,0
"EBM_W25","2025_01_28_10-37-55.jpg",2025-01-28,"winter","return",10:37:55,"Elliott_Bay_Marina",2,"deep","EBM_W25_T2",13.59786237,2.542946237,34.57840908,861,11.69444444,47.6272152,-122.392051,0.885870944,-7.699999809,1.738598986,0.107099488,1.14779506198356,-0.0379578851772542,0,0.38,0.06,0,0,0.06,0.14,0,0,0,0.24,0.08,0,0.04,0,0,0,0,0,0,0,0,0,0,0,0,0,0,0,0
"EBM_W25","2025_01_28_10-38-04.jpg",2025-01-28,"winter","return",10:38:04,"Elliott_Bay_Marina",2,"deep","EBM_W25_T2",13.60514534,2.300260304,31.29564236,867,11.77777778,47.6272145,-122.39204,0.80485897,-7.940000057,1.420620716,0.105318657,1.27728151555748,0.411182437627154,0,0.42,0.48,0,0,0,0.04,0,0,0,0.06,0,0,0,0,0,0,0,0,0,0,0,0,0,0,0,0,0,0,0
"EBM_W25","2025_01_28_10-38-13.jpg",2025-01-28,"winter","return",10:38:13,"Elliott_Bay_Marina",2,"deep","EBM_W25_T2",13.60287174,2.271195652,30.89485252,873,11.86111111,47.6272127,-122.3920281,0.781999969,-7.989999771,1.340103109,0.093256407,0.901557604498108,0.254302565523781,0.02,0.36,0.28,0,0,0,0.08,0,0,0.02,0.04,0.1,0.02,0.08,0,0,0,0,0,0,0,0,0,0,0,0,0,0,0,0
"EBM_W25","2025_01_28_10-38-31.jpg",2025-01-28,"winter","return",10:38:31,"Elliott_Bay_Marina",2,"deep","EBM_W25_T2",13.60771304,2.082782609,28.34183722,883,12,47.6272134,-122.3920197,0.743456512,-8.059999466,1.211432698,0.062798444,1.26460120269519,0.45573562955638,0,0.32,0.46,0,0,0,0.04,0,0,0,0.18,0,0,0,0,0,0,0,0,0,0,0,0,0,0,0,0,0,0,0
"EBM_W25","2025_01_28_10-38-43.jpg",2025-01-28,"winter","return",10:38:43,"Elliott_Bay_Marina",2,"deep","EBM_W25_T2",13.60777826,2.095913043,28.52080604,890,12.11111111,47.6272135,-122.3920068,0.844304331,-8.38999939,1.562774088,0.08538955,0.794752179845532,0.47156245472224,0,0.24,0.34,0,0,0,0.08,0.24,0,0.04,0,0,0,0.02,0,0,0.02,0,0,0,0,0,0,0,0.02,0,0,0,0,0
"EBM_W25","2025_01_28_10-38-55.jpg",2025-01-28,"winter","return",10:38:55,"Elliott_Bay_Marina",2,"deep","EBM_W25_T2",13.60586026,2.139825328,29.11383956,897,12.19444444,47.6272112,-122.3919923,0.825371169,-8.220000267,1.493486209,0.073848601,1.11626874603179,0.261475980202448,0,0.6,0.24,0,0,0,0.04,0.06,0,0,0.02,0,0,0.02,0,0,0.02,0,0,0,0,0,0,0,0,0,0,0,0,0
"EBM_W25","2025_01_28_10-39-05.jpg",2025-01-28,"winter","return",10:39:05,"Elliott_Bay_Marina",2,"deep","EBM_W25_T2",13.6032017,2.251804671,30.6317251,904,12.27777778,47.6272089,-122.3919786,0.783927781,-8.179999352,1.346761316,0.085387502,0.894122658273796,0.574978759824105,0,0.14,0.52,0,0,0.02,0.04,0,0,0.04,0.18,0.04,0.02,0,0,0,0,0,0,0,0,0,0,0,0,0,0,0,0,0
"EBM_W25","2025_01_28_10-39-14.jpg",2025-01-28,"winter","return",10:39:14,"Elliott_Bay_Marina",2,"deep","EBM_W25_T2",13.60295248,2.392354212,32.54306156,910,12.36111111,47.6272044,-122.3919648,0.901598244,-8.179999352,1.787934166,0.117833134,0.96705938311617,0.196230989914466,0,0.42,0.28,0,0,0.02,0.04,0,0,0.06,0.1,0.04,0.02,0.02,0,0,0,0,0,0,0,0,0,0,0,0,0,0,0,0
"EBM_W25","2025_01_28_10-39-26.jpg",2025-01-28,"winter","return",10:39:26,"Elliott_Bay_Marina",2,"deep","EBM_W25_T2",13.60714286,2.222034632,30.23547952,918,12.47222222,47.627196,-122.3919444,0.794631998,-8.300000191,1.383807456,0.097194492,1.20735603168886,0.218564765781645,0,0.48,0.24,0,0,0.02,0.02,0,0,0,0.04,0,0,0.18,0.02,0,0,0,0,0,0,0,0,0,0,0,0,0,0,0
"EBM_W25","2025_01_28_10-39-35.jpg",2025-01-28,"winter","return",10:39:35,"Elliott_Bay_Marina",2,"deep","EBM_W25_T2",13.59574249,2.51193133,34.15157202,924,12.55555556,47.6271991,-122.39194,0.940042907,-8.239999771,1.941583454,0.087470407,1.26255217531527,0.295684907854647,0,0.5,0.34,0,0,0,0.08,0,0,0,0.04,0,0,0.02,0,0,0,0.02,0,0,0,0,0,0,0,0,0,0,0,0
"EBM_W25","2025_01_28_10-39-47.jpg",2025-01-28,"winter","return",10:39:47,"Elliott_Bay_Marina",2,"deep","EBM_W25_T2",13.60939957,1.985680346,27.0237524,931,12.66666667,47.6271982,-122.3919263,0.6974298,-8.519999504,1.067473297,0.065435269,1.17050084775796,0.32949349822664,0,0.56,0.32,0,0,0,0.04,0,0,0,0.02,0,0.02,0.02,0,0,0.02,0,0,0,0,0,0,0,0,0,0,0,0,0
"EBM_W25","2025_01_28_10-40-02.jpg",2025-01-28,"winter","return",10:40:02,"Elliott_Bay_Marina",2,"deep","EBM_W25_T2",13.60585498,2.257186147,30.71088277,940,12.77777778,47.6271992,-122.3919116,0.768290026,-8.199999809,1.293704792,0.096127397,1.16993783244258,-0.0628435727178003,0,0.56,0.04,0,0,0.02,0.08,0,0,0.02,0.14,0.12,0,0,0,0,0.02,0,0,0,0,0,0,0,0,0,0,0,0,0
"EBM_W25","2025_01_28_10-40-11.jpg",2025-01-28,"winter","return",10:40:11,"Elliott_Bay_Marina",2,"deep","EBM_W25_T2",13.59862582,2.253741794,30.64762079,946,12.86111111,47.6271976,-122.3919041,0.944682702,-8.199999809,1.969406951,0.079302501,1.27581887628051,0.196460902339395,0,0.46,0.24,0,0,0.02,0.08,0,0,0,0.18,0,0,0,0,0,0,0,0,0,0.02,0,0,0,0,0,0,0,0,0
"CNL_S24","2024_10_08_10-21-48.jpg",2024-10-08,"summer","out",10:21:48,"Centennial_Park",3,"deep","CNL_S24_T3",13.58697546,3.284294479,44.6236438,0,0,47.6195293,-122.3629624,0.704049064,-9.559999466,1.086554523,0,-1.35246462533671,0.0347009607922496,0.34,0,0,0.4,0.02,0,0,0,0.18,0,0,0,0,0,0,0,0.02,0,0,0,0,0,0,0.04,0,0,0,0,0,0
"CNL_S24","2024_10_08_10-21-57.jpg",2024-10-08,"summer","out",10:21:57,"Centennial_Park",3,"deep","CNL_S24_T3",13.58933129,3.695889571,50.22466583,9,0.111111111,47.6195333,-122.3629953,0.668282167,-9.670000076,0.978637022,0.169782238,-1.23822798040519,0.239872208331954,0.46,0,0,0.48,0.02,0,0,0,0,0,0.02,0,0.02,0,0,0,0,0,0,0,0,0,0,0,0,0,0,0,0,0
"CNL_S24","2024_10_08_10-22-06.jpg",2024-10-08,"summer","out",10:22:06,"Centennial_Park",3,"deep","CNL_S24_T3",13.60666871,2.395276074,32.58761663,18,0.222222222,47.6195477,-122.3630018,0.659079722,-9.75,0.951963187,0.126827585,-1.21627365915391,0.0782005368626646,0.66,0,0,0.06,0.24,0,0,0,0.02,0,0,0,0,0,0,0,0.02,0,0,0,0,0,0,0,0,0,0,0,0,0
"CNL_S24","2024_10_08_10-22-15.jpg",2024-10-08,"summer","out",10:22:15,"Centennial_Park",3,"deep","CNL_S24_T3",13.59505521,2.704417178,36.76666454,24,0.305555556,47.6195656,-122.3629855,0.652453962,-9.769999504,0.932887402,0.108989446,-1.27532497641497,0.310364080564863,0.74,0,0,0.04,0.12,0,0,0,0.04,0,0,0,0,0,0.02,0,0.02,0,0,0,0,0,0,0.02,0,0,0,0,0,0
"CNL_S24","2024_10_08_10-22-24.jpg",2024-10-08,"summer","out",10:22:24,"Centennial_Park",3,"deep","CNL_S24_T3",13.58220859,3.969386503,53.9129954,31,0.416666667,47.6195734,-122.3629826,0.68128833,-9.789999962,1.017251155,0.066348656,-1.41145784885021,0.819590018901294,0.98,0,0,0,0,0,0,0,0,0,0,0,0,0,0,0,0,0.02,0,0,0,0,0,0,0,0,0,0,0,0
"CNL_S24","2024_10_08_10-22-33.jpg",2024-10-08,"summer","out",10:22:33,"Centennial_Park",3,"deep","CNL_S24_T3",13.558,5.277177914,71.54797816,41,0.555555556,47.6195864,-122.362977,0.678650274,-9.829999924,1.009595233,0.090962407,-1.28717793902107,0.508991721933783,0.86,0,0,0,0.12,0,0,0,0,0,0,0,0.02,0,0,0,0,0,0,0,0,0,0,0,0,0,0,0,0,0
"CNL_S24","2024_10_08_10-22-42.jpg",2024-10-08,"summer","out",10:22:42,"Centennial_Park",3,"deep","CNL_S24_T3",13.59033333,3.313939394,45.03736242,54,0.722222222,47.6195869,-122.3629961,0.618606047,-9.880000114,0.839202728,0.149318485,-0.977794696063955,0.547705925756875,0.76,0.02,0,0,0.06,0,0,0,0.06,0,0,0.02,0.04,0,0,0,0,0.04,0,0,0,0,0,0,0,0,0,0,0,0
"CNL_S24","2024_10_08_10-22-51.jpg",2024-10-08,"summer","out",10:22:51,"Centennial_Park",3,"deep","CNL_S24_T3",13.594,3.11804878,42.38675512,61,0.833333333,47.6196039,-122.3629882,0.659390211,-9.800000191,0.952896566,0.160402586,-1.11318927019599,0.402855543679518,0.76,0,0,0.02,0.1,0,0,0,0.04,0.02,0,0,0.06,0,0,0,0,0,0,0,0,0,0,0,0,0,0,0,0,0
"CNL_S24","2024_10_08_10-23-00.jpg",2024-10-08,"summer","out",10:23:00,"Centennial_Park",3,"deep","CNL_S24_T3",13.57279141,4.41190184,59.8818219,70,0.944444444,47.6195916,-122.3630283,0.721411011,-9.789999962,1.140524611,0.106289151,-0.737114884367267,-0.183497559344141,0.4,0.02,0,0,0.16,0,0,0,0.26,0.02,0.04,0.02,0.08,0,0,0,0,0,0,0,0,0,0,0,0,0,0,0,0,0
"CNL_S24","2024_10_08_10-23-09.jpg",2024-10-08,"summer","out",10:23:09,"Centennial_Park",3,"deep","CNL_S24_T3",13.63733129,1.552638037,21.17135337,81,1.083333333,47.6196083,-122.3630143,0.631104289,-9.849999428,0.872890763,0.101210287,-0.845472057439061,-0.546809258854415,0.24,0,0,0.02,0.2,0,0,0,0.24,0.04,0.02,0,0.04,0,0,0,0.02,0.02,0,0,0,0.02,0,0,0,0,0.14,0,0,0
"CNL_S24","2024_10_08_10-23-18.jpg",2024-10-08,"summer","out",10:23:18,"Centennial_Park",3,"deep","CNL_S24_T3",13.573,4.610858896,62.58318779,88,1.194444444,47.6196223,-122.3630053,0.689018401,-9.789999962,1.040515867,0.203607329,-0.732935648264675,-0.0849080700301058,0.44,0.02,0,0,0.12,0,0,0,0.24,0.04,0.08,0,0.04,0,0.02,0,0,0,0,0,0,0,0,0,0,0,0,0,0,0
"CNL_S24","2024_10_08_10-23-27.jpg",2024-10-08,"summer","out",10:23:27,"Centennial_Park",3,"deep","CNL_S24_T3",13.585375,3.99175,54.22940725,99,1.333333333,47.6196194,-122.3630321,0.66649998,-9.809999466,0.973585559,0.132470846,-0.535717197618215,-0.174171125280105,0.3,0.04,0,0,0.08,0,0,0,0.28,0.14,0.02,0.04,0.08,0,0.02,0,0,0,0,0,0,0,0,0,0,0,0,0,0,0
"CNL_S24","2024_10_08_10-23-36.jpg",2024-10-08,"summer","out",10:23:36,"Centennial_Park",3,"deep","CNL_S24_T3",13.58586061,3.839272727,52.15980727,109,1.472222222,47.6196174,-122.3630609,0.589999974,-9.840000153,0.762767265,0.177173577,-0.963686834617019,-0.255679216651939,0.4,0,0,0.04,0.16,0,0,0,0.28,0.06,0,0,0.06,0,0,0,0,0,0,0,0,0,0,0,0,0,0,0,0,0
"CNL_S24","2024_10_08_10-23-45.jpg",2024-10-08,"summer","out",10:23:45,"Centennial_Park",3,"deep","CNL_S24_T3",13.57369512,4.837195122,65.65855927,119,1.611111111,47.619624,-122.3630822,0.606402439,-9.739999771,0.806061504,0.157490898,-0.678364116016063,-0.804061241667112,0.14,0.02,0,0,0.26,0.02,0,0,0.46,0,0.02,0,0.08,0,0,0,0,0,0,0,0,0,0,0,0,0,0,0,0,0
"CNL_S24","2024_10_08_10-23-54.jpg",2024-10-08,"summer","out",10:23:54,"Centennial_Park",3,"deep","CNL_S24_T3",13.60469512,2.483170732,33.78274195,126,1.694444444,47.6196378,-122.3630796,0.595121924,-9.659999847,0.776152473,0.111055428,-0.919900975946001,-0.953247283553696,0.14,0,0,0,0.24,0,0,0,0.56,0.02,0,0,0.04,0,0,0,0,0,0,0,0,0,0,0,0,0,0,0,0,0
"CNL_S24","2024_10_08_10-24-03.jpg",2024-10-08,"summer","out",10:24:03,"Centennial_Park",3,"deep","CNL_S24_T3",13.598,2.647177914,35.99632528,132,1.777777778,47.6196566,-122.3630609,0.592576663,-9.550000191,0.76969586,0.122870745,-0.523439714122019,-0.0878482225811614,0.38,0.06,0,0,0.2,0,0,0,0.06,0,0.06,0.04,0.08,0,0.04,0,0,0,0.08,0,0,0,0,0,0,0,0,0,0,0
"CNL_S24","2024_10_08_10-24-12.jpg",2024-10-08,"summer","out",10:24:12,"Centennial_Park",3,"deep","CNL_S24_T3",13.60132727,2.463212121,33.50294006,140,1.888888889,47.6196575,-122.3630986,0.64387877,-9.409999847,0.908988755,0.124193731,-0.752771295198486,-0.344925497547137,0.38,0,0,0,0.32,0,0,0,0.06,0.06,0.02,0.02,0.12,0,0,0,0.02,0,0,0,0,0,0,0,0,0,0,0,0,0
"CNL_S24","2024_10_08_10-24-21.jpg",2024-10-08,"summer","out",10:24:21,"Centennial_Park",3,"deep","CNL_S24_T3",13.59826667,2.813151515,38.25396764,147,1.972222222,47.6196671,-122.3631084,0.652606034,-9.359999657,0.933275533,0.135827095,-0.735346546675898,0.581159861476027,0.74,0.06,0,0,0.02,0,0,0,0,0,0,0.04,0.1,0,0.02,0,0,0.02,0,0,0,0,0,0,0,0,0,0,0,0
"CNL_S24","2024_10_08_10-24-30.jpg",2024-10-08,"summer","out",10:24:30,"Centennial_Park",3,"deep","CNL_S24_T3",13.59749697,2.907333333,39.53255812,154,2.083333333,47.6196827,-122.3631116,0.628666648,-9.289999962,0.866674102,0.143045744,-1.50369720580481,0.794782350455353,1,0,0,0,0,0,0,0,0,0,0,0,0,0,0,0,0,0,0,0,0,0,0,0,0,0,0,0,0,0
"CNL_S24","2024_10_08_10-24-39.jpg",2024-10-08,"summer","out",10:24:39,"Centennial_Park",3,"deep","CNL_S24_T3",13.60786585,2.400853659,32.67049598,160,2.166666667,47.6197048,-122.3631071,0.663292646,-9.199999809,0.96409588,0.119634048,-1.22731444150394,0.0603121304446324,0.5,0,0,0,0.08,0,0,0,0.32,0,0.02,0,0.04,0,0.02,0,0,0,0,0,0,0,0,0.02,0,0,0,0,0,0
"CNL_S24","2024_10_08_10-24-48.jpg",2024-10-08,"summer","out",10:24:48,"Centennial_Park",3,"deep","CNL_S24_T3",13.59934545,2.644484848,35.96325285,167,2.25,47.619702,-122.363147,0.683757579,-9.199999809,1.024505177,0.138674517,-1.22549112151245,0.495644792760625,0.72,0,0,0,0.04,0,0,0,0.14,0,0.02,0,0,0,0.06,0,0,0,0,0,0,0,0,0.02,0,0,0,0,0,0
"CNL_S24","2024_10_08_10-24-57.jpg",2024-10-08,"summer","out",10:24:57,"Centennial_Park",3,"deep","CNL_S24_T3",13.60834969,2.13392638,29.03921245,172,2.333333333,47.6197126,-122.3631457,0.611226984,-9.239999771,0.819010681,0.127004806,-0.872705650218996,0.693724749070623,0.82,0.06,0,0,0,0,0,0,0,0,0,0,0.1,0,0.02,0,0,0,0,0,0,0,0,0,0,0,0,0,0,0
"CNL_S24","2024_10_08_10-25-06.jpg",2024-10-08,"summer","out",10:25:06,"Centennial_Park",3,"deep","CNL_S24_T3",13.59080368,3.062760736,41.6254138,178,2.416666667,47.6197312,-122.363132,0.694846619,-9.149999619,1.058006716,0.15078463,-1.05221179986135,0.460558832210294,0.78,0.02,0,0,0.14,0,0,0,0.02,0,0,0,0.02,0,0.02,0,0,0,0,0,0,0,0,0,0,0,0,0,0,0
"CNL_S24","2024_10_08_10-25-15.jpg",2024-10-08,"summer","out",10:25:15,"Centennial_Park",3,"deep","CNL_S24_T3",13.59430909,2.718,36.94929545,185,2.5,47.6197279,-122.3631719,0.668969678,-9.179999352,0.980810648,0.15131262,-0.959034688916349,0.543506065144516,0.82,0.02,0,0.02,0.06,0,0,0,0,0.04,0,0,0.02,0,0.02,0,0,0,0,0,0,0,0,0,0,0,0,0,0,0
"CNL_S24","2024_10_08_10-25-24.jpg",2024-10-08,"summer","out",10:25:24,"Centennial_Park",3,"deep","CNL_S24_T3",13.596,2.904294479,39.48678773,192,2.611111111,47.6197625,-122.3631403,0.641288328,-9.159999847,0.901169708,0.167919593,-1.12614783995675,0.528012671792688,0.74,0,0,0.02,0,0,0,0,0.12,0.04,0,0,0.04,0,0.02,0,0,0,0,0,0,0,0,0.02,0,0,0,0,0,0
"CNL_S24","2024_10_08_10-25-33.jpg",2024-10-08,"summer","out",10:25:33,"Centennial_Park",3,"deep","CNL_S24_T3",13.60139877,3.135337423,42.6450665,198,2.694444444,47.6197556,-122.3631853,0.618711655,-9.13999939,0.838941491,0.175069387,-1.30614626885227,0.345361051821043,0.8,0,0,0.02,0.16,0,0,0,0,0,0,0,0,0,0.02,0,0,0,0,0,0,0,0,0,0,0,0,0,0,0
"CNL_S24","2024_10_08_10-25-42.jpg",2024-10-08,"summer","out",10:25:42,"Centennial_Park",3,"deep","CNL_S24_T3",13.59837805,2.631219512,35.78027183,205,2.777777778,47.6197493,-122.3632289,0.665060937,-8.989999771,0.969249275,0.089577888,-0.837820442355621,0.301744927705508,0.66,0.02,0,0,0.18,0,0,0,0,0,0.06,0,0.06,0,0.02,0,0,0,0,0,0,0,0,0,0,0,0,0,0,0
"CNL_S24","2024_10_08_10-25-51.jpg",2024-10-08,"summer","out",10:25:51,"Centennial_Park",3,"deep","CNL_S24_T3",13.57833537,4.126219512,56.0271936,215,2.916666667,47.6197565,-122.3632455,0.617134154,-8.859999657,0.834627687,0.197106638,-0.93270291974343,-0.0217493821699677,0.6,0.02,0,0,0.24,0,0,0,0.06,0,0.02,0,0.04,0,0.02,0,0,0,0,0,0,0,0,0,0,0,0,0,0,0
"CNL_S24","2024_10_08_10-26-00.jpg",2024-10-08,"summer","out",10:26:00,"Centennial_Park",3,"deep","CNL_S24_T3",13.59370988,3.127901235,42.51943358,223,3.027777778,47.6197881,-122.3632187,0.6287037,-8.739999771,0.866148765,0.155298219,-1.25795181557623,0.41704482504544,0.82,0,0,0.02,0.14,0,0,0,0,0,0,0,0.02,0,0,0,0,0,0,0,0,0,0,0,0,0,0,0,0,0
"CNL_S24","2024_10_08_10-26-51.jpg",2024-10-08,"summer","return",10:26:51,"Centennial_Park",3,"deep","CNL_S24_T3",13.65100606,1.553090909,21.18531103,254,3.444444444,47.6197428,-122.3632721,0.603515123,-8.420000076,0.798239959,0.079459532,-1.00397464985258,0.360357996784043,0.68,0,0,0.08,0.06,0,0,0,0,0.08,0,0,0.08,0,0,0,0,0.02,0,0,0,0,0,0,0,0,0,0,0,0
"CNL_S24","2024_10_08_10-27-00.jpg",2024-10-08,"summer","return",10:27:00,"Centennial_Park",3,"deep","CNL_S24_T3",13.59168293,2.70902439,36.8201739,260,3.527777778,47.6197717,-122.3632221,0.714512169,-8.38999939,1.118737989,0.137430288,-1.10228185040658,0.61359058146655,0.84,0,0,0.04,0,0,0,0,0.02,0.02,0,0.02,0.02,0,0.04,0,0,0,0,0,0,0,0,0,0,0,0,0,0,0
"CNL_S24","2024_10_08_10-27-09.jpg",2024-10-08,"summer","return",10:27:09,"Centennial_Park",3,"deep","CNL_S24_T3",13.60325455,2.547454545,34.65387764,267,3.611111111,47.6197671,-122.3632165,0.64054544,-8.599999428,0.899237125,0.083212149,-1.19205501724079,0.585615620618089,0.8,0,0,0,0.02,0,0,0.04,0,0,0,0,0.06,0,0.06,0,0,0.02,0,0,0,0,0,0,0,0,0,0,0,0
"CNL_S24","2024_10_08_10-27-18.jpg",2024-10-08,"summer","return",10:27:18,"Centennial_Park",3,"deep","CNL_S24_T3",13.61296296,1.936481481,26.36130463,273,3.694444444,47.6197587,-122.3632268,0.641851836,-8.670000076,0.902762568,0.096275131,-1.14145774618584,0.184823870158831,0.66,0,0,0.12,0.14,0,0,0.02,0,0,0,0,0.06,0,0,0,0,0,0,0,0,0,0,0,0,0,0,0,0,0
"CNL_S24","2024_10_08_10-27-27.jpg",2024-10-08,"summer","return",10:27:27,"Centennial_Park",3,"deep","CNL_S24_T3",13.6042,2.34,31.83382,279,3.777777778,47.6197299,-122.3632629,0.628121209,-8.699999809,0.8645533,0.109263982,-0.887748512290772,-0.0153265380931581,0.46,0,0,0.18,0.2,0,0,0.06,0,0,0.04,0.02,0.04,0,0,0,0,0,0,0,0,0,0,0,0,0,0,0,0,0
"CNL_S24","2024_10_08_10-27-36.jpg",2024-10-08,"summer","return",10:27:36,"Centennial_Park",3,"deep","CNL_S24_T3",13.59830061,2.792453988,37.97250043,284,3.861111111,47.6197374,-122.3632089,0.645705502,-8.710000038,0.913655677,0.120368477,-1.09010611632032,0.303385054585304,0.62,0,0,0.2,0.04,0,0,0,0,0.04,0,0,0.08,0,0,0,0,0.02,0,0,0,0,0,0,0,0,0,0,0,0
"CNL_S24","2024_10_08_10-27-45.jpg",2024-10-08,"summer","return",10:27:45,"Centennial_Park",3,"deep","CNL_S24_T3",13.60982927,2.13195122,29.01548268,291,3.944444444,47.6197524,-122.3631477,0.713658512,-8.539999962,1.116827344,0.093167441,-1.1795238528717,0.540006465591081,0.82,0,0,0.02,0.04,0,0,0.06,0,0,0,0,0.06,0,0,0,0,0,0,0,0,0,0,0,0,0,0,0,0,0
"CNL_S24","2024_10_08_10-27-54.jpg",2024-10-08,"summer","return",10:27:54,"Centennial_Park",3,"deep","CNL_S24_T3",13.6017561,2.627560976,35.73948293,298,4.055555556,47.619721,-122.3631501,0.699999988,-8.699999809,1.073702902,0.121618032,-1.17404457803714,0.435370791483965,0.8,0,0,0.02,0.1,0,0,0.04,0.02,0,0,0,0.02,0,0,0,0,0,0,0,0,0,0,0,0,0,0,0,0,0
"CNL_S24","2024_10_08_10-28-03.jpg",2024-10-08,"summer","return",10:28:03,"Centennial_Park",3,"deep","CNL_S24_T3",13.58554878,3.610243902,49.04715,306,4.138888889,47.619718,-122.3631324,0.664085329,-8.710000038,0.966406022,0.162365796,-1.04459009185986,0.301432652888728,0.66,0.02,0,0.08,0.04,0,0,0.06,0.1,0,0,0,0.02,0,0.02,0,0,0,0,0,0,0,0,0,0,0,0,0,0,0
"CNL_S24","2024_10_08_10-28-12.jpg",2024-10-08,"summer","return",10:28:12,"Centennial_Park",3,"deep","CNL_S24_T3",13.591,3.101595092,42.1537789,314,4.25,47.6197054,-122.3631369,0.629999995,-8.789999962,0.869699367,0.142921858,-1.0361047194303,0.549967368135836,0.76,0.02,0,0.04,0.02,0,0,0.04,0,0,0,0,0.1,0,0,0,0.02,0,0,0,0,0,0,0,0,0,0,0,0,0
"CNL_S24","2024_10_08_10-28-21.jpg",2024-10-08,"summer","return",10:28:21,"Centennial_Park",3,"deep","CNL_S24_T3",13.59219512,3.187012195,43.3185053,322,4.361111111,47.6196887,-122.3631495,0.687195122,-8.859999657,1.034824632,0.141803092,-1.2076550936598,0.418974557560418,0.8,0,0,0.06,0.08,0,0,0.02,0,0,0,0,0.02,0,0.02,0,0,0,0,0,0,0,0,0,0,0,0,0,0,0
"CNL_S24","2024_10_08_10-28-30.jpg",2024-10-08,"summer","return",10:28:30,"Centennial_Park",3,"deep","CNL_S24_T3",13.59080982,3.240613497,44.04255043,330,4.472222222,47.6196813,-122.3631377,0.663987693,-8.949999809,0.966121479,0.157714748,-0.963598658061221,0.523370765812137,0.78,0.04,0,0.08,0.04,0,0,0.02,0,0,0,0,0.02,0,0,0,0,0,0,0,0,0,0.02,0,0,0,0,0,0,0
"CNL_S24","2024_10_08_10-28-39.jpg",2024-10-08,"summer","return",10:28:39,"Centennial_Park",3,"deep","CNL_S24_T3",13.598,2.923035714,39.74743964,337,4.583333333,47.6196958,-122.3630574,0.620000005,-9.039999962,0.842309012,0.21396964,-1.03464916669525,0.466565007971131,0.76,0.02,0,0.06,0.06,0,0,0.02,0,0,0,0,0.06,0,0,0,0,0.02,0,0,0,0,0,0,0,0,0,0,0,0
"CNL_S24","2024_10_08_10-28-48.jpg",2024-10-08,"summer","return",10:28:48,"Centennial_Park",3,"deep","CNL_S24_T3",13.60968712,2.345398773,31.92013436,343,4.638888889,47.6196786,-122.3630358,0.623619633,-9.059999466,0.852223312,0.142571059,-0.985841156031519,0.0536640723734053,0.62,0,0,0,0.16,0,0,0,0.06,0.08,0,0,0.04,0,0.02,0,0,0.02,0,0,0,0,0,0,0,0,0,0,0,0
"CNL_S24","2024_10_08_10-28-57.jpg",2024-10-08,"summer","return",10:28:57,"Centennial_Park",3,"deep","CNL_S24_T3",13.60940244,2.275121951,30.96297976,349,4.722222222,47.6196456,-122.3630902,0.653841436,-9.050000191,0.936821768,0.137317308,-1.01161034127321,0.597053745019388,0.8,0.02,0,0.02,0.02,0,0,0,0.04,0,0,0.02,0.06,0,0,0,0,0,0,0,0,0,0,0.02,0,0,0,0,0,0
"CNL_S24","2024_10_08_10-29-06.jpg",2024-10-08,"summer","return",10:29:06,"Centennial_Park",3,"deep","CNL_S24_T3",13.61797561,1.913841463,26.0626503,354,4.805555556,47.6196411,-122.3630735,0.642499983,-9.069999695,0.904594679,0.115133623,-0.773560405967392,0.504697049123045,0.7,0.04,0,0.04,0,0,0,0,0,0.06,0,0.02,0.12,0,0.02,0,0,0,0,0,0,0,0,0,0,0,0,0,0,0
"CNL_S24","2024_10_08_10-29-15.jpg",2024-10-08,"summer","return",10:29:15,"Centennial_Park",3,"deep","CNL_S24_T3",13.59582927,2.64597561,35.97038866,361,4.888888889,47.6196285,-122.3630797,0.674999986,-9.099999428,0.99873342,0.110882051,-0.775184061599169,0.483971654220389,0.76,0.06,0,0,0.08,0,0,0,0.04,0.02,0,0,0.02,0,0.02,0,0,0,0,0,0,0,0,0,0,0,0,0,0,0
"CNL_S24","2024_10_08_10-29-24.jpg",2024-10-08,"summer","return",10:29:24,"Centennial_Park",3,"deep","CNL_S24_T3",13.59868293,2.857926829,38.8629672,367,4.972222222,47.6196175,-122.3631061,0.622439027,-9.149999619,0.848989586,0.123233452,-1.08990103073505,0.329599515607537,0.66,0,0,0,0.08,0,0,0,0.16,0.02,0,0.02,0.02,0,0.02,0,0,0,0,0,0,0,0,0.02,0,0,0,0,0,0
"CNL_S24","2024_10_08_10-29-33.jpg",2024-10-08,"summer","return",10:29:33,"Centennial_Park",3,"deep","CNL_S24_T3",13.58212195,4.555914634,61.87699872,374,5.083333333,47.6196287,-122.3630729,0.679329235,-9.159999847,1.011649598,0.147279135,-1.02315371427219,-0.326464676159097,0.52,0,0,0,0.4,0,0,0,0,0,0.02,0,0.04,0,0.02,0,0,0,0,0,0,0,0,0,0,0,0,0,0,0
"CNL_W25","2025_01_27_10-17-21.jpg",2025-01-27,"winter","out",10:17:21,"Centennial_Park",3,"deep","CNL_W25_T3",13.612671,1.911385281,26.01906273,0,0,47.619717,-122.3630835,0.775822486,-7.730000019,1.319021542,0,-0.751752112662029,0.639647909892052,0.74,0.04,0,0.04,0,0,0,0,0,0,0.14,0,0.02,0,0,0,0.02,0,0,0,0,0,0,0,0,0,0,0,0,0
"CNL_W25","2025_01_27_10-17-30.jpg",2025-01-27,"winter","out",10:17:30,"Centennial_Park",3,"deep","CNL_W25_T3",13.61065885,2.031812367,27.65426124,6,0.083333333,47.6197186,-122.3631056,0.783582058,-7.710000038,1.345467737,0.124155321,-1.21282100448262,0.805252395962711,0.96,0,0,0,0,0,0,0,0,0,0.02,0,0.02,0,0,0,0,0,0,0,0,0,0,0,0,0,0,0,0,0
"CNL_W25","2025_01_27_10-17-39.jpg",2025-01-27,"winter","out",10:17:39,"Centennial_Park",3,"deep","CNL_W25_T3",13.61746121,2.029137931,27.62722228,11,0.166666667,47.6197179,-122.3631385,0.783857726,-7.71999979,1.346416101,0.084654068,-1.17948925430636,0.674163158939967,0.88,0,0,0.06,0,0,0,0,0,0,0.02,0,0.02,0,0,0,0,0.02,0,0,0,0,0,0,0,0,0,0,0,0
"CNL_W25","2025_01_27_10-17-45.jpg",2025-01-27,"winter","out",10:17:45,"Centennial_Park",3,"deep","CNL_W25_T3",13.61170282,2.032342733,27.6617077,15,0.222222222,47.6197283,-122.3631385,0.76787417,-7.730000019,1.292220846,0.121602671,-1.28276663770921,0.634453556369587,0.86,0,0,0.06,0,0,0,0,0,0,0,0,0.04,0,0,0,0,0.04,0,0,0,0,0,0,0,0,0,0,0,0
"CNL_W25","2025_01_27_10-17-54.jpg",2025-01-27,"winter","out",10:17:54,"Centennial_Park",3,"deep","CNL_W25_T3",13.60103846,2.291303419,31.16162246,21,0.277777778,47.6197285,-122.3631649,0.795427307,-7.599999905,1.386502812,0.121616147,-1.41574766437969,0.679089773891223,0.94,0,0,0.04,0,0,0,0,0,0,0,0,0,0,0.02,0,0,0,0,0,0,0,0,0,0,0,0,0,0,0
"CNL_W25","2025_01_27_10-18-03.jpg",2025-01-27,"winter","out",10:18:03,"Centennial_Park",3,"deep","CNL_W25_T3",13.61685,1.759065217,23.95286991,26,0.361111111,47.6197408,-122.3631614,0.750760861,-7.559999943,1.235327595,0.110016386,-1.24489666866559,0.846575472475753,0.98,0,0,0,0,0,0,0,0,0,0.02,0,0,0,0,0,0,0,0,0,0,0,0,0,0,0,0,0,0,0
"CNL_W25","2025_01_27_10-18-09.jpg",2025-01-27,"winter","out",10:18:09,"Centennial_Park",3,"deep","CNL_W25_T3",13.60096976,2.317516199,31.52021225,29,0.416666667,47.6197409,-122.3631716,0.770518339,-7.519999981,1.301092492,0.146007212,-1.50369720580481,0.794782350455353,1,0,0,0,0,0,0,0,0,0,0,0,0,0,0,0,0,0,0,0,0,0,0,0,0,0,0,0,0,0
"CNL_W25","2025_01_27_10-18-18.jpg",2025-01-27,"winter","out",10:18:18,"Centennial_Park",3,"deep","CNL_W25_T3",13.60148786,2.126754967,28.92707214,35,0.472222222,47.6197559,-122.3631587,0.761368643,-7.5,1.270243217,0.109092762,-1.50369720580481,0.794782350455353,1,0,0,0,0,0,0,0,0,0,0,0,0,0,0,0,0,0,0,0,0,0,0,0,0,0,0,0,0,0
"CNL_W25","2025_01_27_10-18-27.jpg",2025-01-27,"winter","out",10:18:27,"Centennial_Park",3,"deep","CNL_W25_T3",13.60902603,1.912689805,26.02982271,40,0.555555556,47.6197398,-122.3632106,0.778004312,-7.419999599,1.326574648,0.119096708,-1.36409744047691,0.521053857308716,0.8,0,0,0.18,0,0,0,0,0,0,0,0,0,0,0,0,0.02,0,0,0,0,0,0,0,0,0,0,0,0,0
"CNL_W25","2025_01_27_10-18-39.jpg",2025-01-27,"winter","out",10:18:39,"Centennial_Park",3,"deep","CNL_W25_T3",13.60428696,2.187695652,29.76172743,47,0.638888889,47.6197536,-122.3631953,0.782652143,-7.369999886,1.342327682,0.099832678,-1.16560614762596,0.624132473495366,0.84,0.02,0,0.12,0,0,0,0,0,0,0,0,0,0,0,0,0.02,0,0,0,0,0,0,0,0,0,0,0,0,0
"CNL_W25","2025_01_27_10-18-48.jpg",2025-01-27,"winter","out",10:18:48,"Centennial_Park",3,"deep","CNL_W25_T3",13.61311013,1.960837004,26.69302004,52,0.722222222,47.6197559,-122.3632018,0.790858992,-7.329999924,1.370612121,0.081485294,-1.15884186760401,0.590044827344629,0.8,0,0,0.08,0,0,0,0,0,0,0.02,0,0.08,0,0,0,0.02,0,0,0,0,0,0,0,0,0,0,0,0,0
"CNL_W25","2025_01_27_10-18-57.jpg",2025-01-27,"winter","out",10:18:57,"Centennial_Park",3,"deep","CNL_W25_T3",13.60683297,2.165878525,29.47085354,57,0.777777778,47.6197493,-122.3632225,0.81169197,-7.299999714,1.443823617,0.119767188,-1.20464341118197,0.643485122313317,0.88,0,0,0.08,0,0,0,0,0,0,0.02,0,0.02,0,0,0,0,0,0,0,0,0,0,0,0,0,0,0,0,0
"CNL_W25","2025_01_27_10-19-09.jpg",2025-01-27,"winter","out",10:19:09,"Centennial_Park",3,"deep","CNL_W25_T3",13.61814912,1.852631579,25.22926377,65,0.888888889,47.6197481,-122.3632447,0.836359626,-7.309999943,1.53289058,0.095701658,-1.33393280665418,0.627605567747534,0.9,0,0,0.06,0,0,0,0,0,0,0,0,0.04,0,0,0,0,0,0,0,0,0,0,0,0,0,0,0,0,0
"CNL_W25","2025_01_27_10-19-21.jpg",2025-01-27,"winter","out",10:19:21,"Centennial_Park",3,"deep","CNL_W25_T3",13.63824731,1.41944086,19.35862237,71,0.972222222,47.6197649,-122.3632306,0.72795697,-7.409999847,1.16144069,0.043730401,-1.37908986045544,0.752148311387746,0.96,0,0,0,0,0,0,0,0,0,0,0,0.04,0,0,0,0,0,0,0,0,0,0,0,0,0,0,0,0,0
"CNL_W25","2025_01_27_10-19-30.jpg",2025-01-27,"winter","out",10:19:30,"Centennial_Park",3,"deep","CNL_W25_T3",13.61051288,2.007081545,27.31745006,76,1.055555556,47.6197621,-122.3632542,0.743862648,-7.329999924,1.213078322,0.087986535,-1.31191553958525,0.731261856478474,0.76,0,0,0,0,0,0,0,0,0,0,0,0.24,0,0,0,0,0,0,0,0,0,0,0,0,0,0,0,0,0
"CNL_W25","2025_01_27_10-19-42.jpg",2025-01-27,"winter","out",10:19:42,"Centennial_Park",3,"deep","CNL_W25_T3",13.61268534,1.989827586,27.08690892,83,1.138888889,47.6197701,-122.3632629,0.74506466,-7.309999943,1.216453592,0.091940978,-1.50369720580481,0.794782350455353,1,0,0,0,0,0,0,0,0,0,0,0,0,0,0,0,0,0,0,0,0,0,0,0,0,0,0,0,0,0
"CNL_W25","2025_01_27_10-19-54.jpg",2025-01-27,"winter","out",10:19:54,"Centennial_Park",3,"deep","CNL_W25_T3",13.61540257,1.875417559,25.5340749,89,1.222222222,47.6197879,-122.3632646,0.764475361,-7.269999981,1.28093089,0.090204234,-0.786250827432728,0.673130704309149,0.84,0.08,0,0.02,0,0,0,0,0,0,0,0,0.06,0,0,0,0,0,0,0,0,0,0,0,0,0,0,0,0,0
"CNL_W25","2025_01_27_10-20-03.jpg",2025-01-27,"winter","out",10:20:03,"Centennial_Park",3,"deep","CNL_W25_T3",13.59921645,2.285930736,31.0868797,95,1.305555556,47.619774,-122.3633032,0.815627699,-7.159999847,1.457852179,0.137065934,-1.30051562604151,0.469775552352883,0.76,0,0,0.18,0,0,0,0,0,0,0,0,0.06,0,0,0,0,0,0,0,0,0,0,0,0,0,0,0,0,0
"CNL_W25","2025_01_27_10-20-15.jpg",2025-01-27,"winter","out",10:20:15,"Centennial_Park",3,"deep","CNL_W25_T3",13.61005532,2.010425532,27.36195587,102,1.388888889,47.6197808,-122.3633063,0.781787204,-7.25,1.339293024,0.105636283,-1.04999817976058,0.618414319098247,0.84,0,0,0.08,0,0,0,0,0,0.02,0.04,0,0.02,0,0,0,0,0,0,0,0,0,0,0,0,0,0,0,0,0
"CNL_W25","2025_01_27_10-20-24.jpg",2025-01-27,"winter","out",10:20:24,"Centennial_Park",3,"deep","CNL_W25_T3",13.60192857,2.184090909,29.70749942,107,1.472222222,47.6197834,-122.3633085,0.7564935,-7.299999714,1.254077233,0.101465694,-1.45402426770887,0.752941371822342,0.98,0,0,0.02,0,0,0,0,0,0,0,0,0,0,0,0,0,0,0,0,0,0,0,0,0,0,0,0,0,0
"CNL_W25","2025_01_27_10-20-36.jpg",2025-01-27,"winter","out",10:20:36,"Centennial_Park",3,"deep","CNL_W25_T3",13.61034773,2.03475162,27.69345868,113,1.555555556,47.6197868,-122.3633124,0.750799135,-7.309999943,1.23538167,0.082731041,-1.21395342476638,0.260258094438779,0.46,0,0,0.46,0,0,0,0.02,0,0,0.02,0,0.04,0,0,0,0,0,0,0,0,0,0,0,0,0,0,0,0,0
"CNL_W25","2025_01_27_10-20-51.jpg",2025-01-27,"winter","out",10:20:51,"Centennial_Park",3,"deep","CNL_W25_T3",13.62096937,1.838446389,25.03973696,121,1.638888889,47.6197931,-122.3633189,0.76361049,-7.309999943,1.277944276,0.030096121,-1.24490808698764,0.0630673702463372,0.26,0,0,0.4,0,0,0,0.14,0,0,0,0,0.1,0,0,0,0.1,0,0,0,0,0,0,0,0,0,0,0,0,0
"CNL_W25","2025_01_27_10-21-03.jpg",2025-01-27,"winter","out",10:21:03,"Centennial_Park",3,"deep","CNL_W25_T3",13.60877922,1.966450216,26.76051753,127,1.75,47.6197886,-122.3633452,0.786406892,-7.269999981,1.355417275,0.081549037,-1.10105351316415,0.296782358851245,0.56,0.02,0,0.32,0.02,0,0,0.04,0,0,0,0,0.04,0,0,0,0,0,0,0,0,0,0,0,0,0,0,0,0,0
"CNL_W25","2025_01_27_10-21-15.jpg",2025-01-27,"winter","out",10:21:15,"Centennial_Park",3,"deep","CNL_W25_T3",13.60752586,2.119202586,28.83713231,135,1.833333333,47.6198065,-122.3633365,0.791767211,-7.239999771,1.373886298,0.106787325,-0.994457715265007,0.476777815995297,0.68,0.02,0,0.24,0,0,0,0.02,0,0,0.02,0.02,0,0,0,0,0,0,0,0,0,0,0,0,0,0,0,0,0,0
"CNL_W25","2025_01_27_10-21-24.jpg",2025-01-27,"winter","out",10:21:24,"Centennial_Park",3,"deep","CNL_W25_T3",13.61026724,1.94049569,26.41063836,140,1.916666667,47.6197969,-122.3633674,0.760969817,-7.299999714,1.268967513,0.103359002,-1.32517921151467,0.300757336598088,0.52,0,0,0.44,0,0,0,0.02,0,0,0,0,0.02,0,0,0,0,0,0,0,0,0,0,0,0,0,0,0,0,0
"CNL_W25","2025_01_27_10-21-33.jpg",2025-01-27,"winter","out",10:21:33,"Centennial_Park",3,"deep","CNL_W25_T3",13.59484199,2.546320346,34.61555952,145,1.972222222,47.6198023,-122.363376,0.835389589,-7.21999979,1.529432793,0.115955877,-1.29114471705862,0.276764967749437,0.5,0,0,0.42,0,0,0,0.02,0,0,0,0,0.06,0,0,0,0,0,0,0,0,0,0,0,0,0,0,0,0,0
"CNL_W25","2025_01_27_10-21-45.jpg",2025-01-27,"winter","out",10:21:45,"Centennial_Park",3,"deep","CNL_W25_T3",13.62743506,1.753051948,23.88662494,155,2.111111111,47.6198252,-122.3633684,0.70640691,-7.409999847,1.093885923,0.124747807,-1.20958604138699,0.394117168074168,0.54,0,0,0.3,0,0,0,0.02,0,0,0.02,0,0,0,0,0,0.12,0,0,0,0,0,0,0,0,0,0,0,0,0
"CNL_W25","2025_01_27_10-21-54.jpg",2025-01-27,"winter","out",10:21:54,"Centennial_Park",3,"deep","CNL_W25_T3",13.62304545,1.69487013,23.08756312,160,2.194444444,47.6198177,-122.3634057,0.762987001,-7.259999752,1.276169747,0.077831795,-1.73810620387702,-0.201688662204957,0.14,0,0,0.1,0,0,0,0,0,0,0,0,0.76,0,0,0,0,0,0,0,0,0,0,0,0,0,0,0,0,0
"CNL_W25","2025_01_27_10-22-03.jpg",2025-01-27,"winter","out",10:22:03,"Centennial_Park",3,"deep","CNL_W25_T3",13.61521786,2.044400871,27.83447943,165,2.25,47.6198505,-122.3633751,0.732178631,-7.309999943,1.174827452,0.091560994,-1.24890114612961,0.457175536359503,0.74,0,0,0.16,0,0,0,0.02,0,0,0,0,0.04,0,0.02,0,0.02,0,0,0,0,0,0,0,0,0,0,0,0,0
"CNL_W25","2025_01_27_10-22-27.jpg",2025-01-27,"winter","out",10:22:27,"Centennial_Park",3,"deep","CNL_W25_T3",13.46473696,10.12897826,136.3633522,181,2.472222222,47.6199462,-122.3633231,0.803543453,-7.259999752,1.415948756,0.213584031,-1.08963990165629,0.439545120043432,0.723404255,0,0,0.191489362,0,0,0,0.021276596,0,0.042553191,0,0,0.021276596,0,0,0,0,0,0,0,0,0,0,0,0,0,0,0,0,0
"CNL_W25","2025_01_27_10-25-04.jpg",2025-01-27,"winter","return",10:25:04,"Centennial_Park",3,"deep","CNL_W25_T3",13.63626464,1.478850325,20.16610425,287,3.916666667,47.6198645,-122.3633922,0.888286311,-7.059999943,1.729826655,0,-0.925654342987729,0.337266786454288,0.54,0.02,0,0.34,0,0.02,0,0,0,0.06,0,0,0.02,0,0,0,0,0,0,0,0,0,0,0,0,0,0,0,0,0
"CNL_W25","2025_01_27_10-25-34.jpg",2025-01-27,"winter","return",10:25:34,"Centennial_Park",3,"deep","CNL_W25_T3",13.62094372,2.136017316,29.09487801,300,4.083333333,47.619849,-122.3634122,0.833030283,-7.089999676,1.520760367,0.049656293,-0.839513871153749,0.396656046412552,0.625,0.020833333,0,0.270833333,0,0.0625,0,0,0,0.020833333,0,0,0,0,0,0,0,0,0,0,0,0,0,0,0,0,0,0,0,0
"CNL_W25","2025_01_27_10-26-01.jpg",2025-01-27,"winter","return",10:26:01,"Centennial_Park",3,"deep","CNL_W25_T3",13.64518764,1.476754967,20.15056574,313,4.25,47.6198325,-122.363447,0.819381892,-7.009999752,1.471294673,0.062237193,-1.28114643745037,0.396015240345627,0.64,0,0,0.28,0,0,0,0.02,0,0,0,0,0.02,0,0,0,0.04,0,0,0,0,0,0,0,0,0,0,0,0,0
"CNL_W25","2025_01_27_10-26-22.jpg",2025-01-27,"winter","return",10:26:22,"Centennial_Park",3,"deep","CNL_W25_T3",13.63092191,1.53154013,20.87628642,323,4.416666667,47.6198454,-122.3633825,0.815618218,-6.960000038,1.457732944,0.03690798,-1.2356422894155,0.410274257062695,0.68,0,0,0.22,0,0,0,0.04,0,0,0,0,0.04,0,0,0,0.02,0,0,0,0,0,0,0,0,0,0,0,0,0
"CNL_W25","2025_01_27_10-26-40.jpg",2025-01-27,"winter","return",10:26:40,"Centennial_Park",3,"deep","CNL_W25_T3",13.61353896,2.0645671,28.1052339,334,4.555555556,47.6198549,-122.3633453,0.849134164,-6.909999847,1.580066768,0.086008032,-1.13970234409783,0.330260230517097,0.56,0,0,0.3,0,0,0,0.06,0,0,0.02,0,0.04,0,0,0,0.02,0,0,0,0,0,0,0,0,0,0,0,0,0
"CNL_W25","2025_01_27_10-26-52.jpg",2025-01-27,"winter","return",10:26:52,"Centennial_Park",3,"deep","CNL_W25_T3",13.61794737,1.739824561,23.6927793,340,4.638888889,47.6198673,-122.3632999,0.838289449,-6.96999979,1.540094724,0.058443699,-1.29403554306291,0.427727081753228,0.7,0,0,0.22,0,0,0,0,0,0,0,0,0.08,0,0,0,0,0,0,0,0,0,0,0,0,0,0,0,0,0
"CNL_W25","2025_01_27_10-27-07.jpg",2025-01-27,"winter","return",10:27:07,"Centennial_Park",3,"deep","CNL_W25_T3",13.6090564,2.251518438,30.64066302,348,4.75,47.6198238,-122.3633498,0.81596529,-7.019999981,1.459029619,0.059655314,-1.20980418912723,0.347153640867611,0.58,0,0,0.32,0,0,0,0,0,0,0,0.02,0.04,0,0.02,0,0.02,0,0,0,0,0,0,0,0,0,0,0,0,0
"CNL_W25","2025_01_27_10-27-25.jpg",2025-01-27,"winter","return",10:27:25,"Centennial_Park",3,"deep","CNL_W25_T3",13.60811447,1.893218143,25.76056894,359,4.888888889,47.619826,-122.3633191,0.836025895,-6.960000038,1.531959667,0.051987393,-1.31896539591062,0.327499777499288,0.54,0,0,0.4,0,0,0,0.04,0,0,0,0,0,0,0,0,0.02,0,0,0,0,0,0,0,0,0,0,0,0,0
"CNL_W25","2025_01_27_10-27-46.jpg",2025-01-27,"winter","return",10:27:46,"Centennial_Park",3,"deep","CNL_W25_T3",13.62430407,2.230192719,30.38402878,370,5.027777778,47.619816,-122.3633143,0.835396124,-6.949999809,1.529319736,0.057755233,-1.32903274710486,0.266102372374181,0.46,0,0,0.48,0,0,0,0.02,0,0,0,0,0.02,0,0,0,0.02,0,0,0,0,0,0,0,0,0,0,0,0,0
"CNL_W25","2025_01_27_10-28-01.jpg",2025-01-27,"winter","return",10:28:01,"Centennial_Park",3,"deep","CNL_W25_T3",13.61319565,1.988456522,27.06773543,378,5.138888889,47.6198049,-122.3633145,0.827608681,-6.960000038,1.501058568,0.072294912,-1.32546587449354,0.245948644188607,0.44,0,0,0.48,0,0,0,0.08,0,0,0,0,0,0,0,0,0,0,0,0,0,0,0,0,0,0,0,0,0,0
"CNL_W25","2025_01_27_10-28-13.jpg",2025-01-27,"winter","return",10:28:13,"Centennial_Park",3,"deep","CNL_W25_T3",13.59979487,2.654508547,36.10001842,385,5.25,47.6197958,-122.3633066,0.826602551,-6.960000038,1.497367472,0.084079344,-1.18523902554193,0.285055196301074,0.54,0,0,0.38,0.02,0,0,0.02,0,0,0.02,0,0.02,0,0,0,0,0,0,0,0,0,0,0,0,0,0,0,0,0
"CNL_W25","2025_01_27_10-28-22.jpg",2025-01-27,"winter","return",10:28:22,"Centennial_Park",3,"deep","CNL_W25_T3",13.59678871,2.547978142,34.6423863,391,5.333333333,47.6197944,-122.3632907,0.823224033,-6.980000019,1.48518685,0.172929362,-1.18291668130641,0.234162933282231,0.4,0.02,0,0.5,0,0,0,0.08,0,0,0,0,0,0,0,0,0,0,0,0,0,0,0,0,0,0,0,0,0,0
"CNL_W25","2025_01_27_10-28-31.jpg",2025-01-27,"winter","return",10:28:31,"Centennial_Park",3,"deep","CNL_W25_T3",13.59500656,2.347986871,31.92065851,397,5.416666667,47.6197801,-122.3632864,0.81247264,-7.009999752,1.446551568,0.121862091,-1.27800038176021,0.547697953034436,0.84,0,0,0.1,0,0,0,0.02,0,0,0,0,0.04,0,0,0,0,0,0,0,0,0,0,0,0,0,0,0,0,0
"CNL_W25","2025_01_27_10-28-43.jpg",2025-01-27,"winter","return",10:28:43,"Centennial_Park",3,"deep","CNL_W25_T3",13.61361075,1.749268817,23.81237972,405,5.5,47.6197637,-122.3632883,0.831741917,-6.96999979,1.515963868,0.046454674,-1.32295465708166,0.197348991957761,0.4,0,0,0.52,0,0,0,0.02,0,0,0,0,0.04,0,0.02,0,0,0,0,0,0,0,0,0,0,0,0,0,0,0
"CNL_W25","2025_01_27_10-28-55.jpg",2025-01-27,"winter","return",10:28:55,"Centennial_Park",3,"deep","CNL_W25_T3",13.60929437,2.064112554,28.08998939,412,5.611111111,47.6197758,-122.3632539,0.852445864,-6.940000057,1.592666386,0.083941353,-1.29403940456526,0.420031783037716,0.7,0,0,0.26,0,0,0,0.02,0,0,0,0,0.02,0,0,0,0,0,0,0,0,0,0,0,0,0,0,0,0,0
"CNL_W25","2025_01_27_10-29-07.jpg",2025-01-27,"winter","return",10:29:07,"Centennial_Park",3,"deep","CNL_W25_T3",13.59520563,2.554350649,34.7266569,419,5.722222222,47.6197607,-122.3632664,0.819826833,-6.96999979,1.472925187,0.121152837,-1.3556735279335,0.575673498296065,0.9,0,0,0.06,0.04,0,0,0,0,0,0,0,0,0,0,0,0,0,0,0,0,0,0,0,0,0,0,0,0,0
"CNL_W25","2025_01_27_10-29-16.jpg",2025-01-27,"winter","return",10:29:16,"Centennial_Park",3,"deep","CNL_W25_T3",13.60157451,2.128293737,28.9467384,425,5.777777778,47.6197639,-122.3632449,0.830064778,-6.96999979,1.509832521,0.096925615,-1.297821815568,0.566820476840265,0.86,0,0,0.1,0,0,0,0.02,0,0,0,0,0.02,0,0,0,0,0,0,0,0,0,0,0,0,0,0,0,0,0
"CNL_W25","2025_01_27_10-29-28.jpg",2025-01-27,"winter","return",10:29:28,"Centennial_Park",3,"deep","CNL_W25_T3",13.60589783,2.229304348,30.33133137,433,5.888888889,47.6197421,-122.3632588,0.823108686,-6.989999771,1.484622926,0.099487457,-1.18316363721559,0.532414219904094,0.8,0,0,0.14,0,0,0,0.02,0,0,0,0.02,0.02,0,0,0,0,0,0,0,0,0,0,0,0,0,0,0,0,0
"CNL_W25","2025_01_27_10-29-37.jpg",2025-01-27,"winter","return",10:29:37,"Centennial_Park",3,"deep","CNL_W25_T3",13.6121879,1.93699784,26.3667579,438,5.972222222,47.6197434,-122.3632527,0.812440594,-7.019999981,1.446496992,0.070894002,-0.967555947152062,0.618674098966977,0.82,0.04,0,0.12,0,0,0,0,0,0,0.02,0,0,0,0,0,0,0,0,0,0,0,0,0,0,0,0,0,0,0
"CNL_W25","2025_01_27_10-29-52.jpg",2025-01-27,"winter","return",10:29:52,"Centennial_Park",3,"deep","CNL_W25_T3",13.61049024,2.022537961,27.52732508,446,6.083333333,47.6197534,-122.363209,0.81930585,-7.029999733,1.470973478,0.079220137,-1.3244724708602,0.566724154001779,0.86,0,0,0.1,0,0,0,0,0,0,0,0,0.04,0,0,0,0,0,0,0,0,0,0,0,0,0,0,0,0,0
"CNL_W25","2025_01_27_10-30-04.jpg",2025-01-27,"winter","return",10:30:04,"Centennial_Park",3,"deep","CNL_W25_T3",13.60934056,1.990845987,27.09399944,453,6.166666667,47.6197322,-122.3632337,0.814143162,-7.079999924,1.452487294,0.076138049,-1.02042439845701,0.448677007813602,0.7,0.02,0,0.16,0.02,0,0,0,0,0,0,0.02,0.06,0,0,0,0,0.02,0,0,0,0,0,0,0,0,0,0,0,0
"CNL_W25","2025_01_27_10-30-19.jpg",2025-01-27,"winter","return",10:30:19,"Centennial_Park",3,"deep","CNL_W25_T3",13.61286638,1.888793103,25.71176884,462,6.277777778,47.6197106,-122.3632551,0.829116363,-7.079999924,1.506701831,0.081312115,-1.11014702392356,0.513708010395775,0.78,0.02,0,0.12,0,0,0,0.02,0,0,0,0,0.04,0,0.02,0,0,0,0,0,0,0,0,0,0,0,0,0,0,0
"CNL_W25","2025_01_27_10-30-34.jpg",2025-01-27,"winter","return",10:30:34,"Centennial_Park",3,"deep","CNL_W25_T3",13.6045054,2.176069114,29.60434043,470,6.416666667,47.6197505,-122.3631748,0.826004307,-7.179999828,1.495129047,0.077204507,-1.42025078738738,0.670393790389269,0.94,0,0,0.06,0,0,0,0,0,0,0,0,0,0,0,0,0,0,0,0,0,0,0,0,0,0,0,0,0,0
"CNL_W25","2025_01_27_10-30-52.jpg",2025-01-27,"winter","return",10:30:52,"Centennial_Park",3,"deep","CNL_W25_T3",13.59007947,3.113509934,42.29864192,480,6.527777778,47.6197344,-122.3631843,0.81485651,-7.259999752,1.455012346,0.068155942,-1.41294241747389,0.774290651615821,0.98,0,0,0,0,0,0,0,0,0,0,0,0.02,0,0,0,0,0,0,0,0,0,0,0,0,0,0,0,0,0
"CNL_W25","2025_01_27_10-31-07.jpg",2025-01-27,"winter","return",10:31:07,"Centennial_Park",3,"deep","CNL_W25_T3",13.61395032,1.913131749,26.04508998,491,6.694444444,47.6197268,-122.3631691,0.803563688,-7.349999905,1.415055379,0.061089269,-1.50369720580481,0.794782350455353,1,0,0,0,0,0,0,0,0,0,0,0,0,0,0,0,0,0,0,0,0,0,0,0,0,0,0,0,0,0
"CNL_W25","2025_01_27_10-31-25.jpg",2025-01-27,"winter","return",10:31:25,"Centennial_Park",3,"deep","CNL_W25_T3",13.61072068,1.826609808,24.86088405,501,6.833333333,47.6197219,-122.3631599,0.807931739,-7.389999866,1.430624841,0.080015846,-1.45402426770887,0.752941371822342,0.98,0,0,0.02,0,0,0,0,0,0,0,0,0,0,0,0,0,0,0,0,0,0,0,0,0,0,0,0,0,0
"CNL_W25","2025_01_27_10-31-37.jpg",2025-01-27,"winter","return",10:31:37,"Centennial_Park",3,"deep","CNL_W25_T3",13.58517026,2.999482759,40.74528944,508,6.916666667,47.6196999,-122.3631657,0.8125,-7.440000057,1.446595586,0.132349647,-1.50369720580481,0.794782350455353,1,0,0,0,0,0,0,0,0,0,0,0,0,0,0,0,0,0,0,0,0,0,0,0,0,0,0,0,0,0
"CNL_W25","2025_01_27_10-31-49.jpg",2025-01-27,"winter","return",10:31:49,"Centennial_Park",3,"deep","CNL_W25_T3",13.61277468,2.006845494,27.31873105,516,7.027777778,47.6196941,-122.3631455,0.824205994,-7.489999771,1.488674917,0.085581006,-1.50369720580481,0.794782350455353,1,0,0,0,0,0,0,0,0,0,0,0,0,0,0,0,0,0,0,0,0,0,0,0,0,0,0,0,0,0
"CNL_W25","2025_01_27_10-32-01.jpg",2025-01-27,"winter","return",10:32:01,"Centennial_Park",3,"deep","CNL_W25_T3",13.60991739,2.004608696,27.2813053,524,7.138888889,47.6196849,-122.3631357,0.83252172,-7.519999981,1.519039025,0.057738657,-1.24489666866559,0.846575472475753,0.98,0,0,0,0,0,0,0,0,0,0.02,0,0,0,0,0,0,0,0,0,0,0,0,0,0,0,0,0,0,0
"CNL_W25","2025_01_27_10-32-13.jpg",2025-01-27,"winter","return",10:32:13,"Centennial_Park",3,"deep","CNL_W25_T3",13.61507592,1.715748373,23.35997675,531,7.222222222,47.6196881,-122.36311,0.845422962,-7.489999771,1.566311399,0.070707009,-1.50369720580481,0.794782350455353,1,0,0,0,0,0,0,0,0,0,0,0,0,0,0,0,0,0,0,0,0,0,0,0,0,0,0,0,0,0
"EBM_S24","2024_10_09_10-23-33.jpg",2024-10-09,"summer","out",10:23:33,"Elliott_Bay_Marina",3,"deep","EBM_S24_T3",13.62135449,1.745339168,23.77368783,0,0,47.6272147,-122.391914,0.667483566,-9.099999428,0.976784316,0,0.892247166759571,1.27215690646721,0,0.06,0.92,0,0,0,0,0,0,0,0,0,0.02,0,0,0,0,0,0,0,0,0,0,0,0,0,0,0,0,0
"EBM_S24","2024_10_09_10-23-42.jpg",2024-10-09,"summer","out",10:23:42,"Elliott_Bay_Marina",3,"deep","EBM_S24_T3",13.62503024,1.73187905,23.5966803,4,0.055555556,47.6272183,-122.3919116,0.716609044,-8.800000191,1.125536574,0.054789998,0.842638037229197,0.274581829730158,0,0.18,0.36,0,0.02,0.12,0,0,0,0.12,0.06,0.1,0,0,0,0,0,0,0,0.02,0,0.02,0,0,0,0,0,0,0,0
"EBM_S24","2024_10_09_10-23-51.jpg",2024-10-09,"summer","out",10:23:51,"Elliott_Bay_Marina",3,"deep","EBM_S24_T3",13.63701747,1.651484716,22.52119664,9,0.111111111,47.6272065,-122.3919418,0.909366798,-8.800000191,1.812457104,0.054435794,0.789105239935662,0.263200437158894,0,0.2,0.38,0,0,0.12,0.02,0.08,0,0.08,0.04,0.08,0,0,0,0,0,0,0,0,0,0,0,0,0,0,0,0,0,0
"EBM_S24","2024_10_09_10-24-00.jpg",2024-10-09,"summer","out",10:24:00,"Elliott_Bay_Marina",3,"deep","EBM_S24_T3",13.61687281,1.934210526,26.33627018,15,0.194444444,47.6272119,-122.3919314,0.624999999,-9.050000191,0.857823485,0.083679348,0.803785529337658,0.958226624646636,0,0.08,0.74,0,0,0.02,0.02,0,0,0,0,0.04,0.06,0,0,0,0,0,0,0.04,0,0,0,0,0,0,0,0,0,0
"EBM_S24","2024_10_09_10-24-09.jpg",2024-10-09,"summer","out",10:24:09,"Elliott_Bay_Marina",3,"deep","EBM_S24_T3",13.62488546,1.713436123,23.34534132,19,0.25,47.6271984,-122.3919748,0.750616721,-8.979999542,1.235782499,0.089747062,0.961005833260073,0.947432663477002,0,0.08,0.82,0,0,0.06,0,0,0,0.02,0,0.02,0,0,0,0,0,0,0,0,0,0,0,0,0,0,0,0,0,0
"EBM_S24","2024_10_09_10-24-18.jpg",2024-10-09,"summer","out",10:24:18,"Elliott_Bay_Marina",3,"deep","EBM_S24_T3",13.6152022,2.035714286,27.71622758,23,0.305555556,47.6271901,-122.391998,0.712285691,-8.93999958,1.112267075,0.12133252,0.932785155452682,0.937745405657528,0,0.1,0.8,0,0,0.02,0.02,0,0,0,0,0.04,0.02,0,0,0,0,0,0,0,0,0,0,0,0,0,0,0,0,0
"EBM_S24","2024_10_09_10-24-27.jpg",2024-10-09,"summer","out",10:24:27,"Elliott_Bay_Marina",3,"deep","EBM_S24_T3",13.60788235,2.14745098,29.22219039,28,0.388888889,47.6271962,-122.3919937,0.838213483,-8.809999466,1.539969006,0.104383731,0.77679294968508,0.379247458309005,0,0.2,0.4,0,0,0.16,0.02,0.04,0,0,0.1,0,0.06,0,0,0,0,0,0,0,0,0,0,0,0,0,0.02,0,0,0
"EBM_S24","2024_10_09_10-24-36.jpg",2024-10-09,"summer","out",10:24:36,"Elliott_Bay_Marina",3,"deep","EBM_S24_T3",13.6184128,1.953024283,26.59711029,33,0.444444444,47.6272014,-122.3919915,0.585297992,-8.929999352,0.750712607,0.095628717,0.972438655577608,0.697794058903199,0,0.18,0.42,0,0,0,0,0,0,0.18,0,0.02,0,0,0,0,0.04,0.02,0,0.02,0,0,0.02,0,0,0,0.1,0,0,0
"EBM_S24","2024_10_09_10-24-45.jpg",2024-10-09,"summer","out",10:24:45,"Elliott_Bay_Marina",3,"deep","EBM_S24_T3",13.6245,1.768369565,24.0929987,38,0.527777778,47.6272029,-122.3919946,0.816891284,-8.699999809,1.462818241,0.08791002,0.867084965957217,0.374191089001949,0,0.22,0.36,0,0,0.16,0.02,0,0,0,0,0.08,0.02,0,0.04,0,0.02,0.02,0,0.02,0,0.02,0.02,0,0,0,0,0,0,0
"EBM_S24","2024_10_09_10-24-54.jpg",2024-10-09,"summer","out",10:24:54,"Elliott_Bay_Marina",3,"deep","EBM_S24_T3",13.61435217,2.075913043,28.26217157,43,0.583333333,47.6271931,-122.3920234,0.776565192,-8.869999886,1.322261746,0.083521665,1.16492125861552,0.580557192189895,0,0.22,0.56,0,0,0.04,0.06,0,0,0,0.02,0,0,0,0,0,0,0.02,0,0.06,0,0.02,0,0,0,0,0,0,0,0
"EBM_S24","2024_10_09_10-25-03.jpg",2024-10-09,"summer","out",10:25:03,"Elliott_Bay_Marina",3,"deep","EBM_S24_T3",13.60842048,2.266732026,30.84666381,48,0.666666667,47.627197,-122.3920253,0.765294117,-8.929999352,1.28541256,0.10830578,1.02175821448498,1.31893198378167,0,0.02,0.94,0,0,0.04,0,0,0,0,0,0,0,0,0,0,0,0,0,0,0,0,0,0,0,0,0,0,0,0
"EBM_S24","2024_10_09_10-25-12.jpg",2024-10-09,"summer","out",10:25:12,"Elliott_Bay_Marina",3,"deep","EBM_S24_T3",13.62102423,1.697004405,23.11497423,53,0.722222222,47.6271924,-122.3920458,0.726497778,-8.869999886,1.216095689,0.090494629,1.20180809423596,0.375367279385755,0,0.16,0.3,0,0,0.08,0.16,0,0,0,0,0.28,0,0,0,0,0,0,0,0,0.02,0,0,0,0,0,0,0,0,0
"EBM_S24","2024_10_09_10-25-21.jpg",2024-10-09,"summer","out",10:25:21,"Elliott_Bay_Marina",3,"deep","EBM_S24_T3",13.58888937,3.207310195,43.58377649,61,0.833333333,47.6271934,-122.392061,0.612039044,-9.309999466,0.821773695,0.127465212,1.12230464732603,1.37946635657239,0,0,0.86,0,0,0,0,0,0,0,0,0.14,0,0,0,0,0,0,0,0,0,0,0,0,0,0,0,0,0,0
"EBM_S24","2024_10_09_10-25-30.jpg",2024-10-09,"summer","out",10:25:30,"Elliott_Bay_Marina",3,"deep","EBM_S24_T3",13.58927655,3.086902655,41.9486327,69,0.944444444,47.6272149,-122.3920408,0.699048662,-9.489999771,1.071250374,0.067082306,0.855835248343979,1.20031573140432,0,0.06,0.9,0,0,0,0,0,0,0.02,0,0,0.02,0,0,0,0,0,0,0,0,0,0,0,0,0,0,0,0,0
"EBM_S24","2024_10_09_10-25-39.jpg",2024-10-09,"summer","out",10:25:39,"Elliott_Bay_Marina",3,"deep","EBM_S24_T3",13.62482781,2.015960265,27.46462907,75,1.027777778,47.6272077,-122.3920707,0.554017648,-9.590000153,0.676050688,0.062656184,0.935039127244963,0.69166800153006,0,0.02,0.4,0,0,0.08,0.08,0,0,0.18,0,0.24,0,0,0,0,0,0,0,0,0,0,0,0,0,0,0,0,0,0
"EBM_S24","2024_10_09_10-25-48.jpg",2024-10-09,"summer","out",10:25:48,"Elliott_Bay_Marina",3,"deep","EBM_S24_T3",13.57752609,3.856086957,52.35576013,82,1.111111111,47.6272147,-122.3920715,0.863934761,-9.630000114,1.635833982,0.076604659,1.05977474846075,1.34444600579251,0,0,0.94,0,0,0.04,0,0,0,0,0,0.02,0,0,0,0,0,0,0,0,0,0,0,0,0,0,0,0,0,0
"EBM_S24","2024_10_09_10-25-57.jpg",2024-10-09,"summer","out",10:25:57,"Elliott_Bay_Marina",3,"deep","EBM_S24_T3",13.60516269,2.761778742,37.57184816,89,1.222222222,47.6272079,-122.3921019,0.341127977,-9.800000191,0.261582526,0.097781978,1.05830001491461,1.2407352357328,0,0.04,0.92,0,0,0.02,0.02,0,0,0,0,0,0,0,0,0,0,0,0,0,0,0,0,0,0,0,0,0,0,0
"EBM_S24","2024_10_09_10-26-06.jpg",2024-10-09,"summer","out",10:26:06,"Elliott_Bay_Marina",3,"deep","EBM_S24_T3",13.58960613,3.532188184,47.99967252,95,1.305555556,47.6272224,-122.3920926,0.885973724,-9.269999504,1.729986952,0.087084599,1.1791229571265,0.731389849025325,0,0.14,0.58,0,0,0,0.08,0,0,0,0,0.2,0,0,0,0,0,0,0,0,0,0,0,0,0,0,0,0,0,0
"EBM_S24","2024_10_09_10-26-15.jpg",2024-10-09,"summer","out",10:26:15,"Elliott_Bay_Marina",3,"deep","EBM_S24_T3",13.56747181,4.999332344,67.82685402,105,1.444444444,47.6272221,-122.3921138,0.749836781,-9.43999958,1.441300007,0.249815973,1.24475760815725,0.639403210565837,0,0.22,0.66,0,0,0,0.1,0,0,0,0,0.02,0,0,0,0,0,0,0,0,0,0,0,0,0,0,0,0,0,0
"EBM_S24","2024_10_09_10-26-24.jpg",2024-10-09,"summer","out",10:26:24,"Elliott_Bay_Marina",3,"deep","EBM_S24_T3",13.63885,1.534413043,20.92748652,112,1.527777778,47.6272103,-122.3921581,0.570826079,-9.599999428,0.715039452,0.049859004,1.03861566569627,0.779162018733725,0,0.16,0.72,0.02,0,0.02,0.08,0,0,0,0,0,0,0,0,0,0,0,0,0,0,0,0,0,0,0,0,0,0,0
"EBM_S24","2024_10_09_10-26-33.jpg",2024-10-09,"summer","out",10:26:33,"Elliott_Bay_Marina",3,"deep","EBM_S24_T3",13.60076856,2.786550218,37.89693039,117,1.611111111,47.627231,-122.3921342,0.773886443,-9.399999619,1.3150205,0.119953256,1.06596867376025,1.07844598366099,0,0.06,0.86,0,0,0,0.04,0,0,0,0.02,0.02,0,0,0,0,0,0,0,0,0,0,0,0,0,0,0,0,0,0
"EBM_S24","2024_10_09_10-26-42.jpg",2024-10-09,"summer","out",10:26:42,"Elliott_Bay_Marina",3,"deep","EBM_S24_T3",13.61658057,1.99419426,27.1539432,124,1.694444444,47.6272384,-122.3921392,0.794481232,-9.380000114,1.386968586,0.07278187,1.08898642414326,0.530183161916885,0,0.24,0.62,0,0,0.08,0.02,0,0,0.02,0,0.02,0,0,0,0,0,0,0,0,0,0,0,0,0,0,0,0,0,0
"EBM_S24","2024_10_09_10-26-51.jpg",2024-10-09,"summer","out",10:26:51,"Elliott_Bay_Marina",3,"deep","EBM_S24_T3",13.61733406,1.949566161,26.54780132,129,1.75,47.6272388,-122.3921468,0.500086752,-9.359999657,0.550904778,0.097026344,0.977081383643007,1.30939633741258,0,0.04,0.94,0,0,0,0,0,0,0.02,0,0,0,0,0,0,0,0,0,0,0,0,0,0,0,0,0,0,0,0
"EBM_S24","2024_10_09_10-27-00.jpg",2024-10-09,"summer","out",10:27:00,"Elliott_Bay_Marina",3,"deep","EBM_S24_T3",13.5999784,2.440345572,33.18856803,135,1.833333333,47.6272652,-122.3921201,0.909848787,-9.019999504,1.817078019,0.099018225,1.13780408819193,0.573236984368833,0,0.24,0.6,0,0,0.04,0.02,0,0,0,0,0.08,0,0,0,0,0,0,0,0,0.02,0,0,0,0,0,0,0,0,0
"EBM_S24","2024_10_09_10-27-09.jpg",2024-10-09,"summer","out",10:27:09,"Elliott_Bay_Marina",3,"deep","EBM_S24_T3",13.6,2.61678337,35.58825383,141,1.916666667,47.6272416,-122.3921719,0.656455137,-9.149999619,0.950831952,0.124345183,1.08290223982232,1.31204096940709,0,0.06,0.94,0,0,0,0,0,0,0,0,0,0,0,0,0,0,0,0,0,0,0,0,0,0,0,0,0,0,0
"EBM_S24","2024_10_09_10-27-18.jpg",2024-10-09,"summer","out",10:27:18,"Elliott_Bay_Marina",3,"deep","EBM_S24_T3",13.63587417,1.672384106,22.80435437,146,2,47.6272431,-122.3921853,0.823509915,-9.300000191,1.488148724,0.049681193,1.04935447781664,0.635009745764738,0,0.16,0.66,0,0,0.08,0.02,0,0,0,0.02,0.06,0,0,0,0,0,0,0,0,0,0,0,0,0,0,0,0,0,0
"EBM_S24","2024_10_09_10-27-27.jpg",2024-10-09,"summer","out",10:27:27,"Elliott_Bay_Marina",3,"deep","EBM_S24_T3",13.615,1.862841649,25.36258905,151,2.055555556,47.6272498,-122.3921814,0.722733166,-9.469999313,1.144833725,0.073164266,0.865750821313928,0.558582101872366,0,0.1,0.52,0,0,0.04,0.04,0,0,0.14,0.04,0.1,0,0,0.02,0,0,0,0,0,0,0,0,0,0,0,0,0,0,0
"EBM_S24","2024_10_09_10-27-36.jpg",2024-10-09,"summer","out",10:27:36,"Elliott_Bay_Marina",3,"deep","EBM_S24_T3",13.60485463,2.288281938,31.13174974,156,2.138888889,47.6272467,-122.3921971,0.700022004,-9.260000229,1.07750181,0.078012071,1.07427581232082,0.61948882355694,0,0.16,0.48,0,0,0.02,0.02,0,0,0,0.1,0.22,0,0,0,0,0,0,0,0,0,0,0,0,0,0,0,0,0,0
"EBM_S24","2024_10_09_10-27-45.jpg",2024-10-09,"summer","out",10:27:45,"Elliott_Bay_Marina",3,"deep","EBM_S24_T3",13.59329437,2.982922078,40.54769169,163,2.222222222,47.6272365,-122.3922206,0.92493505,-9.340000153,1.877487007,0.132533539,1.16506645264536,0.586020671534406,0,0.26,0.64,0,0,0.04,0,0,0,0,0.06,0,0,0,0,0,0,0,0,0,0,0,0,0,0,0,0,0,0,0
"EBM_S24","2024_10_09_10-27-54.jpg",2024-10-09,"summer","out",10:27:54,"Elliott_Bay_Marina",3,"deep","EBM_S24_T3",13.61122271,2.13139738,29.01083803,171,2.333333333,47.6272523,-122.3922121,0.823602577,-9.679999352,1.498005861,0.130641276,0.834013539900469,0.916508049372565,0,0.02,0.64,0,0,0.1,0,0,0,0.02,0,0.18,0.02,0,0,0,0,0,0,0,0.02,0,0,0,0,0,0,0,0,0
"EBM_S24","2024_10_09_10-28-03.jpg",2024-10-09,"summer","out",10:28:03,"Elliott_Bay_Marina",3,"deep","EBM_S24_T3",13.61400879,1.696263736,23.09121582,178,2.416666667,47.627249,-122.3922408,0.645120862,-9.869999886,0.914905141,0.117598625,0.88696017309494,0.236132018378942,0,0.3,0.3,0,0,0.12,0.08,0,0,0,0,0.12,0.06,0,0.02,0,0,0,0,0,0,0,0,0,0,0,0,0,0,0
"EBM_S24","2024_10_09_10-28-36.jpg",2024-10-09,"summer","out",10:28:36,"Elliott_Bay_Marina",3,"deep","EBM_S24_T3",13.61049673,2.060021786,28.03790479,206,2.805555556,47.6272339,-122.3922602,0.803965118,-9.199999809,1.416586986,0.033899789,1.0732951927634,0.786268223497184,0,0.14,0.72,0,0,0.04,0.02,0,0,0,0,0.06,0,0,0,0,0,0,0,0.02,0,0,0,0,0,0,0,0,0,0
"EBM_S24","2024_10_09_10-28-45.jpg",2024-10-09,"summer","return",10:28:45,"Elliott_Bay_Marina",3,"deep","EBM_S24_T3",13.63787826,1.444391304,19.6986777,210,2.861111111,47.6272345,-122.3922487,0.674043444,-9.429999352,0.995693126,0,0.896235205477034,0.526292175956747,0,0.1,0.56,0,0,0.1,0.12,0,0,0.06,0.04,0,0.02,0,0,0,0,0,0,0,0,0,0,0,0,0,0,0,0,0
"EBM_S24","2024_10_09_10-28-54.jpg",2024-10-09,"summer","return",10:28:54,"Elliott_Bay_Marina",3,"deep","EBM_S24_T3",13.62814161,1.690610022,23.03909841,215,2.916666667,47.6272369,-122.3922338,0.756601277,-9.149999619,1.260830101,0.04901336,1.07472813767313,0.563330380096239,0,0.28,0.56,0,0,0.02,0,0,0,0,0,0.1,0,0,0.04,0,0,0,0,0,0,0,0,0,0,0,0,0,0,0
"EBM_S24","2024_10_09_10-29-03.jpg",2024-10-09,"summer","return",10:29:03,"Elliott_Bay_Marina",3,"deep","EBM_S24_T3",13.65490889,1.265227766,17.27655989,218,2.972222222,47.6272355,-122.392235,0.676529262,-9.279999733,1.003046385,0,1.20938435172413,0.526308458520361,0,0.34,0.56,0,0,0.02,0,0,0,0,0,0.04,0,0,0,0,0,0,0,0.02,0.02,0,0,0,0,0,0,0,0,0
"EBM_S24","2024_10_09_10-29-12.jpg",2024-10-09,"summer","return",10:29:12,"Elliott_Bay_Marina",3,"deep","EBM_S24_T3",13.60472174,2.382782609,32.41693513,223,3.027777778,47.6272447,-122.3922155,0.559413049,-9.25,0.68612906,0.115912603,0.960514292790244,0.186146837650145,0,0.22,0.24,0,0,0.16,0,0,0,0.18,0,0.18,0,0,0,0,0,0,0,0,0.02,0,0,0,0,0,0,0,0,0
"EBM_S24","2024_10_09_10-29-21.jpg",2024-10-09,"summer","return",10:29:21,"Elliott_Bay_Marina",3,"deep","EBM_S24_T3",13.61361688,1.833896104,24.96603351,228,3.111111111,47.6272157,-122.3922497,0.9124026,-8.88999939,1.826162485,0.046282335,1.08579879978182,0.601169524742039,0,0.22,0.62,0,0,0,0.06,0,0,0.02,0,0.06,0,0,0.02,0,0,0,0,0,0,0,0,0,0,0,0,0,0,0
"EBM_S24","2024_10_09_10-29-30.jpg",2024-10-09,"summer","return",10:29:30,"Elliott_Bay_Marina",3,"deep","EBM_S24_T3",13.63147635,1.718817568,23.43008868,233,3.166666667,47.627231,-122.3922211,0.690641891,-9.179999352,1.052330295,0.083456396,1.09177561370356,0.368394258143231,0,0.24,0.42,0,0,0.04,0.16,0,0,0.04,0,0.06,0,0,0,0,0,0,0,0.04,0,0,0,0,0,0,0,0,0,0
"EBM_S24","2024_10_09_10-29-39.jpg",2024-10-09,"summer","return",10:29:39,"Elliott_Bay_Marina",3,"deep","EBM_S24_T3",13.60834641,2.198845316,29.92261915,238,3.25,47.627207,-122.3922519,0.747734193,-8.949999809,1.226316136,0.070621758,1.13103902559398,0.695138704627904,0,0.18,0.68,0,0,0.02,0.04,0,0,0,0,0.08,0,0,0,0,0,0,0,0,0,0,0,0,0,0,0,0,0,0
"EBM_S24","2024_10_09_10-29-48.jpg",2024-10-09,"summer","return",10:29:48,"Elliott_Bay_Marina",3,"deep","EBM_S24_T3",13.62352174,1.670869565,22.76285261,243,3.305555556,47.6272259,-122.3922127,0.664195615,-9.079999924,0.966981806,0.059183618,0.980671341183894,0.191675345216701,0,0.36,0.28,0,0,0.1,0.04,0,0,0.04,0,0.1,0.02,0,0,0,0,0,0,0.06,0,0,0,0,0,0,0,0,0,0
"EBM_S24","2024_10_09_10-29-57.jpg",2024-10-09,"summer","return",10:29:57,"Elliott_Bay_Marina",3,"deep","EBM_S24_T3",13.6069083,2.337161572,31.80154476,248,3.388888889,47.6272028,-122.3922426,0.671135343,-9.069999695,0.987104278,0.074276568,1.13341116333776,0.593328080649891,0,0.22,0.6,0,0,0.02,0.04,0,0,0,0.02,0.06,0,0,0,0,0,0,0,0.04,0,0,0,0,0,0,0,0,0,0
"EBM_S24","2024_10_09_10-30-06.jpg",2024-10-09,"summer","return",10:30:06,"Elliott_Bay_Marina",3,"deep","EBM_S24_T3",13.60183043,2.447630435,33.29076815,254,3.444444444,47.6272085,-122.3922318,0.72291301,-8.899999619,1.145273182,0.064219289,1.03596698835299,1.23182228513909,0,0.06,0.92,0,0,0.02,0,0,0,0,0,0,0,0,0,0,0,0,0,0,0,0,0,0,0,0,0,0,0,0
"EBM_S24","2024_10_09_10-30-15.jpg",2024-10-09,"summer","return",10:30:15,"Elliott_Bay_Marina",3,"deep","EBM_S24_T3",13.60844227,2.15422658,29.31563963,259,3.527777778,47.6272211,-122.3921945,0.733442247,-8.929999352,1.181675164,0.060168199,1.07304854482123,1.14663107353882,0,0.04,0.86,0,0,0,0.06,0,0,0.02,0,0,0,0,0,0,0,0,0,0.02,0,0,0,0,0,0,0,0,0,0
"EBM_S24","2024_10_09_10-30-24.jpg",2024-10-09,"summer","return",10:30:24,"Elliott_Bay_Marina",3,"deep","EBM_S24_T3",13.60703656,2.230645161,30.35244198,265,3.611111111,47.627212,-122.3921996,0.650408578,-8.829999924,0.927087402,0.050049389,1.05360359147115,0.272488680213117,0,0.34,0.38,0,0,0.06,0.04,0,0,0.04,0.02,0.1,0,0,0,0,0,0,0,0.02,0,0,0,0,0,0,0,0,0,0
"EBM_S24","2024_10_09_10-30-33.jpg",2024-10-09,"summer","return",10:30:33,"Elliott_Bay_Marina",3,"deep","EBM_S24_T3",13.58586871,2.975142232,40.4174554,271,3.694444444,47.6272148,-122.3921859,0.788358845,-8.710000038,1.362634599,0.085548745,1.13575802715197,0.870401720116383,0,0.12,0.7,0,0,0,0.04,0,0,0,0,0.08,0,0,0,0,0,0,0,0.04,0.02,0,0,0,0,0,0,0,0,0
"EBM_S24","2024_10_09_10-30-42.jpg",2024-10-09,"summer","return",10:30:42,"Elliott_Bay_Marina",3,"deep","EBM_S24_T3",13.5845705,3.573991323,48.55118176,280,3.805555556,47.6272226,-122.3921575,0.825596526,-8.829999924,1.49470152,0.111729024,0.814565209458382,0.674566582318252,0,0.12,0.58,0.02,0,0.04,0.04,0,0,0,0.02,0.1,0.02,0,0,0,0,0.02,0,0.04,0,0,0,0,0,0,0,0,0,0
"EBM_S24","2024_10_09_10-30-51.jpg",2024-10-09,"summer","return",10:30:51,"Elliott_Bay_Marina",3,"deep","EBM_S24_T3",13.58035965,4.219824561,57.30686675,291,3.972222222,47.6272102,-122.3921575,0.580657869,-9.090000153,0.740216814,0.101042957,1.13889167913984,1.17176794707383,0,0.08,0.88,0,0,0,0.02,0,0,0,0,0,0,0,0,0,0,0,0,0,0.02,0,0,0,0,0,0,0,0,0
"EBM_S24","2024_10_09_10-31-00.jpg",2024-10-09,"summer","return",10:31:00,"Elliott_Bay_Marina",3,"deep","EBM_S24_T3",13.58219737,3.678355263,49.95838717,298,4.055555556,47.6272151,-122.3921278,0.84157892,-8.909999847,1.552471319,0.140594871,1.20161792930797,0.306250422615759,0,0.34,0.32,0,0,0,0.08,0,0,0.04,0,0.08,0,0,0,0,0,0,0,0.14,0,0,0,0,0,0,0,0,0,0
"EBM_S24","2024_10_09_10-31-09.jpg",2024-10-09,"summer","return",10:31:09,"Elliott_Bay_Marina",3,"deep","EBM_S24_T3",13.60247817,2.712183406,36.89128624,305,4.138888889,47.6272052,-122.3921277,0.580283829,-9.050000191,0.73898479,0.105054283,1.04058587988467,0.214172106852534,0,0.22,0.26,0,0,0.04,0.16,0,0,0.06,0.06,0.16,0,0,0,0,0,0,0,0.04,0,0,0,0,0,0,0,0,0,0
"EBM_S24","2024_10_09_10-31-18.jpg",2024-10-09,"summer","return",10:31:18,"Elliott_Bay_Marina",3,"deep","EBM_S24_T3",13.59837225,2.880881057,39.1745772,311,4.222222222,47.6272025,-122.3921097,0.954713615,-8.989999771,2.002574057,0.082778384,1.03661114408463,1.01557108913104,0,0.08,0.82,0,0,0.02,0.02,0,0,0,0,0.04,0,0,0,0,0,0,0,0.02,0,0,0,0,0,0,0,0,0,0
"EBM_S24","2024_10_09_10-31-27.jpg",2024-10-09,"summer","return",10:31:27,"Elliott_Bay_Marina",3,"deep","EBM_S24_T3",13.60113043,2.506086957,34.0854087,319,4.333333333,47.6272108,-122.3920798,0.704739094,-9.460000038,1.095300734,0.072166992,1.19079037377224,0.590027896308833,0,0.26,0.58,0,0.02,0,0.08,0,0,0,0,0,0,0,0,0,0,0,0,0.06,0,0,0,0,0,0,0,0,0,0
"EBM_S24","2024_10_09_10-31-36.jpg",2024-10-09,"summer","return",10:31:36,"Elliott_Bay_Marina",3,"deep","EBM_S24_T3",13.61275556,2.163355556,29.44922447,325,4.416666667,47.627212,-122.3920684,0.619711088,-9.199999809,0.845098615,0.105215743,1.07750122489122,1.01064152880597,0,0.08,0.74,0,0,0,0.02,0,0,0,0,0.14,0,0,0,0,0,0,0,0,0.02,0,0,0,0,0,0,0,0,0
"EBM_S24","2024_10_09_10-31-45.jpg",2024-10-09,"summer","return",10:31:45,"Elliott_Bay_Marina",3,"deep","EBM_S24_T3",13.57975397,4.083333333,55.45038056,332,4.527777778,47.6272127,-122.3920608,0.894444438,-9.059999466,1.754027809,0.094253739,1.06622928409182,-0.0104416978430488,0,0.46,0.14,0,0,0.08,0.04,0,0,0.18,0,0.1,0,0,0,0,0,0,0,0,0,0,0,0,0,0,0,0,0,0
"EBM_S24","2024_10_09_10-31-54.jpg",2024-10-09,"summer","return",10:31:54,"Elliott_Bay_Marina",3,"deep","EBM_S24_T3",13.60582937,2.329308855,31.68998339,338,4.583333333,47.6272008,-122.3920705,0.6722246,-8.880000114,0.991800074,0.063338177,1.18137574633707,0.398162675896777,0,0.3,0.46,0,0,0.04,0.1,0,0,0,0,0.06,0,0,0,0,0,0,0,0.04,0,0,0,0,0,0,0,0,0,0
"EBM_S24","2024_10_09_10-32-03.jpg",2024-10-09,"summer","return",10:32:03,"Elliott_Bay_Marina",3,"deep","EBM_S24_T3",13.59219348,2.996173913,40.72450685,344,4.694444444,47.6271998,-122.3920547,0.61182608,-8.840000153,0.824194171,0.103409619,0.987683720092946,0.606829938842719,0,0.12,0.58,0,0,0.1,0.04,0,0,0.02,0,0.12,0,0,0,0,0,0.02,0,0,0,0,0,0,0,0,0,0,0,0
"EBM_S24","2024_10_09_10-32-12.jpg",2024-10-09,"summer","return",10:32:12,"Elliott_Bay_Marina",3,"deep","EBM_S24_T3",13.59103471,2.975227766,40.43645046,351,4.777777778,47.6272056,-122.3920386,0.849262457,-8.449999809,1.581057345,0.068881679,0.84113920836431,0.642946217586281,0,0.12,0.56,0.02,0,0.06,0.02,0,0,0,0.08,0.06,0,0,0.02,0,0,0,0,0.02,0.02,0,0,0,0,0.02,0,0,0,0
"EBM_S24","2024_10_09_10-32-21.jpg",2024-10-09,"summer","return",10:32:21,"Elliott_Bay_Marina",3,"deep","EBM_S24_T3",13.578,4.237462039,57.53625957,360,4.888888889,47.6272008,-122.392037,0.708937073,-8.720000267,1.101511063,0.113806727,1.08628056672528,1.06053835359706,0,0.08,0.84,0,0,0,0.04,0,0,0,0,0.02,0,0,0,0,0,0.02,0,0,0,0,0,0,0,0,0,0,0,0
"EBM_S24","2024_10_09_10-32-30.jpg",2024-10-09,"summer","return",10:32:30,"Elliott_Bay_Marina",3,"deep","EBM_S24_T3",13.58983224,3.414030501,46.39608314,369,5.027777778,47.6272032,-122.3920174,0.671699332,-8.729999542,0.988893685,0.115410198,0.908417719151454,0.176667047706814,0,0.18,0.16,0,0,0.44,0,0,0,0.04,0,0.12,0,0,0.02,0,0,0,0,0,0,0.02,0.02,0,0,0,0,0,0,0
"EBM_S24","2024_10_09_10-32-39.jpg",2024-10-09,"summer","return",10:32:39,"Elliott_Bay_Marina",3,"deep","EBM_S24_T3",13.59526087,2.794652174,37.99399222,377,5.111111111,47.6271973,-122.3920115,0.779369537,-8.710000038,1.331321523,0.100608759,0.374137216805052,0.665556371627901,0.04,0.08,0.46,0,0.04,0,0,0.02,0,0.08,0.02,0,0.1,0,0,0,0.1,0,0,0,0,0,0.02,0,0,0,0.04,0,0,0
"EBM_S24","2024_10_09_10-32-48.jpg",2024-10-09,"summer","return",10:32:48,"Elliott_Bay_Marina",3,"deep","EBM_S24_T3",13.59223478,3.063304348,41.63698809,384,5.222222222,47.6271962,-122.3919975,0.598478251,-8.909999847,0.791691548,0.104954493,0.677285913266384,0.580200066113915,0,0.08,0.52,0,0.06,0.22,0,0.04,0,0.02,0.02,0,0,0,0,0,0.02,0,0,0,0,0,0,0,0,0,0.02,0,0,0
"EBM_S24","2024_10_09_10-32-57.jpg",2024-10-09,"summer","return",10:32:57,"Elliott_Bay_Marina",3,"deep","EBM_S24_T3",13.59095425,2.873050109,39.04757176,391,5.305555556,47.6272015,-122.3919713,0.838191697,-8.849999428,1.539919835,0.097769203,0.99721504504414,0.450192257211228,0,0.28,0.52,0,0,0.02,0.04,0,0,0.04,0,0.08,0.02,0,0,0,0,0,0,0,0,0,0,0,0,0,0,0,0,0
"EBM_S24","2024_10_09_10-33-06.jpg",2024-10-09,"summer","return",10:33:06,"Elliott_Bay_Marina",3,"deep","EBM_S24_T3",13.5872658,3.276928105,44.52423867,400,5.444444444,47.6271935,-122.3919758,0.718322413,-8.859999657,1.131064876,0.085623924,0.869415102799666,1.03265636332229,0,0.08,0.8,0,0.02,0,0,0,0,0,0,0.08,0,0,0.02,0,0,0,0,0,0,0,0,0,0,0,0,0,0,0
"EBM_S24","2024_10_09_10-33-15.jpg",2024-10-09,"summer","return",10:33:15,"Elliott_Bay_Marina",3,"deep","EBM_S24_T3",13.59140175,3.248122271,44.1466276,407,5.555555556,47.627196,-122.3919646,0.748056751,-8.849999428,1.227391865,0.060139621,0.731204186044918,0.883664075905452,0,0.02,0.62,0,0.04,0.12,0,0,0,0.08,0,0,0,0,0.02,0,0,0,0.1,0,0,0,0,0,0,0,0,0,0,0
"EBM_W25","2025_01_28_10-21-30.jpg",2025-01-28,"winter","out",10:21:30,"Elliott_Bay_Marina",3,"deep","EBM_W25_T3",13.59918519,2.376013072,32.31185721,0,0,47.6272337,-122.3923493,0.62921567,-8.929999352,0.869196165,0,0.955343162185314,0.726811583270395,0.02,0.24,0.68,0.02,0,0,0.04,0,0,0,0,0,0,0,0,0,0,0,0,0,0,0,0,0,0,0,0,0,0,0
"EBM_W25","2025_01_28_10-21-42.jpg",2025-01-28,"winter","out",10:21:42,"Elliott_Bay_Marina",3,"deep","EBM_W25_T3",13.59471861,2.640411255,35.89566613,8,0.111111111,47.6272279,-122.39237,0.971298676,-8.789999962,2.06927939,0.108618741,1.15513399750711,0.3784910736197,0,0.32,0.46,0,0,0.02,0.12,0,0,0,0.02,0.04,0,0.02,0,0,0,0,0,0,0,0,0,0,0,0,0,0,0,0
"EBM_W25","2025_01_28_10-21-51.jpg",2025-01-28,"winter","out",10:21:51,"Elliott_Bay_Marina",3,"deep","EBM_W25_T3",13.59392009,2.607991361,35.45282359,14,0.194444444,47.6272412,-122.3923653,0.905961109,-8.920000076,1.799224504,0.069081433,0.957318784721012,0.520592271711891,0,0.12,0.38,0,0,0,0.06,0,0,0.08,0.06,0.2,0,0.1,0,0,0,0,0,0,0,0,0,0,0,0,0,0,0,0
"EBM_W25","2025_01_28_10-22-06.jpg",2025-01-28,"winter","out",10:22:06,"Elliott_Bay_Marina",3,"deep","EBM_W25_T3",13.61708855,1.90224622,25.90176268,24,0.305555556,47.6272352,-122.3923947,0.770453544,-9.13999939,1.300924482,0,0.567822657463621,0.528059699485299,0,0.26,0.46,0.14,0,0,0,0,0,0,0,0.08,0.02,0.04,0,0,0,0,0,0,0,0,0,0,0,0,0,0,0,0
"EBM_W25","2025_01_28_10-22-28.jpg",2025-01-28,"winter","out",10:22:28,"Elliott_Bay_Marina",3,"deep","EBM_W25_T3",13.59486147,2.571233766,34.95381714,35,0.472222222,47.6272309,-122.3924043,0.687207774,-9.239999771,1.036389833,0.078069199,1.09562772381723,0.324002429002698,0,0.46,0.32,0.02,0,0,0.04,0,0,0,0,0.12,0,0.02,0,0,0,0.02,0,0,0,0,0,0,0,0,0,0,0,0
"EBM_W25","2025_01_28_10-22-40.jpg",2025-01-28,"winter","out",10:22:40,"Elliott_Bay_Marina",3,"deep","EBM_W25_T3",13.59273593,2.585692641,35.14659963,43,0.583333333,47.6272313,-122.392419,0.708225087,-9.099999428,1.105546861,0.103428091,1.21916711175321,0.560039802815539,0,0.24,0.58,0,0,0,0.08,0,0,0,0,0.1,0,0,0,0,0,0,0,0,0,0,0,0,0,0,0,0,0,0
"EBM_W25","2025_01_28_10-22-55.jpg",2025-01-28,"winter","out",10:22:55,"Elliott_Bay_Marina",3,"deep","EBM_W25_T3",13.6049697,2.16504329,29.45488933,53,0.722222222,47.6272316,-122.3924395,0.835086569,-8.630000114,1.533243299,0.077067941,1.16179470075175,0.631655832883937,0,0.2,0.58,0,0,0,0.06,0,0,0,0.04,0,0,0.1,0,0,0,0.02,0,0,0,0,0,0,0,0,0,0,0,0
"EBM_W25","2025_01_28_10-23-07.jpg",2025-01-28,"winter","out",10:23:07,"Elliott_Bay_Marina",3,"deep","EBM_W25_T3",13.60277922,2.321774892,31.57986628,61,0.805555556,47.6272327,-122.3924527,0.670064905,-8.569999695,0.987673338,0.095323448,1.14277655215399,0.104150257222941,0,0.4,0.18,0,0,0.06,0.28,0,0,0,0.06,0,0.02,0,0,0,0,0,0,0,0,0,0,0,0,0,0,0,0,0
"EBM_W25","2025_01_28_10-23-22.jpg",2025-01-28,"winter","out",10:23:22,"Elliott_Bay_Marina",3,"deep","EBM_W25_T3",13.60671616,2.211353712,30.08894869,71,0.944444444,47.6272344,-122.3924612,0.773799103,-8.5,1.317314099,0.079988436,1.15478271367115,0.292882052254698,0,0.3,0.34,0,0,0.02,0.1,0,0,0,0.1,0.14,0,0,0,0,0,0,0,0,0,0,0,0,0,0,0,0,0,0
"EBM_W25","2025_01_28_10-23-34.jpg",2025-01-28,"winter","out",10:23:34,"Elliott_Bay_Marina",3,"deep","EBM_W25_T3",13.60104922,2.422863535,32.95342501,78,1.055555556,47.627238,-122.3924748,0.525995519,-8.5,0.613107253,0.085268549,0.902661173474711,0.133831300597393,0,0.46,0.14,0.02,0,0,0.12,0,0,0,0.1,0.1,0.06,0,0,0,0,0,0,0,0,0,0,0,0,0,0,0,0,0
"EBM_W25","2025_01_28_10-24-01.jpg",2025-01-28,"winter","out",10:24:01,"Elliott_Bay_Marina",3,"deep","EBM_W25_T3",13.60373978,2.378258065,32.3528011,95,1.277777778,47.6272395,-122.3924986,0.678989241,-8.539999962,1.011471503,0.101264372,0.488361798507346,-0.0135701495061306,0.02,0.48,0.02,0.06,0,0.1,0.02,0.02,0,0,0.02,0.06,0.16,0.02,0,0,0.02,0,0,0,0,0,0,0,0,0,0,0,0,0
"EBM_W25","2025_01_28_10-24-13.jpg",2025-01-28,"winter","out",10:24:13,"Elliott_Bay_Marina",3,"deep","EBM_W25_T3",13.59364731,2.715612903,36.91432963,103,1.388888889,47.6272359,-122.3925153,0.899225777,-8.109999657,1.772756242,0.08873458,0.739494437741188,0.303971988289637,0.04,0.28,0.34,0,0,0.04,0.1,0,0,0,0.02,0.08,0.04,0.04,0,0,0,0.02,0,0,0,0,0,0,0,0,0,0,0,0
"EBM_W25","2025_01_28_10-24-28.jpg",2025-01-28,"winter","out",10:24:28,"Elliott_Bay_Marina",3,"deep","EBM_W25_T3",13.60910968,2.071462366,28.19048662,113,1.527777778,47.6272336,-122.3925283,0.588258043,-8.420000076,0.764782738,0.050869512,0.282198569005536,0.404335907885841,0.04,0.1,0.3,0.1,0,0.04,0.02,0,0,0.04,0,0.16,0.18,0.02,0,0,0,0,0,0,0,0,0,0,0,0,0,0,0,0
"EBM_W25","2025_01_28_10-24-40.jpg",2025-01-28,"winter","out",10:24:40,"Elliott_Bay_Marina",3,"deep","EBM_W25_T3",13.61015789,2.126403509,28.94063868,120,1.638888889,47.6272294,-122.392544,0.792499983,-8.5,1.376946115,0.107556448,0.816431094596959,0.823101292275516,0,0.14,0.66,0,0,0.04,0.02,0,0,0,0,0,0.14,0,0,0,0,0,0,0,0,0,0,0,0,0,0,0,0,0
"EBM_W25","2025_01_28_10-24-52.jpg",2025-01-28,"winter","out",10:24:52,"Elliott_Bay_Marina",3,"deep","EBM_W25_T3",13.60430586,2.182386117,29.68967544,127,1.722222222,47.6272384,-122.3925518,0.72023858,-8.479999542,1.138232913,0.06966358,0.871844461656525,0.47526165704279,0,0.26,0.44,0.02,0,0,0.14,0,0,0,0,0.06,0.06,0,0,0,0.02,0,0,0,0,0,0,0,0,0,0,0,0,0
"EBM_W25","2025_01_28_10-25-04.jpg",2025-01-28,"winter","out",10:25:04,"Elliott_Bay_Marina",3,"deep","EBM_W25_T3",13.61119048,2.048766234,27.8861553,134,1.833333333,47.6272384,-122.3925682,0.688722935,-8.519999504,1.043974743,0.093569873,0.960792132551201,0.632628811019736,0,0.14,0.46,0.02,0,0,0.1,0,0,0,0.02,0.2,0,0.06,0,0,0,0,0,0,0,0,0,0,0,0,0,0,0,0
"EBM_W25","2025_01_28_10-25-16.jpg",2025-01-28,"winter","out",10:25:16,"Elliott_Bay_Marina",3,"deep","EBM_W25_T3",13.60294384,2.307775378,31.39210963,141,1.916666667,47.6272472,-122.3925726,0.786457849,-8.739999771,1.355691465,0.067718503,0.836905388935144,0.587272065274773,0,0.14,0.46,0.02,0,0.02,0.02,0,0,0.04,0.02,0.18,0,0.1,0,0,0,0,0,0,0,0,0,0,0,0,0,0,0,0
"EBM_W25","2025_01_28_10-25-28.jpg",2025-01-28,"winter","out",10:25:28,"Elliott_Bay_Marina",3,"deep","EBM_W25_T3",13.59808658,2.365108225,32.1607758,149,2.027777778,47.6272428,-122.3925922,0.673354955,-8.869999886,0.995410013,0.093449737,0.66758114287491,0.0654405759918923,0,0.28,0.14,0.02,0,0.24,0.02,0.18,0,0.02,0,0.06,0,0.04,0,0,0,0,0,0,0,0,0,0,0,0,0,0,0,0
"EBM_W25","2025_01_28_10-25-40.jpg",2025-01-28,"winter","out",10:25:40,"Elliott_Bay_Marina",3,"deep","EBM_W25_T3",13.60114751,2.322321041,31.58587451,157,2.111111111,47.6272331,-122.3926171,0.776225573,-8.729999542,1.320572302,0.128359579,0.729315971286943,0.0576435091099998,0.02,0.24,0.14,0.02,0,0.14,0.04,0,0,0.12,0,0.24,0,0.04,0,0,0,0,0,0,0,0,0,0,0,0,0,0,0,0
"EBM_W25","2025_01_28_10-25-49.jpg",2025-01-28,"winter","out",10:25:49,"Elliott_Bay_Marina",3,"deep","EBM_W25_T3",13.59434416,2.551839827,34.69050353,163,2.194444444,47.6272458,-122.3926172,0.687835484,-8.670000076,1.03775059,0.093744512,1.24630640139308,-0.489137783594273,0,0.18,0.04,0,0,0.14,0.08,0,0,0,0,0.46,0,0.1,0,0,0,0,0,0,0,0,0,0,0,0,0,0,0,0
"EBM_W25","2025_01_28_10-25-58.jpg",2025-01-28,"winter","out",10:25:58,"Elliott_Bay_Marina",3,"deep","EBM_W25_T3",13.5927069,2.512241379,34.1482769,169,2.305555556,47.6272449,-122.3926367,0.729461183,-8.43999958,1.171279205,0.104638139,1.32071845019103,-0.079593337808444,0,0.48,0.02,0,0,0,0.04,0,0,0,0.02,0.14,0,0.22,0,0,0.08,0,0,0,0,0,0,0,0,0,0,0,0,0
"EBM_W25","2025_01_28_10-26-07.jpg",2025-01-28,"winter","out",10:26:07,"Elliott_Bay_Marina",3,"deep","EBM_W25_T3",13.59870282,2.394034707,32.55577696,175,2.388888889,47.6272334,-122.3926509,0.729739676,-7.989999771,1.169822792,0.096456146,0.641391486864624,0.181912788583557,0.04,0.14,0.16,0,0,0.08,0.2,0,0,0.06,0,0.24,0.02,0.06,0,0,0,0,0,0,0,0,0,0,0,0,0,0,0,0
"EBM_W25","2025_01_28_10-26-25.jpg",2025-01-28,"winter","out",10:26:25,"Elliott_Bay_Marina",3,"deep","EBM_W25_T3",13.59906858,2.464358407,33.51290684,188,2.555555556,47.6272356,-122.3926836,0.76061946,-8.18999958,1.272081017,0.122306144,0.835698333966775,0.272539305422303,0,0.26,0.26,0.04,0,0.16,0.02,0,0,0,0,0.12,0,0.04,0,0,0.1,0,0,0,0,0,0,0,0,0,0,0,0,0
"EBM_W25","2025_01_28_10-26-34.jpg",2025-01-28,"winter","out",10:26:34,"Elliott_Bay_Marina",3,"deep","EBM_W25_T3",13.59284382,2.539457701,34.5183913,194,2.638888889,47.6272405,-122.39269,0.698286313,-8.170000076,1.07090941,0.103280707,1.13699591890198,0.0498463616060441,0,0.32,0.2,0,0,0.12,0.26,0,0,0.1,0,0,0,0,0,0,0,0,0,0,0,0,0,0,0,0,0,0,0,0
"EBM_W25","2025_01_28_10-26-43.jpg",2025-01-28,"winter","out",10:26:43,"Elliott_Bay_Marina",3,"deep","EBM_W25_T3",13.59770021,2.618051392,35.59938188,200,2.722222222,47.6272381,-122.3927084,0.550813693,-8.13999939,0.66692373,0.116892744,0.939231991146494,0.427539391331111,0,0.24,0.46,0,0,0.04,0.08,0,0,0.02,0,0.1,0.04,0,0,0,0,0,0,0,0,0,0,0,0,0.02,0,0,0,0
"EBM_W25","2025_01_28_10-26-52.jpg",2025-01-28,"winter","out",10:26:52,"Elliott_Bay_Marina",3,"deep","EBM_W25_T3",13.59583297,2.513123644,34.16762536,207,2.805555556,47.6272376,-122.3927202,0.903687625,-7.869999886,1.792335235,0.102932214,0.99612127015274,-0.0104235894834112,0,0.26,0.06,0,0,0.08,0.14,0,0,0,0.1,0.28,0.02,0.06,0,0,0,0,0,0,0,0,0,0,0,0,0,0,0,0
"EBM_W25","2025_01_28_10-27-04.jpg",2025-01-28,"winter","out",10:27:04,"Elliott_Bay_Marina",3,"deep","EBM_W25_T3",13.59560954,2.660065076,36.16526863,215,2.916666667,47.6272441,-122.3927316,0.62698481,-8.269999504,0.86343986,0.105576811,0.451470431231735,0.212918529449582,0.02,0.04,0.14,0,0,0.08,0.06,0.1,0,0.2,0,0.24,0.02,0.1,0,0,0,0,0,0,0,0,0,0,0,0,0,0,0,0
"EBM_W25","2025_01_28_10-27-19.jpg",2025-01-28,"winter","out",10:27:19,"Elliott_Bay_Marina",3,"deep","EBM_W25_T3",13.60899351,2.033528139,27.67203998,225,3.055555556,47.6272523,-122.3927456,0.636233756,-8.019999504,0.887579221,0.058807544,0.938787686354508,0.0403647282495916,0,0.34,0.1,0,0,0.04,0.14,0,0,0.06,0.02,0.1,0.02,0.02,0,0,0.14,0,0,0,0.02,0,0,0,0,0,0,0,0,0
"EBM_W25","2025_01_28_10-27-46.jpg",2025-01-28,"winter","return",10:27:46,"Elliott_Bay_Marina",3,"deep","EBM_W25_T3",13.63267524,1.43681672,19.58777923,240,3.25,47.627247,-122.3927352,0.753601265,-7.619999886,1.24571728,0.044863723,0.902343348868345,0.0148772611342595,0,0.24,0.1,0,0,0.14,0.3,0,0,0,0.06,0.08,0.04,0.04,0,0,0,0,0,0,0,0,0,0,0,0,0,0,0,0
"EBM_W25","2025_01_28_10-28-04.jpg",2025-01-28,"winter","return",10:28:04,"Elliott_Bay_Marina",3,"deep","EBM_W25_T3",13.6119087,1.975391304,26.8887357,248,3.361111111,47.627238,-122.3927273,0.785913006,-7.690000057,1.354028829,0.101611171,0.306261761566268,0.00475661433156411,0.08,0.16,0.04,0.02,0,0.1,0.06,0.1,0,0.06,0,0.2,0.02,0.06,0,0,0.1,0,0,0,0,0,0,0,0,0,0,0,0,0
"EBM_W25","2025_01_28_10-28-13.jpg",2025-01-28,"winter","return",10:28:13,"Elliott_Bay_Marina",3,"deep","EBM_W25_T3",13.61129654,1.91487013,26.06380379,253,3.444444444,47.6272595,-122.3926952,0.804372282,-7.669999599,1.420289158,0.102407756,1.01917099565182,-0.196216302748022,0,0.28,0.02,0,0,0.12,0.16,0,0,0.04,0.06,0.2,0,0.12,0,0,0,0,0,0,0,0,0,0,0,0,0,0,0,0
"EBM_W25","2025_01_28_10-28-25.jpg",2025-01-28,"winter","return",10:28:25,"Elliott_Bay_Marina",3,"deep","EBM_W25_T3",13.61430087,1.984545455,27.01788433,260,3.527777778,47.6272467,-122.3926898,0.711493484,-7.549999714,1.109682207,0.101831932,1.10895367058946,-0.180020685515399,0,0.32,0.02,0,0,0.16,0.14,0,0,0,0.08,0.1,0,0.18,0,0,0,0,0,0,0,0,0,0,0,0,0,0,0,0
"EBM_W25","2025_01_28_10-28-34.jpg",2025-01-28,"winter","return",10:28:34,"Elliott_Bay_Marina",3,"deep","EBM_W25_T3",13.61549785,1.919356223,26.13284562,265,3.583333333,47.6272482,-122.3926767,0.707210286,-7.339999676,1.099394836,0.101446434,0.777469966503727,-0.199012806764302,0,0.3,0,0,0,0.12,0.24,0,0,0.06,0.04,0.06,0.06,0.1,0,0,0.02,0,0,0,0,0,0,0,0,0,0,0,0,0
"EBM_W25","2025_01_28_10-28-43.jpg",2025-01-28,"winter","return",10:28:43,"Elliott_Bay_Marina",3,"deep","EBM_W25_T3",13.60836797,2.1,28.57757641,270,3.666666667,47.6272554,-122.3926627,0.889826819,-7.399999619,1.73541083,0.118184298,0.965393127188155,0.0436881368012678,0,0.44,0.12,0,0,0.02,0.16,0,0,0.08,0.02,0.04,0.02,0.02,0,0,0.04,0.02,0,0,0.02,0,0,0,0,0,0,0,0,0
"EBM_W25","2025_01_28_10-28-55.jpg",2025-01-28,"winter","return",10:28:55,"Elliott_Bay_Marina",3,"deep","EBM_W25_T3",13.5924913,2.856956522,38.827644,276,3.75,47.6272454,-122.3926475,0.812043462,-7.629999638,1.445490862,0.088810425,0.803913435055144,0.309035263360625,0.02,0.12,0.24,0,0,0.2,0.1,0,0,0.02,0,0.08,0,0.1,0,0,0.08,0,0,0,0,0,0,0,0,0.04,0,0,0,0
"EBM_W25","2025_01_28_10-29-07.jpg",2025-01-28,"winter","return",10:29:07,"Elliott_Bay_Marina",3,"deep","EBM_W25_T3",13.60923707,2.150818966,29.27032672,284,3.861111111,47.6272335,-122.3926466,0.847025838,-7.819999695,1.572348516,0.071369162,0.454741001697355,0.0389011463019184,0.02,0.1,0.1,0.02,0,0.08,0.08,0.02,0,0.12,0.06,0.12,0.06,0.08,0,0,0.1,0,0,0,0,0,0,0,0.04,0,0,0,0,0
"EBM_W25","2025_01_28_10-29-22.jpg",2025-01-28,"winter","return",10:29:22,"Elliott_Bay_Marina",3,"deep","EBM_W25_T3",13.62796916,1.770726872,24.13161509,292,3.972222222,47.6272132,-122.3926429,0.764625537,-8.059999466,1.281478841,0.050602526,1.03578888859443,0.159087526682927,0,0.34,0.26,0,0,0.04,0.18,0,0,0.08,0.02,0.04,0,0.02,0,0,0.02,0,0,0,0,0,0,0,0,0,0,0,0,0
"EBM_W25","2025_01_28_10-29-37.jpg",2025-01-28,"winter","return",10:29:37,"Elliott_Bay_Marina",3,"deep","EBM_W25_T3",13.62400216,1.964384449,26.76271207,300,4.083333333,47.6272376,-122.3926166,0.745507551,-8.340000153,1.219571183,0.074013198,1.00533259999515,-0.0340237715691113,0,0.2,0.1,0,0,0.16,0.14,0,0,0.04,0.02,0.24,0,0.1,0,0,0,0,0,0,0,0,0,0,0,0,0,0,0,0
"EBM_W25","2025_01_28_10-29-49.jpg",2025-01-28,"winter","return",10:29:49,"Elliott_Bay_Marina",3,"deep","EBM_W25_T3",13.61782581,1.91511828,26.07978062,306,4.166666667,47.6272419,-122.3926007,0.73068817,-8.399999619,1.170995924,0.082518189,0.669659159652162,0.16283348370619,0,0.16,0.26,0.06,0,0.22,0.04,0,0,0.08,0.08,0.06,0,0.04,0,0,0,0,0,0,0,0,0,0,0,0,0,0,0,0
"EBM_W25","2025_01_28_10-30-01.jpg",2025-01-28,"winter","return",10:30:01,"Elliott_Bay_Marina",3,"deep","EBM_W25_T3",13.61191739,2.126347826,28.94361574,313,4.25,47.6272419,-122.3925885,0.753304335,-8.409999847,1.244016763,0.109697573,0.231469985373993,0.122852347075804,0.02,0.08,0.04,0.04,0,0.08,0.04,0.28,0,0.04,0,0.04,0.02,0.18,0,0,0.14,0,0,0,0,0,0,0,0,0,0,0,0,0
"EBM_W25","2025_01_28_10-30-10.jpg",2025-01-28,"winter","return",10:30:10,"Elliott_Bay_Marina",3,"deep","EBM_W25_T3",13.59989247,2.382817204,32.40590981,319,4.333333333,47.6272396,-122.3925779,0.759935464,-8.25,1.267279,0.111302334,0.813426941144662,0.526661537225984,0,0.2,0.34,0.02,0,0,0,0.02,0,0.06,0,0.22,0,0.14,0,0,0,0,0,0,0,0,0,0,0,0,0,0,0,0
"EBM_W25","2025_01_28_10-30-22.jpg",2025-01-28,"winter","return",10:30:22,"Elliott_Bay_Marina",3,"deep","EBM_W25_T3",13.61522318,1.977575107,26.92388041,326,4.416666667,47.6272371,-122.3925625,0.645493544,-8.260000229,0.913754346,0.067853846,0.954474946331092,0.0346627067395273,0,0.68,0.06,0.04,0,0,0.14,0,0,0.02,0,0.02,0.02,0.02,0,0,0,0,0,0,0,0,0,0,0,0,0,0,0,0
"EBM_W25","2025_01_28_10-30-37.jpg",2025-01-28,"winter","return",10:30:37,"Elliott_Bay_Marina",3,"deep","EBM_W25_T3",13.62465929,1.895,25.81811102,334,4.527777778,47.6272361,-122.3925488,0.706106187,-8.050000191,1.093144754,0.078877561,0.896481022452701,0.553253834955772,0,0.3,0.42,0,0,0,0,0,0,0.02,0,0,0.08,0.14,0,0,0.02,0,0,0,0.02,0,0,0,0,0,0,0,0,0
"EBM_W25","2025_01_28_10-30-49.jpg",2025-01-28,"winter","return",10:30:49,"Elliott_Bay_Marina",3,"deep","EBM_W25_T3",13.61855269,2.041268817,27.79894454,340,4.611111111,47.627237,-122.3925355,0.782946209,-7.859999657,1.344484741,0.088297349,0.605958974535818,0.0446088402884783,0,0.42,0.06,0.12,0,0.1,0.08,0,0,0,0,0.08,0.02,0.12,0,0,0,0,0,0,0,0,0,0,0,0,0,0,0,0
"EBM_W25","2025_01_28_10-31-01.jpg",2025-01-28,"winter","return",10:31:01,"Elliott_Bay_Marina",3,"deep","EBM_W25_T3",13.61861572,1.883384279,25.64936867,347,4.722222222,47.6272361,-122.3925186,0.765764183,-7.909999847,1.286154664,0.068214172,1.04830321205101,0.358735777162828,0,0.36,0.38,0,0,0,0.14,0,0,0,0,0.06,0.04,0.02,0,0,0,0,0,0,0,0,0,0,0,0,0,0,0,0
"EBM_W25","2025_01_28_10-31-16.jpg",2025-01-28,"winter","return",10:31:16,"Elliott_Bay_Marina",3,"deep","EBM_W25_T3",13.61259041,2.072156863,28.20682706,355,4.833333333,47.6272385,-122.392502,0.711437884,-8.069999695,1.111499441,0.083662884,0.752192468877637,0.218920815858141,0.02,0.32,0.34,0,0,0.14,0,0,0,0.04,0.02,0.06,0.06,0,0,0,0,0,0,0,0,0,0,0,0,0,0,0,0,0
"EBM_W25","2025_01_28_10-31-28.jpg",2025-01-28,"winter","return",10:31:28,"Elliott_Bay_Marina",3,"deep","EBM_W25_T3",13.61213175,1.987645788,27.05608104,362,4.916666667,47.6272366,-122.3924896,0.593498901,-7.869999886,0.772389767,0.096426113,1.11464610883406,0.124598118964501,0,0.26,0.16,0,0,0,0.16,0,0,0.04,0.16,0.1,0,0.12,0,0,0,0,0,0,0,0,0,0,0,0,0,0,0,0
"EBM_W25","2025_01_28_10-31-43.jpg",2025-01-28,"winter","return",10:31:43,"Elliott_Bay_Marina",3,"deep","EBM_W25_T3",13.63814903,1.618077754,22.06746991,370,5.027777778,47.6272321,-122.3924732,0.659071262,-8.210000038,0.953832183,0.060175226,1.22014115811099,-0.104394377635418,0,0.48,0.06,0,0,0.14,0.14,0,0,0,0,0.18,0,0,0,0,0,0,0,0,0,0,0,0,0,0,0,0,0,0
"EBM_W25","2025_01_28_10-31-58.jpg",2025-01-28,"winter","return",10:31:58,"Elliott_Bay_Marina",3,"deep","EBM_W25_T3",13.61786797,2.042640693,27.81557727,377,5.138888889,47.6272226,-122.3924769,0.813116879,-8.019999504,1.448941186,0.063650179,1.16187656919933,0.135373712721933,0,0.4,0.2,0,0,0.02,0.16,0,0,0.02,0,0.08,0,0.1,0,0,0,0,0,0,0,0.02,0,0,0,0,0,0,0,0
"EBM_W25","2025_01_28_10-32-10.jpg",2025-01-28,"winter","return",10:32:10,"Elliott_Bay_Marina",3,"deep","EBM_W25_T3",13.61821645,2.106580087,28.68757571,385,5.222222222,47.6272358,-122.3924487,0.845281352,-8.019999504,1.577663059,0.100301914,1.10492374927921,0.147734197357042,0,0.28,0.2,0,0,0.04,0.2,0,0,0.04,0,0.08,0,0.16,0,0,0,0,0,0,0,0,0,0,0,0,0,0,0,0
"EBM_W25","2025_01_28_10-32-22.jpg",2025-01-28,"winter","return",10:32:22,"Elliott_Bay_Marina",3,"deep","EBM_W25_T3",13.61434267,2.191530172,29.83373996,392,5.333333333,47.6272348,-122.3924367,0.958491359,-7.929999828,2.013301542,0.098607717,1.02507865118762,0.066189370362211,0,0.48,0.14,0,0,0.04,0.24,0,0,0.02,0.02,0.02,0.04,0,0,0,0,0,0,0,0,0,0,0,0,0,0,0,0,0
"EBM_W25","2025_01_28_10-32-34.jpg",2025-01-28,"winter","return",10:32:34,"Elliott_Bay_Marina",3,"deep","EBM_W25_T3",13.61426134,2.042980562,27.8138054,399,5.416666667,47.6272304,-122.3924248,0.910345565,-7.980000019,1.818097981,0.078910951,0.968489377703459,0.519077147912769,0,0.22,0.52,0.02,0,0.02,0.16,0,0,0,0.04,0,0.02,0,0,0,0,0,0,0,0,0,0,0,0,0,0,0,0,0
"EBM_W25","2025_01_28_10-32-46.jpg",2025-01-28,"winter","return",10:32:46,"Elliott_Bay_Marina",3,"deep","EBM_W25_T3",13.60343226,2.31627957,31.50919923,406,5.5,47.6272183,-122.3924266,0.673827931,-8.289999962,1.002368173,0.08208709,1.1348273897518,-0.0170116033134638,0,0.56,0.1,0,0,0.06,0.12,0,0,0.04,0,0.1,0,0,0,0,0,0.02,0,0,0,0,0,0,0,0,0,0,0,0
"EBM_W25","2025_01_28_10-32-58.jpg",2025-01-28,"winter","return",10:32:58,"Elliott_Bay_Marina",3,"deep","EBM_W25_T3",13.62632667,1.822644444,24.83586509,412,5.611111111,47.6272148,-122.3924143,0.694044441,-8.710000038,1.061649216,0.077816211,1.33300145596138,0.0523530002938104,0,0.48,0.1,0,0,0,0.12,0,0,0,0.02,0.02,0,0.26,0,0,0,0,0,0,0,0,0,0,0,0,0,0,0,0
"EBM_W25","2025_01_28_10-33-16.jpg",2025-01-28,"winter","return",10:33:16,"Elliott_Bay_Marina",3,"deep","EBM_W25_T3",13.61567019,2.101099366,28.60794856,423,5.75,47.6272199,-122.3923972,0.803255795,-8.819999695,1.415642304,0.091476825,0.566442345435103,0.500923543311684,0.02,0.18,0.5,0.02,0,0,0.02,0.04,0,0.02,0.02,0.06,0.08,0.02,0,0,0.02,0,0,0,0,0,0,0,0,0,0,0,0,0
"EBM_W25","2025_01_28_10-33-28.jpg",2025-01-28,"winter","return",10:33:28,"Elliott_Bay_Marina",3,"deep","EBM_W25_T3",13.60876991,2.12659292,28.9397092,430,5.833333333,47.6272118,-122.3923899,0.837477869,-8.479999542,1.538082827,0.072237851,1.05564907999449,0.404393844194324,0,0.34,0.48,0,0,0.04,0.04,0,0,0,0.06,0,0.02,0.02,0,0,0,0,0,0,0,0,0,0,0,0,0,0,0,0
"EBM_W25","2025_01_28_10-33-43.jpg",2025-01-28,"winter","return",10:33:43,"Elliott_Bay_Marina",3,"deep","EBM_W25_T3",13.60676906,2.146252723,29.20350673,438,5.972222222,47.6272117,-122.392375,0.825686263,-8.269999504,1.494285959,0.077733488,1.09373571820299,0.379212702643124,0,0.22,0.46,0,0,0.12,0.12,0,0,0,0,0.04,0,0.04,0,0,0,0,0,0,0,0,0,0,0,0,0,0,0,0
"EBM_W25","2025_01_28_10-33-55.jpg",2025-01-28,"winter","return",10:33:55,"Elliott_Bay_Marina",3,"deep","EBM_W25_T3",13.61918872,2.138590022,29.12581054,445,6.055555556,47.627214,-122.3923606,0.77613881,-8.149999619,1.33028979,0.073205875,1.29197538369995,0.360758006919105,0,0.32,0.4,0,0,0,0.22,0,0,0,0.06,0,0,0,0,0,0,0,0,0,0,0,0,0,0,0,0,0,0,0
"CNL_S24","2024_10_08_11-32-32.jpg",2024-10-08,"summer","out",11:32:32,"Centennial_Park",4,"shallow","CNL_S24_T4",13.64632335,1.426227545,19.46275198,0,0,47.6198574,-122.3631206,0.758742507,-4.130000114,1.261493988,0,-0.446774607796484,-0.640724624470634,0.14,0.02,0,0.06,0.46,0,0,0,0,0.1,0,0.04,0.02,0.08,0.02,0.06,0,0,0,0,0,0,0,0,0,0,0,0,0,0
"CNL_S24","2024_10_08_11-32-41.jpg",2024-10-08,"summer","out",11:32:41,"Centennial_Park",4,"shallow","CNL_S24_T4",13.65134545,1.284060606,17.52915758,4,0.055555556,47.6198443,-122.3631152,0.623818183,-4.239999771,0.852767148,0.035653674,-0.511142677119607,-0.49416707626054,0.22,0,0,0.04,0.36,0.02,0,0,0.04,0.04,0,0.11,0.02,0.04,0,0.11,0,0,0,0,0,0,0,0,0,0,0,0,0,0
"CNL_S24","2024_10_08_11-32-50.jpg",2024-10-08,"summer","out",11:32:50,"Centennial_Park",4,"shallow","CNL_S24_T4",13.63734545,1.361333333,18.56414667,7,0.111111111,47.6198362,-122.363141,0.65527272,-4.210000038,0.944715137,0.077805032,-0.349273617716746,-0.336436955419058,0.18,0.06,0,0.04,0.34,0,0,0.04,0.02,0.04,0,0.06,0.08,0.08,0,0.06,0,0,0,0,0,0,0,0,0,0,0,0,0,0
"CNL_S24","2024_10_08_11-32-59.jpg",2024-10-08,"summer","out",11:32:59,"Centennial_Park",4,"shallow","CNL_S24_T4",13.61726667,1.97,26.82590297,11,0.166666667,47.6198322,-122.3631237,0.698242407,-4.259999752,1.069332377,0.104739685,-0.657065225002186,-0.508184429349589,0.15,0.03,0,0.11,0.45,0,0,0.03,0.04,0.03,0,0,0.09,0.01,0,0.06,0,0,0,0,0,0,0,0,0,0,0,0,0,0
"CNL_S24","2024_10_08_11-33-08.jpg",2024-10-08,"summer","out",11:33:08,"Centennial_Park",4,"shallow","CNL_S24_T4",13.61673333,1.88,25.59958182,17,0.25,47.6198245,-122.3631212,0.691333322,-4.299999714,1.047473212,0.108618032,-0.610868633708833,-0.729684855274496,0.12,0.04,0,0.1,0.67,0,0,0,0,0.04,0,0,0.03,0,0,0,0,0,0,0,0,0,0,0,0,0,0,0,0,0
"CNL_S24","2024_10_08_11-33-17.jpg",2024-10-08,"summer","out",11:33:17,"Centennial_Park",4,"shallow","CNL_S24_T4",13.61763636,2.001393939,27.25408521,22,0.305555556,47.6198143,-122.3631517,0.719999969,-4.319999695,1.135933786,0.122506615,-0.881724283585375,-1.02234449194415,0.07,0,0,0.09,0.74,0,0,0.01,0.06,0,0,0,0.02,0,0.01,0,0,0,0,0,0,0,0,0,0,0,0,0,0,0
"CNL_S24","2024_10_08_11-33-26.jpg",2024-10-08,"summer","out",11:33:26,"Centennial_Park",4,"shallow","CNL_S24_T4",13.6432,1.502545455,20.49956691,26,0.361111111,47.6198492,-122.3630589,0.628060603,-4.440000057,0.864514788,0.03604765,-0.267878750536198,-0.971453904570009,0,0.02,0.02,0.05,0.56,0.02,0,0.03,0.14,0.02,0,0.02,0.02,0.08,0.02,0,0,0,0,0,0,0,0,0,0,0,0,0,0,0
"CNL_S24","2024_10_08_11-33-35.jpg",2024-10-08,"summer","out",11:33:35,"Centennial_Park",4,"shallow","CNL_S24_T4",13.61085455,1.997454545,27.18705055,31,0.444444444,47.6198351,-122.3630389,0.691393936,-4.389999866,1.047490498,0.078456494,-0.705559235324769,-1.27102696618226,0.02,0,0,0.07,0.72,0,0,0.04,0,0.01,0,0,0,0,0.08,0,0,0,0.06,0,0,0,0,0,0,0,0,0,0,0
"CNL_S24","2024_10_08_11-33-44.jpg",2024-10-08,"summer","out",11:33:44,"Centennial_Park",4,"shallow","CNL_S24_T4",13.62014198,1.996111111,27.18737142,36,0.5,47.6198056,-122.3631073,0.689999998,-4.429999828,1.043244828,0.079189607,-0.813663098289224,-1.04317143037661,0.05,0,0,0.07,0.64,0,0,0.03,0.14,0,0,0,0.02,0,0.05,0,0,0,0,0,0,0,0,0,0,0,0,0,0,0
"CNL_S24","2024_10_08_11-33-53.jpg",2024-10-08,"summer","out",11:33:53,"Centennial_Park",4,"shallow","CNL_S24_T4",13.61353333,2.042666667,27.80786691,41,0.583333333,47.6198134,-122.3631063,0.685999992,-4.440000057,1.031305925,0.09357764,-0.916994363423503,-0.796529633277389,0.06,0,0,0.23,0.54,0,0,0.09,0.02,0,0,0,0,0,0.05,0.01,0,0,0,0,0,0,0,0,0,0,0,0,0,0
"CNL_S24","2024_10_08_11-34-02.jpg",2024-10-08,"summer","out",11:34:02,"Centennial_Park",4,"shallow","CNL_S24_T4",13.61830303,1.933333333,26.32866545,46,0.638888889,47.6198456,-122.3630736,0.663151483,-4.449999809,0.963719012,0.052195676,-0.533417974390973,-1.01125759412103,0.05,0.04,0,0.04,0.72,0,0,0.01,0.02,0,0,0,0.08,0,0.02,0,0,0.02,0,0,0,0,0,0,0,0,0,0,0,0
"CNL_S24","2024_10_08_11-34-11.jpg",2024-10-08,"summer","out",11:34:11,"Centennial_Park",4,"shallow","CNL_S24_T4",13.62154878,1.905487805,25.95565244,51,0.722222222,47.6198226,-122.3630687,0.655304849,-4.489999771,0.94105458,0.066113844,-0.604056184601099,-1.56403051913574,0.03,0,0,0,0.93,0,0,0,0.02,0,0,0,0.02,0,0,0,0,0,0,0,0,0,0,0,0,0,0,0,0,0
"CNL_S24","2024_10_08_11-34-20.jpg",2024-10-08,"summer","out",11:34:20,"Centennial_Park",4,"shallow","CNL_S24_T4",13.61460976,2.000487805,27.2358922,56,0.777777778,47.6198183,-122.363167,0.680670738,-4.46999979,1.015238523,0.051408743,-0.856870693326711,-0.734209851094556,0.16,0,0.01,0.03,0.44,0,0,0.04,0.04,0,0,0,0.13,0,0,0,0,0,0.14,0,0,0,0,0,0,0,0,0,0.01,0
"CNL_S24","2024_10_08_11-34-29.jpg",2024-10-08,"summer","out",11:34:29,"Centennial_Park",4,"shallow","CNL_S24_T4",13.61188344,2.168588957,29.51856368,61,0.833333333,47.6198018,-122.363142,0.68067483,-4.480000019,1.015447079,0.076378376,-0.658706171468787,-0.470219646369482,0.23,0.05,0,0.04,0.52,0,0,0,0,0.02,0,0,0.12,0,0.02,0,0,0,0,0,0,0,0,0,0,0,0,0,0,0
"CNL_S24","2024_10_08_11-34-38.jpg",2024-10-08,"summer","out",11:34:38,"Centennial_Park",4,"shallow","CNL_S24_T4",13.615,2.114099379,28.78346304,66,0.916666667,47.6198142,-122.363051,0.678819862,-4.509999752,1.009845542,0.104971269,-0.794081839119019,-0.7403008068507,0.17,0.02,0,0.04,0.61,0,0,0.1,0.06,0,0,0,0,0,0,0,0,0,0,0,0,0,0,0,0,0,0,0,0,0
"CNL_S24","2024_10_08_11-34-47.jpg",2024-10-08,"summer","out",11:34:47,"Centennial_Park",4,"shallow","CNL_S24_T4",13.61035976,2.279756098,31.02841506,72,1,47.6197982,-122.3630526,0.669999957,-4.529999733,0.983643239,0.114216788,-0.550696329263733,-0.711748457048086,0.09,0.06,0,0.08,0.6,0,0,0.07,0.04,0,0,0,0.02,0,0.04,0,0,0,0,0,0,0,0,0,0,0,0,0,0,0
"CNL_S24","2024_10_08_11-34-56.jpg",2024-10-08,"summer","out",11:34:56,"Centennial_Park",4,"shallow","CNL_S24_T4",13.61787349,2.050180723,27.91909253,77,1.055555556,47.6197904,-122.3630647,0.684638553,-4.480000019,1.027815137,0.078272854,-0.786652187505308,-0.462430508199845,0.14,0.02,0,0.2,0.28,0,0,0.09,0.21,0.02,0,0,0.02,0,0,0.02,0,0,0,0,0,0,0,0,0,0,0,0,0,0
"CNL_S24","2024_10_08_11-35-05.jpg",2024-10-08,"summer","out",11:35:05,"Centennial_Park",4,"shallow","CNL_S24_T4",13.6007716,2.51,34.13793673,82,1.138888889,47.6197848,-122.3630468,0.659999967,-4.529999733,0.954499903,0.105866117,-0.71953821515828,-0.471946238007255,0.21,0.04,0,0.06,0.41,0,0,0.06,0.16,0,0,0,0.04,0,0,0,0,0.02,0,0,0,0,0,0,0,0,0,0,0,0
"CNL_S24","2024_10_08_11-35-14.jpg",2024-10-08,"summer","out",11:35:14,"Centennial_Park",4,"shallow","CNL_S24_T4",13.60771605,2.33345679,31.75293025,88,1.222222222,47.6197841,-122.363021,0.642345662,-4.409999847,0.904326185,0.105060404,-0.572486004653615,-0.862779749796025,0.08,0.04,0,0.04,0.52,0,0,0.06,0.21,0,0.01,0,0.02,0,0,0,0,0,0,0,0,0,0,0.02,0,0,0,0,0,0
"CNL_S24","2024_10_08_11-35-23.jpg",2024-10-08,"summer","out",11:35:23,"Centennial_Park",4,"shallow","CNL_S24_T4",13.60990361,2.112289157,28.74795181,94,1.305555556,47.6197581,-122.3630693,0.670963814,-4.299999714,0.986515605,0.073480931,-0.517547399885554,-0.655707761364962,0.16,0.08,0,0.01,0.32,0,0,0.07,0.36,0,0,0,0,0,0,0,0,0,0,0,0,0,0,0,0,0,0,0,0,0
"CNL_S24","2024_10_08_11-35-32.jpg",2024-10-08,"summer","out",11:35:32,"Centennial_Park",4,"shallow","CNL_S24_T4",13.61682927,1.882012195,25.6270828,99,1.361111111,47.6197672,-122.3630344,0.676219483,-4.259999752,1.002201933,0.047132423,-0.749881940503169,-0.272641764594143,0.21,0.04,0,0.12,0.08,0,0,0.01,0.36,0.08,0,0,0.06,0,0,0,0,0,0,0,0,0,0,0.04,0,0,0,0,0,0
"CNL_S24","2024_10_08_11-35-41.jpg",2024-10-08,"summer","out",11:35:41,"Centennial_Park",4,"shallow","CNL_S24_T4",13.61253333,2.037878788,27.74069406,104,1.444444444,47.6197701,-122.3629479,0.680363622,-4.210000038,1.014473272,0.108585651,-0.623643130661429,-0.508605837360621,0.04,0.07,0,0.25,0.2,0,0,0.03,0.34,0,0,0,0.07,0,0,0,0,0,0,0,0,0,0,0,0,0,0,0,0,0
"CNL_S24","2024_10_08_11-35-50.jpg",2024-10-08,"summer","out",11:35:50,"Centennial_Park",4,"shallow","CNL_S24_T4",13.61156098,2.1125,28.75443518,109,1.5,47.6197556,-122.3629433,0.703170717,-4.199999809,1.083648941,0.108254893,-0.55590403542198,-0.388018673704575,0.09,0.08,0,0.27,0.33,0,0,0.05,0,0,0,0,0.16,0,0,0.02,0,0,0,0,0,0,0,0,0,0,0,0,0,0
"CNL_S24","2024_10_08_11-35-59.jpg",2024-10-08,"summer","out",11:35:59,"Centennial_Park",4,"shallow","CNL_S24_T4",13.60916463,2.10097561,28.59057829,114,1.583333333,47.6197442,-122.3629811,0.681158518,-4.210000038,1.017389597,0.114885905,-0.540670774063916,-0.316076766779753,0.21,0.07,0,0.04,0.28,0,0,0.03,0.08,0,0,0,0.23,0.06,0,0,0,0,0,0,0,0,0,0,0,0,0,0,0,0
"CNL_S24","2024_10_08_11-36-08.jpg",2024-10-08,"summer","out",11:36:08,"Centennial_Park",4,"shallow","CNL_S24_T4",13.61376506,2.02060241,27.50804614,120,1.638888889,47.6197614,-122.3629704,0.68753012,-4.179999828,1.035830291,0.065643504,-0.425742656117124,-0.520911174569471,0.1,0.04,0.04,0.04,0.19,0,0,0,0.28,0.04,0.01,0.02,0.22,0,0,0,0,0,0.02,0,0,0,0,0,0,0,0,0,0,0
"CNL_S24","2024_10_08_11-36-17.jpg",2024-10-08,"summer","out",11:36:17,"Centennial_Park",4,"shallow","CNL_S24_T4",13.61039024,2.059268293,28.02732732,125,1.722222222,47.6197357,-122.362954,0.673353653,-4.139999866,0.993737709,0.094189655,-0.337718537597775,-0.0937725331946783,0.22,0.12,0,0,0.08,0,0,0.01,0.28,0.02,0,0.02,0.13,0,0,0.02,0,0,0.1,0,0,0,0,0,0,0,0,0,0,0
"CNL_S24","2024_10_08_11-36-26.jpg",2024-10-08,"summer","out",11:36:26,"Centennial_Park",4,"shallow","CNL_S24_T4",13.61015152,2.137515152,29.09134806,130,1.777777778,47.6197359,-122.3629773,0.688666662,-4.099999905,1.039412159,0.061807269,-0.64025669217791,-0.323577094044684,0.28,0.03,0.02,0.07,0.27,0,0,0.01,0.2,0.04,0,0,0,0.08,0,0,0,0,0,0,0,0,0,0,0,0,0,0,0,0
"CNL_S24","2024_10_08_11-36-35.jpg",2024-10-08,"summer","out",11:36:35,"Centennial_Park",4,"shallow","CNL_S24_T4",13.61214815,2.037777778,27.73850926,135,1.861111111,47.6197224,-122.3630254,0.688703703,-4.049999714,1.039464282,0.053184894,-0.62216953630719,-1.01427129247398,0.06,0.01,0,0.02,0.53,0,0,0.02,0.19,0,0,0,0.08,0.09,0,0,0,0,0,0,0,0,0,0,0,0,0,0,0,0
"CNL_S24","2024_10_08_11-36-44.jpg",2024-10-08,"summer","out",11:36:44,"Centennial_Park",4,"shallow","CNL_S24_T4",13.60958182,2.242424242,30.518426,140,1.916666667,47.6197529,-122.3629354,0.663696936,-4.019999981,0.965518472,0.086335697,-0.574606089678743,-0.502807002509401,0.16,0.02,0,0.04,0.33,0.02,0,0.02,0.19,0.02,0.01,0.03,0.11,0,0.04,0,0,0.01,0,0,0,0,0,0,0,0,0,0,0,0
"CNL_S24","2024_10_08_11-36-54.jpg",2024-10-08,"summer","out",11:36:54,"Centennial_Park",4,"shallow","CNL_S24_T4",13.60116463,2.471402439,33.61392159,146,2,47.6197461,-122.3629822,0.669999957,-3.980000019,0.983643239,0.056363875,-0.86062143524302,-0.57272216015337,0.23,0.02,0,0.05,0.57,0,0,0.01,0.05,0,0,0,0.06,0,0.01,0,0,0,0,0,0,0,0,0,0,0,0,0,0,0
"CNL_S24","2024_10_08_11-37-03.jpg",2024-10-08,"summer","out",11:37:03,"Centennial_Park",4,"shallow","CNL_S24_T4",13.61216364,2.074,28.23165764,152,2.083333333,47.6197412,-122.3629806,0.683393933,-3.899999857,1.023519757,0.037989816,-0.293691393227759,-0.773661929123547,0.08,0.08,0,0.01,0.4,0,0,0.02,0.18,0,0,0.06,0.02,0,0.15,0,0,0,0,0,0,0,0,0,0,0,0,0,0,0
"CNL_S24","2024_10_08_12-03-52.jpg",2024-10-08,"summer","out",12:03:52,"Centennial_Park",4,"shallow","CNL_S24_T4",13.59386667,2.664969697,36.22658376,1192,16.22222222,47.6196949,-122.3628918,0.652545428,-3.720000029,0.933428255,0.158045332,-0.546521060651374,-0.334348813697667,0.19,0.03,0,0.11,0.25,0,0,0.04,0.14,0.14,0,0.04,0.04,0.02,0,0,0,0,0,0,0,0,0,0,0,0,0,0,0,0
"CNL_S24","2024_10_08_12-04-01.jpg",2024-10-08,"summer","out",12:04:01,"Centennial_Park",4,"shallow","CNL_S24_T4",13.60039264,2.475092025,33.66174331,1198,16.30555556,47.6197027,-122.3628697,0.68576687,-3.7099998,1.03055586,0.121910222,-0.15018152273322,-0.652990198570756,0.09,0.04,0,0.02,0.28,0.11,0,0,0.12,0.19,0,0.06,0.01,0,0.04,0.02,0,0,0,0,0,0,0,0,0,0,0,0,0.02,0
"CNL_S24","2024_10_08_12-04-10.jpg",2024-10-08,"summer","return",12:04:10,"Centennial_Park",4,"shallow","CNL_S24_T4",13.60310909,2.333939394,31.74865297,1204,16.38888889,47.6197072,-122.3629096,0.670363595,-3.649999857,0.98471894,0.131720112,-0.52480756880044,-0.366445806759665,0.22,0,0,0.09,0.33,0.03,0,0.05,0,0.15,0,0.07,0.02,0.02,0.01,0.01,0,0,0,0,0,0,0,0,0,0,0,0,0,0
"CNL_S24","2024_10_08_12-04-19.jpg",2024-10-08,"summer","return",12:04:19,"Centennial_Park",4,"shallow","CNL_S24_T4",13.60899394,2.159818182,29.39297261,1210,16.47222222,47.619714,-122.3628879,0.67581815,-3.589999914,1.000997817,0.117735837,-0.269436578122391,-0.71093199020798,0.09,0.02,0,0.02,0.23,0.04,0,0,0.15,0.29,0,0.1,0.04,0,0,0.02,0,0,0,0,0,0,0,0,0,0,0,0,0,0
"CNL_S24","2024_10_08_12-04-28.jpg",2024-10-08,"summer","return",12:04:28,"Centennial_Park",4,"shallow","CNL_S24_T4",13.59443636,2.745939394,37.32939103,1216,16.55555556,47.619721,-122.3628625,0.664181802,-3.579999924,0.966987312,0.12699567,-0.563059780124248,-1.07397305258458,0.08,0.01,0,0,0.69,0.01,0,0.01,0.1,0.03,0,0,0.04,0,0.01,0.02,0,0,0,0,0,0,0,0,0,0,0,0,0,0
"CNL_S24","2024_10_08_12-04-37.jpg",2024-10-08,"summer","return",12:04:37,"Centennial_Park",4,"shallow","CNL_S24_T4",13.61097576,1.981636364,26.97190661,1222,16.63888889,47.6197202,-122.3629121,0.69163636,-3.579999924,1.048329805,0.101405713,-0.390657029174538,-0.36289811006232,0.18,0.1,0,0.05,0.3,0,0,0,0.24,0.02,0,0.03,0.03,0.01,0.04,0,0,0,0,0,0,0,0,0,0,0,0,0,0,0
"CNL_S24","2024_10_08_12-04-46.jpg",2024-10-08,"summer","return",12:04:46,"Centennial_Park",4,"shallow","CNL_S24_T4",13.59554023,2.792183908,37.96131931,1229,16.75,47.619723,-122.3629218,0.688735617,-3.559999943,1.039711114,0.178622344,-0.727644213827735,-0.628403978875399,0.09,0,0.02,0.13,0.21,0,0,0.03,0.43,0,0.02,0.04,0.03,0,0,0,0,0,0,0,0,0,0,0,0,0,0,0,0,0
"CNL_S24","2024_10_08_12-04-55.jpg",2024-10-08,"summer","return",12:04:55,"Centennial_Park",4,"shallow","CNL_S24_T4",13.5917561,3.044878049,41.38502634,1237,16.83333333,47.6197318,-122.3629128,0.661219489,-3.599999905,0.958481558,0.130126663,-0.730137641928836,-0.30858009415838,0.29,0.02,0,0.08,0.23,0,0,0.02,0.02,0.26,0,0,0.04,0,0,0,0,0,0,0,0,0,0,0,0,0,0,0,0.04,0
"CNL_S24","2024_10_08_12-05-04.jpg",2024-10-08,"summer","return",12:05:04,"Centennial_Park",4,"shallow","CNL_S24_T4",13.5992561,2.360365854,32.09926463,1244,16.94444444,47.6197383,-122.3629207,0.707439005,-3.599999905,1.096764244,0.117991168,-0.634543482057989,-0.833351708824076,0.12,0,0,0.03,0.36,0,0,0,0.02,0.31,0,0,0.08,0.02,0.04,0,0,0.02,0,0,0,0,0,0,0,0,0,0,0,0
"CNL_S24","2024_10_08_12-05-13.jpg",2024-10-08,"summer","return",12:05:13,"Centennial_Park",4,"shallow","CNL_S24_T4",13.60219876,2.463478261,33.50828248,1251,17.02777778,47.6197396,-122.3629212,0.68614907,-3.7099998,1.031684396,0.100814126,-0.695675829460526,-0.54402019076382,0.17,0,0,0.06,0.1,0,0,0.01,0.2,0.1,0,0.06,0.02,0,0,0.12,0,0.02,0.14,0,0,0,0,0,0,0,0,0,0,0
"CNL_S24","2024_10_08_12-05-22.jpg",2024-10-08,"summer","return",12:05:22,"Centennial_Park",4,"shallow","CNL_S24_T4",13.59562805,2.782195122,37.82539518,1257,17.11111111,47.6197213,-122.3629885,0.666158497,-3.809999943,0.972447934,0.142953762,-0.847599985998425,-0.601744196144933,0.26,0,0,0.01,0.35,0,0,0.04,0.19,0.03,0,0,0.02,0,0,0.1,0,0,0,0,0,0,0,0,0,0,0,0,0,0
"CNL_S24","2024_10_08_12-05-31.jpg",2024-10-08,"summer","return",12:05:31,"Centennial_Park",4,"shallow","CNL_S24_T4",13.60873006,2.19190184,29.82900638,1264,17.22222222,47.6197273,-122.3629966,0.695644149,-3.839999914,1.061008521,0.092843244,-0.601636079383406,-0.991034871573767,0.1,0,0,0.02,0.66,0,0,0,0,0.1,0,0,0.08,0.02,0.02,0,0,0,0,0,0,0,0,0,0,0,0,0,0,0
"CNL_S24","2024_10_08_12-05-40.jpg",2024-10-08,"summer","return",12:05:40,"Centennial_Park",4,"shallow","CNL_S24_T4",13.5962,2.598666667,35.332012,1270,17.30555556,47.619726,-122.363026,0.653212094,-3.879999876,0.935461449,0.128718,-0.467222837992208,-1.06579338777073,0.08,0,0,0,0.38,0.04,0,0,0.33,0.1,0,0,0.01,0,0.02,0.04,0,0,0,0,0,0,0,0,0,0,0,0,0,0
"CNL_S24","2024_10_08_12-05-49.jpg",2024-10-08,"summer","return",12:05:49,"Centennial_Park",4,"shallow","CNL_S24_T4",13.59559036,2.785301205,37.86780048,1277,17.38888889,47.6197451,-122.3629581,0.677409611,-3.859999895,1.006219558,0.112329184,-0.552352389137356,-0.799249681527917,0.08,0,0,0.04,0.26,0.04,0,0.01,0.36,0.04,0,0.02,0.11,0,0,0.02,0,0.01,0,0,0,0,0,0,0,0,0,0,0.01,0
"CNL_S24","2024_10_08_12-05-58.jpg",2024-10-08,"summer","return",12:05:58,"Centennial_Park",4,"shallow","CNL_S24_T4",13.60566667,2.320666667,31.574178,1283,17.47222222,47.6197476,-122.3629972,0.690121199,-3.849999905,1.04384506,0.124690435,-0.769913266220707,-0.523989222379868,0.3,0,0,0,0.45,0,0,0,0.06,0,0.01,0.04,0.06,0.04,0,0.03,0,0,0,0,0,0,0,0,0,0,0,0,0.01,0
"CNL_S24","2024_10_08_12-06-07.jpg",2024-10-08,"summer","return",12:06:07,"Centennial_Park",4,"shallow","CNL_S24_T4",13.60242683,2.349329268,31.95577085,1289,17.55555556,47.6197598,-122.363003,0.670914605,-3.899999857,0.986621482,0.105948936,-0.275480064886656,-0.597962729705863,0.06,0.04,0.06,0.03,0.15,0.02,0,0.02,0.43,0.1,0,0,0.05,0,0.02,0.02,0,0,0,0,0,0,0,0,0,0,0,0,0,0
"CNL_S24","2024_10_08_12-06-16.jpg",2024-10-08,"summer","return",12:06:16,"Centennial_Park",4,"shallow","CNL_S24_T4",13.60873171,2.24902439,30.60632634,1295,17.63888889,47.6197685,-122.3629549,0.707256079,-3.929999828,1.096158984,0.059148204,-0.680112976521166,-0.6204811939496,0.02,0.02,0,0.19,0.24,0,0,0.08,0.24,0,0,0.02,0.08,0.04,0.07,0,0,0,0,0,0,0,0,0,0,0,0,0,0,0
"CNL_S24","2024_10_08_12-06-25.jpg",2024-10-08,"summer","return",12:06:25,"Centennial_Park",4,"shallow","CNL_S24_T4",13.60806667,2.183878788,29.71837176,1301,17.72222222,47.6197538,-122.3630059,0.674727253,-3.99000001,0.997627344,0.05693201,-0.902503041548925,-0.365675803838873,0.19,0,0,0.23,0.27,0,0,0.07,0.14,0,0,0.02,0.08,0,0,0,0,0,0,0,0,0,0,0,0,0,0,0,0,0
"CNL_S24","2024_10_08_12-06-34.jpg",2024-10-08,"summer","return",12:06:34,"Centennial_Park",4,"shallow","CNL_S24_T4",13.6051506,2.221445783,30.22289096,1306,17.77777778,47.6197614,-122.3630264,0.661445748,-4.059999943,0.958713398,0.061065096,-0.700534356364497,-0.531191837207435,0.11,0.02,0,0.11,0.15,0.02,0,0.03,0.42,0.04,0,0,0.04,0,0.02,0,0,0.04,0,0,0,0,0,0,0,0,0,0,0,0
"CNL_S24","2024_10_08_12-06-43.jpg",2024-10-08,"summer","return",12:06:43,"Centennial_Park",4,"shallow","CNL_S24_T4",13.59628571,2.869813665,39.01887056,1314,17.88888889,47.6197875,-122.3629922,0.74149067,-4.029999733,1.205054234,0.126095287,-0.748403706798293,-0.895946215473227,0.09,0,0,0.06,0.34,0,0,0,0.39,0.02,0,0,0.03,0.05,0,0,0,0.02,0,0,0,0,0,0,0,0,0,0,0,0
"CNL_S24","2024_10_08_12-06-52.jpg",2024-10-08,"summer","return",12:06:52,"Centennial_Park",4,"shallow","CNL_S24_T4",13.59887805,2.480487805,33.73175195,1320,17.97222222,47.6197811,-122.3630233,0.636219501,-4.190000057,0.887215833,0.110154982,-0.820907174512843,-1.20394163206902,0.06,0,0,0.06,0.84,0,0,0,0,0,0,0,0.04,0,0,0,0,0,0,0,0,0,0,0,0,0,0,0,0,0
"CNL_S24","2024_10_08_12-07-01.jpg",2024-10-08,"summer","return",12:07:01,"Centennial_Park",4,"shallow","CNL_S24_T4",13.60289759,2.432168675,33.08362916,1326,18.05555556,47.6198056,-122.3629863,0.63493975,-4.259999752,0.883446025,0.081932557,-0.855018395708833,-0.828347055590384,0.08,0,0,0.09,0.49,0,0,0.07,0.22,0,0,0,0.05,0,0,0,0,0,0,0,0,0,0,0,0,0,0,0,0,0
"CNL_S24","2024_10_08_12-07-10.jpg",2024-10-08,"summer","return",12:07:10,"Centennial_Park",4,"shallow","CNL_S24_T4",13.59797561,2.641097561,35.9135861,1332,18.13888889,47.6198076,-122.363015,0.69518292,-4.230000019,1.059031025,0.10448513,-0.928295925337732,-1.03236112793827,0.12,0,0,0.04,0.33,0,0,0,0.16,0,0,0,0,0,0,0.1,0,0,0.25,0,0,0,0,0,0,0,0,0,0,0
"CNL_S24","2024_10_08_12-07-19.jpg",2024-10-08,"summer","return",12:07:19,"Centennial_Park",4,"shallow","CNL_S24_T4",13.5988303,2.541818182,34.56550382,1339,18.22222222,47.6198273,-122.363008,0.623515153,-4.259999752,0.851992913,0.100038593,-0.64380111913346,-1.23754499812053,0.04,0.01,0,0,0.55,0,0,0,0.22,0,0,0,0.04,0,0.1,0.04,0,0,0,0,0,0,0,0,0,0,0,0,0,0
"CNL_S24","2024_10_08_12-07-28.jpg",2024-10-08,"summer","return",12:07:28,"Centennial_Park",4,"shallow","CNL_S24_T4",13.58330909,3.307878788,44.93194279,1346,18.33333333,47.6198367,-122.363013,0.697454536,-4.230000019,1.065949938,0.14503575,-0.917338040620408,-0.66462541409788,0.13,0,0,0.12,0.5,0,0,0.06,0,0,0,0,0.06,0,0.13,0,0,0,0,0,0,0,0,0,0,0,0,0,0,0
"CNL_S24","2024_10_08_12-07-37.jpg",2024-10-08,"summer","return",12:07:37,"Centennial_Park",4,"shallow","CNL_S24_T4",13.58333537,3.429939024,46.58998524,1354,18.44444444,47.6198425,-122.3630624,0.612621939,-4.139999866,0.826621626,0.138140838,-0.840433270194187,-0.867300747221267,0.11,0,0,0.06,0.61,0,0,0.02,0.02,0,0,0,0.06,0,0.02,0.08,0.02,0,0,0,0,0,0,0,0,0,0,0,0,0
"CNL_S24","2024_10_08_12-07-46.jpg",2024-10-08,"summer","return",12:07:46,"Centennial_Park",4,"shallow","CNL_S24_T4",13.58942424,2.953212121,40.13241018,1362,18.55555556,47.6198564,-122.3630475,0.664787863,-4.170000076,0.969215727,0.111934155,-0.454113206032167,-1.06427425139659,0.06,0.02,0,0.02,0.58,0,0,0.02,0.1,0.02,0,0,0,0.14,0.04,0,0,0,0,0,0,0,0,0,0,0,0,0,0,0
"CNL_S24","2024_10_08_12-07-55.jpg",2024-10-08,"summer","return",12:07:55,"Centennial_Park",4,"shallow","CNL_S24_T4",13.59380368,2.964539877,40.29939558,1370,18.63888889,47.6198472,-122.3631314,0.626441702,-4.150000095,0.860442396,0.142984572,-0.500609232155367,-1.11359852671909,0.02,0,0,0.09,0.48,0,0,0.03,0,0.2,0,0,0.02,0,0,0.16,0,0,0,0,0,0,0,0,0,0,0,0,0,0
"CNL_S24","2024_10_08_12-08-04.jpg",2024-10-08,"summer","return",12:08:04,"Centennial_Park",4,"shallow","CNL_S24_T4",13.60759006,1.830062112,24.90261168,1376,18.72222222,47.6198389,-122.3631685,0.697329183,-4.049999714,1.065568137,0.049319213,-0.779633292827642,-0.68799102620253,0.1,0,0,0.12,0.42,0,0,0.07,0.04,0.02,0,0,0.08,0,0,0.15,0,0,0,0,0,0,0,0,0,0,0,0,0,0
"CNL_S24","2024_10_08_12-08-13.jpg",2024-10-08,"summer","return",12:08:13,"Centennial_Park",4,"shallow","CNL_S24_T4",13.59752469,2.483950617,33.77557778,1383,18.83333333,47.6198436,-122.3632101,0.674444429,-3.9599998,0.99682587,0.083196481,-0.747891862151594,-0.439253100575476,0.2,0,0,0.12,0.38,0,0,0.06,0.08,0,0,0.04,0.04,0.07,0,0.01,0,0,0,0,0,0,0,0,0,0,0,0,0,0
"CNL_W25","2025_01_27_11-38-49.jpg",2025-01-27,"winter","out",11:38:49,"Centennial_Park",4,"shallow","CNL_W25_T4",13.60253968,2.312698413,31.45856508,0,0,47.6197941,-122.3631095,0.6975238,-4.5,1.066160903,0,-1.0586210030419,0.196984093558983,0.34,0.02,0,0.16,0.02,0,0,0.44,0,0,0,0,0,0.02,0,0,0,0,0,0,0,0,0,0,0,0,0,0,0,0
"CNL_W25","2025_01_27_11-38-55.jpg",2025-01-27,"winter","out",11:38:55,"Centennial_Park",4,"shallow","CNL_W25_T4",13.6011051,2.446178344,33.27072697,4,0.055555556,47.6197816,-122.3630876,0.693949038,-4.480000019,1.055272857,0.073364892,-0.970787069451533,0.115095082493181,0.3,0,0,0.18,0.02,0.02,0,0.36,0,0,0.02,0,0.08,0,0,0,0.02,0,0,0,0,0,0,0,0,0,0,0,0,0
"CNL_W25","2025_01_27_11-39-04.jpg",2025-01-27,"winter","out",11:39:04,"Centennial_Park",4,"shallow","CNL_W25_T4",13.60858095,2.130666667,28.99527886,10,0.138888889,47.6197195,-122.3631896,0.723714251,-4.46999979,1.147735116,0.068388615,-0.840999440028572,0.0744982709681521,0.3,0.04,0,0.12,0.06,0,0,0.3,0,0,0,0,0.14,0,0.04,0,0,0,0,0,0,0,0,0,0,0,0,0,0,0
"CNL_W25","2025_01_27_11-39-10.jpg",2025-01-27,"winter","out",11:39:10,"Centennial_Park",4,"shallow","CNL_W25_T4",13.59561022,2.449520767,33.30241981,14,0.194444444,47.6196409,-122.3633807,0.713769943,-4.5,1.116466858,0.113344609,-0.87905461174556,0.270969805145491,0.44,0.04,0,0.1,0.02,0,0,0.22,0,0,0,0,0.12,0,0.06,0,0,0,0,0,0,0,0,0,0,0,0,0,0,0
"CNL_W25","2025_01_27_11-39-19.jpg",2025-01-27,"winter","out",11:39:19,"Centennial_Park",4,"shallow","CNL_W25_T4",13.59210543,2.933833866,39.87702936,20,0.277777778,47.6197414,-122.3631858,0.727156518,-4.509999752,1.158718381,0.115512345,-0.996721155625047,0.251431275293142,0.5,0.02,0,0.14,0.04,0,0,0.22,0,0,0,0,0.08,0,0,0,0,0,0,0,0,0,0,0,0,0,0,0,0,0
"CNL_W25","2025_01_27_11-39-28.jpg",2025-01-27,"winter","out",11:39:28,"Centennial_Park",4,"shallow","CNL_W25_T4",13.60913924,2.157468354,29.36101063,26,0.361111111,47.6197027,-122.3634498,0.711044281,-4.519999981,1.108050406,0.175041229,-1.04111279612741,0.375434907652294,0.56,0.02,0,0.14,0,0,0,0.22,0,0,0,0,0.04,0,0.02,0,0,0,0,0,0,0,0,0,0,0,0,0,0,0
"CNL_W25","2025_01_27_11-39-34.jpg",2025-01-27,"winter","out",11:39:34,"Centennial_Park",4,"shallow","CNL_W25_T4",13.6167873,1.858222222,25.30308597,30,0.416666667,47.6198355,-122.363232,0.677523797,-4.529999733,1.005955619,0.087314592,-0.619939620576743,0.272183913360416,0.36,0.08,0,0.08,0.02,0.02,0,0.3,0,0,0,0,0.04,0,0.1,0,0,0,0,0,0,0,0,0,0,0,0,0,0,0
"CNL_W25","2025_01_27_11-39-43.jpg",2025-01-27,"winter","out",11:39:43,"Centennial_Park",4,"shallow","CNL_W25_T4",13.59628889,2.691873016,36.59934546,36,0.5,47.6199998,-122.3634977,0.675904719,-4.449999809,1.001757411,0.27616186,-0.91862093291168,0.0977552605807401,0.34,0.02,0,0.14,0.04,0,0,0.36,0,0.02,0,0,0.04,0,0.02,0.02,0,0,0,0,0,0,0,0,0,0,0,0,0,0
"CNL_W25","2025_01_27_11-39-49.jpg",2025-01-27,"winter","out",11:39:49,"Centennial_Park",4,"shallow","CNL_W25_T4",13.5782943,4.258734177,57.82578807,42,0.583333333,47.6198887,-122.3633004,0.880348096,-4.349999905,1.698284738,0.089094544,-1.19586509582142,0.0860089181037669,0.36,0,0,0.22,0.02,0,0,0.3,0.04,0,0,0,0,0,0.02,0.04,0,0,0,0,0,0,0,0,0,0,0,0,0,0
"CNL_W25","2025_01_27_11-39-58.jpg",2025-01-27,"winter","out",11:39:58,"Centennial_Park",4,"shallow","CNL_W25_T4",13.57475316,3.763101266,51.07167873,55,0.75,47.6198577,-122.3631117,0.67405061,-4.679999828,0.995625724,0.031981798,-1.13497543728987,0.395463206448511,0.54,0,0,0.12,0,0,0,0.28,0,0,0,0,0.04,0.02,0,0,0,0,0,0,0,0,0,0,0,0,0,0,0,0
"CNL_W25","2025_01_27_11-40-04.jpg",2025-01-27,"winter","out",11:40:04,"Centennial_Park",4,"shallow","CNL_W25_T4",13.60282428,2.322236422,31.58767438,60,0.805555556,47.6197526,-122.3632696,0.581565477,-4.730000019,0.741336631,0.120114438,-1.03918286125807,0.251356418517894,0.46,0.02,0,0.14,0.02,0,0,0.28,0,0,0,0,0.02,0,0.06,0,0,0,0,0,0,0,0,0,0,0,0,0,0,0
"CNL_W25","2025_01_27_11-40-10.jpg",2025-01-27,"winter","out",11:40:10,"Centennial_Park",4,"shallow","CNL_W25_T4",13.62117516,1.71455414,23.35297175,64,0.861111111,47.6199233,-122.3635456,0.624554141,-4.599999905,0.854822043,0.074169907,-0.874653536959215,0.244366692086656,0.36,0.04,0,0.24,0,0,0,0.24,0,0,0,0,0.08,0.02,0.02,0,0,0,0,0,0,0,0,0,0,0,0,0,0,0
"CNL_W25","2025_01_27_11-40-16.jpg",2025-01-27,"winter","out",11:40:16,"Centennial_Park",4,"shallow","CNL_W25_T4",13.59540065,2.983517915,40.56196169,68,0.916666667,47.6200227,-122.3635447,0.676188913,-4.519999981,1.001951168,0.221022103,-0.878889616018605,-0.0607731353932496,0.12,0.04,0,0.46,0,0,0,0.24,0,0,0,0,0.06,0.04,0.04,0,0,0,0,0,0,0,0,0,0,0,0,0,0,0
"CNL_W25","2025_01_27_11-40-22.jpg",2025-01-27,"winter","out",11:40:22,"Centennial_Park",4,"shallow","CNL_W25_T4",13.60298726,2.443248408,33.23523204,72,0.972222222,47.6197937,-122.3636581,0.694203815,-4.509999752,1.05612283,0.361917518,-0.610204520369384,0.103965425776432,0.14,0.08,0,0.52,0.04,0,0,0.18,0,0,0,0,0.02,0.02,0,0,0,0,0,0,0,0,0,0,0,0,0,0,0,0
"CNL_W25","2025_01_27_11-40-28.jpg",2025-01-27,"winter","out",11:40:28,"Centennial_Park",4,"shallow","CNL_W25_T4",13.59548562,2.819361022,38.33063917,76,1.027777778,47.619962,-122.3632926,0.718977606,-4.509999752,1.132840864,0.198029986,-0.699171905364198,0.0225929808198994,0.22,0.08,0,0.36,0.06,0,0,0.16,0.04,0,0,0,0.04,0,0.04,0,0,0,0,0,0,0,0,0,0,0,0,0,0,0
"CNL_W25","2025_01_27_11-40-34.jpg",2025-01-27,"winter","out",11:40:34,"Centennial_Park",4,"shallow","CNL_W25_T4",13.59684615,2.526025641,34.34544603,81,1.111111111,47.6199284,-122.3631729,0.725608938,-4.519999981,1.153755074,0.128594494,-0.946643185345516,0.0955182078470868,0.32,0.04,0,0.36,0.06,0,0,0.22,0,0,0,0,0,0,0,0,0,0,0,0,0,0,0,0,0,0,0,0,0,0
"CNL_W25","2025_01_27_11-40-37.jpg",2025-01-27,"winter","out",11:40:37,"Centennial_Park",4,"shallow","CNL_W25_T4",13.59691586,2.678608414,36.42082534,83,1.138888889,47.6198611,-122.3632556,0.717702237,-4.519999981,1.128902709,0.086345774,-1.15910522852594,0.299127348023607,0.54,0,0,0.2,0,0,0,0.18,0,0.02,0,0,0,0,0.06,0,0,0,0,0,0,0,0,0,0,0,0,0,0,0
"CNL_W25","2025_01_27_11-40-43.jpg",2025-01-27,"winter","out",11:40:43,"Centennial_Park",4,"shallow","CNL_W25_T4",13.60713057,2.131464968,29.00297226,88,1.194444444,47.6199962,-122.3635852,0.71009552,-4.529999733,1.105036769,0.313054963,-1.04309642875316,0.240125661652703,0.46,0,0,0.22,0,0,0,0.18,0,0.02,0,0,0.04,0.02,0.04,0,0,0.02,0,0,0,0,0,0,0,0,0,0,0,0
"CNL_W25","2025_01_27_11-40-49.jpg",2025-01-27,"winter","out",11:40:49,"Centennial_Park",4,"shallow","CNL_W25_T4",13.60930032,2.309872204,31.43460141,92,1.25,47.6200367,-122.3633931,0.699968035,-4.529999733,1.073941615,0.204837832,-1.2231742326005,0.406169090082319,0.68,0,0,0.14,0,0,0,0.08,0,0,0,0,0.02,0,0.08,0,0,0,0,0,0,0,0,0,0,0,0,0,0,0
"CNL_W25","2025_01_27_11-40-55.jpg",2025-01-27,"winter","out",11:40:55,"Centennial_Park",4,"shallow","CNL_W25_T4",13.59427215,2.816518987,38.28816601,96,1.305555556,47.6199257,-122.3632293,0.710189852,-4.509999752,1.10535367,0.099068543,-1.06122149061039,0.409230679807188,0.66,0.02,0,0.14,0,0,0,0.1,0,0,0,0,0.04,0,0.04,0,0,0,0,0,0,0,0,0,0,0,0,0,0,0
"CNL_W25","2025_01_27_11-41-01.jpg",2025-01-27,"winter","out",11:41:01,"Centennial_Park",4,"shallow","CNL_W25_T4",13.59878997,2.364357367,32.1523294,101,1.361111111,47.6199173,-122.363733,0.741065813,-4.5,1.203870217,0.267542742,-1.14643749955541,0.386120207287863,0.66,0,0,0.08,0.02,0,0,0.1,0,0,0,0,0.1,0,0.04,0,0,0,0,0,0,0,0,0,0,0,0,0,0,0
"CNL_W25","2025_01_27_11-41-07.jpg",2025-01-27,"winter","return",11:41:07,"Centennial_Park",4,"shallow","CNL_W25_T4",13.61509446,2.025081433,27.57155388,105,1.416666667,47.6200208,-122.3635121,0.746254055,-4.509999752,1.220635238,0.237858195,-1.14151140522701,0.465970859503971,0.74,0,0,0.1,0.02,0,0,0.06,0,0,0,0,0.02,0.02,0.02,0,0,0,0,0,0,0,0.02,0,0,0,0,0,0,0
"CNL_W25","2025_01_27_11-41-13.jpg",2025-01-27,"winter","return",11:41:13,"Centennial_Park",4,"shallow","CNL_W25_T4",13.59939617,2.508434505,34.1132492,110,1.5,47.619953,-122.3632271,0.729999959,-4.539999962,1.167706597,0.120010313,-1.0806496496669,0.391563803725227,0.66,0.02,0,0.16,0.02,0,0,0.1,0,0,0,0,0,0,0.04,0,0,0,0,0,0,0,0,0,0,0,0,0,0,0
"CNL_W25","2025_01_27_11-41-22.jpg",2025-01-27,"winter","return",11:41:22,"Centennial_Park",4,"shallow","CNL_W25_T4",13.59021698,2.947075472,40.05072896,117,1.583333333,47.6199492,-122.36307,0.693962258,-4.559999943,1.055313121,0.128720432,-1.03639541047677,0.0602827580609443,0.28,0,0,0.3,0,0.04,0,0.26,0,0,0,0,0.04,0,0.08,0,0,0,0,0,0,0,0,0,0,0,0,0,0,0
"CNL_W25","2025_01_27_11-41-31.jpg",2025-01-27,"winter","return",11:41:31,"Centennial_Park",4,"shallow","CNL_W25_T4",13.59962658,2.479493671,33.72018038,123,1.666666667,47.6199527,-122.3630715,0.683069622,-4.529999733,1.02248293,0.108731933,-0.775773021599915,-0.0127293957441502,0.2,0.06,0,0.32,0.04,0,0,0.22,0.06,0,0,0,0.06,0,0.04,0,0,0,0,0,0,0,0,0,0,0,0,0,0,0
"CNL_W25","2025_01_27_11-41-40.jpg",2025-01-27,"winter","return",11:41:40,"Centennial_Park",4,"shallow","CNL_W25_T4",13.58951911,2.996719745,40.72402347,129,1.75,47.6199527,-122.3630715,0.695191073,-4.519999981,1.05912983,0.114855392,-1.14988148184484,0.0168414900077328,0.26,0,0,0.26,0.02,0,0,0.36,0,0,0,0,0.06,0.02,0.02,0,0,0,0,0,0,0,0,0,0,0,0,0,0,0
"CNL_W25","2025_01_27_11-41-52.jpg",2025-01-27,"winter","return",11:41:52,"Centennial_Park",4,"shallow","CNL_W25_T4",13.60151111,2.437333333,33.15139556,138,1.861111111,47.6199527,-122.3630715,0.712317437,-4.509999752,1.111878969,0.088825555,-0.456672325894235,0.144027205968985,0.18,0.14,0,0.28,0.04,0,0,0.12,0,0,0,0,0.2,0,0.04,0,0,0,0,0,0,0,0,0,0,0,0,0,0,0
"CNL_W25","2025_01_27_11-42-04.jpg",2025-01-27,"winter","return",11:42:04,"Centennial_Park",4,"shallow","CNL_W25_T4",13.59387619,2.754761905,37.44784429,146,1.972222222,47.6199527,-122.3630715,0.683841273,-4.480000019,1.024756425,0.089490239,-0.970702125550795,0.149669557155634,0.3,0.02,0,0.3,0,0,0,0.24,0,0.02,0,0,0.1,0,0,0,0.02,0,0,0,0,0,0,0,0,0,0,0,0,0
"CNL_W25","2025_01_27_11-42-13.jpg",2025-01-27,"winter","return",11:42:13,"Centennial_Park",4,"shallow","CNL_W25_T4",13.60205769,2.348653846,31.94610808,153,2.083333333,47.6199527,-122.3630715,0.710865362,-4.449999809,1.107482232,0.087924958,-0.917003994831807,0.344304772606225,0.58,0.02,0,0.1,0.02,0.02,0,0.08,0,0,0,0,0.06,0,0.06,0,0.04,0.02,0,0,0,0,0,0,0,0,0,0,0,0
"CNL_W25","2025_01_27_11-42-25.jpg",2025-01-27,"winter","return",11:42:25,"Centennial_Park",4,"shallow","CNL_W25_T4",13.59611821,2.740830671,37.26457035,161,2.194444444,47.6199527,-122.3630715,0.715910516,-4.409999847,1.123119651,0.092185013,-0.990032270900289,0.163757215264171,0.36,0.02,0,0.24,0.02,0,0,0.24,0,0,0,0,0,0.02,0.04,0.04,0,0.02,0,0,0,0,0,0,0,0,0,0,0,0
"CNL_W25","2025_01_27_11-42-37.jpg",2025-01-27,"winter","return",11:42:37,"Centennial_Park",4,"shallow","CNL_W25_T4",13.5950228,2.896872964,39.38291492,170,2.305555556,47.6199527,-122.3630715,0.682345282,-4.429999828,1.020265479,0.093953506,-0.766561709158267,0.120185063543957,0.26,0.04,0,0.32,0.02,0,0,0.22,0,0.02,0,0,0.06,0.04,0,0.02,0,0,0,0,0,0,0,0,0,0,0,0,0,0
"CNL_W25","2025_01_27_11-42-46.jpg",2025-01-27,"winter","return",11:42:46,"Centennial_Park",4,"shallow","CNL_W25_T4",13.5897619,3.371873016,45.82120629,177,2.416666667,47.6199527,-122.3630715,0.710539661,-4.369999886,1.106290293,0.073634438,-0.628148825739275,0.148331709486431,0.2,0.06,0,0.22,0,0.02,0,0.36,0,0.02,0,0,0.08,0,0.04,0,0,0,0,0,0,0,0,0,0,0,0,0,0,0
"CNL_W25","2025_01_27_11-42-58.jpg",2025-01-27,"winter","return",11:42:58,"Centennial_Park",4,"shallow","CNL_W25_T4",13.59459177,2.995189873,40.71823858,187,2.527777778,47.6199527,-122.3630715,0.719082248,-4.360000134,1.133058146,0.115813495,-1.04531267784838,-0.0446794726077211,0.22,0.02,0,0.38,0,0,0,0.16,0.06,0,0,0,0.06,0,0,0.1,0,0,0,0,0,0,0,0,0,0,0,0,0,0
"CNL_W25","2025_01_27_11-43-10.jpg",2025-01-27,"winter","return",11:43:10,"Centennial_Park",4,"shallow","CNL_W25_T4",13.60032911,2.564588608,34.87924547,196,2.666666667,47.6199527,-122.3630715,0.696392397,-4.329999924,1.062917343,0.076070353,-1.08331668703396,0.0105554118678771,0.22,0.02,0,0.54,0,0,0,0.1,0,0,0,0,0.06,0.02,0.04,0,0,0,0,0,0,0,0,0,0,0,0,0,0,0
"CNL_W25","2025_01_27_11-43-22.jpg",2025-01-27,"winter","return",11:43:22,"Centennial_Park",4,"shallow","CNL_W25_T4",13.59614744,2.895833333,39.37216859,205,2.777777778,47.6199527,-122.3630715,0.696538453,-4.299999714,1.063166745,0.094315623,-1.33063026221373,-0.238077142176383,0.12,0,0,0.58,0,0,0,0.16,0.02,0,0,0,0.04,0,0,0.04,0,0,0.04,0,0,0,0,0,0,0,0,0,0,0
"CNL_W25","2025_01_27_11-44-37.jpg",2025-01-27,"winter","return",11:44:37,"Centennial_Park",4,"shallow","CNL_W25_T4",13.63328,1.6032,21.8468608,262,3.555555556,47.6199527,-122.3630715,0.755066662,-4.110000134,1.24935488,0.131578725,-0.91967749187307,0.115491390438537,0.3,0.02,0,0.3,0.02,0.02,0,0.16,0,0,0,0,0.14,0,0,0.02,0,0,0.02,0,0,0,0,0,0,0,0,0,0,0
"CNL_W25","2025_01_27_11-44-46.jpg",2025-01-27,"winter","return",11:44:46,"Centennial_Park",4,"shallow","CNL_W25_T4",13.64405369,1.484563758,20.25382678,267,3.611111111,47.6199527,-122.3630715,0.701677839,-4.170000076,1.078886848,0.081945975,-0.621920708708406,0.127064932425606,0.24,0.06,0,0.32,0.02,0.06,0,0.2,0,0,0,0,0.08,0,0,0,0.02,0,0,0,0,0,0,0,0,0,0,0,0,0
"CNL_W25","2025_01_27_11-44-58.jpg",2025-01-27,"winter","return",11:44:58,"Centennial_Park",4,"shallow","CNL_W25_T4",13.62863448,1.782896552,24.29421428,272,3.694444444,47.6199527,-122.3630715,0.690965514,-4.199999809,1.046360905,0.082634604,-0.674634874744117,-0.0405181980816406,0.12,0.06,0,0.46,0.04,0,0,0.14,0.02,0,0.02,0,0.08,0,0.04,0,0,0.02,0,0,0,0,0,0,0,0,0,0,0,0
"CNL_W25","2025_01_27_11-45-13.jpg",2025-01-27,"winter","return",11:45:13,"Centennial_Park",4,"shallow","CNL_W25_T4",13.62046309,1.542550336,21.01001745,279,3.805555556,47.6199527,-122.3630715,0.764765087,-4.089999676,1.281630076,0.05028206,-0.757762885084831,0.14038545928035,0.3,0.06,0,0.38,0.04,0,0,0.1,0,0,0,0,0.06,0.04,0.02,0,0,0,0,0,0,0,0,0,0,0,0,0,0,0
"CNL_W25","2025_01_27_11-45-31.jpg",2025-01-27,"winter","return",11:45:31,"Centennial_Park",4,"shallow","CNL_W25_T4",13.63577852,1.425100671,19.42988094,287,3.888888889,47.6199527,-122.3630715,0.739530203,-4.150000095,1.198442785,0.037183827,-0.870434936327473,0.304408905721625,0.44,0.04,0,0.26,0,0,0,0.14,0,0,0,0,0.08,0.04,0,0,0,0,0,0,0,0,0,0,0,0,0,0,0,0
"CNL_W25","2025_01_27_11-45-46.jpg",2025-01-27,"winter","return",11:45:46,"Centennial_Park",4,"shallow","CNL_W25_T4",13.61238926,1.892214765,25.75620785,293,4,47.6199527,-122.3630715,0.755100666,-4.150000095,1.249444019,0.069476458,-1.15297786368486,0.37557206948257,0.64,0,0,0.2,0,0,0,0.02,0,0.02,0,0,0.08,0,0.02,0,0,0,0,0,0,0.02,0,0,0,0,0,0,0,0
"CNL_W25","2025_01_27_11-45-58.jpg",2025-01-27,"winter","return",11:45:58,"Centennial_Park",4,"shallow","CNL_W25_T4",13.61534694,1.800612245,24.5159249,299,4.055555556,47.6199527,-122.3630715,0.711360521,-4.150000095,1.108862428,0.075039654,-1.13642056886186,0.334319170355251,0.56,0,0,0.18,0,0.02,0,0.16,0,0,0,0,0,0,0.08,0,0,0,0,0,0,0,0,0,0,0,0,0,0,0
"CNL_W25","2025_01_27_11-46-13.jpg",2025-01-27,"winter","return",11:46:13,"Centennial_Park",4,"shallow","CNL_W25_T4",13.6282027,1.674189189,22.81605338,307,4.166666667,47.6199527,-122.3630715,0.764999986,-4.159999847,1.282473855,0.073741566,-1.26122750004205,0.52603442204101,0.8,0,0,0.1,0,0,0,0.08,0,0,0,0,0,0,0.02,0,0,0,0,0,0,0,0,0,0,0,0,0,0,0
"CNL_W25","2025_01_27_11-46-28.jpg",2025-01-27,"winter","return",11:46:28,"Centennial_Park",4,"shallow","CNL_W25_T4",13.62288,1.688,22.9953528,314,4.25,47.6199527,-122.3630715,0.775199976,-4.190000057,1.31694697,0.072154756,-1.16133157012354,0.222184138032377,0.56,0,0,0.24,0.06,0,0,0.04,0,0,0,0,0.1,0,0,0,0,0,0,0,0,0,0,0,0,0,0,0,0,0
"CNL_W25","2025_01_27_11-46-40.jpg",2025-01-27,"winter","return",11:46:40,"Centennial_Park",4,"shallow","CNL_W25_T4",13.6188,1.899466667,25.86731867,319,4.333333333,47.6199527,-122.3630715,0.761999989,-4.210000038,1.272485486,0.064510897,-1.0263252994844,0.27552406733445,0.56,0,0,0.1,0.02,0,0,0.18,0,0.04,0,0,0.04,0,0.06,0,0,0,0,0,0,0,0,0,0,0,0,0,0,0
"CNL_W25","2025_01_27_11-46-52.jpg",2025-01-27,"winter","return",11:46:52,"Centennial_Park",4,"shallow","CNL_W25_T4",13.61065333,2.017866667,27.46434853,326,4.416666667,47.6199527,-122.3630715,0.741066675,-4.199999809,1.203400438,0.089922975,-1.06711539682354,-0.180418637816821,0.14,0.02,0,0.54,0.04,0,0,0.14,0,0,0,0,0.08,0,0.04,0,0,0,0,0,0,0,0,0,0,0,0,0,0,0
"CNL_W25","2025_01_27_11-47-04.jpg",2025-01-27,"winter","return",11:47:04,"Centennial_Park",4,"shallow","CNL_W25_T4",13.62140397,1.676490066,22.83614477,332,4.527777778,47.6198595,-122.3631876,0.744039723,-4.239999771,1.213237845,1.28668353,-0.676045915981821,0.210780286970823,0.32,0.08,0,0.3,0,0.02,0,0.14,0.02,0,0,0,0.1,0,0.02,0,0,0,0,0,0,0,0,0,0,0,0,0,0,0
"CNL_W25","2025_01_27_11-47-16.jpg",2025-01-27,"winter","return",11:47:16,"Centennial_Park",4,"shallow","CNL_W25_T4",13.61689262,1.956912752,26.64703557,338,4.611111111,47.6198811,-122.3631756,0.750536912,-4.239999771,1.234478959,0.231841972,-1.05155279051646,0.11629991675623,0.32,0.02,0,0.24,0.02,0,0,0.34,0,0,0,0,0.04,0,0.02,0,0,0,0,0,0,0,0,0,0,0,0,0,0,0
"CNL_W25","2025_01_27_11-47-31.jpg",2025-01-27,"winter","return",11:47:31,"Centennial_Park",4,"shallow","CNL_W25_T4",13.61241722,2.020066225,27.49793795,346,4.694444444,47.6200535,-122.3633985,0.742450325,-4.230000019,1.20801374,0.755678997,-1.05876657121342,0.672348077970341,0.78,0.02,0,0.02,0,0,0,0.16,0,0,0,0,0,0,0,0,0.02,0,0,0,0,0,0,0,0,0,0,0,0,0
"CNL_W25","2025_01_27_11-47-43.jpg",2025-01-27,"winter","return",11:47:43,"Centennial_Park",4,"shallow","CNL_W25_T4",13.61663758,1.761409396,23.98443188,352,4.805555556,47.6198324,-122.3635922,0.74000001,-4.170000076,1.199917845,0.925356836,-0.845001623592343,0.472833002968574,0.6,0.04,0,0.08,0,0.02,0,0.24,0,0,0,0,0.02,0,0,0,0,0,0,0,0,0,0,0,0,0,0,0,0,0
"CNL_W25","2025_01_27_11-47-58.jpg",2025-01-27,"winter","return",11:47:58,"Centennial_Park",4,"shallow","CNL_W25_T4",13.613,1.939395973,26.40099738,360,4.888888889,47.6199568,-122.3631036,0.755302008,-4.179999828,1.250142565,0.378753262,-1.18802634885109,0.344165667468271,0.56,0,0,0.14,0,0,0,0.24,0,0,0,0,0.04,0,0.02,0,0,0,0,0,0,0,0,0,0,0,0,0,0,0
"CNL_W25","2025_01_27_11-48-10.jpg",2025-01-27,"winter","return",11:48:10,"Centennial_Park",4,"shallow","CNL_W25_T4",13.61585235,1.774630872,24.16275624,366,4.972222222,47.6198125,-122.3631598,0.746912755,-4.179999828,1.222487498,0.488625668,-0.532468363393618,0.287122145367951,0.4,0.14,0,0.24,0,0,0,0.1,0.02,0,0,0,0.08,0.02,0,0,0,0,0,0,0,0,0,0,0,0,0,0,0,0
"CNL_W25","2025_01_27_11-48-22.jpg",2025-01-27,"winter","return",11:48:22,"Centennial_Park",4,"shallow","CNL_W25_T4",13.60956376,1.919597315,26.1247349,372,5.055555556,47.6197946,-122.3631804,0.756644289,-4.170000076,1.254551493,0.416447959,-1.30442029507489,0.037737476040895,0.28,0,0,0.38,0,0,0,0.24,0.02,0,0,0,0,0,0.08,0,0,0,0,0,0,0,0,0,0,0,0,0,0,0
"CNL_W25","2025_01_27_11-48-34.jpg",2025-01-27,"winter","return",11:48:34,"Centennial_Park",4,"shallow","CNL_W25_T4",13.61458389,1.926040268,26.22233282,378,5.138888889,47.6197313,-122.3632427,0.756711403,-4.159999847,1.254773557,0.218175469,-0.546671711311071,0.292129596166372,0.3,0.12,0,0.34,0,0,0,0.16,0,0,0,0,0.04,0.04,0,0,0,0,0,0,0,0,0,0,0,0,0,0,0,0
"CNL_W25","2025_01_27_11-48-43.jpg",2025-01-27,"winter","return",11:48:43,"Centennial_Park",4,"shallow","CNL_W25_T4",13.60978667,1.990266667,27.0871812,383,5.222222222,47.6197516,-122.3631833,0.754999995,-4.110000134,1.249143061,0.342761962,-0.930975648691239,0.19612016249024,0.3,0.04,0,0.32,0,0,0,0.26,0,0,0,0,0.08,0,0,0,0,0,0,0,0,0,0,0,0,0,0,0,0,0
"CNL_W25","2025_01_27_11-48-52.jpg",2025-01-27,"winter","return",11:48:52,"Centennial_Park",4,"shallow","CNL_W25_T4",13.60582,2.0604,28.0333496,389,5.277777778,47.6197756,-122.3631043,0.736866657,-4.119999886,1.189851271,0.252900599,-1.07761763486246,0.348662489572688,0.64,0,0,0.14,0.02,0.02,0,0.12,0,0,0,0,0.02,0,0.04,0,0,0,0,0,0,0,0,0,0,0,0,0,0,0
"CNL_W25","2025_01_27_11-49-04.jpg",2025-01-27,"winter","return",11:49:04,"Centennial_Park",4,"shallow","CNL_W25_T4",13.60504054,2.121756757,28.86639892,395,5.388888889,47.6197478,-122.3631377,0.733648626,-4.150000095,1.17945935,0.207506025,-1.11926084462469,0.206301885899717,0.5,0,0,0.1,0.06,0,0,0.26,0,0,0,0,0.08,0,0,0,0,0,0,0,0,0,0,0,0,0,0,0,0,0
"CNL_W25","2025_01_27_11-49-10.jpg",2025-01-27,"winter","return",11:49:10,"Centennial_Park",4,"shallow","CNL_W25_T4",13.62306207,1.796275862,24.470824,399,5.416666667,47.6197687,-122.3630812,0.789586169,-4.110000134,1.366307637,0.177652559,-0.833205037545697,0.433611927354354,0.44,0.04,0,0.02,0.02,0,0,0.38,0.04,0,0,0,0.06,0,0,0,0,0,0,0,0,0,0,0,0,0,0,0,0,0
"CNL_W25","2025_01_27_11-49-25.jpg",2025-01-27,"winter","return",11:49:25,"Centennial_Park",4,"shallow","CNL_W25_T4",13.615,1.81961039,24.77399545,406,5.527777778,47.6197457,-122.363079,0.74636364,-4.130000114,1.220694675,0.130103663,-0.764417847370731,0.139496689884215,0.3,0.02,0,0.22,0.02,0.02,0.02,0.28,0,0.02,0,0,0.06,0,0.02,0,0,0.02,0,0,0,0,0,0,0,0,0,0,0,0
"CNL_W25","2025_01_27_11-49-40.jpg",2025-01-27,"winter","return",11:49:40,"Centennial_Park",4,"shallow","CNL_W25_T4",13.60368613,2.111386861,28.72107518,414,5.638888889,47.6197625,-122.3630288,0.752116786,-4.079999924,1.239571082,0.099298475,-1.03534280183886,-0.0873030815398237,0.2,0.02,0,0.48,0.04,0,0,0.14,0.04,0,0,0,0.08,0,0,0,0,0,0,0,0,0,0,0,0,0,0,0,0,0
"CNL_W25","2025_01_27_11-49-52.jpg",2025-01-27,"winter","return",11:49:52,"Centennial_Park",4,"shallow","CNL_W25_T4",13.61327152,1.917152318,26.09860179,420,5.722222222,47.6197425,-122.363054,0.760728467,-4.049999714,1.268256599,0.121094929,-0.752671228006531,0.21446729103555,0.2,0.04,0,0.26,0,0,0,0.32,0,0,0,0,0.1,0.06,0,0,0,0.02,0,0,0,0,0,0,0,0,0,0,0,0
"CNL_W25","2025_01_27_11-50-04.jpg",2025-01-27,"winter","return",11:50:04,"Centennial_Park",4,"shallow","CNL_W25_T4",13.60141722,2.364900662,32.16599338,427,5.805555556,47.6197384,-122.3630518,0.774569513,-4.009999752,1.314700483,0.15386696,-0.799639200173705,0.0190610990904092,0.42,0.04,0,0.12,0.14,0,0,0.12,0.02,0,0,0,0.06,0.02,0.04,0.02,0,0,0,0,0,0,0,0,0,0,0,0,0,0
"CNL_W25","2025_01_27_11-50-16.jpg",2025-01-27,"winter","return",11:50:16,"Centennial_Park",4,"shallow","CNL_W25_T4",13.61118543,2.045629139,27.84341768,434,5.916666667,47.6197546,-122.3630063,0.756423835,-4.049999714,1.253900426,0.13412535,-0.472317333910427,0.0542064659892325,0.24,0.04,0,0.12,0.04,0.06,0.02,0.32,0,0.04,0,0,0.08,0.04,0,0,0,0,0,0,0,0,0,0,0,0,0,0,0,0
"CNL_W25","2025_01_27_11-50-25.jpg",2025-01-27,"winter","return",11:50:25,"Centennial_Park",4,"shallow","CNL_W25_T4",13.61391892,2.104324324,28.64815189,440,5.972222222,47.6197475,-122.3630106,0.724324322,-4.079999924,1.150603277,0.132772451,-1.17166727387612,0.295195954084981,0.52,0,0,0.1,0.02,0,0,0.3,0,0,0,0,0.04,0,0.02,0,0,0,0,0,0,0,0,0,0,0,0,0,0,0
"EBM_S24","2024_10_09_11-36-24.jpg",2024-10-09,"summer","out",11:36:24,"Elliott_Bay_Marina",4,"shallow","EBM_S24_T4",13.13254626,34.67354626,455.3315318,0,0,47.6273128,-122.392193,0.535572671,-5.589999676,0.631620218,0,1.31001684194081,-0.252223638032483,0,0.76,0,0,0,0.04,0.12,0,0,0.02,0,0.02,0,0,0,0.04,0,0,0,0,0,0,0,0,0,0,0,0,0,0
"EBM_S24","2024_10_09_11-36-33.jpg",2024-10-09,"summer","out",11:36:33,"Elliott_Bay_Marina",4,"shallow","EBM_S24_T4",13.67466234,1.051948052,14.38478182,37,0.472222222,47.6273098,-122.3921922,1.218809525,-5.409999847,3.256510474,0.046721231,0.820101584781946,0.1247764075389,0,0.34,0.18,0,0,0.02,0.18,0,0.02,0.08,0,0.02,0.08,0,0,0.04,0,0.02,0,0,0,0,0,0,0,0,0,0,0.02,0
"EBM_S24","2024_10_09_11-36-42.jpg",2024-10-09,"summer","out",11:36:42,"Elliott_Bay_Marina",4,"shallow","EBM_S24_T4",13.60515686,2.641045752,35.93162248,46,0.611111111,47.62729,-122.3921953,0.958736335,-5.389999866,2.040213916,0.122067632,1.00309154095937,-0.377473838380408,0,0.64,0,0,0.02,0.14,0.02,0,0,0.02,0,0.08,0,0,0.02,0.04,0,0,0,0,0,0.02,0,0,0,0,0,0,0,0
"EBM_S24","2024_10_09_11-36-51.jpg",2024-10-09,"summer","out",11:36:51,"Elliott_Bay_Marina",4,"shallow","EBM_S24_T4",13.60598698,2.52637744,34.37402993,52,0.694444444,47.6272783,-122.3921904,0.873405616,-5.119999886,1.679175478,0.089398903,0.764837737014825,-0.307171766250266,0,0.48,0.04,0,0.08,0.12,0.06,0,0.04,0.1,0.02,0,0,0,0,0.04,0,0,0,0,0,0.02,0,0,0,0,0,0,0,0
"EBM_S24","2024_10_09_11-37-00.jpg",2024-10-09,"summer","out",11:37:00,"Elliott_Bay_Marina",4,"shallow","EBM_S24_T4",13.57240435,4.826521739,65.49998113,59,0.777777778,47.6272702,-122.3921646,0.583478249,-5.150000095,0.751261436,0.103814023,0.972216991819543,-0.615294492917282,0,0.22,0,0,0,0.24,0,0,0,0.02,0.08,0.08,0,0.04,0,0.32,0,0,0,0,0,0,0,0,0,0,0,0,0,0
"EBM_S24","2024_10_09_11-37-09.jpg",2024-10-09,"summer","out",11:37:09,"Elliott_Bay_Marina",4,"shallow","EBM_S24_T4",13.60709868,2.503662281,34.06207774,66,0.888888889,47.6272833,-122.3921383,0.817192949,-4.859999657,1.483056395,0.110314428,0.976564264954563,-0.00694383823524111,0,0.3,0.12,0,0,0.08,0.02,0,0.02,0.14,0.02,0,0,0,0,0.28,0,0,0,0,0,0,0,0,0,0,0,0.02,0,0
"EBM_S24","2024_10_09_11-37-18.jpg",2024-10-09,"summer","out",11:37:18,"Elliott_Bay_Marina",4,"shallow","EBM_S24_T4",13.61275652,2.131304348,29.01299739,72,0.944444444,47.6272724,-122.3921205,0.717891297,-4.909999847,1.133503026,0.053059071,0.917275122824643,0.0160071438260816,0,0.34,0.14,0,0.04,0.04,0.1,0,0.02,0.08,0,0,0,0,0,0.24,0,0,0,0,0,0,0,0,0,0,0,0,0,0
"EBM_S24","2024_10_09_11-37-27.jpg",2024-10-09,"summer","out",11:37:27,"Elliott_Bay_Marina",4,"shallow","EBM_S24_T4",13.60607112,2.649913793,36.05435726,79,1.055555556,47.6272611,-122.3921198,0.267672401,-4.769999981,0.157828083,0.075662752,0.533495591495129,-0.639769889418477,0,0.16,0,0,0.26,0.16,0.04,0,0,0.06,0.14,0,0,0.06,0,0.12,0,0,0,0,0,0,0,0,0,0,0,0,0,0
"EBM_S24","2024_10_09_11-37-36.jpg",2024-10-09,"summer","out",11:37:36,"Elliott_Bay_Marina",4,"shallow","EBM_S24_T4",13.59727115,3.219154013,43.77167293,89,1.194444444,47.6272418,-122.3921253,0.867136629,-4.730000019,1.659344582,0.132294198,0.957603411347859,-0.376622947146634,0,0.46,0.06,0,0.02,0.22,0,0,0,0.12,0.02,0,0,0,0,0.1,0,0,0,0,0,0,0,0,0,0,0,0,0,0
"EBM_S24","2024_10_09_11-37-45.jpg",2024-10-09,"summer","out",11:37:45,"Elliott_Bay_Marina",4,"shallow","EBM_S24_T4",13.54306957,6.298934783,85.29543765,102,1.361111111,47.627267,-122.392072,1.240478231,-4.739999771,3.391704523,0.193134561,0.736916686504935,-0.358965518726909,0.02,0.46,0,0,0.08,0.08,0.02,0,0,0.02,0.08,0,0,0,0,0.24,0,0,0,0,0,0,0,0,0,0,0,0,0,0
"EBM_S24","2024_10_09_11-37-54.jpg",2024-10-09,"summer","out",11:37:54,"Elliott_Bay_Marina",4,"shallow","EBM_S24_T4",13.55398013,5.452384106,73.9015051,113,1.527777778,47.6272873,-122.3920416,0.991324469,-5.099999905,2.154718053,0.128203091,0.648626640235726,-0.291387161286046,0,0.34,0,0,0.04,0.04,0.08,0,0.04,0.12,0.06,0,0.04,0,0,0.18,0,0.04,0,0,0,0,0.02,0,0,0,0,0,0,0
"EBM_S24","2024_10_09_11-38-03.jpg",2024-10-09,"summer","out",11:38:03,"Elliott_Bay_Marina",4,"shallow","EBM_S24_T4",13.58667102,3.66540305,49.80046275,126,1.694444444,47.627286,-122.3920296,0.985490156,-5.079999924,2.130062045,0.133653775,0.97968434221233,-0.332853662828075,0,0.46,0.02,0,0.02,0.2,0,0,0,0,0.08,0.08,0,0.02,0,0.12,0,0,0,0,0,0,0,0,0,0,0,0,0,0
"EBM_S24","2024_10_09_11-38-12.jpg",2024-10-09,"summer","out",11:38:12,"Elliott_Bay_Marina",4,"shallow","EBM_S24_T4",13.57510345,4.346056034,58.99690157,137,1.861111111,47.6272565,-122.3920616,0.77155169,-5.059999943,1.306023313,0.112613684,0.799014984812521,-0.364647748227191,0,0.2,0.08,0,0,0.1,0.1,0,0.04,0.06,0.02,0,0.02,0,0,0.38,0,0,0,0,0,0,0,0,0,0,0,0,0,0
"EBM_S24","2024_10_09_11-38-21.jpg",2024-10-09,"summer","out",11:38:21,"Elliott_Bay_Marina",4,"shallow","EBM_S24_T4",13.58652851,3.925679825,53.33625149,147,1.972222222,47.6272618,-122.392034,0.658530697,-5.089999676,0.964805016,0.101544546,0.70885970062183,-0.00116772687969685,0,0.36,0.26,0,0.22,0.04,0.06,0,0,0.02,0,0,0.02,0,0,0.02,0,0,0,0,0,0,0,0,0,0,0,0,0,0
"EBM_S24","2024_10_09_11-38-30.jpg",2024-10-09,"summer","out",11:38:30,"Elliott_Bay_Marina",4,"shallow","EBM_S24_T4",13.58266667,4.030627706,54.74673411,156,2.111111111,47.6272955,-122.3919858,0.251904752,-5.069999695,0.147760067,0.104702526,1.36475818035492,-0.400293844130626,0,0.4,0,0,0,0.1,0.06,0,0,0,0,0,0,0,0,0.44,0,0,0,0,0,0,0,0,0,0,0,0,0,0
"EBM_S24","2024_10_09_11-38-39.jpg",2024-10-09,"summer","out",11:38:39,"Elliott_Bay_Marina",4,"shallow","EBM_S24_T4",13.58662637,3.656835165,49.68401604,166,2.25,47.6272714,-122.3920226,0.733318657,-5,1.178396484,0.057829761,0.666316399389647,-0.251113158017452,0,0.5,0.02,0.04,0.1,0.16,0.1,0.02,0,0.02,0,0,0,0,0,0,0,0.02,0,0,0,0.02,0,0,0,0,0,0,0,0
"EBM_S24","2024_10_09_11-38-48.jpg",2024-10-09,"summer","out",11:38:48,"Elliott_Bay_Marina",4,"shallow","EBM_S24_T4",13.57072629,5.090646552,69.0808678,178,2.388888889,47.6272996,-122.3919722,0.734633592,-4.960000038,1.182780316,0.137598913,0.814032918400895,-0.0845141417642389,0,0.38,0.16,0,0.12,0.24,0.08,0,0,0,0,0,0.02,0,0,0,0,0,0,0,0,0,0,0,0,0,0,0,0,0
"EBM_S24","2024_10_09_11-38-57.jpg",2024-10-09,"summer","out",11:38:57,"Elliott_Bay_Marina",4,"shallow","EBM_S24_T4",13.58292174,4.205434783,57.12175791,190,2.555555556,47.6273012,-122.3919651,0.738065203,-4.799999714,1.194238195,0.077798381,0.68650469633741,-0.322806987964469,0,0.24,0.08,0,0.14,0.14,0.12,0,0,0.06,0,0.04,0,0.08,0,0.1,0,0,0,0,0,0,0,0,0,0,0,0,0,0
"EBM_S24","2024_10_09_11-39-06.jpg",2024-10-09,"summer","out",11:39:06,"Elliott_Bay_Marina",4,"shallow","EBM_S24_T4",13.56070021,5.233404711,70.96857045,200,2.694444444,47.6273022,-122.391968,1.194625207,-4.369999886,3.12759926,0.110076661,0.733744741508678,-0.147107774497389,0,0.32,0.12,0,0.12,0.12,0.06,0,0.02,0.02,0.08,0,0,0.1,0,0,0,0.02,0,0,0,0,0,0,0,0,0,0.02,0,0
"EBM_S24","2024_10_09_11-39-15.jpg",2024-10-09,"summer","out",11:39:15,"Elliott_Bay_Marina",4,"shallow","EBM_S24_T4",13.5561441,5.831834061,79.05424965,212,2.861111111,47.6272783,-122.3919902,0.899192118,-4.259999752,1.795054486,0.103267711,0.490851211668689,-0.686002243694641,0,0.1,0.04,0,0.36,0.22,0.06,0,0,0.1,0.08,0,0,0.04,0,0,0,0,0,0,0,0,0,0,0,0,0,0,0,0
"EBM_S24","2024_10_09_11-39-24.jpg",2024-10-09,"summer","out",11:39:24,"Elliott_Bay_Marina",4,"shallow","EBM_S24_T4",13.56960131,4.612091503,62.58218922,223,3,47.6272967,-122.3919588,0.905860545,-4.579999924,1.798808709,0.065287677,0.775571146741945,-0.0564846535517552,0,0.16,0.16,0,0.04,0.16,0.16,0,0,0.24,0.02,0,0,0.02,0,0.02,0,0.02,0,0,0,0,0,0,0,0,0,0,0,0
"EBM_S24","2024_10_09_11-39-34.jpg",2024-10-09,"summer","out",11:39:34,"Elliott_Bay_Marina",4,"shallow","EBM_S24_T4",13.58365584,3.801818182,51.64273844,236,3.194444444,47.6273016,-122.3919438,0.824999988,-4.960000038,1.492047212,0.091260183,0.669847913742075,-0.293438542511155,0,0.34,0.06,0,0.12,0.24,0.04,0,0,0.12,0.02,0.04,0.02,0,0,0,0,0,0,0,0,0,0,0,0,0,0,0,0,0
"EBM_S24","2024_10_09_11-39-43.jpg",2024-10-09,"summer","out",11:39:43,"Elliott_Bay_Marina",4,"shallow","EBM_S24_T4",13.58087719,4.083289474,55.45473496,247,3.333333333,47.6272931,-122.3919519,1.120745618,-4.650000095,2.754499754,0.059848823,0.660215725911106,-0.170455414517171,0,0.32,0.12,0,0.18,0.08,0.16,0,0,0,0.06,0,0.04,0.02,0,0.02,0,0,0,0,0,0,0,0,0,0,0,0,0,0
"EBM_S24","2024_10_09_11-39-52.jpg",2024-10-09,"summer","out",11:39:52,"Elliott_Bay_Marina",4,"shallow","EBM_S24_T4",13.59005677,3.638122271,49.44234301,257,3.472222222,47.6272875,-122.3919506,0.780240165,-5.210000038,1.347896172,0,0.849687298066061,-0.0818019106600859,0,0.46,0.12,0,0.1,0.06,0.18,0.02,0,0.04,0,0,0,0,0,0,0,0,0,0,0,0,0,0,0,0,0,0,0.02,0
"EBM_S24","2024_10_09_11-40-01.jpg",2024-10-09,"summer","out",11:40:01,"Elliott_Bay_Marina",4,"shallow","EBM_S24_T4",13.5879607,3.791746725,51.52216004,270,3.638888889,47.6272878,-122.3919504,1.094475978,-4.859999657,2.627966145,0.026212695,0.76056582502832,-0.244971177752019,0,0.54,0.02,0,0.06,0.12,0.06,0.04,0,0.06,0.04,0.02,0,0,0,0.02,0,0.02,0,0,0,0,0,0,0,0,0,0,0,0
"EBM_S24","2024_10_09_11-40-10.jpg",2024-10-09,"summer","out",11:40:10,"Elliott_Bay_Marina",4,"shallow","EBM_S24_T4",13.56274561,5.141973684,69.73935311,280,3.777777778,47.6272765,-122.3919659,0.845394739,-5.009999752,1.567920566,0.07991164,0.715747029569153,-0.0806603760942093,0,0.44,0.12,0,0.04,0.12,0.02,0.04,0,0.08,0.04,0.02,0.02,0,0,0.04,0,0,0,0,0,0,0,0,0,0,0,0,0,0.02
"EBM_S24","2024_10_09_11-40-19.jpg",2024-10-09,"summer","out",11:40:19,"Elliott_Bay_Marina",4,"shallow","EBM_S24_T4",13.59450109,3.138061002,42.66029224,292,3.944444444,47.6272998,-122.3919144,0.483028314,-5.009999752,0.520319837,0.059118138,0.735804681047689,-0.218412615161812,0,0.38,0.02,0,0.08,0.1,0.16,0,0,0.04,0.04,0.12,0.02,0.02,0,0.02,0,0,0,0,0,0,0,0,0,0,0,0,0,0
"EBM_S24","2024_10_09_11-40-28.jpg",2024-10-09,"summer","out",11:40:28,"Elliott_Bay_Marina",4,"shallow","EBM_S24_T4",13.56039216,5.402592593,73.26126057,306,4.138888889,47.627281,-122.3919376,0.975294082,-4.980000019,2.084576127,0.087493908,0.606427219736012,-0.190996747131749,0.02,0.32,0.08,0,0.16,0.04,0.06,0,0,0.02,0.04,0.06,0,0.02,0,0.1,0,0.04,0.02,0,0,0,0,0,0,0,0.02,0,0,0
"EBM_S24","2024_10_09_11-40-37.jpg",2024-10-09,"summer","out",11:40:37,"Elliott_Bay_Marina",4,"shallow","EBM_S24_T4",13.56859783,5.103369565,69.24376196,319,4.305555556,47.627284,-122.3919211,0.919304331,-4.989999771,1.854560241,0.079328549,0.763557150152757,0.00229740886318068,0.02,0.48,0.18,0,0.1,0.06,0.02,0,0,0.04,0.1,0,0,0,0,0,0,0,0,0,0,0,0,0,0,0,0,0,0,0
"EBM_S24","2024_10_09_11-40-46.jpg",2024-10-09,"summer","out",11:40:46,"Elliott_Bay_Marina",4,"shallow","EBM_S24_T4",13.583946,3.97537797,54.00140873,332,4.472222222,47.6272914,-122.3918952,0.231900638,-4.989999771,0.117873519,0.0460657,0.534574597080944,-0.876993797709982,0,0.12,0,0,0.32,0.02,0.26,0,0,0.02,0.04,0,0,0,0,0.22,0,0,0,0,0,0,0,0,0,0,0,0,0,0
"EBM_S24","2024_10_09_11-40-55.jpg",2024-10-09,"summer","out",11:40:55,"Elliott_Bay_Marina",4,"shallow","EBM_S24_T4",13.56355482,5.559298246,75.36499761,344,4.638888889,47.6272782,-122.3919082,0.763881566,-4.809999943,1.278690103,0.033497378,0.641211851891425,-0.401927945696647,0,0.3,0,0.02,0.12,0.2,0.14,0,0.02,0.02,0,0.02,0,0.02,0,0.14,0,0,0,0,0,0,0,0,0,0,0,0,0,0
"EBM_S24","2024_10_09_11-41-04.jpg",2024-10-09,"summer","out",11:41:04,"Elliott_Bay_Marina",4,"shallow","EBM_S24_T4",13.5202885,8.282841649,111.9856971,365,4.944444444,47.6272877,-122.3918772,1.214360098,-4.869999886,3.239707237,0.123145141,0.951390380650419,-0.272418658418349,0,0.38,0.02,0,0,0.2,0.06,0,0,0.1,0.04,0.08,0,0.1,0,0.02,0,0,0,0,0,0,0,0,0,0,0,0,0,0
"EBM_S24","2024_10_09_11-41-13.jpg",2024-10-09,"summer","out",11:41:13,"Elliott_Bay_Marina",4,"shallow","EBM_S24_T4",13.53067826,7.883913043,106.6747696,378,5.111111111,47.6272771,-122.3918905,0.71306521,-5.519999981,1.122675491,0.117100143,1.00143536667099,-0.190934897165359,0,0.52,0.04,0,0,0.12,0.04,0,0,0.08,0.08,0.02,0,0.04,0,0.06,0,0,0,0,0,0,0,0,0,0,0,0,0,0
"EBM_S24","2024_10_09_11-41-22.jpg",2024-10-09,"summer","out",11:41:22,"Elliott_Bay_Marina",4,"shallow","EBM_S24_T4",13.52921225,7.451269147,100.805371,396,5.361111111,47.6272784,-122.3918699,0.663085303,-5.599999905,0.963602851,0.127076716,0.898957422732048,-0.349610038754164,0,0.22,0.04,0,0,0.14,0.08,0,0,0.1,0.04,0.22,0,0.06,0,0.08,0,0,0,0,0,0.02,0,0,0,0,0,0,0,0
"EBM_S24","2024_10_09_12-06-08.jpg",2024-10-09,"summer","return",12:06:08,"Elliott_Bay_Marina",4,"shallow","EBM_S24_T4",13.60113187,2.915340659,39.65189644,4684,62.63888889,47.6273158,-122.3922627,1.402461498,-4.150000095,4.325822971,0.078124324,0.91657571496474,-0.320812008835244,0,0.5,0,0,0,0.2,0,0,0,0.02,0.2,0.02,0.04,0,0,0.02,0,0,0,0,0,0,0,0,0,0,0,0,0,0
"EBM_S24","2024_10_09_12-06-17.jpg",2024-10-09,"summer","return",12:06:17,"Elliott_Bay_Marina",4,"shallow","EBM_S24_T4",13.61093133,2.501888412,34.05304704,4691,62.75,47.6273329,-122.3922231,0.98053645,-4.579999924,2.107278485,0.104065001,0.853410935066265,-0.436875069402376,0,0.62,0,0,0.1,0.08,0,0,0,0.04,0.16,0,0,0,0,0,0,0,0,0,0,0,0,0,0,0,0,0,0,0
"EBM_S24","2024_10_09_12-06-26.jpg",2024-10-09,"summer","return",12:06:26,"Elliott_Bay_Marina",4,"shallow","EBM_S24_T4",13.60768132,2.545956044,34.64434218,4697,62.83333333,47.6273176,-122.3922355,0.778395577,-4.559999943,1.327767593,0.06056372,0.863720667724634,-0.53265395262015,0,0.28,0.02,0,0.04,0.26,0,0,0,0.16,0.24,0,0,0,0,0,0,0,0,0,0,0,0,0,0,0,0,0,0,0
"EBM_S24","2024_10_09_12-06-35.jpg",2024-10-09,"summer","return",12:06:35,"Elliott_Bay_Marina",4,"shallow","EBM_S24_T4",13.59804405,3.100088106,42.15509568,4704,62.91666667,47.6273155,-122.3922228,0.965330363,-4.549999714,2.046583067,0.076767237,0.787411898176559,-0.720025405518069,0,0.14,0.02,0,0.12,0.38,0.08,0,0,0,0.26,0,0,0,0,0,0,0,0,0,0,0,0,0,0,0,0,0,0,0
"EBM_S24","2024_10_09_12-06-44.jpg",2024-10-09,"summer","return",12:06:44,"Elliott_Bay_Marina",4,"shallow","EBM_S24_T4",13.59456674,2.974376368,40.43553302,4712,63.02777778,47.6273194,-122.3922047,0.975164078,-5.279999733,2.084168345,0.092799139,1.05774311469226,-0.405434102514807,0,0.72,0,0,0.06,0.12,0.04,0,0,0,0.06,0,0,0,0,0,0,0,0,0,0,0,0,0,0,0,0,0,0,0
"EBM_S24","2024_10_09_12-06-53.jpg",2024-10-09,"summer","return",12:06:53,"Elliott_Bay_Marina",4,"shallow","EBM_S24_T4",13.61527133,2.170940919,29.55760788,4717,63.08333333,47.6273142,-122.3922045,0.706411361,-5.259999752,1.093806103,0.063494831,1.33332825947276,-0.259104810247979,0,0.56,0,0,0,0,0.14,0,0,0.02,0.02,0.02,0,0,0,0.24,0,0,0,0,0,0,0,0,0,0,0,0,0,0
"EBM_S24","2024_10_09_12-07-02.jpg",2024-10-09,"summer","return",12:07:02,"Elliott_Bay_Marina",4,"shallow","EBM_S24_T4",13.61364333,2.201137856,29.96554179,4723,63.16666667,47.6273237,-122.3921923,0.686323833,-5.21999979,1.03297141,0.065414191,0.777708196329702,-0.460314301759026,0,0.36,0,0,0.08,0.28,0,0,0,0.02,0.08,0.02,0,0.04,0,0.12,0,0,0,0,0,0,0,0,0,0,0,0,0,0
"EBM_S24","2024_10_09_12-07-11.jpg",2024-10-09,"summer","return",12:07:11,"Elliott_Bay_Marina",4,"shallow","EBM_S24_T4",13.59517467,3.590524017,48.81379218,4729,63.25,47.6273228,-122.3921755,0.774170283,-4.980000019,1.319872296,0.113664105,0.574152742982847,-0.70740688692199,0,0.18,0,0,0.18,0.12,0.02,0,0,0.06,0.04,0.02,0,0,0,0.38,0,0,0,0,0,0,0,0,0,0,0,0,0,0
"EBM_S24","2024_10_09_12-07-20.jpg",2024-10-09,"summer","return",12:07:20,"Elliott_Bay_Marina",4,"shallow","EBM_S24_T4",13.61735886,2.253238512,30.68296107,4736,63.36111111,47.6273329,-122.3921543,0.683894937,-5.009999752,1.026513238,0.093673643,0.819828272138636,-0.489271253428874,0,0.28,0,0,0.04,0.1,0.06,0,0,0.26,0.08,0,0,0.02,0,0.16,0,0,0,0,0,0,0,0,0,0,0,0,0,0
"EBM_S24","2024_10_09_12-07-29.jpg",2024-10-09,"summer","return",12:07:29,"Elliott_Bay_Marina",4,"shallow","EBM_S24_T4",13.61190476,2.303636364,31.35669195,4741,63.41666667,47.6273129,-122.3921723,0.466363622,-4.909999847,0.477392259,0.051007239,0.947251735879377,-0.342166922039101,0,0.34,0.04,0,0,0.16,0.04,0,0,0.14,0.06,0.02,0,0,0,0.18,0,0.02,0,0,0,0,0,0,0,0,0,0,0,0
"EBM_S24","2024_10_09_12-07-38.jpg",2024-10-09,"summer","return",12:07:38,"Elliott_Bay_Marina",4,"shallow","EBM_S24_T4",13.60934632,2.450952381,33.3548542,4748,63.52777778,47.6273306,-122.3921348,0.768679642,-4.949999809,1.333755955,0.103298845,0.932621568919729,-0.553154917101161,0,0.28,0,0,0,0.24,0.02,0,0.02,0.12,0.14,0,0,0,0,0.16,0,0,0,0,0,0,0,0,0,0,0,0.02,0,0
"EBM_S24","2024_10_09_12-07-47.jpg",2024-10-09,"summer","return",12:07:47,"Elliott_Bay_Marina",4,"shallow","EBM_S24_T4",13.59961822,3.094685466,42.08655028,4755,63.61111111,47.6273279,-122.3921222,0.658091075,-4.779999733,0.949355983,0.121126675,1.11720616549056,-0.435485701593561,0,0.58,0,0,0,0.18,0,0,0,0.04,0.04,0,0,0,0,0.06,0,0.1,0,0,0,0,0,0,0,0,0,0,0,0
"EBM_S24","2024_10_09_12-07-56.jpg",2024-10-09,"summer","return",12:07:56,"Elliott_Bay_Marina",4,"shallow","EBM_S24_T4",13.60626039,2.814463895,38.29446702,4762,63.69444444,47.6273236,-122.3921243,0.416323836,-4.819999695,0.461115416,0.041830702,0.758625774907277,-0.920663502964463,0,0.12,0,0,0.06,0.36,0,0,0,0,0.06,0,0,0.12,0,0.08,0,0.16,0,0,0,0,0,0,0,0,0,0,0.04,0
"EBM_S24","2024_10_09_12-08-05.jpg",2024-10-09,"summer","return",12:08:05,"Elliott_Bay_Marina",4,"shallow","EBM_S24_T4",13.59198022,3.081252747,41.87987536,4768,63.77777778,47.6273093,-122.3921292,0.495252734,-4.779999733,0.544924801,0.093937157,0.94127931992801,-0.477171097211574,0,0.4,0,0,0.02,0.34,0,0,0,0.04,0.04,0.04,0,0,0,0.12,0,0,0,0,0,0,0,0,0,0,0,0,0,0
"EBM_S24","2024_10_09_12-08-14.jpg",2024-10-09,"summer","return",12:08:14,"Elliott_Bay_Marina",4,"shallow","EBM_S24_T4",13.60459179,2.377084233,32.33851659,4775,63.88888889,47.6273251,-122.3920906,0.570021594,-4.799999714,0.737712051,0.070442811,0.947180090331167,-0.689716846047719,0,0.24,0,0,0.04,0.02,0.06,0,0,0.06,0.04,0,0,0,0,0.52,0,0.02,0,0,0,0,0,0,0,0,0,0,0,0
"EBM_S24","2024_10_09_12-08-23.jpg",2024-10-09,"summer","return",12:08:23,"Elliott_Bay_Marina",4,"shallow","EBM_S24_T4",13.6068044,2.331516484,31.72443552,4781,63.97222222,47.6273083,-122.3921059,0.722747222,-4.789999962,1.144681853,0.06985507,0.917995492627897,-0.410314138824801,0,0.48,0,0,0.02,0.14,0.02,0,0.02,0.04,0.06,0,0,0,0,0.18,0,0.04,0,0,0,0,0,0,0,0,0,0,0,0
"EBM_S24","2024_10_09_12-08-32.jpg",2024-10-09,"summer","return",12:08:32,"Elliott_Bay_Marina",4,"shallow","EBM_S24_T4",13.6026543,2.914013491,39.63739356,4788,64.05555556,47.6273249,-122.3920761,0.697403026,-4.809999943,1.066121178,0.132097886,0.699736022945289,-0.405006341245584,0,0.16,0.04,0,0.04,0.12,0.26,0,0,0.04,0.1,0,0.04,0,0,0.2,0,0,0,0,0,0,0,0,0,0,0,0,0,0
"EBM_S24","2024_10_09_12-08-41.jpg",2024-10-09,"summer","return",12:08:41,"Elliott_Bay_Marina",4,"shallow","EBM_S24_T4",13.59734199,3.024502165,41.12513247,4796,64.16666667,47.6273063,-122.3920837,0.968874435,-4.799999714,2.0593923,0.137529278,0.904927932870715,-0.0759070903481155,0,0.5,0.06,0.02,0,0.08,0.02,0.02,0,0.02,0.1,0,0,0.02,0,0.16,0,0,0,0,0,0,0,0,0,0,0,0,0,0
"EBM_S24","2024_10_09_12-08-50.jpg",2024-10-09,"summer","return",12:08:50,"Elliott_Bay_Marina",4,"shallow","EBM_S24_T4",13.59598911,3.210740741,43.6518524,4803,64.25,47.6273005,-122.3920684,1.024509758,-4.739999771,2.310981732,0.071844749,0.72318790518216,-0.096105262424605,0.02,0.34,0.08,0,0.02,0.08,0.18,0.02,0,0.06,0.02,0,0,0,0.06,0.1,0,0,0,0,0,0,0,0,0,0,0,0.02,0,0
"EBM_S24","2024_10_09_12-08-59.jpg",2024-10-09,"summer","return",12:08:59,"Elliott_Bay_Marina",4,"shallow","EBM_S24_T4",13.59450108,3.181344902,43.24881449,4811,64.36111111,47.6273004,-122.3920516,0.645075904,-4.769999981,0.934954752,0.055580305,0.669234682945596,-0.359741767755105,0,0.2,0.16,0,0.24,0.04,0.14,0,0,0,0.04,0,0,0,0,0.18,0,0,0,0,0,0,0,0,0,0,0,0,0,0
"EBM_S24","2024_10_09_12-09-08.jpg",2024-10-09,"summer","return",12:09:08,"Elliott_Bay_Marina",4,"shallow","EBM_S24_T4",13.59825974,2.981082251,40.53749861,4818,64.47222222,47.6273013,-122.3920359,0.818571423,-4.759999752,1.468302739,0.051922926,1.12610465094033,-0.12458221615956,0,0.48,0.06,0,0,0.14,0.16,0,0,0,0,0.02,0,0.06,0.02,0.06,0,0,0,0,0,0,0,0,0,0,0,0,0,0
"EBM_S24","2024_10_09_12-09-17.jpg",2024-10-09,"summer","return",12:09:17,"Elliott_Bay_Marina",4,"shallow","EBM_S24_T4",13.59838293,3.094507659,42.08021092,4826,64.58333333,47.6273021,-122.3920348,0.989124703,-4.75,2.145638884,0.067304738,0.955967850009439,-0.179867971892316,0,0.56,0.02,0,0,0.1,0.16,0.02,0,0.06,0.06,0,0.02,0,0,0,0,0,0,0,0,0,0,0,0,0,0,0,0,0
"EBM_S24","2024_10_09_12-09-26.jpg",2024-10-09,"summer","return",12:09:26,"Elliott_Bay_Marina",4,"shallow","EBM_S24_T4",13.59775652,3.111782609,42.31321913,4835,64.69444444,47.6272953,-122.3920435,0.403565206,-4.75,0.36269245,0.057351376,1.10889750149043,-0.467250326716893,0,0.3,0,0,0,0.18,0.2,0,0,0.04,0.04,0,0,0,0,0.24,0,0,0,0,0,0,0,0,0,0,0,0,0,0
"EBM_S24","2024_10_09_12-09-35.jpg",2024-10-09,"summer","return",12:09:35,"Elliott_Bay_Marina",4,"shallow","EBM_S24_T4",13.58651535,3.440833333,46.74897322,4843,64.80555556,47.6272916,-122.3920286,0.381557004,-4.699999809,0.319664466,0.123161384,0.460528678750336,-0.89955889865027,0,0.12,0.02,0,0.48,0.32,0.02,0,0,0.02,0.02,0,0,0,0,0,0,0,0,0,0,0,0,0,0,0,0,0,0,0
"EBM_S24","2024_10_09_12-09-44.jpg",2024-10-09,"summer","return",12:09:44,"Elliott_Bay_Marina",4,"shallow","EBM_S24_T4",13.57471242,4.39503268,59.66120065,4852,64.91666667,47.6272903,-122.3920126,1.020261391,-4.139999866,2.31568357,0.141060336,0.621350928160162,-0.462672261503356,0,0.32,0.02,0,0.22,0.02,0,0,0,0.1,0.24,0.02,0,0.06,0,0,0,0,0,0,0,0,0,0,0,0,0,0,0,0
"EBM_S24","2024_10_09_12-09-53.jpg",2024-10-09,"summer","return",12:09:53,"Elliott_Bay_Marina",4,"shallow","EBM_S24_T4",13.5758512,4.458468271,60.520014,4863,65.08333333,47.6272852,-122.3919993,0.463566726,-4.170000076,0.477172773,0.146965234,0.554051628734822,-0.652149889503757,0,0.16,0,0,0.16,0.1,0.1,0,0,0.22,0.04,0,0,0,0.04,0.18,0,0,0,0,0,0,0,0,0,0,0,0,0,0
"EBM_W25","2025_01_28_11-20-43.jpg",2025-01-28,"winter","out",11:20:43,"Elliott_Bay_Marina",4,"shallow","EBM_W25_T4",13.61205895,2.540947368,34.58748994,0,0,47.6273201,-122.392675,1.481284164,-4.440000057,4.850021732,0,0.622833972748011,-0.072680739417187,0.04,0.58,0,0,0.02,0.02,0,0.1,0,0,0.18,0,0,0.04,0,0,0,0.02,0,0,0,0,0,0,0,0,0,0,0,0
"EBM_W25","2025_01_28_11-20-58.jpg",2025-01-28,"winter","out",11:20:58,"Elliott_Bay_Marina",4,"shallow","EBM_W25_T4",13.59603247,2.5304329,34.40384981,10,0.138888889,47.6273081,-122.3926745,0.819307353,-4.480000019,1.471044146,0.111288344,0.83790416718401,-0.213007962526865,0,0.5,0,0,0,0.1,0.04,0.06,0,0.1,0.02,0.12,0,0.04,0,0,0,0.02,0,0,0,0,0,0,0,0,0,0,0,0
"EBM_W25","2025_01_28_11-21-10.jpg",2025-01-28,"winter","out",11:21:10,"Elliott_Bay_Marina",4,"shallow","EBM_W25_T4",13.60935853,2.299892009,31.3000776,18,0.25,47.6272901,-122.3926733,0.820107983,-4.190000057,1.495427699,0.105808262,1.07911793816603,-0.183240569005921,0,0.52,0,0,0,0.1,0.12,0,0,0.02,0.08,0.1,0,0.06,0,0,0,0,0,0,0,0,0,0,0,0,0,0,0,0
"EBM_W25","2025_01_28_11-21-22.jpg",2025-01-28,"winter","out",11:21:22,"Elliott_Bay_Marina",4,"shallow","EBM_W25_T4",13.60198218,2.451982183,33.35181247,26,0.333333333,47.6272982,-122.3926606,1.05890863,-4.319999695,2.457140681,0.073338742,0.943530878345124,-0.115101625419502,0,0.52,0,0,0,0.04,0.2,0.1,0,0,0.04,0.06,0,0.04,0,0,0,0,0,0,0,0,0,0,0,0,0,0,0,0
"EBM_W25","2025_01_28_11-21-37.jpg",2025-01-28,"winter","out",11:21:37,"Elliott_Bay_Marina",4,"shallow","EBM_W25_T4",13.605,2.321895425,31.58938725,36,0.472222222,47.6273213,-122.3926274,1.25647053,-3.980000019,3.488936054,0.096967269,0.966527394337298,-0.316746533610532,0,0.52,0,0,0,0.2,0.04,0.02,0,0.1,0,0.1,0,0.02,0,0,0,0,0,0,0,0,0,0,0,0,0,0,0,0
"EBM_W25","2025_01_28_11-21-52.jpg",2025-01-28,"winter","out",11:21:52,"Elliott_Bay_Marina",4,"shallow","EBM_W25_T4",13.60398455,2.291589404,31.17474192,45,0.611111111,47.6273095,-122.3926413,1.223289176,-3.99000001,3.284805865,0.056143748,0.906759502250336,-0.130502480276605,0.02,0.44,0,0,0,0.02,0.3,0.02,0,0.04,0.06,0.04,0,0.06,0,0,0,0,0,0,0,0,0,0,0,0,0,0,0,0
"EBM_W25","2025_01_28_11-22-07.jpg",2025-01-28,"winter","out",11:22:07,"Elliott_Bay_Marina",4,"shallow","EBM_W25_T4",13.616,2.026301969,27.59012761,55,0.722222222,47.6272989,-122.3926189,0.653741767,-4.089999676,0.936704444,0.055752972,0.888326886120006,-0.371890402553151,0,0.34,0,0,0,0.32,0.02,0.02,0,0.1,0.04,0.1,0,0.06,0,0,0,0,0,0,0,0,0,0,0,0,0,0,0,0
"EBM_W25","2025_01_28_11-22-22.jpg",2025-01-28,"winter","out",11:22:22,"Elliott_Bay_Marina",4,"shallow","EBM_W25_T4",13.613,2.129586057,28.99005499,64,0.861111111,47.6272865,-122.3926151,0.967843108,-4.289999962,2.05295083,0.066813481,0.812521176327928,-0.213699764022685,0,0.32,0,0,0,0.18,0.22,0.12,0,0.02,0.06,0.08,0,0,0,0,0,0,0,0,0,0,0,0,0,0,0,0,0,0
"EBM_W25","2025_01_28_11-22-37.jpg",2025-01-28,"winter","out",11:22:37,"Elliott_Bay_Marina",4,"shallow","EBM_W25_T4",13.60003913,2.521173913,34.2880423,73,1,47.6272979,-122.3925887,0.96026084,-4.599999905,2.022772371,0.05592987,0.932066736344247,-0.175395397212832,0,0.54,0,0,0,0.08,0.06,0.04,0,0.04,0.14,0.04,0,0.04,0,0,0,0,0,0,0.02,0,0,0,0,0,0,0,0,0
"EBM_W25","2025_01_28_11-22-49.jpg",2025-01-28,"winter","out",11:22:49,"Elliott_Bay_Marina",4,"shallow","EBM_W25_T4",13.60202376,2.323887689,31.60957,81,1.083333333,47.6272984,-122.392573,0.516825034,-4.670000076,0.585825661,0.073653012,1.15556568008098,-0.24331499010242,0,0.62,0,0,0,0.12,0.06,0,0,0.02,0,0.12,0,0.06,0,0,0,0,0,0,0,0,0,0,0,0,0,0,0,0
"EBM_W25","2025_01_28_11-23-04.jpg",2025-01-28,"winter","out",11:23:04,"Elliott_Bay_Marina",4,"shallow","EBM_W25_T4",13.62598276,1.874288793,25.53902409,90,1.222222222,47.6272859,-122.392565,0.959870682,-5.25,2.020347532,0.065867708,1.02044820475033,-0.375997423502187,0,0.34,0,0,0,0.38,0.1,0.06,0,0,0,0.12,0,0,0,0,0,0,0,0,0,0,0,0,0,0,0,0,0,0
"EBM_W25","2025_01_28_11-23-13.jpg",2025-01-28,"winter","out",11:23:13,"Elliott_Bay_Marina",4,"shallow","EBM_W25_T4",13.59700662,2.453796909,33.36429347,95,1.277777778,47.6272886,-122.3925462,0.788278106,-5.380000114,1.364981183,0.125328437,0.561686090340715,-0.481466015477474,0.04,0.1,0,0,0,0.22,0.26,0.02,0,0.16,0,0.08,0,0.1,0.02,0,0,0,0,0,0,0,0,0,0,0,0,0,0,0
"EBM_W25","2025_01_28_11-23-25.jpg",2025-01-28,"winter","out",11:23:25,"Elliott_Bay_Marina",4,"shallow","EBM_W25_T4",13.6074946,2.171360691,29.54680089,103,1.388888889,47.6272791,-122.3925311,1.081339094,-5.109999657,2.572107999,0.110198576,0.833908951089006,-0.383944633155678,0,0.24,0,0,0,0.3,0.14,0.06,0,0.08,0,0.1,0,0.08,0,0,0,0,0,0,0,0,0,0,0,0,0,0,0,0
"EBM_W25","2025_01_28_11-23-34.jpg",2025-01-28,"winter","out",11:23:34,"Elliott_Bay_Marina",4,"shallow","EBM_W25_T4",13.61197624,2.15399568,29.32013622,109,1.472222222,47.6272964,-122.3924974,1.048660861,-5.039999962,2.409914602,0.122846094,0.771524270753689,-0.126837218783136,0,0.58,0,0,0,0.08,0.08,0.12,0,0.02,0.02,0.06,0.02,0,0,0,0,0.02,0,0,0,0,0,0,0,0,0,0,0,0
"EBM_W25","2025_01_28_11-23-43.jpg",2025-01-28,"winter","out",11:23:43,"Elliott_Bay_Marina",4,"shallow","EBM_W25_T4",13.61099107,2.094732143,28.51138054,114,1.555555556,47.6272995,-122.3924818,1.162366036,-4.619999886,2.961801937,0.112517282,0.876735174263556,-0.189113453317686,0,0.58,0,0.02,0,0.12,0.08,0,0,0.04,0,0.06,0.02,0.08,0,0,0,0,0,0,0,0,0,0,0,0,0,0,0,0
"EBM_W25","2025_01_28_11-23-52.jpg",2025-01-28,"winter","out",11:23:52,"Elliott_Bay_Marina",4,"shallow","EBM_W25_T4",13.60696104,1.980064935,26.94264734,119,1.611111111,47.6273023,-122.3924637,1.084740199,-4.429999828,2.57893239,0.146034099,0.877116865618832,-0.0807007806328679,0,0.52,0,0,0,0.04,0.02,0,0,0,0.1,0.08,0.1,0.12,0,0,0,0,0,0,0.02,0,0,0,0,0,0,0,0,0
"EBM_W25","2025_01_28_11-24-01.jpg",2025-01-28,"winter","out",11:24:01,"Elliott_Bay_Marina",4,"shallow","EBM_W25_T4",13.61796121,2.158663793,29.39660207,125,1.694444444,47.6273046,-122.3924468,0.836637908,-4.659999847,1.53416255,0.132208051,1.18389958447409,-0.253360085881279,0,0.74,0,0,0,0.06,0.06,0,0,0.06,0.06,0.02,0,0,0,0,0,0,0,0,0,0,0,0,0,0,0,0,0,0
"EBM_W25","2025_01_28_11-24-07.jpg",2025-01-28,"winter","out",11:24:07,"Elliott_Bay_Marina",4,"shallow","EBM_W25_T4",13.596,2.627056277,35.71745714,128,1.75,47.6272993,-122.392448,0.811190456,-4.769999981,1.44524971,0.127780004,1.11279087809534,-0.277457315988136,0,0.62,0,0,0,0.14,0.02,0.02,0,0,0.02,0.04,0,0.14,0,0,0,0,0,0,0,0,0,0,0,0,0,0,0,0
"EBM_W25","2025_01_28_11-24-16.jpg",2025-01-28,"winter","out",11:24:16,"Elliott_Bay_Marina",4,"shallow","EBM_W25_T4",13.59800624,2.20964657,30.04678771,134,1.805555556,47.627308,-122.3924342,0.312411637,-4.710000038,0.213992099,0.098758847,1.19449998810799,-0.296780751396589,0,0.48,0,0,0,0.14,0.08,0,0,0.02,0,0.02,0,0.24,0,0,0,0,0,0,0,0,0,0,0,0,0,0,0.02,0
"EBM_W25","2025_01_28_11-24-25.jpg",2025-01-28,"winter","out",11:24:25,"Elliott_Bay_Marina",4,"shallow","EBM_W25_T4",13.60881425,2.184643629,29.7299021,140,1.888888889,47.62732,-122.3924121,0.645421164,-4.769999981,0.922774478,0.140993482,1.04971661501733,-0.336949807368697,0,0.48,0,0,0,0.26,0.04,0.02,0,0.02,0.02,0,0,0.08,0,0,0,0.08,0,0,0,0,0,0,0,0,0,0,0,0
"EBM_W25","2025_01_28_11-24-37.jpg",2025-01-28,"winter","out",11:24:37,"Elliott_Bay_Marina",4,"shallow","EBM_W25_T4",13.60200432,2.194146868,29.84479715,148,2,47.6273257,-122.3923993,1.095961129,-4.670000076,2.632172823,0.118426681,0.926265705481454,-0.222913977235642,0,0.58,0,0,0,0.14,0.08,0.06,0,0.04,0,0.08,0,0.02,0,0,0,0,0,0,0,0,0,0,0,0,0,0,0,0
"EBM_W25","2025_01_28_11-24-49.jpg",2025-01-28,"winter","out",11:24:49,"Elliott_Bay_Marina",4,"shallow","EBM_W25_T4",13.612,2.123903967,28.91058079,155,2.111111111,47.6273141,-122.3924216,0.282212937,-4.449999809,0.174786992,0.046628667,1.02131362759194,-0.27057036963243,0,0.42,0,0,0,0.1,0.02,0,0,0.06,0.08,0.08,0,0.24,0,0,0,0,0,0,0,0,0,0,0,0,0,0,0,0
"EBM_W25","2025_01_28_11-25-04.jpg",2025-01-28,"winter","out",11:25:04,"Elliott_Bay_Marina",4,"shallow","EBM_W25_T4",13.60701296,2.292116631,31.18885808,164,2.222222222,47.6273026,-122.392414,0.548444909,-4.309999943,0.666046475,0.046520483,1.1885465600412,-0.316362709691803,0,0.44,0,0,0,0.28,0.1,0,0,0,0.02,0.02,0,0.14,0,0,0,0,0,0,0,0,0,0,0,0,0,0,0,0
"EBM_W25","2025_01_28_11-25-28.jpg",2025-01-28,"winter","out",11:25:28,"Elliott_Bay_Marina",4,"shallow","EBM_W25_T4",13.60853233,2.088125,28.41616349,179,2.416666667,47.6273003,-122.3923834,1.093534455,-3.879999876,2.637278938,0.07002565,0.908812946972384,-0.299670564955155,0,0.44,0,0,0,0.22,0.04,0,0,0.1,0.12,0.04,0.02,0,0,0,0,0,0,0,0,0,0,0,0,0,0,0,0,0.02
"EBM_W25","2025_01_28_11-25-49.jpg",2025-01-28,"winter","out",11:25:49,"Elliott_Bay_Marina",4,"shallow","EBM_W25_T4",13.616,1.858752735,25.30877724,195,2.638888889,47.627289,-122.3923989,0.615645501,-3.349999905,0.830868056,0.052919203,1.11437847293372,-0.411875928566016,0,0.54,0,0,0,0.28,0.04,0,0,0.12,0,0.02,0,0,0,0,0,0,0,0,0,0,0,0,0,0,0,0,0,0
"EBM_W25","2025_01_28_11-26-07.jpg",2025-01-28,"winter","out",11:26:07,"Elliott_Bay_Marina",4,"shallow","EBM_W25_T4",13.62003024,2.075485961,28.26816898,210,2.833333333,47.6272826,-122.3923897,0.77693302,-3.639999866,1.322996729,0.042847006,1.17022448892983,-0.356988590923403,0,0.56,0,0,0,0.24,0.12,0,0,0.06,0,0,0,0,0,0,0,0.02,0,0,0,0,0,0,0,0,0,0,0,0
"EBM_W25","2025_01_28_11-26-37.jpg",2025-01-28,"winter","out",11:26:37,"Elliott_Bay_Marina",4,"shallow","EBM_W25_T4",13.59802371,2.499008621,33.98156759,228,3.083333333,47.6272571,-122.3923911,1.072995695,-3.899999857,2.527784154,0.095069457,1.16066858138318,-0.242013948820483,0,0.62,0,0,0,0.04,0.18,0,0,0.1,0.02,0.04,0,0,0,0,0,0,0,0,0,0,0,0,0,0,0,0,0,0
"EBM_W25","2025_01_28_11-26-52.jpg",2025-01-28,"winter","out",11:26:52,"Elliott_Bay_Marina",4,"shallow","EBM_W25_T4",13.60503854,2.166359743,29.47340949,237,3.222222222,47.6272514,-122.3923778,0.636381145,-4.139999866,0.887597057,0.099312375,1.05763140384044,-0.340437738315696,0,0.52,0,0,0,0.18,0.02,0,0,0.08,0,0.12,0,0.04,0,0,0,0,0,0,0.04,0,0,0,0,0,0,0,0,0
"EBM_W25","2025_01_28_11-58-42.jpg",2025-01-28,"winter","return",11:58:42,"Elliott_Bay_Marina",4,"shallow","EBM_W25_T4",13.6260846,1.718112798,23.41120315,1546,21,47.6272944,-122.3923677,0.873297146,-3.429999828,1.673102264,3.180515514,1.05537232491012,-0.390613796063116,0,0.34,0,0,0,0.28,0.08,0,0,0.04,0,0.06,0,0.04,0,0,0,0.16,0,0,0,0,0,0,0,0,0,0,0,0
"EBM_W25","2025_01_28_11-58-57.jpg",2025-01-28,"winter","return",11:58:57,"Elliott_Bay_Marina",4,"shallow","EBM_W25_T4",13.62328326,1.874248927,25.53334232,1553,21.11111111,47.6272903,-122.3923968,0.666223137,-3.730000019,0.972636314,0.103445105,1.11084339087775,-0.3308801159608,0,0.48,0,0,0,0.3,0.1,0,0,0.04,0.02,0.04,0,0,0,0,0,0,0,0,0.02,0,0,0,0,0,0,0,0,0
"EBM_W25","2025_01_28_11-59-09.jpg",2025-01-28,"winter","return",11:59:09,"Elliott_Bay_Marina",4,"shallow","EBM_W25_T4",13.61981718,1.755022026,23.90308399,1560,21.19444444,47.6272951,-122.392414,0.832466932,-3.939999819,1.5257894,0.117175908,1.14614229961294,-0.324157813054847,0,0.5,0,0,0,0.24,0.16,0,0,0.04,0,0.04,0,0,0,0,0,0,0,0,0.02,0,0,0,0,0,0,0,0,0
"EBM_W25","2025_01_28_11-59-18.jpg",2025-01-28,"winter","return",11:59:18,"Elliott_Bay_Marina",4,"shallow","EBM_W25_T4",13.62598272,1.74336933,23.7551354,1564,21.25,47.6273003,-122.3924202,0.805183571,-4.009999752,1.420913062,0.080593376,1.13412660775935,-0.429416211999207,0,0.3,0,0,0,0.18,0.4,0,0,0.06,0.06,0,0,0,0,0,0,0,0,0,0,0,0,0,0,0,0,0,0,0
"EBM_W25","2025_01_28_11-59-30.jpg",2025-01-28,"winter","return",11:59:30,"Elliott_Bay_Marina",4,"shallow","EBM_W25_T4",13.60980645,2.054215054,27.95737497,1572,21.36111111,47.6273056,-122.392424,0.402215041,-3.869999886,0.354857268,0.085367479,1.01539393219466,-0.257288862466285,0,0.48,0,0,0,0.18,0.08,0,0,0.06,0.1,0.06,0,0.02,0,0,0,0,0,0,0.02,0,0,0,0,0,0,0,0,0
"EBM_W25","2025_01_28_11-59-42.jpg",2025-01-28,"winter","return",11:59:42,"Elliott_Bay_Marina",4,"shallow","EBM_W25_T4",13.61275431,1.926724138,26.22798586,1581,21.5,47.6273097,-122.3924256,0.789978429,-3.970000029,1.369351341,0.065963521,1.25522738697642,-0.341902004198509,0,0.48,0,0,0,0.38,0.1,0,0,0,0.02,0,0,0.02,0,0,0,0,0,0,0,0,0,0,0,0,0,0,0,0
"EBM_W25","2025_01_28_11-59-54.jpg",2025-01-28,"winter","return",11:59:54,"Elliott_Bay_Marina",4,"shallow","EBM_W25_T4",13.59058531,2.980885529,40.50868898,1588,21.58333333,47.6273148,-122.3924339,0.734945998,-4.329999924,1.185447153,0.03620485,1.01177452294974,-0.441943758531818,0,0.32,0,0,0,0.32,0.22,0.02,0,0.1,0,0.02,0,0,0,0,0,0,0,0,0,0,0,0,0,0,0,0,0,0
"EBM_W25","2025_01_28_12-00-12.jpg",2025-01-28,"winter","return",12:00:12,"Elliott_Bay_Marina",4,"shallow","EBM_W25_T4",13.59517773,2.922077088,39.72064741,1598,21.72222222,47.6273163,-122.3924508,0.770342608,-4.299999714,1.3114214,0.064981169,1.17940746449483,-0.278806273538805,0,0.64,0,0,0,0.1,0.06,0,0,0.04,0,0.02,0,0.14,0,0,0,0,0,0,0,0,0,0,0,0,0,0,0,0
"EBM_W25","2025_01_28_12-00-30.jpg",2025-01-28,"winter","return",12:00:30,"Elliott_Bay_Marina",4,"shallow","EBM_W25_T4",13.62117068,1.92750547,26.25406991,1608,21.86111111,47.6273178,-122.3924694,0.586411352,-4.730000019,0.763789525,0.059994036,1.15965090349465,-0.330479315246451,0,0.42,0,0,0,0.18,0.28,0,0,0.04,0,0,0,0.04,0,0,0,0.02,0,0,0.02,0,0,0,0,0,0,0,0,0
"EBM_W25","2025_01_28_12-00-42.jpg",2025-01-28,"winter","return",12:00:42,"Elliott_Bay_Marina",4,"shallow","EBM_W25_T4",13.61966595,1.870948276,25.48036821,1615,21.97222222,47.6273287,-122.3924737,1.05758618,-4.529999733,2.452177582,0.068827356,1.13846912284469,-0.355840522308832,0,0.5,0,0,0,0.32,0.08,0,0,0.04,0.04,0,0,0,0,0,0,0.02,0,0,0,0,0,0,0,0,0,0,0,0
"EBM_W25","2025_01_28_12-00-57.jpg",2025-01-28,"winter","return",12:00:57,"Elliott_Bay_Marina",4,"shallow","EBM_W25_T4",13.59436009,3.232993492,43.94736833,1624,22.08333333,47.6273193,-122.3925091,0.554685445,-4.389999866,0.674745411,0.105514638,1.07076696464546,-0.308613576422734,0,0.5,0,0,0,0.26,0.06,0,0,0.04,0.02,0.1,0,0,0,0,0,0.02,0,0,0,0,0,0,0,0,0,0,0,0
"EBM_W25","2025_01_28_12-01-09.jpg",2025-01-28,"winter","return",12:01:09,"Elliott_Bay_Marina",4,"shallow","EBM_W25_T4",13.61839535,2.02577167,27.58728425,1630,22.16666667,47.6273292,-122.3925112,0.559323457,-4.389999866,0.688527213,0.096403568,1.14098429335677,-0.568170394218337,0,0.3,0,0,0,0.58,0,0,0,0.02,0,0.08,0,0.02,0,0,0,0,0,0,0,0,0,0,0,0,0,0,0,0
"EBM_W25","2025_01_28_12-01-21.jpg",2025-01-28,"winter","return",12:01:21,"Elliott_Bay_Marina",4,"shallow","EBM_W25_T4",13.62093103,1.83012931,24.92797099,1637,22.25,47.6273355,-122.3925177,0.703491357,-4.619999886,1.085104825,0.08551231,1.06115950800668,-0.352323869165941,0,0.52,0,0,0,0.3,0.02,0,0,0.04,0.04,0.02,0,0.04,0,0,0,0.02,0,0,0,0,0,0,0,0,0,0,0,0
"EBM_W25","2025_01_28_12-01-30.jpg",2025-01-28,"winter","return",12:01:30,"Elliott_Bay_Marina",4,"shallow","EBM_W25_T4",13.61649669,1.885253863,25.67047951,1642,22.33333333,47.6273466,-122.3925261,0.797240573,-4.549999714,1.392773512,0.108487986,1.13168519089034,-0.296911689015464,0,0.54,0,0,0,0.2,0.04,0,0,0.02,0.14,0,0,0.02,0,0,0,0.04,0,0,0,0,0,0,0,0,0,0,0,0
"EBM_W25","2025_01_28_12-01-42.jpg",2025-01-28,"winter","return",12:01:42,"Elliott_Bay_Marina",4,"shallow","EBM_W25_T4",13.61852361,1.854313305,25.25337612,1649,22.41666667,47.6273547,-122.3925382,0.833025742,-4.730000019,1.562742767,0.104064957,1.12777746105678,-0.327694194091345,0,0.4,0,0,0,0.3,0.04,0,0,0,0.04,0.12,0,0.1,0,0,0,0,0,0,0,0,0,0,0,0,0,0,0,0
"EBM_W25","2025_01_28_12-01-51.jpg",2025-01-28,"winter","return",12:01:51,"Elliott_Bay_Marina",4,"shallow","EBM_W25_T4",13.60389677,2.206451613,30.01520206,1654,22.47222222,47.6273612,-122.3925441,0.89668815,-4.96999979,1.805125224,0.081345669,0.752577378689816,-0.236036454198874,0.02,0.42,0,0,0,0.3,0.02,0.06,0,0.04,0.02,0.08,0,0.02,0,0,0,0,0,0,0.02,0,0,0,0,0,0,0,0,0
"EBM_W25","2025_01_28_12-02-06.jpg",2025-01-28,"winter","return",12:02:06,"Elliott_Bay_Marina",4,"shallow","EBM_W25_T4",13.61771429,2.02530303,27.58049158,1663,22.61111111,47.6273548,-122.3925503,0.963809499,-4.839999676,2.035548672,0.071081529,1.09729900135743,-0.32930962573824,0,0.5,0,0,0,0.24,0.12,0,0,0.06,0,0.04,0,0,0,0,0,0.02,0,0,0.02,0,0,0,0,0,0,0,0,0
"EBM_W25","2025_01_28_12-02-24.jpg",2025-01-28,"winter","return",12:02:24,"Elliott_Bay_Marina",4,"shallow","EBM_W25_T4",13.61376573,1.922537961,26.17269618,1673,22.75,47.6273307,-122.3925778,0.763579163,-4.569999695,1.277822431,0.059006594,1.33245844692333,-0.193425518048286,0,0.8,0,0,0,0.04,0.06,0,0,0,0.02,0.08,0,0,0,0,0,0,0,0,0,0,0,0,0,0,0,0,0,0
"EBM_W25","2025_01_28_12-02-42.jpg",2025-01-28,"winter","return",12:02:42,"Elliott_Bay_Marina",4,"shallow","EBM_W25_T4",13.62056803,1.94524838,26.49541104,1682,22.86111111,47.6273373,-122.3925797,0.732440576,-4.170000076,1.175568089,0.04684561,0.921407172621855,-0.262287009089508,0,0.42,0,0,0,0.08,0.06,0,0,0.14,0.02,0.06,0,0.14,0.02,0,0,0.06,0,0,0,0,0,0,0,0,0,0,0,0
"EBM_W25","2025_01_28_12-03-00.jpg",2025-01-28,"winter","return",12:03:00,"Elliott_Bay_Marina",4,"shallow","EBM_W25_T4",13.59532747,2.48189011,33.74444035,1694,23.02777778,47.6273454,-122.3925922,0.791802172,-4.139999866,1.374160039,0.058005685,0.927849939734746,-0.276487425014312,0,0.52,0,0,0,0.2,0.12,0.06,0,0.06,0,0.02,0,0.02,0,0,0,0,0,0,0,0,0,0,0,0,0,0,0,0
"EBM_W25","2025_01_28_12-03-15.jpg",2025-01-28,"winter","return",12:03:15,"Elliott_Bay_Marina",4,"shallow","EBM_W25_T4",13.59259395,2.717343413,36.93584551,1704,23.16666667,47.627368,-122.392599,0.90550753,-4.480000019,1.796807464,0.114141062,1.01604090165043,-0.346349333264725,0,0.52,0,0,0,0.26,0.02,0.04,0,0.02,0,0.02,0,0.12,0,0,0,0,0,0,0,0,0,0,0,0,0,0,0,0
"EBM_W25","2025_01_28_12-03-30.jpg",2025-01-28,"winter","return",12:03:30,"Elliott_Bay_Marina",4,"shallow","EBM_W25_T4",13.59587636,2.464880694,33.51219768,1715,23.30555556,47.6273924,-122.3926142,0.798546617,-4.409999847,1.39751112,0,0.883607490483294,-0.31452792853258,0,0.48,0,0,0,0.14,0.04,0.04,0,0.22,0.02,0.02,0,0.04,0,0,0,0,0,0,0,0,0,0,0,0,0,0,0,0
"EBM_W25","2025_01_28_12-04-10.jpg",2025-01-28,"winter","return",12:04:10,"Elliott_Bay_Marina",4,"shallow","EBM_W25_T4",13.61945119,1.795488069,24.45350477,1751,23.80555556,47.6273391,-122.3926674,1.362255974,-3.970000029,4.066988477,0.022138585,1.01917025792704,-0.249353272613918,0,0.5,0,0,0,0.14,0.14,0,0,0.08,0.04,0.06,0,0.04,0,0,0,0,0,0,0,0,0,0,0,0,0,0,0,0
"EBM_W25","2025_01_28_12-04-19.jpg",2025-01-28,"winter","return",12:04:19,"Elliott_Bay_Marina",4,"shallow","EBM_W25_T4",13.58751613,3.041526882,41.32667606,1763,23.97222222,47.6273203,-122.392679,1.079139756,-4.159999847,2.552269739,0.094831504,1.10145936909516,-0.205130608471873,0,0.52,0,0,0,0.08,0.24,0,0,0.04,0.06,0.04,0,0.02,0,0,0,0,0,0,0,0,0,0,0,0,0,0,0,0
"EBM_W25","2025_01_28_12-04-31.jpg",2025-01-28,"winter","return",12:04:31,"Elliott_Bay_Marina",4,"shallow","EBM_W25_T4",13.59441333,2.813088889,38.24102613,1772,24.08333333,47.6273215,-122.392692,0.685955531,-4.230000019,1.032480462,0.142606219,0.92970135656676,-0.334892048715023,0,0.3,0,0,0,0.3,0.08,0.02,0,0.04,0.04,0.16,0,0.04,0,0,0,0,0,0,0.02,0,0,0,0,0,0,0,0,0
"EBM_W25","2025_01_28_12-04-40.jpg",2025-01-28,"winter","return",12:04:40,"Elliott_Bay_Marina",4,"shallow","EBM_W25_T4",13.60189744,2.373589744,32.28533487,1778,24.16666667,47.627332,-122.3926763,0.64341878,-4.289999962,0.910775521,0.108808934,1.00430332111459,-0.473339799481327,0,0.26,0,0,0,0.22,0.18,0,0,0.2,0,0.12,0,0,0,0,0,0.02,0,0,0,0,0,0,0,0,0,0,0,0
"EBM_W25","2025_01_28_12-04-52.jpg",2025-01-28,"winter","return",12:04:52,"Elliott_Bay_Marina",4,"shallow","EBM_W25_T4",13.59627056,2.496277056,33.94004032,1786,24.27777778,47.6273552,-122.392672,0.832683937,-4.789999962,1.521456534,0.071723685,0.836548723924375,-0.195879942305719,0.02,0.36,0,0,0,0.04,0.34,0.02,0,0.12,0.02,0.04,0,0.04,0,0,0,0,0,0,0,0,0,0,0,0,0,0,0,0
"EBM_W25","2025_01_28_12-05-07.jpg",2025-01-28,"winter","return",12:05:07,"Elliott_Bay_Marina",4,"shallow","EBM_W25_T4",13.58544731,2.973612903,40.39789112,1796,24.41666667,47.6273665,-122.392674,0.785913973,-4.480000019,1.370246145,0.060167295,0.955235667108142,-0.300422566599716,0,0.48,0,0,0,0.22,0.1,0.02,0,0.1,0.04,0.02,0,0.02,0,0,0,0,0,0,0,0,0,0,0,0,0,0,0,0
"EBM_W25","2025_01_28_12-05-19.jpg",2025-01-28,"winter","return",12:05:19,"Elliott_Bay_Marina",4,"shallow","EBM_W25_T4",13.60965152,2.08034632,28.31283623,1804,24.52777778,47.62738,-122.3926722,0.539978329,-4.369999886,0.639224085,0.04719735,1.13073688760541,-0.259279434127022,0,0.58,0,0,0,0.16,0.06,0,0,0.02,0,0.14,0,0.02,0,0,0,0.02,0,0,0,0,0,0,0,0,0,0,0,0
"EBM_W25","2025_01_28_12-05-37.jpg",2025-01-28,"winter","return",12:05:37,"Elliott_Bay_Marina",4,"shallow","EBM_W25_T4",13.61294612,1.900215517,25.86750991,1818,24.72222222,47.6273255,-122.3927081,1.200883551,-4.190000057,3.160168159,0.066452019,1.28135171896792,-0.234059118122492,0,0.74,0,0,0,0.06,0.12,0,0,0.02,0.06,0,0,0,0,0,0,0,0,0,0,0,0,0,0,0,0,0,0,0
"CNL_S24","2024_10_08_11-38-24.jpg",2024-10-08,"summer","out",11:38:24,"Centennial_Park",5,"shallow","CNL_S24_T5",13.62554878,1.7125,23.33380305,0,0,47.6196852,-122.3629586,0.673719488,-4.009999752,0.994646211,0,-0.293692225037241,-0.581758746426691,0.12,0.04,0,0,0.32,0,0,0.02,0.16,0.1,0.12,0.02,0.08,0,0,0.02,0,0,0,0,0,0,0,0,0,0,0,0,0,0
"CNL_S24","2024_10_08_11-38-33.jpg",2024-10-08,"summer","out",11:38:33,"Centennial_Park",5,"shallow","CNL_S24_T5",13.62112727,1.759636364,23.96819564,5,0.083333333,47.6196874,-122.3629014,0.647878766,-4.049999714,0.919859904,0.041050852,-0.00333822192713313,-0.370817440173413,0.12,0.16,0,0,0.28,0,0,0,0.02,0.06,0.06,0.04,0.04,0,0.14,0,0,0,0.08,0,0,0,0,0,0,0,0,0,0,0
"CNL_S24","2024_10_08_11-38-42.jpg",2024-10-08,"summer","out",11:38:42,"Centennial_Park",5,"shallow","CNL_S24_T5",13.59642073,2.621585366,35.64395902,11,0.138888889,47.6196799,-122.3629222,0.692682922,-4.110000134,1.051803979,0.102040465,-0.47383498283447,-0.457762525684795,0.2,0.02,0,0.02,0.22,0.02,0,0.02,0.28,0.02,0.04,0.08,0,0,0.06,0.02,0,0,0,0,0,0,0,0,0,0,0,0,0,0
"CNL_S24","2024_10_08_11-38-51.jpg",2024-10-08,"summer","out",11:38:51,"Centennial_Park",5,"shallow","CNL_S24_T5",13.61185366,2.18054878,29.68136165,16,0.222222222,47.6196753,-122.3628871,0.656219482,-4.139999866,0.943647979,0.050702651,-0.106467598111109,-0.792116424907709,0.04,0.04,0,0,0.18,0.02,0,0,0.16,0.3,0,0.1,0.1,0.02,0,0.04,0,0,0,0,0,0,0,0,0,0,0,0,0,0
"CNL_S24","2024_10_08_11-39-00.jpg",2024-10-08,"summer","out",11:39:00,"Centennial_Park",5,"shallow","CNL_S24_T5",13.598,2.518787879,34.25047758,21,0.305555556,47.6196687,-122.3628807,0.744242408,-4.130000114,1.213994758,0.105523563,-0.221224136436601,-0.595964349604059,0.1,0,0,0.02,0.24,0.08,0,0,0.18,0.12,0.08,0.08,0.08,0,0,0.02,0,0,0,0,0,0,0,0,0,0,0,0,0,0
"CNL_S24","2024_10_08_11-39-09.jpg",2024-10-08,"summer","out",11:39:09,"Centennial_Park",5,"shallow","CNL_S24_T5",13.60178049,2.304878049,31.35044634,28,0.388888889,47.6196685,-122.3628389,0.672865831,-4.199999809,0.992163712,0.125673214,-0.384471405470438,-0.316934029314972,0.14,0.06,0,0.02,0.1,0,0,0.02,0.38,0,0.06,0.06,0.14,0,0.02,0,0,0,0,0,0,0,0,0,0,0,0,0,0,0
"CNL_S24","2024_10_08_11-39-18.jpg",2024-10-08,"summer","out",11:39:18,"Centennial_Park",5,"shallow","CNL_S24_T5",13.608,2.088855422,28.42514458,33,0.444444444,47.6196444,-122.362894,0.682469863,-4.259999752,1.020842755,0.107613795,-0.312611026265234,-0.967734603721186,0.04,0.02,0,0,0.24,0,0,0.02,0.3,0.24,0.04,0,0.06,0.02,0,0.02,0,0,0,0,0,0,0,0,0,0,0,0,0,0
"CNL_S24","2024_10_08_11-39-27.jpg",2024-10-08,"summer","out",11:39:27,"Centennial_Park",5,"shallow","CNL_S24_T5",13.61257055,2.016932515,27.45566061,38,0.527777778,47.6196551,-122.3628377,0.685460111,-4.279999733,1.029715633,0.088364295,-0.0182057253060107,-0.710100224682376,0.02,0.08,0,0,0.24,0.06,0,0,0.26,0.14,0,0.02,0.1,0.02,0.04,0,0.02,0,0,0,0,0,0,0,0,0,0,0,0,0
"CNL_S24","2024_10_08_11-39-36.jpg",2024-10-08,"summer","out",11:39:36,"Centennial_Park",5,"shallow","CNL_S24_T5",13.60636646,2.202732919,29.97111702,43,0.583333333,47.6196473,-122.3628499,0.699006185,-4.279999733,1.072951581,0.101566516,-0.682253686756395,-0.745934175657862,0.06,0,0,0.18,0.5,0,0,0,0.1,0.04,0,0.04,0.04,0,0.02,0.02,0,0,0,0,0,0,0,0,0,0,0,0,0,0
"CNL_S24","2024_10_08_11-39-45.jpg",2024-10-08,"summer","out",11:39:45,"Centennial_Park",5,"shallow","CNL_S24_T5",13.59869091,2.578969697,35.07060558,49,0.666666667,47.6196409,-122.3628336,0.656545424,-4.339999676,0.944583599,0.141973184,-0.417632643061904,-0.619021057915235,0.06,0.04,0,0.12,0.38,0.04,0,0,0.02,0.1,0,0,0.12,0,0.12,0,0,0,0,0,0,0,0,0,0,0,0,0,0,0
"CNL_S24","2024_10_08_11-39-54.jpg",2024-10-08,"summer","out",11:39:54,"Centennial_Park",5,"shallow","CNL_S24_T5",13.601,2.301280488,31.29971591,55,0.75,47.619647,-122.362783,0.64817071,-4.289999962,0.920656115,0.135229405,-0.689035929012901,-0.788290481778569,0.06,0,0,0.14,0.6,0.02,0,0.08,0.02,0,0,0.02,0.04,0,0,0.02,0,0,0,0,0,0,0,0,0,0,0,0,0,0
"CNL_S24","2024_10_08_11-40-03.jpg",2024-10-08,"summer","out",11:40:03,"Centennial_Park",5,"shallow","CNL_S24_T5",13.60308434,2.315542169,31.49841181,61,0.833333333,47.6196409,-122.3628061,0.711506001,-4.230000019,1.109413324,0.109040874,-0.371079848219022,-1.00449065255834,0,0,0,0.14,0.58,0,0,0,0,0.08,0.1,0,0.02,0.04,0.04,0,0,0,0,0,0,0,0,0,0,0,0,0,0,0
"CNL_S24","2024_10_08_11-40-12.jpg",2024-10-08,"summer","out",11:40:12,"Centennial_Park",5,"shallow","CNL_S24_T5",13.61456098,1.952378049,26.58077104,66,0.888888889,47.6196352,-122.3628216,0.705670714,-4.289999962,1.091223376,0.061900942,-0.463639398937825,-0.866800574088218,0.02,0,0,0.04,0.22,0,0,0.04,0.36,0.02,0.06,0.02,0.1,0.04,0.06,0.02,0,0,0,0,0,0,0,0,0,0,0,0,0,0
"CNL_S24","2024_10_08_11-40-21.jpg",2024-10-08,"summer","out",11:40:21,"Centennial_Park",5,"shallow","CNL_S24_T5",13.605,2.155783133,29.32942952,71,0.972222222,47.6196353,-122.3628295,0.635722881,-4.400000095,0.885625373,0.058224569,-0.723295182397751,-1.23400617823598,0,0,0,0.1,0.6,0,0,0,0.2,0.02,0,0,0,0,0.08,0,0,0,0,0,0,0,0,0,0,0,0,0,0,0
"CNL_S24","2024_10_08_11-40-30.jpg",2024-10-08,"summer","out",11:40:30,"Centennial_Park",5,"shallow","CNL_S24_T5",13.58850602,3.031927711,41.19931952,76,1.027777778,47.6196144,-122.3628567,0.693975897,-4.380000114,1.055486666,0.100651145,-0.711895376009904,-1.02581399240069,0,0,0,0.1,0.32,0,0,0.02,0.12,0.04,0,0,0.08,0,0.32,0,0,0,0,0,0,0,0,0,0,0,0,0,0,0
"CNL_S24","2024_10_08_11-40-39.jpg",2024-10-08,"summer","out",11:40:39,"Centennial_Park",5,"shallow","CNL_S24_T5",13.60628049,2.077743902,28.27042043,82,1.111111111,47.6196036,-122.3628297,0.676707288,-4.420000076,1.003631577,0.08523472,-0.501816333835278,-0.829542315646732,0.08,0.02,0,0.06,0.46,0,0,0.04,0.08,0.02,0.06,0,0,0,0.12,0.06,0,0,0,0,0,0,0,0,0,0,0,0,0,0
"CNL_S24","2024_10_08_11-40-48.jpg",2024-10-08,"summer","out",11:40:48,"Centennial_Park",5,"shallow","CNL_S24_T5",13.59644848,2.540545455,34.54231442,87,1.194444444,47.6195938,-122.36284,0.670545414,-4.480000019,0.98525679,0.106142028,-0.723934248704569,-0.641156036399005,0.06,0.04,0,0.28,0.4,0,0,0,0.08,0,0,0,0.02,0.02,0.1,0,0,0,0,0,0,0,0,0,0,0,0,0,0,0
"CNL_S24","2024_10_08_11-40-57.jpg",2024-10-08,"summer","out",11:40:57,"Centennial_Park",5,"shallow","CNL_S24_T5",13.61254878,2.018414634,27.47581659,93,1.25,47.6195893,-122.3627996,0.694512184,-4.449999809,1.05953206,0.084548107,-0.473312622506411,-1.31797955361024,0,0,0,0.04,0.62,0,0,0.02,0.1,0,0.04,0,0,0,0.06,0.1,0.02,0,0,0,0,0,0,0,0,0,0,0,0,0
"CNL_S24","2024_10_08_11-41-06.jpg",2024-10-08,"summer","out",11:41:06,"Centennial_Park",5,"shallow","CNL_S24_T5",13.60354321,2.390617284,32.52091148,99,1.333333333,47.6195781,-122.3627821,0.696296288,-4.539999962,1.062422134,0.135830715,-0.610526499922658,-0.989228787118749,0,0,0,0.16,0.52,0,0,0.06,0.18,0.06,0,0.02,0,0,0,0,0,0,0,0,0,0,0,0,0,0,0,0,0,0
"CNL_S24","2024_10_08_11-41-15.jpg",2024-10-08,"summer","out",11:41:15,"Centennial_Park",5,"shallow","CNL_S24_T5",13.60402439,2.537073171,34.51437317,104,1.416666667,47.6195709,-122.3627879,0.677499995,-4.579999924,1.005829559,0.113529166,-0.443681601100349,-1.20859328865767,0.02,0,0,0.06,0.6,0,0,0.02,0,0.1,0.02,0,0,0,0.18,0,0,0,0,0,0,0,0,0,0,0,0,0,0,0
"CNL_S24","2024_10_08_11-41-24.jpg",2024-10-08,"summer","out",11:41:24,"Centennial_Park",5,"shallow","CNL_S24_T5",13.60877576,2.148727273,29.24154958,110,1.5,47.6195599,-122.3627984,0.663454509,-4.549999714,0.964567601,0.097030406,-0.662542703623181,-0.614559325898351,0.04,0,0,0.2,0.18,0,0,0.18,0,0.04,0.04,0.02,0.02,0,0.28,0,0,0,0,0,0,0,0,0,0,0,0,0,0,0
"CNL_S24","2024_10_08_11-41-33.jpg",2024-10-08,"summer","out",11:41:33,"Centennial_Park",5,"shallow","CNL_S24_T5",13.616,2.037168675,27.73808867,115,1.583333333,47.6195496,-122.3628252,0.700542155,-4.549999714,1.075869045,0.106925964,-0.780783406192202,-0.732417265731185,0.08,0,0,0.1,0.18,0,0,0.06,0.28,0.1,0,0,0.02,0,0.18,0,0,0,0,0,0,0,0,0,0,0,0,0,0,0
"CNL_S24","2024_10_08_11-41-42.jpg",2024-10-08,"summer","out",11:41:42,"Centennial_Park",5,"shallow","CNL_S24_T5",13.59820859,2.474355828,33.6467308,121,1.638888889,47.6195449,-122.362799,0.636257658,-4.619999886,0.887113583,0.107577777,-0.639149403215015,-0.786991441326273,0.04,0,0,0.1,0.38,0,0,0.12,0.06,0.18,0,0,0.1,0,0.02,0,0,0,0,0,0,0,0,0,0,0,0,0,0,0
"CNL_S24","2024_10_08_11-41-51.jpg",2024-10-08,"summer","out",11:41:51,"Centennial_Park",5,"shallow","CNL_S24_T5",13.60598225,2.34739645,31.9382458,127,1.722222222,47.6195369,-122.3627861,0.682130168,-4.480000019,1.019746777,0.126553243,-0.466662840653871,-0.486229860786699,0.06,0,0,0.16,0.16,0.02,0,0.1,0,0.14,0.02,0.02,0.04,0.04,0.16,0.08,0,0,0,0,0,0,0,0,0,0,0,0,0,0
"CNL_S24","2024_10_08_11-42-00.jpg",2024-10-08,"summer","out",11:42:00,"Centennial_Park",5,"shallow","CNL_S24_T5",13.61618182,2.079272727,28.31166327,133,1.805555556,47.6195282,-122.3627824,0.680000007,-4.489999771,1.013224998,0.092670808,-0.449577002787413,-0.459926080776419,0.04,0.04,0,0.2,0.18,0.02,0,0.08,0.12,0.24,0,0,0.04,0.02,0.02,0,0,0,0,0,0,0,0,0,0,0,0,0,0,0
"CNL_S24","2024_10_08_11-42-09.jpg",2024-10-08,"summer","out",11:42:09,"Centennial_Park",5,"shallow","CNL_S24_T5",13.60083333,2.463518519,33.5058937,139,1.888888889,47.6195223,-122.3627691,0.639999986,-4.420000076,0.897527967,0.129004786,0.000144961217479531,-1.15388880043679,0,0,0,0,0.56,0.08,0,0,0.16,0.08,0.08,0.02,0.02,0,0,0,0,0,0,0,0,0,0,0,0,0,0,0,0,0
"CNL_S24","2024_10_08_11-42-18.jpg",2024-10-08,"summer","out",11:42:18,"Centennial_Park",5,"shallow","CNL_S24_T5",13.60943713,2.304131737,31.35792683,144,1.972222222,47.6195167,-122.3627269,0.696766458,-4.329999924,1.063854183,0.12151838,-0.098208072255622,-0.983890639983207,0.06,0,0,0,0.66,0.08,0,0,0,0.04,0.06,0.04,0.02,0.02,0.02,0,0,0,0,0,0,0,0,0,0,0,0,0,0,0
"CNL_S24","2024_10_08_11-42-27.jpg",2024-10-08,"summer","out",11:42:27,"Centennial_Park",5,"shallow","CNL_S24_T5",13.61621818,1.930666667,26.28834412,149,2.027777778,47.6195131,-122.3627267,0.64296968,-4.289999962,0.90729022,0.093103713,-0.142111837038106,-0.757015107092817,0.08,0,0,0.04,0.3,0.3,0,0,0.1,0.06,0.04,0.06,0,0,0.02,0,0,0,0,0,0,0,0,0,0,0,0,0,0,0
"CNL_S24","2024_10_08_11-42-36.jpg",2024-10-08,"summer","out",11:42:36,"Centennial_Park",5,"shallow","CNL_S24_T5",13.60302469,2.50382716,34.0593537,155,2.111111111,47.6195136,-122.3626816,0.63975305,-4.159999847,0.899064472,0.183878401,0.186179516143481,-0.953879098034309,0,0.04,0,0,0.5,0.06,0,0.02,0.06,0.12,0.14,0.06,0,0,0,0,0,0,0,0,0,0,0,0,0,0,0,0,0,0
"CNL_S24","2024_10_08_11-42-45.jpg",2024-10-08,"summer","out",11:42:45,"Centennial_Park",5,"shallow","CNL_S24_T5",13.59540964,2.765180723,37.59358349,162,2.194444444,47.619514,-122.3626517,0.696506001,-4.089999676,1.064547219,0.183076774,-0.0527658032416543,-0.809674858895416,0.08,0.02,0,0,0.44,0.16,0,0.02,0,0.14,0.08,0,0.02,0,0,0.04,0,0,0,0,0,0,0,0,0,0,0,0,0,0
"CNL_S24","2024_10_08_11-42-54.jpg",2024-10-08,"summer","out",11:42:54,"Centennial_Park",5,"shallow","CNL_S24_T5",13.60423636,2.421030303,32.93626588,168,2.277777778,47.6195151,-122.3626588,0.687636354,-4.059999943,1.036260756,0.135315573,-0.379195041929693,-0.833568148697519,0.16,0,0,0,0.62,0.06,0,0,0,0.08,0.06,0,0.02,0,0,0,0,0,0,0,0,0,0,0,0,0,0,0,0,0
"CNL_S24","2024_10_08_11-43-03.jpg",2024-10-08,"summer","out",11:43:03,"Centennial_Park",5,"shallow","CNL_S24_T5",13.60164458,2.59253012,35.26268554,174,2.361111111,47.6195156,-122.3626546,0.701927707,-4.089999676,1.080287178,0.101451698,0.0918082043800487,-0.756250398160093,0.02,0.04,0,0.02,0.5,0.12,0,0,0,0.06,0.08,0.04,0.06,0.04,0,0,0,0,0,0,0,0.02,0,0,0,0,0,0,0,0
"CNL_S24","2024_10_08_11-43-12.jpg",2024-10-08,"summer","out",11:43:12,"Centennial_Park",5,"shallow","CNL_S24_T5",13.59540964,2.731144578,37.1306894,181,2.472222222,47.6195114,-122.3626314,0.663855394,-4.170000076,0.966155683,0.132655903,0.0784882009981434,-0.973681306126271,0.02,0,0,0,0.48,0.2,0,0,0,0.06,0.02,0.12,0.08,0.02,0,0,0,0,0,0,0,0,0,0,0,0,0,0,0,0
"CNL_S24","2024_10_08_11-43-21.jpg",2024-10-08,"summer","out",11:43:21,"Centennial_Park",5,"shallow","CNL_S24_T5",13.60794545,2.090848485,28.45221752,187,2.555555556,47.6195094,-122.362653,0.66745452,-4.289999962,0.976716346,0.062605159,-0.104538670298523,-0.914948161016685,0.06,0,0,0,0.48,0.16,0,0,0,0.06,0.1,0,0.08,0,0.02,0.04,0,0,0,0,0,0,0,0,0,0,0,0,0,0
"CNL_S24","2024_10_08_11-43-30.jpg",2024-10-08,"summer","out",11:43:30,"Centennial_Park",5,"shallow","CNL_S24_T5",13.60340741,2.454259259,33.38626148,193,2.611111111,47.6195116,-122.3626879,0.652345658,-4.329999924,0.933318045,0.082703055,0.214342687807126,-1.31991195191871,0,0,0,0,0.56,0.36,0,0,0,0.02,0.02,0.04,0,0,0,0,0,0,0,0,0,0,0,0,0,0,0,0,0,0
"CNL_S24","2024_10_08_11-43-39.jpg",2024-10-08,"summer","out",11:43:39,"Centennial_Park",5,"shallow","CNL_S24_T5",13.59890244,2.659756098,36.16989732,199,2.722222222,47.6195046,-122.3626571,0.771951206,-4.309999943,1.306665433,0.067338349,0.229688887275992,-1.19586019972431,0,0,0,0,0.44,0.26,0,0,0,0.2,0.06,0.02,0,0,0.02,0,0,0,0,0,0,0,0,0,0,0,0,0,0,0
"CNL_S24","2024_10_08_11-43-48.jpg",2024-10-08,"summer","out",11:43:48,"Centennial_Park",5,"shallow","CNL_S24_T5",13.59509146,2.740853659,37.26211256,206,2.805555556,47.6194969,-122.362668,0.714512176,-4.429999828,1.119518301,0.077627707,-0.222752286666254,-0.412010874216612,0.16,0.08,0,0,0.46,0.02,0,0.02,0.04,0.02,0.04,0.06,0.1,0,0,0,0,0,0,0,0,0,0,0,0,0,0,0,0,0
"CNL_S24","2024_10_08_11-43-57.jpg",2024-10-08,"summer","out",11:43:57,"Centennial_Park",5,"shallow","CNL_S24_T5",13.6002284,2.641728395,35.92809543,213,2.888888889,47.6194835,-122.3626327,0.655987625,-4.559999943,0.943369275,0.109835078,-0.216601291675794,-0.854620111412279,0.06,0,0,0.02,0.16,0.08,0,0.06,0,0.26,0,0.06,0.02,0,0.28,0,0,0,0,0,0,0,0,0,0,0,0,0,0,0
"CNL_S24","2024_10_08_11-44-06.jpg",2024-10-08,"summer","out",11:44:06,"Centennial_Park",5,"shallow","CNL_S24_T5",13.60059036,2.539216867,34.53477687,219,2.972222222,47.6194743,-122.3626478,0.632108419,-4.559999943,0.876131789,0.088709151,0.0349496797061536,-0.67313158803484,0.02,0.08,0,0.04,0.5,0.18,0,0.02,0,0.04,0,0.04,0.06,0,0.02,0,0,0,0,0,0,0,0,0,0,0,0,0,0,0
"CNL_S24","2024_10_08_11-44-15.jpg",2024-10-08,"summer","out",11:44:15,"Centennial_Park",5,"shallow","CNL_S24_T5",13.57710429,4.317791411,58.62310896,226,3.083333333,47.619462,-122.3626392,0.659509183,-4.519999981,0.954545649,0.131992041,0.040202675723792,-1.12163732166307,0,0,0,0,0.5,0.18,0,0,0.12,0,0.04,0.08,0.04,0,0,0,0,0.02,0,0,0,0,0.02,0,0,0,0,0,0,0
"CNL_S24","2024_10_08_11-57-58.jpg",2024-10-08,"summer","out",11:57:58,"Centennial_Park",5,"shallow","CNL_S24_T5",13.60256442,2.351656442,31.98852123,761,10.36111111,47.6194621,-122.3625686,0.626932513,-4.159999847,0.861353879,0.129492937,-0.0540726905780611,-1.12954031994727,0.02,0,0,0,0.62,0.02,0,0,0,0.12,0.1,0.04,0.06,0,0,0,0,0,0,0,0,0.02,0,0,0,0,0,0,0,0
"CNL_S24","2024_10_08_11-58-07.jpg",2024-10-08,"summer","out",11:58:07,"Centennial_Park",5,"shallow","CNL_S24_T5",13.60922561,2.102256098,28.61002829,767,10.44444444,47.6194576,-122.3625632,0.71432926,-4.289999962,1.119054704,0.094114047,0.0974236202152313,-1.05519251872376,0,0.04,0,0.02,0.64,0.1,0,0,0,0.14,0,0.04,0.02,0,0,0,0,0,0,0,0,0,0,0,0,0,0,0,0,0
"CNL_S24","2024_10_08_11-58-16.jpg",2024-10-08,"summer","out",11:58:16,"Centennial_Park",5,"shallow","CNL_S24_T5",13.6222,1.870727273,25.48260855,772,10.5,47.6194519,-122.3625589,0.651393914,-4.360000134,0.929984707,0.070520826,-0.120748130714721,-0.931741907027969,0,0.06,0,0.04,0.6,0,0,0.02,0,0.08,0.02,0.02,0.14,0,0,0.02,0,0,0,0,0,0,0,0,0,0,0,0,0,0
"CNL_S24","2024_10_08_11-58-25.jpg",2024-10-08,"summer","return",11:58:25,"Centennial_Park",5,"shallow","CNL_S24_T5",13.60051829,2.301463415,31.30105701,779,10.61111111,47.6194563,-122.3625968,0.724634133,-4.360000134,1.150967823,0.116825637,-0.247565833297058,-0.485003241887043,0.06,0.04,0,0.16,0.28,0.18,0,0,0,0.08,0,0.02,0.12,0,0,0.06,0,0,0,0,0,0,0,0,0,0,0,0,0,0
"CNL_S24","2024_10_08_11-58-34.jpg",2024-10-08,"summer","return",11:58:34,"Centennial_Park",5,"shallow","CNL_S24_T5",13.6043253,2.306987952,31.38504482,784,10.66666667,47.6194578,-122.3626044,0.629036128,-4.319999695,0.870686711,0.097509039,-0.451385977569649,-1.88668269158875,0,0,0,0,1,0,0,0,0,0,0,0,0,0,0,0,0,0,0,0,0,0,0,0,0,0,0,0,0,0
"CNL_S24","2024_10_08_11-58-43.jpg",2024-10-08,"summer","return",11:58:43,"Centennial_Park",5,"shallow","CNL_S24_T5",13.6080303,1.994121212,27.13550455,789,10.72222222,47.6194584,-122.3626101,0.668363619,-4.199999809,0.979073605,0.07407298,0.130243768961555,-0.692526761142569,0.04,0.06,0,0,0.42,0.2,0,0,0,0.08,0.06,0.06,0.08,0,0,0,0,0,0,0,0,0,0,0,0,0,0,0,0,0
"CNL_S24","2024_10_08_11-58-52.jpg",2024-10-08,"summer","return",11:58:52,"Centennial_Park",5,"shallow","CNL_S24_T5",13.6164303,1.925757576,26.22195836,794,10.80555556,47.6194621,-122.3626247,0.638484835,-4.139999866,0.893473528,0.092015973,-0.0430424054583826,-0.979260707295228,0.04,0,0,0,0.56,0.06,0,0,0.02,0.08,0.06,0.08,0.04,0,0,0.06,0,0,0,0,0,0,0,0,0,0,0,0,0,0
"CNL_S24","2024_10_08_11-59-01.jpg",2024-10-08,"summer","return",11:59:01,"Centennial_Park",5,"shallow","CNL_S24_T5",13.60168153,2.417643312,32.88382318,800,10.88888889,47.6194663,-122.3626464,0.665222907,-4.119999886,0.969844129,0.09653704,-0.0886364168780658,-0.297140027348978,0.2,0.16,0,0,0.42,0.06,0,0,0.04,0,0.08,0,0.04,0,0,0,0,0,0,0,0,0,0,0,0,0,0,0,0,0
"CNL_S24","2024_10_08_11-59-10.jpg",2024-10-08,"summer","return",11:59:10,"Centennial_Park",5,"shallow","CNL_S24_T5",13.5993908,2.464712644,33.5186031,806,10.97222222,47.6194682,-122.3626396,0.625632168,-4.069999695,0.858536655,0.15876389,0.307610758519513,-1.07938476409466,0,0.02,0,0,0.42,0.26,0,0,0,0.18,0.04,0.08,0,0,0,0,0,0,0,0,0,0,0,0,0,0,0,0,0,0
"CNL_S24","2024_10_08_11-59-19.jpg",2024-10-08,"summer","return",11:59:19,"Centennial_Park",5,"shallow","CNL_S24_T5",13.60424,2.303714286,31.34049954,812,11.05555556,47.6194726,-122.3626412,0.76039999,-4,1.267596751,0.120361705,-0.115419785035894,-1.04047251605075,0.04,0.02,0,0,0.66,0.04,0,0,0.06,0.1,0.04,0.02,0.02,0,0,0,0,0,0,0,0,0,0,0,0,0,0,0,0,0
"CNL_S24","2024_10_08_11-59-28.jpg",2024-10-08,"summer","return",11:59:28,"Centennial_Park",5,"shallow","CNL_S24_T5",13.60783436,2.093803681,28.49209454,817,11.11111111,47.6194753,-122.3626615,0.62490795,-4.150000095,0.856722657,0.100262538,0.0232742737761627,-0.751955051196691,0.06,0.14,0,0.02,0.68,0.02,0,0,0,0,0,0.04,0.02,0,0.02,0,0,0,0,0,0,0,0,0,0,0,0,0,0,0
"CNL_S24","2024_10_08_11-59-37.jpg",2024-10-08,"summer","return",11:59:37,"Centennial_Park",5,"shallow","CNL_S24_T5",13.60906098,2.22652439,30.30066677,822,11.19444444,47.6194793,-122.3626695,0.636768281,-3.99000001,0.889533991,0.091671571,0.168120432890396,-1.10382660266218,0,0.02,0,0,0.54,0.1,0,0,0,0.24,0.04,0.04,0.02,0,0,0,0,0,0,0,0,0,0,0,0,0,0,0,0,0
"CNL_S24","2024_10_08_11-59-46.jpg",2024-10-08,"summer","return",11:59:46,"Centennial_Park",5,"shallow","CNL_S24_T5",13.60283636,2.251393939,30.625384,828,11.25,47.6194839,-122.3626673,0.684545447,-3.849999905,1.027263438,0.090210538,-0.103872979415367,-0.822263291025665,0.08,0.02,0,0,0.52,0.2,0,0,0,0,0.04,0.06,0.06,0,0.02,0,0,0,0,0,0,0,0,0,0,0,0,0,0,0
"CNL_S24","2024_10_08_11-59-55.jpg",2024-10-08,"summer","return",11:59:55,"Centennial_Park",5,"shallow","CNL_S24_T5",13.61658182,1.98,26.960832,833,11.33333333,47.6194883,-122.3626955,0.715939367,-3.799999952,1.123382696,0.076506342,-0.0432528901113001,-0.538846930711502,0.08,0.08,0,0.04,0.42,0.16,0,0,0,0.1,0.02,0.02,0.04,0,0.02,0.02,0,0,0,0,0,0,0,0,0,0,0,0,0,0
"CNL_S24","2024_10_08_12-00-04.jpg",2024-10-08,"summer","return",12:00:04,"Centennial_Park",5,"shallow","CNL_S24_T5",13.60439157,2.390481928,32.52113169,839,11.41666667,47.6194934,-122.3627103,0.696987943,-3.799999952,1.065188791,0.118603912,-0.0216281081746811,-0.369345714637228,0.1,0.1,0,0.02,0.14,0.2,0,0.04,0,0.26,0,0.02,0.06,0,0.04,0.02,0,0,0,0,0,0,0,0,0,0,0,0,0,0
"CNL_S24","2024_10_08_12-00-13.jpg",2024-10-08,"summer","return",12:00:13,"Centennial_Park",5,"shallow","CNL_S24_T5",13.60882927,2.163658537,29.44473073,845,11.5,47.6194961,-122.3627079,0.680731705,-3.769999981,1.015613946,0.088004445,-0.00293260714104589,-0.860926495058372,0.04,0.02,0,0.02,0.54,0.18,0,0.02,0,0.06,0.02,0.06,0.02,0,0,0,0,0,0,0,0,0.02,0,0,0,0,0,0,0,0
"CNL_S24","2024_10_08_12-00-22.jpg",2024-10-08,"summer","return",12:00:22,"Centennial_Park",5,"shallow","CNL_S24_T5",13.60192121,2.426545455,33.00557709,850,11.55555556,47.619504,-122.362705,0.591939372,-3.809999943,0.767866866,0.103445053,0.121778267233321,-1.23242225310078,0,0,0,0,0.66,0.1,0,0,0.02,0.06,0.08,0.02,0,0,0.02,0.02,0,0,0,0,0,0.02,0,0,0,0,0,0,0,0
"CNL_S24","2024_10_08_12-00-31.jpg",2024-10-08,"summer","return",12:00:31,"Centennial_Park",5,"shallow","CNL_S24_T5",13.60834146,2.107439024,28.67863073,855,11.63888889,47.6195092,-122.3627023,0.639817059,-3.809999943,0.897302164,0.085882683,0.103244269450736,-1.05951527407303,0.02,0,0,0,0.54,0.2,0,0.02,0.02,0.1,0.02,0.06,0,0.02,0,0,0,0,0,0,0,0,0,0,0,0,0,0,0,0
"CNL_S24","2024_10_08_12-00-40.jpg",2024-10-08,"summer","return",12:00:40,"Centennial_Park",5,"shallow","CNL_S24_T5",13.59517365,2.733892216,37.16735425,861,11.72222222,47.6195147,-122.3626914,0.71389219,-3.789999962,1.117120713,0.098776419,-0.0503980897870075,-0.994846221836627,0.04,0.02,0,0,0.58,0.16,0,0,0,0.1,0.02,0,0.06,0,0,0,0.02,0,0,0,0,0,0,0,0,0,0,0,0,0
"CNL_S24","2024_10_08_12-00-49.jpg",2024-10-08,"summer","return",12:00:49,"Centennial_Park",5,"shallow","CNL_S24_T5",13.61760606,1.848181818,25.16776606,867,11.80555556,47.6195117,-122.3627403,0.701575744,-3.9599998,1.078927321,0.099380946,-0.0622916513655042,-1.1984622928648,0.04,0,0,0,0.74,0.1,0,0.02,0,0,0.04,0.04,0,0,0,0.02,0,0,0,0,0,0,0,0,0,0,0,0,0,0
"CNL_S24","2024_10_08_12-00-58.jpg",2024-10-08,"summer","return",12:00:58,"Centennial_Park",5,"shallow","CNL_S24_T5",13.61139394,2.152666667,29.30078497,872,11.86111111,47.6195257,-122.3626498,0.636242414,-4.069999695,0.88707116,0.062852667,-0.558322947193615,-0.634930663556488,0.2,0,0,0.02,0.32,0.04,0,0.02,0.26,0.08,0.04,0,0,0,0,0,0,0,0,0,0,0.02,0,0,0,0,0,0,0,0
"CNL_S24","2024_10_08_12-01-07.jpg",2024-10-08,"summer","return",12:01:07,"Centennial_Park",5,"shallow","CNL_S24_T5",13.60885455,2.067212121,28.13239982,878,11.94444444,47.6195234,-122.3627205,0.67084847,-4.089999676,0.986325919,0.079349456,0.0352581288839765,-1.20705453859569,0,0,0,0,0.72,0.06,0,0,0.02,0.06,0.04,0.06,0.02,0,0.02,0,0,0,0,0,0,0,0,0,0,0,0,0,0,0
"CNL_S24","2024_10_08_12-01-16.jpg",2024-10-08,"summer","return",12:01:16,"Centennial_Park",5,"shallow","CNL_S24_T5",13.60945455,2.146909091,29.21833891,883,12.02777778,47.6195279,-122.3627361,0.667515133,-4.139999866,0.976566303,0.093365168,-0.421342590585499,-1.20403127844585,0.06,0,0,0.02,0.82,0.02,0,0,0,0.04,0.02,0,0.02,0,0,0,0,0,0,0,0,0,0,0,0,0,0,0,0,0
"CNL_S24","2024_10_08_12-01-25.jpg",2024-10-08,"summer","return",12:01:25,"Centennial_Park",5,"shallow","CNL_S24_T5",13.62389634,1.661768293,22.63973341,888,12.08333333,47.6195375,-122.3627281,0.712195098,-4.069999695,1.111648563,0.035770675,0.0307456138750072,-0.90886204867305,0.02,0.04,0,0.02,0.52,0,0,0.02,0,0.16,0.12,0.08,0.02,0,0,0,0,0,0,0,0,0,0,0,0,0,0,0,0,0
"CNL_S24","2024_10_08_12-01-34.jpg",2024-10-08,"summer","return",12:01:34,"Centennial_Park",5,"shallow","CNL_S24_T5",13.61287273,1.914666667,26.06383588,893,12.16666667,47.6195448,-122.3627233,0.688242424,-4.099999905,1.038066888,0.052263616,-0.0397606745271792,-0.8270866601828,0,0.06,0,0.06,0.58,0.04,0,0,0.02,0.08,0,0.08,0.06,0,0,0.02,0,0,0,0,0,0,0,0,0,0,0,0,0,0
"CNL_S24","2024_10_08_12-01-43.jpg",2024-10-08,"summer","return",12:01:43,"Centennial_Park",5,"shallow","CNL_S24_T5",13.60831707,2.07195122,28.19574756,898,12.22222222,47.6195526,-122.3627281,0.676585363,-4.150000095,1.003177376,0.062025649,-0.120358527581549,-0.470736964217475,0.06,0.06,0,0.1,0.36,0.08,0,0.02,0,0.12,0.06,0.04,0.02,0,0.08,0,0,0,0,0,0,0,0,0,0,0,0,0,0,0
"CNL_S24","2024_10_08_12-01-52.jpg",2024-10-08,"summer","return",12:01:52,"Centennial_Park",5,"shallow","CNL_S24_T5",13.62056522,1.827267081,24.88840652,903,12.27777778,47.6195522,-122.3627675,0.658447197,-4.179999828,0.95091643,0.073323504,-0.0151891046919665,-0.663527963446267,0,0.06,0,0.1,0.34,0.02,0,0,0,0.16,0.08,0.08,0.02,0,0.1,0.02,0,0,0,0,0,0,0,0,0,0.02,0,0,0,0
"CNL_S24","2024_10_08_12-02-01.jpg",2024-10-08,"summer","return",12:02:01,"Centennial_Park",5,"shallow","CNL_S24_T5",13.61405488,2.077804878,28.28737207,909,12.36111111,47.6195642,-122.3627658,0.700670719,-4.21999979,1.075988994,0.097423712,-0.538841360236322,-0.571721156412792,0.04,0.04,0,0.26,0.28,0,0,0.02,0,0.22,0,0,0.06,0,0.04,0.02,0,0,0,0.02,0,0,0,0,0,0,0,0,0,0
"CNL_S24","2024_10_08_12-02-10.jpg",2024-10-08,"summer","return",12:02:10,"Centennial_Park",5,"shallow","CNL_S24_T5",13.60664024,2.380121951,32.38533287,915,12.44444444,47.6195727,-122.362772,0.666097538,-4.170000076,0.972508106,0.12847684,-0.866153160757198,-0.999109104698231,0.04,0,0,0.22,0.7,0,0,0,0,0.02,0,0,0,0,0.02,0,0,0,0,0,0,0,0,0,0,0,0,0,0,0
"CNL_S24","2024_10_08_12-02-19.jpg",2024-10-08,"summer","return",12:02:19,"Centennial_Park",5,"shallow","CNL_S24_T5",13.61456173,1.907592593,25.97046235,920,12.5,47.6195842,-122.3627701,0.668271585,-4.179999828,0.97887941,0.081882453,-0.605612297293896,-0.842356542212157,0,0.04,0,0.14,0.18,0,0,0,0.38,0,0.04,0,0.06,0,0.14,0,0,0,0,0.02,0,0,0,0,0,0,0,0,0,0
"CNL_S24","2024_10_08_12-02-28.jpg",2024-10-08,"summer","return",12:02:28,"Centennial_Park",5,"shallow","CNL_S24_T5",13.60109091,2.572424242,34.98575576,926,12.58333333,47.6195952,-122.3627437,0.686909085,-4.139999866,1.034220933,0.091339654,-0.481691186228748,-1.1167563425035,0.04,0,0,0.06,0.56,0,0,0,0,0.02,0.08,0,0.02,0,0.2,0.02,0,0,0,0,0,0,0,0,0,0,0,0,0,0
"CNL_S24","2024_10_08_12-02-37.jpg",2024-10-08,"summer","return",12:02:37,"Centennial_Park",5,"shallow","CNL_S24_T5",13.6225061,1.761585366,23.99703476,933,12.69444444,47.6196094,-122.3627315,0.622560962,-4.099999905,0.849719062,0.135547528,-0.333140124557657,-1.28777833541498,0,0,0,0.02,0.46,0,0,0,0.04,0.26,0.02,0,0.04,0,0.14,0.02,0,0,0,0,0,0,0,0,0,0,0,0,0,0
"CNL_S24","2024_10_08_12-02-46.jpg",2024-10-08,"summer","return",12:02:46,"Centennial_Park",5,"shallow","CNL_S24_T5",13.60207831,2.423012048,32.95794657,939,12.77777778,47.6196183,-122.3627774,0.694518066,-4.079999924,1.057006006,0.133047957,0.0205221443935965,-0.821598629275447,0,0.04,0,0.04,0.4,0.06,0,0,0.04,0.12,0.06,0.04,0.02,0,0.06,0.1,0,0.02,0,0,0,0,0,0,0,0,0,0,0,0
"CNL_S24","2024_10_08_12-02-55.jpg",2024-10-08,"summer","return",12:02:55,"Centennial_Park",5,"shallow","CNL_S24_T5",13.583,3.717926829,50.5006022,946,12.88888889,47.6196272,-122.3628005,0.689146336,-4.029999733,1.040877219,0.140330848,-0.241850831154117,-0.871580389370716,0,0.04,0,0.08,0.5,0,0,0.02,0.02,0.1,0.04,0.02,0.04,0,0.14,0,0,0,0,0,0,0,0,0,0,0,0,0,0,0
"CNL_S24","2024_10_08_12-03-04.jpg",2024-10-08,"summer","return",12:03:04,"Centennial_Park",5,"shallow","CNL_S24_T5",13.58686747,3.218795181,43.73321446,954,12.97222222,47.6196464,-122.3627628,0.630843368,-4.059999943,0.872643005,0.156806811,-0.204017273486287,-1.40826356137641,0,0,0,0,0.46,0,0,0,0.02,0.24,0,0.02,0.02,0,0.06,0.18,0,0,0,0,0,0,0,0,0,0,0,0,0,0
"CNL_W25","2025_01_27_11-31-30.jpg",2025-01-27,"winter","out",11:31:30,"Centennial_Park",5,"shallow","CNL_W25_T5",13.58336593,3.43126183,46.60441921,0,0,47.6195193,-122.3627444,0.681955839,-4.610000134,1.019111586,0,-0.750923643969555,-0.181074058359104,0.12,0,0,0.58,0,0.1,0,0.06,0.04,0.02,0,0,0,0.06,0,0,0.02,0,0,0,0,0,0,0,0,0,0,0,0,0
"CNL_W25","2025_01_27_11-31-42.jpg",2025-01-27,"winter","out",11:31:42,"Centennial_Park",5,"shallow","CNL_W25_T5",13.58171246,4.104376997,55.74446658,14,0.194444444,47.6195236,-122.362753,0.73658146,-4.569999695,1.188921727,0.091543085,-0.555379667032109,0.776508320211527,0.06,0.02,0,0.72,0,0,0,0.08,0,0,0,0.06,0,0.02,0.02,0,0.02,0,0,0,0,0,0,0,0,0,0,0,0,0
"CNL_W25","2025_01_27_11-31-54.jpg",2025-01-27,"winter","out",11:31:54,"Centennial_Park",5,"shallow","CNL_W25_T5",13.56546753,4.712077922,63.92146935,29,0.388888889,47.6195393,-122.3627357,0.778279194,-4.549999714,1.32776108,0.094396377,-0.875162892845484,-0.155452564711741,0.12,0.02,0,0.46,0.02,0,0,0.14,0.04,0,0.02,0,0.06,0.06,0.06,0,0,0,0,0,0,0,0,0,0,0,0,0,0,0
"CNL_W25","2025_01_27_11-32-06.jpg",2025-01-27,"winter","out",11:32:06,"Centennial_Park",5,"shallow","CNL_W25_T5",13.59483962,2.936446541,39.92048079,40,0.555555556,47.6195538,-122.362729,0.607893086,-4.529999733,0.809770615,0.08182644,-1.19542535882848,-0.268732415237251,0.12,0.02,0,0.68,0.04,0,0,0.12,0,0,0,0,0,0,0.02,0,0,0,0,0,0,0,0,0,0,0,0,0,0,0
"CNL_W25","2025_01_27_11-32-18.jpg",2025-01-27,"winter","out",11:32:18,"Centennial_Park",5,"shallow","CNL_W25_T5",13.58822152,3.303797468,44.89273481,51,0.694444444,47.6195576,-122.3627583,0.686202533,-4.400000095,1.031844892,0.09009271,-1.09526727424011,-0.105866048086111,0.18,0,0,0.52,0.02,0,0,0.1,0,0.02,0,0,0.08,0.02,0.04,0,0.02,0,0,0,0,0,0,0,0,0,0,0,0,0
"CNL_W25","2025_01_27_11-32-30.jpg",2025-01-27,"winter","out",11:32:30,"Centennial_Park",5,"shallow","CNL_W25_T5",13.57588608,4.369082278,59.31259946,63,0.861111111,47.6195647,-122.362768,0.72325946,-4.299999714,1.146315077,0.121444784,-0.856824718529886,-0.225637990821869,0.1,0,0,0.58,0.04,0.02,0,0.12,0,0.04,0,0.02,0.04,0.02,0,0,0.02,0,0,0,0,0,0,0,0,0,0,0,0,0
"CNL_W25","2025_01_27_11-32-39.jpg",2025-01-27,"winter","out",11:32:39,"Centennial_Park",5,"shallow","CNL_W25_T5",13.58964241,3.267405063,44.4028737,71,0.972222222,47.6195727,-122.3627699,0.709810105,-4.279999733,1.104012583,0.082945835,-1.09544267604739,-0.209962415312923,0.12,0.02,0,0.6,0,0,0,0.1,0,0.02,0,0,0.06,0,0.08,0,0,0,0,0,0,0,0,0,0,0,0,0,0,0
"CNL_W25","2025_01_27_11-32-51.jpg",2025-01-27,"winter","out",11:32:51,"Centennial_Park",5,"shallow","CNL_W25_T5",13.59121905,3.137619048,42.64383695,82,1.111111111,47.6195775,-122.3627717,0.689841268,-4.21999979,1.042768322,0.061064472,-0.635054761227658,1.06654951892653,0,0.02,0,0.84,0.02,0,0,0,0,0,0,0.02,0.08,0,0,0,0.02,0,0,0,0,0,0,0,0,0,0,0,0,0
"CNL_W25","2025_01_27_11-33-03.jpg",2025-01-27,"winter","out",11:33:03,"Centennial_Park",5,"shallow","CNL_W25_T5",13.57351592,4.357579618,59.14690688,94,1.277777778,47.6195882,-122.3627684,0.71085985,-4.170000076,1.107293595,0.104882185,-1.3175731376218,-0.537670321934012,0.04,0,0,0.82,0.06,0.02,0,0,0,0,0,0,0.04,0,0.02,0,0,0,0,0,0,0,0,0,0,0,0,0,0,0
"CNL_W25","2025_01_27_11-33-18.jpg",2025-01-27,"winter","out",11:33:18,"Centennial_Park",5,"shallow","CNL_W25_T5",13.59891429,2.459428571,33.445376,109,1.472222222,47.6195977,-122.3627965,0.663047583,-4.089999676,0.963420637,0.03754889,-1.14991974962582,-0.443002564732892,0.08,0,0,0.64,0.08,0,0,0,0,0.04,0,0,0.06,0,0.08,0,0.02,0,0,0,0,0,0,0,0,0,0,0,0,0
"CNL_W25","2025_01_27_11-33-27.jpg",2025-01-27,"winter","out",11:33:27,"Centennial_Park",5,"shallow","CNL_W25_T5",13.58934286,3.123809524,42.45029105,117,1.583333333,47.6196124,-122.3627878,0.722539658,-4,1.144246571,0.076782576,-1.14252377412542,-0.3763472252788,0.06,0.02,0,0.68,0,0,0,0.02,0,0.02,0,0,0.06,0.02,0.12,0,0,0,0,0,0,0,0,0,0,0,0,0,0,0
"CNL_W25","2025_01_27_11-33-39.jpg",2025-01-27,"winter","out",11:33:39,"Centennial_Park",5,"shallow","CNL_W25_T5",13.59334395,3.116210191,42.35920755,128,1.722222222,47.6196122,-122.3628334,0.718089143,-4,1.129988161,0.096474677,-1.20152896873609,-0.54758168902339,0.04,0.04,0,0.82,0.04,0,0,0,0,0,0,0,0,0,0.04,0,0,0.02,0,0,0,0,0,0,0,0,0,0,0,0
"CNL_W25","2025_01_27_11-33-51.jpg",2025-01-27,"winter","out",11:33:51,"Centennial_Park",5,"shallow","CNL_W25_T5",13.58406667,3.364666667,45.70585133,139,1.888888889,47.6196377,-122.3628164,0.708730138,-3.980000019,1.100675879,0.110197128,-1.47449851238029,-0.564452554806974,0.04,0,0,0.78,0.04,0,0,0.02,0,0,0,0,0,0,0.08,0.02,0,0.02,0,0,0,0,0,0,0,0,0,0,0,0
"CNL_W25","2025_01_27_11-34-03.jpg",2025-01-27,"winter","out",11:34:03,"Centennial_Park",5,"shallow","CNL_W25_T5",13.58886076,3.334177215,45.3076519,150,2.027777778,47.6196673,-122.3627427,0.754999995,-3.9599998,1.249220484,0.091263502,-0.887395209171497,1.06106974788653,0.06,0,0,0.84,0,0,0,0,0,0,0,0,0.02,0.04,0.04,0,0,0,0,0,0,0,0,0,0,0,0,0,0,0
"CNL_W25","2025_01_27_11-34-12.jpg",2025-01-27,"winter","out",11:34:12,"Centennial_Park",5,"shallow","CNL_W25_T5",13.58070064,3.737611465,50.75930134,159,2.166666667,47.619659,-122.362777,0.722452196,-4.009999752,1.143776848,0.104363839,-1.52920171101677,-0.553033569940293,0.04,0,0,0.82,0.02,0,0,0,0,0,0,0,0,0.04,0.08,0,0,0,0,0,0,0,0,0,0,0,0,0,0,0
"CNL_W25","2025_01_27_11-34-24.jpg",2025-01-27,"winter","out",11:34:24,"Centennial_Park",5,"shallow","CNL_W25_T5",13.57381761,4.684559748,63.58673418,173,2.361111111,47.6196415,-122.3628654,0.699999988,-4.059999943,1.073702902,0.099248367,-0.601285235347778,0.620874149531364,0.1,0.06,0,0.72,0,0,0,0.02,0,0,0,0,0.04,0,0.06,0,0,0,0,0,0,0,0,0,0,0,0,0,0,0
"CNL_W25","2025_01_27_11-34-33.jpg",2025-01-27,"winter","out",11:34:33,"Centennial_Park",5,"shallow","CNL_W25_T5",13.58550476,3.341142857,45.39117829,182,2.472222222,47.6196461,-122.3628821,0.641365064,-4.089999676,0.901386616,0.110667104,-1.11437939865762,-0.190811374367439,0.16,0,0,0.62,0.04,0,0,0.12,0,0.02,0,0.02,0.02,0,0,0,0,0,0,0,0,0,0,0,0,0,0,0,0,0
"CNL_W25","2025_01_27_11-34-45.jpg",2025-01-27,"winter","out",11:34:45,"Centennial_Park",5,"shallow","CNL_W25_T5",13.58399355,3.774,51.26589503,194,2.638888889,47.6196711,-122.3628521,0.697741926,-4.049999714,1.066994916,0.102051759,-1.16940767830228,-0.195595477668925,0.14,0,0,0.66,0,0,0,0.04,0,0.04,0,0,0.08,0.02,0.02,0,0,0,0,0,0,0,0,0,0,0,0,0,0,0
"CNL_W25","2025_01_27_11-34-54.jpg",2025-01-27,"winter","out",11:34:54,"Centennial_Park",5,"shallow","CNL_W25_T5",13.56532581,4.713258065,63.93684535,206,2.777777778,47.619664,-122.3628506,0.727580607,-4.049999714,1.160019626,0.103695189,-1.2706415991824,-0.166768372735356,0.16,0,0,0.7,0.02,0,0,0.04,0,0.02,0,0,0.06,0,0,0,0,0,0,0,0,0,0,0,0,0,0,0,0,0
"CNL_W25","2025_01_27_11-35-03.jpg",2025-01-27,"winter","out",11:35:03,"Centennial_Park",5,"shallow","CNL_W25_T5",13.58189423,3.800833333,51.62248583,215,2.916666667,47.6196314,-122.3629271,0.704871778,-4.079999924,1.08892632,0.103624946,-0.754599567995259,-0.199414331958594,0.12,0.06,0,0.64,0.1,0,0,0.04,0,0.02,0,0,0.02,0,0,0,0,0,0,0,0,0,0,0,0,0,0,0,0,0
"CNL_W25","2025_01_27_11-35-15.jpg",2025-01-27,"winter","out",11:35:15,"Centennial_Park",5,"shallow","CNL_W25_T5",13.58548701,3.306818182,44.92465812,227,3.083333333,47.6196418,-122.3629244,0.664902581,-4.089999676,0.969089423,0.081953523,-1.07348204803101,-0.0522365671288554,0.26,0,0,0.42,0.08,0,0,0.04,0,0,0,0,0.1,0.04,0.04,0,0.02,0,0,0,0,0,0,0,0,0,0,0,0,0
"CNL_W25","2025_01_27_11-35-24.jpg",2025-01-27,"winter","out",11:35:24,"Centennial_Park",5,"shallow","CNL_W25_T5",13.597,2.760830671,37.53901463,235,3.194444444,47.6196169,-122.362982,0.706964838,-3.939999819,1.095358959,0.16604138,-0.890574459862105,-0.116571663870643,0.18,0.04,0,0.32,0.06,0,0,0.06,0.02,0,0,0,0.2,0,0.12,0,0,0,0,0,0,0,0,0,0,0,0,0,0,0
"CNL_W25","2025_01_27_11-35-33.jpg",2025-01-27,"winter","out",11:35:33,"Centennial_Park",5,"shallow","CNL_W25_T5",13.56788571,4.729142857,64.16459057,246,3.333333333,47.6196366,-122.3629588,0.7506349,-3.939999819,1.235133952,0.124331463,-0.682558972196227,0.205430471362858,0.34,0.08,0,0.34,0,0,0,0.06,0,0.04,0,0,0.08,0,0.06,0,0,0,0,0,0,0,0,0,0,0,0,0,0,0
"CNL_W25","2025_01_27_11-35-45.jpg",2025-01-27,"winter","out",11:35:45,"Centennial_Park",5,"shallow","CNL_W25_T5",13.60169737,2.533059211,34.45389664,257,3.472222222,47.6196446,-122.362982,0.648552609,-3.99000001,0.921968812,0.086055776,-0.537598378950105,0.18767025196611,0.26,0.1,0,0.28,0.02,0.02,0,0.14,0,0,0,0,0.1,0.02,0,0.02,0.02,0,0,0,0,0,0,0,0,0.02,0,0,0,0
"CNL_W25","2025_01_27_11-36-00.jpg",2025-01-27,"winter","out",11:36:00,"Centennial_Park",5,"shallow","CNL_W25_T5",13.59880317,2.534095238,34.46058337,268,3.638888889,47.6197168,-122.3628856,0.732158702,-3.829999924,1.174672663,0.080249483,-0.830063789345721,0.0738461878243605,0.24,0.02,0,0.3,0.02,0,0,0.04,0.04,0,0,0.02,0.18,0.08,0.02,0,0,0.04,0,0,0,0,0,0,0,0,0,0,0,0
"CNL_W25","2025_01_27_11-36-12.jpg",2025-01-27,"winter","out",11:36:12,"Centennial_Park",5,"shallow","CNL_W25_T5",13.58814241,3.127721519,42.48546877,277,3.75,47.619754,-122.3628782,0.729746819,-3.839999914,1.167120035,0.065860187,-0.447764082075114,0.167221211374706,0.36,0.1,0,0.24,0,0.08,0,0.04,0.02,0.02,0,0,0.06,0.06,0.02,0,0,0,0,0,0,0,0,0,0,0,0,0,0,0
"CNL_W25","2025_01_27_11-36-21.jpg",2025-01-27,"winter","out",11:36:21,"Centennial_Park",5,"shallow","CNL_W25_T5",13.58098403,3.594376997,48.81487824,285,3.861111111,47.6197431,-122.3629196,0.705846628,-3.779999971,1.091766884,0.137779206,-0.566844456865292,0.300358818328941,0.44,0.1,0,0.28,0,0.02,0,0.02,0,0,0.02,0.02,0.08,0,0,0,0.02,0,0,0,0,0,0,0,0,0,0,0,0,0
"CNL_W25","2025_01_27_11-36-33.jpg",2025-01-27,"winter","out",11:36:33,"Centennial_Park",5,"shallow","CNL_W25_T5",13.58738217,3.255191083,44.22954621,295,4,47.6197502,-122.3628949,0.70098724,-3.789999962,1.078524279,0.116384362,-0.776021468325868,0.354890248431807,0.48,0.06,0,0.16,0.02,0,0,0.02,0,0.02,0,0,0.22,0,0,0,0,0.02,0,0,0,0,0,0,0,0,0,0,0,0
"CNL_W25","2025_01_27_11-36-42.jpg",2025-01-27,"winter","out",11:36:42,"Centennial_Park",5,"shallow","CNL_W25_T5",13.58575316,3.477753165,47.24801237,304,4.111111111,47.6197251,-122.3629837,0.720506298,-3.819999933,1.137828228,0.128547774,-0.712917200217516,0.130743023652195,0.32,0.06,0,0.22,0.02,0,0,0.04,0.1,0,0.02,0,0.14,0.02,0,0.04,0,0,0.02,0,0,0,0,0,0,0,0,0,0,0
"CNL_W25","2025_01_27_11-36-51.jpg",2025-01-27,"winter","out",11:36:51,"Centennial_Park",5,"shallow","CNL_W25_T5",13.59042492,3.04313099,41.35729553,311,4.222222222,47.6197838,-122.3629243,0.757028747,-3.829999924,1.256006992,0.111819747,-0.877405261204466,0.396892981234965,0.5,0.04,0,0.18,0,0,0,0.04,0,0,0.02,0,0.22,0,0,0,0,0,0,0,0,0,0,0,0,0,0,0,0,0
"CNL_W25","2025_01_27_11-37-01.jpg",2025-01-27,"winter","out",11:37:01,"Centennial_Park",5,"shallow","CNL_W25_T5",13.5760443,4.324810127,58.70863146,321,4.361111111,47.6197655,-122.3630535,0.78433541,-3.889999866,1.348080248,0.152283685,-0.74357931708265,0.179102585932762,0.3,0.06,0,0.24,0,0,0,0.02,0.08,0.04,0,0,0.26,0,0,0,0,0,0,0,0,0,0,0,0,0,0,0,0,0
"CNL_W25","2025_01_27_11-37-10.jpg",2025-01-27,"winter","return",11:37:10,"Centennial_Park",5,"shallow","CNL_W25_T5",13.58484295,3.485801282,47.35373631,330,4.472222222,47.6198121,-122.3628612,0.715288435,-4.029999733,1.121433052,0.102826462,-0.754084301465365,0.180279088808161,0.32,0.06,0,0.38,0.02,0,0,0.04,0,0.04,0,0,0.14,0,0,0,0,0,0,0,0,0,0,0,0,0,0,0,0,0
"CNL_W25","2025_01_27_11-37-22.jpg",2025-01-27,"winter","return",11:37:22,"Centennial_Park",5,"shallow","CNL_W25_T5",13.60773734,2.347658228,31.94397139,340,4.611111111,47.6198075,-122.3627515,0.705537957,-4.210000038,1.090915833,0.082859983,-1.00092456946267,-0.189463429679447,0.18,0.02,0,0.46,0.12,0,0,0.04,0,0,0,0,0.16,0,0.02,0,0,0,0,0,0,0,0,0,0,0,0,0,0,0
"CNL_W25","2025_01_27_11-37-34.jpg",2025-01-27,"winter","return",11:37:34,"Centennial_Park",5,"shallow","CNL_W25_T5",13.59507987,2.681469649,36.45471687,348,4.722222222,47.6197884,-122.3628762,0.698370597,-4.329999924,1.068917903,0.081976159,-0.84705283303952,0.1459770531698,0.3,0.04,0,0.32,0.02,0,0,0.06,0,0.02,0,0,0.2,0,0.02,0,0,0.02,0,0,0,0,0,0,0,0,0,0,0,0
"CNL_W25","2025_01_27_11-37-46.jpg",2025-01-27,"winter","return",11:37:46,"Centennial_Park",5,"shallow","CNL_W25_T5",13.60083706,2.641789137,35.93010933,357,4.861111111,47.6197411,-122.3629938,0.70801915,-4.409999847,1.098551991,0.091767106,-1.07717283340072,0.434583818806604,0.6,0.02,0,0.18,0,0,0,0.02,0,0,0,0,0.16,0,0,0,0,0.02,0,0,0,0,0,0,0,0,0,0,0,0
"CNL_W25","2025_01_27_11-37-58.jpg",2025-01-27,"winter","return",11:37:58,"Centennial_Park",5,"shallow","CNL_W25_T5",13.59972524,2.476932907,33.68547425,366,4.972222222,47.6197881,-122.3629459,0.707412122,-4.449999809,1.096679296,0.073112811,-0.847349325216108,0.168699694606712,0.44,0.04,0,0.22,0.06,0,0,0.14,0,0.02,0,0,0.08,0,0,0,0,0,0,0,0,0,0,0,0,0,0,0,0,0
"CNL_W25","2025_01_27_11-51-37.jpg",2025-01-27,"winter","return",11:51:37,"Centennial_Park",5,"shallow","CNL_W25_T5",13.61944295,1.792147651,24.40788785,880,11.97222222,47.6197423,-122.3629162,0.794697958,-3.519999981,1.384017842,6.16671091,-0.542198996166007,0.163230039432863,0.36,0.1,0,0.18,0.06,0.02,0,0,0.02,0.02,0,0,0.16,0.02,0.02,0,0,0.04,0,0,0,0,0,0,0,0,0,0,0,0
"CNL_W25","2025_01_27_11-51-49.jpg",2025-01-27,"winter","return",11:51:49,"Centennial_Park",5,"shallow","CNL_W25_T5",13.60806711,2.004026846,27.27092805,886,12.05555556,47.6197087,-122.3629973,0.776577156,-3.49000001,1.321669259,0.104500118,-0.6470412928163,0.330290179556848,0.5,0.06,0,0.14,0,0.02,0,0,0,0.04,0,0.02,0.14,0,0,0.08,0,0,0,0,0,0,0,0,0,0,0,0,0,0
"CNL_W25","2025_01_27_11-52-01.jpg",2025-01-27,"winter","return",11:52:01,"Centennial_Park",5,"shallow","CNL_W25_T5",13.61558621,1.856896552,25.28265517,893,12.13888889,47.6197231,-122.3629353,0.787172378,-3.480000019,1.357819272,0.08035427,-0.45500334837603,0.315056108827993,0.52,0.14,0,0.1,0,0.02,0,0.02,0,0.02,0,0,0.06,0,0.02,0.1,0,0,0,0,0,0,0,0,0,0,0,0,0,0
"CNL_W25","2025_01_27_11-52-13.jpg",2025-01-27,"winter","return",11:52:13,"Centennial_Park",5,"shallow","CNL_W25_T5",13.6169396,1.880805369,25.61064376,899,12.22222222,47.6197289,-122.3628768,0.775637559,-3.519999981,1.318498595,0.119251823,-0.477119087734272,0.31742538529065,0.54,0.1,0,0.04,0,0.02,0,0.02,0,0.06,0,0.02,0.1,0,0.08,0,0,0.02,0,0,0,0,0,0,0,0,0,0,0,0
"CNL_W25","2025_01_27_11-52-22.jpg",2025-01-27,"winter","return",11:52:22,"Centennial_Park",5,"shallow","CNL_W25_T5",13.61407947,1.80192053,24.53141841,904,12.27777778,47.6196993,-122.3629109,0.787880759,-3.529999971,1.360302701,0.108919759,-0.354528796973266,0.105646201815641,0.3,0.12,0,0.18,0,0.04,0,0.02,0.08,0.08,0.02,0.02,0.14,0,0,0,0,0,0,0,0,0,0,0,0,0,0,0,0,0
"CNL_W25","2025_01_27_11-52-34.jpg",2025-01-27,"winter","return",11:52:34,"Centennial_Park",5,"shallow","CNL_W25_T5",13.60775168,1.911677852,26.01376201,910,12.36111111,47.6197078,-122.3628535,0.817248318,-3.539999962,1.463872834,0.125573235,-0.0760899249098396,0.0583972078738116,0.14,0.22,0,0.18,0,0.04,0,0,0,0.14,0,0,0.2,0.02,0.02,0.04,0,0,0,0,0,0,0,0,0,0,0,0,0,0
"CNL_W25","2025_01_27_11-52-46.jpg",2025-01-27,"winter","return",11:52:46,"Centennial_Park",5,"shallow","CNL_W25_T5",13.61380132,1.99781457,27.19643576,917,12.47222222,47.6196955,-122.3628467,0.807549651,-3.569999933,1.429541292,0.132274112,-0.0418324791605215,0.0278408837083097,0.16,0.24,0,0.16,0,0.16,0,0.02,0.02,0.02,0.02,0,0.16,0,0.04,0,0,0,0,0,0,0,0,0,0,0,0,0,0,0
"CNL_W25","2025_01_27_11-52-58.jpg",2025-01-27,"winter","return",11:52:58,"Centennial_Park",5,"shallow","CNL_W25_T5",13.61574497,1.791543624,24.39293315,924,12.55555556,47.6196933,-122.3628048,0.783154331,-3.679999828,1.343996258,0.114801063,-0.580611158209981,0.179395845828098,0.28,0.1,0,0.32,0,0,0,0.04,0.06,0,0,0.02,0.1,0.02,0.02,0.04,0,0,0,0,0,0,0,0,0,0,0,0,0,0
"CNL_W25","2025_01_27_11-53-13.jpg",2025-01-27,"winter","return",11:53:13,"Centennial_Park",5,"shallow","CNL_W25_T5",13.61120946,1.924324324,26.19174527,932,12.66666667,47.6196861,-122.3627806,0.807972951,-3.649999857,1.430621734,0.133965668,-0.473001578088994,0.171508459791025,0.18,0.1,0,0.36,0,0,0,0,0,0.04,0,0.02,0.12,0,0.04,0.14,0,0,0,0,0,0,0,0,0,0,0,0,0,0
"CNL_W25","2025_01_27_11-53-22.jpg",2025-01-27,"winter","return",11:53:22,"Centennial_Park",5,"shallow","CNL_W25_T5",13.60335811,2.309797297,31.42052128,937,12.72222222,47.6196914,-122.3627689,0.778378351,-3.7099998,1.327740487,0.12876305,-0.483476239001343,0.277156443019516,0.1,0.08,0,0.6,0,0,0,0.04,0,0.02,0,0,0.1,0.02,0.02,0.02,0,0,0,0,0,0,0,0,0,0,0,0,0,0
"CNL_W25","2025_01_27_11-53-34.jpg",2025-01-27,"winter","return",11:53:34,"Centennial_Park",5,"shallow","CNL_W25_T5",13.61278523,1.93295302,26.31280624,944,12.83333333,47.6196584,-122.3628115,0.765503341,-3.720000029,1.284105134,0.076948318,-0.730637523169477,-0.153771529713564,0.06,0.04,0,0.54,0.04,0,0,0.1,0,0,0,0.04,0.12,0,0.04,0,0.02,0,0,0,0,0,0,0,0,0,0,0,0,0
"CNL_W25","2025_01_27_11-53-47.jpg",2025-01-27,"winter","return",11:53:47,"Centennial_Park",5,"shallow","CNL_W25_T5",13.6112649,1.965298013,26.75020636,951,12.91666667,47.6196529,-122.3628589,0.783377452,-3.629999876,1.344763845,0.092313523,-0.464339752268878,0.0896818429994898,0.1,0.06,0,0.48,0.02,0.04,0,0,0,0,0,0.04,0.16,0.02,0.04,0.04,0,0,0,0,0,0,0,0,0,0,0,0,0,0
"CNL_W25","2025_01_27_11-53-56.jpg",2025-01-27,"winter","return",11:53:56,"Centennial_Park",5,"shallow","CNL_W25_T5",13.59858108,2.627162162,35.72565946,957,13,47.6196503,-122.3628062,0.780472944,-3.649999857,1.334919721,0.12626089,-0.302316705220337,0.141919860731475,0.08,0.14,0,0.52,0.04,0.02,0,0.02,0,0,0,0,0.04,0.02,0.12,0,0,0,0,0,0,0,0,0,0,0,0,0,0,0
"CNL_W25","2025_01_27_11-54-08.jpg",2025-01-27,"winter","return",11:54:08,"Centennial_Park",5,"shallow","CNL_W25_T5",13.61281457,2.246092715,30.5753947,965,13.11111111,47.6196403,-122.3628006,0.722317864,-3.659999847,1.149988181,0.096134039,-0.401670914525048,0.427702449695116,0.06,0.08,0,0.62,0,0,0,0.04,0,0,0.02,0,0.06,0.02,0.04,0.02,0.04,0,0,0,0,0,0,0,0,0,0,0,0,0
"CNL_W25","2025_01_27_11-54-17.jpg",2025-01-27,"winter","return",11:54:17,"Centennial_Park",5,"shallow","CNL_W25_T5",13.60254667,2.033333333,27.6582236,970,13.19444444,47.6196083,-122.3628525,0.787666631,-3.669999838,1.359519615,0.090062657,-0.528120122926153,0.130649484331526,0.06,0.08,0,0.64,0.04,0,0,0,0,0,0,0,0.04,0,0.1,0.04,0,0,0,0,0,0,0,0,0,0,0,0,0,0
"CNL_W25","2025_01_27_11-54-26.jpg",2025-01-27,"winter","return",11:54:26,"Centennial_Park",5,"shallow","CNL_W25_T5",13.597,2.4344,33.1005368,976,13.25,47.6196041,-122.3628529,0.752733331,-3.730000019,1.241611079,0.093071758,-0.724436226821931,-0.257623593030235,0.04,0.06,0,0.68,0.04,0,0,0,0.02,0,0,0.02,0.04,0.02,0.08,0,0,0,0,0,0,0,0,0,0,0,0,0,0,0
"CNL_W25","2025_01_27_11-54-38.jpg",2025-01-27,"winter","return",11:54:38,"Centennial_Park",5,"shallow","CNL_W25_T5",13.59570199,2.651324503,36.04655464,983,13.36111111,47.6196152,-122.3628222,0.76960263,-3.74000001,1.298010868,0.11226285,-0.9440510372987,-0.342083642716182,0.08,0.04,0,0.72,0.06,0,0,0,0,0,0,0.02,0.02,0.02,0.04,0,0,0,0,0,0,0,0,0,0,0,0,0,0,0
"CNL_W25","2025_01_27_11-54-50.jpg",2025-01-27,"winter","return",11:54:50,"Centennial_Park",5,"shallow","CNL_W25_T5",13.61120805,1.900134228,25.86312436,990,13.44444444,47.6195893,-122.3628072,0.810000002,-3.75999999,1.437666331,0.085018459,-1.12580156276042,-0.574019276329052,0.02,0.02,0,0.7,0.02,0,0,0,0,0.02,0,0,0.04,0.02,0.06,0.1,0,0,0,0,0,0,0,0,0,0,0,0,0,0
"CNL_W25","2025_01_27_11-54-59.jpg",2025-01-27,"winter","return",11:54:59,"Centennial_Park",5,"shallow","CNL_W25_T5",13.61895973,1.92147651,26.16860638,995,13.52777778,47.6195854,-122.3628097,0.779597287,-3.859999895,1.331776851,0.135934679,-0.379552021059364,0.789495918095889,0.02,0.06,0,0.76,0,0,0,0.02,0,0.08,0,0,0,0,0.06,0,0,0,0,0,0,0,0,0,0,0,0,0,0,0
"CNL_W25","2025_01_27_11-55-14.jpg",2025-01-27,"winter","return",11:55:14,"Centennial_Park",5,"shallow","CNL_W25_T5",13.61126207,1.771172414,24.10765972,1003,13.63888889,47.6195789,-122.362768,0.789999962,-3.869999886,1.367546815,0.083707886,-0.5274282103963,0.966186025871123,0.02,0.04,0,0.78,0,0,0,0,0.02,0,0,0,0.04,0.06,0,0,0,0.04,0,0,0,0,0,0,0,0,0,0,0,0
"CNL_W25","2025_01_27_11-55-23.jpg",2025-01-27,"winter","return",11:55:23,"Centennial_Park",5,"shallow","CNL_W25_T5",13.59596,2.2484,30.5690224,1008,13.69444444,47.6195743,-122.3627568,0.793333292,-3.919999838,1.379183698,0.123158624,-1.23249173984955,-0.405119977418276,0.08,0,0,0.78,0,0.02,0,0.04,0,0,0.02,0,0,0.02,0.02,0.02,0,0,0,0,0,0,0,0,0,0,0,0,0,0
"CNL_W25","2025_01_27_11-55-35.jpg",2025-01-27,"winter","return",11:55:35,"Centennial_Park",5,"shallow","CNL_W25_T5",13.61315436,1.942147651,26.43877638,1015,13.80555556,47.6195789,-122.3627113,0.779328831,-3.970000029,1.330865065,0.105993821,-1.02386329955444,0.00255776159423861,0.26,0,0,0.46,0,0,0,0.1,0.02,0.04,0.02,0,0.04,0,0.06,0,0,0,0,0,0,0,0,0,0,0,0,0,0,0
"CNL_W25","2025_01_27_11-55-47.jpg",2025-01-27,"winter","return",11:55:47,"Centennial_Park",5,"shallow","CNL_W25_T5",13.61284211,1.922763158,26.17413724,1022,13.88888889,47.6195421,-122.3627657,0.803092077,-4.009999752,1.413324824,0.088928843,-1.01794924640326,-0.0511491161670364,0.22,0.02,0,0.56,0.02,0.02,0,0.04,0,0,0,0,0,0.02,0.06,0.04,0,0,0,0,0,0,0,0,0,0,0,0,0,0
"CNL_W25","2025_01_27_11-55-59.jpg",2025-01-27,"winter","return",11:55:59,"Centennial_Park",5,"shallow","CNL_W25_T5",13.61277483,1.906423841,25.95168828,1028,13.97222222,47.6195389,-122.3627455,0.794503269,-4.079999924,1.38323659,0.114510706,-0.697568819611389,0.0426369743539292,0.18,0.04,0,0.48,0,0.02,0,0.1,0,0.06,0,0,0.06,0,0.04,0,0.02,0,0,0,0,0,0,0,0,0,0,0,0,0
"CNL_W25","2025_01_27_11-56-11.jpg",2025-01-27,"winter","return",11:56:11,"Centennial_Park",5,"shallow","CNL_W25_T5",13.605,2.117905405,28.81410304,1035,14.05555556,47.6195144,-122.3627618,0.760675665,-4.130000114,1.267919954,0.139522136,-0.63128772731743,0.187678030242345,0.28,0.06,0,0.44,0.02,0.02,0,0.04,0,0,0,0.04,0.06,0.02,0,0,0,0.02,0,0,0,0,0,0,0,0,0,0,0,0
"CNL_W25","2025_01_27_11-56-23.jpg",2025-01-27,"winter","return",11:56:23,"Centennial_Park",5,"shallow","CNL_W25_T5",13.59820134,2.289395973,31.13173477,1042,14.16666667,47.6194888,-122.3627997,0.791543585,-4.150000095,1.372924883,0.158143774,-0.678820243724662,0.177584373564483,0.32,0.02,0,0.32,0,0.02,0,0.06,0,0.02,0,0.06,0.06,0.06,0.02,0.02,0.02,0,0,0,0,0,0,0,0,0,0,0,0,0
"CNL_W25","2025_01_27_11-56-32.jpg",2025-01-27,"winter","return",11:56:32,"Centennial_Park",5,"shallow","CNL_W25_T5",13.61244056,1.986713287,27.0440035,1047,14.22222222,47.6194866,-122.3627775,0.764265721,-4.210000038,1.279992686,0.146233074,-0.61595390195272,-0.0371817846261879,0.16,0.06,0,0.42,0,0,0,0.04,0.14,0.1,0,0,0.04,0.04,0,0,0,0,0,0,0,0,0,0,0,0,0,0,0,0
"CNL_W25","2025_01_27_11-56-47.jpg",2025-01-27,"winter","return",11:56:47,"Centennial_Park",5,"shallow","CNL_W25_T5",13.61612,1.8378,25.0237302,1055,14.33333333,47.6194882,-122.3627321,0.773066645,-4.279999733,1.309826939,0.07906775,-0.151850050512155,-0.116904892948903,0.02,0.08,0,0.34,0,0.1,0,0,0.08,0.06,0,0.04,0.06,0.02,0.02,0.16,0.02,0,0,0,0,0,0,0,0,0,0,0,0,0
"CNL_W25","2025_01_27_11-56-59.jpg",2025-01-27,"winter","return",11:56:59,"Centennial_Park",5,"shallow","CNL_W25_T5",13.61354305,1.88205298,25.62141358,1061,14.41666667,47.6194728,-122.3627466,0.778013218,-4.259999752,1.326663718,0.098301074,-0.478302520401877,0.269391984095676,0.16,0.1,0,0.62,0.02,0.02,0,0,0,0.02,0,0,0,0,0.06,0,0,0,0,0,0,0,0,0,0,0,0,0,0,0
"CNL_W25","2025_01_27_11-57-11.jpg",2025-01-27,"winter","return",11:57:11,"Centennial_Park",5,"shallow","CNL_W25_T5",13.60397987,2.138926174,29.09783611,1068,14.52777778,47.619459,-122.3627515,0.810402657,-4.130000114,1.440454527,0.130361205,-0.187268645179101,0.0132172640190135,0.08,0.1,0,0.34,0,0.18,0,0.06,0,0,0,0.02,0.08,0.06,0.02,0.06,0,0,0,0,0,0,0,0,0,0,0,0,0,0
"EBM_S24","2024_10_09_11-42-22.jpg",2024-10-09,"summer","out",11:42:22,"Elliott_Bay_Marina",5,"shallow","EBM_S24_T5",13.5429281,6.601830065,89.36262562,0,0,47.6272677,-122.3917798,2.134945405,-5.059999943,9.988555403,0,1.18700200025056,-0.449325906276114,0,0.38,0,0,0,0,0,0.14,0,0,0.48,0,0,0,0,0,0,0,0,0,0,0,0,0,0,0,0,0,0,0
"EBM_S24","2024_10_09_11-42-31.jpg",2024-10-09,"summer","out",11:42:31,"Elliott_Bay_Marina",5,"shallow","EBM_S24_T5",13.60748913,2.658586957,36.16684076,11,0.138888889,47.6272627,-122.3917784,1.520391285,-6.059999943,5.066839284,0.027103891,0.709957255945057,-0.0281333859876328,0,0.46,0.04,0,0.02,0,0,0.32,0,0.04,0.08,0,0,0,0,0,0,0,0,0,0,0.04,0,0,0,0,0,0,0,0
"EBM_S24","2024_10_09_11-42-40.jpg",2024-10-09,"summer","out",11:42:40,"Elliott_Bay_Marina",5,"shallow","EBM_S24_T5",13.57218954,4.263246187,57.86018969,24,0.333333333,47.6272686,-122.3917543,1.163246151,-6.159999847,2.965093184,0.156558363,0.801026856569303,-0.249490236570262,0,0.56,0.02,0,0,0.1,0,0.12,0,0.14,0.04,0,0,0,0,0,0,0.02,0,0,0,0,0,0,0,0,0,0,0,0
"EBM_S24","2024_10_09_11-42-49.jpg",2024-10-09,"summer","out",11:42:49,"Elliott_Bay_Marina",5,"shallow","EBM_S24_T5",13.56849451,4.304901099,58.40923884,32,0.444444444,47.6272582,-122.3917541,0.368065927,-6.170000076,0.300799105,0.100894158,0.743506532416801,-0.0317781479310949,0,0.46,0.04,0.04,0,0.02,0.28,0.08,0.02,0.04,0,0.02,0,0,0,0,0,0,0,0,0,0,0,0,0,0,0,0,0,0
"EBM_S24","2024_10_09_11-42-58.jpg",2024-10-09,"summer","out",11:42:58,"Elliott_Bay_Marina",5,"shallow","EBM_S24_T5",13.60437061,3.001140351,40.82833695,42,0.555555556,47.6272494,-122.3917558,0.61719299,-5.75,0.834743508,0.076726053,0.700762958653444,0.146708083145309,0,0.34,0.02,0.12,0,0.02,0.5,0,0,0,0,0,0,0,0,0,0,0,0,0,0,0,0,0,0,0,0,0,0,0
"EBM_S24","2024_10_09_11-43-07.jpg",2024-10-09,"summer","out",11:43:07,"Elliott_Bay_Marina",5,"shallow","EBM_S24_T5",13.59287582,3.397690632,46.17710135,51,0.694444444,47.6272558,-122.3917317,0.93119824,-5.809999943,1.904503851,0.091078362,0.921322041843849,-0.244333783611216,0,0.32,0,0,0.02,0.06,0.32,0.02,0,0.04,0.18,0.04,0,0,0,0,0,0,0,0,0,0,0,0,0,0,0,0,0,0
"EBM_S24","2024_10_09_11-43-16.jpg",2024-10-09,"summer","out",11:43:16,"Elliott_Bay_Marina",5,"shallow","EBM_S24_T5",13.50630131,9.092838428,122.8103141,65,0.888888889,47.6272591,-122.3917143,1.188777255,-5.819999695,3.09718449,0.196860055,0.878945006747981,-0.0414085207888307,0,0.42,0.06,0.02,0.04,0.02,0.06,0,0,0.04,0.32,0.02,0,0,0,0,0,0,0,0,0,0,0,0,0,0,0,0,0,0
"EBM_S24","2024_10_09_11-43-25.jpg",2024-10-09,"summer","out",11:43:25,"Elliott_Bay_Marina",5,"shallow","EBM_S24_T5",13.5422803,6.739848485,91.27140924,78,1.055555556,47.627246,-122.3917179,0.911268914,-5.809999943,1.830604891,0.093655685,1.2486850762969,-0.225443693761726,0,0.46,0,0,0,0.08,0.1,0,0,0,0.32,0.02,0,0,0,0.02,0,0,0,0,0,0,0,0,0,0,0,0,0,0
"EBM_S24","2024_10_09_11-43-34.jpg",2024-10-09,"summer","out",11:43:34,"Elliott_Bay_Marina",5,"shallow","EBM_S24_T5",13.55611588,6.314613734,85.59733562,90,1.222222222,47.627235,-122.3917237,1.019592264,-6.170000076,2.287786122,0.147664982,0.968434750439942,-0.0791229055961408,0,0.42,0.06,0,0.04,0.02,0.16,0,0,0.04,0.18,0.06,0,0,0,0.02,0,0,0,0,0,0,0,0,0,0,0,0,0,0
"EBM_S24","2024_10_09_11-43-43.jpg",2024-10-09,"summer","out",11:43:43,"Elliott_Bay_Marina",5,"shallow","EBM_S24_T5",13.55514004,5.689037199,77.11595018,104,1.416666667,47.627238,-122.391706,0.933347913,-6.359999657,1.912731294,0.131933144,1.01902162562644,0.161009552260615,0,0.34,0.24,0,0,0.08,0.04,0,0,0.04,0.02,0.16,0,0.04,0,0,0,0,0,0,0,0.02,0.02,0,0,0,0,0,0,0
"EBM_S24","2024_10_09_11-43-52.jpg",2024-10-09,"summer","out",11:43:52,"Elliott_Bay_Marina",5,"shallow","EBM_S24_T5",13.52822658,7.718431373,104.3815397,117,1.583333333,47.6272428,-122.3916881,0.887254884,-6.279999733,1.728807745,0.090175099,0.973690992628682,0.211849923959876,0,0.4,0.26,0,0,0.02,0.04,0.04,0,0.02,0.1,0.08,0,0,0,0,0,0.02,0,0,0,0,0.02,0,0,0,0,0,0,0
"EBM_S24","2024_10_09_11-44-01.jpg",2024-10-09,"summer","out",11:44:01,"Elliott_Bay_Marina",5,"shallow","EBM_S24_T5",13.55208696,6.587391304,89.27098,135,1.833333333,47.6272354,-122.391685,0.8223478,-5.679999828,1.488357962,0.137710594,1.07313070099582,-0.191253442641528,0,0.58,0.02,0,0,0.08,0.08,0,0,0.08,0.02,0.02,0,0.02,0,0.02,0,0.02,0,0.06,0,0,0,0,0,0,0,0,0,0
"EBM_S24","2024_10_09_11-44-10.jpg",2024-10-09,"summer","out",11:44:10,"Elliott_Bay_Marina",5,"shallow","EBM_S24_T5",13.52065721,8.256179039,111.6303848,149,2.027777778,47.6272327,-122.3916733,1.304192127,-5.349999905,3.734886266,0.151411266,1.26770508423544,-0.159989354333702,0,0.52,0,0,0,0,0.18,0,0,0.02,0.2,0.04,0,0,0,0,0,0.02,0,0,0.02,0,0,0,0,0,0,0,0,0
"EBM_S24","2024_10_09_11-44-19.jpg",2024-10-09,"summer","out",11:44:19,"Elliott_Bay_Marina",5,"shallow","EBM_S24_T5",13.56637719,4.720394737,64.03584956,163,2.194444444,47.6272343,-122.3916537,1.439692936,-4.489999771,4.580157711,0.138349969,0.728607281340095,-0.389706477013317,0,0.38,0,0,0.12,0.04,0.06,0,0,0.04,0.28,0,0,0,0.04,0.04,0,0,0,0,0,0,0,0,0,0,0,0,0,0
"EBM_S24","2024_10_09_11-44-28.jpg",2024-10-09,"summer","out",11:44:28,"Elliott_Bay_Marina",5,"shallow","EBM_S24_T5",13.55983261,4.966891304,67.34864839,175,2.361111111,47.6272335,-122.3916389,0.627086963,-4.329999924,0.867457673,0.089621879,0.705704480109242,-0.490029593644803,0,0.22,0,0,0.14,0.16,0.24,0,0,0.06,0.12,0,0,0,0,0.02,0,0.04,0,0,0,0,0,0,0,0,0,0,0,0
"EBM_S24","2024_10_09_11-44-37.jpg",2024-10-09,"summer","out",11:44:37,"Elliott_Bay_Marina",5,"shallow","EBM_S24_T5",13.51673478,7.61873913,102.95854,189,2.555555556,47.627236,-122.3916282,0.718478241,-4.389999866,1.132680321,0.136038899,0.880814633986616,-0.518948175555099,0,0.32,0,0,0.08,0,0.24,0,0,0.3,0.02,0.02,0,0,0,0,0,0,0,0,0,0.02,0,0,0,0,0,0,0,0
"EBM_S24","2024_10_09_11-44-46.jpg",2024-10-09,"summer","out",11:44:46,"Elliott_Bay_Marina",5,"shallow","EBM_S24_T5",13.60710458,2.271176471,30.90321092,202,2.75,47.6272367,-122.3916071,0.410283209,-4.299999714,0.369759375,0,0.440888044550433,-0.873241578829422,0,0.04,0.02,0,0.22,0.1,0.12,0,0.02,0.3,0,0.08,0,0,0,0.1,0,0,0,0,0,0,0,0,0,0,0,0,0,0
"EBM_S24","2024_10_09_11-44-55.jpg",2024-10-09,"summer","out",11:44:55,"Elliott_Bay_Marina",5,"shallow","EBM_S24_T5",13.50273856,9.548627451,128.8831238,219,2.972222222,47.6272392,-122.391596,1.028496707,-3.869999886,2.33477936,0.148937007,0.646677319211223,-0.456847816054745,0,0.26,0,0,0.2,0.12,0.12,0,0,0.08,0.14,0.02,0,0,0,0.04,0,0,0,0,0,0.02,0,0,0,0,0,0,0,0
"EBM_S24","2024_10_09_11-45-04.jpg",2024-10-09,"summer","out",11:45:04,"Elliott_Bay_Marina",5,"shallow","EBM_S24_T5",13.57035,4.8695,66.0723375,233,3.138888889,47.6272343,-122.3915882,1.320282572,-4.549999714,4.009966348,0.095820033,1.0479265938221,-0.0251378541458314,0,0.42,0.08,0,0,0,0.3,0.06,0,0.08,0.06,0,0,0,0,0,0,0,0,0,0,0,0,0,0,0,0,0,0,0
"EBM_S24","2024_10_09_11-45-13.jpg",2024-10-09,"summer","out",11:45:13,"Elliott_Bay_Marina",5,"shallow","EBM_S24_T5",13.11418301,34.47248366,452.0395105,259,3.5,47.6272248,-122.3915965,1.227690653,-4.75,3.302836098,0.048959057,0.97948002515943,-0.41282938885565,0,0.38,0,0,0.04,0,0.42,0.02,0,0.1,0,0.04,0,0,0,0,0,0,0,0,0,0,0,0,0,0,0,0,0,0
"EBM_S24","2024_10_09_11-45-22.jpg",2024-10-09,"summer","out",11:45:22,"Elliott_Bay_Marina",5,"shallow","EBM_S24_T5",13.54393043,6.539521739,88.57076283,289,3.916666667,47.6272178,-122.3916064,1.298021687,-4.529999733,3.695766673,0.077310984,1.39857698449187,-0.139489173622973,0,0.4,0.02,0,0,0.02,0.42,0,0,0,0.08,0,0,0,0,0,0,0,0,0,0,0.06,0,0,0,0,0,0,0,0
"EBM_S24","2024_10_09_11-45-31.jpg",2024-10-09,"summer","out",11:45:31,"Elliott_Bay_Marina",5,"shallow","EBM_S24_T5",13.65623696,1.43373913,19.5792253,304,4.111111111,47.627216,-122.391602,0.869369554,-5.130000114,1.656246761,0.118142738,0.870375731147371,-0.305353472202895,0,0.38,0,0,0.04,0.04,0.3,0,0,0.08,0.08,0.02,0,0,0.02,0.04,0,0,0,0,0,0,0,0,0,0,0,0,0,0
"EBM_S24","2024_10_09_11-45-40.jpg",2024-10-09,"summer","out",11:45:40,"Elliott_Bay_Marina",5,"shallow","EBM_S24_T5",13.58784061,4.234082969,57.53182897,317,4.277777778,47.6272219,-122.3915855,1.818602549,-4.309999943,7.249348677,0,0.733138017300506,-0.49792929089935,0,0.18,0,0,0.04,0.02,0.36,0.12,0,0.02,0.18,0,0,0,0,0,0,0,0,0,0,0.08,0,0,0,0,0,0,0,0
"EBM_S24","2024_10_09_11-45-49.jpg",2024-10-09,"summer","out",11:45:49,"Elliott_Bay_Marina",5,"shallow","EBM_S24_T5",13.53738829,7.136832972,96.61407657,334,4.527777778,47.6272155,-122.3915955,0.909197387,-5,1.816716359,0.107599502,0.631907717414332,-0.00459272144070488,0,0.18,0.06,0,0.02,0.04,0.38,0.2,0,0.06,0,0.02,0,0,0,0,0,0,0,0,0,0.04,0,0,0,0,0,0,0,0
"EBM_S24","2024_10_09_11-45-58.jpg",2024-10-09,"summer","out",11:45:58,"Elliott_Bay_Marina",5,"shallow","EBM_S24_T5",13.54326957,6.724478261,91.07101913,353,4.777777778,47.6272167,-122.3915811,1.035826033,-5,2.356794851,0.073820422,0.549377949587666,-0.359766074126496,0,0.24,0,0,0.1,0.14,0.14,0.1,0,0.14,0.08,0,0,0,0.06,0,0,0,0,0,0,0,0,0,0,0,0,0,0,0
"EBM_S24","2024_10_09_11-46-07.jpg",2024-10-09,"summer","out",11:46:07,"Elliott_Bay_Marina",5,"shallow","EBM_S24_T5",13.48957987,10.37995624,140.0212002,378,5.111111111,47.6272227,-122.3915516,0.913063435,-5.009999752,1.873040223,0.136282848,0.973695095220854,-0.524011006031666,0,0.22,0.02,0,0.02,0.44,0.16,0,0,0.06,0.06,0,0,0,0,0.02,0,0,0,0,0,0,0,0,0,0,0,0,0,0
"EBM_S24","2024_10_09_11-46-16.jpg",2024-10-09,"summer","out",11:46:16,"Elliott_Bay_Marina",5,"shallow","EBM_S24_T5",13.50073904,9.430942982,127.32277,405,5.472222222,47.6272192,-122.3915406,0.789473647,-5,1.36581882,0.11560749,0.776267962318085,-0.161099478454674,0,0.32,0.14,0,0.12,0.14,0.16,0,0,0.08,0.02,0,0,0.02,0,0,0,0,0,0,0,0,0,0,0,0,0,0,0,0
"EBM_S24","2024_10_09_11-46-25.jpg",2024-10-09,"summer","out",11:46:25,"Elliott_Bay_Marina",5,"shallow","EBM_S24_T5",13.44150652,12.93321739,173.8238404,436,5.888888889,47.6272053,-122.3915598,1.120913047,-5.009999752,2.753467856,0.089000293,1.07981371990697,-0.163572479080294,0,0.3,0.04,0,0,0.08,0.44,0.02,0,0.08,0.04,0,0,0,0,0,0,0,0,0,0,0,0,0,0,0,0,0,0,0
"EBM_S24","2024_10_09_11-46-34.jpg",2024-10-09,"summer","out",11:46:34,"Elliott_Bay_Marina",5,"shallow","EBM_S24_T5",13.43209783,14.18319565,190.5067627,465,6.277777778,47.6272126,-122.3915283,0.94002172,-5.019999981,1.937203441,0.111246776,1.1832635655619,-0.0826044551842467,0,0.36,0.04,0,0,0.04,0.44,0.02,0,0.02,0.08,0,0,0,0,0,0,0,0,0,0,0,0,0,0,0,0,0,0,0
"EBM_S24","2024_10_09_11-46-43.jpg",2024-10-09,"summer","out",11:46:43,"Elliott_Bay_Marina",5,"shallow","EBM_S24_T5",13.42605435,14.92228261,200.3473389,501,6.75,47.6272175,-122.3915038,0.719086926,-5,1.133154737,0.098527714,0.952633057995808,-0.215812823011542,0,0.62,0.02,0,0,0.12,0.06,0.04,0,0.06,0.04,0.02,0,0,0,0.02,0,0,0,0,0,0,0,0,0,0,0,0,0,0
"EBM_S24","2024_10_09_11-46-52.jpg",2024-10-09,"summer","out",11:46:52,"Elliott_Bay_Marina",5,"shallow","EBM_S24_T5",13.34522222,20.88300654,278.6471694,548,7.388888889,47.6272137,-122.3915018,1.313834395,-4.96999979,3.783512548,0.106905399,0.950591238583679,0.04957642297888,0,0.54,0.14,0.02,0,0.02,0.06,0.02,0,0.12,0.08,0,0,0,0,0,0,0,0,0,0,0,0,0,0,0,0,0,0,0
"EBM_S24","2024_10_09_11-47-01.jpg",2024-10-09,"summer","out",11:47:01,"Elliott_Bay_Marina",5,"shallow","EBM_S24_T5",13.28293464,24.14877996,320.7621815,596,8.027777778,47.627209,-122.391503,1.226884487,-4.460000038,3.313139294,0.103281082,0.851706425457253,0.0516828340106037,0,0.28,0.22,0,0.04,0.12,0.16,0.02,0,0.12,0.02,0,0,0,0,0,0,0,0,0,0.02,0,0,0,0,0,0,0,0,0
"EBM_S24","2024_10_09_11-47-10.jpg",2024-10-09,"summer","out",11:47:10,"Elliott_Bay_Marina",5,"shallow","EBM_S24_T5",13.36522174,17.89976087,239.2342707,640,8.611111111,47.6272214,-122.3914638,0.631434776,-4.329999924,0.873755045,0.092239045,0.347678942474302,-1.01843827299946,0,0.06,0.02,0,0.6,0.2,0.02,0,0,0.08,0.02,0,0,0,0,0,0,0,0,0,0,0,0,0,0,0,0,0,0,0
"EBM_S24","2024_10_09_11-47-19.jpg",2024-10-09,"summer","return",11:47:19,"Elliott_Bay_Marina",5,"shallow","EBM_S24_T5",13.37390217,16.61658696,222.2167619,679,9.138888889,47.6272132,-122.3914749,0.709369526,-4.730000019,1.104158539,0.069025751,0.661953482324386,-0.743304579156084,0,0.18,0.02,0,0.18,0.52,0.04,0,0,0.06,0,0,0,0,0,0,0,0,0,0,0,0,0,0,0,0,0,0,0,0
"EBM_S24","2024_10_09_11-47-28.jpg",2024-10-09,"summer","return",11:47:28,"Elliott_Bay_Marina",5,"shallow","EBM_S24_T5",13.34344009,21.84708061,291.5084957,727,9.777777778,47.6272071,-122.3914776,1.271198193,-4.650000095,3.565359833,0.114486429,1.07377601704716,-0.268563093449613,0,0.54,0,0,0.02,0.08,0.22,0,0,0.06,0.08,0,0,0,0,0,0,0,0,0,0,0,0,0,0,0,0,0,0,0
"EBM_S24","2024_10_09_12-10-50.jpg",2024-10-09,"summer","return",12:10:50,"Elliott_Bay_Marina",5,"shallow","EBM_S24_T5",13.58347939,3.520455531,47.81937514,4415,59.02777778,47.6272704,-122.3919224,1.194945758,-4.210000038,3.131124284,36.25171523,0.758390993105428,-0.33062252255,0,0.44,0.04,0,0.12,0.08,0.02,0,0,0.12,0.16,0,0,0,0,0.02,0,0,0,0,0,0,0,0,0,0,0,0,0,0
"EBM_S24","2024_10_09_12-10-59.jpg",2024-10-09,"summer","return",12:10:59,"Elliott_Bay_Marina",5,"shallow","EBM_S24_T5",13.59665708,3.385110619,46.02397155,4424,59.13888889,47.6272635,-122.3919164,1.030154834,-4.159999847,2.326664379,0.090252738,0.568745471112514,-0.598491039071371,0,0.22,0,0,0.32,0.06,0.1,0,0,0.16,0.08,0,0,0,0,0.06,0,0,0,0,0,0,0,0,0,0,0,0,0,0
"EBM_S24","2024_10_09_12-11-08.jpg",2024-10-09,"summer","return",12:11:08,"Elliott_Bay_Marina",5,"shallow","EBM_S24_T5",13.5790967,4.204549451,57.0939331,4437,59.33333333,47.6272573,-122.3919044,1.398461516,-4.199999809,4.286722843,0.140828781,1.07243037875216,-0.299785846155739,0,0.52,0,0,0,0.08,0,0,0.02,0.02,0.28,0.04,0,0.02,0,0.02,0,0,0,0,0,0,0,0,0,0,0,0,0,0
"EBM_S24","2024_10_09_12-11-17.jpg",2024-10-09,"summer","return",12:11:17,"Elliott_Bay_Marina",5,"shallow","EBM_S24_T5",13.58895186,3.692888403,50.18199709,4451,59.5,47.6272649,-122.391876,0.671378523,-5.119999886,0.987741396,0.106770112,0.997770942406922,-0.432614282874192,0,0.64,0,0,0.02,0.14,0,0,0,0.1,0.08,0,0,0,0,0.02,0,0,0,0,0,0,0,0,0,0,0,0,0,0
"EBM_S24","2024_10_09_12-11-26.jpg",2024-10-09,"summer","return",12:11:26,"Elliott_Bay_Marina",5,"shallow","EBM_S24_T5",13.57704435,4.567538803,62.00687477,4461,59.63888889,47.6272697,-122.3918585,1.180465579,-4.940000057,3.054213057,0.090606229,1.227051997243,-0.0552560261285848,0,0.7,0.06,0,0,0.04,0.06,0,0,0.02,0.1,0.02,0,0,0,0,0,0,0,0,0,0,0,0,0,0,0,0,0,0
"EBM_S24","2024_10_09_12-11-35.jpg",2024-10-09,"summer","return",12:11:35,"Elliott_Bay_Marina",5,"shallow","EBM_S24_T5",13.55093709,6.168091106,83.58342807,4473,59.80555556,47.6272616,-122.3918575,1.388655097,-5.049999714,4.233414042,0.124703971,1.42276027310245,-0.0274483840044623,0,0.4,0.06,0,0,0,0.22,0,0,0,0.32,0,0,0,0,0,0,0,0,0,0,0,0,0,0,0,0,0,0,0
"EBM_S24","2024_10_09_12-11-44.jpg",2024-10-09,"summer","return",12:11:44,"Elliott_Bay_Marina",5,"shallow","EBM_S24_T5",13.56123144,5.024279476,68.13531389,4485,59.97222222,47.6272603,-122.3918438,1.315043606,-5.509999752,3.789953326,0.119972117,1.22048177918786,0.0427108908564252,0,0.46,0.12,0,0.02,0.02,0.14,0,0,0,0.2,0,0,0,0,0,0,0,0,0,0,0.04,0,0,0,0,0,0,0,0
"EBM_S24","2024_10_09_12-11-53.jpg",2024-10-09,"summer","return",12:11:53,"Elliott_Bay_Marina",5,"shallow","EBM_S24_T5",13.57021814,3.643585313,49.44071097,4496,60.11111111,47.6272772,-122.3918059,1.173326148,-5.480000019,3.040569952,0.135115232,0.976656072224792,0.0829721001599617,0,0.4,0.12,0.02,0,0,0.16,0.04,0,0.02,0.2,0,0,0,0,0.04,0,0,0,0,0,0,0,0,0,0,0,0,0,0
"EBM_S24","2024_10_09_12-12-02.jpg",2024-10-09,"summer","return",12:12:02,"Elliott_Bay_Marina",5,"shallow","EBM_S24_T5",13.56773043,4.53773913,61.56500096,4505,60.25,47.6272718,-122.3918037,0.808782586,-5.199999809,1.433746799,0.139157938,0.851391652950102,0.149625039537634,0,0.16,0.24,0,0.04,0.08,0.18,0,0,0.08,0.18,0.02,0,0,0,0,0,0,0,0,0,0,0.02,0,0,0,0,0,0,0
"EBM_S24","2024_10_09_12-12-11.jpg",2024-10-09,"summer","return",12:12:11,"Elliott_Bay_Marina",5,"shallow","EBM_S24_T5",13.60985466,2.256008677,30.70375002,4515,60.36111111,47.6272774,-122.3917841,0.883058557,-5.429999828,1.708998603,0.072132141,1.00655100522758,0.116224475486845,0,0.46,0.16,0.02,0.02,0.02,0.14,0,0,0.02,0.02,0,0,0.02,0,0,0,0.02,0,0,0,0,0,0,0.1,0,0,0,0,0
"EBM_S24","2024_10_09_12-12-20.jpg",2024-10-09,"summer","return",12:12:20,"Elliott_Bay_Marina",5,"shallow","EBM_S24_T5",13.55494805,5.665800866,76.79985216,4526,60.52777778,47.627268,-122.3917904,0.59536796,-5.039999962,0.778872388,0.155244647,0.989630729037141,-0.180750494871769,0,0.5,0,0,0,0.08,0.14,0.08,0,0,0.04,0,0,0.06,0,0.02,0,0,0,0,0,0.02,0,0,0.06,0,0,0,0,0
"EBM_S24","2024_10_09_12-12-29.jpg",2024-10-09,"summer","return",12:12:29,"Elliott_Bay_Marina",5,"shallow","EBM_S24_T5",13.59470282,3.046984816,41.42282317,4537,60.66666667,47.6272627,-122.3917803,1.370021658,-5.619999886,4.116620307,0.040593309,0.694456692909659,0.0459950748024775,0,0.52,0.1,0,0.06,0,0,0.24,0.02,0,0.06,0,0,0,0,0,0,0,0,0,0,0,0,0,0,0,0,0,0,0
"EBM_S24","2024_10_09_12-12-38.jpg",2024-10-09,"summer","return",12:12:38,"Elliott_Bay_Marina",5,"shallow","EBM_S24_T5",13.58514894,3.948148936,53.6349884,4548,60.83333333,47.6272619,-122.3917663,1.069680839,-5.909999847,2.515691525,0.174823351,0.67035112357011,-0.133444175229011,0,0.48,0.04,0,0.02,0.04,0.02,0.22,0.02,0.14,0,0,0,0,0,0,0,0,0.02,0,0,0,0,0,0,0,0,0,0,0
"EBM_S24","2024_10_09_12-12-47.jpg",2024-10-09,"summer","return",12:12:47,"Elliott_Bay_Marina",5,"shallow","EBM_S24_T5",13.59635088,3.026885965,41.14837667,4556,60.94444444,47.6272512,-122.3917663,0.524254373,-5.869999886,0.602919921,0.096273556,1.32469381220835,-0.0294653633481569,0,0.44,0.08,0,0.02,0,0.4,0,0,0,0.02,0,0,0,0,0.04,0,0,0,0,0,0,0,0,0,0,0,0,0,0
"EBM_S24","2024_10_09_12-12-57.jpg",2024-10-09,"summer","return",12:12:57,"Elliott_Bay_Marina",5,"shallow","EBM_S24_T5",13.57408534,4.162800875,56.50624643,4567,61.08333333,47.6272527,-122.3917415,1.018840267,-5.849999905,2.301164606,0.130888066,0.826455984924303,-0.063129883035549,0,0.56,0.06,0.02,0.04,0.02,0.02,0.02,0,0.04,0.2,0,0,0,0,0.02,0,0,0,0,0,0,0,0,0,0,0,0,0,0
"EBM_S24","2024_10_09_12-13-06.jpg",2024-10-09,"summer","return",12:13:06,"Elliott_Bay_Marina",5,"shallow","EBM_S24_T5",13.58784749,3.868867102,52.5696383,4576,61.19444444,47.627248,-122.3917349,0.439978194,-5.869999886,0.42490056,0.112999843,1.26266882603218,-0.30900864127545,0,0.74,0,0,0,0.02,0.02,0,0,0.08,0.12,0,0,0,0,0.02,0,0,0,0,0,0,0,0,0,0,0,0,0,0
"EBM_S24","2024_10_09_12-13-15.jpg",2024-10-09,"summer","return",12:13:15,"Elliott_Bay_Marina",5,"shallow","EBM_S24_T5",13.51097616,8.870050188,119.8425227,4590,61.38888889,47.6272614,-122.3916971,1.278180631,-5.75,3.588571856,0.101760196,0.970911150549871,0.0824420649274455,0,0.56,0.1,0.04,0,0,0.04,0,0.02,0,0.18,0.04,0,0,0,0.02,0,0,0,0,0,0,0,0,0,0,0,0,0,0
"EBM_S24","2024_10_09_12-13-45.jpg",2024-10-09,"summer","return",12:13:45,"Elliott_Bay_Marina",5,"shallow","EBM_S24_T5",13.52896718,7.521487965,101.7582733,4651,62.22222222,47.6272466,-122.3917241,1.297702362,-5.690000057,3.691227226,0.020322894,1.01911004970685,0.216277903669502,0,0.44,0.26,0,0,0,0.04,0.04,0,0.04,0.14,0.02,0,0,0,0,0,0.02,0,0,0,0,0,0,0,0,0,0,0,0
"EBM_S24","2024_10_09_12-13-54.jpg",2024-10-09,"summer","return",12:13:54,"Elliott_Bay_Marina",5,"shallow","EBM_S24_T5",13.61937255,2.104509804,28.65895176,4671,62.5,47.6272465,-122.3917115,1.147080589,-5.869999886,2.883910799,0.038868972,1.03336004177435,-0.0656564870956838,0,0.66,0.04,0,0,0,0,0.04,0.02,0.02,0.08,0.08,0,0,0,0,0,0.04,0,0,0,0.02,0,0,0,0,0,0,0,0
"EBM_S24","2024_10_09_12-14-03.jpg",2024-10-09,"summer","return",12:14:03,"Elliott_Bay_Marina",5,"shallow","EBM_S24_T5",13.61278242,2.276791209,30.99026321,4678,62.58333333,47.6272481,-122.3916965,1.045274704,-5.839999676,2.396781294,0.100815821,1.33450883879302,-0.0478216046167053,0,0.72,0.06,0,0,0,0,0,0,0.02,0.08,0.02,0,0,0,0,0,0.08,0,0,0,0.02,0,0,0,0,0,0,0,0
"EBM_S24","2024_10_09_12-14-12.jpg",2024-10-09,"summer","return",12:14:12,"Elliott_Bay_Marina",5,"shallow","EBM_S24_T5",13.60321645,2.946493506,40.07957173,4687,62.72222222,47.6272526,-122.3916782,0.662857144,-5.75,0.965518763,0.07176165,1.31969819541516,-0.0923602250404767,0,0.52,0.04,0,0,0.06,0.06,0,0,0,0.02,0,0,0.02,0,0,0,0.02,0,0.22,0,0.04,0,0,0,0,0,0,0,0
"EBM_W25","2025_01_28_11-28-01.jpg",2025-01-28,"winter","out",11:28:01,"Elliott_Bay_Marina",5,"shallow","EBM_W25_T5",13.59620086,2.670107991,36.30290812,0,0,47.627234,-122.3922847,0.8972354,-4.239999771,1.764613444,0,1.25975947009448,-0.242019340845506,0,0.74,0,0,0,0.08,0.02,0,0,0,0.1,0.06,0,0,0,0,0,0,0,0,0,0,0,0,0,0,0,0,0,0
"EBM_W25","2025_01_28_11-28-10.jpg",2025-01-28,"winter","out",11:28:10,"Elliott_Bay_Marina",5,"shallow","EBM_W25_T5",13.59999567,2.248441558,30.57879459,6,0.083333333,47.6272394,-122.3922607,0.813896088,-4.21999979,1.452064833,0.140540155,1.18960707581844,-0.350889305240304,0,0.62,0,0,0,0.22,0,0,0,0,0.08,0.08,0,0,0,0,0,0,0,0,0,0,0,0,0,0,0,0,0,0
"EBM_W25","2025_01_28_11-28-19.jpg",2025-01-28,"winter","out",11:28:19,"Elliott_Bay_Marina",5,"shallow","EBM_W25_T5",13.59709111,2.310260304,31.41276787,11,0.166666667,47.6272359,-122.3922588,1.03704984,-4.049999714,2.364076031,0.100028441,1.11734148852489,-0.286270568972004,0,0.72,0,0.02,0,0.12,0.04,0,0,0.02,0,0,0,0.08,0,0,0,0,0,0,0,0,0,0,0,0,0,0,0,0
"EBM_W25","2025_01_28_11-28-28.jpg",2025-01-28,"winter","out",11:28:28,"Elliott_Bay_Marina",5,"shallow","EBM_W25_T5",13.61294872,2.111581197,28.74483842,17,0.25,47.6272351,-122.3922542,0.705512803,-4.480000019,1.091173734,0.081184496,1.10540811668531,-0.256884796460331,0,0.56,0,0,0,0.16,0.06,0,0,0.02,0.02,0.06,0,0.12,0,0,0,0,0,0,0,0,0,0,0,0,0,0,0,0
"EBM_W25","2025_01_28_11-28-37.jpg",2025-01-28,"winter","out",11:28:37,"Elliott_Bay_Marina",5,"shallow","EBM_W25_T5",13.61997826,1.922565217,26.18529435,23,0.305555556,47.6272428,-122.3922326,0.900239102,-4.759999752,1.786607757,0.092335434,1.12121831489333,-0.210862444450163,0,0.52,0,0,0,0.04,0.18,0,0,0.04,0.04,0.02,0,0.1,0,0.06,0,0,0,0,0,0,0,0,0,0,0,0,0,0
"EBM_W25","2025_01_28_11-28-49.jpg",2025-01-28,"winter","out",11:28:49,"Elliott_Bay_Marina",5,"shallow","EBM_W25_T5",13.61007495,2.10130621,28.5990237,30,0.416666667,47.6272484,-122.3922271,0.999143456,-4.509999752,2.187561174,0.086374849,1.01232160239204,-0.122087305707999,0,0.62,0,0.02,0,0,0.14,0.02,0,0.02,0.02,0.06,0,0.08,0,0.02,0,0,0,0,0,0,0,0,0,0,0,0,0,0
"EBM_W25","2025_01_28_11-28-58.jpg",2025-01-28,"winter","out",11:28:58,"Elliott_Bay_Marina",5,"shallow","EBM_W25_T5",13.60897603,2.069041394,28.15752898,36,0.5,47.6272506,-122.3922244,0.605206944,-4.549999714,0.805225571,0.09944486,1.28096404062369,-0.342324884724294,0,0.48,0,0,0,0.36,0.12,0,0,0,0,0,0,0.04,0,0,0,0,0,0,0,0,0,0,0,0,0,0,0,0
"EBM_W25","2025_01_28_11-29-04.jpg",2025-01-28,"winter","out",11:29:04,"Elliott_Bay_Marina",5,"shallow","EBM_W25_T5",13.58623478,3.346369565,45.4646355,41,0.583333333,47.6272562,-122.3922047,0.622456502,-4.489999771,0.858170116,0.156559949,1.09851114051591,-0.398861808428153,0,0.34,0,0,0,0.34,0.18,0,0,0.04,0.06,0,0,0,0,0.02,0,0.02,0,0,0,0,0,0,0,0,0,0,0,0
"EBM_W25","2025_01_28_11-29-13.jpg",2025-01-28,"winter","out",11:29:13,"Elliott_Bay_Marina",5,"shallow","EBM_W25_T5",13.6070087,2.115347826,28.78355639,48,0.666666667,47.62726,-122.3921804,0.91232607,-4.009999752,1.840760722,0.100339488,0.819934019805881,-0.431994081594213,0,0.2,0,0,0,0.12,0.1,0.04,0,0.16,0.3,0.02,0,0.06,0,0,0,0,0,0,0,0,0,0,0,0,0,0,0,0
"EBM_W25","2025_01_28_11-29-22.jpg",2025-01-28,"winter","out",11:29:22,"Elliott_Bay_Marina",5,"shallow","EBM_W25_T5",13.60696146,2.394068522,32.57599056,54,0.75,47.6272604,-122.3921597,0.744518207,-3.789999962,1.214669458,0.119204879,0.934848067795512,-0.382538786617559,0,0.32,0,0,0,0.26,0.04,0,0,0.08,0.12,0.02,0,0.08,0,0.02,0,0.06,0,0,0,0,0,0,0,0,0,0,0,0
"EBM_W25","2025_01_28_11-29-31.jpg",2025-01-28,"winter","out",11:29:31,"Elliott_Bay_Marina",5,"shallow","EBM_W25_T5",13.6,2.749399142,37.39182833,60,0.833333333,47.6272595,-122.3921485,0.773390521,-4.009999752,1.31200054,0.120372947,1.05060552819223,-0.556011128931022,0,0.28,0,0,0,0.42,0.02,0,0,0.14,0.14,0,0,0,0,0,0,0,0,0,0,0,0,0,0,0,0,0,0,0
"EBM_W25","2025_01_28_11-29-37.jpg",2025-01-28,"winter","out",11:29:37,"Elliott_Bay_Marina",5,"shallow","EBM_W25_T5",13.61582796,2.032408602,27.672928,64,0.888888889,47.6272609,-122.3921366,0.741827942,-4.170000076,1.206131907,0.092197448,0.853182040349593,-0.370696132857004,0,0.34,0,0,0,0.36,0.02,0.04,0,0.1,0.04,0.08,0,0.02,0,0,0,0,0,0,0,0,0,0,0,0,0,0,0,0
"EBM_W25","2025_01_28_11-29-46.jpg",2025-01-28,"winter","out",11:29:46,"Elliott_Bay_Marina",5,"shallow","EBM_W25_T5",13.59402564,2.86465812,38.94222632,71,0.972222222,47.6272605,-122.3921263,0.593632468,-3.970000029,0.791627877,0.128551306,0.852383170514374,-0.285477192002398,0,0.4,0,0,0,0.18,0.02,0,0,0.14,0.08,0.08,0.02,0.08,0,0,0,0,0,0,0,0,0,0,0,0,0,0,0,0
"EBM_W25","2025_01_28_11-29-58.jpg",2025-01-28,"winter","out",11:29:58,"Elliott_Bay_Marina",5,"shallow","EBM_W25_T5",13.5790064,3.286545842,44.62802716,80,1.083333333,47.6272553,-122.3921194,0.473646041,-4.119999886,0.501203994,0.126808623,1.02072388547351,-0.539516332931977,0,0.4,0,0.02,0,0.5,0,0,0,0.08,0,0,0,0,0,0,0,0,0,0,0,0,0,0,0,0,0,0,0,0
"EBM_W25","2025_01_28_11-30-19.jpg",2025-01-28,"winter","out",11:30:19,"Elliott_Bay_Marina",5,"shallow","EBM_W25_T5",13.597,2.643093682,35.93814479,95,1.305555556,47.627245,-122.3921072,0.891285388,-4.659999847,1.741531687,0.102353746,0.840737569695608,-0.187480538818799,0,0.28,0,0,0,0.02,0.22,0.06,0,0.12,0.08,0.18,0,0,0,0,0.04,0,0,0,0,0,0,0,0,0,0,0,0,0
"EBM_W25","2025_01_28_11-30-31.jpg",2025-01-28,"winter","out",11:30:31,"Elliott_Bay_Marina",5,"shallow","EBM_W25_T5",13.59105161,2.835096774,38.53194529,104,1.416666667,47.62724,-122.3920955,1.043655872,-4.519999981,2.387394903,0.089581378,0.982414030583743,-0.159832934489057,0,0.58,0,0,0,0.04,0.06,0.02,0,0.06,0.08,0.12,0,0.02,0,0,0,0.02,0,0,0,0,0,0,0,0,0,0,0,0
"EBM_W25","2025_01_28_11-30-44.jpg",2025-01-28,"winter","out",11:30:44,"Elliott_Bay_Marina",5,"shallow","EBM_W25_T5",13.61344635,2.049957082,27.9066697,114,1.555555556,47.6272329,-122.3920873,0.979399102,-4.199999809,2.10189018,0.060889812,1.21078828508555,-0.184552306723626,0,0.5,0,0,0,0.08,0.1,0,0,0,0.24,0.08,0,0,0,0,0,0,0,0,0,0,0,0,0,0,0,0,0,0
"EBM_W25","2025_01_28_11-31-02.jpg",2025-01-28,"winter","out",11:31:02,"Elliott_Bay_Marina",5,"shallow","EBM_W25_T5",13.60671895,2.048823529,27.87583359,127,1.722222222,47.6272262,-122.3920797,1.175773372,-4.299999714,3.03161725,0.049268319,0.996787475334169,-0.256246357689112,0,0.58,0,0,0,0.08,0,0.02,0,0.06,0.12,0.14,0,0,0,0,0,0,0,0,0,0,0,0,0,0,0,0,0,0
"EBM_W25","2025_01_28_11-31-35.jpg",2025-01-28,"winter","out",11:31:35,"Elliott_Bay_Marina",5,"shallow","EBM_W25_T5",13.60155408,2.142472406,29.14096283,150,2.055555556,47.62722,-122.3920526,0.836313443,-4.569999695,1.53265342,0.065415174,1.009036295114,-0.253447474653565,0,0.36,0,0,0,0.18,0.22,0.02,0,0.02,0.14,0.06,0,0,0,0,0,0,0,0,0,0,0,0,0,0,0,0,0,0
"EBM_W25","2025_01_28_11-31-47.jpg",2025-01-28,"winter","out",11:31:47,"Elliott_Bay_Marina",5,"shallow","EBM_W25_T5",13.58705117,3.313816631,45.02432149,159,2.166666667,47.6272181,-122.3920321,1.109296353,-4.809999943,2.704939835,0.126678468,0.759832734600843,-0.147633699677855,0,0.54,0,0.02,0,0.04,0.06,0.08,0,0.1,0.12,0.02,0,0.02,0,0,0,0,0,0,0,0,0,0,0,0,0,0,0,0
"EBM_W25","2025_01_28_11-31-59.jpg",2025-01-28,"winter","out",11:31:59,"Elliott_Bay_Marina",5,"shallow","EBM_W25_T5",13.59751948,2.462207792,33.47981857,168,2.277777778,47.6272184,-122.3920106,0.834177471,-4.610000134,1.562955788,0.103877478,0.771862279123242,-0.10002607559143,0,0.46,0,0,0,0.04,0,0.14,0,0.02,0.16,0.12,0,0.02,0,0,0,0.04,0,0,0,0,0,0,0,0,0,0,0,0
"EBM_W25","2025_01_28_11-32-08.jpg",2025-01-28,"winter","out",11:32:08,"Elliott_Bay_Marina",5,"shallow","EBM_W25_T5",13.59174138,3.411487069,46.36799668,174,2.361111111,47.6272224,-122.3919997,1.494913798,-4.440000057,4.897056373,0.101113891,0.696264046561391,-0.113263643194549,0,0.3,0,0,0,0.08,0.04,0.22,0,0.02,0.26,0.06,0,0.02,0,0,0,0,0,0,0,0,0,0,0,0,0,0,0,0
"EBM_W25","2025_01_28_11-32-20.jpg",2025-01-28,"winter","out",11:32:20,"Elliott_Bay_Marina",5,"shallow","EBM_W25_T5",13.58981034,2.510431034,34.11628345,182,2.472222222,47.6272189,-122.3919668,0.901982733,-4.789999962,1.783053258,0.136459,0.831714013329549,-0.128410972483091,0,0.58,0,0,0,0.08,0.04,0.22,0,0,0.04,0.02,0,0,0,0,0,0.02,0,0,0,0,0,0,0,0,0,0,0,0
"EBM_W25","2025_01_28_11-32-29.jpg",2025-01-28,"winter","out",11:32:29,"Elliott_Bay_Marina",5,"shallow","EBM_W25_T5",13.6012931,2.488081897,33.84138351,188,2.555555556,47.627234,-122.39197,0.841637905,-4.569999695,1.553895892,0.081675603,0.877839709016376,-0.19622660614973,0,0.56,0,0,0,0.1,0.06,0.06,0,0.06,0.02,0.1,0,0.04,0,0,0,0,0,0,0,0,0,0,0,0,0,0,0,0
"EBM_W25","2025_01_28_11-32-38.jpg",2025-01-28,"winter","out",11:32:38,"Elliott_Bay_Marina",5,"shallow","EBM_W25_T5",13.59613793,2.668275862,36.27825034,195,2.666666667,47.6272456,-122.3919695,0.709568948,-4.659999847,1.107676404,0.103914455,0.99776076286304,-0.138830002863641,0,0.64,0,0,0,0.02,0.06,0.04,0,0.04,0.04,0.1,0,0.06,0,0,0,0,0,0,0,0,0,0,0,0,0,0,0,0
"EBM_W25","2025_01_28_11-32-47.jpg",2025-01-28,"winter","out",11:32:47,"Elliott_Bay_Marina",5,"shallow","EBM_W25_T5",13.58993182,3.653368984,49.64797477,202,2.75,47.6272442,-122.3919502,0.662647048,-4.819999695,1.199763687,0.188080623,1.00856692329384,-0.223526213818684,0,0.52,0,0,0,0.16,0.08,0.02,0,0.02,0.04,0.14,0,0.02,0,0,0,0,0,0,0,0,0,0,0,0,0,0,0,0
"EBM_W25","2025_01_28_11-32-59.jpg",2025-01-28,"winter","out",11:32:59,"Elliott_Bay_Marina",5,"shallow","EBM_W25_T5",13.58153879,3.496206897,47.48349073,212,2.888888889,47.6272435,-122.3919288,0.807844795,-4.809999943,1.431787664,0.130741534,1.12034832820076,-0.340090082170786,0,0.52,0,0,0,0.26,0.04,0,0,0.02,0,0.12,0,0.02,0,0.02,0,0,0,0,0,0,0,0,0,0,0,0,0,0
"EBM_W25","2025_01_28_11-33-08.jpg",2025-01-28,"winter","out",11:33:08,"Elliott_Bay_Marina",5,"shallow","EBM_W25_T5",13.59008423,3.007840173,40.87680797,219,2.972222222,47.6272387,-122.3919111,0.769632811,-4.519999981,1.298100021,0.089174774,1.20308811427109,-0.221729537255841,0,0.6,0,0,0,0.04,0.06,0,0,0.06,0.22,0,0,0.02,0,0,0,0,0,0,0,0,0,0,0,0,0,0,0,0
"EBM_W25","2025_01_28_11-51-00.jpg",2025-01-28,"winter","out",11:51:00,"Elliott_Bay_Marina",5,"shallow","EBM_W25_T5",13.59528942,2.501101512,34.00301216,998,13.58333333,47.6272755,-122.3919086,0.782418977,-4.210000038,1.349658737,5.595761396,1.33186957308827,-0.242945416109412,0,0.38,0,0,0,0,0.34,0,0,0.06,0.22,0,0,0,0,0,0,0,0,0,0,0,0,0,0,0,0,0,0,0
"EBM_W25","2025_01_28_11-51-09.jpg",2025-01-28,"winter","return",11:51:09,"Elliott_Bay_Marina",5,"shallow","EBM_W25_T5",13.59750647,2.394094828,32.55335153,1004,13.66666667,47.6272774,-122.3919275,1.087370665,-4.5,2.591006205,0.135396392,1.13912669030609,-0.164578753532743,0,0.72,0,0,0,0.04,0.02,0.04,0,0,0.14,0.02,0,0.02,0,0,0,0,0,0,0,0,0,0,0,0,0,0,0,0
"EBM_W25","2025_01_28_11-51-21.jpg",2025-01-28,"winter","return",11:51:21,"Elliott_Bay_Marina",5,"shallow","EBM_W25_T5",13.60856277,2.011212121,27.36967195,1012,13.75,47.6272716,-122.3919355,0.66642854,-4.46999979,1.016202971,0.095549449,0.977472704633358,-0.169488644670029,0,0.54,0,0,0,0.08,0.12,0.04,0,0.02,0.14,0.02,0,0.02,0,0,0,0.02,0,0,0,0,0,0,0,0,0,0,0,0
"EBM_W25","2025_01_28_11-51-48.jpg",2025-01-28,"winter","return",11:51:48,"Elliott_Bay_Marina",5,"shallow","EBM_W25_T5",13.60781562,2.069566161,28.16228813,1027,13.97222222,47.6272694,-122.3919626,0.558459874,-4.679999828,0.683423884,0.090006579,1.1087041306038,-0.272975187703978,0,0.54,0,0,0,0.12,0.16,0,0,0.08,0,0.1,0,0,0,0,0,0,0,0,0,0,0,0,0,0,0,0,0,0
"EBM_W25","2025_01_28_11-52-00.jpg",2025-01-28,"winter","return",11:52:00,"Elliott_Bay_Marina",5,"shallow","EBM_W25_T5",13.60905857,1.980911063,26.95833111,1034,14.05555556,47.6272697,-122.3919807,0.453167018,-4.699999809,0.450362489,0.082960414,0.949720623253257,-0.183664914265724,0,0.44,0,0,0,0.1,0.22,0,0,0.04,0.1,0.06,0.02,0.02,0,0,0,0,0,0,0,0,0,0,0,0,0,0,0,0
"EBM_W25","2025_01_28_11-52-18.jpg",2025-01-28,"winter","return",11:52:18,"Elliott_Bay_Marina",5,"shallow","EBM_W25_T5",13.61238544,1.915224839,26.07076146,1043,14.19444444,47.6272664,-122.3919867,0.463704489,-4.089999676,0.471299878,0.062771412,1.11920218487582,-0.579161292751225,0,0.18,0,0,0,0.34,0.38,0,0,0.02,0.04,0.04,0,0,0,0,0,0,0,0,0,0,0,0,0,0,0,0,0,0
"EBM_W25","2025_01_28_11-52-36.jpg",2025-01-28,"winter","return",11:52:36,"Elliott_Bay_Marina",5,"shallow","EBM_W25_T5",13.61493737,1.822267819,24.80882639,1053,14.33333333,47.6272611,-122.3919903,0.671209474,-4.449999809,0.987580869,0.063047127,0.866561849650597,-0.153402646331518,0,0.48,0,0.02,0,0.12,0.1,0.06,0,0,0.14,0.08,0,0,0,0,0,0,0,0,0,0,0,0,0,0,0,0,0,0
"EBM_W25","2025_01_28_11-52-51.jpg",2025-01-28,"winter","return",11:52:51,"Elliott_Bay_Marina",5,"shallow","EBM_W25_T5",13.61728908,1.969293362,26.81649362,1061,14.44444444,47.6272654,-122.3920144,0.880214128,-4.299999714,1.697799145,0.085975464,1.02622764564127,-0.170989805592912,0,0.62,0,0,0,0.08,0.06,0.02,0,0.02,0.08,0.08,0,0.04,0,0,0,0,0,0,0,0,0,0,0,0,0,0,0,0
"EBM_W25","2025_01_28_11-53-03.jpg",2025-01-28,"winter","return",11:53:03,"Elliott_Bay_Marina",5,"shallow","EBM_W25_T5",13.60052609,2.31623913,31.50116687,1068,14.52777778,47.6272699,-122.3920288,0.705369534,-4.179999828,1.11476602,0.114816872,1.03855949463608,-0.299459057352495,0,0.58,0,0,0,0.22,0.04,0.02,0,0.02,0.06,0.02,0,0,0,0,0,0.04,0,0,0,0,0,0,0,0,0,0,0,0
"EBM_W25","2025_01_28_11-53-12.jpg",2025-01-28,"winter","return",11:53:12,"Elliott_Bay_Marina",5,"shallow","EBM_W25_T5",13.60550858,2.176072961,29.60550414,1073,14.61111111,47.6272722,-122.3920431,0.977896977,-4.119999886,2.101893088,0.091665327,0.912295323049301,-0.198644884884139,0,0.64,0,0,0,0.12,0.08,0.04,0,0.02,0.06,0.02,0.02,0,0,0,0,0,0,0,0,0,0,0,0,0,0,0,0,0
"EBM_W25","2025_01_28_11-53-24.jpg",2025-01-28,"winter","return",11:53:24,"Elliott_Bay_Marina",5,"shallow","EBM_W25_T5",13.60462203,2.215075594,30.13513158,1080,14.69444444,47.627273,-122.3920541,0.721166311,-4.110000134,1.140976095,0.112871898,1.13584320393329,-0.28589482428424,0,0.56,0,0,0,0.22,0.12,0,0,0.02,0.04,0.04,0,0,0,0,0,0,0,0,0,0,0,0,0,0,0,0,0,0
"EBM_W25","2025_01_28_11-53-36.jpg",2025-01-28,"winter","return",11:53:36,"Elliott_Bay_Marina",5,"shallow","EBM_W25_T5",13.61518844,1.910235546,26.00754668,1087,14.77777778,47.6272728,-122.3920576,0.783918593,-4.210000038,1.352566686,0.044514973,0.97042361342378,-0.144273117787616,0,0.78,0,0,0,0.02,0.06,0.06,0,0.04,0.02,0,0.02,0,0,0,0,0,0,0,0,0,0,0,0,0,0,0,0,0
"EBM_W25","2025_01_28_11-53-48.jpg",2025-01-28,"winter","return",11:53:48,"Elliott_Bay_Marina",5,"shallow","EBM_W25_T5",13.60289956,2.235283843,30.40441886,1094,14.88888889,47.6272754,-122.3920809,0.879890823,-4.230000019,1.69693814,0.114158891,1.05649651651707,-0.281205799325208,0,0.58,0,0,0,0.16,0.04,0,0,0.06,0.1,0.06,0,0,0,0,0,0,0,0,0,0,0,0,0,0,0,0,0,0
"EBM_W25","2025_01_28_11-53-57.jpg",2025-01-28,"winter","return",11:53:57,"Elliott_Bay_Marina",5,"shallow","EBM_W25_T5",13.60508811,2.022709251,27.51909496,1100,14.94444444,47.6272775,-122.3920918,0.869999985,-4.319999695,1.661877406,0.102987382,1.17732355864687,-0.193484688802662,0,0.68,0,0,0,0.02,0.06,0,0,0.06,0.1,0.08,0,0,0,0,0,0,0,0,0,0,0,0,0,0,0,0,0,0
"EBM_W25","2025_01_28_11-54-09.jpg",2025-01-28,"winter","return",11:54:09,"Elliott_Bay_Marina",5,"shallow","EBM_W25_T5",13.60623276,2.087650862,28.40468121,1106,15.05555556,47.6272784,-122.3920988,0.840883603,-4.230000019,1.554293081,0.076802253,0.955759798422639,-0.123977740247608,0,0.58,0,0,0,0.04,0.04,0.06,0,0.02,0.08,0.16,0,0,0,0,0.02,0,0,0,0,0,0,0,0,0,0,0,0,0
"EBM_W25","2025_01_28_11-54-18.jpg",2025-01-28,"winter","return",11:54:18,"Elliott_Bay_Marina",5,"shallow","EBM_W25_T5",13.61288312,2.032878788,27.67285141,1111,15.11111111,47.6272809,-122.3921205,0.488593067,-4.099999905,0.526520893,0.113869522,1.02800067374587,-0.327949696991072,0,0.56,0,0,0,0.18,0.02,0,0,0.1,0.08,0.06,0,0,0,0,0,0,0,0,0,0,0,0,0,0,0,0,0,0
"EBM_W25","2025_01_28_11-54-33.jpg",2025-01-28,"winter","return",11:54:33,"Elliott_Bay_Marina",5,"shallow","EBM_W25_T5",13.60906061,2.11987013,28.8492739,1120,15.25,47.6272822,-122.3921132,0.577943726,-3.720000029,0.733549511,0.082446018,1.04586831028836,-0.403996768009135,0,0.36,0,0,0,0.4,0.04,0,0,0.06,0.04,0.1,0,0,0,0,0,0,0,0,0,0,0,0,0,0,0,0,0,0
"EBM_W25","2025_01_28_11-54-48.jpg",2025-01-28,"winter","return",11:54:48,"Elliott_Bay_Marina",5,"shallow","EBM_W25_T5",13.61515929,1.916415929,26.0915965,1129,15.36111111,47.6272844,-122.392146,0.89097344,-3.839999914,1.739829205,0.084055043,1.06910742227185,-0.444842639623672,0,0.54,0,0,0,0.12,0,0,0,0.28,0.04,0.02,0,0,0,0,0,0,0,0,0,0,0,0,0,0,0,0,0,0
"EBM_W25","2025_01_28_11-55-00.jpg",2025-01-28,"winter","return",11:55:00,"Elliott_Bay_Marina",5,"shallow","EBM_W25_T5",13.61676724,1.768017241,24.07292379,1139,15.5,47.6272843,-122.3921565,0.908706893,-3.929999828,1.812909806,0.075125641,1.03251852697241,-0.375412861688927,0,0.44,0,0,0,0.3,0.02,0,0,0.06,0.04,0.12,0,0,0,0.02,0,0,0,0,0,0,0,0,0,0,0,0,0,0
"EBM_W25","2025_01_28_11-55-15.jpg",2025-01-28,"winter","return",11:55:15,"Elliott_Bay_Marina",5,"shallow","EBM_W25_T5",13.62169114,1.830583153,24.93552732,1148,15.61111111,47.627289,-122.3921696,0.585831511,-4.049999714,0.75219021,0.070723791,1.04155058180721,-0.45192358536329,0,0.3,0,0,0,0.26,0.16,0,0,0.16,0,0.08,0,0,0,0,0,0,0,0,0,0,0,0,0,0,0,0,0,0.04
"EBM_W25","2025_01_28_11-55-27.jpg",2025-01-28,"winter","return",11:55:27,"Elliott_Bay_Marina",5,"shallow","EBM_W25_T5",13.60821459,2.153476395,29.30495983,1155,15.72222222,47.6272862,-122.3921865,0.469999999,-4.329999924,0.484042812,0.071212341,1.38955710029875,-0.176493358160332,0,0.78,0,0,0,0,0.12,0,0,0,0.06,0.04,0,0,0,0,0,0,0,0,0,0,0,0,0,0,0,0,0,0
"EBM_W25","2025_01_28_11-55-39.jpg",2025-01-28,"winter","return",11:55:39,"Elliott_Bay_Marina",5,"shallow","EBM_W25_T5",13.61258405,1.868448276,25.43439765,1163,15.80555556,47.6272871,-122.3921905,0.868599129,-4.389999866,1.653278175,0.063809972,1.23418912458618,-0.245380507330855,0,0.68,0,0,0,0.12,0.12,0,0,0,0.04,0.04,0,0,0,0,0,0,0,0,0,0,0,0,0,0,0,0,0,0
"EBM_W25","2025_01_28_11-55-51.jpg",2025-01-28,"winter","return",11:55:51,"Elliott_Bay_Marina",5,"shallow","EBM_W25_T5",13.61033761,2.065662393,28.11415216,1169,15.91666667,47.6272866,-122.3922082,1.098653871,-4.299999714,2.645029291,0.077246124,0.82234664357889,-0.120938612396028,0.02,0.7,0,0.02,0,0.08,0.1,0.06,0,0,0,0.02,0,0,0,0,0,0,0,0,0,0,0,0,0,0,0,0,0,0
"EBM_W25","2025_01_28_11-56-06.jpg",2025-01-28,"winter","return",11:56:06,"Elliott_Bay_Marina",5,"shallow","EBM_W25_T5",13.62006048,1.858056156,25.30700112,1177,16,47.6272831,-122.3922322,0.611900632,-3.99000001,0.879152394,0.095468311,1.1523814413329,-0.310534173434584,0,0.6,0,0,0,0.22,0.04,0,0,0.02,0.1,0.02,0,0,0,0,0,0,0,0,0,0,0,0,0,0,0,0,0,0
"EBM_W25","2025_01_28_11-56-21.jpg",2025-01-28,"winter","return",11:56:21,"Elliott_Bay_Marina",5,"shallow","EBM_W25_T5",13.63206695,1.78075594,24.27306577,1185,16.11111111,47.627286,-122.3922315,0.895161968,-4.199999809,1.756210107,0.054258835,1.23047871229061,-0.173104631035563,0,0.8,0,0,0,0.04,0.04,0,0,0,0.08,0,0.02,0.02,0,0,0,0,0,0,0,0,0,0,0,0,0,0,0,0
"EBM_W25","2025_01_28_11-56-36.jpg",2025-01-28,"winter","return",11:56:36,"Elliott_Bay_Marina",5,"shallow","EBM_W25_T5",13.6152203,1.938185745,26.38852302,1194,16.22222222,47.6272854,-122.3922442,1.004600404,-4.349999905,2.211766881,0.060580481,1.07090483416505,-0.209875821829386,0,0.6,0,0,0,0.08,0,0.04,0,0,0.12,0.16,0,0,0,0,0,0,0,0,0,0,0,0,0,0,0,0,0,0
"EBM_W25","2025_01_28_11-57-03.jpg",2025-01-28,"winter","return",11:57:03,"Elliott_Bay_Marina",5,"shallow","EBM_W25_T5",13.60042981,2.291295896,31.1625281,1209,16.44444444,47.6272875,-122.3922678,0.422980554,-4.539999962,0.39338123,0.056378326,1.12265992813628,-0.246432276666606,0,0.54,0,0,0,0.16,0.16,0,0,0.02,0.04,0.08,0,0,0,0,0,0,0,0,0,0,0,0,0,0,0,0,0,0
"EBM_W25","2025_01_28_11-57-18.jpg",2025-01-28,"winter","return",11:57:18,"Elliott_Bay_Marina",5,"shallow","EBM_W25_T5",13.64307174,1.620152174,22.1038563,1217,16.55555556,47.6272852,-122.3922952,1.25999999,-3.819999933,3.478797468,0.058624798,1.23905948039779,-0.166651440028557,0,0.6,0,0,0,0.02,0.06,0,0,0.02,0.22,0.08,0,0,0,0,0,0,0,0,0,0,0,0,0,0,0,0,0,0
"CNL_S24","2024_10_08_11-45-27.jpg",2024-10-08,"summer","out",11:45:27,"Centennial_Park",6,"shallow","CNL_S24_T6",13.59622222,2.647530864,35.99642346,19,0.25,47.6193681,-122.3625482,0.685246916,-4.639999866,1.028976143,0.194194131,-0.0513924599868981,-0.237584060334182,0.14,0.1,0,0,0.1,0.1,0.02,0.02,0.22,0.08,0.04,0.04,0.08,0,0,0,0,0,0.06,0,0,0,0,0,0,0,0,0,0,0
"CNL_S24","2024_10_08_11-45-00.jpg",2024-10-08,"summer","out",11:45:00,"Centennial_Park",6,"shallow","CNL_S24_T6",13.60079518,2.510060241,34.1388394,0,0,47.619402,-122.3626149,0.681385533,-4.699999809,1.017851615,0,-0.444130280430435,-0.684499480036393,0.06,0.02,0,0.12,0.32,0.04,0,0,0.32,0.04,0,0.06,0.02,0,0,0,0,0,0,0,0,0,0,0,0,0,0,0,0,0
"CNL_S24","2024_10_08_11-45-09.jpg",2024-10-08,"summer","out",11:45:09,"Centennial_Park",6,"shallow","CNL_S24_T6",13.59677301,2.589815951,35.21313276,6,0.083333333,47.6193947,-122.3626153,0.627852758,-4.679999828,0.863922859,0.11952952,0.0794472318439379,-0.929578834170402,0,0.04,0,0.02,0.36,0.06,0,0,0.08,0.1,0.04,0.08,0,0,0.16,0,0,0,0.02,0,0,0.02,0,0,0,0,0.02,0,0,0
"CNL_S24","2024_10_08_11-45-18.jpg",2024-10-08,"summer","out",11:45:18,"Centennial_Park",6,"shallow","CNL_S24_T6",13.59681818,2.682424242,36.47246121,13,0.166666667,47.6193819,-122.3625778,0.699696953,-4.589999676,1.07340674,0.157730472,0.158799973823942,-0.389903051188837,0.06,0.14,0,0,0.2,0.14,0,0,0.08,0.08,0.04,0.14,0.08,0,0.02,0.02,0,0,0,0,0,0,0,0,0,0,0,0,0,0
"CNL_S24","2024_10_08_11-45-36.jpg",2024-10-08,"summer","out",11:45:36,"Centennial_Park",6,"shallow","CNL_S24_T6",13.61742073,2.009146341,27.35943707,25,0.333333333,47.6193745,-122.3625981,0.662621915,-4.650000095,0.962141144,0.064714916,-0.520122044549528,-0.077585186685982,0.38,0.06,0,0,0.16,0.02,0,0.04,0.06,0.02,0,0.04,0.06,0,0.08,0.06,0,0,0,0,0,0.02,0,0,0,0,0,0,0,0
"CNL_S24","2024_10_08_11-45-45.jpg",2024-10-08,"summer","out",11:45:45,"Centennial_Park",6,"shallow","CNL_S24_T6",13.60587195,2.209695122,30.06478341,30,0.416666667,47.6193724,-122.3625657,0.669939003,-4.639999866,0.983625935,0.062304587,-0.530879930934118,-0.511122657657399,0.2,0.02,0,0,0.24,0,0,0.02,0.16,0.2,0.06,0,0.1,0,0,0,0,0,0,0,0,0,0,0,0,0,0,0,0,0
"CNL_S24","2024_10_08_11-45-54.jpg",2024-10-08,"summer","out",11:45:54,"Centennial_Park",6,"shallow","CNL_S24_T6",13.61345122,2.111036585,28.73844799,36,0.472222222,47.619369,-122.3625308,0.688902434,-4.619999886,1.039974009,0.113899214,-0.168830374078397,-0.786328533177039,0.08,0.02,0,0,0.52,0.06,0,0,0.04,0.02,0.04,0.14,0.04,0,0.04,0,0,0,0,0,0,0,0,0,0,0,0,0,0,0
"CNL_S24","2024_10_08_11-46-03.jpg",2024-10-08,"summer","out",11:46:03,"Centennial_Park",6,"shallow","CNL_S24_T6",13.60151515,2.415515152,32.85466376,41,0.555555556,47.6193803,-122.3625509,0.661151481,-4.619999886,0.958081565,0.07631807,-0.00687768791439743,-0.676167880249186,0.06,0.12,0,0,0.54,0.04,0,0.02,0.14,0.02,0.02,0.02,0.02,0,0,0,0,0,0,0,0,0,0,0,0,0,0,0,0,0
"CNL_S24","2024_10_08_11-46-12.jpg",2024-10-08,"summer","out",11:46:12,"Centennial_Park",6,"shallow","CNL_S24_T6",13.605375,2.212083333,30.09608042,47,0.638888889,47.6193697,-122.362509,0.686904762,-4.619999886,1.033952976,0.124925574,-0.365303677200633,-0.929108540968687,0.06,0.04,0,0,0.4,0.06,0,0.04,0.3,0,0,0,0.02,0,0.04,0,0,0,0,0,0,0.02,0.02,0,0,0,0,0,0,0
"CNL_S24","2024_10_08_11-46-21.jpg",2024-10-08,"summer","out",11:46:21,"Centennial_Park",6,"shallow","CNL_S24_T6",13.60962963,2.212160494,30.10670167,53,0.722222222,47.6193745,-122.3625112,0.678765414,-4.639999866,1.00971084,0.100912444,0.00294309997431027,-1.31027148821665,0,0,0,0.02,0.62,0.24,0,0,0.04,0.08,0,0,0,0,0,0,0,0,0,0,0,0,0,0,0,0,0,0,0,0
"CNL_S24","2024_10_08_11-46-30.jpg",2024-10-08,"summer","out",11:46:30,"Centennial_Park",6,"shallow","CNL_S24_T6",13.60310303,2.409212121,32.77280485,59,0.805555556,47.6193736,-122.3625099,0.672545424,-4.670000076,0.991173142,0.089399349,-0.45582002693781,-0.734445380551169,0.14,0.04,0,0,0.52,0.04,0,0.02,0.14,0,0,0.02,0.04,0,0,0,0,0,0,0,0,0.04,0,0,0,0,0,0,0,0
"CNL_S24","2024_10_08_11-46-39.jpg",2024-10-08,"summer","out",11:46:39,"Centennial_Park",6,"shallow","CNL_S24_T6",13.60333742,2.366257669,32.18900564,65,0.861111111,47.6193684,-122.3624992,0.631717785,-4.670000076,0.875530991,0.09280816,0.271520387240765,-1.07812035025641,0.02,0.04,0,0,0.02,0.1,0,0,0.64,0.02,0.06,0.06,0,0,0,0.04,0,0,0,0,0,0,0,0,0,0,0,0,0,0
"CNL_S24","2024_10_08_11-46-48.jpg",2024-10-08,"summer","out",11:46:48,"Centennial_Park",6,"shallow","CNL_S24_T6",13.59419753,2.564444444,34.86148617,71,0.944444444,47.6193632,-122.3624814,0.708333313,-4.610000134,1.100415598,0.082092485,-0.44411156517564,-0.928239466251062,0.1,0.02,0,0,0.48,0.06,0,0.02,0.24,0,0,0.02,0,0,0.04,0.02,0,0,0,0,0,0,0,0,0,0,0,0,0,0
"CNL_S24","2024_10_08_11-46-57.jpg",2024-10-08,"summer","out",11:46:57,"Centennial_Park",6,"shallow","CNL_S24_T6",13.59711111,2.611851852,35.51358222,77,1.055555556,47.6193668,-122.3624853,0.739753095,-4.659999847,1.199122506,0.053769833,-0.215632459643811,-0.78766827670422,0.04,0.04,0,0,0.36,0.06,0,0.08,0.24,0.06,0.02,0,0.06,0,0,0,0,0,0,0,0,0.04,0,0,0,0,0,0,0,0
"CNL_S24","2024_10_08_11-47-06.jpg",2024-10-08,"summer","out",11:47:06,"Centennial_Park",6,"shallow","CNL_S24_T6",13.59892683,2.582012195,35.11259305,83,1.138888889,47.6193611,-122.3624781,0.636341453,-4.739999771,0.887346772,0.112533035,-0.178374992848909,-1.15374211472407,0.02,0,0,0,0.62,0.06,0,0.06,0.14,0,0.04,0.04,0,0,0,0,0,0.02,0,0,0,0,0,0,0,0,0,0,0,0
"CNL_S24","2024_10_08_11-47-15.jpg",2024-10-08,"summer","out",11:47:15,"Centennial_Park",6,"shallow","CNL_S24_T6",13.60823636,2.274545455,30.95252509,90,1.222222222,47.619349,-122.3624733,0.701636349,-4.710000038,1.079953874,0.055452705,-0.140138993175565,-0.674057353660021,0.1,0.02,0,0,0.28,0.24,0,0.06,0.06,0.06,0,0.08,0,0,0.06,0.04,0,0,0,0,0,0,0,0,0,0,0,0,0,0
"CNL_S24","2024_10_08_11-47-24.jpg",2024-10-08,"summer","out",11:47:24,"Centennial_Park",6,"shallow","CNL_S24_T6",13.60584848,2.315939394,31.51033885,95,1.277777778,47.6193336,-122.3624711,0.696363628,-4.769999981,1.062627238,0.092465347,-0.378083877511672,-0.710132234675232,0.12,0.02,0,0,0.42,0.1,0,0.06,0.16,0,0,0.04,0.02,0,0.04,0.02,0,0,0,0,0,0,0,0,0,0,0,0,0,0
"CNL_S24","2024_10_08_11-47-33.jpg",2024-10-08,"summer","out",11:47:33,"Centennial_Park",6,"shallow","CNL_S24_T6",13.591,2.907721519,39.51884316,102,1.388888889,47.6193239,-122.3624797,0.645316436,-4.759999752,0.912672406,0.076460273,-0.309309913035448,-0.87506247366735,0.08,0,0,0,0.5,0.06,0,0.1,0,0.06,0.02,0.02,0.04,0,0,0,0,0,0.12,0,0,0,0,0,0,0,0,0,0,0
"CNL_S24","2024_10_08_11-47-42.jpg",2024-10-08,"summer","out",11:47:42,"Centennial_Park",6,"shallow","CNL_S24_T6",13.59547273,2.54,34.53250073,109,1.472222222,47.6193023,-122.3624674,0.646787858,-4.699999809,0.916715159,0.122850594,-0.408477494742419,-0.565699568672371,0.14,0,0,0.06,0.36,0.14,0,0.06,0,0.02,0,0.06,0.02,0,0.14,0,0,0,0,0,0,0,0,0,0,0,0,0,0,0
"CNL_S24","2024_10_08_11-47-51.jpg",2024-10-08,"summer","out",11:47:51,"Centennial_Park",6,"shallow","CNL_S24_T6",13.60574251,2.390179641,32.52008096,115,1.555555556,47.6192916,-122.3624623,0.678802377,-4.630000114,1.009826547,0.109847762,-0.741015937821785,-0.322809402903064,0.32,0,0,0,0.22,0,0,0.2,0,0.16,0,0.02,0.06,0,0,0,0,0,0.02,0,0,0,0,0,0,0,0,0,0,0
"CNL_S24","2024_10_08_11-48-00.jpg",2024-10-08,"summer","out",11:48:00,"Centennial_Park",6,"shallow","CNL_S24_T6",13.60116364,2.42,32.914816,121,1.638888889,47.6192878,-122.362456,0.673212115,-4.610000134,0.993294057,0.133684333,-0.0456773412267799,-0.662924625240328,0.08,0,0,0,0.06,0.06,0,0.04,0,0.4,0.06,0.14,0.06,0,0,0.1,0,0,0,0,0,0,0,0,0,0,0,0,0,0
"CNL_S24","2024_10_08_11-48-09.jpg",2024-10-08,"summer","out",11:48:09,"Centennial_Park",6,"shallow","CNL_S24_T6",13.62166667,1.752121212,23.86527576,127,1.722222222,47.6192802,-122.3624476,0.844787845,-4.440000057,1.564308695,0.043476107,-0.249498023397806,-0.447336984201319,0.14,0.02,0,0.02,0.16,0.18,0,0.08,0,0.28,0,0.04,0.04,0,0.04,0,0,0,0,0,0,0,0,0,0,0,0,0,0,0
"CNL_S24","2024_10_08_11-48-18.jpg",2024-10-08,"summer","out",11:48:18,"Centennial_Park",6,"shallow","CNL_S24_T6",13.6053681,2.313006135,31.46910896,132,1.805555556,47.6192814,-122.3624523,0.682024523,-4.589999676,1.019547232,0.092794461,0.0304035724927287,-1.02630261596442,0,0,0,0.04,0.22,0.22,0,0.16,0,0.02,0,0.3,0,0,0,0,0,0,0.04,0,0,0,0,0,0,0,0,0,0,0
"CNL_S24","2024_10_08_11-48-27.jpg",2024-10-08,"summer","out",11:48:27,"Centennial_Park",6,"shallow","CNL_S24_T6",13.59625,2.691158537,36.58965012,139,1.888888889,47.6192745,-122.3624448,0.703780472,-4.679999828,1.085383218,0.112053206,-0.903915350037757,-0.534672348324929,0.18,0,0,0.06,0.22,0,0,0.36,0,0,0.02,0,0.02,0,0.1,0.04,0,0,0,0,0,0,0,0,0,0,0,0,0,0
"CNL_S24","2024_10_08_11-48-36.jpg",2024-10-08,"summer","out",11:48:36,"Centennial_Park",6,"shallow","CNL_S24_T6",13.60953659,2.127134146,28.94930579,145,1.972222222,47.6192577,-122.3624286,0.647256076,-4.690000057,0.918116161,0.1387732,-0.700693360120486,-0.653106455688199,0.12,0,0,0.04,0.12,0.02,0,0.12,0.06,0,0,0.06,0.02,0,0.16,0.1,0,0,0.18,0,0,0,0,0,0,0,0,0,0,0
"CNL_S24","2024_10_08_11-48-45.jpg",2024-10-08,"summer","out",11:48:45,"Centennial_Park",6,"shallow","CNL_S24_T6",13.601,2.575272727,35.02628436,151,2.055555556,47.6192484,-122.3624231,0.656242394,-4.650000095,0.943713748,0.163545816,-0.229118634107802,-0.989768315423815,0.04,0,0,0.04,0.62,0.12,0,0.06,0,0.02,0.02,0.02,0,0,0.06,0,0,0,0,0,0,0,0,0,0,0,0,0,0,0
"CNL_S24","2024_10_08_11-48-54.jpg",2024-10-08,"summer","out",11:48:54,"Centennial_Park",6,"shallow","CNL_S24_T6",13.60104294,2.367668712,32.20270417,158,2.138888889,47.6192311,-122.3624088,0.716748438,-4.619999886,1.125981846,0.187676612,0.0265668081231775,-1.13315195633763,0,0.02,0,0.02,0.64,0.22,0,0.04,0,0,0.04,0,0.02,0,0,0,0,0,0,0,0,0,0,0,0,0,0,0,0,0
"CNL_S24","2024_10_08_11-49-03.jpg",2024-10-08,"summer","out",11:49:03,"Centennial_Park",6,"shallow","CNL_S24_T6",13.62551807,1.825542169,24.87394602,163,2.194444444,47.6192243,-122.3624019,0.660421653,-4.730000019,0.95577636,0.100931902,-0.319117618619467,-0.64389245856635,0.12,0,0,0.02,0.22,0.06,0,0.12,0,0.14,0.02,0.04,0,0,0.06,0.2,0,0,0,0,0,0,0,0,0,0,0,0,0,0
"CNL_S24","2024_10_08_11-49-12.jpg",2024-10-08,"summer","out",11:49:12,"Centennial_Park",6,"shallow","CNL_S24_T6",13.61478788,1.917575758,26.10739636,168,2.277777778,47.6192378,-122.3624062,0.656787848,-4.71999979,0.945345881,0.052460045,-0.369695496813238,-0.732596397685756,0.12,0,0,0,0.4,0.08,0,0.12,0.14,0,0.04,0.06,0,0,0.04,0,0,0,0,0,0,0,0,0,0,0,0,0,0,0
"CNL_S24","2024_10_08_11-49-21.jpg",2024-10-08,"summer","out",11:49:21,"Centennial_Park",6,"shallow","CNL_S24_T6",13.6070184,2.264110429,30.80775706,173,2.361111111,47.6192306,-122.3623934,0.700552135,-4.71999979,1.075451852,0.089610885,-0.207536875092321,-0.990057061118447,0.04,0,0,0.04,0.6,0.14,0,0.1,0,0.06,0,0.02,0,0,0,0,0,0,0,0,0,0,0,0,0,0,0,0,0,0
"CNL_S24","2024_10_08_11-49-30.jpg",2024-10-08,"summer","out",11:49:30,"Centennial_Park",6,"shallow","CNL_S24_T6",13.59914634,2.452682927,33.35440244,179,2.444444444,47.6192273,-122.3623739,0.732134133,-4.739999771,1.175102087,0.138791313,0.0107143003330091,-0.944284099642663,0.04,0,0,0,0.42,0.22,0,0.08,0.02,0.14,0.02,0.06,0,0,0,0,0,0,0,0,0,0,0,0,0,0,0,0,0,0
"CNL_S24","2024_10_08_11-49-39.jpg",2024-10-08,"summer","out",11:49:39,"Centennial_Park",6,"shallow","CNL_S24_T6",13.61175152,2.266121212,30.84588782,185,2.527777778,47.6192256,-122.3623526,0.676969676,-4.779999733,1.004404217,0.133597273,-0.455553460852231,-0.548206675053377,0.12,0.02,0,0.02,0.3,0.04,0,0.16,0.16,0.06,0.02,0,0.06,0,0.02,0.02,0,0,0,0,0,0,0,0,0,0,0,0,0,0
"CNL_S24","2024_10_08_11-49-48.jpg",2024-10-08,"summer","out",11:49:48,"Centennial_Park",6,"shallow","CNL_S24_T6",13.60696296,2.177222222,29.62543111,191,2.583333333,47.6192284,-122.3623374,0.648518496,-4.799999714,0.921607132,0.118617339,-0.283823383078385,-1.20176703265587,0.02,0,0,0,0.08,0.06,0,0.14,0.62,0.04,0.04,0,0,0,0,0,0,0,0,0,0,0,0,0,0,0,0,0,0,0
"CNL_S24","2024_10_08_11-49-57.jpg",2024-10-08,"summer","out",11:49:57,"Centennial_Park",6,"shallow","CNL_S24_T6",13.61471951,2.086707317,28.41005866,196,2.666666667,47.6192302,-122.3623392,0.656219482,-4.759999752,0.943647979,0.067329992,-0.868818264974627,-0.597929207856543,0.12,0.02,0,0.02,0.02,0.02,0,0.52,0.22,0.02,0,0,0.04,0,0,0,0,0,0,0,0,0,0,0,0,0,0,0,0,0
"CNL_S24","2024_10_08_11-50-06.jpg",2024-10-08,"summer","out",11:50:06,"Centennial_Park",6,"shallow","CNL_S24_T6",13.60042683,2.424085366,32.96879085,202,2.75,47.6192293,-122.3623392,0.656341434,-4.739999771,0.943998041,0.067573845,-0.743156093924171,-0.360268107568598,0.24,0.04,0,0.04,0.28,0,0,0.3,0,0,0,0,0.04,0,0.04,0,0.02,0,0,0,0,0,0,0,0,0,0,0,0,0
"CNL_S24","2024_10_08_11-50-15.jpg",2024-10-08,"summer","out",11:50:15,"Centennial_Park",6,"shallow","CNL_S24_T6",13.60416364,2.450545455,33.33764691,208,2.833333333,47.6192352,-122.3623356,0.69618181,-4.699999809,1.062073455,0.069183053,-0.944487734982545,-0.762103152781448,0.08,0,0,0.06,0.02,0,0,0.28,0.32,0,0,0.08,0,0,0.04,0.02,0,0,0.06,0,0,0,0,0.04,0,0,0,0,0,0
"CNL_S24","2024_10_08_11-50-24.jpg",2024-10-08,"summer","out",11:50:24,"Centennial_Park",6,"shallow","CNL_S24_T6",13.604,2.367575758,32.20850061,214,2.916666667,47.6192317,-122.3623208,0.680000007,-4.699999809,1.013224998,0.074488654,-0.384922075773015,-0.692952739067403,0.04,0.06,0,0.06,0.16,0,0,0.38,0.08,0.14,0,0,0,0,0.08,0,0,0,0,0,0,0,0,0,0,0,0,0,0,0
"CNL_S24","2024_10_08_11-50-33.jpg",2024-10-08,"summer","out",11:50:33,"Centennial_Park",6,"shallow","CNL_S24_T6",13.60323214,2.361547619,32.12466631,220,3,47.6192223,-122.3623094,0.684880955,-4.710000038,1.027877534,0.081540748,-1.12280719038534,-0.561473816210605,0.12,0,0,0.08,0.06,0,0,0.26,0.14,0,0,0,0.04,0,0.04,0,0,0,0.2,0,0,0,0,0.06,0,0,0,0,0,0
"CNL_S24","2024_10_08_11-50-42.jpg",2024-10-08,"summer","out",11:50:42,"Centennial_Park",6,"shallow","CNL_S24_T6",13.60033962,2.421698113,32.93590604,226,3.055555556,47.6192291,-122.3623113,0.64924526,-4.670000076,0.923846687,0.046771739,-0.278355510963505,-0.470025960858556,0.04,0.02,0,0.06,0.06,0.16,0,0.24,0.26,0.02,0,0.06,0.08,0,0,0,0,0,0,0,0,0,0,0,0,0,0,0,0,0
"CNL_S24","2024_10_08_11-52-21.jpg",2024-10-08,"summer","out",11:52:21,"Centennial_Park",6,"shallow","CNL_S24_T6",13.61921951,1.785609756,24.31837268,279,3.805555556,47.6191801,-122.3623469,0.672560964,-4.440000057,0.992079571,0.056259795,-0.0357904093083612,-0.896246700809563,0.02,0.02,0,0.02,0.34,0.08,0,0.02,0.16,0.18,0.02,0.06,0,0,0,0.06,0,0.02,0,0,0,0,0,0,0,0,0,0,0,0
"CNL_S24","2024_10_08_11-52-30.jpg",2024-10-08,"summer","return",11:52:30,"Centennial_Park",6,"shallow","CNL_S24_T6",13.64557576,1.340727273,18.29494885,283,3.861111111,47.6191916,-122.3623532,0.643999982,-4.529999733,0.908853298,0.0453502,-0.287000141149817,-0.921841342797808,0,0.02,0,0.1,0.32,0.06,0,0.16,0,0.02,0,0.04,0,0,0,0,0,0,0.28,0,0,0,0,0,0,0,0,0,0,0
"CNL_S24","2024_10_08_11-52-39.jpg",2024-10-08,"summer","return",11:52:39,"Centennial_Park",6,"shallow","CNL_S24_T6",13.64044172,1.515030675,20.6656854,287,3.916666667,47.6192001,-122.3623543,0.672760726,-4.480000019,0.992033196,0.052433655,-0.144829712886776,-1.00885901299655,0.02,0.02,0,0.02,0.64,0.1,0,0.1,0.02,0.04,0,0.02,0,0,0.02,0,0,0,0,0,0,0,0,0,0,0,0,0,0,0
"CNL_S24","2024_10_08_11-52-48.jpg",2024-10-08,"summer","return",11:52:48,"Centennial_Park",6,"shallow","CNL_S24_T6",13.63856627,1.563253012,21.31967807,291,3.944444444,47.6191994,-122.3623467,0.778313226,-4.460000038,1.327471097,0,-0.291659496434044,-0.706994573137856,0.1,0.02,0,0.02,0.38,0.12,0,0.1,0.06,0,0,0.06,0,0,0.04,0.1,0,0,0,0,0,0,0,0,0,0,0,0,0,0
"CNL_S24","2024_10_08_11-53-00.jpg",2024-10-08,"summer","return",11:53:00,"Centennial_Park",6,"shallow","CNL_S24_T6",13.646,1.4475,19.75254,296,4.027777778,47.6192202,-122.3623383,0.669999957,-4.549999714,0.983643239,0.069344589,-0.490924010138703,-0.428980810832759,0.1,0.02,0,0.06,0.2,0.06,0,0.22,0.12,0.02,0,0.02,0.1,0,0.04,0,0.02,0.02,0,0,0,0,0,0,0,0,0,0,0,0
"CNL_S24","2024_10_08_11-53-09.jpg",2024-10-08,"summer","return",11:53:09,"Centennial_Park",6,"shallow","CNL_S24_T6",13.62086957,1.740745342,23.71043851,300,4.083333333,47.6192241,-122.3623224,0.672484442,-4.569999695,0.990992745,0.107071631,-0.319109175823135,-0.699096366682501,0.04,0,0,0.08,0.26,0.18,0,0.06,0.16,0.06,0,0.02,0.04,0,0.02,0.08,0,0,0,0,0,0,0,0,0,0,0,0,0,0
"CNL_S24","2024_10_08_11-53-18.jpg",2024-10-08,"summer","return",11:53:18,"Centennial_Park",6,"shallow","CNL_S24_T6",13.61871166,1.883865031,25.65571656,304,4.138888889,47.6192259,-122.3623139,0.648282186,-4.549999714,0.921358583,0.088693542,0.120002247497851,-1.03439964278258,0,0.02,0,0,0.42,0.14,0,0.08,0,0.24,0,0.08,0,0,0.02,0,0,0,0,0,0,0,0,0,0,0,0,0,0,0
"CNL_S24","2024_10_08_11-53-27.jpg",2024-10-08,"summer","return",11:53:27,"Centennial_Park",6,"shallow","CNL_S24_T6",13.62656364,1.732121212,23.60278545,309,4.194444444,47.6192392,-122.3623349,0.687515152,-4.519999981,1.035785355,0.083807665,-0.347461603491351,-0.414058938826563,0.18,0.02,0,0,0.28,0.14,0,0.2,0,0,0,0.08,0.06,0,0,0,0,0.02,0,0,0,0,0.02,0,0,0,0,0,0,0
"CNL_S24","2024_10_08_11-53-37.jpg",2024-10-08,"summer","return",11:53:37,"Centennial_Park",6,"shallow","CNL_S24_T6",13.61942771,1.716807229,23.38182578,314,4.25,47.6192487,-122.3623463,0.697771075,-4.489999771,1.067001175,0.087921123,0.142830022868522,-1.13522405255658,0,0,0,0,0.46,0.18,0,0.02,0,0.06,0.04,0.04,0,0,0.06,0.14,0,0,0,0,0,0,0,0,0,0,0,0,0,0
"CNL_S24","2024_10_08_11-53-46.jpg",2024-10-08,"summer","return",11:53:46,"Centennial_Park",6,"shallow","CNL_S24_T6",13.61735366,1.803719512,24.56182677,318,4.333333333,47.6192562,-122.3623505,0.680853662,-4.579999924,1.015851792,0.113254435,-0.370493325186544,-0.398047227684578,0.08,0.06,0,0.12,0.24,0.08,0,0.26,0.06,0,0.02,0,0.02,0,0.06,0,0,0,0,0,0,0,0,0,0,0,0,0,0,0
"CNL_S24","2024_10_08_11-53-55.jpg",2024-10-08,"summer","return",11:53:55,"Centennial_Park",6,"shallow","CNL_S24_T6",13.60092683,2.503292683,34.04590963,323,4.388888889,47.6192664,-122.3623571,0.660182893,-4.589999676,0.955265497,0.13606717,-0.414801021010857,-1.12711556121409,0.04,0,0,0.04,0.58,0.08,0,0.04,0.02,0,0,0,0,0,0.12,0.06,0,0.02,0,0,0,0,0,0,0,0,0,0,0,0
"CNL_S24","2024_10_08_11-54-04.jpg",2024-10-08,"summer","return",11:54:04,"Centennial_Park",6,"shallow","CNL_S24_T6",13.61385455,2.017272727,27.46039164,328,4.472222222,47.6192739,-122.36236,0.614121219,-4.5,0.826902674,0.107389633,-0.38273157892943,-0.777122127349885,0.04,0,0,0.08,0.42,0.1,0,0.12,0,0,0,0.04,0.06,0,0.02,0.12,0,0,0,0,0,0,0,0,0,0,0,0,0,0
"CNL_S24","2024_10_08_11-54-13.jpg",2024-10-08,"summer","return",11:54:13,"Centennial_Park",6,"shallow","CNL_S24_T6",13.60158282,2.486871166,33.82530405,334,4.527777778,47.6192901,-122.3623681,0.706503045,-4.440000057,1.094324634,0.159283352,-0.131664047401413,-1.02247398961409,0.06,0,0,0,0.54,0.18,0,0.06,0.02,0.12,0,0.02,0,0,0,0,0,0,0,0,0,0,0,0,0,0,0,0,0,0
"CNL_S24","2024_10_08_11-54-22.jpg",2024-10-08,"summer","return",11:54:22,"Centennial_Park",6,"shallow","CNL_S24_T6",13.62170732,2.227682927,30.29413171,339,4.611111111,47.6192881,-122.3623716,0.691585362,-4.529999733,1.048175091,0.095977537,0.0117822650582549,-1.33555662155655,0,0,0,0,0.7,0.18,0,0.02,0.04,0,0.04,0,0,0,0.02,0,0,0,0,0,0,0,0,0,0,0,0,0,0,0
"CNL_S24","2024_10_08_11-54-31.jpg",2024-10-08,"summer","return",11:54:31,"Centennial_Park",6,"shallow","CNL_S24_T6",13.60737037,2.349320988,31.9677666,345,4.694444444,47.6193129,-122.3623992,0.673086397,-4.569999695,0.992808594,0.156629611,-0.528953888961482,-0.718855739085394,0.1,0,0,0.04,0.22,0.12,0,0.16,0.04,0,0,0,0.02,0,0.04,0.08,0,0.06,0.12,0,0,0,0,0,0,0,0,0,0,0
"CNL_S24","2024_10_08_11-54-40.jpg",2024-10-08,"summer","return",11:54:40,"Centennial_Park",6,"shallow","CNL_S24_T6",13.57327329,4.568695652,62.01184516,352,4.805555556,47.6193183,-122.3624126,0.646770166,-4.589999676,0.917070729,0.192269817,-0.709924191446156,-0.269418371772078,0.22,0,0,0.08,0.14,0.06,0,0.36,0,0.04,0,0,0.04,0,0.02,0,0.02,0,0,0.02,0,0,0,0,0,0,0,0,0,0
"CNL_S24","2024_10_08_11-54-49.jpg",2024-10-08,"summer","return",11:54:49,"Centennial_Park",6,"shallow","CNL_S24_T6",13.5620303,4.952363636,67.15765685,365,4.972222222,47.6193154,-122.3624161,0.598181812,-4.529999733,0.785352927,0.159471541,-0.0343633385739844,-0.760337910148394,0.06,0.02,0,0,0.2,0.26,0,0.12,0,0.26,0,0.04,0.02,0,0,0,0,0.02,0,0,0,0,0,0,0,0,0,0,0,0
"CNL_S24","2024_10_08_11-54-58.jpg",2024-10-08,"summer","return",11:54:58,"Centennial_Park",6,"shallow","CNL_S24_T6",13.60027273,3.439090909,46.77365727,373,5.083333333,47.6193038,-122.3624247,0.83672725,-4.289999962,1.534195916,0.065253876,-0.1657334454404,-0.777223694629404,0.06,0.04,0,0,0.32,0,0,0.1,0,0.28,0.04,0.04,0.02,0,0.06,0.04,0,0,0,0,0,0,0,0,0,0,0,0,0,0
"CNL_S24","2024_10_08_11-55-07.jpg",2024-10-08,"summer","return",11:55:07,"Centennial_Park",6,"shallow","CNL_S24_T6",13.59650303,2.606,35.42877412,379,5.138888889,47.6193084,-122.3624506,0.638787866,-4.480000019,0.89432479,0.140563154,-0.248738062547266,-0.375630458751406,0.14,0.06,0,0.06,0.32,0.12,0,0.22,0,0.02,0.02,0.02,0,0,0,0,0,0.02,0,0,0,0,0,0,0,0,0,0,0,0
"CNL_S24","2024_10_08_11-55-16.jpg",2024-10-08,"summer","return",11:55:16,"Centennial_Park",6,"shallow","CNL_S24_T6",13.58213415,3.523414634,47.85400317,387,5.25,47.6193128,-122.3624692,0.617073154,-4.360000134,0.841835963,0.15793377,-0.468776411760923,-0.613996191572444,0.1,0,0,0.06,0.22,0.04,0,0.12,0,0.12,0,0.02,0.06,0,0,0.26,0,0,0,0,0,0,0,0,0,0,0,0,0,0
"CNL_S24","2024_10_08_11-55-25.jpg",2024-10-08,"summer","return",11:55:25,"Centennial_Park",6,"shallow","CNL_S24_T6",13.59208434,3.178674699,43.20477675,393,5.333333333,47.6193027,-122.362463,0.682710826,-4.339999676,1.021579322,0.127336948,-0.50561356300989,-0.70636038894213,0.14,0,0,0,0.22,0.06,0,0.32,0,0,0.02,0.04,0,0,0.18,0.02,0,0,0,0,0,0,0,0,0,0,0,0,0,0
"CNL_S24","2024_10_08_11-55-34.jpg",2024-10-08,"summer","return",11:55:34,"Centennial_Park",6,"shallow","CNL_S24_T6",13.60228916,2.456024096,33.40652313,399,5.416666667,47.6193106,-122.3624667,0.662469844,-4.309999943,0.961756037,0.086986836,0.0603834841950444,-0.945729164758042,0,0,0,0.02,0.32,0.16,0,0.04,0,0.1,0.02,0.08,0.02,0,0.04,0.16,0.04,0,0,0,0,0,0,0,0,0,0,0,0,0
"CNL_S24","2024_10_08_11-55-43.jpg",2024-10-08,"summer","return",11:55:43,"Centennial_Park",6,"shallow","CNL_S24_T6",13.62944311,1.49,20.30787024,404,5.5,47.6193181,-122.3624745,0.745029945,-4.25,1.21634025,0.037868145,-0.071672294089505,-0.455691431739932,0.06,0.1,0,0.08,0.4,0.18,0,0.02,0,0.04,0,0.02,0.06,0,0.02,0,0,0.02,0,0,0,0,0,0,0,0,0,0,0,0
"CNL_S24","2024_10_08_11-55-52.jpg",2024-10-08,"summer","return",11:55:52,"Centennial_Park",6,"shallow","CNL_S24_T6",13.62343558,1.676932515,22.84549988,410,5.555555556,47.6193163,-122.362472,0.599202427,-4.420000076,0.787118151,0.02292779,-0.130197803678752,-0.6081826423689,0,0.04,0,0.16,0.3,0.12,0,0.08,0,0.04,0,0.12,0,0,0.12,0.02,0,0,0,0,0,0,0,0,0,0,0,0,0,0
"CNL_S24","2024_10_08_11-56-01.jpg",2024-10-08,"summer","return",11:56:01,"Centennial_Park",6,"shallow","CNL_S24_T6",13.60827879,2.219393939,30.20198933,414,5.638888889,47.6193196,-122.362484,0.665090871,-4.360000134,0.969336511,0.083610968,-0.33471545225056,-1.04458464676267,0.02,0,0,0,0.2,0.02,0,0.12,0.26,0.3,0,0.04,0.02,0,0.02,0,0,0,0,0,0,0,0,0,0,0,0,0,0,0
"CNL_S24","2024_10_08_11-56-10.jpg",2024-10-08,"summer","return",11:56:10,"Centennial_Park",6,"shallow","CNL_S24_T6",13.60559877,2.288765432,31.1398242,420,5.722222222,47.6193235,-122.3624926,0.700679,-4.339999676,1.075900893,0.053084985,-0.5365243841293,-0.805733962722708,0.1,0.04,0,0,0.2,0.02,0,0.04,0.48,0,0,0.02,0.02,0,0.08,0,0,0,0,0,0,0,0,0,0,0,0,0,0,0
"CNL_S24","2024_10_08_11-56-19.jpg",2024-10-08,"summer","return",11:56:19,"Centennial_Park",6,"shallow","CNL_S24_T6",13.58759394,3.278545455,44.548672,426,5.805555556,47.6193278,-122.3624885,0.599999964,-4.230000019,0.788842881,0.08824021,-0.126467159312746,-0.637989348821268,0.08,0.06,0,0.02,0.3,0.14,0,0,0.02,0.02,0,0.04,0.04,0,0.24,0,0,0,0.02,0,0,0.02,0,0,0,0,0,0,0,0
"CNL_S24","2024_10_08_11-56-28.jpg",2024-10-08,"summer","return",11:56:28,"Centennial_Park",6,"shallow","CNL_S24_T6",13.58947879,3.132242424,42.56554539,434,5.916666667,47.6193413,-122.3625062,0.837454522,-4.139999866,1.537053809,0.137530983,-0.222571922906437,-0.619262756592677,0.16,0.08,0,0,0.5,0.12,0,0,0.1,0,0,0.02,0,0,0.02,0,0,0,0,0,0,0,0,0,0,0,0,0,0,0
"CNL_S24","2024_10_08_11-56-37.jpg",2024-10-08,"summer","return",11:56:37,"Centennial_Park",6,"shallow","CNL_S24_T6",13.5879939,3.027439024,41.13624207,441,6,47.6193555,-122.3625086,0.609207303,-4.349999905,0.813525012,0.130924247,-0.215100144817822,-1.18671156522324,0.04,0.02,0,0,0.68,0.04,0,0.02,0,0.1,0,0,0,0,0.1,0,0,0,0,0,0,0,0,0,0,0,0,0,0,0
"CNL_S24","2024_10_08_11-56-46.jpg",2024-10-08,"summer","return",11:56:46,"Centennial_Park",6,"shallow","CNL_S24_T6",13.60678788,2.553030303,34.73164848,449,6.111111111,47.619364,-122.3625008,0.680303,-4.289999962,1.014665786,0.123682214,-0.229789831199551,-0.715143148447059,0.08,0.02,0,0,0.44,0.1,0,0.04,0.06,0.02,0,0.08,0.08,0,0.02,0.06,0,0,0,0,0,0,0,0,0,0,0,0,0,0
"CNL_S24","2024_10_08_11-56-55.jpg",2024-10-08,"summer","return",11:56:55,"Centennial_Park",6,"shallow","CNL_S24_T6",13.5984303,2.866787879,38.98369648,455,6.194444444,47.6193831,-122.3624998,0.563818181,-4.289999962,0.696624041,0.142057645,-0.320999244688756,-0.264413638782708,0.2,0.02,0,0.02,0.18,0.08,0,0.1,0.04,0.1,0.04,0.06,0.1,0,0.02,0.04,0,0,0,0,0,0,0,0,0,0,0,0,0,0
"CNL_S24","2024_10_08_11-57-04.jpg",2024-10-08,"summer","return",11:57:04,"Centennial_Park",6,"shallow","CNL_S24_T6",13.58255422,3.61246988,49.06417916,462,6.277777778,47.6193986,-122.3625007,0.650963829,-4.119999886,0.931626647,0.12529904,0.0174643915649452,-1.34234202892321,0,0,0,0,0.62,0.18,0,0,0.1,0.02,0.02,0,0,0,0,0.06,0,0,0,0,0,0,0,0,0,0,0,0,0,0
"CNL_S24","2024_10_08_11-57-13.jpg",2024-10-08,"summer","return",11:57:13,"Centennial_Park",6,"shallow","CNL_S24_T6",13.606,2.335090909,31.76817055,469,6.361111111,47.6194092,-122.362503,0.677939391,-4.170000076,1.007129363,0.129683923,0.00265992783729097,-1.24460373730994,0.02,0,0,0,0.56,0.12,0,0.02,0,0.26,0,0.02,0,0,0,0,0,0,0,0,0,0,0,0,0,0,0,0,0,0
"CNL_W25","2025_01_27_11-23-54.jpg",2025-01-27,"winter","out",11:23:54,"Centennial_Park",6,"shallow","CNL_W25_T6",13.59425455,2.967333333,40.33644194,0,0,47.6192221,-122.362442,0.681818169,-5.670000076,1.019248831,0,-1.23229830170086,-0.15870819766364,0.276595745,0,0,0.042553191,0.063829787,0,0,0.553191489,0,0,0,0,0.063829787,0,0,0,0,0,0,0,0,0,0,0,0,0,0,0,0,0
"CNL_W25","2025_01_27_11-24-09.jpg",2025-01-27,"winter","out",11:24:09,"Centennial_Park",6,"shallow","CNL_W25_T6",13.61406509,1.952781065,26.58539207,9,0.111111111,47.6192315,-122.3624495,0.713195242,-5.569999695,1.114611449,0,-1.18364999311043,-0.288232835982913,0.14,0,0,0.24,0.06,0,0,0.48,0,0,0,0,0.06,0,0.02,0,0,0,0,0,0,0,0,0,0,0,0,0,0,0
"CNL_W25","2025_01_27_11-24-27.jpg",2025-01-27,"winter","out",11:24:27,"Centennial_Park",6,"shallow","CNL_W25_T6",13.60587937,2.076666667,28.25480546,19,0.25,47.6192382,-122.3624705,0.771682519,-5.400000095,1.306340589,0.084005045,-1.24805977493621,-0.31425520315531,0.1,0,0,0.36,0.02,0,0,0.3,0,0,0,0,0.06,0,0.14,0.02,0,0,0,0,0,0,0,0,0,0,0,0,0,0
"CNL_W25","2025_01_27_11-24-39.jpg",2025-01-27,"winter","out",11:24:39,"Centennial_Park",6,"shallow","CNL_W25_T6",13.60761146,2.171910828,29.55451943,26,0.361111111,47.6192423,-122.362483,0.712898065,-5.480000019,1.11371515,0.047382278,-1.18463552642675,-0.506776366013038,0.1,0,0,0.14,0.06,0,0,0.4,0,0,0,0,0.06,0,0.24,0,0,0,0,0,0,0,0,0,0,0,0,0,0,0
"CNL_W25","2025_01_27_11-24-54.jpg",2025-01-27,"winter","out",11:24:54,"Centennial_Park",6,"shallow","CNL_W25_T6",13.60446984,2.256126984,30.69314921,35,0.472222222,47.6192544,-122.3624975,0.685587303,-5.429999828,1.029997982,0.13594064,-1.10586184588032,-0.402515710373017,0.14,0,0,0.18,0.08,0,0,0.5,0,0,0,0.02,0,0,0.06,0,0,0.02,0,0,0,0,0,0,0,0,0,0,0,0
"CNL_W25","2025_01_27_11-25-03.jpg",2025-01-27,"winter","out",11:25:03,"Centennial_Park",6,"shallow","CNL_W25_T6",13.59837107,2.564654088,34.87511157,42,0.555555556,47.6192606,-122.3625097,0.709748406,-5.389999866,1.103980441,0.180289478,-1.07834612368814,-0.322515048622825,0.18,0,0,0.1,0.04,0,0,0.6,0,0.02,0.02,0,0.02,0,0.02,0,0,0,0,0,0,0,0,0,0,0,0,0,0,0
"CNL_W25","2025_01_27_11-25-15.jpg",2025-01-27,"winter","out",11:25:15,"Centennial_Park",6,"shallow","CNL_W25_T6",13.59829206,2.646793651,35.99143429,50,0.694444444,47.6192696,-122.3625254,0.692412694,-5.309999943,1.050593442,0.214798016,-1.09123897092057,0.0340113871163063,0.4,0,0,0.02,0.08,0,0,0.32,0,0.02,0,0,0.02,0,0.14,0,0,0,0,0,0,0,0,0,0,0,0,0,0,0
"CNL_W25","2025_01_27_11-25-18.jpg",2025-01-27,"winter","out",11:25:18,"Centennial_Park",6,"shallow","CNL_W25_T6",13.5995205,2.5,33.99880126,52,0.722222222,47.6192729,-122.3625259,0.696687688,-5.289999962,1.063614265,0.182768225,-0.944274671048097,-0.365725075614405,0.22,0,0,0.02,0.08,0,0,0.46,0,0.06,0,0,0.12,0,0.04,0,0,0,0,0,0,0,0,0,0,0,0,0,0,0
"CNL_W25","2025_01_27_11-25-27.jpg",2025-01-27,"winter","out",11:25:27,"Centennial_Park",6,"shallow","CNL_W25_T6",13.59471154,2.672596154,36.33315529,59,0.805555556,47.6192805,-122.362537,0.68506409,-5.279999733,1.028535461,0.163611303,-0.870391261861983,0.52025012378674,0.66,0,0,0.02,0,0.04,0,0.18,0,0,0,0.02,0.02,0.02,0.04,0,0,0,0,0,0,0,0,0,0,0,0,0,0,0
"CNL_W25","2025_01_27_11-25-33.jpg",2025-01-27,"winter","out",11:25:33,"Centennial_Park",6,"shallow","CNL_W25_T6",13.59877603,2.66,36.17274423,63,0.861111111,47.6192866,-122.362544,0.703438471,-5.210000038,1.084326558,0.140463663,-1.12446887011931,0.0652948184812754,0.44,0,0,0.04,0.12,0,0,0.36,0,0,0,0,0.04,0,0,0,0,0,0,0,0,0,0,0,0,0,0,0,0,0
"CNL_W25","2025_01_27_11-25-39.jpg",2025-01-27,"winter","out",11:25:39,"Centennial_Park",6,"shallow","CNL_W25_T6",13.59557143,2.675206349,36.37063165,68,0.916666667,47.6192928,-122.3625495,0.696222214,-5.190000057,1.062196518,0.132068484,-1.07761679233947,-0.251261482653858,0.24,0,0,0.04,0.02,0,0,0.52,0.1,0,0.04,0,0.04,0,0,0,0,0,0,0,0,0,0,0,0,0,0,0,0,0
"CNL_W25","2025_01_27_11-25-45.jpg",2025-01-27,"winter","out",11:25:45,"Centennial_Park",6,"shallow","CNL_W25_T6",13.59525714,2.673619048,36.34836914,73,1,47.6192987,-122.3625585,0.70244443,-5.139999866,1.081255336,0.153871076,-0.980477427417953,-0.00527271589351838,0.34,0,0,0.34,0.04,0,0,0.04,0.12,0.04,0,0.02,0.04,0,0.02,0,0,0,0,0,0,0,0,0,0,0,0,0,0,0
"CNL_W25","2025_01_27_11-25-51.jpg",2025-01-27,"winter","out",11:25:51,"Centennial_Park",6,"shallow","CNL_W25_T6",13.59672697,2.698815789,36.69506931,77,1.055555556,47.6193054,-122.3625614,0.683157897,-5.099999905,1.022719355,0.125291609,-0.990671273463158,0.321660412272407,0.42,0,0,0.1,0,0.02,0,0.36,0,0,0.02,0,0.02,0,0.06,0,0,0,0,0,0,0,0,0,0,0,0,0,0,0
"CNL_W25","2025_01_27_11-25-57.jpg",2025-01-27,"winter","out",11:25:57,"Centennial_Park",6,"shallow","CNL_W25_T6",13.59680818,2.621477987,35.64374321,81,1.111111111,47.6193128,-122.3625674,0.693364774,-4.989999771,1.053682103,0.140255458,-1.26774270310906,0.25963699539693,0.4,0,0,0.08,0,0,0,0.44,0,0,0,0,0.08,0,0,0,0,0,0,0,0,0,0,0,0,0,0,0,0,0
"CNL_W25","2025_01_27_11-26-21.jpg",2025-01-27,"winter","out",11:26:21,"Centennial_Park",6,"shallow","CNL_W25_T6",13.59665372,2.646537217,35.98405929,99,1.361111111,47.61934,-122.3625755,0.699417464,-4.900000095,1.072061962,0.131235393,-0.660962556800763,1.41025855691931,0,0,0,0.14,0,0,0,0.82,0.02,0,0,0,0,0.02,0,0,0,0,0,0,0,0,0,0,0,0,0,0,0,0
"CNL_W25","2025_01_27_11-26-27.jpg",2025-01-27,"winter","out",11:26:27,"Centennial_Park",6,"shallow","CNL_W25_T6",13.59539623,2.63918239,35.88079314,104,1.416666667,47.6193452,-122.3625792,0.703805016,-4.880000114,1.085613399,0.138624333,-1.43028042650514,-0.141292327044166,0.18,0,0,0.24,0,0,0,0.54,0.04,0,0,0,0,0,0,0,0,0,0,0,0,0,0,0,0,0,0,0,0,0
"CNL_W25","2025_01_27_11-26-36.jpg",2025-01-27,"winter","out",11:26:36,"Centennial_Park",6,"shallow","CNL_W25_T6",13.59651429,2.756666667,37.48097848,110,1.5,47.6193528,-122.3625869,0.708190456,-4.859999657,1.099178192,0.133952332,-0.933141251050723,0.424737884314119,0.32,0,0,0.1,0,0,0,0.48,0,0,0,0.06,0.02,0,0.02,0,0,0,0,0,0,0,0,0,0,0,0,0,0,0
"CNL_W25","2025_01_27_11-26-45.jpg",2025-01-27,"winter","out",11:26:45,"Centennial_Park",6,"shallow","CNL_W25_T6",13.59663376,2.686019108,36.52063659,117,1.583333333,47.6193576,-122.3625901,0.703726099,-4.859999657,1.085550189,0.118105754,-0.899516341422763,0.332586383764756,0.58,0.02,0,0.06,0.02,0,0,0.08,0.04,0.02,0,0,0.14,0.02,0.02,0,0,0,0,0,0,0,0,0,0,0,0,0,0,0
"CNL_W25","2025_01_27_11-26-54.jpg",2025-01-27,"winter","out",11:26:54,"Centennial_Park",6,"shallow","CNL_W25_T6",13.59235987,2.955796178,40.17609086,124,1.694444444,47.6193633,-122.3625953,0.710286602,-4.829999924,1.105751361,0.093749714,-0.509454661245038,0.300883987821961,0.48,0.1,0,0.28,0,0.04,0,0,0.02,0.02,0,0.04,0,0.02,0,0,0,0,0,0,0,0,0,0,0,0,0,0,0,0
"CNL_W25","2025_01_27_11-27-03.jpg",2025-01-27,"winter","out",11:27:03,"Centennial_Park",6,"shallow","CNL_W25_T6",13.59885397,2.708285714,36.8293281,131,1.777777778,47.6193708,-122.3625956,0.699999988,-4.759999752,1.073702902,0.096274015,-1.10103696276481,0.213621081651755,0.34,0.02,0,0.42,0,0,0,0,0,0,0,0.02,0.2,0,0,0,0,0,0,0,0,0,0,0,0,0,0,0,0,0
"CNL_W25","2025_01_27_11-27-12.jpg",2025-01-27,"winter","out",11:27:12,"Centennial_Park",6,"shallow","CNL_W25_T6",13.59359283,2.831172638,38.48569609,138,1.861111111,47.619379,-122.3626053,0.684071665,-4.759999752,1.025448056,0.103415373,-0.7534305481524,0.0428279157216495,0.2,0.04,0,0.42,0.04,0,0,0,0.04,0,0,0.08,0.18,0,0,0,0,0,0,0,0,0,0,0,0,0,0,0,0,0
"CNL_W25","2025_01_27_11-27-21.jpg",2025-01-27,"winter","out",11:27:21,"Centennial_Park",6,"shallow","CNL_W25_T6",13.6001761,2.557987421,34.78903044,144,1.972222222,47.6193873,-122.3626088,0.736729558,-4.659999847,1.189885005,0.104966469,-0.385450625739995,0.114739486414141,0.2,0.14,0,0.22,0.02,0,0,0,0.02,0.08,0,0,0.22,0,0.08,0,0,0.02,0,0,0,0,0,0,0,0,0,0,0,0
"CNL_W25","2025_01_27_11-27-30.jpg",2025-01-27,"winter","out",11:27:30,"Centennial_Park",6,"shallow","CNL_W25_T6",13.59821086,2.541022364,34.55333246,151,2.055555556,47.6193947,-122.3626195,0.726613413,-4.639999866,1.15735402,0.122026536,-0.508734609422378,-0.068912615500461,0.16,0.02,0,0.36,0.06,0.08,0,0,0,0.06,0,0.04,0.14,0.04,0.02,0,0,0.02,0,0,0,0,0,0,0,0,0,0,0,0
"CNL_W25","2025_01_27_11-27-39.jpg",2025-01-27,"winter","out",11:27:39,"Centennial_Park",6,"shallow","CNL_W25_T6",13.59803185,2.648025478,36.00789682,157,2.138888889,47.6194045,-122.362634,0.671910789,-4.599999905,0.989337659,0.117893143,-0.627047566624126,-0.00333606740704896,0.14,0.04,0,0.48,0,0,0,0,0,0.18,0,0.04,0.08,0,0.04,0,0,0,0,0,0,0,0,0,0,0,0,0,0,0
"CNL_W25","2025_01_27_11-27-48.jpg",2025-01-27,"winter","out",11:27:48,"Centennial_Park",6,"shallow","CNL_W25_T6",13.59847619,2.656285714,36.1214539,164,2.222222222,47.6194108,-122.3626436,0.731015838,-4.539999962,1.170978851,0.130189889,-1.07012463564698,0.156372768230436,0.36,0,0,0.26,0,0,0,0.26,0.02,0,0,0.04,0.02,0,0.04,0,0,0,0,0,0,0,0,0,0,0,0,0,0,0
"CNL_W25","2025_01_27_11-27-57.jpg",2025-01-27,"winter","out",11:27:57,"Centennial_Park",6,"shallow","CNL_W25_T6",13.59543492,2.693492063,36.61935549,171,2.333333333,47.6194253,-122.3626413,0.693206338,-4.529999733,1.053148466,0.117355474,-0.709694374433246,-0.0827927494387614,0.12,0,0,0.44,0,0.1,0,0.22,0,0,0.02,0,0.04,0.02,0.04,0,0,0,0,0,0,0,0,0,0,0,0,0,0,0
"CNL_W25","2025_01_27_11-28-06.jpg",2025-01-27,"winter","out",11:28:06,"Centennial_Park",6,"shallow","CNL_W25_T6",13.59938994,2.663836478,36.22654107,178,2.416666667,47.6194378,-122.3626449,0.706886774,-4.489999771,1.095020522,0.095422005,-0.648234959490497,0.0509293000219458,0.26,0,0,0.24,0,0.2,0,0.24,0,0.02,0,0.02,0,0,0.02,0,0,0,0,0,0,0,0,0,0,0,0,0,0,0
"CNL_W25","2025_01_27_11-28-15.jpg",2025-01-27,"winter","out",11:28:15,"Centennial_Park",6,"shallow","CNL_W25_T6",13.58057413,3.181072555,43.20119243,186,2.527777778,47.6194519,-122.3626487,0.700031534,-4.480000019,1.074018798,0.116817395,-1.04655420937741,-0.174936276201434,0.14,0.02,0,0.42,0,0.04,0,0.38,0,0,0,0,0,0,0,0,0,0,0,0,0,0,0,0,0,0,0,0,0,0
"CNL_W25","2025_01_27_11-28-24.jpg",2025-01-27,"winter","out",11:28:24,"Centennial_Park",6,"shallow","CNL_W25_T6",13.56740256,4.569456869,61.99491323,196,2.666666667,47.6194629,-122.3626549,0.701437686,-4.460000038,1.078304481,0.187915582,-0.635793763051784,-0.0381279243118889,0.22,0.04,0,0.24,0.06,0.04,0,0.28,0,0.06,0,0,0,0,0.06,0,0,0,0,0,0,0,0,0,0,0,0,0,0,0
"CNL_W25","2025_01_27_11-28-48.jpg",2025-01-27,"winter","out",11:28:48,"Centennial_Park",6,"shallow","CNL_W25_T6",13.56973077,4.44974359,60.38157744,224,3.055555556,47.6194586,-122.3626776,0.805320492,-4.339999676,1.422254593,0.107546897,-0.710274902759645,0.00291761492240376,0.22,0.02,0,0.36,0.02,0.04,0,0.16,0,0.08,0,0,0.04,0,0.04,0,0,0.02,0,0,0,0,0,0,0,0,0,0,0,0
"CNL_W25","2025_01_27_11-29-33.jpg",2025-01-27,"winter","out",11:29:33,"Centennial_Park",6,"shallow","CNL_W25_T6",13.57092834,4.666319218,63.32610176,276,3.75,47.6194413,-122.3626733,0.718403879,-4.429999828,1.130972474,0.074984394,-0.455281212845614,-0.0556601103614566,0.1,0.04,0,0.42,0,0.02,0,0.08,0.02,0.12,0,0.04,0,0.02,0.1,0.02,0,0.02,0,0,0,0,0,0,0,0,0,0,0,0
"CNL_W25","2025_01_27_11-29-45.jpg",2025-01-27,"winter","out",11:29:45,"Centennial_Park",6,"shallow","CNL_W25_T6",13.56830063,4.451613924,60.4009944,289,3.916666667,47.6194581,-122.3626738,0.708987321,-4.46999979,1.101667413,0.101072956,-0.296866919848507,0.0589901808108681,0.06,0.1,0,0.46,0.02,0.04,0,0.08,0,0.04,0,0.02,0.14,0,0.02,0,0.02,0,0,0,0,0,0,0,0,0,0,0,0,0
"CNL_W25","2025_01_27_11-29-57.jpg",2025-01-27,"winter","out",11:29:57,"Centennial_Park",6,"shallow","CNL_W25_T6",13.563,4.611656051,62.54789102,303,4.111111111,47.6194685,-122.3626824,0.699808905,-4.5,1.073253491,0.118379427,-0.323184514977686,0.131379017013956,0.26,0.06,0,0.22,0,0.1,0,0.06,0,0,0.06,0.04,0,0.12,0,0.08,0,0,0,0,0,0,0,0,0,0,0,0,0,0
"CNL_W25","2025_01_27_11-30-06.jpg",2025-01-27,"winter","out",11:30:06,"Centennial_Park",6,"shallow","CNL_W25_T6",13.55659375,5.16625,70.03561375,314,4.277777778,47.6194707,-122.3626929,0.725343719,-4.509999752,1.152949375,0.094454955,-1.03230184642171,-0.15793911506272,0.16,0,0,0.54,0,0,0,0.08,0,0.02,0.06,0,0.02,0,0.12,0,0,0,0,0,0,0,0,0,0,0,0,0,0,0
"CNL_W25","2025_01_27_11-58-26.jpg",2025-01-27,"winter","return",11:58:26,"Centennial_Park",6,"shallow","CNL_W25_T6",13.61341611,1.768322148,24.07289758,1535,20.86111111,47.6194423,-122.3626477,0.776241586,-4.130000114,1.320379522,4.511054282,-0.941479343562803,0.135683730892637,0.28,0.02,0,0.38,0,0,0,0.16,0,0,0,0.02,0.1,0.02,0.02,0,0,0,0,0,0,0,0,0,0,0,0,0,0,0
"CNL_W25","2025_01_27_11-58-38.jpg",2025-01-27,"winter","return",11:58:38,"Centennial_Park",6,"shallow","CNL_W25_T6",13.60116,2.240666667,30.4757068,1542,20.94444444,47.6194395,-122.3626386,0.764399986,-4.110000134,1.280639777,0.104065246,-1.17117604034489,-0.117108131125422,0.2,0,0,0.32,0,0,0,0.24,0.1,0,0,0,0.04,0.02,0.08,0,0,0,0,0,0,0,0,0,0,0,0,0,0,0
"CNL_W25","2025_01_27_11-58-47.jpg",2025-01-27,"winter","return",11:58:47,"Centennial_Park",6,"shallow","CNL_W25_T6",13.60823333,2.000533333,27.2238224,1547,21.02777778,47.6194361,-122.3626258,0.762799972,-4.110000134,1.2836461,0.091316752,-0.328021241754388,-0.250733235055315,0.02,0.04,0,0.26,0.04,0.14,0,0.12,0,0.02,0,0,0.1,0,0.12,0.14,0,0,0,0,0,0,0,0,0,0,0,0,0,0
"CNL_W25","2025_01_27_11-58-59.jpg",2025-01-27,"winter","return",11:58:59,"Centennial_Park",6,"shallow","CNL_W25_T6",13.6183557,1.845100671,25.12724054,1553,21.11111111,47.6194289,-122.3626227,0.791208014,-4.130000114,1.371893976,0.088507443,-0.496236743540786,0.0745363762489064,0.34,0,0,0.12,0,0.22,0,0.04,0.04,0.04,0,0.18,0.02,0,0,0,0,0,0,0,0,0,0,0,0,0,0,0,0,0
"CNL_W25","2025_01_27_11-59-11.jpg",2025-01-27,"winter","return",11:59:11,"Centennial_Park",6,"shallow","CNL_W25_T6",13.60985333,1.9824,26.98017973,1560,21.19444444,47.6194297,-122.3625935,0.762133322,-4.130000114,1.273309388,0.121663617,-0.692703137022961,-0.0312809735683318,0.2,0,0,0.34,0,0.18,0,0.16,0,0.02,0,0,0.04,0,0.04,0,0.02,0,0,0,0,0,0,0,0,0,0,0,0,0
"CNL_W25","2025_01_27_11-59-20.jpg",2025-01-27,"winter","return",11:59:20,"Centennial_Park",6,"shallow","CNL_W25_T6",13.60693289,1.987785235,27.04772255,1565,21.27777778,47.6194256,-122.3625874,0.808456357,-4.049999714,1.432320536,0.10211414,-0.818221705610957,0.222238762596912,0.34,0.04,0,0.34,0,0.02,0,0.22,0,0.02,0,0,0,0,0.02,0,0,0,0,0,0,0,0,0,0,0,0,0,0,0
"CNL_W25","2025_01_27_11-59-32.jpg",2025-01-27,"winter","return",11:59:32,"Centennial_Park",6,"shallow","CNL_W25_T6",13.61332432,1.892567568,25.76414041,1572,21.36111111,47.6194135,-122.3626077,0.829999983,-4.069999695,1.509538622,0.064068065,-0.477767597921002,-0.0326100950339481,0.12,0.02,0,0.3,0,0.18,0,0.12,0,0,0,0,0.02,0.16,0.08,0,0,0,0,0,0,0,0,0,0,0,0,0,0,0
"CNL_W25","2025_01_27_11-59-41.jpg",2025-01-27,"winter","return",11:59:41,"Centennial_Park",6,"shallow","CNL_W25_T6",13.60421477,2.075302013,28.23285101,1577,21.44444444,47.6194121,-122.3625886,0.76697985,-4.159999847,1.289055251,0.106712214,-0.523959355656937,-0.0319606465972122,0.12,0.02,0,0.36,0,0.02,0,0.14,0.04,0.1,0,0.04,0.04,0.12,0,0,0,0,0,0,0,0,0,0,0,0,0,0,0,0
"CNL_W25","2025_01_27_11-59-53.jpg",2025-01-27,"winter","return",11:59:53,"Centennial_Park",6,"shallow","CNL_W25_T6",13.619,1.873586207,25.51637055,1584,21.52777778,47.6194103,-122.3625624,0.786620655,-4.230000019,1.35662543,0.092864228,-0.383130537367783,0.0341849307165322,0.28,0.04,0,0.12,0,0.1,0,0.12,0.02,0.12,0.06,0.02,0.12,0,0,0,0,0,0,0,0,0,0,0,0,0,0,0,0,0
"CNL_W25","2025_01_27_12-00-02.jpg",2025-01-27,"winter","return",12:00:02,"Centennial_Park",6,"shallow","CNL_W25_T6",13.611,2.036107383,27.71345758,1589,21.61111111,47.619408,-122.3625377,0.814966427,-4.25,1.455507881,0.10118918,-0.867003037652993,0.34812828302921,0.54,0,0,0.18,0,0.06,0,0,0,0.02,0,0,0.14,0.04,0,0.02,0,0,0,0,0,0,0,0,0,0,0,0,0,0
"CNL_W25","2025_01_27_12-00-14.jpg",2025-01-27,"winter","return",12:00:14,"Centennial_Park",6,"shallow","CNL_W25_T6",13.60942466,2.000684932,27.22820027,1596,21.69444444,47.6193939,-122.3625485,0.820410951,-4.309999943,1.475139338,0.099481747,-0.406041260834807,0.191013915941466,0.44,0.08,0,0.12,0,0.06,0,0.02,0,0.18,0,0.04,0.04,0.02,0,0,0,0,0,0,0,0,0,0,0,0,0,0,0,0
"CNL_W25","2025_01_27_12-00-23.jpg",2025-01-27,"winter","return",12:00:23,"Centennial_Park",6,"shallow","CNL_W25_T6",13.61487075,1.927006803,26.23572014,1601,21.77777778,47.6193798,-122.3625588,0.782585003,-4.380000114,1.342192663,0.066874427,-0.588734567606268,0.373834932079231,0.54,0.04,0,0.06,0,0.02,0,0.02,0,0.04,0,0.08,0.16,0.02,0,0,0.02,0,0,0,0,0,0,0,0,0,0,0,0,0
"CNL_W25","2025_01_27_12-00-32.jpg",2025-01-27,"winter","return",12:00:32,"Centennial_Park",6,"shallow","CNL_W25_T6",13.612,2.0276,27.5996912,1606,21.83333333,47.6193653,-122.3625687,0.794866646,-4.429999828,1.384780173,0.111600265,-0.386416607737733,0.161901931846641,0.36,0,0,0.02,0,0.2,0,0,0,0.08,0,0.2,0.08,0.04,0.02,0,0,0,0,0,0,0,0,0,0,0,0,0,0,0
"CNL_W25","2025_01_27_12-00-44.jpg",2025-01-27,"winter","return",12:00:44,"Centennial_Park",6,"shallow","CNL_W25_T6",13.61396104,2.044155844,27.82905195,1613,21.94444444,47.6193449,-122.3625792,0.774545431,-4.489999771,1.314704063,0.192092367,-1.05011733613803,0.228913928410919,0.46,0.02,0,0.12,0,0,0,0.26,0.1,0,0,0,0.04,0,0,0,0,0,0,0,0,0,0,0,0,0,0,0,0,0
"CNL_W25","2025_01_27_12-00-53.jpg",2025-01-27,"winter","return",12:00:53,"Centennial_Park",6,"shallow","CNL_W25_T6",13.60128378,2.226959459,30.28962703,1618,22,47.619326,-122.3625891,0.799662138,-4.509999752,1.401382127,0.138448246,-0.454267889089035,-0.0382739093588341,0.16,0.02,0,0.12,0.04,0.08,0,0.42,0.02,0,0,0.1,0.02,0.02,0,0,0,0,0,0,0,0,0,0,0,0,0,0,0,0
"CNL_W25","2025_01_27_12-01-08.jpg",2025-01-27,"winter","return",12:01:08,"Centennial_Park",6,"shallow","CNL_W25_T6",13.62393421,1.728355263,23.54709829,1627,22.11111111,47.6193161,-122.3625766,0.779473656,-4.559999943,1.331616437,0.093869306,-0.680195216262112,0.0335941883550212,0.18,0.04,0,0.26,0.02,0,0,0.32,0.02,0.02,0,0.02,0.02,0.04,0.06,0,0,0,0,0,0,0,0,0,0,0,0,0,0,0
"CNL_W25","2025_01_27_12-01-20.jpg",2025-01-27,"winter","return",12:01:20,"Centennial_Park",6,"shallow","CNL_W25_T6",13.61243624,2.133959732,29.04840993,1634,22.22222222,47.6193202,-122.3625432,0.791677813,-4.610000134,1.373392541,0.122762632,-0.403370159575995,0.80127448968913,0.04,0.06,0,0.8,0,0,0,0.02,0,0,0.06,0,0.02,0,0,0,0,0,0,0,0,0,0,0,0,0,0,0,0,0
"CNL_W25","2025_01_27_12-01-29.jpg",2025-01-27,"winter","return",12:01:29,"Centennial_Park",6,"shallow","CNL_W25_T6",13.60984564,1.944832215,26.46884523,1639,22.27777778,47.619312,-122.3625518,0.779999971,-4.699999809,1.33314453,0.095550393,-1.06487776297417,-0.169743553044052,0.12,0.02,0,0.4,0,0,0,0.32,0,0,0,0,0.02,0.1,0,0,0.02,0,0,0,0,0,0,0,0,0,0,0,0,0
"CNL_W25","2025_01_27_12-01-38.jpg",2025-01-27,"winter","return",12:01:38,"Centennial_Park",6,"shallow","CNL_W25_T6",13.60825333,2.126866667,28.94292093,1644,22.36111111,47.61931,-122.3625353,0.790799961,-4.739999771,1.370334057,0.097317483,-0.559650953910227,-0.411016105370438,0.02,0.02,0,0.24,0.04,0.14,0,0.32,0.12,0,0,0,0.06,0,0.04,0,0,0,0,0,0,0,0,0,0,0,0,0,0,0
"CNL_W25","2025_01_27_12-01-47.jpg",2025-01-27,"winter","return",12:01:47,"Centennial_Park",6,"shallow","CNL_W25_T6",13.6084,2.112266667,28.74459453,1649,22.41666667,47.6193077,-122.3625213,0.765999985,-4.809999943,1.285770174,0.087127622,-1.16066180112889,0.15545420816717,0.42,0,0,0,0.06,0,0,0.42,0.02,0,0,0,0.04,0.02,0.02,0,0,0,0,0,0,0,0,0,0,0,0,0,0,0
"CNL_W25","2025_01_27_12-01-59.jpg",2025-01-27,"winter","return",12:01:59,"Centennial_Park",6,"shallow","CNL_W25_T6",13.61244595,1.895135135,25.79742189,1656,22.52777778,47.6193042,-122.3625067,0.791418879,-4.880000114,1.372490403,0.081755346,-1.16811942806046,-0.641141636568078,0.12,0,0,0.06,0.08,0,0,0.52,0,0,0,0,0.04,0,0.18,0,0,0,0,0,0,0,0,0,0,0,0,0,0,0
"CNL_W25","2025_01_27_12-02-11.jpg",2025-01-27,"winter","return",12:02:11,"Centennial_Park",6,"shallow","CNL_W25_T6",13.60933333,1.9738,26.86205707,1663,22.61111111,47.6193037,-122.3624876,0.811600001,-4.889999866,1.443381054,0.098655178,-0.95767680349437,-0.624587900755646,0.06,0.02,0,0.1,0.08,0,0,0.54,0,0,0,0,0.12,0,0.06,0.02,0,0,0,0,0,0,0,0,0,0,0,0,0,0
"CNL_W25","2025_01_27_12-02-20.jpg",2025-01-27,"winter","return",12:02:20,"Centennial_Park",6,"shallow","CNL_W25_T6",13.60883108,2.177567568,29.63415122,1668,22.69444444,47.6192977,-122.3624915,0.788986449,-4.989999771,1.364060097,0.087144074,-0.964413032735088,-0.266635334576731,0.26,0,0,0.08,0.12,0,0,0.42,0,0.04,0,0,0.02,0,0.06,0,0,0,0,0,0,0,0,0,0,0,0,0,0,0
"CNL_W25","2025_01_27_12-02-29.jpg",2025-01-27,"winter","return",12:02:29,"Centennial_Park",6,"shallow","CNL_W25_T6",13.60774667,2.062533333,28.06641907,1673,22.75,47.6192953,-122.3624772,0.783999968,-5.059999943,1.346955112,0.096175632,-0.874917467551716,0.276849518995294,0.46,0,0,0.1,0.02,0.04,0,0.22,0,0,0,0,0.1,0.06,0,0,0,0,0,0,0,0,0,0,0,0,0,0,0,0
"CNL_W25","2025_01_27_12-02-41.jpg",2025-01-27,"winter","return",12:02:41,"Centennial_Park",6,"shallow","CNL_W25_T6",13.60591447,2.207368421,30.03326309,1681,22.86111111,47.6192911,-122.3624651,0.800789446,-5.150000095,1.405290795,0.098355199,-0.935404525686519,0.223348815459118,0.32,0,0,0.12,0,0,0,0.38,0,0.02,0,0.04,0.12,0,0,0,0,0,0,0,0,0,0,0,0,0,0,0,0,0
"CNL_W25","2025_01_27_12-02-50.jpg",2025-01-27,"winter","return",12:02:50,"Centennial_Park",6,"shallow","CNL_W25_T6",13.611,2.034693878,27.69421837,1687,22.94444444,47.6192855,-122.3624562,0.779999971,-5.21999979,1.33314453,0.086501185,-0.45478133560957,0.0414463175036741,0.24,0.06,0,0.1,0,0.12,0,0.3,0.12,0,0,0,0,0.04,0.02,0,0,0,0,0,0,0,0,0,0,0,0,0,0,0
"CNL_W25","2025_01_27_12-02-59.jpg",2025-01-27,"winter","return",12:02:59,"Centennial_Park",6,"shallow","CNL_W25_T6",13.60174497,2.173087248,29.55771664,1692,23,47.6192784,-122.3624706,0.782214734,-5.279999733,1.340881478,0.074471833,-1.16185506676116,-0.754087808453836,0.04,0,0,0.12,0.08,0,0,0.56,0,0,0,0,0.06,0,0.14,0,0,0,0,0,0,0,0,0,0,0,0,0,0,0
"CNL_W25","2025_01_27_12-03-08.jpg",2025-01-27,"winter","return",12:03:08,"Centennial_Park",6,"shallow","CNL_W25_T6",13.60951351,2.055135135,27.96939676,1697,23.08333333,47.6192694,-122.3624553,0.778918891,-5.309999943,1.329472742,0.08321327,-1.12729827151592,-0.893167756022584,0.06,0,0,0.04,0,0,0,0.6,0.18,0,0.02,0,0.02,0,0.08,0,0,0,0,0,0,0,0,0,0,0,0,0,0,0
"CNL_W25","2025_01_27_12-03-20.jpg",2025-01-27,"winter","return",12:03:20,"Centennial_Park",6,"shallow","CNL_W25_T6",13.604,2.158120805,29.35907544,1704,23.16666667,47.6192602,-122.3624532,0.786241576,-5.339999676,1.354617097,0.085809398,-1.1467580437878,-0.412740468162814,0.14,0,0,0.2,0.12,0,0,0.52,0,0,0,0,0.02,0,0,0,0,0,0,0,0,0,0,0,0,0,0,0,0,0
"EBM_S24","2024_10_09_11-48-19.jpg",2024-10-09,"summer","out",11:48:19,"Elliott_Bay_Marina",6,"shallow","EBM_S24_T6",13.53305,7.356565217,99.55668022,0,0,47.6271814,-122.3913889,1.136543461,-5.670000076,2.831113053,0,0.726124911649636,0.552489216552027,0.02,0.14,0.38,0,0,0,0.28,0,0.04,0.04,0,0,0.04,0.04,0,0,0,0,0,0,0,0,0,0,0,0,0,0.02,0,0
"EBM_S24","2024_10_09_11-48-28.jpg",2024-10-09,"summer","out",11:48:28,"Elliott_Bay_Marina",6,"shallow","EBM_S24_T6",13.52788261,7.561369565,102.2674544,12,0.166666667,47.6271691,-122.3913995,1.090913022,-5.380000114,2.607981464,0.102284636,1.10573792505959,0.308446335769201,0,0.24,0.32,0,0,0.04,0.3,0,0.02,0.02,0.04,0,0,0,0,0,0,0.02,0,0,0,0,0,0,0,0,0,0,0,0
"EBM_S24","2024_10_09_11-48-37.jpg",2024-10-09,"summer","out",11:48:37,"Elliott_Bay_Marina",6,"shallow","EBM_S24_T6",13.52664474,7.766535088,105.0548372,30,0.388888889,47.6271627,-122.3913895,0.973947341,-5.349999905,2.0909239,0.150923176,1.08773305185229,-0.104107153579155,0,0.32,0.06,0,0,0.1,0.32,0,0,0.06,0.04,0.02,0,0.02,0,0,0,0,0,0,0.06,0,0,0,0,0,0,0,0,0
"EBM_S24","2024_10_09_11-48-46.jpg",2024-10-09,"summer","out",11:48:46,"Elliott_Bay_Marina",6,"shallow","EBM_S24_T6",13.48563341,10.42253796,140.5368159,56,0.75,47.6271592,-122.3913709,0.821106271,-5.349999905,1.47805334,0.149468633,1.42784630562824,0.162113576454095,0,0.28,0.14,0,0,0,0.52,0,0,0,0,0.06,0,0,0,0,0,0,0,0,0,0,0,0,0,0,0,0,0,0
"EBM_S24","2024_10_09_11-48-55.jpg",2024-10-09,"summer","out",11:48:55,"Elliott_Bay_Marina",6,"shallow","EBM_S24_T6",13.40831808,14.09309368,188.8964462,85,1.138888889,47.6271607,-122.3913462,0.807712387,-5.369999886,1.432325626,0.120866538,1.37382303269822,0.0419950041364172,0,0.32,0.08,0,0,0,0.5,0,0,0,0.02,0.04,0,0.02,0,0,0,0,0,0,0.02,0,0,0,0,0,0,0,0,0
"EBM_S24","2024_10_09_11-49-04.jpg",2024-10-09,"summer","out",11:49:04,"Elliott_Bay_Marina",6,"shallow","EBM_S24_T6",13.60426316,3.806140351,51.77830982,106,1.416666667,47.6271574,-122.3913402,1.403925416,-4.650000095,4.321116469,0.023571639,1.345999122131,0.00764319639170978,0,0.48,0.08,0,0,0,0.32,0,0,0,0.06,0,0,0.02,0,0,0,0.02,0,0,0,0,0,0,0,0,0,0,0,0.02
"EBM_S24","2024_10_09_11-49-13.jpg",2024-10-09,"summer","out",11:49:13,"Elliott_Bay_Marina",6,"shallow","EBM_S24_T6",13.59886957,3.278782609,44.58710713,119,1.583333333,47.6271623,-122.391321,1.46295647,-4.659999847,4.69035139,0.064388055,1.36632881320222,-0.0213737070268951,0,0.66,0.08,0,0,0.02,0.2,0,0,0,0.04,0,0,0,0,0,0,0,0,0,0,0,0,0,0,0,0,0,0,0
"EBM_S24","2024_10_09_11-49-22.jpg",2024-10-09,"summer","out",11:49:22,"Elliott_Bay_Marina",6,"shallow","EBM_S24_T6",13.49184564,10.14805369,136.9153685,136,1.833333333,47.627163,-122.391336,1.117114073,-4.759999752,2.737974743,0.0671438,1.1892944633881,-0.101937340869054,0,0.72,0.02,0,0,0.02,0.12,0,0,0,0.04,0.02,0.02,0,0,0.02,0,0.02,0,0,0,0,0,0,0,0,0,0,0,0
"EBM_S24","2024_10_09_11-49-31.jpg",2024-10-09,"summer","out",11:49:31,"Elliott_Bay_Marina",6,"shallow","EBM_S24_T6",13.49888017,9.497472767,128.2028679,153,2.055555556,47.6271711,-122.391293,0.24507625,-5.069999695,0.131665261,0.095288171,1.13492689079017,-0.184722497736047,0,0.42,0.04,0,0,0.06,0.04,0,0,0.16,0.02,0,0,0.26,0,0,0,0,0,0,0,0,0,0,0,0,0,0,0,0
"EBM_S24","2024_10_09_11-49-40.jpg",2024-10-09,"summer","out",11:49:40,"Elliott_Bay_Marina",6,"shallow","EBM_S24_T6",13.45771895,12.53555556,168.6960417,177,2.388888889,47.6271747,-122.3912916,0.777712396,-4.960000038,1.325933543,0.18435906,1.19501588417168,-0.0361673433031291,0,0.48,0.12,0,0,0.16,0.16,0,0,0.02,0,0,0,0.02,0,0,0,0,0,0,0.02,0.02,0,0,0,0,0,0,0,0
"EBM_S24","2024_10_09_11-49-49.jpg",2024-10-09,"summer","out",11:49:49,"Elliott_Bay_Marina",6,"shallow","EBM_S24_T6",13.49035435,10.27882609,138.6632041,203,2.722222222,47.6271779,-122.3913034,1.083412992,-4.980000019,2.572877335,0.170907135,1.15318383829837,-0.117729150509942,0,0.5,0.04,0,0,0.04,0.28,0,0,0.04,0.04,0.04,0,0,0,0.02,0,0,0,0,0,0,0,0,0,0,0,0,0,0
"EBM_S24","2024_10_09_11-49-58.jpg",2024-10-09,"summer","out",11:49:58,"Elliott_Bay_Marina",6,"shallow","EBM_S24_T6",13.51809825,8.612008734,116.4273499,219,2.944444444,47.6271815,-122.391308,0.92679038,-5.179999828,1.885165771,0.087132275,0.983304835520719,-0.236063893144397,0,0.36,0.02,0,0,0.18,0.2,0,0.02,0.04,0.08,0.02,0,0.04,0,0,0,0,0.02,0,0.02,0,0,0,0,0,0,0,0,0
"EBM_S24","2024_10_09_11-50-07.jpg",2024-10-09,"summer","out",11:50:07,"Elliott_Bay_Marina",6,"shallow","EBM_S24_T6",13.62287662,2.257662338,30.75252052,229,3.083333333,47.6271855,-122.3912849,0.204155834,-5.089999676,0.091980447,0.049448278,1.1112845309445,-0.656221307745956,0,0.2,0,0,0,0.16,0.24,0,0,0.38,0,0,0,0,0,0,0,0,0,0.02,0,0,0,0,0,0,0,0,0,0
"EBM_S24","2024_10_09_11-50-16.jpg",2024-10-09,"summer","out",11:50:16,"Elliott_Bay_Marina",6,"shallow","EBM_S24_T6",13.58677007,3.992885033,54.25248633,236,3.166666667,47.627188,-122.3912923,0.559544452,-5.009999752,0.687447903,0.034055758,0.952828026021811,-0.923525824502582,0,0.06,0,0,0,0.42,0.18,0,0,0.3,0.02,0.02,0,0,0,0,0,0,0,0,0,0,0,0,0,0,0,0,0,0
"EBM_S24","2024_10_09_11-50-25.jpg",2024-10-09,"summer","out",11:50:25,"Elliott_Bay_Marina",6,"shallow","EBM_S24_T6",13.54299355,7.212215054,97.67517277,245,3.305555556,47.6271906,-122.3912758,0.72587095,-5.019999981,1.155752449,0.144034686,1.04143404846862,-0.584267757768592,0,0.2,0,0,0,0.42,0.26,0,0,0.04,0,0.02,0,0.04,0.02,0,0,0,0,0,0,0,0,0,0,0,0,0,0,0
"EBM_S24","2024_10_09_11-50-34.jpg",2024-10-09,"summer","out",11:50:34,"Elliott_Bay_Marina",6,"shallow","EBM_S24_T6",13.55775699,6.925806452,93.89926284,254,3.416666667,47.6271944,-122.3912747,1.287913981,-5.119999886,3.640808161,0.111009895,1.19115638780944,-0.189122159056529,0,0.38,0.04,0,0,0.14,0.34,0,0,0.02,0.02,0,0,0,0,0.02,0,0.04,0,0,0,0,0,0,0,0,0,0,0,0
"EBM_S24","2024_10_09_11-50-43.jpg",2024-10-09,"summer","out",11:50:43,"Elliott_Bay_Marina",6,"shallow","EBM_S24_T6",13.5830431,3.969353448,53.9141003,263,3.527777778,47.6271991,-122.3912412,0.999870673,-5.349999905,2.190785556,0.156419365,1.16414991669179,-0.00820599205733706,0,0.44,0.1,0,0,0.06,0.26,0,0,0.02,0,0.08,0,0.02,0,0,0,0,0,0,0,0.02,0,0,0,0,0,0,0,0
"EBM_S24","2024_10_09_11-50-52.jpg",2024-10-09,"summer","out",11:50:52,"Elliott_Bay_Marina",6,"shallow","EBM_S24_T6",13.54686957,6.649130435,90.07468783,275,3.694444444,47.6272017,-122.3912607,0.759498298,-5.230000019,1.267894965,0.086459431,0.8635218979656,-0.300726854923106,0,0.52,0,0,0,0.24,0.02,0,0,0.06,0.02,0,0.06,0.08,0,0,0,0,0,0,0,0,0,0,0,0,0,0,0,0
"EBM_S24","2024_10_09_11-51-01.jpg",2024-10-09,"summer","out",11:51:01,"Elliott_Bay_Marina",6,"shallow","EBM_S24_T6",13.59290789,3.444473684,46.81859504,290,3.916666667,47.6272042,-122.3912554,0.603640338,-5.079999924,0.798546825,0.115481298,0.987737410452566,-0.152965338685164,0,0.44,0,0,0,0.08,0.22,0.04,0,0,0,0.02,0.02,0.14,0,0,0,0,0,0,0.04,0,0,0,0,0,0,0,0,0
"EBM_S24","2024_10_09_11-51-10.jpg",2024-10-09,"summer","out",11:51:10,"Elliott_Bay_Marina",6,"shallow","EBM_S24_T6",13.54600654,7.426535948,100.6037824,301,4.055555556,47.6272046,-122.3912213,0.624749454,-4.839999676,0.85962306,0.119585517,1.19938467671095,-0.339125687983441,0,0.58,0.02,0,0,0.32,0.02,0,0,0.02,0,0.02,0,0.02,0,0,0,0,0,0,0,0,0,0,0,0,0,0,0,0
"EBM_S24","2024_10_09_11-51-19.jpg",2024-10-09,"summer","out",11:51:19,"Elliott_Bay_Marina",6,"shallow","EBM_S24_T6",13.58371367,3.99143167,54.20679696,311,4.194444444,47.6272085,-122.391216,0.173427328,-4.519999981,0.069930671,0.149356057,0.507778568871189,-0.808788891750784,0,0.24,0,0,0.6,0.06,0,0,0,0,0.04,0,0,0.02,0,0.04,0,0,0,0,0,0,0,0,0,0,0,0,0,0
"EBM_S24","2024_10_09_11-51-28.jpg",2024-10-09,"summer","out",11:51:28,"Elliott_Bay_Marina",6,"shallow","EBM_S24_T6",13.56992105,4.936052632,66.98062605,320,4.305555556,47.6272057,-122.3911831,1.053771876,-3.929999828,2.435625473,0.146395516,0.653690508842593,-0.532402611382293,0,0.22,0,0,0.22,0.2,0.16,0,0,0.08,0.12,0,0,0,0,0,0,0,0,0,0,0,0,0,0,0,0,0,0,0
"EBM_S24","2024_10_09_11-51-37.jpg",2024-10-09,"summer","out",11:51:37,"Elliott_Bay_Marina",6,"shallow","EBM_S24_T6",13.55172368,5.728114035,77.59538803,329,4.444444444,47.6272114,-122.3911979,0.421995605,-3.939999819,0.463061288,0.111529148,0.403715464193209,-0.890200237029421,0,0.06,0,0,0.44,0.16,0.08,0,0,0.2,0.04,0.02,0,0,0,0,0,0,0,0,0,0,0,0,0,0,0,0,0,0
"EBM_S24","2024_10_09_11-51-46.jpg",2024-10-09,"summer","out",11:51:46,"Elliott_Bay_Marina",6,"shallow","EBM_S24_T6",13.59566087,3.236391304,43.99910543,338,4.555555556,47.627211,-122.3911756,0.807586938,-3.879999876,1.436792147,0.105835026,0.635578158787447,-0.546837624431205,0,0.3,0,0,0.36,0.12,0.16,0,0,0.04,0,0.02,0,0,0,0,0,0,0,0,0,0,0,0,0,0,0,0,0,0
"EBM_S24","2024_10_09_11-51-55.jpg",2024-10-09,"summer","out",11:51:55,"Elliott_Bay_Marina",6,"shallow","EBM_S24_T6",13.60761688,2.763766234,37.60655405,346,4.666666667,47.6272082,-122.3911513,1.005714269,-3.889999866,2.216481736,0.052822469,0.571962605369489,-0.632481950806648,0,0.2,0,0,0.34,0.22,0.12,0,0,0.08,0,0.02,0,0,0,0,0,0.02,0,0,0,0,0,0,0,0,0,0,0,0
"EBM_S24","2024_10_09_11-52-04.jpg",2024-10-09,"summer","out",11:52:04,"Elliott_Bay_Marina",6,"shallow","EBM_S24_T6",13.59886492,3.174836601,43.1659385,354,4.777777778,47.6272089,-122.3911585,0.549433542,-3.869999886,0.665037474,0.055883081,0.508372413673073,-0.721582274489493,0,0.16,0,0,0.42,0.22,0.06,0,0,0.08,0.04,0,0,0,0,0,0,0.02,0,0,0,0,0,0,0,0,0,0,0,0
"EBM_S24","2024_10_09_11-52-13.jpg",2024-10-09,"summer","out",11:52:13,"Elliott_Bay_Marina",6,"shallow","EBM_S24_T6",13.57141048,4.572161572,62.05048408,364,4.916666667,47.6272065,-122.3911438,0.690982534,-3.779999971,1.050902187,0.073457025,0.529139758459593,-0.924673921596186,0,0.12,0,0,0.32,0.48,0.06,0,0,0.02,0,0,0,0,0,0,0,0,0,0,0,0,0,0,0,0,0,0,0,0
"EBM_S24","2024_10_09_11-52-22.jpg",2024-10-09,"summer","out",11:52:22,"Elliott_Bay_Marina",6,"shallow","EBM_S24_T6",13.5675054,5.127386609,69.56016307,378,5.111111111,47.6272045,-122.3911329,0.918099322,-3.949999809,1.847410686,0,0.704050538199381,-0.678211157309355,0,0.18,0,0,0.14,0.26,0.16,0,0,0.24,0,0,0,0,0,0,0,0,0,0,0,0.02,0,0,0,0,0,0,0,0
"EBM_S24","2024_10_09_11-52-31.jpg",2024-10-09,"summer","out",11:52:31,"Elliott_Bay_Marina",6,"shallow","EBM_S24_T6",13.60838843,2.574586777,35.03601029,392,5.305555556,47.627205,-122.3911277,1.110000014,-3.970000029,2.699815152,0.053646754,0.602227866331791,-0.561663263110289,0,0.24,0,0,0.2,0.2,0.16,0,0.06,0.14,0,0,0,0,0,0,0,0,0,0,0,0,0,0,0,0,0,0,0,0
"EBM_S24","2024_10_09_11-52-40.jpg",2024-10-09,"summer","out",11:52:40,"Elliott_Bay_Marina",6,"shallow","EBM_S24_T6",13.60808753,2.468424508,33.59050026,400,5.388888889,47.6271996,-122.3911076,0.860919024,-3.9599998,1.624600292,0,0.632496671869323,-0.458891410205931,0,0.36,0,0,0.24,0.12,0.14,0,0,0.12,0,0,0.02,0,0,0,0,0,0,0,0,0,0,0,0,0,0,0,0,0
"EBM_S24","2024_10_09_11-52-49.jpg",2024-10-09,"summer","out",11:52:49,"Elliott_Bay_Marina",6,"shallow","EBM_S24_T6",13.5008512,13.67113786,184.4616368,425,5.75,47.6272007,-122.3911061,1.053698016,-3.889999866,2.450135093,0.112931171,0.579931303847247,-0.600078645383735,0,0.34,0,0,0.42,0.16,0,0,0,0.04,0.02,0.02,0,0,0,0,0,0,0,0,0,0,0,0,0,0,0,0,0,0
"EBM_S24","2024_10_09_11-52-58.jpg",2024-10-09,"summer","out",11:52:58,"Elliott_Bay_Marina",6,"shallow","EBM_S24_T6",13.60228009,2.746126915,37.35249829,443,6,47.627192,-122.391081,0.838862122,-4.059999943,1.580588645,0.028778839,0.776446500936399,-0.492032304671533,0,0.48,0,0,0.14,0.28,0,0,0,0.04,0.06,0,0,0,0,0,0,0,0,0,0,0,0,0,0,0,0,0,0,0
"EBM_S24","2024_10_09_11-53-07.jpg",2024-10-09,"summer","out",11:53:07,"Elliott_Bay_Marina",6,"shallow","EBM_S24_T6",13.60996711,2.750657895,37.41527928,462,6.25,47.6271912,-122.3910695,1.330109634,-4.110000134,3.91141984,0.071643077,0.960464357688067,-0.42473798585773,0,0.7,0,0,0.06,0.14,0.02,0,0,0.02,0.04,0,0,0,0,0,0,0.02,0,0,0,0,0,0,0,0,0,0,0,0
"EBM_S24","2024_10_09_11-53-16.jpg",2024-10-09,"summer","out",11:53:16,"Elliott_Bay_Marina",6,"shallow","EBM_S24_T6",13.55439479,6.395574837,86.68168434,483,6.527777778,47.6271847,-122.3910574,1.572364356,-4.369999886,5.420654089,0.164456442,1.31780150785857,-0.200558262469189,0,0.6,0,0,0,0.02,0.26,0,0,0.02,0.1,0,0,0,0,0,0,0,0,0,0,0,0,0,0,0,0,0,0,0
"EBM_S24","2024_10_09_11-53-25.jpg",2024-10-09,"summer","return",11:53:25,"Elliott_Bay_Marina",6,"shallow","EBM_S24_T6",13.48527015,12.77956427,172.2374197,502,6.777777778,47.6271912,-122.3910758,1.060501032,-4.480000019,2.464524399,0.050705213,0.840101146300064,-0.307568446896107,0.02,0.46,0,0,0.04,0.2,0.16,0,0,0.06,0.04,0,0,0,0,0,0,0,0,0,0,0.02,0,0,0,0,0,0,0,0
"EBM_S24","2024_10_09_12-20-09.jpg",2024-10-09,"summer","return",12:20:09,"Elliott_Bay_Marina",6,"shallow","EBM_S24_T6",13.60587309,2.37595186,32.32686958,4424,59.19444444,47.6271826,-122.3913636,0.869431066,-4.829999924,1.656506453,0,1.11629136338352,-0.30233632237933,0,0.6,0,0,0,0.18,0.08,0,0,0.04,0.02,0.02,0,0.02,0,0,0,0,0,0,0,0.04,0,0,0,0,0,0,0,0
"EBM_S24","2024_10_09_12-20-18.jpg",2024-10-09,"summer","return",12:20:18,"Elliott_Bay_Marina",6,"shallow","EBM_S24_T6",13.57296507,4.587860262,62.24698262,4433,59.30555556,47.6271855,-122.3913312,0.856986872,-4.529999733,1.60945582,0.124736732,1.2041906903866,-0.243913389120688,0,0.66,0,0,0,0.1,0.14,0,0,0.02,0.06,0,0,0.02,0,0,0,0,0,0,0,0,0,0,0,0,0,0,0,0
"EBM_S24","2024_10_09_12-20-27.jpg",2024-10-09,"summer","return",12:20:27,"Elliott_Bay_Marina",6,"shallow","EBM_S24_T6",13.59538158,3.648464912,49.60208618,4442,59.44444444,47.6271845,-122.3913559,0.818530696,-4.559999943,1.468154679,0.103687647,1.28870655948778,-0.3713626208194,0,0.4,0,0,0,0.44,0.12,0,0,0,0,0,0,0.04,0,0,0,0,0,0,0,0,0,0,0,0,0,0,0,0
"EBM_S24","2024_10_09_12-20-36.jpg",2024-10-09,"summer","return",12:20:36,"Elliott_Bay_Marina",6,"shallow","EBM_S24_T6",13.59713508,3.214989107,43.71393569,4451,59.55555556,47.6271887,-122.3913176,0.979389946,-4.559999943,2.105658741,0.058290522,0.96111212958014,-0.23146560583284,0,0.62,0.06,0,0.06,0.16,0.02,0,0,0.02,0.06,0,0,0,0,0,0,0,0,0,0,0,0,0,0,0,0,0,0,0
"EBM_S24","2024_10_09_12-20-45.jpg",2024-10-09,"summer","return",12:20:45,"Elliott_Bay_Marina",6,"shallow","EBM_S24_T6",13.57790435,4.289130435,58.23725209,4461,59.69444444,47.6271902,-122.3913256,0.533956517,-4.650000095,0.626515658,0.095755353,0.761554191534798,-0.329256869727426,0,0.46,0.04,0,0.12,0.16,0.04,0,0,0.12,0.02,0,0,0.04,0,0,0,0,0,0,0,0,0,0,0,0,0,0,0,0
"EBM_S24","2024_10_09_12-20-54.jpg",2024-10-09,"summer","return",12:20:54,"Elliott_Bay_Marina",6,"shallow","EBM_S24_T6",13.58728696,3.667130435,49.82631435,4469,59.80555556,47.6271933,-122.3912985,1.055586909,-4.650000095,2.442928812,0.103613887,1.14195092746109,-0.348167285875562,0,0.38,0,0,0,0.12,0.36,0,0,0.08,0.06,0,0,0,0,0,0,0,0,0,0,0,0,0,0,0,0,0,0,0
"EBM_S24","2024_10_09_12-21-03.jpg",2024-10-09,"summer","return",12:21:03,"Elliott_Bay_Marina",6,"shallow","EBM_S24_T6",13.59237473,3.423442266,46.52911834,4482,59.97222222,47.6271962,-122.3912724,1.187973796,-4.619999886,3.093206521,0.111613269,1.2847146343062,-0.264727426806957,0,0.56,0,0,0,0.12,0.28,0,0,0,0,0.04,0,0,0,0,0,0,0,0,0,0,0,0,0,0,0,0,0,0
"EBM_S24","2024_10_09_12-21-12.jpg",2024-10-09,"summer","return",12:21:12,"Elliott_Bay_Marina",6,"shallow","EBM_S24_T6",13.58881996,3.824859002,51.96841128,4493,60.13888889,47.6271985,-122.3912622,1.233405628,-4.650000095,3.334473797,0.102251043,0.839418897946826,-0.315195781322074,0,0.42,0,0,0.02,0.18,0.18,0,0,0.14,0.02,0,0.04,0,0,0,0,0,0,0,0,0,0,0,0,0,0,0,0,0
"EBM_S24","2024_10_09_12-21-21.jpg",2024-10-09,"summer","return",12:21:21,"Elliott_Bay_Marina",6,"shallow","EBM_S24_T6",13.50272391,9.627695652,129.9928736,4507,60.33333333,47.6271992,-122.3912475,1.079500005,-4.389999866,2.560836318,0.187575389,1.19451267200736,-0.334102915270494,0,0.5,0,0,0,0.32,0.16,0,0,0,0,0,0.02,0,0,0,0,0,0,0,0,0,0,0,0,0,0,0,0,0
"EBM_S24","2024_10_09_12-21-30.jpg",2024-10-09,"summer","return",12:21:30,"Elliott_Bay_Marina",6,"shallow","EBM_S24_T6",13.5844989,4.005494505,54.41198578,4521,60.5,47.6272033,-122.3912385,0.731318659,-4.380000114,1.172037104,0.082831522,0.435338693540368,-0.247127554171291,0.04,0.44,0,0,0.1,0.12,0.04,0.02,0.14,0,0.04,0,0.04,0,0,0,0,0,0.02,0,0,0,0,0,0,0,0,0,0,0
"EBM_S24","2024_10_09_12-21-39.jpg",2024-10-09,"summer","return",12:21:39,"Elliott_Bay_Marina",6,"shallow","EBM_S24_T6",13.55734783,5.60826087,76.03047087,4533,60.66666667,47.6272048,-122.3912171,0.787608673,-3.919999838,1.360044284,0.147390522,0.688119324857396,-0.514848733107279,0,0.38,0,0,0.3,0.1,0.16,0,0,0.06,0,0,0,0,0,0,0,0,0,0,0,0,0,0,0,0,0,0,0,0
"EBM_S24","2024_10_09_12-21-48.jpg",2024-10-09,"summer","return",12:21:48,"Elliott_Bay_Marina",6,"shallow","EBM_S24_T6",13.57461874,4.826949891,65.51931612,4543,60.80555556,47.6272061,-122.3912115,0.723572975,-3.699999809,1.150116223,0.085011813,0.586790048104911,-0.708734510847566,0,0.18,0,0,0.38,0.26,0.14,0,0,0.02,0.02,0,0,0,0,0,0,0,0,0,0,0,0,0,0,0,0,0,0,0
"EBM_S24","2024_10_09_12-21-57.jpg",2024-10-09,"summer","return",12:21:57,"Elliott_Bay_Marina",6,"shallow","EBM_S24_T6",13.54899348,5.551086957,75.20428683,4557,61,47.6272053,-122.3911895,0.804891284,-3.429999828,1.419866314,0.122510856,0.537870571992092,-0.676207309539327,0,0.22,0,0,0.52,0.1,0.06,0,0,0.06,0.04,0,0,0,0,0,0,0,0,0,0,0,0,0,0,0,0,0,0,0
"EBM_S24","2024_10_09_12-22-06.jpg",2024-10-09,"summer","return",12:22:06,"Elliott_Bay_Marina",6,"shallow","EBM_S24_T6",13.52979956,7.472505447,101.0987392,4570,61.16666667,47.6272008,-122.3911567,0.729281042,-3.50999999,1.192900127,0.166223639,0.263471028626531,-1.18760911333927,0,0.08,0,0,0.78,0.1,0,0,0,0.04,0,0,0,0,0,0,0,0,0,0,0,0,0,0,0,0,0,0,0,0
"EBM_S24","2024_10_09_12-22-15.jpg",2024-10-09,"summer","return",12:22:15,"Elliott_Bay_Marina",6,"shallow","EBM_S24_T6",13.5461,5.804086957,78.62199143,4583,61.36111111,47.6271977,-122.3911437,1.147065202,-3.639999866,2.888134583,0.10810721,0.664378165747434,-0.49362917368848,0,0.32,0,0,0.28,0.14,0.16,0,0,0.06,0.04,0,0,0,0,0,0,0,0,0,0,0,0,0,0,0,0,0,0,0
"EBM_S24","2024_10_09_12-22-24.jpg",2024-10-09,"summer","return",12:22:24,"Elliott_Bay_Marina",6,"shallow","EBM_S24_T6",13.58831878,4.221659389,57.36514873,4594,61.5,47.6272074,-122.3911818,0.699541473,-3.75999999,1.072306353,0.043333931,0.659465224461342,-0.618093121211045,0,0.3,0,0,0.34,0.26,0.08,0,0,0.02,0,0,0,0,0,0,0,0,0,0,0,0,0,0,0,0,0,0,0,0
"EBM_S24","2024_10_09_12-22-33.jpg",2024-10-09,"summer","return",12:22:33,"Elliott_Bay_Marina",6,"shallow","EBM_S24_T6",13.54780388,5.817543103,78.81258466,4605,61.63888889,47.6271986,-122.3911457,0.294633608,-3.75999999,0.190272933,0.109056298,0.576278236835006,-0.729694561047185,0,0.32,0,0,0.56,0.04,0.02,0,0,0.04,0,0,0,0,0,0,0,0,0,0,0.02,0,0,0,0,0,0,0,0,0
"EBM_S24","2024_10_09_12-22-42.jpg",2024-10-09,"summer","return",12:22:42,"Elliott_Bay_Marina",6,"shallow","EBM_S24_T6",13.56543137,4.865860566,65.98616046,4616,61.80555556,47.6271961,-122.3911328,0.557799556,-3.649999857,0.68956494,0.108589405,0.595676095206309,-0.781411909521946,0,0.16,0,0,0.38,0.3,0.14,0,0,0,0.02,0,0,0,0,0,0,0,0,0,0,0,0,0,0,0,0,0,0,0
"EBM_S24","2024_10_09_12-22-51.jpg",2024-10-09,"summer","return",12:22:51,"Elliott_Bay_Marina",6,"shallow","EBM_S24_T6",13.5752087,5.027195652,68.23943848,4628,61.94444444,47.6271895,-122.3911047,0.797260834,-3.799999952,1.420512673,0.151972719,0.455192829605649,-0.873535849257449,0,0.14,0,0,0.44,0.12,0.04,0,0,0.26,0,0,0,0,0,0,0,0,0,0,0,0,0,0,0,0,0,0,0,0
"EBM_S24","2024_10_09_12-23-00.jpg",2024-10-09,"summer","return",12:23:00,"Elliott_Bay_Marina",6,"shallow","EBM_S24_T6",13.61533698,2.193851204,29.87028869,4639,62.11111111,47.6271917,-122.3911059,0.724485742,-3.839999914,1.15018636,0.031003156,0.600286423512876,-0.622277747376214,0,0.3,0,0,0.44,0.12,0.06,0,0,0.08,0,0,0,0,0,0,0,0,0,0,0,0,0,0,0,0,0,0,0,0
"EBM_S24","2024_10_09_12-23-09.jpg",2024-10-09,"summer","return",12:23:09,"Elliott_Bay_Marina",6,"shallow","EBM_S24_T6",13.5952362,3.566909492,48.49102583,4651,62.27777778,47.6271985,-122.3911202,0.773576136,-3.819999933,1.311534569,0.075697529,0.679718840798626,-0.52960943438865,0,0.4,0,0,0.22,0.26,0,0,0,0.06,0.06,0,0,0,0,0,0,0,0,0,0,0,0,0,0,0,0,0,0,0
"EBM_S24","2024_10_09_12-23-18.jpg",2024-10-09,"summer","return",12:23:18,"Elliott_Bay_Marina",6,"shallow","EBM_S24_T6",13.59672294,2.528030303,34.36416587,4662,62.41666667,47.6271866,-122.3910802,0.346558434,-3.899999857,0.263418619,0.056082567,0.282586451492307,-1.08543152509816,0,0.06,0,0,0.54,0.1,0,0,0,0.24,0.06,0,0,0,0,0,0,0,0,0,0,0,0,0,0,0,0,0,0,0
"EBM_S24","2024_10_09_12-23-27.jpg",2024-10-09,"summer","return",12:23:27,"Elliott_Bay_Marina",6,"shallow","EBM_S24_T6",13.57265727,4.653709328,63.16344469,4675,62.58333333,47.627183,-122.3910642,1.059132297,-4.309999943,2.459641379,0.042257923,0.629016920185779,-0.667855307726927,0,0.2,0,0,0.3,0.32,0.14,0,0,0.02,0.02,0,0,0,0,0,0,0,0,0,0,0,0,0,0,0,0,0,0,0
"EBM_S24","2024_10_09_12-23-36.jpg",2024-10-09,"summer","return",12:23:36,"Elliott_Bay_Marina",6,"shallow","EBM_S24_T6",13.58552061,3.202950108,43.50905484,4686,62.75,47.6271862,-122.3910686,1.185574818,-4.389999866,3.085009535,0.056567442,1.37389654907454,-0.214465689472519,0,0.54,0,0,0,0.04,0.38,0,0,0,0.04,0,0,0,0,0,0,0,0,0,0,0,0,0,0,0,0,0,0,0
"EBM_W25","2025_01_28_11-34-11.jpg",2025-01-28,"winter","out",11:34:11,"Elliott_Bay_Marina",6,"shallow","EBM_W25_T6",13.60361075,2.108709677,28.68597108,0,0,47.627224,-122.3918597,1.118731158,-5.179999828,2.750239661,0,0.847822898257191,0.0073062265063878,0,0.36,0.1,0,0,0.14,0.16,0.14,0,0,0.02,0.06,0,0.02,0,0,0,0,0,0,0,0,0,0,0,0,0,0,0,0
"EBM_W25","2025_01_28_11-34-26.jpg",2025-01-28,"winter","out",11:34:26,"Elliott_Bay_Marina",6,"shallow","EBM_W25_T6",13.59597345,2.711548673,36.86614168,10,0.138888889,47.6272157,-122.3918529,1.190176957,-4.509999752,3.106489834,0.091231252,1.05034095175475,0.100335537441694,0,0.24,0.1,0,0,0,0.26,0.04,0,0,0.12,0.12,0,0.1,0,0,0,0.02,0,0,0,0,0,0,0,0,0,0,0,0
"EBM_W25","2025_01_28_11-34-41.jpg",2025-01-28,"winter","out",11:34:41,"Elliott_Bay_Marina",6,"shallow","EBM_W25_T6",13.59301085,2.579501085,35.06318416,21,0.277777778,47.6272064,-122.391841,0.948438167,-4.099999905,1.971117301,0.085060539,1.27872735451849,-0.12314420490493,0,0.42,0.02,0,0,0.02,0.16,0,0,0.02,0,0.04,0,0.24,0,0,0,0,0,0,0,0,0,0,0.08,0,0,0,0,0
"EBM_W25","2025_01_28_11-34-53.jpg",2025-01-28,"winter","out",11:34:53,"Elliott_Bay_Marina",6,"shallow","EBM_W25_T6",13.59482213,2.649132321,36.01448427,29,0.388888889,47.6272156,-122.3918377,0.738720156,-4.139999866,1.197668063,0.071256865,0.836993051206213,-0.126349450789242,0,0.32,0,0,0,0.06,0.14,0.08,0,0.02,0.18,0.04,0,0.1,0,0,0,0.02,0,0,0,0,0,0,0.04,0,0,0,0,0
"EBM_W25","2025_01_28_11-35-08.jpg",2025-01-28,"winter","out",11:35:08,"Elliott_Bay_Marina",6,"shallow","EBM_W25_T6",13.60750542,2.248156182,30.5918039,39,0.527777778,47.6272161,-122.3918149,1.502602996,-4.529999733,4.969281728,0.041765422,0.824511434362945,-0.221452356402661,0,0.46,0.02,0,0,0.06,0,0.06,0,0.2,0.12,0.04,0,0,0,0,0,0.04,0,0,0,0,0,0,0,0,0,0,0,0
"EBM_W25","2025_01_28_11-35-26.jpg",2025-01-28,"winter","out",11:35:26,"Elliott_Bay_Marina",6,"shallow","EBM_W25_T6",13.60541935,2.310645161,31.4372929,52,0.694444444,47.6272314,-122.3917928,1.363462353,-4.110000134,4.073951198,0.06574611,1.01762583576422,-0.146814308242264,0,0.48,0,0,0,0,0.12,0.04,0,0.06,0.22,0.06,0,0.02,0,0,0,0,0,0,0,0,0,0,0,0,0,0,0,0
"EBM_W25","2025_01_28_11-35-38.jpg",2025-01-28,"winter","out",11:35:38,"Elliott_Bay_Marina",6,"shallow","EBM_W25_T6",13.59786978,3.848083538,52.32570155,60,0.833333333,47.6272352,-122.3917777,0,-4.339999676,0,0.078934655,1.27928509344015,-0.162579228815713,0,0.4,0,0,0,0,0.2,0,0,0.02,0.28,0.02,0,0.08,0,0,0,0,0,0,0,0,0,0,0,0,0,0,0,0
"EBM_W25","2025_01_28_11-35-50.jpg",2025-01-28,"winter","out",11:35:50,"Elliott_Bay_Marina",6,"shallow","EBM_W25_T6",13.60756897,3.09137931,42.0669731,77,1.055555556,47.6272602,-122.3917835,1.463405111,-4.21999979,4.69288144,0.194259727,1.03008234386284,-0.18414407237826,0,0.32,0,0,0,0.06,0.12,0,0,0.06,0.2,0.18,0,0.06,0,0,0,0,0,0,0,0,0,0,0,0,0,0,0,0
"EBM_W25","2025_01_28_11-36-05.jpg",2025-01-28,"winter","out",11:36:05,"Elliott_Bay_Marina",6,"shallow","EBM_W25_T6",13.59849892,2.877419355,39.12819815,88,1.194444444,47.6272375,-122.3917545,0.888387084,-4.630000114,1.730182347,0.121703326,1.00069493556641,-0.357844361433028,0,0.28,0,0,0,0.18,0.14,0,0,0.06,0.02,0.16,0,0.14,0,0,0,0,0,0,0,0.02,0,0,0,0,0,0,0,0
"EBM_W25","2025_01_28_11-36-17.jpg",2025-01-28,"winter","out",11:36:17,"Elliott_Bay_Marina",6,"shallow","EBM_W25_T6",13.59532979,2.944042553,40.02533649,98,1.333333333,47.6272267,-122.3917382,0.873893606,-4.699999809,1.675633445,0.122646022,0.651387521980602,-0.590496602042432,0,0.12,0,0,0,0.18,0.02,0.06,0,0.06,0.04,0.12,0.02,0.38,0,0,0,0,0,0,0,0,0,0,0,0,0,0,0,0
"EBM_W25","2025_01_28_11-36-29.jpg",2025-01-28,"winter","out",11:36:29,"Elliott_Bay_Marina",6,"shallow","EBM_W25_T6",13.59017528,3.158539326,42.92176009,108,1.472222222,47.6272413,-122.3917374,1.406269605,-4.610000134,4.341162566,0.044506973,0.650936022977757,0.317320496140358,0,0.1,0.04,0,0,0,0.12,0.1,0,0.02,0.18,0.36,0,0.08,0,0,0,0,0,0,0,0,0,0,0,0,0,0,0,0
"EBM_W25","2025_01_28_11-36-41.jpg",2025-01-28,"winter","out",11:36:41,"Elliott_Bay_Marina",6,"shallow","EBM_W25_T6",13.59820796,2.996017699,40.74095973,118,1.611111111,47.6272415,-122.3917262,1.006106181,-4.989999771,2.22051147,0.074611118,0.788466223968761,-0.428610276862084,0,0.14,0,0,0,0.18,0.3,0.02,0,0.04,0.08,0.14,0.02,0.08,0,0,0,0,0,0,0,0,0,0,0,0,0,0,0,0
"EBM_W25","2025_01_28_11-36-56.jpg",2025-01-28,"winter","out",11:36:56,"Elliott_Bay_Marina",6,"shallow","EBM_W25_T6",13.59191613,2.88511828,39.21434542,130,1.75,47.6272329,-122.3917067,1.304752636,-4.319999695,3.731359388,0.083856611,0.839121616989838,-0.103576946106742,0,0.38,0,0,0,0.02,0.16,0.02,0,0.04,0.14,0.08,0.04,0.12,0,0,0,0,0,0,0,0,0,0,0,0,0,0,0,0
"EBM_W25","2025_01_28_11-37-11.jpg",2025-01-28,"winter","out",11:37:11,"Elliott_Bay_Marina",6,"shallow","EBM_W25_T6",13.59319643,2.8165625,38.28634049,142,1.916666667,47.6272353,-122.391697,0.993236575,-4.5,2.161767589,0.084874167,1.22996690676146,-0.107126376004573,0,0.38,0,0,0,0,0.16,0.02,0,0,0.04,0.16,0,0.04,0,0,0,0,0,0.2,0,0,0,0,0,0,0,0,0,0
"EBM_W25","2025_01_28_11-37-26.jpg",2025-01-28,"winter","out",11:37:26,"Elliott_Bay_Marina",6,"shallow","EBM_W25_T6",13.59691416,2.830171674,38.48157979,154,2.083333333,47.6272272,-122.3916752,1.118240349,-4.130000114,2.743146923,0.094540776,1.05074218561824,-0.262747316388241,0,0.38,0,0,0,0.2,0.1,0,0,0.02,0.02,0.14,0,0.12,0,0,0,0.02,0,0,0,0,0,0,0,0,0,0,0,0
"EBM_W25","2025_01_28_11-37-41.jpg",2025-01-28,"winter","out",11:37:41,"Elliott_Bay_Marina",6,"shallow","EBM_W25_T6",13.58833404,2.904524313,39.46770605,166,2.25,47.6272349,-122.3916682,0.338858346,-3.699999809,0.25209249,0.056215029,0.875627099003223,-0.217925613960935,0,0.4,0,0,0,0.1,0.18,0,0,0.1,0.02,0.14,0.04,0,0,0,0,0,0,0.02,0,0,0,0,0,0,0,0,0,0
"EBM_W25","2025_01_28_11-38-17.jpg",2025-01-28,"winter","out",11:38:17,"Elliott_Bay_Marina",6,"shallow","EBM_W25_T6",13.58906466,2.994525862,40.69258724,196,2.666666667,47.6272348,-122.3916404,1.148642219,-3.569999933,2.891196756,0.063107773,0.916329428305372,-0.21964778855363,0,0.54,0,0,0,0.1,0.14,0.08,0,0.06,0.08,0,0,0,0,0,0,0,0,0,0,0,0,0,0,0,0,0,0,0
"EBM_W25","2025_01_28_11-38-32.jpg",2025-01-28,"winter","out",11:38:32,"Elliott_Bay_Marina",6,"shallow","EBM_W25_T6",13.58819956,3.247450111,44.12731829,209,2.833333333,47.6272475,-122.3916324,1.085920172,-4.329999924,2.584397947,0.126188312,1.16298952262707,-0.218663805543695,0,0.42,0,0,0,0.06,0.4,0,0,0.04,0.02,0.04,0,0.02,0,0,0,0,0,0,0,0,0,0,0,0,0,0,0,0
"EBM_W25","2025_01_28_11-38-47.jpg",2025-01-28,"winter","out",11:38:47,"Elliott_Bay_Marina",6,"shallow","EBM_W25_T6",13.59305106,3.437957447,46.73290962,222,3,47.6272605,-122.3916169,1.356382956,-4.289999962,4.032208963,0.083167297,0.79039113938582,-0.785369655488593,0,0.04,0,0,0,0.2,0.14,0.04,0,0.12,0.16,0.08,0,0,0,0,0.22,0,0,0,0,0,0,0,0,0,0,0,0,0
"EBM_W25","2025_01_28_11-38-59.jpg",2025-01-28,"winter","out",11:38:59,"Elliott_Bay_Marina",6,"shallow","EBM_W25_T6",13.59449676,2.964406048,40.29956994,231,3.138888889,47.627235,-122.3915862,0.858747288,-4.589999676,1.620230796,0.079491663,0.636724883794536,0.0293856001907899,0,0.12,0.04,0,0,0.04,0.22,0.04,0,0.06,0.02,0.24,0.02,0,0,0,0.2,0,0,0,0,0,0,0,0,0,0,0,0,0
"EBM_W25","2025_01_28_11-39-11.jpg",2025-01-28,"winter","out",11:39:11,"Elliott_Bay_Marina",6,"shallow","EBM_W25_T6",13.58865957,3.085319149,41.92542574,241,3.277777778,47.6272443,-122.3915851,1.075787206,-4.440000057,2.536288548,0.062440237,0.783613686652873,-0.393701013335748,0,0.14,0,0,0,0.06,0.36,0.06,0,0.04,0.12,0.14,0,0.06,0,0,0.02,0,0,0,0,0,0,0,0,0,0,0,0,0
"EBM_W25","2025_01_28_11-39-23.jpg",2025-01-28,"winter","out",11:39:23,"Elliott_Bay_Marina",6,"shallow","EBM_W25_T6",13.56144708,4.164038877,56.47046112,252,3.416666667,47.62723,-122.3915625,1.191079884,-4.460000038,3.133782679,0.044797928,0.90132200088652,-0.0318336021197836,0,0.34,0.06,0,0,0,0.24,0.08,0,0.1,0.04,0.14,0,0,0,0,0,0,0,0,0,0,0,0,0,0,0,0,0,0
"EBM_W25","2025_01_28_11-39-35.jpg",2025-01-28,"winter","out",11:39:35,"Elliott_Bay_Marina",6,"shallow","EBM_W25_T6",13.5723556,4.122306034,55.92409002,262,3.555555556,47.6272418,-122.391563,0.858491365,-4.21999979,1.617806194,0.098859465,0.947864605186201,-0.443340520533802,0,0.24,0,0,0,0.14,0.1,0,0,0.16,0.06,0.26,0,0,0,0,0,0.04,0,0,0,0,0,0,0,0,0,0,0,0
"EBM_W25","2025_01_28_11-39-47.jpg",2025-01-28,"winter","out",11:39:47,"Elliott_Bay_Marina",6,"shallow","EBM_W25_T6",13.58411159,3.336502146,45.32368976,275,3.75,47.627238,-122.3915458,1.077532144,-4.159999847,2.545090021,0.055087011,1.01603192153731,-0.606213922640086,0,0.16,0,0,0,0.32,0.32,0,0,0.1,0.08,0.02,0,0,0,0,0,0,0,0,0,0,0,0,0,0,0,0,0,0
"EBM_W25","2025_01_28_11-39-59.jpg",2025-01-28,"winter","out",11:39:59,"Elliott_Bay_Marina",6,"shallow","EBM_W25_T6",13.589,3.113095238,42.30385119,285,3.888888889,47.6272226,-122.3915288,1.378874438,-4.529999733,4.167324699,0.098555425,1.04379669212503,-0.216866674479,0,0.24,0,0,0,0.02,0.14,0,0,0.08,0.14,0.18,0,0.08,0,0,0.12,0,0,0,0,0,0,0,0,0,0,0,0,0
"EBM_W25","2025_01_28_11-40-14.jpg",2025-01-28,"winter","out",11:40:14,"Elliott_Bay_Marina",6,"shallow","EBM_W25_T6",13.59191757,2.864490239,38.93277974,297,4.027777778,47.6272114,-122.3915217,0.389219082,-4.859999657,0.332259451,0.08020689,1.19026735364372,-0.228997828082993,0,0.34,0,0,0,0.06,0.3,0,0,0.02,0.02,0.02,0,0.22,0,0,0,0.02,0,0,0,0,0,0,0,0,0,0,0,0
"EBM_W25","2025_01_28_11-40-26.jpg",2025-01-28,"winter","out",11:40:26,"Elliott_Bay_Marina",6,"shallow","EBM_W25_T6",13.59689787,2.668297872,36.28056621,307,4.166666667,47.6272032,-122.3915149,0.698340406,-4.920000076,1.069256078,0.057514593,1.019081656197,-0.29958071463619,0,0.38,0,0,0,0.18,0.1,0,0,0.06,0,0.1,0,0.14,0,0,0,0.04,0,0,0,0,0,0,0,0,0,0,0,0
"EBM_W25","2025_01_28_11-40-41.jpg",2025-01-28,"winter","out",11:40:41,"Elliott_Bay_Marina",6,"shallow","EBM_W25_T6",13.58210278,3.218501071,43.71395495,319,4.333333333,47.627205,-122.391514,1.093190535,-5.150000095,2.621227597,0.020023266,0.5033577602033,-0.3207812085318,0,0.14,0,0,0,0.12,0.1,0.3,0,0.14,0,0.08,0.02,0,0,0,0.1,0,0,0,0,0,0,0,0,0,0,0,0,0
"EBM_W25","2025_01_28_11-40-56.jpg",2025-01-28,"winter","out",11:40:56,"Elliott_Bay_Marina",6,"shallow","EBM_W25_T6",13.59306061,2.8,38.0605697,333,4.527777778,47.6271954,-122.3915022,1.023441576,-5.099999905,2.307335906,0.091356066,0.898974649052822,-0.571037262753741,0,0.16,0,0,0,0.08,0.08,0,0,0.04,0.04,0.28,0.02,0.3,0,0,0,0,0,0,0,0,0,0,0,0,0,0,0,0
"EBM_W25","2025_01_28_11-41-11.jpg",2025-01-28,"winter","out",11:41:11,"Elliott_Bay_Marina",6,"shallow","EBM_W25_T6",13.5909375,2.970301724,40.3691839,346,4.694444444,47.6271932,-122.3914914,1.101163816,-5.299999714,2.657140034,0.074088159,0.839708528322229,-0.564366566891607,0,0.14,0,0,0,0.1,0.18,0,0,0,0.04,0.3,0.06,0.02,0,0,0.14,0,0,0,0,0,0,0,0,0.02,0,0,0,0
"EBM_W25","2025_01_28_11-41-32.jpg",2025-01-28,"winter","out",11:41:32,"Elliott_Bay_Marina",6,"shallow","EBM_W25_T6",13.57335714,5.026926407,68.23393985,364,4.944444444,47.6271951,-122.3914788,1.075649301,-5.089999676,2.535602045,0.085158043,1.24398737026682,-0.0978721501888833,0,0.26,0,0,0,0,0.36,0,0,0,0.08,0.16,0.02,0,0,0,0.12,0,0,0,0,0,0,0,0,0,0,0,0,0
"EBM_W25","2025_01_28_11-42-47.jpg",2025-01-28,"winter","out",11:42:47,"Elliott_Bay_Marina",6,"shallow","EBM_W25_T6",13.6127571,1.072712934,14.59346877,443,6.027777778,47.627204,-122.3914529,0.439053619,-4.710000038,0.422704242,0.042304449,1.27626193294953,-0.179678932940511,0,0.6,0,0,0,0.04,0.06,0,0,0,0.06,0.02,0,0.12,0,0,0,0,0,0.1,0,0,0,0,0,0,0,0,0,0
"EBM_W25","2025_01_28_11-43-08.jpg",2025-01-28,"winter","return",11:43:08,"Elliott_Bay_Marina",6,"shallow","EBM_W25_T6",13.62557826,1.614695652,22.00129661,453,6.166666667,47.6271965,-122.3914629,1.353717379,-4.130000114,4.021499982,0.055291668,1.2219071619933,-0.141947410839573,0,0.34,0,0,0,0.04,0.2,0,0,0,0.24,0.16,0,0.02,0,0,0,0,0,0,0,0,0,0,0,0,0,0,0,0
"EBM_W25","2025_01_28_11-43-20.jpg",2025-01-28,"winter","return",11:43:20,"Elliott_Bay_Marina",6,"shallow","EBM_W25_T6",13.59753488,2.530232558,34.40496279,460,6.25,47.6272143,-122.3914808,0.719598273,-3.819999933,1.163637315,0.098922546,0.796084141305936,-0.699572047813216,0,0.1,0,0,0,0.36,0.04,0.04,0,0.08,0.18,0.08,0,0,0,0,0.04,0,0,0,0.08,0,0,0,0,0,0,0,0,0
"EBM_W25","2025_01_28_11-43-29.jpg",2025-01-28,"winter","return",11:43:29,"Elliott_Bay_Marina",6,"shallow","EBM_W25_T6",13.60389006,1.980887949,26.94770063,465,6.333333333,47.6272063,-122.391495,1.257378436,-4.179999828,3.471146279,0.102408543,1.07028126749556,-0.21863224493819,0,0.32,0,0,0,0.12,0.18,0,0,0.02,0.18,0.06,0,0,0,0,0.1,0.02,0,0,0,0,0,0,0,0,0,0,0,0
"EBM_W25","2025_01_28_11-43-44.jpg",2025-01-28,"winter","return",11:43:44,"Elliott_Bay_Marina",6,"shallow","EBM_W25_T6",13.62426106,1.821504425,24.81653509,472,6.416666667,47.6272082,-122.3915137,1.057345078,-5.170000076,2.450507094,0.090480234,0.595815579927765,0.743298403677588,0,0.1,0,0,0,0.02,0.2,0,0,0,0.04,0.16,0.04,0,0,0,0.44,0,0,0,0,0,0,0,0,0,0,0,0,0
"EBM_W25","2025_01_28_11-43-56.jpg",2025-01-28,"winter","return",11:43:56,"Elliott_Bay_Marina",6,"shallow","EBM_W25_T6",13.62183478,1.739695652,23.69720239,478,6.5,47.6272111,-122.3915303,0.706086939,-5.150000095,1.092542702,0.064379894,1.02776139176785,-0.12020801392773,0,0.54,0,0,0,0.04,0.18,0.08,0,0,0,0.08,0,0.08,0,0,0,0,0,0,0,0,0,0,0,0,0,0,0,0
"EBM_W25","2025_01_28_11-44-11.jpg",2025-01-28,"winter","return",11:44:11,"Elliott_Bay_Marina",6,"shallow","EBM_W25_T6",13.62661339,1.687429806,22.99405944,487,6.611111111,47.6272108,-122.3915447,0.705097189,-5.389999866,1.10180652,0.077290729,1.0471388226201,-0.687015170354993,0,0.16,0,0,0,0.04,0.6,0.06,0,0,0,0.04,0,0.04,0,0,0.06,0,0,0,0,0,0,0,0,0,0,0,0,0
"EBM_W25","2025_01_28_11-44-23.jpg",2025-01-28,"winter","return",11:44:23,"Elliott_Bay_Marina",6,"shallow","EBM_W25_T6",13.6149087,1.856086957,25.27037857,494,6.722222222,47.6272101,-122.3915572,0.845434751,-5.130000114,1.566309537,0.078420407,0.585462613391776,-0.691310574857281,0,0.04,0,0,0,0.2,0.24,0.12,0,0.16,0.02,0.12,0.02,0,0,0,0.08,0,0,0,0,0,0,0,0,0,0,0,0,0
"EBM_W25","2025_01_28_11-44-35.jpg",2025-01-28,"winter","return",11:44:35,"Elliott_Bay_Marina",6,"shallow","EBM_W25_T6",13.61765577,1.78869281,24.35729142,500,6.805555556,47.6271951,-122.391563,0.643899757,-4.739999771,0.928100608,0.067540045,0.951773739116251,-0.103340169106883,0,0.32,0,0,0,0.04,0.1,0.04,0,0.02,0.06,0.34,0,0,0,0,0.06,0.02,0,0,0,0,0,0,0,0,0,0,0,0
"EBM_W25","2025_01_28_11-44-50.jpg",2025-01-28,"winter","return",11:44:50,"Elliott_Bay_Marina",6,"shallow","EBM_W25_T6",13.61227056,1.910238095,26.00249221,507,6.888888889,47.6271996,-122.3915802,0.586406918,-4.559999943,0.756312191,0.071249607,1.31885853961642,-0.722590198995782,0,0.1,0,0,0,0,0.54,0,0,0,0.04,0.2,0,0.1,0,0,0.02,0,0,0,0,0,0,0,0,0,0,0,0,0
"EBM_W25","2025_01_28_11-45-02.jpg",2025-01-28,"winter","return",11:45:02,"Elliott_Bay_Marina",6,"shallow","EBM_W25_T6",13.61410823,1.773116883,24.13940792,514,6.972222222,47.6272157,-122.391596,0.875108218,-4.380000114,1.678183721,0.092476641,0.946077947805243,-0.145736746298864,0,0.36,0,0,0,0.02,0.3,0.06,0,0.04,0.06,0.02,0,0.14,0,0,0,0,0,0,0,0,0,0,0,0,0,0,0,0
"EBM_W25","2025_01_28_11-45-11.jpg",2025-01-28,"winter","return",11:45:11,"Elliott_Bay_Marina",6,"shallow","EBM_W25_T6",13.59415845,2.519119718,34.24531433,519,7.055555556,47.6272064,-122.3916026,0.633943643,-4.289999962,1.120163902,0.131959541,1.01074902620302,-0.35807284964241,0,0.26,0,0,0,0.06,0.3,0,0,0.1,0.02,0.1,0,0.14,0,0,0,0.02,0,0,0,0,0,0,0,0,0,0,0,0
"EBM_W25","2025_01_28_11-45-23.jpg",2025-01-28,"winter","return",11:45:23,"Elliott_Bay_Marina",6,"shallow","EBM_W25_T6",13.61282505,1.988855292,27.07393369,526,7.138888889,47.6272186,-122.3916187,0.884578825,-4.119999886,1.715083165,0.084652905,1.06642770736529,-0.257307362864065,0,0.34,0,0,0,0.1,0.3,0,0,0.06,0.06,0.14,0,0,0,0,0,0,0,0,0,0,0,0,0,0,0,0,0,0
"EBM_W25","2025_01_28_11-45-35.jpg",2025-01-28,"winter","return",11:45:35,"Elliott_Bay_Marina",6,"shallow","EBM_W25_T6",13.59561987,2.511814255,34.14963646,533,7.25,47.6272205,-122.391631,0.812937342,-4.119999886,1.449363529,0.089909937,0.947126684701389,-0.366336121219751,0,0.26,0,0,0,0.3,0.18,0,0,0.02,0.08,0.02,0.02,0.12,0,0,0,0,0,0,0,0,0,0,0,0,0,0,0,0
"EBM_W25","2025_01_28_11-45-53.jpg",2025-01-28,"winter","return",11:45:53,"Elliott_Bay_Marina",6,"shallow","EBM_W25_T6",13.61364286,1.915909091,26.08239383,543,7.361111111,47.6272333,-122.3916407,1.035670962,-3.909999847,2.350569783,0.088713688,0.952249659525867,-0.258889528138118,0,0.3,0,0,0,0.12,0.16,0,0,0.06,0.1,0.04,0,0.06,0,0,0.12,0.04,0,0,0,0,0,0,0,0,0,0,0,0
"EBM_W25","2025_01_28_11-46-08.jpg",2025-01-28,"winter","return",11:46:08,"Elliott_Bay_Marina",6,"shallow","EBM_W25_T6",13.59986147,2.284761905,31.07234866,552,7.5,47.6272308,-122.3916453,0.916168824,-3.980000019,1.8397329,0.092331454,1.01275776255201,-0.148742345984342,0,0.38,0,0,0,0.08,0.26,0.04,0,0,0.04,0.08,0,0.02,0,0,0.1,0,0,0,0,0,0,0,0,0,0,0,0,0
"EBM_W25","2025_01_28_11-46-23.jpg",2025-01-28,"winter","return",11:46:23,"Elliott_Bay_Marina",6,"shallow","EBM_W25_T6",13.60806987,2.029454148,27.61524747,561,7.611111111,47.6272285,-122.3916545,1.044410438,-3.75,2.391047547,0.067375662,1.18271491095151,-0.14999864304692,0,0.32,0,0,0,0.04,0.26,0.02,0,0,0.12,0,0,0.16,0,0,0.08,0,0,0,0,0,0,0,0,0,0,0,0,0
"EBM_W25","2025_01_28_11-46-35.jpg",2025-01-28,"winter","return",11:46:35,"Elliott_Bay_Marina",6,"shallow","EBM_W25_T6",13.60009853,2.293249476,31.18915987,568,7.722222222,47.6272473,-122.3916602,0.337861633,-3.49000001,0.25115911,0.085974499,1.06456497699952,-0.387543509887523,0,0.3,0,0,0,0.26,0.12,0,0,0.04,0.08,0,0,0.18,0,0,0,0.02,0,0,0,0,0,0,0,0,0,0,0,0
"EBM_W25","2025_01_28_11-46-50.jpg",2025-01-28,"winter","return",11:46:50,"Elliott_Bay_Marina",6,"shallow","EBM_W25_T6",13.61353896,1.797012987,24.4635724,576,7.833333333,47.6272542,-122.3916718,0.679264051,-3.799999952,1.011378978,0.026682603,1.02794499607849,-0.581722493884888,0,0.18,0,0,0,0.04,0.4,0,0,0.2,0.04,0.04,0,0.1,0,0,0,0,0,0,0,0,0,0,0,0,0,0,0,0
"EBM_W25","2025_01_28_11-47-05.jpg",2025-01-28,"winter","return",11:47:05,"Elliott_Bay_Marina",6,"shallow","EBM_W25_T6",13.6055255,2.098891353,28.5564592,585,7.944444444,47.627261,-122.3916847,1.017960072,-3.669999838,2.270858074,0.085107956,1.02809176500804,-0.883225089489389,0,0.02,0,0,0,0.14,0.28,0,0,0.02,0.06,0.36,0,0.1,0,0,0,0.02,0,0,0,0,0,0,0,0,0,0,0,0
"EBM_W25","2025_01_28_11-47-20.jpg",2025-01-28,"winter","return",11:47:20,"Elliott_Bay_Marina",6,"shallow","EBM_W25_T6",13.6085913,2.015478261,27.42790539,594,8.083333333,47.6272523,-122.3916806,0.998260824,-3.809999943,2.188486483,0.062568471,0.985618273835367,-0.369228310510055,0,0.24,0,0,0,0.22,0.12,0,0,0.04,0.1,0.18,0,0.1,0,0,0,0,0,0,0,0,0,0,0,0,0,0,0,0
"EBM_W25","2025_01_28_11-47-36.jpg",2025-01-28,"winter","return",11:47:36,"Elliott_Bay_Marina",6,"shallow","EBM_W25_T6",13.60917521,2.10215812,28.60870808,603,8.194444444,47.6272635,-122.3917035,0.952649537,-4.029999733,1.990288883,0.125415344,0.832292076445449,-0.149474520304179,0,0.34,0,0,0,0.02,0.22,0,0,0.1,0.02,0.2,0.08,0,0,0,0,0,0,0,0,0,0,0,0,0.02,0,0,0,0
"EBM_W25","2025_01_28_11-47-51.jpg",2025-01-28,"winter","return",11:47:51,"Elliott_Bay_Marina",6,"shallow","EBM_W25_T6",13.60612821,2.174444444,29.5856659,612,8.305555556,47.6272631,-122.3917092,1.077179417,-4.25,2.543074347,0.080125586,1.0579797672478,-0.472842949304766,0,0.26,0,0,0,0.14,0.2,0,0,0.14,0,0.26,0,0,0,0,0,0,0,0,0,0,0,0,0,0,0,0,0,0
"EBM_W25","2025_01_28_11-48-06.jpg",2025-01-28,"winter","return",11:48:06,"Elliott_Bay_Marina",6,"shallow","EBM_W25_T6",13.60261472,2.216666667,30.15224641,621,8.444444444,47.6272665,-122.3917244,0.802034612,-4.529999733,1.414528378,0.08191854,1.00825781665931,-0.515711958525151,0,0.2,0,0,0,0.08,0.12,0,0,0.1,0.02,0.22,0,0.26,0,0,0,0,0,0,0,0,0,0,0,0,0,0,0,0
"EBM_W25","2025_01_28_11-48-21.jpg",2025-01-28,"winter","return",11:48:21,"Elliott_Bay_Marina",6,"shallow","EBM_W25_T6",13.60655085,2.088432203,28.41624903,630,8.555555556,47.6272735,-122.3917421,0.729766923,-4.190000057,1.195055706,0.054100831,1.01323380446831,-0.289553504932859,0,0.26,0,0,0,0.08,0.18,0,0,0.06,0.16,0.06,0,0.2,0,0,0,0,0,0,0,0,0,0,0,0,0,0,0,0
"EBM_W25","2025_01_28_11-48-36.jpg",2025-01-28,"winter","return",11:48:36,"Elliott_Bay_Marina",6,"shallow","EBM_W25_T6",13.60190713,2.190431965,29.79413073,639,8.694444444,47.6272772,-122.3917524,0.982613351,-4.099999905,2.127516616,0.093457163,0.980880387951629,-0.185977729280773,0,0.5,0,0,0,0.08,0.08,0.02,0,0.04,0.14,0.04,0,0.1,0,0,0,0,0,0,0,0,0,0,0,0,0,0,0,0
"EBM_W25","2025_01_28_11-49-09.jpg",2025-01-28,"winter","return",11:49:09,"Elliott_Bay_Marina",6,"shallow","EBM_W25_T6",13.60458134,2.197527115,29.89558048,660,8.972222222,47.6272795,-122.3917819,1.068915336,-4.099999905,2.503802791,0.058707096,0.777403727155059,-0.222947208714352,0,0.32,0,0,0,0.08,0.02,0.06,0,0.08,0.2,0.02,0,0.12,0,0,0.08,0.02,0,0,0,0,0,0,0,0,0,0,0,0
