Name,Row,Column,Label,Long Label,Patch Size,Machine confidence 1,Machine suggestion 1,Machine confidence 2,Machine suggestion 2,Machine confidence 3,Machine suggestion 3,Machine confidence 4,Machine suggestion 4,Machine confidence 5,Machine suggestion 5
2024_10_08_11-45-00.jpg,3539,4340,KE_sugar,kelp_sugar,224,,,,,,,,,,
2024_10_08_11-45-00.jpg,1723,3139,KE_sugar,kelp_sugar,224,,,,,,,,,,
2024_10_08_11-45-00.jpg,3111,1402,SU_peb,pebble,224,,,,,,,,,,
2024_10_08_11-45-00.jpg,1651,2636,KE_sugar,kelp_sugar,224,1.000,KE_sugar,0.000,GR_ulva,0.000,SU_bould,0.000,RE_leaf,0.000,SU_silt
2024_10_08_11-45-00.jpg,2632,235,KE_sugar,kelp_sugar,224,0.995,KE_sugar,0.005,KE_5rib,0.001,RE_fil,0.000,RE_leaf,0.000,RE_bush
2024_10_08_11-45-00.jpg,2798,580,KE_sugar,kelp_sugar,224,1.000,KE_sugar,0.000,KE_5rib,0.000,RE_leaf,0.000,RE_fil,0.000,KE_stipe
2024_10_08_11-45-00.jpg,1992,1024,SU_peb,pebble,224,,,,,,,,,,
2024_10_08_11-45-00.jpg,2381,4483,KE_sugar,kelp_sugar,224,,,,,,,,,,
2024_10_08_11-45-00.jpg,3748,3020,RE_fil,red_algae_filamentous,224,1.000,RE_fil,0.000,RE_leaf,0.000,KE_5rib,0.000,SU_bould,0.000,BR_sarg
2024_10_08_11-45-00.jpg,336,3009,SU_silt,silt,224,0.916,SU_silt,0.078,SU_sand,0.003,SU_peb,0.001,SU_bould,0.001,RE_CCA
2024_10_08_11-45-00.jpg,2089,4133,RE_fil,red_algae_filamentous,224,0.980,RE_fil,0.020,RE_leaf,0.000,KE_sugar,0.000,KE_5rib,0.000,RE_CCA
2024_10_08_11-45-00.jpg,2475,3329,GR_ulva,green_algae_ulva,224,0.999,GR_ulva,0.001,SU_bould,0.000,KE_stipe,0.000,KE_bull,0.000,RE_fil
2024_10_08_11-45-00.jpg,2145,3106,SU_bould,boulder,224,,,,,,,,,,
2024_10_08_11-45-00.jpg,3140,2241,RE_branch,red_algae_branching,224,,,,,,,,,,
2024_10_08_11-45-00.jpg,3453,752,SU_silt,silt,224,,,,,,,,,,
2024_10_08_11-45-00.jpg,2479,681,KE_sugar,kelp_sugar,224,,,,,,,,,,
2024_10_08_11-45-00.jpg,2386,1597,GR_ulva,green_algae_ulva,224,1.000,GR_ulva,0.000,RE_leaf,0.000,KE_bull,0.000,MS,0.000,KE_stipe
2024_10_08_11-45-00.jpg,1669,3910,SU_silt,silt,224,1.000,SU_silt,0.000,SU_shell,0.000,SU_sand,0.000,MS,0.000,KE_sugar
2024_10_08_11-45-00.jpg,1541,4316,SU_silt,silt,224,,,,,,,,,,
2024_10_08_11-45-00.jpg,3126,1907,GR_ulva,green_algae_ulva,224,1.000,GR_ulva,0.000,KE_bull,0.000,KE_stipe,0.000,SU_bould,0.000,BR_sarg
2024_10_08_11-45-00.jpg,2709,1904,GR_ulva,green_algae_ulva,224,1.000,GR_ulva,0.000,KE_bull,0.000,MS,0.000,BR_fucus,0.000,KE_sugar
2024_10_08_11-45-00.jpg,1795,1309,GR_ulva,green_algae_ulva,224,0.983,GR_ulva,0.006,KE_5rib,0.005,MS,0.003,KE_bull,0.002,KE_sugar
2024_10_08_11-45-00.jpg,1284,296,GR_ulva,green_algae_ulva,224,0.999,GR_ulva,0.000,KE_sieve,0.000,KE_sugar,0.000,SU_bould,0.000,SU_silt
2024_10_08_11-45-00.jpg,2095,2728,KE_sugar,kelp_sugar,224,,,,,,,,,,
2024_10_08_11-45-00.jpg,2369,1717,GR_ulva,green_algae_ulva,224,1.000,GR_ulva,0.000,RE_leaf,0.000,KE_bull,0.000,KE_stipe,0.000,BR_sarg
2024_10_08_11-45-00.jpg,1502,1803,GR_ulva,green_algae_ulva,224,1.000,GR_ulva,0.000,KE_5rib,0.000,KE_bull,0.000,RE_leaf,0.000,KE_sugar
2024_10_08_11-45-00.jpg,3755,1929,SU_peb,pebble,224,0.999,SU_peb,0.001,RE_bush,0.000,RE_fil,0.000,MS,0.000,SU_silt
2024_10_08_11-45-00.jpg,1397,113,GR_ulva,green_algae_ulva,224,1.000,GR_ulva,0.000,KE_sieve,0.000,KE_5rib,0.000,unknown,0.000,KE_stipe
2024_10_08_11-45-00.jpg,3363,3128,KE_sugar,kelp_sugar,224,,,,,,,,,,
2024_10_08_11-45-00.jpg,3279,2812,RE_fil,red_algae_filamentous,224,1.000,RE_fil,0.000,RE_leaf,0.000,KE_5rib,0.000,RE_bush,0.000,BR_sarg
2024_10_08_11-45-00.jpg,2475,2243,KE_sugar,kelp_sugar,224,1.000,KE_sugar,0.000,KE_sieve,0.000,SI_kelpBry,0.000,RE_CCA,0.000,SU_silt
2024_10_08_11-45-00.jpg,3491,3474,RE_leaf,red_algae_flat_leaf,224,,,,,,,,,,
2024_10_08_11-45-00.jpg,1758,819,GR_ulva,green_algae_ulva,224,1.000,GR_ulva,0.000,KE_bull,0.000,KE_sugar,0.000,KE_stipe,0.000,BR_fucus
2024_10_08_11-45-00.jpg,1608,759,GR_ulva,green_algae_ulva,224,1.000,GR_ulva,0.000,BR_fucus,0.000,KE_sieve,0.000,KE_5rib,0.000,unknown
2024_10_08_11-45-00.jpg,3039,4316,KE_sugar,kelp_sugar,224,0.944,KE_sugar,0.055,RE_leaf,0.002,KE_5rib,0.000,MS,0.000,SU_silt
2024_10_08_11-45-00.jpg,2437,2949,GR_ulva,green_algae_ulva,224,,,,,,,,,,
2024_10_08_11-45-00.jpg,481,3574,SU_silt,silt,224,1.000,SU_silt,0.000,MS,0.000,SU_shell,0.000,SU_sand,0.000,RE_bush
2024_10_08_11-45-00.jpg,3230,3661,KE_sugar,kelp_sugar,224,,,,,,,,,,
2024_10_08_11-45-00.jpg,940,119,GR_ulva,green_algae_ulva,224,1.000,GR_ulva,0.000,SU_cob,0.000,KE_5rib,0.000,RE_leaf,0.000,BR_sarg
2024_10_08_11-45-00.jpg,1102,2816,GR_ulva,green_algae_ulva,224,,,,,,,,,,
2024_10_08_11-45-00.jpg,3153,581,RE_leaf,red_algae_flat_leaf,224,,,,,,,,,,
2024_10_08_11-45-00.jpg,3161,1730,SU_cob,cobble,224,,,,,,,,,,
2024_10_08_11-45-00.jpg,1489,3632,KE_sugar,kelp_sugar,224,,,,,,,,,,
2024_10_08_11-45-00.jpg,3482,4040,KE_sugar,kelp_sugar,224,0.973,KE_sugar,0.016,RE_leaf,0.010,KE_5rib,0.001,MS,0.000,unknown
2024_10_08_11-45-00.jpg,679,1299,RE_branch,red_algae_branching,224,,,,,,,,,,
2024_10_08_11-45-00.jpg,498,3450,SU_silt,silt,224,0.999,SU_silt,0.001,MS,0.000,RE_CCA,0.000,SU_sand,0.000,SU_shell
2024_10_08_11-45-00.jpg,403,457,KE_sugar,kelp_sugar,224,0.956,KE_sugar,0.028,SU_silt,0.009,MS,0.005,RE_leaf,0.001,RE_CCA
2024_10_08_11-45-00.jpg,395,1813,GR_ulva,green_algae_ulva,224,1.000,GR_ulva,0.000,BR_sarg,0.000,KE_5rib,0.000,KE_sieve,0.000,MS
2024_10_08_11-45-00.jpg,1326,1246,GR_ulva,green_algae_ulva,224,0.928,GR_ulva,0.047,KE_stipe,0.019,KE_bull,0.005,MS,0.000,SU_peb
2024_10_08_11-45-00.jpg,796,4381,KE_sugar,kelp_sugar,224,0.999,KE_sugar,0.001,SU_silt,0.000,KE_5rib,0.000,BR_fucus,0.000,RE_leaf
2024_10_08_11-45-09.jpg,631,1632,RE_leaf,red_algae_flat_leaf,224,1.000,RE_leaf,0.000,KE_5rib,0.000,KE_sugar,0.000,RE_fil,0.000,GR_ulva
2024_10_08_11-45-09.jpg,3292,2558,RE_branch,red_algae_branching,224,,,,,,,,,,
2024_10_08_11-45-09.jpg,946,1301,RE_leaf,red_algae_flat_leaf,224,0.999,RE_leaf,0.001,MS,0.000,RE_fil,0.000,GR_ulva,0.000,SU_bould
2024_10_08_11-45-09.jpg,3426,2727,RE_bush,red_algae_bushy,224,,,,,,,,,,
2024_10_08_11-45-09.jpg,775,4160,RE_bush,red_algae_bushy,224,0.998,RE_bush,0.001,BR_sarg,0.000,RE_fil,0.000,BR_fucus,0.000,RE_branch
2024_10_08_11-45-09.jpg,1767,3325,GR_ulva,green_algae_ulva,224,1.000,GR_ulva,0.000,unknown,0.000,RE_leaf,0.000,KE_sieve,0.000,KE_bull
2024_10_08_11-45-09.jpg,1354,325,RE_bush,red_algae_bushy,224,,,,,,,,,,
2024_10_08_11-45-09.jpg,2419,599,GR_ulva,green_algae_ulva,224,1.000,GR_ulva,0.000,KE_5rib,0.000,RE_leaf,0.000,MS,0.000,BR_sarg
2024_10_08_11-45-09.jpg,3172,2708,RE_leaf,red_algae_flat_leaf,224,1.000,RE_leaf,0.000,RE_branch,0.000,MS,0.000,RE_fil,0.000,KE_sieve
2024_10_08_11-45-09.jpg,3422,501,GR_ulva,green_algae_ulva,224,0.998,GR_ulva,0.002,KE_stipe,0.000,SU_bould,0.000,KE_bull,0.000,BR_sarg
2024_10_08_11-45-09.jpg,1694,4223,KE_sugar,kelp_sugar,224,0.962,KE_sugar,0.029,RE_bush,0.005,KE_5rib,0.002,BR_fucus,0.001,RE_branch
2024_10_08_11-45-09.jpg,2927,157,RE_branch,red_algae_branching,224,1.000,RE_branch,0.000,RE_leaf,0.000,RE_bush,0.000,BR_sarg,0.000,RE_CCA
2024_10_08_11-45-09.jpg,641,2111,RE_fil,red_algae_filamentous,224,,,,,,,,,,
2024_10_08_11-45-09.jpg,3548,2998,RE_leaf,red_algae_flat_leaf,224,,,,,,,,,,
2024_10_08_11-45-09.jpg,334,2928,GR_ulva,green_algae_ulva,224,0.907,GR_ulva,0.081,SU_bould,0.007,KE_stipe,0.002,BR_fucus,0.001,RE_bush
2024_10_08_11-45-09.jpg,314,284,RE_bush,red_algae_bushy,224,,,,,,,,,,
2024_10_08_11-45-09.jpg,227,1513,KE_sugar,kelp_sugar,224,0.999,KE_sugar,0.000,SU_bould,0.000,RE_fil,0.000,KE_sieve,0.000,GR_ulva
2024_10_08_11-45-09.jpg,1473,2746,GR_ulva,green_algae_ulva,224,1.000,GR_ulva,0.000,KE_bull,0.000,KE_stipe,0.000,BR_sarg,0.000,KE_sieve
2024_10_08_11-45-09.jpg,2115,1798,RE_fil,red_algae_filamentous,224,1.000,RE_fil,0.000,RE_leaf,0.000,RE_branch,0.000,RE_CCA,0.000,BR_sarg
2024_10_08_11-45-09.jpg,112,3327,KE_sugar,kelp_sugar,224,1.000,KE_sugar,0.000,KE_sieve,0.000,SU_bould,0.000,RE_leaf,0.000,SU_silt
2024_10_08_11-45-09.jpg,511,3837,unknown,unknown_area,224,,,,,,,,,,
2024_10_08_11-45-09.jpg,2302,1083,GR_ulva,green_algae_ulva,224,1.000,GR_ulva,0.000,MS,0.000,KE_bull,0.000,SU_bould,0.000,RE_leaf
2024_10_08_11-45-09.jpg,1208,2723,KE_bull,kelp_bull_ blade,224,0.957,KE_bull,0.043,GR_ulva,0.000,KE_sugar,0.000,BR_fucus,0.000,KE_stipe
2024_10_08_11-45-09.jpg,3551,3354,KE_sugar,kelp_sugar,224,,,,,,,,,,
2024_10_08_11-45-09.jpg,3373,1231,GR_ulva,green_algae_ulva,224,1.000,GR_ulva,0.000,RE_leaf,0.000,unknown,0.000,KE_sugar,0.000,KE_5rib
2024_10_08_11-45-09.jpg,949,4411,unknown,unknown_area,224,,,,,,,,,,
2024_10_08_11-45-09.jpg,299,2654,RE_bush,red_algae_bushy,224,1.000,RE_bush,0.000,RE_branch,0.000,SU_sand,0.000,KE_holdfas,0.000,SI
2024_10_08_11-45-09.jpg,1974,2392,GR_ulva,green_algae_ulva,224,0.994,GR_ulva,0.002,KE_sieve,0.001,SU_bould,0.001,KE_bull,0.001,KE_stipe
2024_10_08_11-45-09.jpg,3428,184,RE_branch,red_algae_branching,224,,,,,,,,,,
2024_10_08_11-45-09.jpg,2360,3166,RE_bush,red_algae_bushy,224,,,,,,,,,,
2024_10_08_11-45-09.jpg,664,2938,GR_ulva,green_algae_ulva,224,,,,,,,,,,
2024_10_08_11-45-09.jpg,1675,2230,RE_fil,red_algae_filamentous,224,0.995,RE_fil,0.005,KE_stipe,0.000,SI,0.000,KE_sugar,0.000,MS
2024_10_08_11-45-09.jpg,1451,3024,GR_ulva,green_algae_ulva,224,0.999,GR_ulva,0.001,unknown,0.000,SU_bould,0.000,RE_fil,0.000,KE_stipe
2024_10_08_11-45-09.jpg,215,2494,RE_bush,red_algae_bushy,224,1.000,RE_bush,0.000,RE_leaf,0.000,RE_branch,0.000,RE_fil,0.000,MS
2024_10_08_11-45-09.jpg,1784,2844,GR_ulva,green_algae_ulva,224,1.000,GR_ulva,0.000,KE_sieve,0.000,RE_leaf,0.000,KE_bull,0.000,KE_5rib
2024_10_08_11-45-09.jpg,2968,1187,GR_ulva,green_algae_ulva,224,1.000,GR_ulva,0.000,KE_5rib,0.000,KE_sieve,0.000,RE_leaf,0.000,unknown
2024_10_08_11-45-09.jpg,551,4272,RE_bush,red_algae_bushy,224,0.965,RE_bush,0.019,RE_fil,0.012,KE_5rib,0.002,RE_branch,0.001,SU_bould
2024_10_08_11-45-09.jpg,3071,2176,KE_stipe,kelp_stipe,224,0.973,KE_stipe,0.016,KE_bull,0.009,GR_ulva,0.001,SU_peb,0.001,MS
2024_10_08_11-45-09.jpg,3820,403,GR_ulva,green_algae_ulva,224,1.000,GR_ulva,0.000,KE_sieve,0.000,unknown,0.000,MS,0.000,RE_leaf
2024_10_08_11-45-09.jpg,3356,4225,SU_silt,silt,224,0.991,SU_silt,0.003,SU_shell,0.003,SU_cob,0.001,KE_5rib,0.001,SU_peb
2024_10_08_11-45-09.jpg,168,3978,KE_5rib,kelp_five_rib,224,0.924,KE_5rib,0.060,RE_CCA,0.004,RE_bush,0.004,KE_sugar,0.003,RE_branch
2024_10_08_11-45-09.jpg,2513,2742,GR_ulva,green_algae_ulva,224,1.000,GR_ulva,0.000,KE_bull,0.000,KE_stipe,0.000,BR_fucus,0.000,KE_5rib
2024_10_08_11-45-09.jpg,2884,849,GR_ulva,green_algae_ulva,224,0.924,GR_ulva,0.068,KE_stipe,0.007,MS,0.000,KE_bull,0.000,RE_leaf
2024_10_08_11-45-09.jpg,1690,3191,GR_ulva,green_algae_ulva,224,1.000,GR_ulva,0.000,unknown,0.000,KE_sieve,0.000,RE_leaf,0.000,KE_stipe
2024_10_08_11-45-09.jpg,1758,3829,GR_ulva,green_algae_ulva,224,1.000,GR_ulva,0.000,KE_sieve,0.000,KE_5rib,0.000,unknown,0.000,RE_leaf
2024_10_08_11-45-09.jpg,3721,1526,GR_ulva,green_algae_ulva,224,1.000,GR_ulva,0.000,KE_5rib,0.000,unknown,0.000,RE_leaf,0.000,MS
2024_10_08_11-45-09.jpg,1757,1694,RE_fil,red_algae_filamentous,224,1.000,RE_fil,0.000,BR_sarg,0.000,RE_branch,0.000,KE_sieve,0.000,GR_ulva
2024_10_08_11-45-09.jpg,3298,2225,SU_bould,boulder,224,,,,,,,,,,
2024_10_08_11-45-09.jpg,492,628,RE_leaf,red_algae_flat_leaf,224,0.996,RE_leaf,0.004,RE_branch,0.000,RE_fil,0.000,RE_CCA,0.000,MS
2024_10_08_11-45-09.jpg,3788,3270,SU_bould,boulder,224,0.973,SU_bould,0.013,RE_fil,0.005,KE_stipe,0.003,KE_sugar,0.002,KE_5rib
2024_10_08_11-45-18.jpg,3204,2895,KE_sugar,kelp_sugar,224,0.978,KE_sugar,0.016,RE_leaf,0.004,RE_fil,0.001,KE_sieve,0.001,SU_bould
2024_10_08_11-45-18.jpg,2432,2437,GR_ulva,green_algae_ulva,224,1.000,GR_ulva,0.000,KE_bull,0.000,KE_sieve,0.000,SU_bould,0.000,RE_leaf
2024_10_08_11-45-18.jpg,2163,3387,SU_peb,pebble,224,1.000,SU_peb,0.000,SU_shell,0.000,KE_stipe,0.000,KE_bull,0.000,BR_fucus
2024_10_08_11-45-18.jpg,1827,2318,GR_ulva,green_algae_ulva,224,1.000,GR_ulva,0.000,KE_bull,0.000,BR_sarg,0.000,RE_leaf,0.000,KE_sieve
2024_10_08_11-45-18.jpg,2952,1402,RE_leaf,red_algae_flat_leaf,224,,,,,,,,,,
2024_10_08_11-45-18.jpg,1607,1107,RE_fil,red_algae_filamentous,224,,,,,,,,,,
2024_10_08_11-45-18.jpg,998,2590,GR_ulva,green_algae_ulva,224,0.998,GR_ulva,0.001,KE_bull,0.000,BR_sarg,0.000,BR_fucus,0.000,KE_sieve
2024_10_08_11-45-18.jpg,2099,1635,GR_ulva,green_algae_ulva,224,,,,,,,,,,
2024_10_08_11-45-18.jpg,1412,1149,SU_bould,boulder,224,,,,,,,,,,
2024_10_08_11-45-18.jpg,2335,4286,KE_sugar,kelp_sugar,224,,,,,,,,,,
2024_10_08_11-45-18.jpg,1168,1023,SU_bould,boulder,224,,,,,,,,,,
2024_10_08_11-45-18.jpg,3617,325,SU_cob,cobble,224,0.907,SU_cob,0.047,SU_shell,0.022,SU_peb,0.014,KE_stipe,0.009,SU_bould
2024_10_08_11-45-18.jpg,1531,3995,RE_branch,red_algae_branching,224,,,,,,,,,,
2024_10_08_11-45-18.jpg,999,755,RE_branch,red_algae_branching,224,,,,,,,,,,
2024_10_08_11-45-18.jpg,1830,4370,KE_sugar,kelp_sugar,224,,,,,,,,,,
2024_10_08_11-45-18.jpg,601,1519,RE_branch,red_algae_branching,224,0.947,RE_branch,0.046,BR_sarg,0.006,RE_fil,0.000,RE_bush,0.000,RE_leaf
2024_10_08_11-45-18.jpg,3461,4100,Review,Review,224,,,,,,,,,,
2024_10_08_11-45-18.jpg,2832,2935,KE_sugar,kelp_sugar,224,0.997,KE_sugar,0.003,KE_sieve,0.000,KE_5rib,0.000,RE_leaf,0.000,MS
2024_10_08_11-45-18.jpg,2075,3875,RE_fil,red_algae_filamentous,224,1.000,RE_fil,0.000,RE_leaf,0.000,RE_CCA,0.000,KE_sugar,0.000,MS
2024_10_08_11-45-18.jpg,2970,2071,RE_fil,red_algae_filamentous,224,0.994,RE_fil,0.004,BR_sarg,0.001,MS,0.000,KE_holdfas,0.000,KE_stipe
2024_10_08_11-45-18.jpg,2140,3104,SU_peb,pebble,224,0.997,SU_peb,0.002,SU_cob,0.001,SI,0.001,KE_stipe,0.000,SU_bould
2024_10_08_11-45-18.jpg,839,797,RE_branch,red_algae_branching,224,,,,,,,,,,
2024_10_08_11-45-18.jpg,896,591,RE_branch,red_algae_branching,224,,,,,,,,,,
2024_10_08_11-45-18.jpg,1075,3078,RE_leaf,red_algae_flat_leaf,224,0.996,RE_leaf,0.004,MS,0.000,KE_stipe,0.000,RE_bush,0.000,RE_fil
2024_10_08_11-45-18.jpg,444,4351,GR_ulva,green_algae_ulva,224,0.979,GR_ulva,0.021,unknown,0.000,MS,0.000,KE_sieve,0.000,KE_stipe
2024_10_08_11-45-18.jpg,3443,1104,SU_bould,boulder,224,0.972,SU_bould,0.016,KE_stipe,0.006,SU_peb,0.004,MS,0.002,SU_sand
2024_10_08_11-45-18.jpg,2464,1283,RE_fil,red_algae_filamentous,224,,,,,,,,,,
2024_10_08_11-45-18.jpg,1475,1811,SU_cob,cobble,224,,,,,,,,,,
2024_10_08_11-45-18.jpg,3551,1769,RE_fil,red_algae_filamentous,224,0.998,RE_fil,0.001,RE_leaf,0.001,RE_bush,0.000,RE_branch,0.000,SU_bould
2024_10_08_11-45-18.jpg,2861,3957,BR_sarg,brown_algae_sargassum,224,,,,,,,,,,
2024_10_08_11-45-18.jpg,1859,1500,GR_ulva,green_algae_ulva,224,1.000,GR_ulva,0.000,KE_bull,0.000,RE_leaf,0.000,KE_sieve,0.000,KE_5rib
2024_10_08_11-45-18.jpg,3723,2243,SU_cob,cobble,224,,,,,,,,,,
2024_10_08_11-45-18.jpg,2752,4318,RE_branch,red_algae_branching,224,,,,,,,,,,
2024_10_08_11-45-18.jpg,2829,1556,RE_bush,red_algae_bushy,224,0.995,RE_bush,0.003,BR_sarg,0.001,RE_branch,0.000,SU_peb,0.000,SU_cob
2024_10_08_11-45-18.jpg,352,2435,RE_branch,red_algae_branching,224,1.000,RE_branch,0.000,RE_CCA,0.000,RE_fil,0.000,RE_leaf,0.000,SU_bould
2024_10_08_11-45-18.jpg,2942,1581,SU_bould,boulder,224,,,,,,,,,,
2024_10_08_11-45-18.jpg,1412,2598,GR_ulva,green_algae_ulva,224,1.000,GR_ulva,0.000,KE_bull,0.000,KE_stipe,0.000,RE_CCA,0.000,SU_bould
2024_10_08_11-45-18.jpg,1598,3426,SU_bould,boulder,224,,,,,,,,,,
2024_10_08_11-45-18.jpg,3624,4170,unknown,unknown_area,224,,,,,,,,,,
2024_10_08_11-45-18.jpg,517,596,RE_fil,red_algae_filamentous,224,0.930,RE_fil,0.061,RE_bush,0.006,KE_stipe,0.002,RE_leaf,0.001,RE_branch
2024_10_08_11-45-18.jpg,2239,3783,RE_fil,red_algae_filamentous,224,,,,,,,,,,
2024_10_08_11-45-18.jpg,1383,2748,GR_ulva,green_algae_ulva,224,1.000,GR_ulva,0.000,KE_stipe,0.000,SU_bould,0.000,KE_bull,0.000,KE_sieve
2024_10_08_11-45-18.jpg,2412,738,SU_bould,boulder,224,,,,,,,,,,
2024_10_08_11-45-18.jpg,1360,576,SU_bould,boulder,224,0.914,SU_bould,0.044,MS,0.033,SU_cob,0.007,SU_shell,0.001,SU_sand
2024_10_08_11-45-18.jpg,2992,1287,RE_leaf,red_algae_flat_leaf,224,,,,,,,,,,
2024_10_08_11-45-18.jpg,841,432,RE_leaf,red_algae_flat_leaf,224,,,,,,,,,,
2024_10_08_11-45-18.jpg,3042,1038,SU_cob,cobble,224,,,,,,,,,,
2024_10_08_11-45-18.jpg,456,1864,GR_ulva,green_algae_ulva,224,,,,,,,,,,
2024_10_08_11-45-18.jpg,147,307,SU_peb,pebble,224,,,,,,,,,,
2024_10_08_11-45-18.jpg,267,4182,GR_ulva,green_algae_ulva,224,,,,,,,,,,
2024_10_08_11-45-27.jpg,2676,2137,RE_leaf,red_algae_flat_leaf,224,,,,,,,,,,
2024_10_08_11-45-27.jpg,1915,480,SU_bould,boulder,224,,,,,,,,,,
2024_10_08_11-45-27.jpg,932,804,SU_bould,boulder,224,,,,,,,,,,
2024_10_08_11-45-27.jpg,2936,353,RE_fil,red_algae_filamentous,224,0.995,RE_fil,0.005,RE_branch,0.000,RE_leaf,0.000,BR_sarg,0.000,KE_5rib
2024_10_08_11-45-27.jpg,3357,3433,SU_peb,pebble,224,0.999,SU_peb,0.000,SU_bould,0.000,KE_stipe,0.000,SU_cob,0.000,SU_silt
2024_10_08_11-45-27.jpg,887,2556,SU_sand,sand_fine_shell,224,,,,,,,,,,
2024_10_08_11-45-27.jpg,1765,1380,KE_sugar,kelp_sugar,224,,,,,,,,,,
2024_10_08_11-45-27.jpg,2193,1160,KE_sugar,kelp_sugar,224,,,,,,,,,,
2024_10_08_11-45-27.jpg,1545,1414,RE_branch,red_algae_branching,224,,,,,,,,,,
2024_10_08_11-45-27.jpg,3638,3813,SU_peb,pebble,224,,,,,,,,,,
2024_10_08_11-45-27.jpg,2491,373,KE_sugar,kelp_sugar,224,,,,,,,,,,
2024_10_08_11-45-27.jpg,525,3467,SU_cob,cobble,224,,,,,,,,,,
2024_10_08_11-45-27.jpg,699,1334,RE_branch,red_algae_branching,224,,,,,,,,,,
2024_10_08_11-45-27.jpg,901,1317,RE_leaf,red_algae_flat_leaf,224,1.000,RE_leaf,0.000,MS,0.000,RE_fil,0.000,RE_CCA,0.000,KE_stipe
2024_10_08_11-45-27.jpg,859,3246,SU_cob,cobble,224,,,,,,,,,,
2024_10_08_11-45-27.jpg,2510,1663,SU_peb,pebble,224,,,,,,,,,,
2024_10_08_11-45-27.jpg,3302,798,KE_5rib,kelp_five_rib,224,,,,,,,,,,
2024_10_08_11-45-27.jpg,2288,1023,KE_sugar,kelp_sugar,224,1.000,KE_sugar,0.000,GR_ulva,0.000,RE_leaf,0.000,KE_5rib,0.000,RE_fil
2024_10_08_11-45-27.jpg,500,1889,SU_bould,boulder,224,,,,,,,,,,
2024_10_08_11-45-27.jpg,2506,584,RE_branch,red_algae_branching,224,1.000,RE_branch,0.000,BR_sarg,0.000,RE_bush,0.000,RE_fil,0.000,KE_holdfas
2024_10_08_11-45-27.jpg,3559,2716,RE_leaf,red_algae_flat_leaf,224,,,,,,,,,,
2024_10_08_11-45-27.jpg,1373,1803,GR_ulva,green_algae_ulva,224,,,,,,,,,,
2024_10_08_11-45-27.jpg,3225,3987,SU_bould,boulder,224,0.982,SU_bould,0.012,SU_peb,0.003,GR_ulva,0.002,KE_stipe,0.001,SU_cob
2024_10_08_11-45-27.jpg,124,3836,KE_sugar,kelp_sugar,224,0.993,KE_sugar,0.002,KE_5rib,0.001,KE_holdfas,0.001,GR_ulva,0.001,KE_stipe
2024_10_08_11-45-27.jpg,2256,3634,KE_sugar,kelp_sugar,224,0.999,KE_sugar,0.001,KE_5rib,0.000,RE_leaf,0.000,KE_sieve,0.000,MS
2024_10_08_11-45-27.jpg,3252,3566,SU_peb,pebble,224,0.948,SU_peb,0.052,SU_silt,0.000,SU_shell,0.000,SU_bould,0.000,SU_sand
2024_10_08_11-45-27.jpg,3027,2727,RE_CCA,red_algae_encrusting_CCA,224,0.983,RE_CCA,0.012,SU_cob,0.004,SU_bould,0.000,RE_leaf,0.000,MS
2024_10_08_11-45-27.jpg,1277,3487,SU_cob,cobble,224,,,,,,,,,,
2024_10_08_11-45-27.jpg,598,4437,KE_sugar,kelp_sugar,224,0.924,KE_sugar,0.035,MS,0.019,SU_silt,0.017,GR_ulva,0.003,unknown
2024_10_08_11-45-27.jpg,2390,4351,unknown,unknown_area,224,,,,,,,,,,
2024_10_08_11-45-27.jpg,2529,3002,RE_branch,red_algae_branching,224,0.915,RE_branch,0.050,KE_holdfas,0.017,RE_bush,0.012,RE_fil,0.002,KE_5rib
2024_10_08_11-45-27.jpg,154,1459,KE_sugar,kelp_sugar,224,,,,,,,,,,
2024_10_08_11-45-27.jpg,536,1630,GR_ulva,green_algae_ulva,224,1.000,GR_ulva,0.000,SU_peb,0.000,BR_sarg,0.000,KE_stipe,0.000,KE_sugar
2024_10_08_11-45-27.jpg,3134,1407,KE_5rib,kelp_five_rib,224,,,,,,,,,,
2024_10_08_11-45-27.jpg,2437,185,KE_sugar,kelp_sugar,224,,,,,,,,,,
2024_10_08_11-45-27.jpg,832,4423,Review,Review,224,,,,,,,,,,
2024_10_08_11-45-27.jpg,2695,1286,SU_peb,pebble,224,,,,,,,,,,
2024_10_08_11-45-27.jpg,3035,4482,SU_cob,cobble,224,,,,,,,,,,
2024_10_08_11-45-27.jpg,1430,3581,SU_peb,pebble,224,0.986,SU_peb,0.006,SU_cob,0.004,SU_sand,0.003,SU_bould,0.001,SU_silt
2024_10_08_11-45-27.jpg,760,3774,KE_sugar,kelp_sugar,224,1.000,KE_sugar,0.000,GR_ulva,0.000,KE_5rib,0.000,MS,0.000,KE_sieve
2024_10_08_11-45-27.jpg,3347,2877,SU_peb,pebble,224,1.000,SU_peb,0.000,SU_silt,0.000,SU_cob,0.000,KE_stipe,0.000,BR_fucus
2024_10_08_11-45-27.jpg,3814,1084,KE_5rib,kelp_five_rib,224,0.991,KE_5rib,0.007,KE_sugar,0.002,RE_leaf,0.000,KE_sieve,0.000,GR_ulva
2024_10_08_11-45-27.jpg,1149,1528,GR_ulva,green_algae_ulva,224,1.000,GR_ulva,0.000,RE_leaf,0.000,KE_5rib,0.000,KE_stipe,0.000,MS
2024_10_08_11-45-27.jpg,947,2214,RE_branch,red_algae_branching,224,,,,,,,,,,
2024_10_08_11-45-27.jpg,1708,3364,KE_sugar,kelp_sugar,224,,,,,,,,,,
2024_10_08_11-45-27.jpg,468,2442,RE_fil,red_algae_filamentous,224,,,,,,,,,,
2024_10_08_11-45-27.jpg,2472,4155,GR_ulva,green_algae_ulva,224,0.965,GR_ulva,0.031,KE_bull,0.002,KE_stipe,0.001,KE_sugar,0.001,BR_fucus
2024_10_08_11-45-27.jpg,3457,1965,SU_bould,boulder,224,,,,,,,,,,
2024_10_08_11-45-27.jpg,3077,2421,RE_leaf,red_algae_flat_leaf,224,,,,,,,,,,
2024_10_08_11-45-27.jpg,2094,1854,GR_ulva,green_algae_ulva,224,1.000,GR_ulva,0.000,KE_bull,0.000,RE_leaf,0.000,KE_sugar,0.000,KE_5rib
2024_10_08_11-45-36.jpg,2890,2901,SU_peb,pebble,224,0.999,SU_peb,0.000,MS,0.000,SU_cob,0.000,KE_stipe,0.000,KE_5rib
2024_10_08_11-45-36.jpg,2588,648,SU_peb,pebble,224,,,,,,,,,,
2024_10_08_11-45-36.jpg,1430,2448,SU_peb,pebble,224,,,,,,,,,,
2024_10_08_11-45-36.jpg,1207,2150,GR_ulva,green_algae_ulva,224,1.000,GR_ulva,0.000,KE_bull,0.000,BR_sarg,0.000,KE_stipe,0.000,SU_peb
2024_10_08_11-45-36.jpg,2398,3218,RE_leaf,red_algae_flat_leaf,224,1.000,RE_leaf,0.000,KE_sugar,0.000,MS,0.000,KE_sieve,0.000,GR_ulva
2024_10_08_11-45-36.jpg,396,2480,SU_peb,pebble,224,,,,,,,,,,
2024_10_08_11-45-36.jpg,351,451,SU_peb,pebble,224,,,,,,,,,,
2024_10_08_11-45-36.jpg,751,1441,RE_bush,red_algae_bushy,224,0.914,RE_bush,0.033,SU_peb,0.023,BR_sarg,0.016,SU_bould,0.010,KE_holdfas
2024_10_08_11-45-36.jpg,2821,3653,SU_bould,boulder,224,,,,,,,,,,
2024_10_08_11-45-36.jpg,1047,4389,RE_fil,red_algae_filamentous,224,,,,,,,,,,
2024_10_08_11-45-36.jpg,3171,4372,GR_ulva,green_algae_ulva,224,0.990,GR_ulva,0.008,KE_stipe,0.001,SU_bould,0.001,KE_sieve,0.000,KE_5rib
2024_10_08_11-45-36.jpg,2600,1755,KE_stipe,kelp_stipe,224,0.972,KE_stipe,0.015,BR_sarg,0.010,RE_bush,0.001,KE_bull,0.001,GR_ulva
2024_10_08_11-45-36.jpg,1152,3413,GR_ulva,green_algae_ulva,224,1.000,GR_ulva,0.000,BR_sarg,0.000,RE_leaf,0.000,KE_5rib,0.000,KE_sugar
2024_10_08_11-45-36.jpg,3135,1760,GR_ulva,green_algae_ulva,224,1.000,GR_ulva,0.000,BR_sarg,0.000,KE_stipe,0.000,SU_peb,0.000,KE_bull
2024_10_08_11-45-36.jpg,1835,1044,SU_sand,sand_fine_shell,224,,,,,,,,,,
2024_10_08_11-45-36.jpg,3552,1490,Review,Review,224,,,,,,,,,,
2024_10_08_11-45-36.jpg,3819,1654,KE_sugar,kelp_sugar,224,,,,,,,,,,
2024_10_08_11-45-36.jpg,1664,1114,SU_peb,pebble,224,,,,,,,,,,
2024_10_08_11-45-36.jpg,1246,1351,RE_branch,red_algae_branching,224,,,,,,,,,,
2024_10_08_11-45-36.jpg,747,4058,SU_peb,pebble,224,1.000,SU_peb,0.000,SU_cob,0.000,SU_bould,0.000,KE_stipe,0.000,SU_sand
2024_10_08_11-45-36.jpg,1039,2416,BR_sarg,brown_algae_sargassum,224,,,,,,,,,,
2024_10_08_11-45-36.jpg,3457,3496,KE_sugar,kelp_sugar,224,0.999,KE_sugar,0.001,KE_5rib,0.000,MS,0.000,KE_sieve,0.000,RE_leaf
2024_10_08_11-45-36.jpg,2714,2173,SU_bould,boulder,224,,,,,,,,,,
2024_10_08_11-45-36.jpg,3895,848,SU_peb,pebble,224,0.999,SU_peb,0.000,SU_cob,0.000,MS,0.000,SU_bould,0.000,SU_silt
2024_10_08_11-45-36.jpg,3441,935,SU_cob,cobble,224,,,,,,,,,,
2024_10_08_11-45-36.jpg,2725,1399,BR_sarg,brown_algae_sargassum,224,,,,,,,,,,
2024_10_08_11-45-36.jpg,743,1237,RE_bush,red_algae_bushy,224,0.999,RE_bush,0.001,SU_peb,0.000,RE_fil,0.000,SU_cob,0.000,SU_bould
2024_10_08_11-45-36.jpg,3011,2910,SU_peb,pebble,224,1.000,SU_peb,0.000,SU_shell,0.000,SU_cob,0.000,KE_stipe,0.000,MS
2024_10_08_11-45-36.jpg,3502,587,SU_peb,pebble,224,,,,,,,,,,
2024_10_08_11-45-36.jpg,1669,3607,SU_peb,pebble,224,,,,,,,,,,
2024_10_08_11-45-36.jpg,452,1738,SU_peb,pebble,224,,,,,,,,,,
2024_10_08_11-45-36.jpg,3833,3638,KE_sugar,kelp_sugar,224,,,,,,,,,,
2024_10_08_11-45-36.jpg,781,3581,GR_ulva,green_algae_ulva,224,1.000,GR_ulva,0.000,SU_cob,0.000,BR_sarg,0.000,BR_fucus,0.000,RE_leaf
2024_10_08_11-45-36.jpg,657,3080,RE_fil,red_algae_filamentous,224,,,,,,,,,,
2024_10_08_11-45-36.jpg,3390,2013,SU_bould,boulder,224,,,,,,,,,,
2024_10_08_11-45-36.jpg,795,4301,SU_peb,pebble,224,,,,,,,,,,
2024_10_08_11-45-36.jpg,1785,1816,SU_peb,pebble,224,1.000,SU_peb,0.000,KE_stipe,0.000,SU_sand,0.000,SU_bould,0.000,SI
2024_10_08_11-45-36.jpg,666,4400,SU_peb,pebble,224,0.941,SU_peb,0.052,SU_bould,0.006,MS,0.001,KE_5rib,0.000,KE_sugar
2024_10_08_11-45-36.jpg,1928,2598,GR_ulva,green_algae_ulva,224,1.000,GR_ulva,0.000,KE_bull,0.000,KE_stipe,0.000,RE_CCA,0.000,SU_peb
2024_10_08_11-45-36.jpg,683,883,SU_peb,pebble,224,0.983,SU_peb,0.008,SU_bould,0.005,KE_holdfas,0.002,SU_cob,0.001,KE_stipe
2024_10_08_11-45-36.jpg,638,3585,GR_ulva,green_algae_ulva,224,1.000,GR_ulva,0.000,SU_peb,0.000,KE_stipe,0.000,MS,0.000,KE_bull
2024_10_08_11-45-36.jpg,1856,2860,SU_cob,cobble,224,,,,,,,,,,
2024_10_08_11-45-36.jpg,995,1282,RE_bush,red_algae_bushy,224,0.999,RE_bush,0.001,RE_fil,0.000,SU_bould,0.000,RE_branch,0.000,KE_5rib
2024_10_08_11-45-36.jpg,1738,4142,RE_bush,red_algae_bushy,224,1.000,RE_bush,0.000,MS,0.000,SU_peb,0.000,SU_silt,0.000,SU_sand
2024_10_08_11-45-36.jpg,1197,2651,BR_sarg,brown_algae_sargassum,224,,,,,,,,,,
2024_10_08_11-45-36.jpg,1263,4067,SU_peb,pebble,224,,,,,,,,,,
2024_10_08_11-45-36.jpg,3749,456,SU_cob,cobble,224,,,,,,,,,,
2024_10_08_11-45-36.jpg,2533,2664,SU_peb,pebble,224,0.996,SU_peb,0.004,RE_branch,0.000,SU_bould,0.000,SU_sand,0.000,MS
2024_10_08_11-45-36.jpg,557,2403,SU_peb,pebble,224,1.000,SU_peb,0.000,SU_cob,0.000,KE_stipe,0.000,SU_bould,0.000,MS
2024_10_08_11-45-36.jpg,3202,1409,GR_ulva,green_algae_ulva,224,1.000,GR_ulva,0.000,SU_bould,0.000,KE_stipe,0.000,BR_fucus,0.000,SU_peb
2024_10_08_11-45-45.jpg,1716,4044,KE_sugar,kelp_sugar,224,,,,,,,,,,
2024_10_08_11-45-45.jpg,3810,1636,SU_peb,pebble,224,1.000,SU_peb,0.000,KE_stipe,0.000,SU_cob,0.000,SU_bould,0.000,MS
2024_10_08_11-45-45.jpg,2930,596,SU_peb,pebble,224,1.000,SU_peb,0.000,SU_cob,0.000,SU_bould,0.000,KE_stipe,0.000,GR_ulva
2024_10_08_11-45-45.jpg,827,3722,RE_leaf,red_algae_flat_leaf,224,,,,,,,,,,
2024_10_08_11-45-45.jpg,1145,1701,GR_ulva,green_algae_ulva,224,1.000,GR_ulva,0.000,RE_leaf,0.000,BR_sarg,0.000,KE_5rib,0.000,BR_fucus
2024_10_08_11-45-45.jpg,497,1764,GR_ulva,green_algae_ulva,224,1.000,GR_ulva,0.000,KE_5rib,0.000,BR_sarg,0.000,RE_leaf,0.000,KE_bull
2024_10_08_11-45-45.jpg,2245,1804,GR_ulva,green_algae_ulva,224,1.000,GR_ulva,0.000,KE_bull,0.000,BR_sarg,0.000,KE_sieve,0.000,SI
2024_10_08_11-45-45.jpg,618,3783,RE_leaf,red_algae_flat_leaf,224,0.959,RE_leaf,0.038,RE_fil,0.002,KE_5rib,0.001,MS,0.000,GR_ulva
2024_10_08_11-45-45.jpg,361,2858,SU_cob,cobble,224,,,,,,,,,,
2024_10_08_11-45-45.jpg,1537,2249,SU_cob,cobble,224,,,,,,,,,,
2024_10_08_11-45-45.jpg,1131,2156,SU_cob,cobble,224,,,,,,,,,,
2024_10_08_11-45-45.jpg,1216,3263,RE_leaf,red_algae_flat_leaf,224,,,,,,,,,,
2024_10_08_11-45-45.jpg,3342,1091,SU_peb,pebble,224,,,,,,,,,,
2024_10_08_11-45-45.jpg,727,1218,GR_ulva,green_algae_ulva,224,1.000,GR_ulva,0.000,KE_5rib,0.000,RE_leaf,0.000,unknown,0.000,KE_sieve
2024_10_08_11-45-45.jpg,415,3514,RE_leaf,red_algae_flat_leaf,224,1.000,RE_leaf,0.000,MS,0.000,SU_peb,0.000,RE_fil,0.000,RE_CCA
2024_10_08_11-45-45.jpg,425,3762,unknown,unknown_area,224,,,,,,,,,,
2024_10_08_11-45-45.jpg,1980,3897,KE_sugar,kelp_sugar,224,0.985,KE_sugar,0.010,KE_sieve,0.002,KE_stipe,0.001,GR_ulva,0.001,RE_leaf
2024_10_08_11-45-45.jpg,1240,1577,GR_ulva,green_algae_ulva,224,1.000,GR_ulva,0.000,KE_bull,0.000,KE_stipe,0.000,KE_5rib,0.000,KE_sugar
2024_10_08_11-45-45.jpg,139,1368,GR_ulva,green_algae_ulva,224,1.000,GR_ulva,0.000,KE_sugar,0.000,KE_5rib,0.000,unknown,0.000,KE_sieve
2024_10_08_11-45-45.jpg,3704,4445,SU_peb,pebble,224,,,,,,,,,,
2024_10_08_11-45-45.jpg,2361,4275,KE_sugar,kelp_sugar,224,0.998,KE_sugar,0.002,GR_ulva,0.000,KE_5rib,0.000,KE_sieve,0.000,KE_stipe
2024_10_08_11-45-45.jpg,3894,2055,SU_peb,pebble,224,,,,,,,,,,
2024_10_08_11-45-45.jpg,2207,1514,GR_ulva,green_algae_ulva,224,1.000,GR_ulva,0.000,KE_5rib,0.000,RE_leaf,0.000,SI_kelpBry,0.000,BR_sarg
2024_10_08_11-45-45.jpg,379,1621,GR_ulva,green_algae_ulva,224,1.000,GR_ulva,0.000,BR_sarg,0.000,KE_5rib,0.000,MS,0.000,KE_bull
2024_10_08_11-45-45.jpg,1014,4112,KE_sugar,kelp_sugar,224,,,,,,,,,,
2024_10_08_11-45-45.jpg,3150,3704,unknown,unknown_area,224,,,,,,,,,,
2024_10_08_11-45-45.jpg,3072,3120,RE_leaf,red_algae_flat_leaf,224,1.000,RE_leaf,0.000,RE_fil,0.000,KE_sugar,0.000,KE_stipe,0.000,MS
2024_10_08_11-45-45.jpg,2753,2043,SU_peb,pebble,224,,,,,,,,,,
2024_10_08_11-45-45.jpg,2814,2362,GR_ulva,green_algae_ulva,224,1.000,GR_ulva,0.000,KE_bull,0.000,SU_peb,0.000,SI,0.000,BR_sarg
2024_10_08_11-45-45.jpg,2131,355,GR_ulva,green_algae_ulva,224,0.998,GR_ulva,0.001,KE_sugar,0.000,RE_leaf,0.000,KE_5rib,0.000,SI
2024_10_08_11-45-45.jpg,1014,992,GR_ulva,green_algae_ulva,224,0.999,GR_ulva,0.000,KE_sugar,0.000,KE_bull,0.000,RE_leaf,0.000,MS
2024_10_08_11-45-45.jpg,2799,1248,SU_sand,sand_fine_shell,224,,,,,,,,,,
2024_10_08_11-45-45.jpg,3527,2078,SU_peb,pebble,224,0.916,SU_peb,0.053,SU_cob,0.030,SU_bould,0.001,SU_sand,0.000,KE_stipe
2024_10_08_11-45-45.jpg,366,3042,SU_bould,boulder,224,0.983,SU_bould,0.015,SU_peb,0.001,KE_stipe,0.000,SU_silt,0.000,BR_sarg
2024_10_08_11-45-45.jpg,1148,3052,RE_leaf,red_algae_flat_leaf,224,0.900,RE_leaf,0.099,KE_5rib,0.001,KE_sugar,0.000,RE_fil,0.000,RE_bush
2024_10_08_11-45-45.jpg,3415,1847,SU_cob,cobble,224,,,,,,,,,,
2024_10_08_11-45-45.jpg,1918,1822,GR_ulva,green_algae_ulva,224,1.000,GR_ulva,0.000,SU_bould,0.000,KE_sieve,0.000,KE_bull,0.000,KE_stipe
2024_10_08_11-45-45.jpg,2010,2613,RE_leaf,red_algae_flat_leaf,224,,,,,,,,,,
2024_10_08_11-45-45.jpg,1472,3707,KE_sugar,kelp_sugar,224,,,,,,,,,,
2024_10_08_11-45-45.jpg,2486,3336,RE_leaf,red_algae_flat_leaf,224,1.000,RE_leaf,0.000,SI_kelpBry,0.000,RE_fil,0.000,KE_sugar,0.000,MS
2024_10_08_11-45-45.jpg,1826,4471,KE_sugar,kelp_sugar,224,,,,,,,,,,
2024_10_08_11-45-45.jpg,2294,4011,SU_peb,pebble,224,,,,,,,,,,
2024_10_08_11-45-45.jpg,1123,1385,SU_peb,pebble,224,,,,,,,,,,
2024_10_08_11-45-45.jpg,1228,4320,KE_sugar,kelp_sugar,224,,,,,,,,,,
2024_10_08_11-45-45.jpg,2420,3636,SU_peb,pebble,224,,,,,,,,,,
2024_10_08_11-45-45.jpg,1644,2953,RE_leaf,red_algae_flat_leaf,224,1.000,RE_leaf,0.000,RE_fil,0.000,KE_sugar,0.000,MS,0.000,RE_bush
2024_10_08_11-45-45.jpg,2401,4144,KE_sugar,kelp_sugar,224,0.999,KE_sugar,0.001,KE_5rib,0.000,SU_peb,0.000,KE_stipe,0.000,GR_ulva
2024_10_08_11-45-45.jpg,359,2745,SU_cob,cobble,224,,,,,,,,,,
2024_10_08_11-45-45.jpg,1316,2987,RE_leaf,red_algae_flat_leaf,224,0.991,RE_leaf,0.003,RE_bush,0.003,KE_sugar,0.001,SU_silt,0.001,RE_branch
2024_10_08_11-45-45.jpg,1405,4271,unknown,unknown_area,224,,,,,,,,,,
2024_10_08_11-45-54.jpg,3704,4294,KE_sugar,kelp_sugar,224,,,,,,,,,,
2024_10_08_11-45-54.jpg,189,1358,RE_fil,red_algae_filamentous,224,1.000,RE_fil,0.000,RE_leaf,0.000,RE_bush,0.000,RE_CCA,0.000,RE_branch
2024_10_08_11-45-54.jpg,2268,4244,unknown,unknown_area,224,,,,,,,,,,
2024_10_08_11-45-54.jpg,3178,3062,SU_peb,pebble,224,,,,,,,,,,
2024_10_08_11-45-54.jpg,1735,1584,GR_ulva,green_algae_ulva,224,,,,,,,,,,
2024_10_08_11-45-54.jpg,2338,3238,GR_ulva,green_algae_ulva,224,,,,,,,,,,
2024_10_08_11-45-54.jpg,612,3326,GR_ulva,green_algae_ulva,224,1.000,GR_ulva,0.000,MS,0.000,KE_5rib,0.000,unknown,0.000,KE_stipe
2024_10_08_11-45-54.jpg,1680,1768,GR_ulva,green_algae_ulva,224,,,,,,,,,,
2024_10_08_11-45-54.jpg,899,1117,RE_fil,red_algae_filamentous,224,0.999,RE_fil,0.001,KE_stipe,0.000,RE_leaf,0.000,MS,0.000,BR_fucus
2024_10_08_11-45-54.jpg,1201,1066,GR_ulva,green_algae_ulva,224,0.907,GR_ulva,0.067,KE_bull,0.022,KE_stipe,0.002,SU_peb,0.002,MS
2024_10_08_11-45-54.jpg,1661,327,GR_ulva,green_algae_ulva,224,,,,,,,,,,
2024_10_08_11-45-54.jpg,2076,2349,GR_ulva,green_algae_ulva,224,1.000,GR_ulva,0.000,KE_bull,0.000,RE_leaf,0.000,KE_sugar,0.000,BR_sarg
2024_10_08_11-45-54.jpg,2428,1629,GR_ulva,green_algae_ulva,224,1.000,GR_ulva,0.000,KE_bull,0.000,KE_5rib,0.000,RE_leaf,0.000,BR_sarg
2024_10_08_11-45-54.jpg,2842,1478,GR_ulva,green_algae_ulva,224,1.000,GR_ulva,0.000,KE_bull,0.000,KE_5rib,0.000,SU_silt,0.000,MS
2024_10_08_11-45-54.jpg,822,1560,RE_fil,red_algae_filamentous,224,,,,,,,,,,
2024_10_08_11-45-54.jpg,2975,3812,unknown,unknown_area,224,,,,,,,,,,
2024_10_08_11-45-54.jpg,3384,275,GR_ulva,green_algae_ulva,224,1.000,GR_ulva,0.000,KE_stipe,0.000,unknown,0.000,SU_bould,0.000,KE_sugar
2024_10_08_11-45-54.jpg,368,2076,RE_branch,red_algae_branching,224,,,,,,,,,,
2024_10_08_11-45-54.jpg,604,4352,RE_bush,red_algae_bushy,224,1.000,RE_bush,0.000,RE_leaf,0.000,KE_holdfas,0.000,MS,0.000,KE_sugar
2024_10_08_11-45-54.jpg,3863,1846,GR_ulva,green_algae_ulva,224,0.997,GR_ulva,0.001,unknown,0.001,KE_sugar,0.001,KE_sieve,0.000,SU_silt
2024_10_08_11-45-54.jpg,1996,1972,SU_peb,pebble,224,1.000,SU_peb,0.000,KE_stipe,0.000,KE_bull,0.000,SU_shell,0.000,SI
2024_10_08_11-45-54.jpg,1976,2162,SU_peb,pebble,224,,,,,,,,,,
2024_10_08_11-45-54.jpg,3367,2960,SU_peb,pebble,224,0.995,SU_peb,0.002,SU_shell,0.002,SU_bould,0.001,KE_bull,0.000,BR_sarg
2024_10_08_11-45-54.jpg,202,4346,RE_bush,red_algae_bushy,224,,,,,,,,,,
2024_10_08_11-45-54.jpg,290,2847,GR_ulva,green_algae_ulva,224,0.953,GR_ulva,0.038,SU_bould,0.004,KE_bull,0.002,unknown,0.001,MS
2024_10_08_11-45-54.jpg,480,3037,GR_ulva,green_algae_ulva,224,1.000,GR_ulva,0.000,KE_bull,0.000,BR_fucus,0.000,BR_sarg,0.000,MS
2024_10_08_11-45-54.jpg,3166,2451,GR_ulva,green_algae_ulva,224,0.999,GR_ulva,0.001,KE_bull,0.000,KE_sieve,0.000,KE_5rib,0.000,RE_leaf
2024_10_08_11-45-54.jpg,3533,1970,GR_ulva,green_algae_ulva,224,1.000,GR_ulva,0.000,KE_sieve,0.000,KE_sugar,0.000,RE_fil,0.000,unknown
2024_10_08_11-45-54.jpg,2039,3248,RE_fil,red_algae_filamentous,224,0.942,RE_fil,0.033,RE_branch,0.011,RE_leaf,0.008,KE_stipe,0.002,BR_sarg
2024_10_08_11-45-54.jpg,475,2698,RE_branch,red_algae_branching,224,,,,,,,,,,
2024_10_08_11-45-54.jpg,3463,3866,RE_leaf,red_algae_flat_leaf,224,0.978,RE_leaf,0.019,RE_fil,0.001,MS,0.001,GR_ulva,0.001,RE_branch
2024_10_08_11-45-54.jpg,3532,3023,SU_cob,cobble,224,,,,,,,,,,
2024_10_08_11-45-54.jpg,2250,1707,GR_ulva,green_algae_ulva,224,0.983,GR_ulva,0.016,KE_bull,0.000,KE_stipe,0.000,SU_peb,0.000,MS
2024_10_08_11-45-54.jpg,3659,417,GR_ulva,green_algae_ulva,224,1.000,GR_ulva,0.000,KE_stipe,0.000,MS,0.000,SU_peb,0.000,BR_sarg
2024_10_08_11-45-54.jpg,636,432,GR_ulva,green_algae_ulva,224,1.000,GR_ulva,0.000,KE_5rib,0.000,KE_sugar,0.000,unknown,0.000,MS
2024_10_08_11-45-54.jpg,1501,1146,GR_ulva,green_algae_ulva,224,1.000,GR_ulva,0.000,KE_bull,0.000,KE_stipe,0.000,SI,0.000,RE_leaf
2024_10_08_11-45-54.jpg,714,2586,GR_ulva,green_algae_ulva,224,0.992,GR_ulva,0.008,KE_sieve,0.000,SU_bould,0.000,KE_sugar,0.000,KE_stipe
2024_10_08_11-45-54.jpg,1978,4485,KE_sugar,kelp_sugar,224,,,,,,,,,,
2024_10_08_11-45-54.jpg,2940,874,GR_ulva,green_algae_ulva,224,1.000,GR_ulva,0.000,unknown,0.000,KE_sieve,0.000,KE_stipe,0.000,KE_sugar
2024_10_08_11-45-54.jpg,670,1282,RE_fil,red_algae_filamentous,224,1.000,RE_fil,0.000,RE_CCA,0.000,RE_branch,0.000,RE_leaf,0.000,BR_sarg
2024_10_08_11-45-54.jpg,461,3540,GR_ulva,green_algae_ulva,224,1.000,GR_ulva,0.000,MS,0.000,KE_5rib,0.000,KE_stipe,0.000,unknown
2024_10_08_11-45-54.jpg,2456,2718,SU_cob,cobble,224,,,,,,,,,,
2024_10_08_11-45-54.jpg,2888,2759,GR_ulva,green_algae_ulva,224,0.979,GR_ulva,0.021,KE_bull,0.000,SI,0.000,RE_leaf,0.000,SI_kelpBry
2024_10_08_11-45-54.jpg,1827,1383,GR_ulva,green_algae_ulva,224,,,,,,,,,,
2024_10_08_11-45-54.jpg,1486,4099,GR_ulva,green_algae_ulva,224,0.965,GR_ulva,0.026,KE_sugar,0.008,KE_stipe,0.001,KE_bull,0.000,MS
2024_10_08_11-45-54.jpg,692,850,RE_fil,red_algae_filamentous,224,,,,,,,,,,
2024_10_08_11-45-54.jpg,3817,3019,SU_bould,boulder,224,,,,,,,,,,
2024_10_08_11-45-54.jpg,574,1555,RE_fil,red_algae_filamentous,224,,,,,,,,,,
2024_10_08_11-45-54.jpg,2503,314,SU_anth,anthropogenic,224,,,,,,,,,,
2024_10_08_11-45-54.jpg,566,1940,RE_branch,red_algae_branching,224,0.945,RE_branch,0.047,RE_fil,0.008,RE_bush,0.000,BR_sarg,0.000,RE_leaf
2024_10_08_11-46-03.jpg,928,2452,SU_sand,sand_fine_shell,224,,,,,,,,,,
2024_10_08_11-46-03.jpg,1961,829,GR_ulva,green_algae_ulva,224,1.000,GR_ulva,0.000,RE_leaf,0.000,unknown,0.000,KE_sugar,0.000,KE_5rib
2024_10_08_11-46-03.jpg,3178,4287,GR_ulva,green_algae_ulva,224,0.916,GR_ulva,0.049,RE_fil,0.033,KE_stipe,0.001,RE_bush,0.001,RE_leaf
2024_10_08_11-46-03.jpg,1980,286,KE_sugar,kelp_sugar,224,0.911,KE_sugar,0.056,KE_stipe,0.014,KE_5rib,0.008,SI_kelpBry,0.003,KE_sieve
2024_10_08_11-46-03.jpg,1362,3620,GR_ulva,green_algae_ulva,224,1.000,GR_ulva,0.000,SU_peb,0.000,SU_bould,0.000,KE_stipe,0.000,BR_sarg
2024_10_08_11-46-03.jpg,453,4008,RE_fil,red_algae_filamentous,224,0.993,RE_fil,0.004,RE_leaf,0.001,KE_sieve,0.000,KE_sugar,0.000,KE_5rib
2024_10_08_11-46-03.jpg,572,2844,SU_peb,pebble,224,,,,,,,,,,
2024_10_08_11-46-03.jpg,1581,1735,SU_cob,cobble,224,,,,,,,,,,
2024_10_08_11-46-03.jpg,336,470,KE_sugar,kelp_sugar,224,,,,,,,,,,
2024_10_08_11-46-03.jpg,2882,4336,GR_ulva,green_algae_ulva,224,0.760,GR_ulva,0.145,KE_sugar,0.061,unknown,0.017,SU_bould,0.011,KE_5rib
2024_10_08_11-46-03.jpg,3702,1146,RE_branch,red_algae_branching,224,,,,,,,,,,
2024_10_08_11-46-03.jpg,3519,2638,GR_ulva,green_algae_ulva,224,1.000,GR_ulva,0.000,KE_bull,0.000,KE_sieve,0.000,KE_stipe,0.000,BR_sarg
2024_10_08_11-46-03.jpg,3440,3941,GR_ulva,green_algae_ulva,224,1.000,GR_ulva,0.000,unknown,0.000,KE_stipe,0.000,KE_sugar,0.000,KE_sieve
2024_10_08_11-46-03.jpg,1947,3648,GR_ulva,green_algae_ulva,224,0.998,GR_ulva,0.001,KE_5rib,0.001,KE_sieve,0.000,RE_leaf,0.000,unknown
2024_10_08_11-46-03.jpg,172,1292,KE_sugar,kelp_sugar,224,0.916,KE_sugar,0.078,KE_5rib,0.005,RE_leaf,0.002,GR_ulva,0.000,unknown
2024_10_08_11-46-03.jpg,1216,1710,SU_bould,boulder,224,,,,,,,,,,
2024_10_08_11-46-03.jpg,1248,4053,SU_bould,boulder,224,,,,,,,,,,
2024_10_08_11-46-03.jpg,2909,874,GR_ulva,green_algae_ulva,224,1.000,GR_ulva,0.000,unknown,0.000,KE_sugar,0.000,MS,0.000,KE_stipe
2024_10_08_11-46-03.jpg,2838,3496,GR_ulva,green_algae_ulva,224,1.000,GR_ulva,0.000,RE_leaf,0.000,KE_bull,0.000,KE_stipe,0.000,MS
2024_10_08_11-46-03.jpg,415,2586,KE_sugar,kelp_sugar,224,1.000,KE_sugar,0.000,SU_bould,0.000,KE_sieve,0.000,RE_fil,0.000,RE_leaf
2024_10_08_11-46-03.jpg,3549,1950,GR_ulva,green_algae_ulva,224,1.000,GR_ulva,0.000,KE_sieve,0.000,KE_5rib,0.000,BR_sarg,0.000,KE_bull
2024_10_08_11-46-03.jpg,2565,2034,GR_ulva,green_algae_ulva,224,1.000,GR_ulva,0.000,RE_leaf,0.000,KE_bull,0.000,KE_5rib,0.000,KE_stipe
2024_10_08_11-46-03.jpg,1826,1256,KE_sugar,kelp_sugar,224,,,,,,,,,,
2024_10_08_11-46-03.jpg,2540,2722,GR_ulva,green_algae_ulva,224,1.000,GR_ulva,0.000,KE_bull,0.000,SU_bould,0.000,KE_sieve,0.000,KE_5rib
2024_10_08_11-46-03.jpg,2968,2280,GR_ulva,green_algae_ulva,224,0.997,GR_ulva,0.002,KE_bull,0.000,RE_leaf,0.000,KE_sugar,0.000,MS
2024_10_08_11-46-03.jpg,3761,2302,GR_ulva,green_algae_ulva,224,,,,,,,,,,
2024_10_08_11-46-03.jpg,1433,3149,GR_ulva,green_algae_ulva,224,1.000,GR_ulva,0.000,KE_sieve,0.000,KE_5rib,0.000,BR_sarg,0.000,KE_bull
2024_10_08_11-46-03.jpg,3673,3688,GR_ulva,green_algae_ulva,224,1.000,GR_ulva,0.000,KE_stipe,0.000,KE_sieve,0.000,KE_bull,0.000,SU_bould
2024_10_08_11-46-03.jpg,538,3385,RE_leaf,red_algae_flat_leaf,224,0.918,RE_leaf,0.075,RE_fil,0.007,KE_5rib,0.000,MS,0.000,GR_ulva
2024_10_08_11-46-03.jpg,2224,1437,GR_ulva,green_algae_ulva,224,0.999,GR_ulva,0.000,KE_stipe,0.000,RE_leaf,0.000,unknown,0.000,KE_bull
2024_10_08_11-46-03.jpg,706,3983,SU_bould,boulder,224,0.996,SU_bould,0.003,RE_fil,0.000,SU_cob,0.000,BR_sarg,0.000,KE_sugar
2024_10_08_11-46-03.jpg,1652,2217,SU_bould,boulder,224,,,,,,,,,,
2024_10_08_11-46-03.jpg,2733,4241,GR_ulva,green_algae_ulva,224,0.949,GR_ulva,0.049,KE_sugar,0.002,MS,0.000,unknown,0.000,KE_sieve
2024_10_08_11-46-03.jpg,3672,3817,GR_ulva,green_algae_ulva,224,0.999,GR_ulva,0.001,KE_stipe,0.000,KE_bull,0.000,MS,0.000,SU_peb
2024_10_08_11-46-03.jpg,2702,3713,GR_ulva,green_algae_ulva,224,1.000,GR_ulva,0.000,KE_sieve,0.000,MS,0.000,KE_bull,0.000,KE_sugar
2024_10_08_11-46-03.jpg,712,2054,SU_peb,pebble,224,,,,,,,,,,
2024_10_08_11-46-03.jpg,3872,405,unknown,unknown_area,224,,,,,,,,,,
2024_10_08_11-46-03.jpg,3006,3013,GR_ulva,green_algae_ulva,224,1.000,GR_ulva,0.000,KE_bull,0.000,KE_sieve,0.000,KE_sugar,0.000,SU_bould
2024_10_08_11-46-03.jpg,1108,4065,SU_peb,pebble,224,1.000,SU_peb,0.000,SU_sand,0.000,SU_bould,0.000,SU_silt,0.000,SU_cob
2024_10_08_11-46-03.jpg,2984,4186,GR_ulva,green_algae_ulva,224,0.999,GR_ulva,0.001,KE_5rib,0.000,SU_bould,0.000,KE_sugar,0.000,KE_stipe
2024_10_08_11-46-03.jpg,1986,3167,GR_ulva,green_algae_ulva,224,0.999,GR_ulva,0.001,KE_sieve,0.000,KE_5rib,0.000,RE_leaf,0.000,RE_fil
2024_10_08_11-46-03.jpg,2803,1026,GR_ulva,green_algae_ulva,224,1.000,GR_ulva,0.000,KE_sieve,0.000,RE_leaf,0.000,KE_bull,0.000,KE_stipe
2024_10_08_11-46-03.jpg,2719,4097,GR_ulva,green_algae_ulva,224,1.000,GR_ulva,0.000,KE_sugar,0.000,unknown,0.000,RE_leaf,0.000,MS
2024_10_08_11-46-03.jpg,1834,2127,RE_branch,red_algae_branching,224,,,,,,,,,,
2024_10_08_11-46-03.jpg,3487,3699,GR_ulva,green_algae_ulva,224,1.000,GR_ulva,0.000,KE_stipe,0.000,KE_sieve,0.000,SU_bould,0.000,KE_sugar
2024_10_08_11-46-03.jpg,3439,2077,GR_ulva,green_algae_ulva,224,1.000,GR_ulva,0.000,BR_sarg,0.000,KE_5rib,0.000,RE_leaf,0.000,BR_fucus
2024_10_08_11-46-03.jpg,669,1544,KE_sugar,kelp_sugar,224,,,,,,,,,,
2024_10_08_11-46-03.jpg,1300,1184,SU_bould,boulder,224,,,,,,,,,,
2024_10_08_11-46-03.jpg,179,1463,KE_sugar,kelp_sugar,224,1.000,KE_sugar,0.000,KE_5rib,0.000,RE_leaf,0.000,RE_fil,0.000,unknown
2024_10_08_11-46-03.jpg,761,4117,SU_bould,boulder,224,,,,,,,,,,
2024_10_08_11-46-12.jpg,585,2761,RE_branch,red_algae_branching,224,,,,,,,,,,
2024_10_08_11-46-12.jpg,1043,964,GR_ulva,green_algae_ulva,224,1.000,GR_ulva,0.000,KE_sieve,0.000,KE_sugar,0.000,unknown,0.000,KE_stipe
2024_10_08_11-46-12.jpg,804,3303,GR_ulva,green_algae_ulva,224,0.970,GR_ulva,0.008,KE_stipe,0.006,BR_fucus,0.006,MS,0.003,KE_sieve
2024_10_08_11-46-12.jpg,586,4404,GR_ulva,green_algae_ulva,224,,,,,,,,,,
2024_10_08_11-46-12.jpg,2763,3841,KE_sugar,kelp_sugar,224,,,,,,,,,,
2024_10_08_11-46-12.jpg,2411,1318,KE_sugar,kelp_sugar,224,0.952,KE_sugar,0.027,SI,0.016,GR_ulva,0.004,KE_bull,0.001,RE_leaf
2024_10_08_11-46-12.jpg,1486,916,GR_ulva,green_algae_ulva,224,0.997,GR_ulva,0.002,KE_sieve,0.000,KE_5rib,0.000,KE_sugar,0.000,unknown
2024_10_08_11-46-12.jpg,3248,4338,KE_sugar,kelp_sugar,224,,,,,,,,,,
2024_10_08_11-46-12.jpg,358,3326,RE_bush,red_algae_bushy,224,0.959,RE_bush,0.024,BR_sarg,0.015,RE_branch,0.001,SU_bould,0.001,BR_fucus
2024_10_08_11-46-12.jpg,2642,2464,SU_peb,pebble,224,,,,,,,,,,
2024_10_08_11-46-12.jpg,273,361,GR_ulva,green_algae_ulva,224,0.992,GR_ulva,0.002,MS,0.002,KE_sugar,0.001,KE_5rib,0.001,KE_sieve
2024_10_08_11-46-12.jpg,2633,2092,KE_sugar,kelp_sugar,224,,,,,,,,,,
2024_10_08_11-46-12.jpg,1763,2465,KE_sugar,kelp_sugar,224,,,,,,,,,,
2024_10_08_11-46-12.jpg,898,4417,GR_ulva,green_algae_ulva,224,0.985,GR_ulva,0.015,unknown,0.000,KE_sieve,0.000,KE_5rib,0.000,MS
2024_10_08_11-46-12.jpg,1960,1750,RE_branch,red_algae_branching,224,,,,,,,,,,
2024_10_08_11-46-12.jpg,3454,2209,GR_ulva,green_algae_ulva,224,1.000,GR_ulva,0.000,KE_5rib,0.000,KE_sugar,0.000,unknown,0.000,KE_sieve
2024_10_08_11-46-12.jpg,2142,990,KE_sugar,kelp_sugar,224,0.979,KE_sugar,0.019,KE_sieve,0.001,KE_5rib,0.000,GR_ulva,0.000,RE_leaf
2024_10_08_11-46-12.jpg,2354,2932,KE_holdfas,kelp_holdfast,224,,,,,,,,,,
2024_10_08_11-46-12.jpg,567,2637,GR_ulva,green_algae_ulva,224,0.998,GR_ulva,0.001,BR_sarg,0.000,KE_bull,0.000,BR_fucus,0.000,KE_stipe
2024_10_08_11-46-12.jpg,3353,1001,SU_anth,anthropogenic,224,,,,,,,,,,
2024_10_08_11-46-12.jpg,2315,684,GR_ulva,green_algae_ulva,224,0.998,GR_ulva,0.002,MS,0.000,RE_leaf,0.000,SI,0.000,KE_sieve
2024_10_08_11-46-12.jpg,685,1949,GR_ulva,green_algae_ulva,224,,,,,,,,,,
2024_10_08_11-46-12.jpg,3725,3770,KE_sugar,kelp_sugar,224,,,,,,,,,,
2024_10_08_11-46-12.jpg,207,1448,GR_ulva,green_algae_ulva,224,,,,,,,,,,
2024_10_08_11-46-12.jpg,1278,1134,GR_ulva,green_algae_ulva,224,1.000,GR_ulva,0.000,KE_sieve,0.000,KE_stipe,0.000,KE_5rib,0.000,KE_bull
2024_10_08_11-46-12.jpg,3090,1689,SU_peb,pebble,224,1.000,SU_peb,0.000,SU_sand,0.000,KE_stipe,0.000,SU_bould,0.000,BR_sarg
2024_10_08_11-46-12.jpg,845,2598,SU_cob,cobble,224,,,,,,,,,,
2024_10_08_11-46-12.jpg,3116,232,GR_ulva,green_algae_ulva,224,1.000,GR_ulva,0.000,KE_5rib,0.000,SU_cob,0.000,SU_peb,0.000,KE_stipe
2024_10_08_11-46-12.jpg,800,1631,KE_sugar,kelp_sugar,224,0.998,KE_sugar,0.002,KE_5rib,0.000,MS,0.000,SU_bould,0.000,GR_ulva
2024_10_08_11-46-12.jpg,901,2785,GR_ulva,green_algae_ulva,224,,,,,,,,,,
2024_10_08_11-46-12.jpg,3160,4011,KE_sugar,kelp_sugar,224,1.000,KE_sugar,0.000,RE_leaf,0.000,MS,0.000,SU_silt,0.000,SI_kelpBry
2024_10_08_11-46-12.jpg,392,1288,GR_ulva,green_algae_ulva,224,0.996,GR_ulva,0.003,SU_bould,0.001,KE_stipe,0.000,SU_peb,0.000,KE_bull
2024_10_08_11-46-12.jpg,3415,1595,SU_sand,sand_fine_shell,224,0.998,SU_sand,0.001,SU_silt,0.000,SU_peb,0.000,SU_shell,0.000,MS
2024_10_08_11-46-12.jpg,630,3114,RE_branch,red_algae_branching,224,,,,,,,,,,
2024_10_08_11-46-12.jpg,1620,1268,KE_sugar,kelp_sugar,224,,,,,,,,,,
2024_10_08_11-46-12.jpg,2661,4248,KE_sugar,kelp_sugar,224,1.000,KE_sugar,0.000,GR_ulva,0.000,KE_5rib,0.000,MS,0.000,RE_branch
2024_10_08_11-46-12.jpg,3083,1457,SU_sand,sand_fine_shell,224,1.000,SU_sand,0.000,SU_peb,0.000,SU_silt,0.000,SU_cob,0.000,MS
2024_10_08_11-46-12.jpg,2345,4337,KE_sugar,kelp_sugar,224,0.989,KE_sugar,0.011,KE_5rib,0.000,KE_sieve,0.000,RE_leaf,0.000,SI_kelpBry
2024_10_08_11-46-12.jpg,3588,1361,GR_ulva,green_algae_ulva,224,1.000,GR_ulva,0.000,RE_leaf,0.000,KE_5rib,0.000,KE_sieve,0.000,KE_sugar
2024_10_08_11-46-12.jpg,231,3562,KE_sugar,kelp_sugar,224,,,,,,,,,,
2024_10_08_11-46-12.jpg,2222,4066,KE_sugar,kelp_sugar,224,1.000,KE_sugar,0.000,RE_leaf,0.000,MS,0.000,SI_kelpBry,0.000,SU_cob
2024_10_08_11-46-12.jpg,2887,3828,KE_sugar,kelp_sugar,224,,,,,,,,,,
2024_10_08_11-46-12.jpg,1043,1552,GR_ulva,green_algae_ulva,224,1.000,GR_ulva,0.000,KE_sieve,0.000,SU_bould,0.000,KE_stipe,0.000,BR_sarg
2024_10_08_11-46-12.jpg,3688,4102,SU_bould,boulder,224,,,,,,,,,,
2024_10_08_11-46-12.jpg,3269,1573,SU_peb,pebble,224,,,,,,,,,,
2024_10_08_11-46-12.jpg,727,2636,GR_ulva,green_algae_ulva,224,,,,,,,,,,
2024_10_08_11-46-12.jpg,3405,3073,SU_bould,boulder,224,,,,,,,,,,
2024_10_08_11-46-12.jpg,2513,2951,KE_stipe,kelp_stipe,224,,,,,,,,,,
2024_10_08_11-46-12.jpg,175,1091,RE_bush,red_algae_bushy,224,0.998,RE_bush,0.002,RE_fil,0.000,SU_silt,0.000,MS,0.000,RE_branch
2024_10_08_11-46-12.jpg,695,563,GR_ulva,green_algae_ulva,224,0.999,GR_ulva,0.000,SU_peb,0.000,MS,0.000,SU_cob,0.000,SI
2024_10_08_11-46-21.jpg,1675,1839,GR_ulva,green_algae_ulva,224,1.000,GR_ulva,0.000,KE_bull,0.000,KE_sieve,0.000,BR_sarg,0.000,RE_leaf
2024_10_08_11-46-21.jpg,164,3305,RE_branch,red_algae_branching,224,,,,,,,,,,
2024_10_08_11-46-21.jpg,2143,3399,SU_silt,silt,224,,,,,,,,,,
2024_10_08_11-46-21.jpg,329,2255,GR_ulva,green_algae_ulva,224,,,,,,,,,,
2024_10_08_11-46-21.jpg,3423,3373,GR_ulva,green_algae_ulva,224,,,,,,,,,,
2024_10_08_11-46-21.jpg,2023,2735,GR_ulva,green_algae_ulva,224,,,,,,,,,,
2024_10_08_11-46-21.jpg,232,249,SU_anth,anthropogenic,224,,,,,,,,,,
2024_10_08_11-46-21.jpg,2216,4442,KE_sugar,kelp_sugar,224,0.997,KE_sugar,0.001,GR_ulva,0.001,RE_leaf,0.000,KE_sieve,0.000,KE_5rib
2024_10_08_11-46-21.jpg,1377,2954,KE_sugar,kelp_sugar,224,1.000,KE_sugar,0.000,MS,0.000,KE_sieve,0.000,KE_stipe,0.000,KE_holdfas
2024_10_08_11-46-21.jpg,2144,1317,RE_branch,red_algae_branching,224,0.992,RE_branch,0.007,RE_fil,0.001,RE_leaf,0.000,KE_sieve,0.000,KE_5rib
2024_10_08_11-46-21.jpg,3429,4193,GR_ulva,green_algae_ulva,224,0.985,GR_ulva,0.015,unknown,0.000,SU_bould,0.000,KE_sugar,0.000,KE_5rib
2024_10_08_11-46-21.jpg,2427,607,SU_anth,anthropogenic,224,,,,,,,,,,
2024_10_08_11-46-21.jpg,3112,808,SU_anth,anthropogenic,224,,,,,,,,,,
2024_10_08_11-46-21.jpg,860,1851,GR_ulva,green_algae_ulva,224,1.000,GR_ulva,0.000,KE_bull,0.000,RE_leaf,0.000,KE_5rib,0.000,KE_sugar
2024_10_08_11-46-21.jpg,3891,941,SU_anth,anthropogenic,224,,,,,,,,,,
2024_10_08_11-46-21.jpg,583,1247,RE_leaf,red_algae_flat_leaf,224,0.999,RE_leaf,0.001,KE_5rib,0.000,KE_bull,0.000,MS,0.000,GR_ulva
2024_10_08_11-46-21.jpg,1413,4378,GR_ulva,green_algae_ulva,224,0.969,GR_ulva,0.031,unknown,0.000,KE_sieve,0.000,KE_sugar,0.000,KE_5rib
2024_10_08_11-46-21.jpg,3458,1327,GR_ulva,green_algae_ulva,224,0.925,GR_ulva,0.045,KE_bull,0.027,KE_stipe,0.002,MS,0.001,RE_branch
2024_10_08_11-46-21.jpg,171,2776,GR_ulva,green_algae_ulva,224,1.000,GR_ulva,0.000,SU_bould,0.000,KE_bull,0.000,KE_stipe,0.000,MS
2024_10_08_11-46-21.jpg,138,872,GR_ulva,green_algae_ulva,224,1.000,GR_ulva,0.000,SU_bould,0.000,BR_sarg,0.000,KE_stipe,0.000,MS
2024_10_08_11-46-21.jpg,3033,3875,GR_ulva,green_algae_ulva,224,0.993,GR_ulva,0.007,KE_sieve,0.000,unknown,0.000,KE_5rib,0.000,SU_bould
2024_10_08_11-46-21.jpg,1110,4091,GR_ulva,green_algae_ulva,224,0.995,GR_ulva,0.003,unknown,0.002,KE_5rib,0.000,KE_sieve,0.000,MS
2024_10_08_11-46-21.jpg,653,603,GR_ulva,green_algae_ulva,224,1.000,GR_ulva,0.000,KE_5rib,0.000,KE_sugar,0.000,unknown,0.000,RE_leaf
2024_10_08_11-46-21.jpg,1022,140,RE_branch,red_algae_branching,224,,,,,,,,,,
2024_10_08_11-46-21.jpg,3156,1590,GR_ulva,green_algae_ulva,224,0.998,GR_ulva,0.002,KE_bull,0.000,SU_bould,0.000,KE_stipe,0.000,RE_branch
2024_10_08_11-46-21.jpg,749,1349,GR_ulva,green_algae_ulva,224,0.970,GR_ulva,0.017,MS,0.012,KE_bull,0.001,KE_5rib,0.000,KE_stipe
2024_10_08_11-46-21.jpg,3733,4112,GR_ulva,green_algae_ulva,224,0.981,GR_ulva,0.019,unknown,0.000,KE_5rib,0.000,SU_silt,0.000,KE_sugar
2024_10_08_11-46-21.jpg,1197,768,GR_ulva,green_algae_ulva,224,,,,,,,,,,
2024_10_08_11-46-21.jpg,3057,2932,GR_ulva,green_algae_ulva,224,0.999,GR_ulva,0.000,KE_sugar,0.000,MS,0.000,RE_leaf,0.000,RE_fil
2024_10_08_11-46-21.jpg,137,1962,RE_branch,red_algae_branching,224,,,,,,,,,,
2024_10_08_11-46-21.jpg,2540,751,SU_anth,anthropogenic,224,,,,,,,,,,
2024_10_08_11-46-21.jpg,2663,813,RE_branch,red_algae_branching,224,,,,,,,,,,
2024_10_08_11-46-21.jpg,2774,4442,GR_ulva,green_algae_ulva,224,0.940,GR_ulva,0.041,unknown,0.008,MS,0.004,KE_sugar,0.003,SU_silt
2024_10_08_11-46-21.jpg,2574,4467,GR_ulva,green_algae_ulva,224,,,,,,,,,,
2024_10_08_11-46-21.jpg,3774,3924,GR_ulva,green_algae_ulva,224,0.978,GR_ulva,0.019,RE_leaf,0.001,MS,0.001,unknown,0.000,KE_stipe
2024_10_08_11-46-21.jpg,727,3580,GR_ulva,green_algae_ulva,224,,,,,,,,,,
2024_10_08_11-46-21.jpg,3449,1915,RE_branch,red_algae_branching,224,,,,,,,,,,
2024_10_08_11-46-21.jpg,151,2907,RE_leaf,red_algae_flat_leaf,224,,,,,,,,,,
2024_10_08_11-46-21.jpg,3492,1632,RE_branch,red_algae_branching,224,1.000,RE_branch,0.000,MS,0.000,RE_leaf,0.000,KE_stipe,0.000,RE_bush
2024_10_08_11-46-21.jpg,2066,2096,GR_ulva,green_algae_ulva,224,1.000,GR_ulva,0.000,KE_sieve,0.000,KE_5rib,0.000,RE_leaf,0.000,RE_fil
2024_10_08_11-46-21.jpg,3882,1809,GR_ulva,green_algae_ulva,224,1.000,GR_ulva,0.000,KE_bull,0.000,KE_sieve,0.000,RE_leaf,0.000,BR_fucus
2024_10_08_11-46-21.jpg,3187,1740,GR_ulva,green_algae_ulva,224,1.000,GR_ulva,0.000,KE_sieve,0.000,KE_bull,0.000,SU_bould,0.000,RE_leaf
2024_10_08_11-46-21.jpg,930,2145,GR_ulva,green_algae_ulva,224,0.995,GR_ulva,0.004,KE_bull,0.001,RE_leaf,0.000,KE_sugar,0.000,KE_5rib
2024_10_08_11-46-21.jpg,1680,341,RE_branch,red_algae_branching,224,,,,,,,,,,
2024_10_08_11-46-21.jpg,2475,1311,RE_leaf,red_algae_flat_leaf,224,,,,,,,,,,
2024_10_08_11-46-21.jpg,605,234,GR_ulva,green_algae_ulva,224,1.000,GR_ulva,0.000,KE_stipe,0.000,MS,0.000,SU_cob,0.000,KE_5rib
2024_10_08_11-46-21.jpg,710,1518,RE_leaf,red_algae_flat_leaf,224,,,,,,,,,,
2024_10_08_11-46-21.jpg,3024,3480,GR_ulva,green_algae_ulva,224,1.000,GR_ulva,0.000,KE_sieve,0.000,RE_fil,0.000,KE_5rib,0.000,KE_sugar
2024_10_08_11-46-21.jpg,1481,1022,GR_ulva,green_algae_ulva,224,1.000,GR_ulva,0.000,KE_sieve,0.000,KE_sugar,0.000,SU_bould,0.000,KE_stipe
2024_10_08_11-46-21.jpg,250,502,GR_ulva,green_algae_ulva,224,0.996,GR_ulva,0.004,KE_5rib,0.000,unknown,0.000,KE_sugar,0.000,SU_bould
2024_10_08_11-46-30.jpg,584,834,SU_peb,pebble,224,0.968,SU_peb,0.028,SU_cob,0.003,KE_stipe,0.001,MS,0.000,SU_shell
2024_10_08_11-46-30.jpg,968,1255,GR_ulva,green_algae_ulva,224,1.000,GR_ulva,0.000,KE_5rib,0.000,RE_leaf,0.000,KE_sieve,0.000,KE_sugar
2024_10_08_11-46-30.jpg,1105,1957,GR_ulva,green_algae_ulva,224,0.998,GR_ulva,0.001,KE_bull,0.001,KE_stipe,0.000,BR_sarg,0.000,MS
2024_10_08_11-46-30.jpg,2078,3572,GR_ulva,green_algae_ulva,224,0.950,GR_ulva,0.045,KE_bull,0.003,KE_stipe,0.001,KE_sieve,0.000,RE_CCA
2024_10_08_11-46-30.jpg,3021,2123,RE_fil,red_algae_filamentous,224,0.939,RE_fil,0.060,RE_branch,0.000,RE_bush,0.000,BR_sarg,0.000,RE_leaf
2024_10_08_11-46-30.jpg,1854,2273,GR_ulva,green_algae_ulva,224,1.000,GR_ulva,0.000,KE_bull,0.000,KE_sieve,0.000,BR_sarg,0.000,SU_bould
2024_10_08_11-46-30.jpg,3207,3609,SU_cob,cobble,224,,,,,,,,,,
2024_10_08_11-46-30.jpg,2617,4331,SU_bould,boulder,224,0.950,SU_bould,0.048,SU_cob,0.002,SU_silt,0.000,KE_sieve,0.000,MS
2024_10_08_11-46-30.jpg,3533,4076,RE_branch,red_algae_branching,224,0.977,RE_branch,0.022,RE_bush,0.000,RE_fil,0.000,BR_sarg,0.000,BR_fucus
2024_10_08_11-46-30.jpg,821,1171,GR_ulva,green_algae_ulva,224,1.000,GR_ulva,0.000,unknown,0.000,KE_5rib,0.000,KE_stipe,0.000,KE_sugar
2024_10_08_11-46-30.jpg,3302,3378,KE_sugar,kelp_sugar,224,1.000,KE_sugar,0.000,KE_stipe,0.000,RE_leaf,0.000,GR_ulva,0.000,MS
2024_10_08_11-46-30.jpg,2177,2840,GR_ulva,green_algae_ulva,224,1.000,GR_ulva,0.000,KE_sieve,0.000,RE_leaf,0.000,KE_bull,0.000,BR_sarg
2024_10_08_11-46-30.jpg,2751,3595,SU_peb,pebble,224,,,,,,,,,,
2024_10_08_11-46-30.jpg,2280,224,KE_sugar,kelp_sugar,224,,,,,,,,,,
2024_10_08_11-46-30.jpg,1846,3667,KE_stipe,kelp_stipe,224,0.999,KE_stipe,0.001,KE_bull,0.000,GR_ulva,0.000,MS,0.000,SU_peb
2024_10_08_11-46-30.jpg,3893,3106,GR_ulva,green_algae_ulva,224,,,,,,,,,,
2024_10_08_11-46-30.jpg,3038,3793,SU_sand,sand_fine_shell,224,1.000,SU_sand,0.000,SU_silt,0.000,RE_CCA,0.000,SU_shell,0.000,SU_peb
2024_10_08_11-46-30.jpg,1256,4191,SU_peb,pebble,224,,,,,,,,,,
2024_10_08_11-46-30.jpg,3346,917,GR_ulva,green_algae_ulva,224,,,,,,,,,,
2024_10_08_11-46-30.jpg,2550,3004,GR_ulva,green_algae_ulva,224,0.990,GR_ulva,0.010,KE_sieve,0.000,KE_bull,0.000,KE_stipe,0.000,KE_sugar
2024_10_08_11-46-30.jpg,2267,4133,KE_sugar,kelp_sugar,224,1.000,KE_sugar,0.000,MS,0.000,RE_leaf,0.000,SI_kelpBry,0.000,SU_bould
2024_10_08_11-46-30.jpg,1271,1868,GR_ulva,green_algae_ulva,224,1.000,GR_ulva,0.000,BR_sarg,0.000,SU_bould,0.000,KE_sieve,0.000,RE_branch
2024_10_08_11-46-30.jpg,2281,1455,GR_ulva,green_algae_ulva,224,,,,,,,,,,
2024_10_08_11-46-30.jpg,782,3338,SU_peb,pebble,224,0.999,SU_peb,0.001,SU_bould,0.000,SU_cob,0.000,KE_stipe,0.000,MS
2024_10_08_11-46-30.jpg,3649,1991,GR_ulva,green_algae_ulva,224,1.000,GR_ulva,0.000,KE_5rib,0.000,RE_leaf,0.000,KE_bull,0.000,KE_sugar
2024_10_08_11-46-30.jpg,2978,1582,GR_ulva,green_algae_ulva,224,1.000,GR_ulva,0.000,BR_sarg,0.000,KE_bull,0.000,KE_sieve,0.000,KE_stipe
2024_10_08_11-46-30.jpg,1998,4372,GR_ulva,green_algae_ulva,224,1.000,GR_ulva,0.000,KE_stipe,0.000,KE_bull,0.000,KE_sieve,0.000,BR_fucus
2024_10_08_11-46-30.jpg,132,2120,GR_ulva,green_algae_ulva,224,1.000,GR_ulva,0.000,MS,0.000,BR_sarg,0.000,BR_fucus,0.000,KE_5rib
2024_10_08_11-46-30.jpg,283,3024,SU_bould,boulder,224,,,,,,,,,,
2024_10_08_11-46-30.jpg,3464,1217,GR_ulva,green_algae_ulva,224,1.000,GR_ulva,0.000,KE_bull,0.000,MS,0.000,BR_sarg,0.000,KE_stipe
2024_10_08_11-46-30.jpg,996,3641,SU_peb,pebble,224,0.954,SU_peb,0.020,SU_bould,0.016,SU_cob,0.004,KE_stipe,0.003,MS
2024_10_08_11-46-30.jpg,722,3652,SU_cob,cobble,224,,,,,,,,,,
2024_10_08_11-46-30.jpg,1943,3835,KE_sugar,kelp_sugar,224,,,,,,,,,,
2024_10_08_11-46-30.jpg,1745,1849,GR_ulva,green_algae_ulva,224,1.000,GR_ulva,0.000,KE_bull,0.000,RE_leaf,0.000,KE_5rib,0.000,KE_sieve
2024_10_08_11-46-30.jpg,2575,710,GR_ulva,green_algae_ulva,224,1.000,GR_ulva,0.000,BR_sarg,0.000,KE_stipe,0.000,SU_bould,0.000,SU_peb
2024_10_08_11-46-30.jpg,1646,4298,GR_ulva,green_algae_ulva,224,,,,,,,,,,
2024_10_08_11-46-30.jpg,2049,1550,GR_ulva,green_algae_ulva,224,,,,,,,,,,
2024_10_08_11-46-30.jpg,472,536,KE_stipe,kelp_stipe,224,0.979,KE_stipe,0.010,SU_peb,0.005,SU_bould,0.002,KE_sieve,0.001,KE_sugar
2024_10_08_11-46-30.jpg,1127,1673,GR_ulva,green_algae_ulva,224,1.000,GR_ulva,0.000,KE_sieve,0.000,KE_5rib,0.000,RE_leaf,0.000,SU_bould
2024_10_08_11-46-30.jpg,1098,2084,RE_branch,red_algae_branching,224,,,,,,,,,,
2024_10_08_11-46-30.jpg,1359,3760,KE_sugar,kelp_sugar,224,,,,,,,,,,
2024_10_08_11-46-30.jpg,915,2427,GR_ulva,green_algae_ulva,224,1.000,GR_ulva,0.000,SU_bould,0.000,KE_bull,0.000,KE_sieve,0.000,KE_stipe
2024_10_08_11-46-30.jpg,1598,2483,GR_ulva,green_algae_ulva,224,1.000,GR_ulva,0.000,KE_bull,0.000,KE_sieve,0.000,BR_sarg,0.000,SU_bould
2024_10_08_11-46-30.jpg,3166,789,GR_ulva,green_algae_ulva,224,1.000,GR_ulva,0.000,MS,0.000,KE_stipe,0.000,BR_sarg,0.000,BR_fucus
2024_10_08_11-46-30.jpg,312,985,KE_sugar,kelp_sugar,224,,,,,,,,,,
2024_10_08_11-46-30.jpg,1732,2905,GR_ulva,green_algae_ulva,224,1.000,GR_ulva,0.000,KE_sieve,0.000,SU_bould,0.000,KE_bull,0.000,RE_leaf
2024_10_08_11-46-30.jpg,2866,368,SU_peb,pebble,224,0.997,SU_peb,0.003,SU_cob,0.000,GR_ulva,0.000,KE_stipe,0.000,SU_bould
2024_10_08_11-46-30.jpg,3193,3011,KE_sugar,kelp_sugar,224,,,,,,,,,,
2024_10_08_11-46-30.jpg,2485,3747,SU_peb,pebble,224,0.998,SU_peb,0.001,SU_cob,0.000,RE_CCA,0.000,SU_bould,0.000,SU_silt
2024_10_08_11-46-30.jpg,2134,2306,GR_ulva,green_algae_ulva,224,1.000,GR_ulva,0.000,KE_bull,0.000,KE_sieve,0.000,RE_leaf,0.000,BR_sarg
2024_10_08_11-46-39.jpg,3213,1207,KE_sugar,kelp_sugar,224,,,,,,,,,,
2024_10_08_11-46-39.jpg,1536,1155,KE_sugar,kelp_sugar,224,0.985,KE_sugar,0.015,KE_sieve,0.000,RE_leaf,0.000,KE_5rib,0.000,GR_ulva
2024_10_08_11-46-39.jpg,3715,824,RE_branch,red_algae_branching,224,0.968,RE_branch,0.027,MS,0.004,BR_sarg,0.001,RE_leaf,0.000,SU_peb
2024_10_08_11-46-39.jpg,1097,3401,KE_sugar,kelp_sugar,224,,,,,,,,,,
2024_10_08_11-46-39.jpg,3289,2256,KE_sugar,kelp_sugar,224,0.979,KE_sugar,0.010,RE_leaf,0.007,KE_5rib,0.002,KE_sieve,0.000,KE_stipe
2024_10_08_11-46-39.jpg,3483,1303,BR_sarg,brown_algae_sargassum,224,,,,,,,,,,
2024_10_08_11-46-39.jpg,1973,3586,unknown,unknown_area,224,,,,,,,,,,
2024_10_08_11-46-39.jpg,1107,3154,KE_sugar,kelp_sugar,224,0.999,KE_sugar,0.001,KE_sieve,0.000,SU_bould,0.000,RE_leaf,0.000,KE_5rib
2024_10_08_11-46-39.jpg,882,1370,KE_sugar,kelp_sugar,224,0.985,KE_sugar,0.010,KE_holdfas,0.002,MS,0.001,RE_leaf,0.001,KE_5rib
2024_10_08_11-46-39.jpg,1075,1559,KE_sugar,kelp_sugar,224,,,,,,,,,,
2024_10_08_11-46-39.jpg,3624,3395,KE_sugar,kelp_sugar,224,,,,,,,,,,
2024_10_08_11-46-39.jpg,3203,2389,KE_sugar,kelp_sugar,224,,,,,,,,,,
2024_10_08_11-46-39.jpg,3311,4473,KE_sugar,kelp_sugar,224,1.000,KE_sugar,0.000,GR_ulva,0.000,unknown,0.000,RE_fil,0.000,RE_leaf
2024_10_08_11-46-39.jpg,654,2321,KE_sugar,kelp_sugar,224,0.992,KE_sugar,0.006,SU_cob,0.001,RE_CCA,0.001,SU_shell,0.000,SU_silt
2024_10_08_11-46-39.jpg,3391,1552,BR_sarg,brown_algae_sargassum,224,,,,,,,,,,
2024_10_08_11-46-39.jpg,1686,2092,RE_branch,red_algae_branching,224,1.000,RE_branch,0.000,BR_sarg,0.000,RE_bush,0.000,RE_leaf,0.000,MS
2024_10_08_11-46-39.jpg,3171,4056,KE_sugar,kelp_sugar,224,0.961,KE_sugar,0.012,unknown,0.011,MS,0.007,RE_leaf,0.003,SU_bould
2024_10_08_11-46-39.jpg,3092,3389,KE_sugar,kelp_sugar,224,,,,,,,,,,
2024_10_08_11-46-39.jpg,2854,1219,RE_fil,red_algae_filamentous,224,,,,,,,,,,
2024_10_08_11-46-39.jpg,972,3794,KE_sugar,kelp_sugar,224,,,,,,,,,,
2024_10_08_11-46-39.jpg,2006,769,SU_peb,pebble,224,,,,,,,,,,
2024_10_08_11-46-39.jpg,2614,4080,unknown,unknown_area,224,,,,,,,,,,
2024_10_08_11-46-39.jpg,1297,305,RE_fil,red_algae_filamentous,224,,,,,,,,,,
2024_10_08_11-46-39.jpg,2666,808,SU_bould,boulder,224,,,,,,,,,,
2024_10_08_11-46-39.jpg,1203,2332,RE_branch,red_algae_branching,224,0.968,RE_branch,0.031,RE_leaf,0.000,KE_sieve,0.000,RE_fil,0.000,KE_sugar
2024_10_08_11-46-39.jpg,1842,464,RE_leaf,red_algae_flat_leaf,224,0.988,RE_leaf,0.005,KE_sugar,0.003,MS,0.001,KE_5rib,0.001,SU_bould
2024_10_08_11-46-39.jpg,3133,2004,KE_sugar,kelp_sugar,224,,,,,,,,,,
2024_10_08_11-46-39.jpg,3538,3733,KE_sugar,kelp_sugar,224,,,,,,,,,,
2024_10_08_11-46-39.jpg,3417,2554,KE_sugar,kelp_sugar,224,,,,,,,,,,
2024_10_08_11-46-39.jpg,1861,3468,unknown,unknown_area,224,,,,,,,,,,
2024_10_08_11-46-39.jpg,1554,3079,RE_branch,red_algae_branching,224,,,,,,,,,,
2024_10_08_11-46-39.jpg,747,2026,KE_sugar,kelp_sugar,224,0.967,KE_sugar,0.020,SI,0.006,MS,0.003,RE_leaf,0.002,KE_holdfas
2024_10_08_11-46-39.jpg,1709,2892,RE_branch,red_algae_branching,224,,,,,,,,,,
2024_10_08_11-46-39.jpg,1912,4296,KE_sugar,kelp_sugar,224,,,,,,,,,,
2024_10_08_11-46-39.jpg,527,1024,KE_sugar,kelp_sugar,224,,,,,,,,,,
2024_10_08_11-46-39.jpg,1071,820,KE_sugar,kelp_sugar,224,,,,,,,,,,
2024_10_08_11-46-39.jpg,3712,1135,SU_bould,boulder,224,0.808,SU_bould,0.157,MS,0.016,RE_leaf,0.016,RE_branch,0.002,KE_sieve
2024_10_08_11-46-39.jpg,428,4213,KE_sugar,kelp_sugar,224,0.994,KE_sugar,0.004,KE_5rib,0.001,RE_fil,0.000,SU_bould,0.000,MS
2024_10_08_11-46-39.jpg,1768,974,RE_fil,red_algae_filamentous,224,,,,,,,,,,
2024_10_08_11-46-39.jpg,3841,3714,KE_sugar,kelp_sugar,224,0.991,KE_sugar,0.009,RE_fil,0.000,KE_5rib,0.000,RE_leaf,0.000,GR_ulva
2024_10_08_11-46-39.jpg,3715,4223,KE_sugar,kelp_sugar,224,,,,,,,,,,
2024_10_08_11-46-39.jpg,3416,3365,KE_sugar,kelp_sugar,224,,,,,,,,,,
2024_10_08_11-46-39.jpg,2803,461,GR_ulva,green_algae_ulva,224,1.000,GR_ulva,0.000,KE_bull,0.000,KE_stipe,0.000,RE_leaf,0.000,KE_sieve
2024_10_08_11-46-39.jpg,2295,3194,KE_sugar,kelp_sugar,224,0.984,KE_sugar,0.006,BR_sarg,0.004,KE_sieve,0.003,RE_branch,0.001,KE_stipe
2024_10_08_11-46-39.jpg,2226,2453,KE_sugar,kelp_sugar,224,0.969,KE_sugar,0.019,RE_leaf,0.008,KE_bull,0.001,KE_sieve,0.001,MS
2024_10_08_11-46-39.jpg,227,1048,KE_sugar,kelp_sugar,224,,,,,,,,,,
2024_10_08_11-46-39.jpg,2512,3697,KE_sugar,kelp_sugar,224,0.999,KE_sugar,0.000,MS,0.000,RE_leaf,0.000,KE_5rib,0.000,SI_kelpBry
2024_10_08_11-46-39.jpg,1245,1136,KE_sugar,kelp_sugar,224,,,,,,,,,,
2024_10_08_11-46-39.jpg,2296,3467,KE_sugar,kelp_sugar,224,0.999,KE_sugar,0.001,MS,0.000,RE_leaf,0.000,KE_holdfas,0.000,SI_kelpBry
2024_10_08_11-46-39.jpg,1605,1660,KE_sugar,kelp_sugar,224,,,,,,,,,,
2024_10_08_11-46-48.jpg,2983,2555,KE_sugar,kelp_sugar,224,0.997,KE_sugar,0.001,KE_5rib,0.001,SU_bould,0.000,KE_sieve,0.000,RE_leaf
2024_10_08_11-46-48.jpg,3850,1173,GR_ulva,green_algae_ulva,224,1.000,GR_ulva,0.000,KE_5rib,0.000,KE_sieve,0.000,RE_leaf,0.000,BR_sarg
2024_10_08_11-46-48.jpg,1602,2277,SU_peb,pebble,224,,,,,,,,,,
2024_10_08_11-46-48.jpg,2831,3431,KE_sugar,kelp_sugar,224,1.000,KE_sugar,0.000,KE_sieve,0.000,KE_5rib,0.000,MS,0.000,SU_cob
2024_10_08_11-46-48.jpg,951,1552,GR_ulva,green_algae_ulva,224,1.000,GR_ulva,0.000,KE_sieve,0.000,RE_leaf,0.000,KE_bull,0.000,KE_5rib
2024_10_08_11-46-48.jpg,3528,126,SU_bould,boulder,224,,,,,,,,,,
2024_10_08_11-46-48.jpg,218,4445,KE_sugar,kelp_sugar,224,,,,,,,,,,
2024_10_08_11-46-48.jpg,1521,1355,GR_ulva,green_algae_ulva,224,1.000,GR_ulva,0.000,KE_bull,0.000,KE_sugar,0.000,KE_5rib,0.000,KE_sieve
2024_10_08_11-46-48.jpg,1413,1004,GR_ulva,green_algae_ulva,224,1.000,GR_ulva,0.000,MS,0.000,SU_peb,0.000,KE_bull,0.000,KE_stipe
2024_10_08_11-46-48.jpg,1555,3477,RE_branch,red_algae_branching,224,0.998,RE_branch,0.002,RE_fil,0.000,BR_sarg,0.000,RE_leaf,0.000,RE_bush
2024_10_08_11-46-48.jpg,1359,1157,GR_ulva,green_algae_ulva,224,0.996,GR_ulva,0.003,KE_stipe,0.001,MS,0.000,KE_bull,0.000,SI
2024_10_08_11-46-48.jpg,241,2290,GR_ulva,green_algae_ulva,224,1.000,GR_ulva,0.000,KE_bull,0.000,KE_stipe,0.000,RE_leaf,0.000,BR_fucus
2024_10_08_11-46-48.jpg,2145,2399,RE_branch,red_algae_branching,224,,,,,,,,,,
2024_10_08_11-46-48.jpg,3383,2159,KE_sugar,kelp_sugar,224,0.997,KE_sugar,0.002,RE_leaf,0.001,RE_fil,0.000,KE_sieve,0.000,SU_bould
2024_10_08_11-46-48.jpg,517,740,GR_ulva,green_algae_ulva,224,1.000,GR_ulva,0.000,KE_5rib,0.000,unknown,0.000,KE_sieve,0.000,BR_sarg
2024_10_08_11-46-48.jpg,393,3909,SU_peb,pebble,224,0.999,SU_peb,0.000,SU_bould,0.000,MS,0.000,KE_sieve,0.000,SU_silt
2024_10_08_11-46-48.jpg,2221,4133,RE_bush,red_algae_bushy,224,0.998,RE_bush,0.001,RE_branch,0.001,RE_leaf,0.000,RE_fil,0.000,KE_holdfas
2024_10_08_11-46-48.jpg,2800,1873,SU_peb,pebble,224,1.000,SU_peb,0.000,KE_stipe,0.000,SU_sand,0.000,SI,0.000,SU_shell
2024_10_08_11-46-48.jpg,501,2715,GR_ulva,green_algae_ulva,224,1.000,GR_ulva,0.000,KE_sieve,0.000,KE_bull,0.000,BR_sarg,0.000,MS
2024_10_08_11-46-48.jpg,3308,1786,KE_sugar,kelp_sugar,224,,,,,,,,,,
2024_10_08_11-46-48.jpg,2869,1383,GR_ulva,green_algae_ulva,224,0.984,GR_ulva,0.008,KE_stipe,0.008,KE_bull,0.000,RE_leaf,0.000,MS
2024_10_08_11-46-48.jpg,380,246,GR_ulva,green_algae_ulva,224,0.999,GR_ulva,0.001,unknown,0.000,KE_stipe,0.000,KE_sieve,0.000,KE_5rib
2024_10_08_11-46-48.jpg,3163,2715,KE_sugar,kelp_sugar,224,,,,,,,,,,
2024_10_08_11-46-48.jpg,1780,2259,SU_peb,pebble,224,,,,,,,,,,
2024_10_08_11-46-48.jpg,3625,777,GR_ulva,green_algae_ulva,224,1.000,GR_ulva,0.000,KE_sieve,0.000,KE_5rib,0.000,unknown,0.000,KE_stipe
2024_10_08_11-46-48.jpg,746,2198,GR_ulva,green_algae_ulva,224,1.000,GR_ulva,0.000,KE_bull,0.000,RE_leaf,0.000,KE_5rib,0.000,KE_sugar
2024_10_08_11-46-48.jpg,3556,2205,KE_sugar,kelp_sugar,224,,,,,,,,,,
2024_10_08_11-46-48.jpg,2254,4301,RE_bush,red_algae_bushy,224,1.000,RE_bush,0.000,KE_holdfas,0.000,RE_leaf,0.000,RE_fil,0.000,RE_branch
2024_10_08_11-46-48.jpg,975,3581,SU_sand,sand_fine_shell,224,1.000,SU_sand,0.000,SU_peb,0.000,SU_silt,0.000,SU_shell,0.000,RE_CCA
2024_10_08_11-46-48.jpg,1553,1218,GR_ulva,green_algae_ulva,224,0.996,GR_ulva,0.004,MS,0.000,RE_leaf,0.000,KE_bull,0.000,KE_stipe
2024_10_08_11-46-48.jpg,3031,3940,KE_sugar,kelp_sugar,224,0.999,KE_sugar,0.001,KE_sieve,0.000,SI_kelpBry,0.000,RE_branch,0.000,KE_stipe
2024_10_08_11-46-48.jpg,1881,3170,GR_ulva,green_algae_ulva,224,0.975,GR_ulva,0.019,RE_leaf,0.006,KE_bull,0.000,MS,0.000,KE_sugar
2024_10_08_11-46-48.jpg,794,1819,GR_ulva,green_algae_ulva,224,1.000,GR_ulva,0.000,KE_sugar,0.000,KE_sieve,0.000,RE_leaf,0.000,MS
2024_10_08_11-46-48.jpg,1710,415,BR_sarg,brown_algae_sargassum,224,,,,,,,,,,
2024_10_08_11-46-48.jpg,1838,405,GR_ulva,green_algae_ulva,224,1.000,GR_ulva,0.000,KE_stipe,0.000,KE_bull,0.000,SU_bould,0.000,BR_sarg
2024_10_08_11-46-48.jpg,2954,2895,KE_sugar,kelp_sugar,224,0.991,KE_sugar,0.007,MS,0.001,KE_stipe,0.000,KE_5rib,0.000,KE_sieve
2024_10_08_11-46-48.jpg,651,4023,KE_sugar,kelp_sugar,224,0.993,KE_sugar,0.006,KE_5rib,0.001,unknown,0.000,KE_sieve,0.000,GR_ulva
2024_10_08_11-46-48.jpg,2261,1012,GR_ulva,green_algae_ulva,224,1.000,GR_ulva,0.000,KE_sugar,0.000,RE_fil,0.000,KE_sieve,0.000,KE_bull
2024_10_08_11-46-48.jpg,2791,2221,KE_sugar,kelp_sugar,224,0.944,KE_sugar,0.056,KE_sieve,0.000,SU_bould,0.000,GR_ulva,0.000,SU_silt
2024_10_08_11-46-48.jpg,1808,3886,RE_branch,red_algae_branching,224,,,,,,,,,,
2024_10_08_11-46-48.jpg,745,2778,GR_ulva,green_algae_ulva,224,1.000,GR_ulva,0.000,KE_bull,0.000,RE_leaf,0.000,KE_sieve,0.000,KE_5rib
2024_10_08_11-46-48.jpg,1230,3550,SU_peb,pebble,224,0.917,SU_peb,0.078,SU_sand,0.004,MS,0.000,BR_sarg,0.000,RE_bush
2024_10_08_11-46-48.jpg,2259,1556,GR_ulva,green_algae_ulva,224,1.000,GR_ulva,0.000,KE_bull,0.000,KE_5rib,0.000,SI_kelpBry,0.000,RE_leaf
2024_10_08_11-46-48.jpg,2364,3513,RE_fil,red_algae_filamentous,224,0.999,RE_fil,0.000,RE_CCA,0.000,RE_leaf,0.000,RE_branch,0.000,KE_holdfas
2024_10_08_11-46-48.jpg,1948,1033,GR_ulva,green_algae_ulva,224,1.000,GR_ulva,0.000,KE_bull,0.000,MS,0.000,KE_stipe,0.000,SU_peb
2024_10_08_11-46-48.jpg,2526,2283,GR_ulva,green_algae_ulva,224,0.997,GR_ulva,0.003,KE_bull,0.000,KE_stipe,0.000,KE_5rib,0.000,MS
2024_10_08_11-46-48.jpg,1006,2197,GR_ulva,green_algae_ulva,224,0.984,GR_ulva,0.015,KE_bull,0.000,KE_5rib,0.000,SU_peb,0.000,KE_stipe
2024_10_08_11-46-48.jpg,1189,2819,GR_ulva,green_algae_ulva,224,1.000,GR_ulva,0.000,KE_sieve,0.000,KE_bull,0.000,KE_stipe,0.000,RE_fil
2024_10_08_11-46-48.jpg,3232,3389,KE_sugar,kelp_sugar,224,0.999,KE_sugar,0.001,KE_5rib,0.000,KE_sieve,0.000,MS,0.000,RE_fil
2024_10_08_11-46-48.jpg,922,2328,GR_ulva,green_algae_ulva,224,1.000,GR_ulva,0.000,KE_5rib,0.000,KE_bull,0.000,BR_sarg,0.000,RE_leaf
2024_10_08_11-46-57.jpg,290,1689,SU_bould,boulder,224,,,,,,,,,,
2024_10_08_11-46-57.jpg,2298,1375,GR_ulva,green_algae_ulva,224,0.998,GR_ulva,0.001,BR_sarg,0.000,KE_sieve,0.000,RE_branch,0.000,SU_bould
2024_10_08_11-46-57.jpg,1463,1554,KE_sugar,kelp_sugar,224,0.999,KE_sugar,0.001,KE_5rib,0.000,MS,0.000,RE_leaf,0.000,KE_sieve
2024_10_08_11-46-57.jpg,487,3212,GR_ulva,green_algae_ulva,224,1.000,GR_ulva,0.000,SU_bould,0.000,BR_fucus,0.000,KE_stipe,0.000,KE_bull
2024_10_08_11-46-57.jpg,1371,1143,KE_sugar,kelp_sugar,224,1.000,KE_sugar,0.000,KE_stipe,0.000,KE_holdfas,0.000,SI_kelpBry,0.000,KE_5rib
2024_10_08_11-46-57.jpg,2951,4190,SU_sand,sand_fine_shell,224,,,,,,,,,,
2024_10_08_11-46-57.jpg,3838,3275,GR_ulva,green_algae_ulva,224,1.000,GR_ulva,0.000,unknown,0.000,KE_stipe,0.000,KE_5rib,0.000,KE_sieve
2024_10_08_11-46-57.jpg,3485,1789,RE_leaf,red_algae_flat_leaf,224,,,,,,,,,,
2024_10_08_11-46-57.jpg,3204,661,GR_ulva,green_algae_ulva,224,,,,,,,,,,
2024_10_08_11-46-57.jpg,128,2403,SU_bould,boulder,224,,,,,,,,,,
2024_10_08_11-46-57.jpg,3248,1064,GR_ulva,green_algae_ulva,224,0.999,GR_ulva,0.001,KE_5rib,0.000,KE_sieve,0.000,unknown,0.000,KE_stipe
2024_10_08_11-46-57.jpg,3723,2779,GR_ulva,green_algae_ulva,224,1.000,GR_ulva,0.000,KE_stipe,0.000,BR_fucus,0.000,KE_bull,0.000,BR_sarg
2024_10_08_11-46-57.jpg,3727,1922,RE_leaf,red_algae_flat_leaf,224,0.994,RE_leaf,0.004,RE_fil,0.000,KE_stipe,0.000,SI,0.000,KE_5rib
2024_10_08_11-46-57.jpg,2678,4203,SU_sand,sand_fine_shell,224,0.902,SU_sand,0.036,SU_cob,0.027,SU_peb,0.017,KE_sieve,0.016,SU_silt
2024_10_08_11-46-57.jpg,2651,3033,GR_ulva,green_algae_ulva,224,1.000,GR_ulva,0.000,RE_leaf,0.000,KE_bull,0.000,KE_5rib,0.000,KE_sieve
2024_10_08_11-46-57.jpg,1070,3397,GR_ulva,green_algae_ulva,224,1.000,GR_ulva,0.000,KE_sieve,0.000,KE_stipe,0.000,SU_bould,0.000,KE_sugar
2024_10_08_11-46-57.jpg,1299,4165,SU_sand,sand_fine_shell,224,0.998,SU_sand,0.001,SU_cob,0.000,MS,0.000,SU_shell,0.000,SU_silt
2024_10_08_11-46-57.jpg,547,378,KE_sugar,kelp_sugar,224,0.998,KE_sugar,0.001,RE_fil,0.001,KE_5rib,0.000,RE_leaf,0.000,SU_bould
2024_10_08_11-46-57.jpg,268,1095,GR_ulva,green_algae_ulva,224,1.000,GR_ulva,0.000,KE_5rib,0.000,SU_bould,0.000,SU_cob,0.000,KE_sugar
2024_10_08_11-46-57.jpg,2693,870,KE_sugar,kelp_sugar,224,0.962,KE_sugar,0.027,KE_5rib,0.008,GR_ulva,0.003,KE_sieve,0.000,RE_leaf
2024_10_08_11-46-57.jpg,1121,1807,GR_ulva,green_algae_ulva,224,1.000,GR_ulva,0.000,KE_sieve,0.000,KE_bull,0.000,KE_sugar,0.000,SU_bould
2024_10_08_11-46-57.jpg,2715,3760,SU_peb,pebble,224,1.000,SU_peb,0.000,KE_stipe,0.000,SU_cob,0.000,BR_fucus,0.000,SU_bould
2024_10_08_11-46-57.jpg,930,2665,GR_ulva,green_algae_ulva,224,1.000,GR_ulva,0.000,SU_bould,0.000,KE_sieve,0.000,KE_bull,0.000,KE_stipe
2024_10_08_11-46-57.jpg,3251,333,GR_ulva,green_algae_ulva,224,1.000,GR_ulva,0.000,KE_stipe,0.000,SU_peb,0.000,SI,0.000,SU_bould
2024_10_08_11-46-57.jpg,3427,131,SU_cob,cobble,224,,,,,,,,,,
2024_10_08_11-46-57.jpg,1355,3472,GR_ulva,green_algae_ulva,224,1.000,GR_ulva,0.000,KE_sieve,0.000,SU_bould,0.000,BR_sarg,0.000,SU_silt
2024_10_08_11-46-57.jpg,3018,1118,GR_ulva,green_algae_ulva,224,,,,,,,,,,
2024_10_08_11-46-57.jpg,716,1745,KE_sugar,kelp_sugar,224,,,,,,,,,,
2024_10_08_11-46-57.jpg,2063,267,KE_sugar,kelp_sugar,224,0.979,KE_sugar,0.020,KE_5rib,0.000,KE_holdfas,0.000,KE_sieve,0.000,RE_branch
2024_10_08_11-46-57.jpg,395,3563,SU_cob,cobble,224,,,,,,,,,,
2024_10_08_11-46-57.jpg,893,1205,KE_sugar,kelp_sugar,224,1.000,KE_sugar,0.000,KE_5rib,0.000,SU_cob,0.000,SU_silt,0.000,KE_stipe
2024_10_08_11-46-57.jpg,2395,2270,RE_branch,red_algae_branching,224,0.987,RE_branch,0.013,RE_bush,0.000,BR_sarg,0.000,SU_bould,0.000,RE_leaf
2024_10_08_11-46-57.jpg,2632,2310,RE_branch,red_algae_branching,224,,,,,,,,,,
2024_10_08_11-46-57.jpg,3206,2231,RE_CCA,red_algae_encrusting_CCA,224,,,,,,,,,,
2024_10_08_11-46-57.jpg,2492,841,RE_leaf,red_algae_flat_leaf,224,1.000,RE_leaf,0.000,RE_fil,0.000,MS,0.000,RE_branch,0.000,KE_sugar
2024_10_08_11-46-57.jpg,134,3298,SU_cob,cobble,224,0.994,SU_cob,0.003,SU_peb,0.003,SU_bould,0.000,SU_silt,0.000,KE_stipe
2024_10_08_11-46-57.jpg,1717,3036,RE_branch,red_algae_branching,224,0.984,RE_branch,0.011,KE_sieve,0.003,RE_leaf,0.001,SU_bould,0.000,MS
2024_10_08_11-46-57.jpg,582,585,KE_sugar,kelp_sugar,224,,,,,,,,,,
2024_10_08_11-46-57.jpg,2512,1424,GR_ulva,green_algae_ulva,224,1.000,GR_ulva,0.000,BR_sarg,0.000,KE_sieve,0.000,KE_bull,0.000,RE_leaf
2024_10_08_11-46-57.jpg,959,4187,SU_peb,pebble,224,,,,,,,,,,
2024_10_08_11-46-57.jpg,2038,2300,KE_sugar,kelp_sugar,224,,,,,,,,,,
2024_10_08_11-46-57.jpg,961,899,KE_sugar,kelp_sugar,224,0.971,KE_sugar,0.029,KE_5rib,0.000,SU_bould,0.000,RE_bush,0.000,SU_cob
2024_10_08_11-46-57.jpg,2278,562,KE_sugar,kelp_sugar,224,0.997,KE_sugar,0.003,RE_leaf,0.000,KE_stipe,0.000,SI_kelpBry,0.000,RE_fil
2024_10_08_11-46-57.jpg,3219,2472,GR_ulva,green_algae_ulva,224,1.000,GR_ulva,0.000,KE_sieve,0.000,BR_sarg,0.000,KE_5rib,0.000,KE_bull
2024_10_08_11-46-57.jpg,3053,2511,GR_ulva,green_algae_ulva,224,1.000,GR_ulva,0.000,KE_bull,0.000,KE_sieve,0.000,BR_sarg,0.000,RE_leaf
2024_10_08_11-46-57.jpg,2555,3226,KE_stipe,kelp_stipe,224,0.930,KE_stipe,0.052,GR_ulva,0.017,SU_bould,0.001,RE_CCA,0.000,KE_bull
2024_10_08_11-46-57.jpg,2788,3528,SU_sand,sand_fine_shell,224,0.687,SU_sand,0.131,RE_bush,0.128,MS,0.038,BR_sarg,0.008,RE_leaf
2024_10_08_11-46-57.jpg,1215,1967,GR_ulva,green_algae_ulva,224,0.997,GR_ulva,0.002,SU_bould,0.001,KE_sieve,0.000,KE_bull,0.000,RE_CCA
2024_10_08_11-46-57.jpg,2304,220,KE_sugar,kelp_sugar,224,0.885,KE_sugar,0.039,SI_kelpBry,0.023,MS,0.017,RE_leaf,0.012,KE_5rib
2024_10_08_11-46-57.jpg,2317,3137,KE_stipe,kelp_stipe,224,1.000,KE_stipe,0.000,SU_bould,0.000,RE_CCA,0.000,GR_ulva,0.000,KE_bull
2024_10_08_11-47-06.jpg,2269,991,SU_peb,pebble,224,0.999,SU_peb,0.001,GR_ulva,0.000,KE_bull,0.000,KE_stipe,0.000,SU_shell
2024_10_08_11-47-06.jpg,1334,3791,RE_branch,red_algae_branching,224,1.000,RE_branch,0.000,BR_sarg,0.000,RE_bush,0.000,KE_5rib,0.000,KE_sugar
2024_10_08_11-47-06.jpg,2872,869,GR_ulva,green_algae_ulva,224,1.000,GR_ulva,0.000,RE_leaf,0.000,KE_sugar,0.000,KE_5rib,0.000,KE_bull
2024_10_08_11-47-06.jpg,276,3131,KE_sugar,kelp_sugar,224,,,,,,,,,,
2024_10_08_11-47-06.jpg,3779,1649,unknown,unknown_area,224,,,,,,,,,,
2024_10_08_11-47-06.jpg,2839,1524,GR_ulva,green_algae_ulva,224,0.996,GR_ulva,0.004,BR_sarg,0.000,SU_bould,0.000,SU_peb,0.000,KE_bull
2024_10_08_11-47-06.jpg,295,962,GR_ulva,green_algae_ulva,224,0.937,GR_ulva,0.063,SU_peb,0.000,KE_stipe,0.000,BR_sarg,0.000,SU_cob
2024_10_08_11-47-06.jpg,1129,2739,GR_ulva,green_algae_ulva,224,1.000,GR_ulva,0.000,KE_5rib,0.000,RE_leaf,0.000,SU_cob,0.000,SI_kelpBry
2024_10_08_11-47-06.jpg,3090,728,GR_ulva,green_algae_ulva,224,1.000,GR_ulva,0.000,KE_bull,0.000,KE_sugar,0.000,KE_stipe,0.000,MS
2024_10_08_11-47-06.jpg,2098,2363,GR_ulva,green_algae_ulva,224,1.000,GR_ulva,0.000,KE_bull,0.000,RE_leaf,0.000,KE_sieve,0.000,BR_sarg
2024_10_08_11-47-06.jpg,1676,1935,GR_ulva,green_algae_ulva,224,1.000,GR_ulva,0.000,RE_leaf,0.000,KE_5rib,0.000,KE_sugar,0.000,KE_sieve
2024_10_08_11-47-06.jpg,748,2245,GR_ulva,green_algae_ulva,224,1.000,GR_ulva,0.000,RE_leaf,0.000,KE_5rib,0.000,KE_sugar,0.000,MS
2024_10_08_11-47-06.jpg,3281,1083,GR_ulva,green_algae_ulva,224,1.000,GR_ulva,0.000,SU_peb,0.000,KE_5rib,0.000,BR_sarg,0.000,RE_leaf
2024_10_08_11-47-06.jpg,3302,2847,KE_sugar,kelp_sugar,224,,,,,,,,,,
2024_10_08_11-47-06.jpg,2062,1556,GR_ulva,green_algae_ulva,224,1.000,GR_ulva,0.000,KE_5rib,0.000,MS,0.000,BR_sarg,0.000,RE_leaf
2024_10_08_11-47-06.jpg,2114,3605,MS,mobile_species,224,1.000,MS,0.000,RE_bush,0.000,SI,0.000,SU_sand,0.000,SU_silt
2024_10_08_11-47-06.jpg,1695,3717,SU_sand,sand_fine_shell,224,0.941,SU_sand,0.027,MS,0.018,SU_peb,0.012,BR_sarg,0.001,KE_stipe
2024_10_08_11-47-06.jpg,3747,1227,GR_ulva,green_algae_ulva,224,1.000,GR_ulva,0.000,SU_peb,0.000,KE_stipe,0.000,KE_bull,0.000,BR_sarg
2024_10_08_11-47-06.jpg,2929,2559,GR_ulva,green_algae_ulva,224,0.986,GR_ulva,0.013,SU_bould,0.000,KE_sieve,0.000,RE_CCA,0.000,BR_sarg
2024_10_08_11-47-06.jpg,1142,3894,RE_branch,red_algae_branching,224,,,,,,,,,,
2024_10_08_11-47-06.jpg,1002,2794,GR_ulva,green_algae_ulva,224,1.000,GR_ulva,0.000,SU_cob,0.000,SU_peb,0.000,KE_sugar,0.000,RE_leaf
2024_10_08_11-47-06.jpg,1334,1328,GR_ulva,green_algae_ulva,224,1.000,GR_ulva,0.000,KE_5rib,0.000,RE_leaf,0.000,KE_sugar,0.000,unknown
2024_10_08_11-47-06.jpg,2871,2200,GR_ulva,green_algae_ulva,224,1.000,GR_ulva,0.000,SU_bould,0.000,KE_sieve,0.000,RE_CCA,0.000,BR_sarg
2024_10_08_11-47-06.jpg,969,1396,GR_ulva,green_algae_ulva,224,1.000,GR_ulva,0.000,RE_leaf,0.000,BR_sarg,0.000,KE_sugar,0.000,MS
2024_10_08_11-47-06.jpg,975,1656,GR_ulva,green_algae_ulva,224,1.000,GR_ulva,0.000,RE_leaf,0.000,KE_sugar,0.000,KE_5rib,0.000,KE_bull
2024_10_08_11-47-06.jpg,2838,2992,GR_ulva,green_algae_ulva,224,1.000,GR_ulva,0.000,KE_bull,0.000,KE_sugar,0.000,KE_sieve,0.000,SI_kelpBry
2024_10_08_11-47-06.jpg,1863,4087,KE_sugar,kelp_sugar,224,,,,,,,,,,
2024_10_08_11-47-06.jpg,1591,2559,GR_ulva,green_algae_ulva,224,0.990,GR_ulva,0.006,KE_sieve,0.002,KE_sugar,0.002,KE_bull,0.000,KE_stipe
2024_10_08_11-47-06.jpg,289,2619,KE_sugar,kelp_sugar,224,,,,,,,,,,
2024_10_08_11-47-06.jpg,1103,4107,RE_branch,red_algae_branching,224,,,,,,,,,,
2024_10_08_11-47-06.jpg,3177,238,GR_ulva,green_algae_ulva,224,1.000,GR_ulva,0.000,KE_5rib,0.000,unknown,0.000,KE_sugar,0.000,KE_stipe
2024_10_08_11-47-06.jpg,3555,494,GR_ulva,green_algae_ulva,224,0.997,GR_ulva,0.003,unknown,0.000,KE_sugar,0.000,KE_5rib,0.000,KE_stipe
2024_10_08_11-47-06.jpg,1970,3448,KE_sugar,kelp_sugar,224,,,,,,,,,,
2024_10_08_11-47-06.jpg,1254,766,unknown,unknown_area,224,,,,,,,,,,
2024_10_08_11-47-06.jpg,1098,2172,GR_ulva,green_algae_ulva,224,1.000,GR_ulva,0.000,KE_5rib,0.000,KE_bull,0.000,RE_leaf,0.000,BR_sarg
2024_10_08_11-47-06.jpg,3401,1544,GR_ulva,green_algae_ulva,224,1.000,GR_ulva,0.000,RE_leaf,0.000,BR_sarg,0.000,KE_5rib,0.000,KE_bull
2024_10_08_11-47-06.jpg,812,2493,GR_ulva,green_algae_ulva,224,1.000,GR_ulva,0.000,SI,0.000,KE_sugar,0.000,SU_peb,0.000,MS
2024_10_08_11-47-06.jpg,3269,3902,SU_sand,sand_fine_shell,224,,,,,,,,,,
2024_10_08_11-47-06.jpg,1141,2942,SU_sand,sand_fine_shell,224,,,,,,,,,,
2024_10_08_11-47-06.jpg,2746,2876,GR_ulva,green_algae_ulva,224,1.000,GR_ulva,0.000,BR_sarg,0.000,KE_sieve,0.000,KE_bull,0.000,SU_bould
2024_10_08_11-47-06.jpg,482,3404,RE_fil,red_algae_filamentous,224,0.946,RE_fil,0.032,SU_bould,0.018,RE_bush,0.001,KE_stipe,0.001,RE_branch
2024_10_08_11-47-06.jpg,3236,817,GR_ulva,green_algae_ulva,224,0.963,GR_ulva,0.037,SU_peb,0.000,MS,0.000,KE_stipe,0.000,RE_leaf
2024_10_08_11-47-06.jpg,2531,4136,KE_sugar,kelp_sugar,224,,,,,,,,,,
2024_10_08_11-47-06.jpg,859,2363,GR_ulva,green_algae_ulva,224,1.000,GR_ulva,0.000,RE_leaf,0.000,MS,0.000,KE_5rib,0.000,KE_stipe
2024_10_08_11-47-06.jpg,605,3418,RE_fil,red_algae_filamentous,224,,,,,,,,,,
2024_10_08_11-47-06.jpg,2828,1754,GR_ulva,green_algae_ulva,224,0.966,GR_ulva,0.025,SU_bould,0.008,KE_stipe,0.001,KE_bull,0.000,KE_sieve
2024_10_08_11-47-06.jpg,2922,1904,GR_ulva,green_algae_ulva,224,0.997,GR_ulva,0.003,KE_sieve,0.000,SU_bould,0.000,RE_CCA,0.000,KE_sugar
2024_10_08_11-47-06.jpg,440,2793,KE_sugar,kelp_sugar,224,,,,,,,,,,
2024_10_08_11-47-06.jpg,3826,222,GR_ulva,green_algae_ulva,224,1.000,GR_ulva,0.000,unknown,0.000,KE_sugar,0.000,KE_sieve,0.000,MS
2024_10_08_11-47-06.jpg,951,1903,GR_ulva,green_algae_ulva,224,1.000,GR_ulva,0.000,BR_sarg,0.000,SU_bould,0.000,KE_bull,0.000,KE_sieve
2024_10_08_11-47-15.jpg,3701,3923,BR_sarg,brown_algae_sargassum,224,0.988,BR_sarg,0.011,SU_sand,0.001,KE_holdfas,0.000,RE_branch,0.000,RE_bush
2024_10_08_11-47-15.jpg,296,1422,RE_leaf,red_algae_flat_leaf,224,0.971,RE_leaf,0.028,RE_fil,0.001,KE_5rib,0.000,KE_sugar,0.000,SU_peb
2024_10_08_11-47-15.jpg,527,2090,RE_branch,red_algae_branching,224,,,,,,,,,,
2024_10_08_11-47-15.jpg,3089,3755,GR_ulva,green_algae_ulva,224,,,,,,,,,,
2024_10_08_11-47-15.jpg,1183,3151,RE_branch,red_algae_branching,224,0.998,RE_branch,0.002,BR_sarg,0.000,RE_bush,0.000,KE_holdfas,0.000,RE_leaf
2024_10_08_11-47-15.jpg,1755,3506,RE_branch,red_algae_branching,224,0.999,RE_branch,0.001,RE_bush,0.000,BR_sarg,0.000,SU_peb,0.000,KE_holdfas
2024_10_08_11-47-15.jpg,936,4348,SU_peb,pebble,224,,,,,,,,,,
2024_10_08_11-47-15.jpg,3842,1978,KE_sugar,kelp_sugar,224,1.000,KE_sugar,0.000,KE_5rib,0.000,RE_leaf,0.000,KE_sieve,0.000,RE_fil
2024_10_08_11-47-15.jpg,470,620,GR_ulva,green_algae_ulva,224,,,,,,,,,,
2024_10_08_11-47-15.jpg,2174,2663,RE_branch,red_algae_branching,224,1.000,RE_branch,0.000,BR_sarg,0.000,RE_fil,0.000,RE_bush,0.000,MS
2024_10_08_11-47-15.jpg,1875,1729,BR_sarg,brown_algae_sargassum,224,,,,,,,,,,
2024_10_08_11-47-15.jpg,2840,242,SU_sand,sand_fine_shell,224,,,,,,,,,,
2024_10_08_11-47-15.jpg,583,2923,RE_branch,red_algae_branching,224,0.984,RE_branch,0.016,RE_fil,0.000,RE_bush,0.000,BR_sarg,0.000,RE_CCA
2024_10_08_11-47-15.jpg,2851,4128,GR_ulva,green_algae_ulva,224,1.000,GR_ulva,0.000,KE_bull,0.000,KE_5rib,0.000,KE_stipe,0.000,RE_leaf
2024_10_08_11-47-15.jpg,3495,2240,GR_ulva,green_algae_ulva,224,,,,,,,,,,
2024_10_08_11-47-15.jpg,1264,3356,RE_branch,red_algae_branching,224,1.000,RE_branch,0.000,BR_sarg,0.000,RE_bush,0.000,RE_leaf,0.000,RE_CCA
2024_10_08_11-47-15.jpg,1504,950,RE_bush,red_algae_bushy,224,0.985,RE_bush,0.015,SU_peb,0.000,SU_sand,0.000,RE_branch,0.000,KE_holdfas
2024_10_08_11-47-15.jpg,1053,3011,RE_branch,red_algae_branching,224,,,,,,,,,,
2024_10_08_11-47-15.jpg,3283,3165,GR_ulva,green_algae_ulva,224,,,,,,,,,,
2024_10_08_11-47-15.jpg,1780,1281,RE_bush,red_algae_bushy,224,,,,,,,,,,
2024_10_08_11-47-15.jpg,3862,4426,KE_sugar,kelp_sugar,224,,,,,,,,,,
2024_10_08_11-47-15.jpg,1558,1841,RE_fil,red_algae_filamentous,224,0.997,RE_fil,0.002,RE_bush,0.001,RE_branch,0.000,RE_leaf,0.000,SU_bould
2024_10_08_11-47-15.jpg,1510,2915,RE_leaf,red_algae_flat_leaf,224,1.000,RE_leaf,0.000,MS,0.000,SI_kelpBry,0.000,SU_peb,0.000,RE_branch
2024_10_08_11-47-15.jpg,2764,2410,RE_fil,red_algae_filamentous,224,,,,,,,,,,
2024_10_08_11-47-15.jpg,406,986,RE_fil,red_algae_filamentous,224,1.000,RE_fil,0.000,KE_stipe,0.000,SU_cob,0.000,KE_sugar,0.000,SU_bould
2024_10_08_11-47-15.jpg,2125,3692,GR_ulva,green_algae_ulva,224,1.000,GR_ulva,0.000,MS,0.000,KE_5rib,0.000,KE_sugar,0.000,SU_bould
2024_10_08_11-47-15.jpg,825,3830,SU_peb,pebble,224,0.991,SU_peb,0.004,SU_bould,0.004,SU_cob,0.000,SU_sand,0.000,KE_5rib
2024_10_08_11-47-15.jpg,1327,4438,SU_sand,sand_fine_shell,224,1.000,SU_sand,0.000,SU_peb,0.000,SU_silt,0.000,SU_shell,0.000,RE_bush
2024_10_08_11-47-15.jpg,782,338,KE_sugar,kelp_sugar,224,0.979,KE_sugar,0.013,GR_ulva,0.006,KE_5rib,0.001,RE_leaf,0.001,SU_silt
2024_10_08_11-47-15.jpg,1886,2133,RE_branch,red_algae_branching,224,0.975,RE_branch,0.022,RE_bush,0.003,BR_sarg,0.000,RE_fil,0.000,MS
2024_10_08_11-47-15.jpg,1453,3882,SU_sand,sand_fine_shell,224,1.000,SU_sand,0.000,SU_cob,0.000,SU_silt,0.000,SI_kelpBry,0.000,KE_sugar
2024_10_08_11-47-15.jpg,776,1632,RE_fil,red_algae_filamentous,224,1.000,RE_fil,0.000,RE_leaf,0.000,RE_bush,0.000,SU_bould,0.000,RE_branch
2024_10_08_11-47-15.jpg,2840,3744,GR_ulva,green_algae_ulva,224,1.000,GR_ulva,0.000,KE_sieve,0.000,KE_bull,0.000,SU_bould,0.000,MS
2024_10_08_11-47-15.jpg,2326,1651,RE_branch,red_algae_branching,224,,,,,,,,,,
2024_10_08_11-47-15.jpg,182,1405,RE_leaf,red_algae_flat_leaf,224,,,,,,,,,,
2024_10_08_11-47-15.jpg,565,4181,SU_peb,pebble,224,1.000,SU_peb,0.000,SU_cob,0.000,SU_silt,0.000,SU_sand,0.000,SU_bould
2024_10_08_11-47-15.jpg,745,3161,RE_branch,red_algae_branching,224,,,,,,,,,,
2024_10_08_11-47-15.jpg,2548,707,SU_peb,pebble,224,0.840,SU_peb,0.093,RE_bush,0.043,BR_sarg,0.011,KE_stipe,0.006,GR_ulva
2024_10_08_11-47-15.jpg,1279,2653,SU_bould,boulder,224,,,,,,,,,,
2024_10_08_11-47-15.jpg,2018,2754,RE_branch,red_algae_branching,224,1.000,RE_branch,0.000,RE_fil,0.000,RE_bush,0.000,SU_bould,0.000,BR_sarg
2024_10_08_11-47-15.jpg,3772,598,GR_ulva,green_algae_ulva,224,,,,,,,,,,
2024_10_08_11-47-15.jpg,3668,2985,GR_ulva,green_algae_ulva,224,1.000,GR_ulva,0.000,SU_bould,0.000,KE_sieve,0.000,KE_sugar,0.000,KE_5rib
2024_10_08_11-47-15.jpg,2571,1921,RE_branch,red_algae_branching,224,,,,,,,,,,
2024_10_08_11-47-15.jpg,3501,742,GR_ulva,green_algae_ulva,224,0.994,GR_ulva,0.006,SU_peb,0.000,KE_stipe,0.000,SU_bould,0.000,SU_cob
2024_10_08_11-47-15.jpg,3148,286,GR_ulva,green_algae_ulva,224,1.000,GR_ulva,0.000,SU_bould,0.000,KE_stipe,0.000,SU_cob,0.000,SU_peb
2024_10_08_11-47-15.jpg,474,433,GR_ulva,green_algae_ulva,224,1.000,GR_ulva,0.000,KE_5rib,0.000,KE_stipe,0.000,KE_sieve,0.000,SU_cob
2024_10_08_11-47-15.jpg,3197,2173,GR_ulva,green_algae_ulva,224,,,,,,,,,,
2024_10_08_11-47-15.jpg,2679,3734,GR_ulva,green_algae_ulva,224,0.987,GR_ulva,0.009,KE_sieve,0.003,KE_bull,0.001,KE_stipe,0.000,KE_sugar
2024_10_08_11-47-15.jpg,1580,1148,RE_bush,red_algae_bushy,224,1.000,RE_bush,0.000,RE_branch,0.000,KE_holdfas,0.000,SU_peb,0.000,BR_fucus
2024_10_08_11-47-15.jpg,1573,434,SU_peb,pebble,224,,,,,,,,,,
2024_10_08_11-47-24.jpg,932,2996,GR_ulva,green_algae_ulva,224,0.998,GR_ulva,0.002,SU_peb,0.000,KE_stipe,0.000,KE_bull,0.000,BR_sarg
2024_10_08_11-47-24.jpg,1872,1352,RE_branch,red_algae_branching,224,1.000,RE_branch,0.000,RE_bush,0.000,RE_fil,0.000,BR_sarg,0.000,RE_leaf
2024_10_08_11-47-24.jpg,1787,3562,RE_bush,red_algae_bushy,224,1.000,RE_bush,0.000,RE_fil,0.000,RE_leaf,0.000,RE_branch,0.000,MS
2024_10_08_11-47-24.jpg,2734,1821,KE_sugar,kelp_sugar,224,0.911,KE_sugar,0.078,KE_5rib,0.007,RE_leaf,0.003,KE_sieve,0.000,KE_stipe
2024_10_08_11-47-24.jpg,3600,624,RE_fil,red_algae_filamentous,224,0.971,RE_fil,0.028,RE_branch,0.000,BR_sarg,0.000,RE_bush,0.000,RE_leaf
2024_10_08_11-47-24.jpg,1492,2787,GR_ulva,green_algae_ulva,224,1.000,GR_ulva,0.000,KE_sieve,0.000,RE_leaf,0.000,BR_sarg,0.000,KE_bull
2024_10_08_11-47-24.jpg,368,1747,GR_ulva,green_algae_ulva,224,1.000,GR_ulva,0.000,KE_bull,0.000,SI,0.000,SU_bould,0.000,unknown
2024_10_08_11-47-24.jpg,237,4215,SU_peb,pebble,224,0.997,SU_peb,0.003,SU_sand,0.000,SU_bould,0.000,KE_stipe,0.000,SU_cob
2024_10_08_11-47-24.jpg,2751,4055,SU_cob,cobble,224,,,,,,,,,,
2024_10_08_11-47-24.jpg,3739,1930,SU_sand,sand_fine_shell,224,1.000,SU_sand,0.000,SU_silt,0.000,SU_peb,0.000,SU_cob,0.000,SU_shell
2024_10_08_11-47-24.jpg,1958,914,GR_ulva,green_algae_ulva,224,1.000,GR_ulva,0.000,MS,0.000,KE_stipe,0.000,RE_leaf,0.000,KE_bull
2024_10_08_11-47-24.jpg,2092,3203,SU_sand,sand_fine_shell,224,,,,,,,,,,
2024_10_08_11-47-24.jpg,2996,4268,SU_peb,pebble,224,1.000,SU_peb,0.000,SU_bould,0.000,KE_stipe,0.000,KE_5rib,0.000,BR_sarg
2024_10_08_11-47-24.jpg,684,2181,GR_ulva,green_algae_ulva,224,1.000,GR_ulva,0.000,KE_sieve,0.000,KE_5rib,0.000,SU_bould,0.000,KE_bull
2024_10_08_11-47-24.jpg,338,796,GR_ulva,green_algae_ulva,224,0.995,GR_ulva,0.004,KE_5rib,0.000,unknown,0.000,KE_sieve,0.000,RE_fil
2024_10_08_11-47-24.jpg,176,2515,SU_sand,sand_fine_shell,224,0.997,SU_sand,0.001,SU_silt,0.001,SU_cob,0.001,SU_peb,0.000,SU_bould
2024_10_08_11-47-24.jpg,2557,3099,KE_sugar,kelp_sugar,224,0.999,KE_sugar,0.001,KE_5rib,0.000,RE_leaf,0.000,KE_sieve,0.000,SI
2024_10_08_11-47-24.jpg,251,999,GR_ulva,green_algae_ulva,224,0.998,GR_ulva,0.001,KE_sieve,0.000,KE_stipe,0.000,unknown,0.000,RE_leaf
2024_10_08_11-47-24.jpg,3170,513,GR_ulva,green_algae_ulva,224,0.998,GR_ulva,0.002,KE_stipe,0.000,MS,0.000,KE_bull,0.000,RE_leaf
2024_10_08_11-47-24.jpg,1569,505,GR_ulva,green_algae_ulva,224,1.000,GR_ulva,0.000,KE_sugar,0.000,MS,0.000,KE_stipe,0.000,KE_5rib
2024_10_08_11-47-24.jpg,2837,2189,KE_sugar,kelp_sugar,224,,,,,,,,,,
2024_10_08_11-47-24.jpg,366,2066,GR_ulva,green_algae_ulva,224,0.999,GR_ulva,0.001,KE_bull,0.000,KE_stipe,0.000,KE_5rib,0.000,KE_sieve
2024_10_08_11-47-24.jpg,259,547,GR_ulva,green_algae_ulva,224,0.999,GR_ulva,0.000,MS,0.000,KE_sieve,0.000,KE_sugar,0.000,unknown
2024_10_08_11-47-24.jpg,2097,1197,GR_ulva,green_algae_ulva,224,1.000,GR_ulva,0.000,KE_bull,0.000,RE_leaf,0.000,KE_sieve,0.000,KE_sugar
2024_10_08_11-47-24.jpg,3407,3711,GR_ulva,green_algae_ulva,224,0.995,GR_ulva,0.005,unknown,0.000,KE_sieve,0.000,KE_5rib,0.000,KE_stipe
2024_10_08_11-47-24.jpg,2931,1247,KE_sugar,kelp_sugar,224,0.999,KE_sugar,0.000,RE_leaf,0.000,RE_fil,0.000,KE_5rib,0.000,SU_bould
2024_10_08_11-47-24.jpg,1530,1482,SU_bould,boulder,224,,,,,,,,,,
2024_10_08_11-47-24.jpg,1253,4319,KE_sugar,kelp_sugar,224,1.000,KE_sugar,0.000,GR_ulva,0.000,KE_5rib,0.000,SU_silt,0.000,MS
2024_10_08_11-47-24.jpg,2597,2598,KE_sugar,kelp_sugar,224,0.980,KE_sugar,0.008,RE_fil,0.006,SU_peb,0.002,RE_leaf,0.002,KE_stipe
2024_10_08_11-47-24.jpg,468,1080,GR_ulva,green_algae_ulva,224,0.999,GR_ulva,0.000,KE_bull,0.000,SU_silt,0.000,KE_sugar,0.000,BR_fucus
2024_10_08_11-47-24.jpg,3882,2396,RE_branch,red_algae_branching,224,,,,,,,,,,
2024_10_08_11-47-24.jpg,3320,1211,GR_ulva,green_algae_ulva,224,0.945,GR_ulva,0.039,SU_peb,0.009,SU_cob,0.005,KE_stipe,0.001,BR_sarg
2024_10_08_11-47-24.jpg,1187,2082,BR_sarg,brown_algae_sargassum,224,,,,,,,,,,
2024_10_08_11-47-24.jpg,2248,3299,SU_peb,pebble,224,1.000,SU_peb,0.000,SU_sand,0.000,MS,0.000,KE_stipe,0.000,RE_branch
2024_10_08_11-47-24.jpg,3862,2891,RE_branch,red_algae_branching,224,,,,,,,,,,
2024_10_08_11-47-24.jpg,2340,1526,RE_branch,red_algae_branching,224,,,,,,,,,,
2024_10_08_11-47-24.jpg,3823,1435,RE_branch,red_algae_branching,224,,,,,,,,,,
2024_10_08_11-47-24.jpg,2248,721,GR_ulva,green_algae_ulva,224,0.999,GR_ulva,0.001,SU_silt,0.000,SU_bould,0.000,unknown,0.000,KE_sugar
2024_10_08_11-47-24.jpg,872,2303,GR_ulva,green_algae_ulva,224,1.000,GR_ulva,0.000,KE_bull,0.000,RE_leaf,0.000,BR_sarg,0.000,KE_sieve
2024_10_08_11-47-24.jpg,2694,2419,KE_sugar,kelp_sugar,224,0.912,KE_sugar,0.088,SU_bould,0.000,RE_leaf,0.000,MS,0.000,SU_cob
2024_10_08_11-47-24.jpg,768,233,GR_ulva,green_algae_ulva,224,0.998,GR_ulva,0.001,KE_sugar,0.000,unknown,0.000,MS,0.000,KE_sieve
2024_10_08_11-47-24.jpg,1501,3810,RE_bush,red_algae_bushy,224,0.999,RE_bush,0.001,SU_sand,0.000,SU_silt,0.000,RE_branch,0.000,SU_peb
2024_10_08_11-47-24.jpg,2903,230,GR_ulva,green_algae_ulva,224,0.999,GR_ulva,0.001,unknown,0.000,KE_sieve,0.000,KE_5rib,0.000,KE_stipe
2024_10_08_11-47-24.jpg,2754,3230,KE_sugar,kelp_sugar,224,,,,,,,,,,
2024_10_08_11-47-24.jpg,2949,2300,SU_peb,pebble,224,0.998,SU_peb,0.002,SU_sand,0.000,SU_shell,0.000,KE_stipe,0.000,MS
2024_10_08_11-47-24.jpg,1341,2685,GR_ulva,green_algae_ulva,224,1.000,GR_ulva,0.000,KE_sieve,0.000,RE_leaf,0.000,BR_sarg,0.000,KE_bull
2024_10_08_11-47-24.jpg,3370,2164,SU_peb,pebble,224,1.000,SU_peb,0.000,SU_sand,0.000,SU_bould,0.000,KE_stipe,0.000,SU_cob
2024_10_08_11-47-24.jpg,3796,835,RE_fil,red_algae_filamentous,224,,,,,,,,,,
2024_10_08_11-47-24.jpg,2379,4003,SU_peb,pebble,224,,,,,,,,,,
2024_10_08_11-47-24.jpg,3693,244,GR_ulva,green_algae_ulva,224,0.999,GR_ulva,0.000,KE_stipe,0.000,KE_bull,0.000,MS,0.000,KE_5rib
2024_10_08_11-47-33.jpg,522,1043,RE_branch,red_algae_branching,224,1.000,RE_branch,0.000,RE_leaf,0.000,BR_sarg,0.000,SU_bould,0.000,MS
2024_10_08_11-47-33.jpg,3097,3389,SU_cob,cobble,224,0.925,SU_cob,0.075,SU_peb,0.000,SU_shell,0.000,SI,0.000,KE_stipe
2024_10_08_11-47-33.jpg,2390,2212,GR_ulva,green_algae_ulva,224,0.995,GR_ulva,0.005,KE_bull,0.000,KE_5rib,0.000,RE_leaf,0.000,MS
2024_10_08_11-47-33.jpg,3607,1401,KE_5rib,kelp_five_rib,224,,,,,,,,,,
2024_10_08_11-47-33.jpg,1561,399,GR_ulva,green_algae_ulva,224,1.000,GR_ulva,0.000,KE_5rib,0.000,RE_leaf,0.000,BR_sarg,0.000,MS
2024_10_08_11-47-33.jpg,2962,2597,GR_ulva,green_algae_ulva,224,1.000,GR_ulva,0.000,KE_bull,0.000,KE_sieve,0.000,SU_bould,0.000,RE_leaf
2024_10_08_11-47-33.jpg,2204,1713,GR_ulva,green_algae_ulva,224,0.999,GR_ulva,0.000,BR_sarg,0.000,RE_fil,0.000,KE_stipe,0.000,KE_sieve
2024_10_08_11-47-33.jpg,2705,1860,GR_ulva,green_algae_ulva,224,0.997,GR_ulva,0.003,KE_sieve,0.000,KE_stipe,0.000,BR_sarg,0.000,RE_fil
2024_10_08_11-47-33.jpg,2019,994,GR_ulva,green_algae_ulva,224,1.000,GR_ulva,0.000,RE_leaf,0.000,SU_peb,0.000,KE_sugar,0.000,KE_stipe
2024_10_08_11-47-33.jpg,2436,755,SU_sand,sand_fine_shell,224,,,,,,,,,,
2024_10_08_11-47-33.jpg,1421,4416,SU_peb,pebble,224,0.991,SU_peb,0.008,SU_sand,0.000,SU_bould,0.000,SU_cob,0.000,MS
2024_10_08_11-47-33.jpg,3259,513,KE_5rib,kelp_five_rib,224,0.996,KE_5rib,0.001,KE_sugar,0.001,KE_sieve,0.001,SU_bould,0.000,GR_ulva
2024_10_08_11-47-33.jpg,1370,261,GR_ulva,green_algae_ulva,224,1.000,GR_ulva,0.000,RE_leaf,0.000,KE_stipe,0.000,MS,0.000,KE_bull
2024_10_08_11-47-33.jpg,1658,3556,SU_sand,sand_fine_shell,224,1.000,SU_sand,0.000,SU_silt,0.000,RE_CCA,0.000,SI_kelpBry,0.000,SU_cob
2024_10_08_11-47-33.jpg,2438,1266,GR_ulva,green_algae_ulva,224,1.000,GR_ulva,0.000,BR_sarg,0.000,RE_leaf,0.000,KE_bull,0.000,KE_5rib
2024_10_08_11-47-33.jpg,3235,2344,GR_ulva,green_algae_ulva,224,1.000,GR_ulva,0.000,KE_sugar,0.000,RE_leaf,0.000,KE_sieve,0.000,KE_bull
2024_10_08_11-47-33.jpg,1876,1903,GR_ulva,green_algae_ulva,224,1.000,GR_ulva,0.000,KE_bull,0.000,RE_leaf,0.000,MS,0.000,SI_kelpBry
2024_10_08_11-47-33.jpg,3608,1828,GR_ulva,green_algae_ulva,224,1.000,GR_ulva,0.000,KE_bull,0.000,KE_sugar,0.000,MS,0.000,KE_sieve
2024_10_08_11-47-33.jpg,3145,1993,GR_ulva,green_algae_ulva,224,0.960,GR_ulva,0.027,SU_bould,0.009,KE_sieve,0.004,RE_fil,0.001,unknown
2024_10_08_11-47-33.jpg,884,3068,GR_ulva,green_algae_ulva,224,1.000,GR_ulva,0.000,KE_sugar,0.000,KE_5rib,0.000,SU_peb,0.000,RE_leaf
2024_10_08_11-47-33.jpg,3343,2984,GR_ulva,green_algae_ulva,224,0.999,GR_ulva,0.000,KE_5rib,0.000,unknown,0.000,SU_bould,0.000,RE_fil
2024_10_08_11-47-33.jpg,930,928,RE_branch,red_algae_branching,224,1.000,RE_branch,0.000,RE_leaf,0.000,BR_sarg,0.000,RE_CCA,0.000,RE_fil
2024_10_08_11-47-33.jpg,2063,1240,GR_ulva,green_algae_ulva,224,1.000,GR_ulva,0.000,KE_sugar,0.000,SU_peb,0.000,SI,0.000,MS
2024_10_08_11-47-33.jpg,3809,1679,KE_5rib,kelp_five_rib,224,1.000,KE_5rib,0.000,SU_bould,0.000,MS,0.000,RE_fil,0.000,GR_ulva
2024_10_08_11-47-33.jpg,3344,3205,GR_ulva,green_algae_ulva,224,1.000,GR_ulva,0.000,KE_bull,0.000,KE_stipe,0.000,BR_sarg,0.000,SU_bould
2024_10_08_11-47-33.jpg,2923,1359,GR_ulva,green_algae_ulva,224,0.999,GR_ulva,0.001,unknown,0.000,SU_bould,0.000,SU_silt,0.000,KE_sugar
2024_10_08_11-47-33.jpg,1045,2431,GR_ulva,green_algae_ulva,224,1.000,GR_ulva,0.000,KE_bull,0.000,RE_leaf,0.000,KE_5rib,0.000,KE_sugar
2024_10_08_11-47-33.jpg,1955,2033,GR_ulva,green_algae_ulva,224,1.000,GR_ulva,0.000,SU_bould,0.000,KE_bull,0.000,KE_sieve,0.000,RE_CCA
2024_10_08_11-47-33.jpg,1986,618,GR_ulva,green_algae_ulva,224,0.996,GR_ulva,0.003,SI_kelpBry,0.000,SI,0.000,MS,0.000,BR_fucus
2024_10_08_11-47-33.jpg,3449,4082,SU_peb,pebble,224,0.935,SU_peb,0.062,SU_bould,0.002,SU_cob,0.001,BR_sarg,0.000,KE_stipe
2024_10_08_11-47-33.jpg,2665,441,KE_5rib,kelp_five_rib,224,,,,,,,,,,
2024_10_08_11-47-33.jpg,2756,255,KE_5rib,kelp_five_rib,224,,,,,,,,,,
2024_10_08_11-47-33.jpg,3573,3374,GR_ulva,green_algae_ulva,224,0.996,GR_ulva,0.003,KE_5rib,0.000,unknown,0.000,KE_sieve,0.000,RE_fil
2024_10_08_11-47-33.jpg,2583,2779,GR_ulva,green_algae_ulva,224,1.000,GR_ulva,0.000,SU_bould,0.000,KE_bull,0.000,RE_leaf,0.000,KE_sieve
2024_10_08_11-47-33.jpg,2934,3574,SU_peb,pebble,224,1.000,SU_peb,0.000,KE_stipe,0.000,KE_bull,0.000,SU_sand,0.000,SU_bould
2024_10_08_11-47-33.jpg,2792,4474,SU_peb,pebble,224,,,,,,,,,,
2024_10_08_11-47-33.jpg,2555,158,KE_5rib,kelp_five_rib,224,,,,,,,,,,
2024_10_08_11-47-33.jpg,2372,2369,GR_ulva,green_algae_ulva,224,1.000,GR_ulva,0.000,RE_leaf,0.000,KE_bull,0.000,BR_sarg,0.000,KE_sieve
2024_10_08_11-47-33.jpg,3414,3470,GR_ulva,green_algae_ulva,224,1.000,GR_ulva,0.000,SU_bould,0.000,SU_peb,0.000,KE_stipe,0.000,KE_5rib
2024_10_08_11-47-33.jpg,3750,4314,unknown,unknown_area,224,,,,,,,,,,
2024_10_08_11-47-33.jpg,660,280,RE_fil,red_algae_filamentous,224,,,,,,,,,,
2024_10_08_11-47-33.jpg,1016,1045,RE_leaf,red_algae_flat_leaf,224,0.999,RE_leaf,0.001,MS,0.000,RE_branch,0.000,RE_fil,0.000,RE_CCA
2024_10_08_11-47-33.jpg,412,4250,GR_ulva,green_algae_ulva,224,0.989,GR_ulva,0.006,KE_5rib,0.005,unknown,0.000,SI,0.000,BR_sarg
2024_10_08_11-47-33.jpg,1334,3658,SU_sand,sand_fine_shell,224,1.000,SU_sand,0.000,SU_silt,0.000,RE_CCA,0.000,SI_kelpBry,0.000,SU_shell
2024_10_08_11-47-33.jpg,1100,3380,SU_sand,sand_fine_shell,224,,,,,,,,,,
2024_10_08_11-47-33.jpg,795,982,RE_branch,red_algae_branching,224,1.000,RE_branch,0.000,BR_sarg,0.000,RE_leaf,0.000,SU_bould,0.000,MS
2024_10_08_11-47-33.jpg,1149,1113,RE_leaf,red_algae_flat_leaf,224,1.000,RE_leaf,0.000,KE_sieve,0.000,RE_branch,0.000,GR_ulva,0.000,KE_sugar
2024_10_08_11-47-33.jpg,2700,3930,RE_leaf,red_algae_flat_leaf,224,0.966,RE_leaf,0.025,RE_fil,0.007,RE_bush,0.002,KE_5rib,0.001,KE_stipe
2024_10_08_11-47-33.jpg,2706,4091,SU_sand,sand_fine_shell,224,,,,,,,,,,
2024_10_08_11-47-33.jpg,2441,3457,SU_cob,cobble,224,0.939,SU_cob,0.017,SU_bould,0.016,MS,0.010,SU_peb,0.006,KE_sugar
2024_10_08_11-47-42.jpg,3508,3225,GR_ulva,green_algae_ulva,224,1.000,GR_ulva,0.000,KE_bull,0.000,KE_sieve,0.000,RE_leaf,0.000,SU_bould
2024_10_08_11-47-42.jpg,3710,2878,GR_ulva,green_algae_ulva,224,1.000,GR_ulva,0.000,KE_bull,0.000,SU_bould,0.000,MS,0.000,BR_sarg
2024_10_08_11-47-42.jpg,3118,2692,GR_ulva,green_algae_ulva,224,1.000,GR_ulva,0.000,BR_sarg,0.000,KE_bull,0.000,KE_stipe,0.000,KE_sieve
2024_10_08_11-47-42.jpg,2619,2672,RE_branch,red_algae_branching,224,1.000,RE_branch,0.000,BR_sarg,0.000,RE_bush,0.000,RE_leaf,0.000,MS
2024_10_08_11-47-42.jpg,1830,2129,RE_bush,red_algae_bushy,224,0.967,RE_bush,0.027,SU_peb,0.002,SU_sand,0.002,BR_sarg,0.001,KE_stipe
2024_10_08_11-47-42.jpg,461,3733,RE_fil,red_algae_filamentous,224,,,,,,,,,,
2024_10_08_11-47-42.jpg,1163,591,GR_ulva,green_algae_ulva,224,1.000,GR_ulva,0.000,SU_cob,0.000,SU_peb,0.000,KE_stipe,0.000,SU_bould
2024_10_08_11-47-42.jpg,491,573,GR_ulva,green_algae_ulva,224,1.000,GR_ulva,0.000,SU_peb,0.000,SU_cob,0.000,KE_stipe,0.000,SU_shell
2024_10_08_11-47-42.jpg,1496,3392,GR_ulva,green_algae_ulva,224,1.000,GR_ulva,0.000,KE_sugar,0.000,SU_bould,0.000,MS,0.000,KE_sieve
2024_10_08_11-47-42.jpg,978,3306,SU_peb,pebble,224,1.000,SU_peb,0.000,SU_sand,0.000,SU_cob,0.000,SU_bould,0.000,RE_bush
2024_10_08_11-47-42.jpg,2109,1003,SU_peb,pebble,224,0.973,SU_peb,0.020,SU_cob,0.003,SU_sand,0.001,RE_CCA,0.001,MS
2024_10_08_11-47-42.jpg,2901,4394,RE_branch,red_algae_branching,224,,,,,,,,,,
2024_10_08_11-47-42.jpg,536,3944,GR_ulva,green_algae_ulva,224,,,,,,,,,,
2024_10_08_11-47-42.jpg,268,2013,RE_branch,red_algae_branching,224,0.987,RE_branch,0.013,RE_bush,0.000,BR_sarg,0.000,SU_bould,0.000,KE_sieve
2024_10_08_11-47-42.jpg,2493,713,SU_sand,sand_fine_shell,224,,,,,,,,,,
2024_10_08_11-47-42.jpg,191,457,SU_silt,silt,224,1.000,SU_silt,0.000,RE_bush,0.000,SU_peb,0.000,SU_shell,0.000,SU_sand
2024_10_08_11-47-42.jpg,3383,2523,GR_ulva,green_algae_ulva,224,0.600,GR_ulva,0.384,MS,0.014,SU_bould,0.001,KE_bull,0.001,KE_stipe
2024_10_08_11-47-42.jpg,987,2549,GR_ulva,green_algae_ulva,224,1.000,GR_ulva,0.000,KE_bull,0.000,RE_leaf,0.000,KE_sugar,0.000,MS
2024_10_08_11-47-42.jpg,2517,3345,GR_ulva,green_algae_ulva,224,1.000,GR_ulva,0.000,KE_5rib,0.000,RE_leaf,0.000,KE_bull,0.000,KE_sugar
2024_10_08_11-47-42.jpg,2116,1558,GR_ulva,green_algae_ulva,224,1.000,GR_ulva,0.000,SU_peb,0.000,SU_cob,0.000,KE_stipe,0.000,SU_bould
2024_10_08_11-47-42.jpg,2285,3882,SU_peb,pebble,224,,,,,,,,,,
2024_10_08_11-47-42.jpg,2041,2241,RE_bush,red_algae_bushy,224,1.000,RE_bush,0.000,RE_branch,0.000,RE_leaf,0.000,SU_peb,0.000,KE_sieve
2024_10_08_11-47-42.jpg,1665,259,GR_ulva,green_algae_ulva,224,1.000,GR_ulva,0.000,SU_peb,0.000,SU_cob,0.000,SI_kelpBry,0.000,RE_leaf
2024_10_08_11-47-42.jpg,2570,1701,SU_peb,pebble,224,0.654,SU_peb,0.345,SU_sand,0.000,GR_ulva,0.000,BR_sarg,0.000,MS
2024_10_08_11-47-42.jpg,230,4140,RE_leaf,red_algae_flat_leaf,224,0.751,RE_leaf,0.135,KE_5rib,0.057,RE_fil,0.031,MS,0.020,KE_sieve
2024_10_08_11-47-42.jpg,1505,1767,RE_bush,red_algae_bushy,224,,,,,,,,,,
2024_10_08_11-47-42.jpg,3049,120,SU_sand,sand_fine_shell,224,1.000,SU_sand,0.000,SU_silt,0.000,SU_shell,0.000,RE_bush,0.000,SU_cob
2024_10_08_11-47-42.jpg,1726,2468,RE_branch,red_algae_branching,224,0.999,RE_branch,0.001,RE_bush,0.000,RE_leaf,0.000,BR_sarg,0.000,MS
2024_10_08_11-47-42.jpg,3304,1564,GR_ulva,green_algae_ulva,224,,,,,,,,,,
2024_10_08_11-47-42.jpg,178,246,SU_silt,silt,224,,,,,,,,,,
2024_10_08_11-47-42.jpg,1717,1777,RE_bush,red_algae_bushy,224,1.000,RE_bush,0.000,SU_sand,0.000,RE_branch,0.000,KE_holdfas,0.000,SU_peb
2024_10_08_11-47-42.jpg,496,411,GR_ulva,green_algae_ulva,224,1.000,GR_ulva,0.000,SU_peb,0.000,SU_cob,0.000,KE_stipe,0.000,BR_sarg
2024_10_08_11-47-42.jpg,123,2174,RE_branch,red_algae_branching,224,0.998,RE_branch,0.002,RE_bush,0.000,BR_sarg,0.000,RE_fil,0.000,RE_leaf
2024_10_08_11-47-42.jpg,758,2235,RE_branch,red_algae_branching,224,,,,,,,,,,
2024_10_08_11-47-42.jpg,1293,2212,RE_bush,red_algae_bushy,224,,,,,,,,,,
2024_10_08_11-47-42.jpg,717,4241,GR_ulva,green_algae_ulva,224,0.992,GR_ulva,0.002,KE_sieve,0.002,SU_bould,0.002,KE_5rib,0.001,MS
2024_10_08_11-47-42.jpg,1726,3501,GR_ulva,green_algae_ulva,224,0.999,GR_ulva,0.001,SU_bould,0.000,MS,0.000,KE_stipe,0.000,SU_peb
2024_10_08_11-47-42.jpg,2586,3560,GR_ulva,green_algae_ulva,224,1.000,GR_ulva,0.000,BR_sarg,0.000,KE_5rib,0.000,KE_sieve,0.000,unknown
2024_10_08_11-47-42.jpg,271,3596,RE_bush,red_algae_bushy,224,,,,,,,,,,
2024_10_08_11-47-42.jpg,929,1635,SU_sand,sand_fine_shell,224,,,,,,,,,,
2024_10_08_11-47-42.jpg,1035,1075,RE_branch,red_algae_branching,224,,,,,,,,,,
2024_10_08_11-47-42.jpg,2311,894,RE_fil,red_algae_filamentous,224,,,,,,,,,,
2024_10_08_11-47-42.jpg,2999,2028,RE_bush,red_algae_bushy,224,1.000,RE_bush,0.000,SU_sand,0.000,SU_peb,0.000,BR_sarg,0.000,RE_branch
2024_10_08_11-47-42.jpg,3707,3089,GR_ulva,green_algae_ulva,224,0.985,GR_ulva,0.009,SU_bould,0.003,MS,0.001,KE_sugar,0.000,KE_5rib
2024_10_08_11-47-42.jpg,2687,272,SU_peb,pebble,224,0.999,SU_peb,0.001,SU_cob,0.000,SU_silt,0.000,MS,0.000,SU_sand
2024_10_08_11-47-42.jpg,1841,1195,SU_peb,pebble,224,1.000,SU_peb,0.000,SU_cob,0.000,KE_stipe,0.000,GR_ulva,0.000,SU_bould
2024_10_08_11-47-42.jpg,188,1811,SU_peb,pebble,224,,,,,,,,,,
2024_10_08_11-47-42.jpg,2714,4425,RE_fil,red_algae_filamentous,224,,,,,,,,,,
2024_10_08_11-47-42.jpg,840,1503,SU_silt,silt,224,,,,,,,,,,
2024_10_08_11-47-42.jpg,2105,559,SU_cob,cobble,224,,,,,,,,,,
2024_10_08_11-47-51.jpg,1046,4149,GR_ulva,green_algae_ulva,224,0.992,GR_ulva,0.005,unknown,0.002,MS,0.000,KE_sugar,0.000,KE_5rib
2024_10_08_11-47-51.jpg,2019,1229,SU_sand,sand_fine_shell,224,,,,,,,,,,
2024_10_08_11-47-51.jpg,3172,2629,GR_ulva,green_algae_ulva,224,1.000,GR_ulva,0.000,SU_peb,0.000,BR_sarg,0.000,KE_sieve,0.000,KE_bull
2024_10_08_11-47-51.jpg,1446,146,SU_sand,sand_fine_shell,224,0.999,SU_sand,0.001,SU_peb,0.000,SU_silt,0.000,MS,0.000,SU_shell
2024_10_08_11-47-51.jpg,2641,568,SU_sand,sand_fine_shell,224,1.000,SU_sand,0.000,SU_silt,0.000,SU_peb,0.000,SU_shell,0.000,SI_kelpBry
2024_10_08_11-47-51.jpg,1293,1791,SU_peb,pebble,224,,,,,,,,,,
2024_10_08_11-47-51.jpg,3437,1372,SU_peb,pebble,224,1.000,SU_peb,0.000,SU_sand,0.000,SU_cob,0.000,SU_bould,0.000,KE_stipe
2024_10_08_11-47-51.jpg,3264,1483,SU_peb,pebble,224,1.000,SU_peb,0.000,SU_bould,0.000,SU_cob,0.000,SU_sand,0.000,RE_branch
2024_10_08_11-47-51.jpg,1196,747,SU_peb,pebble,224,0.972,SU_peb,0.028,SU_sand,0.000,SU_cob,0.000,MS,0.000,SU_bould
2024_10_08_11-47-51.jpg,3571,3806,KE_5rib,kelp_five_rib,224,,,,,,,,,,
2024_10_08_11-47-51.jpg,1574,3661,GR_ulva,green_algae_ulva,224,1.000,GR_ulva,0.000,KE_5rib,0.000,SU_peb,0.000,MS,0.000,BR_sarg
2024_10_08_11-47-51.jpg,1860,2556,SU_peb,pebble,224,0.998,SU_peb,0.001,GR_ulva,0.001,SU_cob,0.000,SU_bould,0.000,KE_stipe
2024_10_08_11-47-51.jpg,2418,732,SU_peb,pebble,224,0.995,SU_peb,0.004,SU_cob,0.001,SU_bould,0.000,KE_stipe,0.000,SU_shell
2024_10_08_11-47-51.jpg,231,3293,RE_leaf,red_algae_flat_leaf,224,,,,,,,,,,
2024_10_08_11-47-51.jpg,688,2681,RE_leaf,red_algae_flat_leaf,224,,,,,,,,,,
2024_10_08_11-47-51.jpg,734,846,SU_peb,pebble,224,1.000,SU_peb,0.000,SU_sand,0.000,SU_cob,0.000,GR_ulva,0.000,SU_bould
2024_10_08_11-47-51.jpg,2125,2973,GR_ulva,green_algae_ulva,224,,,,,,,,,,
2024_10_08_11-47-51.jpg,1634,207,SU_peb,pebble,224,1.000,SU_peb,0.000,GR_ulva,0.000,SU_cob,0.000,SU_sand,0.000,BR_sarg
2024_10_08_11-47-51.jpg,413,2972,RE_leaf,red_algae_flat_leaf,224,0.999,RE_leaf,0.001,RE_bush,0.000,RE_branch,0.000,KE_5rib,0.000,MS
2024_10_08_11-47-51.jpg,2251,1006,SU_peb,pebble,224,0.994,SU_peb,0.006,SU_sand,0.000,BR_sarg,0.000,SU_bould,0.000,SU_cob
2024_10_08_11-47-51.jpg,3419,2324,SU_sand,sand_fine_shell,224,0.983,SU_sand,0.016,SU_peb,0.001,SU_shell,0.001,SU_cob,0.000,SU_silt
2024_10_08_11-47-51.jpg,1466,3334,GR_ulva,green_algae_ulva,224,1.000,GR_ulva,0.000,SU_peb,0.000,MS,0.000,SU_cob,0.000,SI
2024_10_08_11-47-51.jpg,322,4403,GR_ulva,green_algae_ulva,224,0.914,GR_ulva,0.063,unknown,0.013,RE_leaf,0.004,KE_5rib,0.002,RE_fil
2024_10_08_11-47-51.jpg,2604,3563,GR_ulva,green_algae_ulva,224,1.000,GR_ulva,0.000,SU_peb,0.000,RE_leaf,0.000,KE_sugar,0.000,SI_kelpBry
2024_10_08_11-47-51.jpg,3215,1271,SU_sand,sand_fine_shell,224,0.943,SU_sand,0.057,SU_peb,0.000,SU_silt,0.000,SU_shell,0.000,SU_cob
2024_10_08_11-47-51.jpg,207,263,SU_sand,sand_fine_shell,224,1.000,SU_sand,0.000,SU_silt,0.000,SU_shell,0.000,SU_cob,0.000,RE_CCA
2024_10_08_11-47-51.jpg,2076,2407,SU_sand,sand_fine_shell,224,0.981,SU_sand,0.018,SU_peb,0.000,SU_silt,0.000,SU_shell,0.000,SU_cob
2024_10_08_11-47-51.jpg,3062,1757,SU_peb,pebble,224,1.000,SU_peb,0.000,SU_cob,0.000,SU_sand,0.000,KE_stipe,0.000,RE_bush
2024_10_08_11-47-51.jpg,742,3447,RE_leaf,red_algae_flat_leaf,224,1.000,RE_leaf,0.000,RE_fil,0.000,MS,0.000,KE_sugar,0.000,RE_CCA
2024_10_08_11-47-51.jpg,223,1801,SU_cob,cobble,224,,,,,,,,,,
2024_10_08_11-47-51.jpg,3761,2578,RE_fil,red_algae_filamentous,224,,,,,,,,,,
2024_10_08_11-47-51.jpg,850,977,SU_peb,pebble,224,0.918,SU_peb,0.082,SU_sand,0.000,SU_silt,0.000,SU_cob,0.000,BR_sarg
2024_10_08_11-47-51.jpg,2804,1902,SU_peb,pebble,224,,,,,,,,,,
2024_10_08_11-47-51.jpg,680,1212,SU_cob,cobble,224,,,,,,,,,,
2024_10_08_11-47-51.jpg,517,4114,GR_ulva,green_algae_ulva,224,,,,,,,,,,
2024_10_08_11-47-51.jpg,525,3705,RE_leaf,red_algae_flat_leaf,224,1.000,RE_leaf,0.000,RE_fil,0.000,MS,0.000,KE_sugar,0.000,RE_CCA
2024_10_08_11-47-51.jpg,1668,2692,GR_ulva,green_algae_ulva,224,1.000,GR_ulva,0.000,SU_peb,0.000,KE_sugar,0.000,SU_bould,0.000,KE_bull
2024_10_08_11-47-51.jpg,1404,3098,GR_ulva,green_algae_ulva,224,0.965,GR_ulva,0.034,SU_peb,0.001,KE_bull,0.000,KE_stipe,0.000,SU_shell
2024_10_08_11-47-51.jpg,996,2780,RE_leaf,red_algae_flat_leaf,224,1.000,RE_leaf,0.000,RE_bush,0.000,KE_5rib,0.000,RE_fil,0.000,KE_stipe
2024_10_08_11-47-51.jpg,3852,3882,SU_sand,sand_fine_shell,224,1.000,SU_sand,0.000,SU_peb,0.000,SU_silt,0.000,SU_bould,0.000,SU_cob
2024_10_08_11-47-51.jpg,3315,2488,SU_sand,sand_fine_shell,224,,,,,,,,,,
2024_10_08_11-47-51.jpg,373,1046,SU_peb,pebble,224,1.000,SU_peb,0.000,SU_sand,0.000,SU_cob,0.000,SU_bould,0.000,SU_shell
2024_10_08_11-47-51.jpg,3018,271,SU_anth,anthropogenic,224,,,,,,,,,,
2024_10_08_11-47-51.jpg,2319,1532,SU_cob,cobble,224,0.925,SU_cob,0.075,SU_bould,0.000,SU_peb,0.000,GR_ulva,0.000,BR_sarg
2024_10_08_11-47-51.jpg,2925,1843,SU_peb,pebble,224,,,,,,,,,,
2024_10_08_11-47-51.jpg,698,3779,RE_leaf,red_algae_flat_leaf,224,0.926,RE_leaf,0.074,RE_fil,0.000,MS,0.000,RE_bush,0.000,KE_stipe
2024_10_08_11-47-51.jpg,3071,1123,SU_peb,pebble,224,1.000,SU_peb,0.000,SU_sand,0.000,SI,0.000,SU_cob,0.000,SU_shell
2024_10_08_11-47-51.jpg,3248,3961,GR_ulva,green_algae_ulva,224,0.995,GR_ulva,0.003,RE_leaf,0.001,KE_bull,0.001,KE_5rib,0.001,MS
2024_10_08_11-47-51.jpg,588,2799,RE_leaf,red_algae_flat_leaf,224,0.961,RE_leaf,0.028,RE_fil,0.009,RE_bush,0.001,KE_5rib,0.000,BR_sarg
2024_10_08_11-47-51.jpg,1049,832,SU_peb,pebble,224,0.996,SU_peb,0.003,SU_sand,0.001,SU_cob,0.000,RE_bush,0.000,KE_stipe
2024_10_08_11-48-00.jpg,349,3595,SU_cob,cobble,224,,,,,,,,,,
2024_10_08_11-48-00.jpg,1175,2317,RE_fil,red_algae_filamentous,224,0.980,RE_fil,0.020,RE_leaf,0.000,KE_sieve,0.000,RE_bush,0.000,RE_branch
2024_10_08_11-48-00.jpg,2963,4301,unknown,unknown_area,224,,,,,,,,,,
2024_10_08_11-48-00.jpg,2005,3894,RE_leaf,red_algae_flat_leaf,224,,,,,,,,,,
2024_10_08_11-48-00.jpg,3096,3610,RE_leaf,red_algae_flat_leaf,224,0.944,RE_leaf,0.046,KE_sugar,0.007,KE_stipe,0.001,MS,0.001,RE_fil
2024_10_08_11-48-00.jpg,486,1288,RE_fil,red_algae_filamentous,224,0.975,RE_fil,0.020,RE_branch,0.002,BR_sarg,0.002,SU_bould,0.001,RE_bush
2024_10_08_11-48-00.jpg,282,2596,SU_cob,cobble,224,0.979,SU_cob,0.019,SU_peb,0.001,SU_sand,0.000,SU_shell,0.000,KE_stipe
2024_10_08_11-48-00.jpg,1842,1337,RE_leaf,red_algae_flat_leaf,224,1.000,RE_leaf,0.000,KE_sugar,0.000,RE_fil,0.000,MS,0.000,SI
2024_10_08_11-48-00.jpg,615,1303,RE_leaf,red_algae_flat_leaf,224,0.969,RE_leaf,0.022,RE_branch,0.005,RE_bush,0.002,RE_fil,0.001,MS
2024_10_08_11-48-00.jpg,647,742,RE_leaf,red_algae_flat_leaf,224,,,,,,,,,,
2024_10_08_11-48-00.jpg,2557,2622,GR_ulva,green_algae_ulva,224,,,,,,,,,,
2024_10_08_11-48-00.jpg,1395,4120,SU_sand,sand_fine_shell,224,0.999,SU_sand,0.001,SU_peb,0.000,SU_silt,0.000,SU_shell,0.000,MS
2024_10_08_11-48-00.jpg,972,1507,RE_leaf,red_algae_flat_leaf,224,,,,,,,,,,
2024_10_08_11-48-00.jpg,986,233,SU_anth,anthropogenic,224,,,,,,,,,,
2024_10_08_11-48-00.jpg,3319,4046,RE_leaf,red_algae_flat_leaf,224,0.998,RE_leaf,0.001,GR_ulva,0.001,KE_sugar,0.000,KE_5rib,0.000,RE_fil
2024_10_08_11-48-00.jpg,372,4399,RE_fil,red_algae_filamentous,224,0.999,RE_fil,0.000,KE_5rib,0.000,KE_sugar,0.000,RE_leaf,0.000,MS
2024_10_08_11-48-00.jpg,2897,290,GR_ulva,green_algae_ulva,224,1.000,GR_ulva,0.000,KE_stipe,0.000,KE_bull,0.000,SU_cob,0.000,BR_sarg
2024_10_08_11-48-00.jpg,3124,1675,BR_sarg,brown_algae_sargassum,224,,,,,,,,,,
2024_10_08_11-48-00.jpg,2365,677,BR_sarg,brown_algae_sargassum,224,,,,,,,,,,
2024_10_08_11-48-00.jpg,3271,892,BR_sarg,brown_algae_sargassum,224,0.998,BR_sarg,0.002,SU_sand,0.000,SU_bould,0.000,SU_cob,0.000,KE_stipe
2024_10_08_11-48-00.jpg,1116,4034,SU_peb,pebble,224,,,,,,,,,,
2024_10_08_11-48-00.jpg,3406,2519,SU_sand,sand_fine_shell,224,0.999,SU_sand,0.001,SU_cob,0.000,SU_silt,0.000,SU_peb,0.000,SU_shell
2024_10_08_11-48-00.jpg,1663,1585,RE_leaf,red_algae_flat_leaf,224,1.000,RE_leaf,0.000,MS,0.000,RE_bush,0.000,KE_5rib,0.000,RE_branch
2024_10_08_11-48-00.jpg,2927,3058,RE_leaf,red_algae_flat_leaf,224,1.000,RE_leaf,0.000,KE_sugar,0.000,MS,0.000,RE_bush,0.000,SI_kelpBry
2024_10_08_11-48-00.jpg,1164,2108,SU_peb,pebble,224,0.781,SU_peb,0.130,SU_sand,0.074,SU_shell,0.013,MS,0.000,SI_kelpBry
2024_10_08_11-48-00.jpg,2988,1258,RE_fil,red_algae_filamentous,224,1.000,RE_fil,0.000,RE_leaf,0.000,RE_branch,0.000,KE_5rib,0.000,RE_bush
2024_10_08_11-48-00.jpg,3820,2571,RE_branch,red_algae_branching,224,1.000,RE_branch,0.000,RE_bush,0.000,BR_sarg,0.000,RE_CCA,0.000,RE_fil
2024_10_08_11-48-00.jpg,1353,2170,RE_leaf,red_algae_flat_leaf,224,1.000,RE_leaf,0.000,RE_bush,0.000,RE_branch,0.000,KE_sieve,0.000,KE_sugar
2024_10_08_11-48-00.jpg,933,1252,RE_leaf,red_algae_flat_leaf,224,0.977,RE_leaf,0.023,KE_sugar,0.000,KE_5rib,0.000,SU_silt,0.000,MS
2024_10_08_11-48-00.jpg,749,923,RE_leaf,red_algae_flat_leaf,224,0.997,RE_leaf,0.001,RE_fil,0.001,RE_bush,0.001,KE_sugar,0.000,KE_5rib
2024_10_08_11-48-00.jpg,1539,3938,RE_leaf,red_algae_flat_leaf,224,0.983,RE_leaf,0.017,KE_5rib,0.000,KE_sugar,0.000,RE_fil,0.000,RE_bush
2024_10_08_11-48-00.jpg,1379,3410,SU_peb,pebble,224,1.000,SU_peb,0.000,SU_cob,0.000,SU_bould,0.000,GR_ulva,0.000,SU_shell
2024_10_08_11-48-00.jpg,3519,2616,RE_branch,red_algae_branching,224,,,,,,,,,,
2024_10_08_11-48-00.jpg,334,1825,RE_CCA,red_algae_encrusting_CCA,224,,,,,,,,,,
2024_10_08_11-48-00.jpg,3800,3259,RE_leaf,red_algae_flat_leaf,224,1.000,RE_leaf,0.000,RE_fil,0.000,MS,0.000,KE_5rib,0.000,KE_sugar
2024_10_08_11-48-00.jpg,187,4463,RE_leaf,red_algae_flat_leaf,224,0.725,RE_leaf,0.153,unknown,0.077,KE_5rib,0.038,RE_fil,0.004,KE_sugar
2024_10_08_11-48-00.jpg,2739,1905,BR_sarg,brown_algae_sargassum,224,,,,,,,,,,
2024_10_08_11-48-00.jpg,1993,1089,RE_leaf,red_algae_flat_leaf,224,1.000,RE_leaf,0.000,RE_fil,0.000,RE_branch,0.000,KE_sugar,0.000,RE_bush
2024_10_08_11-48-00.jpg,965,3892,SU_cob,cobble,224,,,,,,,,,,
2024_10_08_11-48-00.jpg,1779,630,RE_branch,red_algae_branching,224,,,,,,,,,,
2024_10_08_11-48-00.jpg,356,465,unknown,unknown_area,224,,,,,,,,,,
2024_10_08_11-48-00.jpg,1685,2173,RE_leaf,red_algae_flat_leaf,224,1.000,RE_leaf,0.000,KE_sugar,0.000,RE_fil,0.000,KE_5rib,0.000,MS
2024_10_08_11-48-00.jpg,3085,1086,RE_fil,red_algae_filamentous,224,0.948,RE_fil,0.047,RE_branch,0.005,BR_sarg,0.000,RE_leaf,0.000,KE_sugar
2024_10_08_11-48-00.jpg,317,1268,RE_fil,red_algae_filamentous,224,1.000,RE_fil,0.000,SU_bould,0.000,KE_sugar,0.000,KE_5rib,0.000,RE_bush
2024_10_08_11-48-00.jpg,3089,396,BR_sarg,brown_algae_sargassum,224,,,,,,,,,,
2024_10_08_11-48-00.jpg,1621,1241,RE_leaf,red_algae_flat_leaf,224,0.997,RE_leaf,0.001,RE_fil,0.001,RE_branch,0.000,MS,0.000,RE_CCA
2024_10_08_11-48-00.jpg,1043,3738,SU_peb,pebble,224,1.000,SU_peb,0.000,SU_cob,0.000,SU_shell,0.000,SU_silt,0.000,SU_bould
2024_10_08_11-48-00.jpg,2910,3865,RE_leaf,red_algae_flat_leaf,224,,,,,,,,,,
2024_10_08_11-48-00.jpg,340,4028,GR_ulva,green_algae_ulva,224,0.983,GR_ulva,0.011,SU_bould,0.002,KE_stipe,0.002,SU_cob,0.001,KE_5rib
2024_10_08_11-48-00.jpg,551,2764,RE_fil,red_algae_filamentous,224,,,,,,,,,,
2024_10_08_11-48-09.jpg,3276,1660,RE_leaf,red_algae_flat_leaf,224,1.000,RE_leaf,0.000,MS,0.000,KE_sugar,0.000,RE_fil,0.000,RE_bush
2024_10_08_11-48-09.jpg,2571,3692,SU_peb,pebble,224,1.000,SU_peb,0.000,SU_sand,0.000,KE_stipe,0.000,RE_branch,0.000,KE_bull
2024_10_08_11-48-09.jpg,3735,2206,SU_anth,anthropogenic,224,,,,,,,,,,
2024_10_08_11-48-09.jpg,2671,1532,GR_ulva,green_algae_ulva,224,0.999,GR_ulva,0.000,KE_stipe,0.000,KE_sieve,0.000,BR_fucus,0.000,SU_bould
2024_10_08_11-48-09.jpg,810,442,RE_branch,red_algae_branching,224,,,,,,,,,,
2024_10_08_11-48-09.jpg,906,1084,RE_branch,red_algae_branching,224,,,,,,,,,,
2024_10_08_11-48-09.jpg,3907,1190,GR_ulva,green_algae_ulva,224,,,,,,,,,,
2024_10_08_11-48-09.jpg,2113,2080,RE_leaf,red_algae_flat_leaf,224,0.995,RE_leaf,0.005,RE_fil,0.000,MS,0.000,RE_CCA,0.000,RE_branch
2024_10_08_11-48-09.jpg,1630,1071,SU_sand,sand_fine_shell,224,0.995,SU_sand,0.003,SU_peb,0.001,KE_5rib,0.001,SU_silt,0.000,RE_bush
2024_10_08_11-48-09.jpg,3463,2272,RE_leaf,red_algae_flat_leaf,224,,,,,,,,,,
2024_10_08_11-48-09.jpg,679,422,RE_branch,red_algae_branching,224,0.975,RE_branch,0.018,RE_bush,0.004,SU_bould,0.001,KE_5rib,0.000,BR_sarg
2024_10_08_11-48-09.jpg,3032,243,GR_ulva,green_algae_ulva,224,0.976,GR_ulva,0.011,KE_sugar,0.011,unknown,0.001,SU_bould,0.001,KE_5rib
2024_10_08_11-48-09.jpg,2604,231,RE_bush,red_algae_bushy,224,0.985,RE_bush,0.005,RE_branch,0.004,SU_sand,0.002,SU_peb,0.001,SU_silt
2024_10_08_11-48-09.jpg,1310,2783,RE_leaf,red_algae_flat_leaf,224,0.994,RE_leaf,0.006,RE_branch,0.000,MS,0.000,RE_fil,0.000,BR_sarg
2024_10_08_11-48-09.jpg,3851,426,GR_ulva,green_algae_ulva,224,0.983,GR_ulva,0.006,unknown,0.005,MS,0.003,KE_5rib,0.002,KE_sugar
2024_10_08_11-48-09.jpg,2331,1057,RE_branch,red_algae_branching,224,0.992,RE_branch,0.008,RE_bush,0.000,BR_sarg,0.000,RE_fil,0.000,RE_leaf
2024_10_08_11-48-09.jpg,2269,1408,SU_peb,pebble,224,0.995,SU_peb,0.005,SU_cob,0.000,KE_stipe,0.000,SU_bould,0.000,SU_shell
2024_10_08_11-48-09.jpg,3222,2575,RE_leaf,red_algae_flat_leaf,224,1.000,RE_leaf,0.000,KE_sugar,0.000,RE_bush,0.000,KE_5rib,0.000,MS
2024_10_08_11-48-09.jpg,1352,2645,RE_leaf,red_algae_flat_leaf,224,1.000,RE_leaf,0.000,RE_branch,0.000,KE_sieve,0.000,KE_sugar,0.000,KE_bull
2024_10_08_11-48-09.jpg,1949,1551,RE_leaf,red_algae_flat_leaf,224,1.000,RE_leaf,0.000,SU_peb,0.000,KE_5rib,0.000,GR_ulva,0.000,KE_sugar
2024_10_08_11-48-09.jpg,1512,2559,RE_leaf,red_algae_flat_leaf,224,1.000,RE_leaf,0.000,RE_bush,0.000,MS,0.000,RE_fil,0.000,RE_branch
2024_10_08_11-48-09.jpg,3088,3856,SU_peb,pebble,224,0.914,SU_peb,0.084,SU_sand,0.001,BR_sarg,0.000,SU_silt,0.000,MS
2024_10_08_11-48-09.jpg,1757,1128,SU_sand,sand_fine_shell,224,1.000,SU_sand,0.000,SU_silt,0.000,SI_kelpBry,0.000,SU_shell,0.000,SU_peb
2024_10_08_11-48-09.jpg,2444,3265,RE_bush,red_algae_bushy,224,1.000,RE_bush,0.000,RE_fil,0.000,RE_leaf,0.000,KE_sugar,0.000,RE_branch
2024_10_08_11-48-09.jpg,1784,3792,SU_peb,pebble,224,1.000,SU_peb,0.000,GR_ulva,0.000,SU_cob,0.000,KE_stipe,0.000,SU_bould
2024_10_08_11-48-09.jpg,341,2292,RE_branch,red_algae_branching,224,,,,,,,,,,
2024_10_08_11-48-09.jpg,3250,653,GR_ulva,green_algae_ulva,224,1.000,GR_ulva,0.000,KE_stipe,0.000,SU_bould,0.000,MS,0.000,RE_leaf
2024_10_08_11-48-09.jpg,1329,970,RE_branch,red_algae_branching,224,,,,,,,,,,
2024_10_08_11-48-09.jpg,1502,1942,RE_leaf,red_algae_flat_leaf,224,0.993,RE_leaf,0.007,RE_fil,0.000,RE_bush,0.000,KE_sugar,0.000,MS
2024_10_08_11-48-09.jpg,2997,1441,GR_ulva,green_algae_ulva,224,0.995,GR_ulva,0.004,RE_leaf,0.000,KE_sieve,0.000,KE_bull,0.000,MS
2024_10_08_11-48-09.jpg,2059,1871,RE_leaf,red_algae_flat_leaf,224,0.998,RE_leaf,0.002,RE_fil,0.000,KE_sugar,0.000,RE_CCA,0.000,MS
2024_10_08_11-48-09.jpg,1192,800,RE_branch,red_algae_branching,224,0.971,RE_branch,0.022,RE_fil,0.003,BR_sarg,0.003,RE_bush,0.000,SU_bould
2024_10_08_11-48-09.jpg,197,3698,SU_sand,sand_fine_shell,224,,,,,,,,,,
2024_10_08_11-48-09.jpg,3685,647,GR_ulva,green_algae_ulva,224,1.000,GR_ulva,0.000,KE_sugar,0.000,KE_bull,0.000,MS,0.000,RE_leaf
2024_10_08_11-48-09.jpg,3619,4118,RE_leaf,red_algae_flat_leaf,224,,,,,,,,,,
2024_10_08_11-48-09.jpg,414,1625,RE_fil,red_algae_filamentous,224,0.999,RE_fil,0.001,RE_leaf,0.000,RE_branch,0.000,RE_bush,0.000,SU_bould
2024_10_08_11-48-09.jpg,773,2973,RE_branch,red_algae_branching,224,,,,,,,,,,
2024_10_08_11-48-09.jpg,2550,511,SU_silt,silt,224,0.929,SU_silt,0.071,SU_sand,0.000,RE_bush,0.000,SU_shell,0.000,RE_leaf
2024_10_08_11-48-09.jpg,216,4184,SU_peb,pebble,224,,,,,,,,,,
2024_10_08_11-48-09.jpg,2117,3858,SU_peb,pebble,224,0.990,SU_peb,0.010,SU_sand,0.000,BR_sarg,0.000,SU_bould,0.000,MS
2024_10_08_11-48-09.jpg,1685,2583,RE_leaf,red_algae_flat_leaf,224,1.000,RE_leaf,0.000,MS,0.000,KE_bull,0.000,KE_sugar,0.000,KE_5rib
2024_10_08_11-48-09.jpg,379,4128,SU_cob,cobble,224,0.770,SU_cob,0.182,KE_sugar,0.014,KE_5rib,0.010,SU_peb,0.007,KE_stipe
2024_10_08_11-48-09.jpg,497,1348,RE_branch,red_algae_branching,224,,,,,,,,,,
2024_10_08_11-48-09.jpg,3443,1267,GR_ulva,green_algae_ulva,224,1.000,GR_ulva,0.000,KE_5rib,0.000,RE_leaf,0.000,SI,0.000,KE_bull
2024_10_08_11-48-09.jpg,3839,1544,RE_leaf,red_algae_flat_leaf,224,,,,,,,,,,
2024_10_08_11-48-09.jpg,1480,3906,SU_sand,sand_fine_shell,224,,,,,,,,,,
2024_10_08_11-48-09.jpg,2717,3144,SU_bould,boulder,224,0.979,SU_bould,0.019,RE_fil,0.001,KE_holdfas,0.001,KE_stipe,0.001,KE_sugar
2024_10_08_11-48-09.jpg,2312,3904,SU_peb,pebble,224,1.000,SU_peb,0.000,GR_ulva,0.000,SU_cob,0.000,SU_sand,0.000,SU_shell
2024_10_08_11-48-09.jpg,323,1894,RE_fil,red_algae_filamentous,224,1.000,RE_fil,0.000,RE_leaf,0.000,KE_sugar,0.000,BR_sarg,0.000,RE_CCA
2024_10_08_11-48-09.jpg,2447,3679,SU_cob,cobble,224,,,,,,,,,,
2024_10_08_11-48-18.jpg,2216,2934,SU_sand,sand_fine_shell,224,,,,,,,,,,
2024_10_08_11-48-18.jpg,1957,3139,SU_sand,sand_fine_shell,224,1.000,SU_sand,0.000,SU_silt,0.000,SU_shell,0.000,SU_peb,0.000,RE_CCA
2024_10_08_11-48-18.jpg,3699,2504,RE_fil,red_algae_filamentous,224,0.999,RE_fil,0.001,RE_leaf,0.000,RE_branch,0.000,RE_CCA,0.000,MS
2024_10_08_11-48-18.jpg,1235,4247,SU_silt,silt,224,,,,,,,,,,
2024_10_08_11-48-18.jpg,3496,1776,RE_fil,red_algae_filamentous,224,1.000,RE_fil,0.000,RE_leaf,0.000,BR_sarg,0.000,RE_branch,0.000,SU_bould
2024_10_08_11-48-18.jpg,1977,2236,GR_ulva,green_algae_ulva,224,1.000,GR_ulva,0.000,KE_bull,0.000,KE_stipe,0.000,MS,0.000,RE_leaf
2024_10_08_11-48-18.jpg,1786,3514,SU_sand,sand_fine_shell,224,1.000,SU_sand,0.000,SU_silt,0.000,SU_shell,0.000,SU_cob,0.000,SU_peb
2024_10_08_11-48-18.jpg,2532,244,SU_anth,anthropogenic,224,,,,,,,,,,
2024_10_08_11-48-18.jpg,2887,3338,RE_fil,red_algae_filamentous,224,,,,,,,,,,
2024_10_08_11-48-18.jpg,3579,2355,RE_fil,red_algae_filamentous,224,0.997,RE_fil,0.003,RE_leaf,0.000,KE_5rib,0.000,BR_sarg,0.000,RE_branch
2024_10_08_11-48-18.jpg,3545,911,RE_fil,red_algae_filamentous,224,0.989,RE_fil,0.011,RE_leaf,0.000,RE_branch,0.000,SI,0.000,KE_sieve
2024_10_08_11-48-18.jpg,3815,1507,RE_fil,red_algae_filamentous,224,0.999,RE_fil,0.000,RE_leaf,0.000,RE_branch,0.000,RE_bush,0.000,RE_CCA
2024_10_08_11-48-18.jpg,3659,219,RE_branch,red_algae_branching,224,1.000,RE_branch,0.000,BR_sarg,0.000,MS,0.000,RE_leaf,0.000,RE_CCA
2024_10_08_11-48-18.jpg,3159,1225,RE_fil,red_algae_filamentous,224,1.000,RE_fil,0.000,RE_leaf,0.000,SU_bould,0.000,RE_branch,0.000,BR_sarg
2024_10_08_11-48-18.jpg,2633,2339,RE_fil,red_algae_filamentous,224,0.923,RE_fil,0.077,RE_branch,0.000,SU_bould,0.000,RE_bush,0.000,RE_leaf
2024_10_08_11-48-18.jpg,3357,1687,RE_fil,red_algae_filamentous,224,,,,,,,,,,
2024_10_08_11-48-18.jpg,289,2618,KE_5rib,kelp_five_rib,224,,,,,,,,,,
2024_10_08_11-48-18.jpg,692,4006,KE_5rib,kelp_five_rib,224,,,,,,,,,,
2024_10_08_11-48-18.jpg,1746,263,GR_ulva,green_algae_ulva,224,,,,,,,,,,
2024_10_08_11-48-18.jpg,3798,3872,RE_branch,red_algae_branching,224,0.984,RE_branch,0.005,MS,0.004,RE_leaf,0.003,BR_fucus,0.002,BR_sarg
2024_10_08_11-48-18.jpg,2310,1947,RE_fil,red_algae_filamentous,224,1.000,RE_fil,0.000,RE_leaf,0.000,RE_CCA,0.000,MS,0.000,RE_bush
2024_10_08_11-48-18.jpg,3273,3899,RE_branch,red_algae_branching,224,0.982,RE_branch,0.007,RE_leaf,0.004,RE_bush,0.003,MS,0.002,KE_5rib
2024_10_08_11-48-18.jpg,3915,1192,RE_fil,red_algae_filamentous,224,0.908,RE_fil,0.057,RE_leaf,0.017,RE_branch,0.012,SU_cob,0.003,SU_bould
2024_10_08_11-48-18.jpg,718,2376,GR_ulva,green_algae_ulva,224,,,,,,,,,,
2024_10_08_11-48-18.jpg,1496,2373,GR_ulva,green_algae_ulva,224,1.000,GR_ulva,0.000,KE_5rib,0.000,KE_bull,0.000,SU_peb,0.000,SI
2024_10_08_11-48-18.jpg,1533,3523,SU_sand,sand_fine_shell,224,1.000,SU_sand,0.000,SU_peb,0.000,SU_silt,0.000,SU_shell,0.000,MS
2024_10_08_11-48-18.jpg,1809,2376,GR_ulva,green_algae_ulva,224,1.000,GR_ulva,0.000,RE_leaf,0.000,KE_bull,0.000,KE_5rib,0.000,KE_sugar
2024_10_08_11-48-18.jpg,3669,3320,RE_branch,red_algae_branching,224,1.000,RE_branch,0.000,BR_sarg,0.000,RE_bush,0.000,MS,0.000,KE_holdfas
2024_10_08_11-48-18.jpg,662,1323,RE_branch,red_algae_branching,224,,,,,,,,,,
2024_10_08_11-48-18.jpg,2351,3613,SU_sand,sand_fine_shell,224,1.000,SU_sand,0.000,SU_silt,0.000,SU_shell,0.000,MS,0.000,RE_bush
2024_10_08_11-48-18.jpg,2954,2107,RE_fil,red_algae_filamentous,224,0.994,RE_fil,0.004,RE_leaf,0.002,RE_branch,0.000,BR_sarg,0.000,RE_bush
2024_10_08_11-48-18.jpg,3459,1359,RE_fil,red_algae_filamentous,224,0.959,RE_fil,0.041,RE_leaf,0.000,MS,0.000,RE_branch,0.000,RE_bush
2024_10_08_11-48-18.jpg,2269,1423,GR_ulva,green_algae_ulva,224,1.000,GR_ulva,0.000,KE_bull,0.000,KE_sieve,0.000,BR_sarg,0.000,KE_stipe
2024_10_08_11-48-18.jpg,2603,2568,RE_branch,red_algae_branching,224,,,,,,,,,,
2024_10_08_11-48-18.jpg,3133,2689,RE_branch,red_algae_branching,224,0.994,RE_branch,0.005,BR_sarg,0.001,RE_fil,0.000,MS,0.000,RE_leaf
2024_10_08_11-48-18.jpg,1927,828,GR_ulva,green_algae_ulva,224,0.976,GR_ulva,0.017,KE_bull,0.004,KE_sugar,0.002,MS,0.000,RE_leaf
2024_10_08_11-48-18.jpg,1599,1992,GR_ulva,green_algae_ulva,224,1.000,GR_ulva,0.000,KE_bull,0.000,KE_sieve,0.000,BR_sarg,0.000,RE_leaf
2024_10_08_11-48-18.jpg,152,4057,SU_sand,sand_fine_shell,224,0.998,SU_sand,0.001,SU_peb,0.000,SU_cob,0.000,KE_sieve,0.000,SU_bould
2024_10_08_11-48-18.jpg,1796,1150,GR_ulva,green_algae_ulva,224,1.000,GR_ulva,0.000,KE_sieve,0.000,RE_leaf,0.000,KE_bull,0.000,KE_sugar
2024_10_08_11-48-18.jpg,2761,2802,RE_branch,red_algae_branching,224,,,,,,,,,,
2024_10_08_11-48-18.jpg,2098,980,GR_ulva,green_algae_ulva,224,,,,,,,,,,
2024_10_08_11-48-18.jpg,3113,2442,RE_fil,red_algae_filamentous,224,,,,,,,,,,
2024_10_08_11-48-18.jpg,1343,812,RE_branch,red_algae_branching,224,1.000,RE_branch,0.000,RE_bush,0.000,BR_sarg,0.000,KE_holdfas,0.000,KE_5rib
2024_10_08_11-48-18.jpg,2807,2956,RE_branch,red_algae_branching,224,,,,,,,,,,
2024_10_08_11-48-18.jpg,2761,4317,RE_leaf,red_algae_flat_leaf,224,,,,,,,,,,
2024_10_08_11-48-18.jpg,206,1964,SU_silt,silt,224,,,,,,,,,,
2024_10_08_11-48-18.jpg,2398,3766,SU_sand,sand_fine_shell,224,,,,,,,,,,
2024_10_08_11-48-18.jpg,3770,1733,RE_fil,red_algae_filamentous,224,0.999,RE_fil,0.000,RE_leaf,0.000,SU_bould,0.000,BR_sarg,0.000,KE_5rib
2024_10_08_11-48-18.jpg,439,2197,SU_sand,sand_fine_shell,224,0.991,SU_sand,0.009,SU_peb,0.000,SU_shell,0.000,SU_silt,0.000,BR_sarg
2024_10_08_11-48-18.jpg,2663,3795,RE_branch,red_algae_branching,224,,,,,,,,,,
2024_10_08_11-48-27.jpg,1733,2063,SU_peb,pebble,224,0.999,SU_peb,0.000,SU_cob,0.000,SU_shell,0.000,SU_sand,0.000,SU_silt
2024_10_08_11-48-27.jpg,398,4476,SU_peb,pebble,224,0.991,SU_peb,0.009,SU_sand,0.000,SU_bould,0.000,BR_sarg,0.000,GR_ulva
2024_10_08_11-48-27.jpg,752,4469,unknown,unknown_area,224,,,,,,,,,,
2024_10_08_11-48-27.jpg,508,3896,SU_peb,pebble,224,0.980,SU_peb,0.010,SU_sand,0.007,SU_bould,0.001,SU_cob,0.001,RE_bush
2024_10_08_11-48-27.jpg,280,3803,SU_peb,pebble,224,,,,,,,,,,
2024_10_08_11-48-27.jpg,2995,4072,RE_bush,red_algae_bushy,224,1.000,RE_bush,0.000,SU_sand,0.000,SU_silt,0.000,RE_branch,0.000,KE_sugar
2024_10_08_11-48-27.jpg,2393,2532,SU_peb,pebble,224,,,,,,,,,,
2024_10_08_11-48-27.jpg,2394,2213,SU_sand,sand_fine_shell,224,1.000,SU_sand,0.000,SU_shell,0.000,SU_silt,0.000,SU_peb,0.000,RE_bush
2024_10_08_11-48-27.jpg,1128,3542,GR_ulva,green_algae_ulva,224,1.000,GR_ulva,0.000,SU_peb,0.000,KE_5rib,0.000,SU_cob,0.000,KE_stipe
2024_10_08_11-48-27.jpg,283,523,SU_silt,silt,224,0.998,SU_silt,0.001,SU_shell,0.001,SU_sand,0.000,MS,0.000,RE_bush
2024_10_08_11-48-27.jpg,1083,1631,SU_sand,sand_fine_shell,224,1.000,SU_sand,0.000,SU_silt,0.000,SU_peb,0.000,SU_shell,0.000,SU_cob
2024_10_08_11-48-27.jpg,1451,3058,SU_peb,pebble,224,0.949,SU_peb,0.050,GR_ulva,0.000,SI,0.000,SU_cob,0.000,KE_bull
2024_10_08_11-48-27.jpg,2514,4088,RE_bush,red_algae_bushy,224,1.000,RE_bush,0.000,SU_peb,0.000,MS,0.000,KE_stipe,0.000,SU_sand
2024_10_08_11-48-27.jpg,3501,3500,SU_silt,silt,224,0.950,SU_silt,0.046,SU_sand,0.003,SU_shell,0.000,SU_bould,0.000,SU_cob
2024_10_08_11-48-27.jpg,3526,2284,SU_peb,pebble,224,0.827,SU_peb,0.164,SU_cob,0.004,RE_fil,0.003,SU_bould,0.001,KE_5rib
2024_10_08_11-48-27.jpg,1732,2410,SU_sand,sand_fine_shell,224,,,,,,,,,,
2024_10_08_11-48-27.jpg,1121,808,SU_sand,sand_fine_shell,224,0.931,SU_sand,0.069,SU_silt,0.000,SU_shell,0.000,SU_peb,0.000,MS
2024_10_08_11-48-27.jpg,2290,3163,GR_ulva,green_algae_ulva,224,1.000,GR_ulva,0.000,KE_5rib,0.000,BR_sarg,0.000,KE_sugar,0.000,KE_bull
2024_10_08_11-48-27.jpg,2549,3582,SU_sand,sand_fine_shell,224,,,,,,,,,,
2024_10_08_11-48-27.jpg,428,301,SU_sand,sand_fine_shell,224,1.000,SU_sand,0.000,SU_silt,0.000,SU_peb,0.000,SU_cob,0.000,SU_bould
2024_10_08_11-48-27.jpg,2784,3025,SU_cob,cobble,224,,,,,,,,,,
2024_10_08_11-48-27.jpg,3465,494,GR_ulva,green_algae_ulva,224,,,,,,,,,,
2024_10_08_11-48-27.jpg,1223,3273,GR_ulva,green_algae_ulva,224,1.000,GR_ulva,0.000,KE_5rib,0.000,SU_peb,0.000,SU_bould,0.000,KE_bull
2024_10_08_11-48-27.jpg,2040,2765,SU_sand,sand_fine_shell,224,0.907,SU_sand,0.092,RE_bush,0.001,SU_peb,0.000,SU_silt,0.000,SU_shell
2024_10_08_11-48-27.jpg,2758,2903,SU_peb,pebble,224,0.995,SU_peb,0.002,KE_bull,0.001,MS,0.001,KE_stipe,0.000,GR_ulva
2024_10_08_11-48-27.jpg,2886,1754,SU_sand,sand_fine_shell,224,1.000,SU_sand,0.000,SU_silt,0.000,SU_cob,0.000,SU_shell,0.000,SU_peb
2024_10_08_11-48-27.jpg,2672,3558,GR_ulva,green_algae_ulva,224,0.925,GR_ulva,0.070,MS,0.002,SU_peb,0.001,KE_stipe,0.001,SU_cob
2024_10_08_11-48-27.jpg,2280,2255,SU_sand,sand_fine_shell,224,1.000,SU_sand,0.000,SU_shell,0.000,SU_silt,0.000,SU_peb,0.000,RE_bush
2024_10_08_11-48-27.jpg,3823,2706,BR_sarg,brown_algae_sargassum,224,1.000,BR_sarg,0.000,RE_branch,0.000,RE_bush,0.000,KE_stipe,0.000,BR_fucus
2024_10_08_11-48-27.jpg,3134,4023,SU_sand,sand_fine_shell,224,0.979,SU_sand,0.020,RE_bush,0.001,SU_silt,0.000,SU_peb,0.000,SU_shell
2024_10_08_11-48-27.jpg,960,1439,SU_sand,sand_fine_shell,224,1.000,SU_sand,0.000,SU_peb,0.000,SU_silt,0.000,SU_cob,0.000,MS
2024_10_08_11-48-27.jpg,2797,4253,SU_sand,sand_fine_shell,224,0.999,SU_sand,0.001,SU_silt,0.000,SU_shell,0.000,RE_CCA,0.000,SU_cob
2024_10_08_11-48-27.jpg,1068,3318,GR_ulva,green_algae_ulva,224,1.000,GR_ulva,0.000,KE_5rib,0.000,SU_cob,0.000,KE_bull,0.000,SI_kelpBry
2024_10_08_11-48-27.jpg,1773,4429,GR_ulva,green_algae_ulva,224,1.000,GR_ulva,0.000,SU_bould,0.000,unknown,0.000,KE_sieve,0.000,KE_stipe
2024_10_08_11-48-27.jpg,1565,1005,SU_peb,pebble,224,0.951,SU_peb,0.048,SU_sand,0.001,RE_bush,0.000,SU_silt,0.000,SU_cob
2024_10_08_11-48-27.jpg,1864,575,SU_sand,sand_fine_shell,224,1.000,SU_sand,0.000,SU_silt,0.000,SU_peb,0.000,SU_shell,0.000,SU_cob
2024_10_08_11-48-27.jpg,1339,4212,RE_bush,red_algae_bushy,224,1.000,RE_bush,0.000,RE_fil,0.000,RE_leaf,0.000,KE_sugar,0.000,RE_branch
2024_10_08_11-48-27.jpg,3741,3386,BR_sarg,brown_algae_sargassum,224,,,,,,,,,,
2024_10_08_11-48-27.jpg,1844,3215,SU_sand,sand_fine_shell,224,0.999,SU_sand,0.001,SU_peb,0.000,RE_bush,0.000,SU_silt,0.000,MS
2024_10_08_11-48-27.jpg,687,1134,SU_sand,sand_fine_shell,224,0.728,SU_sand,0.147,SU_silt,0.125,SU_shell,0.000,SU_cob,0.000,SU_peb
2024_10_08_11-48-27.jpg,2417,3309,GR_ulva,green_algae_ulva,224,1.000,GR_ulva,0.000,BR_sarg,0.000,KE_bull,0.000,KE_sieve,0.000,KE_stipe
2024_10_08_11-48-27.jpg,3108,3769,SU_silt,silt,224,0.997,SU_silt,0.001,MS,0.001,SU_peb,0.000,SU_shell,0.000,SU_sand
2024_10_08_11-48-27.jpg,1794,955,SU_sand,sand_fine_shell,224,0.997,SU_sand,0.002,SU_peb,0.000,SU_shell,0.000,RE_bush,0.000,SU_silt
2024_10_08_11-48-27.jpg,2331,1016,SU_sand,sand_fine_shell,224,0.933,SU_sand,0.054,RE_bush,0.007,SU_silt,0.006,MS,0.000,SU_shell
2024_10_08_11-48-27.jpg,3314,3014,GR_ulva,green_algae_ulva,224,,,,,,,,,,
2024_10_08_11-48-27.jpg,1235,2481,GR_ulva,green_algae_ulva,224,0.916,GR_ulva,0.051,SU_bould,0.030,BR_sarg,0.002,SU_peb,0.000,BR_fucus
2024_10_08_11-48-27.jpg,958,3962,RE_bush,red_algae_bushy,224,0.972,RE_bush,0.017,SU_silt,0.008,SU_peb,0.001,KE_stipe,0.001,GR_ulva
2024_10_08_11-48-27.jpg,1297,1692,SU_sand,sand_fine_shell,224,,,,,,,,,,
2024_10_08_11-48-27.jpg,1923,1198,RE_bush,red_algae_bushy,224,1.000,RE_bush,0.000,SU_sand,0.000,SU_silt,0.000,SU_peb,0.000,RE_branch
2024_10_08_11-48-27.jpg,1201,3152,GR_ulva,green_algae_ulva,224,0.997,GR_ulva,0.002,SU_peb,0.000,SU_bould,0.000,SU_cob,0.000,KE_stipe
2024_10_08_11-48-36.jpg,1926,4137,SU_peb,pebble,224,,,,,,,,,,
2024_10_08_11-48-36.jpg,3099,4489,RE_bush,red_algae_bushy,224,,,,,,,,,,
2024_10_08_11-48-36.jpg,2478,4027,RE_bush,red_algae_bushy,224,,,,,,,,,,
2024_10_08_11-48-36.jpg,3624,1927,SU_sand,sand_fine_shell,224,,,,,,,,,,
2024_10_08_11-48-36.jpg,2347,2365,KE_5rib,kelp_five_rib,224,1.000,KE_5rib,0.000,KE_sieve,0.000,GR_ulva,0.000,SI,0.000,KE_holdfas
2024_10_08_11-48-36.jpg,2800,3768,RE_bush,red_algae_bushy,224,1.000,RE_bush,0.000,RE_branch,0.000,SU_bould,0.000,SU_peb,0.000,KE_holdfas
2024_10_08_11-48-36.jpg,3272,1512,KE_5rib,kelp_five_rib,224,1.000,KE_5rib,0.000,RE_leaf,0.000,KE_sieve,0.000,RE_fil,0.000,KE_sugar
2024_10_08_11-48-36.jpg,1774,693,RE_bush,red_algae_bushy,224,1.000,RE_bush,0.000,RE_branch,0.000,SU_sand,0.000,SU_peb,0.000,SU_silt
2024_10_08_11-48-36.jpg,967,1518,RE_fil,red_algae_filamentous,224,,,,,,,,,,
2024_10_08_11-48-36.jpg,2083,1243,BR_sarg,brown_algae_sargassum,224,1.000,BR_sarg,0.000,RE_branch,0.000,KE_sugar,0.000,KE_sieve,0.000,KE_stipe
2024_10_08_11-48-36.jpg,3903,1618,KE_5rib,kelp_five_rib,224,0.997,KE_5rib,0.002,RE_fil,0.000,BR_sarg,0.000,KE_stipe,0.000,RE_leaf
2024_10_08_11-48-36.jpg,523,403,RE_bush,red_algae_bushy,224,,,,,,,,,,
2024_10_08_11-48-36.jpg,1345,1433,GR_ulva,green_algae_ulva,224,1.000,GR_ulva,0.000,SU_peb,0.000,MS,0.000,SU_bould,0.000,KE_5rib
2024_10_08_11-48-36.jpg,3414,3992,RE_fil,red_algae_filamentous,224,0.952,RE_fil,0.046,RE_bush,0.001,RE_leaf,0.000,RE_branch,0.000,SU_bould
2024_10_08_11-48-36.jpg,1386,2483,SU_peb,pebble,224,1.000,SU_peb,0.000,SU_sand,0.000,SU_cob,0.000,GR_ulva,0.000,KE_stipe
2024_10_08_11-48-36.jpg,2005,2076,KE_5rib,kelp_five_rib,224,,,,,,,,,,
2024_10_08_11-48-36.jpg,1655,4489,KE_sugar,kelp_sugar,224,,,,,,,,,,
2024_10_08_11-48-36.jpg,3137,1787,KE_5rib,kelp_five_rib,224,1.000,KE_5rib,0.000,KE_sieve,0.000,KE_sugar,0.000,KE_stipe,0.000,RE_leaf
2024_10_08_11-48-36.jpg,3303,1696,KE_5rib,kelp_five_rib,224,1.000,KE_5rib,0.000,KE_sieve,0.000,KE_sugar,0.000,RE_leaf,0.000,GR_ulva
2024_10_08_11-48-36.jpg,1276,2827,KE_sugar,kelp_sugar,224,,,,,,,,,,
2024_10_08_11-48-36.jpg,3551,620,BR_sarg,brown_algae_sargassum,224,,,,,,,,,,
2024_10_08_11-48-36.jpg,2923,3155,SU_sand,sand_fine_shell,224,,,,,,,,,,
2024_10_08_11-48-36.jpg,2439,4278,RE_bush,red_algae_bushy,224,,,,,,,,,,
2024_10_08_11-48-36.jpg,2799,1733,KE_5rib,kelp_five_rib,224,1.000,KE_5rib,0.000,GR_ulva,0.000,KE_sugar,0.000,KE_sieve,0.000,RE_leaf
2024_10_08_11-48-36.jpg,1563,1809,RE_fil,red_algae_filamentous,224,,,,,,,,,,
2024_10_08_11-48-36.jpg,3348,260,BR_sarg,brown_algae_sargassum,224,,,,,,,,,,
2024_10_08_11-48-36.jpg,424,1229,KE_sugar,kelp_sugar,224,1.000,KE_sugar,0.000,RE_leaf,0.000,MS,0.000,SU_silt,0.000,SU_cob
2024_10_08_11-48-36.jpg,2568,2429,KE_5rib,kelp_five_rib,224,1.000,KE_5rib,0.000,KE_sieve,0.000,GR_ulva,0.000,KE_holdfas,0.000,RE_leaf
2024_10_08_11-48-36.jpg,3009,3406,SU_sand,sand_fine_shell,224,,,,,,,,,,
2024_10_08_11-48-36.jpg,1218,4328,SU_peb,pebble,224,0.949,SU_peb,0.026,KE_stipe,0.011,SU_cob,0.007,SU_bould,0.003,KE_sugar
2024_10_08_11-48-36.jpg,2139,351,GR_ulva,green_algae_ulva,224,1.000,GR_ulva,0.000,KE_sugar,0.000,KE_5rib,0.000,RE_fil,0.000,MS
2024_10_08_11-48-36.jpg,364,3049,SU_cob,cobble,224,,,,,,,,,,
2024_10_08_11-48-36.jpg,655,3041,RE_branch,red_algae_branching,224,,,,,,,,,,
2024_10_08_11-48-36.jpg,247,1643,SU_sand,sand_fine_shell,224,0.990,SU_sand,0.009,SU_silt,0.001,SU_shell,0.000,SU_peb,0.000,MS
2024_10_08_11-48-36.jpg,3613,3020,SU_peb,pebble,224,1.000,SU_peb,0.000,SU_sand,0.000,SU_shell,0.000,SU_cob,0.000,BR_sarg
2024_10_08_11-48-36.jpg,1975,1001,SU_sand,sand_fine_shell,224,,,,,,,,,,
2024_10_08_11-48-36.jpg,1997,2217,SU_peb,pebble,224,0.934,SU_peb,0.065,SU_sand,0.001,SU_shell,0.000,RE_bush,0.000,KE_stipe
2024_10_08_11-48-36.jpg,2379,1652,BR_sarg,brown_algae_sargassum,224,,,,,,,,,,
2024_10_08_11-48-36.jpg,1782,1916,RE_bush,red_algae_bushy,224,1.000,RE_bush,0.000,MS,0.000,RE_leaf,0.000,BR_sarg,0.000,GR_ulva
2024_10_08_11-48-36.jpg,2368,2556,KE_5rib,kelp_five_rib,224,,,,,,,,,,
2024_10_08_11-48-36.jpg,2512,531,GR_ulva,green_algae_ulva,224,0.974,GR_ulva,0.021,RE_leaf,0.003,KE_sieve,0.001,KE_stipe,0.000,KE_bull
2024_10_08_11-48-36.jpg,1097,360,RE_bush,red_algae_bushy,224,1.000,RE_bush,0.000,RE_branch,0.000,KE_holdfas,0.000,BR_sarg,0.000,SU_silt
2024_10_08_11-48-36.jpg,207,1441,SU_silt,silt,224,,,,,,,,,,
2024_10_08_11-48-36.jpg,418,1565,SU_silt,silt,224,,,,,,,,,,
2024_10_08_11-48-36.jpg,648,3758,GR_ulva,green_algae_ulva,224,0.998,GR_ulva,0.002,KE_stipe,0.000,MS,0.000,RE_fil,0.000,BR_sarg
2024_10_08_11-48-36.jpg,2575,3715,SU_peb,pebble,224,,,,,,,,,,
2024_10_08_11-48-36.jpg,2562,822,GR_ulva,green_algae_ulva,224,1.000,GR_ulva,0.000,BR_sarg,0.000,KE_stipe,0.000,KE_sieve,0.000,SU_bould
2024_10_08_11-48-36.jpg,2923,4465,SU_sand,sand_fine_shell,224,1.000,SU_sand,0.000,SU_silt,0.000,RE_bush,0.000,SU_peb,0.000,SU_shell
2024_10_08_11-48-36.jpg,1968,3440,GR_ulva,green_algae_ulva,224,1.000,GR_ulva,0.000,SU_peb,0.000,SU_cob,0.000,KE_stipe,0.000,KE_bull
2024_10_08_11-48-36.jpg,3266,954,BR_sarg,brown_algae_sargassum,224,,,,,,,,,,
2024_10_08_11-48-45.jpg,3052,2556,RE_fil,red_algae_filamentous,224,0.966,RE_fil,0.031,RE_leaf,0.002,KE_sugar,0.001,RE_bush,0.001,RE_branch
2024_10_08_11-48-45.jpg,1290,2773,GR_ulva,green_algae_ulva,224,1.000,GR_ulva,0.000,KE_bull,0.000,KE_sieve,0.000,RE_leaf,0.000,BR_sarg
2024_10_08_11-48-45.jpg,912,1652,GR_ulva,green_algae_ulva,224,1.000,GR_ulva,0.000,SU_peb,0.000,KE_bull,0.000,BR_sarg,0.000,SU_bould
2024_10_08_11-48-45.jpg,3860,2147,RE_bush,red_algae_bushy,224,1.000,RE_bush,0.000,SU_sand,0.000,RE_leaf,0.000,SU_silt,0.000,KE_sieve
2024_10_08_11-48-45.jpg,3492,1071,GR_ulva,green_algae_ulva,224,1.000,GR_ulva,0.000,KE_sieve,0.000,KE_5rib,0.000,unknown,0.000,RE_leaf
2024_10_08_11-48-45.jpg,2542,293,GR_ulva,green_algae_ulva,224,0.984,GR_ulva,0.016,KE_sieve,0.000,unknown,0.000,KE_5rib,0.000,KE_stipe
2024_10_08_11-48-45.jpg,253,3607,GR_ulva,green_algae_ulva,224,,,,,,,,,,
2024_10_08_11-48-45.jpg,3154,690,GR_ulva,green_algae_ulva,224,1.000,GR_ulva,0.000,BR_fucus,0.000,BR_sarg,0.000,RE_leaf,0.000,MS
2024_10_08_11-48-45.jpg,1883,2257,GR_ulva,green_algae_ulva,224,0.996,GR_ulva,0.002,KE_bull,0.002,RE_leaf,0.000,KE_sugar,0.000,KE_sieve
2024_10_08_11-48-45.jpg,778,647,GR_ulva,green_algae_ulva,224,,,,,,,,,,
2024_10_08_11-48-45.jpg,2092,383,RE_branch,red_algae_branching,224,0.916,RE_branch,0.083,RE_bush,0.001,RE_CCA,0.000,BR_sarg,0.000,KE_stipe
2024_10_08_11-48-45.jpg,1801,448,RE_branch,red_algae_branching,224,,,,,,,,,,
2024_10_08_11-48-45.jpg,1919,3483,RE_branch,red_algae_branching,224,,,,,,,,,,
2024_10_08_11-48-45.jpg,2137,1159,GR_ulva,green_algae_ulva,224,1.000,GR_ulva,0.000,KE_bull,0.000,KE_5rib,0.000,MS,0.000,RE_leaf
2024_10_08_11-48-45.jpg,1521,459,GR_ulva,green_algae_ulva,224,0.970,GR_ulva,0.014,BR_sarg,0.009,KE_stipe,0.002,SU_bould,0.001,RE_CCA
2024_10_08_11-48-45.jpg,385,1502,SU_peb,pebble,224,,,,,,,,,,
2024_10_08_11-48-45.jpg,2481,1431,GR_ulva,green_algae_ulva,224,1.000,GR_ulva,0.000,RE_leaf,0.000,KE_bull,0.000,KE_5rib,0.000,KE_sugar
2024_10_08_11-48-45.jpg,3408,243,SU_silt,silt,224,0.985,SU_silt,0.005,SU_sand,0.005,SU_peb,0.004,MS,0.001,SU_shell
2024_10_08_11-48-45.jpg,1405,665,GR_ulva,green_algae_ulva,224,0.999,GR_ulva,0.001,MS,0.000,KE_sugar,0.000,SU_silt,0.000,unknown
2024_10_08_11-48-45.jpg,545,3787,GR_ulva,green_algae_ulva,224,0.995,GR_ulva,0.003,KE_5rib,0.001,MS,0.000,KE_sieve,0.000,BR_fucus
2024_10_08_11-48-45.jpg,3026,3063,SU_sand,sand_fine_shell,224,0.997,SU_sand,0.002,SU_silt,0.000,SU_shell,0.000,SU_cob,0.000,SU_peb
2024_10_08_11-48-45.jpg,3520,227,SU_silt,silt,224,0.912,SU_silt,0.082,SU_shell,0.004,SU_peb,0.001,MS,0.001,SU_sand
2024_10_08_11-48-45.jpg,3041,1989,RE_leaf,red_algae_flat_leaf,224,1.000,RE_leaf,0.000,GR_ulva,0.000,SI,0.000,MS,0.000,KE_bull
2024_10_08_11-48-45.jpg,3589,3929,GR_ulva,green_algae_ulva,224,1.000,GR_ulva,0.000,KE_sieve,0.000,KE_stipe,0.000,unknown,0.000,SU_bould
2024_10_08_11-48-45.jpg,1168,2223,GR_ulva,green_algae_ulva,224,0.998,GR_ulva,0.001,KE_sugar,0.001,KE_sieve,0.000,MS,0.000,KE_bull
2024_10_08_11-48-45.jpg,1669,2609,GR_ulva,green_algae_ulva,224,0.998,GR_ulva,0.002,KE_sugar,0.000,RE_fil,0.000,KE_5rib,0.000,RE_leaf
2024_10_08_11-48-45.jpg,1111,3425,RE_branch,red_algae_branching,224,,,,,,,,,,
2024_10_08_11-48-45.jpg,2178,1976,GR_ulva,green_algae_ulva,224,1.000,GR_ulva,0.000,SU_peb,0.000,KE_bull,0.000,KE_stipe,0.000,KE_sugar
2024_10_08_11-48-45.jpg,3127,2759,RE_bush,red_algae_bushy,224,1.000,RE_bush,0.000,RE_branch,0.000,SU_peb,0.000,SU_sand,0.000,RE_leaf
2024_10_08_11-48-45.jpg,2677,4439,unknown,unknown_area,224,,,,,,,,,,
2024_10_08_11-48-45.jpg,787,3675,GR_ulva,green_algae_ulva,224,1.000,GR_ulva,0.000,KE_sieve,0.000,MS,0.000,KE_5rib,0.000,unknown
2024_10_08_11-48-45.jpg,3502,1220,GR_ulva,green_algae_ulva,224,1.000,GR_ulva,0.000,unknown,0.000,SU_bould,0.000,KE_sieve,0.000,KE_sugar
2024_10_08_11-48-45.jpg,373,2062,GR_ulva,green_algae_ulva,224,1.000,GR_ulva,0.000,BR_sarg,0.000,KE_sugar,0.000,KE_5rib,0.000,unknown
2024_10_08_11-48-45.jpg,2114,3482,SU_peb,pebble,224,,,,,,,,,,
2024_10_08_11-48-45.jpg,2037,2757,GR_ulva,green_algae_ulva,224,,,,,,,,,,
2024_10_08_11-48-45.jpg,1588,3374,RE_branch,red_algae_branching,224,,,,,,,,,,
2024_10_08_11-48-45.jpg,569,3675,GR_ulva,green_algae_ulva,224,,,,,,,,,,
2024_10_08_11-48-45.jpg,1030,2367,GR_ulva,green_algae_ulva,224,1.000,GR_ulva,0.000,KE_sieve,0.000,KE_stipe,0.000,KE_sugar,0.000,unknown
2024_10_08_11-48-45.jpg,634,2574,GR_ulva,green_algae_ulva,224,1.000,GR_ulva,0.000,BR_sarg,0.000,KE_sieve,0.000,KE_bull,0.000,RE_fil
2024_10_08_11-48-45.jpg,1838,3920,GR_ulva,green_algae_ulva,224,,,,,,,,,,
2024_10_08_11-48-45.jpg,2253,1832,GR_ulva,green_algae_ulva,224,1.000,GR_ulva,0.000,KE_bull,0.000,RE_leaf,0.000,BR_fucus,0.000,KE_sieve
2024_10_08_11-48-45.jpg,1723,3732,RE_branch,red_algae_branching,224,,,,,,,,,,
2024_10_08_11-48-45.jpg,1499,992,GR_ulva,green_algae_ulva,224,1.000,GR_ulva,0.000,KE_5rib,0.000,unknown,0.000,KE_sugar,0.000,KE_sieve
2024_10_08_11-48-45.jpg,661,1541,GR_ulva,green_algae_ulva,224,1.000,GR_ulva,0.000,KE_bull,0.000,SU_peb,0.000,KE_sugar,0.000,BR_sarg
2024_10_08_11-48-45.jpg,2293,2259,GR_ulva,green_algae_ulva,224,1.000,GR_ulva,0.000,KE_bull,0.000,RE_leaf,0.000,KE_5rib,0.000,MS
2024_10_08_11-48-45.jpg,2836,3902,SU_sand,sand_fine_shell,224,1.000,SU_sand,0.000,SU_peb,0.000,SU_silt,0.000,SI_kelpBry,0.000,SU_cob
2024_10_08_11-48-45.jpg,2805,1951,GR_ulva,green_algae_ulva,224,0.995,GR_ulva,0.004,KE_bull,0.001,KE_stipe,0.000,RE_leaf,0.000,MS
2024_10_08_11-48-45.jpg,3452,1991,RE_bush,red_algae_bushy,224,,,,,,,,,,
2024_10_08_11-48-45.jpg,2875,3617,SU_sand,sand_fine_shell,224,,,,,,,,,,
2024_10_08_11-48-45.jpg,1744,1025,GR_ulva,green_algae_ulva,224,1.000,GR_ulva,0.000,KE_5rib,0.000,unknown,0.000,KE_sugar,0.000,KE_stipe
2024_10_08_11-48-54.jpg,2759,709,GR_ulva,green_algae_ulva,224,,,,,,,,,,
2024_10_08_11-48-54.jpg,941,3670,GR_ulva,green_algae_ulva,224,,,,,,,,,,
2024_10_08_11-48-54.jpg,2910,4271,GR_ulva,green_algae_ulva,224,0.998,GR_ulva,0.001,MS,0.000,unknown,0.000,RE_leaf,0.000,KE_5rib
2024_10_08_11-48-54.jpg,3329,1262,GR_ulva,green_algae_ulva,224,0.994,GR_ulva,0.004,KE_stipe,0.001,BR_sarg,0.000,MS,0.000,KE_bull
2024_10_08_11-48-54.jpg,2435,3238,RE_branch,red_algae_branching,224,,,,,,,,,,
2024_10_08_11-48-54.jpg,892,723,GR_ulva,green_algae_ulva,224,1.000,GR_ulva,0.000,KE_5rib,0.000,KE_sugar,0.000,unknown,0.000,KE_sieve
2024_10_08_11-48-54.jpg,3281,561,GR_ulva,green_algae_ulva,224,1.000,GR_ulva,0.000,unknown,0.000,KE_bull,0.000,KE_stipe,0.000,MS
2024_10_08_11-48-54.jpg,3739,916,RE_branch,red_algae_branching,224,,,,,,,,,,
2024_10_08_11-48-54.jpg,3274,2206,RE_branch,red_algae_branching,224,1.000,RE_branch,0.000,BR_sarg,0.000,RE_leaf,0.000,RE_bush,0.000,RE_CCA
2024_10_08_11-48-54.jpg,2592,1081,GR_ulva,green_algae_ulva,224,0.981,GR_ulva,0.017,KE_sieve,0.001,unknown,0.000,SU_bould,0.000,MS
2024_10_08_11-48-54.jpg,3875,2213,RE_branch,red_algae_branching,224,,,,,,,,,,
2024_10_08_11-48-54.jpg,156,2081,SU_silt,silt,224,,,,,,,,,,
2024_10_08_11-48-54.jpg,2656,2611,RE_branch,red_algae_branching,224,,,,,,,,,,
2024_10_08_11-48-54.jpg,3118,1475,GR_ulva,green_algae_ulva,224,1.000,GR_ulva,0.000,KE_bull,0.000,SU_bould,0.000,RE_leaf,0.000,BR_sarg
2024_10_08_11-48-54.jpg,3463,2940,RE_branch,red_algae_branching,224,,,,,,,,,,
2024_10_08_11-48-54.jpg,3674,4243,unknown,unknown_area,224,,,,,,,,,,
2024_10_08_11-48-54.jpg,1081,3412,GR_ulva,green_algae_ulva,224,,,,,,,,,,
2024_10_08_11-48-54.jpg,625,4437,GR_ulva,green_algae_ulva,224,0.943,GR_ulva,0.047,unknown,0.007,KE_sugar,0.003,MS,0.001,KE_5rib
2024_10_08_11-48-54.jpg,2430,1496,GR_ulva,green_algae_ulva,224,0.995,GR_ulva,0.003,KE_bull,0.002,KE_stipe,0.000,BR_fucus,0.000,SU_bould
2024_10_08_11-48-54.jpg,987,3262,GR_ulva,green_algae_ulva,224,1.000,GR_ulva,0.000,RE_leaf,0.000,KE_sugar,0.000,KE_sieve,0.000,KE_bull
2024_10_08_11-48-54.jpg,3880,4442,unknown,unknown_area,224,,,,,,,,,,
2024_10_08_11-48-54.jpg,3206,808,GR_ulva,green_algae_ulva,224,1.000,GR_ulva,0.000,BR_sarg,0.000,KE_bull,0.000,SU_bould,0.000,KE_stipe
2024_10_08_11-48-54.jpg,3351,3787,GR_ulva,green_algae_ulva,224,1.000,GR_ulva,0.000,KE_stipe,0.000,KE_bull,0.000,SU_bould,0.000,KE_sieve
2024_10_08_11-48-54.jpg,578,1459,GR_ulva,green_algae_ulva,224,0.999,GR_ulva,0.000,KE_stipe,0.000,KE_sieve,0.000,KE_bull,0.000,SU_peb
2024_10_08_11-48-54.jpg,3344,2980,RE_branch,red_algae_branching,224,0.997,RE_branch,0.002,BR_sarg,0.001,RE_bush,0.000,RE_fil,0.000,BR_fucus
2024_10_08_11-48-54.jpg,1338,1578,GR_ulva,green_algae_ulva,224,0.998,GR_ulva,0.001,KE_5rib,0.000,unknown,0.000,KE_sieve,0.000,MS
2024_10_08_11-48-54.jpg,685,4117,GR_ulva,green_algae_ulva,224,0.591,GR_ulva,0.346,unknown,0.061,KE_sieve,0.002,KE_5rib,0.001,MS
2024_10_08_11-48-54.jpg,2946,404,GR_ulva,green_algae_ulva,224,0.985,GR_ulva,0.011,SU_silt,0.003,SU_bould,0.001,BR_sarg,0.001,KE_stipe
2024_10_08_11-48-54.jpg,2526,4139,GR_ulva,green_algae_ulva,224,0.995,GR_ulva,0.005,unknown,0.000,KE_stipe,0.000,KE_5rib,0.000,KE_sugar
2024_10_08_11-48-54.jpg,1329,1173,GR_ulva,green_algae_ulva,224,1.000,GR_ulva,0.000,KE_sieve,0.000,KE_5rib,0.000,SU_bould,0.000,BR_sarg
2024_10_08_11-48-54.jpg,2013,1657,GR_ulva,green_algae_ulva,224,0.903,GR_ulva,0.076,BR_sarg,0.011,KE_stipe,0.006,KE_bull,0.001,RE_leaf
2024_10_08_11-48-54.jpg,269,1702,GR_ulva,green_algae_ulva,224,0.966,GR_ulva,0.017,KE_sugar,0.009,KE_bull,0.002,SU_silt,0.002,KE_stipe
2024_10_08_11-48-54.jpg,1917,4108,GR_ulva,green_algae_ulva,224,0.977,GR_ulva,0.022,unknown,0.000,KE_sieve,0.000,SU_silt,0.000,RE_leaf
2024_10_08_11-48-54.jpg,3754,1294,GR_ulva,green_algae_ulva,224,,,,,,,,,,
2024_10_08_11-48-54.jpg,3665,1899,RE_branch,red_algae_branching,224,1.000,RE_branch,0.000,RE_bush,0.000,BR_sarg,0.000,RE_leaf,0.000,KE_holdfas
2024_10_08_11-48-54.jpg,3264,2481,GR_ulva,green_algae_ulva,224,1.000,GR_ulva,0.000,RE_leaf,0.000,KE_bull,0.000,BR_sarg,0.000,MS
2024_10_08_11-48-54.jpg,249,518,GR_ulva,green_algae_ulva,224,1.000,GR_ulva,0.000,MS,0.000,KE_stipe,0.000,SU_cob,0.000,SU_peb
2024_10_08_11-48-54.jpg,546,577,GR_ulva,green_algae_ulva,224,1.000,GR_ulva,0.000,KE_stipe,0.000,KE_bull,0.000,KE_sugar,0.000,KE_5rib
2024_10_08_11-48-54.jpg,2743,2851,RE_branch,red_algae_branching,224,1.000,RE_branch,0.000,RE_bush,0.000,BR_sarg,0.000,RE_leaf,0.000,KE_holdfas
2024_10_08_11-48-54.jpg,2484,2153,SU_cob,cobble,224,,,,,,,,,,
2024_10_08_11-48-54.jpg,432,1648,GR_ulva,green_algae_ulva,224,0.996,GR_ulva,0.003,SU_peb,0.000,KE_bull,0.000,MS,0.000,SI_kelpBry
2024_10_08_11-48-54.jpg,2589,3709,RE_branch,red_algae_branching,224,0.976,RE_branch,0.013,MS,0.005,RE_bush,0.002,RE_fil,0.002,BR_sarg
2024_10_08_11-48-54.jpg,3214,336,GR_ulva,green_algae_ulva,224,,,,,,,,,,
2024_10_08_11-48-54.jpg,489,4117,GR_ulva,green_algae_ulva,224,0.991,GR_ulva,0.007,unknown,0.001,KE_5rib,0.001,MS,0.000,KE_sugar
2024_10_08_11-48-54.jpg,494,3899,GR_ulva,green_algae_ulva,224,1.000,GR_ulva,0.000,SU_peb,0.000,KE_5rib,0.000,KE_stipe,0.000,SU_bould
2024_10_08_11-48-54.jpg,3080,3866,GR_ulva,green_algae_ulva,224,0.997,GR_ulva,0.002,MS,0.000,RE_leaf,0.000,KE_sugar,0.000,KE_bull
2024_10_08_11-48-54.jpg,3336,3117,SU_bould,boulder,224,,,,,,,,,,
2024_10_08_11-48-54.jpg,2282,1754,RE_branch,red_algae_branching,224,,,,,,,,,,
2024_10_08_11-48-54.jpg,1553,2921,SU_sand,sand_fine_shell,224,,,,,,,,,,
2024_10_08_11-48-54.jpg,2290,2338,SU_sand,sand_fine_shell,224,,,,,,,,,,
2024_10_08_11-49-03.jpg,1439,4287,SU_peb,pebble,224,,,,,,,,,,
2024_10_08_11-49-03.jpg,792,911,BR_sarg,brown_algae_sargassum,224,,,,,,,,,,
2024_10_08_11-49-03.jpg,2200,455,unknown,unknown_area,224,,,,,,,,,,
2024_10_08_11-49-03.jpg,2842,132,GR_ulva,green_algae_ulva,224,1.000,GR_ulva,0.000,KE_stipe,0.000,KE_bull,0.000,BR_fucus,0.000,BR_sarg
2024_10_08_11-49-03.jpg,2024,3912,SU_peb,pebble,224,0.923,SU_peb,0.077,SU_sand,0.000,SU_cob,0.000,SI_kelpBry,0.000,MS
2024_10_08_11-49-03.jpg,2785,340,GR_ulva,green_algae_ulva,224,1.000,GR_ulva,0.000,MS,0.000,KE_bull,0.000,KE_stipe,0.000,SI_kelpBry
2024_10_08_11-49-03.jpg,258,3824,SU_peb,pebble,224,,,,,,,,,,
2024_10_08_11-49-03.jpg,2400,1197,SU_sand,sand_fine_shell,224,0.922,SU_sand,0.072,SU_peb,0.002,SU_bould,0.002,MS,0.001,KE_stipe
2024_10_08_11-49-03.jpg,372,1704,BR_sarg,brown_algae_sargassum,224,0.966,BR_sarg,0.031,KE_sieve,0.002,KE_stipe,0.001,RE_bush,0.000,KE_holdfas
2024_10_08_11-49-03.jpg,876,3999,SU_sand,sand_fine_shell,224,0.956,SU_sand,0.044,SU_silt,0.000,SU_shell,0.000,SU_peb,0.000,MS
2024_10_08_11-49-03.jpg,1036,2323,RE_branch,red_algae_branching,224,,,,,,,,,,
2024_10_08_11-49-03.jpg,3623,566,GR_ulva,green_algae_ulva,224,1.000,GR_ulva,0.000,KE_5rib,0.000,unknown,0.000,SU_bould,0.000,KE_sugar
2024_10_08_11-49-03.jpg,2118,4378,SU_sand,sand_fine_shell,224,1.000,SU_sand,0.000,SU_silt,0.000,SI_kelpBry,0.000,SU_cob,0.000,RE_CCA
2024_10_08_11-49-03.jpg,2365,2727,RE_branch,red_algae_branching,224,1.000,RE_branch,0.000,RE_bush,0.000,BR_sarg,0.000,KE_sieve,0.000,RE_leaf
2024_10_08_11-49-03.jpg,273,1449,BR_sarg,brown_algae_sargassum,224,0.922,BR_sarg,0.059,KE_sieve,0.017,SU_cob,0.001,RE_bush,0.000,SU_peb
2024_10_08_11-49-03.jpg,276,4296,RE_fil,red_algae_filamentous,224,1.000,RE_fil,0.000,RE_leaf,0.000,RE_bush,0.000,KE_stipe,0.000,KE_5rib
2024_10_08_11-49-03.jpg,422,4404,RE_fil,red_algae_filamentous,224,1.000,RE_fil,0.000,RE_leaf,0.000,KE_5rib,0.000,SU_bould,0.000,unknown
2024_10_08_11-49-03.jpg,2354,892,RE_bush,red_algae_bushy,224,1.000,RE_bush,0.000,MS,0.000,RE_branch,0.000,SU_sand,0.000,SI
2024_10_08_11-49-03.jpg,1085,2938,GR_ulva,green_algae_ulva,224,1.000,GR_ulva,0.000,KE_bull,0.000,KE_stipe,0.000,RE_leaf,0.000,BR_sarg
2024_10_08_11-49-03.jpg,3380,4162,GR_ulva,green_algae_ulva,224,,,,,,,,,,
2024_10_08_11-49-03.jpg,3017,1386,SU_silt,silt,224,,,,,,,,,,
2024_10_08_11-49-03.jpg,254,1074,BR_sarg,brown_algae_sargassum,224,,,,,,,,,,
2024_10_08_11-49-03.jpg,593,3298,GR_ulva,green_algae_ulva,224,0.989,GR_ulva,0.009,KE_stipe,0.001,BR_sarg,0.000,SU_bould,0.000,MS
2024_10_08_11-49-03.jpg,1519,2517,RE_branch,red_algae_branching,224,0.999,RE_branch,0.001,BR_sarg,0.000,RE_bush,0.000,RE_leaf,0.000,MS
2024_10_08_11-49-03.jpg,783,1942,SU_sand,sand_fine_shell,224,,,,,,,,,,
2024_10_08_11-49-03.jpg,565,2507,GR_ulva,green_algae_ulva,224,1.000,GR_ulva,0.000,KE_bull,0.000,SU_bould,0.000,KE_sieve,0.000,BR_sarg
2024_10_08_11-49-03.jpg,1893,4155,SU_peb,pebble,224,,,,,,,,,,
2024_10_08_11-49-03.jpg,307,567,BR_sarg,brown_algae_sargassum,224,,,,,,,,,,
2024_10_08_11-49-03.jpg,815,425,RE_leaf,red_algae_flat_leaf,224,,,,,,,,,,
2024_10_08_11-49-03.jpg,1806,2698,BR_sarg,brown_algae_sargassum,224,1.000,BR_sarg,0.000,RE_fil,0.000,SU_bould,0.000,RE_branch,0.000,KE_bull
2024_10_08_11-49-03.jpg,2174,1689,RE_bush,red_algae_bushy,224,1.000,RE_bush,0.000,BR_sarg,0.000,RE_branch,0.000,MS,0.000,KE_holdfas
2024_10_08_11-49-03.jpg,1996,1314,SU_peb,pebble,224,,,,,,,,,,
2024_10_08_11-49-03.jpg,2152,3619,RE_leaf,red_algae_flat_leaf,224,,,,,,,,,,
2024_10_08_11-49-03.jpg,2315,770,RE_bush,red_algae_bushy,224,1.000,RE_bush,0.000,BR_sarg,0.000,BR_fucus,0.000,GR_ulva,0.000,MS
2024_10_08_11-49-03.jpg,2315,3615,RE_leaf,red_algae_flat_leaf,224,,,,,,,,,,
2024_10_08_11-49-03.jpg,3470,3219,GR_ulva,green_algae_ulva,224,1.000,GR_ulva,0.000,SU_cob,0.000,SI_kelpBry,0.000,SU_peb,0.000,KE_bull
2024_10_08_11-49-03.jpg,114,2985,SU_sand,sand_fine_shell,224,0.962,SU_sand,0.025,SU_silt,0.012,MS,0.001,SI,0.000,SU_shell
2024_10_08_11-49-03.jpg,3532,3569,SU_sand,sand_fine_shell,224,,,,,,,,,,
2024_10_08_11-49-03.jpg,3681,1472,GR_ulva,green_algae_ulva,224,1.000,GR_ulva,0.000,KE_sieve,0.000,KE_stipe,0.000,MS,0.000,RE_leaf
2024_10_08_11-49-03.jpg,2813,2408,GR_ulva,green_algae_ulva,224,1.000,GR_ulva,0.000,SU_cob,0.000,KE_bull,0.000,SU_peb,0.000,SU_shell
2024_10_08_11-49-03.jpg,481,2733,GR_ulva,green_algae_ulva,224,1.000,GR_ulva,0.000,KE_5rib,0.000,KE_bull,0.000,RE_leaf,0.000,KE_sugar
2024_10_08_11-49-03.jpg,2089,3105,RE_leaf,red_algae_flat_leaf,224,,,,,,,,,,
2024_10_08_11-49-03.jpg,972,1563,BR_sarg,brown_algae_sargassum,224,,,,,,,,,,
2024_10_08_11-49-03.jpg,433,1182,BR_sarg,brown_algae_sargassum,224,,,,,,,,,,
2024_10_08_11-49-03.jpg,1498,3445,RE_leaf,red_algae_flat_leaf,224,1.000,RE_leaf,0.000,MS,0.000,RE_CCA,0.000,SI_kelpBry,0.000,SU_silt
2024_10_08_11-49-03.jpg,578,4177,SU_peb,pebble,224,,,,,,,,,,
2024_10_08_11-49-03.jpg,1889,547,BR_sarg,brown_algae_sargassum,224,,,,,,,,,,
2024_10_08_11-49-03.jpg,3007,3266,RE_leaf,red_algae_flat_leaf,224,,,,,,,,,,
2024_10_08_11-49-03.jpg,595,444,BR_sarg,brown_algae_sargassum,224,,,,,,,,,,
2024_10_08_11-49-03.jpg,1699,3189,RE_leaf,red_algae_flat_leaf,224,1.000,RE_leaf,0.000,MS,0.000,RE_bush,0.000,RE_branch,0.000,RE_fil
2024_10_08_11-49-12.jpg,1362,880,SU_peb,pebble,224,,,,,,,,,,
2024_10_08_11-49-12.jpg,2880,254,unknown,unknown_area,224,,,,,,,,,,
2024_10_08_11-49-12.jpg,2048,2639,KE_sugar,kelp_sugar,224,0.999,KE_sugar,0.000,KE_sieve,0.000,MS,0.000,SU_silt,0.000,GR_ulva
2024_10_08_11-49-12.jpg,1363,2365,SU_peb,pebble,224,0.948,SU_peb,0.037,SU_shell,0.006,KE_sugar,0.003,SU_sand,0.003,SU_silt
2024_10_08_11-49-12.jpg,3156,3213,GR_ulva,green_algae_ulva,224,1.000,GR_ulva,0.000,SU_bould,0.000,SU_peb,0.000,KE_stipe,0.000,SU_cob
2024_10_08_11-49-12.jpg,170,223,RE_fil,red_algae_filamentous,224,,,,,,,,,,
2024_10_08_11-49-12.jpg,2810,4257,RE_branch,red_algae_branching,224,,,,,,,,,,
2024_10_08_11-49-12.jpg,3033,4280,unknown,unknown_area,224,,,,,,,,,,
2024_10_08_11-49-12.jpg,1271,2731,GR_ulva,green_algae_ulva,224,1.000,GR_ulva,0.000,BR_sarg,0.000,KE_sugar,0.000,KE_5rib,0.000,RE_fil
2024_10_08_11-49-12.jpg,474,3785,RE_branch,red_algae_branching,224,,,,,,,,,,
2024_10_08_11-49-12.jpg,3259,2427,GR_ulva,green_algae_ulva,224,1.000,GR_ulva,0.000,SU_bould,0.000,SU_peb,0.000,MS,0.000,SU_cob
2024_10_08_11-49-12.jpg,3907,1882,SU_sand,sand_fine_shell,224,,,,,,,,,,
2024_10_08_11-49-12.jpg,1836,2339,KE_sugar,kelp_sugar,224,,,,,,,,,,
2024_10_08_11-49-12.jpg,1236,1965,SU_sand,sand_fine_shell,224,0.999,SU_sand,0.000,SU_peb,0.000,SU_silt,0.000,SU_shell,0.000,SI
2024_10_08_11-49-12.jpg,449,501,RE_fil,red_algae_filamentous,224,1.000,RE_fil,0.000,RE_leaf,0.000,KE_sugar,0.000,KE_5rib,0.000,RE_branch
2024_10_08_11-49-12.jpg,1204,1099,GR_ulva,green_algae_ulva,224,1.000,GR_ulva,0.000,KE_sugar,0.000,KE_5rib,0.000,SU_peb,0.000,BR_sarg
2024_10_08_11-49-12.jpg,2537,793,SU_peb,pebble,224,0.975,SU_peb,0.025,SU_sand,0.000,SU_shell,0.000,MS,0.000,SI_kelpBry
2024_10_08_11-49-12.jpg,3298,3137,GR_ulva,green_algae_ulva,224,,,,,,,,,,
2024_10_08_11-49-12.jpg,1922,230,SU_sand,sand_fine_shell,224,,,,,,,,,,
2024_10_08_11-49-12.jpg,3119,2206,GR_ulva,green_algae_ulva,224,,,,,,,,,,
2024_10_08_11-49-12.jpg,2830,366,GR_ulva,green_algae_ulva,224,,,,,,,,,,
2024_10_08_11-49-12.jpg,681,1141,RE_branch,red_algae_branching,224,,,,,,,,,,
2024_10_08_11-49-12.jpg,189,1016,RE_branch,red_algae_branching,224,,,,,,,,,,
2024_10_08_11-49-12.jpg,2384,3713,RE_bush,red_algae_bushy,224,1.000,RE_bush,0.000,MS,0.000,KE_holdfas,0.000,BR_sarg,0.000,KE_stipe
2024_10_08_11-49-12.jpg,1696,3505,RE_fil,red_algae_filamentous,224,,,,,,,,,,
2024_10_08_11-49-12.jpg,989,573,GR_ulva,green_algae_ulva,224,,,,,,,,,,
2024_10_08_11-49-12.jpg,3174,771,KE_sugar,kelp_sugar,224,,,,,,,,,,
2024_10_08_11-49-12.jpg,2547,509,GR_ulva,green_algae_ulva,224,,,,,,,,,,
2024_10_08_11-49-12.jpg,1952,4021,SU_peb,pebble,224,0.999,SU_peb,0.000,KE_5rib,0.000,KE_sugar,0.000,KE_stipe,0.000,RE_leaf
2024_10_08_11-49-12.jpg,1339,2600,GR_ulva,green_algae_ulva,224,1.000,GR_ulva,0.000,BR_sarg,0.000,RE_leaf,0.000,RE_fil,0.000,BR_fucus
2024_10_08_11-49-12.jpg,3026,3714,KE_sugar,kelp_sugar,224,,,,,,,,,,
2024_10_08_11-49-12.jpg,297,1635,GR_ulva,green_algae_ulva,224,,,,,,,,,,
2024_10_08_11-49-12.jpg,3116,2364,SU_peb,pebble,224,,,,,,,,,,
2024_10_08_11-49-12.jpg,659,1961,GR_ulva,green_algae_ulva,224,1.000,GR_ulva,0.000,BR_sarg,0.000,KE_bull,0.000,SU_bould,0.000,MS
2024_10_08_11-49-12.jpg,2310,670,GR_ulva,green_algae_ulva,224,,,,,,,,,,
2024_10_08_11-49-12.jpg,3718,2250,GR_ulva,green_algae_ulva,224,1.000,GR_ulva,0.000,SU_peb,0.000,KE_bull,0.000,KE_stipe,0.000,MS
2024_10_08_11-49-12.jpg,2323,557,GR_ulva,green_algae_ulva,224,,,,,,,,,,
2024_10_08_11-49-12.jpg,1530,4071,RE_bush,red_algae_bushy,224,,,,,,,,,,
2024_10_08_11-49-12.jpg,1479,472,GR_ulva,green_algae_ulva,224,1.000,GR_ulva,0.000,SU_peb,0.000,BR_sarg,0.000,KE_sieve,0.000,SU_bould
2024_10_08_11-49-12.jpg,1748,1802,SU_sand,sand_fine_shell,224,0.999,SU_sand,0.000,SU_peb,0.000,SU_silt,0.000,SU_shell,0.000,SU_cob
2024_10_08_11-49-12.jpg,1912,2627,KE_sugar,kelp_sugar,224,,,,,,,,,,
2024_10_08_11-49-12.jpg,2144,2881,KE_sugar,kelp_sugar,224,0.993,KE_sugar,0.004,unknown,0.001,SU_peb,0.001,GR_ulva,0.000,KE_5rib
2024_10_08_11-49-12.jpg,2591,3751,KE_sugar,kelp_sugar,224,0.999,KE_sugar,0.000,SU_silt,0.000,RE_leaf,0.000,KE_stipe,0.000,RE_branch
2024_10_08_11-49-12.jpg,1110,2571,GR_ulva,green_algae_ulva,224,1.000,GR_ulva,0.000,KE_bull,0.000,SU_bould,0.000,MS,0.000,KE_stipe
2024_10_08_11-49-12.jpg,1595,1780,SU_peb,pebble,224,0.997,SU_peb,0.002,SU_sand,0.001,SU_shell,0.000,KE_stipe,0.000,SU_silt
2024_10_08_11-49-12.jpg,404,2517,GR_ulva,green_algae_ulva,224,0.982,GR_ulva,0.017,BR_fucus,0.001,KE_bull,0.000,BR_sarg,0.000,KE_holdfas
2024_10_08_11-49-12.jpg,958,1529,GR_ulva,green_algae_ulva,224,,,,,,,,,,
2024_10_08_11-49-12.jpg,1890,1407,SU_sand,sand_fine_shell,224,1.000,SU_sand,0.000,SU_shell,0.000,SU_cob,0.000,SU_silt,0.000,SU_bould
2024_10_08_11-49-12.jpg,1274,1338,GR_ulva,green_algae_ulva,224,0.984,GR_ulva,0.015,SU_peb,0.001,SU_bould,0.000,SU_cob,0.000,BR_fucus
2024_10_08_11-49-12.jpg,2679,3026,SU_sand,sand_fine_shell,224,0.993,SU_sand,0.003,SU_peb,0.002,SU_silt,0.002,SU_shell,0.000,SI_kelpBry
2024_10_08_11-49-21.jpg,2466,2500,GR_ulva,green_algae_ulva,224,0.999,GR_ulva,0.001,KE_sieve,0.000,KE_bull,0.000,RE_CCA,0.000,KE_stipe
2024_10_08_11-49-21.jpg,987,1426,RE_branch,red_algae_branching,224,,,,,,,,,,
2024_10_08_11-49-21.jpg,1850,248,SU_sand,sand_fine_shell,224,0.912,SU_sand,0.088,SU_silt,0.000,SU_shell,0.000,SI_kelpBry,0.000,MS
2024_10_08_11-49-21.jpg,3737,1880,GR_ulva,green_algae_ulva,224,1.000,GR_ulva,0.000,KE_stipe,0.000,KE_bull,0.000,RE_leaf,0.000,MS
2024_10_08_11-49-21.jpg,3803,3568,RE_leaf,red_algae_flat_leaf,224,,,,,,,,,,
2024_10_08_11-49-21.jpg,2940,1429,SU_silt,silt,224,0.999,SU_silt,0.001,SU_shell,0.000,SU_sand,0.000,SI_kelpBry,0.000,SU_cob
2024_10_08_11-49-21.jpg,1940,2761,GR_ulva,green_algae_ulva,224,0.999,GR_ulva,0.001,SU_bould,0.001,KE_sieve,0.000,RE_leaf,0.000,KE_bull
2024_10_08_11-49-21.jpg,662,3651,GR_ulva,green_algae_ulva,224,0.999,GR_ulva,0.000,SU_cob,0.000,SI_kelpBry,0.000,RE_leaf,0.000,SI
2024_10_08_11-49-21.jpg,2807,1330,SU_sand,sand_fine_shell,224,0.931,SU_sand,0.035,SU_peb,0.030,SU_shell,0.001,SU_silt,0.001,GR_ulva
2024_10_08_11-49-21.jpg,1001,3699,GR_ulva,green_algae_ulva,224,1.000,GR_ulva,0.000,SU_peb,0.000,KE_stipe,0.000,SI_kelpBry,0.000,KE_sugar
2024_10_08_11-49-21.jpg,1521,3080,GR_ulva,green_algae_ulva,224,0.988,GR_ulva,0.010,RE_leaf,0.001,KE_bull,0.000,KE_sieve,0.000,MS
2024_10_08_11-49-21.jpg,2457,1986,GR_ulva,green_algae_ulva,224,0.998,GR_ulva,0.001,KE_bull,0.000,BR_sarg,0.000,KE_sieve,0.000,KE_stipe
2024_10_08_11-49-21.jpg,2573,2334,GR_ulva,green_algae_ulva,224,0.980,GR_ulva,0.007,SU_bould,0.006,KE_bull,0.005,RE_branch,0.001,BR_sarg
2024_10_08_11-49-21.jpg,2756,2318,SU_peb,pebble,224,0.918,SU_peb,0.073,GR_ulva,0.004,SU_sand,0.002,MS,0.001,KE_bull
2024_10_08_11-49-21.jpg,1347,2395,RE_branch,red_algae_branching,224,1.000,RE_branch,0.000,RE_fil,0.000,RE_leaf,0.000,RE_bush,0.000,BR_sarg
2024_10_08_11-49-21.jpg,3752,1115,GR_ulva,green_algae_ulva,224,1.000,GR_ulva,0.000,KE_5rib,0.000,MS,0.000,KE_bull,0.000,RE_leaf
2024_10_08_11-49-21.jpg,371,1644,GR_ulva,green_algae_ulva,224,0.979,GR_ulva,0.018,SU_cob,0.002,SU_bould,0.001,SU_peb,0.000,MS
2024_10_08_11-49-21.jpg,414,1793,RE_leaf,red_algae_flat_leaf,224,0.997,RE_leaf,0.002,KE_sugar,0.001,RE_fil,0.000,RE_bush,0.000,RE_CCA
2024_10_08_11-49-21.jpg,1485,1250,RE_branch,red_algae_branching,224,1.000,RE_branch,0.000,BR_sarg,0.000,KE_sieve,0.000,RE_leaf,0.000,RE_bush
2024_10_08_11-49-21.jpg,1096,1671,RE_branch,red_algae_branching,224,1.000,RE_branch,0.000,BR_sarg,0.000,RE_bush,0.000,RE_leaf,0.000,MS
2024_10_08_11-49-21.jpg,3742,407,GR_ulva,green_algae_ulva,224,0.991,GR_ulva,0.006,SU_silt,0.002,unknown,0.000,MS,0.000,SU_bould
2024_10_08_11-49-21.jpg,1994,135,SU_sand,sand_fine_shell,224,0.994,SU_sand,0.006,SU_silt,0.000,SI_kelpBry,0.000,SU_shell,0.000,SU_cob
2024_10_08_11-49-21.jpg,2889,3725,GR_ulva,green_algae_ulva,224,0.995,GR_ulva,0.005,KE_sieve,0.000,KE_5rib,0.000,KE_bull,0.000,RE_leaf
2024_10_08_11-49-21.jpg,2438,3378,GR_ulva,green_algae_ulva,224,1.000,GR_ulva,0.000,KE_sieve,0.000,KE_sugar,0.000,KE_stipe,0.000,SU_bould
2024_10_08_11-49-21.jpg,2816,2879,GR_ulva,green_algae_ulva,224,0.999,GR_ulva,0.001,KE_sieve,0.000,SU_bould,0.000,KE_stipe,0.000,KE_bull
2024_10_08_11-49-21.jpg,3136,2293,GR_ulva,green_algae_ulva,224,0.984,GR_ulva,0.012,SU_peb,0.003,SU_silt,0.000,KE_sugar,0.000,SU_cob
2024_10_08_11-49-21.jpg,2448,1801,GR_ulva,green_algae_ulva,224,1.000,GR_ulva,0.000,KE_bull,0.000,BR_sarg,0.000,KE_sieve,0.000,SU_bould
2024_10_08_11-49-21.jpg,853,382,GR_ulva,green_algae_ulva,224,0.998,GR_ulva,0.001,BR_sarg,0.000,KE_sugar,0.000,RE_leaf,0.000,MS
2024_10_08_11-49-21.jpg,207,3674,GR_ulva,green_algae_ulva,224,1.000,GR_ulva,0.000,SU_peb,0.000,KE_stipe,0.000,SU_cob,0.000,SU_bould
2024_10_08_11-49-21.jpg,3275,163,GR_ulva,green_algae_ulva,224,1.000,GR_ulva,0.000,RE_leaf,0.000,KE_sugar,0.000,unknown,0.000,KE_5rib
2024_10_08_11-49-21.jpg,3280,1151,SU_sand,sand_fine_shell,224,,,,,,,,,,
2024_10_08_11-49-21.jpg,1925,736,GR_ulva,green_algae_ulva,224,1.000,GR_ulva,0.000,KE_5rib,0.000,SI,0.000,SI_kelpBry,0.000,RE_leaf
2024_10_08_11-49-21.jpg,918,1770,RE_branch,red_algae_branching,224,1.000,RE_branch,0.000,BR_sarg,0.000,RE_bush,0.000,MS,0.000,KE_holdfas
2024_10_08_11-49-21.jpg,1001,2865,RE_leaf,red_algae_flat_leaf,224,0.995,RE_leaf,0.004,MS,0.001,SU_peb,0.000,RE_fil,0.000,RE_CCA
2024_10_08_11-49-21.jpg,3061,1213,SU_silt,silt,224,0.999,SU_silt,0.001,SU_shell,0.000,SU_sand,0.000,RE_CCA,0.000,GR_ulva
2024_10_08_11-49-21.jpg,1786,1258,GR_ulva,green_algae_ulva,224,1.000,GR_ulva,0.000,KE_bull,0.000,KE_sieve,0.000,RE_leaf,0.000,BR_sarg
2024_10_08_11-49-21.jpg,2906,4075,GR_ulva,green_algae_ulva,224,0.989,GR_ulva,0.009,KE_sieve,0.001,SU_bould,0.001,BR_sarg,0.000,KE_stipe
2024_10_08_11-49-21.jpg,1555,1834,RE_branch,red_algae_branching,224,0.999,RE_branch,0.001,BR_sarg,0.000,KE_sieve,0.000,RE_bush,0.000,KE_sugar
2024_10_08_11-49-21.jpg,515,3872,GR_ulva,green_algae_ulva,224,1.000,GR_ulva,0.000,KE_5rib,0.000,unknown,0.000,RE_leaf,0.000,MS
2024_10_08_11-49-21.jpg,1367,3164,GR_ulva,green_algae_ulva,224,,,,,,,,,,
2024_10_08_11-49-21.jpg,1574,4131,GR_ulva,green_algae_ulva,224,1.000,GR_ulva,0.000,KE_sugar,0.000,SI,0.000,KE_5rib,0.000,KE_stipe
2024_10_08_11-49-21.jpg,3047,771,SU_peb,pebble,224,0.951,SU_peb,0.034,SU_silt,0.010,SU_sand,0.004,SU_shell,0.001,MS
2024_10_08_11-49-21.jpg,3370,3143,GR_ulva,green_algae_ulva,224,0.825,GR_ulva,0.175,SU_bould,0.000,KE_sieve,0.000,KE_stipe,0.000,BR_sarg
2024_10_08_11-49-21.jpg,2038,1033,GR_ulva,green_algae_ulva,224,1.000,GR_ulva,0.000,BR_sarg,0.000,KE_5rib,0.000,KE_sugar,0.000,MS
2024_10_08_11-49-21.jpg,1544,346,SU_sand,sand_fine_shell,224,1.000,SU_sand,0.000,SU_silt,0.000,SI_kelpBry,0.000,SU_shell,0.000,RE_CCA
2024_10_08_11-49-21.jpg,417,267,GR_ulva,green_algae_ulva,224,0.939,GR_ulva,0.029,unknown,0.020,KE_5rib,0.006,KE_sugar,0.003,MS
2024_10_08_11-49-21.jpg,851,2437,RE_branch,red_algae_branching,224,,,,,,,,,,
2024_10_08_11-49-21.jpg,2817,3212,GR_ulva,green_algae_ulva,224,1.000,GR_ulva,0.000,KE_sieve,0.000,BR_sarg,0.000,KE_bull,0.000,BR_fucus
2024_10_08_11-49-21.jpg,2557,590,GR_ulva,green_algae_ulva,224,1.000,GR_ulva,0.000,SU_peb,0.000,KE_stipe,0.000,SU_cob,0.000,KE_sugar
2024_10_08_11-49-21.jpg,3685,3864,RE_fil,red_algae_filamentous,224,0.999,RE_fil,0.001,KE_stipe,0.000,KE_sugar,0.000,KE_5rib,0.000,RE_branch
2024_10_08_11-49-30.jpg,514,2288,GR_ulva,green_algae_ulva,224,1.000,GR_ulva,0.000,KE_bull,0.000,KE_5rib,0.000,SU_bould,0.000,KE_stipe
2024_10_08_11-49-30.jpg,1526,2922,GR_ulva,green_algae_ulva,224,1.000,GR_ulva,0.000,KE_bull,0.000,BR_sarg,0.000,SU_peb,0.000,RE_leaf
2024_10_08_11-49-30.jpg,314,2800,RE_branch,red_algae_branching,224,,,,,,,,,,
2024_10_08_11-49-30.jpg,3119,2227,SU_sand,sand_fine_shell,224,,,,,,,,,,
2024_10_08_11-49-30.jpg,3342,689,RE_leaf,red_algae_flat_leaf,224,,,,,,,,,,
2024_10_08_11-49-30.jpg,401,4193,SU_peb,pebble,224,0.999,SU_peb,0.001,SU_sand,0.000,SU_silt,0.000,SU_shell,0.000,MS
2024_10_08_11-49-30.jpg,2666,1491,RE_leaf,red_algae_flat_leaf,224,0.978,RE_leaf,0.022,SU_peb,0.000,SI,0.000,KE_sugar,0.000,SU_cob
2024_10_08_11-49-30.jpg,2255,4017,RE_branch,red_algae_branching,224,,,,,,,,,,
2024_10_08_11-49-30.jpg,718,2861,GR_ulva,green_algae_ulva,224,,,,,,,,,,
2024_10_08_11-49-30.jpg,2381,771,GR_ulva,green_algae_ulva,224,1.000,GR_ulva,0.000,KE_sieve,0.000,KE_sugar,0.000,KE_5rib,0.000,RE_leaf
2024_10_08_11-49-30.jpg,1544,4231,RE_branch,red_algae_branching,224,,,,,,,,,,
2024_10_08_11-49-30.jpg,428,3519,RE_branch,red_algae_branching,224,,,,,,,,,,
2024_10_08_11-49-30.jpg,1927,1225,RE_fil,red_algae_filamentous,224,,,,,,,,,,
2024_10_08_11-49-30.jpg,1942,3146,GR_ulva,green_algae_ulva,224,1.000,GR_ulva,0.000,KE_5rib,0.000,RE_leaf,0.000,MS,0.000,KE_bull
2024_10_08_11-49-30.jpg,1156,608,RE_fil,red_algae_filamentous,224,1.000,RE_fil,0.000,RE_leaf,0.000,RE_branch,0.000,RE_CCA,0.000,KE_5rib
2024_10_08_11-49-30.jpg,3564,1771,GR_ulva,green_algae_ulva,224,1.000,GR_ulva,0.000,KE_5rib,0.000,KE_stipe,0.000,KE_sugar,0.000,MS
2024_10_08_11-49-30.jpg,451,1005,GR_ulva,green_algae_ulva,224,1.000,GR_ulva,0.000,KE_5rib,0.000,MS,0.000,RE_leaf,0.000,unknown
2024_10_08_11-49-30.jpg,3007,2899,SU_sand,sand_fine_shell,224,0.906,SU_sand,0.091,SU_peb,0.003,GR_ulva,0.000,SU_cob,0.000,KE_stipe
2024_10_08_11-49-30.jpg,2093,912,GR_ulva,green_algae_ulva,224,1.000,GR_ulva,0.000,BR_sarg,0.000,KE_stipe,0.000,MS,0.000,SU_cob
2024_10_08_11-49-30.jpg,1537,3585,SU_sand,sand_fine_shell,224,,,,,,,,,,
2024_10_08_11-49-30.jpg,2036,4258,unknown,unknown_area,224,,,,,,,,,,
2024_10_08_11-49-30.jpg,1873,3020,GR_ulva,green_algae_ulva,224,1.000,GR_ulva,0.000,RE_leaf,0.000,KE_sugar,0.000,KE_bull,0.000,KE_5rib
2024_10_08_11-49-30.jpg,2726,1951,RE_branch,red_algae_branching,224,,,,,,,,,,
2024_10_08_11-49-30.jpg,369,3072,RE_branch,red_algae_branching,224,,,,,,,,,,
2024_10_08_11-49-30.jpg,2050,1328,SU_sand,sand_fine_shell,224,0.986,SU_sand,0.009,SU_peb,0.003,MS,0.000,BR_sarg,0.000,KE_stipe
2024_10_08_11-49-30.jpg,2234,1716,RE_branch,red_algae_branching,224,,,,,,,,,,
2024_10_08_11-49-30.jpg,3526,3354,GR_ulva,green_algae_ulva,224,1.000,GR_ulva,0.000,SU_bould,0.000,BR_sarg,0.000,KE_stipe,0.000,SU_peb
2024_10_08_11-49-30.jpg,3092,3688,GR_ulva,green_algae_ulva,224,,,,,,,,,,
2024_10_08_11-49-30.jpg,3512,706,RE_leaf,red_algae_flat_leaf,224,,,,,,,,,,
2024_10_08_11-49-30.jpg,2265,1439,GR_ulva,green_algae_ulva,224,1.000,GR_ulva,0.000,KE_5rib,0.000,SI,0.000,MS,0.000,SI_kelpBry
2024_10_08_11-49-30.jpg,1292,1477,RE_leaf,red_algae_flat_leaf,224,0.997,RE_leaf,0.003,GR_ulva,0.001,KE_bull,0.000,MS,0.000,SI
2024_10_08_11-49-30.jpg,1069,1782,GR_ulva,green_algae_ulva,224,1.000,GR_ulva,0.000,KE_sieve,0.000,RE_fil,0.000,SU_bould,0.000,RE_leaf
2024_10_08_11-49-30.jpg,2620,3551,GR_ulva,green_algae_ulva,224,0.986,GR_ulva,0.008,SU_peb,0.004,SU_cob,0.002,KE_bull,0.000,SI_kelpBry
2024_10_08_11-49-30.jpg,1997,2644,GR_ulva,green_algae_ulva,224,1.000,GR_ulva,0.000,KE_bull,0.000,SU_bould,0.000,RE_leaf,0.000,KE_sieve
2024_10_08_11-49-30.jpg,3649,3408,SU_peb,pebble,224,0.950,SU_peb,0.035,GR_ulva,0.011,SU_cob,0.003,KE_stipe,0.000,SU_bould
2024_10_08_11-49-30.jpg,797,3527,RE_branch,red_algae_branching,224,,,,,,,,,,
2024_10_08_11-49-30.jpg,695,3405,RE_branch,red_algae_branching,224,,,,,,,,,,
2024_10_08_11-49-30.jpg,3265,3170,GR_ulva,green_algae_ulva,224,1.000,GR_ulva,0.000,BR_fucus,0.000,SU_peb,0.000,KE_stipe,0.000,KE_bull
2024_10_08_11-49-30.jpg,2110,2592,GR_ulva,green_algae_ulva,224,0.995,GR_ulva,0.005,KE_bull,0.000,SU_bould,0.000,KE_sieve,0.000,RE_CCA
2024_10_08_11-49-30.jpg,1269,1365,RE_leaf,red_algae_flat_leaf,224,0.987,RE_leaf,0.013,GR_ulva,0.001,KE_bull,0.000,MS,0.000,KE_5rib
2024_10_08_11-49-30.jpg,3164,928,RE_leaf,red_algae_flat_leaf,224,1.000,RE_leaf,0.000,RE_branch,0.000,MS,0.000,GR_ulva,0.000,KE_sieve
2024_10_08_11-49-30.jpg,679,2683,GR_ulva,green_algae_ulva,224,0.993,GR_ulva,0.007,KE_bull,0.000,KE_sieve,0.000,SU_bould,0.000,BR_sarg
2024_10_08_11-49-30.jpg,1370,400,RE_fil,red_algae_filamentous,224,,,,,,,,,,
2024_10_08_11-49-30.jpg,1824,3705,GR_ulva,green_algae_ulva,224,1.000,GR_ulva,0.000,KE_sugar,0.000,RE_leaf,0.000,KE_sieve,0.000,KE_5rib
2024_10_08_11-49-30.jpg,1020,2052,RE_branch,red_algae_branching,224,0.982,RE_branch,0.018,RE_bush,0.000,BR_sarg,0.000,KE_holdfas,0.000,SU_silt
2024_10_08_11-49-30.jpg,3523,4425,KE_sugar,kelp_sugar,224,,,,,,,,,,
2024_10_08_11-49-30.jpg,3524,2072,RE_leaf,red_algae_flat_leaf,224,0.962,RE_leaf,0.032,SU_peb,0.003,MS,0.002,KE_stipe,0.000,RE_fil
2024_10_08_11-49-30.jpg,574,355,GR_ulva,green_algae_ulva,224,,,,,,,,,,
2024_10_08_11-49-30.jpg,2942,3685,GR_ulva,green_algae_ulva,224,0.999,GR_ulva,0.000,SU_peb,0.000,BR_sarg,0.000,KE_bull,0.000,BR_fucus
2024_10_08_11-49-30.jpg,2567,4334,RE_branch,red_algae_branching,224,,,,,,,,,,
2024_10_08_11-49-39.jpg,2777,4164,GR_ulva,green_algae_ulva,224,1.000,GR_ulva,0.000,KE_5rib,0.000,SU_cob,0.000,MS,0.000,SI_kelpBry
2024_10_08_11-49-39.jpg,1068,2966,KE_sugar,kelp_sugar,224,0.924,KE_sugar,0.029,SU_bould,0.015,SU_silt,0.012,SU_peb,0.011,SI_kelpBry
2024_10_08_11-49-39.jpg,1309,3841,KE_sugar,kelp_sugar,224,1.000,KE_sugar,0.000,KE_5rib,0.000,SU_silt,0.000,SU_cob,0.000,RE_leaf
2024_10_08_11-49-39.jpg,2655,2762,GR_ulva,green_algae_ulva,224,1.000,GR_ulva,0.000,KE_5rib,0.000,RE_leaf,0.000,BR_sarg,0.000,SU_peb
2024_10_08_11-49-39.jpg,754,585,GR_ulva,green_algae_ulva,224,1.000,GR_ulva,0.000,RE_leaf,0.000,KE_sugar,0.000,MS,0.000,SU_cob
2024_10_08_11-49-39.jpg,988,3580,KE_sugar,kelp_sugar,224,0.925,KE_sugar,0.065,MS,0.006,KE_stipe,0.003,RE_leaf,0.000,SI_kelpBry
2024_10_08_11-49-39.jpg,3303,629,SU_peb,pebble,224,1.000,SU_peb,0.000,GR_ulva,0.000,SU_cob,0.000,MS,0.000,SU_sand
2024_10_08_11-49-39.jpg,2598,2624,GR_ulva,green_algae_ulva,224,1.000,GR_ulva,0.000,KE_5rib,0.000,BR_sarg,0.000,KE_bull,0.000,RE_leaf
2024_10_08_11-49-39.jpg,154,2345,SU_cob,cobble,224,0.993,SU_cob,0.005,SU_sand,0.001,SU_shell,0.000,SU_bould,0.000,SU_peb
2024_10_08_11-49-39.jpg,1372,783,GR_ulva,green_algae_ulva,224,0.999,GR_ulva,0.001,KE_sugar,0.000,KE_sieve,0.000,KE_5rib,0.000,RE_fil
2024_10_08_11-49-39.jpg,181,4022,KE_sugar,kelp_sugar,224,,,,,,,,,,
2024_10_08_11-49-39.jpg,329,627,RE_leaf,red_algae_flat_leaf,224,1.000,RE_leaf,0.000,KE_sugar,0.000,RE_fil,0.000,MS,0.000,SI_kelpBry
2024_10_08_11-49-39.jpg,3305,2322,GR_ulva,green_algae_ulva,224,1.000,GR_ulva,0.000,KE_5rib,0.000,RE_leaf,0.000,unknown,0.000,KE_sugar
2024_10_08_11-49-39.jpg,562,318,RE_leaf,red_algae_flat_leaf,224,1.000,RE_leaf,0.000,KE_stipe,0.000,MS,0.000,RE_fil,0.000,KE_bull
2024_10_08_11-49-39.jpg,2931,2086,GR_ulva,green_algae_ulva,224,1.000,GR_ulva,0.000,KE_5rib,0.000,KE_holdfas,0.000,SI,0.000,KE_bull
2024_10_08_11-49-39.jpg,3513,1017,SU_sand,sand_fine_shell,224,,,,,,,,,,
2024_10_08_11-49-39.jpg,2378,1734,SU_sand,sand_fine_shell,224,,,,,,,,,,
2024_10_08_11-49-39.jpg,1772,2174,SU_sand,sand_fine_shell,224,0.997,SU_sand,0.003,RE_bush,0.000,SU_silt,0.000,SU_shell,0.000,KE_sugar
2024_10_08_11-49-39.jpg,1722,3596,RE_bush,red_algae_bushy,224,0.999,RE_bush,0.001,RE_branch,0.000,BR_sarg,0.000,MS,0.000,KE_holdfas
2024_10_08_11-49-39.jpg,1626,997,KE_sugar,kelp_sugar,224,,,,,,,,,,
2024_10_08_11-49-39.jpg,1862,295,GR_ulva,green_algae_ulva,224,1.000,GR_ulva,0.000,SU_peb,0.000,SU_cob,0.000,SU_bould,0.000,SI
2024_10_08_11-49-39.jpg,2973,2558,GR_ulva,green_algae_ulva,224,1.000,GR_ulva,0.000,KE_bull,0.000,BR_sarg,0.000,KE_sieve,0.000,BR_fucus
2024_10_08_11-49-39.jpg,2264,3182,SU_cob,cobble,224,,,,,,,,,,
2024_10_08_11-49-39.jpg,364,2242,SU_cob,cobble,224,0.959,SU_cob,0.039,SU_peb,0.001,SU_bould,0.001,SU_shell,0.000,SU_silt
2024_10_08_11-49-39.jpg,1690,2383,KE_sugar,kelp_sugar,224,,,,,,,,,,
2024_10_08_11-49-39.jpg,1061,2076,SU_silt,silt,224,0.997,SU_silt,0.003,SU_sand,0.000,SU_shell,0.000,SU_peb,0.000,KE_stipe
2024_10_08_11-49-39.jpg,889,863,GR_ulva,green_algae_ulva,224,1.000,GR_ulva,0.000,KE_stipe,0.000,KE_5rib,0.000,BR_sarg,0.000,KE_sieve
2024_10_08_11-49-39.jpg,2058,4011,SU_peb,pebble,224,0.932,SU_peb,0.057,SU_cob,0.010,SU_silt,0.000,KE_sieve,0.000,KE_stipe
2024_10_08_11-49-39.jpg,1924,831,RE_branch,red_algae_branching,224,,,,,,,,,,
2024_10_08_11-49-39.jpg,2230,2466,RE_branch,red_algae_branching,224,,,,,,,,,,
2024_10_08_11-49-39.jpg,2451,912,SU_sand,sand_fine_shell,224,1.000,SU_sand,0.000,SU_peb,0.000,SU_silt,0.000,SU_shell,0.000,MS
2024_10_08_11-49-39.jpg,602,4373,unknown,unknown_area,224,,,,,,,,,,
2024_10_08_11-49-39.jpg,614,3118,BR_sarg,brown_algae_sargassum,224,1.000,BR_sarg,0.000,RE_branch,0.000,BR_fucus,0.000,KE_bull,0.000,KE_stipe
2024_10_08_11-49-39.jpg,2605,385,SU_sand,sand_fine_shell,224,1.000,SU_sand,0.000,SU_silt,0.000,SU_shell,0.000,MS,0.000,SU_peb
2024_10_08_11-49-39.jpg,3891,2885,GR_ulva,green_algae_ulva,224,1.000,GR_ulva,0.000,KE_sugar,0.000,KE_5rib,0.000,RE_leaf,0.000,unknown
2024_10_08_11-49-39.jpg,2671,3627,SU_bould,boulder,224,,,,,,,,,,
2024_10_08_11-49-39.jpg,1841,2818,SU_peb,pebble,224,,,,,,,,,,
2024_10_08_11-49-39.jpg,153,809,RE_leaf,red_algae_flat_leaf,224,1.000,RE_leaf,0.000,KE_sugar,0.000,RE_CCA,0.000,RE_fil,0.000,SU_silt
2024_10_08_11-49-39.jpg,951,3441,KE_sugar,kelp_sugar,224,0.987,KE_sugar,0.005,KE_stipe,0.004,RE_leaf,0.002,KE_sieve,0.001,MS
2024_10_08_11-49-39.jpg,1734,3194,KE_sugar,kelp_sugar,224,,,,,,,,,,
2024_10_08_11-49-39.jpg,3473,3051,GR_ulva,green_algae_ulva,224,1.000,GR_ulva,0.000,KE_sieve,0.000,KE_5rib,0.000,RE_leaf,0.000,KE_sugar
2024_10_08_11-49-39.jpg,837,4319,SU_sand,sand_fine_shell,224,0.587,SU_sand,0.412,SU_peb,0.001,SU_shell,0.000,MS,0.000,KE_stipe
2024_10_08_11-49-39.jpg,2888,2440,GR_ulva,green_algae_ulva,224,1.000,GR_ulva,0.000,SU_bould,0.000,KE_bull,0.000,SU_peb,0.000,BR_sarg
2024_10_08_11-49-39.jpg,2863,431,SU_sand,sand_fine_shell,224,1.000,SU_sand,0.000,SU_silt,0.000,SU_cob,0.000,SI_kelpBry,0.000,SU_peb
2024_10_08_11-49-39.jpg,2479,1374,SU_peb,pebble,224,,,,,,,,,,
2024_10_08_11-49-39.jpg,847,4186,SU_peb,pebble,224,1.000,SU_peb,0.000,SU_sand,0.000,SU_silt,0.000,SU_shell,0.000,KE_stipe
2024_10_08_11-49-39.jpg,2850,2847,GR_ulva,green_algae_ulva,224,1.000,GR_ulva,0.000,BR_sarg,0.000,KE_bull,0.000,KE_sieve,0.000,SU_bould
2024_10_08_11-49-39.jpg,785,2866,SU_sand,sand_fine_shell,224,,,,,,,,,,
2024_10_08_11-49-39.jpg,2542,181,SU_peb,pebble,224,0.997,SU_peb,0.003,SU_cob,0.000,GR_ulva,0.000,SU_bould,0.000,KE_stipe
2024_10_08_11-49-39.jpg,2840,3153,GR_ulva,green_algae_ulva,224,1.000,GR_ulva,0.000,KE_bull,0.000,SU_bould,0.000,KE_stipe,0.000,SU_peb
2024_10_08_11-49-48.jpg,3918,4238,unknown,unknown_area,224,,,,,,,,,,
2024_10_08_11-49-48.jpg,2577,3920,GR_ulva,green_algae_ulva,224,1.000,GR_ulva,0.000,KE_bull,0.000,SU_bould,0.000,KE_stipe,0.000,RE_leaf
2024_10_08_11-49-48.jpg,2824,2970,RE_branch,red_algae_branching,224,0.986,RE_branch,0.013,RE_bush,0.000,BR_sarg,0.000,RE_fil,0.000,RE_leaf
2024_10_08_11-49-48.jpg,3503,1852,KE_sugar,kelp_sugar,224,0.998,KE_sugar,0.001,SU_bould,0.001,KE_sieve,0.000,SU_silt,0.000,RE_bush
2024_10_08_11-49-48.jpg,3860,3548,KE_sugar,kelp_sugar,224,0.999,KE_sugar,0.001,KE_5rib,0.000,MS,0.000,KE_sieve,0.000,GR_ulva
2024_10_08_11-49-48.jpg,1827,466,KE_sugar,kelp_sugar,224,,,,,,,,,,
2024_10_08_11-49-48.jpg,3844,1244,SU_sand,sand_fine_shell,224,,,,,,,,,,
2024_10_08_11-49-48.jpg,1593,266,KE_sugar,kelp_sugar,224,,,,,,,,,,
2024_10_08_11-49-48.jpg,3644,785,KE_sugar,kelp_sugar,224,,,,,,,,,,
2024_10_08_11-49-48.jpg,2307,1312,KE_sugar,kelp_sugar,224,,,,,,,,,,
2024_10_08_11-49-48.jpg,1713,1733,KE_sugar,kelp_sugar,224,1.000,KE_sugar,0.000,RE_leaf,0.000,SU_cob,0.000,SU_bould,0.000,MS
2024_10_08_11-49-48.jpg,1596,1140,KE_sugar,kelp_sugar,224,0.992,KE_sugar,0.007,RE_leaf,0.000,RE_bush,0.000,SU_silt,0.000,SU_bould
2024_10_08_11-49-48.jpg,1430,1989,KE_sugar,kelp_sugar,224,0.992,KE_sugar,0.008,KE_sieve,0.000,KE_stipe,0.000,MS,0.000,SU_bould
2024_10_08_11-49-48.jpg,399,508,SU_sand,sand_fine_shell,224,0.999,SU_sand,0.001,SU_silt,0.000,SU_shell,0.000,SU_peb,0.000,SI_kelpBry
2024_10_08_11-49-48.jpg,2462,148,GR_ulva,green_algae_ulva,224,1.000,GR_ulva,0.000,KE_sugar,0.000,SU_peb,0.000,KE_5rib,0.000,KE_sieve
2024_10_08_11-49-48.jpg,2770,1239,KE_sugar,kelp_sugar,224,,,,,,,,,,
2024_10_08_11-49-48.jpg,835,3581,KE_sugar,kelp_sugar,224,1.000,KE_sugar,0.000,KE_5rib,0.000,RE_leaf,0.000,RE_bush,0.000,SU_bould
2024_10_08_11-49-48.jpg,3608,2898,SU_sand,sand_fine_shell,224,0.998,SU_sand,0.001,MS,0.001,SU_peb,0.000,RE_bush,0.000,SU_silt
2024_10_08_11-49-48.jpg,2429,1376,KE_sugar,kelp_sugar,224,0.999,KE_sugar,0.001,KE_sieve,0.000,MS,0.000,KE_5rib,0.000,RE_leaf
2024_10_08_11-49-48.jpg,275,4462,unknown,unknown_area,224,,,,,,,,,,
2024_10_08_11-49-48.jpg,1276,2153,KE_sugar,kelp_sugar,224,0.901,KE_sugar,0.062,SU_bould,0.030,KE_sieve,0.005,RE_bush,0.001,RE_leaf
2024_10_08_11-49-48.jpg,3713,1709,KE_sugar,kelp_sugar,224,,,,,,,,,,
2024_10_08_11-49-48.jpg,1161,185,KE_sugar,kelp_sugar,224,0.927,KE_sugar,0.069,SU_silt,0.002,SU_cob,0.002,RE_bush,0.000,BR_fucus
2024_10_08_11-49-48.jpg,1040,1577,KE_sugar,kelp_sugar,224,,,,,,,,,,
2024_10_08_11-49-48.jpg,1733,3968,GR_ulva,green_algae_ulva,224,1.000,GR_ulva,0.000,RE_leaf,0.000,KE_bull,0.000,KE_sugar,0.000,MS
2024_10_08_11-49-48.jpg,1839,814,KE_sugar,kelp_sugar,224,,,,,,,,,,
2024_10_08_11-49-48.jpg,1483,2510,KE_sugar,kelp_sugar,224,1.000,KE_sugar,0.000,RE_leaf,0.000,SU_bould,0.000,RE_fil,0.000,MS
2024_10_08_11-49-48.jpg,1405,2683,KE_sugar,kelp_sugar,224,,,,,,,,,,
2024_10_08_11-49-48.jpg,1364,4430,SU_sand,sand_fine_shell,224,,,,,,,,,,
2024_10_08_11-49-48.jpg,2949,1367,SU_sand,sand_fine_shell,224,,,,,,,,,,
2024_10_08_11-49-48.jpg,362,4184,SU_peb,pebble,224,,,,,,,,,,
2024_10_08_11-49-48.jpg,1548,2727,KE_sugar,kelp_sugar,224,,,,,,,,,,
2024_10_08_11-49-48.jpg,3710,4220,KE_sugar,kelp_sugar,224,,,,,,,,,,
2024_10_08_11-49-48.jpg,1662,3290,RE_branch,red_algae_branching,224,1.000,RE_branch,0.000,RE_leaf,0.000,BR_sarg,0.000,RE_fil,0.000,RE_bush
2024_10_08_11-49-48.jpg,2791,2761,RE_branch,red_algae_branching,224,,,,,,,,,,
2024_10_08_11-49-48.jpg,1512,2268,KE_sugar,kelp_sugar,224,1.000,KE_sugar,0.000,KE_holdfas,0.000,GR_ulva,0.000,RE_CCA,0.000,SU_cob
2024_10_08_11-49-48.jpg,851,1668,KE_sugar,kelp_sugar,224,,,,,,,,,,
2024_10_08_11-49-48.jpg,2279,4339,GR_ulva,green_algae_ulva,224,,,,,,,,,,
2024_10_08_11-49-48.jpg,2697,2240,KE_sugar,kelp_sugar,224,,,,,,,,,,
2024_10_08_11-49-48.jpg,2293,1821,KE_sugar,kelp_sugar,224,,,,,,,,,,
2024_10_08_11-49-48.jpg,3237,4007,RE_leaf,red_algae_flat_leaf,224,,,,,,,,,,
2024_10_08_11-49-48.jpg,2325,4092,RE_leaf,red_algae_flat_leaf,224,,,,,,,,,,
2024_10_08_11-49-48.jpg,2867,820,KE_sugar,kelp_sugar,224,,,,,,,,,,
2024_10_08_11-49-48.jpg,808,4431,KE_sugar,kelp_sugar,224,,,,,,,,,,
2024_10_08_11-49-48.jpg,759,3847,KE_sugar,kelp_sugar,224,,,,,,,,,,
2024_10_08_11-49-48.jpg,3700,3422,KE_sugar,kelp_sugar,224,0.999,KE_sugar,0.001,KE_sieve,0.000,MS,0.000,SU_bould,0.000,KE_stipe
2024_10_08_11-49-48.jpg,515,3001,KE_sugar,kelp_sugar,224,0.998,KE_sugar,0.002,SU_bould,0.000,RE_bush,0.000,SU_silt,0.000,RE_leaf
2024_10_08_11-49-48.jpg,775,328,SU_sand,sand_fine_shell,224,0.926,SU_sand,0.071,SU_silt,0.003,SU_peb,0.000,SU_shell,0.000,MS
2024_10_08_11-49-48.jpg,293,1121,SU_sand,sand_fine_shell,224,0.984,SU_sand,0.015,SU_silt,0.001,SU_shell,0.000,SU_peb,0.000,RE_CCA
2024_10_08_11-49-48.jpg,3140,2222,KE_sugar,kelp_sugar,224,1.000,KE_sugar,0.000,RE_leaf,0.000,KE_sieve,0.000,KE_stipe,0.000,KE_holdfas
2024_10_08_11-49-57.jpg,3691,1469,SU_sand,sand_fine_shell,224,0.979,SU_sand,0.021,SU_peb,0.000,SU_shell,0.000,SU_cob,0.000,SU_silt
2024_10_08_11-49-57.jpg,3686,3672,SU_sand,sand_fine_shell,224,1.000,SU_sand,0.000,SU_silt,0.000,SU_shell,0.000,RE_CCA,0.000,SU_cob
2024_10_08_11-49-57.jpg,449,1647,SU_sand,sand_fine_shell,224,1.000,SU_sand,0.000,SU_silt,0.000,SU_shell,0.000,SU_cob,0.000,RE_CCA
2024_10_08_11-49-57.jpg,1067,3930,SU_sand,sand_fine_shell,224,1.000,SU_sand,0.000,SU_peb,0.000,SU_silt,0.000,SU_shell,0.000,MS
2024_10_08_11-49-57.jpg,402,1936,SU_sand,sand_fine_shell,224,1.000,SU_sand,0.000,SU_silt,0.000,SU_cob,0.000,SU_peb,0.000,SU_shell
2024_10_08_11-49-57.jpg,227,3341,SU_sand,sand_fine_shell,224,1.000,SU_sand,0.000,SU_peb,0.000,SU_silt,0.000,SU_shell,0.000,RE_CCA
2024_10_08_11-49-57.jpg,468,3770,SU_sand,sand_fine_shell,224,0.938,SU_sand,0.062,SU_peb,0.001,SU_silt,0.000,SU_shell,0.000,SU_bould
2024_10_08_11-49-57.jpg,1442,1004,SU_sand,sand_fine_shell,224,1.000,SU_sand,0.000,SU_silt,0.000,RE_CCA,0.000,SI_kelpBry,0.000,SU_peb
2024_10_08_11-49-57.jpg,190,933,GR_ulva,green_algae_ulva,224,0.992,GR_ulva,0.007,SU_peb,0.001,SU_cob,0.000,KE_stipe,0.000,SU_bould
2024_10_08_11-49-57.jpg,3241,4228,SU_sand,sand_fine_shell,224,0.993,SU_sand,0.003,SU_peb,0.002,KE_5rib,0.001,SU_silt,0.001,RE_bush
2024_10_08_11-49-57.jpg,3892,1250,SU_sand,sand_fine_shell,224,0.999,SU_sand,0.001,SU_silt,0.000,SU_shell,0.000,SU_peb,0.000,MS
2024_10_08_11-49-57.jpg,2436,1731,RE_leaf,red_algae_flat_leaf,224,,,,,,,,,,
2024_10_08_11-49-57.jpg,1352,3155,SU_sand,sand_fine_shell,224,1.000,SU_sand,0.000,SU_silt,0.000,SU_shell,0.000,RE_CCA,0.000,SU_peb
2024_10_08_11-49-57.jpg,2710,221,KE_sugar,kelp_sugar,224,,,,,,,,,,
2024_10_08_11-49-57.jpg,1524,626,KE_sugar,kelp_sugar,224,,,,,,,,,,
2024_10_08_11-49-57.jpg,2604,3211,RE_branch,red_algae_branching,224,,,,,,,,,,
2024_10_08_11-49-57.jpg,2353,3114,KE_sugar,kelp_sugar,224,0.999,KE_sugar,0.001,SU_silt,0.000,SU_bould,0.000,RE_leaf,0.000,SU_cob
2024_10_08_11-49-57.jpg,3192,1145,SU_peb,pebble,224,,,,,,,,,,
2024_10_08_11-49-57.jpg,1109,1136,SU_sand,sand_fine_shell,224,1.000,SU_sand,0.000,SU_silt,0.000,SU_shell,0.000,RE_CCA,0.000,SI_kelpBry
2024_10_08_11-49-57.jpg,1526,4151,SU_sand,sand_fine_shell,224,1.000,SU_sand,0.000,SU_silt,0.000,RE_CCA,0.000,SI_kelpBry,0.000,SU_shell
2024_10_08_11-49-57.jpg,1432,3303,SU_sand,sand_fine_shell,224,,,,,,,,,,
2024_10_08_11-49-57.jpg,2174,4059,KE_sugar,kelp_sugar,224,,,,,,,,,,
2024_10_08_11-49-57.jpg,1617,271,SU_sand,sand_fine_shell,224,,,,,,,,,,
2024_10_08_11-49-57.jpg,2623,2369,KE_sugar,kelp_sugar,224,,,,,,,,,,
2024_10_08_11-49-57.jpg,848,1234,KE_sugar,kelp_sugar,224,,,,,,,,,,
2024_10_08_11-49-57.jpg,2191,1899,KE_sugar,kelp_sugar,224,,,,,,,,,,
2024_10_08_11-49-57.jpg,2673,764,SU_peb,pebble,224,0.974,SU_peb,0.014,SU_cob,0.011,SU_bould,0.000,SU_sand,0.000,KE_stipe
2024_10_08_11-49-57.jpg,880,616,KE_sugar,kelp_sugar,224,1.000,KE_sugar,0.000,KE_5rib,0.000,RE_bush,0.000,SU_bould,0.000,BR_sarg
2024_10_08_11-49-57.jpg,3825,2387,SU_sand,sand_fine_shell,224,1.000,SU_sand,0.000,SU_peb,0.000,SU_silt,0.000,SU_cob,0.000,RE_CCA
2024_10_08_11-49-57.jpg,3423,1122,SU_cob,cobble,224,,,,,,,,,,
2024_10_08_11-49-57.jpg,3034,1001,SU_silt,silt,224,0.983,SU_silt,0.017,SU_sand,0.001,SU_peb,0.000,SU_shell,0.000,SU_cob
2024_10_08_11-49-57.jpg,1901,2499,KE_sugar,kelp_sugar,224,0.964,KE_sugar,0.019,KE_sieve,0.014,SU_bould,0.001,MS,0.000,GR_ulva
2024_10_08_11-49-57.jpg,1068,4062,SU_sand,sand_fine_shell,224,1.000,SU_sand,0.000,SU_silt,0.000,SU_peb,0.000,SU_shell,0.000,SU_cob
2024_10_08_11-49-57.jpg,1017,3740,SU_sand,sand_fine_shell,224,1.000,SU_sand,0.000,SU_peb,0.000,SU_silt,0.000,SU_cob,0.000,SI_kelpBry
2024_10_08_11-49-57.jpg,2859,154,SU_sand,sand_fine_shell,224,0.999,SU_sand,0.001,SU_silt,0.000,SI_kelpBry,0.000,SU_shell,0.000,SU_cob
2024_10_08_11-49-57.jpg,854,906,KE_sugar,kelp_sugar,224,,,,,,,,,,
2024_10_08_11-49-57.jpg,2746,2485,SU_bould,boulder,224,,,,,,,,,,
2024_10_08_11-49-57.jpg,1462,3506,SU_sand,sand_fine_shell,224,1.000,SU_sand,0.000,SU_silt,0.000,SU_shell,0.000,SU_cob,0.000,SU_peb
2024_10_08_11-49-57.jpg,858,1871,SU_sand,sand_fine_shell,224,0.999,SU_sand,0.001,SU_silt,0.000,SU_shell,0.000,SU_peb,0.000,RE_CCA
2024_10_08_11-49-57.jpg,3532,3696,SU_sand,sand_fine_shell,224,0.998,SU_sand,0.002,SU_peb,0.000,SU_silt,0.000,SU_shell,0.000,SU_cob
2024_10_08_11-49-57.jpg,1871,4170,SU_cob,cobble,224,0.996,SU_cob,0.004,SU_shell,0.000,RE_CCA,0.000,SU_silt,0.000,SU_peb
2024_10_08_11-49-57.jpg,700,2068,SU_peb,pebble,224,0.999,SU_peb,0.001,SU_sand,0.000,GR_ulva,0.000,SU_silt,0.000,SI_kelpBry
2024_10_08_11-49-57.jpg,3479,1510,SU_sand,sand_fine_shell,224,1.000,SU_sand,0.000,SU_peb,0.000,SU_silt,0.000,MS,0.000,SU_shell
2024_10_08_11-49-57.jpg,2399,1910,SU_peb,pebble,224,0.972,SU_peb,0.024,RE_leaf,0.001,SU_cob,0.001,KE_sugar,0.001,MS
2024_10_08_11-49-57.jpg,1950,1368,KE_sugar,kelp_sugar,224,0.965,KE_sugar,0.013,RE_leaf,0.011,SU_sand,0.009,SU_silt,0.002,MS
2024_10_08_11-49-57.jpg,2812,1851,SU_peb,pebble,224,0.964,SU_peb,0.036,SU_sand,0.000,SU_shell,0.000,SU_cob,0.000,KE_sugar
2024_10_08_11-49-57.jpg,1683,2300,SU_peb,pebble,224,1.000,SU_peb,0.000,SU_sand,0.000,SU_shell,0.000,KE_sieve,0.000,KE_5rib
2024_10_08_11-49-57.jpg,3770,3919,SU_sand,sand_fine_shell,224,0.979,SU_sand,0.021,SU_silt,0.000,SU_shell,0.000,RE_CCA,0.000,SU_cob
2024_10_08_11-49-57.jpg,1457,1432,SU_sand,sand_fine_shell,224,1.000,SU_sand,0.000,SU_silt,0.000,SU_shell,0.000,RE_CCA,0.000,SU_cob
2024_10_08_11-49-57.jpg,1904,438,SU_sand,sand_fine_shell,224,0.977,SU_sand,0.023,SU_silt,0.000,SU_shell,0.000,SI_kelpBry,0.000,SU_cob
2024_10_08_11-50-06.jpg,2963,2375,SU_sand,sand_fine_shell,224,0.996,SU_sand,0.004,SU_silt,0.000,SU_shell,0.000,SU_peb,0.000,SU_cob
2024_10_08_11-50-06.jpg,2756,4102,GR_ulva,green_algae_ulva,224,1.000,GR_ulva,0.000,SU_peb,0.000,BR_sarg,0.000,KE_5rib,0.000,KE_sugar
2024_10_08_11-50-06.jpg,740,724,SU_sand,sand_fine_shell,224,0.998,SU_sand,0.002,SU_peb,0.000,SU_silt,0.000,SU_shell,0.000,SU_cob
2024_10_08_11-50-06.jpg,3466,1611,GR_ulva,green_algae_ulva,224,1.000,GR_ulva,0.000,KE_sieve,0.000,unknown,0.000,KE_stipe,0.000,BR_sarg
2024_10_08_11-50-06.jpg,286,1997,SU_sand,sand_fine_shell,224,1.000,SU_sand,0.000,SU_silt,0.000,SU_cob,0.000,SU_shell,0.000,RE_CCA
2024_10_08_11-50-06.jpg,1989,1419,SU_peb,pebble,224,1.000,SU_peb,0.000,SU_cob,0.000,SU_bould,0.000,SI_kelpBry,0.000,GR_ulva
2024_10_08_11-50-06.jpg,3572,2159,SU_sand,sand_fine_shell,224,1.000,SU_sand,0.000,SU_peb,0.000,SU_cob,0.000,SU_silt,0.000,MS
2024_10_08_11-50-06.jpg,3845,3673,SU_peb,pebble,224,0.941,SU_peb,0.056,SU_cob,0.001,SU_bould,0.000,SU_sand,0.000,SU_silt
2024_10_08_11-50-06.jpg,1969,3468,SU_peb,pebble,224,,,,,,,,,,
2024_10_08_11-50-06.jpg,1225,428,SU_peb,pebble,224,,,,,,,,,,
2024_10_08_11-50-06.jpg,1480,1864,SU_peb,pebble,224,,,,,,,,,,
2024_10_08_11-50-06.jpg,1706,4220,GR_ulva,green_algae_ulva,224,1.000,GR_ulva,0.000,SU_peb,0.000,KE_sugar,0.000,KE_bull,0.000,RE_leaf
2024_10_08_11-50-06.jpg,2160,1851,SU_peb,pebble,224,,,,,,,,,,
2024_10_08_11-50-06.jpg,3601,3249,GR_ulva,green_algae_ulva,224,1.000,GR_ulva,0.000,KE_bull,0.000,RE_leaf,0.000,KE_sugar,0.000,BR_sarg
2024_10_08_11-50-06.jpg,2874,3630,SU_cob,cobble,224,,,,,,,,,,
2024_10_08_11-50-06.jpg,2963,255,GR_ulva,green_algae_ulva,224,0.999,GR_ulva,0.000,RE_leaf,0.000,KE_sugar,0.000,KE_5rib,0.000,unknown
2024_10_08_11-50-06.jpg,3356,4438,SU_sand,sand_fine_shell,224,0.999,SU_sand,0.001,SU_silt,0.000,SU_peb,0.000,SU_cob,0.000,SU_shell
2024_10_08_11-50-06.jpg,2842,3769,SU_peb,pebble,224,0.989,SU_peb,0.011,SU_sand,0.000,SU_shell,0.000,MS,0.000,SU_cob
2024_10_08_11-50-06.jpg,2430,4378,SU_sand,sand_fine_shell,224,1.000,SU_sand,0.000,SU_silt,0.000,SU_peb,0.000,SU_shell,0.000,SI_kelpBry
2024_10_08_11-50-06.jpg,1448,2510,SU_sand,sand_fine_shell,224,0.998,SU_sand,0.002,SU_silt,0.000,SU_shell,0.000,SU_peb,0.000,RE_bush
2024_10_08_11-50-06.jpg,2097,3179,SU_peb,pebble,224,0.999,SU_peb,0.001,SU_sand,0.000,SU_silt,0.000,SU_shell,0.000,GR_ulva
2024_10_08_11-50-06.jpg,3097,2478,SU_sand,sand_fine_shell,224,1.000,SU_sand,0.000,SU_silt,0.000,SU_cob,0.000,SU_shell,0.000,RE_CCA
2024_10_08_11-50-06.jpg,1198,4000,GR_ulva,green_algae_ulva,224,0.999,GR_ulva,0.001,SU_peb,0.000,KE_sugar,0.000,MS,0.000,SI_kelpBry
2024_10_08_11-50-06.jpg,1086,1126,SU_cob,cobble,224,,,,,,,,,,
2024_10_08_11-50-06.jpg,3578,720,GR_ulva,green_algae_ulva,224,1.000,GR_ulva,0.000,SU_peb,0.000,MS,0.000,unknown,0.000,BR_sarg
2024_10_08_11-50-06.jpg,1725,589,GR_ulva,green_algae_ulva,224,0.999,GR_ulva,0.001,SU_peb,0.000,SU_cob,0.000,MS,0.000,KE_sugar
2024_10_08_11-50-06.jpg,1076,3358,SU_peb,pebble,224,0.993,SU_peb,0.007,SU_cob,0.000,SU_bould,0.000,KE_stipe,0.000,SU_sand
2024_10_08_11-50-06.jpg,1427,313,GR_ulva,green_algae_ulva,224,1.000,GR_ulva,0.000,KE_5rib,0.000,KE_sugar,0.000,RE_leaf,0.000,unknown
2024_10_08_11-50-06.jpg,212,663,SU_bould,boulder,224,,,,,,,,,,
2024_10_08_11-50-06.jpg,794,998,SU_sand,sand_fine_shell,224,1.000,SU_sand,0.000,SU_silt,0.000,SI_kelpBry,0.000,RE_CCA,0.000,SU_cob
2024_10_08_11-50-06.jpg,2234,4097,SU_sand,sand_fine_shell,224,0.998,SU_sand,0.002,SU_peb,0.000,MS,0.000,GR_ulva,0.000,SU_cob
2024_10_08_11-50-06.jpg,689,3314,SU_silt,silt,224,0.999,SU_silt,0.001,SU_shell,0.000,SU_sand,0.000,RE_CCA,0.000,unknown
2024_10_08_11-50-06.jpg,144,2488,SU_peb,pebble,224,,,,,,,,,,
2024_10_08_11-50-06.jpg,1094,2501,SU_sand,sand_fine_shell,224,0.996,SU_sand,0.003,SU_silt,0.001,SU_shell,0.000,SU_cob,0.000,SU_peb
2024_10_08_11-50-06.jpg,493,4315,SU_peb,pebble,224,,,,,,,,,,
2024_10_08_11-50-06.jpg,2748,2617,SU_sand,sand_fine_shell,224,0.999,SU_sand,0.001,SU_peb,0.000,SU_silt,0.000,SU_shell,0.000,RE_CCA
2024_10_08_11-50-06.jpg,1857,3659,RE_bush,red_algae_bushy,224,1.000,RE_bush,0.000,MS,0.000,GR_ulva,0.000,BR_fucus,0.000,BR_sarg
2024_10_08_11-50-06.jpg,3181,3291,SU_peb,pebble,224,,,,,,,,,,
2024_10_08_11-50-06.jpg,2320,3858,RE_bush,red_algae_bushy,224,1.000,RE_bush,0.000,MS,0.000,BR_sarg,0.000,RE_leaf,0.000,RE_branch
2024_10_08_11-50-06.jpg,2403,2554,SU_sand,sand_fine_shell,224,,,,,,,,,,
2024_10_08_11-50-06.jpg,1385,1284,SU_silt,silt,224,,,,,,,,,,
2024_10_08_11-50-06.jpg,2263,2153,SU_shell,shell_hash,224,,,,,,,,,,
2024_10_08_11-50-06.jpg,362,829,SU_bould,boulder,224,,,,,,,,,,
2024_10_08_11-50-06.jpg,2310,1051,GR_ulva,green_algae_ulva,224,0.999,GR_ulva,0.000,KE_sugar,0.000,SU_bould,0.000,MS,0.000,RE_leaf
2024_10_08_11-50-06.jpg,3911,178,GR_ulva,green_algae_ulva,224,1.000,GR_ulva,0.000,KE_5rib,0.000,RE_leaf,0.000,MS,0.000,SU_cob
2024_10_08_11-50-06.jpg,1601,3944,GR_ulva,green_algae_ulva,224,1.000,GR_ulva,0.000,RE_bush,0.000,MS,0.000,KE_stipe,0.000,KE_bull
2024_10_08_11-50-06.jpg,622,160,SU_sand,sand_fine_shell,224,0.999,SU_sand,0.001,SU_silt,0.000,SU_shell,0.000,RE_CCA,0.000,MS
2024_10_08_11-50-06.jpg,3013,442,GR_ulva,green_algae_ulva,224,1.000,GR_ulva,0.000,unknown,0.000,KE_sugar,0.000,RE_leaf,0.000,KE_5rib
2024_10_08_11-50-06.jpg,2740,1828,GR_ulva,green_algae_ulva,224,1.000,GR_ulva,0.000,RE_leaf,0.000,SI_kelpBry,0.000,SU_cob,0.000,KE_5rib
2024_10_08_11-50-06.jpg,1445,2345,SU_sand,sand_fine_shell,224,0.999,SU_sand,0.001,SU_silt,0.000,SU_shell,0.000,SU_peb,0.000,KE_sugar
2024_10_08_11-50-15.jpg,1201,1462,KE_sugar,kelp_sugar,224,,,,,,,,,,
2024_10_08_11-50-15.jpg,1338,3421,SU_sand,sand_fine_shell,224,,,,,,,,,,
2024_10_08_11-50-15.jpg,775,4445,SU_sand,sand_fine_shell,224,,,,,,,,,,
2024_10_08_11-50-15.jpg,2390,1987,RE_fil,red_algae_filamentous,224,,,,,,,,,,
2024_10_08_11-50-15.jpg,393,1542,SU_silt,silt,224,,,,,,,,,,
2024_10_08_11-50-15.jpg,891,384,KE_sugar,kelp_sugar,224,,,,,,,,,,
2024_10_08_11-50-15.jpg,307,1369,SU_silt,silt,224,0.999,SU_silt,0.001,SU_sand,0.000,SU_shell,0.000,SU_peb,0.000,MS
2024_10_08_11-50-15.jpg,2793,549,SU_sand,sand_fine_shell,224,0.989,SU_sand,0.006,SU_cob,0.003,SU_silt,0.001,SU_peb,0.001,SI_kelpBry
2024_10_08_11-50-15.jpg,3380,3231,KE_sugar,kelp_sugar,224,,,,,,,,,,
2024_10_08_11-50-15.jpg,174,2442,SU_sand,sand_fine_shell,224,0.999,SU_sand,0.001,SU_silt,0.000,SU_cob,0.000,SU_peb,0.000,SU_shell
2024_10_08_11-50-15.jpg,1130,607,KE_sugar,kelp_sugar,224,,,,,,,,,,
2024_10_08_11-50-15.jpg,2171,1497,RE_fil,red_algae_filamentous,224,1.000,RE_fil,0.000,RE_branch,0.000,RE_bush,0.000,RE_leaf,0.000,BR_sarg
2024_10_08_11-50-15.jpg,118,3908,GR_ulva,green_algae_ulva,224,1.000,GR_ulva,0.000,KE_5rib,0.000,KE_stipe,0.000,unknown,0.000,KE_sugar
2024_10_08_11-50-15.jpg,1791,2859,SU_sand,sand_fine_shell,224,,,,,,,,,,
2024_10_08_11-50-15.jpg,956,962,KE_sugar,kelp_sugar,224,,,,,,,,,,
2024_10_08_11-50-15.jpg,2547,3059,SI_kelpBry,kelp_bryozoan,224,,,,,,,,,,
2024_10_08_11-50-15.jpg,3708,1083,KE_5rib,kelp_five_rib,224,,,,,,,,,,
2024_10_08_11-50-15.jpg,2790,2640,KE_sugar,kelp_sugar,224,0.946,KE_sugar,0.015,SU_peb,0.010,SU_bould,0.010,KE_sieve,0.008,SU_cob
2024_10_08_11-50-15.jpg,2911,655,SU_sand,sand_fine_shell,224,1.000,SU_sand,0.000,SU_silt,0.000,SI_kelpBry,0.000,RE_CCA,0.000,SU_cob
2024_10_08_11-50-15.jpg,3552,355,KE_5rib,kelp_five_rib,224,,,,,,,,,,
2024_10_08_11-50-15.jpg,3365,2647,SU_peb,pebble,224,0.979,SU_peb,0.020,SU_sand,0.001,SU_silt,0.000,MS,0.000,KE_bull
2024_10_08_11-50-15.jpg,2169,1636,RE_fil,red_algae_filamentous,224,1.000,RE_fil,0.000,RE_branch,0.000,RE_bush,0.000,SU_bould,0.000,BR_sarg
2024_10_08_11-50-15.jpg,2081,2061,KE_sugar,kelp_sugar,224,,,,,,,,,,
2024_10_08_11-50-15.jpg,2592,929,KE_sugar,kelp_sugar,224,,,,,,,,,,
2024_10_08_11-50-15.jpg,2744,1783,RE_bush,red_algae_bushy,224,0.950,RE_bush,0.041,SU_peb,0.007,RE_branch,0.002,MS,0.000,SI
2024_10_08_11-50-15.jpg,728,733,KE_sugar,kelp_sugar,224,,,,,,,,,,
2024_10_08_11-50-15.jpg,457,3568,SU_sand,sand_fine_shell,224,1.000,SU_sand,0.000,SU_peb,0.000,SU_silt,0.000,SU_cob,0.000,SU_bould
2024_10_08_11-50-15.jpg,1282,2124,KE_sugar,kelp_sugar,224,,,,,,,,,,
2024_10_08_11-50-15.jpg,1881,1539,RE_bush,red_algae_bushy,224,,,,,,,,,,
2024_10_08_11-50-15.jpg,1485,3218,SU_sand,sand_fine_shell,224,1.000,SU_sand,0.000,SU_silt,0.000,SU_shell,0.000,SU_peb,0.000,MS
2024_10_08_11-50-15.jpg,3088,2729,BR_sarg,brown_algae_sargassum,224,0.967,BR_sarg,0.012,SU_bould,0.009,KE_holdfas,0.005,SU_sand,0.004,SI
2024_10_08_11-50-15.jpg,3390,4441,SU_peb,pebble,224,,,,,,,,,,
2024_10_08_11-50-15.jpg,3501,3784,SU_peb,pebble,224,0.999,SU_peb,0.001,SU_sand,0.000,SU_bould,0.000,SU_shell,0.000,SU_cob
2024_10_08_11-50-15.jpg,3158,4434,SU_silt,silt,224,,,,,,,,,,
2024_10_08_11-50-15.jpg,2574,2372,SU_sand,sand_fine_shell,224,0.997,SU_sand,0.002,SU_peb,0.000,SU_silt,0.000,KE_sugar,0.000,KE_stipe
2024_10_08_11-50-15.jpg,845,2587,SU_sand,sand_fine_shell,224,0.999,SU_sand,0.001,SU_silt,0.000,SU_peb,0.000,SU_shell,0.000,KE_stipe
2024_10_08_11-50-15.jpg,815,1078,KE_sugar,kelp_sugar,224,,,,,,,,,,
2024_10_08_11-50-15.jpg,3844,4377,SU_sand,sand_fine_shell,224,0.933,SU_sand,0.036,SU_silt,0.028,SU_peb,0.003,SU_shell,0.000,MS
2024_10_08_11-50-15.jpg,2951,995,KE_sugar,kelp_sugar,224,,,,,,,,,,
2024_10_08_11-50-15.jpg,1769,997,SU_sand,sand_fine_shell,224,1.000,SU_sand,0.000,SU_peb,0.000,SU_silt,0.000,SI_kelpBry,0.000,SU_shell
2024_10_08_11-50-15.jpg,3757,448,KE_5rib,kelp_five_rib,224,,,,,,,,,,
2024_10_08_11-50-15.jpg,2180,3823,KE_sugar,kelp_sugar,224,0.978,KE_sugar,0.008,KE_sieve,0.004,SU_peb,0.003,SU_cob,0.002,KE_stipe
2024_10_08_11-50-15.jpg,2603,4159,KE_sugar,kelp_sugar,224,1.000,KE_sugar,0.000,SU_cob,0.000,RE_leaf,0.000,SU_silt,0.000,MS
2024_10_08_11-50-15.jpg,2460,318,RE_fil,red_algae_filamentous,224,0.977,RE_fil,0.010,RE_branch,0.009,RE_leaf,0.002,KE_stipe,0.001,MS
2024_10_08_11-50-15.jpg,1637,2979,SU_sand,sand_fine_shell,224,1.000,SU_sand,0.000,SU_silt,0.000,SU_shell,0.000,RE_CCA,0.000,SU_peb
2024_10_08_11-50-15.jpg,856,3324,SU_peb,pebble,224,0.974,SU_peb,0.026,SU_sand,0.000,SU_silt,0.000,SU_shell,0.000,MS
2024_10_08_11-50-15.jpg,1891,2973,SU_sand,sand_fine_shell,224,,,,,,,,,,
2024_10_08_11-50-15.jpg,1196,2892,KE_sugar,kelp_sugar,224,0.956,KE_sugar,0.024,SU_peb,0.007,GR_ulva,0.003,SU_silt,0.003,KE_sieve
2024_10_08_11-50-15.jpg,2720,1321,SI_kelpBry,kelp_bryozoan,224,,,,,,,,,,
2024_10_08_11-50-15.jpg,1372,1221,KE_sugar,kelp_sugar,224,,,,,,,,,,
2024_10_08_11-50-24.jpg,2546,1927,KE_sugar,kelp_sugar,224,,,,,,,,,,
2024_10_08_11-50-24.jpg,278,874,SU_bould,boulder,224,,,,,,,,,,
2024_10_08_11-50-24.jpg,1130,2396,SU_sand,sand_fine_shell,224,,,,,,,,,,
2024_10_08_11-50-24.jpg,2281,2231,SU_peb,pebble,224,0.970,SU_peb,0.018,SU_sand,0.008,SU_cob,0.002,SU_shell,0.001,GR_ulva
2024_10_08_11-50-24.jpg,2197,1730,SU_sand,sand_fine_shell,224,1.000,SU_sand,0.000,SU_silt,0.000,SU_peb,0.000,SU_shell,0.000,BR_sarg
2024_10_08_11-50-24.jpg,1391,216,RE_bush,red_algae_bushy,224,1.000,RE_bush,0.000,RE_fil,0.000,KE_holdfas,0.000,MS,0.000,RE_leaf
2024_10_08_11-50-24.jpg,2187,4069,RE_leaf,red_algae_flat_leaf,224,,,,,,,,,,
2024_10_08_11-50-24.jpg,2187,738,GR_ulva,green_algae_ulva,224,1.000,GR_ulva,0.000,KE_5rib,0.000,BR_sarg,0.000,RE_leaf,0.000,SI
2024_10_08_11-50-24.jpg,2500,2720,SU_sand,sand_fine_shell,224,,,,,,,,,,
2024_10_08_11-50-24.jpg,2400,1667,SU_sand,sand_fine_shell,224,0.998,SU_sand,0.001,SU_peb,0.000,MS,0.000,SU_cob,0.000,RE_bush
2024_10_08_11-50-24.jpg,2559,3044,SU_sand,sand_fine_shell,224,0.996,SU_sand,0.004,SU_peb,0.000,SU_silt,0.000,SU_cob,0.000,SU_shell
2024_10_08_11-50-24.jpg,1114,3206,GR_ulva,green_algae_ulva,224,0.979,GR_ulva,0.021,SU_peb,0.000,KE_bull,0.000,MS,0.000,KE_5rib
2024_10_08_11-50-24.jpg,3382,1132,GR_ulva,green_algae_ulva,224,1.000,GR_ulva,0.000,unknown,0.000,MS,0.000,KE_sieve,0.000,KE_sugar
2024_10_08_11-50-24.jpg,1567,1534,SU_sand,sand_fine_shell,224,0.995,SU_sand,0.005,SU_peb,0.000,SU_cob,0.000,SU_silt,0.000,SU_shell
2024_10_08_11-50-24.jpg,2679,747,GR_ulva,green_algae_ulva,224,1.000,GR_ulva,0.000,SU_bould,0.000,BR_sarg,0.000,KE_sugar,0.000,KE_stipe
2024_10_08_11-50-24.jpg,3352,2717,SU_sand,sand_fine_shell,224,0.999,SU_sand,0.001,SU_silt,0.000,SU_peb,0.000,SU_shell,0.000,SI_kelpBry
2024_10_08_11-50-24.jpg,256,1838,RE_bush,red_algae_bushy,224,0.998,RE_bush,0.001,RE_branch,0.001,RE_fil,0.000,BR_sarg,0.000,RE_leaf
2024_10_08_11-50-24.jpg,2672,3379,SU_sand,sand_fine_shell,224,0.998,SU_sand,0.002,SU_silt,0.000,SU_shell,0.000,MS,0.000,RE_CCA
2024_10_08_11-50-24.jpg,856,2874,KE_sugar,kelp_sugar,224,0.998,KE_sugar,0.002,RE_leaf,0.000,KE_sieve,0.000,SU_silt,0.000,SU_peb
2024_10_08_11-50-24.jpg,284,2386,RE_bush,red_algae_bushy,224,0.981,RE_bush,0.009,SU_sand,0.006,SU_silt,0.002,KE_sieve,0.001,SU_shell
2024_10_08_11-50-24.jpg,1833,1995,SU_sand,sand_fine_shell,224,1.000,SU_sand,0.000,SU_peb,0.000,SU_silt,0.000,SU_shell,0.000,SU_cob
2024_10_08_11-50-24.jpg,1289,695,RE_leaf,red_algae_flat_leaf,224,,,,,,,,,,
2024_10_08_11-50-24.jpg,2091,4409,RE_leaf,red_algae_flat_leaf,224,,,,,,,,,,
2024_10_08_11-50-24.jpg,172,1964,RE_bush,red_algae_bushy,224,1.000,RE_bush,0.000,BR_sarg,0.000,RE_branch,0.000,RE_fil,0.000,KE_holdfas
2024_10_08_11-50-24.jpg,1564,375,GR_ulva,green_algae_ulva,224,,,,,,,,,,
2024_10_08_11-50-24.jpg,2831,3193,SU_silt,silt,224,0.996,SU_silt,0.003,SU_shell,0.001,SU_sand,0.000,SU_peb,0.000,GR_ulva
2024_10_08_11-50-24.jpg,2145,3220,SU_sand,sand_fine_shell,224,1.000,SU_sand,0.000,SU_silt,0.000,SU_shell,0.000,RE_CCA,0.000,SU_peb
2024_10_08_11-50-24.jpg,3835,2570,SU_sand,sand_fine_shell,224,,,,,,,,,,
2024_10_08_11-50-24.jpg,3797,3806,SU_sand,sand_fine_shell,224,,,,,,,,,,
2024_10_08_11-50-24.jpg,1692,4103,RE_leaf,red_algae_flat_leaf,224,0.999,RE_leaf,0.001,RE_fil,0.000,KE_5rib,0.000,RE_bush,0.000,KE_sugar
2024_10_08_11-50-24.jpg,3192,462,GR_ulva,green_algae_ulva,224,1.000,GR_ulva,0.000,SU_peb,0.000,unknown,0.000,BR_sarg,0.000,KE_5rib
2024_10_08_11-50-24.jpg,3360,2890,SU_sand,sand_fine_shell,224,0.996,SU_sand,0.004,SU_silt,0.000,SU_shell,0.000,SU_peb,0.000,RE_CCA
2024_10_08_11-50-24.jpg,743,3069,KE_sugar,kelp_sugar,224,0.993,KE_sugar,0.005,RE_leaf,0.001,KE_bull,0.000,KE_sieve,0.000,RE_fil
2024_10_08_11-50-24.jpg,3611,2684,SU_sand,sand_fine_shell,224,1.000,SU_sand,0.000,SU_silt,0.000,SU_shell,0.000,RE_CCA,0.000,SU_cob
2024_10_08_11-50-24.jpg,2264,2092,SU_peb,pebble,224,,,,,,,,,,
2024_10_08_11-50-24.jpg,841,2537,GR_ulva,green_algae_ulva,224,,,,,,,,,,
2024_10_08_11-50-24.jpg,1382,2218,SU_sand,sand_fine_shell,224,,,,,,,,,,
2024_10_08_11-50-24.jpg,957,2552,KE_sugar,kelp_sugar,224,,,,,,,,,,
2024_10_08_11-50-24.jpg,1555,3002,SU_sand,sand_fine_shell,224,0.961,SU_sand,0.037,SU_silt,0.001,SU_shell,0.000,RE_bush,0.000,SU_peb
2024_10_08_11-50-24.jpg,1391,901,RE_leaf,red_algae_flat_leaf,224,,,,,,,,,,
2024_10_08_11-50-24.jpg,3632,1721,SU_sand,sand_fine_shell,224,1.000,SU_sand,0.000,SU_silt,0.000,SU_shell,0.000,SU_cob,0.000,RE_CCA
2024_10_08_11-50-24.jpg,1942,669,GR_ulva,green_algae_ulva,224,1.000,GR_ulva,0.000,BR_sarg,0.000,MS,0.000,KE_stipe,0.000,KE_sugar
2024_10_08_11-50-24.jpg,570,318,RE_leaf,red_algae_flat_leaf,224,,,,,,,,,,
2024_10_08_11-50-24.jpg,3285,2346,SU_sand,sand_fine_shell,224,,,,,,,,,,
2024_10_08_11-50-24.jpg,1059,1114,RE_leaf,red_algae_flat_leaf,224,,,,,,,,,,
2024_10_08_11-50-24.jpg,3030,2057,SU_silt,silt,224,0.997,SU_silt,0.003,SU_sand,0.000,SU_shell,0.000,SI_kelpBry,0.000,RE_CCA
2024_10_08_11-50-24.jpg,1318,1719,SU_bould,boulder,224,,,,,,,,,,
2024_10_08_11-50-24.jpg,3266,3426,SU_silt,silt,224,0.999,SU_silt,0.000,GR_ulva,0.000,SU_sand,0.000,SU_peb,0.000,SU_shell
2024_10_08_11-50-24.jpg,1980,2741,SU_sand,sand_fine_shell,224,,,,,,,,,,
2024_10_08_11-50-24.jpg,564,1258,SU_bould,boulder,224,,,,,,,,,,
2024_10_08_11-50-33.jpg,1479,3610,SU_peb,pebble,224,,,,,,,,,,
2024_10_08_11-50-33.jpg,3054,2761,KE_5rib,kelp_five_rib,224,0.966,KE_5rib,0.032,SU_bould,0.001,RE_fil,0.001,KE_sugar,0.000,KE_sieve
2024_10_08_11-50-33.jpg,1933,3420,SI_kelpBry,kelp_bryozoan,224,0.983,SI_kelpBry,0.017,BR_fucus,0.000,KE_sugar,0.000,KE_sieve,0.000,MS
2024_10_08_11-50-33.jpg,2601,4087,SU_peb,pebble,224,,,,,,,,,,
2024_10_08_11-50-33.jpg,1051,2279,KE_sugar,kelp_sugar,224,,,,,,,,,,
2024_10_08_11-50-33.jpg,2695,3432,SU_sand,sand_fine_shell,224,1.000,SU_sand,0.000,SU_cob,0.000,SU_peb,0.000,SU_silt,0.000,SU_bould
2024_10_08_11-50-33.jpg,3103,120,SU_sand,sand_fine_shell,224,,,,,,,,,,
2024_10_08_11-50-33.jpg,3327,1490,SU_silt,silt,224,1.000,SU_silt,0.000,SU_shell,0.000,SU_sand,0.000,GR_ulva,0.000,MS
2024_10_08_11-50-33.jpg,2612,4404,SU_silt,silt,224,0.993,SU_silt,0.005,SU_shell,0.003,SU_sand,0.000,SI_kelpBry,0.000,SU_cob
2024_10_08_11-50-33.jpg,1567,2832,SI_kelpBry,kelp_bryozoan,224,,,,,,,,,,
2024_10_08_11-50-33.jpg,2289,1130,KE_5rib,kelp_five_rib,224,,,,,,,,,,
2024_10_08_11-50-33.jpg,2520,1876,KE_5rib,kelp_five_rib,224,,,,,,,,,,
2024_10_08_11-50-33.jpg,179,3949,SU_sand,sand_fine_shell,224,0.997,SU_sand,0.003,SU_silt,0.000,SU_shell,0.000,RE_CCA,0.000,SU_cob
2024_10_08_11-50-33.jpg,2555,165,SU_anth,anthropogenic,224,,,,,,,,,,
2024_10_08_11-50-33.jpg,137,1835,GR_ulva,green_algae_ulva,224,0.999,GR_ulva,0.001,SU_peb,0.000,SU_silt,0.000,KE_stipe,0.000,MS
2024_10_08_11-50-33.jpg,679,2905,SU_silt,silt,224,1.000,SU_silt,0.000,SU_shell,0.000,SU_sand,0.000,unknown,0.000,KE_sugar
2024_10_08_11-50-33.jpg,3412,2384,KE_5rib,kelp_five_rib,224,,,,,,,,,,
2024_10_08_11-50-33.jpg,1397,2702,SI_kelpBry,kelp_bryozoan,224,,,,,,,,,,
2024_10_08_11-50-33.jpg,649,1737,KE_sugar,kelp_sugar,224,0.998,KE_sugar,0.001,KE_sieve,0.000,SI_kelpBry,0.000,SU_bould,0.000,KE_5rib
2024_10_08_11-50-33.jpg,3299,3877,SU_peb,pebble,224,,,,,,,,,,
2024_10_08_11-50-33.jpg,2924,2581,KE_5rib,kelp_five_rib,224,,,,,,,,,,
2024_10_08_11-50-33.jpg,695,493,SU_sand,sand_fine_shell,224,1.000,SU_sand,0.000,SU_silt,0.000,SU_cob,0.000,SU_shell,0.000,SI_kelpBry
2024_10_08_11-50-33.jpg,2888,2876,KE_5rib,kelp_five_rib,224,,,,,,,,,,
2024_10_08_11-50-33.jpg,3465,3352,GR_ulva,green_algae_ulva,224,,,,,,,,,,
2024_10_08_11-50-33.jpg,278,1384,KE_sugar,kelp_sugar,224,1.000,KE_sugar,0.000,KE_5rib,0.000,SU_shell,0.000,RE_fil,0.000,SU_silt
2024_10_08_11-50-33.jpg,2571,3844,SU_sand,sand_fine_shell,224,0.818,SU_sand,0.158,SU_peb,0.010,SU_cob,0.007,SU_bould,0.003,SI_kelpBry
2024_10_08_11-50-33.jpg,3415,2930,KE_5rib,kelp_five_rib,224,,,,,,,,,,
2024_10_08_11-50-33.jpg,2880,3703,RE_bush,red_algae_bushy,224,,,,,,,,,,
2024_10_08_11-50-33.jpg,332,407,SU_sand,sand_fine_shell,224,,,,,,,,,,
2024_10_08_11-50-33.jpg,2960,1488,SU_sand,sand_fine_shell,224,1.000,SU_sand,0.000,SU_peb,0.000,SU_silt,0.000,SU_shell,0.000,SU_cob
2024_10_08_11-50-33.jpg,1047,4105,SU_sand,sand_fine_shell,224,1.000,SU_sand,0.000,SU_peb,0.000,SU_silt,0.000,SU_cob,0.000,SU_bould
2024_10_08_11-50-33.jpg,3251,1853,KE_5rib,kelp_five_rib,224,,,,,,,,,,
2024_10_08_11-50-33.jpg,1189,2613,KE_sugar,kelp_sugar,224,,,,,,,,,,
2024_10_08_11-50-33.jpg,1340,1608,KE_sugar,kelp_sugar,224,0.996,KE_sugar,0.002,SU_cob,0.001,GR_ulva,0.000,SU_silt,0.000,SU_peb
2024_10_08_11-50-33.jpg,2585,3263,SU_peb,pebble,224,,,,,,,,,,
2024_10_08_11-50-33.jpg,1216,3555,SU_sand,sand_fine_shell,224,1.000,SU_sand,0.000,SU_silt,0.000,SU_shell,0.000,RE_bush,0.000,SU_peb
2024_10_08_11-50-33.jpg,321,4048,SU_sand,sand_fine_shell,224,1.000,SU_sand,0.000,SU_silt,0.000,RE_CCA,0.000,SI_kelpBry,0.000,SU_shell
2024_10_08_11-50-33.jpg,2628,1718,KE_5rib,kelp_five_rib,224,,,,,,,,,,
2024_10_08_11-50-33.jpg,3895,123,SU_peb,pebble,224,,,,,,,,,,
2024_10_08_11-50-33.jpg,3502,3718,GR_ulva,green_algae_ulva,224,0.968,GR_ulva,0.021,BR_fucus,0.007,KE_stipe,0.001,SU_silt,0.001,BR_sarg
2024_10_08_11-50-33.jpg,1012,2109,KE_sugar,kelp_sugar,224,,,,,,,,,,
2024_10_08_11-50-33.jpg,3877,509,SU_cob,cobble,224,,,,,,,,,,
2024_10_08_11-50-33.jpg,1022,432,SU_cob,cobble,224,,,,,,,,,,
2024_10_08_11-50-33.jpg,3488,1167,SU_peb,pebble,224,0.919,SU_peb,0.045,SU_sand,0.023,SU_silt,0.007,SU_shell,0.006,SU_cob
2024_10_08_11-50-33.jpg,2885,2066,KE_5rib,kelp_five_rib,224,,,,,,,,,,
2024_10_08_11-50-33.jpg,1628,1958,KE_sugar,kelp_sugar,224,,,,,,,,,,
2024_10_08_11-50-33.jpg,1823,4485,SU_silt,silt,224,0.998,SU_silt,0.002,SU_sand,0.000,SU_shell,0.000,SI_kelpBry,0.000,SU_cob
2024_10_08_11-50-33.jpg,1285,4261,SU_sand,sand_fine_shell,224,0.995,SU_sand,0.005,SU_silt,0.000,SU_shell,0.000,SI_kelpBry,0.000,RE_CCA
2024_10_08_11-50-33.jpg,769,4236,SU_sand,sand_fine_shell,224,1.000,SU_sand,0.000,SU_silt,0.000,SU_cob,0.000,SU_peb,0.000,SI_kelpBry
2024_10_08_11-50-33.jpg,3631,2477,RE_bush,red_algae_bushy,224,1.000,RE_bush,0.000,RE_branch,0.000,KE_stipe,0.000,RE_fil,0.000,RE_leaf
2024_10_08_11-50-42.jpg,911,1847,KE_sugar,kelp_sugar,224,,,,,,,,,,
2024_10_08_11-50-42.jpg,771,1960,KE_sugar,kelp_sugar,224,,,,,,,,,,
2024_10_08_11-50-42.jpg,1341,1109,RE_branch,red_algae_branching,224,0.999,RE_branch,0.001,BR_sarg,0.000,RE_bush,0.000,KE_holdfas,0.000,BR_fucus
2024_10_08_11-50-42.jpg,2735,3279,SU_sand,sand_fine_shell,224,1.000,SU_sand,0.000,SU_peb,0.000,SU_cob,0.000,SU_silt,0.000,RE_CCA
2024_10_08_11-50-42.jpg,2634,1323,RE_branch,red_algae_branching,224,0.998,RE_branch,0.001,BR_sarg,0.001,KE_holdfas,0.000,RE_bush,0.000,SU_cob
2024_10_08_11-50-42.jpg,1462,3565,SU_sand,sand_fine_shell,224,0.998,SU_sand,0.002,SU_silt,0.000,SU_shell,0.000,SU_peb,0.000,SI_kelpBry
2024_10_08_11-50-42.jpg,2257,4338,KE_sugar,kelp_sugar,224,0.927,KE_sugar,0.028,KE_sieve,0.027,SU_silt,0.007,MS,0.006,KE_5rib
2024_10_08_11-50-42.jpg,2433,3476,SU_cob,cobble,224,,,,,,,,,,
2024_10_08_11-50-42.jpg,1548,4421,KE_sugar,kelp_sugar,224,0.992,KE_sugar,0.007,RE_leaf,0.001,SU_bould,0.000,SU_peb,0.000,MS
2024_10_08_11-50-42.jpg,485,2020,KE_sugar,kelp_sugar,224,,,,,,,,,,
2024_10_08_11-50-42.jpg,3701,2899,SU_silt,silt,224,0.954,SU_silt,0.046,SU_sand,0.000,SU_shell,0.000,SU_peb,0.000,SU_cob
2024_10_08_11-50-42.jpg,313,2777,SU_cob,cobble,224,,,,,,,,,,
2024_10_08_11-50-42.jpg,2203,3238,KE_sugar,kelp_sugar,224,0.990,KE_sugar,0.005,SU_peb,0.004,RE_leaf,0.001,KE_5rib,0.000,GR_ulva
2024_10_08_11-50-42.jpg,3042,149,RE_fil,red_algae_filamentous,224,,,,,,,,,,
2024_10_08_11-50-42.jpg,3153,1790,RE_branch,red_algae_branching,224,0.987,RE_branch,0.009,RE_bush,0.003,BR_sarg,0.001,RE_fil,0.000,RE_leaf
2024_10_08_11-50-42.jpg,2381,2250,RE_leaf,red_algae_flat_leaf,224,,,,,,,,,,
2024_10_08_11-50-42.jpg,2392,2914,SU_sand,sand_fine_shell,224,1.000,SU_sand,0.000,SU_silt,0.000,SU_shell,0.000,RE_CCA,0.000,SU_peb
2024_10_08_11-50-42.jpg,605,1263,SU_cob,cobble,224,1.000,SU_cob,0.000,SU_peb,0.000,SU_bould,0.000,SU_silt,0.000,SU_shell
2024_10_08_11-50-42.jpg,1197,1920,SU_peb,pebble,224,0.979,SU_peb,0.015,SU_sand,0.002,KE_stipe,0.001,SU_cob,0.001,SU_shell
2024_10_08_11-50-42.jpg,2781,1855,SU_silt,silt,224,0.997,SU_silt,0.002,SU_sand,0.001,SU_shell,0.000,RE_leaf,0.000,KE_sugar
2024_10_08_11-50-42.jpg,443,848,GR_ulva,green_algae_ulva,224,1.000,GR_ulva,0.000,KE_stipe,0.000,SU_peb,0.000,SU_cob,0.000,SU_bould
2024_10_08_11-50-42.jpg,1143,2978,SU_cob,cobble,224,0.997,SU_cob,0.002,SU_shell,0.000,SU_bould,0.000,SU_peb,0.000,BR_fucus
2024_10_08_11-50-42.jpg,291,3525,KE_sugar,kelp_sugar,224,1.000,KE_sugar,0.000,RE_bush,0.000,SU_bould,0.000,RE_leaf,0.000,KE_sieve
2024_10_08_11-50-42.jpg,2808,601,RE_fil,red_algae_filamentous,224,,,,,,,,,,
2024_10_08_11-50-42.jpg,2236,3688,SU_bould,boulder,224,,,,,,,,,,
2024_10_08_11-50-42.jpg,1981,3420,KE_sugar,kelp_sugar,224,0.963,KE_sugar,0.016,SU_bould,0.007,KE_sieve,0.003,RE_leaf,0.003,KE_5rib
2024_10_08_11-50-42.jpg,1150,3485,SU_sand,sand_fine_shell,224,,,,,,,,,,
2024_10_08_11-50-42.jpg,467,2337,SU_sand,sand_fine_shell,224,1.000,SU_sand,0.000,SU_silt,0.000,SU_cob,0.000,SU_shell,0.000,SU_peb
2024_10_08_11-50-42.jpg,3466,2322,SU_sand,sand_fine_shell,224,0.999,SU_sand,0.001,SU_silt,0.000,SU_shell,0.000,RE_CCA,0.000,SI_kelpBry
2024_10_08_11-50-42.jpg,774,1534,SU_sand,sand_fine_shell,224,0.997,SU_sand,0.002,SU_peb,0.001,SU_cob,0.000,SU_silt,0.000,SU_shell
2024_10_08_11-50-42.jpg,249,1401,SU_sand,sand_fine_shell,224,0.996,SU_sand,0.004,SU_silt,0.000,SU_peb,0.000,SU_shell,0.000,SU_cob
2024_10_08_11-50-42.jpg,3411,1342,RE_fil,red_algae_filamentous,224,1.000,RE_fil,0.000,BR_sarg,0.000,RE_leaf,0.000,RE_branch,0.000,KE_5rib
2024_10_08_11-50-42.jpg,1557,3403,SU_sand,sand_fine_shell,224,1.000,SU_sand,0.000,SU_silt,0.000,SU_shell,0.000,SU_cob,0.000,SI_kelpBry
2024_10_08_11-50-42.jpg,2956,3104,KE_sugar,kelp_sugar,224,,,,,,,,,,
2024_10_08_11-50-42.jpg,3775,3823,SU_silt,silt,224,1.000,SU_silt,0.000,SU_peb,0.000,SU_shell,0.000,SU_sand,0.000,MS
2024_10_08_11-50-42.jpg,1469,1876,SU_peb,pebble,224,,,,,,,,,,
2024_10_08_11-50-42.jpg,1128,4257,SU_sand,sand_fine_shell,224,,,,,,,,,,
2024_10_08_11-50-42.jpg,1199,640,RE_branch,red_algae_branching,224,,,,,,,,,,
2024_10_08_11-50-42.jpg,1883,4230,KE_sugar,kelp_sugar,224,0.972,KE_sugar,0.024,KE_sieve,0.002,SU_bould,0.002,KE_stipe,0.000,KE_5rib
2024_10_08_11-50-42.jpg,3366,3383,SU_sand,sand_fine_shell,224,,,,,,,,,,
2024_10_08_11-50-42.jpg,3543,784,RE_branch,red_algae_branching,224,,,,,,,,,,
2024_10_08_11-50-42.jpg,255,3016,KE_sugar,kelp_sugar,224,,,,,,,,,,
2024_10_08_11-50-42.jpg,2020,271,RE_branch,red_algae_branching,224,1.000,RE_branch,0.000,BR_sarg,0.000,RE_CCA,0.000,MS,0.000,RE_leaf
2024_10_08_11-50-42.jpg,1768,1132,RE_branch,red_algae_branching,224,1.000,RE_branch,0.000,BR_sarg,0.000,KE_holdfas,0.000,RE_bush,0.000,RE_leaf
2024_10_08_11-50-42.jpg,879,1119,GR_ulva,green_algae_ulva,224,1.000,GR_ulva,0.000,SU_peb,0.000,KE_bull,0.000,KE_stipe,0.000,SI_kelpBry
2024_10_08_11-50-42.jpg,2066,2593,KE_sugar,kelp_sugar,224,0.972,KE_sugar,0.022,KE_stipe,0.002,MS,0.002,KE_sieve,0.001,SU_bould
2024_10_08_11-50-42.jpg,1707,1269,RE_branch,red_algae_branching,224,1.000,RE_branch,0.000,BR_sarg,0.000,RE_bush,0.000,MS,0.000,KE_holdfas
2024_10_08_11-50-42.jpg,762,1049,GR_ulva,green_algae_ulva,224,1.000,GR_ulva,0.000,SU_peb,0.000,KE_stipe,0.000,KE_5rib,0.000,BR_sarg
2024_10_08_11-50-42.jpg,2942,2783,SU_sand,sand_fine_shell,224,1.000,SU_sand,0.000,SU_silt,0.000,SU_cob,0.000,SU_peb,0.000,SU_shell
2024_10_08_11-50-42.jpg,3126,3141,KE_sugar,kelp_sugar,224,1.000,KE_sugar,0.000,RE_leaf,0.000,KE_5rib,0.000,SU_silt,0.000,SU_cob
2024_10_08_11-52-21.jpg,1649,2433,RE_branch,red_algae_branching,224,,,,,,,,,,
2024_10_08_11-52-21.jpg,1107,3035,RE_fil,red_algae_filamentous,224,0.996,RE_fil,0.002,RE_bush,0.001,RE_branch,0.000,BR_sarg,0.000,KE_stipe
2024_10_08_11-52-21.jpg,1074,2772,BR_sarg,brown_algae_sargassum,224,,,,,,,,,,
2024_10_08_11-52-21.jpg,2671,1574,GR_ulva,green_algae_ulva,224,1.000,GR_ulva,0.000,KE_bull,0.000,BR_sarg,0.000,KE_sieve,0.000,SU_bould
2024_10_08_11-52-21.jpg,2924,2293,GR_ulva,green_algae_ulva,224,,,,,,,,,,
2024_10_08_11-52-21.jpg,3823,1393,GR_ulva,green_algae_ulva,224,1.000,GR_ulva,0.000,KE_bull,0.000,MS,0.000,KE_5rib,0.000,KE_stipe
2024_10_08_11-52-21.jpg,1245,511,KE_sugar,kelp_sugar,224,,,,,,,,,,
2024_10_08_11-52-21.jpg,3834,2096,GR_ulva,green_algae_ulva,224,0.928,GR_ulva,0.066,SU_bould,0.006,KE_bull,0.000,KE_sieve,0.000,KE_stipe
2024_10_08_11-52-21.jpg,2917,3469,RE_branch,red_algae_branching,224,,,,,,,,,,
2024_10_08_11-52-21.jpg,1936,3421,RE_leaf,red_algae_flat_leaf,224,,,,,,,,,,
2024_10_08_11-52-21.jpg,645,1189,KE_sugar,kelp_sugar,224,,,,,,,,,,
2024_10_08_11-52-21.jpg,196,3647,SU_sand,sand_fine_shell,224,,,,,,,,,,
2024_10_08_11-52-21.jpg,2237,1383,SU_silt,silt,224,,,,,,,,,,
2024_10_08_11-52-21.jpg,512,3438,KE_sugar,kelp_sugar,224,,,,,,,,,,
2024_10_08_11-52-21.jpg,1948,4481,RE_leaf,red_algae_flat_leaf,224,,,,,,,,,,
2024_10_08_11-52-21.jpg,1277,2975,RE_branch,red_algae_branching,224,0.956,RE_branch,0.029,BR_sarg,0.012,RE_bush,0.002,MS,0.000,SU_bould
2024_10_08_11-52-21.jpg,3751,3820,GR_ulva,green_algae_ulva,224,,,,,,,,,,
2024_10_08_11-52-21.jpg,2875,1117,GR_ulva,green_algae_ulva,224,1.000,GR_ulva,0.000,unknown,0.000,KE_5rib,0.000,MS,0.000,RE_leaf
2024_10_08_11-52-21.jpg,1964,890,GR_ulva,green_algae_ulva,224,0.993,GR_ulva,0.004,KE_stipe,0.002,KE_sugar,0.001,RE_leaf,0.000,RE_fil
2024_10_08_11-52-21.jpg,1730,362,unknown,unknown_area,224,,,,,,,,,,
2024_10_08_11-52-21.jpg,472,538,KE_sugar,kelp_sugar,224,,,,,,,,,,
2024_10_08_11-52-21.jpg,3471,2845,RE_leaf,red_algae_flat_leaf,224,1.000,RE_leaf,0.000,RE_fil,0.000,MS,0.000,RE_bush,0.000,BR_sarg
2024_10_08_11-52-21.jpg,3413,1575,GR_ulva,green_algae_ulva,224,1.000,GR_ulva,0.000,KE_bull,0.000,unknown,0.000,MS,0.000,KE_5rib
2024_10_08_11-52-21.jpg,3449,3692,GR_ulva,green_algae_ulva,224,0.999,GR_ulva,0.001,KE_sugar,0.000,KE_bull,0.000,KE_sieve,0.000,KE_5rib
2024_10_08_11-52-21.jpg,3821,1514,GR_ulva,green_algae_ulva,224,0.927,GR_ulva,0.066,KE_sieve,0.003,KE_stipe,0.003,KE_bull,0.000,SU_bould
2024_10_08_11-52-21.jpg,2974,3167,RE_leaf,red_algae_flat_leaf,224,1.000,RE_leaf,0.000,RE_fil,0.000,MS,0.000,SU_bould,0.000,RE_bush
2024_10_08_11-52-21.jpg,1996,3948,BR_sarg,brown_algae_sargassum,224,0.934,BR_sarg,0.038,KE_stipe,0.027,MS,0.000,KE_bull,0.000,SU_bould
2024_10_08_11-52-21.jpg,207,839,KE_sugar,kelp_sugar,224,,,,,,,,,,
2024_10_08_11-52-21.jpg,3758,521,GR_ulva,green_algae_ulva,224,,,,,,,,,,
2024_10_08_11-52-21.jpg,1443,1730,GR_ulva,green_algae_ulva,224,,,,,,,,,,
2024_10_08_11-52-21.jpg,810,1844,RE_fil,red_algae_filamentous,224,0.991,RE_fil,0.004,RE_bush,0.004,RE_branch,0.000,RE_leaf,0.000,KE_holdfas
2024_10_08_11-52-21.jpg,281,2646,KE_sugar,kelp_sugar,224,,,,,,,,,,
2024_10_08_11-52-21.jpg,1383,1173,GR_ulva,green_algae_ulva,224,0.997,GR_ulva,0.003,KE_bull,0.000,KE_sieve,0.000,RE_leaf,0.000,SI_kelpBry
2024_10_08_11-52-21.jpg,1390,4444,RE_leaf,red_algae_flat_leaf,224,0.997,RE_leaf,0.001,MS,0.001,RE_branch,0.001,RE_fil,0.000,KE_stipe
2024_10_08_11-52-21.jpg,3232,1868,RE_leaf,red_algae_flat_leaf,224,0.898,RE_leaf,0.099,MS,0.002,KE_bull,0.000,KE_stipe,0.000,RE_CCA
2024_10_08_11-52-21.jpg,1192,3764,BR_sarg,brown_algae_sargassum,224,,,,,,,,,,
2024_10_08_11-52-21.jpg,1498,4228,RE_leaf,red_algae_flat_leaf,224,,,,,,,,,,
2024_10_08_11-52-21.jpg,1962,587,GR_ulva,green_algae_ulva,224,,,,,,,,,,
2024_10_08_11-52-21.jpg,1721,1083,GR_ulva,green_algae_ulva,224,1.000,GR_ulva,0.000,KE_bull,0.000,RE_leaf,0.000,KE_stipe,0.000,KE_sugar
2024_10_08_11-52-21.jpg,2539,3157,RE_leaf,red_algae_flat_leaf,224,,,,,,,,,,
2024_10_08_11-52-21.jpg,1072,348,KE_sugar,kelp_sugar,224,,,,,,,,,,
2024_10_08_11-52-21.jpg,2084,2375,RE_fil,red_algae_filamentous,224,1.000,RE_fil,0.000,MS,0.000,KE_stipe,0.000,RE_leaf,0.000,KE_sugar
2024_10_08_11-52-21.jpg,2868,3817,RE_branch,red_algae_branching,224,,,,,,,,,,
2024_10_08_11-52-21.jpg,1709,1373,GR_ulva,green_algae_ulva,224,0.999,GR_ulva,0.001,RE_leaf,0.000,KE_bull,0.000,KE_sieve,0.000,KE_sugar
2024_10_08_11-52-21.jpg,2640,382,SU_peb,pebble,224,1.000,SU_peb,0.000,GR_ulva,0.000,SU_sand,0.000,SU_shell,0.000,MS
2024_10_08_11-52-21.jpg,2406,2451,RE_leaf,red_algae_flat_leaf,224,,,,,,,,,,
2024_10_08_11-52-21.jpg,1560,1412,GR_ulva,green_algae_ulva,224,1.000,GR_ulva,0.000,KE_bull,0.000,RE_leaf,0.000,MS,0.000,BR_sarg
2024_10_08_11-52-21.jpg,256,613,KE_sugar,kelp_sugar,224,,,,,,,,,,
2024_10_08_11-52-21.jpg,3148,1343,MS,mobile_species,224,,,,,,,,,,
2024_10_08_11-52-21.jpg,2300,1893,SU_bould,boulder,224,,,,,,,,,,
2024_10_08_11-52-30.jpg,950,2037,GR_ulva,green_algae_ulva,224,0.999,GR_ulva,0.001,KE_bull,0.000,SU_bould,0.000,BR_fucus,0.000,KE_stipe
2024_10_08_11-52-30.jpg,2814,3820,SU_silt,silt,224,1.000,SU_silt,0.000,SU_shell,0.000,SU_sand,0.000,MS,0.000,RE_bush
2024_10_08_11-52-30.jpg,2430,2608,GR_ulva,green_algae_ulva,224,0.987,GR_ulva,0.007,BR_sarg,0.004,KE_stipe,0.002,KE_bull,0.000,BR_fucus
2024_10_08_11-52-30.jpg,2598,1006,KE_5rib,kelp_five_rib,224,1.000,KE_5rib,0.000,SU_silt,0.000,KE_sugar,0.000,KE_sieve,0.000,MS
2024_10_08_11-52-30.jpg,382,124,GR_ulva,green_algae_ulva,224,,,,,,,,,,
2024_10_08_11-52-30.jpg,2203,2892,SU_silt,silt,224,1.000,SU_silt,0.000,SU_shell,0.000,SU_sand,0.000,KE_sugar,0.000,MS
2024_10_08_11-52-30.jpg,3632,333,KE_5rib,kelp_five_rib,224,0.994,KE_5rib,0.002,KE_sieve,0.002,KE_sugar,0.001,GR_ulva,0.001,MS
2024_10_08_11-52-30.jpg,2051,4178,SU_silt,silt,224,0.954,SU_silt,0.038,SU_sand,0.006,SI_kelpBry,0.001,KE_sugar,0.000,RE_branch
2024_10_08_11-52-30.jpg,1896,441,GR_ulva,green_algae_ulva,224,1.000,GR_ulva,0.000,KE_stipe,0.000,SU_cob,0.000,SU_peb,0.000,KE_5rib
2024_10_08_11-52-30.jpg,3748,3035,KE_5rib,kelp_five_rib,224,,,,,,,,,,
2024_10_08_11-52-30.jpg,1175,2685,SU_sand,sand_fine_shell,224,,,,,,,,,,
2024_10_08_11-52-30.jpg,2090,1804,RE_branch,red_algae_branching,224,0.908,RE_branch,0.080,BR_sarg,0.006,MS,0.006,RE_bush,0.001,GR_ulva
2024_10_08_11-52-30.jpg,1870,3467,KE_5rib,kelp_five_rib,224,1.000,KE_5rib,0.000,KE_sieve,0.000,MS,0.000,SU_bould,0.000,KE_sugar
2024_10_08_11-52-30.jpg,2107,2164,RE_branch,red_algae_branching,224,,,,,,,,,,
2024_10_08_11-52-30.jpg,3071,2452,SU_bould,boulder,224,0.956,SU_bould,0.044,SU_cob,0.000,KE_sieve,0.000,RE_bush,0.000,KE_stipe
2024_10_08_11-52-30.jpg,3630,120,KE_5rib,kelp_five_rib,224,,,,,,,,,,
2024_10_08_11-52-30.jpg,1638,3343,KE_5rib,kelp_five_rib,224,,,,,,,,,,
2024_10_08_11-52-30.jpg,1126,860,GR_ulva,green_algae_ulva,224,1.000,GR_ulva,0.000,KE_sugar,0.000,KE_sieve,0.000,KE_bull,0.000,KE_stipe
2024_10_08_11-52-30.jpg,745,1897,SU_sand,sand_fine_shell,224,,,,,,,,,,
2024_10_08_11-52-30.jpg,2735,413,KE_5rib,kelp_five_rib,224,,,,,,,,,,
2024_10_08_11-52-30.jpg,2255,192,GR_ulva,green_algae_ulva,224,1.000,GR_ulva,0.000,SU_peb,0.000,MS,0.000,RE_leaf,0.000,KE_5rib
2024_10_08_11-52-30.jpg,2341,2751,GR_ulva,green_algae_ulva,224,,,,,,,,,,
2024_10_08_11-52-30.jpg,1413,3177,KE_5rib,kelp_five_rib,224,,,,,,,,,,
2024_10_08_11-52-30.jpg,1439,1213,GR_ulva,green_algae_ulva,224,1.000,GR_ulva,0.000,KE_bull,0.000,KE_5rib,0.000,KE_sugar,0.000,RE_leaf
2024_10_08_11-52-30.jpg,3362,1586,RE_leaf,red_algae_flat_leaf,224,,,,,,,,,,
2024_10_08_11-52-30.jpg,2447,1982,SU_sand,sand_fine_shell,224,1.000,SU_sand,0.000,SU_silt,0.000,SU_peb,0.000,SU_shell,0.000,RE_CCA
2024_10_08_11-52-30.jpg,3395,131,KE_5rib,kelp_five_rib,224,,,,,,,,,,
2024_10_08_11-52-30.jpg,1607,3494,SU_sand,sand_fine_shell,224,0.955,SU_sand,0.044,SU_silt,0.001,MS,0.000,SU_shell,0.000,RE_bush
2024_10_08_11-52-30.jpg,263,1000,GR_ulva,green_algae_ulva,224,1.000,GR_ulva,0.000,RE_leaf,0.000,KE_sugar,0.000,unknown,0.000,KE_bull
2024_10_08_11-52-30.jpg,663,3873,GR_ulva,green_algae_ulva,224,1.000,GR_ulva,0.000,SU_peb,0.000,SU_cob,0.000,SI,0.000,KE_stipe
2024_10_08_11-52-30.jpg,3266,2537,KE_5rib,kelp_five_rib,224,,,,,,,,,,
2024_10_08_11-52-30.jpg,1471,3664,SU_silt,silt,224,0.961,SU_silt,0.039,SU_sand,0.000,SU_shell,0.000,SI_kelpBry,0.000,RE_CCA
2024_10_08_11-52-30.jpg,1863,3841,SU_sand,sand_fine_shell,224,0.982,SU_sand,0.017,SU_silt,0.000,MS,0.000,SU_shell,0.000,KE_sugar
2024_10_08_11-52-30.jpg,2910,4190,SU_silt,silt,224,1.000,SU_silt,0.000,SU_sand,0.000,SU_shell,0.000,SU_bould,0.000,RE_CCA
2024_10_08_11-52-30.jpg,3089,1417,KE_5rib,kelp_five_rib,224,,,,,,,,,,
2024_10_08_11-52-30.jpg,749,4119,GR_ulva,green_algae_ulva,224,1.000,GR_ulva,0.000,SU_cob,0.000,SU_peb,0.000,SI,0.000,RE_leaf
2024_10_08_11-52-30.jpg,1310,2878,KE_5rib,kelp_five_rib,224,,,,,,,,,,
2024_10_08_11-52-30.jpg,1991,3322,KE_5rib,kelp_five_rib,224,1.000,KE_5rib,0.000,KE_sieve,0.000,RE_fil,0.000,RE_leaf,0.000,GR_ulva
2024_10_08_11-52-30.jpg,475,4468,GR_ulva,green_algae_ulva,224,1.000,GR_ulva,0.000,SI,0.000,SI_kelpBry,0.000,KE_5rib,0.000,RE_leaf
2024_10_08_11-52-30.jpg,2611,2643,RE_fil,red_algae_filamentous,224,,,,,,,,,,
2024_10_08_11-52-30.jpg,606,529,GR_ulva,green_algae_ulva,224,0.920,GR_ulva,0.064,MS,0.011,KE_sugar,0.003,unknown,0.001,KE_5rib
2024_10_08_11-52-30.jpg,189,2610,GR_ulva,green_algae_ulva,224,1.000,GR_ulva,0.000,BR_sarg,0.000,BR_fucus,0.000,MS,0.000,RE_leaf
2024_10_08_11-52-30.jpg,280,1628,GR_ulva,green_algae_ulva,224,,,,,,,,,,
2024_10_08_11-52-30.jpg,537,2481,GR_ulva,green_algae_ulva,224,1.000,GR_ulva,0.000,KE_5rib,0.000,KE_bull,0.000,BR_sarg,0.000,KE_sieve
2024_10_08_11-52-30.jpg,3745,4219,RE_fil,red_algae_filamentous,224,,,,,,,,,,
2024_10_08_11-52-30.jpg,641,1743,SU_sand,sand_fine_shell,224,,,,,,,,,,
2024_10_08_11-52-30.jpg,2849,1408,SU_sand,sand_fine_shell,224,,,,,,,,,,
2024_10_08_11-52-30.jpg,3419,411,KE_5rib,kelp_five_rib,224,,,,,,,,,,
2024_10_08_11-52-30.jpg,3218,3750,SU_sand,sand_fine_shell,224,0.988,SU_sand,0.012,SU_silt,0.000,SU_shell,0.000,RE_CCA,0.000,SI_kelpBry
2024_10_08_11-52-30.jpg,1264,1985,RE_branch,red_algae_branching,224,1.000,RE_branch,0.000,RE_leaf,0.000,BR_sarg,0.000,MS,0.000,RE_bush
2024_10_08_11-52-39.jpg,2482,1005,GR_ulva,green_algae_ulva,224,1.000,GR_ulva,0.000,KE_sieve,0.000,SU_bould,0.000,KE_5rib,0.000,unknown
2024_10_08_11-52-39.jpg,597,991,RE_leaf,red_algae_flat_leaf,224,0.962,RE_leaf,0.020,MS,0.011,KE_stipe,0.003,KE_sieve,0.001,KE_5rib
2024_10_08_11-52-39.jpg,1285,1759,GR_ulva,green_algae_ulva,224,1.000,GR_ulva,0.000,SU_peb,0.000,KE_bull,0.000,KE_sugar,0.000,BR_sarg
2024_10_08_11-52-39.jpg,533,1262,RE_branch,red_algae_branching,224,,,,,,,,,,
2024_10_08_11-52-39.jpg,2097,3787,GR_ulva,green_algae_ulva,224,1.000,GR_ulva,0.000,SU_peb,0.000,KE_bull,0.000,MS,0.000,SI_kelpBry
2024_10_08_11-52-39.jpg,1871,3539,GR_ulva,green_algae_ulva,224,0.968,GR_ulva,0.017,SU_bould,0.010,KE_sieve,0.002,BR_sarg,0.001,SU_silt
2024_10_08_11-52-39.jpg,411,1682,RE_branch,red_algae_branching,224,0.919,RE_branch,0.074,RE_bush,0.006,MS,0.001,SU_bould,0.000,BR_sarg
2024_10_08_11-52-39.jpg,2957,4192,GR_ulva,green_algae_ulva,224,1.000,GR_ulva,0.000,SU_peb,0.000,SU_bould,0.000,KE_stipe,0.000,SU_cob
2024_10_08_11-52-39.jpg,3905,4200,SU_sand,sand_fine_shell,224,0.928,SU_sand,0.072,SU_silt,0.000,SU_shell,0.000,RE_CCA,0.000,SU_cob
2024_10_08_11-52-39.jpg,1768,2635,GR_ulva,green_algae_ulva,224,1.000,GR_ulva,0.000,KE_sieve,0.000,SU_bould,0.000,KE_bull,0.000,RE_leaf
2024_10_08_11-52-39.jpg,2180,3675,SU_sand,sand_fine_shell,224,,,,,,,,,,
2024_10_08_11-52-39.jpg,368,1243,GR_ulva,green_algae_ulva,224,0.990,GR_ulva,0.007,MS,0.003,BR_sarg,0.000,RE_leaf,0.000,KE_bull
2024_10_08_11-52-39.jpg,2794,3215,GR_ulva,green_algae_ulva,224,1.000,GR_ulva,0.000,SU_peb,0.000,SI,0.000,SU_cob,0.000,KE_sugar
2024_10_08_11-52-39.jpg,2099,716,GR_ulva,green_algae_ulva,224,1.000,GR_ulva,0.000,KE_5rib,0.000,unknown,0.000,RE_leaf,0.000,KE_bull
2024_10_08_11-52-39.jpg,270,1042,RE_leaf,red_algae_flat_leaf,224,,,,,,,,,,
2024_10_08_11-52-39.jpg,2238,3173,GR_ulva,green_algae_ulva,224,1.000,GR_ulva,0.000,RE_leaf,0.000,KE_5rib,0.000,unknown,0.000,BR_sarg
2024_10_08_11-52-39.jpg,3147,3798,GR_ulva,green_algae_ulva,224,1.000,GR_ulva,0.000,RE_leaf,0.000,SI,0.000,SI_kelpBry,0.000,SU_cob
2024_10_08_11-52-39.jpg,769,2325,RE_branch,red_algae_branching,224,,,,,,,,,,
2024_10_08_11-52-39.jpg,1089,1668,SU_bould,boulder,224,,,,,,,,,,
2024_10_08_11-52-39.jpg,2950,2709,GR_ulva,green_algae_ulva,224,0.998,GR_ulva,0.002,KE_bull,0.000,KE_5rib,0.000,RE_leaf,0.000,BR_sarg
2024_10_08_11-52-39.jpg,645,2474,RE_branch,red_algae_branching,224,1.000,RE_branch,0.000,RE_fil,0.000,RE_leaf,0.000,RE_bush,0.000,BR_sarg
2024_10_08_11-52-39.jpg,791,4262,GR_ulva,green_algae_ulva,224,0.945,GR_ulva,0.054,KE_stipe,0.000,RE_leaf,0.000,MS,0.000,KE_5rib
2024_10_08_11-52-39.jpg,2695,1788,GR_ulva,green_algae_ulva,224,1.000,GR_ulva,0.000,SU_bould,0.000,KE_bull,0.000,KE_sugar,0.000,unknown
2024_10_08_11-52-39.jpg,1958,3061,GR_ulva,green_algae_ulva,224,0.998,GR_ulva,0.002,KE_bull,0.000,KE_5rib,0.000,RE_leaf,0.000,MS
2024_10_08_11-52-39.jpg,1272,495,SU_anth,anthropogenic,224,,,,,,,,,,
2024_10_08_11-52-39.jpg,3804,3074,SU_silt,silt,224,1.000,SU_silt,0.000,SU_shell,0.000,SU_sand,0.000,unknown,0.000,RE_CCA
2024_10_08_11-52-39.jpg,3172,4072,GR_ulva,green_algae_ulva,224,1.000,GR_ulva,0.000,KE_5rib,0.000,SU_cob,0.000,SU_peb,0.000,BR_sarg
2024_10_08_11-52-39.jpg,574,210,KE_sugar,kelp_sugar,224,0.958,KE_sugar,0.037,MS,0.002,GR_ulva,0.001,SU_bould,0.001,KE_stipe
2024_10_08_11-52-39.jpg,1911,3344,GR_ulva,green_algae_ulva,224,0.948,GR_ulva,0.052,KE_sieve,0.000,SU_bould,0.000,KE_stipe,0.000,KE_bull
2024_10_08_11-52-39.jpg,1541,304,GR_ulva,green_algae_ulva,224,1.000,GR_ulva,0.000,KE_5rib,0.000,SU_peb,0.000,RE_leaf,0.000,SU_cob
2024_10_08_11-52-39.jpg,2267,4136,SU_sand,sand_fine_shell,224,0.998,SU_sand,0.001,SU_silt,0.000,SI_kelpBry,0.000,SU_peb,0.000,RE_CCA
2024_10_08_11-52-39.jpg,3569,2558,GR_ulva,green_algae_ulva,224,1.000,GR_ulva,0.000,KE_bull,0.000,KE_sieve,0.000,KE_stipe,0.000,KE_sugar
2024_10_08_11-52-39.jpg,3700,1079,GR_ulva,green_algae_ulva,224,1.000,GR_ulva,0.000,RE_leaf,0.000,KE_sieve,0.000,KE_bull,0.000,SU_bould
2024_10_08_11-52-39.jpg,2685,3040,GR_ulva,green_algae_ulva,224,1.000,GR_ulva,0.000,KE_5rib,0.000,BR_sarg,0.000,SU_cob,0.000,SI
2024_10_08_11-52-39.jpg,1982,3837,SU_sand,sand_fine_shell,224,,,,,,,,,,
2024_10_08_11-52-39.jpg,3388,1406,GR_ulva,green_algae_ulva,224,0.976,GR_ulva,0.019,KE_sugar,0.004,RE_leaf,0.001,unknown,0.000,KE_5rib
2024_10_08_11-52-39.jpg,705,3958,RE_bush,red_algae_bushy,224,,,,,,,,,,
2024_10_08_11-52-39.jpg,283,2963,GR_ulva,green_algae_ulva,224,0.994,GR_ulva,0.003,MS,0.002,KE_bull,0.001,KE_stipe,0.000,SI
2024_10_08_11-52-39.jpg,3229,2434,GR_ulva,green_algae_ulva,224,1.000,GR_ulva,0.000,KE_5rib,0.000,RE_leaf,0.000,KE_bull,0.000,RE_fil
2024_10_08_11-52-39.jpg,3275,1207,GR_ulva,green_algae_ulva,224,1.000,GR_ulva,0.000,KE_5rib,0.000,RE_leaf,0.000,KE_sieve,0.000,KE_bull
2024_10_08_11-52-39.jpg,1605,3917,GR_ulva,green_algae_ulva,224,1.000,GR_ulva,0.000,SU_peb,0.000,KE_sugar,0.000,SI,0.000,RE_leaf
2024_10_08_11-52-39.jpg,2145,856,GR_ulva,green_algae_ulva,224,1.000,GR_ulva,0.000,unknown,0.000,KE_5rib,0.000,RE_leaf,0.000,KE_sieve
2024_10_08_11-52-39.jpg,447,2460,RE_branch,red_algae_branching,224,,,,,,,,,,
2024_10_08_11-52-39.jpg,1571,2415,GR_ulva,green_algae_ulva,224,1.000,GR_ulva,0.000,KE_5rib,0.000,KE_bull,0.000,RE_leaf,0.000,MS
2024_10_08_11-52-39.jpg,2085,360,GR_ulva,green_algae_ulva,224,1.000,GR_ulva,0.000,unknown,0.000,RE_leaf,0.000,KE_5rib,0.000,KE_sieve
2024_10_08_11-52-39.jpg,1556,3687,GR_ulva,green_algae_ulva,224,1.000,GR_ulva,0.000,KE_5rib,0.000,RE_leaf,0.000,BR_sarg,0.000,MS
2024_10_08_11-52-39.jpg,796,2902,RE_fil,red_algae_filamentous,224,1.000,RE_fil,0.000,KE_sugar,0.000,RE_CCA,0.000,BR_sarg,0.000,KE_5rib
2024_10_08_11-52-39.jpg,1674,2821,GR_ulva,green_algae_ulva,224,1.000,GR_ulva,0.000,KE_bull,0.000,RE_leaf,0.000,SU_bould,0.000,MS
2024_10_08_11-52-39.jpg,2620,4272,SU_peb,pebble,224,0.944,SU_peb,0.055,SU_sand,0.001,SU_shell,0.000,SU_silt,0.000,SU_cob
2024_10_08_11-52-39.jpg,3422,2768,GR_ulva,green_algae_ulva,224,1.000,GR_ulva,0.000,KE_bull,0.000,MS,0.000,KE_stipe,0.000,SU_bould
2024_10_08_11-52-48.jpg,1390,2509,GR_ulva,green_algae_ulva,224,0.999,GR_ulva,0.001,KE_5rib,0.000,KE_sieve,0.000,RE_leaf,0.000,KE_sugar
2024_10_08_11-52-48.jpg,2098,3571,GR_ulva,green_algae_ulva,224,1.000,GR_ulva,0.000,KE_sieve,0.000,KE_sugar,0.000,unknown,0.000,MS
2024_10_08_11-52-48.jpg,651,1360,GR_ulva,green_algae_ulva,224,0.936,GR_ulva,0.064,SU_peb,0.000,KE_stipe,0.000,SU_shell,0.000,SI_kelpBry
2024_10_08_11-52-48.jpg,322,3890,GR_ulva,green_algae_ulva,224,1.000,GR_ulva,0.000,unknown,0.000,KE_sugar,0.000,MS,0.000,RE_leaf
2024_10_08_11-52-48.jpg,191,417,SU_peb,pebble,224,1.000,SU_peb,0.000,GR_ulva,0.000,SU_cob,0.000,SU_bould,0.000,KE_stipe
2024_10_08_11-52-48.jpg,2962,1499,GR_ulva,green_algae_ulva,224,0.999,GR_ulva,0.001,SU_peb,0.000,SU_cob,0.000,SI,0.000,KE_5rib
2024_10_08_11-52-48.jpg,3101,1566,SU_peb,pebble,224,0.996,SU_peb,0.004,SU_sand,0.001,SU_cob,0.000,SU_shell,0.000,SU_silt
2024_10_08_11-52-48.jpg,2126,420,BR_sarg,brown_algae_sargassum,224,,,,,,,,,,
2024_10_08_11-52-48.jpg,3350,4424,RE_bush,red_algae_bushy,224,0.980,RE_bush,0.019,SU_silt,0.001,RE_branch,0.000,RE_leaf,0.000,MS
2024_10_08_11-52-48.jpg,1670,4034,GR_ulva,green_algae_ulva,224,0.904,GR_ulva,0.067,unknown,0.024,KE_sugar,0.003,SU_silt,0.001,KE_5rib
2024_10_08_11-52-48.jpg,3374,1931,SU_bould,boulder,224,0.947,SU_bould,0.035,SU_cob,0.010,BR_sarg,0.001,BR_fucus,0.001,SU_silt
2024_10_08_11-52-48.jpg,2272,1717,RE_branch,red_algae_branching,224,0.999,RE_branch,0.001,RE_bush,0.000,BR_sarg,0.000,RE_fil,0.000,MS
2024_10_08_11-52-48.jpg,1467,1647,RE_branch,red_algae_branching,224,,,,,,,,,,
2024_10_08_11-52-48.jpg,2678,2174,KE_sugar,kelp_sugar,224,,,,,,,,,,
2024_10_08_11-52-48.jpg,2892,1649,GR_ulva,green_algae_ulva,224,1.000,GR_ulva,0.000,SU_cob,0.000,SU_peb,0.000,KE_bull,0.000,MS
2024_10_08_11-52-48.jpg,3146,1240,SU_peb,pebble,224,1.000,SU_peb,0.000,SU_bould,0.000,KE_stipe,0.000,SU_cob,0.000,SU_sand
2024_10_08_11-52-48.jpg,2712,2808,RE_fil,red_algae_filamentous,224,,,,,,,,,,
2024_10_08_11-52-48.jpg,3093,4276,SU_silt,silt,224,,,,,,,,,,
2024_10_08_11-52-48.jpg,1521,2113,GR_ulva,green_algae_ulva,224,0.967,GR_ulva,0.013,KE_sugar,0.007,RE_leaf,0.007,KE_5rib,0.006,KE_bull
2024_10_08_11-52-48.jpg,3540,3290,RE_fil,red_algae_filamentous,224,0.959,RE_fil,0.026,RE_leaf,0.015,SU_bould,0.000,KE_5rib,0.000,KE_sugar
2024_10_08_11-52-48.jpg,450,4357,GR_ulva,green_algae_ulva,224,0.903,GR_ulva,0.094,unknown,0.001,KE_sugar,0.001,MS,0.001,SU_silt
2024_10_08_11-52-48.jpg,353,2430,GR_ulva,green_algae_ulva,224,1.000,GR_ulva,0.000,RE_fil,0.000,KE_sugar,0.000,unknown,0.000,KE_5rib
2024_10_08_11-52-48.jpg,187,1464,GR_ulva,green_algae_ulva,224,0.994,GR_ulva,0.006,SU_peb,0.000,SU_cob,0.000,KE_stipe,0.000,SU_bould
2024_10_08_11-52-48.jpg,2763,333,SU_sand,sand_fine_shell,224,0.933,SU_sand,0.031,SU_cob,0.025,SU_peb,0.007,SI_kelpBry,0.001,MS
2024_10_08_11-52-48.jpg,617,4143,GR_ulva,green_algae_ulva,224,0.992,GR_ulva,0.007,unknown,0.000,KE_stipe,0.000,MS,0.000,SU_silt
2024_10_08_11-52-48.jpg,772,804,KE_sugar,kelp_sugar,224,,,,,,,,,,
2024_10_08_11-52-48.jpg,2208,2087,SU_sand,sand_fine_shell,224,0.920,SU_sand,0.058,SU_peb,0.014,MS,0.003,KE_stipe,0.002,SU_bould
2024_10_08_11-52-48.jpg,2286,1231,BR_sarg,brown_algae_sargassum,224,0.999,BR_sarg,0.001,RE_branch,0.000,KE_holdfas,0.000,SU_bould,0.000,RE_CCA
2024_10_08_11-52-48.jpg,1669,909,BR_sarg,brown_algae_sargassum,224,0.960,BR_sarg,0.021,RE_branch,0.017,KE_holdfas,0.002,MS,0.000,KE_stipe
2024_10_08_11-52-48.jpg,3805,2859,RE_branch,red_algae_branching,224,,,,,,,,,,
2024_10_08_11-52-48.jpg,397,246,SU_peb,pebble,224,,,,,,,,,,
2024_10_08_11-52-48.jpg,2093,1241,BR_sarg,brown_algae_sargassum,224,1.000,BR_sarg,0.000,RE_branch,0.000,BR_fucus,0.000,SU_bould,0.000,KE_5rib
2024_10_08_11-52-48.jpg,2485,315,BR_sarg,brown_algae_sargassum,224,,,,,,,,,,
2024_10_08_11-52-48.jpg,3680,2851,RE_branch,red_algae_branching,224,,,,,,,,,,
2024_10_08_11-52-48.jpg,3314,1405,SU_sand,sand_fine_shell,224,0.973,SU_sand,0.019,SU_peb,0.004,SU_cob,0.002,RE_bush,0.001,MS
2024_10_08_11-52-48.jpg,2679,1994,RE_branch,red_algae_branching,224,,,,,,,,,,
2024_10_08_11-52-48.jpg,3686,2494,GR_ulva,green_algae_ulva,224,1.000,GR_ulva,0.000,KE_5rib,0.000,SI,0.000,BR_sarg,0.000,RE_leaf
2024_10_08_11-52-48.jpg,919,1578,KE_sugar,kelp_sugar,224,,,,,,,,,,
2024_10_08_11-52-48.jpg,930,2535,GR_ulva,green_algae_ulva,224,1.000,GR_ulva,0.000,KE_bull,0.000,BR_fucus,0.000,KE_sieve,0.000,KE_5rib
2024_10_08_11-52-48.jpg,2449,2872,GR_ulva,green_algae_ulva,224,1.000,GR_ulva,0.000,KE_sugar,0.000,KE_bull,0.000,MS,0.000,KE_5rib
2024_10_08_11-52-48.jpg,645,1841,GR_ulva,green_algae_ulva,224,1.000,GR_ulva,0.000,KE_5rib,0.000,RE_leaf,0.000,KE_bull,0.000,MS
2024_10_08_11-52-48.jpg,3455,4071,RE_bush,red_algae_bushy,224,1.000,RE_bush,0.000,SU_silt,0.000,RE_branch,0.000,RE_leaf,0.000,SU_sand
2024_10_08_11-52-48.jpg,2807,2005,GR_ulva,green_algae_ulva,224,,,,,,,,,,
2024_10_08_11-52-48.jpg,3163,1404,SU_sand,sand_fine_shell,224,1.000,SU_sand,0.000,SU_peb,0.000,SU_silt,0.000,SU_shell,0.000,RE_CCA
2024_10_08_11-52-48.jpg,3358,617,GR_ulva,green_algae_ulva,224,1.000,GR_ulva,0.000,SU_peb,0.000,KE_stipe,0.000,MS,0.000,SI_kelpBry
2024_10_08_11-52-48.jpg,2948,400,SU_sand,sand_fine_shell,224,1.000,SU_sand,0.000,SU_silt,0.000,SU_peb,0.000,MS,0.000,SI_kelpBry
2024_10_08_11-52-48.jpg,836,1838,GR_ulva,green_algae_ulva,224,0.994,GR_ulva,0.004,KE_5rib,0.001,KE_sugar,0.001,KE_bull,0.000,SI
2024_10_08_11-52-48.jpg,788,3443,RE_fil,red_algae_filamentous,224,,,,,,,,,,
2024_10_08_11-52-48.jpg,801,4042,RE_branch,red_algae_branching,224,,,,,,,,,,
2024_10_08_11-52-48.jpg,891,723,SU_peb,pebble,224,,,,,,,,,,
2024_10_08_11-53-00.jpg,3857,1733,SU_sand,sand_fine_shell,224,,,,,,,,,,
2024_10_08_11-53-00.jpg,562,145,KE_sugar,kelp_sugar,224,,,,,,,,,,
2024_10_08_11-53-00.jpg,798,3249,SU_sand,sand_fine_shell,224,1.000,SU_sand,0.000,SU_cob,0.000,SU_peb,0.000,SU_silt,0.000,RE_CCA
2024_10_08_11-53-00.jpg,468,527,SU_anth,anthropogenic,224,,,,,,,,,,
2024_10_08_11-53-00.jpg,2555,3168,GR_ulva,green_algae_ulva,224,1.000,GR_ulva,0.000,BR_sarg,0.000,KE_bull,0.000,RE_leaf,0.000,KE_5rib
2024_10_08_11-53-00.jpg,561,4349,RE_bush,red_algae_bushy,224,0.904,RE_bush,0.060,RE_fil,0.027,SU_bould,0.005,RE_branch,0.002,BR_sarg
2024_10_08_11-53-00.jpg,1665,2584,GR_ulva,green_algae_ulva,224,1.000,GR_ulva,0.000,RE_leaf,0.000,SU_cob,0.000,SI,0.000,SI_kelpBry
2024_10_08_11-53-00.jpg,3686,4387,RE_branch,red_algae_branching,224,0.915,RE_branch,0.058,KE_5rib,0.025,RE_bush,0.000,RE_leaf,0.000,RE_CCA
2024_10_08_11-53-00.jpg,809,3753,RE_leaf,red_algae_flat_leaf,224,,,,,,,,,,
2024_10_08_11-53-00.jpg,3256,3043,GR_ulva,green_algae_ulva,224,1.000,GR_ulva,0.000,BR_sarg,0.000,KE_sieve,0.000,KE_bull,0.000,RE_leaf
2024_10_08_11-53-00.jpg,3529,806,SU_anth,anthropogenic,224,,,,,,,,,,
2024_10_08_11-53-00.jpg,1415,3178,SU_silt,silt,224,1.000,SU_silt,0.000,SU_sand,0.000,SU_shell,0.000,SI_kelpBry,0.000,RE_bush
2024_10_08_11-53-00.jpg,1064,1615,SU_sand,sand_fine_shell,224,1.000,SU_sand,0.000,SU_silt,0.000,SU_shell,0.000,SU_cob,0.000,SU_peb
2024_10_08_11-53-00.jpg,3901,3544,MS,mobile_species,224,1.000,MS,0.000,SU_bould,0.000,SU_silt,0.000,RE_bush,0.000,SU_cob
2024_10_08_11-53-00.jpg,3609,425,KE_sugar,kelp_sugar,224,,,,,,,,,,
2024_10_08_11-53-00.jpg,790,3384,SU_sand,sand_fine_shell,224,,,,,,,,,,
2024_10_08_11-53-00.jpg,1719,2766,SU_sand,sand_fine_shell,224,1.000,SU_sand,0.000,SU_shell,0.000,SI,0.000,SU_silt,0.000,SU_peb
2024_10_08_11-53-00.jpg,418,1274,SU_cob,cobble,224,,,,,,,,,,
2024_10_08_11-53-00.jpg,2472,1237,SU_peb,pebble,224,,,,,,,,,,
2024_10_08_11-53-00.jpg,3290,4102,SU_cob,cobble,224,,,,,,,,,,
2024_10_08_11-53-00.jpg,1997,1435,SU_sand,sand_fine_shell,224,,,,,,,,,,
2024_10_08_11-53-00.jpg,2472,397,SU_peb,pebble,224,0.995,SU_peb,0.003,SU_sand,0.001,GR_ulva,0.000,SU_silt,0.000,SU_shell
2024_10_08_11-53-00.jpg,2170,1059,SU_sand,sand_fine_shell,224,1.000,SU_sand,0.000,SU_silt,0.000,SI_kelpBry,0.000,MS,0.000,SU_shell
2024_10_08_11-53-00.jpg,1280,3982,RE_fil,red_algae_filamentous,224,1.000,RE_fil,0.000,RE_leaf,0.000,RE_branch,0.000,RE_bush,0.000,RE_CCA
2024_10_08_11-53-00.jpg,3003,698,SU_anth,anthropogenic,224,,,,,,,,,,
2024_10_08_11-53-00.jpg,2670,1055,SU_cob,cobble,224,,,,,,,,,,
2024_10_08_11-53-00.jpg,2117,2224,GR_ulva,green_algae_ulva,224,1.000,GR_ulva,0.000,RE_leaf,0.000,KE_sugar,0.000,KE_5rib,0.000,KE_bull
2024_10_08_11-53-00.jpg,2747,3157,RE_branch,red_algae_branching,224,,,,,,,,,,
2024_10_08_11-53-00.jpg,3657,2850,GR_ulva,green_algae_ulva,224,1.000,GR_ulva,0.000,KE_sieve,0.000,KE_bull,0.000,KE_stipe,0.000,SU_bould
2024_10_08_11-53-00.jpg,1049,3392,SU_cob,cobble,224,,,,,,,,,,
2024_10_08_11-53-00.jpg,1702,3077,SU_peb,pebble,224,1.000,SU_peb,0.000,SU_cob,0.000,SU_shell,0.000,GR_ulva,0.000,KE_5rib
2024_10_08_11-53-00.jpg,2796,3784,GR_ulva,green_algae_ulva,224,1.000,GR_ulva,0.000,SI,0.000,MS,0.000,RE_leaf,0.000,SU_cob
2024_10_08_11-53-00.jpg,645,2287,SU_sand,sand_fine_shell,224,1.000,SU_sand,0.000,SU_silt,0.000,SU_peb,0.000,SU_shell,0.000,SU_cob
2024_10_08_11-53-00.jpg,3739,645,KE_sugar,kelp_sugar,224,,,,,,,,,,
2024_10_08_11-53-00.jpg,1651,1648,SU_silt,silt,224,0.938,SU_silt,0.039,SU_shell,0.022,SU_sand,0.000,SU_peb,0.000,GR_ulva
2024_10_08_11-53-00.jpg,2821,4272,SU_sand,sand_fine_shell,224,1.000,SU_sand,0.000,SU_silt,0.000,SU_peb,0.000,SU_shell,0.000,SU_cob
2024_10_08_11-53-00.jpg,3772,3833,RE_branch,red_algae_branching,224,,,,,,,,,,
2024_10_08_11-53-00.jpg,858,501,SU_peb,pebble,224,1.000,SU_peb,0.000,SU_silt,0.000,SU_shell,0.000,SU_sand,0.000,MS
2024_10_08_11-53-00.jpg,1834,1051,SU_cob,cobble,224,,,,,,,,,,
2024_10_08_11-53-00.jpg,2003,2217,GR_ulva,green_algae_ulva,224,1.000,GR_ulva,0.000,RE_leaf,0.000,BR_sarg,0.000,KE_sugar,0.000,KE_bull
2024_10_08_11-53-00.jpg,3894,2595,GR_ulva,green_algae_ulva,224,0.999,GR_ulva,0.000,KE_5rib,0.000,RE_fil,0.000,BR_fucus,0.000,KE_sieve
2024_10_08_11-53-00.jpg,1455,3657,SU_bould,boulder,224,,,,,,,,,,
2024_10_08_11-53-00.jpg,3509,2516,GR_ulva,green_algae_ulva,224,0.999,GR_ulva,0.001,KE_bull,0.000,KE_5rib,0.000,RE_leaf,0.000,KE_sugar
2024_10_08_11-53-00.jpg,881,1557,SU_sand,sand_fine_shell,224,0.998,SU_sand,0.001,SU_silt,0.000,SU_peb,0.000,SU_shell,0.000,SU_cob
2024_10_08_11-53-00.jpg,3234,4414,SU_shell,shell_hash,224,,,,,,,,,,
2024_10_08_11-53-00.jpg,276,2077,KE_sugar,kelp_sugar,224,,,,,,,,,,
2024_10_08_11-53-00.jpg,1678,905,SU_peb,pebble,224,,,,,,,,,,
2024_10_08_11-53-00.jpg,3884,1880,SU_sand,sand_fine_shell,224,0.999,SU_sand,0.001,SU_peb,0.000,SU_cob,0.000,RE_bush,0.000,RE_CCA
2024_10_08_11-53-00.jpg,2004,4405,GR_ulva,green_algae_ulva,224,0.996,GR_ulva,0.002,KE_sugar,0.002,unknown,0.000,SU_silt,0.000,MS
2024_10_08_11-53-00.jpg,3271,3803,RE_bush,red_algae_bushy,224,0.999,RE_bush,0.001,RE_branch,0.000,MS,0.000,BR_sarg,0.000,BR_fucus
2024_10_08_11-53-09.jpg,2170,2434,RE_bush,red_algae_bushy,224,1.000,RE_bush,0.000,RE_leaf,0.000,SU_sand,0.000,RE_branch,0.000,KE_sugar
2024_10_08_11-53-09.jpg,1520,1799,RE_branch,red_algae_branching,224,,,,,,,,,,
2024_10_08_11-53-09.jpg,3445,2922,KE_sugar,kelp_sugar,224,,,,,,,,,,
2024_10_08_11-53-09.jpg,3842,2497,SU_peb,pebble,224,0.999,SU_peb,0.001,SU_cob,0.000,SU_sand,0.000,SU_silt,0.000,SU_bould
2024_10_08_11-53-09.jpg,1023,509,SU_anth,anthropogenic,224,,,,,,,,,,
2024_10_08_11-53-09.jpg,3644,2201,SU_cob,cobble,224,,,,,,,,,,
2024_10_08_11-53-09.jpg,1465,4276,RE_branch,red_algae_branching,224,0.991,RE_branch,0.003,KE_sieve,0.003,KE_5rib,0.001,KE_sugar,0.000,KE_holdfas
2024_10_08_11-53-09.jpg,2416,2217,BR_sarg,brown_algae_sargassum,224,0.947,BR_sarg,0.047,KE_sugar,0.004,RE_branch,0.002,KE_sieve,0.000,SU_bould
2024_10_08_11-53-09.jpg,2268,2936,SU_silt,silt,224,0.991,SU_silt,0.008,SU_sand,0.000,SU_shell,0.000,SU_bould,0.000,SU_cob
2024_10_08_11-53-09.jpg,567,4209,RE_branch,red_algae_branching,224,0.931,RE_branch,0.048,SU_bould,0.010,MS,0.004,BR_sarg,0.002,RE_fil
2024_10_08_11-53-09.jpg,2808,4417,RE_fil,red_algae_filamentous,224,0.999,RE_fil,0.000,RE_branch,0.000,KE_5rib,0.000,SU_bould,0.000,KE_sieve
2024_10_08_11-53-09.jpg,3078,2276,KE_sugar,kelp_sugar,224,0.996,KE_sugar,0.003,SU_bould,0.001,SU_cob,0.000,RE_leaf,0.000,RE_fil
2024_10_08_11-53-09.jpg,3834,3438,SU_peb,pebble,224,0.984,SU_peb,0.007,SU_cob,0.007,SU_sand,0.001,SU_shell,0.001,MS
2024_10_08_11-53-09.jpg,3212,2104,KE_sugar,kelp_sugar,224,1.000,KE_sugar,0.000,RE_leaf,0.000,SU_silt,0.000,MS,0.000,KE_5rib
2024_10_08_11-53-09.jpg,1438,2023,GR_ulva,green_algae_ulva,224,1.000,GR_ulva,0.000,KE_bull,0.000,BR_sarg,0.000,KE_sieve,0.000,RE_leaf
2024_10_08_11-53-09.jpg,112,3588,RE_leaf,red_algae_flat_leaf,224,0.923,RE_leaf,0.076,RE_fil,0.001,MS,0.000,SU_cob,0.000,KE_stipe
2024_10_08_11-53-09.jpg,202,421,SU_anth,anthropogenic,224,,,,,,,,,,
2024_10_08_11-53-09.jpg,891,2882,GR_ulva,green_algae_ulva,224,0.999,GR_ulva,0.001,MS,0.000,SU_silt,0.000,KE_stipe,0.000,KE_bull
2024_10_08_11-53-09.jpg,893,3217,GR_ulva,green_algae_ulva,224,1.000,GR_ulva,0.000,MS,0.000,KE_5rib,0.000,KE_sugar,0.000,KE_bull
2024_10_08_11-53-09.jpg,1699,1345,GR_ulva,green_algae_ulva,224,1.000,GR_ulva,0.000,KE_bull,0.000,RE_leaf,0.000,BR_sarg,0.000,KE_sieve
2024_10_08_11-53-09.jpg,928,2343,GR_ulva,green_algae_ulva,224,,,,,,,,,,
2024_10_08_11-53-09.jpg,2670,3622,RE_branch,red_algae_branching,224,0.995,RE_branch,0.005,BR_sarg,0.000,RE_bush,0.000,BR_fucus,0.000,MS
2024_10_08_11-53-09.jpg,1104,3530,GR_ulva,green_algae_ulva,224,0.999,GR_ulva,0.001,KE_sieve,0.000,SU_bould,0.000,unknown,0.000,KE_stipe
2024_10_08_11-53-09.jpg,1562,2205,GR_ulva,green_algae_ulva,224,1.000,GR_ulva,0.000,KE_bull,0.000,SU_peb,0.000,RE_leaf,0.000,KE_5rib
2024_10_08_11-53-09.jpg,3765,2361,SU_cob,cobble,224,0.997,SU_cob,0.002,SU_shell,0.001,SU_peb,0.000,GR_ulva,0.000,KE_sugar
2024_10_08_11-53-09.jpg,3554,2712,SU_sand,sand_fine_shell,224,1.000,SU_sand,0.000,SU_peb,0.000,SU_silt,0.000,SU_cob,0.000,SU_shell
2024_10_08_11-53-09.jpg,169,4433,RE_branch,red_algae_branching,224,1.000,RE_branch,0.000,MS,0.000,RE_CCA,0.000,BR_sarg,0.000,SU_bould
2024_10_08_11-53-09.jpg,3757,1075,SU_silt,silt,224,0.802,SU_silt,0.173,SU_sand,0.025,SU_shell,0.000,MS,0.000,SU_peb
2024_10_08_11-53-09.jpg,3184,3141,KE_sugar,kelp_sugar,224,1.000,KE_sugar,0.000,KE_5rib,0.000,KE_bull,0.000,SU_cob,0.000,RE_leaf
2024_10_08_11-53-09.jpg,1538,3399,GR_ulva,green_algae_ulva,224,1.000,GR_ulva,0.000,SU_bould,0.000,KE_sugar,0.000,KE_bull,0.000,KE_stipe
2024_10_08_11-53-09.jpg,2668,1784,BR_sarg,brown_algae_sargassum,224,1.000,BR_sarg,0.000,RE_branch,0.000,KE_sugar,0.000,BR_fucus,0.000,KE_sieve
2024_10_08_11-53-09.jpg,1153,4058,RE_branch,red_algae_branching,224,0.908,RE_branch,0.030,RE_bush,0.027,GR_ulva,0.016,KE_sugar,0.005,SU_bould
2024_10_08_11-53-09.jpg,1282,3136,GR_ulva,green_algae_ulva,224,1.000,GR_ulva,0.000,KE_bull,0.000,KE_5rib,0.000,RE_leaf,0.000,KE_sugar
2024_10_08_11-53-09.jpg,958,2677,GR_ulva,green_algae_ulva,224,0.999,GR_ulva,0.000,SU_bould,0.000,KE_bull,0.000,KE_sieve,0.000,KE_sugar
2024_10_08_11-53-09.jpg,1573,2400,SU_silt,silt,224,,,,,,,,,,
2024_10_08_11-53-09.jpg,3507,1470,SU_silt,silt,224,0.974,SU_silt,0.021,SU_sand,0.006,SU_shell,0.000,RE_CCA,0.000,SU_cob
2024_10_08_11-53-09.jpg,1200,3270,GR_ulva,green_algae_ulva,224,1.000,GR_ulva,0.000,KE_sieve,0.000,RE_leaf,0.000,KE_bull,0.000,KE_5rib
2024_10_08_11-53-09.jpg,931,3510,GR_ulva,green_algae_ulva,224,0.844,GR_ulva,0.156,SU_bould,0.000,KE_sieve,0.000,KE_stipe,0.000,MS
2024_10_08_11-53-09.jpg,2032,1488,BR_sarg,brown_algae_sargassum,224,0.982,BR_sarg,0.010,KE_sugar,0.007,KE_holdfas,0.001,KE_stipe,0.001,RE_branch
2024_10_08_11-53-09.jpg,2354,1865,BR_sarg,brown_algae_sargassum,224,1.000,BR_sarg,0.000,BR_fucus,0.000,KE_sugar,0.000,SI_kelpBry,0.000,RE_branch
2024_10_08_11-53-09.jpg,418,4108,RE_branch,red_algae_branching,224,,,,,,,,,,
2024_10_08_11-53-09.jpg,3055,846,KE_sugar,kelp_sugar,224,,,,,,,,,,
2024_10_08_11-53-09.jpg,3184,3872,RE_branch,red_algae_branching,224,1.000,RE_branch,0.000,SU_cob,0.000,SU_bould,0.000,BR_sarg,0.000,MS
2024_10_08_11-53-09.jpg,2687,532,KE_sugar,kelp_sugar,224,,,,,,,,,,
2024_10_08_11-53-09.jpg,2969,2787,SU_sand,sand_fine_shell,224,,,,,,,,,,
2024_10_08_11-53-09.jpg,1523,144,KE_sugar,kelp_sugar,224,0.958,KE_sugar,0.037,GR_ulva,0.004,KE_5rib,0.000,unknown,0.000,RE_leaf
2024_10_08_11-53-09.jpg,3651,3350,SU_sand,sand_fine_shell,224,,,,,,,,,,
2024_10_08_11-53-09.jpg,2976,3809,RE_branch,red_algae_branching,224,1.000,RE_branch,0.000,RE_bush,0.000,BR_sarg,0.000,BR_fucus,0.000,SU_peb
2024_10_08_11-53-09.jpg,1092,228,KE_sugar,kelp_sugar,224,,,,,,,,,,
2024_10_08_11-53-09.jpg,1189,2591,GR_ulva,green_algae_ulva,224,1.000,GR_ulva,0.000,KE_bull,0.000,RE_leaf,0.000,BR_sarg,0.000,KE_sieve
2024_10_08_11-53-18.jpg,724,3062,RE_leaf,red_algae_flat_leaf,224,1.000,RE_leaf,0.000,RE_branch,0.000,RE_fil,0.000,MS,0.000,KE_stipe
2024_10_08_11-53-18.jpg,146,3938,RE_fil,red_algae_filamentous,224,,,,,,,,,,
2024_10_08_11-53-18.jpg,1304,381,GR_ulva,green_algae_ulva,224,0.990,GR_ulva,0.010,SU_peb,0.000,KE_stipe,0.000,KE_sugar,0.000,SU_cob
2024_10_08_11-53-18.jpg,1582,4376,RE_branch,red_algae_branching,224,,,,,,,,,,
2024_10_08_11-53-18.jpg,1374,131,GR_ulva,green_algae_ulva,224,0.999,GR_ulva,0.000,KE_sugar,0.000,KE_5rib,0.000,unknown,0.000,BR_sarg
2024_10_08_11-53-18.jpg,2542,1020,RE_leaf,red_algae_flat_leaf,224,0.996,RE_leaf,0.004,RE_bush,0.000,KE_sugar,0.000,SU_silt,0.000,RE_fil
2024_10_08_11-53-18.jpg,2529,1581,SU_sand,sand_fine_shell,224,,,,,,,,,,
2024_10_08_11-53-18.jpg,1697,2492,GR_ulva,green_algae_ulva,224,1.000,GR_ulva,0.000,KE_bull,0.000,BR_sarg,0.000,BR_fucus,0.000,SU_peb
2024_10_08_11-53-18.jpg,307,3455,RE_fil,red_algae_filamentous,224,0.998,RE_fil,0.002,RE_leaf,0.000,KE_sugar,0.000,RE_CCA,0.000,KE_5rib
2024_10_08_11-53-18.jpg,1711,1775,RE_branch,red_algae_branching,224,,,,,,,,,,
2024_10_08_11-53-18.jpg,2484,2392,GR_ulva,green_algae_ulva,224,1.000,GR_ulva,0.000,SI_kelpBry,0.000,RE_leaf,0.000,KE_bull,0.000,BR_sarg
2024_10_08_11-53-18.jpg,3296,1487,GR_ulva,green_algae_ulva,224,0.998,GR_ulva,0.001,KE_stipe,0.000,SU_bould,0.000,BR_sarg,0.000,MS
2024_10_08_11-53-18.jpg,1930,3027,GR_ulva,green_algae_ulva,224,,,,,,,,,,
2024_10_08_11-53-18.jpg,1879,4091,GR_ulva,green_algae_ulva,224,0.972,GR_ulva,0.022,SU_peb,0.005,SU_cob,0.001,BR_fucus,0.000,KE_stipe
2024_10_08_11-53-18.jpg,680,1249,RE_leaf,red_algae_flat_leaf,224,0.998,RE_leaf,0.001,RE_branch,0.000,MS,0.000,KE_bull,0.000,GR_ulva
2024_10_08_11-53-18.jpg,2153,2599,GR_ulva,green_algae_ulva,224,0.999,GR_ulva,0.000,KE_sieve,0.000,KE_bull,0.000,SU_bould,0.000,BR_sarg
2024_10_08_11-53-18.jpg,1932,1357,GR_ulva,green_algae_ulva,224,0.996,GR_ulva,0.004,SU_bould,0.000,KE_sieve,0.000,KE_stipe,0.000,BR_sarg
2024_10_08_11-53-18.jpg,2451,3382,RE_branch,red_algae_branching,224,1.000,RE_branch,0.000,BR_sarg,0.000,RE_leaf,0.000,RE_bush,0.000,MS
2024_10_08_11-53-18.jpg,1011,1723,RE_leaf,red_algae_flat_leaf,224,1.000,RE_leaf,0.000,RE_branch,0.000,KE_5rib,0.000,KE_sieve,0.000,MS
2024_10_08_11-53-18.jpg,152,3263,RE_fil,red_algae_filamentous,224,,,,,,,,,,
2024_10_08_11-53-18.jpg,2031,1642,GR_ulva,green_algae_ulva,224,0.996,GR_ulva,0.003,KE_stipe,0.000,KE_sieve,0.000,SU_bould,0.000,RE_CCA
2024_10_08_11-53-18.jpg,3405,468,RE_leaf,red_algae_flat_leaf,224,0.998,RE_leaf,0.001,KE_sugar,0.001,KE_5rib,0.000,GR_ulva,0.000,RE_fil
2024_10_08_11-53-18.jpg,3383,181,RE_leaf,red_algae_flat_leaf,224,0.990,RE_leaf,0.007,KE_5rib,0.002,KE_sieve,0.001,GR_ulva,0.000,RE_fil
2024_10_08_11-53-18.jpg,346,2033,RE_leaf,red_algae_flat_leaf,224,0.995,RE_leaf,0.005,RE_branch,0.000,MS,0.000,RE_fil,0.000,KE_bull
2024_10_08_11-53-18.jpg,3664,2506,GR_ulva,green_algae_ulva,224,0.996,GR_ulva,0.002,KE_sugar,0.001,RE_fil,0.001,MS,0.000,unknown
2024_10_08_11-53-18.jpg,3424,1962,GR_ulva,green_algae_ulva,224,1.000,GR_ulva,0.000,BR_sarg,0.000,KE_sugar,0.000,RE_leaf,0.000,SU_cob
2024_10_08_11-53-18.jpg,1568,3579,RE_bush,red_algae_bushy,224,,,,,,,,,,
2024_10_08_11-53-18.jpg,995,2067,RE_leaf,red_algae_flat_leaf,224,1.000,RE_leaf,0.000,GR_ulva,0.000,KE_5rib,0.000,KE_bull,0.000,KE_sugar
2024_10_08_11-53-18.jpg,3084,1657,GR_ulva,green_algae_ulva,224,0.999,GR_ulva,0.001,KE_5rib,0.000,MS,0.000,RE_leaf,0.000,BR_fucus
2024_10_08_11-53-18.jpg,2898,3449,GR_ulva,green_algae_ulva,224,0.996,GR_ulva,0.003,KE_sieve,0.000,KE_stipe,0.000,SU_bould,0.000,KE_bull
2024_10_08_11-53-18.jpg,3489,628,RE_leaf,red_algae_flat_leaf,224,,,,,,,,,,
2024_10_08_11-53-18.jpg,1429,1578,RE_branch,red_algae_branching,224,1.000,RE_branch,0.000,BR_sarg,0.000,RE_leaf,0.000,MS,0.000,RE_bush
2024_10_08_11-53-18.jpg,3273,931,RE_branch,red_algae_branching,224,,,,,,,,,,
2024_10_08_11-53-18.jpg,689,3631,RE_fil,red_algae_filamentous,224,,,,,,,,,,
2024_10_08_11-53-18.jpg,3547,2158,GR_ulva,green_algae_ulva,224,1.000,GR_ulva,0.000,BR_sarg,0.000,unknown,0.000,SU_bould,0.000,KE_bull
2024_10_08_11-53-18.jpg,1388,2189,RE_leaf,red_algae_flat_leaf,224,,,,,,,,,,
2024_10_08_11-53-18.jpg,1269,3863,SU_sand,sand_fine_shell,224,,,,,,,,,,
2024_10_08_11-53-18.jpg,2927,1146,RE_branch,red_algae_branching,224,1.000,RE_branch,0.000,RE_leaf,0.000,RE_bush,0.000,MS,0.000,BR_sarg
2024_10_08_11-53-18.jpg,2812,3186,GR_ulva,green_algae_ulva,224,0.911,GR_ulva,0.053,MS,0.020,KE_bull,0.014,RE_leaf,0.001,KE_sieve
2024_10_08_11-53-18.jpg,121,134,SU_sand,sand_fine_shell,224,,,,,,,,,,
2024_10_08_11-53-18.jpg,2894,3866,SU_bould,boulder,224,,,,,,,,,,
2024_10_08_11-53-18.jpg,2005,2005,GR_ulva,green_algae_ulva,224,0.976,GR_ulva,0.023,SU_bould,0.001,KE_sieve,0.000,KE_bull,0.000,RE_CCA
2024_10_08_11-53-18.jpg,1759,3329,RE_branch,red_algae_branching,224,1.000,RE_branch,0.000,RE_leaf,0.000,KE_sieve,0.000,BR_sarg,0.000,BR_fucus
2024_10_08_11-53-18.jpg,3909,1798,GR_ulva,green_algae_ulva,224,0.988,GR_ulva,0.009,KE_sieve,0.001,KE_5rib,0.001,SU_bould,0.001,unknown
2024_10_08_11-53-18.jpg,1036,4128,GR_ulva,green_algae_ulva,224,0.988,GR_ulva,0.007,KE_sieve,0.003,SI,0.001,KE_bull,0.001,RE_fil
2024_10_08_11-53-18.jpg,3623,1235,GR_ulva,green_algae_ulva,224,,,,,,,,,,
2024_10_08_11-53-18.jpg,558,2678,RE_leaf,red_algae_flat_leaf,224,,,,,,,,,,
2024_10_08_11-53-18.jpg,1862,2224,GR_ulva,green_algae_ulva,224,1.000,GR_ulva,0.000,BR_sarg,0.000,KE_bull,0.000,BR_fucus,0.000,KE_sieve
2024_10_08_11-53-18.jpg,1389,3788,SU_sand,sand_fine_shell,224,0.997,SU_sand,0.003,SU_silt,0.000,SU_peb,0.000,SU_shell,0.000,RE_bush
2024_10_08_11-53-18.jpg,1163,1854,RE_leaf,red_algae_flat_leaf,224,1.000,RE_leaf,0.000,KE_5rib,0.000,KE_bull,0.000,RE_branch,0.000,GR_ulva
2024_10_08_11-53-27.jpg,1008,1252,SU_peb,pebble,224,,,,,,,,,,
2024_10_08_11-53-27.jpg,1233,957,SU_cob,cobble,224,,,,,,,,,,
2024_10_08_11-53-27.jpg,3790,3062,RE_branch,red_algae_branching,224,0.999,RE_branch,0.001,RE_bush,0.001,BR_sarg,0.000,RE_leaf,0.000,KE_holdfas
2024_10_08_11-53-27.jpg,1185,610,SU_peb,pebble,224,,,,,,,,,,
2024_10_08_11-53-27.jpg,710,4489,GR_ulva,green_algae_ulva,224,0.991,GR_ulva,0.007,MS,0.001,unknown,0.000,KE_5rib,0.000,KE_sugar
2024_10_08_11-53-27.jpg,1809,2984,GR_ulva,green_algae_ulva,224,0.999,GR_ulva,0.001,RE_leaf,0.000,KE_5rib,0.000,KE_sugar,0.000,unknown
2024_10_08_11-53-27.jpg,2487,176,GR_ulva,green_algae_ulva,224,1.000,GR_ulva,0.000,KE_sugar,0.000,KE_sieve,0.000,unknown,0.000,KE_stipe
2024_10_08_11-53-27.jpg,3155,1043,RE_fil,red_algae_filamentous,224,,,,,,,,,,
2024_10_08_11-53-27.jpg,1370,379,GR_ulva,green_algae_ulva,224,1.000,GR_ulva,0.000,SU_peb,0.000,SU_bould,0.000,KE_bull,0.000,KE_stipe
2024_10_08_11-53-27.jpg,3847,3945,SU_peb,pebble,224,,,,,,,,,,
2024_10_08_11-53-27.jpg,3043,1273,SU_anth,anthropogenic,224,,,,,,,,,,
2024_10_08_11-53-27.jpg,750,2336,SU_sand,sand_fine_shell,224,,,,,,,,,,
2024_10_08_11-53-27.jpg,2110,292,GR_ulva,green_algae_ulva,224,,,,,,,,,,
2024_10_08_11-53-27.jpg,1770,3638,MS,mobile_species,224,,,,,,,,,,
2024_10_08_11-53-27.jpg,2046,1366,SU_peb,pebble,224,,,,,,,,,,
2024_10_08_11-53-27.jpg,3552,1504,RE_branch,red_algae_branching,224,,,,,,,,,,
2024_10_08_11-53-27.jpg,414,690,RE_fil,red_algae_filamentous,224,0.975,RE_fil,0.014,RE_bush,0.007,RE_leaf,0.003,KE_stipe,0.001,RE_branch
2024_10_08_11-53-27.jpg,2784,2929,SU_peb,pebble,224,1.000,SU_peb,0.000,SU_sand,0.000,SU_shell,0.000,SU_cob,0.000,GR_ulva
2024_10_08_11-53-27.jpg,522,2323,GR_ulva,green_algae_ulva,224,0.999,GR_ulva,0.001,SU_bould,0.000,SU_peb,0.000,SU_cob,0.000,KE_bull
2024_10_08_11-53-27.jpg,2264,2412,SU_sand,sand_fine_shell,224,0.989,SU_sand,0.004,SU_silt,0.003,KE_bull,0.002,SU_shell,0.001,SU_peb
2024_10_08_11-53-27.jpg,3639,747,SU_sand,sand_fine_shell,224,0.970,SU_sand,0.030,SU_peb,0.000,SU_silt,0.000,SU_shell,0.000,SU_cob
2024_10_08_11-53-27.jpg,1939,3470,KE_holdfas,kelp_holdfast,224,,,,,,,,,,
2024_10_08_11-53-27.jpg,849,3805,GR_ulva,green_algae_ulva,224,0.983,GR_ulva,0.014,KE_sieve,0.001,BR_sarg,0.001,KE_bull,0.000,KE_stipe
2024_10_08_11-53-27.jpg,1921,4165,SU_sand,sand_fine_shell,224,,,,,,,,,,
2024_10_08_11-53-27.jpg,3406,2555,RE_branch,red_algae_branching,224,,,,,,,,,,
2024_10_08_11-53-27.jpg,243,1813,GR_ulva,green_algae_ulva,224,1.000,GR_ulva,0.000,SU_peb,0.000,BR_sarg,0.000,SU_bould,0.000,KE_stipe
2024_10_08_11-53-27.jpg,3689,1447,RE_branch,red_algae_branching,224,,,,,,,,,,
2024_10_08_11-53-27.jpg,631,3233,GR_ulva,green_algae_ulva,224,,,,,,,,,,
2024_10_08_11-53-27.jpg,899,2036,SU_sand,sand_fine_shell,224,,,,,,,,,,
2024_10_08_11-53-27.jpg,3650,3124,RE_branch,red_algae_branching,224,,,,,,,,,,
2024_10_08_11-53-27.jpg,2690,2680,SU_peb,pebble,224,,,,,,,,,,
2024_10_08_11-53-27.jpg,2242,2882,GR_ulva,green_algae_ulva,224,1.000,GR_ulva,0.000,KE_5rib,0.000,RE_leaf,0.000,BR_sarg,0.000,KE_bull
2024_10_08_11-53-27.jpg,222,2058,SU_sand,sand_fine_shell,224,,,,,,,,,,
2024_10_08_11-53-27.jpg,3409,1038,RE_fil,red_algae_filamentous,224,,,,,,,,,,
2024_10_08_11-53-27.jpg,2250,3743,SU_sand,sand_fine_shell,224,1.000,SU_sand,0.000,SU_silt,0.000,SU_peb,0.000,SU_shell,0.000,SI_kelpBry
2024_10_08_11-53-27.jpg,575,2073,SU_peb,pebble,224,0.800,SU_peb,0.179,GR_ulva,0.010,SU_cob,0.010,KE_stipe,0.001,BR_fucus
2024_10_08_11-53-27.jpg,1851,3807,SU_peb,pebble,224,0.956,SU_peb,0.044,SU_sand,0.000,SU_cob,0.000,MS,0.000,SU_bould
2024_10_08_11-53-27.jpg,3094,2047,RE_branch,red_algae_branching,224,0.993,RE_branch,0.006,RE_bush,0.000,BR_sarg,0.000,SU_bould,0.000,RE_fil
2024_10_08_11-53-27.jpg,2908,1452,SU_cob,cobble,224,,,,,,,,,,
2024_10_08_11-53-27.jpg,3783,1126,SU_peb,pebble,224,,,,,,,,,,
2024_10_08_11-53-27.jpg,3765,4376,SU_bould,boulder,224,,,,,,,,,,
2024_10_08_11-53-27.jpg,2919,4142,SU_sand,sand_fine_shell,224,1.000,SU_sand,0.000,SU_silt,0.000,SU_shell,0.000,SU_peb,0.000,MS
2024_10_08_11-53-27.jpg,2527,3744,SU_sand,sand_fine_shell,224,1.000,SU_sand,0.000,SU_silt,0.000,SU_shell,0.000,MS,0.000,SI_kelpBry
2024_10_08_11-53-27.jpg,3837,2321,RE_fil,red_algae_filamentous,224,,,,,,,,,,
2024_10_08_11-53-27.jpg,1780,716,RE_branch,red_algae_branching,224,,,,,,,,,,
2024_10_08_11-53-27.jpg,403,3793,GR_ulva,green_algae_ulva,224,,,,,,,,,,
2024_10_08_11-53-27.jpg,1170,2784,GR_ulva,green_algae_ulva,224,1.000,GR_ulva,0.000,KE_sieve,0.000,KE_stipe,0.000,BR_sarg,0.000,KE_bull
2024_10_08_11-53-27.jpg,2494,1169,SU_anth,anthropogenic,224,,,,,,,,,,
2024_10_08_11-53-27.jpg,312,3261,GR_ulva,green_algae_ulva,224,,,,,,,,,,
2024_10_08_11-53-27.jpg,2749,1954,SU_sand,sand_fine_shell,224,,,,,,,,,,
2024_10_08_11-53-37.jpg,3351,3158,GR_ulva,green_algae_ulva,224,1.000,GR_ulva,0.000,SU_cob,0.000,KE_5rib,0.000,SU_peb,0.000,BR_sarg
2024_10_08_11-53-37.jpg,239,2418,GR_ulva,green_algae_ulva,224,1.000,GR_ulva,0.000,KE_bull,0.000,MS,0.000,RE_leaf,0.000,SU_cob
2024_10_08_11-53-37.jpg,3864,717,unknown,unknown_area,224,,,,,,,,,,
2024_10_08_11-53-37.jpg,3322,2319,GR_ulva,green_algae_ulva,224,1.000,GR_ulva,0.000,KE_5rib,0.000,MS,0.000,BR_sarg,0.000,RE_leaf
2024_10_08_11-53-37.jpg,440,1358,BR_sarg,brown_algae_sargassum,224,,,,,,,,,,
2024_10_08_11-53-37.jpg,1276,2270,GR_ulva,green_algae_ulva,224,1.000,GR_ulva,0.000,SU_bould,0.000,KE_bull,0.000,SU_peb,0.000,KE_stipe
2024_10_08_11-53-37.jpg,1114,612,BR_sarg,brown_algae_sargassum,224,,,,,,,,,,
2024_10_08_11-53-37.jpg,2928,3255,RE_leaf,red_algae_flat_leaf,224,,,,,,,,,,
2024_10_08_11-53-37.jpg,790,2994,GR_ulva,green_algae_ulva,224,0.960,GR_ulva,0.040,KE_stipe,0.000,KE_sieve,0.000,KE_bull,0.000,KE_sugar
2024_10_08_11-53-37.jpg,886,809,RE_branch,red_algae_branching,224,,,,,,,,,,
2024_10_08_11-53-37.jpg,1380,288,GR_ulva,green_algae_ulva,224,0.963,GR_ulva,0.024,KE_sieve,0.007,KE_5rib,0.003,KE_stipe,0.001,unknown
2024_10_08_11-53-37.jpg,755,2540,BR_sarg,brown_algae_sargassum,224,0.995,BR_sarg,0.003,KE_stipe,0.001,BR_fucus,0.000,SU_bould,0.000,SI
2024_10_08_11-53-37.jpg,2493,1827,GR_ulva,green_algae_ulva,224,1.000,GR_ulva,0.000,KE_bull,0.000,KE_stipe,0.000,KE_sieve,0.000,RE_leaf
2024_10_08_11-53-37.jpg,1566,3627,RE_bush,red_algae_bushy,224,,,,,,,,,,
2024_10_08_11-53-37.jpg,3024,1157,RE_branch,red_algae_branching,224,1.000,RE_branch,0.000,BR_sarg,0.000,RE_bush,0.000,RE_fil,0.000,KE_holdfas
2024_10_08_11-53-37.jpg,1243,202,GR_ulva,green_algae_ulva,224,0.984,GR_ulva,0.015,KE_sieve,0.001,unknown,0.000,KE_stipe,0.000,BR_fucus
2024_10_08_11-53-37.jpg,3092,4379,RE_branch,red_algae_branching,224,,,,,,,,,,
2024_10_08_11-53-37.jpg,3153,2291,GR_ulva,green_algae_ulva,224,0.996,GR_ulva,0.004,SU_bould,0.000,KE_bull,0.000,BR_sarg,0.000,SU_peb
2024_10_08_11-53-37.jpg,2113,3709,RE_bush,red_algae_bushy,224,0.994,RE_bush,0.003,MS,0.002,SU_peb,0.001,SU_sand,0.000,BR_sarg
2024_10_08_11-53-37.jpg,427,1109,BR_sarg,brown_algae_sargassum,224,,,,,,,,,,
2024_10_08_11-53-37.jpg,2878,3721,RE_bush,red_algae_bushy,224,,,,,,,,,,
2024_10_08_11-53-37.jpg,3607,2855,SU_sand,sand_fine_shell,224,0.984,SU_sand,0.016,SU_peb,0.000,SU_silt,0.000,MS,0.000,SU_shell
2024_10_08_11-53-37.jpg,2836,536,GR_ulva,green_algae_ulva,224,0.985,GR_ulva,0.007,SU_peb,0.006,KE_stipe,0.001,SU_cob,0.000,KE_sugar
2024_10_08_11-53-37.jpg,891,4161,RE_branch,red_algae_branching,224,,,,,,,,,,
2024_10_08_11-53-37.jpg,2632,1586,RE_branch,red_algae_branching,224,,,,,,,,,,
2024_10_08_11-53-37.jpg,950,3261,GR_ulva,green_algae_ulva,224,0.879,GR_ulva,0.094,KE_bull,0.024,BR_sarg,0.002,KE_stipe,0.001,SU_bould
2024_10_08_11-53-37.jpg,1362,3399,BR_sarg,brown_algae_sargassum,224,,,,,,,,,,
2024_10_08_11-53-37.jpg,2392,972,GR_ulva,green_algae_ulva,224,1.000,GR_ulva,0.000,KE_sieve,0.000,KE_5rib,0.000,KE_bull,0.000,unknown
2024_10_08_11-53-37.jpg,2923,182,unknown,unknown_area,224,,,,,,,,,,
2024_10_08_11-53-37.jpg,785,1154,BR_sarg,brown_algae_sargassum,224,,,,,,,,,,
2024_10_08_11-53-37.jpg,1684,3249,RE_leaf,red_algae_flat_leaf,224,,,,,,,,,,
2024_10_08_11-53-37.jpg,3236,1377,RE_branch,red_algae_branching,224,,,,,,,,,,
2024_10_08_11-53-37.jpg,1404,2466,GR_ulva,green_algae_ulva,224,1.000,GR_ulva,0.000,KE_bull,0.000,KE_5rib,0.000,BR_fucus,0.000,SU_peb
2024_10_08_11-53-37.jpg,1500,2611,GR_ulva,green_algae_ulva,224,1.000,GR_ulva,0.000,KE_bull,0.000,RE_leaf,0.000,KE_5rib,0.000,BR_sarg
2024_10_08_11-53-37.jpg,441,3986,RE_branch,red_algae_branching,224,,,,,,,,,,
2024_10_08_11-53-37.jpg,776,310,RE_branch,red_algae_branching,224,,,,,,,,,,
2024_10_08_11-53-37.jpg,1794,562,GR_ulva,green_algae_ulva,224,1.000,GR_ulva,0.000,KE_bull,0.000,KE_stipe,0.000,BR_sarg,0.000,RE_leaf
2024_10_08_11-53-37.jpg,1547,3167,BR_sarg,brown_algae_sargassum,224,,,,,,,,,,
2024_10_08_11-53-37.jpg,449,2245,GR_ulva,green_algae_ulva,224,1.000,GR_ulva,0.000,KE_5rib,0.000,RE_leaf,0.000,KE_sugar,0.000,MS
2024_10_08_11-53-37.jpg,3778,1824,GR_ulva,green_algae_ulva,224,1.000,GR_ulva,0.000,SU_peb,0.000,SU_cob,0.000,KE_bull,0.000,SU_shell
2024_10_08_11-53-37.jpg,1338,788,GR_ulva,green_algae_ulva,224,0.999,GR_ulva,0.001,KE_sieve,0.000,MS,0.000,KE_stipe,0.000,KE_sugar
2024_10_08_11-53-37.jpg,952,2938,GR_ulva,green_algae_ulva,224,0.994,GR_ulva,0.003,SU_bould,0.002,KE_stipe,0.001,BR_fucus,0.000,KE_bull
2024_10_08_11-53-37.jpg,1214,3811,GR_ulva,green_algae_ulva,224,0.960,GR_ulva,0.029,MS,0.005,KE_bull,0.002,KE_sieve,0.002,KE_5rib
2024_10_08_11-53-37.jpg,2066,931,GR_ulva,green_algae_ulva,224,1.000,GR_ulva,0.000,KE_sieve,0.000,RE_fil,0.000,KE_5rib,0.000,RE_leaf
2024_10_08_11-53-37.jpg,1042,1898,GR_ulva,green_algae_ulva,224,0.997,GR_ulva,0.002,SU_peb,0.000,KE_bull,0.000,KE_stipe,0.000,MS
2024_10_08_11-53-37.jpg,176,3839,RE_branch,red_algae_branching,224,,,,,,,,,,
2024_10_08_11-53-37.jpg,2506,2731,RE_fil,red_algae_filamentous,224,,,,,,,,,,
2024_10_08_11-53-37.jpg,124,2296,GR_ulva,green_algae_ulva,224,1.000,GR_ulva,0.000,KE_stipe,0.000,KE_bull,0.000,SU_bould,0.000,BR_sarg
2024_10_08_11-53-37.jpg,3722,1469,RE_fil,red_algae_filamentous,224,,,,,,,,,,
2024_10_08_11-53-37.jpg,2992,3368,RE_leaf,red_algae_flat_leaf,224,,,,,,,,,,
2024_10_08_11-53-46.jpg,2437,1518,SU_sand,sand_fine_shell,224,1.000,SU_sand,0.000,SU_silt,0.000,SU_peb,0.000,SU_shell,0.000,MS
2024_10_08_11-53-46.jpg,2475,1318,SU_peb,pebble,224,1.000,SU_peb,0.000,SU_sand,0.000,SU_bould,0.000,SU_shell,0.000,GR_ulva
2024_10_08_11-53-46.jpg,2701,1892,SU_sand,sand_fine_shell,224,1.000,SU_sand,0.000,SU_silt,0.000,SU_shell,0.000,SU_peb,0.000,RE_CCA
2024_10_08_11-53-46.jpg,2134,2485,SU_peb,pebble,224,,,,,,,,,,
2024_10_08_11-53-46.jpg,572,1026,GR_ulva,green_algae_ulva,224,1.000,GR_ulva,0.000,unknown,0.000,KE_stipe,0.000,KE_sieve,0.000,KE_5rib
2024_10_08_11-53-46.jpg,3191,141,RE_branch,red_algae_branching,224,,,,,,,,,,
2024_10_08_11-53-46.jpg,957,4487,SU_sand,sand_fine_shell,224,0.939,SU_sand,0.061,SU_silt,0.000,SU_shell,0.000,SU_peb,0.000,MS
2024_10_08_11-53-46.jpg,3603,2203,GR_ulva,green_algae_ulva,224,,,,,,,,,,
2024_10_08_11-53-46.jpg,2930,1367,SU_peb,pebble,224,,,,,,,,,,
2024_10_08_11-53-46.jpg,1383,1843,SU_sand,sand_fine_shell,224,0.994,SU_sand,0.004,SU_peb,0.002,SU_silt,0.000,SU_shell,0.000,KE_stipe
2024_10_08_11-53-46.jpg,1838,1984,SU_sand,sand_fine_shell,224,0.880,SU_sand,0.110,SU_silt,0.005,SU_peb,0.003,SU_cob,0.001,SU_bould
2024_10_08_11-53-46.jpg,1434,985,SU_silt,silt,224,1.000,SU_silt,0.000,SU_shell,0.000,SU_sand,0.000,KE_sugar,0.000,RE_CCA
2024_10_08_11-53-46.jpg,763,3449,SU_sand,sand_fine_shell,224,1.000,SU_sand,0.000,SU_silt,0.000,SU_shell,0.000,SU_cob,0.000,MS
2024_10_08_11-53-46.jpg,939,3005,RE_bush,red_algae_bushy,224,,,,,,,,,,
2024_10_08_11-53-46.jpg,1652,3343,KE_sugar,kelp_sugar,224,,,,,,,,,,
2024_10_08_11-53-46.jpg,1716,1035,SU_silt,silt,224,0.999,SU_silt,0.000,SU_shell,0.000,SU_sand,0.000,RE_CCA,0.000,SI_kelpBry
2024_10_08_11-53-46.jpg,339,2079,SU_anth,anthropogenic,224,,,,,,,,,,
2024_10_08_11-53-46.jpg,3655,889,GR_ulva,green_algae_ulva,224,0.997,GR_ulva,0.002,KE_sugar,0.000,KE_5rib,0.000,MS,0.000,SU_bould
2024_10_08_11-53-46.jpg,3689,3386,GR_ulva,green_algae_ulva,224,1.000,GR_ulva,0.000,MS,0.000,SI,0.000,SU_cob,0.000,SI_kelpBry
2024_10_08_11-53-46.jpg,3648,2056,unknown,unknown_area,224,,,,,,,,,,
2024_10_08_11-53-46.jpg,1227,3443,RE_bush,red_algae_bushy,224,1.000,RE_bush,0.000,SU_sand,0.000,RE_branch,0.000,SU_silt,0.000,KE_holdfas
2024_10_08_11-53-46.jpg,242,3308,SU_sand,sand_fine_shell,224,,,,,,,,,,
2024_10_08_11-53-46.jpg,1023,3191,SU_sand,sand_fine_shell,224,0.961,SU_sand,0.028,RE_bush,0.008,SU_peb,0.002,SU_shell,0.000,SU_cob
2024_10_08_11-53-46.jpg,1145,904,GR_ulva,green_algae_ulva,224,1.000,GR_ulva,0.000,SU_peb,0.000,KE_sugar,0.000,KE_stipe,0.000,SU_cob
2024_10_08_11-53-46.jpg,2768,3464,SU_bould,boulder,224,,,,,,,,,,
2024_10_08_11-53-46.jpg,1642,2398,SU_silt,silt,224,,,,,,,,,,
2024_10_08_11-53-46.jpg,3337,1887,GR_ulva,green_algae_ulva,224,,,,,,,,,,
2024_10_08_11-53-46.jpg,3818,2367,GR_ulva,green_algae_ulva,224,0.924,GR_ulva,0.073,KE_sieve,0.003,KE_bull,0.000,SU_bould,0.000,KE_sugar
2024_10_08_11-53-46.jpg,649,4374,SU_sand,sand_fine_shell,224,0.989,SU_sand,0.011,SU_peb,0.000,SU_shell,0.000,SU_silt,0.000,SU_cob
2024_10_08_11-53-46.jpg,222,4186,SU_sand,sand_fine_shell,224,1.000,SU_sand,0.000,SU_silt,0.000,SU_shell,0.000,SU_peb,0.000,RE_bush
2024_10_08_11-53-46.jpg,1367,2025,SU_cob,cobble,224,,,,,,,,,,
2024_10_08_11-53-46.jpg,1256,4348,SU_sand,sand_fine_shell,224,0.995,SU_sand,0.004,SU_peb,0.001,SU_silt,0.000,SU_shell,0.000,RE_CCA
2024_10_08_11-53-46.jpg,1506,3157,SU_sand,sand_fine_shell,224,,,,,,,,,,
2024_10_08_11-53-46.jpg,3261,3452,SU_bould,boulder,224,,,,,,,,,,
2024_10_08_11-53-46.jpg,3890,613,KE_sugar,kelp_sugar,224,,,,,,,,,,
2024_10_08_11-53-46.jpg,815,1092,GR_ulva,green_algae_ulva,224,0.997,GR_ulva,0.001,BR_fucus,0.001,BR_sarg,0.000,KE_5rib,0.000,KE_bull
2024_10_08_11-53-46.jpg,3330,1593,GR_ulva,green_algae_ulva,224,,,,,,,,,,
2024_10_08_11-53-46.jpg,198,851,RE_bush,red_algae_bushy,224,,,,,,,,,,
2024_10_08_11-53-46.jpg,3339,1255,GR_ulva,green_algae_ulva,224,,,,,,,,,,
2024_10_08_11-53-46.jpg,554,885,GR_ulva,green_algae_ulva,224,1.000,GR_ulva,0.000,KE_5rib,0.000,KE_sieve,0.000,unknown,0.000,KE_stipe
2024_10_08_11-53-46.jpg,515,681,GR_ulva,green_algae_ulva,224,0.929,GR_ulva,0.053,KE_sugar,0.013,unknown,0.002,KE_5rib,0.002,SU_bould
2024_10_08_11-53-46.jpg,3075,4468,SU_sand,sand_fine_shell,224,,,,,,,,,,
2024_10_08_11-53-46.jpg,3010,676,SU_bould,boulder,224,,,,,,,,,,
2024_10_08_11-53-46.jpg,1261,382,SU_silt,silt,224,1.000,SU_silt,0.000,SU_shell,0.000,SU_peb,0.000,SU_sand,0.000,SU_cob
2024_10_08_11-53-46.jpg,1743,1196,SU_silt,silt,224,,,,,,,,,,
2024_10_08_11-53-46.jpg,3002,4259,SU_peb,pebble,224,,,,,,,,,,
2024_10_08_11-53-46.jpg,3265,298,RE_branch,red_algae_branching,224,,,,,,,,,,
2024_10_08_11-53-46.jpg,2183,2212,SU_silt,silt,224,,,,,,,,,,
2024_10_08_11-53-46.jpg,3084,338,RE_branch,red_algae_branching,224,,,,,,,,,,
2024_10_08_11-53-46.jpg,1987,3188,KE_sugar,kelp_sugar,224,,,,,,,,,,
2024_10_08_11-53-55.jpg,1490,1623,RE_branch,red_algae_branching,224,,,,,,,,,,
2024_10_08_11-53-55.jpg,1701,3876,GR_ulva,green_algae_ulva,224,0.996,GR_ulva,0.003,KE_sugar,0.001,KE_sieve,0.000,MS,0.000,KE_5rib
2024_10_08_11-53-55.jpg,1270,2942,GR_ulva,green_algae_ulva,224,,,,,,,,,,
2024_10_08_11-53-55.jpg,3470,1136,SU_peb,pebble,224,1.000,SU_peb,0.000,SU_sand,0.000,GR_ulva,0.000,SU_shell,0.000,KE_stipe
2024_10_08_11-53-55.jpg,2851,3268,RE_bush,red_algae_bushy,224,1.000,RE_bush,0.000,RE_leaf,0.000,RE_branch,0.000,MS,0.000,SU_silt
2024_10_08_11-53-55.jpg,1883,4410,GR_ulva,green_algae_ulva,224,,,,,,,,,,
2024_10_08_11-53-55.jpg,3851,1139,GR_ulva,green_algae_ulva,224,,,,,,,,,,
2024_10_08_11-53-55.jpg,1358,674,SU_peb,pebble,224,1.000,SU_peb,0.000,SU_bould,0.000,SU_sand,0.000,SU_cob,0.000,KE_stipe
2024_10_08_11-53-55.jpg,3056,2994,RE_bush,red_algae_bushy,224,1.000,RE_bush,0.000,RE_branch,0.000,MS,0.000,RE_leaf,0.000,BR_sarg
2024_10_08_11-53-55.jpg,1848,4295,GR_ulva,green_algae_ulva,224,0.993,GR_ulva,0.006,KE_bull,0.001,KE_stipe,0.000,KE_sugar,0.000,RE_leaf
2024_10_08_11-53-55.jpg,3440,2506,RE_bush,red_algae_bushy,224,1.000,RE_bush,0.000,RE_leaf,0.000,RE_branch,0.000,RE_fil,0.000,SU_bould
2024_10_08_11-53-55.jpg,1683,3709,GR_ulva,green_algae_ulva,224,0.994,GR_ulva,0.003,SU_bould,0.002,KE_sieve,0.001,KE_stipe,0.000,KE_bull
2024_10_08_11-53-55.jpg,1795,3129,BR_sarg,brown_algae_sargassum,224,,,,,,,,,,
2024_10_08_11-53-55.jpg,969,2466,GR_ulva,green_algae_ulva,224,,,,,,,,,,
2024_10_08_11-53-55.jpg,1343,2347,GR_ulva,green_algae_ulva,224,0.999,GR_ulva,0.001,KE_bull,0.000,KE_stipe,0.000,BR_fucus,0.000,SU_peb
2024_10_08_11-53-55.jpg,1948,3338,SU_anth,anthropogenic,224,,,,,,,,,,
2024_10_08_11-53-55.jpg,2324,4405,GR_ulva,green_algae_ulva,224,0.980,GR_ulva,0.008,RE_fil,0.005,KE_sieve,0.004,KE_sugar,0.002,unknown
2024_10_08_11-53-55.jpg,2104,1918,SU_silt,silt,224,,,,,,,,,,
2024_10_08_11-53-55.jpg,1535,2546,GR_ulva,green_algae_ulva,224,1.000,GR_ulva,0.000,KE_bull,0.000,KE_stipe,0.000,SU_peb,0.000,BR_fucus
2024_10_08_11-53-55.jpg,3177,2852,RE_bush,red_algae_bushy,224,1.000,RE_bush,0.000,RE_branch,0.000,RE_leaf,0.000,BR_sarg,0.000,MS
2024_10_08_11-53-55.jpg,2992,3486,RE_bush,red_algae_bushy,224,1.000,RE_bush,0.000,RE_branch,0.000,SU_bould,0.000,SU_silt,0.000,KE_sieve
2024_10_08_11-53-55.jpg,475,2326,SU_anth,anthropogenic,224,,,,,,,,,,
2024_10_08_11-53-55.jpg,1991,1561,GR_ulva,green_algae_ulva,224,1.000,GR_ulva,0.000,BR_sarg,0.000,SU_peb,0.000,SU_cob,0.000,RE_CCA
2024_10_08_11-53-55.jpg,1228,3572,GR_ulva,green_algae_ulva,224,0.948,GR_ulva,0.051,KE_sieve,0.001,KE_sugar,0.000,KE_stipe,0.000,KE_bull
2024_10_08_11-53-55.jpg,646,687,GR_ulva,green_algae_ulva,224,1.000,GR_ulva,0.000,SU_peb,0.000,KE_5rib,0.000,SI,0.000,RE_leaf
2024_10_08_11-53-55.jpg,268,3152,GR_ulva,green_algae_ulva,224,1.000,GR_ulva,0.000,KE_bull,0.000,RE_leaf,0.000,KE_sugar,0.000,KE_5rib
2024_10_08_11-53-55.jpg,2317,2745,SU_sand,sand_fine_shell,224,,,,,,,,,,
2024_10_08_11-53-55.jpg,3686,4411,SU_anth,anthropogenic,224,,,,,,,,,,
2024_10_08_11-53-55.jpg,1901,2998,BR_sarg,brown_algae_sargassum,224,,,,,,,,,,
2024_10_08_11-53-55.jpg,1437,874,KE_sugar,kelp_sugar,224,,,,,,,,,,
2024_10_08_11-53-55.jpg,2796,3620,RE_bush,red_algae_bushy,224,,,,,,,,,,
2024_10_08_11-53-55.jpg,1389,4250,GR_ulva,green_algae_ulva,224,0.967,GR_ulva,0.026,MS,0.005,KE_sieve,0.001,KE_sugar,0.001,SU_peb
2024_10_08_11-53-55.jpg,996,1439,RE_branch,red_algae_branching,224,0.903,RE_branch,0.094,BR_sarg,0.004,RE_bush,0.000,KE_holdfas,0.000,RE_fil
2024_10_08_11-53-55.jpg,632,1508,GR_ulva,green_algae_ulva,224,0.999,GR_ulva,0.001,KE_bull,0.000,KE_stipe,0.000,RE_leaf,0.000,KE_sieve
2024_10_08_11-53-55.jpg,355,478,GR_ulva,green_algae_ulva,224,1.000,GR_ulva,0.000,KE_5rib,0.000,MS,0.000,BR_sarg,0.000,SI
2024_10_08_11-53-55.jpg,1304,2671,GR_ulva,green_algae_ulva,224,0.999,GR_ulva,0.000,KE_bull,0.000,KE_stipe,0.000,BR_sarg,0.000,MS
2024_10_08_11-53-55.jpg,1151,2948,GR_ulva,green_algae_ulva,224,,,,,,,,,,
2024_10_08_11-53-55.jpg,1249,4434,RE_branch,red_algae_branching,224,,,,,,,,,,
2024_10_08_11-53-55.jpg,115,3388,MS,mobile_species,224,0.782,MS,0.183,GR_ulva,0.025,KE_sugar,0.005,SI_kelpBry,0.003,KE_5rib
2024_10_08_11-53-55.jpg,587,2761,GR_ulva,green_algae_ulva,224,1.000,GR_ulva,0.000,KE_sugar,0.000,KE_bull,0.000,KE_5rib,0.000,RE_leaf
2024_10_08_11-53-55.jpg,2158,1589,GR_ulva,green_algae_ulva,224,1.000,GR_ulva,0.000,SU_peb,0.000,BR_sarg,0.000,KE_bull,0.000,MS
2024_10_08_11-53-55.jpg,1049,3980,GR_ulva,green_algae_ulva,224,,,,,,,,,,
2024_10_08_11-53-55.jpg,2392,4155,GR_ulva,green_algae_ulva,224,1.000,GR_ulva,0.000,KE_stipe,0.000,SU_bould,0.000,MS,0.000,unknown
2024_10_08_11-53-55.jpg,261,1527,GR_ulva,green_algae_ulva,224,1.000,GR_ulva,0.000,KE_stipe,0.000,KE_bull,0.000,SU_peb,0.000,BR_sarg
2024_10_08_11-53-55.jpg,333,4082,GR_ulva,green_algae_ulva,224,0.430,GR_ulva,0.321,SU_silt,0.135,KE_sugar,0.053,KE_5rib,0.016,KE_sieve
2024_10_08_11-53-55.jpg,2454,2304,SU_silt,silt,224,,,,,,,,,,
2024_10_08_11-53-55.jpg,1827,833,BR_sarg,brown_algae_sargassum,224,,,,,,,,,,
2024_10_08_11-53-55.jpg,1001,962,SU_sand,sand_fine_shell,224,0.986,SU_sand,0.008,SU_peb,0.006,SU_silt,0.000,SU_shell,0.000,RE_CCA
2024_10_08_11-53-55.jpg,2063,3662,GR_ulva,green_algae_ulva,224,1.000,GR_ulva,0.000,SU_bould,0.000,MS,0.000,KE_sugar,0.000,KE_stipe
2024_10_08_11-53-55.jpg,370,2692,GR_ulva,green_algae_ulva,224,1.000,GR_ulva,0.000,KE_bull,0.000,unknown,0.000,KE_stipe,0.000,KE_sugar
2024_10_08_11-54-04.jpg,1801,361,BR_sarg,brown_algae_sargassum,224,0.986,BR_sarg,0.014,RE_bush,0.000,KE_stipe,0.000,KE_holdfas,0.000,RE_branch
2024_10_08_11-54-04.jpg,270,1211,RE_branch,red_algae_branching,224,,,,,,,,,,
2024_10_08_11-54-04.jpg,2674,1169,SU_cob,cobble,224,,,,,,,,,,
2024_10_08_11-54-04.jpg,2066,3573,SU_sand,sand_fine_shell,224,0.974,SU_sand,0.013,SI_kelpBry,0.008,MS,0.003,SU_silt,0.000,RE_CCA
2024_10_08_11-54-04.jpg,1961,2400,SU_anth,anthropogenic,224,,,,,,,,,,
2024_10_08_11-54-04.jpg,2232,720,RE_branch,red_algae_branching,224,,,,,,,,,,
2024_10_08_11-54-04.jpg,2500,2865,GR_ulva,green_algae_ulva,224,,,,,,,,,,
2024_10_08_11-54-04.jpg,2611,1932,RE_fil,red_algae_filamentous,224,1.000,RE_fil,0.000,RE_bush,0.000,RE_leaf,0.000,RE_branch,0.000,SU_bould
2024_10_08_11-54-04.jpg,1133,1560,GR_ulva,green_algae_ulva,224,1.000,GR_ulva,0.000,KE_bull,0.000,KE_stipe,0.000,SU_bould,0.000,KE_sugar
2024_10_08_11-54-04.jpg,982,4205,GR_ulva,green_algae_ulva,224,1.000,GR_ulva,0.000,RE_leaf,0.000,BR_fucus,0.000,KE_bull,0.000,SI_kelpBry
2024_10_08_11-54-04.jpg,3338,1168,SU_cob,cobble,224,0.751,SU_cob,0.249,SU_peb,0.000,RE_bush,0.000,SU_silt,0.000,SU_bould
2024_10_08_11-54-04.jpg,611,251,GR_ulva,green_algae_ulva,224,0.997,GR_ulva,0.002,KE_stipe,0.001,RE_leaf,0.000,MS,0.000,KE_bull
2024_10_08_11-54-04.jpg,1261,3345,SU_sand,sand_fine_shell,224,1.000,SU_sand,0.000,SU_silt,0.000,SU_cob,0.000,SU_peb,0.000,SU_bould
2024_10_08_11-54-04.jpg,3275,3326,SU_sand,sand_fine_shell,224,0.981,SU_sand,0.014,SU_silt,0.005,SU_shell,0.000,SU_cob,0.000,MS
2024_10_08_11-54-04.jpg,1962,1800,SU_sand,sand_fine_shell,224,,,,,,,,,,
2024_10_08_11-54-04.jpg,3255,3445,SU_sand,sand_fine_shell,224,,,,,,,,,,
2024_10_08_11-54-04.jpg,517,3949,GR_ulva,green_algae_ulva,224,0.999,GR_ulva,0.000,SU_bould,0.000,SU_peb,0.000,SU_cob,0.000,KE_stipe
2024_10_08_11-54-04.jpg,3432,2662,GR_ulva,green_algae_ulva,224,1.000,GR_ulva,0.000,KE_bull,0.000,SU_bould,0.000,RE_leaf,0.000,KE_stipe
2024_10_08_11-54-04.jpg,269,4243,SU_silt,silt,224,1.000,SU_silt,0.000,SU_shell,0.000,SU_sand,0.000,SU_peb,0.000,MS
2024_10_08_11-54-04.jpg,2339,4119,GR_ulva,green_algae_ulva,224,1.000,GR_ulva,0.000,SU_peb,0.000,KE_sugar,0.000,SU_cob,0.000,SI_kelpBry
2024_10_08_11-54-04.jpg,599,770,GR_ulva,green_algae_ulva,224,,,,,,,,,,
2024_10_08_11-54-04.jpg,3721,1208,SU_peb,pebble,224,0.999,SU_peb,0.000,SU_silt,0.000,SU_sand,0.000,GR_ulva,0.000,SU_cob
2024_10_08_11-54-04.jpg,2886,4307,GR_ulva,green_algae_ulva,224,1.000,GR_ulva,0.000,KE_5rib,0.000,RE_leaf,0.000,MS,0.000,SI
2024_10_08_11-54-04.jpg,1200,2861,GR_ulva,green_algae_ulva,224,0.996,GR_ulva,0.004,SU_peb,0.000,SU_cob,0.000,KE_sugar,0.000,SI
2024_10_08_11-54-04.jpg,2423,2544,BR_sarg,brown_algae_sargassum,224,,,,,,,,,,
2024_10_08_11-54-04.jpg,3167,4378,GR_ulva,green_algae_ulva,224,1.000,GR_ulva,0.000,MS,0.000,unknown,0.000,KE_stipe,0.000,SU_cob
2024_10_08_11-54-04.jpg,3047,3534,SU_silt,silt,224,0.965,SU_silt,0.022,SU_shell,0.012,SU_sand,0.000,RE_CCA,0.000,SU_cob
2024_10_08_11-54-04.jpg,449,2479,GR_ulva,green_algae_ulva,224,1.000,GR_ulva,0.000,SU_bould,0.000,KE_bull,0.000,KE_stipe,0.000,MS
2024_10_08_11-54-04.jpg,2810,1511,SU_cob,cobble,224,,,,,,,,,,
2024_10_08_11-54-04.jpg,2061,2079,SU_peb,pebble,224,,,,,,,,,,
2024_10_08_11-54-04.jpg,3432,1950,RE_fil,red_algae_filamentous,224,1.000,RE_fil,0.000,KE_stipe,0.000,SU_bould,0.000,MS,0.000,RE_leaf
2024_10_08_11-54-04.jpg,2181,840,BR_sarg,brown_algae_sargassum,224,,,,,,,,,,
2024_10_08_11-54-04.jpg,1110,1132,GR_ulva,green_algae_ulva,224,1.000,GR_ulva,0.000,KE_5rib,0.000,RE_leaf,0.000,KE_sieve,0.000,KE_bull
2024_10_08_11-54-04.jpg,236,1416,SU_anth,anthropogenic,224,,,,,,,,,,
2024_10_08_11-54-04.jpg,1214,1744,BR_sarg,brown_algae_sargassum,224,,,,,,,,,,
2024_10_08_11-54-04.jpg,3477,4291,GR_ulva,green_algae_ulva,224,,,,,,,,,,
2024_10_08_11-54-04.jpg,480,2097,GR_ulva,green_algae_ulva,224,1.000,GR_ulva,0.000,BR_sarg,0.000,KE_5rib,0.000,KE_sieve,0.000,KE_stipe
2024_10_08_11-54-04.jpg,2194,1475,GR_ulva,green_algae_ulva,224,0.997,GR_ulva,0.002,SU_peb,0.000,BR_sarg,0.000,KE_bull,0.000,BR_fucus
2024_10_08_11-54-04.jpg,2801,1726,RE_branch,red_algae_branching,224,0.993,RE_branch,0.005,RE_bush,0.002,RE_leaf,0.000,BR_sarg,0.000,RE_fil
2024_10_08_11-54-04.jpg,1650,1474,BR_sarg,brown_algae_sargassum,224,0.998,BR_sarg,0.001,KE_stipe,0.000,RE_fil,0.000,SU_bould,0.000,RE_CCA
2024_10_08_11-54-04.jpg,608,1519,GR_ulva,green_algae_ulva,224,,,,,,,,,,
2024_10_08_11-54-04.jpg,2214,2771,RE_bush,red_algae_bushy,224,,,,,,,,,,
2024_10_08_11-54-04.jpg,2397,2730,SU_anth,anthropogenic,224,,,,,,,,,,
2024_10_08_11-54-04.jpg,3608,556,RE_branch,red_algae_branching,224,,,,,,,,,,
2024_10_08_11-54-04.jpg,1446,2600,GR_ulva,green_algae_ulva,224,1.000,GR_ulva,0.000,SU_peb,0.000,KE_sugar,0.000,SI_kelpBry,0.000,KE_bull
2024_10_08_11-54-04.jpg,1197,2084,GR_ulva,green_algae_ulva,224,0.999,GR_ulva,0.001,SU_peb,0.000,KE_stipe,0.000,MS,0.000,SU_cob
2024_10_08_11-54-04.jpg,3736,3630,SU_sand,sand_fine_shell,224,,,,,,,,,,
2024_10_08_11-54-04.jpg,1361,3042,SU_silt,silt,224,0.957,SU_silt,0.041,SU_sand,0.001,SU_shell,0.000,SU_peb,0.000,SI_kelpBry
2024_10_08_11-54-04.jpg,1057,704,GR_ulva,green_algae_ulva,224,0.999,GR_ulva,0.001,unknown,0.000,MS,0.000,KE_sieve,0.000,KE_5rib
2024_10_08_11-54-04.jpg,310,3315,BR_sarg,brown_algae_sargassum,224,0.992,BR_sarg,0.006,SU_bould,0.001,RE_branch,0.000,MS,0.000,RE_fil
2024_10_08_11-54-13.jpg,3834,277,GR_ulva,green_algae_ulva,224,0.986,GR_ulva,0.012,unknown,0.001,KE_5rib,0.001,KE_stipe,0.000,RE_leaf
2024_10_08_11-54-13.jpg,1052,3541,SU_peb,pebble,224,1.000,SU_peb,0.000,SU_shell,0.000,SU_sand,0.000,SI_kelpBry,0.000,SU_silt
2024_10_08_11-54-13.jpg,2695,1403,GR_ulva,green_algae_ulva,224,1.000,GR_ulva,0.000,KE_5rib,0.000,RE_leaf,0.000,KE_bull,0.000,KE_sugar
2024_10_08_11-54-13.jpg,2016,1895,GR_ulva,green_algae_ulva,224,,,,,,,,,,
2024_10_08_11-54-13.jpg,2426,1293,GR_ulva,green_algae_ulva,224,0.991,GR_ulva,0.006,KE_bull,0.002,RE_leaf,0.000,KE_sieve,0.000,KE_sugar
2024_10_08_11-54-13.jpg,706,3384,GR_ulva,green_algae_ulva,224,1.000,GR_ulva,0.000,SU_cob,0.000,SU_peb,0.000,KE_sugar,0.000,RE_leaf
2024_10_08_11-54-13.jpg,1031,3735,SU_sand,sand_fine_shell,224,1.000,SU_sand,0.000,SU_peb,0.000,SU_silt,0.000,SU_shell,0.000,SI_kelpBry
2024_10_08_11-54-13.jpg,252,1288,GR_ulva,green_algae_ulva,224,1.000,GR_ulva,0.000,KE_5rib,0.000,KE_bull,0.000,SU_cob,0.000,BR_sarg
2024_10_08_11-54-13.jpg,2747,2741,GR_ulva,green_algae_ulva,224,1.000,GR_ulva,0.000,KE_sieve,0.000,KE_5rib,0.000,KE_bull,0.000,KE_stipe
2024_10_08_11-54-13.jpg,731,3586,SU_peb,pebble,224,,,,,,,,,,
2024_10_08_11-54-13.jpg,3885,3533,RE_branch,red_algae_branching,224,,,,,,,,,,
2024_10_08_11-54-13.jpg,625,2751,RE_fil,red_algae_filamentous,224,,,,,,,,,,
2024_10_08_11-54-13.jpg,2800,2282,GR_ulva,green_algae_ulva,224,1.000,GR_ulva,0.000,KE_bull,0.000,RE_leaf,0.000,KE_stipe,0.000,KE_sieve
2024_10_08_11-54-13.jpg,1404,3057,RE_branch,red_algae_branching,224,,,,,,,,,,
2024_10_08_11-54-13.jpg,2546,4251,RE_branch,red_algae_branching,224,,,,,,,,,,
2024_10_08_11-54-13.jpg,3313,917,SU_sand,sand_fine_shell,224,,,,,,,,,,
2024_10_08_11-54-13.jpg,3458,182,GR_ulva,green_algae_ulva,224,0.925,GR_ulva,0.062,unknown,0.006,MS,0.004,SU_silt,0.002,KE_sugar
2024_10_08_11-54-13.jpg,516,172,GR_ulva,green_algae_ulva,224,1.000,GR_ulva,0.000,SU_bould,0.000,SU_peb,0.000,KE_5rib,0.000,SU_cob
2024_10_08_11-54-13.jpg,3857,3852,RE_branch,red_algae_branching,224,,,,,,,,,,
2024_10_08_11-54-13.jpg,186,3894,SU_peb,pebble,224,,,,,,,,,,
2024_10_08_11-54-13.jpg,3069,188,GR_ulva,green_algae_ulva,224,,,,,,,,,,
2024_10_08_11-54-13.jpg,2016,3872,RE_leaf,red_algae_flat_leaf,224,0.934,RE_leaf,0.066,RE_branch,0.000,MS,0.000,SU_peb,0.000,KE_stipe
2024_10_08_11-54-13.jpg,3264,2129,GR_ulva,green_algae_ulva,224,1.000,GR_ulva,0.000,KE_sieve,0.000,KE_5rib,0.000,KE_bull,0.000,SU_bould
2024_10_08_11-54-13.jpg,3435,4279,RE_branch,red_algae_branching,224,,,,,,,,,,
2024_10_08_11-54-13.jpg,2594,4084,RE_branch,red_algae_branching,224,,,,,,,,,,
2024_10_08_11-54-13.jpg,1856,113,GR_ulva,green_algae_ulva,224,0.995,GR_ulva,0.004,unknown,0.000,KE_sieve,0.000,KE_5rib,0.000,KE_sugar
2024_10_08_11-54-13.jpg,1831,4360,RE_leaf,red_algae_flat_leaf,224,0.997,RE_leaf,0.003,KE_sugar,0.000,MS,0.000,RE_fil,0.000,RE_branch
2024_10_08_11-54-13.jpg,2349,3853,RE_branch,red_algae_branching,224,,,,,,,,,,
2024_10_08_11-54-13.jpg,1815,4059,RE_leaf,red_algae_flat_leaf,224,1.000,RE_leaf,0.000,KE_sugar,0.000,RE_bush,0.000,MS,0.000,SU_sand
2024_10_08_11-54-13.jpg,1838,431,GR_ulva,green_algae_ulva,224,0.995,GR_ulva,0.002,KE_stipe,0.001,unknown,0.001,SU_bould,0.000,MS
2024_10_08_11-54-13.jpg,113,886,KE_sugar,kelp_sugar,224,,,,,,,,,,
2024_10_08_11-54-13.jpg,3074,3335,GR_ulva,green_algae_ulva,224,1.000,GR_ulva,0.000,BR_sarg,0.000,MS,0.000,KE_sieve,0.000,KE_bull
2024_10_08_11-54-13.jpg,3369,3309,GR_ulva,green_algae_ulva,224,1.000,GR_ulva,0.000,unknown,0.000,RE_leaf,0.000,KE_sieve,0.000,KE_stipe
2024_10_08_11-54-13.jpg,1383,2506,GR_ulva,green_algae_ulva,224,0.934,GR_ulva,0.063,KE_bull,0.003,RE_leaf,0.000,KE_stipe,0.000,RE_branch
2024_10_08_11-54-13.jpg,1572,4106,RE_leaf,red_algae_flat_leaf,224,,,,,,,,,,
2024_10_08_11-54-13.jpg,2263,2581,GR_ulva,green_algae_ulva,224,1.000,GR_ulva,0.000,RE_leaf,0.000,KE_bull,0.000,BR_sarg,0.000,KE_5rib
2024_10_08_11-54-13.jpg,714,1354,GR_ulva,green_algae_ulva,224,1.000,GR_ulva,0.000,RE_leaf,0.000,KE_bull,0.000,KE_sugar,0.000,MS
2024_10_08_11-54-13.jpg,2087,3440,RE_branch,red_algae_branching,224,,,,,,,,,,
2024_10_08_11-54-13.jpg,3100,2288,GR_ulva,green_algae_ulva,224,1.000,GR_ulva,0.000,KE_bull,0.000,SU_bould,0.000,KE_sieve,0.000,MS
2024_10_08_11-54-13.jpg,1341,2157,GR_ulva,green_algae_ulva,224,1.000,GR_ulva,0.000,KE_5rib,0.000,KE_holdfas,0.000,KE_bull,0.000,BR_sarg
2024_10_08_11-54-13.jpg,958,2955,GR_ulva,green_algae_ulva,224,0.999,GR_ulva,0.001,KE_bull,0.000,MS,0.000,SU_bould,0.000,BR_sarg
2024_10_08_11-54-13.jpg,3821,1150,GR_ulva,green_algae_ulva,224,1.000,GR_ulva,0.000,KE_bull,0.000,RE_leaf,0.000,KE_sugar,0.000,SU_peb
2024_10_08_11-54-13.jpg,2401,2998,SU_anth,anthropogenic,224,,,,,,,,,,
2024_10_08_11-54-13.jpg,3839,944,SU_sand,sand_fine_shell,224,,,,,,,,,,
2024_10_08_11-54-13.jpg,1701,4328,RE_leaf,red_algae_flat_leaf,224,,,,,,,,,,
2024_10_08_11-54-13.jpg,2186,1564,GR_ulva,green_algae_ulva,224,0.999,GR_ulva,0.001,KE_sieve,0.000,unknown,0.000,SU_bould,0.000,RE_fil
2024_10_08_11-54-13.jpg,2196,3770,RE_branch,red_algae_branching,224,0.999,RE_branch,0.001,RE_bush,0.000,BR_sarg,0.000,MS,0.000,SU_peb
2024_10_08_11-54-13.jpg,3397,1380,GR_ulva,green_algae_ulva,224,0.984,GR_ulva,0.011,KE_stipe,0.003,SU_peb,0.001,KE_bull,0.000,SU_bould
2024_10_08_11-54-13.jpg,1914,1401,GR_ulva,green_algae_ulva,224,1.000,GR_ulva,0.000,RE_leaf,0.000,KE_stipe,0.000,KE_bull,0.000,MS
2024_10_08_11-54-13.jpg,1048,3218,GR_ulva,green_algae_ulva,224,0.998,GR_ulva,0.002,SU_peb,0.000,KE_stipe,0.000,SU_bould,0.000,SU_cob
2024_10_08_11-54-22.jpg,2002,1406,GR_ulva,green_algae_ulva,224,1.000,GR_ulva,0.000,KE_sieve,0.000,unknown,0.000,KE_bull,0.000,KE_stipe
2024_10_08_11-54-22.jpg,960,3685,GR_ulva,green_algae_ulva,224,0.999,GR_ulva,0.001,KE_stipe,0.000,BR_sarg,0.000,RE_leaf,0.000,SU_peb
2024_10_08_11-54-22.jpg,1143,2450,RE_branch,red_algae_branching,224,,,,,,,,,,
2024_10_08_11-54-22.jpg,2158,1371,GR_ulva,green_algae_ulva,224,1.000,GR_ulva,0.000,KE_sugar,0.000,RE_leaf,0.000,KE_5rib,0.000,unknown
2024_10_08_11-54-22.jpg,2308,2330,GR_ulva,green_algae_ulva,224,0.839,GR_ulva,0.161,KE_bull,0.000,SU_bould,0.000,RE_CCA,0.000,KE_stipe
2024_10_08_11-54-22.jpg,470,2553,GR_ulva,green_algae_ulva,224,1.000,GR_ulva,0.000,KE_bull,0.000,KE_sieve,0.000,BR_sarg,0.000,RE_leaf
2024_10_08_11-54-22.jpg,769,4491,RE_branch,red_algae_branching,224,,,,,,,,,,
2024_10_08_11-54-22.jpg,793,1429,GR_ulva,green_algae_ulva,224,1.000,GR_ulva,0.000,KE_bull,0.000,RE_leaf,0.000,KE_5rib,0.000,KE_sugar
2024_10_08_11-54-22.jpg,3722,3374,GR_ulva,green_algae_ulva,224,,,,,,,,,,
2024_10_08_11-54-22.jpg,907,1167,GR_ulva,green_algae_ulva,224,1.000,GR_ulva,0.000,KE_stipe,0.000,KE_bull,0.000,MS,0.000,BR_sarg
2024_10_08_11-54-22.jpg,3688,2875,GR_ulva,green_algae_ulva,224,,,,,,,,,,
2024_10_08_11-54-22.jpg,2540,2344,GR_ulva,green_algae_ulva,224,1.000,GR_ulva,0.000,KE_bull,0.000,BR_sarg,0.000,KE_stipe,0.000,RE_CCA
2024_10_08_11-54-22.jpg,2964,3314,SU_sand,sand_fine_shell,224,,,,,,,,,,
2024_10_08_11-54-22.jpg,1215,3498,GR_ulva,green_algae_ulva,224,1.000,GR_ulva,0.000,BR_sarg,0.000,KE_stipe,0.000,KE_sieve,0.000,SU_bould
2024_10_08_11-54-22.jpg,1318,2349,RE_branch,red_algae_branching,224,,,,,,,,,,
2024_10_08_11-54-22.jpg,277,2919,GR_ulva,green_algae_ulva,224,1.000,GR_ulva,0.000,KE_5rib,0.000,KE_sugar,0.000,RE_leaf,0.000,BR_sarg
2024_10_08_11-54-22.jpg,2753,370,unknown,unknown_area,224,,,,,,,,,,
2024_10_08_11-54-22.jpg,749,3582,GR_ulva,green_algae_ulva,224,0.994,GR_ulva,0.006,SU_peb,0.000,KE_bull,0.000,KE_stipe,0.000,SU_bould
2024_10_08_11-54-22.jpg,2204,2700,RE_branch,red_algae_branching,224,,,,,,,,,,
2024_10_08_11-54-22.jpg,2491,3669,KE_sugar,kelp_sugar,224,,,,,,,,,,
2024_10_08_11-54-22.jpg,2777,973,GR_ulva,green_algae_ulva,224,0.998,GR_ulva,0.001,KE_sieve,0.001,KE_sugar,0.000,unknown,0.000,MS
2024_10_08_11-54-22.jpg,1398,2685,GR_ulva,green_algae_ulva,224,0.953,GR_ulva,0.025,KE_stipe,0.018,KE_bull,0.003,MS,0.000,SU_peb
2024_10_08_11-54-22.jpg,3215,928,GR_ulva,green_algae_ulva,224,0.998,GR_ulva,0.001,unknown,0.000,SU_bould,0.000,KE_sieve,0.000,RE_leaf
2024_10_08_11-54-22.jpg,2242,4010,GR_ulva,green_algae_ulva,224,1.000,GR_ulva,0.000,KE_stipe,0.000,unknown,0.000,SU_cob,0.000,MS
2024_10_08_11-54-22.jpg,3497,3509,RE_branch,red_algae_branching,224,,,,,,,,,,
2024_10_08_11-54-22.jpg,1991,3166,RE_branch,red_algae_branching,224,,,,,,,,,,
2024_10_08_11-54-22.jpg,3397,788,GR_ulva,green_algae_ulva,224,0.992,GR_ulva,0.004,SU_silt,0.001,unknown,0.001,MS,0.001,KE_5rib
2024_10_08_11-54-22.jpg,870,1543,GR_ulva,green_algae_ulva,224,1.000,GR_ulva,0.000,KE_bull,0.000,RE_leaf,0.000,KE_5rib,0.000,KE_sugar
2024_10_08_11-54-22.jpg,211,1988,GR_ulva,green_algae_ulva,224,1.000,GR_ulva,0.000,KE_5rib,0.000,RE_leaf,0.000,KE_sugar,0.000,MS
2024_10_08_11-54-22.jpg,1975,2961,GR_ulva,green_algae_ulva,224,,,,,,,,,,
2024_10_08_11-54-22.jpg,2338,2467,RE_branch,red_algae_branching,224,,,,,,,,,,
2024_10_08_11-54-22.jpg,2378,1508,GR_ulva,green_algae_ulva,224,1.000,GR_ulva,0.000,BR_sarg,0.000,BR_fucus,0.000,KE_sieve,0.000,KE_bull
2024_10_08_11-54-22.jpg,2103,1687,GR_ulva,green_algae_ulva,224,1.000,GR_ulva,0.000,KE_sieve,0.000,RE_leaf,0.000,KE_bull,0.000,KE_5rib
2024_10_08_11-54-22.jpg,2462,4089,GR_ulva,green_algae_ulva,224,1.000,GR_ulva,0.000,KE_sieve,0.000,BR_sarg,0.000,KE_5rib,0.000,unknown
2024_10_08_11-54-22.jpg,3482,1263,GR_ulva,green_algae_ulva,224,0.998,GR_ulva,0.002,unknown,0.000,KE_5rib,0.000,KE_sugar,0.000,KE_stipe
2024_10_08_11-54-22.jpg,1881,3569,GR_ulva,green_algae_ulva,224,0.989,GR_ulva,0.011,SU_peb,0.000,MS,0.000,KE_stipe,0.000,SU_cob
2024_10_08_11-54-22.jpg,849,2411,RE_branch,red_algae_branching,224,,,,,,,,,,
2024_10_08_11-54-22.jpg,1247,670,GR_ulva,green_algae_ulva,224,1.000,GR_ulva,0.000,KE_stipe,0.000,SU_cob,0.000,SU_bould,0.000,BR_sarg
2024_10_08_11-54-22.jpg,3066,2441,KE_sugar,kelp_sugar,224,,,,,,,,,,
2024_10_08_11-54-22.jpg,942,4421,RE_branch,red_algae_branching,224,,,,,,,,,,
2024_10_08_11-54-22.jpg,1561,1326,GR_ulva,green_algae_ulva,224,1.000,GR_ulva,0.000,KE_bull,0.000,BR_sarg,0.000,SU_peb,0.000,KE_stipe
2024_10_08_11-54-22.jpg,1483,865,RE_bush,red_algae_bushy,224,1.000,RE_bush,0.000,SU_silt,0.000,RE_branch,0.000,KE_sieve,0.000,SU_sand
2024_10_08_11-54-22.jpg,1458,2453,GR_ulva,green_algae_ulva,224,1.000,GR_ulva,0.000,KE_bull,0.000,BR_sarg,0.000,RE_leaf,0.000,KE_sieve
2024_10_08_11-54-22.jpg,1996,1058,GR_ulva,green_algae_ulva,224,0.993,GR_ulva,0.005,KE_stipe,0.002,KE_bull,0.001,KE_sugar,0.000,MS
2024_10_08_11-54-22.jpg,984,3480,GR_ulva,green_algae_ulva,224,0.998,GR_ulva,0.001,SU_bould,0.000,KE_stipe,0.000,SU_peb,0.000,KE_bull
2024_10_08_11-54-22.jpg,191,3792,GR_ulva,green_algae_ulva,224,1.000,GR_ulva,0.000,SI_kelpBry,0.000,KE_5rib,0.000,SI,0.000,RE_leaf
2024_10_08_11-54-22.jpg,309,3656,GR_ulva,green_algae_ulva,224,1.000,GR_ulva,0.000,KE_5rib,0.000,SI,0.000,RE_leaf,0.000,MS
2024_10_08_11-54-22.jpg,2277,1312,GR_ulva,green_algae_ulva,224,1.000,GR_ulva,0.000,KE_sugar,0.000,KE_5rib,0.000,RE_leaf,0.000,MS
2024_10_08_11-54-22.jpg,3747,4304,unknown,unknown_area,224,,,,,,,,,,
2024_10_08_11-54-22.jpg,2451,1878,GR_ulva,green_algae_ulva,224,1.000,GR_ulva,0.000,KE_sieve,0.000,SU_bould,0.000,unknown,0.000,KE_stipe
2024_10_08_11-54-31.jpg,1478,1540,GR_ulva,green_algae_ulva,224,1.000,GR_ulva,0.000,SU_bould,0.000,SU_peb,0.000,SU_cob,0.000,KE_sieve
2024_10_08_11-54-31.jpg,2835,1903,SU_sand,sand_fine_shell,224,1.000,SU_sand,0.000,SU_silt,0.000,SU_peb,0.000,SU_shell,0.000,SU_cob
2024_10_08_11-54-31.jpg,3482,4101,SU_peb,pebble,224,,,,,,,,,,
2024_10_08_11-54-31.jpg,2910,3191,SU_peb,pebble,224,0.934,SU_peb,0.066,SU_sand,0.000,SU_shell,0.000,SU_cob,0.000,SU_silt
2024_10_08_11-54-31.jpg,1474,2737,GR_ulva,green_algae_ulva,224,0.999,GR_ulva,0.001,MS,0.000,BR_sarg,0.000,KE_stipe,0.000,SU_bould
2024_10_08_11-54-31.jpg,2172,4422,GR_ulva,green_algae_ulva,224,0.996,GR_ulva,0.001,BR_fucus,0.001,KE_sugar,0.001,RE_fil,0.001,KE_sieve
2024_10_08_11-54-31.jpg,2790,616,KE_sugar,kelp_sugar,224,,,,,,,,,,
2024_10_08_11-54-31.jpg,3573,3167,SU_silt,silt,224,,,,,,,,,,
2024_10_08_11-54-31.jpg,855,3904,RE_branch,red_algae_branching,224,1.000,RE_branch,0.000,BR_sarg,0.000,RE_fil,0.000,RE_CCA,0.000,SU_bould
2024_10_08_11-54-31.jpg,1057,1075,RE_bush,red_algae_bushy,224,,,,,,,,,,
2024_10_08_11-54-31.jpg,271,2367,KE_5rib,kelp_five_rib,224,0.988,KE_5rib,0.012,KE_stipe,0.000,KE_sieve,0.000,KE_holdfas,0.000,BR_sarg
2024_10_08_11-54-31.jpg,1108,3304,GR_ulva,green_algae_ulva,224,0.999,GR_ulva,0.001,BR_sarg,0.000,KE_sugar,0.000,KE_sieve,0.000,RE_fil
2024_10_08_11-54-31.jpg,307,4147,GR_ulva,green_algae_ulva,224,0.992,GR_ulva,0.005,SU_bould,0.003,KE_stipe,0.000,KE_sieve,0.000,KE_bull
2024_10_08_11-54-31.jpg,1406,598,KE_5rib,kelp_five_rib,224,0.969,KE_5rib,0.028,KE_sieve,0.001,GR_ulva,0.001,RE_leaf,0.000,RE_fil
2024_10_08_11-54-31.jpg,1446,4485,RE_branch,red_algae_branching,224,0.985,RE_branch,0.013,RE_bush,0.002,BR_sarg,0.000,RE_fil,0.000,KE_holdfas
2024_10_08_11-54-31.jpg,1431,4282,RE_branch,red_algae_branching,224,,,,,,,,,,
2024_10_08_11-54-31.jpg,403,4416,RE_branch,red_algae_branching,224,,,,,,,,,,
2024_10_08_11-54-31.jpg,2058,3464,MS,mobile_species,224,0.937,MS,0.043,SU_peb,0.010,RE_CCA,0.007,SU_cob,0.002,SU_bould
2024_10_08_11-54-31.jpg,628,2899,GR_ulva,green_algae_ulva,224,1.000,GR_ulva,0.000,KE_sieve,0.000,SU_bould,0.000,KE_stipe,0.000,unknown
2024_10_08_11-54-31.jpg,2070,636,SU_sand,sand_fine_shell,224,0.935,SU_sand,0.064,SU_peb,0.000,GR_ulva,0.000,SU_shell,0.000,SI_kelpBry
2024_10_08_11-54-31.jpg,1519,1255,RE_branch,red_algae_branching,224,,,,,,,,,,
2024_10_08_11-54-31.jpg,3089,802,SU_peb,pebble,224,1.000,SU_peb,0.000,BR_sarg,0.000,MS,0.000,SU_sand,0.000,BR_fucus
2024_10_08_11-54-31.jpg,2073,3346,MS,mobile_species,224,,,,,,,,,,
2024_10_08_11-54-31.jpg,2169,3789,MS,mobile_species,224,1.000,MS,0.000,SU_bould,0.000,GR_ulva,0.000,KE_bull,0.000,SI
2024_10_08_11-54-31.jpg,2353,3025,SU_peb,pebble,224,0.962,SU_peb,0.016,SU_bould,0.006,SU_shell,0.005,MS,0.004,KE_stipe
2024_10_08_11-54-31.jpg,2943,3837,SU_peb,pebble,224,1.000,SU_peb,0.000,SU_sand,0.000,SU_shell,0.000,BR_sarg,0.000,MS
2024_10_08_11-54-31.jpg,703,143,BR_sarg,brown_algae_sargassum,224,,,,,,,,,,
2024_10_08_11-54-31.jpg,3568,1779,SU_cob,cobble,224,,,,,,,,,,
2024_10_08_11-54-31.jpg,1916,3422,SU_sand,sand_fine_shell,224,0.999,SU_sand,0.000,SU_peb,0.000,SU_cob,0.000,SU_bould,0.000,BR_sarg
2024_10_08_11-54-31.jpg,923,836,BR_sarg,brown_algae_sargassum,224,,,,,,,,,,
2024_10_08_11-54-31.jpg,559,567,KE_5rib,kelp_five_rib,224,1.000,KE_5rib,0.000,KE_sieve,0.000,KE_sugar,0.000,GR_ulva,0.000,MS
2024_10_08_11-54-31.jpg,3354,3522,SU_silt,silt,224,1.000,SU_silt,0.000,SU_shell,0.000,SU_peb,0.000,SU_sand,0.000,SU_cob
2024_10_08_11-54-31.jpg,3273,568,RE_branch,red_algae_branching,224,,,,,,,,,,
2024_10_08_11-54-31.jpg,1939,802,SU_sand,sand_fine_shell,224,1.000,SU_sand,0.000,SU_silt,0.000,SU_peb,0.000,SI_kelpBry,0.000,SU_cob
2024_10_08_11-54-31.jpg,170,826,KE_5rib,kelp_five_rib,224,1.000,KE_5rib,0.000,BR_sarg,0.000,KE_sieve,0.000,KE_stipe,0.000,RE_fil
2024_10_08_11-54-31.jpg,166,475,KE_5rib,kelp_five_rib,224,1.000,KE_5rib,0.000,KE_sieve,0.000,GR_ulva,0.000,KE_sugar,0.000,RE_leaf
2024_10_08_11-54-31.jpg,468,3674,BR_sarg,brown_algae_sargassum,224,,,,,,,,,,
2024_10_08_11-54-31.jpg,3406,2767,SU_sand,sand_fine_shell,224,0.999,SU_sand,0.000,SU_shell,0.000,SU_silt,0.000,SU_peb,0.000,SU_cob
2024_10_08_11-54-31.jpg,2481,706,SU_sand,sand_fine_shell,224,0.946,SU_sand,0.052,SU_peb,0.001,MS,0.000,SU_cob,0.000,KE_stipe
2024_10_08_11-54-31.jpg,1121,1263,GR_ulva,green_algae_ulva,224,0.967,GR_ulva,0.016,BR_sarg,0.012,KE_stipe,0.002,SU_bould,0.001,MS
2024_10_08_11-54-31.jpg,606,2037,KE_5rib,kelp_five_rib,224,0.999,KE_5rib,0.001,KE_sieve,0.000,KE_sugar,0.000,RE_leaf,0.000,RE_fil
2024_10_08_11-54-31.jpg,1124,1388,GR_ulva,green_algae_ulva,224,1.000,GR_ulva,0.000,KE_sugar,0.000,KE_5rib,0.000,KE_sieve,0.000,unknown
2024_10_08_11-54-31.jpg,2738,2655,GR_ulva,green_algae_ulva,224,0.999,GR_ulva,0.001,KE_5rib,0.000,SI_kelpBry,0.000,SU_cob,0.000,RE_leaf
2024_10_08_11-54-31.jpg,3073,4111,SU_sand,sand_fine_shell,224,,,,,,,,,,
2024_10_08_11-54-31.jpg,2902,3621,SU_sand,sand_fine_shell,224,,,,,,,,,,
2024_10_08_11-54-31.jpg,3697,648,GR_ulva,green_algae_ulva,224,,,,,,,,,,
2024_10_08_11-54-31.jpg,2746,964,KE_sugar,kelp_sugar,224,1.000,KE_sugar,0.000,GR_ulva,0.000,SU_cob,0.000,SU_silt,0.000,KE_5rib
2024_10_08_11-54-31.jpg,1635,1565,GR_ulva,green_algae_ulva,224,1.000,GR_ulva,0.000,KE_5rib,0.000,KE_bull,0.000,BR_sarg,0.000,KE_sieve
2024_10_08_11-54-31.jpg,2190,2752,RE_bush,red_algae_bushy,224,0.997,RE_bush,0.003,SU_sand,0.000,SU_peb,0.000,RE_branch,0.000,MS
2024_10_08_11-54-31.jpg,1313,1047,BR_sarg,brown_algae_sargassum,224,,,,,,,,,,
2024_10_08_11-54-40.jpg,770,1714,SU_shell,shell_hash,224,,,,,,,,,,
2024_10_08_11-54-40.jpg,3146,211,SU_peb,pebble,224,0.997,SU_peb,0.002,SU_cob,0.000,SU_bould,0.000,GR_ulva,0.000,KE_stipe
2024_10_08_11-54-40.jpg,1650,3487,SU_sand,sand_fine_shell,224,1.000,SU_sand,0.000,SU_silt,0.000,SU_shell,0.000,RE_CCA,0.000,SU_peb
2024_10_08_11-54-40.jpg,3425,3005,SU_sand,sand_fine_shell,224,1.000,SU_sand,0.000,SU_silt,0.000,SU_shell,0.000,SU_cob,0.000,SU_peb
2024_10_08_11-54-40.jpg,3710,4140,GR_ulva,green_algae_ulva,224,0.996,GR_ulva,0.004,KE_5rib,0.000,MS,0.000,SU_cob,0.000,unknown
2024_10_08_11-54-40.jpg,3004,923,SU_sand,sand_fine_shell,224,1.000,SU_sand,0.000,SU_silt,0.000,SU_cob,0.000,RE_CCA,0.000,SU_shell
2024_10_08_11-54-40.jpg,3739,2766,SU_sand,sand_fine_shell,224,0.998,SU_sand,0.002,SU_silt,0.000,SU_shell,0.000,RE_CCA,0.000,MS
2024_10_08_11-54-40.jpg,3073,1297,SU_peb,pebble,224,,,,,,,,,,
2024_10_08_11-54-40.jpg,899,2336,SU_silt,silt,224,0.993,SU_silt,0.005,SU_sand,0.001,SU_shell,0.000,RE_CCA,0.000,SI_kelpBry
2024_10_08_11-54-40.jpg,942,3288,SU_cob,cobble,224,0.999,SU_cob,0.000,SU_silt,0.000,SU_shell,0.000,SU_peb,0.000,SU_bould
2024_10_08_11-54-40.jpg,1825,2603,SU_sand,sand_fine_shell,224,0.999,SU_sand,0.001,SU_silt,0.000,SU_shell,0.000,RE_bush,0.000,SU_peb
2024_10_08_11-54-40.jpg,3887,1980,SU_cob,cobble,224,,,,,,,,,,
2024_10_08_11-54-40.jpg,3133,815,SU_sand,sand_fine_shell,224,1.000,SU_sand,0.000,SU_silt,0.000,SU_peb,0.000,MS,0.000,SU_cob
2024_10_08_11-54-40.jpg,1089,1908,SU_sand,sand_fine_shell,224,1.000,SU_sand,0.000,SU_silt,0.000,SU_shell,0.000,SU_peb,0.000,RE_CCA
2024_10_08_11-54-40.jpg,2192,1306,SU_peb,pebble,224,0.996,SU_peb,0.003,SU_sand,0.000,RE_bush,0.000,SU_silt,0.000,SU_shell
2024_10_08_11-54-40.jpg,3403,3755,SU_sand,sand_fine_shell,224,1.000,SU_sand,0.000,SU_peb,0.000,SU_cob,0.000,SU_silt,0.000,SI_kelpBry
2024_10_08_11-54-40.jpg,3778,3285,SU_sand,sand_fine_shell,224,1.000,SU_sand,0.000,SU_shell,0.000,SU_silt,0.000,SU_cob,0.000,RE_CCA
2024_10_08_11-54-40.jpg,3353,1231,SU_silt,silt,224,0.971,SU_silt,0.023,SU_sand,0.006,SU_shell,0.000,SU_peb,0.000,SU_cob
2024_10_08_11-54-40.jpg,1675,3805,SU_sand,sand_fine_shell,224,1.000,SU_sand,0.000,SU_silt,0.000,SU_shell,0.000,SI_kelpBry,0.000,SU_peb
2024_10_08_11-54-40.jpg,2733,1703,RE_bush,red_algae_bushy,224,0.949,RE_bush,0.032,SU_sand,0.013,SU_silt,0.005,SU_peb,0.001,RE_branch
2024_10_08_11-54-40.jpg,1521,304,GR_ulva,green_algae_ulva,224,1.000,GR_ulva,0.000,SU_cob,0.000,SU_peb,0.000,KE_sugar,0.000,SU_bould
2024_10_08_11-54-40.jpg,3823,2223,SU_silt,silt,224,0.842,SU_silt,0.158,SU_sand,0.000,SU_shell,0.000,SU_peb,0.000,SU_cob
2024_10_08_11-54-40.jpg,3640,2198,SU_peb,pebble,224,,,,,,,,,,
2024_10_08_11-54-40.jpg,1385,1347,SU_anth,anthropogenic,224,,,,,,,,,,
2024_10_08_11-54-40.jpg,3474,4210,SU_anth,anthropogenic,224,,,,,,,,,,
2024_10_08_11-54-40.jpg,2166,2109,SU_sand,sand_fine_shell,224,,,,,,,,,,
2024_10_08_11-54-40.jpg,1066,3089,SU_peb,pebble,224,,,,,,,,,,
2024_10_08_11-54-40.jpg,2728,4241,RE_branch,red_algae_branching,224,1.000,RE_branch,0.000,RE_leaf,0.000,BR_sarg,0.000,RE_bush,0.000,RE_fil
2024_10_08_11-54-40.jpg,1328,2628,SU_sand,sand_fine_shell,224,0.996,SU_sand,0.001,SI,0.001,SU_peb,0.001,KE_bull,0.000,MS
2024_10_08_11-54-40.jpg,2124,1890,SU_sand,sand_fine_shell,224,1.000,SU_sand,0.000,SU_silt,0.000,SU_shell,0.000,SU_peb,0.000,RE_bush
2024_10_08_11-54-40.jpg,3693,4364,GR_ulva,green_algae_ulva,224,,,,,,,,,,
2024_10_08_11-54-40.jpg,2269,4294,RE_leaf,red_algae_flat_leaf,224,,,,,,,,,,
2024_10_08_11-54-40.jpg,2375,3088,RE_leaf,red_algae_flat_leaf,224,,,,,,,,,,
2024_10_08_11-54-40.jpg,1024,2307,SU_sand,sand_fine_shell,224,0.995,SU_sand,0.005,SU_silt,0.000,SU_shell,0.000,SU_peb,0.000,SI_kelpBry
2024_10_08_11-54-40.jpg,2083,3094,SU_anth,anthropogenic,224,,,,,,,,,,
2024_10_08_11-54-40.jpg,2409,4234,RE_branch,red_algae_branching,224,0.994,RE_branch,0.006,RE_leaf,0.000,KE_sugar,0.000,RE_CCA,0.000,MS
2024_10_08_11-54-40.jpg,2413,2348,SU_peb,pebble,224,,,,,,,,,,
2024_10_08_11-54-40.jpg,417,1747,SU_peb,pebble,224,1.000,SU_peb,0.000,SU_sand,0.000,SU_cob,0.000,SU_shell,0.000,KE_stipe
2024_10_08_11-54-40.jpg,552,906,SU_sand,sand_fine_shell,224,,,,,,,,,,
2024_10_08_11-54-40.jpg,2117,2585,SU_sand,sand_fine_shell,224,0.871,SU_sand,0.105,SU_silt,0.022,SU_shell,0.001,KE_stipe,0.000,SU_peb
2024_10_08_11-54-40.jpg,368,2795,SU_peb,pebble,224,,,,,,,,,,
2024_10_08_11-54-40.jpg,3539,169,SU_peb,pebble,224,0.996,SU_peb,0.002,MS,0.001,SU_bould,0.000,SU_sand,0.000,SU_cob
2024_10_08_11-54-40.jpg,1702,287,GR_ulva,green_algae_ulva,224,1.000,GR_ulva,0.000,SU_peb,0.000,SI,0.000,MS,0.000,KE_sugar
2024_10_08_11-54-40.jpg,2504,1844,SU_sand,sand_fine_shell,224,,,,,,,,,,
2024_10_08_11-54-40.jpg,395,2142,SU_peb,pebble,224,0.922,SU_peb,0.073,SU_sand,0.003,SU_cob,0.002,SU_shell,0.000,MS
2024_10_08_11-54-40.jpg,3697,799,SU_peb,pebble,224,,,,,,,,,,
2024_10_08_11-54-40.jpg,1706,3932,SU_sand,sand_fine_shell,224,,,,,,,,,,
2024_10_08_11-54-40.jpg,3537,4406,GR_ulva,green_algae_ulva,224,,,,,,,,,,
2024_10_08_11-54-40.jpg,3205,3942,RE_branch,red_algae_branching,224,,,,,,,,,,
2024_10_08_11-54-40.jpg,348,482,GR_ulva,green_algae_ulva,224,0.999,GR_ulva,0.000,RE_leaf,0.000,SI_kelpBry,0.000,MS,0.000,KE_5rib
2024_10_08_11-54-49.jpg,2123,3830,RE_branch,red_algae_branching,224,,,,,,,,,,
2024_10_08_11-54-49.jpg,3387,1096,SU_peb,pebble,224,0.997,SU_peb,0.002,GR_ulva,0.001,MS,0.000,SU_shell,0.000,KE_stipe
2024_10_08_11-54-49.jpg,1344,3552,RE_branch,red_algae_branching,224,0.940,RE_branch,0.028,KE_sieve,0.022,SU_bould,0.010,GR_ulva,0.000,RE_leaf
2024_10_08_11-54-49.jpg,3361,951,GR_ulva,green_algae_ulva,224,1.000,GR_ulva,0.000,KE_5rib,0.000,RE_leaf,0.000,MS,0.000,SU_cob
2024_10_08_11-54-49.jpg,3172,2001,SU_anth,anthropogenic,224,,,,,,,,,,
2024_10_08_11-54-49.jpg,2374,718,RE_fil,red_algae_filamentous,224,1.000,RE_fil,0.000,RE_leaf,0.000,MS,0.000,RE_bush,0.000,RE_CCA
2024_10_08_11-54-49.jpg,2535,3016,MS,mobile_species,224,0.996,MS,0.003,SI_kelpBry,0.001,RE_leaf,0.000,RE_bush,0.000,KE_sugar
2024_10_08_11-54-49.jpg,1207,3515,RE_branch,red_algae_branching,224,0.989,RE_branch,0.010,RE_bush,0.000,MS,0.000,RE_leaf,0.000,GR_ulva
2024_10_08_11-54-49.jpg,800,3631,RE_branch,red_algae_branching,224,0.951,RE_branch,0.046,BR_sarg,0.001,KE_holdfas,0.001,SU_bould,0.000,RE_CCA
2024_10_08_11-54-49.jpg,1160,2473,RE_branch,red_algae_branching,224,1.000,RE_branch,0.000,RE_leaf,0.000,BR_sarg,0.000,MS,0.000,BR_fucus
2024_10_08_11-54-49.jpg,2845,1397,GR_ulva,green_algae_ulva,224,0.999,GR_ulva,0.001,SU_peb,0.000,KE_bull,0.000,BR_sarg,0.000,KE_stipe
2024_10_08_11-54-49.jpg,137,4098,RE_leaf,red_algae_flat_leaf,224,1.000,RE_leaf,0.000,RE_branch,0.000,GR_ulva,0.000,KE_5rib,0.000,KE_sieve
2024_10_08_11-54-49.jpg,308,4193,RE_leaf,red_algae_flat_leaf,224,0.999,RE_leaf,0.000,GR_ulva,0.000,MS,0.000,KE_sieve,0.000,RE_branch
2024_10_08_11-54-49.jpg,3893,944,SU_peb,pebble,224,,,,,,,,,,
2024_10_08_11-54-49.jpg,1983,2633,RE_branch,red_algae_branching,224,1.000,RE_branch,0.000,RE_leaf,0.000,BR_sarg,0.000,RE_bush,0.000,MS
2024_10_08_11-54-49.jpg,659,3416,SU_sand,sand_fine_shell,224,1.000,SU_sand,0.000,SU_peb,0.000,SU_cob,0.000,MS,0.000,SU_silt
2024_10_08_11-54-49.jpg,1208,3691,RE_branch,red_algae_branching,224,0.993,RE_branch,0.003,SU_bould,0.001,RE_bush,0.001,BR_fucus,0.000,MS
2024_10_08_11-54-49.jpg,3710,2579,SU_sand,sand_fine_shell,224,0.997,SU_sand,0.003,SU_peb,0.000,SU_cob,0.000,KE_5rib,0.000,SU_silt
2024_10_08_11-54-49.jpg,926,3378,RE_branch,red_algae_branching,224,0.999,RE_branch,0.001,RE_bush,0.000,BR_sarg,0.000,MS,0.000,BR_fucus
2024_10_08_11-54-49.jpg,2218,4093,RE_leaf,red_algae_flat_leaf,224,,,,,,,,,,
2024_10_08_11-54-49.jpg,3872,3219,GR_ulva,green_algae_ulva,224,0.991,GR_ulva,0.009,KE_sieve,0.000,KE_sugar,0.000,MS,0.000,unknown
2024_10_08_11-54-49.jpg,2205,2700,RE_leaf,red_algae_flat_leaf,224,0.997,RE_leaf,0.002,RE_fil,0.000,MS,0.000,KE_sugar,0.000,GR_ulva
2024_10_08_11-54-49.jpg,1968,799,RE_fil,red_algae_filamentous,224,0.999,RE_fil,0.001,RE_leaf,0.000,RE_branch,0.000,RE_bush,0.000,RE_CCA
2024_10_08_11-54-49.jpg,1262,921,RE_branch,red_algae_branching,224,1.000,RE_branch,0.000,BR_sarg,0.000,RE_leaf,0.000,RE_fil,0.000,MS
2024_10_08_11-54-49.jpg,1495,4483,RE_branch,red_algae_branching,224,,,,,,,,,,
2024_10_08_11-54-49.jpg,1847,3330,SU_bould,boulder,224,,,,,,,,,,
2024_10_08_11-54-49.jpg,2985,772,GR_ulva,green_algae_ulva,224,1.000,GR_ulva,0.000,KE_5rib,0.000,MS,0.000,KE_bull,0.000,KE_sugar
2024_10_08_11-54-49.jpg,375,4053,RE_leaf,red_algae_flat_leaf,224,0.998,RE_leaf,0.002,MS,0.000,RE_fil,0.000,RE_branch,0.000,KE_stipe
2024_10_08_11-54-49.jpg,1464,4203,RE_branch,red_algae_branching,224,,,,,,,,,,
2024_10_08_11-54-49.jpg,2214,2896,RE_leaf,red_algae_flat_leaf,224,1.000,RE_leaf,0.000,KE_sugar,0.000,RE_bush,0.000,RE_branch,0.000,SU_sand
2024_10_08_11-54-49.jpg,1955,4113,RE_branch,red_algae_branching,224,1.000,RE_branch,0.000,RE_bush,0.000,RE_leaf,0.000,BR_sarg,0.000,RE_fil
2024_10_08_11-54-49.jpg,1824,841,RE_leaf,red_algae_flat_leaf,224,0.997,RE_leaf,0.003,RE_fil,0.000,KE_5rib,0.000,KE_sieve,0.000,GR_ulva
2024_10_08_11-54-49.jpg,558,3969,RE_leaf,red_algae_flat_leaf,224,1.000,RE_leaf,0.000,MS,0.000,KE_bull,0.000,RE_fil,0.000,KE_stipe
2024_10_08_11-54-49.jpg,628,4488,RE_leaf,red_algae_flat_leaf,224,1.000,RE_leaf,0.000,unknown,0.000,KE_sugar,0.000,KE_5rib,0.000,RE_fil
2024_10_08_11-54-49.jpg,2290,2162,GR_ulva,green_algae_ulva,224,1.000,GR_ulva,0.000,BR_sarg,0.000,KE_bull,0.000,KE_sieve,0.000,RE_leaf
2024_10_08_11-54-49.jpg,3442,2701,SU_sand,sand_fine_shell,224,1.000,SU_sand,0.000,SU_silt,0.000,RE_CCA,0.000,SU_shell,0.000,SU_peb
2024_10_08_11-54-49.jpg,451,2192,SU_cob,cobble,224,,,,,,,,,,
2024_10_08_11-54-49.jpg,3164,319,SU_peb,pebble,224,1.000,SU_peb,0.000,GR_ulva,0.000,SU_sand,0.000,MS,0.000,SU_bould
2024_10_08_11-54-49.jpg,2221,1822,GR_ulva,green_algae_ulva,224,1.000,GR_ulva,0.000,KE_bull,0.000,RE_leaf,0.000,BR_sarg,0.000,KE_sieve
2024_10_08_11-54-49.jpg,1926,3138,RE_leaf,red_algae_flat_leaf,224,,,,,,,,,,
2024_10_08_11-54-49.jpg,2003,2893,RE_leaf,red_algae_flat_leaf,224,1.000,RE_leaf,0.000,KE_bull,0.000,GR_ulva,0.000,RE_branch,0.000,SU_peb
2024_10_08_11-54-49.jpg,1557,1485,GR_ulva,green_algae_ulva,224,,,,,,,,,,
2024_10_08_11-54-49.jpg,3321,2714,SU_sand,sand_fine_shell,224,1.000,SU_sand,0.000,SU_silt,0.000,BR_sarg,0.000,RE_CCA,0.000,SU_shell
2024_10_08_11-54-49.jpg,3352,3728,RE_leaf,red_algae_flat_leaf,224,,,,,,,,,,
2024_10_08_11-54-49.jpg,2824,777,GR_ulva,green_algae_ulva,224,1.000,GR_ulva,0.000,RE_leaf,0.000,KE_stipe,0.000,KE_sugar,0.000,RE_fil
2024_10_08_11-54-49.jpg,3165,4082,SU_sand,sand_fine_shell,224,1.000,SU_sand,0.000,SU_silt,0.000,SU_cob,0.000,SU_shell,0.000,SU_bould
2024_10_08_11-54-49.jpg,827,2897,GR_ulva,green_algae_ulva,224,1.000,GR_ulva,0.000,BR_sarg,0.000,KE_stipe,0.000,KE_bull,0.000,SU_bould
2024_10_08_11-54-49.jpg,2525,3610,SU_sand,sand_fine_shell,224,0.997,SU_sand,0.003,SU_peb,0.000,SU_silt,0.000,SU_cob,0.000,SI_kelpBry
2024_10_08_11-54-49.jpg,3049,1747,GR_ulva,green_algae_ulva,224,1.000,GR_ulva,0.000,KE_bull,0.000,KE_stipe,0.000,SI,0.000,KE_sugar
2024_10_08_11-54-49.jpg,3889,2946,RE_leaf,red_algae_flat_leaf,224,,,,,,,,,,
2024_10_08_11-54-58.jpg,3184,3634,SU_peb,pebble,224,,,,,,,,,,
2024_10_08_11-54-58.jpg,293,554,GR_ulva,green_algae_ulva,224,1.000,GR_ulva,0.000,unknown,0.000,KE_5rib,0.000,KE_stipe,0.000,RE_leaf
2024_10_08_11-54-58.jpg,2089,2462,RE_leaf,red_algae_flat_leaf,224,,,,,,,,,,
2024_10_08_11-54-58.jpg,1083,1573,GR_ulva,green_algae_ulva,224,1.000,GR_ulva,0.000,KE_5rib,0.000,KE_sugar,0.000,KE_bull,0.000,RE_leaf
2024_10_08_11-54-58.jpg,2007,4055,GR_ulva,green_algae_ulva,224,,,,,,,,,,
2024_10_08_11-54-58.jpg,1399,319,SU_sand,sand_fine_shell,224,,,,,,,,,,
2024_10_08_11-54-58.jpg,3446,3944,SU_bould,boulder,224,,,,,,,,,,
2024_10_08_11-54-58.jpg,3863,1652,SU_peb,pebble,224,,,,,,,,,,
2024_10_08_11-54-58.jpg,2535,4437,RE_bush,red_algae_bushy,224,0.998,RE_bush,0.002,SU_sand,0.000,RE_leaf,0.000,SU_silt,0.000,KE_holdfas
2024_10_08_11-54-58.jpg,2242,1834,RE_leaf,red_algae_flat_leaf,224,1.000,RE_leaf,0.000,MS,0.000,SI_kelpBry,0.000,SI,0.000,RE_CCA
2024_10_08_11-54-58.jpg,1406,3077,GR_ulva,green_algae_ulva,224,1.000,GR_ulva,0.000,KE_sieve,0.000,RE_fil,0.000,KE_stipe,0.000,SU_bould
2024_10_08_11-54-58.jpg,2919,3140,SU_sand,sand_fine_shell,224,0.914,SU_sand,0.032,MS,0.031,SU_shell,0.009,KE_stipe,0.008,SU_peb
2024_10_08_11-54-58.jpg,2332,2494,RE_leaf,red_algae_flat_leaf,224,,,,,,,,,,
2024_10_08_11-54-58.jpg,2542,1367,RE_leaf,red_algae_flat_leaf,224,0.994,RE_leaf,0.005,KE_5rib,0.000,SU_peb,0.000,KE_sugar,0.000,MS
2024_10_08_11-54-58.jpg,2819,1327,SU_cob,cobble,224,,,,,,,,,,
2024_10_08_11-54-58.jpg,873,4142,GR_ulva,green_algae_ulva,224,0.999,GR_ulva,0.000,unknown,0.000,KE_5rib,0.000,KE_sugar,0.000,RE_fil
2024_10_08_11-54-58.jpg,2335,4421,RE_bush,red_algae_bushy,224,1.000,RE_bush,0.000,KE_holdfas,0.000,BR_fucus,0.000,KE_stipe,0.000,RE_branch
2024_10_08_11-54-58.jpg,1846,3614,GR_ulva,green_algae_ulva,224,1.000,GR_ulva,0.000,MS,0.000,KE_sugar,0.000,unknown,0.000,KE_sieve
2024_10_08_11-54-58.jpg,3300,2188,RE_leaf,red_algae_flat_leaf,224,0.979,RE_leaf,0.015,KE_sieve,0.004,RE_bush,0.001,RE_fil,0.000,RE_branch
2024_10_08_11-54-58.jpg,886,2325,GR_ulva,green_algae_ulva,224,1.000,GR_ulva,0.000,BR_sarg,0.000,KE_bull,0.000,KE_stipe,0.000,RE_branch
2024_10_08_11-54-58.jpg,3297,697,RE_leaf,red_algae_flat_leaf,224,,,,,,,,,,
2024_10_08_11-54-58.jpg,2428,1920,RE_leaf,red_algae_flat_leaf,224,1.000,RE_leaf,0.000,KE_sugar,0.000,MS,0.000,RE_bush,0.000,RE_fil
2024_10_08_11-54-58.jpg,1250,4105,GR_ulva,green_algae_ulva,224,1.000,GR_ulva,0.000,KE_stipe,0.000,KE_sieve,0.000,MS,0.000,BR_sarg
2024_10_08_11-54-58.jpg,2810,1139,unknown,unknown_area,224,,,,,,,,,,
2024_10_08_11-54-58.jpg,162,1129,SU_sand,sand_fine_shell,224,0.968,SU_sand,0.032,SU_peb,0.000,MS,0.000,GR_ulva,0.000,SU_bould
2024_10_08_11-54-58.jpg,1964,3915,GR_ulva,green_algae_ulva,224,1.000,GR_ulva,0.000,KE_stipe,0.000,KE_bull,0.000,KE_sugar,0.000,SU_bould
2024_10_08_11-54-58.jpg,1394,4138,GR_ulva,green_algae_ulva,224,0.868,GR_ulva,0.127,KE_stipe,0.001,BR_sarg,0.001,BR_fucus,0.001,unknown
2024_10_08_11-54-58.jpg,3130,3427,SU_sand,sand_fine_shell,224,,,,,,,,,,
2024_10_08_11-54-58.jpg,521,3701,GR_ulva,green_algae_ulva,224,,,,,,,,,,
2024_10_08_11-54-58.jpg,2249,259,BR_sarg,brown_algae_sargassum,224,0.950,BR_sarg,0.039,MS,0.004,KE_stipe,0.003,SU_sand,0.002,KE_holdfas
2024_10_08_11-54-58.jpg,1270,2235,RE_fil,red_algae_filamentous,224,,,,,,,,,,
2024_10_08_11-54-58.jpg,2933,2464,RE_leaf,red_algae_flat_leaf,224,,,,,,,,,,
2024_10_08_11-54-58.jpg,2290,769,BR_sarg,brown_algae_sargassum,224,,,,,,,,,,
2024_10_08_11-54-58.jpg,3777,2366,RE_leaf,red_algae_flat_leaf,224,1.000,RE_leaf,0.000,RE_fil,0.000,MS,0.000,KE_stipe,0.000,RE_CCA
2024_10_08_11-54-58.jpg,2283,2086,RE_leaf,red_algae_flat_leaf,224,,,,,,,,,,
2024_10_08_11-54-58.jpg,598,3927,GR_ulva,green_algae_ulva,224,0.998,GR_ulva,0.001,MS,0.001,KE_sugar,0.000,KE_bull,0.000,KE_sieve
2024_10_08_11-54-58.jpg,115,2825,RE_leaf,red_algae_flat_leaf,224,1.000,RE_leaf,0.000,KE_sugar,0.000,RE_bush,0.000,KE_5rib,0.000,MS
2024_10_08_11-54-58.jpg,1212,1009,GR_ulva,green_algae_ulva,224,1.000,GR_ulva,0.000,KE_stipe,0.000,MS,0.000,BR_sarg,0.000,KE_bull
2024_10_08_11-54-58.jpg,579,1704,GR_ulva,green_algae_ulva,224,1.000,GR_ulva,0.000,BR_fucus,0.000,MS,0.000,unknown,0.000,KE_5rib
2024_10_08_11-54-58.jpg,3303,1658,RE_fil,red_algae_filamentous,224,,,,,,,,,,
2024_10_08_11-54-58.jpg,3909,4474,unknown,unknown_area,224,,,,,,,,,,
2024_10_08_11-54-58.jpg,1702,4236,GR_ulva,green_algae_ulva,224,0.999,GR_ulva,0.000,BR_sarg,0.000,KE_sieve,0.000,MS,0.000,unknown
2024_10_08_11-54-58.jpg,3142,2817,RE_leaf,red_algae_flat_leaf,224,0.999,RE_leaf,0.001,RE_fil,0.000,KE_5rib,0.000,KE_sieve,0.000,RE_CCA
2024_10_08_11-54-58.jpg,2496,3437,RE_bush,red_algae_bushy,224,0.999,RE_bush,0.001,RE_fil,0.000,RE_branch,0.000,RE_leaf,0.000,KE_stipe
2024_10_08_11-54-58.jpg,2915,3479,SU_peb,pebble,224,,,,,,,,,,
2024_10_08_11-54-58.jpg,3068,4251,SU_bould,boulder,224,,,,,,,,,,
2024_10_08_11-54-58.jpg,2612,1791,RE_leaf,red_algae_flat_leaf,224,0.999,RE_leaf,0.001,KE_sugar,0.001,KE_5rib,0.000,unknown,0.000,RE_bush
2024_10_08_11-54-58.jpg,1928,781,GR_ulva,green_algae_ulva,224,,,,,,,,,,
2024_10_08_11-54-58.jpg,116,3067,RE_leaf,red_algae_flat_leaf,224,1.000,RE_leaf,0.000,KE_sugar,0.000,MS,0.000,KE_5rib,0.000,RE_CCA
2024_10_08_11-54-58.jpg,2705,3779,SU_sand,sand_fine_shell,224,1.000,SU_sand,0.000,SU_silt,0.000,RE_CCA,0.000,SU_cob,0.000,SU_peb
2024_10_08_11-55-07.jpg,518,4489,SU_sand,sand_fine_shell,224,,,,,,,,,,
2024_10_08_11-55-07.jpg,1086,4092,GR_ulva,green_algae_ulva,224,1.000,GR_ulva,0.000,BR_sarg,0.000,SU_peb,0.000,KE_5rib,0.000,KE_sugar
2024_10_08_11-55-07.jpg,1497,677,GR_ulva,green_algae_ulva,224,0.991,GR_ulva,0.009,SU_peb,0.000,SU_cob,0.000,SU_bould,0.000,KE_stipe
2024_10_08_11-55-07.jpg,808,3169,SU_sand,sand_fine_shell,224,0.998,SU_sand,0.002,SU_peb,0.000,GR_ulva,0.000,SU_silt,0.000,MS
2024_10_08_11-55-07.jpg,2853,3835,GR_ulva,green_algae_ulva,224,1.000,GR_ulva,0.000,BR_sarg,0.000,KE_bull,0.000,RE_leaf,0.000,KE_5rib
2024_10_08_11-55-07.jpg,1864,3786,GR_ulva,green_algae_ulva,224,1.000,GR_ulva,0.000,RE_leaf,0.000,KE_sugar,0.000,KE_5rib,0.000,BR_sarg
2024_10_08_11-55-07.jpg,2566,1012,RE_branch,red_algae_branching,224,,,,,,,,,,
2024_10_08_11-55-07.jpg,1821,930,SU_peb,pebble,224,1.000,SU_peb,0.000,SU_sand,0.000,SU_shell,0.000,SU_bould,0.000,GR_ulva
2024_10_08_11-55-07.jpg,699,1813,SU_peb,pebble,224,0.999,SU_peb,0.001,SU_sand,0.000,GR_ulva,0.000,SU_cob,0.000,SU_shell
2024_10_08_11-55-07.jpg,1051,2557,SU_sand,sand_fine_shell,224,0.998,SU_sand,0.002,SU_peb,0.000,SU_cob,0.000,SU_bould,0.000,SU_shell
2024_10_08_11-55-07.jpg,2662,3211,SU_anth,anthropogenic,224,,,,,,,,,,
2024_10_08_11-55-07.jpg,1248,2045,SU_sand,sand_fine_shell,224,0.967,SU_sand,0.026,SU_shell,0.006,SU_peb,0.000,SU_silt,0.000,SI
2024_10_08_11-55-07.jpg,2110,3059,GR_ulva,green_algae_ulva,224,1.000,GR_ulva,0.000,KE_bull,0.000,SU_bould,0.000,RE_leaf,0.000,MS
2024_10_08_11-55-07.jpg,318,1508,SU_sand,sand_fine_shell,224,0.996,SU_sand,0.003,SU_peb,0.001,SU_shell,0.000,SU_silt,0.000,SU_cob
2024_10_08_11-55-07.jpg,1972,1963,SU_peb,pebble,224,1.000,SU_peb,0.000,SU_sand,0.000,SU_bould,0.000,KE_5rib,0.000,SU_shell
2024_10_08_11-55-07.jpg,2284,2793,GR_ulva,green_algae_ulva,224,1.000,GR_ulva,0.000,KE_bull,0.000,RE_leaf,0.000,SI,0.000,SU_bould
2024_10_08_11-55-07.jpg,2759,2450,SU_silt,silt,224,,,,,,,,,,
2024_10_08_11-55-07.jpg,1989,3899,GR_ulva,green_algae_ulva,224,1.000,GR_ulva,0.000,KE_sugar,0.000,KE_5rib,0.000,unknown,0.000,SU_bould
2024_10_08_11-55-07.jpg,3800,113,RE_leaf,red_algae_flat_leaf,224,,,,,,,,,,
2024_10_08_11-55-07.jpg,2998,1924,RE_branch,red_algae_branching,224,1.000,RE_branch,0.000,BR_sarg,0.000,RE_leaf,0.000,KE_sieve,0.000,KE_holdfas
2024_10_08_11-55-07.jpg,367,1984,unknown,unknown_area,224,,,,,,,,,,
2024_10_08_11-55-07.jpg,3573,3811,MS,mobile_species,224,,,,,,,,,,
2024_10_08_11-55-07.jpg,2236,610,SU_peb,pebble,224,1.000,SU_peb,0.000,SU_sand,0.000,MS,0.000,SU_shell,0.000,KE_stipe
2024_10_08_11-55-07.jpg,3659,2679,SU_bould,boulder,224,0.989,SU_bould,0.009,SU_peb,0.001,SU_cob,0.001,SU_silt,0.000,KE_sugar
2024_10_08_11-55-07.jpg,880,1528,SU_sand,sand_fine_shell,224,,,,,,,,,,
2024_10_08_11-55-07.jpg,2197,1251,SU_peb,pebble,224,1.000,SU_peb,0.000,GR_ulva,0.000,BR_sarg,0.000,SU_bould,0.000,SU_cob
2024_10_08_11-55-07.jpg,3071,1753,RE_branch,red_algae_branching,224,1.000,RE_branch,0.000,BR_sarg,0.000,RE_leaf,0.000,RE_bush,0.000,KE_sieve
2024_10_08_11-55-07.jpg,820,2644,SU_sand,sand_fine_shell,224,1.000,SU_sand,0.000,SU_peb,0.000,SU_silt,0.000,SU_cob,0.000,BR_sarg
2024_10_08_11-55-07.jpg,2126,731,SU_peb,pebble,224,0.990,SU_peb,0.004,MS,0.003,SU_sand,0.002,SU_shell,0.000,KE_sieve
2024_10_08_11-55-07.jpg,409,2145,SU_bould,boulder,224,,,,,,,,,,
2024_10_08_11-55-07.jpg,2016,3686,GR_ulva,green_algae_ulva,224,1.000,GR_ulva,0.000,RE_leaf,0.000,KE_sugar,0.000,KE_bull,0.000,KE_5rib
2024_10_08_11-55-07.jpg,236,2809,RE_branch,red_algae_branching,224,,,,,,,,,,
2024_10_08_11-55-07.jpg,2262,468,GR_ulva,green_algae_ulva,224,0.998,GR_ulva,0.002,SU_peb,0.000,SU_cob,0.000,KE_stipe,0.000,KE_sugar
2024_10_08_11-55-07.jpg,1522,4408,SU_sand,sand_fine_shell,224,0.987,SU_sand,0.012,SU_peb,0.001,SU_silt,0.000,SU_shell,0.000,MS
2024_10_08_11-55-07.jpg,2105,288,GR_ulva,green_algae_ulva,224,1.000,GR_ulva,0.000,SU_peb,0.000,SU_cob,0.000,SU_bould,0.000,KE_stipe
2024_10_08_11-55-07.jpg,3357,2310,GR_ulva,green_algae_ulva,224,0.995,GR_ulva,0.005,SU_peb,0.000,SU_cob,0.000,KE_stipe,0.000,SI
2024_10_08_11-55-07.jpg,3343,4441,GR_ulva,green_algae_ulva,224,0.984,GR_ulva,0.006,RE_leaf,0.005,MS,0.002,BR_fucus,0.001,unknown
2024_10_08_11-55-07.jpg,472,2604,SU_bould,boulder,224,,,,,,,,,,
2024_10_08_11-55-07.jpg,948,4283,SU_silt,silt,224,0.913,SU_silt,0.053,MS,0.016,SU_sand,0.009,SU_cob,0.005,SU_shell
2024_10_08_11-55-07.jpg,800,4302,GR_ulva,green_algae_ulva,224,1.000,GR_ulva,0.000,SU_peb,0.000,KE_sugar,0.000,SU_cob,0.000,KE_stipe
2024_10_08_11-55-07.jpg,2826,2041,RE_branch,red_algae_branching,224,1.000,RE_branch,0.000,BR_sarg,0.000,RE_bush,0.000,KE_holdfas,0.000,KE_sugar
2024_10_08_11-55-07.jpg,641,2527,SU_sand,sand_fine_shell,224,0.997,SU_sand,0.003,SU_silt,0.000,SU_shell,0.000,SU_cob,0.000,MS
2024_10_08_11-55-07.jpg,2205,1966,RE_branch,red_algae_branching,224,,,,,,,,,,
2024_10_08_11-55-07.jpg,1923,811,SU_peb,pebble,224,1.000,SU_peb,0.000,SU_cob,0.000,SU_bould,0.000,GR_ulva,0.000,KE_stipe
2024_10_08_11-55-07.jpg,2215,3667,GR_ulva,green_algae_ulva,224,1.000,GR_ulva,0.000,KE_sieve,0.000,KE_5rib,0.000,RE_leaf,0.000,BR_sarg
2024_10_08_11-55-07.jpg,833,2165,SU_sand,sand_fine_shell,224,0.999,SU_sand,0.001,SU_silt,0.000,SU_shell,0.000,SU_cob,0.000,SU_peb
2024_10_08_11-55-07.jpg,2248,4252,SU_sand,sand_fine_shell,224,1.000,SU_sand,0.000,SU_peb,0.000,MS,0.000,SI_kelpBry,0.000,BR_sarg
2024_10_08_11-55-07.jpg,794,3920,GR_ulva,green_algae_ulva,224,1.000,GR_ulva,0.000,KE_5rib,0.000,RE_leaf,0.000,SU_peb,0.000,SI
2024_10_08_11-55-07.jpg,1280,2200,SU_anth,anthropogenic,224,,,,,,,,,,
2024_10_08_11-55-07.jpg,2544,3348,GR_ulva,green_algae_ulva,224,0.999,GR_ulva,0.001,KE_bull,0.000,KE_stipe,0.000,SU_peb,0.000,BR_fucus
2024_10_08_11-55-16.jpg,1985,4486,GR_ulva,green_algae_ulva,224,0.991,GR_ulva,0.009,unknown,0.000,RE_fil,0.000,KE_sugar,0.000,KE_5rib
2024_10_08_11-55-16.jpg,3036,359,SU_cob,cobble,224,,,,,,,,,,
2024_10_08_11-55-16.jpg,2201,4366,GR_ulva,green_algae_ulva,224,1.000,GR_ulva,0.000,MS,0.000,KE_5rib,0.000,RE_leaf,0.000,KE_sugar
2024_10_08_11-55-16.jpg,1091,3374,GR_ulva,green_algae_ulva,224,1.000,GR_ulva,0.000,BR_sarg,0.000,KE_stipe,0.000,BR_fucus,0.000,SU_peb
2024_10_08_11-55-16.jpg,1634,4003,SU_cob,cobble,224,,,,,,,,,,
2024_10_08_11-55-16.jpg,2901,750,GR_ulva,green_algae_ulva,224,1.000,GR_ulva,0.000,BR_sarg,0.000,SU_cob,0.000,KE_sugar,0.000,SU_bould
2024_10_08_11-55-16.jpg,2981,1865,RE_branch,red_algae_branching,224,,,,,,,,,,
2024_10_08_11-55-16.jpg,747,2542,BR_sarg,brown_algae_sargassum,224,,,,,,,,,,
2024_10_08_11-55-16.jpg,1187,3934,SU_peb,pebble,224,0.999,SU_peb,0.001,SU_cob,0.000,SU_sand,0.000,SU_bould,0.000,GR_ulva
2024_10_08_11-55-16.jpg,2314,3511,GR_ulva,green_algae_ulva,224,1.000,GR_ulva,0.000,KE_5rib,0.000,SU_cob,0.000,RE_leaf,0.000,BR_sarg
2024_10_08_11-55-16.jpg,547,1046,BR_sarg,brown_algae_sargassum,224,1.000,BR_sarg,0.000,KE_holdfas,0.000,RE_branch,0.000,SU_cob,0.000,RE_bush
2024_10_08_11-55-16.jpg,580,2321,BR_sarg,brown_algae_sargassum,224,,,,,,,,,,
2024_10_08_11-55-16.jpg,2907,1605,RE_branch,red_algae_branching,224,1.000,RE_branch,0.000,BR_sarg,0.000,RE_fil,0.000,RE_bush,0.000,RE_leaf
2024_10_08_11-55-16.jpg,846,314,SU_sand,sand_fine_shell,224,0.990,SU_sand,0.003,RE_CCA,0.003,SU_bould,0.002,MS,0.002,SU_cob
2024_10_08_11-55-16.jpg,1819,3697,SU_sand,sand_fine_shell,224,1.000,SU_sand,0.000,SU_silt,0.000,BR_sarg,0.000,SU_peb,0.000,RE_CCA
2024_10_08_11-55-16.jpg,3589,271,SU_peb,pebble,224,,,,,,,,,,
2024_10_08_11-55-16.jpg,1784,1638,BR_sarg,brown_algae_sargassum,224,,,,,,,,,,
2024_10_08_11-55-16.jpg,2451,1296,RE_leaf,red_algae_flat_leaf,224,0.914,RE_leaf,0.076,KE_5rib,0.004,KE_sieve,0.003,KE_sugar,0.002,RE_fil
2024_10_08_11-55-16.jpg,781,2267,BR_sarg,brown_algae_sargassum,224,,,,,,,,,,
2024_10_08_11-55-16.jpg,1852,2544,SU_silt,silt,224,,,,,,,,,,
2024_10_08_11-55-16.jpg,2919,380,SU_peb,pebble,224,,,,,,,,,,
2024_10_08_11-55-16.jpg,2338,4189,GR_ulva,green_algae_ulva,224,0.992,GR_ulva,0.005,MS,0.001,KE_sugar,0.001,SI_kelpBry,0.001,RE_leaf
2024_10_08_11-55-16.jpg,474,1529,BR_sarg,brown_algae_sargassum,224,1.000,BR_sarg,0.000,KE_holdfas,0.000,SU_bould,0.000,SU_sand,0.000,SU_cob
2024_10_08_11-55-16.jpg,2488,4333,GR_ulva,green_algae_ulva,224,0.999,GR_ulva,0.001,MS,0.000,KE_5rib,0.000,unknown,0.000,KE_sugar
2024_10_08_11-55-16.jpg,297,347,BR_sarg,brown_algae_sargassum,224,,,,,,,,,,
2024_10_08_11-55-16.jpg,2057,662,BR_sarg,brown_algae_sargassum,224,,,,,,,,,,
2024_10_08_11-55-16.jpg,436,523,BR_sarg,brown_algae_sargassum,224,,,,,,,,,,
2024_10_08_11-55-16.jpg,623,123,BR_sarg,brown_algae_sargassum,224,,,,,,,,,,
2024_10_08_11-55-16.jpg,1820,1299,BR_sarg,brown_algae_sargassum,224,,,,,,,,,,
2024_10_08_11-55-16.jpg,3476,2444,SU_silt,silt,224,,,,,,,,,,
2024_10_08_11-55-16.jpg,323,3869,GR_ulva,green_algae_ulva,224,1.000,GR_ulva,0.000,KE_stipe,0.000,KE_5rib,0.000,KE_sieve,0.000,MS
2024_10_08_11-55-16.jpg,3653,3981,RE_leaf,red_algae_flat_leaf,224,,,,,,,,,,
2024_10_08_11-55-16.jpg,1727,786,SU_anth,anthropogenic,224,,,,,,,,,,
2024_10_08_11-55-16.jpg,3261,2606,SU_sand,sand_fine_shell,224,1.000,SU_sand,0.000,SU_silt,0.000,BR_sarg,0.000,SU_cob,0.000,SU_peb
2024_10_08_11-55-16.jpg,2039,877,BR_sarg,brown_algae_sargassum,224,,,,,,,,,,
2024_10_08_11-55-16.jpg,1660,3276,SU_peb,pebble,224,0.992,SU_peb,0.007,SU_cob,0.000,SU_sand,0.000,SU_bould,0.000,KE_stipe
2024_10_08_11-55-16.jpg,694,3682,SU_peb,pebble,224,,,,,,,,,,
2024_10_08_11-55-16.jpg,2356,2999,SU_silt,silt,224,1.000,SU_silt,0.000,SU_bould,0.000,SU_shell,0.000,KE_sugar,0.000,RE_CCA
2024_10_08_11-55-16.jpg,359,1963,RE_leaf,red_algae_flat_leaf,224,1.000,RE_leaf,0.000,MS,0.000,SI_kelpBry,0.000,KE_sugar,0.000,RE_bush
2024_10_08_11-55-16.jpg,3421,3835,GR_ulva,green_algae_ulva,224,1.000,GR_ulva,0.000,MS,0.000,RE_leaf,0.000,KE_stipe,0.000,KE_5rib
2024_10_08_11-55-16.jpg,2481,120,SU_sand,sand_fine_shell,224,0.998,SU_sand,0.001,SU_bould,0.001,MS,0.000,SU_peb,0.000,KE_stipe
2024_10_08_11-55-16.jpg,2348,2048,GR_ulva,green_algae_ulva,224,0.932,GR_ulva,0.032,KE_stipe,0.011,RE_branch,0.008,RE_CCA,0.008,SU_bould
2024_10_08_11-55-16.jpg,228,2512,RE_leaf,red_algae_flat_leaf,224,0.999,RE_leaf,0.001,RE_bush,0.000,KE_sugar,0.000,RE_fil,0.000,SU_bould
2024_10_08_11-55-16.jpg,2870,1322,RE_leaf,red_algae_flat_leaf,224,,,,,,,,,,
2024_10_08_11-55-16.jpg,2570,3466,GR_ulva,green_algae_ulva,224,1.000,GR_ulva,0.000,KE_5rib,0.000,BR_sarg,0.000,RE_leaf,0.000,MS
2024_10_08_11-55-16.jpg,3502,1552,RE_fil,red_algae_filamentous,224,1.000,RE_fil,0.000,MS,0.000,RE_bush,0.000,RE_leaf,0.000,SU_bould
2024_10_08_11-55-16.jpg,3250,2863,SU_sand,sand_fine_shell,224,1.000,SU_sand,0.000,SU_peb,0.000,MS,0.000,SU_cob,0.000,SU_silt
2024_10_08_11-55-16.jpg,2752,1275,RE_leaf,red_algae_flat_leaf,224,,,,,,,,,,
2024_10_08_11-55-16.jpg,740,1915,BR_sarg,brown_algae_sargassum,224,,,,,,,,,,
2024_10_08_11-55-16.jpg,3349,609,SU_cob,cobble,224,,,,,,,,,,
2024_10_08_11-55-25.jpg,866,618,GR_ulva,green_algae_ulva,224,1.000,GR_ulva,0.000,unknown,0.000,KE_5rib,0.000,KE_sugar,0.000,RE_leaf
2024_10_08_11-55-25.jpg,3734,1759,GR_ulva,green_algae_ulva,224,,,,,,,,,,
2024_10_08_11-55-25.jpg,1756,3586,RE_branch,red_algae_branching,224,0.977,RE_branch,0.021,RE_fil,0.002,BR_sarg,0.000,RE_leaf,0.000,RE_bush
2024_10_08_11-55-25.jpg,1728,1556,SU_peb,pebble,224,,,,,,,,,,
2024_10_08_11-55-25.jpg,1663,787,GR_ulva,green_algae_ulva,224,0.999,GR_ulva,0.001,SU_bould,0.000,KE_stipe,0.000,BR_sarg,0.000,SU_peb
2024_10_08_11-55-25.jpg,3397,1431,SU_peb,pebble,224,,,,,,,,,,
2024_10_08_11-55-25.jpg,1207,495,GR_ulva,green_algae_ulva,224,1.000,GR_ulva,0.000,MS,0.000,RE_leaf,0.000,SI_kelpBry,0.000,BR_sarg
2024_10_08_11-55-25.jpg,3344,1703,GR_ulva,green_algae_ulva,224,0.973,GR_ulva,0.027,BR_sarg,0.000,SU_peb,0.000,MS,0.000,SU_bould
2024_10_08_11-55-25.jpg,1723,148,SU_sand,sand_fine_shell,224,,,,,,,,,,
2024_10_08_11-55-25.jpg,3598,645,RE_bush,red_algae_bushy,224,,,,,,,,,,
2024_10_08_11-55-25.jpg,1203,1371,SU_sand,sand_fine_shell,224,,,,,,,,,,
2024_10_08_11-55-25.jpg,716,2543,RE_fil,red_algae_filamentous,224,,,,,,,,,,
2024_10_08_11-55-25.jpg,431,1340,RE_fil,red_algae_filamentous,224,,,,,,,,,,
2024_10_08_11-55-25.jpg,1052,3448,BR_sarg,brown_algae_sargassum,224,,,,,,,,,,
2024_10_08_11-55-25.jpg,2071,3452,RE_branch,red_algae_branching,224,,,,,,,,,,
2024_10_08_11-55-25.jpg,579,1733,RE_bush,red_algae_bushy,224,0.988,RE_bush,0.011,RE_branch,0.001,RE_fil,0.000,BR_sarg,0.000,SU_bould
2024_10_08_11-55-25.jpg,3648,2522,SU_sand,sand_fine_shell,224,,,,,,,,,,
2024_10_08_11-55-25.jpg,2911,3849,SU_sand,sand_fine_shell,224,0.957,SU_sand,0.025,SU_cob,0.016,SU_peb,0.001,MS,0.001,SU_bould
2024_10_08_11-55-25.jpg,1084,641,GR_ulva,green_algae_ulva,224,1.000,GR_ulva,0.000,BR_sarg,0.000,MS,0.000,BR_fucus,0.000,KE_stipe
2024_10_08_11-55-25.jpg,3771,2965,SU_peb,pebble,224,,,,,,,,,,
2024_10_08_11-55-25.jpg,1840,2425,SU_sand,sand_fine_shell,224,,,,,,,,,,
2024_10_08_11-55-25.jpg,441,1006,GR_ulva,green_algae_ulva,224,0.999,GR_ulva,0.001,KE_stipe,0.000,KE_sieve,0.000,SU_bould,0.000,BR_sarg
2024_10_08_11-55-25.jpg,2302,3928,SU_peb,pebble,224,0.912,SU_peb,0.076,SU_cob,0.012,SU_bould,0.000,SU_sand,0.000,MS
2024_10_08_11-55-25.jpg,2912,3236,SU_peb,pebble,224,,,,,,,,,,
2024_10_08_11-55-25.jpg,2534,3443,SU_peb,pebble,224,,,,,,,,,,
2024_10_08_11-55-25.jpg,3597,3674,SU_peb,pebble,224,0.997,SU_peb,0.002,SU_sand,0.001,SU_cob,0.000,SU_bould,0.000,SU_shell
2024_10_08_11-55-25.jpg,1548,2666,GR_ulva,green_algae_ulva,224,1.000,GR_ulva,0.000,BR_sarg,0.000,KE_stipe,0.000,KE_sieve,0.000,BR_fucus
2024_10_08_11-55-25.jpg,2862,335,unknown,unknown_area,224,,,,,,,,,,
2024_10_08_11-55-25.jpg,1823,1010,SU_sand,sand_fine_shell,224,,,,,,,,,,
2024_10_08_11-55-25.jpg,539,1490,RE_bush,red_algae_bushy,224,,,,,,,,,,
2024_10_08_11-55-25.jpg,3599,192,SU_anth,anthropogenic,224,,,,,,,,,,
2024_10_08_11-55-25.jpg,1009,3000,GR_ulva,green_algae_ulva,224,1.000,GR_ulva,0.000,RE_leaf,0.000,KE_sugar,0.000,KE_5rib,0.000,MS
2024_10_08_11-55-25.jpg,3197,2792,SU_sand,sand_fine_shell,224,,,,,,,,,,
2024_10_08_11-55-25.jpg,559,1850,RE_bush,red_algae_bushy,224,0.999,RE_bush,0.001,RE_branch,0.000,RE_fil,0.000,SU_bould,0.000,KE_holdfas
2024_10_08_11-55-25.jpg,2245,261,SU_sand,sand_fine_shell,224,,,,,,,,,,
2024_10_08_11-55-25.jpg,3310,2448,SU_sand,sand_fine_shell,224,,,,,,,,,,
2024_10_08_11-55-25.jpg,2414,2371,SU_sand,sand_fine_shell,224,,,,,,,,,,
2024_10_08_11-55-25.jpg,2251,1247,SU_sand,sand_fine_shell,224,,,,,,,,,,
2024_10_08_11-55-25.jpg,1601,1373,SU_sand,sand_fine_shell,224,,,,,,,,,,
2024_10_08_11-55-25.jpg,2739,869,GR_ulva,green_algae_ulva,224,0.949,GR_ulva,0.022,KE_stipe,0.017,BR_sarg,0.010,KE_sieve,0.001,KE_holdfas
2024_10_08_11-55-25.jpg,701,1893,RE_bush,red_algae_bushy,224,0.974,RE_bush,0.025,BR_sarg,0.000,SU_bould,0.000,SU_peb,0.000,RE_branch
2024_10_08_11-55-25.jpg,2069,1841,SU_sand,sand_fine_shell,224,0.936,SU_sand,0.052,BR_sarg,0.009,MS,0.001,SU_peb,0.001,SU_cob
2024_10_08_11-55-25.jpg,3913,1185,RE_bush,red_algae_bushy,224,0.992,RE_bush,0.006,RE_branch,0.002,RE_fil,0.000,KE_5rib,0.000,KE_sieve
2024_10_08_11-55-25.jpg,3727,1154,RE_bush,red_algae_bushy,224,,,,,,,,,,
2024_10_08_11-55-25.jpg,1360,1823,RE_bush,red_algae_bushy,224,1.000,RE_bush,0.000,MS,0.000,RE_branch,0.000,RE_leaf,0.000,KE_stipe
2024_10_08_11-55-25.jpg,1875,3514,RE_branch,red_algae_branching,224,0.995,RE_branch,0.005,RE_fil,0.000,BR_sarg,0.000,RE_CCA,0.000,RE_leaf
2024_10_08_11-55-25.jpg,1763,2254,RE_bush,red_algae_bushy,224,,,,,,,,,,
2024_10_08_11-55-25.jpg,3109,1128,SU_sand,sand_fine_shell,224,,,,,,,,,,
2024_10_08_11-55-25.jpg,2241,1645,SU_sand,sand_fine_shell,224,,,,,,,,,,
2024_10_08_11-55-25.jpg,2697,3178,SU_sand,sand_fine_shell,224,,,,,,,,,,
2024_10_08_11-55-34.jpg,1449,2753,BR_sarg,brown_algae_sargassum,224,,,,,,,,,,
2024_10_08_11-55-34.jpg,3717,2031,RE_branch,red_algae_branching,224,,,,,,,,,,
2024_10_08_11-55-34.jpg,1854,4390,GR_ulva,green_algae_ulva,224,,,,,,,,,,
2024_10_08_11-55-34.jpg,1784,3675,SU_shell,shell_hash,224,0.941,SU_shell,0.035,MS,0.014,SU_peb,0.004,RE_CCA,0.002,KE_stipe
2024_10_08_11-55-34.jpg,580,3108,RE_fil,red_algae_filamentous,224,,,,,,,,,,
2024_10_08_11-55-34.jpg,2771,2100,RE_leaf,red_algae_flat_leaf,224,,,,,,,,,,
2024_10_08_11-55-34.jpg,2155,1948,GR_ulva,green_algae_ulva,224,1.000,GR_ulva,0.000,BR_sarg,0.000,KE_bull,0.000,KE_sieve,0.000,RE_leaf
2024_10_08_11-55-34.jpg,3297,3446,GR_ulva,green_algae_ulva,224,1.000,GR_ulva,0.000,KE_stipe,0.000,BR_sarg,0.000,MS,0.000,SU_bould
2024_10_08_11-55-34.jpg,2069,1757,GR_ulva,green_algae_ulva,224,,,,,,,,,,
2024_10_08_11-55-34.jpg,3837,1244,GR_ulva,green_algae_ulva,224,,,,,,,,,,
2024_10_08_11-55-34.jpg,2642,1514,GR_ulva,green_algae_ulva,224,1.000,GR_ulva,0.000,MS,0.000,KE_sieve,0.000,RE_leaf,0.000,KE_stipe
2024_10_08_11-55-34.jpg,2876,772,RE_leaf,red_algae_flat_leaf,224,,,,,,,,,,
2024_10_08_11-55-34.jpg,528,1125,GR_ulva,green_algae_ulva,224,0.986,GR_ulva,0.011,MS,0.001,KE_stipe,0.001,RE_leaf,0.001,SI
2024_10_08_11-55-34.jpg,1947,3179,SU_cob,cobble,224,,,,,,,,,,
2024_10_08_11-55-34.jpg,919,1953,BR_sarg,brown_algae_sargassum,224,0.996,BR_sarg,0.004,MS,0.000,KE_stipe,0.000,KE_holdfas,0.000,SU_bould
2024_10_08_11-55-34.jpg,985,2971,BR_sarg,brown_algae_sargassum,224,,,,,,,,,,
2024_10_08_11-55-34.jpg,2377,584,RE_branch,red_algae_branching,224,,,,,,,,,,
2024_10_08_11-55-34.jpg,2047,4145,RE_branch,red_algae_branching,224,,,,,,,,,,
2024_10_08_11-55-34.jpg,1596,1261,BR_sarg,brown_algae_sargassum,224,,,,,,,,,,
2024_10_08_11-55-34.jpg,3729,4445,unknown,unknown_area,224,,,,,,,,,,
2024_10_08_11-55-34.jpg,1299,1038,BR_sarg,brown_algae_sargassum,224,,,,,,,,,,
2024_10_08_11-55-34.jpg,170,1472,GR_ulva,green_algae_ulva,224,,,,,,,,,,
2024_10_08_11-55-34.jpg,1581,4116,RE_bush,red_algae_bushy,224,,,,,,,,,,
2024_10_08_11-55-34.jpg,1456,4138,RE_bush,red_algae_bushy,224,,,,,,,,,,
2024_10_08_11-55-34.jpg,3663,3289,SU_sand,sand_fine_shell,224,,,,,,,,,,
2024_10_08_11-55-34.jpg,2390,1403,GR_ulva,green_algae_ulva,224,0.999,GR_ulva,0.001,unknown,0.000,KE_sieve,0.000,RE_leaf,0.000,KE_stipe
2024_10_08_11-55-34.jpg,2071,3278,SU_shell,shell_hash,224,,,,,,,,,,
2024_10_08_11-55-34.jpg,598,3670,BR_sarg,brown_algae_sargassum,224,0.976,BR_sarg,0.020,RE_bush,0.002,KE_holdfas,0.001,RE_branch,0.000,RE_fil
2024_10_08_11-55-34.jpg,2749,4036,SU_sand,sand_fine_shell,224,,,,,,,,,,
2024_10_08_11-55-34.jpg,2989,3572,GR_ulva,green_algae_ulva,224,1.000,GR_ulva,0.000,KE_sieve,0.000,unknown,0.000,KE_stipe,0.000,BR_fucus
2024_10_08_11-55-34.jpg,2317,281,RE_branch,red_algae_branching,224,,,,,,,,,,
2024_10_08_11-55-34.jpg,2336,1859,RE_fil,red_algae_filamentous,224,,,,,,,,,,
2024_10_08_11-55-34.jpg,3519,1632,GR_ulva,green_algae_ulva,224,1.000,GR_ulva,0.000,MS,0.000,SU_silt,0.000,RE_CCA,0.000,KE_sieve
2024_10_08_11-55-34.jpg,1960,3808,SU_silt,silt,224,,,,,,,,,,
2024_10_08_11-55-34.jpg,2651,2775,RE_leaf,red_algae_flat_leaf,224,,,,,,,,,,
2024_10_08_11-55-34.jpg,1751,3396,RE_fil,red_algae_filamentous,224,0.991,RE_fil,0.007,SU_cob,0.002,KE_stipe,0.000,MS,0.000,RE_leaf
2024_10_08_11-55-34.jpg,560,2271,RE_fil,red_algae_filamentous,224,0.966,RE_fil,0.033,RE_leaf,0.001,RE_branch,0.000,BR_sarg,0.000,MS
2024_10_08_11-55-34.jpg,1933,285,GR_ulva,green_algae_ulva,224,0.948,GR_ulva,0.048,BR_fucus,0.002,BR_sarg,0.002,KE_sieve,0.000,unknown
2024_10_08_11-55-34.jpg,2189,3680,RE_branch,red_algae_branching,224,,,,,,,,,,
2024_10_08_11-55-34.jpg,358,2608,GR_ulva,green_algae_ulva,224,0.998,GR_ulva,0.002,RE_leaf,0.000,MS,0.000,KE_stipe,0.000,RE_branch
2024_10_08_11-55-34.jpg,1831,2695,RE_branch,red_algae_branching,224,,,,,,,,,,
2024_10_08_11-55-34.jpg,2661,3416,GR_ulva,green_algae_ulva,224,0.999,GR_ulva,0.001,MS,0.000,KE_5rib,0.000,KE_bull,0.000,KE_stipe
2024_10_08_11-55-34.jpg,1521,2389,RE_leaf,red_algae_flat_leaf,224,,,,,,,,,,
2024_10_08_11-55-34.jpg,2418,1537,GR_ulva,green_algae_ulva,224,0.981,GR_ulva,0.018,RE_leaf,0.001,MS,0.000,unknown,0.000,RE_fil
2024_10_08_11-55-34.jpg,734,709,RE_branch,red_algae_branching,224,0.966,RE_branch,0.028,RE_fil,0.003,RE_leaf,0.001,BR_sarg,0.001,KE_holdfas
2024_10_08_11-55-34.jpg,1531,1017,BR_sarg,brown_algae_sargassum,224,0.936,BR_sarg,0.019,RE_branch,0.018,RE_fil,0.012,KE_sieve,0.004,SU_cob
2024_10_08_11-55-34.jpg,755,1976,RE_leaf,red_algae_flat_leaf,224,0.969,RE_leaf,0.030,MS,0.000,RE_branch,0.000,RE_fil,0.000,KE_5rib
2024_10_08_11-55-34.jpg,319,4469,GR_ulva,green_algae_ulva,224,0.994,GR_ulva,0.003,MS,0.002,RE_leaf,0.000,unknown,0.000,KE_stipe
2024_10_08_11-55-34.jpg,3839,2517,RE_branch,red_algae_branching,224,1.000,RE_branch,0.000,RE_bush,0.000,RE_fil,0.000,RE_CCA,0.000,SU_cob
2024_10_08_11-55-34.jpg,1073,3714,BR_sarg,brown_algae_sargassum,224,0.999,BR_sarg,0.001,RE_branch,0.000,RE_fil,0.000,KE_stipe,0.000,RE_leaf
2024_10_08_11-55-43.jpg,1887,2848,RE_branch,red_algae_branching,224,,,,,,,,,,
2024_10_08_11-55-43.jpg,453,3831,GR_ulva,green_algae_ulva,224,0.999,GR_ulva,0.001,unknown,0.000,KE_sugar,0.000,RE_leaf,0.000,KE_sieve
2024_10_08_11-55-43.jpg,2977,2622,RE_fil,red_algae_filamentous,224,0.958,RE_fil,0.033,MS,0.003,RE_CCA,0.002,BR_sarg,0.001,KE_holdfas
2024_10_08_11-55-43.jpg,3107,3740,SU_cob,cobble,224,,,,,,,,,,
2024_10_08_11-55-43.jpg,1877,3432,GR_ulva,green_algae_ulva,224,1.000,GR_ulva,0.000,KE_stipe,0.000,KE_bull,0.000,MS,0.000,BR_sarg
2024_10_08_11-55-43.jpg,1881,1834,RE_branch,red_algae_branching,224,1.000,RE_branch,0.000,BR_sarg,0.000,MS,0.000,RE_leaf,0.000,KE_holdfas
2024_10_08_11-55-43.jpg,1534,3397,GR_ulva,green_algae_ulva,224,1.000,GR_ulva,0.000,KE_5rib,0.000,KE_sieve,0.000,unknown,0.000,RE_leaf
2024_10_08_11-55-43.jpg,2918,3197,SU_peb,pebble,224,,,,,,,,,,
2024_10_08_11-55-43.jpg,464,4381,RE_leaf,red_algae_flat_leaf,224,0.994,RE_leaf,0.005,KE_5rib,0.001,GR_ulva,0.000,RE_fil,0.000,KE_sieve
2024_10_08_11-55-43.jpg,2209,3003,RE_branch,red_algae_branching,224,,,,,,,,,,
2024_10_08_11-55-43.jpg,1307,603,SU_sand,sand_fine_shell,224,,,,,,,,,,
2024_10_08_11-55-43.jpg,116,1096,SU_silt,silt,224,0.988,SU_silt,0.011,SU_shell,0.001,SU_cob,0.000,MS,0.000,SU_peb
2024_10_08_11-55-43.jpg,3282,587,MS,mobile_species,224,,,,,,,,,,
2024_10_08_11-55-43.jpg,3097,325,GR_ulva,green_algae_ulva,224,0.940,GR_ulva,0.034,unknown,0.018,MS,0.006,KE_stipe,0.002,SU_bould
2024_10_08_11-55-43.jpg,835,784,SU_silt,silt,224,,,,,,,,,,
2024_10_08_11-55-43.jpg,2097,505,GR_ulva,green_algae_ulva,224,0.955,GR_ulva,0.043,unknown,0.001,SU_bould,0.000,KE_sugar,0.000,KE_stipe
2024_10_08_11-55-43.jpg,1875,3674,RE_branch,red_algae_branching,224,,,,,,,,,,
2024_10_08_11-55-43.jpg,2764,3369,GR_ulva,green_algae_ulva,224,1.000,GR_ulva,0.000,BR_sarg,0.000,BR_fucus,0.000,KE_stipe,0.000,MS
2024_10_08_11-55-43.jpg,2925,4335,SU_cob,cobble,224,,,,,,,,,,
2024_10_08_11-55-43.jpg,3686,1166,RE_branch,red_algae_branching,224,,,,,,,,,,
2024_10_08_11-55-43.jpg,1543,1423,RE_branch,red_algae_branching,224,,,,,,,,,,
2024_10_08_11-55-43.jpg,1105,1021,SU_silt,silt,224,,,,,,,,,,
2024_10_08_11-55-43.jpg,1264,2004,SU_bould,boulder,224,,,,,,,,,,
2024_10_08_11-55-43.jpg,611,427,SU_silt,silt,224,,,,,,,,,,
2024_10_08_11-55-43.jpg,1673,2540,SU_peb,pebble,224,,,,,,,,,,
2024_10_08_11-55-43.jpg,268,4009,GR_ulva,green_algae_ulva,224,0.988,GR_ulva,0.011,unknown,0.000,MS,0.000,KE_sieve,0.000,KE_5rib
2024_10_08_11-55-43.jpg,670,3148,GR_ulva,green_algae_ulva,224,1.000,GR_ulva,0.000,KE_sugar,0.000,RE_leaf,0.000,MS,0.000,SU_cob
2024_10_08_11-55-43.jpg,481,3443,GR_ulva,green_algae_ulva,224,0.999,GR_ulva,0.000,MS,0.000,KE_stipe,0.000,KE_sugar,0.000,unknown
2024_10_08_11-55-43.jpg,3307,1039,SU_cob,cobble,224,,,,,,,,,,
2024_10_08_11-55-43.jpg,2155,4226,RE_leaf,red_algae_flat_leaf,224,,,,,,,,,,
2024_10_08_11-55-43.jpg,2032,4250,RE_branch,red_algae_branching,224,0.980,RE_branch,0.012,RE_fil,0.008,RE_leaf,0.000,RE_CCA,0.000,BR_sarg
2024_10_08_11-55-43.jpg,3795,3547,SU_bould,boulder,224,,,,,,,,,,
2024_10_08_11-55-43.jpg,3833,2315,RE_branch,red_algae_branching,224,0.986,RE_branch,0.011,RE_fil,0.001,BR_sarg,0.001,RE_CCA,0.001,RE_bush
2024_10_08_11-55-43.jpg,1195,174,SU_peb,pebble,224,,,,,,,,,,
2024_10_08_11-55-43.jpg,2690,1576,SU_bould,boulder,224,,,,,,,,,,
2024_10_08_11-55-43.jpg,682,3362,GR_ulva,green_algae_ulva,224,1.000,GR_ulva,0.000,KE_sieve,0.000,KE_stipe,0.000,unknown,0.000,BR_fucus
2024_10_08_11-55-43.jpg,875,1911,RE_bush,red_algae_bushy,224,,,,,,,,,,
2024_10_08_11-55-43.jpg,3798,297,GR_ulva,green_algae_ulva,224,,,,,,,,,,
2024_10_08_11-55-43.jpg,3622,3956,GR_ulva,green_algae_ulva,224,0.997,GR_ulva,0.001,KE_sieve,0.001,MS,0.000,SU_cob,0.000,BR_sarg
2024_10_08_11-55-43.jpg,1563,3858,GR_ulva,green_algae_ulva,224,1.000,GR_ulva,0.000,KE_stipe,0.000,MS,0.000,BR_sarg,0.000,RE_leaf
2024_10_08_11-55-43.jpg,3403,2034,SU_bould,boulder,224,,,,,,,,,,
2024_10_08_11-55-43.jpg,2488,876,GR_ulva,green_algae_ulva,224,,,,,,,,,,
2024_10_08_11-55-43.jpg,2518,3109,GR_ulva,green_algae_ulva,224,1.000,GR_ulva,0.000,BR_sarg,0.000,RE_leaf,0.000,MS,0.000,KE_sieve
2024_10_08_11-55-43.jpg,848,2418,RE_branch,red_algae_branching,224,,,,,,,,,,
2024_10_08_11-55-43.jpg,240,272,GR_ulva,green_algae_ulva,224,,,,,,,,,,
2024_10_08_11-55-43.jpg,1656,341,GR_ulva,green_algae_ulva,224,1.000,GR_ulva,0.000,unknown,0.000,KE_sugar,0.000,RE_leaf,0.000,MS
2024_10_08_11-55-43.jpg,1020,1474,GR_ulva,green_algae_ulva,224,1.000,GR_ulva,0.000,KE_5rib,0.000,RE_leaf,0.000,MS,0.000,BR_sarg
2024_10_08_11-55-43.jpg,435,3304,GR_ulva,green_algae_ulva,224,0.995,GR_ulva,0.005,MS,0.000,KE_sugar,0.000,KE_stipe,0.000,KE_bull
2024_10_08_11-55-43.jpg,3314,2195,SU_bould,boulder,224,,,,,,,,,,
2024_10_08_11-55-43.jpg,2737,118,GR_ulva,green_algae_ulva,224,0.970,GR_ulva,0.012,RE_fil,0.008,unknown,0.004,KE_5rib,0.002,KE_stipe
2024_10_08_11-55-52.jpg,3750,3424,GR_ulva,green_algae_ulva,224,,,,,,,,,,
2024_10_08_11-55-52.jpg,1757,4083,RE_fil,red_algae_filamentous,224,1.000,RE_fil,0.000,RE_CCA,0.000,RE_branch,0.000,RE_leaf,0.000,BR_sarg
2024_10_08_11-55-52.jpg,894,4083,SU_bould,boulder,224,,,,,,,,,,
2024_10_08_11-55-52.jpg,3327,3452,GR_ulva,green_algae_ulva,224,1.000,GR_ulva,0.000,KE_bull,0.000,KE_5rib,0.000,KE_sugar,0.000,RE_leaf
2024_10_08_11-55-52.jpg,2536,2465,RE_branch,red_algae_branching,224,,,,,,,,,,
2024_10_08_11-55-52.jpg,1592,3791,RE_fil,red_algae_filamentous,224,0.979,RE_fil,0.018,RE_leaf,0.002,RE_branch,0.000,SU_bould,0.000,SU_peb
2024_10_08_11-55-52.jpg,163,1214,GR_ulva,green_algae_ulva,224,0.998,GR_ulva,0.002,KE_stipe,0.000,SU_bould,0.000,KE_bull,0.000,BR_fucus
2024_10_08_11-55-52.jpg,156,4127,SU_sand,sand_fine_shell,224,,,,,,,,,,
2024_10_08_11-55-52.jpg,3806,160,SU_sand,sand_fine_shell,224,,,,,,,,,,
2024_10_08_11-55-52.jpg,3489,824,SU_silt,silt,224,1.000,SU_silt,0.000,SU_shell,0.000,SU_peb,0.000,SU_sand,0.000,GR_ulva
2024_10_08_11-55-52.jpg,1560,291,GR_ulva,green_algae_ulva,224,0.974,GR_ulva,0.008,KE_stipe,0.008,SU_bould,0.003,KE_sugar,0.002,BR_sarg
2024_10_08_11-55-52.jpg,1669,3009,RE_bush,red_algae_bushy,224,0.993,RE_bush,0.007,SU_sand,0.000,MS,0.000,RE_branch,0.000,SI
2024_10_08_11-55-52.jpg,703,1027,RE_branch,red_algae_branching,224,,,,,,,,,,
2024_10_08_11-55-52.jpg,334,3960,RE_bush,red_algae_bushy,224,,,,,,,,,,
2024_10_08_11-55-52.jpg,3910,665,SU_silt,silt,224,,,,,,,,,,
2024_10_08_11-55-52.jpg,2584,2292,RE_branch,red_algae_branching,224,,,,,,,,,,
2024_10_08_11-55-52.jpg,3830,789,SU_silt,silt,224,,,,,,,,,,
2024_10_08_11-55-52.jpg,469,3466,RE_bush,red_algae_bushy,224,,,,,,,,,,
2024_10_08_11-55-52.jpg,1941,679,GR_ulva,green_algae_ulva,224,1.000,GR_ulva,0.000,KE_stipe,0.000,KE_sieve,0.000,KE_sugar,0.000,unknown
2024_10_08_11-55-52.jpg,226,4423,RE_branch,red_algae_branching,224,,,,,,,,,,
2024_10_08_11-55-52.jpg,2634,4063,RE_leaf,red_algae_flat_leaf,224,,,,,,,,,,
2024_10_08_11-55-52.jpg,1102,3768,RE_bush,red_algae_bushy,224,0.999,RE_bush,0.000,RE_leaf,0.000,RE_branch,0.000,RE_fil,0.000,BR_sarg
2024_10_08_11-55-52.jpg,3803,3611,GR_ulva,green_algae_ulva,224,,,,,,,,,,
2024_10_08_11-55-52.jpg,1612,1467,RE_branch,red_algae_branching,224,,,,,,,,,,
2024_10_08_11-55-52.jpg,1678,383,GR_ulva,green_algae_ulva,224,0.955,GR_ulva,0.025,KE_sugar,0.010,RE_bush,0.003,BR_fucus,0.003,KE_holdfas
2024_10_08_11-55-52.jpg,3471,159,SU_silt,silt,224,0.980,SU_silt,0.020,SU_peb,0.000,SU_cob,0.000,SU_shell,0.000,SU_sand
2024_10_08_11-55-52.jpg,2029,324,GR_ulva,green_algae_ulva,224,,,,,,,,,,
2024_10_08_11-55-52.jpg,2057,3705,RE_fil,red_algae_filamentous,224,,,,,,,,,,
2024_10_08_11-55-52.jpg,3092,416,SU_silt,silt,224,1.000,SU_silt,0.000,SU_sand,0.000,SU_shell,0.000,SU_peb,0.000,MS
2024_10_08_11-55-52.jpg,3039,3994,GR_ulva,green_algae_ulva,224,0.999,GR_ulva,0.000,KE_5rib,0.000,KE_sieve,0.000,RE_fil,0.000,RE_leaf
2024_10_08_11-55-52.jpg,3269,4467,BR_sarg,brown_algae_sargassum,224,,,,,,,,,,
2024_10_08_11-55-52.jpg,3020,3833,GR_ulva,green_algae_ulva,224,0.998,GR_ulva,0.001,KE_sieve,0.000,KE_5rib,0.000,BR_sarg,0.000,MS
2024_10_08_11-55-52.jpg,443,818,GR_ulva,green_algae_ulva,224,1.000,GR_ulva,0.000,KE_5rib,0.000,KE_stipe,0.000,KE_sugar,0.000,KE_sieve
2024_10_08_11-55-52.jpg,2878,1035,SU_silt,silt,224,,,,,,,,,,
2024_10_08_11-55-52.jpg,2661,292,GR_ulva,green_algae_ulva,224,1.000,GR_ulva,0.000,SU_cob,0.000,SU_peb,0.000,KE_5rib,0.000,KE_sugar
2024_10_08_11-55-52.jpg,1076,595,RE_fil,red_algae_filamentous,224,,,,,,,,,,
2024_10_08_11-55-52.jpg,407,2502,GR_ulva,green_algae_ulva,224,1.000,GR_ulva,0.000,KE_bull,0.000,KE_sugar,0.000,RE_leaf,0.000,SI
2024_10_08_11-55-52.jpg,1891,1902,RE_bush,red_algae_bushy,224,,,,,,,,,,
2024_10_08_11-55-52.jpg,1378,1526,RE_branch,red_algae_branching,224,,,,,,,,,,
2024_10_08_11-55-52.jpg,1737,2497,SU_silt,silt,224,,,,,,,,,,
2024_10_08_11-55-52.jpg,2147,2067,RE_fil,red_algae_filamentous,224,1.000,RE_fil,0.000,RE_bush,0.000,RE_leaf,0.000,RE_branch,0.000,KE_stipe
2024_10_08_11-55-52.jpg,2115,893,GR_ulva,green_algae_ulva,224,1.000,GR_ulva,0.000,KE_bull,0.000,RE_leaf,0.000,KE_sieve,0.000,KE_stipe
2024_10_08_11-55-52.jpg,1278,3528,RE_bush,red_algae_bushy,224,,,,,,,,,,
2024_10_08_11-55-52.jpg,3528,1719,SU_bould,boulder,224,,,,,,,,,,
2024_10_08_11-55-52.jpg,1435,1785,SU_sand,sand_fine_shell,224,0.992,SU_sand,0.007,SU_peb,0.001,SU_shell,0.000,SU_silt,0.000,RE_CCA
2024_10_08_11-55-52.jpg,1490,2005,SU_silt,silt,224,0.998,SU_silt,0.002,SU_shell,0.000,SU_sand,0.000,KE_sugar,0.000,unknown
2024_10_08_11-55-52.jpg,1800,915,GR_ulva,green_algae_ulva,224,0.987,GR_ulva,0.008,BR_fucus,0.002,SU_bould,0.002,KE_bull,0.000,KE_stipe
2024_10_08_11-55-52.jpg,1998,2619,SU_sand,sand_fine_shell,224,0.984,SU_sand,0.004,SU_shell,0.003,SU_silt,0.003,SI,0.003,RE_leaf
2024_10_08_11-55-52.jpg,1596,3991,RE_fil,red_algae_filamentous,224,0.958,RE_fil,0.019,RE_branch,0.013,RE_CCA,0.009,RE_leaf,0.001,MS
2024_10_08_11-55-52.jpg,3227,1845,RE_leaf,red_algae_flat_leaf,224,0.952,RE_leaf,0.036,SU_peb,0.007,RE_branch,0.002,MS,0.001,KE_sugar
2024_10_08_11-56-01.jpg,1990,3721,RE_leaf,red_algae_flat_leaf,224,1.000,RE_leaf,0.000,KE_sugar,0.000,RE_fil,0.000,MS,0.000,RE_bush
2024_10_08_11-56-01.jpg,2391,2279,SU_cob,cobble,224,,,,,,,,,,
2024_10_08_11-56-01.jpg,1599,1883,SU_sand,sand_fine_shell,224,,,,,,,,,,
2024_10_08_11-56-01.jpg,3400,2287,GR_ulva,green_algae_ulva,224,1.000,GR_ulva,0.000,KE_stipe,0.000,BR_sarg,0.000,KE_bull,0.000,KE_sieve
2024_10_08_11-56-01.jpg,3852,4373,GR_ulva,green_algae_ulva,224,,,,,,,,,,
2024_10_08_11-56-01.jpg,430,3555,KE_sugar,kelp_sugar,224,,,,,,,,,,
2024_10_08_11-56-01.jpg,917,3173,GR_ulva,green_algae_ulva,224,,,,,,,,,,
2024_10_08_11-56-01.jpg,1044,627,KE_sugar,kelp_sugar,224,0.984,KE_sugar,0.008,KE_stipe,0.003,KE_5rib,0.003,RE_leaf,0.001,MS
2024_10_08_11-56-01.jpg,1783,4275,RE_leaf,red_algae_flat_leaf,224,0.988,RE_leaf,0.011,MS,0.000,SU_cob,0.000,SU_peb,0.000,RE_CCA
2024_10_08_11-56-01.jpg,2391,833,SU_peb,pebble,224,,,,,,,,,,
2024_10_08_11-56-01.jpg,724,1806,KE_sugar,kelp_sugar,224,1.000,KE_sugar,0.000,RE_leaf,0.000,MS,0.000,KE_5rib,0.000,KE_stipe
2024_10_08_11-56-01.jpg,1741,1831,SU_sand,sand_fine_shell,224,,,,,,,,,,
2024_10_08_11-56-01.jpg,2514,3226,RE_leaf,red_algae_flat_leaf,224,1.000,RE_leaf,0.000,MS,0.000,KE_sugar,0.000,SI_kelpBry,0.000,RE_fil
2024_10_08_11-56-01.jpg,1684,2594,SU_sand,sand_fine_shell,224,0.999,SU_sand,0.000,SU_silt,0.000,SU_shell,0.000,RE_CCA,0.000,SU_peb
2024_10_08_11-56-01.jpg,1278,3489,RE_leaf,red_algae_flat_leaf,224,0.998,RE_leaf,0.001,KE_sugar,0.001,SU_silt,0.000,SU_cob,0.000,RE_bush
2024_10_08_11-56-01.jpg,2069,3869,RE_leaf,red_algae_flat_leaf,224,1.000,RE_leaf,0.000,SI_kelpBry,0.000,MS,0.000,KE_sugar,0.000,RE_fil
2024_10_08_11-56-01.jpg,425,2504,KE_sugar,kelp_sugar,224,,,,,,,,,,
2024_10_08_11-56-01.jpg,2083,2676,SU_sand,sand_fine_shell,224,0.992,SU_sand,0.008,SU_peb,0.000,SU_cob,0.000,MS,0.000,SU_shell
2024_10_08_11-56-01.jpg,3124,4136,GR_ulva,green_algae_ulva,224,1.000,GR_ulva,0.000,KE_stipe,0.000,SU_cob,0.000,KE_sugar,0.000,unknown
2024_10_08_11-56-01.jpg,839,2236,KE_sugar,kelp_sugar,224,1.000,KE_sugar,0.000,SI_kelpBry,0.000,SU_bould,0.000,KE_bull,0.000,KE_stipe
2024_10_08_11-56-01.jpg,3293,4338,RE_bush,red_algae_bushy,224,1.000,RE_bush,0.000,KE_stipe,0.000,MS,0.000,BR_sarg,0.000,KE_holdfas
2024_10_08_11-56-01.jpg,334,1186,KE_sugar,kelp_sugar,224,,,,,,,,,,
2024_10_08_11-56-01.jpg,2438,1072,GR_ulva,green_algae_ulva,224,,,,,,,,,,
2024_10_08_11-56-01.jpg,2927,2714,RE_leaf,red_algae_flat_leaf,224,,,,,,,,,,
2024_10_08_11-56-01.jpg,1556,3291,RE_leaf,red_algae_flat_leaf,224,,,,,,,,,,
2024_10_08_11-56-01.jpg,2619,3061,RE_leaf,red_algae_flat_leaf,224,1.000,RE_leaf,0.000,SI_kelpBry,0.000,MS,0.000,KE_sugar,0.000,RE_fil
2024_10_08_11-56-01.jpg,1843,703,KE_sugar,kelp_sugar,224,,,,,,,,,,
2024_10_08_11-56-01.jpg,1421,4328,RE_fil,red_algae_filamentous,224,,,,,,,,,,
2024_10_08_11-56-01.jpg,3873,2961,GR_ulva,green_algae_ulva,224,1.000,GR_ulva,0.000,KE_stipe,0.000,unknown,0.000,SU_bould,0.000,KE_bull
2024_10_08_11-56-01.jpg,3050,1811,GR_ulva,green_algae_ulva,224,0.999,GR_ulva,0.000,unknown,0.000,RE_leaf,0.000,KE_sieve,0.000,KE_5rib
2024_10_08_11-56-01.jpg,1290,1557,KE_sugar,kelp_sugar,224,1.000,KE_sugar,0.000,SI,0.000,SU_bould,0.000,GR_ulva,0.000,SU_cob
2024_10_08_11-56-01.jpg,2703,4140,RE_leaf,red_algae_flat_leaf,224,0.993,RE_leaf,0.006,MS,0.001,RE_fil,0.000,SI_kelpBry,0.000,RE_CCA
2024_10_08_11-56-01.jpg,2040,4488,RE_leaf,red_algae_flat_leaf,224,,,,,,,,,,
2024_10_08_11-56-01.jpg,1448,459,KE_sugar,kelp_sugar,224,0.991,KE_sugar,0.008,SU_silt,0.000,SU_cob,0.000,RE_leaf,0.000,KE_5rib
2024_10_08_11-56-01.jpg,1654,3491,RE_leaf,red_algae_flat_leaf,224,1.000,RE_leaf,0.000,KE_sugar,0.000,MS,0.000,SI,0.000,KE_stipe
2024_10_08_11-56-01.jpg,2876,3948,RE_leaf,red_algae_flat_leaf,224,1.000,RE_leaf,0.000,RE_fil,0.000,KE_stipe,0.000,RE_CCA,0.000,MS
2024_10_08_11-56-01.jpg,3860,4068,SU_sand,sand_fine_shell,224,0.795,SU_sand,0.205,SU_silt,0.000,SU_shell,0.000,SI_kelpBry,0.000,RE_branch
2024_10_08_11-56-01.jpg,1007,3615,RE_leaf,red_algae_flat_leaf,224,0.974,RE_leaf,0.023,KE_sugar,0.002,RE_bush,0.000,RE_fil,0.000,SU_bould
2024_10_08_11-56-01.jpg,1595,3168,RE_leaf,red_algae_flat_leaf,224,0.991,RE_leaf,0.006,KE_sugar,0.002,KE_5rib,0.000,MS,0.000,RE_branch
2024_10_08_11-56-01.jpg,1023,4349,RE_fil,red_algae_filamentous,224,0.931,RE_fil,0.059,KE_sugar,0.003,RE_branch,0.002,RE_leaf,0.001,KE_stipe
2024_10_08_11-56-01.jpg,287,3647,KE_sugar,kelp_sugar,224,,,,,,,,,,
2024_10_08_11-56-01.jpg,3723,622,RE_leaf,red_algae_flat_leaf,224,,,,,,,,,,
2024_10_08_11-56-01.jpg,1891,1331,SU_sand,sand_fine_shell,224,0.994,SU_sand,0.004,MS,0.001,SU_cob,0.000,SU_peb,0.000,RE_leaf
2024_10_08_11-56-01.jpg,1467,185,KE_sugar,kelp_sugar,224,,,,,,,,,,
2024_10_08_11-56-01.jpg,3830,1539,GR_ulva,green_algae_ulva,224,,,,,,,,,,
2024_10_08_11-56-01.jpg,754,4012,RE_branch,red_algae_branching,224,,,,,,,,,,
2024_10_08_11-56-01.jpg,3421,1424,GR_ulva,green_algae_ulva,224,0.996,GR_ulva,0.002,KE_5rib,0.001,KE_sugar,0.000,RE_leaf,0.000,unknown
2024_10_08_11-56-01.jpg,157,911,KE_sugar,kelp_sugar,224,0.992,KE_sugar,0.004,KE_holdfas,0.002,KE_5rib,0.000,KE_stipe,0.000,RE_leaf
2024_10_08_11-56-01.jpg,902,2017,KE_sugar,kelp_sugar,224,0.998,KE_sugar,0.001,SU_peb,0.001,RE_fil,0.000,KE_bull,0.000,RE_leaf
2024_10_08_11-56-01.jpg,3729,2301,GR_ulva,green_algae_ulva,224,0.999,GR_ulva,0.000,unknown,0.000,RE_leaf,0.000,KE_sieve,0.000,KE_5rib
2024_10_08_11-56-10.jpg,1497,2930,KE_sugar,kelp_sugar,224,0.998,KE_sugar,0.001,MS,0.001,RE_leaf,0.000,GR_ulva,0.000,KE_stipe
2024_10_08_11-56-10.jpg,3909,2749,SU_bould,boulder,224,,,,,,,,,,
2024_10_08_11-56-10.jpg,513,2748,GR_ulva,green_algae_ulva,224,0.999,GR_ulva,0.000,SU_peb,0.000,SU_bould,0.000,BR_sarg,0.000,KE_5rib
2024_10_08_11-56-10.jpg,1759,3761,KE_sugar,kelp_sugar,224,,,,,,,,,,
2024_10_08_11-56-10.jpg,167,1298,SU_peb,pebble,224,,,,,,,,,,
2024_10_08_11-56-10.jpg,1007,2808,GR_ulva,green_algae_ulva,224,1.000,GR_ulva,0.000,RE_leaf,0.000,KE_5rib,0.000,unknown,0.000,KE_sugar
2024_10_08_11-56-10.jpg,838,1003,KE_sugar,kelp_sugar,224,1.000,KE_sugar,0.000,SU_cob,0.000,KE_5rib,0.000,SU_peb,0.000,SU_bould
2024_10_08_11-56-10.jpg,2378,2746,KE_sugar,kelp_sugar,224,,,,,,,,,,
2024_10_08_11-56-10.jpg,464,3852,GR_ulva,green_algae_ulva,224,0.988,GR_ulva,0.011,KE_5rib,0.000,unknown,0.000,SU_cob,0.000,KE_sieve
2024_10_08_11-56-10.jpg,1137,1348,SU_bould,boulder,224,,,,,,,,,,
2024_10_08_11-56-10.jpg,2290,483,KE_sugar,kelp_sugar,224,1.000,KE_sugar,0.000,SU_cob,0.000,SU_bould,0.000,GR_ulva,0.000,SI
2024_10_08_11-56-10.jpg,3726,1406,KE_sugar,kelp_sugar,224,,,,,,,,,,
2024_10_08_11-56-10.jpg,2926,2230,RE_bush,red_algae_bushy,224,,,,,,,,,,
2024_10_08_11-56-10.jpg,3679,3331,SU_sand,sand_fine_shell,224,,,,,,,,,,
2024_10_08_11-56-10.jpg,155,4158,GR_ulva,green_algae_ulva,224,0.999,GR_ulva,0.001,MS,0.000,RE_leaf,0.000,KE_stipe,0.000,KE_bull
2024_10_08_11-56-10.jpg,1058,1903,SU_peb,pebble,224,1.000,SU_peb,0.000,SU_cob,0.000,KE_stipe,0.000,SU_shell,0.000,MS
2024_10_08_11-56-10.jpg,1224,445,SU_peb,pebble,224,,,,,,,,,,
2024_10_08_11-56-10.jpg,2649,414,KE_sugar,kelp_sugar,224,,,,,,,,,,
2024_10_08_11-56-10.jpg,2394,2323,KE_sugar,kelp_sugar,224,,,,,,,,,,
2024_10_08_11-56-10.jpg,1613,2757,KE_sugar,kelp_sugar,224,1.000,KE_sugar,0.000,SI_kelpBry,0.000,SU_silt,0.000,RE_leaf,0.000,MS
2024_10_08_11-56-10.jpg,1564,930,RE_branch,red_algae_branching,224,,,,,,,,,,
2024_10_08_11-56-10.jpg,695,4338,KE_sugar,kelp_sugar,224,,,,,,,,,,
2024_10_08_11-56-10.jpg,3533,2689,RE_bush,red_algae_bushy,224,,,,,,,,,,
2024_10_08_11-56-10.jpg,534,194,SU_peb,pebble,224,,,,,,,,,,
2024_10_08_11-56-10.jpg,917,2017,KE_sugar,kelp_sugar,224,,,,,,,,,,
2024_10_08_11-56-10.jpg,330,4467,GR_ulva,green_algae_ulva,224,0.979,GR_ulva,0.021,KE_sieve,0.000,unknown,0.000,MS,0.000,KE_5rib
2024_10_08_11-56-10.jpg,3094,318,KE_sugar,kelp_sugar,224,,,,,,,,,,
2024_10_08_11-56-10.jpg,2711,3696,KE_sugar,kelp_sugar,224,,,,,,,,,,
2024_10_08_11-56-10.jpg,289,1073,SU_cob,cobble,224,,,,,,,,,,
2024_10_08_11-56-10.jpg,2452,740,KE_sugar,kelp_sugar,224,,,,,,,,,,
2024_10_08_11-56-10.jpg,1944,713,KE_sugar,kelp_sugar,224,,,,,,,,,,
2024_10_08_11-56-10.jpg,940,1584,KE_sugar,kelp_sugar,224,0.981,KE_sugar,0.009,MS,0.004,KE_stipe,0.003,KE_5rib,0.001,RE_leaf
2024_10_08_11-56-10.jpg,1484,2498,KE_sugar,kelp_sugar,224,0.992,KE_sugar,0.008,SU_bould,0.000,SU_cob,0.000,SU_silt,0.000,KE_sieve
2024_10_08_11-56-10.jpg,196,4358,GR_ulva,green_algae_ulva,224,0.971,GR_ulva,0.013,unknown,0.011,MS,0.002,KE_5rib,0.001,KE_stipe
2024_10_08_11-56-10.jpg,669,3451,GR_ulva,green_algae_ulva,224,0.973,GR_ulva,0.017,SU_bould,0.010,unknown,0.000,SU_silt,0.000,KE_stipe
2024_10_08_11-56-10.jpg,156,1658,KE_sugar,kelp_sugar,224,,,,,,,,,,
2024_10_08_11-56-10.jpg,1010,1355,RE_bush,red_algae_bushy,224,,,,,,,,,,
2024_10_08_11-56-10.jpg,3436,4265,SU_sand,sand_fine_shell,224,,,,,,,,,,
2024_10_08_11-56-10.jpg,1908,2106,KE_sugar,kelp_sugar,224,0.996,KE_sugar,0.002,SU_bould,0.001,GR_ulva,0.000,SU_silt,0.000,RE_fil
2024_10_08_11-56-10.jpg,199,2080,KE_sugar,kelp_sugar,224,1.000,KE_sugar,0.000,KE_sieve,0.000,SU_bould,0.000,SU_silt,0.000,KE_5rib
2024_10_08_11-56-10.jpg,3679,2500,KE_sugar,kelp_sugar,224,,,,,,,,,,
2024_10_08_11-56-10.jpg,3047,4154,SU_peb,pebble,224,,,,,,,,,,
2024_10_08_11-56-10.jpg,553,4095,GR_ulva,green_algae_ulva,224,1.000,GR_ulva,0.000,RE_leaf,0.000,MS,0.000,SI_kelpBry,0.000,KE_sugar
2024_10_08_11-56-10.jpg,897,3283,GR_ulva,green_algae_ulva,224,0.986,GR_ulva,0.008,RE_fil,0.002,BR_sarg,0.001,KE_sieve,0.001,KE_stipe
2024_10_08_11-56-10.jpg,3015,2919,RE_bush,red_algae_bushy,224,1.000,RE_bush,0.000,SU_sand,0.000,RE_branch,0.000,MS,0.000,BR_sarg
2024_10_08_11-56-10.jpg,3210,621,KE_sugar,kelp_sugar,224,0.990,KE_sugar,0.006,SU_cob,0.002,KE_5rib,0.000,MS,0.000,RE_fil
2024_10_08_11-56-10.jpg,2086,4431,RE_fil,red_algae_filamentous,224,1.000,RE_fil,0.000,KE_sugar,0.000,MS,0.000,KE_stipe,0.000,RE_leaf
2024_10_08_11-56-10.jpg,527,3298,GR_ulva,green_algae_ulva,224,0.996,GR_ulva,0.004,KE_5rib,0.000,KE_sieve,0.000,RE_fil,0.000,KE_stipe
2024_10_08_11-56-10.jpg,2271,300,KE_sugar,kelp_sugar,224,,,,,,,,,,
2024_10_08_11-56-10.jpg,1502,4339,KE_sugar,kelp_sugar,224,,,,,,,,,,
2024_10_08_11-56-19.jpg,3674,1125,GR_ulva,green_algae_ulva,224,1.000,GR_ulva,0.000,KE_sieve,0.000,KE_stipe,0.000,unknown,0.000,KE_sugar
2024_10_08_11-56-19.jpg,1848,1156,GR_ulva,green_algae_ulva,224,1.000,GR_ulva,0.000,KE_stipe,0.000,SU_peb,0.000,BR_sarg,0.000,SU_cob
2024_10_08_11-56-19.jpg,1369,478,RE_branch,red_algae_branching,224,,,,,,,,,,
2024_10_08_11-56-19.jpg,1257,3346,RE_bush,red_algae_bushy,224,1.000,RE_bush,0.000,MS,0.000,KE_stipe,0.000,SU_bould,0.000,GR_ulva
2024_10_08_11-56-19.jpg,2837,1079,RE_branch,red_algae_branching,224,,,,,,,,,,
2024_10_08_11-56-19.jpg,612,169,SU_bould,boulder,224,,,,,,,,,,
2024_10_08_11-56-19.jpg,1608,2204,RE_bush,red_algae_bushy,224,1.000,RE_bush,0.000,RE_fil,0.000,MS,0.000,KE_stipe,0.000,RE_leaf
2024_10_08_11-56-19.jpg,3009,2557,GR_ulva,green_algae_ulva,224,1.000,GR_ulva,0.000,SU_peb,0.000,KE_bull,0.000,KE_stipe,0.000,MS
2024_10_08_11-56-19.jpg,1497,3050,RE_bush,red_algae_bushy,224,1.000,RE_bush,0.000,RE_branch,0.000,BR_sarg,0.000,RE_fil,0.000,KE_holdfas
2024_10_08_11-56-19.jpg,1861,2799,RE_bush,red_algae_bushy,224,1.000,RE_bush,0.000,MS,0.000,RE_branch,0.000,BR_sarg,0.000,KE_stipe
2024_10_08_11-56-19.jpg,425,2519,RE_bush,red_algae_bushy,224,1.000,RE_bush,0.000,SU_peb,0.000,SU_sand,0.000,SU_bould,0.000,SU_cob
2024_10_08_11-56-19.jpg,2803,1329,GR_ulva,green_algae_ulva,224,1.000,GR_ulva,0.000,KE_bull,0.000,KE_stipe,0.000,BR_fucus,0.000,MS
2024_10_08_11-56-19.jpg,1715,529,RE_branch,red_algae_branching,224,0.978,RE_branch,0.016,KE_5rib,0.004,BR_sarg,0.002,RE_bush,0.000,RE_leaf
2024_10_08_11-56-19.jpg,997,619,RE_branch,red_algae_branching,224,,,,,,,,,,
2024_10_08_11-56-19.jpg,3119,3873,SU_peb,pebble,224,0.932,SU_peb,0.067,SU_cob,0.001,SU_bould,0.000,SU_sand,0.000,MS
2024_10_08_11-56-19.jpg,2308,1848,SU_cob,cobble,224,,,,,,,,,,
2024_10_08_11-56-19.jpg,1093,2177,RE_bush,red_algae_bushy,224,1.000,RE_bush,0.000,KE_holdfas,0.000,RE_branch,0.000,BR_sarg,0.000,BR_fucus
2024_10_08_11-56-19.jpg,3176,400,GR_ulva,green_algae_ulva,224,,,,,,,,,,
2024_10_08_11-56-19.jpg,3870,1949,GR_ulva,green_algae_ulva,224,1.000,GR_ulva,0.000,KE_5rib,0.000,RE_leaf,0.000,KE_bull,0.000,KE_stipe
2024_10_08_11-56-19.jpg,2860,1902,GR_ulva,green_algae_ulva,224,,,,,,,,,,
2024_10_08_11-56-19.jpg,1371,254,KE_sugar,kelp_sugar,224,0.974,KE_sugar,0.013,KE_5rib,0.011,KE_sieve,0.001,GR_ulva,0.000,SI_kelpBry
2024_10_08_11-56-19.jpg,1463,3484,RE_fil,red_algae_filamentous,224,,,,,,,,,,
2024_10_08_11-56-19.jpg,1805,1927,SU_cob,cobble,224,,,,,,,,,,
2024_10_08_11-56-19.jpg,2641,2468,SU_peb,pebble,224,0.999,SU_peb,0.001,SU_shell,0.000,KE_stipe,0.000,RE_bush,0.000,SI_kelpBry
2024_10_08_11-56-19.jpg,2359,2225,SU_peb,pebble,224,0.995,SU_peb,0.001,SI,0.001,SU_sand,0.001,KE_stipe,0.001,KE_bull
2024_10_08_11-56-19.jpg,586,1242,KE_5rib,kelp_five_rib,224,,,,,,,,,,
2024_10_08_11-56-19.jpg,125,4409,GR_ulva,green_algae_ulva,224,1.000,GR_ulva,0.000,unknown,0.000,MS,0.000,RE_leaf,0.000,KE_5rib
2024_10_08_11-56-19.jpg,1170,1534,SU_bould,boulder,224,,,,,,,,,,
2024_10_08_11-56-19.jpg,3533,4229,GR_ulva,green_algae_ulva,224,0.996,GR_ulva,0.002,RE_fil,0.001,MS,0.001,KE_stipe,0.000,RE_leaf
2024_10_08_11-56-19.jpg,3050,1715,GR_ulva,green_algae_ulva,224,0.990,GR_ulva,0.009,BR_sarg,0.001,KE_sieve,0.000,KE_stipe,0.000,RE_leaf
2024_10_08_11-56-19.jpg,3290,2896,SU_peb,pebble,224,1.000,SU_peb,0.000,SU_shell,0.000,KE_stipe,0.000,SU_cob,0.000,SU_sand
2024_10_08_11-56-19.jpg,1225,3132,RE_bush,red_algae_bushy,224,1.000,RE_bush,0.000,BR_sarg,0.000,MS,0.000,RE_branch,0.000,KE_holdfas
2024_10_08_11-56-19.jpg,2322,4133,RE_branch,red_algae_branching,224,,,,,,,,,,
2024_10_08_11-56-19.jpg,2203,2967,GR_ulva,green_algae_ulva,224,1.000,GR_ulva,0.000,KE_bull,0.000,MS,0.000,RE_leaf,0.000,BR_sarg
2024_10_08_11-56-19.jpg,2348,1733,SU_silt,silt,224,,,,,,,,,,
2024_10_08_11-56-19.jpg,1995,3339,RE_bush,red_algae_bushy,224,0.989,RE_bush,0.010,RE_branch,0.000,MS,0.000,KE_holdfas,0.000,BR_sarg
2024_10_08_11-56-19.jpg,1376,2864,RE_bush,red_algae_bushy,224,1.000,RE_bush,0.000,BR_sarg,0.000,RE_branch,0.000,RE_fil,0.000,KE_holdfas
2024_10_08_11-56-19.jpg,284,1783,RE_branch,red_algae_branching,224,,,,,,,,,,
2024_10_08_11-56-19.jpg,1480,1858,GR_ulva,green_algae_ulva,224,1.000,GR_ulva,0.000,BR_sarg,0.000,BR_fucus,0.000,KE_sieve,0.000,KE_bull
2024_10_08_11-56-19.jpg,2720,1086,RE_branch,red_algae_branching,224,,,,,,,,,,
2024_10_08_11-56-19.jpg,178,510,RE_leaf,red_algae_flat_leaf,224,,,,,,,,,,
2024_10_08_11-56-19.jpg,2718,790,GR_ulva,green_algae_ulva,224,1.000,GR_ulva,0.000,KE_stipe,0.000,BR_sarg,0.000,MS,0.000,SU_bould
2024_10_08_11-56-19.jpg,644,4465,RE_fil,red_algae_filamentous,224,,,,,,,,,,
2024_10_08_11-56-19.jpg,825,2239,RE_bush,red_algae_bushy,224,1.000,RE_bush,0.000,BR_fucus,0.000,RE_branch,0.000,KE_stipe,0.000,KE_holdfas
2024_10_08_11-56-19.jpg,679,2731,RE_bush,red_algae_bushy,224,1.000,RE_bush,0.000,BR_sarg,0.000,KE_holdfas,0.000,SU_bould,0.000,RE_branch
2024_10_08_11-56-19.jpg,1476,1616,KE_stipe,kelp_stipe,224,,,,,,,,,,
2024_10_08_11-56-19.jpg,3429,2131,GR_ulva,green_algae_ulva,224,,,,,,,,,,
2024_10_08_11-56-19.jpg,1283,1475,SU_bould,boulder,224,,,,,,,,,,
2024_10_08_11-56-19.jpg,466,4269,GR_ulva,green_algae_ulva,224,0.999,GR_ulva,0.000,KE_stipe,0.000,unknown,0.000,KE_sieve,0.000,BR_fucus
2024_10_08_11-56-19.jpg,1812,3690,RE_bush,red_algae_bushy,224,,,,,,,,,,
2024_10_08_11-56-28.jpg,3182,1090,GR_ulva,green_algae_ulva,224,1.000,GR_ulva,0.000,KE_stipe,0.000,SU_cob,0.000,KE_sieve,0.000,KE_5rib
2024_10_08_11-56-28.jpg,1215,4445,GR_ulva,green_algae_ulva,224,0.969,GR_ulva,0.015,KE_stipe,0.011,MS,0.003,SU_bould,0.001,RE_bush
2024_10_08_11-56-28.jpg,1012,3571,RE_fil,red_algae_filamentous,224,,,,,,,,,,
2024_10_08_11-56-28.jpg,2813,377,GR_ulva,green_algae_ulva,224,,,,,,,,,,
2024_10_08_11-56-28.jpg,160,1888,SU_peb,pebble,224,0.996,SU_peb,0.004,SU_sand,0.000,GR_ulva,0.000,SU_cob,0.000,MS
2024_10_08_11-56-28.jpg,3898,286,SU_bould,boulder,224,,,,,,,,,,
2024_10_08_11-56-28.jpg,220,1470,SU_peb,pebble,224,0.994,SU_peb,0.006,GR_ulva,0.000,BR_sarg,0.000,SU_cob,0.000,MS
2024_10_08_11-56-28.jpg,2795,3431,GR_ulva,green_algae_ulva,224,1.000,GR_ulva,0.000,RE_leaf,0.000,KE_5rib,0.000,KE_sugar,0.000,SU_peb
2024_10_08_11-56-28.jpg,831,160,SU_peb,pebble,224,,,,,,,,,,
2024_10_08_11-56-28.jpg,3890,605,SU_bould,boulder,224,,,,,,,,,,
2024_10_08_11-56-28.jpg,1439,3784,GR_ulva,green_algae_ulva,224,1.000,GR_ulva,0.000,unknown,0.000,KE_sugar,0.000,SU_silt,0.000,SU_bould
2024_10_08_11-56-28.jpg,3289,3397,SU_peb,pebble,224,0.990,SU_peb,0.009,SU_sand,0.001,GR_ulva,0.000,SU_bould,0.000,SU_cob
2024_10_08_11-56-28.jpg,1566,2154,GR_ulva,green_algae_ulva,224,1.000,GR_ulva,0.000,KE_bull,0.000,RE_leaf,0.000,KE_sieve,0.000,KE_5rib
2024_10_08_11-56-28.jpg,450,118,SU_peb,pebble,224,,,,,,,,,,
2024_10_08_11-56-28.jpg,3882,3834,SU_bould,boulder,224,,,,,,,,,,
2024_10_08_11-56-28.jpg,2537,1704,GR_ulva,green_algae_ulva,224,0.961,GR_ulva,0.034,KE_sugar,0.003,KE_stipe,0.001,BR_fucus,0.000,KE_bull
2024_10_08_11-56-28.jpg,741,1251,SU_peb,pebble,224,1.000,SU_peb,0.000,SU_silt,0.000,GR_ulva,0.000,SU_shell,0.000,SU_sand
2024_10_08_11-56-28.jpg,3790,1618,KE_sugar,kelp_sugar,224,1.000,KE_sugar,0.000,KE_5rib,0.000,RE_leaf,0.000,GR_ulva,0.000,KE_sieve
2024_10_08_11-56-28.jpg,2424,2245,GR_ulva,green_algae_ulva,224,1.000,GR_ulva,0.000,KE_bull,0.000,RE_leaf,0.000,KE_sieve,0.000,KE_5rib
2024_10_08_11-56-28.jpg,3613,154,KE_sugar,kelp_sugar,224,,,,,,,,,,
2024_10_08_11-56-28.jpg,1280,483,RE_bush,red_algae_bushy,224,,,,,,,,,,
2024_10_08_11-56-28.jpg,2499,1822,GR_ulva,green_algae_ulva,224,1.000,GR_ulva,0.000,KE_sugar,0.000,BR_sarg,0.000,RE_fil,0.000,KE_sieve
2024_10_08_11-56-28.jpg,1938,179,GR_ulva,green_algae_ulva,224,,,,,,,,,,
2024_10_08_11-56-28.jpg,3073,4364,GR_ulva,green_algae_ulva,224,1.000,GR_ulva,0.000,unknown,0.000,RE_leaf,0.000,KE_stipe,0.000,MS
2024_10_08_11-56-28.jpg,552,2403,RE_branch,red_algae_branching,224,,,,,,,,,,
2024_10_08_11-56-28.jpg,1340,172,GR_ulva,green_algae_ulva,224,0.983,GR_ulva,0.016,SU_peb,0.000,KE_stipe,0.000,SU_bould,0.000,KE_sugar
2024_10_08_11-56-28.jpg,2482,1011,GR_ulva,green_algae_ulva,224,0.999,GR_ulva,0.001,unknown,0.000,KE_sieve,0.000,RE_leaf,0.000,KE_sugar
2024_10_08_11-56-28.jpg,1936,525,GR_ulva,green_algae_ulva,224,0.997,GR_ulva,0.002,unknown,0.000,KE_sieve,0.000,RE_fil,0.000,KE_5rib
2024_10_08_11-56-28.jpg,3749,1482,KE_sugar,kelp_sugar,224,,,,,,,,,,
2024_10_08_11-56-28.jpg,1379,1074,SU_bould,boulder,224,,,,,,,,,,
2024_10_08_11-56-28.jpg,325,1961,GR_ulva,green_algae_ulva,224,1.000,GR_ulva,0.000,SU_peb,0.000,KE_stipe,0.000,KE_bull,0.000,KE_5rib
2024_10_08_11-56-28.jpg,546,4181,RE_branch,red_algae_branching,224,,,,,,,,,,
2024_10_08_11-56-28.jpg,3584,854,KE_sugar,kelp_sugar,224,,,,,,,,,,
2024_10_08_11-56-28.jpg,2724,1556,GR_ulva,green_algae_ulva,224,,,,,,,,,,
2024_10_08_11-56-28.jpg,1795,2475,GR_ulva,green_algae_ulva,224,1.000,GR_ulva,0.000,KE_5rib,0.000,RE_leaf,0.000,KE_bull,0.000,RE_fil
2024_10_08_11-56-28.jpg,1923,2088,GR_ulva,green_algae_ulva,224,1.000,GR_ulva,0.000,RE_leaf,0.000,KE_bull,0.000,KE_sieve,0.000,KE_stipe
2024_10_08_11-56-28.jpg,265,864,SU_peb,pebble,224,0.996,SU_peb,0.003,SU_bould,0.000,BR_sarg,0.000,GR_ulva,0.000,KE_sugar
2024_10_08_11-56-28.jpg,771,1521,GR_ulva,green_algae_ulva,224,0.961,GR_ulva,0.024,SU_peb,0.011,KE_stipe,0.002,SU_bould,0.001,SU_cob
2024_10_08_11-56-28.jpg,1100,3227,RE_branch,red_algae_branching,224,,,,,,,,,,
2024_10_08_11-56-28.jpg,3261,1667,KE_sugar,kelp_sugar,224,,,,,,,,,,
2024_10_08_11-56-28.jpg,917,4303,RE_branch,red_algae_branching,224,,,,,,,,,,
2024_10_08_11-56-28.jpg,2088,4475,GR_ulva,green_algae_ulva,224,0.999,GR_ulva,0.001,unknown,0.000,RE_leaf,0.000,KE_stipe,0.000,KE_sieve
2024_10_08_11-56-28.jpg,2629,825,GR_ulva,green_algae_ulva,224,0.960,GR_ulva,0.040,unknown,0.000,KE_sugar,0.000,RE_leaf,0.000,KE_5rib
2024_10_08_11-56-28.jpg,1984,1710,GR_ulva,green_algae_ulva,224,1.000,GR_ulva,0.000,KE_bull,0.000,RE_leaf,0.000,unknown,0.000,MS
2024_10_08_11-56-28.jpg,1107,2339,RE_branch,red_algae_branching,224,,,,,,,,,,
2024_10_08_11-56-28.jpg,3297,3283,SU_peb,pebble,224,1.000,SU_peb,0.000,SU_sand,0.000,GR_ulva,0.000,SU_bould,0.000,BR_sarg
2024_10_08_11-56-28.jpg,2561,651,GR_ulva,green_algae_ulva,224,,,,,,,,,,
2024_10_08_11-56-28.jpg,2125,2319,GR_ulva,green_algae_ulva,224,1.000,GR_ulva,0.000,KE_bull,0.000,RE_leaf,0.000,BR_sarg,0.000,MS
2024_10_08_11-56-28.jpg,3277,3032,RE_branch,red_algae_branching,224,,,,,,,,,,
2024_10_08_11-56-28.jpg,1332,2081,GR_ulva,green_algae_ulva,224,1.000,GR_ulva,0.000,KE_bull,0.000,KE_stipe,0.000,BR_sarg,0.000,SU_bould
2024_10_08_11-56-37.jpg,2672,625,SU_sand,sand_fine_shell,224,0.983,SU_sand,0.015,SU_silt,0.002,SU_peb,0.000,SU_shell,0.000,MS
2024_10_08_11-56-37.jpg,1257,1836,GR_ulva,green_algae_ulva,224,1.000,GR_ulva,0.000,RE_leaf,0.000,KE_sugar,0.000,KE_bull,0.000,KE_sieve
2024_10_08_11-56-37.jpg,2283,1457,SU_peb,pebble,224,0.986,SU_peb,0.014,GR_ulva,0.000,KE_bull,0.000,KE_stipe,0.000,MS
2024_10_08_11-56-37.jpg,1446,1188,GR_ulva,green_algae_ulva,224,0.994,GR_ulva,0.004,RE_leaf,0.002,KE_sugar,0.000,KE_bull,0.000,MS
2024_10_08_11-56-37.jpg,721,981,RE_leaf,red_algae_flat_leaf,224,1.000,RE_leaf,0.000,KE_sugar,0.000,RE_fil,0.000,MS,0.000,GR_ulva
2024_10_08_11-56-37.jpg,236,2637,GR_ulva,green_algae_ulva,224,0.998,GR_ulva,0.001,RE_leaf,0.001,KE_bull,0.000,KE_sugar,0.000,KE_5rib
2024_10_08_11-56-37.jpg,3187,2499,RE_branch,red_algae_branching,224,1.000,RE_branch,0.000,RE_bush,0.000,BR_sarg,0.000,RE_leaf,0.000,MS
2024_10_08_11-56-37.jpg,2376,3810,GR_ulva,green_algae_ulva,224,1.000,GR_ulva,0.000,KE_5rib,0.000,unknown,0.000,KE_sieve,0.000,RE_fil
2024_10_08_11-56-37.jpg,2692,2302,RE_branch,red_algae_branching,224,0.995,RE_branch,0.005,RE_bush,0.000,BR_sarg,0.000,SU_bould,0.000,RE_leaf
2024_10_08_11-56-37.jpg,2047,3022,GR_ulva,green_algae_ulva,224,1.000,GR_ulva,0.000,RE_leaf,0.000,KE_sugar,0.000,KE_5rib,0.000,KE_sieve
2024_10_08_11-56-37.jpg,282,3190,GR_ulva,green_algae_ulva,224,1.000,GR_ulva,0.000,KE_sugar,0.000,KE_sieve,0.000,KE_stipe,0.000,MS
2024_10_08_11-56-37.jpg,2376,3052,GR_ulva,green_algae_ulva,224,1.000,GR_ulva,0.000,KE_bull,0.000,RE_leaf,0.000,KE_5rib,0.000,BR_sarg
2024_10_08_11-56-37.jpg,1688,2875,GR_ulva,green_algae_ulva,224,0.999,GR_ulva,0.001,unknown,0.000,KE_sugar,0.000,RE_fil,0.000,RE_leaf
2024_10_08_11-56-37.jpg,3365,4339,GR_ulva,green_algae_ulva,224,1.000,GR_ulva,0.000,unknown,0.000,KE_5rib,0.000,RE_leaf,0.000,MS
2024_10_08_11-56-37.jpg,1392,2831,GR_ulva,green_algae_ulva,224,1.000,GR_ulva,0.000,KE_5rib,0.000,KE_bull,0.000,BR_sarg,0.000,KE_stipe
2024_10_08_11-56-37.jpg,3335,1040,RE_bush,red_algae_bushy,224,0.982,RE_bush,0.010,SU_sand,0.005,SU_peb,0.002,SU_silt,0.001,RE_branch
2024_10_08_11-56-37.jpg,3519,4051,GR_ulva,green_algae_ulva,224,0.997,GR_ulva,0.001,KE_sieve,0.000,KE_stipe,0.000,BR_fucus,0.000,unknown
2024_10_08_11-56-37.jpg,3789,212,RE_leaf,red_algae_flat_leaf,224,,,,,,,,,,
2024_10_08_11-56-37.jpg,451,263,GR_ulva,green_algae_ulva,224,1.000,GR_ulva,0.000,BR_sarg,0.000,unknown,0.000,KE_5rib,0.000,KE_sieve
2024_10_08_11-56-37.jpg,987,3802,GR_ulva,green_algae_ulva,224,0.981,GR_ulva,0.019,MS,0.000,RE_leaf,0.000,SI_kelpBry,0.000,SU_cob
2024_10_08_11-56-37.jpg,2262,3111,GR_ulva,green_algae_ulva,224,1.000,GR_ulva,0.000,RE_leaf,0.000,KE_5rib,0.000,KE_bull,0.000,KE_sieve
2024_10_08_11-56-37.jpg,303,346,GR_ulva,green_algae_ulva,224,,,,,,,,,,
2024_10_08_11-56-37.jpg,3337,732,RE_bush,red_algae_bushy,224,,,,,,,,,,
2024_10_08_11-56-37.jpg,1101,2102,GR_ulva,green_algae_ulva,224,1.000,GR_ulva,0.000,BR_sarg,0.000,SU_bould,0.000,unknown,0.000,KE_stipe
2024_10_08_11-56-37.jpg,2513,1902,RE_leaf,red_algae_flat_leaf,224,0.997,RE_leaf,0.003,RE_fil,0.000,KE_sugar,0.000,RE_bush,0.000,MS
2024_10_08_11-56-37.jpg,118,1165,GR_ulva,green_algae_ulva,224,0.999,GR_ulva,0.000,KE_5rib,0.000,KE_sieve,0.000,unknown,0.000,MS
2024_10_08_11-56-37.jpg,315,646,GR_ulva,green_algae_ulva,224,1.000,GR_ulva,0.000,KE_sugar,0.000,KE_sieve,0.000,unknown,0.000,KE_5rib
2024_10_08_11-56-37.jpg,1047,2742,GR_ulva,green_algae_ulva,224,1.000,GR_ulva,0.000,KE_bull,0.000,SU_peb,0.000,KE_stipe,0.000,RE_leaf
2024_10_08_11-56-37.jpg,1730,1994,GR_ulva,green_algae_ulva,224,0.987,GR_ulva,0.010,MS,0.002,RE_bush,0.001,KE_stipe,0.000,RE_leaf
2024_10_08_11-56-37.jpg,3652,4029,GR_ulva,green_algae_ulva,224,,,,,,,,,,
2024_10_08_11-56-37.jpg,2308,4047,GR_ulva,green_algae_ulva,224,1.000,GR_ulva,0.000,KE_stipe,0.000,BR_sarg,0.000,KE_sieve,0.000,BR_fucus
2024_10_08_11-56-37.jpg,440,1983,SU_bould,boulder,224,,,,,,,,,,
2024_10_08_11-56-37.jpg,1843,1563,RE_bush,red_algae_bushy,224,1.000,RE_bush,0.000,GR_ulva,0.000,MS,0.000,SU_sand,0.000,RE_branch
2024_10_08_11-56-37.jpg,3051,3955,GR_ulva,green_algae_ulva,224,1.000,GR_ulva,0.000,KE_sieve,0.000,unknown,0.000,KE_stipe,0.000,MS
2024_10_08_11-56-37.jpg,1745,1407,GR_ulva,green_algae_ulva,224,1.000,GR_ulva,0.000,KE_5rib,0.000,KE_bull,0.000,RE_leaf,0.000,KE_sugar
2024_10_08_11-56-37.jpg,560,3962,RE_leaf,red_algae_flat_leaf,224,0.993,RE_leaf,0.006,RE_fil,0.000,MS,0.000,KE_stipe,0.000,KE_bull
2024_10_08_11-56-37.jpg,772,2710,GR_ulva,green_algae_ulva,224,1.000,GR_ulva,0.000,KE_5rib,0.000,RE_leaf,0.000,unknown,0.000,KE_sugar
2024_10_08_11-56-37.jpg,1213,3283,GR_ulva,green_algae_ulva,224,1.000,GR_ulva,0.000,RE_leaf,0.000,KE_5rib,0.000,KE_bull,0.000,unknown
2024_10_08_11-56-37.jpg,3660,3289,GR_ulva,green_algae_ulva,224,1.000,GR_ulva,0.000,BR_sarg,0.000,KE_sieve,0.000,KE_5rib,0.000,RE_leaf
2024_10_08_11-56-37.jpg,864,3168,GR_ulva,green_algae_ulva,224,0.999,GR_ulva,0.000,KE_5rib,0.000,RE_leaf,0.000,KE_bull,0.000,KE_sugar
2024_10_08_11-56-37.jpg,1690,2992,GR_ulva,green_algae_ulva,224,0.999,GR_ulva,0.000,unknown,0.000,RE_leaf,0.000,KE_sugar,0.000,RE_fil
2024_10_08_11-56-37.jpg,2833,706,SU_peb,pebble,224,,,,,,,,,,
2024_10_08_11-56-37.jpg,1432,3705,GR_ulva,green_algae_ulva,224,1.000,GR_ulva,0.000,KE_sieve,0.000,BR_sarg,0.000,SU_bould,0.000,KE_stipe
2024_10_08_11-56-37.jpg,3375,883,RE_bush,red_algae_bushy,224,0.999,RE_bush,0.001,SU_silt,0.000,SU_sand,0.000,RE_branch,0.000,SU_peb
2024_10_08_11-56-37.jpg,1138,4408,GR_ulva,green_algae_ulva,224,0.979,GR_ulva,0.013,MS,0.007,RE_leaf,0.000,BR_fucus,0.000,BR_sarg
2024_10_08_11-56-37.jpg,596,359,GR_ulva,green_algae_ulva,224,0.990,GR_ulva,0.005,SU_cob,0.004,SU_bould,0.000,KE_5rib,0.000,KE_stipe
2024_10_08_11-56-37.jpg,2121,1810,RE_bush,red_algae_bushy,224,0.942,RE_bush,0.031,RE_leaf,0.014,MS,0.008,RE_fil,0.003,KE_holdfas
2024_10_08_11-56-37.jpg,1901,4294,GR_ulva,green_algae_ulva,224,1.000,GR_ulva,0.000,KE_sieve,0.000,MS,0.000,BR_fucus,0.000,KE_stipe
2024_10_08_11-56-37.jpg,1786,3113,GR_ulva,green_algae_ulva,224,1.000,GR_ulva,0.000,KE_bull,0.000,KE_sugar,0.000,RE_leaf,0.000,KE_sieve
2024_10_08_11-56-37.jpg,2162,1963,RE_leaf,red_algae_flat_leaf,224,,,,,,,,,,
2024_10_08_11-56-46.jpg,3320,1347,RE_fil,red_algae_filamentous,224,,,,,,,,,,
2024_10_08_11-56-46.jpg,1546,3945,RE_branch,red_algae_branching,224,,,,,,,,,,
2024_10_08_11-56-46.jpg,1167,3786,RE_branch,red_algae_branching,224,1.000,RE_branch,0.000,RE_fil,0.000,BR_sarg,0.000,RE_bush,0.000,RE_leaf
2024_10_08_11-56-46.jpg,3053,4152,GR_ulva,green_algae_ulva,224,1.000,GR_ulva,0.000,SU_peb,0.000,SU_cob,0.000,SU_bould,0.000,KE_sugar
2024_10_08_11-56-46.jpg,2026,2081,GR_ulva,green_algae_ulva,224,1.000,GR_ulva,0.000,KE_bull,0.000,KE_stipe,0.000,RE_leaf,0.000,MS
2024_10_08_11-56-46.jpg,639,4386,SU_cob,cobble,224,,,,,,,,,,
2024_10_08_11-56-46.jpg,3129,4270,GR_ulva,green_algae_ulva,224,0.992,GR_ulva,0.005,SU_cob,0.002,SU_peb,0.001,KE_stipe,0.000,SU_bould
2024_10_08_11-56-46.jpg,3402,1922,RE_fil,red_algae_filamentous,224,0.993,RE_fil,0.005,RE_leaf,0.002,KE_5rib,0.000,MS,0.000,BR_sarg
2024_10_08_11-56-46.jpg,2806,1339,GR_ulva,green_algae_ulva,224,1.000,GR_ulva,0.000,KE_5rib,0.000,KE_sieve,0.000,RE_leaf,0.000,KE_sugar
2024_10_08_11-56-46.jpg,2177,1474,GR_ulva,green_algae_ulva,224,1.000,GR_ulva,0.000,RE_leaf,0.000,KE_bull,0.000,BR_sarg,0.000,MS
2024_10_08_11-56-46.jpg,1823,3329,SU_peb,pebble,224,,,,,,,,,,
2024_10_08_11-56-46.jpg,1618,670,GR_ulva,green_algae_ulva,224,1.000,GR_ulva,0.000,KE_sieve,0.000,BR_sarg,0.000,unknown,0.000,SU_bould
2024_10_08_11-56-46.jpg,1577,1156,RE_branch,red_algae_branching,224,,,,,,,,,,
2024_10_08_11-56-46.jpg,1228,4316,KE_sieve,kelp_sieve,224,,,,,,,,,,
2024_10_08_11-56-46.jpg,1095,2368,SU_peb,pebble,224,1.000,SU_peb,0.000,SU_sand,0.000,SU_shell,0.000,SU_silt,0.000,GR_ulva
2024_10_08_11-56-46.jpg,2767,1212,GR_ulva,green_algae_ulva,224,1.000,GR_ulva,0.000,KE_5rib,0.000,RE_leaf,0.000,KE_sugar,0.000,KE_bull
2024_10_08_11-56-46.jpg,3520,657,SU_cob,cobble,224,,,,,,,,,,
2024_10_08_11-56-46.jpg,2481,2214,GR_ulva,green_algae_ulva,224,0.971,GR_ulva,0.013,RE_leaf,0.008,RE_fil,0.006,unknown,0.002,KE_sugar
2024_10_08_11-56-46.jpg,3540,3726,GR_ulva,green_algae_ulva,224,1.000,GR_ulva,0.000,KE_stipe,0.000,SU_peb,0.000,BR_sarg,0.000,KE_bull
2024_10_08_11-56-46.jpg,2470,926,GR_ulva,green_algae_ulva,224,1.000,GR_ulva,0.000,KE_bull,0.000,unknown,0.000,KE_sugar,0.000,RE_leaf
2024_10_08_11-56-46.jpg,1880,1324,BR_sarg,brown_algae_sargassum,224,0.996,BR_sarg,0.004,RE_branch,0.000,KE_bull,0.000,KE_holdfas,0.000,MS
2024_10_08_11-56-46.jpg,3186,2169,GR_ulva,green_algae_ulva,224,1.000,GR_ulva,0.000,KE_bull,0.000,RE_leaf,0.000,KE_sugar,0.000,KE_sieve
2024_10_08_11-56-46.jpg,545,3222,SU_cob,cobble,224,0.988,SU_cob,0.008,SU_peb,0.001,MS,0.001,KE_holdfas,0.000,RE_CCA
2024_10_08_11-56-46.jpg,3671,1048,RE_fil,red_algae_filamentous,224,,,,,,,,,,
2024_10_08_11-56-46.jpg,130,2202,SU_sand,sand_fine_shell,224,1.000,SU_sand,0.000,SU_silt,0.000,SU_peb,0.000,SU_shell,0.000,MS
2024_10_08_11-56-46.jpg,2290,1551,GR_ulva,green_algae_ulva,224,1.000,GR_ulva,0.000,RE_leaf,0.000,KE_5rib,0.000,unknown,0.000,KE_sugar
2024_10_08_11-56-46.jpg,358,595,RE_branch,red_algae_branching,224,,,,,,,,,,
2024_10_08_11-56-46.jpg,1833,4269,KE_sieve,kelp_sieve,224,,,,,,,,,,
2024_10_08_11-56-46.jpg,358,3700,SU_bould,boulder,224,,,,,,,,,,
2024_10_08_11-56-46.jpg,607,230,RE_branch,red_algae_branching,224,,,,,,,,,,
2024_10_08_11-56-46.jpg,2337,1771,GR_ulva,green_algae_ulva,224,1.000,GR_ulva,0.000,RE_leaf,0.000,KE_sieve,0.000,KE_5rib,0.000,RE_fil
2024_10_08_11-56-46.jpg,2874,1993,GR_ulva,green_algae_ulva,224,1.000,GR_ulva,0.000,KE_sieve,0.000,KE_stipe,0.000,RE_leaf,0.000,KE_bull
2024_10_08_11-56-46.jpg,2589,895,GR_ulva,green_algae_ulva,224,1.000,GR_ulva,0.000,RE_leaf,0.000,KE_5rib,0.000,MS,0.000,KE_sugar
2024_10_08_11-56-46.jpg,3051,1102,GR_ulva,green_algae_ulva,224,1.000,GR_ulva,0.000,KE_bull,0.000,RE_leaf,0.000,KE_sugar,0.000,KE_5rib
2024_10_08_11-56-46.jpg,1427,251,GR_ulva,green_algae_ulva,224,1.000,GR_ulva,0.000,unknown,0.000,KE_sugar,0.000,KE_sieve,0.000,MS
2024_10_08_11-56-46.jpg,2235,3075,RE_leaf,red_algae_flat_leaf,224,0.999,RE_leaf,0.001,RE_fil,0.000,KE_5rib,0.000,GR_ulva,0.000,BR_sarg
2024_10_08_11-56-46.jpg,3802,4304,GR_ulva,green_algae_ulva,224,0.999,GR_ulva,0.000,KE_sugar,0.000,unknown,0.000,KE_stipe,0.000,MS
2024_10_08_11-56-46.jpg,876,3785,SU_cob,cobble,224,,,,,,,,,,
2024_10_08_11-56-46.jpg,3740,1426,BR_sarg,brown_algae_sargassum,224,,,,,,,,,,
2024_10_08_11-56-46.jpg,2383,3051,GR_ulva,green_algae_ulva,224,0.916,GR_ulva,0.083,RE_leaf,0.001,KE_bull,0.000,MS,0.000,KE_stipe
2024_10_08_11-56-46.jpg,3305,776,RE_bush,red_algae_bushy,224,,,,,,,,,,
2024_10_08_11-56-46.jpg,3146,1236,GR_ulva,green_algae_ulva,224,1.000,GR_ulva,0.000,RE_leaf,0.000,MS,0.000,KE_bull,0.000,KE_sieve
2024_10_08_11-56-46.jpg,3326,918,RE_fil,red_algae_filamentous,224,,,,,,,,,,
2024_10_08_11-56-46.jpg,325,2881,SU_sand,sand_fine_shell,224,0.989,SU_sand,0.011,SU_peb,0.000,SU_silt,0.000,SU_shell,0.000,SU_bould
2024_10_08_11-56-46.jpg,3785,4133,GR_ulva,green_algae_ulva,224,0.998,GR_ulva,0.002,MS,0.000,KE_stipe,0.000,KE_bull,0.000,KE_sugar
2024_10_08_11-56-46.jpg,1276,3082,SU_peb,pebble,224,0.972,SU_peb,0.011,RE_fil,0.007,KE_stipe,0.004,RE_leaf,0.002,MS
2024_10_08_11-56-46.jpg,2017,2846,GR_ulva,green_algae_ulva,224,1.000,GR_ulva,0.000,KE_bull,0.000,MS,0.000,SU_peb,0.000,SI
2024_10_08_11-56-46.jpg,751,4165,SU_peb,pebble,224,1.000,SU_peb,0.000,SU_sand,0.000,SU_shell,0.000,SU_cob,0.000,KE_stipe
2024_10_08_11-56-46.jpg,1230,3460,BR_sarg,brown_algae_sargassum,224,1.000,BR_sarg,0.000,BR_fucus,0.000,SU_bould,0.000,KE_stipe,0.000,SU_peb
2024_10_08_11-56-46.jpg,1047,4084,KE_sieve,kelp_sieve,224,,,,,,,,,,
2024_10_08_11-56-55.jpg,746,2367,SU_peb,pebble,224,1.000,SU_peb,0.000,SU_cob,0.000,SU_sand,0.000,RE_bush,0.000,KE_stipe
2024_10_08_11-56-55.jpg,849,2810,SU_sand,sand_fine_shell,224,1.000,SU_sand,0.000,SU_silt,0.000,SU_peb,0.000,SU_shell,0.000,RE_CCA
2024_10_08_11-56-55.jpg,529,1609,RE_branch,red_algae_branching,224,,,,,,,,,,
2024_10_08_11-56-55.jpg,1573,651,GR_ulva,green_algae_ulva,224,1.000,GR_ulva,0.000,KE_bull,0.000,KE_stipe,0.000,BR_fucus,0.000,MS
2024_10_08_11-56-55.jpg,2896,2747,SU_sand,sand_fine_shell,224,1.000,SU_sand,0.000,SU_peb,0.000,SU_silt,0.000,SU_cob,0.000,BR_sarg
2024_10_08_11-56-55.jpg,549,2936,SU_peb,pebble,224,1.000,SU_peb,0.000,SU_cob,0.000,BR_fucus,0.000,SU_shell,0.000,MS
2024_10_08_11-56-55.jpg,1093,2955,SU_peb,pebble,224,0.945,SU_peb,0.051,SU_cob,0.003,SU_shell,0.001,KE_stipe,0.000,SU_bould
2024_10_08_11-56-55.jpg,3634,556,KE_sugar,kelp_sugar,224,0.986,KE_sugar,0.014,SU_bould,0.000,SU_cob,0.000,KE_5rib,0.000,RE_fil
2024_10_08_11-56-55.jpg,3614,2055,SU_sand,sand_fine_shell,224,,,,,,,,,,
2024_10_08_11-56-55.jpg,745,3308,SU_sand,sand_fine_shell,224,0.950,SU_sand,0.050,SU_peb,0.000,SU_cob,0.000,SU_silt,0.000,MS
2024_10_08_11-56-55.jpg,2849,3432,RE_bush,red_algae_bushy,224,1.000,RE_bush,0.000,KE_holdfas,0.000,BR_sarg,0.000,RE_fil,0.000,SU_bould
2024_10_08_11-56-55.jpg,2705,429,GR_ulva,green_algae_ulva,224,1.000,GR_ulva,0.000,KE_sugar,0.000,unknown,0.000,KE_stipe,0.000,MS
2024_10_08_11-56-55.jpg,3544,3562,RE_branch,red_algae_branching,224,1.000,RE_branch,0.000,RE_CCA,0.000,RE_leaf,0.000,BR_sarg,0.000,RE_fil
2024_10_08_11-56-55.jpg,3414,4360,GR_ulva,green_algae_ulva,224,0.999,GR_ulva,0.000,unknown,0.000,SU_cob,0.000,MS,0.000,KE_5rib
2024_10_08_11-56-55.jpg,1704,2752,SU_peb,pebble,224,,,,,,,,,,
2024_10_08_11-56-55.jpg,1771,2238,SU_cob,cobble,224,,,,,,,,,,
2024_10_08_11-56-55.jpg,468,770,RE_fil,red_algae_filamentous,224,0.997,RE_fil,0.001,RE_leaf,0.001,KE_sugar,0.001,RE_branch,0.000,SU_peb
2024_10_08_11-56-55.jpg,2553,4099,GR_ulva,green_algae_ulva,224,0.999,GR_ulva,0.001,SU_peb,0.000,KE_sugar,0.000,SU_bould,0.000,KE_5rib
2024_10_08_11-56-55.jpg,1200,3602,SU_sand,sand_fine_shell,224,1.000,SU_sand,0.000,SU_peb,0.000,SU_silt,0.000,MS,0.000,SU_cob
2024_10_08_11-56-55.jpg,1635,1313,SU_cob,cobble,224,,,,,,,,,,
2024_10_08_11-56-55.jpg,513,2370,SU_peb,pebble,224,,,,,,,,,,
2024_10_08_11-56-55.jpg,3770,435,SU_cob,cobble,224,,,,,,,,,,
2024_10_08_11-56-55.jpg,1091,2419,SU_peb,pebble,224,1.000,SU_peb,0.000,SU_shell,0.000,SU_cob,0.000,GR_ulva,0.000,KE_bull
2024_10_08_11-56-55.jpg,1406,4021,SU_peb,pebble,224,0.999,SU_peb,0.001,SU_sand,0.000,SU_cob,0.000,SU_bould,0.000,MS
2024_10_08_11-56-55.jpg,3253,4493,GR_ulva,green_algae_ulva,224,1.000,GR_ulva,0.000,MS,0.000,SU_peb,0.000,KE_sieve,0.000,KE_holdfas
2024_10_08_11-56-55.jpg,3573,1714,SU_peb,pebble,224,,,,,,,,,,
2024_10_08_11-56-55.jpg,2541,1874,RE_leaf,red_algae_flat_leaf,224,0.974,RE_leaf,0.016,KE_sugar,0.006,RE_fil,0.002,RE_bush,0.001,MS
2024_10_08_11-56-55.jpg,1765,3332,SU_cob,cobble,224,,,,,,,,,,
2024_10_08_11-56-55.jpg,2685,3865,GR_ulva,green_algae_ulva,224,,,,,,,,,,
2024_10_08_11-56-55.jpg,3697,3973,RE_branch,red_algae_branching,224,,,,,,,,,,
2024_10_08_11-56-55.jpg,882,4468,RE_fil,red_algae_filamentous,224,,,,,,,,,,
2024_10_08_11-56-55.jpg,548,4083,SU_silt,silt,224,,,,,,,,,,
2024_10_08_11-56-55.jpg,3695,2366,GR_ulva,green_algae_ulva,224,1.000,GR_ulva,0.000,KE_sieve,0.000,BR_sarg,0.000,SU_bould,0.000,KE_5rib
2024_10_08_11-56-55.jpg,2181,408,unknown,unknown_area,224,,,,,,,,,,
2024_10_08_11-56-55.jpg,2447,1121,SU_bould,boulder,224,,,,,,,,,,
2024_10_08_11-56-55.jpg,3706,2192,GR_ulva,green_algae_ulva,224,1.000,GR_ulva,0.000,KE_5rib,0.000,KE_bull,0.000,RE_leaf,0.000,MS
2024_10_08_11-56-55.jpg,3820,2406,GR_ulva,green_algae_ulva,224,,,,,,,,,,
2024_10_08_11-56-55.jpg,2049,4210,RE_leaf,red_algae_flat_leaf,224,0.992,RE_leaf,0.007,MS,0.002,RE_fil,0.000,RE_bush,0.000,KE_stipe
2024_10_08_11-56-55.jpg,2331,3274,RE_leaf,red_algae_flat_leaf,224,,,,,,,,,,
2024_10_08_11-56-55.jpg,1439,247,RE_branch,red_algae_branching,224,,,,,,,,,,
2024_10_08_11-56-55.jpg,2372,727,BR_sarg,brown_algae_sargassum,224,,,,,,,,,,
2024_10_08_11-56-55.jpg,1044,4299,RE_fil,red_algae_filamentous,224,0.992,RE_fil,0.008,RE_leaf,0.000,KE_sugar,0.000,KE_5rib,0.000,SU_cob
2024_10_08_11-56-55.jpg,229,1204,KE_sugar,kelp_sugar,224,0.972,KE_sugar,0.015,SU_bould,0.010,GR_ulva,0.002,KE_5rib,0.000,MS
2024_10_08_11-56-55.jpg,1878,2559,SU_cob,cobble,224,,,,,,,,,,
2024_10_08_11-56-55.jpg,1220,236,unknown,unknown_area,224,,,,,,,,,,
2024_10_08_11-56-55.jpg,1098,3294,SU_peb,pebble,224,,,,,,,,,,
2024_10_08_11-56-55.jpg,1592,2096,SU_peb,pebble,224,,,,,,,,,,
2024_10_08_11-56-55.jpg,3913,248,BR_sarg,brown_algae_sargassum,224,,,,,,,,,,
2024_10_08_11-56-55.jpg,1710,530,RE_leaf,red_algae_flat_leaf,224,,,,,,,,,,
2024_10_08_11-56-55.jpg,2464,1669,RE_leaf,red_algae_flat_leaf,224,,,,,,,,,,
2024_10_08_11-57-04.jpg,415,3602,KE_sieve,kelp_sieve,224,,,,,,,,,,
2024_10_08_11-57-04.jpg,3912,2682,GR_ulva,green_algae_ulva,224,0.965,GR_ulva,0.027,KE_5rib,0.004,unknown,0.003,RE_fil,0.000,RE_bush
2024_10_08_11-57-04.jpg,2411,451,GR_ulva,green_algae_ulva,224,1.000,GR_ulva,0.000,KE_sugar,0.000,KE_stipe,0.000,KE_sieve,0.000,SU_peb
2024_10_08_11-57-04.jpg,670,3078,KE_sieve,kelp_sieve,224,,,,,,,,,,
2024_10_08_11-57-04.jpg,3416,1441,GR_ulva,green_algae_ulva,224,,,,,,,,,,
2024_10_08_11-57-04.jpg,1279,972,RE_branch,red_algae_branching,224,,,,,,,,,,
2024_10_08_11-57-04.jpg,3217,823,RE_branch,red_algae_branching,224,,,,,,,,,,
2024_10_08_11-57-04.jpg,1248,1879,BR_sarg,brown_algae_sargassum,224,,,,,,,,,,
2024_10_08_11-57-04.jpg,1857,3915,GR_ulva,green_algae_ulva,224,1.000,GR_ulva,0.000,KE_stipe,0.000,MS,0.000,KE_sieve,0.000,KE_holdfas
2024_10_08_11-57-04.jpg,616,2082,GR_ulva,green_algae_ulva,224,1.000,GR_ulva,0.000,unknown,0.000,KE_bull,0.000,KE_stipe,0.000,KE_5rib
2024_10_08_11-57-04.jpg,708,4131,KE_sieve,kelp_sieve,224,,,,,,,,,,
2024_10_08_11-57-04.jpg,1387,1290,BR_sarg,brown_algae_sargassum,224,,,,,,,,,,
2024_10_08_11-57-04.jpg,1727,2178,RE_branch,red_algae_branching,224,0.999,RE_branch,0.000,BR_sarg,0.000,MS,0.000,RE_CCA,0.000,RE_bush
2024_10_08_11-57-04.jpg,1275,3208,GR_ulva,green_algae_ulva,224,,,,,,,,,,
2024_10_08_11-57-04.jpg,3039,3030,RE_branch,red_algae_branching,224,,,,,,,,,,
2024_10_08_11-57-04.jpg,1844,462,RE_branch,red_algae_branching,224,,,,,,,,,,
2024_10_08_11-57-04.jpg,2359,932,GR_ulva,green_algae_ulva,224,,,,,,,,,,
2024_10_08_11-57-04.jpg,3252,4107,GR_ulva,green_algae_ulva,224,,,,,,,,,,
2024_10_08_11-57-04.jpg,2903,2314,GR_ulva,green_algae_ulva,224,0.974,GR_ulva,0.015,KE_bull,0.010,BR_fucus,0.001,KE_sieve,0.000,BR_sarg
2024_10_08_11-57-04.jpg,2960,774,GR_ulva,green_algae_ulva,224,1.000,GR_ulva,0.000,BR_sarg,0.000,KE_stipe,0.000,SU_bould,0.000,RE_bush
2024_10_08_11-57-04.jpg,3664,2822,GR_ulva,green_algae_ulva,224,0.997,GR_ulva,0.003,KE_sieve,0.000,unknown,0.000,KE_stipe,0.000,KE_sugar
2024_10_08_11-57-04.jpg,442,2657,GR_ulva,green_algae_ulva,224,1.000,GR_ulva,0.000,RE_leaf,0.000,KE_5rib,0.000,KE_bull,0.000,unknown
2024_10_08_11-57-04.jpg,932,1258,GR_ulva,green_algae_ulva,224,1.000,GR_ulva,0.000,KE_5rib,0.000,unknown,0.000,SU_bould,0.000,KE_stipe
2024_10_08_11-57-04.jpg,2541,2533,RE_leaf,red_algae_flat_leaf,224,0.978,RE_leaf,0.021,KE_5rib,0.000,KE_bull,0.000,KE_sugar,0.000,GR_ulva
2024_10_08_11-57-04.jpg,1504,4470,GR_ulva,green_algae_ulva,224,1.000,GR_ulva,0.000,KE_stipe,0.000,MS,0.000,unknown,0.000,KE_sieve
2024_10_08_11-57-04.jpg,2254,4036,GR_ulva,green_algae_ulva,224,,,,,,,,,,
2024_10_08_11-57-04.jpg,2883,1322,RE_branch,red_algae_branching,224,,,,,,,,,,
2024_10_08_11-57-04.jpg,834,1138,GR_ulva,green_algae_ulva,224,1.000,GR_ulva,0.000,unknown,0.000,KE_sieve,0.000,SU_bould,0.000,KE_5rib
2024_10_08_11-57-04.jpg,234,2010,GR_ulva,green_algae_ulva,224,1.000,GR_ulva,0.000,SU_cob,0.000,MS,0.000,KE_bull,0.000,SU_peb
2024_10_08_11-57-04.jpg,2455,3596,GR_ulva,green_algae_ulva,224,,,,,,,,,,
2024_10_08_11-57-04.jpg,377,3318,KE_sieve,kelp_sieve,224,,,,,,,,,,
2024_10_08_11-57-04.jpg,2619,283,GR_ulva,green_algae_ulva,224,1.000,GR_ulva,0.000,KE_sugar,0.000,KE_stipe,0.000,KE_5rib,0.000,KE_bull
2024_10_08_11-57-04.jpg,1161,2259,GR_ulva,green_algae_ulva,224,1.000,GR_ulva,0.000,MS,0.000,KE_bull,0.000,KE_stipe,0.000,BR_fucus
2024_10_08_11-57-04.jpg,1003,3670,KE_sieve,kelp_sieve,224,,,,,,,,,,
2024_10_08_11-57-04.jpg,1532,1455,GR_ulva,green_algae_ulva,224,1.000,GR_ulva,0.000,KE_sugar,0.000,KE_5rib,0.000,unknown,0.000,KE_bull
2024_10_08_11-57-04.jpg,3518,3034,GR_ulva,green_algae_ulva,224,1.000,GR_ulva,0.000,KE_sieve,0.000,RE_leaf,0.000,KE_bull,0.000,KE_sugar
2024_10_08_11-57-04.jpg,1164,4000,GR_ulva,green_algae_ulva,224,1.000,GR_ulva,0.000,unknown,0.000,RE_leaf,0.000,KE_5rib,0.000,KE_sugar
2024_10_08_11-57-04.jpg,1880,2074,RE_branch,red_algae_branching,224,0.922,RE_branch,0.062,BR_sarg,0.016,RE_bush,0.000,MS,0.000,KE_holdfas
2024_10_08_11-57-04.jpg,380,860,GR_ulva,green_algae_ulva,224,1.000,GR_ulva,0.000,unknown,0.000,KE_sieve,0.000,KE_sugar,0.000,KE_5rib
2024_10_08_11-57-04.jpg,2877,2502,GR_ulva,green_algae_ulva,224,0.995,GR_ulva,0.003,KE_bull,0.000,KE_stipe,0.000,RE_leaf,0.000,unknown
2024_10_08_11-57-04.jpg,3333,3292,RE_branch,red_algae_branching,224,,,,,,,,,,
2024_10_08_11-57-04.jpg,1439,2540,BR_sarg,brown_algae_sargassum,224,,,,,,,,,,
2024_10_08_11-57-04.jpg,2039,4024,GR_ulva,green_algae_ulva,224,1.000,GR_ulva,0.000,KE_sieve,0.000,RE_leaf,0.000,MS,0.000,SU_cob
2024_10_08_11-57-04.jpg,2593,3939,GR_ulva,green_algae_ulva,224,0.998,GR_ulva,0.001,MS,0.001,KE_bull,0.000,RE_leaf,0.000,BR_sarg
2024_10_08_11-57-04.jpg,3788,2655,GR_ulva,green_algae_ulva,224,0.999,GR_ulva,0.000,SU_bould,0.000,KE_sieve,0.000,unknown,0.000,KE_sugar
2024_10_08_11-57-04.jpg,2228,4179,GR_ulva,green_algae_ulva,224,1.000,GR_ulva,0.000,MS,0.000,KE_sugar,0.000,RE_leaf,0.000,unknown
2024_10_08_11-57-04.jpg,1714,2761,GR_ulva,green_algae_ulva,224,1.000,GR_ulva,0.000,KE_bull,0.000,RE_fil,0.000,KE_sieve,0.000,KE_stipe
2024_10_08_11-57-04.jpg,1351,2696,RE_branch,red_algae_branching,224,,,,,,,,,,
2024_10_08_11-57-04.jpg,3365,4480,unknown,unknown_area,224,,,,,,,,,,
2024_10_08_11-57-04.jpg,3085,2718,GR_ulva,green_algae_ulva,224,1.000,GR_ulva,0.000,KE_5rib,0.000,KE_bull,0.000,KE_sugar,0.000,RE_leaf
2024_10_08_11-57-13.jpg,757,1552,RE_branch,red_algae_branching,224,1.000,RE_branch,0.000,BR_sarg,0.000,RE_fil,0.000,RE_bush,0.000,RE_leaf
2024_10_08_11-57-13.jpg,2009,426,GR_ulva,green_algae_ulva,224,1.000,GR_ulva,0.000,BR_fucus,0.000,unknown,0.000,BR_sarg,0.000,KE_stipe
2024_10_08_11-57-13.jpg,1801,1332,GR_ulva,green_algae_ulva,224,,,,,,,,,,
2024_10_08_11-57-13.jpg,3082,562,GR_ulva,green_algae_ulva,224,0.998,GR_ulva,0.001,unknown,0.000,MS,0.000,KE_5rib,0.000,BR_fucus
2024_10_08_11-57-13.jpg,2681,2421,GR_ulva,green_algae_ulva,224,1.000,GR_ulva,0.000,KE_bull,0.000,MS,0.000,RE_leaf,0.000,KE_5rib
2024_10_08_11-57-13.jpg,2856,891,GR_ulva,green_algae_ulva,224,,,,,,,,,,
2024_10_08_11-57-13.jpg,1164,2629,RE_leaf,red_algae_flat_leaf,224,1.000,RE_leaf,0.000,RE_branch,0.000,KE_sieve,0.000,MS,0.000,KE_5rib
2024_10_08_11-57-13.jpg,985,1098,GR_ulva,green_algae_ulva,224,1.000,GR_ulva,0.000,SU_cob,0.000,KE_sugar,0.000,RE_leaf,0.000,SI
2024_10_08_11-57-13.jpg,1504,2501,RE_leaf,red_algae_flat_leaf,224,1.000,RE_leaf,0.000,MS,0.000,GR_ulva,0.000,RE_fil,0.000,RE_branch
2024_10_08_11-57-13.jpg,2544,3490,RE_leaf,red_algae_flat_leaf,224,,,,,,,,,,
2024_10_08_11-57-13.jpg,2256,3307,RE_branch,red_algae_branching,224,1.000,RE_branch,0.000,BR_sarg,0.000,RE_leaf,0.000,RE_fil,0.000,RE_bush
2024_10_08_11-57-13.jpg,497,4094,RE_leaf,red_algae_flat_leaf,224,,,,,,,,,,
2024_10_08_11-57-13.jpg,2770,244,GR_ulva,green_algae_ulva,224,1.000,GR_ulva,0.000,KE_5rib,0.000,RE_leaf,0.000,MS,0.000,KE_bull
2024_10_08_11-57-13.jpg,1927,3977,RE_leaf,red_algae_flat_leaf,224,,,,,,,,,,
2024_10_08_11-57-13.jpg,407,1097,SU_peb,pebble,224,,,,,,,,,,
2024_10_08_11-57-13.jpg,3394,4353,GR_ulva,green_algae_ulva,224,0.996,GR_ulva,0.002,unknown,0.000,KE_5rib,0.000,KE_sieve,0.000,MS
2024_10_08_11-57-13.jpg,3630,4116,GR_ulva,green_algae_ulva,224,,,,,,,,,,
2024_10_08_11-57-13.jpg,3266,3426,GR_ulva,green_algae_ulva,224,1.000,GR_ulva,0.000,KE_bull,0.000,MS,0.000,BR_fucus,0.000,KE_stipe
2024_10_08_11-57-13.jpg,3543,1087,GR_ulva,green_algae_ulva,224,0.916,GR_ulva,0.033,KE_sieve,0.024,KE_bull,0.009,KE_stipe,0.005,MS
2024_10_08_11-57-13.jpg,3554,4309,GR_ulva,green_algae_ulva,224,0.976,GR_ulva,0.009,SU_bould,0.007,MS,0.007,KE_stipe,0.001,SI
2024_10_08_11-57-13.jpg,194,1596,RE_leaf,red_algae_flat_leaf,224,,,,,,,,,,
2024_10_08_11-57-13.jpg,452,746,SU_sand,sand_fine_shell,224,,,,,,,,,,
2024_10_08_11-57-13.jpg,898,1337,RE_branch,red_algae_branching,224,,,,,,,,,,
2024_10_08_11-57-13.jpg,1650,134,GR_ulva,green_algae_ulva,224,1.000,GR_ulva,0.000,unknown,0.000,MS,0.000,KE_5rib,0.000,KE_stipe
2024_10_08_11-57-13.jpg,2580,952,GR_ulva,green_algae_ulva,224,0.999,GR_ulva,0.001,MS,0.000,KE_sugar,0.000,RE_leaf,0.000,unknown
2024_10_08_11-57-13.jpg,1776,3571,RE_leaf,red_algae_flat_leaf,224,0.999,RE_leaf,0.001,KE_sugar,0.000,SU_sand,0.000,MS,0.000,RE_bush
2024_10_08_11-57-13.jpg,1221,4002,RE_leaf,red_algae_flat_leaf,224,,,,,,,,,,
2024_10_08_11-57-13.jpg,2219,3918,RE_leaf,red_algae_flat_leaf,224,0.992,RE_leaf,0.004,SU_sand,0.003,KE_sugar,0.001,MS,0.000,RE_CCA
2024_10_08_11-57-13.jpg,3228,2266,GR_ulva,green_algae_ulva,224,1.000,GR_ulva,0.000,KE_bull,0.000,SU_bould,0.000,BR_sarg,0.000,KE_sieve
2024_10_08_11-57-13.jpg,1357,3100,RE_leaf,red_algae_flat_leaf,224,0.999,RE_leaf,0.001,RE_branch,0.000,MS,0.000,RE_fil,0.000,KE_sieve
2024_10_08_11-57-13.jpg,3405,3537,GR_ulva,green_algae_ulva,224,0.999,GR_ulva,0.001,KE_bull,0.000,SU_bould,0.000,KE_sieve,0.000,KE_stipe
2024_10_08_11-57-13.jpg,2286,2384,GR_ulva,green_algae_ulva,224,1.000,GR_ulva,0.000,KE_bull,0.000,BR_sarg,0.000,RE_leaf,0.000,KE_sieve
2024_10_08_11-57-13.jpg,2801,1407,GR_ulva,green_algae_ulva,224,0.998,GR_ulva,0.002,KE_bull,0.000,KE_stipe,0.000,KE_sugar,0.000,MS
2024_10_08_11-57-13.jpg,3447,1459,GR_ulva,green_algae_ulva,224,0.998,GR_ulva,0.002,KE_bull,0.000,KE_sieve,0.000,BR_fucus,0.000,BR_sarg
2024_10_08_11-57-13.jpg,734,3233,RE_leaf,red_algae_flat_leaf,224,0.970,RE_leaf,0.015,KE_sugar,0.007,RE_fil,0.005,RE_bush,0.003,MS
2024_10_08_11-57-13.jpg,3761,2239,GR_ulva,green_algae_ulva,224,1.000,GR_ulva,0.000,KE_5rib,0.000,RE_leaf,0.000,KE_bull,0.000,KE_sieve
2024_10_08_11-57-13.jpg,3322,3772,RE_branch,red_algae_branching,224,1.000,RE_branch,0.000,RE_leaf,0.000,MS,0.000,RE_CCA,0.000,SU_cob
2024_10_08_11-57-13.jpg,2615,3269,RE_branch,red_algae_branching,224,0.985,RE_branch,0.015,RE_leaf,0.000,MS,0.000,RE_fil,0.000,BR_sarg
2024_10_08_11-57-13.jpg,1558,1712,RE_branch,red_algae_branching,224,0.998,RE_branch,0.001,BR_sarg,0.001,RE_fil,0.000,RE_bush,0.000,RE_CCA
2024_10_08_11-57-13.jpg,1868,702,GR_ulva,green_algae_ulva,224,1.000,GR_ulva,0.000,RE_leaf,0.000,KE_bull,0.000,KE_sugar,0.000,unknown
2024_10_08_11-57-13.jpg,2904,4109,GR_ulva,green_algae_ulva,224,0.997,GR_ulva,0.003,KE_sieve,0.000,unknown,0.000,KE_stipe,0.000,RE_fil
2024_10_08_11-57-13.jpg,2302,1994,GR_ulva,green_algae_ulva,224,0.998,GR_ulva,0.002,KE_sieve,0.000,BR_sarg,0.000,KE_stipe,0.000,KE_bull
2024_10_08_11-57-13.jpg,3607,3270,GR_ulva,green_algae_ulva,224,1.000,GR_ulva,0.000,KE_sieve,0.000,KE_5rib,0.000,unknown,0.000,MS
2024_10_08_11-57-13.jpg,1146,2311,RE_leaf,red_algae_flat_leaf,224,1.000,RE_leaf,0.000,KE_5rib,0.000,GR_ulva,0.000,RE_fil,0.000,KE_sieve
2024_10_08_11-57-13.jpg,1129,2948,RE_leaf,red_algae_flat_leaf,224,1.000,RE_leaf,0.000,MS,0.000,SU_peb,0.000,RE_fil,0.000,SI
2024_10_08_11-57-13.jpg,3252,1621,GR_ulva,green_algae_ulva,224,1.000,GR_ulva,0.000,KE_sieve,0.000,KE_stipe,0.000,KE_bull,0.000,unknown
2024_10_08_11-57-13.jpg,1467,1045,GR_ulva,green_algae_ulva,224,1.000,GR_ulva,0.000,MS,0.000,KE_sugar,0.000,RE_leaf,0.000,unknown
2024_10_08_11-57-13.jpg,3515,1667,GR_ulva,green_algae_ulva,224,,,,,,,,,,
2024_10_08_11-57-13.jpg,879,3728,GR_ulva,green_algae_ulva,224,,,,,,,,,,
2024_10_08_11-57-13.jpg,2072,2965,RE_fil,red_algae_filamentous,224,1.000,RE_fil,0.000,RE_leaf,0.000,KE_stipe,0.000,KE_bull,0.000,MS
