Name,Row,Column,Patch Size,Label,Long Label,Verified,Machine confidence 1,Machine suggestion 1,Machine confidence 2,Machine suggestion 2,Machine confidence 3,Machine suggestion 3,Machine confidence 4,Machine suggestion 4,Machine confidence 5,Machine suggestion 5
2024_10_08_11-32-32.jpg,2572,2880,224,SU_silt,silt,TRUE,0.762,GR_ulva,0.179,SU_silt,0.036,SU_peb,0.011,SU_bould,0.006,KE_sugar
2024_10_08_11-32-32.jpg,498,2252,224,GR_ulva,green_algae_ulva,TRUE,1,GR_ulva,0,KE_bull,0,KE_5rib,0,SU_peb,0,KE_stipe
2024_10_08_11-32-32.jpg,1622,1922,224,RE_leaf,red_algae_flat_leaf,TRUE,1,RE_leaf,0,GR_ulva,0,KE_sieve,0,RE_branch,0,MS
2024_10_08_11-32-32.jpg,181,2157,224,RE_leaf,red_algae_flat_leaf,TRUE,0.981,RE_fil,0.014,KE_stipe,0.002,MS,0.002,RE_bush,0.001,KE_5rib
2024_10_08_11-32-32.jpg,680,4102,224,GR_ulva,green_algae_ulva,TRUE,0.978,GR_ulva,0.006,SU_peb,0.005,SU_bould,0.004,SU_cob,0.003,KE_stipe
2024_10_08_11-32-32.jpg,499,3783,224,GR_ulva,green_algae_ulva,TRUE,1,GR_ulva,0,KE_stipe,0,SU_bould,0,unknown,0,SU_peb
2024_10_08_11-32-32.jpg,1614,3275,224,GR_ulva,green_algae_ulva,TRUE,0.993,GR_ulva,0.004,SU_peb,0.002,KE_bull,0.001,MS,0,KE_stipe
2024_10_08_11-32-32.jpg,2221,2524,224,SU_peb,pebble,TRUE,0.965,GR_ulva,0.019,SU_peb,0.009,KE_bull,0.003,SI,0.001,MS
2024_10_08_11-32-32.jpg,984,3094,224,BR_sarg,brown_algae_sargassum,TRUE,1,BR_sarg,0,SU_bould,0,KE_holdfas,0,RE_fil,0,KE_stipe
2024_10_08_11-32-32.jpg,1566,827,224,RE_fil,red_algae_filamentous,TRUE,0.679,RE_fil,0.197,GR_ulva,0.088,KE_stipe,0.018,RE_bush,0.009,MS
2024_10_08_11-32-32.jpg,3897,3029,224,GR_ulva,green_algae_ulva,TRUE,0.884,GR_ulva,0.056,KE_sieve,0.035,SU_silt,0.018,RE_leaf,0.002,KE_5rib
2024_10_08_11-32-32.jpg,2673,2171,224,SU_bould,boulder,TRUE,0.821,GR_ulva,0.089,SU_cob,0.045,MS,0.032,SU_bould,0.005,KE_bull
2024_10_08_11-32-32.jpg,2312,3474,224,GR_ulva,green_algae_ulva,TRUE,1,GR_ulva,0,RE_leaf,0,KE_5rib,0,KE_sugar,0,SI
2024_10_08_11-32-32.jpg,2037,3099,224,SU_peb,pebble,TRUE,0.999,GR_ulva,0,KE_stipe,0,MS,0,KE_bull,0,SU_bould
2024_10_08_11-32-32.jpg,1024,2763,224,BR_sarg,brown_algae_sargassum,TRUE,0.639,BR_sarg,0.161,KE_holdfas,0.131,KE_stipe,0.049,SU_bould,0.006,RE_CCA
2024_10_08_11-32-32.jpg,3190,2226,224,SU_peb,pebble,TRUE,0.847,SU_peb,0.068,SU_sand,0.06,SU_silt,0.021,SU_cob,0.002,BR_fucus
2024_10_08_11-32-32.jpg,3370,3855,224,GR_ulva,green_algae_ulva,TRUE,0.983,GR_ulva,0.014,unknown,0.002,KE_5rib,0,RE_fil,0,KE_sieve
2024_10_08_11-32-32.jpg,3507,2370,224,SU_peb,pebble,TRUE,1,GR_ulva,0,SU_peb,0,KE_bull,0,SU_shell,0,KE_stipe
2024_10_08_11-32-32.jpg,2288,3742,224,GR_ulva,green_algae_ulva,TRUE,1,GR_ulva,0,KE_5rib,0,unknown,0,KE_sieve,0,MS
2024_10_08_11-32-32.jpg,3106,688,224,GR_ulva,green_algae_ulva,TRUE,1,GR_ulva,0,unknown,0,MS,0,RE_leaf,0,KE_sieve
2024_10_08_11-32-32.jpg,1698,3951,224,GR_ulva,green_algae_ulva,TRUE,1,GR_ulva,0,KE_stipe,0,KE_sieve,0,SU_bould,0,KE_bull
2024_10_08_11-32-32.jpg,1915,3373,224,GR_ulva,green_algae_ulva,TRUE,0.999,GR_ulva,0.001,SU_peb,0,KE_bull,0,BR_sarg,0,SU_bould
2024_10_08_11-32-32.jpg,642,3031,224,BR_sarg,brown_algae_sargassum,TRUE,0.989,BR_sarg,0.01,SU_bould,0.001,KE_stipe,0,RE_CCA,0,KE_sugar
2024_10_08_11-32-32.jpg,302,2829,224,RE_bush,red_algae_bushy,TRUE,0.426,RE_bush,0.277,BR_fucus,0.163,SU_peb,0.052,KE_stipe,0.032,GR_ulva
2024_10_08_11-32-32.jpg,2242,467,224,GR_ulva,green_algae_ulva,TRUE,1,GR_ulva,0,KE_5rib,0,MS,0,RE_leaf,0,KE_bull
2024_10_08_11-32-32.jpg,2569,1968,224,GR_ulva,green_algae_ulva,TRUE,0.542,GR_ulva,0.2,RE_bush,0.141,BR_sarg,0.049,KE_stipe,0.044,RE_fil
2024_10_08_11-32-32.jpg,3264,3593,224,GR_ulva,green_algae_ulva,TRUE,0.995,GR_ulva,0.005,SU_bould,0,KE_sieve,0,KE_stipe,0,KE_bull
2024_10_08_11-32-32.jpg,304,1416,224,BR_filam,brown_algae_filamentous,TRUE,0.336,KE_sugar,0.327,SU_cob,0.181,SU_peb,0.137,MS,0.011,KE_5rib
2024_10_08_11-32-32.jpg,3787,3181,224,GR_ulva,green_algae_ulva,TRUE,0.998,GR_ulva,0.002,KE_sieve,0,RE_fil,0,SU_bould,0,unknown
2024_10_08_11-32-32.jpg,1203,726,224,GR_ulva,green_algae_ulva,TRUE,0.97,GR_ulva,0.012,SU_cob,0.01,SU_peb,0.002,MS,0.002,SU_bould
2024_10_08_11-32-32.jpg,3884,257,224,SU_cob,cobble,TRUE,0.393,KE_stipe,0.285,SU_silt,0.225,SU_bould,0.077,SU_cob,0.007,RE_bush
2024_10_08_11-32-32.jpg,2849,3902,224,GR_ulva,green_algae_ulva,TRUE,1,GR_ulva,0,KE_sieve,0,KE_stipe,0,unknown,0,KE_5rib
2024_10_08_11-32-32.jpg,2915,2781,224,GR_ulva,green_algae_ulva,TRUE,0.999,GR_ulva,0.001,SU_bould,0,KE_stipe,0,KE_sieve,0,KE_bull
2024_10_08_11-32-32.jpg,712,1065,224,SU_peb,pebble,TRUE,1,SU_peb,0,GR_ulva,0,SU_cob,0,KE_stipe,0,KE_bull
2024_10_08_11-32-32.jpg,1448,4199,224,RE_fil,red_algae_filamentous,TRUE,0.97,GR_ulva,0.016,RE_fil,0.007,KE_5rib,0.002,KE_sieve,0.002,KE_stipe
2024_10_08_11-32-32.jpg,1784,807,224,GR_ulva,green_algae_ulva,TRUE,1,GR_ulva,0,KE_5rib,0,RE_leaf,0,KE_bull,0,SI
2024_10_08_11-32-32.jpg,1536,1528,224,RE_leaf,red_algae_flat_leaf,TRUE,0.998,RE_leaf,0.002,RE_branch,0,RE_fil,0,BR_sarg,0,KE_5rib
2024_10_08_11-32-32.jpg,1183,2479,224,BR_filam,brown_algae_filamentous,TRUE,0.667,RE_CCA,0.293,KE_stipe,0.023,BR_sarg,0.012,MS,0.002,SU_bould
2024_10_08_11-32-32.jpg,826,149,224,SU_silt,silt,TRUE,1,SU_silt,0,SU_shell,0,MS,0,SU_sand,0,RE_bush
2024_10_08_11-32-32.jpg,3056,268,224,GR_ulva,green_algae_ulva,TRUE,0.999,GR_ulva,0.001,unknown,0,RE_leaf,0,KE_5rib,0,KE_stipe
2024_10_08_11-32-32.jpg,1232,2821,224,BR_filam,brown_algae_filamentous,TRUE,0.969,RE_fil,0.014,RE_CCA,0.009,BR_sarg,0.006,SU_bould,0.002,RE_branch
2024_10_08_11-32-32.jpg,416,968,224,BR_filam,brown_algae_filamentous,TRUE,0.386,SU_cob,0.299,SU_silt,0.122,KE_5rib,0.084,KE_sugar,0.052,SU_peb
2024_10_08_11-32-32.jpg,1702,1700,224,RE_leaf,red_algae_flat_leaf,TRUE,1,RE_leaf,0,RE_branch,0,MS,0,KE_5rib,0,RE_fil
2024_10_08_11-32-32.jpg,1420,1997,224,RE_leaf,red_algae_flat_leaf,TRUE,1,RE_leaf,0,KE_5rib,0,GR_ulva,0,KE_sugar,0,KE_bull
2024_10_08_11-32-32.jpg,523,4303,224,SU_silt,silt,TRUE,1,SU_silt,0,MS,0,SU_shell,0,SU_cob,0,SU_peb
2024_10_08_11-32-32.jpg,2113,2974,224,GR_ulva,green_algae_ulva,TRUE,0.994,GR_ulva,0.002,SU_peb,0.001,SU_bould,0.001,SU_cob,0,SU_silt
2024_10_08_11-32-32.jpg,3036,2611,224,GR_ulva,green_algae_ulva,TRUE,0.987,GR_ulva,0.008,SU_peb,0.003,MS,0.001,KE_bull,0.001,KE_stipe
2024_10_08_11-32-32.jpg,3347,4144,224,GR_ulva,green_algae_ulva,TRUE,0.638,GR_ulva,0.349,unknown,0.012,KE_sieve,0,RE_fil,0,KE_stipe
2024_10_08_11-32-32.jpg,3828,2141,224,SU_silt,silt,TRUE,0.851,SU_peb,0.052,SU_silt,0.046,SU_cob,0.011,SU_shell,0.01,KE_stipe
2024_10_08_11-32-32.jpg,918,1870,224,SU_peb,pebble,TRUE,0.511,SU_peb,0.321,SU_cob,0.14,SU_sand,0.01,SU_shell,0.008,MS
2024_10_08_11-32-41.jpg,411,1248,224,KE_sugar,kelp_sugar,TRUE,0.696,SU_silt,0.142,MS,0.06,SU_cob,0.057,KE_sugar,0.035,GR_ulva
2024_10_08_11-32-41.jpg,2742,3661,224,GR_ulva,green_algae_ulva,TRUE,0.985,GR_ulva,0.012,SU_peb,0.001,KE_stipe,0.001,SU_bould,0,SU_cob
2024_10_08_11-32-41.jpg,688,2413,224,GR_ulva,green_algae_ulva,TRUE,1,GR_ulva,0,KE_bull,0,KE_sieve,0,KE_stipe,0,BR_sarg
2024_10_08_11-32-41.jpg,362,2753,224,BR_sarg,brown_algae_sargassum,TRUE,0.698,BR_sarg,0.255,BR_fucus,0.031,KE_holdfas,0.014,KE_stipe,0.001,RE_bush
2024_10_08_11-32-41.jpg,2782,645,224,GR_ulva,green_algae_ulva,TRUE,0.986,GR_ulva,0.013,BR_sarg,0,KE_5rib,0,unknown,0,BR_fucus
2024_10_08_11-32-41.jpg,462,3154,224,BR_sarg,brown_algae_sargassum,TRUE,0.993,BR_sarg,0.007,SU_bould,0,SU_cob,0,RE_CCA,0,RE_fil
2024_10_08_11-32-41.jpg,2745,1915,224,GR_ulva,green_algae_ulva,TRUE,1,GR_ulva,0,SU_peb,0,KE_stipe,0,SU_cob,0,BR_sarg
2024_10_08_11-32-41.jpg,3235,2888,224,SU_peb,pebble,TRUE,0.645,SU_peb,0.297,SU_shell,0.023,KE_stipe,0.013,SU_cob,0.011,GR_ulva
2024_10_08_11-32-41.jpg,1988,420,224,RE_fil,red_algae_filamentous,TRUE,0.996,KE_5rib,0.002,KE_stipe,0.001,RE_bush,0.001,MS,0,RE_fil
2024_10_08_11-32-41.jpg,896,2982,224,BR_sarg,brown_algae_sargassum,TRUE,0.863,BR_sarg,0.061,RE_CCA,0.043,MS,0.019,KE_stipe,0.006,RE_fil
2024_10_08_11-32-41.jpg,2346,2698,224,BR_filam,brown_algae_filamentous,TRUE,0.953,KE_stipe,0.021,BR_fucus,0.01,SU_shell,0.008,SI,0.003,RE_bush
2024_10_08_11-32-41.jpg,1470,220,224,GR_ulva,green_algae_ulva,TRUE,0.446,SU_peb,0.367,GR_ulva,0.107,SU_cob,0.078,SU_silt,0.002,SU_bould
2024_10_08_11-32-41.jpg,2630,2654,224,BR_sarg,brown_algae_sargassum,TRUE,0.513,KE_stipe,0.452,RE_fil,0.014,RE_CCA,0.007,SU_bould,0.004,BR_fucus
2024_10_08_11-32-41.jpg,970,3379,224,BR_sarg,brown_algae_sargassum,TRUE,0.82,MS,0.145,KE_stipe,0.024,RE_fil,0.005,RE_leaf,0.004,KE_sieve
2024_10_08_11-32-41.jpg,1600,2670,224,SU_peb,pebble,TRUE,0.835,BR_fucus,0.137,GR_ulva,0.008,RE_bush,0.005,SU_bould,0.004,SU_cob
2024_10_08_11-32-41.jpg,317,3558,224,SU_silt,silt,TRUE,0.632,MS,0.328,SU_silt,0.033,SU_shell,0.007,SU_peb,0,SU_bould
2024_10_08_11-32-41.jpg,1428,803,224,RE_fil,red_algae_filamentous,TRUE,1,RE_fil,0,RE_bush,0,RE_leaf,0,RE_branch,0,RE_CCA
2024_10_08_11-32-41.jpg,3694,2297,224,SU_peb,pebble,TRUE,0.98,GR_ulva,0.015,KE_stipe,0.002,BR_fucus,0.001,SU_cob,0.001,SU_peb
2024_10_08_11-32-41.jpg,764,3778,224,SU_peb,pebble,TRUE,0.689,GR_ulva,0.132,SU_peb,0.109,SU_bould,0.049,KE_stipe,0.021,SU_cob
2024_10_08_11-32-41.jpg,3066,4380,224,GR_ulva,green_algae_ulva,TRUE,0.982,GR_ulva,0.016,unknown,0.002,KE_sieve,0,SU_silt,0,RE_leaf
2024_10_08_11-32-41.jpg,2911,2321,224,GR_ulva,green_algae_ulva,TRUE,1,GR_ulva,0,KE_bull,0,SU_peb,0,KE_stipe,0,BR_fucus
2024_10_08_11-32-41.jpg,274,2119,224,GR_ulva,green_algae_ulva,TRUE,1,GR_ulva,0,KE_5rib,0,KE_sieve,0,unknown,0,BR_sarg
2024_10_08_11-32-41.jpg,851,320,224,SU_peb,pebble,TRUE,0.828,SU_peb,0.107,GR_ulva,0.045,SU_silt,0.008,BR_fucus,0.006,SU_cob
2024_10_08_11-32-41.jpg,556,904,224,KE_sugar,kelp_sugar,TRUE,0.838,KE_sugar,0.155,GR_ulva,0.004,MS,0.002,SU_cob,0.001,SU_peb
2024_10_08_11-32-41.jpg,1350,1740,224,RE_leaf,red_algae_flat_leaf,TRUE,1,RE_leaf,0,MS,0,RE_fil,0,SU_peb,0,KE_5rib
2024_10_08_11-32-41.jpg,1741,124,224,SU_peb,pebble,TRUE,1,SU_peb,0,SU_sand,0,SU_cob,0,SU_shell,0,MS
2024_10_08_11-32-41.jpg,1195,4419,224,GR_ulva,green_algae_ulva,TRUE,0.979,GR_ulva,0.021,unknown,0.001,KE_5rib,0,SU_bould,0,KE_stipe
2024_10_08_11-32-41.jpg,1857,1551,224,RE_leaf,red_algae_flat_leaf,TRUE,1,RE_leaf,0,KE_sieve,0,RE_fil,0,GR_ulva,0,RE_branch
2024_10_08_11-32-41.jpg,744,2153,224,BR_filam,brown_algae_filamentous,TRUE,0.809,SU_bould,0.177,SU_cob,0.006,GR_ulva,0.003,RE_fil,0.001,BR_sarg
2024_10_08_11-32-41.jpg,1794,1140,224,RE_fil,red_algae_filamentous,TRUE,1,RE_fil,0,RE_leaf,0,BR_sarg,0,RE_CCA,0,KE_sugar
2024_10_08_11-32-41.jpg,2386,3476,224,SU_peb,pebble,TRUE,0.993,GR_ulva,0.007,SU_peb,0,SU_bould,0,KE_stipe,0,KE_bull
2024_10_08_11-32-41.jpg,3670,416,224,GR_ulva,green_algae_ulva,TRUE,1,GR_ulva,0,RE_leaf,0,unknown,0,MS,0,SI_kelpBry
2024_10_08_11-32-41.jpg,643,2950,224,BR_sarg,brown_algae_sargassum,TRUE,0.589,RE_fil,0.394,BR_sarg,0.015,SU_cob,0.001,KE_stipe,0,KE_holdfas
2024_10_08_11-32-41.jpg,2546,2880,224,SU_peb,pebble,TRUE,0.381,SU_peb,0.314,SU_shell,0.127,SU_cob,0.071,KE_holdfas,0.037,KE_stipe
2024_10_08_11-32-41.jpg,201,3566,224,SU_silt,silt,TRUE,0.34,SU_peb,0.322,SU_bould,0.188,SU_silt,0.119,SU_sand,0.024,MS
2024_10_08_11-32-41.jpg,2866,2107,224,GR_ulva,green_algae_ulva,TRUE,1,GR_ulva,0,BR_sarg,0,KE_bull,0,RE_leaf,0,RE_branch
2024_10_08_11-32-41.jpg,917,943,224,RE_branch,red_algae_branching,TRUE,1,RE_branch,0,RE_leaf,0,BR_sarg,0,MS,0,RE_bush
2024_10_08_11-32-41.jpg,3905,1683,224,GR_ulva,green_algae_ulva,TRUE,1,GR_ulva,0,BR_sarg,0,KE_stipe,0,SU_peb,0,BR_fucus
2024_10_08_11-32-41.jpg,937,552,224,GR_ulva,green_algae_ulva,TRUE,0.991,SU_peb,0.006,GR_ulva,0.002,SU_cob,0,KE_stipe,0,MS
2024_10_08_11-32-41.jpg,2242,3296,224,SU_peb,pebble,TRUE,0.805,GR_ulva,0.194,SU_peb,0.001,SU_shell,0,KE_stipe,0,KE_bull
2024_10_08_11-32-41.jpg,2121,973,224,GR_ulva,green_algae_ulva,TRUE,1,GR_ulva,0,RE_leaf,0,KE_sieve,0,BR_sarg,0,MS
2024_10_08_11-32-41.jpg,1595,2527,224,SU_peb,pebble,TRUE,0.949,SU_peb,0.018,SU_bould,0.016,GR_ulva,0.011,SU_cob,0.002,BR_sarg
2024_10_08_11-32-41.jpg,3165,1361,224,GR_ulva,green_algae_ulva,TRUE,1,GR_ulva,0,RE_leaf,0,KE_5rib,0,BR_sarg,0,BR_fucus
2024_10_08_11-32-41.jpg,1178,1434,224,RE_fil,red_algae_filamentous,TRUE,1,RE_fil,0,RE_bush,0,RE_branch,0,RE_leaf,0,BR_sarg
2024_10_08_11-32-41.jpg,730,696,224,SU_cob,cobble,TRUE,0.798,GR_ulva,0.079,KE_stipe,0.062,SU_bould,0.032,SU_peb,0.027,SU_cob
2024_10_08_11-32-41.jpg,3850,907,224,GR_ulva,green_algae_ulva,TRUE,1,GR_ulva,0,BR_fucus,0,unknown,0,KE_sieve,0,BR_sarg
2024_10_08_11-32-41.jpg,733,1558,224,SU_peb,pebble,TRUE,0.844,SU_sand,0.144,SU_peb,0.01,MS,0.001,KE_stipe,0,GR_ulva
2024_10_08_11-32-41.jpg,3432,1091,224,GR_ulva,green_algae_ulva,TRUE,1,GR_ulva,0,RE_leaf,0,unknown,0,MS,0,BR_sarg
2024_10_08_11-32-41.jpg,1659,707,224,RE_fil,red_algae_filamentous,TRUE,1,RE_fil,0,MS,0,RE_bush,0,KE_stipe,0,RE_leaf
2024_10_08_11-32-41.jpg,3396,3464,224,GR_ulva,green_algae_ulva,TRUE,1,GR_ulva,0,SU_peb,0,SU_bould,0,SU_cob,0,KE_stipe
2024_10_08_11-32-50.jpg,2349,1453,224,RE_fil,red_algae_filamentous,TRUE,0.896,RE_fil,0.1,SU_bould,0.002,RE_leaf,0,RE_branch,0,RE_CCA
2024_10_08_11-32-50.jpg,1595,2347,224,RE_leaf,red_algae_flat_leaf,TRUE,0.997,RE_leaf,0.002,SU_peb,0,KE_5rib,0,KE_sugar,0,RE_fil
2024_10_08_11-32-50.jpg,3274,3519,224,SU_peb,pebble,TRUE,0.775,SU_shell,0.219,SU_peb,0.005,SU_sand,0,SU_cob,0,MS
2024_10_08_11-32-50.jpg,1832,2672,224,BR_filam,brown_algae_filamentous,TRUE,0.445,MS,0.18,KE_stipe,0.098,GR_ulva,0.091,BR_sarg,0.047,SI_kelpBry
2024_10_08_11-32-50.jpg,2524,1350,224,RE_fil,red_algae_filamentous,TRUE,1,RE_fil,0,RE_leaf,0,RE_bush,0,RE_CCA,0,KE_sugar
2024_10_08_11-32-50.jpg,2509,3134,224,BR_filam,brown_algae_filamentous,TRUE,1,KE_stipe,0,RE_bush,0,RE_fil,0,MS,0,BR_fucus
2024_10_08_11-32-50.jpg,2980,550,224,GR_ulva,green_algae_ulva,TRUE,0.987,GR_ulva,0.013,SU_peb,0,SU_cob,0,MS,0,SU_shell
2024_10_08_11-32-50.jpg,208,3586,224,SU_bould,boulder,TRUE,0.957,KE_stipe,0.031,MS,0.011,SU_cob,0,SU_bould,0,GR_ulva
2024_10_08_11-32-50.jpg,778,3761,224,SU_peb,pebble,TRUE,0.991,GR_ulva,0.005,KE_stipe,0.002,SU_cob,0.001,SU_peb,0,SU_bould
2024_10_08_11-32-50.jpg,3133,3399,224,SU_peb,pebble,TRUE,0.642,SU_peb,0.247,GR_ulva,0.111,SU_cob,0,SU_bould,0,KE_stipe
2024_10_08_11-32-50.jpg,2465,1795,224,RE_leaf,red_algae_flat_leaf,TRUE,0.985,RE_leaf,0.014,RE_fil,0,RE_branch,0,BR_sarg,0,SU_peb
2024_10_08_11-32-50.jpg,1477,2221,224,SU_cob,cobble,TRUE,0.528,GR_ulva,0.279,KE_stipe,0.125,KE_bull,0.037,SU_peb,0.009,SU_bould
2024_10_08_11-32-50.jpg,2491,598,224,GR_ulva,green_algae_ulva,TRUE,1,GR_ulva,0,SU_peb,0,SU_cob,0,BR_sarg,0,RE_leaf
2024_10_08_11-32-50.jpg,1673,942,224,GR_ulva,green_algae_ulva,TRUE,1,GR_ulva,0,BR_sarg,0,SU_bould,0,RE_branch,0,KE_stipe
2024_10_08_11-32-50.jpg,2963,3178,224,SU_bould,boulder,TRUE,0.415,SU_bould,0.395,GR_ulva,0.16,SU_cob,0.011,SU_silt,0.006,MS
2024_10_08_11-32-50.jpg,3272,2263,224,GR_ulva,green_algae_ulva,TRUE,1,GR_ulva,0,RE_leaf,0,KE_stipe,0,KE_sugar,0,SI
2024_10_08_11-32-50.jpg,1791,4180,224,GR_ulva,green_algae_ulva,TRUE,1,GR_ulva,0,MS,0,KE_5rib,0,KE_stipe,0,BR_sarg
2024_10_08_11-32-50.jpg,1654,1927,224,SU_cob,cobble,TRUE,0.701,KE_holdfas,0.124,RE_fil,0.071,SU_bould,0.041,RE_CCA,0.023,SI
2024_10_08_11-32-50.jpg,3435,178,224,SU_sand,sand_fine_shell,TRUE,0.675,SU_cob,0.294,SU_sand,0.024,SU_shell,0.003,KE_sieve,0.002,SU_peb
2024_10_08_11-32-50.jpg,1192,3084,224,BR_sarg,brown_algae_sargassum,TRUE,1,BR_sarg,0,RE_bush,0,RE_branch,0,RE_CCA,0,KE_holdfas
2024_10_08_11-32-50.jpg,2015,2085,224,RE_leaf,red_algae_flat_leaf,TRUE,1,RE_leaf,0,SU_peb,0,MS,0,SI,0,KE_bull
2024_10_08_11-32-50.jpg,2359,960,224,GR_ulva,green_algae_ulva,TRUE,0.972,MS,0.016,SU_cob,0.01,GR_ulva,0.001,SU_peb,0,KE_stipe
2024_10_08_11-32-50.jpg,180,3337,224,SU_bould,boulder,TRUE,0.893,SU_bould,0.036,SU_cob,0.017,MS,0.016,SU_sand,0.01,GR_ulva
2024_10_08_11-32-50.jpg,1056,2134,224,GR_ulva,green_algae_ulva,TRUE,1,GR_ulva,0,BR_sarg,0,KE_sieve,0,RE_leaf,0,RE_fil
2024_10_08_11-32-50.jpg,3756,3828,224,SU_peb,pebble,TRUE,0.94,SU_peb,0.028,GR_ulva,0.015,SU_shell,0.007,SU_silt,0.003,MS
2024_10_08_11-32-50.jpg,2710,3857,224,GR_ulva,green_algae_ulva,TRUE,0.968,KE_stipe,0.023,GR_ulva,0.004,BR_sarg,0.004,SU_bould,0.001,MS
2024_10_08_11-32-50.jpg,2023,4314,224,GR_ulva,green_algae_ulva,TRUE,0.996,GR_ulva,0.002,KE_5rib,0.001,KE_stipe,0.001,KE_sieve,0,unknown
2024_10_08_11-32-50.jpg,2257,3459,224,BR_sarg,brown_algae_sargassum,TRUE,0.912,BR_sarg,0.042,KE_stipe,0.023,MS,0.017,RE_fil,0.002,RE_bush
2024_10_08_11-32-50.jpg,543,4477,224,SU_silt,silt,TRUE,0.407,GR_ulva,0.284,MS,0.253,RE_bush,0.027,SU_silt,0.02,SU_peb
2024_10_08_11-32-50.jpg,2960,1761,224,GR_ulva,green_algae_ulva,TRUE,1,GR_ulva,0,KE_bull,0,RE_leaf,0,MS,0,KE_stipe
2024_10_08_11-32-50.jpg,684,1985,224,GR_ulva,green_algae_ulva,TRUE,0.93,GR_ulva,0.028,KE_bull,0.027,MS,0.012,KE_stipe,0.002,SU_peb
2024_10_08_11-32-50.jpg,1450,3038,224,BR_filam,brown_algae_filamentous,TRUE,0.989,BR_sarg,0.009,RE_branch,0.001,SU_bould,0.001,RE_fil,0,KE_sieve
2024_10_08_11-32-50.jpg,856,619,224,SU_silt,silt,TRUE,0.622,SU_silt,0.34,SU_peb,0.014,SU_sand,0.013,SU_shell,0.01,MS
2024_10_08_11-32-50.jpg,1489,2629,224,GR_ulva,green_algae_ulva,TRUE,0.933,BR_sarg,0.032,GR_ulva,0.029,RE_fil,0.003,KE_stipe,0.002,RE_branch
2024_10_08_11-32-50.jpg,201,1705,224,SU_cob,cobble,TRUE,1,SU_cob,0,KE_stipe,0,SU_bould,0,SU_peb,0,RE_fil
2024_10_08_11-32-50.jpg,912,1052,224,SU_silt,silt,TRUE,0.983,SU_silt,0.009,SU_sand,0.006,SU_shell,0.002,SU_peb,0,MS
2024_10_08_11-32-50.jpg,3465,3776,224,SU_peb,pebble,TRUE,0.997,GR_ulva,0.003,KE_stipe,0,SU_cob,0,SU_peb,0,MS
2024_10_08_11-32-50.jpg,3397,536,224,BR_filam,brown_algae_filamentous,TRUE,1,KE_5rib,0,SU_cob,0,SU_bould,0,KE_sieve,0,KE_stipe
2024_10_08_11-32-50.jpg,2986,988,224,SU_peb,pebble,TRUE,0.5,SU_sand,0.218,SU_shell,0.177,SU_peb,0.08,MS,0.022,SU_cob
2024_10_08_11-32-50.jpg,2234,1628,224,RE_fil,red_algae_filamentous,TRUE,0.951,RE_fil,0.043,RE_leaf,0.004,RE_branch,0.002,RE_CCA,0,BR_sarg
2024_10_08_11-32-50.jpg,3134,3908,224,BR_sarg,brown_algae_sargassum,TRUE,0.7,MS,0.133,SU_bould,0.076,BR_sarg,0.046,KE_stipe,0.027,RE_fil
2024_10_08_11-32-50.jpg,3590,1523,224,GR_ulva,green_algae_ulva,TRUE,1,GR_ulva,0,unknown,0,KE_5rib,0,MS,0,SU_bould
2024_10_08_11-32-50.jpg,1144,589,224,SU_peb,pebble,TRUE,0.823,SU_sand,0.164,SU_peb,0.008,SU_cob,0.002,SU_bould,0.002,SU_silt
2024_10_08_11-32-50.jpg,2031,230,224,GR_ulva,green_algae_ulva,TRUE,1,GR_ulva,0,KE_5rib,0,KE_stipe,0,KE_sieve,0,KE_bull
2024_10_08_11-32-50.jpg,2539,145,224,SU_peb,pebble,TRUE,0.868,SU_sand,0.105,SU_peb,0.024,MS,0.002,GR_ulva,0.001,SU_shell
2024_10_08_11-32-50.jpg,2789,3155,224,SU_bould,boulder,TRUE,0.865,KE_stipe,0.062,SU_peb,0.053,BR_sarg,0.008,RE_bush,0.004,GR_ulva
2024_10_08_11-32-50.jpg,2357,4339,224,GR_ulva,green_algae_ulva,TRUE,0.999,GR_ulva,0.001,unknown,0,KE_sieve,0,KE_5rib,0,KE_stipe
2024_10_08_11-32-50.jpg,1735,633,224,KE_sugar,kelp_sugar,TRUE,0.997,SU_cob,0.001,SU_peb,0.001,SU_silt,0.001,SU_bould,0,BR_fucus
2024_10_08_11-32-50.jpg,2610,798,224,GR_ulva,green_algae_ulva,TRUE,0.905,GR_ulva,0.089,SU_peb,0.005,SU_cob,0.001,MS,0,SU_bould
2024_10_08_11-32-50.jpg,1509,3896,224,GR_ulva,green_algae_ulva,TRUE,1,GR_ulva,0,SU_bould,0,unknown,0,KE_stipe,0,MS
2024_10_08_11-32-59.jpg,3302,3663,224,SU_silt,silt,TRUE,0.996,GR_ulva,0.002,SU_silt,0.002,MS,0,SU_peb,0,SU_shell
2024_10_08_11-32-59.jpg,2978,3948,224,GR_ulva,green_algae_ulva,TRUE,1,GR_ulva,0,SU_peb,0,KE_bull,0,KE_stipe,0,MS
2024_10_08_11-32-59.jpg,2387,4324,224,GR_ulva,green_algae_ulva,TRUE,0.945,GR_ulva,0.04,RE_leaf,0.008,KE_stipe,0.003,MS,0.003,KE_5rib
2024_10_08_11-32-59.jpg,2818,1084,224,RE_leaf,red_algae_flat_leaf,TRUE,0.661,RE_leaf,0.145,SU_peb,0.121,RE_fil,0.031,KE_stipe,0.026,RE_branch
2024_10_08_11-32-59.jpg,2485,2694,224,BR_sarg,brown_algae_sargassum,TRUE,0.79,MS,0.106,SU_bould,0.056,BR_sarg,0.03,SU_cob,0.009,RE_CCA
2024_10_08_11-32-59.jpg,1142,316,224,SU_peb,pebble,TRUE,0.879,SU_peb,0.113,SU_sand,0.007,SU_silt,0,SU_shell,0,RE_bush
2024_10_08_11-32-59.jpg,3383,2996,224,GR_ulva,green_algae_ulva,TRUE,0.994,GR_ulva,0.003,KE_stipe,0.001,SU_peb,0,BR_fucus,0,KE_bull
2024_10_08_11-32-59.jpg,3177,4064,224,GR_ulva,green_algae_ulva,TRUE,0.996,GR_ulva,0.003,KE_sieve,0,KE_stipe,0,unknown,0,KE_5rib
2024_10_08_11-32-59.jpg,1226,2559,224,GR_ulva,green_algae_ulva,TRUE,1,GR_ulva,0,SI,0,KE_bull,0,KE_5rib,0,RE_leaf
2024_10_08_11-32-59.jpg,1368,801,224,SU_peb,pebble,TRUE,0.548,SU_peb,0.448,GR_ulva,0.002,SU_silt,0.001,MS,0.001,SU_shell
2024_10_08_11-32-59.jpg,823,4425,224,GR_ulva,green_algae_ulva,TRUE,0.997,GR_ulva,0.002,KE_sieve,0.001,unknown,0,KE_5rib,0,KE_stipe
2024_10_08_11-32-59.jpg,2330,455,224,SU_bould,boulder,TRUE,0.774,SU_sand,0.136,SU_cob,0.05,MS,0.024,SU_peb,0.007,SU_silt
2024_10_08_11-32-59.jpg,2598,1473,224,RE_leaf,red_algae_flat_leaf,TRUE,0.981,RE_leaf,0.016,RE_fil,0.002,MS,0,RE_branch,0,KE_sieve
2024_10_08_11-32-59.jpg,485,1137,224,SU_cob,cobble,TRUE,0.882,SU_peb,0.09,SU_cob,0.023,KE_stipe,0.003,SU_bould,0.002,MS
2024_10_08_11-32-59.jpg,2556,1668,224,SU_silt,silt,TRUE,0.978,SU_peb,0.006,SU_bould,0.005,SU_cob,0.004,SU_shell,0.004,MS
2024_10_08_11-32-59.jpg,439,3734,224,SU_cob,cobble,TRUE,0.956,SU_cob,0.039,SU_bould,0.002,GR_ulva,0.002,MS,0.001,KE_stipe
2024_10_08_11-32-59.jpg,1489,2720,224,GR_ulva,green_algae_ulva,TRUE,1,GR_ulva,0,SU_bould,0,BR_sarg,0,unknown,0,KE_bull
2024_10_08_11-32-59.jpg,871,3132,224,SU_silt,silt,TRUE,0.713,GR_ulva,0.286,SU_silt,0.001,MS,0,SU_shell,0,KE_sugar
2024_10_08_11-32-59.jpg,260,3839,224,GR_ulva,green_algae_ulva,TRUE,1,GR_ulva,0,KE_stipe,0,SU_bould,0,MS,0,KE_sugar
2024_10_08_11-32-59.jpg,2513,3242,224,SU_silt,silt,TRUE,0.994,SU_silt,0.006,SU_shell,0,SU_sand,0,RE_CCA,0,MS
2024_10_08_11-32-59.jpg,1904,557,224,SU_peb,pebble,TRUE,0.831,SU_cob,0.104,SU_peb,0.036,SU_silt,0.014,SU_bould,0.011,SU_sand
2024_10_08_11-32-59.jpg,3850,805,224,KE_sugar,kelp_sugar,TRUE,0.936,SU_cob,0.049,SU_silt,0.006,KE_stipe,0.005,SU_peb,0.001,KE_sugar
2024_10_08_11-32-59.jpg,3194,1604,224,GR_ulva,green_algae_ulva,TRUE,1,GR_ulva,0,KE_stipe,0,BR_sarg,0,MS,0,SU_cob
2024_10_08_11-32-59.jpg,1543,4234,224,GR_ulva,green_algae_ulva,TRUE,1,GR_ulva,0,SU_bould,0,SU_cob,0,SU_peb,0,KE_stipe
2024_10_08_11-32-59.jpg,881,4295,224,GR_ulva,green_algae_ulva,TRUE,0.982,GR_ulva,0.015,unknown,0.002,KE_sieve,0,KE_5rib,0,SU_silt
2024_10_08_11-32-59.jpg,3908,3459,224,GR_ulva,green_algae_ulva,TRUE,1,GR_ulva,0,unknown,0,KE_stipe,0,SU_bould,0,MS
2024_10_08_11-32-59.jpg,2472,2328,224,BR_filam,brown_algae_filamentous,TRUE,0.892,SU_bould,0.103,BR_sarg,0.001,RE_CCA,0.001,KE_stipe,0.001,MS
2024_10_08_11-32-59.jpg,2428,577,224,SU_cob,cobble,TRUE,0.978,SU_cob,0.011,SU_bould,0.009,SU_sand,0.002,SU_peb,0,MS
2024_10_08_11-32-59.jpg,3440,1183,224,SU_cob,cobble,TRUE,0.885,SU_cob,0.051,SU_bould,0.051,RE_CCA,0.013,SU_sand,0.001,MS
2024_10_08_11-32-59.jpg,596,3560,224,SU_silt,silt,TRUE,0.982,SU_silt,0.018,SU_peb,0,MS,0,SU_cob,0,GR_ulva
2024_10_08_11-32-59.jpg,531,423,224,SU_peb,pebble,TRUE,0.989,SU_peb,0.011,SU_cob,0.001,SU_sand,0,KE_sieve,0,SU_shell
2024_10_08_11-32-59.jpg,2522,2449,224,BR_sarg,brown_algae_sargassum,TRUE,1,BR_sarg,0,SU_bould,0,RE_leaf,0,RE_bush,0,RE_fil
2024_10_08_11-32-59.jpg,2727,3012,224,GR_ulva,green_algae_ulva,TRUE,1,GR_ulva,0,SU_cob,0,KE_stipe,0,KE_bull,0,SU_peb
2024_10_08_11-32-59.jpg,2017,940,224,GR_ulva,green_algae_ulva,TRUE,0.786,GR_ulva,0.213,SU_bould,0,SU_cob,0,KE_stipe,0,KE_sugar
2024_10_08_11-32-59.jpg,854,3792,224,GR_ulva,green_algae_ulva,TRUE,0.935,GR_ulva,0.055,KE_stipe,0.008,SU_peb,0.002,MS,0,SU_bould
2024_10_08_11-32-59.jpg,408,1521,224,GR_ulva,green_algae_ulva,TRUE,0.984,GR_ulva,0.011,SU_cob,0.004,MS,0.001,KE_stipe,0,SU_peb
2024_10_08_11-32-59.jpg,3012,2868,224,BR_sarg,brown_algae_sargassum,TRUE,0.989,BR_sarg,0.011,KE_stipe,0,GR_ulva,0,MS,0,RE_bush
2024_10_08_11-32-59.jpg,2482,4465,224,GR_ulva,green_algae_ulva,TRUE,0.746,GR_ulva,0.147,unknown,0.064,RE_leaf,0.022,MS,0.012,KE_stipe
2024_10_08_11-32-59.jpg,3256,709,224,SU_peb,pebble,TRUE,1,SU_peb,0,MS,0,SU_sand,0,SU_shell,0,KE_stipe
2024_10_08_11-32-59.jpg,1327,955,224,SU_peb,pebble,TRUE,0.564,SU_peb,0.315,GR_ulva,0.116,SU_shell,0.003,BR_sarg,0,SI_kelpBry
2024_10_08_11-32-59.jpg,1337,3467,224,SU_silt,silt,TRUE,0.99,SU_silt,0.01,MS,0,SU_shell,0,GR_ulva,0,SU_sand
2024_10_08_11-32-59.jpg,2830,3235,224,GR_ulva,green_algae_ulva,TRUE,1,GR_ulva,0,SU_peb,0,MS,0,KE_stipe,0,SI
2024_10_08_11-32-59.jpg,3847,1062,224,KE_sugar,kelp_sugar,TRUE,0.954,KE_sugar,0.025,KE_5rib,0.009,SU_cob,0.006,RE_leaf,0.003,SU_sand
2024_10_08_11-32-59.jpg,2961,4091,224,GR_ulva,green_algae_ulva,TRUE,1,GR_ulva,0,KE_5rib,0,KE_sieve,0,KE_stipe,0,unknown
2024_10_08_11-32-59.jpg,3625,3052,224,SU_silt,silt,TRUE,0.825,MS,0.112,BR_sarg,0.043,GR_ulva,0.018,RE_bush,0.001,KE_stipe
2024_10_08_11-32-59.jpg,3102,317,224,SU_peb,pebble,TRUE,0.999,SU_peb,0.001,SU_cob,0,GR_ulva,0,SU_silt,0,SU_bould
2024_10_08_11-32-59.jpg,1942,4283,224,SU_silt,silt,TRUE,0.719,MS,0.129,SU_silt,0.098,GR_ulva,0.023,SU_cob,0.009,RE_leaf
2024_10_08_11-32-59.jpg,1499,1150,224,SU_silt,silt,TRUE,0.704,SU_silt,0.149,SI_kelpBry,0.077,SU_shell,0.052,RE_CCA,0.006,SU_sand
2024_10_08_11-32-59.jpg,880,2223,224,GR_ulva,green_algae_ulva,TRUE,1,GR_ulva,0,SU_peb,0,SU_cob,0,KE_sugar,0,SI
2024_10_08_11-32-59.jpg,913,2786,224,SU_peb,pebble,TRUE,0.604,GR_ulva,0.393,SU_peb,0.002,SU_silt,0,MS,0,SU_bould
2024_10_08_11-33-08.jpg,1936,1093,224,SU_bould,boulder,TRUE,0.945,SU_peb,0.023,SU_sand,0.019,SU_cob,0.013,SU_bould,0,GR_ulva
2024_10_08_11-33-08.jpg,1540,2663,224,GR_ulva,green_algae_ulva,TRUE,1,GR_ulva,0,KE_bull,0,KE_stipe,0,RE_CCA,0,BR_sarg
2024_10_08_11-33-08.jpg,3438,3180,224,GR_ulva,green_algae_ulva,TRUE,0.995,GR_ulva,0.003,KE_5rib,0.001,SU_bould,0,unknown,0,MS
2024_10_08_11-33-08.jpg,3611,113,224,GR_ulva,green_algae_ulva,TRUE,1,GR_ulva,0,KE_sieve,0,unknown,0,KE_stipe,0,BR_sarg
2024_10_08_11-33-08.jpg,1067,3607,224,SU_silt,silt,TRUE,0.918,SU_peb,0.037,GR_ulva,0.027,SU_silt,0.01,MS,0.004,SU_cob
2024_10_08_11-33-08.jpg,3561,2511,224,GR_ulva,green_algae_ulva,TRUE,1,GR_ulva,0,SU_peb,0,KE_stipe,0,MS,0,KE_bull
2024_10_08_11-33-08.jpg,2170,3135,224,GR_ulva,green_algae_ulva,TRUE,0.97,GR_ulva,0.03,SU_bould,0,KE_stipe,0,SU_peb,0,KE_bull
2024_10_08_11-33-08.jpg,3454,4305,224,GR_ulva,green_algae_ulva,TRUE,0.997,GR_ulva,0.002,KE_5rib,0,unknown,0,MS,0,RE_fil
2024_10_08_11-33-08.jpg,2732,1485,224,GR_ulva,green_algae_ulva,TRUE,0.999,GR_ulva,0,MS,0,SU_peb,0,SI_kelpBry,0,RE_leaf
2024_10_08_11-33-08.jpg,2743,1969,224,GR_ulva,green_algae_ulva,TRUE,1,GR_ulva,0,SU_peb,0,KE_stipe,0,SI_kelpBry,0,SU_cob
2024_10_08_11-33-08.jpg,3022,1490,224,GR_ulva,green_algae_ulva,TRUE,1,GR_ulva,0,MS,0,RE_leaf,0,unknown,0,BR_sarg
2024_10_08_11-33-08.jpg,2022,3385,224,SU_silt,silt,TRUE,0.998,SU_silt,0.002,SU_sand,0,SU_shell,0,MS,0,SI_kelpBry
2024_10_08_11-33-08.jpg,1546,2907,224,GR_ulva,green_algae_ulva,TRUE,1,GR_ulva,0,RE_leaf,0,KE_bull,0,KE_5rib,0,BR_sarg
2024_10_08_11-33-08.jpg,1836,3483,224,RE_leaf,red_algae_flat_leaf,TRUE,0.69,RE_leaf,0.309,SU_peb,0,KE_5rib,0,MS,0,KE_stipe
2024_10_08_11-33-08.jpg,3913,3956,224,GR_ulva,green_algae_ulva,TRUE,0.999,GR_ulva,0.001,unknown,0,KE_sieve,0,MS,0,RE_leaf
2024_10_08_11-33-08.jpg,2101,418,224,GR_ulva,green_algae_ulva,TRUE,1,GR_ulva,0,MS,0,KE_sugar,0,RE_leaf,0,KE_stipe
2024_10_08_11-33-08.jpg,1309,1347,224,GR_ulva,green_algae_ulva,TRUE,1,GR_ulva,0,SU_peb,0,BR_sarg,0,RE_leaf,0,MS
2024_10_08_11-33-08.jpg,3185,3970,224,GR_ulva,green_algae_ulva,TRUE,1,GR_ulva,0,SU_cob,0,KE_5rib,0,unknown,0,MS
2024_10_08_11-33-08.jpg,586,515,224,SU_peb,pebble,TRUE,0.999,SU_silt,0.001,SU_peb,0,SU_sand,0,SU_shell,0,MS
2024_10_08_11-33-08.jpg,2846,4424,224,GR_ulva,green_algae_ulva,TRUE,0.997,GR_ulva,0.002,unknown,0,MS,0,KE_5rib,0,RE_leaf
2024_10_08_11-33-08.jpg,2745,2818,224,GR_ulva,green_algae_ulva,TRUE,0.977,GR_ulva,0.011,MS,0.005,SU_silt,0.004,SU_peb,0.002,KE_bull
2024_10_08_11-33-08.jpg,3382,2283,224,SU_silt,silt,TRUE,1,SU_silt,0,GR_ulva,0,SU_peb,0,SU_cob,0,MS
2024_10_08_11-33-08.jpg,193,3194,224,GR_ulva,green_algae_ulva,TRUE,1,GR_ulva,0,SU_peb,0,BR_sarg,0,unknown,0,MS
2024_10_08_11-33-08.jpg,1323,3976,224,GR_ulva,green_algae_ulva,TRUE,1,GR_ulva,0,unknown,0,KE_5rib,0,KE_sieve,0,KE_stipe
2024_10_08_11-33-08.jpg,2755,1691,224,GR_ulva,green_algae_ulva,TRUE,0.99,GR_ulva,0.004,RE_CCA,0.004,SU_shell,0.001,KE_bull,0.001,KE_stipe
2024_10_08_11-33-08.jpg,3761,1715,224,GR_ulva,green_algae_ulva,TRUE,1,GR_ulva,0,BR_sarg,0,KE_5rib,0,RE_leaf,0,MS
2024_10_08_11-33-08.jpg,3051,1299,224,GR_ulva,green_algae_ulva,TRUE,0.999,GR_ulva,0.001,RE_leaf,0,BR_sarg,0,unknown,0,MS
2024_10_08_11-33-08.jpg,347,3000,224,GR_ulva,green_algae_ulva,TRUE,1,GR_ulva,0,KE_stipe,0,MS,0,unknown,0,BR_fucus
2024_10_08_11-33-08.jpg,720,2412,224,GR_ulva,green_algae_ulva,TRUE,0.94,GR_ulva,0.05,KE_bull,0.009,KE_stipe,0,MS,0,KE_sugar
2024_10_08_11-33-08.jpg,3125,227,224,GR_ulva,green_algae_ulva,TRUE,1,GR_ulva,0,unknown,0,KE_sieve,0,RE_leaf,0,RE_fil
2024_10_08_11-33-08.jpg,1767,3764,224,SU_cob,cobble,TRUE,0.484,RE_bush,0.244,KE_holdfas,0.185,GR_ulva,0.037,BR_fucus,0.022,SU_peb
2024_10_08_11-33-08.jpg,2262,2463,224,GR_ulva,green_algae_ulva,TRUE,1,GR_ulva,0,KE_bull,0,RE_CCA,0,SI_kelpBry,0,RE_leaf
2024_10_08_11-33-08.jpg,1514,3218,224,GR_ulva,green_algae_ulva,TRUE,1,GR_ulva,0,SU_peb,0,SI,0,RE_leaf,0,SI_kelpBry
2024_10_08_11-33-08.jpg,1639,1984,224,SU_peb,pebble,TRUE,0.878,GR_ulva,0.049,SU_shell,0.048,SU_peb,0.01,KE_bull,0.008,SU_sand
2024_10_08_11-33-08.jpg,994,2580,224,GR_ulva,green_algae_ulva,TRUE,1,GR_ulva,0,unknown,0,KE_sugar,0,RE_leaf,0,KE_5rib
2024_10_08_11-33-08.jpg,3674,4394,224,GR_ulva,green_algae_ulva,TRUE,0.991,GR_ulva,0.007,unknown,0.003,KE_sieve,0,MS,0,KE_stipe
2024_10_08_11-33-08.jpg,2556,3606,224,SU_peb,pebble,TRUE,0.984,SU_peb,0.015,GR_ulva,0.001,SU_shell,0,SU_sand,0,SU_cob
2024_10_08_11-33-08.jpg,2216,3327,224,SU_silt,silt,TRUE,0.903,GR_ulva,0.082,SU_silt,0.004,SI_kelpBry,0.003,SU_cob,0.003,KE_bull
2024_10_08_11-33-08.jpg,430,2869,224,GR_ulva,green_algae_ulva,TRUE,1,GR_ulva,0,BR_sarg,0,KE_bull,0,unknown,0,KE_holdfas
2024_10_08_11-33-08.jpg,2396,3332,224,GR_ulva,green_algae_ulva,TRUE,1,GR_ulva,0,BR_sarg,0,RE_leaf,0,KE_sieve,0,KE_sugar
2024_10_08_11-33-08.jpg,1051,703,224,GR_ulva,green_algae_ulva,TRUE,0.998,GR_ulva,0.002,SU_peb,0,KE_stipe,0,MS,0,SI_kelpBry
2024_10_08_11-33-08.jpg,383,3868,224,RE_leaf,red_algae_flat_leaf,TRUE,0.799,RE_fil,0.14,RE_bush,0.034,RE_leaf,0.022,KE_stipe,0.002,RE_branch
2024_10_08_11-33-08.jpg,874,4193,224,GR_ulva,green_algae_ulva,TRUE,0.997,GR_ulva,0.003,unknown,0,MS,0,KE_sieve,0,KE_5rib
2024_10_08_11-33-08.jpg,2196,2819,224,SU_bould,boulder,TRUE,0.443,GR_ulva,0.228,SU_peb,0.136,MS,0.103,KE_bull,0.036,SU_cob
2024_10_08_11-33-08.jpg,1884,3248,224,SU_silt,silt,TRUE,0.954,GR_ulva,0.013,SI_kelpBry,0.009,SU_silt,0.009,KE_bull,0.008,KE_sugar
2024_10_08_11-33-08.jpg,2577,896,224,GR_ulva,green_algae_ulva,TRUE,1,GR_ulva,0,unknown,0,BR_fucus,0,SI,0,BR_sarg
2024_10_08_11-33-08.jpg,1462,3670,224,SU_cob,cobble,TRUE,0.962,SU_bould,0.013,SU_peb,0.01,GR_ulva,0.01,KE_stipe,0.002,MS
2024_10_08_11-33-08.jpg,496,1091,224,SU_peb,pebble,TRUE,0.916,SU_peb,0.081,SU_silt,0.001,SU_shell,0.001,GR_ulva,0.001,MS
2024_10_08_11-33-08.jpg,417,3677,224,GR_ulva,green_algae_ulva,TRUE,0.932,RE_leaf,0.061,RE_fil,0.005,MS,0.001,KE_5rib,0,KE_stipe
2024_10_08_11-33-08.jpg,462,863,224,SU_silt,silt,FALSE,1,SU_silt,0,MS,0,SU_shell,0,SU_peb,0,SU_cob
2024_10_08_11-33-17.jpg,3915,1103,224,GR_ulva,green_algae_ulva,TRUE,1,GR_ulva,0,RE_leaf,0,unknown,0,KE_5rib,0,KE_stipe
2024_10_08_11-33-17.jpg,1371,305,224,GR_ulva,green_algae_ulva,TRUE,1,GR_ulva,0,KE_stipe,0,SU_peb,0,BR_sarg,0,KE_sieve
2024_10_08_11-33-17.jpg,1161,558,224,GR_ulva,green_algae_ulva,TRUE,1,GR_ulva,0,BR_sarg,0,unknown,0,KE_5rib,0,KE_sieve
2024_10_08_11-33-17.jpg,203,4454,224,unknown,unknown_area,TRUE,0.865,GR_ulva,0.074,KE_5rib,0.046,unknown,0.012,KE_sieve,0.001,MS
2024_10_08_11-33-17.jpg,665,1765,224,SU_cob,cobble,TRUE,0.993,SU_cob,0.003,SU_shell,0.003,SU_peb,0,SU_bould,0,MS
2024_10_08_11-33-17.jpg,617,2771,224,GR_ulva,green_algae_ulva,TRUE,1,GR_ulva,0,RE_leaf,0,KE_bull,0,KE_stipe,0,KE_sieve
2024_10_08_11-33-17.jpg,504,3582,224,GR_ulva,green_algae_ulva,TRUE,0.998,GR_ulva,0.002,KE_5rib,0,RE_leaf,0,unknown,0,KE_bull
2024_10_08_11-33-17.jpg,3265,1783,224,SU_silt,silt,TRUE,0.949,SU_silt,0.029,SU_peb,0.019,SU_cob,0.002,GR_ulva,0,SU_shell
2024_10_08_11-33-17.jpg,3466,369,224,GR_ulva,green_algae_ulva,TRUE,1,GR_ulva,0,KE_stipe,0,MS,0,unknown,0,BR_sarg
2024_10_08_11-33-17.jpg,1038,2274,224,GR_ulva,green_algae_ulva,TRUE,1,GR_ulva,0,KE_stipe,0,unknown,0,KE_5rib,0,KE_bull
2024_10_08_11-33-17.jpg,3740,2441,224,GR_ulva,green_algae_ulva,TRUE,0.922,GR_ulva,0.077,SU_peb,0,SU_silt,0,KE_stipe,0,SU_cob
2024_10_08_11-33-17.jpg,146,1246,224,KE_sugar,kelp_sugar,TRUE,0.969,KE_sugar,0.014,GR_ulva,0.011,KE_stipe,0.003,KE_5rib,0.001,SU_silt
2024_10_08_11-33-17.jpg,1817,2173,224,GR_ulva,green_algae_ulva,TRUE,1,GR_ulva,0,unknown,0,RE_leaf,0,KE_5rib,0,KE_stipe
2024_10_08_11-33-17.jpg,2680,938,224,GR_ulva,green_algae_ulva,TRUE,1,GR_ulva,0,KE_sieve,0,BR_sarg,0,RE_leaf,0,unknown
2024_10_08_11-33-17.jpg,3035,3179,224,GR_ulva,green_algae_ulva,TRUE,1,GR_ulva,0,RE_leaf,0,unknown,0,BR_sarg,0,KE_sieve
2024_10_08_11-33-17.jpg,2806,3634,224,GR_ulva,green_algae_ulva,TRUE,1,GR_ulva,0,RE_leaf,0,KE_stipe,0,KE_bull,0,KE_sugar
2024_10_08_11-33-17.jpg,173,2977,224,GR_ulva,green_algae_ulva,TRUE,0.999,GR_ulva,0.001,unknown,0,MS,0,KE_5rib,0,SU_bould
2024_10_08_11-33-17.jpg,2285,4327,224,GR_ulva,green_algae_ulva,TRUE,1,GR_ulva,0,KE_sieve,0,unknown,0,KE_stipe,0,KE_5rib
2024_10_08_11-33-17.jpg,2573,1077,224,GR_ulva,green_algae_ulva,TRUE,1,GR_ulva,0,KE_sieve,0,BR_sarg,0,RE_leaf,0,KE_stipe
2024_10_08_11-33-17.jpg,3165,2509,224,GR_ulva,green_algae_ulva,TRUE,1,GR_ulva,0,BR_sarg,0,KE_stipe,0,KE_bull,0,RE_bush
2024_10_08_11-33-17.jpg,867,2541,224,SU_peb,pebble,TRUE,0.587,SU_sand,0.412,SU_silt,0,SU_peb,0,SU_shell,0,KE_stipe
2024_10_08_11-33-17.jpg,302,128,224,GR_ulva,green_algae_ulva,TRUE,1,GR_ulva,0,BR_sarg,0,KE_5rib,0,BR_fucus,0,unknown
2024_10_08_11-33-17.jpg,2323,2938,224,GR_ulva,green_algae_ulva,TRUE,1,GR_ulva,0,RE_leaf,0,KE_5rib,0,unknown,0,BR_sarg
2024_10_08_11-33-17.jpg,873,2964,224,GR_ulva,green_algae_ulva,TRUE,1,GR_ulva,0,SU_peb,0,KE_bull,0,SU_bould,0,KE_stipe
2024_10_08_11-33-17.jpg,3203,1414,224,GR_ulva,green_algae_ulva,TRUE,1,GR_ulva,0,RE_leaf,0,MS,0,KE_bull,0,KE_5rib
2024_10_08_11-33-17.jpg,3264,669,224,GR_ulva,green_algae_ulva,TRUE,1,GR_ulva,0,RE_leaf,0,KE_5rib,0,BR_sarg,0,SI
2024_10_08_11-33-17.jpg,1536,3267,224,GR_ulva,green_algae_ulva,TRUE,1,GR_ulva,0,SU_cob,0,SU_bould,0,SU_peb,0,KE_stipe
2024_10_08_11-33-17.jpg,209,2658,224,RE_leaf,red_algae_flat_leaf,TRUE,0.583,GR_ulva,0.293,MS,0.035,KE_stipe,0.028,KE_bull,0.022,RE_leaf
2024_10_08_11-33-17.jpg,3260,803,224,GR_ulva,green_algae_ulva,TRUE,1,GR_ulva,0,KE_5rib,0,RE_leaf,0,BR_sarg,0,unknown
2024_10_08_11-33-17.jpg,1642,3722,224,SU_silt,silt,TRUE,0.973,SU_silt,0.016,MS,0.009,SU_shell,0.001,GR_ulva,0,SI_kelpBry
2024_10_08_11-33-17.jpg,1160,2597,224,GR_ulva,green_algae_ulva,TRUE,1,GR_ulva,0,BR_fucus,0,KE_bull,0,KE_stipe,0,BR_sarg
2024_10_08_11-33-17.jpg,1789,1230,224,GR_ulva,green_algae_ulva,TRUE,1,GR_ulva,0,RE_leaf,0,BR_sarg,0,KE_5rib,0,unknown
2024_10_08_11-33-17.jpg,474,803,224,GR_ulva,green_algae_ulva,TRUE,1,GR_ulva,0,unknown,0,KE_sieve,0,KE_stipe,0,RE_leaf
2024_10_08_11-33-17.jpg,3595,2254,224,GR_ulva,green_algae_ulva,TRUE,1,GR_ulva,0,KE_stipe,0,SU_peb,0,BR_sarg,0,KE_bull
2024_10_08_11-33-17.jpg,1340,4047,224,SU_silt,silt,TRUE,1,SU_silt,0,SU_shell,0,MS,0,SU_bould,0,RE_CCA
2024_10_08_11-33-17.jpg,2889,3085,224,GR_ulva,green_algae_ulva,TRUE,1,GR_ulva,0,RE_leaf,0,BR_sarg,0,KE_5rib,0,unknown
2024_10_08_11-33-17.jpg,3687,3384,224,GR_ulva,green_algae_ulva,TRUE,1,GR_ulva,0,unknown,0,BR_sarg,0,KE_stipe,0,KE_sieve
2024_10_08_11-33-17.jpg,1502,257,224,GR_ulva,green_algae_ulva,TRUE,1,GR_ulva,0,unknown,0,BR_fucus,0,BR_sarg,0,KE_stipe
2024_10_08_11-33-17.jpg,3673,3044,224,GR_ulva,green_algae_ulva,TRUE,0.889,GR_ulva,0.108,SU_peb,0.002,KE_stipe,0,SU_bould,0,MS
2024_10_08_11-33-17.jpg,935,4120,224,SU_peb,pebble,TRUE,0.718,SU_silt,0.27,SU_peb,0.01,MS,0.001,GR_ulva,0,SU_bould
2024_10_08_11-33-17.jpg,702,3232,224,GR_ulva,green_algae_ulva,TRUE,1,GR_ulva,0,RE_leaf,0,KE_5rib,0,unknown,0,KE_bull
2024_10_08_11-33-17.jpg,116,2496,224,KE_sugar,kelp_sugar,TRUE,0.936,KE_sieve,0.063,KE_sugar,0.001,SU_silt,0,SU_cob,0,SU_bould
2024_10_08_11-33-17.jpg,428,551,224,GR_ulva,green_algae_ulva,TRUE,1,GR_ulva,0,unknown,0,RE_leaf,0,KE_stipe,0,MS
2024_10_08_11-33-17.jpg,3642,4383,224,SU_peb,pebble,TRUE,0.993,SU_silt,0.006,SU_peb,0.001,SU_cob,0,MS,0,GR_ulva
2024_10_08_11-33-17.jpg,3197,2647,224,GR_ulva,green_algae_ulva,TRUE,1,GR_ulva,0,BR_sarg,0,RE_leaf,0,SU_bould,0,KE_stipe
2024_10_08_11-33-17.jpg,3322,1059,224,SU_peb,pebble,TRUE,0.609,GR_ulva,0.366,SU_peb,0.012,KE_stipe,0.012,MS,0.001,SU_sand
2024_10_08_11-33-17.jpg,3254,2029,224,SU_silt,silt,TRUE,0.419,MS,0.146,SU_peb,0.118,GR_ulva,0.108,SU_sand,0.073,SU_silt
2024_10_08_11-33-17.jpg,2239,3344,224,GR_ulva,green_algae_ulva,TRUE,0.998,GR_ulva,0,SU_bould,0,SU_peb,0,SU_cob,0,KE_bull
2024_10_08_11-33-17.jpg,2518,2096,224,GR_ulva,green_algae_ulva,TRUE,1,GR_ulva,0,SU_peb,0,KE_bull,0,SU_cob,0,KE_stipe
2024_10_08_11-33-17.jpg,2108,2702,224,GR_ulva,green_algae_ulva,TRUE,1,GR_ulva,0,RE_leaf,0,unknown,0,BR_sarg,0,KE_bull
2024_10_08_11-33-26.jpg,2999,2373,224,SU_bould,boulder,TRUE,0.41,RE_CCA,0.324,SU_cob,0.227,SU_bould,0.032,BR_sarg,0.004,KE_stipe
2024_10_08_11-33-26.jpg,2179,4384,224,SU_silt,silt,TRUE,0.836,MS,0.148,GR_ulva,0.013,SU_peb,0.001,SU_silt,0,SU_shell
2024_10_08_11-33-26.jpg,414,2394,224,GR_ulva,green_algae_ulva,TRUE,1,GR_ulva,0,RE_leaf,0,unknown,0,KE_5rib,0,BR_sarg
2024_10_08_11-33-26.jpg,399,338,224,GR_ulva,green_algae_ulva,TRUE,1,GR_ulva,0,KE_stipe,0,KE_5rib,0,KE_bull,0,MS
2024_10_08_11-33-26.jpg,1583,2514,224,SU_silt,silt,TRUE,0.465,MS,0.378,KE_stipe,0.089,BR_sarg,0.049,KE_bull,0.005,RE_bush
2024_10_08_11-33-26.jpg,2544,3581,224,GR_ulva,green_algae_ulva,TRUE,1,GR_ulva,0,MS,0,RE_leaf,0,KE_bull,0,SI_kelpBry
2024_10_08_11-33-26.jpg,3547,1998,224,GR_ulva,green_algae_ulva,TRUE,1,GR_ulva,0,BR_sarg,0,KE_5rib,0,KE_sieve,0,RE_leaf
2024_10_08_11-33-26.jpg,3828,1015,224,GR_ulva,green_algae_ulva,TRUE,1,GR_ulva,0,KE_stipe,0,unknown,0,RE_leaf,0,KE_bull
2024_10_08_11-33-26.jpg,2176,2398,224,KE_sugar,kelp_sugar,TRUE,0.999,KE_sugar,0.001,RE_leaf,0,MS,0,SU_silt,0,SI_kelpBry
2024_10_08_11-33-26.jpg,838,881,224,GR_ulva,green_algae_ulva,TRUE,1,GR_ulva,0,KE_bull,0,KE_stipe,0,MS,0,RE_leaf
2024_10_08_11-33-26.jpg,2713,4389,224,GR_ulva,green_algae_ulva,TRUE,1,GR_ulva,0,RE_leaf,0,KE_5rib,0,SI_kelpBry,0,MS
2024_10_08_11-33-26.jpg,577,3397,224,GR_ulva,green_algae_ulva,TRUE,0.841,GR_ulva,0.154,SU_peb,0.002,SU_silt,0.001,MS,0,SU_cob
2024_10_08_11-33-26.jpg,1777,3812,224,KE_sugar,kelp_sugar,TRUE,0.807,KE_sugar,0.121,KE_5rib,0.068,SU_silt,0.002,RE_leaf,0.001,RE_bush
2024_10_08_11-33-26.jpg,2083,2206,224,SU_silt,silt,TRUE,0.658,SU_silt,0.168,MS,0.138,KE_sugar,0.02,SI_kelpBry,0.012,KE_sieve
2024_10_08_11-33-26.jpg,2108,1724,224,GR_ulva,green_algae_ulva,TRUE,1,GR_ulva,0,MS,0,RE_leaf,0,BR_sarg,0,KE_bull
2024_10_08_11-33-26.jpg,1044,2165,224,RE_fil,red_algae_filamentous,TRUE,0.756,RE_fil,0.11,GR_ulva,0.095,RE_bush,0.01,MS,0.01,BR_sarg
2024_10_08_11-33-26.jpg,2325,4239,224,GR_ulva,green_algae_ulva,TRUE,0.999,GR_ulva,0.001,SU_peb,0,BR_sarg,0,MS,0,SU_cob
2024_10_08_11-33-26.jpg,3188,2816,224,GR_ulva,green_algae_ulva,TRUE,1,GR_ulva,0,RE_leaf,0,BR_sarg,0,KE_5rib,0,unknown
2024_10_08_11-33-26.jpg,2469,1979,224,KE_sugar,kelp_sugar,TRUE,1,KE_sugar,0,RE_leaf,0,KE_5rib,0,RE_fil,0,SU_bould
2024_10_08_11-33-26.jpg,2452,2296,224,KE_sugar,kelp_sugar,TRUE,0.993,KE_sugar,0.004,RE_leaf,0.003,KE_5rib,0,MS,0,GR_ulva
2024_10_08_11-33-26.jpg,653,955,224,GR_ulva,green_algae_ulva,TRUE,1,GR_ulva,0,unknown,0,RE_leaf,0,KE_stipe,0,MS
2024_10_08_11-33-26.jpg,720,3323,224,GR_ulva,green_algae_ulva,TRUE,0.638,GR_ulva,0.28,SU_cob,0.03,BR_fucus,0.009,KE_stipe,0.007,KE_holdfas
2024_10_08_11-33-26.jpg,3667,750,224,GR_ulva,green_algae_ulva,TRUE,1,GR_ulva,0,BR_sarg,0,RE_leaf,0,unknown,0,MS
2024_10_08_11-33-26.jpg,1743,1126,224,BR_filam,brown_algae_filamentous,TRUE,0.786,BR_sarg,0.19,GR_ulva,0.015,KE_sugar,0.003,KE_5rib,0.002,KE_sieve
2024_10_08_11-33-26.jpg,3907,1969,224,GR_ulva,green_algae_ulva,TRUE,1,GR_ulva,0,KE_bull,0,KE_stipe,0,RE_leaf,0,BR_sarg
2024_10_08_11-33-26.jpg,569,2005,224,GR_ulva,green_algae_ulva,TRUE,1,GR_ulva,0,KE_stipe,0,KE_sugar,0,unknown,0,KE_5rib
2024_10_08_11-33-26.jpg,2856,4277,224,GR_ulva,green_algae_ulva,TRUE,1,GR_ulva,0,RE_leaf,0,KE_5rib,0,BR_sarg,0,MS
2024_10_08_11-33-26.jpg,796,1658,224,KE_sieve,kelp_sieve,TRUE,0.571,GR_ulva,0.324,RE_leaf,0.064,KE_sieve,0.017,KE_5rib,0.015,MS
2024_10_08_11-33-26.jpg,354,876,224,GR_ulva,green_algae_ulva,TRUE,1,GR_ulva,0,KE_stipe,0,unknown,0,SU_peb,0,SU_cob
2024_10_08_11-33-26.jpg,1575,1077,224,BR_filam,brown_algae_filamentous,TRUE,0.533,GR_ulva,0.27,BR_sarg,0.147,KE_sugar,0.029,BR_fucus,0.004,MS
2024_10_08_11-33-26.jpg,1381,2177,224,RE_leaf,red_algae_flat_leaf,TRUE,0.92,RE_branch,0.059,RE_bush,0.006,RE_leaf,0.006,MS,0.004,RE_fil
2024_10_08_11-33-26.jpg,781,2039,224,SU_cob,cobble,TRUE,0.899,SU_cob,0.046,SU_shell,0.045,SU_peb,0.006,MS,0.003,SU_sand
2024_10_08_11-33-26.jpg,2612,1719,224,KE_sugar,kelp_sugar,TRUE,0.999,KE_sugar,0.001,KE_5rib,0,RE_leaf,0,KE_bull,0,GR_ulva
2024_10_08_11-33-26.jpg,3539,3255,224,GR_ulva,green_algae_ulva,TRUE,1,GR_ulva,0,KE_5rib,0,RE_leaf,0,unknown,0,KE_sugar
2024_10_08_11-33-26.jpg,3446,4063,224,GR_ulva,green_algae_ulva,TRUE,0.995,GR_ulva,0.003,KE_sieve,0.001,KE_stipe,0.001,unknown,0,SU_cob
2024_10_08_11-33-26.jpg,3106,1139,224,GR_ulva,green_algae_ulva,TRUE,1,GR_ulva,0,KE_5rib,0,RE_leaf,0,unknown,0,MS
2024_10_08_11-33-26.jpg,1582,593,224,BR_filam,brown_algae_filamentous,TRUE,0.482,SU_cob,0.344,BR_sarg,0.045,GR_ulva,0.043,BR_fucus,0.028,KE_sugar
2024_10_08_11-33-26.jpg,3086,3074,224,GR_ulva,green_algae_ulva,TRUE,0.996,GR_ulva,0.003,SU_peb,0.001,KE_stipe,0,SU_shell,0,SU_cob
2024_10_08_11-33-26.jpg,1959,1954,224,GR_ulva,green_algae_ulva,TRUE,0.617,RE_leaf,0.199,GR_ulva,0.122,BR_sarg,0.038,KE_stipe,0.02,MS
2024_10_08_11-33-26.jpg,2838,129,224,GR_ulva,green_algae_ulva,TRUE,0.999,GR_ulva,0,SU_cob,0,SU_peb,0,unknown,0,MS
2024_10_08_11-33-26.jpg,613,2132,224,GR_ulva,green_algae_ulva,TRUE,1,GR_ulva,0,KE_5rib,0,RE_leaf,0,MS,0,KE_sugar
2024_10_08_11-33-26.jpg,1660,2359,224,RE_branch,red_algae_branching,TRUE,0.978,GR_ulva,0.012,KE_bull,0.008,KE_stipe,0.001,RE_CCA,0,RE_branch
2024_10_08_11-33-26.jpg,2137,3149,224,KE_sugar,kelp_sugar,TRUE,0.969,KE_sieve,0.024,RE_leaf,0.003,KE_sugar,0.001,KE_stipe,0.001,RE_CCA
2024_10_08_11-33-26.jpg,2812,1267,224,RE_bush,red_algae_bushy,TRUE,0.988,BR_sarg,0.007,RE_leaf,0.002,MS,0.002,KE_sugar,0,GR_ulva
2024_10_08_11-33-26.jpg,3226,1579,224,GR_ulva,green_algae_ulva,TRUE,1,GR_ulva,0,RE_leaf,0,MS,0,KE_sugar,0,KE_5rib
2024_10_08_11-33-26.jpg,2235,2609,224,KE_sugar,kelp_sugar,TRUE,0.7,KE_sugar,0.148,KE_sieve,0.106,KE_5rib,0.017,SI_kelpBry,0.013,SU_bould
2024_10_08_11-33-26.jpg,3905,2337,224,GR_ulva,green_algae_ulva,TRUE,1,GR_ulva,0,KE_5rib,0,RE_leaf,0,BR_sarg,0,SI
2024_10_08_11-33-26.jpg,3768,2380,224,GR_ulva,green_algae_ulva,TRUE,1,GR_ulva,0,MS,0,SU_cob,0,KE_stipe,0,KE_5rib
2024_10_08_11-33-26.jpg,1153,1897,224,BR_filam,brown_algae_filamentous,TRUE,0.63,KE_sugar,0.217,MS,0.059,RE_leaf,0.056,GR_ulva,0.02,KE_5rib
2024_10_08_11-33-26.jpg,3778,1909,224,GR_ulva,green_algae_ulva,TRUE,1,GR_ulva,0,RE_leaf,0,MS,0,KE_5rib,0,SI_kelpBry
2024_10_08_11-33-35.jpg,3500,1746,224,GR_ulva,green_algae_ulva,TRUE,1,GR_ulva,0,SU_peb,0,KE_stipe,0,MS,0,RE_leaf
2024_10_08_11-33-35.jpg,3481,473,224,GR_ulva,green_algae_ulva,TRUE,1,GR_ulva,0,unknown,0,KE_sugar,0,KE_stipe,0,KE_5rib
2024_10_08_11-33-35.jpg,1753,3315,224,RE_bush,red_algae_bushy,TRUE,1,RE_bush,0,MS,0,RE_branch,0,RE_leaf,0,SU_sand
2024_10_08_11-33-35.jpg,1870,1640,224,GR_ulva,green_algae_ulva,TRUE,0.999,GR_ulva,0.001,BR_sarg,0,RE_branch,0,RE_CCA,0,KE_bull
2024_10_08_11-33-35.jpg,898,1789,224,GR_ulva,green_algae_ulva,TRUE,1,GR_ulva,0,RE_leaf,0,KE_bull,0,SU_cob,0,MS
2024_10_08_11-33-35.jpg,1386,1583,224,GR_ulva,green_algae_ulva,TRUE,0.995,GR_ulva,0.003,SU_peb,0,KE_bull,0,MS,0,SU_cob
2024_10_08_11-33-35.jpg,708,1417,224,GR_ulva,green_algae_ulva,TRUE,1,GR_ulva,0,KE_bull,0,SI,0,MS,0,KE_stipe
2024_10_08_11-33-35.jpg,2479,3372,224,KE_5rib,kelp_five_rib,TRUE,0.997,KE_sugar,0.002,RE_leaf,0.001,KE_5rib,0,MS,0,KE_stipe
2024_10_08_11-33-35.jpg,258,1450,224,GR_ulva,green_algae_ulva,TRUE,1,GR_ulva,0,SU_silt,0,SU_cob,0,unknown,0,SU_peb
2024_10_08_11-33-35.jpg,2863,3663,224,KE_5rib,kelp_five_rib,TRUE,0.998,KE_5rib,0.002,GR_ulva,0,RE_leaf,0,RE_fil,0,KE_sugar
2024_10_08_11-33-35.jpg,2734,4486,224,GR_ulva,green_algae_ulva,TRUE,0.989,GR_ulva,0.006,unknown,0.005,KE_sieve,0,KE_5rib,0,MS
2024_10_08_11-33-35.jpg,974,3470,224,GR_ulva,green_algae_ulva,TRUE,0.999,GR_ulva,0,unknown,0,KE_5rib,0,RE_leaf,0,KE_sieve
2024_10_08_11-33-35.jpg,955,1595,224,GR_ulva,green_algae_ulva,TRUE,1,GR_ulva,0,unknown,0,RE_leaf,0,MS,0,BR_sarg
2024_10_08_11-33-35.jpg,985,1118,224,GR_ulva,green_algae_ulva,TRUE,1,GR_ulva,0,unknown,0,SU_cob,0,MS,0,RE_leaf
2024_10_08_11-33-35.jpg,2552,2945,224,GR_ulva,green_algae_ulva,TRUE,1,GR_ulva,0,KE_bull,0,RE_leaf,0,KE_sieve,0,KE_stipe
2024_10_08_11-33-35.jpg,281,1141,224,GR_ulva,green_algae_ulva,TRUE,1,GR_ulva,0,unknown,0,SU_cob,0,KE_stipe,0,KE_5rib
2024_10_08_11-33-35.jpg,1583,2400,224,RE_bush,red_algae_bushy,TRUE,1,RE_bush,0,SU_peb,0,SU_sand,0,RE_branch,0,SI
2024_10_08_11-33-35.jpg,661,1959,224,GR_ulva,green_algae_ulva,TRUE,1,GR_ulva,0,KE_bull,0,KE_stipe,0,RE_leaf,0,KE_5rib
2024_10_08_11-33-35.jpg,1500,529,224,GR_ulva,green_algae_ulva,TRUE,1,GR_ulva,0,KE_stipe,0,unknown,0,RE_leaf,0,KE_5rib
2024_10_08_11-33-35.jpg,1029,3164,224,GR_ulva,green_algae_ulva,TRUE,1,GR_ulva,0,KE_bull,0,KE_stipe,0,SU_peb,0,MS
2024_10_08_11-33-35.jpg,841,4012,224,GR_ulva,green_algae_ulva,TRUE,0.998,GR_ulva,0.001,unknown,0.001,KE_sugar,0,KE_5rib,0,RE_leaf
2024_10_08_11-33-35.jpg,3611,363,224,GR_ulva,green_algae_ulva,TRUE,0.697,GR_ulva,0.137,KE_5rib,0.056,RE_leaf,0.041,MS,0.035,KE_stipe
2024_10_08_11-33-35.jpg,2676,668,224,SU_silt,silt,TRUE,0.966,SU_silt,0.018,SU_shell,0.007,MS,0.005,SU_sand,0.004,SI_kelpBry
2024_10_08_11-33-35.jpg,3884,2868,224,GR_ulva,green_algae_ulva,TRUE,1,GR_ulva,0,RE_leaf,0,MS,0,unknown,0,KE_stipe
2024_10_08_11-33-35.jpg,223,386,224,GR_ulva,green_algae_ulva,TRUE,0.92,unknown,0.079,GR_ulva,0.001,SU_bould,0,KE_stipe,0,KE_5rib
2024_10_08_11-33-35.jpg,1309,3474,224,GR_ulva,green_algae_ulva,TRUE,1,GR_ulva,0,MS,0,SU_bould,0,unknown,0,RE_leaf
2024_10_08_11-33-35.jpg,3245,925,224,GR_ulva,green_algae_ulva,TRUE,1,GR_ulva,0,unknown,0,SI,0,RE_leaf,0,MS
2024_10_08_11-33-35.jpg,1520,756,224,GR_ulva,green_algae_ulva,TRUE,0.999,GR_ulva,0.001,unknown,0,RE_leaf,0,MS,0,BR_sarg
2024_10_08_11-33-35.jpg,2795,1180,224,SU_shell,shell_hash,TRUE,0.993,GR_ulva,0.006,SU_peb,0,MS,0,SU_shell,0,KE_stipe
2024_10_08_11-33-35.jpg,1804,3044,224,RE_bush,red_algae_bushy,TRUE,1,RE_bush,0,MS,0,SU_sand,0,KE_holdfas,0,BR_sarg
2024_10_08_11-33-35.jpg,1773,4471,224,GR_ulva,green_algae_ulva,TRUE,1,GR_ulva,0,KE_5rib,0,unknown,0,KE_sugar,0,SU_cob
2024_10_08_11-33-35.jpg,2791,2445,224,SU_peb,pebble,TRUE,0.602,SU_peb,0.155,MS,0.1,GR_ulva,0.089,SU_sand,0.026,KE_stipe
2024_10_08_11-33-35.jpg,1239,3233,224,GR_ulva,green_algae_ulva,TRUE,0.998,GR_ulva,0.001,MS,0.001,KE_stipe,0,RE_leaf,0,RE_bush
2024_10_08_11-33-35.jpg,3750,178,224,RE_leaf,red_algae_flat_leaf,TRUE,0.839,MS,0.071,KE_5rib,0.042,KE_stipe,0.021,RE_fil,0.012,GR_ulva
2024_10_08_11-33-35.jpg,2145,3952,224,GR_ulva,green_algae_ulva,TRUE,0.999,GR_ulva,0.001,KE_sieve,0,KE_stipe,0,unknown,0,RE_leaf
2024_10_08_11-33-35.jpg,780,1027,224,GR_ulva,green_algae_ulva,TRUE,0.998,GR_ulva,0.002,SU_cob,0,unknown,0,SU_shell,0,MS
2024_10_08_11-33-35.jpg,2052,4130,224,GR_ulva,green_algae_ulva,TRUE,1,GR_ulva,0,unknown,0,KE_sieve,0,KE_stipe,0,RE_bush
2024_10_08_11-33-35.jpg,3612,1045,224,GR_ulva,green_algae_ulva,TRUE,0.997,GR_ulva,0.003,SU_peb,0,MS,0,SU_cob,0,KE_stipe
2024_10_08_11-33-35.jpg,1120,365,224,GR_ulva,green_algae_ulva,TRUE,1,GR_ulva,0,unknown,0,KE_stipe,0,BR_sarg,0,KE_sieve
2024_10_08_11-33-35.jpg,970,4379,224,SU_silt,silt,TRUE,0.491,SU_silt,0.33,GR_ulva,0.155,SU_cob,0.014,MS,0.006,SU_bould
2024_10_08_11-33-35.jpg,548,2174,224,SU_silt,silt,TRUE,1,SU_silt,0,SU_sand,0,MS,0,SU_shell,0,KE_bull
2024_10_08_11-33-35.jpg,2378,4311,224,GR_ulva,green_algae_ulva,TRUE,0.708,GR_ulva,0.29,KE_sieve,0.002,unknown,0,RE_leaf,0,KE_stipe
2024_10_08_11-33-35.jpg,2967,3256,224,GR_ulva,green_algae_ulva,TRUE,0.998,GR_ulva,0.001,RE_leaf,0,KE_bull,0,KE_stipe,0,KE_sieve
2024_10_08_11-33-35.jpg,1506,2586,224,GR_ulva,green_algae_ulva,TRUE,1,GR_ulva,0,RE_CCA,0,SU_cob,0,RE_leaf,0,KE_bull
2024_10_08_11-33-35.jpg,2236,616,224,GR_ulva,green_algae_ulva,TRUE,1,GR_ulva,0,BR_sarg,0,RE_leaf,0,KE_bull,0,SU_peb
2024_10_08_11-33-35.jpg,3849,652,224,SU_silt,silt,TRUE,1,SU_silt,0,SU_shell,0,MS,0,SU_peb,0,SU_bould
2024_10_08_11-33-35.jpg,1090,1405,224,GR_ulva,green_algae_ulva,TRUE,0.999,GR_ulva,0.001,unknown,0,SU_bould,0,KE_stipe,0,RE_leaf
2024_10_08_11-33-35.jpg,1687,3114,224,RE_bush,red_algae_bushy,TRUE,1,RE_bush,0,MS,0,GR_ulva,0,KE_bull,0,KE_stipe
2024_10_08_11-33-35.jpg,3277,2539,224,KE_5rib,kelp_five_rib,TRUE,1,KE_5rib,0,KE_sugar,0,RE_fil,0,KE_sieve,0,RE_leaf
2024_10_08_11-33-35.jpg,1252,2442,224,SU_silt,silt,TRUE,0.995,SU_silt,0.003,SU_peb,0.001,SU_sand,0.001,SU_shell,0,SU_cob
2024_10_08_11-33-44.jpg,1710,576,224,GR_ulva,green_algae_ulva,TRUE,1,GR_ulva,0,BR_sarg,0,unknown,0,SU_peb,0,KE_bull
2024_10_08_11-33-44.jpg,880,2732,224,GR_ulva,green_algae_ulva,TRUE,1,GR_ulva,0,SU_peb,0,KE_bull,0,KE_stipe,0,SI
2024_10_08_11-33-44.jpg,1829,1523,224,SU_silt,silt,TRUE,0.334,RE_CCA,0.298,GR_ulva,0.222,SU_silt,0.082,SU_bould,0.013,SU_peb
2024_10_08_11-33-44.jpg,1108,4456,224,GR_ulva,green_algae_ulva,TRUE,0.974,GR_ulva,0.025,unknown,0,KE_sieve,0,KE_stipe,0,SU_bould
2024_10_08_11-33-44.jpg,563,3045,224,GR_ulva,green_algae_ulva,TRUE,1,GR_ulva,0,SU_peb,0,SU_cob,0,KE_stipe,0,SU_bould
2024_10_08_11-33-44.jpg,2235,2811,224,SU_silt,silt,TRUE,1,SU_silt,0,SU_sand,0,SU_shell,0,SU_peb,0,RE_CCA
2024_10_08_11-33-44.jpg,885,987,224,GR_ulva,green_algae_ulva,TRUE,0.999,GR_ulva,0.001,SU_peb,0,BR_sarg,0,SU_bould,0,KE_stipe
2024_10_08_11-33-44.jpg,3231,4420,224,GR_ulva,green_algae_ulva,TRUE,0.596,KE_5rib,0.219,GR_ulva,0.145,SU_silt,0.02,MS,0.015,SU_cob
2024_10_08_11-33-44.jpg,1369,381,224,GR_ulva,green_algae_ulva,TRUE,1,GR_ulva,0,SU_peb,0,SU_cob,0,unknown,0,SU_bould
2024_10_08_11-33-44.jpg,867,1972,224,SU_silt,silt,TRUE,1,SU_silt,0,SU_shell,0,BR_sarg,0,MS,0,KE_stipe
2024_10_08_11-33-44.jpg,2801,4378,224,KE_sugar,kelp_sugar,TRUE,0.623,SU_peb,0.174,KE_sieve,0.105,GR_ulva,0.054,KE_stipe,0.022,unknown
2024_10_08_11-33-44.jpg,1595,646,224,GR_ulva,green_algae_ulva,TRUE,1,GR_ulva,0,MS,0,unknown,0,BR_sarg,0,RE_leaf
2024_10_08_11-33-44.jpg,998,1013,224,GR_ulva,green_algae_ulva,TRUE,1,GR_ulva,0,SU_cob,0,BR_sarg,0,KE_stipe,0,SU_peb
2024_10_08_11-33-44.jpg,2764,3926,224,GR_ulva,green_algae_ulva,TRUE,0.772,GR_ulva,0.228,KE_5rib,0,MS,0,SU_cob,0,KE_bull
2024_10_08_11-33-44.jpg,314,540,224,GR_ulva,green_algae_ulva,TRUE,0.995,GR_ulva,0.002,SU_peb,0.002,SU_cob,0,KE_stipe,0,SU_bould
2024_10_08_11-33-44.jpg,147,3504,224,SU_silt,silt,TRUE,0.943,SU_peb,0.055,SU_silt,0.001,MS,0.001,SU_shell,0,GR_ulva
2024_10_08_11-33-44.jpg,581,436,224,SU_peb,pebble,TRUE,0.467,RE_bush,0.274,SU_cob,0.222,SU_peb,0.015,MS,0.011,SU_silt
2024_10_08_11-33-44.jpg,473,2011,224,SU_silt,silt,TRUE,0.897,KE_sugar,0.072,SU_silt,0.016,KE_bull,0.006,KE_sieve,0.005,SU_peb
2024_10_08_11-33-44.jpg,991,4385,224,GR_ulva,green_algae_ulva,TRUE,1,GR_ulva,0,unknown,0,SU_bould,0,KE_stipe,0,KE_sugar
2024_10_08_11-33-44.jpg,3730,2152,224,GR_ulva,green_algae_ulva,TRUE,1,GR_ulva,0,MS,0,RE_leaf,0,KE_5rib,0,KE_bull
2024_10_08_11-33-44.jpg,3147,2160,224,GR_ulva,green_algae_ulva,TRUE,1,GR_ulva,0,KE_stipe,0,KE_bull,0,KE_sieve,0,BR_sarg
2024_10_08_11-33-44.jpg,1359,2574,224,KE_sugar,kelp_sugar,TRUE,0.998,KE_sugar,0.001,KE_sieve,0.001,KE_5rib,0,GR_ulva,0,KE_stipe
2024_10_08_11-33-44.jpg,163,1441,224,GR_ulva,green_algae_ulva,TRUE,1,GR_ulva,0,KE_sugar,0,MS,0,unknown,0,RE_leaf
2024_10_08_11-33-44.jpg,404,3857,224,GR_ulva,green_algae_ulva,TRUE,0.999,GR_ulva,0,KE_5rib,0,unknown,0,KE_sieve,0,RE_leaf
2024_10_08_11-33-44.jpg,2196,4100,224,KE_sugar,kelp_sugar,TRUE,0.992,SU_peb,0.005,GR_ulva,0.001,MS,0.001,KE_sugar,0.001,KE_stipe
2024_10_08_11-33-44.jpg,2844,308,224,RE_bush,red_algae_bushy,TRUE,1,RE_bush,0,RE_branch,0,SU_silt,0,SI,0,MS
2024_10_08_11-33-44.jpg,3205,4158,224,GR_ulva,green_algae_ulva,TRUE,0.98,GR_ulva,0.019,KE_stipe,0,KE_5rib,0,MS,0,KE_sugar
2024_10_08_11-33-44.jpg,1361,1697,224,GR_ulva,green_algae_ulva,TRUE,1,GR_ulva,0,BR_sarg,0,RE_leaf,0,KE_sieve,0,KE_stipe
2024_10_08_11-33-44.jpg,903,2988,224,GR_ulva,green_algae_ulva,TRUE,0.945,GR_ulva,0.053,SU_peb,0.001,SU_silt,0.001,SU_cob,0,SU_bould
2024_10_08_11-33-44.jpg,513,2638,224,GR_ulva,green_algae_ulva,TRUE,1,GR_ulva,0,SU_peb,0,KE_stipe,0,SU_cob,0,KE_sugar
2024_10_08_11-33-44.jpg,347,1857,224,KE_sugar,kelp_sugar,TRUE,0.518,KE_5rib,0.481,KE_sugar,0.001,GR_ulva,0,RE_leaf,0,KE_bull
2024_10_08_11-33-44.jpg,3245,2957,224,GR_ulva,green_algae_ulva,TRUE,1,GR_ulva,0,RE_leaf,0,unknown,0,KE_5rib,0,KE_sugar
2024_10_08_11-33-44.jpg,1374,1498,224,GR_ulva,green_algae_ulva,TRUE,1,GR_ulva,0,RE_leaf,0,MS,0,KE_bull,0,BR_sarg
2024_10_08_11-33-44.jpg,276,2307,224,SU_shell,shell_hash,TRUE,0.98,SU_sand,0.02,SU_peb,0,SU_silt,0,SU_shell,0,SU_cob
2024_10_08_11-33-44.jpg,2608,1823,224,SU_cob,cobble,TRUE,0.785,GR_ulva,0.12,SU_bould,0.083,RE_CCA,0.009,KE_stipe,0.002,BR_sarg
2024_10_08_11-33-44.jpg,1030,3581,224,GR_ulva,green_algae_ulva,TRUE,1,GR_ulva,0,MS,0,SU_peb,0,BR_sarg,0,KE_bull
2024_10_08_11-33-44.jpg,542,1836,224,KE_sugar,kelp_sugar,TRUE,0.996,GR_ulva,0.003,KE_bull,0,RE_leaf,0,KE_sugar,0,KE_5rib
2024_10_08_11-33-44.jpg,1193,1330,224,GR_ulva,green_algae_ulva,TRUE,1,GR_ulva,0,unknown,0,RE_leaf,0,SU_bould,0,KE_stipe
2024_10_08_11-33-44.jpg,2393,3406,224,GR_ulva,green_algae_ulva,TRUE,1,GR_ulva,0,RE_leaf,0,BR_sarg,0,KE_bull,0,RE_CCA
2024_10_08_11-33-44.jpg,1622,2522,224,KE_sugar,kelp_sugar,TRUE,1,KE_sugar,0,KE_5rib,0,RE_leaf,0,GR_ulva,0,unknown
2024_10_08_11-33-44.jpg,3789,1564,224,GR_ulva,green_algae_ulva,TRUE,0.993,GR_ulva,0.005,MS,0.001,BR_sarg,0.001,KE_stipe,0,RE_bush
2024_10_08_11-33-44.jpg,1157,876,224,GR_ulva,green_algae_ulva,TRUE,1,GR_ulva,0,BR_sarg,0,SU_cob,0,MS,0,BR_fucus
2024_10_08_11-33-44.jpg,417,3498,224,GR_ulva,green_algae_ulva,TRUE,1,GR_ulva,0,KE_5rib,0,KE_stipe,0,unknown,0,SU_bould
2024_10_08_11-33-44.jpg,1686,4205,224,SU_silt,silt,TRUE,0.483,SU_sand,0.28,SU_silt,0.198,RE_bush,0.025,SU_peb,0.01,MS
2024_10_08_11-33-44.jpg,1374,624,224,GR_ulva,green_algae_ulva,TRUE,1,GR_ulva,0,SU_peb,0,MS,0,RE_leaf,0,unknown
2024_10_08_11-33-44.jpg,1720,3004,224,KE_sugar,kelp_sugar,TRUE,0.999,KE_sugar,0,KE_5rib,0,RE_leaf,0,GR_ulva,0,unknown
2024_10_08_11-33-44.jpg,3831,3070,224,GR_ulva,green_algae_ulva,TRUE,1,GR_ulva,0,RE_leaf,0,KE_5rib,0,BR_sarg,0,MS
2024_10_08_11-33-44.jpg,1686,248,224,GR_ulva,green_algae_ulva,TRUE,1,GR_ulva,0,BR_sarg,0,unknown,0,SU_bould,0,KE_stipe
2024_10_08_11-33-44.jpg,1053,3963,224,RE_bush,red_algae_bushy,TRUE,1,RE_bush,0,SU_sand,0,RE_branch,0,SU_silt,0,SU_peb
2024_10_08_11-33-44.jpg,2260,1778,224,GR_ulva,green_algae_ulva,TRUE,1,GR_ulva,0,RE_leaf,0,KE_bull,0,KE_stipe,0,BR_sarg
2024_10_08_11-33-53.jpg,2564,486,224,GR_ulva,green_algae_ulva,TRUE,0.934,GR_ulva,0.065,SU_peb,0.001,SU_cob,0,SU_shell,0,KE_stipe
2024_10_08_11-33-53.jpg,2212,3551,224,GR_ulva,green_algae_ulva,TRUE,1,GR_ulva,0,KE_sieve,0,BR_sarg,0,KE_bull,0,KE_stipe
2024_10_08_11-33-53.jpg,1550,3672,224,GR_ulva,green_algae_ulva,TRUE,0.849,SU_bould,0.14,GR_ulva,0.006,KE_bull,0.003,BR_fucus,0.001,KE_stipe
2024_10_08_11-33-53.jpg,606,2538,224,GR_ulva,green_algae_ulva,TRUE,0.824,GR_ulva,0.176,RE_bush,0,KE_bull,0,KE_holdfas,0,BR_sarg
2024_10_08_11-33-53.jpg,334,3332,224,GR_ulva,green_algae_ulva,TRUE,1,GR_ulva,0,KE_sieve,0,KE_5rib,0,unknown,0,MS
2024_10_08_11-33-53.jpg,612,1174,224,SU_sand,sand_fine_shell,TRUE,0.999,SU_peb,0.001,SU_sand,0.001,SU_silt,0,SU_shell,0,SU_cob
2024_10_08_11-33-53.jpg,962,821,224,unknown,unknown_area,TRUE,0.966,BR_fucus,0.018,BR_sarg,0.008,RE_bush,0.003,KE_holdfas,0.003,GR_ulva
2024_10_08_11-33-53.jpg,2536,1360,224,GR_ulva,green_algae_ulva,TRUE,1,GR_ulva,0,SU_cob,0,KE_5rib,0,RE_leaf,0,SI_kelpBry
2024_10_08_11-33-53.jpg,178,3521,224,GR_ulva,green_algae_ulva,TRUE,1,GR_ulva,0,BR_fucus,0,MS,0,KE_stipe,0,KE_sieve
2024_10_08_11-33-53.jpg,2074,2099,224,GR_ulva,green_algae_ulva,TRUE,0.65,GR_ulva,0.348,RE_bush,0.001,BR_fucus,0,KE_stipe,0,MS
2024_10_08_11-33-53.jpg,987,3556,224,GR_ulva,green_algae_ulva,TRUE,1,GR_ulva,0,KE_bull,0,KE_5rib,0,RE_leaf,0,KE_sugar
2024_10_08_11-33-53.jpg,3153,954,224,SU_silt,silt,TRUE,0.582,MS,0.387,SU_silt,0.025,SU_sand,0.003,SU_shell,0.001,GR_ulva
2024_10_08_11-33-53.jpg,2926,2540,224,SU_silt,silt,TRUE,0.996,SU_silt,0.001,GR_ulva,0.001,SU_peb,0.001,KE_bull,0,MS
2024_10_08_11-33-53.jpg,532,3386,224,GR_ulva,green_algae_ulva,TRUE,1,GR_ulva,0,KE_sieve,0,KE_5rib,0,RE_leaf,0,MS
2024_10_08_11-33-53.jpg,2556,4174,224,GR_ulva,green_algae_ulva,TRUE,0.9,GR_ulva,0.067,SU_peb,0.012,KE_stipe,0.012,SU_cob,0.005,KE_sieve
2024_10_08_11-33-53.jpg,2330,3235,224,SU_peb,pebble,TRUE,0.993,SU_peb,0.003,GR_ulva,0.002,SU_shell,0.001,KE_stipe,0.001,KE_bull
2024_10_08_11-33-53.jpg,3488,3176,224,SU_peb,pebble,TRUE,0.966,GR_ulva,0.033,SU_peb,0,KE_stipe,0,SU_cob,0,SU_bould
2024_10_08_11-33-53.jpg,896,3730,224,GR_ulva,green_algae_ulva,TRUE,1,GR_ulva,0,KE_stipe,0,SU_bould,0,SU_cob,0,SU_peb
2024_10_08_11-33-53.jpg,1364,964,224,GR_ulva,green_algae_ulva,TRUE,1,GR_ulva,0,SU_cob,0,SU_peb,0,KE_bull,0,SI_kelpBry
2024_10_08_11-33-53.jpg,2899,1098,224,SU_sand,sand_fine_shell,TRUE,0.499,SU_silt,0.498,SU_sand,0.003,SU_peb,0,MS,0,SU_shell
2024_10_08_11-33-53.jpg,2013,2446,224,GR_ulva,green_algae_ulva,TRUE,1,GR_ulva,0,BR_sarg,0,SU_peb,0,KE_bull,0,KE_5rib
2024_10_08_11-33-53.jpg,3862,1967,224,GR_ulva,green_algae_ulva,TRUE,1,GR_ulva,0,KE_5rib,0,SU_cob,0,RE_leaf,0,SI_kelpBry
2024_10_08_11-33-53.jpg,2641,3610,224,SU_peb,pebble,TRUE,0.708,SU_peb,0.272,RE_bush,0.007,SU_sand,0.006,MS,0.004,KE_sieve
2024_10_08_11-33-53.jpg,1826,842,224,SU_silt,silt,TRUE,1,SU_silt,0,SU_cob,0,SU_shell,0,SU_peb,0,SI_kelpBry
2024_10_08_11-33-53.jpg,2190,2835,224,GR_ulva,green_algae_ulva,TRUE,1,GR_ulva,0,RE_leaf,0,SU_shell,0,KE_bull,0,SU_cob
2024_10_08_11-33-53.jpg,1198,420,224,GR_ulva,green_algae_ulva,TRUE,1,GR_ulva,0,RE_leaf,0,KE_5rib,0,unknown,0,BR_sarg
2024_10_08_11-33-53.jpg,2501,3778,224,GR_ulva,green_algae_ulva,TRUE,0.984,GR_ulva,0.006,SU_peb,0.005,SU_bould,0.004,SU_cob,0.001,KE_stipe
2024_10_08_11-33-53.jpg,189,4224,224,GR_ulva,green_algae_ulva,TRUE,0.999,GR_ulva,0.001,KE_5rib,0,unknown,0,RE_leaf,0,MS
2024_10_08_11-33-53.jpg,1723,2802,224,GR_ulva,green_algae_ulva,TRUE,1,GR_ulva,0,KE_bull,0,SU_peb,0,RE_leaf,0,SU_cob
2024_10_08_11-33-53.jpg,301,651,224,SU_silt,silt,TRUE,0.999,SU_silt,0.001,SU_peb,0,KE_stipe,0,SU_shell,0,SU_cob
2024_10_08_11-33-53.jpg,2329,4466,224,KE_sugar,kelp_sugar,TRUE,0.719,KE_sugar,0.218,GR_ulva,0.034,RE_leaf,0.008,KE_5rib,0.008,MS
2024_10_08_11-33-53.jpg,2442,4105,224,SU_silt,silt,TRUE,0.979,SU_peb,0.012,GR_ulva,0.005,MS,0.003,SU_silt,0,KE_stipe
2024_10_08_11-33-53.jpg,1883,2821,224,GR_ulva,green_algae_ulva,TRUE,1,GR_ulva,0,SU_cob,0,KE_5rib,0,SI_kelpBry,0,RE_leaf
2024_10_08_11-33-53.jpg,774,2745,224,GR_ulva,green_algae_ulva,TRUE,1,GR_ulva,0,BR_sarg,0,KE_stipe,0,MS,0,SU_bould
2024_10_08_11-33-53.jpg,3410,2040,224,SU_silt,silt,TRUE,1,SU_silt,0,SU_peb,0,SU_sand,0,SU_shell,0,KE_stipe
2024_10_08_11-33-53.jpg,3792,2285,224,GR_ulva,green_algae_ulva,TRUE,1,GR_ulva,0,SU_peb,0,MS,0,SU_silt,0,KE_bull
2024_10_08_11-33-53.jpg,617,2021,224,GR_ulva,green_algae_ulva,TRUE,0.996,GR_ulva,0.003,MS,0.001,RE_bush,0,KE_bull,0,RE_leaf
2024_10_08_11-33-53.jpg,3421,2626,224,SU_silt,silt,TRUE,1,SU_silt,0,SU_shell,0,SU_sand,0,SU_peb,0,RE_CCA
2024_10_08_11-33-53.jpg,1641,371,224,GR_ulva,green_algae_ulva,TRUE,1,GR_ulva,0,unknown,0,KE_5rib,0,RE_leaf,0,BR_sarg
2024_10_08_11-33-53.jpg,2797,2133,224,SU_silt,silt,TRUE,1,SU_silt,0,SU_shell,0,KE_sugar,0,SU_sand,0,MS
2024_10_08_11-33-53.jpg,2437,832,224,SU_sand,sand_fine_shell,TRUE,0.532,MS,0.4,SU_sand,0.024,SU_peb,0.019,SU_shell,0.015,GR_ulva
2024_10_08_11-33-53.jpg,1464,2074,224,GR_ulva,green_algae_ulva,TRUE,1,GR_ulva,0,RE_leaf,0,KE_bull,0,BR_sarg,0,KE_sieve
2024_10_08_11-33-53.jpg,2582,261,224,SU_sand,sand_fine_shell,TRUE,0.858,SU_silt,0.132,SU_sand,0.008,SU_shell,0.001,SU_peb,0,SU_cob
2024_10_08_11-33-53.jpg,3895,692,224,SU_silt,silt,TRUE,0.597,MS,0.332,GR_ulva,0.064,SU_peb,0.006,SU_silt,0,KE_stipe
2024_10_08_11-33-53.jpg,448,2459,224,SU_silt,silt,TRUE,0.997,RE_bush,0.001,SU_sand,0.001,SU_silt,0.001,SI,0,SU_peb
2024_10_08_11-33-53.jpg,1166,2374,224,GR_ulva,green_algae_ulva,TRUE,1,GR_ulva,0,BR_sarg,0,KE_bull,0,RE_leaf,0,KE_sieve
2024_10_08_11-33-53.jpg,284,2442,224,SU_silt,silt,TRUE,0.999,SU_silt,0,SU_peb,0,SU_sand,0,RE_branch,0,SI
2024_10_08_11-33-53.jpg,1712,1893,224,RE_bush,red_algae_bushy,TRUE,1,RE_bush,0,GR_ulva,0,MS,0,KE_holdfas,0,BR_sarg
2024_10_08_11-33-53.jpg,3118,2133,224,SU_silt,silt,TRUE,1,SU_silt,0,SU_shell,0,SU_sand,0,SU_bould,0,MS
2024_10_08_11-33-53.jpg,1442,3202,224,SU_silt,silt,TRUE,0.998,SU_silt,0.001,SU_cob,0,SU_shell,0,GR_ulva,0,SU_sand
2024_10_08_11-34-02.jpg,822,823,224,GR_ulva,green_algae_ulva,TRUE,1,GR_ulva,0,BR_sarg,0,KE_stipe,0,SU_peb,0,KE_bull
2024_10_08_11-34-02.jpg,1113,257,224,GR_ulva,green_algae_ulva,TRUE,1,GR_ulva,0,BR_sarg,0,SU_peb,0,SU_cob,0,MS
2024_10_08_11-34-02.jpg,1946,3563,224,GR_ulva,green_algae_ulva,TRUE,0.998,GR_ulva,0.002,unknown,0,KE_sieve,0,RE_fil,0,KE_5rib
2024_10_08_11-34-02.jpg,590,622,224,GR_ulva,green_algae_ulva,TRUE,1,GR_ulva,0,KE_5rib,0,unknown,0,RE_leaf,0,KE_bull
2024_10_08_11-34-02.jpg,657,2132,224,GR_ulva,green_algae_ulva,TRUE,1,GR_ulva,0,RE_leaf,0,BR_sarg,0,KE_holdfas,0,MS
2024_10_08_11-34-02.jpg,2584,3468,224,GR_ulva,green_algae_ulva,TRUE,1,GR_ulva,0,BR_sarg,0,KE_sieve,0,KE_stipe,0,KE_bull
2024_10_08_11-34-02.jpg,2740,3736,224,GR_ulva,green_algae_ulva,TRUE,0.974,GR_ulva,0.025,KE_sieve,0,RE_leaf,0,KE_stipe,0,KE_bull
2024_10_08_11-34-02.jpg,3182,4111,224,SU_silt,silt,TRUE,0.815,KE_5rib,0.071,SU_bould,0.052,SU_peb,0.042,GR_ulva,0.014,KE_stipe
2024_10_08_11-34-02.jpg,3118,2992,224,MS,mobile_species,TRUE,1,MS,0,SI,0,RE_bush,0,SU_sand,0,KE_stipe
2024_10_08_11-34-02.jpg,504,4075,224,GR_ulva,green_algae_ulva,TRUE,0.659,GR_ulva,0.317,KE_sieve,0.023,unknown,0.001,KE_stipe,0,SU_silt
2024_10_08_11-34-02.jpg,1013,2391,224,SU_cob,cobble,TRUE,0.988,SU_sand,0.005,SU_cob,0.002,MS,0.002,KE_holdfas,0.002,SU_peb
2024_10_08_11-34-02.jpg,3764,234,224,unknown,unknown_area,TRUE,0.984,BR_fucus,0.012,GR_ulva,0.003,RE_bush,0.001,BR_sarg,0,KE_stipe
2024_10_08_11-34-02.jpg,484,2501,224,GR_ulva,green_algae_ulva,TRUE,1,GR_ulva,0,unknown,0,KE_stipe,0,MS,0,BR_fucus
2024_10_08_11-34-02.jpg,2086,644,224,GR_ulva,green_algae_ulva,TRUE,0.999,GR_ulva,0,MS,0,KE_stipe,0,SU_peb,0,RE_bush
2024_10_08_11-34-02.jpg,1311,3693,224,GR_ulva,green_algae_ulva,TRUE,1,GR_ulva,0,SU_peb,0,SU_bould,0,SU_cob,0,KE_stipe
2024_10_08_11-34-02.jpg,2553,1862,224,SU_cob,cobble,TRUE,0.999,GR_ulva,0.001,SU_peb,0,SU_bould,0,KE_stipe,0,SU_cob
2024_10_08_11-34-02.jpg,1627,4042,224,SU_peb,pebble,TRUE,0.324,GR_ulva,0.308,SU_peb,0.16,SU_shell,0.119,SU_cob,0.039,SU_silt
2024_10_08_11-34-02.jpg,1549,2767,224,GR_ulva,green_algae_ulva,TRUE,1,GR_ulva,0,RE_leaf,0,KE_bull,0,KE_sieve,0,KE_stipe
2024_10_08_11-34-02.jpg,2243,1926,224,GR_ulva,green_algae_ulva,TRUE,1,GR_ulva,0,KE_bull,0,KE_5rib,0,RE_leaf,0,BR_sarg
2024_10_08_11-34-02.jpg,3771,2922,224,KE_sugar,kelp_sugar,TRUE,0.907,KE_5rib,0.092,KE_sugar,0.001,GR_ulva,0,RE_leaf,0,KE_stipe
2024_10_08_11-34-02.jpg,919,2168,224,GR_ulva,green_algae_ulva,TRUE,1,GR_ulva,0,RE_leaf,0,unknown,0,KE_stipe,0,SU_cob
2024_10_08_11-34-02.jpg,494,247,224,GR_ulva,green_algae_ulva,TRUE,1,GR_ulva,0,KE_5rib,0,RE_leaf,0,SI,0,MS
2024_10_08_11-34-02.jpg,2510,2047,224,GR_ulva,green_algae_ulva,TRUE,1,GR_ulva,0,BR_sarg,0,SU_peb,0,RE_CCA,0,KE_bull
2024_10_08_11-34-02.jpg,2018,3031,224,GR_ulva,green_algae_ulva,TRUE,1,GR_ulva,0,BR_sarg,0,KE_bull,0,RE_leaf,0,RE_CCA
2024_10_08_11-34-02.jpg,2257,3669,224,GR_ulva,green_algae_ulva,TRUE,1,GR_ulva,0,KE_bull,0,RE_leaf,0,KE_5rib,0,KE_sieve
2024_10_08_11-34-02.jpg,3518,3774,224,SU_bould,boulder,TRUE,0.889,SU_cob,0.054,MS,0.021,KE_stipe,0.021,GR_ulva,0.012,SU_bould
2024_10_08_11-34-02.jpg,1863,2450,224,GR_ulva,green_algae_ulva,TRUE,1,GR_ulva,0,KE_bull,0,KE_5rib,0,KE_stipe,0,RE_leaf
2024_10_08_11-34-02.jpg,277,757,224,GR_ulva,green_algae_ulva,TRUE,1,GR_ulva,0,KE_5rib,0,unknown,0,SU_bould,0,MS
2024_10_08_11-34-02.jpg,2879,3264,224,GR_ulva,green_algae_ulva,TRUE,1,GR_ulva,0,KE_stipe,0,SU_bould,0,KE_sieve,0,BR_fucus
2024_10_08_11-34-02.jpg,3795,3560,224,GR_ulva,green_algae_ulva,TRUE,0.996,GR_ulva,0.004,SU_bould,0,KE_stipe,0,unknown,0,KE_bull
2024_10_08_11-34-02.jpg,577,3147,224,GR_ulva,green_algae_ulva,TRUE,1,GR_ulva,0,unknown,0,RE_leaf,0,BR_sarg,0,KE_sieve
2024_10_08_11-34-02.jpg,627,2547,224,GR_ulva,green_algae_ulva,TRUE,1,GR_ulva,0,unknown,0,KE_stipe,0,BR_sarg,0,RE_branch
2024_10_08_11-34-02.jpg,3603,2696,224,SU_silt,silt,TRUE,1,SU_silt,0,SU_shell,0,SU_sand,0,KE_stipe,0,SU_cob
2024_10_08_11-34-02.jpg,348,1361,224,SU_cob,cobble,TRUE,1,GR_ulva,0,SU_bould,0,BR_sarg,0,KE_stipe,0,MS
2024_10_08_11-34-02.jpg,3398,2287,224,SU_cob,cobble,TRUE,0.46,SU_peb,0.331,GR_ulva,0.168,SU_cob,0.016,SU_bould,0.013,KE_stipe
2024_10_08_11-34-02.jpg,3491,554,224,GR_ulva,green_algae_ulva,TRUE,1,GR_ulva,0,BR_sarg,0,BR_fucus,0,SU_peb,0,unknown
2024_10_08_11-34-02.jpg,3555,1049,224,GR_ulva,green_algae_ulva,TRUE,0.999,GR_ulva,0.001,KE_stipe,0,SU_peb,0,SU_cob,0,MS
2024_10_08_11-34-02.jpg,3650,645,224,GR_ulva,green_algae_ulva,TRUE,1,GR_ulva,0,BR_fucus,0,BR_sarg,0,unknown,0,RE_leaf
2024_10_08_11-34-02.jpg,1266,3933,224,GR_ulva,green_algae_ulva,TRUE,1,GR_ulva,0,BR_fucus,0,SU_cob,0,SU_peb,0,BR_sarg
2024_10_08_11-34-02.jpg,2792,783,224,GR_ulva,green_algae_ulva,TRUE,1,GR_ulva,0,SU_peb,0,SU_cob,0,SU_bould,0,KE_stipe
2024_10_08_11-34-02.jpg,908,3738,224,GR_ulva,green_algae_ulva,TRUE,0.988,GR_ulva,0.011,RE_bush,0,MS,0,RE_leaf,0,KE_stipe
2024_10_08_11-34-02.jpg,3082,1861,224,GR_ulva,green_algae_ulva,TRUE,0.96,GR_ulva,0.039,KE_stipe,0,KE_bull,0,SU_bould,0,MS
2024_10_08_11-34-02.jpg,442,2153,224,GR_ulva,green_algae_ulva,TRUE,1,GR_ulva,0,RE_leaf,0,BR_sarg,0,KE_bull,0,unknown
2024_10_08_11-34-02.jpg,3851,1317,224,SU_silt,silt,TRUE,0.702,SU_peb,0.125,MS,0.117,GR_ulva,0.049,SU_silt,0.006,SU_cob
2024_10_08_11-34-02.jpg,257,3644,224,GR_ulva,green_algae_ulva,TRUE,1,GR_ulva,0,unknown,0,SU_peb,0,KE_stipe,0,MS
2024_10_08_11-34-02.jpg,3363,1893,224,SU_bould,boulder,TRUE,0.966,SU_cob,0.031,SU_shell,0.003,SU_bould,0,SU_peb,0,GR_ulva
2024_10_08_11-34-02.jpg,3248,2404,224,SU_peb,pebble,TRUE,0.964,GR_ulva,0.035,SU_peb,0.001,SU_cob,0,KE_stipe,0,KE_bull
2024_10_08_11-34-02.jpg,647,3898,224,GR_ulva,green_algae_ulva,TRUE,1,GR_ulva,0,KE_bull,0,KE_sieve,0,KE_5rib,0,KE_stipe
2024_10_08_11-34-02.jpg,658,1392,224,GR_ulva,green_algae_ulva,TRUE,1,GR_ulva,0,unknown,0,KE_stipe,0,BR_sarg,0,KE_sieve
2024_10_08_11-34-02.jpg,527,1258,224,GR_ulva,green_algae_ulva,TRUE,1,GR_ulva,0,unknown,0,KE_5rib,0,SU_peb,0,RE_leaf
2024_10_08_11-34-11.jpg,2688,4255,224,GR_ulva,green_algae_ulva,TRUE,0.958,GR_ulva,0.036,unknown,0.004,KE_sieve,0.002,MS,0,KE_stipe
2024_10_08_11-34-11.jpg,3511,2597,224,GR_ulva,green_algae_ulva,TRUE,1,GR_ulva,0,RE_leaf,0,unknown,0,MS,0,KE_bull
2024_10_08_11-34-11.jpg,572,3784,224,GR_ulva,green_algae_ulva,TRUE,1,GR_ulva,0,KE_5rib,0,unknown,0,KE_stipe,0,KE_sieve
2024_10_08_11-34-11.jpg,3162,337,224,KE_sugar,kelp_sugar,TRUE,0.993,KE_sieve,0.007,KE_sugar,0,SU_bould,0,KE_5rib,0,KE_stipe
2024_10_08_11-34-11.jpg,246,4028,224,GR_ulva,green_algae_ulva,TRUE,0.631,GR_ulva,0.367,unknown,0.001,KE_5rib,0.001,KE_sugar,0,RE_leaf
2024_10_08_11-34-11.jpg,2571,4196,224,GR_ulva,green_algae_ulva,TRUE,0.988,GR_ulva,0.011,unknown,0.001,KE_sieve,0,KE_stipe,0,RE_leaf
2024_10_08_11-34-11.jpg,3039,3423,224,GR_ulva,green_algae_ulva,TRUE,1,GR_ulva,0,RE_leaf,0,KE_bull,0,KE_stipe,0,KE_sieve
2024_10_08_11-34-11.jpg,3524,2292,224,GR_ulva,green_algae_ulva,TRUE,1,GR_ulva,0,BR_sarg,0,KE_holdfas,0,RE_leaf,0,unknown
2024_10_08_11-34-11.jpg,1428,2452,224,GR_ulva,green_algae_ulva,TRUE,1,GR_ulva,0,RE_leaf,0,unknown,0,MS,0,BR_sarg
2024_10_08_11-34-11.jpg,1770,1433,224,GR_ulva,green_algae_ulva,TRUE,1,GR_ulva,0,RE_leaf,0,KE_sieve,0,BR_sarg,0,KE_5rib
2024_10_08_11-34-11.jpg,2786,2599,224,GR_ulva,green_algae_ulva,TRUE,1,GR_ulva,0,RE_CCA,0,SU_shell,0,SU_peb,0,KE_bull
2024_10_08_11-34-11.jpg,2808,1654,224,GR_ulva,green_algae_ulva,TRUE,1,GR_ulva,0,RE_leaf,0,unknown,0,KE_5rib,0,KE_sugar
2024_10_08_11-34-11.jpg,2445,2671,224,GR_ulva,green_algae_ulva,TRUE,1,GR_ulva,0,KE_bull,0,KE_stipe,0,RE_leaf,0,BR_sarg
2024_10_08_11-34-11.jpg,1455,2215,224,GR_ulva,green_algae_ulva,TRUE,1,GR_ulva,0,RE_leaf,0,KE_5rib,0,unknown,0,MS
2024_10_08_11-34-11.jpg,1349,1646,224,GR_ulva,green_algae_ulva,TRUE,1,GR_ulva,0,RE_leaf,0,KE_5rib,0,SU_cob,0,SI_kelpBry
2024_10_08_11-34-11.jpg,3132,3541,224,GR_ulva,green_algae_ulva,TRUE,0.991,GR_ulva,0.004,KE_5rib,0.003,SU_bould,0.001,KE_sieve,0,KE_stipe
2024_10_08_11-34-11.jpg,1574,302,224,GR_ulva,green_algae_ulva,TRUE,1,GR_ulva,0,unknown,0,RE_leaf,0,BR_sarg,0,KE_5rib
2024_10_08_11-34-11.jpg,1683,3069,224,GR_ulva,green_algae_ulva,TRUE,0.967,GR_ulva,0.033,KE_bull,0,SI_kelpBry,0,KE_stipe,0,BR_fucus
2024_10_08_11-34-11.jpg,2191,1837,224,GR_ulva,green_algae_ulva,TRUE,1,GR_ulva,0,unknown,0,KE_5rib,0,RE_leaf,0,KE_sugar
2024_10_08_11-34-11.jpg,679,987,224,GR_ulva,green_algae_ulva,TRUE,1,GR_ulva,0,unknown,0,SU_bould,0,KE_stipe,0,BR_sarg
2024_10_08_11-34-11.jpg,1402,2812,224,GR_ulva,green_algae_ulva,TRUE,1,GR_ulva,0,RE_leaf,0,KE_5rib,0,KE_sugar,0,SI
2024_10_08_11-34-11.jpg,3444,1878,224,GR_ulva,green_algae_ulva,TRUE,1,GR_ulva,0,unknown,0,RE_leaf,0,KE_sugar,0,KE_sieve
2024_10_08_11-34-11.jpg,3129,1557,224,GR_ulva,green_algae_ulva,TRUE,0.997,GR_ulva,0.003,unknown,0,RE_leaf,0,KE_5rib,0,KE_sugar
2024_10_08_11-34-11.jpg,1229,681,224,GR_ulva,green_algae_ulva,TRUE,1,GR_ulva,0,unknown,0,RE_leaf,0,KE_5rib,0,KE_sugar
2024_10_08_11-34-11.jpg,3565,4091,224,GR_ulva,green_algae_ulva,TRUE,1,GR_ulva,0,KE_stipe,0,SU_cob,0,KE_5rib,0,SU_peb
2024_10_08_11-34-11.jpg,2367,2109,224,GR_ulva,green_algae_ulva,TRUE,1,GR_ulva,0,RE_leaf,0,RE_fil,0,KE_5rib,0,unknown
2024_10_08_11-34-11.jpg,3697,4069,224,SU_cob,cobble,TRUE,0.987,SU_peb,0.01,RE_bush,0.001,SU_sand,0,SU_cob,0,SU_silt
2024_10_08_11-34-11.jpg,826,2581,224,GR_ulva,green_algae_ulva,TRUE,1,GR_ulva,0,SU_bould,0,BR_sarg,0,KE_bull,0,MS
2024_10_08_11-34-11.jpg,2601,2812,224,SU_peb,pebble,TRUE,0.994,SU_peb,0.003,SU_sand,0.001,MS,0.001,RE_CCA,0,SU_bould
2024_10_08_11-34-11.jpg,2261,3753,224,GR_ulva,green_algae_ulva,TRUE,1,GR_ulva,0,unknown,0,RE_leaf,0,KE_5rib,0,KE_sugar
2024_10_08_11-34-11.jpg,3233,4182,224,GR_ulva,green_algae_ulva,TRUE,0.994,GR_ulva,0.006,unknown,0,RE_leaf,0,KE_5rib,0,KE_stipe
2024_10_08_11-34-11.jpg,965,1530,224,GR_ulva,green_algae_ulva,TRUE,0.936,GR_ulva,0.035,SU_bould,0.013,BR_sarg,0.011,KE_stipe,0.002,SU_peb
2024_10_08_11-34-11.jpg,2900,3079,224,GR_ulva,green_algae_ulva,TRUE,1,GR_ulva,0,KE_5rib,0,unknown,0,RE_leaf,0,KE_sugar
2024_10_08_11-34-11.jpg,3064,2938,224,GR_ulva,green_algae_ulva,TRUE,1,GR_ulva,0,RE_leaf,0,unknown,0,KE_sugar,0,KE_stipe
2024_10_08_11-34-11.jpg,1801,3630,224,GR_ulva,green_algae_ulva,TRUE,0.866,GR_ulva,0.129,KE_bull,0.002,KE_5rib,0.001,KE_sugar,0.001,SI
2024_10_08_11-34-11.jpg,2861,740,224,GR_ulva,green_algae_ulva,TRUE,1,GR_ulva,0,BR_sarg,0,MS,0,KE_stipe,0,KE_bull
2024_10_08_11-34-11.jpg,3278,638,224,GR_ulva,green_algae_ulva,TRUE,1,GR_ulva,0,KE_stipe,0,SU_cob,0,SU_peb,0,SU_bould
2024_10_08_11-34-11.jpg,631,1682,224,GR_ulva,green_algae_ulva,TRUE,1,GR_ulva,0,KE_5rib,0,RE_leaf,0,KE_sieve,0,KE_bull
2024_10_08_11-34-11.jpg,2248,2503,224,GR_ulva,green_algae_ulva,TRUE,0.999,GR_ulva,0.001,KE_bull,0,BR_sarg,0,KE_stipe,0,SU_peb
2024_10_08_11-34-11.jpg,826,757,224,GR_ulva,green_algae_ulva,TRUE,1,GR_ulva,0,unknown,0,KE_stipe,0,KE_5rib,0,KE_sugar
2024_10_08_11-34-11.jpg,1768,2361,224,GR_ulva,green_algae_ulva,TRUE,1,GR_ulva,0,RE_leaf,0,KE_bull,0,KE_5rib,0,MS
2024_10_08_11-34-11.jpg,1954,459,224,GR_ulva,green_algae_ulva,TRUE,0.998,GR_ulva,0.001,unknown,0,BR_sarg,0,MS,0,KE_5rib
2024_10_08_11-34-11.jpg,1887,179,224,GR_ulva,green_algae_ulva,TRUE,0.984,GR_ulva,0.016,unknown,0,KE_5rib,0,RE_leaf,0,MS
2024_10_08_11-34-11.jpg,2056,2446,224,SU_peb,pebble,TRUE,0.995,GR_ulva,0.004,RE_CCA,0.001,KE_stipe,0,SU_bould,0,BR_sarg
2024_10_08_11-34-11.jpg,1396,1881,224,GR_ulva,green_algae_ulva,TRUE,1,GR_ulva,0,RE_leaf,0,KE_5rib,0,KE_sugar,0,SI_kelpBry
2024_10_08_11-34-11.jpg,1429,1181,224,GR_ulva,green_algae_ulva,TRUE,1,GR_ulva,0,KE_bull,0,KE_5rib,0,KE_stipe,0,SU_peb
2024_10_08_11-34-11.jpg,3363,4119,224,GR_ulva,green_algae_ulva,TRUE,1,GR_ulva,0,RE_leaf,0,KE_5rib,0,unknown,0,KE_sieve
2024_10_08_11-34-11.jpg,2262,3430,224,GR_ulva,green_algae_ulva,TRUE,1,GR_ulva,0,RE_leaf,0,KE_5rib,0,MS,0,RE_fil
2024_10_08_11-34-11.jpg,431,2940,224,GR_ulva,green_algae_ulva,TRUE,1,GR_ulva,0,SU_bould,0,KE_5rib,0,KE_stipe,0,MS
2024_10_08_11-34-11.jpg,1021,255,224,GR_ulva,green_algae_ulva,TRUE,1,GR_ulva,0,KE_5rib,0,RE_leaf,0,unknown,0,KE_sieve
2024_10_08_11-34-20.jpg,3178,1992,224,SU_cob,cobble,TRUE,0.674,GR_ulva,0.204,SU_bould,0.085,KE_stipe,0.03,SU_peb,0.002,MS
2024_10_08_11-34-20.jpg,403,2005,224,SU_peb,pebble,TRUE,0.999,SU_peb,0,SU_shell,0,SU_silt,0,SU_sand,0,SU_bould
2024_10_08_11-34-20.jpg,2361,1992,224,GR_ulva,green_algae_ulva,TRUE,1,GR_ulva,0,KE_stipe,0,RE_CCA,0,MS,0,SU_peb
2024_10_08_11-34-20.jpg,221,1365,224,SU_silt,silt,TRUE,0.983,SU_silt,0.015,SU_sand,0.002,SU_shell,0,SU_peb,0,MS
2024_10_08_11-34-20.jpg,3415,1968,224,GR_ulva,green_algae_ulva,TRUE,1,GR_ulva,0,BR_sarg,0,MS,0,SU_peb,0,BR_fucus
2024_10_08_11-34-20.jpg,239,3081,224,GR_ulva,green_algae_ulva,TRUE,0.888,GR_ulva,0.102,SU_bould,0.008,KE_sieve,0.001,KE_stipe,0.001,SU_cob
2024_10_08_11-34-20.jpg,2820,322,224,GR_ulva,green_algae_ulva,TRUE,0.999,GR_ulva,0.001,SU_cob,0,SU_peb,0,KE_stipe,0,SU_bould
2024_10_08_11-34-20.jpg,2288,2841,224,GR_ulva,green_algae_ulva,TRUE,1,GR_ulva,0,KE_bull,0,BR_sarg,0,KE_stipe,0,RE_leaf
2024_10_08_11-34-20.jpg,3297,3165,224,GR_ulva,green_algae_ulva,TRUE,0.998,GR_ulva,0.002,KE_5rib,0,KE_sieve,0,RE_fil,0,RE_leaf
2024_10_08_11-34-20.jpg,1712,2016,224,SU_peb,pebble,TRUE,0.659,SU_peb,0.232,SU_bould,0.041,KE_stipe,0.038,SU_cob,0.014,SU_sand
2024_10_08_11-34-20.jpg,3604,1766,224,GR_ulva,green_algae_ulva,TRUE,1,GR_ulva,0,SU_peb,0,KE_bull,0,MS,0,BR_sarg
2024_10_08_11-34-20.jpg,1273,3428,224,GR_ulva,green_algae_ulva,TRUE,0.314,SU_peb,0.305,SU_bould,0.302,GR_ulva,0.035,SU_cob,0.033,KE_bull
2024_10_08_11-34-20.jpg,3738,572,224,SU_cob,cobble,TRUE,0.694,SU_sand,0.25,SU_cob,0.052,SU_shell,0.004,SU_peb,0,SU_silt
2024_10_08_11-34-20.jpg,1934,4097,224,GR_ulva,green_algae_ulva,TRUE,0.679,GR_ulva,0.27,KE_5rib,0.03,SU_cob,0.01,SU_bould,0.004,unknown
2024_10_08_11-34-20.jpg,825,3106,224,SU_cob,cobble,TRUE,0.538,SU_bould,0.387,SU_peb,0.052,SU_sand,0.008,MS,0.007,SU_cob
2024_10_08_11-34-20.jpg,132,2237,224,SU_cob,cobble,TRUE,0.422,SU_cob,0.395,SU_bould,0.169,GR_ulva,0.012,SU_peb,0.002,KE_stipe
2024_10_08_11-34-20.jpg,3008,2211,224,SU_cob,cobble,TRUE,0.925,SU_sand,0.05,MS,0.011,SU_cob,0.01,RE_CCA,0.001,SU_peb
2024_10_08_11-34-20.jpg,3060,2640,224,SU_cob,cobble,TRUE,0.465,GR_ulva,0.237,RE_CCA,0.075,SU_silt,0.07,SU_sand,0.04,KE_stipe
2024_10_08_11-34-20.jpg,2628,237,224,GR_ulva,green_algae_ulva,TRUE,0.976,GR_ulva,0.024,SU_peb,0,SU_cob,0,SU_silt,0,MS
2024_10_08_11-34-20.jpg,3271,3796,224,GR_ulva,green_algae_ulva,TRUE,0.943,GR_ulva,0.056,unknown,0,KE_sieve,0,KE_stipe,0,RE_fil
2024_10_08_11-34-20.jpg,3571,2710,224,GR_ulva,green_algae_ulva,TRUE,1,GR_ulva,0,SU_peb,0,KE_stipe,0,KE_bull,0,BR_sarg
2024_10_08_11-34-20.jpg,2429,2922,224,GR_ulva,green_algae_ulva,TRUE,1,GR_ulva,0,RE_leaf,0,KE_bull,0,BR_sarg,0,KE_5rib
2024_10_08_11-34-20.jpg,3406,145,224,SU_peb,pebble,TRUE,0.767,SU_shell,0.111,KE_stipe,0.109,SU_peb,0.004,SU_cob,0.004,SU_bould
2024_10_08_11-34-20.jpg,430,1129,224,SU_peb,pebble,TRUE,0.999,SU_peb,0.001,SU_silt,0,SU_cob,0,SU_shell,0,KE_stipe
2024_10_08_11-34-20.jpg,1728,2132,224,KE_sugar,kelp_sugar,TRUE,0.703,SU_peb,0.11,GR_ulva,0.082,KE_stipe,0.056,KE_bull,0.029,SU_cob
2024_10_08_11-34-20.jpg,1607,1161,224,KE_5rib,kelp_five_rib,TRUE,0.999,KE_sugar,0.001,KE_5rib,0,SU_cob,0,RE_CCA,0,GR_ulva
2024_10_08_11-34-20.jpg,1620,4360,224,SU_peb,pebble,TRUE,0.614,SU_shell,0.207,KE_stipe,0.102,SU_bould,0.026,SU_peb,0.021,SU_sand
2024_10_08_11-34-20.jpg,2560,597,224,SU_silt,silt,TRUE,0.664,GR_ulva,0.308,MS,0.02,SU_cob,0.007,SU_peb,0.001,SU_bould
2024_10_08_11-34-20.jpg,1540,2149,224,SU_peb,pebble,TRUE,0.995,SU_peb,0.002,SU_sand,0.002,SU_silt,0,KE_stipe,0,SU_shell
2024_10_08_11-34-20.jpg,2550,2516,224,GR_ulva,green_algae_ulva,TRUE,0.999,GR_ulva,0.001,KE_bull,0,RE_leaf,0,BR_sarg,0,KE_sieve
2024_10_08_11-34-20.jpg,906,1143,224,KE_5rib,kelp_five_rib,TRUE,0.235,KE_sugar,0.174,SU_peb,0.14,SU_silt,0.139,MS,0.136,SU_cob
2024_10_08_11-34-20.jpg,2357,1745,224,SU_peb,pebble,TRUE,0.994,SU_peb,0.003,SU_cob,0.001,RE_CCA,0.001,SU_sand,0.001,KE_stipe
2024_10_08_11-34-20.jpg,2984,2778,224,GR_ulva,green_algae_ulva,TRUE,1,GR_ulva,0,BR_sarg,0,RE_leaf,0,SU_silt,0,MS
2024_10_08_11-34-20.jpg,3695,1595,224,GR_ulva,green_algae_ulva,TRUE,1,GR_ulva,0,SU_silt,0,BR_sarg,0,KE_sugar,0,unknown
2024_10_08_11-34-20.jpg,1838,4489,224,GR_ulva,green_algae_ulva,TRUE,0.848,GR_ulva,0.15,SU_bould,0.001,SU_cob,0,KE_stipe,0,SU_peb
2024_10_08_11-34-20.jpg,3494,1535,224,GR_ulva,green_algae_ulva,TRUE,1,GR_ulva,0,KE_bull,0,KE_5rib,0,KE_stipe,0,MS
2024_10_08_11-34-20.jpg,2569,2921,224,GR_ulva,green_algae_ulva,TRUE,1,GR_ulva,0,KE_stipe,0,BR_sarg,0,BR_fucus,0,unknown
2024_10_08_11-34-20.jpg,3908,2109,224,GR_ulva,green_algae_ulva,TRUE,1,GR_ulva,0,KE_bull,0,unknown,0,BR_sarg,0,RE_leaf
2024_10_08_11-34-20.jpg,1725,3071,224,SU_cob,cobble,TRUE,0.823,MS,0.091,SU_sand,0.039,KE_stipe,0.013,SU_peb,0.009,SU_bould
2024_10_08_11-34-20.jpg,1549,822,224,KE_5rib,kelp_five_rib,TRUE,0.909,KE_sugar,0.085,KE_5rib,0.002,RE_bush,0.001,RE_leaf,0.001,BR_sarg
2024_10_08_11-34-20.jpg,1183,687,224,KE_5rib,kelp_five_rib,TRUE,1,KE_sugar,0,SU_silt,0,KE_5rib,0,RE_leaf,0,SU_cob
2024_10_08_11-34-20.jpg,2035,3223,224,GR_ulva,green_algae_ulva,TRUE,1,GR_ulva,0,SI,0,KE_sugar,0,KE_5rib,0,SI_kelpBry
2024_10_08_11-34-20.jpg,1262,1525,224,KE_5rib,kelp_five_rib,TRUE,0.778,SU_peb,0.146,SU_bould,0.034,SU_silt,0.022,KE_stipe,0.01,SU_cob
2024_10_08_11-34-20.jpg,1405,1739,224,KE_5rib,kelp_five_rib,TRUE,0.527,KE_sieve,0.183,SU_cob,0.139,KE_sugar,0.04,SU_bould,0.032,KE_5rib
2024_10_08_11-34-20.jpg,1415,833,224,KE_5rib,kelp_five_rib,TRUE,0.983,KE_5rib,0.013,KE_sugar,0.002,RE_branch,0.001,RE_bush,0.001,BR_fucus
2024_10_08_11-34-20.jpg,764,947,224,SU_peb,pebble,TRUE,0.811,SU_cob,0.086,GR_ulva,0.072,SU_peb,0.024,SU_bould,0.006,KE_stipe
2024_10_08_11-34-20.jpg,2570,2066,224,SU_peb,pebble,TRUE,0.802,SU_sand,0.175,SU_peb,0.018,SU_silt,0.003,SU_shell,0.001,RE_CCA
2024_10_08_11-34-20.jpg,387,876,224,SU_silt,silt,TRUE,0.952,SU_silt,0.046,SU_shell,0.002,MS,0,SU_sand,0,SU_peb
2024_10_08_11-34-20.jpg,1959,1681,224,KE_sugar,kelp_sugar,TRUE,1,KE_sugar,0,KE_5rib,0,RE_leaf,0,GR_ulva,0,KE_bull
2024_10_08_11-34-20.jpg,2476,3497,224,GR_ulva,green_algae_ulva,TRUE,1,GR_ulva,0,KE_stipe,0,unknown,0,SU_cob,0,KE_5rib
2024_10_08_11-34-29.jpg,2483,2199,224,GR_ulva,green_algae_ulva,TRUE,1,GR_ulva,0,RE_leaf,0,BR_sarg,0,KE_5rib,0,SI_kelpBry
2024_10_08_11-34-29.jpg,3664,817,224,SU_peb,pebble,TRUE,0.996,SU_peb,0.003,SU_sand,0.001,SU_shell,0,SU_bould,0,SU_cob
2024_10_08_11-34-29.jpg,2024,3338,224,GR_ulva,green_algae_ulva,TRUE,1,GR_ulva,0,KE_stipe,0,MS,0,KE_bull,0,SU_silt
2024_10_08_11-34-29.jpg,2637,2127,224,GR_ulva,green_algae_ulva,TRUE,1,GR_ulva,0,KE_bull,0,RE_leaf,0,KE_5rib,0,KE_stipe
2024_10_08_11-34-29.jpg,1096,2393,224,GR_ulva,green_algae_ulva,TRUE,0.651,KE_bull,0.117,RE_fil,0.102,MS,0.087,KE_stipe,0.033,GR_ulva
2024_10_08_11-34-29.jpg,886,2259,224,SU_peb,pebble,TRUE,0.999,SU_peb,0,GR_ulva,0,SU_cob,0,SU_sand,0,SU_shell
2024_10_08_11-34-29.jpg,1489,3529,224,GR_ulva,green_algae_ulva,TRUE,0.729,GR_ulva,0.106,KE_stipe,0.058,SU_bould,0.054,KE_sugar,0.017,MS
2024_10_08_11-34-29.jpg,3804,561,224,SU_peb,pebble,TRUE,0.996,SU_peb,0.003,GR_ulva,0,SU_silt,0,SU_shell,0,MS
2024_10_08_11-34-29.jpg,1266,2932,224,RE_leaf,red_algae_flat_leaf,TRUE,0.988,RE_leaf,0.004,SU_peb,0.004,KE_5rib,0.003,MS,0.001,RE_fil
2024_10_08_11-34-29.jpg,583,1380,224,GR_ulva,green_algae_ulva,TRUE,1,GR_ulva,0,SU_cob,0,BR_fucus,0,KE_stipe,0,KE_holdfas
2024_10_08_11-34-29.jpg,1299,4026,224,GR_ulva,green_algae_ulva,TRUE,0.991,GR_ulva,0.004,SU_bould,0.003,SU_cob,0.001,SU_peb,0.001,KE_stipe
2024_10_08_11-34-29.jpg,1511,2019,224,GR_ulva,green_algae_ulva,TRUE,1,GR_ulva,0,BR_sarg,0,RE_leaf,0,SU_cob,0,BR_fucus
2024_10_08_11-34-29.jpg,143,2133,224,SU_peb,pebble,TRUE,0.79,SU_sand,0.188,SU_peb,0.021,SU_silt,0.001,SU_shell,0,GR_ulva
2024_10_08_11-34-29.jpg,1505,1011,224,SU_cob,cobble,TRUE,0.968,GR_ulva,0.021,SU_cob,0.01,SU_peb,0,KE_stipe,0,SU_bould
2024_10_08_11-34-29.jpg,3902,1030,224,SU_silt,silt,TRUE,1,SU_silt,0,SU_shell,0,MS,0,SU_peb,0,SU_bould
2024_10_08_11-34-29.jpg,2005,3168,224,GR_ulva,green_algae_ulva,TRUE,1,GR_ulva,0,BR_sarg,0,KE_bull,0,KE_stipe,0,RE_leaf
2024_10_08_11-34-29.jpg,2978,2329,224,GR_ulva,green_algae_ulva,TRUE,1,GR_ulva,0,KE_5rib,0,RE_leaf,0,BR_sarg,0,MS
2024_10_08_11-34-29.jpg,484,3558,224,GR_ulva,green_algae_ulva,TRUE,1,GR_ulva,0,KE_stipe,0,KE_bull,0,BR_fucus,0,MS
2024_10_08_11-34-29.jpg,391,2690,224,SU_peb,pebble,TRUE,0.487,SU_cob,0.402,SU_peb,0.093,SU_silt,0.012,SU_shell,0.004,SU_bould
2024_10_08_11-34-29.jpg,3664,3425,224,SU_peb,pebble,TRUE,0.672,KE_bull,0.139,KE_stipe,0.138,MS,0.026,SU_bould,0.015,GR_ulva
2024_10_08_11-34-29.jpg,2811,837,224,SU_cob,cobble,TRUE,0.996,SU_sand,0.004,MS,0,BR_sarg,0,SU_peb,0,SI_kelpBry
2024_10_08_11-34-29.jpg,1801,4164,224,GR_ulva,green_algae_ulva,TRUE,0.997,GR_ulva,0.002,unknown,0.001,MS,0,KE_5rib,0,KE_stipe
2024_10_08_11-34-29.jpg,2511,4150,224,GR_ulva,green_algae_ulva,TRUE,0.996,GR_ulva,0.003,unknown,0.001,KE_sieve,0,MS,0,KE_stipe
2024_10_08_11-34-29.jpg,389,4319,224,GR_ulva,green_algae_ulva,TRUE,0.999,GR_ulva,0,unknown,0,KE_sieve,0,MS,0,KE_stipe
2024_10_08_11-34-29.jpg,3204,1490,224,SU_bould,boulder,TRUE,0.817,SU_bould,0.181,BR_sarg,0.002,RE_CCA,0,KE_stipe,0,GR_ulva
2024_10_08_11-34-29.jpg,772,2590,224,SU_cob,cobble,TRUE,0.557,SU_cob,0.216,SU_bould,0.201,SU_silt,0.017,SU_shell,0.005,SU_peb
2024_10_08_11-34-29.jpg,575,3779,224,GR_ulva,green_algae_ulva,TRUE,0.986,GR_ulva,0.006,unknown,0.003,SU_bould,0.003,KE_sieve,0.001,KE_5rib
2024_10_08_11-34-29.jpg,2032,1096,224,SU_bould,boulder,TRUE,0.93,SU_sand,0.046,SU_cob,0.013,SU_shell,0.01,SU_bould,0.001,MS
2024_10_08_11-34-29.jpg,3505,787,224,SU_peb,pebble,TRUE,0.998,SU_peb,0.002,SU_sand,0,SU_silt,0,SU_shell,0,RE_branch
2024_10_08_11-34-29.jpg,196,2818,224,SU_cob,cobble,TRUE,0.992,SU_cob,0.003,SU_bould,0.002,MS,0.001,SU_shell,0.001,SU_peb
2024_10_08_11-34-29.jpg,2053,870,224,SU_cob,cobble,TRUE,0.534,SU_cob,0.158,BR_fucus,0.149,GR_ulva,0.094,KE_stipe,0.026,KE_sugar
2024_10_08_11-34-29.jpg,2910,3197,224,RE_bush,red_algae_bushy,TRUE,1,RE_bush,0,BR_fucus,0,KE_sieve,0,SU_silt,0,KE_stipe
2024_10_08_11-34-29.jpg,3168,388,224,SU_peb,pebble,TRUE,0.822,SU_cob,0.178,SU_peb,0,GR_ulva,0,SU_silt,0,SU_bould
2024_10_08_11-34-29.jpg,3107,1157,224,SU_cob,cobble,TRUE,0.722,SU_bould,0.173,SU_peb,0.086,SU_cob,0.01,MS,0.007,SU_silt
2024_10_08_11-34-29.jpg,3150,180,224,GR_ulva,green_algae_ulva,TRUE,0.479,GR_ulva,0.21,SU_cob,0.199,MS,0.099,KE_stipe,0.006,RE_fil
2024_10_08_11-34-29.jpg,2108,4338,224,GR_ulva,green_algae_ulva,TRUE,0.998,GR_ulva,0.002,unknown,0,KE_5rib,0,RE_fil,0,RE_leaf
2024_10_08_11-34-29.jpg,1471,3050,224,GR_ulva,green_algae_ulva,TRUE,0.994,GR_ulva,0.005,RE_leaf,0,KE_bull,0,MS,0,KE_stipe
2024_10_08_11-34-29.jpg,2536,2349,224,GR_ulva,green_algae_ulva,TRUE,1,GR_ulva,0,KE_bull,0,KE_5rib,0,SU_peb,0,RE_leaf
2024_10_08_11-34-29.jpg,2284,2780,224,GR_ulva,green_algae_ulva,TRUE,1,GR_ulva,0,KE_bull,0,SU_bould,0,KE_stipe,0,RE_CCA
2024_10_08_11-34-29.jpg,3866,1552,224,SU_peb,pebble,TRUE,0.705,SU_peb,0.155,SU_sand,0.102,SU_silt,0.037,SU_shell,0.001,GR_ulva
2024_10_08_11-34-29.jpg,3721,2588,224,GR_ulva,green_algae_ulva,TRUE,1,GR_ulva,0,KE_stipe,0,SU_peb,0,BR_sarg,0,SU_bould
2024_10_08_11-34-29.jpg,1610,3106,224,GR_ulva,green_algae_ulva,TRUE,1,GR_ulva,0,KE_bull,0,BR_sarg,0,KE_sieve,0,RE_leaf
2024_10_08_11-34-29.jpg,1041,1259,224,GR_ulva,green_algae_ulva,TRUE,1,GR_ulva,0,RE_leaf,0,BR_sarg,0,MS,0,SU_cob
2024_10_08_11-34-29.jpg,2802,4131,224,GR_ulva,green_algae_ulva,TRUE,1,GR_ulva,0,SU_cob,0,SU_peb,0,KE_5rib,0,SU_bould
2024_10_08_11-34-29.jpg,710,2221,224,SU_peb,pebble,TRUE,0.998,SU_silt,0.001,SU_peb,0,SU_cob,0,SU_bould,0,SU_shell
2024_10_08_11-34-29.jpg,2210,2298,224,GR_ulva,green_algae_ulva,TRUE,1,GR_ulva,0,KE_5rib,0,RE_leaf,0,BR_sarg,0,SI_kelpBry
2024_10_08_11-34-29.jpg,2089,4470,224,GR_ulva,green_algae_ulva,TRUE,0.927,KE_sieve,0.072,GR_ulva,0,unknown,0,KE_stipe,0,RE_bush
2024_10_08_11-34-29.jpg,1560,1254,224,SU_bould,boulder,TRUE,0.671,GR_ulva,0.237,KE_stipe,0.081,SU_bould,0.004,BR_sarg,0.004,KE_sugar
2024_10_08_11-34-29.jpg,3119,1838,224,SU_peb,pebble,TRUE,0.812,SU_peb,0.187,SU_sand,0.001,SU_silt,0,GR_ulva,0,SU_shell
2024_10_08_11-34-29.jpg,287,1557,224,SU_silt,silt,TRUE,1,SU_silt,0,SU_sand,0,SU_shell,0,MS,0,SU_peb
2024_10_08_11-34-38.jpg,1140,2395,224,GR_ulva,green_algae_ulva,TRUE,1,GR_ulva,0,KE_5rib,0,RE_leaf,0,unknown,0,BR_sarg
2024_10_08_11-34-38.jpg,3426,2740,224,SU_silt,silt,TRUE,0.999,SU_silt,0.001,SU_shell,0,MS,0,SU_peb,0,SU_sand
2024_10_08_11-34-38.jpg,471,3814,224,GR_ulva,green_algae_ulva,TRUE,0.994,GR_ulva,0.006,SU_peb,0,SU_cob,0,KE_stipe,0,KE_5rib
2024_10_08_11-34-38.jpg,1847,3539,224,SU_peb,pebble,TRUE,0.998,RE_bush,0.002,SU_sand,0,SI,0,RE_branch,0,SU_silt
2024_10_08_11-34-38.jpg,2424,381,224,SU_silt,silt,TRUE,0.987,SU_silt,0.013,SU_sand,0,SU_peb,0,RE_branch,0,RE_bush
2024_10_08_11-34-38.jpg,1962,2852,224,SU_bould,boulder,TRUE,0.941,SU_sand,0.038,SU_cob,0.011,SI,0.002,KE_holdfas,0.002,SU_bould
2024_10_08_11-34-38.jpg,1457,677,224,GR_ulva,green_algae_ulva,TRUE,1,GR_ulva,0,unknown,0,KE_stipe,0,SU_cob,0,KE_sugar
2024_10_08_11-34-38.jpg,3108,3231,224,SU_sand,sand_fine_shell,TRUE,0.995,SU_sand,0.004,SU_silt,0.001,SU_peb,0,SU_shell,0,MS
2024_10_08_11-34-38.jpg,1547,1230,224,GR_ulva,green_algae_ulva,TRUE,0.94,GR_ulva,0.041,KE_stipe,0.015,KE_bull,0.001,MS,0.001,SI_kelpBry
2024_10_08_11-34-38.jpg,976,4067,224,GR_ulva,green_algae_ulva,TRUE,1,GR_ulva,0,KE_5rib,0,KE_sieve,0,unknown,0,MS
2024_10_08_11-34-38.jpg,886,3097,224,GR_ulva,green_algae_ulva,TRUE,1,GR_ulva,0,unknown,0,BR_sarg,0,MS,0,KE_5rib
2024_10_08_11-34-38.jpg,601,2058,224,SU_sand,sand_fine_shell,TRUE,0.954,SU_peb,0.044,GR_ulva,0.001,SU_shell,0.001,SU_sand,0,SU_cob
2024_10_08_11-34-38.jpg,2392,2127,224,SU_peb,pebble,TRUE,0.709,SU_peb,0.191,SU_silt,0.027,KE_stipe,0.018,SU_cob,0.012,GR_ulva
2024_10_08_11-34-38.jpg,697,1907,224,GR_ulva,green_algae_ulva,TRUE,1,GR_ulva,0,SU_peb,0,KE_bull,0,SU_shell,0,KE_stipe
2024_10_08_11-34-38.jpg,1042,415,224,SU_peb,pebble,TRUE,0.849,SU_peb,0.151,GR_ulva,0,SU_shell,0,MS,0,SU_sand
2024_10_08_11-34-38.jpg,1515,2769,224,GR_ulva,green_algae_ulva,TRUE,1,GR_ulva,0,BR_sarg,0,RE_leaf,0,RE_fil,0,MS
2024_10_08_11-34-38.jpg,342,1135,224,KE_sugar,kelp_sugar,TRUE,0.322,SU_cob,0.201,SU_peb,0.199,RE_bush,0.149,BR_fucus,0.109,GR_ulva
2024_10_08_11-34-38.jpg,2484,2006,224,SU_sand,sand_fine_shell,TRUE,0.803,SU_sand,0.111,SU_shell,0.085,SU_silt,0,SU_peb,0,MS
2024_10_08_11-34-38.jpg,3009,2279,224,GR_ulva,green_algae_ulva,TRUE,0.997,GR_ulva,0.003,BR_sarg,0,KE_stipe,0,SU_bould,0,RE_CCA
2024_10_08_11-34-38.jpg,1722,3687,224,GR_ulva,green_algae_ulva,TRUE,1,GR_ulva,0,KE_sieve,0,KE_stipe,0,KE_bull,0,unknown
2024_10_08_11-34-38.jpg,3056,761,224,SU_sand,sand_fine_shell,TRUE,0.465,SU_sand,0.425,SU_shell,0.086,SU_peb,0.014,SU_silt,0.009,MS
2024_10_08_11-34-38.jpg,2239,2564,224,GR_ulva,green_algae_ulva,TRUE,0.999,GR_ulva,0.001,KE_bull,0,BR_sarg,0,RE_leaf,0,RE_branch
2024_10_08_11-34-38.jpg,933,4477,224,GR_ulva,green_algae_ulva,TRUE,0.951,GR_ulva,0.046,unknown,0.003,KE_sieve,0,KE_5rib,0,KE_stipe
2024_10_08_11-34-38.jpg,3598,1340,224,SU_silt,silt,TRUE,1,SU_silt,0,SU_shell,0,SU_peb,0,SU_sand,0,MS
2024_10_08_11-34-38.jpg,776,1550,224,SU_sand,sand_fine_shell,TRUE,0.933,SU_silt,0.046,GR_ulva,0.009,SU_peb,0.006,SU_shell,0.004,SU_sand
2024_10_08_11-34-38.jpg,238,2740,224,GR_ulva,green_algae_ulva,TRUE,1,GR_ulva,0,unknown,0,KE_5rib,0,RE_leaf,0,KE_sugar
2024_10_08_11-34-38.jpg,2378,2443,224,GR_ulva,green_algae_ulva,TRUE,1,GR_ulva,0,KE_bull,0,RE_leaf,0,BR_sarg,0,SU_peb
2024_10_08_11-34-38.jpg,2531,2767,224,GR_ulva,green_algae_ulva,TRUE,1,GR_ulva,0,RE_leaf,0,BR_sarg,0,KE_bull,0,KE_sugar
2024_10_08_11-34-38.jpg,2461,2273,224,GR_ulva,green_algae_ulva,TRUE,0.982,GR_ulva,0.016,KE_bull,0.001,SU_peb,0,SI,0,KE_stipe
2024_10_08_11-34-38.jpg,578,1927,224,GR_ulva,green_algae_ulva,TRUE,1,GR_ulva,0,SU_peb,0,KE_stipe,0,BR_sarg,0,SU_shell
2024_10_08_11-34-38.jpg,763,3451,224,GR_ulva,green_algae_ulva,TRUE,1,GR_ulva,0,unknown,0,KE_sieve,0,KE_5rib,0,RE_fil
2024_10_08_11-34-38.jpg,3720,3583,224,GR_ulva,green_algae_ulva,TRUE,0.999,GR_ulva,0.001,KE_stipe,0,SU_cob,0,SU_peb,0,MS
2024_10_08_11-34-38.jpg,232,870,224,KE_sugar,kelp_sugar,TRUE,0.889,SU_cob,0.073,GR_ulva,0.035,SU_peb,0.002,SU_silt,0,BR_fucus
2024_10_08_11-34-38.jpg,1285,124,224,GR_ulva,green_algae_ulva,TRUE,0.998,GR_ulva,0.001,unknown,0,SU_cob,0,MS,0,KE_stipe
2024_10_08_11-34-38.jpg,1434,3485,224,GR_ulva,green_algae_ulva,TRUE,1,GR_ulva,0,unknown,0,RE_leaf,0,KE_stipe,0,KE_sugar
2024_10_08_11-34-38.jpg,1056,995,224,SU_peb,pebble,TRUE,0.476,SU_sand,0.471,SU_peb,0.039,SU_silt,0.014,SU_shell,0,RE_CCA
2024_10_08_11-34-38.jpg,3432,2521,224,GR_ulva,green_algae_ulva,TRUE,0.79,KE_bull,0.193,SU_silt,0.005,KE_stipe,0.005,GR_ulva,0.003,KE_sugar
2024_10_08_11-34-38.jpg,3566,210,224,GR_ulva,green_algae_ulva,TRUE,1,GR_ulva,0,KE_stipe,0,MS,0,BR_sarg,0,SU_cob
2024_10_08_11-34-38.jpg,3667,929,224,SU_peb,pebble,TRUE,0.763,SU_sand,0.23,SU_silt,0.004,SU_shell,0.002,SU_peb,0.001,MS
2024_10_08_11-34-38.jpg,1247,4204,224,GR_ulva,green_algae_ulva,TRUE,0.998,GR_ulva,0.001,unknown,0,KE_sieve,0,KE_5rib,0,KE_stipe
2024_10_08_11-34-38.jpg,416,3073,224,GR_ulva,green_algae_ulva,TRUE,1,GR_ulva,0,KE_5rib,0,unknown,0,SU_bould,0,MS
2024_10_08_11-34-38.jpg,3825,2894,224,GR_ulva,green_algae_ulva,TRUE,0.798,GR_ulva,0.148,BR_fucus,0.026,KE_stipe,0.009,BR_sarg,0.008,MS
2024_10_08_11-34-38.jpg,768,3099,224,GR_ulva,green_algae_ulva,TRUE,1,GR_ulva,0,RE_leaf,0,BR_sarg,0,KE_5rib,0,BR_fucus
2024_10_08_11-34-38.jpg,2276,1753,224,KE_sugar,kelp_sugar,TRUE,0.882,KE_sugar,0.054,RE_bush,0.024,KE_bull,0.011,RE_leaf,0.01,RE_fil
2024_10_08_11-34-38.jpg,1000,3780,224,GR_ulva,green_algae_ulva,TRUE,0.999,GR_ulva,0,unknown,0,KE_5rib,0,MS,0,RE_leaf
2024_10_08_11-34-38.jpg,1218,3880,224,GR_ulva,green_algae_ulva,TRUE,0.997,GR_ulva,0.003,KE_5rib,0,unknown,0,KE_sieve,0,RE_leaf
2024_10_08_11-34-38.jpg,3678,4399,224,SU_peb,pebble,TRUE,0.514,GR_ulva,0.357,MS,0.037,KE_stipe,0.033,SU_silt,0.015,KE_5rib
2024_10_08_11-34-38.jpg,1954,4208,224,GR_ulva,green_algae_ulva,TRUE,0.987,GR_ulva,0.009,unknown,0.003,KE_5rib,0,KE_sieve,0,RE_fil
2024_10_08_11-34-38.jpg,1132,835,224,SU_silt,silt,TRUE,0.669,SU_silt,0.228,SU_peb,0.101,SU_sand,0.002,SU_shell,0,SI_kelpBry
2024_10_08_11-34-38.jpg,3087,267,224,GR_ulva,green_algae_ulva,TRUE,0.998,GR_ulva,0.002,SU_peb,0,SU_cob,0,MS,0,SU_shell
2024_10_08_11-34-47.jpg,1436,816,224,GR_ulva,green_algae_ulva,TRUE,1,GR_ulva,0,RE_leaf,0,unknown,0,BR_sarg,0,KE_stipe
2024_10_08_11-34-47.jpg,2466,3092,224,SU_shell,shell_hash,TRUE,0.882,SU_silt,0.107,SU_shell,0.011,SU_sand,0,MS,0,RE_bush
2024_10_08_11-34-47.jpg,3696,2777,224,GR_ulva,green_algae_ulva,TRUE,1,GR_ulva,0,RE_leaf,0,unknown,0,KE_5rib,0,KE_sugar
2024_10_08_11-34-47.jpg,1846,2083,224,SU_silt,silt,TRUE,0.997,SU_silt,0.002,KE_sugar,0.001,SU_shell,0,SU_cob,0,SU_bould
2024_10_08_11-34-47.jpg,2125,2145,224,SU_peb,pebble,TRUE,0.718,SU_silt,0.098,SU_peb,0.076,SU_bould,0.032,MS,0.022,RE_CCA
2024_10_08_11-34-47.jpg,2367,3881,224,GR_ulva,green_algae_ulva,TRUE,1,GR_ulva,0,KE_5rib,0,KE_stipe,0,KE_sugar,0,KE_bull
2024_10_08_11-34-47.jpg,1628,859,224,GR_ulva,green_algae_ulva,TRUE,1,GR_ulva,0,RE_leaf,0,unknown,0,KE_bull,0,KE_sugar
2024_10_08_11-34-47.jpg,1170,3453,224,GR_ulva,green_algae_ulva,TRUE,1,GR_ulva,0,RE_leaf,0,KE_5rib,0,BR_sarg,0,MS
2024_10_08_11-34-47.jpg,1631,486,224,GR_ulva,green_algae_ulva,TRUE,1,GR_ulva,0,unknown,0,BR_sarg,0,SU_peb,0,BR_fucus
2024_10_08_11-34-47.jpg,1891,3413,224,SU_peb,pebble,TRUE,0.966,SU_silt,0.033,SU_sand,0.001,SU_shell,0,SU_peb,0,SU_cob
2024_10_08_11-34-47.jpg,2709,4090,224,GR_ulva,green_algae_ulva,TRUE,0.978,GR_ulva,0.018,KE_sugar,0.003,MS,0.001,KE_stipe,0,RE_leaf
2024_10_08_11-34-47.jpg,923,3447,224,GR_ulva,green_algae_ulva,TRUE,1,GR_ulva,0,SU_peb,0,RE_leaf,0,SU_cob,0,MS
2024_10_08_11-34-47.jpg,1147,4493,224,SU_silt,silt,TRUE,0.557,SU_silt,0.442,SU_peb,0,MS,0,SU_cob,0,SU_shell
2024_10_08_11-34-47.jpg,1708,2651,224,SU_silt,silt,TRUE,0.533,GR_ulva,0.325,SU_silt,0.088,SU_peb,0.039,KE_bull,0.009,SU_shell
2024_10_08_11-34-47.jpg,1551,3746,224,GR_ulva,green_algae_ulva,TRUE,1,GR_ulva,0,SU_peb,0,KE_sugar,0,RE_leaf,0,MS
2024_10_08_11-34-47.jpg,1488,297,224,GR_ulva,green_algae_ulva,TRUE,1,GR_ulva,0,unknown,0,RE_leaf,0,KE_5rib,0,SI
2024_10_08_11-34-47.jpg,3102,3087,224,GR_ulva,green_algae_ulva,TRUE,1,GR_ulva,0,KE_stipe,0,SU_peb,0,MS,0,SU_bould
2024_10_08_11-34-47.jpg,645,411,224,KE_sugar,kelp_sugar,TRUE,0.368,KE_5rib,0.342,SU_peb,0.142,KE_sieve,0.061,SU_cob,0.052,BR_fucus
2024_10_08_11-34-47.jpg,562,4429,224,unknown,unknown_area,TRUE,0.661,MS,0.212,GR_ulva,0.076,SU_silt,0.031,SU_cob,0.016,KE_sugar
2024_10_08_11-34-47.jpg,295,3108,224,SU_silt,silt,TRUE,0.997,SU_silt,0.002,SU_shell,0.001,MS,0,GR_ulva,0,SU_peb
2024_10_08_11-34-47.jpg,1174,2066,224,SU_bould,boulder,TRUE,0.39,SU_bould,0.378,SU_sand,0.11,BR_sarg,0.052,SU_peb,0.038,RE_CCA
2024_10_08_11-34-47.jpg,3000,1473,224,GR_ulva,green_algae_ulva,TRUE,1,GR_ulva,0,RE_leaf,0,KE_sieve,0,BR_sarg,0,MS
2024_10_08_11-34-47.jpg,1326,1062,224,GR_ulva,green_algae_ulva,TRUE,1,GR_ulva,0,unknown,0,MS,0,KE_sugar,0,KE_stipe
2024_10_08_11-34-47.jpg,2707,2223,224,GR_ulva,green_algae_ulva,TRUE,1,GR_ulva,0,KE_stipe,0,SU_peb,0,BR_sarg,0,KE_bull
2024_10_08_11-34-47.jpg,1117,2568,224,GR_ulva,green_algae_ulva,TRUE,1,GR_ulva,0,BR_sarg,0,RE_leaf,0,SU_peb,0,SU_cob
2024_10_08_11-34-47.jpg,2811,3629,224,RE_bush,red_algae_bushy,TRUE,0.661,SU_silt,0.326,RE_bush,0.008,SU_sand,0.002,SU_shell,0.001,RE_leaf
2024_10_08_11-34-47.jpg,3880,3826,224,unknown,unknown_area,TRUE,1,RE_bush,0,KE_sugar,0,KE_stipe,0,KE_holdfas,0,RE_leaf
2024_10_08_11-34-47.jpg,2281,304,224,GR_ulva,green_algae_ulva,TRUE,0.998,GR_ulva,0.001,unknown,0,RE_leaf,0,SI_kelpBry,0,KE_stipe
2024_10_08_11-34-47.jpg,2875,762,224,GR_ulva,green_algae_ulva,TRUE,1,GR_ulva,0,SU_peb,0,SU_cob,0,unknown,0,RE_leaf
2024_10_08_11-34-47.jpg,3497,113,224,SU_bould,boulder,TRUE,0.971,SU_cob,0.017,SU_silt,0.007,KE_stipe,0.003,SU_shell,0.002,SU_peb
2024_10_08_11-34-47.jpg,370,1068,224,GR_ulva,green_algae_ulva,TRUE,1,GR_ulva,0,unknown,0,MS,0,KE_stipe,0,KE_sugar
2024_10_08_11-34-47.jpg,3810,4463,224,GR_ulva,green_algae_ulva,TRUE,0.873,GR_ulva,0.125,unknown,0.002,MS,0,KE_sugar,0,RE_leaf
2024_10_08_11-34-47.jpg,3339,4153,224,SU_sand,sand_fine_shell,TRUE,0.995,SU_peb,0.004,SU_sand,0,SU_silt,0,SU_cob,0,SU_bould
2024_10_08_11-34-47.jpg,1592,1372,224,GR_ulva,green_algae_ulva,TRUE,1,GR_ulva,0,unknown,0,KE_5rib,0,RE_leaf,0,KE_stipe
2024_10_08_11-34-47.jpg,1606,246,224,GR_ulva,green_algae_ulva,TRUE,1,GR_ulva,0,unknown,0,KE_5rib,0,BR_sarg,0,RE_leaf
2024_10_08_11-34-47.jpg,1418,1977,224,SU_bould,boulder,TRUE,0.562,SU_sand,0.236,SU_cob,0.09,SU_peb,0.088,SU_shell,0.021,MS
2024_10_08_11-34-47.jpg,1512,1745,224,GR_ulva,green_algae_ulva,TRUE,0.462,KE_sugar,0.373,GR_ulva,0.162,KE_stipe,0.003,KE_bull,0.001,SI_kelpBry
2024_10_08_11-34-47.jpg,687,3265,224,SU_silt,silt,TRUE,1,SU_silt,0,MS,0,SU_shell,0,GR_ulva,0,SU_cob
2024_10_08_11-34-47.jpg,1197,3741,224,SU_sand,sand_fine_shell,TRUE,0.978,SU_sand,0.019,SU_silt,0.002,SU_shell,0.001,MS,0,RE_bush
2024_10_08_11-34-47.jpg,2500,3431,224,SU_peb,pebble,TRUE,0.74,SU_peb,0.257,GR_ulva,0.002,SU_silt,0,SU_sand,0,KE_stipe
2024_10_08_11-34-47.jpg,1295,2863,224,GR_ulva,green_algae_ulva,TRUE,1,GR_ulva,0,RE_leaf,0,KE_sugar,0,unknown,0,KE_5rib
2024_10_08_11-34-47.jpg,1119,3887,224,SU_silt,silt,TRUE,1,SU_silt,0,SU_shell,0,SU_sand,0,MS,0,SU_peb
2024_10_08_11-34-47.jpg,1368,3508,224,GR_ulva,green_algae_ulva,TRUE,1,GR_ulva,0,RE_leaf,0,KE_5rib,0,SU_cob,0,SI
2024_10_08_11-34-47.jpg,2515,1155,224,GR_ulva,green_algae_ulva,TRUE,1,GR_ulva,0,SU_peb,0,SU_cob,0,RE_leaf,0,SI_kelpBry
2024_10_08_11-34-47.jpg,2782,3304,224,GR_ulva,green_algae_ulva,TRUE,1,GR_ulva,0,SU_peb,0,MS,0,SU_cob,0,SU_bould
2024_10_08_11-34-47.jpg,1370,1631,224,GR_ulva,green_algae_ulva,TRUE,1,GR_ulva,0,RE_leaf,0,KE_stipe,0,SU_peb,0,SI
2024_10_08_11-34-47.jpg,2656,3071,224,SU_cob,cobble,TRUE,0.57,SU_sand,0.327,SU_silt,0.074,MS,0.019,SU_shell,0.004,SU_cob
2024_10_08_11-34-47.jpg,3716,2907,224,GR_ulva,green_algae_ulva,TRUE,1,GR_ulva,0,RE_leaf,0,MS,0,KE_bull,0,KE_5rib
2024_10_08_11-34-47.jpg,1141,1085,224,GR_ulva,green_algae_ulva,TRUE,1,GR_ulva,0,RE_leaf,0,MS,0,KE_5rib,0,unknown
2024_10_08_11-34-47.jpg,3876,4100,224,GR_ulva,green_algae_ulva,TRUE,1,GR_ulva,0,MS,0,RE_leaf,0,KE_5rib,0,SU_peb
2024_10_08_11-34-56.jpg,595,517,224,GR_ulva,green_algae_ulva,TRUE,1,GR_ulva,0,SU_peb,0,SU_cob,0,KE_stipe,0,KE_5rib
2024_10_08_11-34-56.jpg,2427,4148,224,KE_sugar,kelp_sugar,TRUE,0.988,KE_sugar,0.006,RE_leaf,0.003,KE_5rib,0.002,KE_sieve,0.001,SU_silt
2024_10_08_11-34-56.jpg,3364,126,224,SU_silt,silt,TRUE,0.986,MS,0.013,SU_silt,0.001,SU_shell,0,GR_ulva,0,SU_peb
2024_10_08_11-34-56.jpg,3573,3885,224,SU_sand,sand_fine_shell,TRUE,0.753,SU_silt,0.198,SU_shell,0.02,MS,0.007,KE_sugar,0.007,SU_cob
2024_10_08_11-34-56.jpg,2239,3941,224,SU_silt,silt,TRUE,0.738,SU_silt,0.084,KE_5rib,0.079,SU_peb,0.042,KE_sugar,0.035,SU_sand
2024_10_08_11-34-56.jpg,529,3906,224,SU_peb,pebble,TRUE,0.868,MS,0.092,SU_peb,0.029,GR_ulva,0.003,KE_stipe,0.002,SU_silt
2024_10_08_11-34-56.jpg,3712,524,224,GR_ulva,green_algae_ulva,TRUE,0.796,GR_ulva,0.202,KE_stipe,0.002,SU_peb,0.001,SU_cob,0,SU_bould
2024_10_08_11-34-56.jpg,2696,3599,224,KE_sugar,kelp_sugar,TRUE,0.93,SI_kelpBry,0.033,KE_sugar,0.015,KE_sieve,0.011,SU_shell,0.009,SU_silt
2024_10_08_11-34-56.jpg,305,4388,224,SU_cob,cobble,TRUE,0.487,SU_cob,0.168,SU_peb,0.165,SU_bould,0.155,KE_stipe,0.012,unknown
2024_10_08_11-34-56.jpg,1551,2114,224,GR_ulva,green_algae_ulva,TRUE,1,GR_ulva,0,KE_bull,0,RE_leaf,0,BR_sarg,0,KE_sieve
2024_10_08_11-34-56.jpg,3052,1346,224,KE_sugar,kelp_sugar,TRUE,0.981,KE_sugar,0.019,SU_silt,0,GR_ulva,0,RE_leaf,0,MS
2024_10_08_11-34-56.jpg,2584,2309,224,SU_silt,silt,TRUE,1,SU_silt,0,SU_shell,0,SU_sand,0,KE_sugar,0,RE_leaf
2024_10_08_11-34-56.jpg,2422,908,224,SU_cob,cobble,TRUE,1,SU_peb,0,SU_cob,0,SU_sand,0,SI_kelpBry,0,MS
2024_10_08_11-34-56.jpg,861,1991,224,SU_silt,silt,TRUE,0.991,SU_silt,0.004,SU_shell,0.004,SU_cob,0,SU_peb,0,SU_bould
2024_10_08_11-34-56.jpg,2388,3739,224,SU_silt,silt,TRUE,0.993,SU_silt,0.007,SU_shell,0,KE_sugar,0,SU_cob,0,SU_sand
2024_10_08_11-34-56.jpg,426,2061,224,SU_peb,pebble,TRUE,0.918,SU_peb,0.082,GR_ulva,0,KE_bull,0,KE_stipe,0,BR_sarg
2024_10_08_11-34-56.jpg,1358,4487,224,KE_sugar,kelp_sugar,TRUE,1,KE_sugar,0,GR_ulva,0,KE_5rib,0,RE_leaf,0,MS
2024_10_08_11-34-56.jpg,3359,3633,224,SU_sand,sand_fine_shell,TRUE,0.999,SU_sand,0.001,SU_peb,0,SU_silt,0,SU_cob,0,SU_shell
2024_10_08_11-34-56.jpg,3095,3322,224,BR_sarg,brown_algae_sargassum,TRUE,0.993,KE_sugar,0.003,KE_holdfas,0.002,SU_bould,0.001,BR_sarg,0,KE_stipe
2024_10_08_11-34-56.jpg,3084,1606,224,KE_sugar,kelp_sugar,TRUE,0.482,KE_sugar,0.179,BR_sarg,0.078,SU_silt,0.077,KE_bull,0.05,KE_stipe
2024_10_08_11-34-56.jpg,3152,2790,224,SU_silt,silt,TRUE,0.673,MS,0.304,GR_ulva,0.016,KE_bull,0.002,SU_peb,0.002,BR_sarg
2024_10_08_11-34-56.jpg,1610,3369,224,GR_ulva,green_algae_ulva,TRUE,1,GR_ulva,0,SU_bould,0,RE_leaf,0,KE_bull,0,KE_5rib
2024_10_08_11-34-56.jpg,1895,2723,224,SU_silt,silt,TRUE,0.984,RE_leaf,0.013,KE_sugar,0.001,MS,0.001,KE_bull,0.001,KE_stipe
2024_10_08_11-34-56.jpg,152,4042,224,SU_bould,boulder,TRUE,0.771,SU_sand,0.222,SU_peb,0.004,MS,0.003,SU_silt,0,SU_shell
2024_10_08_11-34-56.jpg,1012,3875,224,SU_peb,pebble,TRUE,1,SU_peb,0,MS,0,GR_ulva,0,SU_cob,0,SU_bould
2024_10_08_11-34-56.jpg,487,2406,224,GR_ulva,green_algae_ulva,TRUE,0.445,SU_cob,0.353,GR_ulva,0.12,SU_silt,0.034,SU_peb,0.022,BR_fucus
2024_10_08_11-34-56.jpg,1390,3267,224,GR_ulva,green_algae_ulva,TRUE,1,GR_ulva,0,BR_sarg,0,KE_bull,0,KE_stipe,0,SU_peb
2024_10_08_11-34-56.jpg,3347,681,224,SU_shell,shell_hash,TRUE,0.955,GR_ulva,0.044,SU_peb,0.001,MS,0,SU_shell,0,SU_sand
2024_10_08_11-34-56.jpg,216,1213,224,GR_ulva,green_algae_ulva,TRUE,1,GR_ulva,0,MS,0,KE_bull,0,KE_stipe,0,BR_sarg
2024_10_08_11-34-56.jpg,317,3392,224,KE_sugar,kelp_sugar,TRUE,0.252,KE_stipe,0.251,BR_fucus,0.246,SU_bould,0.211,SU_peb,0.021,KE_sieve
2024_10_08_11-34-56.jpg,2077,4150,224,KE_sugar,kelp_sugar,TRUE,0.599,KE_sugar,0.226,SU_silt,0.164,KE_sieve,0.002,KE_stipe,0.002,GR_ulva
2024_10_08_11-34-56.jpg,468,3044,224,SU_peb,pebble,TRUE,0.666,SU_silt,0.331,SU_peb,0.003,SU_sand,0,SU_shell,0,MS
2024_10_08_11-34-56.jpg,821,4107,224,KE_sugar,kelp_sugar,TRUE,0.691,SU_silt,0.271,MS,0.015,KE_5rib,0.005,unknown,0.004,KE_stipe
2024_10_08_11-34-56.jpg,2251,2322,224,KE_sugar,kelp_sugar,TRUE,0.999,KE_sugar,0.001,RE_leaf,0,unknown,0,SU_silt,0,GR_ulva
2024_10_08_11-34-56.jpg,3168,2047,224,KE_sugar,kelp_sugar,TRUE,0.359,KE_stipe,0.201,SU_bould,0.137,KE_sugar,0.086,SU_cob,0.072,SU_silt
2024_10_08_11-34-56.jpg,3024,1772,224,SU_silt,silt,TRUE,1,SU_silt,0,SU_cob,0,SU_bould,0,SU_peb,0,KE_sugar
2024_10_08_11-34-56.jpg,2173,2874,224,RE_leaf,red_algae_flat_leaf,TRUE,0.965,RE_leaf,0.027,MS,0.005,RE_fil,0.001,RE_bush,0.001,KE_sugar
2024_10_08_11-34-56.jpg,344,2555,224,SU_peb,pebble,TRUE,0.378,SU_peb,0.366,SU_silt,0.129,SU_bould,0.062,SU_cob,0.045,SU_sand
2024_10_08_11-34-56.jpg,814,1247,224,GR_ulva,green_algae_ulva,TRUE,1,GR_ulva,0,KE_bull,0,BR_sarg,0,KE_5rib,0,RE_leaf
2024_10_08_11-34-56.jpg,1686,135,224,SU_sand,sand_fine_shell,TRUE,0.879,SU_sand,0.121,SU_silt,0,SU_shell,0,SI_kelpBry,0,SU_peb
2024_10_08_11-34-56.jpg,3568,658,224,SU_peb,pebble,TRUE,0.512,SU_peb,0.462,GR_ulva,0.026,SU_cob,0,MS,0,KE_stipe
2024_10_08_11-34-56.jpg,3284,1134,224,GR_ulva,green_algae_ulva,TRUE,1,GR_ulva,0,KE_5rib,0,BR_sarg,0,RE_leaf,0,SU_peb
2024_10_08_11-34-56.jpg,1423,1686,224,GR_ulva,green_algae_ulva,TRUE,1,GR_ulva,0,RE_leaf,0,unknown,0,KE_sugar,0,KE_5rib
2024_10_08_11-34-56.jpg,1071,1522,224,GR_ulva,green_algae_ulva,TRUE,1,GR_ulva,0,KE_bull,0,SI_kelpBry,0,BR_sarg,0,RE_leaf
2024_10_08_11-34-56.jpg,2089,3484,224,GR_ulva,green_algae_ulva,TRUE,1,GR_ulva,0,KE_bull,0,SI,0,RE_leaf,0,KE_holdfas
2024_10_08_11-34-56.jpg,2541,4019,224,KE_sugar,kelp_sugar,TRUE,0.919,KE_sugar,0.073,RE_leaf,0.002,MS,0.002,SU_silt,0.001,KE_bull
2024_10_08_11-34-56.jpg,2783,2457,224,SU_silt,silt,TRUE,0.971,SU_silt,0.016,RE_leaf,0.008,MS,0.001,SU_shell,0.001,RE_bush
2024_10_08_11-34-56.jpg,3872,1277,224,SU_silt,silt,TRUE,0.832,SU_silt,0.137,MS,0.022,SU_peb,0.007,GR_ulva,0.001,SU_shell
2024_10_08_11-34-56.jpg,1826,3896,224,GR_ulva,green_algae_ulva,TRUE,0.999,GR_ulva,0,KE_stipe,0,KE_sugar,0,SU_peb,0,MS
2024_10_08_11-34-56.jpg,1543,1632,224,GR_ulva,green_algae_ulva,TRUE,1,GR_ulva,0,KE_5rib,0,unknown,0,KE_sugar,0,KE_stipe
2024_10_08_11-35-05.jpg,2149,2387,224,SU_peb,pebble,TRUE,0.981,GR_ulva,0.01,SU_peb,0.007,KE_stipe,0.001,BR_sarg,0,KE_bull
2024_10_08_11-35-05.jpg,1212,4337,224,GR_ulva,green_algae_ulva,TRUE,0.983,GR_ulva,0.017,unknown,0,KE_sugar,0,KE_5rib,0,RE_leaf
2024_10_08_11-35-05.jpg,2542,794,224,GR_ulva,green_algae_ulva,TRUE,1,GR_ulva,0,RE_leaf,0,KE_5rib,0,KE_sieve,0,MS
2024_10_08_11-35-05.jpg,283,1819,224,KE_sugar,kelp_sugar,TRUE,0.959,MS,0.033,KE_sugar,0.004,KE_stipe,0.003,RE_leaf,0.001,SU_bould
2024_10_08_11-35-05.jpg,2143,2050,224,SU_peb,pebble,TRUE,0.608,SU_bould,0.265,SU_cob,0.036,SU_shell,0.036,SU_peb,0.027,SU_silt
2024_10_08_11-35-05.jpg,3655,1698,224,SU_silt,silt,TRUE,0.647,SU_peb,0.353,GR_ulva,0,KE_stipe,0,SU_shell,0,MS
2024_10_08_11-35-05.jpg,1632,2746,224,SU_peb,pebble,TRUE,0.412,SU_bould,0.278,SU_cob,0.228,SU_peb,0.032,GR_ulva,0.017,MS
2024_10_08_11-35-05.jpg,1306,3932,224,KE_stipe,kelp_stipe,TRUE,1,KE_stipe,0,KE_bull,0,MS,0,KE_5rib,0,RE_leaf
2024_10_08_11-35-05.jpg,3099,3546,224,KE_sugar,kelp_sugar,TRUE,0.995,KE_sugar,0.002,GR_ulva,0.002,RE_fil,0.001,RE_leaf,0,MS
2024_10_08_11-35-05.jpg,2308,2202,224,SU_peb,pebble,TRUE,0.938,SU_bould,0.03,GR_ulva,0.025,KE_sieve,0.003,RE_CCA,0.003,KE_stipe
2024_10_08_11-35-05.jpg,2093,2893,224,SU_bould,boulder,TRUE,0.769,SU_bould,0.203,GR_ulva,0.015,RE_CCA,0.007,BR_sarg,0.003,KE_stipe
2024_10_08_11-35-05.jpg,425,1414,224,GR_ulva,green_algae_ulva,TRUE,0.998,GR_ulva,0.001,KE_5rib,0,KE_sieve,0,RE_leaf,0,KE_bull
2024_10_08_11-35-05.jpg,1720,4472,224,GR_ulva,green_algae_ulva,TRUE,1,GR_ulva,0,KE_5rib,0,unknown,0,KE_sieve,0,KE_stipe
2024_10_08_11-35-05.jpg,3867,1232,224,SU_peb,pebble,TRUE,0.457,SU_peb,0.448,MS,0.057,SU_cob,0.038,KE_stipe,0,SU_shell
2024_10_08_11-35-05.jpg,2710,3982,224,KE_sugar,kelp_sugar,TRUE,0.999,KE_sugar,0.001,MS,0,GR_ulva,0,KE_stipe,0,KE_bull
2024_10_08_11-35-05.jpg,265,1298,224,GR_ulva,green_algae_ulva,TRUE,1,GR_ulva,0,KE_stipe,0,BR_sarg,0,MS,0,KE_bull
2024_10_08_11-35-05.jpg,2795,2547,224,SU_peb,pebble,TRUE,0.552,SU_silt,0.15,SU_cob,0.119,SU_shell,0.082,KE_bull,0.022,SU_peb
2024_10_08_11-35-05.jpg,3481,197,224,KE_sugar,kelp_sugar,TRUE,0.468,BR_fucus,0.36,SU_cob,0.091,KE_stipe,0.038,SU_peb,0.033,SU_bould
2024_10_08_11-35-05.jpg,3002,2393,224,SU_silt,silt,TRUE,0.95,SU_silt,0.045,SU_sand,0.004,SU_shell,0,KE_sugar,0,SI_kelpBry
2024_10_08_11-35-05.jpg,3770,1599,224,GR_ulva,green_algae_ulva,TRUE,1,GR_ulva,0,RE_leaf,0,KE_bull,0,SU_peb,0,SU_shell
2024_10_08_11-35-05.jpg,2853,2793,224,GR_ulva,green_algae_ulva,TRUE,0.598,BR_fucus,0.301,GR_ulva,0.043,KE_bull,0.032,SU_cob,0.018,RE_CCA
2024_10_08_11-35-05.jpg,1087,433,224,GR_ulva,green_algae_ulva,TRUE,0.943,GR_ulva,0.057,unknown,0,KE_stipe,0,SU_bould,0,MS
2024_10_08_11-35-05.jpg,1995,3620,224,SU_sand,sand_fine_shell,TRUE,0.275,MS,0.264,SU_silt,0.249,SU_sand,0.102,SU_bould,0.032,SU_peb
2024_10_08_11-35-05.jpg,874,730,224,GR_ulva,green_algae_ulva,TRUE,1,GR_ulva,0,unknown,0,BR_sarg,0,KE_sieve,0,KE_stipe
2024_10_08_11-35-05.jpg,3540,2926,224,SU_silt,silt,TRUE,0.994,SU_silt,0.006,SU_shell,0,SU_sand,0,SU_cob,0,SU_peb
2024_10_08_11-35-05.jpg,3516,1843,224,GR_ulva,green_algae_ulva,TRUE,0.997,GR_ulva,0.003,SU_silt,0,SU_peb,0,SU_shell,0,KE_stipe
2024_10_08_11-35-05.jpg,710,3140,224,GR_ulva,green_algae_ulva,TRUE,0.705,GR_ulva,0.25,SU_peb,0.041,MS,0.002,SU_cob,0.001,KE_stipe
2024_10_08_11-35-05.jpg,1130,1414,224,MS,mobile_species,TRUE,1,MS,0,SU_silt,0,SU_cob,0,SU_peb,0,SI_kelpBry
2024_10_08_11-35-05.jpg,2316,139,224,GR_ulva,green_algae_ulva,TRUE,0.979,GR_ulva,0.013,SI,0.004,unknown,0.002,SI_kelpBry,0.001,MS
2024_10_08_11-35-05.jpg,3476,3757,224,SU_peb,pebble,TRUE,0.994,SU_peb,0.006,GR_ulva,0,SU_shell,0,SU_silt,0,SU_cob
2024_10_08_11-35-05.jpg,552,4236,224,SU_silt,silt,TRUE,0.649,SU_peb,0.241,GR_ulva,0.057,MS,0.026,SU_silt,0.023,SU_cob
2024_10_08_11-35-05.jpg,1244,3413,224,GR_ulva,green_algae_ulva,TRUE,0.998,GR_ulva,0.002,SU_peb,0,BR_sarg,0,MS,0,KE_bull
2024_10_08_11-35-05.jpg,2101,2657,224,SU_bould,boulder,TRUE,0.488,SU_bould,0.413,SU_peb,0.053,SU_cob,0.01,SU_shell,0.009,RE_CCA
2024_10_08_11-35-05.jpg,731,1517,224,GR_ulva,green_algae_ulva,TRUE,0.926,GR_ulva,0.04,KE_stipe,0.028,SU_peb,0.004,BR_sarg,0.002,SU_bould
2024_10_08_11-35-05.jpg,838,2558,224,SU_peb,pebble,TRUE,0.96,SU_peb,0.029,SU_cob,0.003,KE_stipe,0.003,SU_bould,0.001,GR_ulva
2024_10_08_11-35-05.jpg,1563,3515,224,GR_ulva,green_algae_ulva,TRUE,0.661,GR_ulva,0.308,KE_stipe,0.026,MS,0.004,SU_peb,0.001,KE_bull
2024_10_08_11-35-05.jpg,490,3991,224,KE_sugar,kelp_sugar,TRUE,1,KE_stipe,0,KE_sugar,0,KE_5rib,0,BR_fucus,0,KE_holdfas
2024_10_08_11-35-05.jpg,1570,344,224,GR_ulva,green_algae_ulva,TRUE,1,GR_ulva,0,unknown,0,RE_leaf,0,MS,0,SI_kelpBry
2024_10_08_11-35-05.jpg,1602,4109,224,GR_ulva,green_algae_ulva,TRUE,1,GR_ulva,0,KE_5rib,0,SU_cob,0,RE_leaf,0,KE_sugar
2024_10_08_11-35-05.jpg,3157,925,224,GR_ulva,green_algae_ulva,TRUE,1,GR_ulva,0,KE_5rib,0,BR_sarg,0,unknown,0,MS
2024_10_08_11-35-05.jpg,3836,4144,224,SU_cob,cobble,TRUE,0.917,SU_silt,0.08,SU_cob,0.002,MS,0,SU_peb,0,SU_shell
2024_10_08_11-35-05.jpg,291,4429,224,unknown,unknown_area,TRUE,0.668,KE_stipe,0.193,BR_fucus,0.062,SU_peb,0.021,MS,0.018,KE_sieve
2024_10_08_11-35-05.jpg,553,852,224,GR_ulva,green_algae_ulva,TRUE,1,GR_ulva,0,MS,0,KE_stipe,0,KE_sieve,0,RE_leaf
2024_10_08_11-35-05.jpg,3562,2226,224,GR_ulva,green_algae_ulva,TRUE,1,GR_ulva,0,SU_peb,0,MS,0,KE_bull,0,BR_sarg
2024_10_08_11-35-05.jpg,799,4020,224,KE_sugar,kelp_sugar,TRUE,0.533,SU_peb,0.404,SU_bould,0.02,SU_cob,0.017,KE_stipe,0.009,BR_fucus
2024_10_08_11-35-05.jpg,791,3810,224,SU_peb,pebble,TRUE,0.67,SU_peb,0.151,GR_ulva,0.102,KE_stipe,0.057,MS,0.004,SU_cob
2024_10_08_11-35-05.jpg,151,3177,224,SU_cob,cobble,TRUE,0.849,SU_sand,0.058,SU_shell,0.03,SU_cob,0.026,SU_silt,0.013,MS
2024_10_08_11-35-05.jpg,2944,1898,224,SU_peb,pebble,TRUE,1,SU_peb,0,SU_silt,0,SU_cob,0,KE_bull,0,KE_stipe
2024_10_08_11-35-05.jpg,3476,2711,224,SU_silt,silt,TRUE,0.95,SU_silt,0.047,SU_sand,0.003,SU_shell,0,RE_CCA,0,MS
2024_10_08_11-35-05.jpg,2719,1325,224,GR_ulva,green_algae_ulva,TRUE,1,GR_ulva,0,RE_leaf,0,unknown,0,KE_5rib,0,KE_sieve
2024_10_08_11-35-14.jpg,3914,3086,224,KE_sugar,kelp_sugar,TRUE,0.992,KE_sugar,0.006,MS,0.001,KE_5rib,0.001,KE_stipe,0,SI
2024_10_08_11-35-14.jpg,2147,572,224,GR_ulva,green_algae_ulva,TRUE,1,GR_ulva,0,unknown,0,BR_sarg,0,KE_sugar,0,RE_leaf
2024_10_08_11-35-14.jpg,1096,3732,224,GR_ulva,green_algae_ulva,TRUE,1,GR_ulva,0,KE_bull,0,KE_stipe,0,KE_sugar,0,MS
2024_10_08_11-35-14.jpg,1064,353,224,SU_peb,pebble,TRUE,0.823,SU_peb,0.129,SU_sand,0.029,MS,0.013,SU_cob,0.002,RE_bush
2024_10_08_11-35-14.jpg,889,2762,224,GR_ulva,green_algae_ulva,TRUE,0.991,GR_ulva,0.008,SU_bould,0,KE_bull,0,SU_cob,0,KE_stipe
2024_10_08_11-35-14.jpg,684,521,224,GR_ulva,green_algae_ulva,TRUE,0.999,GR_ulva,0.001,SU_peb,0,KE_stipe,0,MS,0,BR_sarg
2024_10_08_11-35-14.jpg,3819,1377,224,GR_ulva,green_algae_ulva,TRUE,0.998,GR_ulva,0.002,KE_5rib,0,KE_stipe,0,KE_sieve,0,BR_sarg
2024_10_08_11-35-14.jpg,2180,3897,224,SU_peb,pebble,TRUE,0.742,SU_peb,0.136,SU_shell,0.055,SU_cob,0.032,SU_sand,0.019,GR_ulva
2024_10_08_11-35-14.jpg,3261,3072,224,SU_bould,boulder,TRUE,0.983,SU_sand,0.012,SU_peb,0.003,SU_cob,0.002,SU_shell,0.001,MS
2024_10_08_11-35-14.jpg,1829,1915,224,KE_sugar,kelp_sugar,TRUE,0.718,KE_sugar,0.166,MS,0.078,KE_stipe,0.018,RE_leaf,0.015,KE_bull
2024_10_08_11-35-14.jpg,465,4222,224,KE_sugar,kelp_sugar,TRUE,0.498,MS,0.289,GR_ulva,0.194,KE_sieve,0.013,KE_sugar,0.001,RE_leaf
2024_10_08_11-35-14.jpg,3152,2745,224,GR_ulva,green_algae_ulva,TRUE,1,GR_ulva,0,SU_peb,0,KE_bull,0,KE_stipe,0,SU_cob
2024_10_08_11-35-14.jpg,3515,1669,224,GR_ulva,green_algae_ulva,TRUE,1,GR_ulva,0,KE_5rib,0,RE_leaf,0,unknown,0,KE_stipe
2024_10_08_11-35-14.jpg,3873,4441,224,unknown,unknown_area,TRUE,0.99,GR_ulva,0.009,unknown,0,MS,0,KE_5rib,0,KE_sugar
2024_10_08_11-35-14.jpg,2515,297,224,GR_ulva,green_algae_ulva,TRUE,1,GR_ulva,0,KE_5rib,0,BR_sarg,0,RE_leaf,0,MS
2024_10_08_11-35-14.jpg,1399,355,224,KE_sugar,kelp_sugar,TRUE,1,KE_sugar,0,KE_5rib,0,RE_bush,0,RE_leaf,0,MS
2024_10_08_11-35-14.jpg,2020,3385,224,SU_silt,silt,TRUE,0.555,GR_ulva,0.277,SU_cob,0.128,SU_silt,0.035,SU_peb,0.003,SU_shell
2024_10_08_11-35-14.jpg,2551,2187,224,KE_sugar,kelp_sugar,TRUE,0.986,KE_sugar,0.012,SU_silt,0.001,GR_ulva,0.001,SU_bould,0,KE_sieve
2024_10_08_11-35-14.jpg,1511,625,224,SU_cob,cobble,TRUE,0.916,SU_cob,0.057,KE_sugar,0.018,KE_5rib,0.002,SU_silt,0.002,SU_peb
2024_10_08_11-35-14.jpg,1223,4396,224,GR_ulva,green_algae_ulva,TRUE,0.851,unknown,0.147,GR_ulva,0.001,SU_bould,0,MS,0,KE_sugar
2024_10_08_11-35-14.jpg,3533,346,224,GR_ulva,green_algae_ulva,TRUE,1,GR_ulva,0,KE_5rib,0,BR_sarg,0,RE_leaf,0,BR_fucus
2024_10_08_11-35-14.jpg,413,3364,224,GR_ulva,green_algae_ulva,TRUE,1,GR_ulva,0,SU_peb,0,MS,0,KE_stipe,0,SU_shell
2024_10_08_11-35-14.jpg,532,364,224,GR_ulva,green_algae_ulva,TRUE,1,GR_ulva,0,BR_sarg,0,RE_leaf,0,BR_fucus,0,unknown
2024_10_08_11-35-14.jpg,731,2571,224,GR_ulva,green_algae_ulva,TRUE,1,GR_ulva,0,KE_sieve,0,KE_stipe,0,RE_leaf,0,MS
2024_10_08_11-35-14.jpg,2260,1559,224,GR_ulva,green_algae_ulva,TRUE,0.988,KE_sugar,0.012,GR_ulva,0,KE_bull,0,RE_leaf,0,KE_stipe
2024_10_08_11-35-14.jpg,829,952,224,MS,mobile_species,TRUE,0.629,MS,0.361,SU_peb,0.006,SU_sand,0.003,GR_ulva,0.001,SU_shell
2024_10_08_11-35-14.jpg,2140,2488,224,SU_silt,silt,TRUE,1,SU_silt,0,SU_shell,0,SU_bould,0,SU_peb,0,GR_ulva
2024_10_08_11-35-14.jpg,1679,3610,224,GR_ulva,green_algae_ulva,TRUE,1,GR_ulva,0,unknown,0,RE_leaf,0,KE_stipe,0,KE_5rib
2024_10_08_11-35-14.jpg,505,2887,224,SU_peb,pebble,TRUE,1,GR_ulva,0,KE_stipe,0,SU_peb,0,KE_bull,0,MS
2024_10_08_11-35-14.jpg,3775,2238,224,GR_ulva,green_algae_ulva,TRUE,1,GR_ulva,0,KE_5rib,0,RE_leaf,0,KE_sieve,0,unknown
2024_10_08_11-35-14.jpg,2036,279,224,GR_ulva,green_algae_ulva,TRUE,0.999,GR_ulva,0,BR_sarg,0,KE_stipe,0,SU_peb,0,MS
2024_10_08_11-35-14.jpg,3903,3961,224,KE_sugar,kelp_sugar,TRUE,0.777,MS,0.178,GR_ulva,0.015,KE_sugar,0.012,unknown,0.007,KE_5rib
2024_10_08_11-35-14.jpg,289,2449,224,GR_ulva,green_algae_ulva,TRUE,1,GR_ulva,0,SU_cob,0,KE_5rib,0,KE_bull,0,SU_peb
2024_10_08_11-35-14.jpg,2690,2186,224,KE_sugar,kelp_sugar,TRUE,0.763,KE_sugar,0.234,SU_silt,0.002,GR_ulva,0.001,SU_cob,0,SU_bould
2024_10_08_11-35-14.jpg,3551,2465,224,GR_ulva,green_algae_ulva,TRUE,1,GR_ulva,0,KE_5rib,0,KE_bull,0,SI,0,RE_leaf
2024_10_08_11-35-14.jpg,2205,1906,224,GR_ulva,green_algae_ulva,TRUE,0.999,GR_ulva,0,KE_bull,0,SU_peb,0,KE_stipe,0,MS
2024_10_08_11-35-14.jpg,1632,2562,224,SI_kelpBry,kelp_bryozoan,TRUE,0.999,SI_kelpBry,0,BR_fucus,0,KE_stipe,0,KE_bull,0,SU_silt
2024_10_08_11-35-14.jpg,1432,3862,224,GR_ulva,green_algae_ulva,TRUE,0.943,KE_5rib,0.05,GR_ulva,0.004,SU_cob,0.002,unknown,0,SU_bould
2024_10_08_11-35-14.jpg,2562,2470,224,KE_sugar,kelp_sugar,TRUE,0.517,SU_bould,0.222,SU_cob,0.198,KE_sugar,0.033,SU_peb,0.013,GR_ulva
2024_10_08_11-35-14.jpg,1419,4127,224,GR_ulva,green_algae_ulva,TRUE,0.946,GR_ulva,0.05,unknown,0.003,KE_sieve,0,KE_stipe,0,MS
2024_10_08_11-35-14.jpg,685,3023,224,GR_ulva,green_algae_ulva,TRUE,1,GR_ulva,0,KE_stipe,0,KE_bull,0,BR_sarg,0,SU_peb
2024_10_08_11-35-14.jpg,3669,2703,224,SU_peb,pebble,TRUE,0.973,SU_peb,0.026,GR_ulva,0.001,SU_shell,0.001,SU_sand,0,KE_bull
2024_10_08_11-35-14.jpg,170,383,224,GR_ulva,green_algae_ulva,TRUE,1,GR_ulva,0,KE_stipe,0,MS,0,SU_bould,0,BR_sarg
2024_10_08_11-35-14.jpg,1778,2577,224,SU_sand,sand_fine_shell,TRUE,0.817,SU_sand,0.088,MS,0.029,RE_CCA,0.023,SU_peb,0.021,KE_stipe
2024_10_08_11-35-14.jpg,3570,4460,224,SU_sand,sand_fine_shell,TRUE,0.487,SU_silt,0.174,KE_stipe,0.098,SU_sand,0.051,KE_sugar,0.04,SU_peb
2024_10_08_11-35-14.jpg,1324,2336,224,KE_sugar,kelp_sugar,TRUE,0.999,KE_sugar,0.001,RE_leaf,0,MS,0,SU_cob,0,SI_kelpBry
2024_10_08_11-35-14.jpg,3910,2057,224,GR_ulva,green_algae_ulva,TRUE,0.996,GR_ulva,0.002,unknown,0.001,KE_sieve,0.001,KE_5rib,0,RE_leaf
2024_10_08_11-35-14.jpg,2344,3354,224,SU_bould,boulder,TRUE,0.758,MS,0.067,RE_fil,0.062,SU_peb,0.052,SU_cob,0.052,RE_bush
2024_10_08_11-35-14.jpg,2110,418,224,GR_ulva,green_algae_ulva,TRUE,1,GR_ulva,0,unknown,0,BR_sarg,0,KE_sugar,0,RE_leaf
2024_10_08_11-35-14.jpg,2301,4181,224,GR_ulva,green_algae_ulva,TRUE,0.98,GR_ulva,0.014,MS,0.003,KE_5rib,0.002,SU_cob,0.001,KE_sugar
2024_10_08_11-35-23.jpg,2620,1987,224,SU_sand,sand_fine_shell,TRUE,1,SU_sand,0,SU_peb,0,SU_silt,0,SU_shell,0,KE_bull
2024_10_08_11-35-23.jpg,452,1851,224,GR_ulva,green_algae_ulva,TRUE,0.622,GR_ulva,0.257,KE_bull,0.108,KE_stipe,0.012,KE_sugar,0,MS
2024_10_08_11-35-23.jpg,960,2667,224,GR_ulva,green_algae_ulva,TRUE,1,GR_ulva,0,KE_5rib,0,RE_leaf,0,RE_fil,0,BR_sarg
2024_10_08_11-35-23.jpg,3522,366,224,SU_sand,sand_fine_shell,TRUE,0.721,SU_sand,0.272,SU_peb,0.005,GR_ulva,0.002,MS,0,SU_shell
2024_10_08_11-35-23.jpg,3653,336,224,GR_ulva,green_algae_ulva,TRUE,0.874,GR_ulva,0.047,SU_cob,0.045,SU_peb,0.025,MS,0.01,SU_bould
2024_10_08_11-35-23.jpg,563,211,224,GR_ulva,green_algae_ulva,TRUE,1,GR_ulva,0,KE_stipe,0,SU_cob,0,KE_5rib,0,SI
2024_10_08_11-35-23.jpg,371,3617,224,KE_sugar,kelp_sugar,TRUE,0.997,KE_sugar,0.002,KE_5rib,0.001,KE_sieve,0,SU_silt,0,GR_ulva
2024_10_08_11-35-23.jpg,2618,3357,224,GR_ulva,green_algae_ulva,TRUE,1,GR_ulva,0,SU_bould,0,KE_stipe,0,KE_sugar,0,unknown
2024_10_08_11-35-23.jpg,2432,1339,224,KE_sugar,kelp_sugar,TRUE,0.869,KE_sugar,0.057,SU_silt,0.024,SI_kelpBry,0.018,SU_cob,0.014,MS
2024_10_08_11-35-23.jpg,1171,314,224,KE_sugar,kelp_sugar,TRUE,0.553,KE_sieve,0.34,GR_ulva,0.066,KE_5rib,0.013,KE_sugar,0.009,unknown
2024_10_08_11-35-23.jpg,3314,3166,224,SU_peb,pebble,TRUE,0.857,SU_peb,0.133,SU_cob,0.009,SU_bould,0.001,SU_sand,0,KE_stipe
2024_10_08_11-35-23.jpg,3616,1153,224,KE_sugar,kelp_sugar,TRUE,0.96,KE_sugar,0.036,SU_bould,0.002,RE_leaf,0.001,RE_CCA,0.001,RE_fil
2024_10_08_11-35-23.jpg,3026,1446,224,SU_peb,pebble,TRUE,1,SU_peb,0,GR_ulva,0,SU_cob,0,SU_shell,0,SU_sand
2024_10_08_11-35-23.jpg,1063,4055,224,KE_sugar,kelp_sugar,TRUE,0.992,KE_sugar,0.008,SU_silt,0,GR_ulva,0,unknown,0,SU_bould
2024_10_08_11-35-23.jpg,2720,3552,224,GR_ulva,green_algae_ulva,TRUE,0.997,GR_ulva,0.002,KE_sieve,0,SU_bould,0,KE_stipe,0,KE_bull
2024_10_08_11-35-23.jpg,1289,4110,224,KE_sugar,kelp_sugar,TRUE,0.882,SU_bould,0.044,KE_sugar,0.039,SU_peb,0.019,MS,0.006,KE_stipe
2024_10_08_11-35-23.jpg,327,1641,224,GR_ulva,green_algae_ulva,TRUE,1,GR_ulva,0,MS,0,BR_sarg,0,KE_stipe,0,RE_leaf
2024_10_08_11-35-23.jpg,1136,160,224,unknown,unknown_area,TRUE,0.991,KE_sieve,0.008,GR_ulva,0,unknown,0,SU_cob,0,SU_peb
2024_10_08_11-35-23.jpg,2235,3288,224,SU_bould,boulder,TRUE,0.98,SU_peb,0.014,RE_fil,0.003,SU_bould,0.002,SU_cob,0.001,KE_5rib
2024_10_08_11-35-23.jpg,3516,4231,224,GR_ulva,green_algae_ulva,TRUE,0.989,GR_ulva,0.006,KE_sieve,0.005,unknown,0,RE_leaf,0,MS
2024_10_08_11-35-23.jpg,3246,2315,224,KE_sugar,kelp_sugar,TRUE,0.999,KE_sugar,0.001,KE_sieve,0,MS,0,SU_silt,0,KE_bull
2024_10_08_11-35-23.jpg,3698,3116,224,SU_bould,boulder,TRUE,0.965,SU_cob,0.02,SU_shell,0.014,SU_sand,0.001,SU_bould,0,SU_peb
2024_10_08_11-35-23.jpg,2023,970,224,KE_sugar,kelp_sugar,TRUE,1,KE_sugar,0,RE_leaf,0,KE_stipe,0,RE_bush,0,KE_5rib
2024_10_08_11-35-23.jpg,2453,942,224,KE_sugar,kelp_sugar,TRUE,0.99,KE_sugar,0.009,RE_leaf,0.001,SU_silt,0,MS,0,SU_cob
2024_10_08_11-35-23.jpg,1280,440,224,KE_sugar,kelp_sugar,TRUE,0.908,KE_5rib,0.08,KE_sieve,0.005,BR_fucus,0.003,KE_sugar,0.002,SU_cob
2024_10_08_11-35-23.jpg,148,1412,224,GR_ulva,green_algae_ulva,TRUE,1,GR_ulva,0,RE_leaf,0,KE_bull,0,BR_sarg,0,MS
2024_10_08_11-35-23.jpg,1492,2899,224,KE_sugar,kelp_sugar,TRUE,0.844,KE_sugar,0.127,SU_bould,0.014,SU_silt,0.004,unknown,0.004,SU_cob
2024_10_08_11-35-23.jpg,438,4078,224,KE_sugar,kelp_sugar,TRUE,0.613,SU_cob,0.124,SU_silt,0.103,SU_bould,0.069,KE_5rib,0.038,KE_sugar
2024_10_08_11-35-23.jpg,1780,1887,224,GR_ulva,green_algae_ulva,TRUE,1,GR_ulva,0,RE_leaf,0,KE_sugar,0,KE_bull,0,BR_sarg
2024_10_08_11-35-23.jpg,2446,2671,224,SU_peb,pebble,TRUE,0.952,SU_peb,0.047,SU_sand,0,SU_silt,0,KE_bull,0,KE_stipe
2024_10_08_11-35-23.jpg,3740,772,224,GR_ulva,green_algae_ulva,TRUE,0.999,GR_ulva,0,BR_sarg,0,RE_leaf,0,KE_sieve,0,unknown
2024_10_08_11-35-23.jpg,1345,2591,224,KE_sugar,kelp_sugar,TRUE,0.664,GR_ulva,0.23,KE_stipe,0.047,KE_bull,0.024,SU_bould,0.023,KE_sugar
2024_10_08_11-35-23.jpg,1456,1860,224,GR_ulva,green_algae_ulva,TRUE,1,GR_ulva,0,KE_5rib,0,RE_leaf,0,BR_sarg,0,KE_bull
2024_10_08_11-35-23.jpg,2210,3753,224,SU_peb,pebble,TRUE,0.675,SU_peb,0.233,SU_cob,0.085,SU_bould,0.006,MS,0,SU_sand
2024_10_08_11-35-23.jpg,2162,2040,224,GR_ulva,green_algae_ulva,TRUE,1,GR_ulva,0,KE_sugar,0,KE_bull,0,SU_peb,0,SI
2024_10_08_11-35-23.jpg,1546,775,224,KE_sugar,kelp_sugar,TRUE,0.755,KE_sugar,0.207,SU_silt,0.012,RE_bush,0.011,BR_fucus,0.01,KE_sieve
2024_10_08_11-35-23.jpg,516,3824,224,KE_sugar,kelp_sugar,TRUE,0.953,KE_sugar,0.033,SU_silt,0.006,SU_bould,0.004,GR_ulva,0.003,MS
2024_10_08_11-35-23.jpg,1320,3455,224,SU_peb,pebble,TRUE,1,SU_peb,0,SU_sand,0,SU_cob,0,SU_shell,0,SU_bould
2024_10_08_11-35-23.jpg,3128,2728,224,SU_peb,pebble,TRUE,0.845,SU_silt,0.082,SU_peb,0.055,SU_cob,0.015,GR_ulva,0.002,SU_shell
2024_10_08_11-35-23.jpg,3392,2997,224,SU_peb,pebble,TRUE,0.585,SU_silt,0.216,SU_peb,0.101,SU_cob,0.096,SU_sand,0.002,SU_shell
2024_10_08_11-35-23.jpg,2442,461,224,KE_sugar,kelp_sugar,TRUE,0.976,KE_sugar,0.017,SU_cob,0.003,SU_peb,0.001,KE_5rib,0.001,SU_silt
2024_10_08_11-35-23.jpg,2347,1861,224,SU_peb,pebble,TRUE,0.823,SU_peb,0.083,KE_bull,0.072,GR_ulva,0.011,BR_sarg,0.003,SI
2024_10_08_11-35-23.jpg,313,2334,224,GR_ulva,green_algae_ulva,TRUE,1,GR_ulva,0,KE_sieve,0,KE_stipe,0,RE_leaf,0,KE_bull
2024_10_08_11-35-23.jpg,1871,1065,224,KE_sugar,kelp_sugar,TRUE,0.516,KE_sieve,0.484,KE_sugar,0,SU_cob,0,KE_5rib,0,MS
2024_10_08_11-35-23.jpg,1689,619,224,SU_sand,sand_fine_shell,TRUE,0.535,SU_sand,0.258,SU_silt,0.132,MS,0.033,SU_shell,0.02,SI_kelpBry
2024_10_08_11-35-23.jpg,3595,3485,224,SU_bould,boulder,TRUE,0.567,KE_sugar,0.332,RE_bush,0.049,RE_fil,0.013,SU_cob,0.013,KE_5rib
2024_10_08_11-35-23.jpg,851,3833,224,KE_sugar,kelp_sugar,TRUE,1,KE_sugar,0,RE_leaf,0,KE_5rib,0,SU_silt,0,SU_bould
2024_10_08_11-35-23.jpg,2634,3112,224,GR_ulva,green_algae_ulva,TRUE,0.999,GR_ulva,0.001,SU_peb,0,KE_bull,0,BR_sarg,0,KE_stipe
2024_10_08_11-35-23.jpg,3116,3798,224,SU_bould,boulder,TRUE,0.95,MS,0.021,SU_sand,0.008,RE_fil,0.006,RE_bush,0.005,SU_peb
2024_10_08_11-35-23.jpg,726,1704,224,GR_ulva,green_algae_ulva,TRUE,1,GR_ulva,0,KE_bull,0,KE_sieve,0,SU_silt,0,MS
2024_10_08_11-35-32.jpg,2869,3103,224,KE_sugar,kelp_sugar,TRUE,0.308,KE_sugar,0.3,BR_sarg,0.124,SU_peb,0.104,KE_stipe,0.057,BR_fucus
2024_10_08_11-35-32.jpg,375,2166,224,KE_sugar,kelp_sugar,TRUE,0.454,KE_sugar,0.435,SU_sand,0.04,SU_bould,0.033,SU_silt,0.01,SU_cob
2024_10_08_11-35-32.jpg,130,2278,224,SI_kelpBry,kelp_bryozoan,TRUE,0.748,SI_kelpBry,0.189,KE_sugar,0.02,SI,0.015,SU_cob,0.014,SU_bould
2024_10_08_11-35-32.jpg,1130,1191,224,KE_sugar,kelp_sugar,TRUE,0.976,KE_sugar,0.019,KE_5rib,0.003,SI_kelpBry,0.001,SU_silt,0,KE_stipe
2024_10_08_11-35-32.jpg,1373,2113,224,SU_peb,pebble,TRUE,0.929,GR_ulva,0.02,SU_bould,0.011,SU_peb,0.01,RE_CCA,0.006,KE_sugar
2024_10_08_11-35-32.jpg,896,3897,224,SU_silt,silt,TRUE,1,SU_silt,0,SU_peb,0,SU_shell,0,SU_cob,0,GR_ulva
2024_10_08_11-35-32.jpg,3316,2687,224,KE_sugar,kelp_sugar,TRUE,0.905,KE_sieve,0.095,GR_ulva,0,KE_sugar,0,SU_silt,0,KE_stipe
2024_10_08_11-35-32.jpg,2103,788,224,SU_bould,boulder,TRUE,0.986,SU_bould,0.006,BR_sarg,0.004,GR_ulva,0.002,SU_cob,0.001,MS
2024_10_08_11-35-32.jpg,3044,246,224,KE_sugar,kelp_sugar,TRUE,0.982,KE_sugar,0.018,KE_5rib,0,SU_silt,0,RE_leaf,0,RE_bush
2024_10_08_11-35-32.jpg,2011,205,224,SU_silt,silt,TRUE,0.998,SU_silt,0.001,SU_cob,0,SU_sand,0,SU_shell,0,MS
2024_10_08_11-35-32.jpg,3783,2609,224,GR_ulva,green_algae_ulva,TRUE,1,GR_ulva,0,RE_leaf,0,KE_sieve,0,KE_bull,0,KE_stipe
2024_10_08_11-35-32.jpg,2931,531,224,KE_sugar,kelp_sugar,TRUE,0.998,KE_sugar,0.002,RE_leaf,0,SU_silt,0,MS,0,SU_cob
2024_10_08_11-35-32.jpg,528,4318,224,SU_peb,pebble,TRUE,0.988,SU_peb,0.009,SU_silt,0.002,MS,0,GR_ulva,0,SU_cob
2024_10_08_11-35-32.jpg,134,1123,224,KE_sugar,kelp_sugar,TRUE,0.934,KE_sugar,0.058,MS,0.002,KE_bull,0.002,KE_5rib,0.001,RE_leaf
2024_10_08_11-35-32.jpg,3207,1465,224,KE_sugar,kelp_sugar,TRUE,1,KE_sugar,0,KE_5rib,0,KE_sieve,0,RE_leaf,0,MS
2024_10_08_11-35-32.jpg,3789,954,224,GR_ulva,green_algae_ulva,TRUE,1,GR_ulva,0,KE_stipe,0,KE_bull,0,RE_leaf,0,KE_sugar
2024_10_08_11-35-32.jpg,1917,3377,224,KE_sugar,kelp_sugar,TRUE,0.782,KE_sugar,0.163,SU_silt,0.032,SU_bould,0.009,SU_cob,0.008,RE_leaf
2024_10_08_11-35-32.jpg,3291,4430,224,SU_silt,silt,TRUE,0.999,SU_silt,0.001,MS,0,SU_shell,0,SU_peb,0,GR_ulva
2024_10_08_11-35-32.jpg,2406,216,224,SU_silt,silt,TRUE,0.975,SU_silt,0.025,SU_sand,0,SU_cob,0,MS,0,SU_peb
2024_10_08_11-35-32.jpg,507,1840,224,RE_leaf,red_algae_flat_leaf,TRUE,0.839,RE_leaf,0.146,KE_sugar,0.005,KE_5rib,0.004,MS,0.004,KE_stipe
2024_10_08_11-35-32.jpg,2830,3272,224,SU_bould,boulder,TRUE,0.984,SU_cob,0.009,SU_bould,0.008,SU_peb,0,BR_sarg,0,SU_shell
2024_10_08_11-35-32.jpg,2372,1964,224,SU_cob,cobble,TRUE,0.611,SU_peb,0.379,SU_cob,0.003,SU_bould,0.003,MS,0.002,SU_sand
2024_10_08_11-35-32.jpg,2676,2558,224,SU_peb,pebble,TRUE,0.626,SU_peb,0.264,GR_ulva,0.063,BR_fucus,0.024,BR_sarg,0.015,KE_bull
2024_10_08_11-35-32.jpg,944,3642,224,KE_sugar,kelp_sugar,TRUE,0.543,SU_silt,0.158,SU_bould,0.126,KE_5rib,0.067,KE_sugar,0.031,SU_cob
2024_10_08_11-35-32.jpg,2353,1296,224,SU_peb,pebble,TRUE,0.979,SU_peb,0.019,SU_cob,0.001,SU_shell,0,KE_stipe,0,MS
2024_10_08_11-35-32.jpg,1645,4178,224,SU_silt,silt,TRUE,1,SU_silt,0,SU_shell,0,MS,0,SU_bould,0,RE_bush
2024_10_08_11-35-32.jpg,297,389,224,unknown,unknown_area,TRUE,0.881,SU_peb,0.051,SU_cob,0.035,SU_bould,0.018,SU_shell,0.005,SI_kelpBry
2024_10_08_11-35-32.jpg,3256,339,224,KE_sugar,kelp_sugar,TRUE,0.996,KE_5rib,0.004,KE_sugar,0,SU_silt,0,SU_cob,0,SU_bould
2024_10_08_11-35-32.jpg,1644,3956,224,SU_silt,silt,TRUE,0.703,SU_silt,0.195,SU_peb,0.1,SU_cob,0.001,MS,0,SU_shell
2024_10_08_11-35-32.jpg,776,4233,224,SU_peb,pebble,TRUE,1,SU_silt,0,SU_shell,0,SU_peb,0,SU_sand,0,MS
2024_10_08_11-35-32.jpg,306,651,224,RE_leaf,red_algae_flat_leaf,TRUE,0.971,RE_leaf,0.027,RE_branch,0.001,MS,0,RE_fil,0,BR_sarg
2024_10_08_11-35-32.jpg,1162,321,224,KE_sugar,kelp_sugar,TRUE,0.799,SU_silt,0.199,SU_peb,0.001,SI_kelpBry,0.001,SU_cob,0,KE_5rib
2024_10_08_11-35-32.jpg,503,683,224,RE_leaf,red_algae_flat_leaf,TRUE,1,RE_leaf,0,MS,0,RE_branch,0,SI_kelpBry,0,KE_sieve
2024_10_08_11-35-32.jpg,1346,1322,224,RE_leaf,red_algae_flat_leaf,TRUE,0.996,RE_leaf,0.004,RE_branch,0,RE_fil,0,MS,0,SU_cob
2024_10_08_11-35-32.jpg,3609,1178,224,KE_sugar,kelp_sugar,TRUE,0.915,KE_sugar,0.08,KE_5rib,0.004,SU_cob,0,RE_leaf,0,SU_silt
2024_10_08_11-35-32.jpg,253,2255,224,SI_kelpBry,kelp_bryozoan,TRUE,0.99,SI_kelpBry,0.007,KE_sugar,0.002,SU_shell,0.001,BR_fucus,0,SI
2024_10_08_11-35-32.jpg,723,4399,224,SU_peb,pebble,TRUE,1,SU_silt,0,SU_peb,0,MS,0,SU_cob,0,SU_shell
2024_10_08_11-35-32.jpg,3577,3594,224,KE_sugar,kelp_sugar,TRUE,0.671,KE_sugar,0.305,GR_ulva,0.01,SU_bould,0.005,BR_fucus,0.002,SI
2024_10_08_11-35-32.jpg,2948,4250,224,KE_sugar,kelp_sugar,TRUE,0.788,KE_5rib,0.116,RE_leaf,0.087,KE_sugar,0.004,MS,0.002,KE_stipe
2024_10_08_11-35-32.jpg,3696,2749,224,GR_ulva,green_algae_ulva,TRUE,1,GR_ulva,0,KE_sieve,0,unknown,0,RE_leaf,0,RE_fil
2024_10_08_11-35-32.jpg,2201,3164,224,SU_peb,pebble,TRUE,0.705,SU_cob,0.154,SU_peb,0.123,SU_bould,0.015,KE_stipe,0.001,MS
2024_10_08_11-35-32.jpg,3192,2954,224,KE_sugar,kelp_sugar,TRUE,0.999,KE_sugar,0,KE_sieve,0,KE_5rib,0,GR_ulva,0,RE_fil
2024_10_08_11-35-32.jpg,720,4098,224,SU_silt,silt,TRUE,1,SU_silt,0,SU_shell,0,SU_sand,0,MS,0,SU_peb
2024_10_08_11-35-32.jpg,367,127,224,SU_cob,cobble,TRUE,0.782,SU_sand,0.153,SU_peb,0.062,SU_shell,0.003,SU_silt,0,SU_bould
2024_10_08_11-35-32.jpg,3322,4220,224,SU_peb,pebble,TRUE,0.376,SU_cob,0.345,MS,0.121,SU_shell,0.114,SU_peb,0.018,SU_bould
2024_10_08_11-35-32.jpg,2489,839,224,GR_ulva,green_algae_ulva,TRUE,1,GR_ulva,0,BR_sarg,0,SU_peb,0,KE_5rib,0,SU_cob
2024_10_08_11-35-32.jpg,2947,4014,224,KE_sugar,kelp_sugar,TRUE,0.932,GR_ulva,0.052,KE_sugar,0.008,KE_sieve,0.005,KE_5rib,0.002,KE_stipe
2024_10_08_11-35-32.jpg,3190,1276,224,KE_sugar,kelp_sugar,TRUE,0.997,KE_sugar,0.002,RE_leaf,0.001,KE_5rib,0,MS,0,SU_silt
2024_10_08_11-35-32.jpg,1769,3843,224,SU_peb,pebble,TRUE,0.775,SU_peb,0.156,SU_cob,0.025,SU_silt,0.016,RE_bush,0.011,KE_5rib
2024_10_08_11-35-32.jpg,1537,974,224,SU_cob,cobble,TRUE,0.463,BR_sarg,0.151,SU_cob,0.12,SU_bould,0.114,GR_ulva,0.109,KE_stipe
2024_10_08_11-35-41.jpg,1423,3895,224,SU_silt,silt,TRUE,1,SU_silt,0,SU_shell,0,MS,0,GR_ulva,0,SU_sand
2024_10_08_11-35-41.jpg,656,3840,224,SU_silt,silt,TRUE,0.852,SU_silt,0.118,SU_peb,0.028,SU_cob,0.001,GR_ulva,0.001,SU_bould
2024_10_08_11-35-41.jpg,322,3104,224,SU_silt,silt,TRUE,0.959,SU_silt,0.015,GR_ulva,0.01,MS,0.008,SU_cob,0.005,SU_peb
2024_10_08_11-35-41.jpg,3852,1249,224,KE_sugar,kelp_sugar,TRUE,0.966,KE_5rib,0.033,KE_sugar,0,RE_leaf,0,KE_sieve,0,unknown
2024_10_08_11-35-41.jpg,646,322,224,SU_bould,boulder,TRUE,0.854,SU_cob,0.119,SU_silt,0.018,SU_peb,0.005,SU_shell,0.001,MS
2024_10_08_11-35-41.jpg,3782,1093,224,KE_sugar,kelp_sugar,TRUE,0.987,KE_sugar,0.007,KE_5rib,0.003,RE_leaf,0.001,SU_peb,0.001,KE_sieve
2024_10_08_11-35-41.jpg,1949,3930,224,GR_ulva,green_algae_ulva,TRUE,0.999,GR_ulva,0.001,unknown,0,KE_sugar,0,RE_leaf,0,KE_5rib
2024_10_08_11-35-41.jpg,734,2212,224,SU_silt,silt,TRUE,0.866,SU_silt,0.075,SU_sand,0.031,SU_shell,0.019,MS,0.004,SU_cob
2024_10_08_11-35-41.jpg,2909,878,224,KE_sugar,kelp_sugar,TRUE,0.441,RE_bush,0.427,KE_sugar,0.086,BR_sarg,0.016,KE_5rib,0.007,RE_branch
2024_10_08_11-35-41.jpg,576,1823,224,SU_cob,cobble,TRUE,0.604,SU_cob,0.301,SU_shell,0.072,SU_bould,0.021,SU_sand,0.001,SU_silt
2024_10_08_11-35-41.jpg,3045,2389,224,GR_ulva,green_algae_ulva,TRUE,1,GR_ulva,0,SU_peb,0,KE_bull,0,KE_stipe,0,SU_shell
2024_10_08_11-35-41.jpg,3157,3730,224,SU_silt,silt,TRUE,0.999,SU_silt,0.001,MS,0,GR_ulva,0,SU_cob,0,SU_peb
2024_10_08_11-35-41.jpg,340,3780,224,SU_silt,silt,TRUE,0.961,SU_silt,0.014,GR_ulva,0.013,MS,0.012,SU_peb,0,SU_cob
2024_10_08_11-35-41.jpg,938,1852,224,KE_sugar,kelp_sugar,TRUE,0.971,KE_sugar,0.012,KE_stipe,0.01,SU_cob,0.005,SU_bould,0.001,KE_5rib
2024_10_08_11-35-41.jpg,1304,744,224,KE_sugar,kelp_sugar,TRUE,0.457,KE_5rib,0.318,RE_bush,0.135,KE_sugar,0.033,BR_fucus,0.018,KE_stipe
2024_10_08_11-35-41.jpg,435,798,224,SU_silt,silt,TRUE,1,SU_silt,0,SU_peb,0,SU_shell,0,SU_cob,0,SU_sand
2024_10_08_11-35-41.jpg,2529,1336,224,SU_bould,boulder,TRUE,0.818,SU_shell,0.108,SU_cob,0.067,SU_bould,0.007,SU_sand,0,KE_sugar
2024_10_08_11-35-41.jpg,1188,1929,224,KE_sugar,kelp_sugar,TRUE,0.991,KE_sugar,0.002,SU_silt,0.002,SU_bould,0.001,MS,0.001,RE_leaf
2024_10_08_11-35-41.jpg,1320,1510,224,KE_sugar,kelp_sugar,TRUE,1,KE_sugar,0,RE_leaf,0,MS,0,RE_bush,0,SU_silt
2024_10_08_11-35-41.jpg,434,3068,224,SU_cob,cobble,TRUE,0.48,SU_peb,0.211,SU_cob,0.161,SU_bould,0.101,MS,0.04,SU_shell
2024_10_08_11-35-41.jpg,290,2446,224,SU_cob,cobble,TRUE,0.42,SU_peb,0.37,SU_sand,0.156,KE_stipe,0.041,KE_sugar,0.006,KE_5rib
2024_10_08_11-35-41.jpg,874,2809,224,GR_ulva,green_algae_ulva,TRUE,0.999,GR_ulva,0,KE_bull,0,MS,0,RE_leaf,0,BR_fucus
2024_10_08_11-35-41.jpg,3080,1237,224,KE_sugar,kelp_sugar,TRUE,0.474,MS,0.271,KE_sugar,0.132,GR_ulva,0.085,SU_shell,0.018,BR_fucus
2024_10_08_11-35-41.jpg,1284,3993,224,SU_silt,silt,TRUE,1,SU_silt,0,SU_shell,0,SU_sand,0,MS,0,SU_peb
2024_10_08_11-35-41.jpg,2715,3743,224,SU_sand,sand_fine_shell,TRUE,0.661,SU_silt,0.339,SU_sand,0,SU_shell,0,SI_kelpBry,0,RE_CCA
2024_10_08_11-35-41.jpg,2016,2253,224,KE_sugar,kelp_sugar,TRUE,0.421,GR_ulva,0.354,KE_sugar,0.15,SU_bould,0.046,RE_fil,0.012,unknown
2024_10_08_11-35-41.jpg,2282,2929,224,SU_silt,silt,TRUE,1,SU_silt,0,SU_shell,0,SU_cob,0,RE_CCA,0,SU_sand
2024_10_08_11-35-41.jpg,2446,2961,224,SU_bould,boulder,TRUE,0.749,SU_cob,0.178,MS,0.03,SU_sand,0.024,SU_shell,0.007,SU_bould
2024_10_08_11-35-41.jpg,2115,4374,224,GR_ulva,green_algae_ulva,TRUE,1,GR_ulva,0,KE_5rib,0,SI,0,RE_leaf,0,KE_sugar
2024_10_08_11-35-41.jpg,2960,3711,224,SU_peb,pebble,TRUE,0.816,SU_peb,0.092,SU_sand,0.036,MS,0.027,SU_silt,0.017,SU_cob
2024_10_08_11-35-41.jpg,2143,943,224,KE_sugar,kelp_sugar,TRUE,0.951,KE_sugar,0.03,RE_bush,0.012,RE_leaf,0.002,SI_kelpBry,0.002,RE_branch
2024_10_08_11-35-41.jpg,2336,2391,224,KE_sugar,kelp_sugar,TRUE,1,KE_sugar,0,KE_sieve,0,RE_leaf,0,GR_ulva,0,RE_fil
2024_10_08_11-35-41.jpg,3087,2816,224,SU_silt,silt,TRUE,0.505,SU_silt,0.41,SU_cob,0.047,SU_shell,0.031,SU_sand,0.003,SU_peb
2024_10_08_11-35-41.jpg,970,2642,224,GR_ulva,green_algae_ulva,TRUE,0.626,GR_ulva,0.239,SU_peb,0.074,SU_sand,0.043,SU_shell,0.006,SU_silt
2024_10_08_11-35-41.jpg,3031,1490,224,KE_sugar,kelp_sugar,TRUE,0.418,KE_5rib,0.291,SU_peb,0.107,BR_fucus,0.077,SU_cob,0.052,SU_silt
2024_10_08_11-35-41.jpg,837,882,224,SU_silt,silt,TRUE,0.988,SU_silt,0.01,SU_sand,0.001,SU_peb,0.001,MS,0,SU_shell
2024_10_08_11-35-41.jpg,3566,1434,224,KE_sugar,kelp_sugar,TRUE,0.478,KE_sugar,0.417,RE_leaf,0.048,KE_5rib,0.035,KE_sieve,0.02,SU_silt
2024_10_08_11-35-41.jpg,1388,1257,224,KE_sugar,kelp_sugar,TRUE,1,KE_sugar,0,RE_leaf,0,MS,0,SU_silt,0,RE_bush
2024_10_08_11-35-41.jpg,1861,4079,224,GR_ulva,green_algae_ulva,TRUE,1,GR_ulva,0,unknown,0,MS,0,KE_5rib,0,RE_leaf
2024_10_08_11-35-41.jpg,1606,3911,224,GR_ulva,green_algae_ulva,TRUE,1,GR_ulva,0,KE_5rib,0,SU_cob,0,MS,0,RE_leaf
2024_10_08_11-35-41.jpg,2315,215,224,KE_sugar,kelp_sugar,TRUE,0.976,KE_sugar,0.008,SU_silt,0.007,RE_branch,0.006,KE_5rib,0.002,SI_kelpBry
2024_10_08_11-35-41.jpg,1045,4490,224,GR_ulva,green_algae_ulva,TRUE,0.751,unknown,0.248,GR_ulva,0.001,MS,0,SU_silt,0,KE_sugar
2024_10_08_11-35-41.jpg,629,4492,224,GR_ulva,green_algae_ulva,TRUE,0.771,unknown,0.132,KE_sieve,0.094,GR_ulva,0.002,MS,0.001,SU_silt
2024_10_08_11-35-41.jpg,3423,4198,224,SU_silt,silt,TRUE,1,SU_silt,0,SU_peb,0,SU_cob,0,GR_ulva,0,SU_shell
2024_10_08_11-35-41.jpg,3246,1332,224,KE_sugar,kelp_sugar,TRUE,0.473,KE_sieve,0.176,KE_stipe,0.11,RE_fil,0.078,RE_leaf,0.055,KE_5rib
2024_10_08_11-35-41.jpg,3797,3282,224,SU_silt,silt,TRUE,0.994,SU_silt,0.003,SU_bould,0.002,KE_stipe,0.001,MS,0,SU_cob
2024_10_08_11-35-41.jpg,631,3637,224,SU_silt,silt,TRUE,1,SU_silt,0,SU_shell,0,SU_peb,0,MS,0,SU_cob
2024_10_08_11-35-41.jpg,3352,2707,224,SU_bould,boulder,TRUE,0.9,GR_ulva,0.062,KE_bull,0.01,SU_bould,0.01,BR_fucus,0.006,KE_stipe
2024_10_08_11-35-41.jpg,3151,408,224,KE_sugar,kelp_sugar,TRUE,0.997,KE_5rib,0.002,BR_fucus,0.001,SU_peb,0,RE_bush,0,MS
2024_10_08_11-35-41.jpg,1432,4126,224,GR_ulva,green_algae_ulva,TRUE,1,GR_ulva,0,KE_stipe,0,KE_bull,0,SU_bould,0,MS
2024_10_08_11-35-50.jpg,1283,1667,224,SU_peb,pebble,TRUE,0.968,SU_peb,0.025,GR_ulva,0.004,SU_cob,0.001,SU_shell,0,MS
2024_10_08_11-35-50.jpg,2565,2614,224,SU_cob,cobble,TRUE,1,SU_silt,0,SU_cob,0,SU_bould,0,RE_CCA,0,GR_ulva
2024_10_08_11-35-50.jpg,2524,1079,224,SU_silt,silt,TRUE,1,SU_silt,0,SU_shell,0,SU_sand,0,SU_bould,0,SU_peb
2024_10_08_11-35-50.jpg,1985,3515,224,SU_bould,boulder,TRUE,0.926,SU_cob,0.044,SU_bould,0.027,SU_sand,0.001,MS,0.001,SU_peb
2024_10_08_11-35-50.jpg,2219,2453,224,BR_sarg,brown_algae_sargassum,TRUE,0.668,MS,0.133,KE_stipe,0.131,BR_sarg,0.041,KE_bull,0.013,RE_leaf
2024_10_08_11-35-50.jpg,2627,1642,224,SU_silt,silt,TRUE,1,SU_silt,0,SU_shell,0,SU_sand,0,SI_kelpBry,0,RE_CCA
2024_10_08_11-35-50.jpg,1184,1476,224,SU_peb,pebble,TRUE,0.996,SU_peb,0.003,GR_ulva,0,SU_shell,0,SU_cob,0,KE_stipe
2024_10_08_11-35-50.jpg,2452,2692,224,SU_cob,cobble,TRUE,1,SU_silt,0,GR_ulva,0,KE_sugar,0,RE_CCA,0,SU_bould
2024_10_08_11-35-50.jpg,3493,1686,224,SU_silt,silt,TRUE,0.76,SU_silt,0.195,SU_sand,0.04,SU_shell,0.003,SU_cob,0.001,MS
2024_10_08_11-35-50.jpg,254,2300,224,SU_bould,boulder,TRUE,0.493,SU_cob,0.411,SU_sand,0.073,SU_shell,0.021,SU_bould,0,SU_peb
2024_10_08_11-35-50.jpg,2888,632,224,SU_sand,sand_fine_shell,TRUE,0.932,SU_silt,0.068,SU_sand,0,SU_shell,0,MS,0,RE_CCA
2024_10_08_11-35-50.jpg,1279,4377,224,GR_ulva,green_algae_ulva,TRUE,0.827,GR_ulva,0.172,KE_sieve,0,KE_stipe,0,unknown,0,RE_bush
2024_10_08_11-35-50.jpg,666,1276,224,SU_silt,silt,TRUE,0.63,SU_silt,0.365,MS,0.004,SU_peb,0.001,SU_shell,0,KE_stipe
2024_10_08_11-35-50.jpg,2626,3050,224,SU_silt,silt,TRUE,0.999,SU_silt,0,SU_cob,0,SU_shell,0,SU_peb,0,SU_bould
2024_10_08_11-35-50.jpg,1690,579,224,SU_cob,cobble,TRUE,0.994,SU_cob,0.005,SU_bould,0.001,SU_peb,0,SU_sand,0,RE_CCA
2024_10_08_11-35-50.jpg,160,2060,224,GR_ulva,green_algae_ulva,TRUE,0.998,GR_ulva,0.001,KE_stipe,0.001,SU_peb,0,KE_sieve,0,BR_fucus
2024_10_08_11-35-50.jpg,3583,2999,224,GR_ulva,green_algae_ulva,TRUE,1,GR_ulva,0,BR_sarg,0,RE_leaf,0,KE_sieve,0,MS
2024_10_08_11-35-50.jpg,3521,4125,224,GR_ulva,green_algae_ulva,TRUE,0.902,GR_ulva,0.062,MS,0.033,unknown,0.001,KE_sugar,0.001,KE_stipe
2024_10_08_11-35-50.jpg,424,987,224,GR_ulva,green_algae_ulva,TRUE,0.991,GR_ulva,0.009,SU_peb,0,KE_stipe,0,SU_cob,0,MS
2024_10_08_11-35-50.jpg,3223,4297,224,GR_ulva,green_algae_ulva,TRUE,0.942,GR_ulva,0.036,KE_stipe,0.012,KE_sieve,0.008,MS,0.001,KE_5rib
2024_10_08_11-35-50.jpg,3557,2268,224,SU_cob,cobble,TRUE,0.949,SU_sand,0.039,SU_cob,0.004,MS,0.003,KE_stipe,0.002,SU_bould
2024_10_08_11-35-50.jpg,3872,1326,224,SU_silt,silt,TRUE,0.931,SU_silt,0.069,SU_peb,0,SU_sand,0,SU_shell,0,MS
2024_10_08_11-35-50.jpg,2405,4427,224,GR_ulva,green_algae_ulva,TRUE,0.511,GR_ulva,0.477,unknown,0.012,KE_sieve,0,KE_stipe,0,RE_fil
2024_10_08_11-35-50.jpg,2376,2932,224,SU_silt,silt,TRUE,0.563,SU_silt,0.356,RE_CCA,0.069,SU_cob,0.01,SU_peb,0.001,RE_leaf
2024_10_08_11-35-50.jpg,3349,4416,224,unknown,unknown_area,TRUE,0.441,KE_sieve,0.254,GR_ulva,0.148,KE_5rib,0.081,RE_leaf,0.041,MS
2024_10_08_11-35-50.jpg,3844,821,224,SU_peb,pebble,TRUE,0.978,MS,0.018,SU_peb,0.002,SU_silt,0.001,RE_leaf,0,RE_bush
2024_10_08_11-35-50.jpg,679,3923,224,SU_cob,cobble,TRUE,0.457,MS,0.291,KE_stipe,0.08,GR_ulva,0.063,SU_bould,0.043,SU_cob
2024_10_08_11-35-50.jpg,2782,4211,224,GR_ulva,green_algae_ulva,TRUE,1,GR_ulva,0,unknown,0,KE_sieve,0,MS,0,RE_fil
2024_10_08_11-35-50.jpg,3041,4377,224,GR_ulva,green_algae_ulva,TRUE,0.54,KE_sieve,0.434,GR_ulva,0.024,KE_stipe,0.001,SU_bould,0,unknown
2024_10_08_11-35-50.jpg,1181,2436,224,GR_ulva,green_algae_ulva,TRUE,1,GR_ulva,0,RE_leaf,0,BR_sarg,0,KE_bull,0,unknown
2024_10_08_11-35-50.jpg,3420,3470,224,SU_cob,cobble,TRUE,0.364,SU_peb,0.253,SU_shell,0.196,SU_silt,0.141,MS,0.039,SU_cob
2024_10_08_11-35-50.jpg,1723,2619,224,SU_cob,cobble,TRUE,0.464,SU_peb,0.323,KE_stipe,0.155,SU_cob,0.036,GR_ulva,0.006,MS
2024_10_08_11-35-50.jpg,572,771,224,SU_bould,boulder,TRUE,0.994,SU_sand,0.006,SU_peb,0,SU_shell,0,SU_silt,0,SU_cob
2024_10_08_11-35-50.jpg,1067,2934,224,GR_ulva,green_algae_ulva,FALSE,0.911,GR_ulva,0.055,SU_peb,0.032,KE_bull,0.001,SU_shell,0,KE_stipe
2024_10_08_11-35-50.jpg,530,3604,224,GR_ulva,green_algae_ulva,TRUE,1,GR_ulva,0,MS,0,SU_cob,0,RE_leaf,0,KE_5rib
2024_10_08_11-35-50.jpg,2865,2224,224,SU_silt,silt,TRUE,0.678,SU_peb,0.289,SU_sand,0.016,MS,0.007,SU_cob,0.003,SU_silt
2024_10_08_11-35-50.jpg,1089,729,224,GR_ulva,green_algae_ulva,TRUE,0.999,GR_ulva,0.001,SU_peb,0,SU_cob,0,MS,0,SU_shell
2024_10_08_11-35-50.jpg,3632,843,224,SU_silt,silt,TRUE,0.999,SU_silt,0.001,MS,0,SU_shell,0,SU_peb,0,SU_sand
2024_10_08_11-35-50.jpg,2854,1452,224,SU_silt,silt,TRUE,1,SU_silt,0,SU_shell,0,MS,0,SU_cob,0,GR_ulva
2024_10_08_11-35-50.jpg,3021,3748,224,SU_silt,silt,TRUE,1,SU_silt,0,MS,0,SU_shell,0,SU_cob,0,SU_peb
2024_10_08_11-35-50.jpg,2888,1631,224,SU_silt,silt,TRUE,0.655,SU_silt,0.182,SU_peb,0.157,SU_shell,0.004,SU_sand,0.001,MS
2024_10_08_11-35-50.jpg,418,4214,224,GR_ulva,green_algae_ulva,TRUE,0.616,SI,0.321,GR_ulva,0.048,SU_bould,0.01,KE_stipe,0.003,KE_5rib
2024_10_08_11-35-50.jpg,3077,2607,224,GR_ulva,green_algae_ulva,TRUE,0.662,GR_ulva,0.209,SU_peb,0.045,KE_sieve,0.035,SU_bould,0.022,KE_stipe
2024_10_08_11-35-50.jpg,187,4467,224,GR_ulva,green_algae_ulva,TRUE,0.973,GR_ulva,0.025,unknown,0.001,SU_silt,0,KE_sieve,0,MS
2024_10_08_11-35-50.jpg,2750,3906,224,SU_silt,silt,TRUE,0.652,GR_ulva,0.341,SU_peb,0.003,SU_cob,0.002,SU_bould,0,KE_stipe
2024_10_08_11-35-50.jpg,539,1988,224,SU_cob,cobble,TRUE,0.652,SU_bould,0.339,SU_cob,0.007,SU_sand,0.001,KE_stipe,0,SU_peb
2024_10_08_11-35-50.jpg,3481,221,224,SU_sand,sand_fine_shell,TRUE,0.973,SU_silt,0.009,SU_sand,0.005,SU_cob,0.004,MS,0.004,SU_shell
2024_10_08_11-35-50.jpg,3260,3703,224,SU_silt,silt,TRUE,0.999,SU_silt,0.001,MS,0.001,SU_peb,0,SU_cob,0,SU_shell
2024_10_08_11-35-50.jpg,2082,1476,224,SU_bould,boulder,TRUE,0.901,GR_ulva,0.097,SU_bould,0.001,KE_stipe,0,SU_peb,0,SU_cob
2024_10_08_11-35-50.jpg,929,2246,224,GR_ulva,green_algae_ulva,TRUE,1,GR_ulva,0,RE_leaf,0,BR_sarg,0,KE_sugar,0,KE_sieve
2024_10_08_11-35-59.jpg,1052,898,224,SU_bould,boulder,TRUE,0.586,SU_peb,0.205,SU_bould,0.141,KE_sugar,0.047,SU_cob,0.006,KE_5rib
2024_10_08_11-35-59.jpg,1558,316,224,SU_cob,cobble,TRUE,0.681,SU_cob,0.252,SU_bould,0.061,SU_sand,0.003,BR_sarg,0.001,RE_CCA
2024_10_08_11-35-59.jpg,2585,2638,224,GR_ulva,green_algae_ulva,TRUE,0.969,GR_ulva,0.03,SU_bould,0.001,KE_stipe,0,RE_CCA,0,BR_sarg
2024_10_08_11-35-59.jpg,3743,4066,224,GR_ulva,green_algae_ulva,TRUE,0.995,GR_ulva,0.004,unknown,0,KE_sieve,0,RE_leaf,0,MS
2024_10_08_11-35-59.jpg,1605,4333,224,GR_ulva,green_algae_ulva,TRUE,0.967,GR_ulva,0.029,SU_silt,0.002,MS,0.001,SU_peb,0,SU_cob
2024_10_08_11-35-59.jpg,693,1757,224,SU_cob,cobble,TRUE,0.577,SU_shell,0.3,SU_peb,0.094,SU_cob,0.027,SU_sand,0.001,MS
2024_10_08_11-35-59.jpg,1562,3038,224,SU_cob,cobble,TRUE,0.561,SU_peb,0.432,MS,0.005,SU_shell,0,SU_bould,0,SU_sand
2024_10_08_11-35-59.jpg,3488,2942,224,GR_ulva,green_algae_ulva,TRUE,1,KE_stipe,0,KE_sugar,0,RE_fil,0,KE_sieve,0,GR_ulva
2024_10_08_11-35-59.jpg,230,3112,224,KE_sugar,kelp_sugar,TRUE,0.963,SU_bould,0.017,KE_sugar,0.01,SU_cob,0.006,SU_silt,0.003,unknown
2024_10_08_11-35-59.jpg,2248,2732,224,SU_bould,boulder,TRUE,0.949,SU_bould,0.033,RE_CCA,0.008,BR_sarg,0.004,MS,0.003,RE_fil
2024_10_08_11-35-59.jpg,595,859,224,KE_sugar,kelp_sugar,TRUE,0.951,KE_sugar,0.046,KE_5rib,0.002,KE_sieve,0,RE_leaf,0,KE_stipe
2024_10_08_11-35-59.jpg,150,3342,224,KE_sugar,kelp_sugar,TRUE,0.738,GR_ulva,0.154,SU_silt,0.069,BR_fucus,0.009,RE_bush,0.007,SU_bould
2024_10_08_11-35-59.jpg,2792,345,224,GR_ulva,green_algae_ulva,TRUE,1,GR_ulva,0,SU_cob,0,SU_peb,0,BR_sarg,0,KE_stipe
2024_10_08_11-35-59.jpg,2830,3120,224,GR_ulva,green_algae_ulva,TRUE,0.998,GR_ulva,0.001,SU_bould,0,KE_bull,0,KE_stipe,0,RE_leaf
2024_10_08_11-35-59.jpg,3729,2652,224,GR_ulva,green_algae_ulva,TRUE,0.999,GR_ulva,0.001,KE_sieve,0,unknown,0,KE_bull,0,SU_bould
2024_10_08_11-35-59.jpg,1342,2108,224,SU_peb,pebble,TRUE,0.417,GR_ulva,0.357,SU_peb,0.067,SU_cob,0.067,SU_sand,0.051,SU_silt
2024_10_08_11-35-59.jpg,1774,2466,224,SU_sand,sand_fine_shell,TRUE,0.992,SU_sand,0.008,SU_silt,0.001,SU_shell,0,SU_peb,0,RE_CCA
2024_10_08_11-35-59.jpg,1853,2802,224,SU_peb,pebble,TRUE,0.97,SU_peb,0.023,SU_sand,0.006,SU_cob,0,KE_stipe,0,RE_CCA
2024_10_08_11-35-59.jpg,2449,545,224,SU_cob,cobble,TRUE,0.885,SU_cob,0.099,SU_bould,0.006,MS,0.004,SU_sand,0.004,KE_5rib
2024_10_08_11-35-59.jpg,2444,3110,224,GR_ulva,green_algae_ulva,TRUE,0.494,GR_ulva,0.288,SU_bould,0.103,SU_peb,0.037,KE_bull,0.034,KE_stipe
2024_10_08_11-35-59.jpg,1191,2240,224,SU_cob,cobble,TRUE,0.452,MS,0.212,SU_peb,0.182,RE_bush,0.06,SU_bould,0.054,SU_cob
2024_10_08_11-35-59.jpg,479,2460,224,SU_cob,cobble,TRUE,0.958,SU_bould,0.03,SU_cob,0.005,KE_bull,0.002,KE_stipe,0.001,SU_peb
2024_10_08_11-35-59.jpg,919,3916,224,SU_peb,pebble,TRUE,0.86,SU_cob,0.137,SU_silt,0.001,SU_bould,0.001,MS,0.001,SU_peb
2024_10_08_11-35-59.jpg,2325,1172,224,BR_filam,brown_algae_filamentous,TRUE,0.997,KE_sugar,0.003,KE_5rib,0,RE_fil,0,GR_ulva,0,KE_sieve
2024_10_08_11-35-59.jpg,3152,1249,224,SU_bould,boulder,TRUE,0.527,SU_sand,0.378,SU_cob,0.06,SU_peb,0.024,SU_shell,0.005,MS
2024_10_08_11-35-59.jpg,1009,3759,224,SU_peb,pebble,TRUE,0.766,SU_peb,0.212,SU_bould,0.014,SU_cob,0.006,BR_sarg,0.001,GR_ulva
2024_10_08_11-35-59.jpg,2878,2059,224,GR_ulva,green_algae_ulva,TRUE,1,GR_ulva,0,SU_bould,0,KE_bull,0,KE_stipe,0,MS
2024_10_08_11-35-59.jpg,2065,2230,224,SU_silt,silt,TRUE,1,SU_silt,0,SU_shell,0,KE_sugar,0,SI_kelpBry,0,SU_bould
2024_10_08_11-35-59.jpg,1719,2647,224,SU_peb,pebble,TRUE,0.597,SU_peb,0.4,SU_sand,0.001,SU_shell,0.001,KE_stipe,0,SU_silt
2024_10_08_11-35-59.jpg,1217,3676,224,GR_ulva,green_algae_ulva,TRUE,0.976,GR_ulva,0.018,KE_stipe,0.004,KE_bull,0.001,SU_peb,0.001,MS
2024_10_08_11-35-59.jpg,546,729,224,KE_sugar,kelp_sugar,TRUE,0.799,KE_5rib,0.198,KE_sugar,0.003,KE_sieve,0,GR_ulva,0,KE_stipe
2024_10_08_11-35-59.jpg,1537,2021,224,SU_peb,pebble,TRUE,0.443,SU_shell,0.195,GR_ulva,0.131,KE_stipe,0.063,SU_cob,0.058,KE_bull
2024_10_08_11-35-59.jpg,2707,2955,224,SU_peb,pebble,TRUE,0.657,MS,0.223,SU_peb,0.112,KE_stipe,0.004,SU_shell,0.002,SU_bould
2024_10_08_11-35-59.jpg,1522,892,224,SU_cob,cobble,TRUE,0.578,SU_sand,0.405,SU_cob,0.016,SU_bould,0,SU_peb,0,RE_CCA
2024_10_08_11-35-59.jpg,3657,2067,224,GR_ulva,green_algae_ulva,TRUE,0.946,GR_ulva,0.05,SU_bould,0.003,KE_stipe,0,SU_cob,0,KE_sieve
2024_10_08_11-35-59.jpg,812,2339,224,SU_cob,cobble,TRUE,0.496,SU_cob,0.34,SU_bould,0.159,SU_shell,0.003,SU_silt,0,SU_sand
2024_10_08_11-35-59.jpg,3788,937,224,SU_cob,cobble,TRUE,0.762,SU_bould,0.148,SU_cob,0.058,KE_stipe,0.028,GR_ulva,0.002,BR_sarg
2024_10_08_11-35-59.jpg,635,4068,224,SU_silt,silt,TRUE,1,SU_silt,0,SU_shell,0,SU_cob,0,SU_sand,0,SU_peb
2024_10_08_11-35-59.jpg,1428,2890,224,SU_cob,cobble,TRUE,0.849,MS,0.08,SU_peb,0.058,SU_sand,0.013,SU_shell,0,SU_bould
2024_10_08_11-35-59.jpg,2132,610,224,BR_filam,brown_algae_filamentous,TRUE,0.999,KE_sugar,0.001,GR_ulva,0,KE_sieve,0,RE_fil,0,SU_cob
2024_10_08_11-35-59.jpg,2329,3553,224,GR_ulva,green_algae_ulva,TRUE,1,GR_ulva,0,MS,0,KE_sieve,0,RE_fil,0,KE_stipe
2024_10_08_11-35-59.jpg,718,4483,224,SU_silt,silt,TRUE,0.669,SU_silt,0.329,MS,0.001,KE_5rib,0,SU_shell,0,KE_sieve
2024_10_08_11-35-59.jpg,2989,2949,224,GR_ulva,green_algae_ulva,TRUE,1,GR_ulva,0,KE_bull,0,SU_bould,0,KE_stipe,0,SU_peb
2024_10_08_11-35-59.jpg,3418,946,224,GR_ulva,green_algae_ulva,TRUE,1,GR_ulva,0,SU_cob,0,SU_peb,0,unknown,0,KE_stipe
2024_10_08_11-35-59.jpg,3047,1017,224,SU_cob,cobble,TRUE,0.561,SU_bould,0.361,KE_stipe,0.036,MS,0.033,SU_cob,0.006,SU_peb
2024_10_08_11-35-59.jpg,3009,367,224,SU_peb,pebble,TRUE,0.99,SU_peb,0.004,KE_stipe,0.003,GR_ulva,0.002,SU_cob,0.001,MS
2024_10_08_11-35-59.jpg,608,2009,224,SU_peb,pebble,TRUE,0.948,SU_peb,0.018,SU_bould,0.011,SU_shell,0.007,BR_sarg,0.006,KE_stipe
2024_10_08_11-35-59.jpg,2229,2012,224,BR_filam,brown_algae_filamentous,TRUE,0.548,MS,0.245,KE_sugar,0.083,KE_sieve,0.043,SU_silt,0.02,SI_kelpBry
2024_10_08_11-35-59.jpg,981,3201,224,SU_peb,pebble,TRUE,0.464,MS,0.325,SU_peb,0.102,SU_bould,0.059,SU_cob,0.017,KE_bull
2024_10_08_11-35-59.jpg,3769,3573,224,GR_ulva,green_algae_ulva,TRUE,1,GR_ulva,0,KE_sieve,0,RE_leaf,0,KE_5rib,0,unknown
2024_10_08_11-36-08.jpg,2182,726,224,SU_bould,boulder,TRUE,0.685,SU_bould,0.258,SU_cob,0.054,BR_sarg,0.001,SU_sand,0.001,SU_silt
2024_10_08_11-36-08.jpg,2639,1966,224,SU_cob,cobble,TRUE,0.827,SU_cob,0.165,SU_bould,0.007,SU_silt,0,SU_peb,0,SU_shell
2024_10_08_11-36-08.jpg,1390,2071,224,SU_cob,cobble,TRUE,0.628,SU_shell,0.188,SU_cob,0.104,SU_peb,0.03,SU_bould,0.024,SI
2024_10_08_11-36-08.jpg,589,320,224,KE_sugar,kelp_sugar,TRUE,1,KE_sugar,0,RE_leaf,0,KE_5rib,0,SU_silt,0,SU_cob
2024_10_08_11-36-08.jpg,372,1771,224,SU_peb,pebble,TRUE,0.64,SU_peb,0.334,SU_shell,0.025,SU_silt,0,SU_cob,0,SU_sand
2024_10_08_11-36-08.jpg,2552,2516,224,SU_cob,cobble,TRUE,0.987,SU_silt,0.009,SU_cob,0.003,SU_bould,0.001,SU_peb,0,KE_sugar
2024_10_08_11-36-08.jpg,2062,3691,224,GR_ulva,green_algae_ulva,TRUE,0.998,GR_ulva,0.002,KE_sieve,0.001,unknown,0,KE_5rib,0,KE_stipe
2024_10_08_11-36-08.jpg,729,2590,224,SU_cob,cobble,TRUE,0.994,SU_silt,0.004,SU_bould,0.001,SU_cob,0,RE_CCA,0,SU_shell
2024_10_08_11-36-08.jpg,3032,2289,224,RE_fil,red_algae_filamentous,TRUE,1,RE_fil,0,RE_leaf,0,RE_bush,0,SU_bould,0,MS
2024_10_08_11-36-08.jpg,2492,3308,224,GR_ulva,green_algae_ulva,TRUE,0.512,KE_bull,0.309,GR_ulva,0.178,KE_stipe,0.001,SU_peb,0,BR_sarg
2024_10_08_11-36-08.jpg,3352,942,224,KE_sieve,kelp_sieve,TRUE,0.922,KE_sieve,0.068,KE_5rib,0.01,KE_sugar,0,KE_stipe,0,SI_kelpBry
2024_10_08_11-36-08.jpg,1459,1832,224,SU_cob,cobble,TRUE,0.997,SU_cob,0.001,SU_bould,0.001,SU_shell,0.001,SU_peb,0,SU_sand
2024_10_08_11-36-08.jpg,3388,3578,224,KE_sugar,kelp_sugar,TRUE,1,KE_sugar,0,GR_ulva,0,KE_stipe,0,KE_holdfas,0,KE_5rib
2024_10_08_11-36-08.jpg,2843,4213,224,GR_ulva,green_algae_ulva,TRUE,0.803,GR_ulva,0.099,KE_5rib,0.045,MS,0.028,KE_sieve,0.013,RE_leaf
2024_10_08_11-36-08.jpg,1768,3351,224,GR_ulva,green_algae_ulva,TRUE,0.999,GR_ulva,0.001,KE_bull,0,SU_peb,0,KE_stipe,0,SU_bould
2024_10_08_11-36-08.jpg,2790,1060,224,KE_sugar,kelp_sugar,TRUE,0.529,MS,0.124,KE_5rib,0.103,KE_sugar,0.067,KE_sieve,0.053,KE_stipe
2024_10_08_11-36-08.jpg,2587,596,224,GR_ulva,green_algae_ulva,TRUE,1,GR_ulva,0,SU_bould,0,KE_sieve,0,KE_stipe,0,MS
2024_10_08_11-36-08.jpg,736,3954,224,SU_cob,cobble,TRUE,0.953,SU_cob,0.035,SU_bould,0.005,KE_stipe,0.003,MS,0.001,RE_fil
2024_10_08_11-36-08.jpg,2589,2185,224,SU_peb,pebble,TRUE,0.539,SU_peb,0.29,SU_bould,0.122,SU_cob,0.029,SU_silt,0.012,SU_sand
2024_10_08_11-36-08.jpg,380,4453,224,SU_cob,cobble,TRUE,0.971,SU_bould,0.017,SU_cob,0.009,SU_silt,0.002,SU_peb,0,KE_stipe
2024_10_08_11-36-08.jpg,3728,1577,224,KE_sugar,kelp_sugar,TRUE,0.824,KE_sugar,0.174,KE_5rib,0.001,RE_leaf,0.001,GR_ulva,0,KE_sieve
2024_10_08_11-36-08.jpg,483,2613,224,SU_silt,silt,TRUE,0.768,MS,0.126,SU_silt,0.045,SU_shell,0.026,KE_bull,0.023,GR_ulva
2024_10_08_11-36-08.jpg,2973,3745,224,KE_sugar,kelp_sugar,TRUE,0.986,KE_sugar,0.007,GR_ulva,0.003,MS,0.002,RE_leaf,0.001,KE_5rib
2024_10_08_11-36-08.jpg,2919,181,224,KE_sugar,kelp_sugar,TRUE,0.581,KE_sugar,0.414,KE_5rib,0.004,GR_ulva,0,MS,0,unknown
2024_10_08_11-36-08.jpg,1972,3420,224,GR_ulva,green_algae_ulva,TRUE,1,GR_ulva,0,RE_leaf,0,MS,0,KE_5rib,0,KE_sugar
2024_10_08_11-36-08.jpg,3655,1445,224,KE_sugar,kelp_sugar,TRUE,0.998,KE_sugar,0.001,KE_5rib,0,GR_ulva,0,RE_leaf,0,SI
2024_10_08_11-36-08.jpg,2869,1487,224,GR_ulva,green_algae_ulva,TRUE,1,GR_ulva,0,MS,0,KE_stipe,0,KE_bull,0,RE_bush
2024_10_08_11-36-08.jpg,3679,3137,224,KE_sugar,kelp_sugar,TRUE,0.995,KE_sugar,0.003,SU_silt,0.001,KE_sieve,0.001,KE_5rib,0,RE_leaf
2024_10_08_11-36-08.jpg,1390,2606,224,SU_peb,pebble,TRUE,0.95,SU_peb,0.027,SU_cob,0.014,SU_bould,0.004,GR_ulva,0.001,KE_stipe
2024_10_08_11-36-08.jpg,3912,2978,224,KE_sugar,kelp_sugar,TRUE,1,KE_sugar,0,SU_silt,0,KE_5rib,0,SU_bould,0,KE_sieve
2024_10_08_11-36-08.jpg,3409,3859,224,unknown,unknown_area,TRUE,0.982,KE_5rib,0.011,KE_sugar,0.005,RE_fil,0,RE_bush,0,KE_stipe
2024_10_08_11-36-08.jpg,3562,578,224,KE_sieve,kelp_sieve,TRUE,0.62,KE_sugar,0.197,KE_5rib,0.182,KE_sieve,0,KE_stipe,0,RE_fil
2024_10_08_11-36-08.jpg,3782,4020,224,SU_cob,cobble,TRUE,0.981,SU_bould,0.007,SU_silt,0.005,SU_cob,0.004,KE_sieve,0.001,SU_peb
2024_10_08_11-36-08.jpg,3602,2999,224,KE_sugar,kelp_sugar,TRUE,0.954,KE_sieve,0.043,KE_sugar,0.002,KE_5rib,0,SU_bould,0,RE_leaf
2024_10_08_11-36-08.jpg,829,4327,224,KE_sugar,kelp_sugar,TRUE,0.723,RE_leaf,0.134,KE_sieve,0.084,MS,0.028,KE_5rib,0.011,KE_stipe
2024_10_08_11-36-08.jpg,126,2343,224,SU_peb,pebble,TRUE,0.778,RE_fil,0.17,MS,0.034,RE_bush,0.014,RE_CCA,0.001,RE_branch
2024_10_08_11-36-08.jpg,3202,3274,224,KE_sugar,kelp_sugar,TRUE,0.662,SU_silt,0.295,KE_sugar,0.03,KE_sieve,0.005,KE_5rib,0.004,SU_peb
2024_10_08_11-36-08.jpg,3482,2181,224,RE_leaf,red_algae_flat_leaf,TRUE,0.554,RE_bush,0.377,RE_branch,0.034,RE_leaf,0.034,RE_fil,0,KE_stipe
2024_10_08_11-36-08.jpg,2445,1895,224,SU_cob,cobble,TRUE,0.985,SU_silt,0.011,SU_cob,0.003,SU_bould,0.001,SU_sand,0.001,SU_shell
2024_10_08_11-36-08.jpg,1052,2629,224,SU_silt,silt,TRUE,1,SU_silt,0,SU_shell,0,SU_sand,0,RE_CCA,0,SU_bould
2024_10_08_11-36-08.jpg,3541,3889,224,KE_sugar,kelp_sugar,TRUE,0.831,GR_ulva,0.132,KE_sugar,0.035,KE_sieve,0.001,KE_5rib,0.001,KE_bull
2024_10_08_11-36-08.jpg,2515,1430,224,GR_ulva,green_algae_ulva,TRUE,1,GR_ulva,0,MS,0,RE_leaf,0,SU_cob,0,KE_stipe
2024_10_08_11-36-08.jpg,991,1091,224,KE_5rib,kelp_five_rib,TRUE,0.999,KE_5rib,0.001,KE_sieve,0,KE_sugar,0,RE_bush,0,SU_bould
2024_10_08_11-36-08.jpg,135,1776,224,SU_cob,cobble,TRUE,1,SU_cob,0,SU_peb,0,SU_bould,0,SU_shell,0,SU_sand
2024_10_08_11-36-08.jpg,3911,2793,224,KE_sugar,kelp_sugar,TRUE,1,KE_sugar,0,KE_5rib,0,RE_leaf,0,RE_CCA,0,SI
2024_10_08_11-36-08.jpg,384,2926,224,RE_leaf,red_algae_flat_leaf,TRUE,0.947,KE_stipe,0.037,MS,0.009,KE_bull,0.004,RE_branch,0.001,RE_fil
2024_10_08_11-36-08.jpg,1113,3637,224,SU_cob,cobble,TRUE,0.748,SU_bould,0.199,BR_sarg,0.033,MS,0.012,SU_cob,0.002,KE_sugar
2024_10_08_11-36-08.jpg,2061,734,224,SU_bould,boulder,TRUE,0.767,SU_cob,0.221,SU_bould,0.005,SU_silt,0.003,KE_sugar,0.001,SU_sand
2024_10_08_11-36-08.jpg,1300,3888,224,GR_ulva,green_algae_ulva,TRUE,0.999,GR_ulva,0,KE_sieve,0,KE_5rib,0,KE_bull,0,KE_stipe
2024_10_08_11-36-08.jpg,240,3662,224,SU_peb,pebble,TRUE,0.402,SU_bould,0.22,GR_ulva,0.192,KE_stipe,0.129,SU_cob,0.046,KE_sieve
2024_10_08_11-36-17.jpg,1116,342,224,KE_sugar,kelp_sugar,TRUE,0.813,KE_sugar,0.138,KE_5rib,0.041,KE_sieve,0.006,unknown,0.001,GR_ulva
2024_10_08_11-36-17.jpg,2063,3184,224,BR_sarg,brown_algae_sargassum,TRUE,0.984,BR_sarg,0.012,SU_bould,0.002,RE_CCA,0.001,SU_peb,0,SU_sand
2024_10_08_11-36-17.jpg,454,3652,224,KE_sugar,kelp_sugar,TRUE,0.957,KE_sugar,0.042,KE_5rib,0.001,SU_silt,0.001,SU_cob,0,RE_leaf
2024_10_08_11-36-17.jpg,576,1607,224,GR_ulva,green_algae_ulva,TRUE,0.585,GR_ulva,0.406,KE_sugar,0.005,KE_sieve,0.002,RE_leaf,0.002,KE_bull
2024_10_08_11-36-17.jpg,3837,2853,224,RE_fil,red_algae_filamentous,TRUE,1,RE_fil,0,BR_sarg,0,RE_CCA,0,RE_bush,0,KE_sugar
2024_10_08_11-36-17.jpg,1390,1555,224,GR_ulva,green_algae_ulva,TRUE,0.992,GR_ulva,0.003,KE_bull,0.001,KE_sugar,0.001,SU_cob,0,BR_fucus
2024_10_08_11-36-17.jpg,1926,613,224,KE_5rib,kelp_five_rib,TRUE,0.673,KE_5rib,0.326,KE_sugar,0.001,SU_cob,0,SU_peb,0,RE_branch
2024_10_08_11-36-17.jpg,2674,1966,224,KE_5rib,kelp_five_rib,TRUE,0.776,MS,0.18,RE_leaf,0.016,KE_stipe,0.008,KE_holdfas,0.007,KE_sugar
2024_10_08_11-36-17.jpg,2028,2404,224,KE_sugar,kelp_sugar,TRUE,0.946,KE_sugar,0.03,GR_ulva,0.014,KE_sieve,0.003,RE_fil,0.002,KE_5rib
2024_10_08_11-36-17.jpg,1802,2874,224,SU_peb,pebble,TRUE,0.998,RE_bush,0.002,RE_branch,0,RE_fil,0,KE_holdfas,0,MS
2024_10_08_11-36-17.jpg,3732,2502,224,SU_cob,cobble,TRUE,0.988,SU_cob,0.009,SU_peb,0.002,SU_shell,0,BR_fucus,0,SU_bould
2024_10_08_11-36-17.jpg,3307,219,224,SU_peb,pebble,TRUE,0.765,GR_ulva,0.221,SU_peb,0.011,SU_bould,0.002,KE_stipe,0.001,SU_cob
2024_10_08_11-36-17.jpg,2808,797,224,SU_peb,pebble,TRUE,1,SU_peb,0,SU_cob,0,SU_bould,0,SU_sand,0,BR_sarg
2024_10_08_11-36-17.jpg,2292,3342,224,RE_leaf,red_algae_flat_leaf,TRUE,0.856,SU_cob,0.081,RE_fil,0.026,RE_leaf,0.013,RE_bush,0.008,SU_peb
2024_10_08_11-36-17.jpg,3308,2714,224,SU_cob,cobble,TRUE,0.388,SU_bould,0.288,BR_sarg,0.091,RE_fil,0.082,KE_stipe,0.069,BR_fucus
2024_10_08_11-36-17.jpg,2016,2554,224,SU_peb,pebble,TRUE,0.791,MS,0.143,KE_stipe,0.02,RE_bush,0.009,RE_CCA,0.008,KE_sieve
2024_10_08_11-36-17.jpg,2091,1198,224,KE_5rib,kelp_five_rib,TRUE,0.979,KE_sugar,0.007,RE_leaf,0.006,SU_cob,0.004,MS,0.002,KE_5rib
2024_10_08_11-36-17.jpg,1501,2202,224,SU_bould,boulder,TRUE,0.452,SU_sand,0.219,KE_stipe,0.205,RE_bush,0.054,SU_peb,0.027,KE_sugar
2024_10_08_11-36-17.jpg,2243,1370,224,KE_5rib,kelp_five_rib,TRUE,0.898,RE_branch,0.061,KE_sugar,0.029,BR_sarg,0.003,KE_5rib,0.003,SU_cob
2024_10_08_11-36-17.jpg,506,2857,224,SU_peb,pebble,TRUE,0.477,SU_cob,0.194,SU_sand,0.179,SU_bould,0.081,SU_peb,0.04,GR_ulva
2024_10_08_11-36-17.jpg,2795,4277,224,SU_bould,boulder,TRUE,0.723,SU_sand,0.092,MS,0.069,KE_sugar,0.049,SU_bould,0.03,SU_peb
2024_10_08_11-36-17.jpg,2652,3621,224,SU_peb,pebble,TRUE,0.715,SU_peb,0.073,SU_cob,0.072,GR_ulva,0.052,SU_sand,0.046,SU_bould
2024_10_08_11-36-17.jpg,334,573,224,KE_sugar,kelp_sugar,TRUE,0.971,SU_bould,0.02,KE_5rib,0.009,KE_sugar,0,KE_sieve,0,KE_stipe
2024_10_08_11-36-17.jpg,122,1189,224,KE_sugar,kelp_sugar,TRUE,0.412,SU_peb,0.278,SU_silt,0.205,KE_5rib,0.035,KE_stipe,0.026,KE_sieve
2024_10_08_11-36-17.jpg,3488,1369,224,GR_ulva,green_algae_ulva,TRUE,0.97,SU_bould,0.029,GR_ulva,0,KE_stipe,0,KE_sieve,0,SU_cob
2024_10_08_11-36-17.jpg,3824,1044,224,SU_cob,cobble,TRUE,0.913,SU_cob,0.073,SU_bould,0.014,SU_peb,0,MS,0,SU_sand
2024_10_08_11-36-17.jpg,885,1331,224,KE_sugar,kelp_sugar,TRUE,0.425,KE_5rib,0.342,KE_stipe,0.092,RE_bush,0.074,KE_sugar,0.039,MS
2024_10_08_11-36-17.jpg,2987,1545,224,SU_bould,boulder,TRUE,0.572,SU_bould,0.347,BR_sarg,0.081,SU_cob,0,MS,0,KE_stipe
2024_10_08_11-36-17.jpg,607,4329,224,KE_sugar,kelp_sugar,TRUE,0.973,KE_5rib,0.013,KE_stipe,0.011,KE_sugar,0.001,RE_leaf,0.001,MS
2024_10_08_11-36-17.jpg,1315,3941,224,KE_sugar,kelp_sugar,TRUE,0.542,SU_peb,0.457,SU_cob,0,SU_bould,0,KE_stipe,0,KE_5rib
2024_10_08_11-36-17.jpg,1585,2795,224,SU_cob,cobble,TRUE,0.93,SU_sand,0.049,SU_peb,0.014,SU_cob,0.003,SU_shell,0.002,SU_bould
2024_10_08_11-36-17.jpg,2514,2386,224,KE_stipe,kelp_stipe,TRUE,0.635,KE_stipe,0.082,MS,0.054,KE_sugar,0.047,SU_peb,0.039,RE_leaf
2024_10_08_11-36-17.jpg,715,1525,224,KE_sugar,kelp_sugar,TRUE,0.959,KE_sugar,0.041,KE_5rib,0,RE_leaf,0,KE_sieve,0,SU_cob
2024_10_08_11-36-17.jpg,3045,737,224,SU_peb,pebble,TRUE,0.743,SU_sand,0.186,SU_cob,0.066,SU_peb,0.003,SU_shell,0.001,SU_bould
2024_10_08_11-36-17.jpg,729,3796,224,KE_sugar,kelp_sugar,TRUE,0.57,KE_5rib,0.157,BR_fucus,0.119,SU_bould,0.105,SU_cob,0.017,SU_silt
2024_10_08_11-36-17.jpg,1110,948,224,KE_sugar,kelp_sugar,TRUE,1,KE_sugar,0,KE_holdfas,0,KE_stipe,0,KE_5rib,0,SI_kelpBry
2024_10_08_11-36-17.jpg,3605,2464,224,SU_cob,cobble,TRUE,0.921,SU_cob,0.074,SU_shell,0.003,SU_bould,0.002,SU_peb,0,SU_sand
2024_10_08_11-36-17.jpg,709,2101,224,GR_ulva,green_algae_ulva,TRUE,0.674,KE_bull,0.325,GR_ulva,0.001,BR_fucus,0,KE_stipe,0,SI_kelpBry
2024_10_08_11-36-17.jpg,1724,1826,224,SU_peb,pebble,TRUE,0.963,SU_peb,0.011,SU_shell,0.01,SU_sand,0.009,MS,0.004,SU_silt
2024_10_08_11-36-17.jpg,1769,3175,224,RE_leaf,red_algae_flat_leaf,TRUE,0.394,BR_sarg,0.223,RE_branch,0.137,MS,0.123,RE_fil,0.105,KE_stipe
2024_10_08_11-36-17.jpg,2367,1116,224,KE_5rib,kelp_five_rib,TRUE,0.907,RE_bush,0.077,RE_branch,0.007,KE_sugar,0.007,SU_bould,0.001,BR_sarg
2024_10_08_11-36-17.jpg,605,663,224,KE_sugar,kelp_sugar,TRUE,0.998,KE_5rib,0.002,KE_sugar,0,KE_stipe,0,KE_sieve,0,MS
2024_10_08_11-36-17.jpg,3231,3031,224,SU_bould,boulder,TRUE,0.49,KE_sugar,0.363,SU_bould,0.136,SU_cob,0.008,SU_shell,0.002,SU_peb
2024_10_08_11-36-17.jpg,3290,3283,224,SU_bould,boulder,TRUE,0.998,SU_cob,0.001,SU_bould,0,KE_sieve,0,SU_peb,0,MS
2024_10_08_11-36-17.jpg,738,553,224,KE_sugar,kelp_sugar,TRUE,0.974,KE_sugar,0.021,KE_5rib,0.005,KE_sieve,0,SU_cob,0,GR_ulva
2024_10_08_11-36-17.jpg,1064,2682,224,SU_cob,cobble,TRUE,0.954,SU_bould,0.026,SU_cob,0.014,SU_peb,0.004,RE_CCA,0.001,KE_stipe
2024_10_08_11-36-17.jpg,1786,2046,224,SU_bould,boulder,TRUE,0.987,RE_bush,0.006,MS,0.002,SU_bould,0.002,KE_stipe,0.002,RE_fil
2024_10_08_11-36-17.jpg,3597,506,224,GR_ulva,green_algae_ulva,TRUE,0.455,MS,0.256,SU_cob,0.137,GR_ulva,0.13,KE_stipe,0.014,SU_bould
2024_10_08_11-36-17.jpg,1998,3449,224,RE_leaf,red_algae_flat_leaf,TRUE,0.249,BR_sarg,0.178,MS,0.171,SU_peb,0.144,RE_branch,0.125,SU_bould
2024_10_08_11-36-17.jpg,2581,2813,224,SU_peb,pebble,TRUE,0.708,KE_stipe,0.29,SU_peb,0.002,SU_bould,0,SU_cob,0,MS
2024_10_08_11-36-26.jpg,699,2880,224,SU_peb,pebble,TRUE,0.968,GR_ulva,0.013,KE_stipe,0.01,KE_bull,0.003,SU_peb,0.002,BR_sarg
2024_10_08_11-36-26.jpg,220,2555,224,GR_ulva,green_algae_ulva,TRUE,1,GR_ulva,0,RE_leaf,0,KE_5rib,0,KE_bull,0,unknown
2024_10_08_11-36-26.jpg,369,410,224,BR_filam,brown_algae_filamentous,TRUE,0.505,GR_ulva,0.225,BR_sarg,0.147,RE_fil,0.088,KE_5rib,0.022,KE_stipe
2024_10_08_11-36-26.jpg,3716,1140,224,KE_sieve,kelp_sieve,TRUE,0.998,KE_sugar,0.001,SU_bould,0.001,KE_sieve,0,SU_silt,0,GR_ulva
2024_10_08_11-36-26.jpg,1480,604,224,SU_peb,pebble,TRUE,0.641,SU_cob,0.357,SU_peb,0.001,GR_ulva,0.001,MS,0,SU_shell
2024_10_08_11-36-26.jpg,2813,1647,224,GR_ulva,green_algae_ulva,TRUE,1,GR_ulva,0,KE_sugar,0,KE_bull,0,RE_leaf,0,KE_stipe
2024_10_08_11-36-26.jpg,1920,1552,224,GR_ulva,green_algae_ulva,TRUE,1,GR_ulva,0,KE_sugar,0,BR_sarg,0,RE_leaf,0,SU_bould
2024_10_08_11-36-26.jpg,1651,3634,224,KE_sugar,kelp_sugar,TRUE,0.838,KE_sugar,0.066,KE_bull,0.025,KE_stipe,0.016,KE_5rib,0.015,RE_leaf
2024_10_08_11-36-26.jpg,3801,547,224,KE_sugar,kelp_sugar,TRUE,0.999,SU_cob,0.001,SU_peb,0,SU_bould,0,KE_stipe,0,SU_silt
2024_10_08_11-36-26.jpg,1441,4053,224,SU_silt,silt,TRUE,0.982,SU_silt,0.009,SU_cob,0.004,SU_bould,0.004,SU_peb,0.001,RE_bush
2024_10_08_11-36-26.jpg,2881,3263,224,KE_sugar,kelp_sugar,TRUE,0.904,KE_sugar,0.061,SU_cob,0.03,SU_silt,0.003,SU_bould,0.001,KE_5rib
2024_10_08_11-36-26.jpg,2675,2623,224,KE_sugar,kelp_sugar,TRUE,0.946,KE_sugar,0.025,RE_leaf,0.021,KE_5rib,0.008,SU_bould,0,MS
2024_10_08_11-36-26.jpg,129,2433,224,GR_ulva,green_algae_ulva,TRUE,1,GR_ulva,0,SU_bould,0,KE_sieve,0,KE_stipe,0,KE_5rib
2024_10_08_11-36-26.jpg,3384,3669,224,GR_ulva,green_algae_ulva,TRUE,0.969,GR_ulva,0.031,KE_stipe,0,SU_cob,0,SU_bould,0,KE_5rib
2024_10_08_11-36-26.jpg,1317,1563,224,RE_leaf,red_algae_flat_leaf,TRUE,1,RE_leaf,0,RE_fil,0,KE_sugar,0,MS,0,SI_kelpBry
2024_10_08_11-36-26.jpg,3003,176,224,GR_ulva,green_algae_ulva,TRUE,1,GR_ulva,0,unknown,0,BR_sarg,0,KE_5rib,0,KE_stipe
2024_10_08_11-36-26.jpg,1313,4067,224,SU_peb,pebble,TRUE,0.687,SU_peb,0.297,SU_silt,0.014,SU_cob,0.001,SU_bould,0.001,GR_ulva
2024_10_08_11-36-26.jpg,2654,548,224,GR_ulva,green_algae_ulva,TRUE,0.999,GR_ulva,0,SU_cob,0,KE_sugar,0,KE_stipe,0,KE_5rib
2024_10_08_11-36-26.jpg,1108,326,224,SU_peb,pebble,TRUE,1,SU_peb,0,SU_shell,0,MS,0,SU_silt,0,SU_cob
2024_10_08_11-36-26.jpg,1084,2306,224,BR_filam,brown_algae_filamentous,TRUE,0.486,RE_fil,0.426,KE_sugar,0.083,SU_bould,0.002,RE_leaf,0.001,KE_5rib
2024_10_08_11-36-26.jpg,2653,234,224,GR_ulva,green_algae_ulva,TRUE,1,GR_ulva,0,SU_bould,0,SU_cob,0,unknown,0,MS
2024_10_08_11-36-26.jpg,1173,2737,224,SU_peb,pebble,TRUE,0.891,SU_bould,0.045,SU_cob,0.017,KE_holdfas,0.013,KE_stipe,0.008,SU_peb
2024_10_08_11-36-26.jpg,1694,371,224,KE_sugar,kelp_sugar,TRUE,0.941,SU_cob,0.05,SU_silt,0.003,KE_sugar,0.003,SU_peb,0.003,SU_bould
2024_10_08_11-36-26.jpg,1074,1323,224,SU_peb,pebble,TRUE,0.536,SU_peb,0.154,SU_shell,0.121,SU_cob,0.109,SI_kelpBry,0.037,KE_sieve
2024_10_08_11-36-26.jpg,2522,4375,224,GR_ulva,green_algae_ulva,TRUE,0.998,GR_ulva,0.001,KE_5rib,0,MS,0,SI,0,KE_bull
2024_10_08_11-36-26.jpg,1745,134,224,KE_sugar,kelp_sugar,TRUE,0.987,KE_sugar,0.006,SU_silt,0.006,SU_cob,0,MS,0,SU_bould
2024_10_08_11-36-26.jpg,942,2758,224,SU_peb,pebble,TRUE,0.771,GR_ulva,0.116,KE_stipe,0.103,KE_bull,0.006,BR_fucus,0.003,SU_peb
2024_10_08_11-36-26.jpg,676,4146,224,SU_peb,pebble,TRUE,0.809,SU_peb,0.136,SU_cob,0.028,RE_bush,0.02,KE_stipe,0.003,SU_bould
2024_10_08_11-36-26.jpg,462,1151,224,SU_peb,pebble,TRUE,0.668,SU_cob,0.186,SU_bould,0.047,BR_sarg,0.044,MS,0.021,KE_stipe
2024_10_08_11-36-26.jpg,3811,3693,224,GR_ulva,green_algae_ulva,TRUE,1,GR_ulva,0,KE_stipe,0,SU_peb,0,KE_bull,0,MS
2024_10_08_11-36-26.jpg,2011,2597,224,KE_sugar,kelp_sugar,TRUE,0.967,KE_sugar,0.013,KE_sieve,0.009,KE_stipe,0.006,RE_leaf,0.003,KE_5rib
2024_10_08_11-36-26.jpg,3598,445,224,KE_sugar,kelp_sugar,TRUE,0.925,SU_bould,0.033,SU_cob,0.025,KE_sugar,0.013,KE_5rib,0.002,SU_peb
2024_10_08_11-36-26.jpg,1532,3514,224,SU_silt,silt,TRUE,0.595,KE_sugar,0.181,GR_ulva,0.084,SU_silt,0.038,KE_sieve,0.027,SU_peb
2024_10_08_11-36-26.jpg,683,1224,224,BR_filam,brown_algae_filamentous,TRUE,0.897,RE_fil,0.037,KE_sieve,0.029,GR_ulva,0.016,BR_sarg,0.009,KE_stipe
2024_10_08_11-36-26.jpg,2303,273,224,SU_silt,silt,TRUE,0.994,SU_silt,0.004,SU_cob,0.001,GR_ulva,0,KE_sugar,0,KE_stipe
2024_10_08_11-36-26.jpg,1759,1008,224,KE_sugar,kelp_sugar,TRUE,0.862,KE_sugar,0.09,SU_cob,0.019,SU_silt,0.016,SI_kelpBry,0.004,SU_bould
2024_10_08_11-36-26.jpg,3840,2868,224,SU_peb,pebble,TRUE,0.673,SU_bould,0.324,SU_cob,0.003,BR_fucus,0,RE_CCA,0,SI
2024_10_08_11-36-26.jpg,2123,4337,224,SU_silt,silt,TRUE,0.435,SU_bould,0.362,SU_peb,0.176,SU_cob,0.023,SU_silt,0.001,SU_sand
2024_10_08_11-36-26.jpg,1173,3078,224,SU_peb,pebble,TRUE,0.917,SU_silt,0.07,SU_cob,0.006,SU_peb,0.003,GR_ulva,0.002,BR_fucus
2024_10_08_11-36-26.jpg,236,1275,224,GR_ulva,green_algae_ulva,TRUE,0.564,BR_sarg,0.427,GR_ulva,0.003,SU_bould,0.003,KE_stipe,0.002,MS
2024_10_08_11-36-26.jpg,3128,1835,224,GR_ulva,green_algae_ulva,TRUE,1,GR_ulva,0,BR_sarg,0,KE_stipe,0,SU_peb,0,KE_bull
2024_10_08_11-36-26.jpg,974,4429,224,GR_ulva,green_algae_ulva,TRUE,0.903,SU_bould,0.096,GR_ulva,0,SU_cob,0,KE_stipe,0,MS
2024_10_08_11-36-26.jpg,909,398,224,GR_ulva,green_algae_ulva,TRUE,0.964,GR_ulva,0.014,KE_bull,0.011,KE_sugar,0.004,KE_stipe,0.003,MS
2024_10_08_11-36-26.jpg,1524,2054,224,SU_bould,boulder,TRUE,0.776,SU_sand,0.185,SU_peb,0.014,SU_shell,0.008,RE_CCA,0.007,SU_bould
2024_10_08_11-36-26.jpg,1123,1639,224,RE_leaf,red_algae_flat_leaf,TRUE,1,RE_leaf,0,RE_fil,0,MS,0,KE_sugar,0,KE_sieve
2024_10_08_11-36-26.jpg,1400,4226,224,SU_peb,pebble,TRUE,1,SU_peb,0,SU_cob,0,GR_ulva,0,SU_silt,0,SU_bould
2024_10_08_11-36-26.jpg,614,1708,224,BR_filam,brown_algae_filamentous,TRUE,0.847,KE_sieve,0.127,KE_sugar,0.019,KE_5rib,0.004,RE_fil,0.002,KE_stipe
2024_10_08_11-36-26.jpg,2887,1243,224,KE_sugar,kelp_sugar,TRUE,0.675,KE_sugar,0.321,RE_leaf,0.001,MS,0.001,RE_bush,0.001,RE_fil
2024_10_08_11-36-26.jpg,2552,1148,224,SU_peb,pebble,TRUE,0.991,SU_sand,0.008,SU_silt,0,SU_peb,0,SU_cob,0,SU_bould
2024_10_08_11-36-26.jpg,2326,3564,224,SU_silt,silt,TRUE,0.997,SU_sand,0.003,SU_silt,0,SU_shell,0,SU_cob,0,RE_CCA
2024_10_08_11-36-35.jpg,964,2049,224,GR_ulva,green_algae_ulva,TRUE,1,GR_ulva,0,KE_bull,0,KE_5rib,0,RE_leaf,0,SU_bould
2024_10_08_11-36-35.jpg,2856,2172,224,GR_ulva,green_algae_ulva,TRUE,1,GR_ulva,0,KE_bull,0,SU_cob,0,KE_stipe,0,SU_peb
2024_10_08_11-36-35.jpg,1476,1306,224,GR_ulva,green_algae_ulva,TRUE,1,GR_ulva,0,RE_leaf,0,BR_sarg,0,KE_5rib,0,SU_cob
2024_10_08_11-36-35.jpg,405,3166,224,GR_ulva,green_algae_ulva,TRUE,1,GR_ulva,0,KE_bull,0,KE_sugar,0,KE_stipe,0,MS
2024_10_08_11-36-35.jpg,833,157,224,GR_ulva,green_algae_ulva,TRUE,1,GR_ulva,0,SI,0,KE_stipe,0,MS,0,SU_cob
2024_10_08_11-36-35.jpg,3093,1243,224,SU_bould,boulder,TRUE,0.63,SU_bould,0.37,GR_ulva,0,KE_stipe,0,BR_fucus,0,BR_sarg
2024_10_08_11-36-35.jpg,2217,4041,224,KE_sugar,kelp_sugar,TRUE,0.901,MS,0.082,SU_peb,0.016,SU_shell,0.001,KE_stipe,0,SI
2024_10_08_11-36-35.jpg,2752,3498,224,GR_ulva,green_algae_ulva,TRUE,1,GR_ulva,0,SU_bould,0,KE_stipe,0,KE_bull,0,SI
2024_10_08_11-36-35.jpg,1276,1137,224,SU_cob,cobble,TRUE,1,GR_ulva,0,SU_peb,0,SU_bould,0,KE_stipe,0,BR_sarg
2024_10_08_11-36-35.jpg,174,820,224,GR_ulva,green_algae_ulva,TRUE,1,GR_ulva,0,KE_stipe,0,KE_5rib,0,SU_cob,0,SI
2024_10_08_11-36-35.jpg,1403,3780,224,SU_peb,pebble,TRUE,0.555,SU_peb,0.188,KE_sugar,0.151,BR_fucus,0.098,KE_5rib,0.005,SU_cob
2024_10_08_11-36-35.jpg,514,585,224,GR_ulva,green_algae_ulva,TRUE,0.973,GR_ulva,0.014,BR_fucus,0.008,unknown,0.003,BR_sarg,0.001,KE_sieve
2024_10_08_11-36-35.jpg,2842,1062,224,GR_ulva,green_algae_ulva,TRUE,1,GR_ulva,0,KE_stipe,0,SU_cob,0,SU_peb,0,MS
2024_10_08_11-36-35.jpg,1588,2091,224,SU_peb,pebble,TRUE,0.672,SU_peb,0.206,SI,0.073,SU_shell,0.04,SI_kelpBry,0.004,MS
2024_10_08_11-36-35.jpg,2210,1705,224,GR_ulva,green_algae_ulva,TRUE,1,GR_ulva,0,unknown,0,RE_leaf,0,KE_sieve,0,BR_sarg
2024_10_08_11-36-35.jpg,1117,2308,224,KE_sugar,kelp_sugar,TRUE,1,KE_sugar,0,SU_silt,0,RE_leaf,0,MS,0,SU_sand
2024_10_08_11-36-35.jpg,2407,2431,224,SU_cob,cobble,TRUE,0.697,SU_cob,0.228,SU_peb,0.033,GR_ulva,0.023,SU_bould,0.008,RE_CCA
2024_10_08_11-36-35.jpg,2374,3854,224,KE_sugar,kelp_sugar,TRUE,0.309,KE_sugar,0.213,GR_ulva,0.162,KE_5rib,0.15,SU_peb,0.065,SU_bould
2024_10_08_11-36-35.jpg,301,3283,224,GR_ulva,green_algae_ulva,TRUE,1,GR_ulva,0,KE_5rib,0,RE_leaf,0,SU_cob,0,KE_sugar
2024_10_08_11-36-35.jpg,3321,1347,224,GR_ulva,green_algae_ulva,TRUE,0.987,GR_ulva,0.007,KE_stipe,0.006,MS,0,RE_bush,0,RE_fil
2024_10_08_11-36-35.jpg,2040,3891,224,KE_sugar,kelp_sugar,TRUE,0.933,BR_fucus,0.027,RE_branch,0.02,KE_5rib,0.009,BR_sarg,0.004,KE_stipe
2024_10_08_11-36-35.jpg,401,2472,224,GR_ulva,green_algae_ulva,TRUE,1,GR_ulva,0,unknown,0,RE_fil,0,KE_stipe,0,RE_bush
2024_10_08_11-36-35.jpg,3297,2367,224,GR_ulva,green_algae_ulva,TRUE,1,GR_ulva,0,BR_sarg,0,RE_leaf,0,SU_peb,0,KE_sieve
2024_10_08_11-36-35.jpg,825,4088,224,KE_sugar,kelp_sugar,TRUE,0.893,KE_sugar,0.042,KE_stipe,0.032,KE_sieve,0.015,KE_5rib,0.007,RE_leaf
2024_10_08_11-36-35.jpg,1876,2222,224,GR_ulva,green_algae_ulva,TRUE,1,GR_ulva,0,RE_leaf,0,KE_bull,0,KE_5rib,0,BR_sarg
2024_10_08_11-36-35.jpg,2951,3085,224,GR_ulva,green_algae_ulva,TRUE,0.997,GR_ulva,0.001,KE_sieve,0.001,unknown,0.001,RE_fil,0,KE_5rib
2024_10_08_11-36-35.jpg,2096,3026,224,SU_cob,cobble,TRUE,0.883,MS,0.114,SU_sand,0.003,KE_stipe,0,SU_peb,0,SU_shell
2024_10_08_11-36-35.jpg,2418,2316,224,SU_cob,cobble,TRUE,0.747,GR_ulva,0.162,RE_CCA,0.069,KE_stipe,0.012,SU_bould,0.005,BR_sarg
2024_10_08_11-36-35.jpg,3509,940,224,BR_filam,brown_algae_filamentous,TRUE,0.861,GR_ulva,0.099,KE_sieve,0.023,RE_fil,0.011,unknown,0.002,SU_bould
2024_10_08_11-36-35.jpg,1120,3854,224,KE_sugar,kelp_sugar,TRUE,1,KE_sugar,0,KE_5rib,0,RE_leaf,0,RE_bush,0,GR_ulva
2024_10_08_11-36-35.jpg,1815,4464,224,GR_ulva,green_algae_ulva,TRUE,0.967,GR_ulva,0.023,KE_5rib,0.01,unknown,0,KE_sugar,0,KE_sieve
2024_10_08_11-36-35.jpg,3674,4310,224,GR_ulva,green_algae_ulva,TRUE,0.998,GR_ulva,0.001,unknown,0,MS,0,KE_5rib,0,KE_sieve
2024_10_08_11-36-35.jpg,2336,2933,224,GR_ulva,green_algae_ulva,TRUE,1,GR_ulva,0,KE_bull,0,KE_stipe,0,SU_bould,0,RE_fil
2024_10_08_11-36-35.jpg,3246,4174,224,SU_sand,sand_fine_shell,TRUE,0.666,SU_silt,0.333,SU_sand,0.001,SU_peb,0,SU_shell,0,MS
2024_10_08_11-36-35.jpg,906,4285,224,GR_ulva,green_algae_ulva,TRUE,0.894,KE_stipe,0.058,GR_ulva,0.036,KE_5rib,0.011,RE_fil,0,unknown
2024_10_08_11-36-35.jpg,1778,3142,224,KE_sugar,kelp_sugar,TRUE,0.999,KE_sugar,0.001,RE_leaf,0,MS,0,SU_sand,0,SU_cob
2024_10_08_11-36-35.jpg,1166,2452,224,KE_sugar,kelp_sugar,TRUE,1,KE_sugar,0,KE_sieve,0,SU_silt,0,RE_leaf,0,SU_bould
2024_10_08_11-36-35.jpg,2794,3855,224,KE_sugar,kelp_sugar,TRUE,0.41,GR_ulva,0.253,KE_sieve,0.169,KE_sugar,0.086,KE_5rib,0.051,RE_fil
2024_10_08_11-36-35.jpg,558,2082,224,GR_ulva,green_algae_ulva,TRUE,1,GR_ulva,0,KE_5rib,0,unknown,0,KE_sieve,0,RE_leaf
2024_10_08_11-36-35.jpg,2597,3620,224,KE_sugar,kelp_sugar,TRUE,0.953,KE_stipe,0.031,SU_cob,0.005,SU_bould,0.004,GR_ulva,0.004,KE_bull
2024_10_08_11-36-35.jpg,3505,2220,224,GR_ulva,green_algae_ulva,TRUE,0.997,GR_ulva,0.003,BR_sarg,0,BR_fucus,0,KE_bull,0,KE_sieve
2024_10_08_11-36-35.jpg,1694,499,224,GR_ulva,green_algae_ulva,TRUE,1,GR_ulva,0,BR_sarg,0,KE_sieve,0,KE_stipe,0,unknown
2024_10_08_11-36-35.jpg,3436,792,224,BR_filam,brown_algae_filamentous,TRUE,0.965,KE_5rib,0.017,GR_ulva,0.01,KE_sieve,0.004,unknown,0.001,RE_fil
2024_10_08_11-36-35.jpg,1755,2041,224,SU_peb,pebble,TRUE,0.594,SU_peb,0.239,SU_shell,0.164,SU_cob,0.001,GR_ulva,0.001,SU_sand
2024_10_08_11-36-35.jpg,1744,206,224,GR_ulva,green_algae_ulva,TRUE,1,GR_ulva,0,MS,0,RE_leaf,0,BR_sarg,0,SI_kelpBry
2024_10_08_11-36-35.jpg,239,2284,224,GR_ulva,green_algae_ulva,TRUE,0.997,GR_ulva,0.002,SU_silt,0,SU_bould,0,unknown,0,KE_sugar
2024_10_08_11-36-35.jpg,3221,841,224,BR_filam,brown_algae_filamentous,TRUE,0.616,SU_bould,0.334,KE_sugar,0.036,KE_5rib,0.009,RE_fil,0.003,GR_ulva
2024_10_08_11-36-35.jpg,3817,3440,224,SU_silt,silt,TRUE,1,SU_silt,0,MS,0,SU_peb,0,SU_shell,0,SU_sand
2024_10_08_11-36-35.jpg,161,1442,224,GR_ulva,green_algae_ulva,TRUE,1,GR_ulva,0,KE_stipe,0,KE_bull,0,RE_leaf,0,KE_sugar
2024_10_08_11-36-35.jpg,3776,665,224,BR_filam,brown_algae_filamentous,TRUE,0.46,KE_sieve,0.386,KE_5rib,0.043,unknown,0.042,GR_ulva,0.021,SI
2024_10_08_11-36-44.jpg,1581,368,224,SU_cob,cobble,TRUE,0.984,SU_shell,0.008,SU_cob,0.008,SU_peb,0,SU_bould,0,MS
2024_10_08_11-36-44.jpg,3067,3621,224,GR_ulva,green_algae_ulva,TRUE,0.998,GR_ulva,0.002,SU_bould,0,KE_stipe,0,SU_peb,0,MS
2024_10_08_11-36-44.jpg,1350,2776,224,SU_silt,silt,TRUE,0.955,SU_silt,0.039,GR_ulva,0.005,SU_peb,0.001,MS,0,RE_CCA
2024_10_08_11-36-44.jpg,3518,4368,224,GR_ulva,green_algae_ulva,TRUE,0.746,GR_ulva,0.253,unknown,0.001,KE_sieve,0,MS,0,KE_sugar
2024_10_08_11-36-44.jpg,1430,448,224,SU_cob,cobble,TRUE,0.994,SU_bould,0.005,SU_cob,0.001,SU_peb,0,KE_stipe,0,MS
2024_10_08_11-36-44.jpg,2322,203,224,SU_peb,pebble,TRUE,0.717,SU_peb,0.143,SU_silt,0.13,SU_cob,0.007,SU_bould,0.002,SU_shell
2024_10_08_11-36-44.jpg,1125,2605,224,GR_ulva,green_algae_ulva,TRUE,0.989,GR_ulva,0.007,SU_peb,0.003,SU_shell,0,SU_cob,0,KE_stipe
2024_10_08_11-36-44.jpg,3026,2313,224,KE_sugar,kelp_sugar,TRUE,0.974,KE_sieve,0.023,RE_branch,0.001,KE_sugar,0.001,BR_sarg,0.001,GR_ulva
2024_10_08_11-36-44.jpg,3778,580,224,SU_anth,anthropogenic,TRUE,0.966,SU_shell,0.012,MS,0.01,SU_bould,0.007,SI_kelpBry,0.003,KE_stipe
2024_10_08_11-36-44.jpg,528,811,224,RE_fil,red_algae_filamentous,TRUE,0.763,MS,0.229,KE_stipe,0.005,SU_cob,0.003,RE_fil,0,BR_fucus
2024_10_08_11-36-44.jpg,2238,4304,224,GR_ulva,green_algae_ulva,TRUE,0.981,GR_ulva,0.011,unknown,0.007,KE_sieve,0,MS,0,KE_5rib
2024_10_08_11-36-44.jpg,840,3508,224,KE_sugar,kelp_sugar,TRUE,0.996,KE_sugar,0.004,KE_5rib,0,KE_stipe,0,KE_sieve,0,GR_ulva
2024_10_08_11-36-44.jpg,1937,4027,224,GR_ulva,green_algae_ulva,TRUE,0.989,GR_ulva,0.01,unknown,0.001,KE_sieve,0,KE_stipe,0,RE_leaf
2024_10_08_11-36-44.jpg,1546,1749,224,GR_ulva,green_algae_ulva,TRUE,1,GR_ulva,0,KE_bull,0,SU_peb,0,SU_bould,0,KE_stipe
2024_10_08_11-36-44.jpg,280,799,224,SU_cob,cobble,TRUE,0.995,SU_shell,0.005,SU_cob,0,KE_stipe,0,SI_kelpBry,0,MS
2024_10_08_11-36-44.jpg,2863,496,224,SU_cob,cobble,TRUE,0.993,SU_cob,0.004,MS,0.002,SU_bould,0.001,SU_shell,0,SU_peb
2024_10_08_11-36-44.jpg,1308,964,224,GR_ulva,green_algae_ulva,TRUE,1,GR_ulva,0,SU_cob,0,KE_stipe,0,SU_bould,0,SU_peb
2024_10_08_11-36-44.jpg,3219,1557,224,KE_sugar,kelp_sugar,TRUE,0.986,KE_sugar,0.009,GR_ulva,0.004,KE_5rib,0,RE_leaf,0,KE_sieve
2024_10_08_11-36-44.jpg,2590,658,224,MS,mobile_species,TRUE,0.964,SU_bould,0.021,SU_shell,0.013,KE_stipe,0.001,MS,0.001,SU_cob
2024_10_08_11-36-44.jpg,401,2774,224,SU_silt,silt,TRUE,1,SU_silt,0,SU_sand,0,SU_cob,0,SU_peb,0,SU_shell
2024_10_08_11-36-44.jpg,3702,1132,224,GR_ulva,green_algae_ulva,TRUE,0.999,GR_ulva,0.001,KE_5rib,0,KE_sieve,0,unknown,0,KE_stipe
2024_10_08_11-36-44.jpg,3584,2895,224,KE_sugar,kelp_sugar,TRUE,0.683,KE_sugar,0.227,MS,0.069,SU_peb,0.011,SU_bould,0.006,KE_stipe
2024_10_08_11-36-44.jpg,3491,4070,224,GR_ulva,green_algae_ulva,TRUE,0.819,unknown,0.18,GR_ulva,0.001,KE_5rib,0,SU_bould,0,KE_stipe
2024_10_08_11-36-44.jpg,3729,209,224,SU_peb,pebble,TRUE,0.855,SU_cob,0.044,SU_silt,0.029,KE_sieve,0.017,SU_bould,0.013,KE_5rib
2024_10_08_11-36-44.jpg,3824,3912,224,KE_sugar,kelp_sugar,TRUE,0.965,KE_sugar,0.012,KE_5rib,0.008,GR_ulva,0.008,RE_fil,0.004,unknown
2024_10_08_11-36-44.jpg,939,1215,224,GR_ulva,green_algae_ulva,TRUE,1,GR_ulva,0,unknown,0,KE_5rib,0,KE_stipe,0,KE_sieve
2024_10_08_11-36-44.jpg,246,2131,224,KE_sugar,kelp_sugar,TRUE,0.942,SU_silt,0.025,SU_cob,0.022,KE_sugar,0.011,SU_sand,0,SU_peb
2024_10_08_11-36-44.jpg,2582,1721,224,GR_ulva,green_algae_ulva,TRUE,1,GR_ulva,0,RE_leaf,0,KE_sieve,0,unknown,0,KE_5rib
2024_10_08_11-36-44.jpg,2460,2424,224,KE_sugar,kelp_sugar,TRUE,0.925,KE_bull,0.071,KE_stipe,0.003,KE_sugar,0.001,GR_ulva,0,MS
2024_10_08_11-36-44.jpg,3575,1361,224,GR_ulva,green_algae_ulva,TRUE,1,GR_ulva,0,BR_fucus,0,KE_sieve,0,KE_stipe,0,BR_sarg
2024_10_08_11-36-44.jpg,3348,724,224,RE_branch,red_algae_branching,TRUE,0.636,MS,0.211,RE_fil,0.104,KE_stipe,0.041,KE_bull,0.004,RE_CCA
2024_10_08_11-36-44.jpg,3076,514,224,unknown,unknown_area,TRUE,0.541,MS,0.195,KE_stipe,0.085,SU_shell,0.055,SU_cob,0.048,SI_kelpBry
2024_10_08_11-36-44.jpg,1683,3014,224,SU_peb,pebble,TRUE,0.931,SU_cob,0.042,SU_peb,0.02,SU_sand,0.005,SU_shell,0,SU_bould
2024_10_08_11-36-44.jpg,1900,2370,224,RE_bush,red_algae_bushy,TRUE,1,RE_bush,0,KE_sugar,0,RE_leaf,0,KE_stipe,0,MS
2024_10_08_11-36-44.jpg,2703,3869,224,KE_sugar,kelp_sugar,TRUE,0.999,KE_sugar,0.001,SU_silt,0,KE_sieve,0,GR_ulva,0,RE_leaf
2024_10_08_11-36-44.jpg,2107,2594,224,GR_ulva,green_algae_ulva,TRUE,0.521,GR_ulva,0.209,KE_bull,0.206,KE_stipe,0.024,RE_CCA,0.015,MS
2024_10_08_11-36-44.jpg,651,3936,224,GR_ulva,green_algae_ulva,TRUE,0.853,GR_ulva,0.103,KE_stipe,0.023,SU_peb,0.008,SU_bould,0.005,MS
2024_10_08_11-36-44.jpg,1422,4309,224,SU_peb,pebble,TRUE,0.638,SU_bould,0.283,GR_ulva,0.073,KE_stipe,0.002,SU_peb,0.002,unknown
2024_10_08_11-36-44.jpg,1077,1564,224,SU_peb,pebble,TRUE,1,GR_ulva,0,KE_bull,0,KE_stipe,0,MS,0,SU_peb
2024_10_08_11-36-44.jpg,950,1589,224,GR_ulva,green_algae_ulva,TRUE,1,GR_ulva,0,KE_5rib,0,RE_leaf,0,BR_sarg,0,MS
2024_10_08_11-36-44.jpg,624,2203,224,KE_sugar,kelp_sugar,TRUE,1,KE_sugar,0,RE_leaf,0,KE_bull,0,GR_ulva,0,MS
2024_10_08_11-36-44.jpg,3874,4294,224,unknown,unknown_area,TRUE,0.739,unknown,0.201,GR_ulva,0.028,KE_5rib,0.013,KE_sugar,0.011,MS
2024_10_08_11-36-44.jpg,1497,2389,224,RE_bush,red_algae_bushy,TRUE,0.999,RE_bush,0,RE_fil,0,KE_sugar,0,KE_stipe,0,RE_branch
2024_10_08_11-36-44.jpg,1625,3886,224,RE_leaf,red_algae_flat_leaf,TRUE,0.983,RE_fil,0.009,RE_leaf,0.005,KE_5rib,0.001,KE_stipe,0.001,MS
2024_10_08_11-36-44.jpg,3404,4277,224,GR_ulva,green_algae_ulva,TRUE,0.984,unknown,0.014,GR_ulva,0.002,KE_sieve,0,MS,0,KE_sugar
2024_10_08_11-36-44.jpg,1207,3501,224,SU_sand,sand_fine_shell,TRUE,1,SU_sand,0,SU_cob,0,SI_kelpBry,0,KE_sugar,0,KE_stipe
2024_10_08_11-36-44.jpg,2189,832,224,SU_peb,pebble,TRUE,0.988,SU_peb,0.007,SU_shell,0.003,SU_cob,0.002,SU_sand,0,BR_sarg
2024_10_08_11-36-44.jpg,3472,1051,224,GR_ulva,green_algae_ulva,TRUE,0.954,GR_ulva,0.032,MS,0.013,KE_stipe,0,SU_bould,0,BR_sarg
2024_10_08_11-36-44.jpg,1461,2066,224,GR_ulva,green_algae_ulva,TRUE,1,GR_ulva,0,KE_stipe,0,RE_CCA,0,SU_bould,0,BR_sarg
2024_10_08_11-36-44.jpg,2339,1634,224,GR_ulva,green_algae_ulva,TRUE,1,GR_ulva,0,KE_bull,0,KE_5rib,0,RE_leaf,0,MS
2024_10_08_11-36-54.jpg,3199,749,224,GR_ulva,green_algae_ulva,TRUE,1,GR_ulva,0,KE_sieve,0,unknown,0,BR_sarg,0,KE_stipe
2024_10_08_11-36-54.jpg,1959,4484,224,GR_ulva,green_algae_ulva,TRUE,0.995,KE_sieve,0.004,GR_ulva,0,unknown,0,KE_5rib,0,KE_stipe
2024_10_08_11-36-54.jpg,1081,3776,224,GR_ulva,green_algae_ulva,TRUE,0.999,GR_ulva,0.001,KE_sieve,0,RE_leaf,0,BR_sarg,0,KE_stipe
2024_10_08_11-36-54.jpg,3118,2597,224,SU_peb,pebble,TRUE,0.669,SU_cob,0.145,SU_peb,0.125,SU_sand,0.052,SU_silt,0.003,SU_shell
2024_10_08_11-36-54.jpg,1544,242,224,SU_silt,silt,TRUE,0.955,SU_silt,0.041,MS,0.002,SU_sand,0.002,SU_peb,0,SU_cob
2024_10_08_11-36-54.jpg,3834,3525,224,KE_sugar,kelp_sugar,TRUE,0.381,KE_sugar,0.305,KE_5rib,0.189,MS,0.085,KE_bull,0.029,GR_ulva
2024_10_08_11-36-54.jpg,1181,121,224,SU_peb,pebble,TRUE,0.956,SU_peb,0.044,SU_cob,0,KE_5rib,0,SU_silt,0,KE_sieve
2024_10_08_11-36-54.jpg,1754,869,224,SU_peb,pebble,TRUE,0.969,SU_peb,0.021,SU_sand,0.007,SU_cob,0.002,SU_bould,0.001,SU_silt
2024_10_08_11-36-54.jpg,1970,1535,224,SU_peb,pebble,TRUE,0.923,SU_cob,0.066,KE_stipe,0.006,SU_bould,0.002,MS,0.001,KE_holdfas
2024_10_08_11-36-54.jpg,1549,874,224,GR_ulva,green_algae_ulva,TRUE,0.708,GR_ulva,0.277,KE_stipe,0.006,SU_peb,0.005,MS,0.001,BR_sarg
2024_10_08_11-36-54.jpg,1775,2980,224,SU_cob,cobble,TRUE,0.984,SU_cob,0.015,SU_bould,0,GR_ulva,0,SU_peb,0,SU_silt
2024_10_08_11-36-54.jpg,990,2409,224,GR_ulva,green_algae_ulva,TRUE,1,GR_ulva,0,RE_leaf,0,BR_sarg,0,unknown,0,KE_5rib
2024_10_08_11-36-54.jpg,3581,4350,224,SU_peb,pebble,TRUE,0.923,SU_bould,0.072,KE_sieve,0.003,GR_ulva,0.001,unknown,0.001,SU_peb
2024_10_08_11-36-54.jpg,2475,632,224,GR_ulva,green_algae_ulva,TRUE,1,GR_ulva,0,unknown,0,RE_leaf,0,KE_sieve,0,KE_stipe
2024_10_08_11-36-54.jpg,3701,4454,224,unknown,unknown_area,TRUE,0.704,SU_bould,0.148,GR_ulva,0.132,MS,0.005,SI,0.005,unknown
2024_10_08_11-36-54.jpg,3499,534,224,GR_ulva,green_algae_ulva,TRUE,1,GR_ulva,0,BR_sarg,0,unknown,0,KE_stipe,0,SU_bould
2024_10_08_11-36-54.jpg,1184,1565,224,SU_peb,pebble,TRUE,0.842,SU_silt,0.139,SU_peb,0.015,SU_sand,0.002,SU_shell,0.001,SU_cob
2024_10_08_11-36-54.jpg,1291,1158,224,GR_ulva,green_algae_ulva,TRUE,0.548,GR_ulva,0.451,SU_peb,0,KE_sugar,0,KE_stipe,0,KE_bull
2024_10_08_11-36-54.jpg,1422,4139,224,GR_ulva,green_algae_ulva,TRUE,0.872,GR_ulva,0.126,SU_bould,0.001,KE_stipe,0,KE_sieve,0,unknown
2024_10_08_11-36-54.jpg,2857,1239,224,GR_ulva,green_algae_ulva,TRUE,0.924,KE_stipe,0.072,GR_ulva,0.002,MS,0.001,KE_bull,0.001,SU_shell
2024_10_08_11-36-54.jpg,1044,1698,224,SU_peb,pebble,TRUE,0.892,SU_sand,0.065,SU_peb,0.037,SU_silt,0.005,SU_shell,0,RE_CCA
2024_10_08_11-36-54.jpg,2238,1425,224,GR_ulva,green_algae_ulva,TRUE,1,GR_ulva,0,RE_leaf,0,KE_bull,0,KE_sugar,0,KE_5rib
2024_10_08_11-36-54.jpg,2303,3534,224,GR_ulva,green_algae_ulva,TRUE,1,GR_ulva,0,KE_sieve,0,KE_bull,0,RE_leaf,0,KE_holdfas
2024_10_08_11-36-54.jpg,1926,2780,224,GR_ulva,green_algae_ulva,TRUE,0.993,GR_ulva,0.004,KE_bull,0.002,KE_stipe,0,BR_sarg,0,SU_peb
2024_10_08_11-36-54.jpg,340,3583,224,SU_bould,boulder,TRUE,0.998,SU_sand,0.002,MS,0,GR_ulva,0,SU_cob,0,SU_peb
2024_10_08_11-36-54.jpg,2105,285,224,GR_ulva,green_algae_ulva,TRUE,1,GR_ulva,0,RE_leaf,0,KE_sugar,0,unknown,0,SU_cob
2024_10_08_11-36-54.jpg,676,3598,224,GR_ulva,green_algae_ulva,TRUE,0.999,GR_ulva,0,unknown,0,KE_sugar,0,KE_5rib,0,MS
2024_10_08_11-36-54.jpg,3030,4447,224,KE_sugar,kelp_sugar,TRUE,0.655,KE_sugar,0.238,GR_ulva,0.052,KE_sieve,0.041,unknown,0.011,KE_5rib
2024_10_08_11-36-54.jpg,880,1652,224,SU_peb,pebble,TRUE,0.991,SU_silt,0.006,SU_peb,0.002,SU_sand,0,SU_shell,0,RE_CCA
2024_10_08_11-36-54.jpg,1197,2843,224,GR_ulva,green_algae_ulva,TRUE,1,GR_ulva,0,KE_5rib,0,KE_bull,0,unknown,0,BR_sarg
2024_10_08_11-36-54.jpg,2863,1746,224,GR_ulva,green_algae_ulva,TRUE,1,GR_ulva,0,unknown,0,RE_leaf,0,BR_sarg,0,KE_5rib
2024_10_08_11-36-54.jpg,3038,918,224,GR_ulva,green_algae_ulva,TRUE,1,GR_ulva,0,KE_5rib,0,RE_leaf,0,KE_stipe,0,unknown
2024_10_08_11-36-54.jpg,365,272,224,SU_peb,pebble,TRUE,0.988,SU_peb,0.011,SU_cob,0.001,SU_silt,0,GR_ulva,0,SU_shell
2024_10_08_11-36-54.jpg,1392,175,224,SU_cob,cobble,TRUE,0.958,SU_silt,0.032,SU_peb,0.01,SU_cob,0,KE_5rib,0,MS
2024_10_08_11-36-54.jpg,3017,2806,224,SU_peb,pebble,TRUE,0.984,SU_peb,0.008,KE_stipe,0.007,SU_silt,0.001,SU_cob,0,SU_shell
2024_10_08_11-36-54.jpg,1379,352,224,SU_silt,silt,TRUE,0.358,SU_shell,0.314,SU_peb,0.094,SU_silt,0.09,SU_sand,0.07,SU_cob
2024_10_08_11-36-54.jpg,123,1083,224,GR_ulva,green_algae_ulva,TRUE,1,GR_ulva,0,MS,0,SU_peb,0,SU_cob,0,SU_silt
2024_10_08_11-36-54.jpg,3880,1613,224,GR_ulva,green_algae_ulva,TRUE,1,GR_ulva,0,KE_5rib,0,KE_sieve,0,RE_leaf,0,KE_stipe
2024_10_08_11-36-54.jpg,2840,2610,224,GR_ulva,green_algae_ulva,TRUE,1,GR_ulva,0,RE_leaf,0,MS,0,BR_sarg,0,KE_5rib
2024_10_08_11-36-54.jpg,490,2056,224,GR_ulva,green_algae_ulva,TRUE,1,GR_ulva,0,RE_leaf,0,SI_kelpBry,0,unknown,0,SI
2024_10_08_11-36-54.jpg,1128,4161,224,GR_ulva,green_algae_ulva,TRUE,0.6,KE_sieve,0.394,GR_ulva,0.003,unknown,0.002,KE_5rib,0.001,KE_stipe
2024_10_08_11-36-54.jpg,2524,4167,224,GR_ulva,green_algae_ulva,TRUE,0.947,GR_ulva,0.035,unknown,0.01,KE_sieve,0.005,RE_leaf,0.002,KE_5rib
2024_10_08_11-36-54.jpg,1830,374,224,SU_silt,silt,TRUE,0.735,SU_peb,0.189,RE_bush,0.054,MS,0.008,SU_sand,0.006,SU_shell
2024_10_08_11-36-54.jpg,838,1462,224,SU_peb,pebble,TRUE,0.997,SU_peb,0.003,SU_sand,0,SU_bould,0,BR_sarg,0,KE_stipe
2024_10_08_11-36-54.jpg,1630,2980,224,SU_cob,cobble,TRUE,0.626,GR_ulva,0.341,SU_bould,0.018,KE_stipe,0.009,SU_cob,0.003,SU_peb
2024_10_08_11-36-54.jpg,1808,4147,224,GR_ulva,green_algae_ulva,TRUE,0.983,GR_ulva,0.009,unknown,0.007,KE_sieve,0,KE_5rib,0,KE_sugar
2024_10_08_11-36-54.jpg,375,997,224,GR_ulva,green_algae_ulva,TRUE,0.997,GR_ulva,0.002,SU_peb,0,KE_stipe,0,SU_cob,0,SU_bould
2024_10_08_11-36-54.jpg,2973,2268,224,GR_ulva,green_algae_ulva,TRUE,1,GR_ulva,0,SI_kelpBry,0,RE_leaf,0,unknown,0,SU_cob
2024_10_08_11-36-54.jpg,2881,886,224,GR_ulva,green_algae_ulva,TRUE,1,GR_ulva,0,KE_stipe,0,RE_leaf,0,MS,0,unknown
2024_10_08_11-36-54.jpg,1139,3375,224,GR_ulva,green_algae_ulva,TRUE,0.985,GR_ulva,0.006,RE_leaf,0.004,KE_bull,0.004,KE_stipe,0,KE_sieve
2024_10_08_11-37-03.jpg,771,3560,224,RE_bush,red_algae_bushy,TRUE,0.776,RE_fil,0.222,RE_bush,0.003,RE_leaf,0,KE_stipe,0,KE_5rib
2024_10_08_11-37-03.jpg,2858,3991,224,KE_sugar,kelp_sugar,TRUE,1,KE_sugar,0,RE_leaf,0,KE_5rib,0,MS,0,KE_sieve
2024_10_08_11-37-03.jpg,2503,2567,224,GR_ulva,green_algae_ulva,TRUE,1,GR_ulva,0,KE_bull,0,KE_stipe,0,BR_sarg,0,BR_fucus
2024_10_08_11-37-03.jpg,1685,310,224,GR_ulva,green_algae_ulva,TRUE,1,GR_ulva,0,KE_stipe,0,KE_sieve,0,BR_sarg,0,MS
2024_10_08_11-37-03.jpg,3552,772,224,GR_ulva,green_algae_ulva,TRUE,1,GR_ulva,0,SU_peb,0,SU_cob,0,KE_stipe,0,BR_sarg
2024_10_08_11-37-03.jpg,932,3590,224,KE_sugar,kelp_sugar,TRUE,0.88,RE_fil,0.074,RE_leaf,0.029,KE_stipe,0.008,RE_CCA,0.007,KE_sieve
2024_10_08_11-37-03.jpg,1321,306,224,RE_bush,red_algae_bushy,TRUE,1,RE_bush,0,KE_holdfas,0,BR_sarg,0,KE_stipe,0,RE_branch
2024_10_08_11-37-03.jpg,2563,2698,224,SU_bould,boulder,TRUE,1,GR_ulva,0,SU_bould,0,BR_sarg,0,KE_stipe,0,RE_fil
2024_10_08_11-37-03.jpg,2133,4017,224,RE_bush,red_algae_bushy,TRUE,1,RE_bush,0,RE_branch,0,BR_sarg,0,BR_fucus,0,KE_holdfas
2024_10_08_11-37-03.jpg,2456,3815,224,RE_bush,red_algae_bushy,TRUE,0.999,RE_bush,0.001,RE_branch,0,MS,0,SU_silt,0,KE_holdfas
2024_10_08_11-37-03.jpg,3301,3252,224,GR_ulva,green_algae_ulva,TRUE,1,GR_ulva,0,KE_bull,0,KE_stipe,0,KE_sugar,0,BR_sarg
2024_10_08_11-37-03.jpg,338,3790,224,KE_sugar,kelp_sugar,TRUE,0.911,KE_sugar,0.032,KE_5rib,0.03,unknown,0.024,RE_leaf,0.001,MS
2024_10_08_11-37-03.jpg,637,1673,224,GR_ulva,green_algae_ulva,TRUE,1,GR_ulva,0,SU_peb,0,KE_stipe,0,SU_cob,0,SU_bould
2024_10_08_11-37-03.jpg,317,2235,224,GR_ulva,green_algae_ulva,TRUE,1,GR_ulva,0,KE_sieve,0,RE_leaf,0,KE_bull,0,unknown
2024_10_08_11-37-03.jpg,997,3206,224,RE_fil,red_algae_filamentous,TRUE,1,RE_fil,0,RE_bush,0,RE_branch,0,BR_sarg,0,KE_stipe
2024_10_08_11-37-03.jpg,2327,4176,224,RE_bush,red_algae_bushy,TRUE,1,RE_bush,0,SU_peb,0,RE_branch,0,SI,0,SU_cob
2024_10_08_11-37-03.jpg,2213,2044,224,KE_sugar,kelp_sugar,TRUE,0.587,KE_sugar,0.41,KE_5rib,0.001,GR_ulva,0.001,KE_sieve,0,RE_leaf
2024_10_08_11-37-03.jpg,2010,563,224,GR_ulva,green_algae_ulva,TRUE,0.999,GR_ulva,0,MS,0,KE_sugar,0,RE_leaf,0,BR_sarg
2024_10_08_11-37-03.jpg,1874,3227,224,SU_bould,boulder,TRUE,0.934,SU_bould,0.038,MS,0.014,KE_bull,0.008,GR_ulva,0.003,SU_cob
2024_10_08_11-37-03.jpg,903,1276,224,RE_bush,red_algae_bushy,TRUE,0.983,RE_bush,0.013,MS,0.004,GR_ulva,0,KE_stipe,0,KE_bull
2024_10_08_11-37-03.jpg,3355,4110,224,SU_bould,boulder,TRUE,0.515,KE_stipe,0.453,MS,0.031,SU_sand,0,SU_bould,0,GR_ulva
2024_10_08_11-37-03.jpg,3767,1671,224,SU_bould,boulder,TRUE,0.994,SU_sand,0.004,SU_cob,0.001,MS,0.001,SU_silt,0,SU_shell
2024_10_08_11-37-03.jpg,3437,1414,224,SU_silt,silt,TRUE,0.777,SU_silt,0.222,SU_peb,0.001,GR_ulva,0,SU_shell,0,SU_cob
2024_10_08_11-37-03.jpg,1059,1764,224,GR_ulva,green_algae_ulva,TRUE,0.994,GR_ulva,0.005,RE_bush,0,SU_peb,0,SU_cob,0,RE_branch
2024_10_08_11-37-03.jpg,1456,2010,224,GR_ulva,green_algae_ulva,TRUE,1,GR_ulva,0,SU_cob,0,KE_5rib,0,KE_bull,0,SU_peb
2024_10_08_11-37-03.jpg,3222,2331,224,GR_ulva,green_algae_ulva,TRUE,0.936,KE_stipe,0.063,RE_fil,0,KE_bull,0,SU_bould,0,RE_CCA
2024_10_08_11-37-03.jpg,736,3337,224,RE_fil,red_algae_filamentous,TRUE,0.655,GR_ulva,0.121,MS,0.072,RE_bush,0.07,RE_fil,0.055,KE_stipe
2024_10_08_11-37-03.jpg,3650,2530,224,RE_fil,red_algae_filamentous,TRUE,0.99,RE_fil,0.009,RE_branch,0,RE_leaf,0,RE_CCA,0,KE_sieve
2024_10_08_11-37-03.jpg,2335,3272,224,GR_ulva,green_algae_ulva,TRUE,0.835,KE_stipe,0.104,RE_bush,0.048,RE_fil,0.009,GR_ulva,0.002,KE_bull
2024_10_08_11-37-03.jpg,3848,3545,224,GR_ulva,green_algae_ulva,TRUE,1,GR_ulva,0,KE_sieve,0,KE_stipe,0,MS,0,unknown
2024_10_08_11-37-03.jpg,275,3983,224,KE_sugar,kelp_sugar,TRUE,0.955,KE_sugar,0.045,KE_5rib,0,KE_sieve,0,RE_leaf,0,unknown
2024_10_08_11-37-03.jpg,298,4449,224,KE_sugar,kelp_sugar,TRUE,0.985,KE_5rib,0.01,KE_sugar,0.002,unknown,0.001,SU_bould,0,KE_sieve
2024_10_08_11-37-03.jpg,3153,292,224,GR_ulva,green_algae_ulva,TRUE,1,GR_ulva,0,unknown,0,KE_stipe,0,KE_sieve,0,BR_sarg
2024_10_08_11-37-03.jpg,1244,891,224,RE_bush,red_algae_bushy,TRUE,1,RE_bush,0,RE_branch,0,RE_fil,0,BR_sarg,0,KE_holdfas
2024_10_08_11-37-03.jpg,3170,530,224,KE_sugar,kelp_sugar,TRUE,0.639,KE_5rib,0.204,KE_sugar,0.156,GR_ulva,0.001,RE_leaf,0,MS
2024_10_08_11-37-03.jpg,1887,1607,224,KE_sugar,kelp_sugar,TRUE,0.614,RE_bush,0.268,KE_sugar,0.076,BR_sarg,0.016,KE_sieve,0.008,GR_ulva
2024_10_08_11-37-03.jpg,1146,2421,224,GR_ulva,green_algae_ulva,TRUE,1,GR_ulva,0,BR_sarg,0,RE_branch,0,SU_bould,0,RE_leaf
2024_10_08_11-37-03.jpg,2081,2417,224,SU_sand,sand_fine_shell,TRUE,0.919,SU_sand,0.06,SU_silt,0.01,KE_sieve,0.004,KE_stipe,0.003,SU_peb
2024_10_08_11-37-03.jpg,1062,805,224,RE_bush,red_algae_bushy,TRUE,0.999,RE_bush,0.001,RE_branch,0,RE_fil,0,BR_sarg,0,KE_holdfas
2024_10_08_11-37-03.jpg,2694,1604,224,SU_peb,pebble,TRUE,0.94,SU_peb,0.032,SU_shell,0.011,SU_sand,0.01,MS,0.007,KE_stipe
2024_10_08_11-37-03.jpg,744,2043,224,GR_ulva,green_algae_ulva,TRUE,1,GR_ulva,0,KE_5rib,0,RE_leaf,0,BR_sarg,0,BR_fucus
2024_10_08_11-37-03.jpg,1074,2093,224,RE_bush,red_algae_bushy,TRUE,0.991,RE_bush,0.002,MS,0.002,SU_peb,0.002,KE_stipe,0.001,GR_ulva
2024_10_08_11-37-03.jpg,1844,380,224,GR_ulva,green_algae_ulva,TRUE,1,GR_ulva,0,RE_bush,0,MS,0,KE_stipe,0,BR_sarg
2024_10_08_11-37-03.jpg,205,776,224,GR_ulva,green_algae_ulva,TRUE,0.995,GR_ulva,0.005,unknown,0,KE_sieve,0,KE_stipe,0,KE_5rib
2024_10_08_11-37-03.jpg,1311,3306,224,SU_cob,cobble,TRUE,0.525,SU_cob,0.231,KE_stipe,0.124,SU_bould,0.112,SU_peb,0.003,KE_bull
2024_10_08_11-37-03.jpg,2428,1052,224,KE_sugar,kelp_sugar,TRUE,0.973,KE_5rib,0.024,KE_sugar,0.003,RE_leaf,0,RE_fil,0,unknown
2024_10_08_11-37-03.jpg,573,2815,224,SU_peb,pebble,TRUE,0.939,KE_bull,0.028,KE_stipe,0.011,SU_peb,0.008,SU_bould,0.007,SI
2024_10_08_11-37-03.jpg,3762,368,224,GR_ulva,green_algae_ulva,TRUE,0.999,GR_ulva,0.001,unknown,0,KE_5rib,0,KE_sieve,0,SU_silt
2024_10_08_11-37-03.jpg,2882,1041,224,SU_peb,pebble,TRUE,1,SU_peb,0,SU_cob,0,KE_sieve,0,SU_bould,0,RE_bush
2024_10_08_11-37-03.jpg,428,1048,224,GR_ulva,green_algae_ulva,TRUE,1,GR_ulva,0,RE_leaf,0,RE_bush,0,MS,0,BR_sarg
2024_10_08_12-03-52.jpg,3271,3367,224,RE_leaf,red_algae_flat_leaf,TRUE,0.998,RE_fil,0.002,RE_leaf,0,RE_branch,0,RE_CCA,0,KE_stipe
2024_10_08_12-03-52.jpg,502,1980,224,SU_silt,silt,TRUE,1,SU_silt,0,SU_shell,0,SU_sand,0,GR_ulva,0,MS
2024_10_08_12-03-52.jpg,2142,4417,224,SU_sand,sand_fine_shell,TRUE,0.819,SU_sand,0.167,SI_kelpBry,0.012,SU_peb,0.001,MS,0,GR_ulva
2024_10_08_12-03-52.jpg,2561,2739,224,GR_ulva,green_algae_ulva,TRUE,1,GR_ulva,0,KE_bull,0,RE_leaf,0,BR_sarg,0,KE_sieve
2024_10_08_12-03-52.jpg,3659,3319,224,RE_leaf,red_algae_flat_leaf,TRUE,0.805,RE_branch,0.108,RE_fil,0.05,RE_bush,0.013,RE_leaf,0.011,BR_sarg
2024_10_08_12-03-52.jpg,246,1763,224,SU_peb,pebble,TRUE,0.546,SU_sand,0.448,SU_silt,0.005,SU_peb,0,SU_shell,0,SU_cob
2024_10_08_12-03-52.jpg,1892,1184,224,SU_peb,pebble,TRUE,1,SU_peb,0,SU_sand,0,SU_silt,0,SU_shell,0,GR_ulva
2024_10_08_12-03-52.jpg,1912,3873,224,SU_silt,silt,TRUE,0.736,SU_peb,0.076,SU_cob,0.073,MS,0.052,SU_bould,0.028,SU_silt
2024_10_08_12-03-52.jpg,1928,1440,224,SU_peb,pebble,TRUE,0.999,SU_peb,0.001,SU_sand,0,SU_silt,0,SU_shell,0,KE_stipe
2024_10_08_12-03-52.jpg,505,4459,224,GR_ulva,green_algae_ulva,TRUE,0.861,KE_5rib,0.064,GR_ulva,0.029,KE_stipe,0.023,SU_cob,0.014,MS
2024_10_08_12-03-52.jpg,1347,2059,224,BR_filam,brown_algae_filamentous,TRUE,0.643,SU_bould,0.246,RE_fil,0.067,RE_CCA,0.02,KE_stipe,0.015,MS
2024_10_08_12-03-52.jpg,1468,3825,224,SU_bould,boulder,TRUE,0.819,KE_stipe,0.168,MS,0.005,GR_ulva,0.003,RE_fil,0.002,SU_bould
2024_10_08_12-03-52.jpg,3054,1073,224,GR_ulva,green_algae_ulva,TRUE,0.751,GR_ulva,0.121,SU_bould,0.069,KE_stipe,0.049,KE_bull,0.008,KE_sugar
2024_10_08_12-03-52.jpg,341,1317,224,SU_peb,pebble,TRUE,0.41,SU_peb,0.307,SU_silt,0.261,SU_cob,0.005,SU_sand,0.005,GR_ulva
2024_10_08_12-03-52.jpg,3841,3371,224,unknown,unknown_area,TRUE,0.614,RE_fil,0.173,RE_bush,0.148,BR_fucus,0.017,RE_leaf,0.014,KE_5rib
2024_10_08_12-03-52.jpg,395,3776,224,SU_silt,silt,TRUE,0.94,SU_silt,0.031,MS,0.027,SU_peb,0.001,SU_shell,0,GR_ulva
2024_10_08_12-03-52.jpg,2811,4141,224,RE_leaf,red_algae_flat_leaf,TRUE,0.995,RE_branch,0.002,RE_bush,0.001,MS,0.001,RE_leaf,0,BR_sarg
2024_10_08_12-03-52.jpg,3750,4143,224,SU_bould,boulder,TRUE,0.634,SU_peb,0.274,MS,0.042,SU_bould,0.039,RE_branch,0.005,KE_stipe
2024_10_08_12-03-52.jpg,767,484,224,GR_ulva,green_algae_ulva,TRUE,1,GR_ulva,0,KE_stipe,0,MS,0,SU_cob,0,BR_sarg
2024_10_08_12-03-52.jpg,1367,203,224,KE_sugar,kelp_sugar,TRUE,0.996,KE_5rib,0.003,SU_bould,0.001,GR_ulva,0,KE_stipe,0,MS
2024_10_08_12-03-52.jpg,2340,2083,224,KE_sugar,kelp_sugar,TRUE,0.559,KE_bull,0.42,KE_sugar,0.02,KE_sieve,0.001,RE_leaf,0,SU_silt
2024_10_08_12-03-52.jpg,1964,3514,224,GR_ulva,green_algae_ulva,TRUE,1,GR_ulva,0,KE_bull,0,BR_sarg,0,KE_sieve,0,SU_bould
2024_10_08_12-03-52.jpg,3683,573,224,KE_sugar,kelp_sugar,TRUE,0.812,SU_bould,0.122,SU_silt,0.027,SU_cob,0.025,KE_5rib,0.005,GR_ulva
2024_10_08_12-03-52.jpg,3741,2101,224,RE_leaf,red_algae_flat_leaf,TRUE,0.308,RE_bush,0.258,KE_stipe,0.107,MS,0.106,RE_fil,0.103,RE_leaf
2024_10_08_12-03-52.jpg,1057,1794,224,SU_silt,silt,TRUE,1,SU_silt,0,SU_shell,0,SU_sand,0,RE_CCA,0,MS
2024_10_08_12-03-52.jpg,1393,4228,224,RE_fil,red_algae_filamentous,TRUE,0.904,RE_fil,0.055,BR_sarg,0.014,MS,0.009,KE_stipe,0.008,SU_bould
2024_10_08_12-03-52.jpg,1256,1552,224,SU_silt,silt,TRUE,1,SU_silt,0,SU_shell,0,RE_CCA,0,MS,0,SU_sand
2024_10_08_12-03-52.jpg,3309,2558,224,KE_sugar,kelp_sugar,TRUE,0.922,KE_sieve,0.077,KE_sugar,0,SU_silt,0,KE_stipe,0,RE_leaf
2024_10_08_12-03-52.jpg,852,1361,224,GR_ulva,green_algae_ulva,TRUE,0.432,GR_ulva,0.358,BR_sarg,0.117,KE_stipe,0.036,SU_bould,0.026,RE_branch
2024_10_08_12-03-52.jpg,1608,3480,224,GR_ulva,green_algae_ulva,TRUE,1,GR_ulva,0,RE_leaf,0,BR_sarg,0,KE_bull,0,RE_CCA
2024_10_08_12-03-52.jpg,2583,3665,224,SU_cob,cobble,TRUE,0.588,KE_stipe,0.188,MS,0.162,RE_fil,0.036,SU_cob,0.015,SU_peb
2024_10_08_12-03-52.jpg,2853,432,224,SU_peb,pebble,TRUE,0.656,SU_cob,0.344,SU_bould,0,SU_peb,0,GR_ulva,0,KE_stipe
2024_10_08_12-03-52.jpg,2743,3664,224,KE_sugar,kelp_sugar,TRUE,0.877,KE_sugar,0.076,KE_5rib,0.031,SU_bould,0.006,SU_peb,0.002,MS
2024_10_08_12-03-52.jpg,3326,1717,224,KE_sugar,kelp_sugar,TRUE,0.929,KE_sugar,0.052,KE_sieve,0.017,RE_leaf,0.002,SU_silt,0,KE_stipe
2024_10_08_12-03-52.jpg,821,2642,224,SU_peb,pebble,TRUE,0.86,GR_ulva,0.134,SU_bould,0.003,SU_peb,0.002,SU_cob,0.001,KE_bull
2024_10_08_12-03-52.jpg,3133,3356,224,RE_leaf,red_algae_flat_leaf,TRUE,0.982,RE_fil,0.018,RE_leaf,0,KE_stipe,0,MS,0,RE_branch
2024_10_08_12-03-52.jpg,615,2459,224,SU_peb,pebble,TRUE,0.785,RE_bush,0.199,SU_peb,0.005,BR_fucus,0.003,RE_branch,0.002,KE_stipe
2024_10_08_12-03-52.jpg,1403,3423,224,GR_ulva,green_algae_ulva,TRUE,1,GR_ulva,0,RE_leaf,0,BR_sarg,0,BR_fucus,0,KE_bull
2024_10_08_12-03-52.jpg,3732,4430,224,GR_ulva,green_algae_ulva,TRUE,0.96,KE_stipe,0.031,GR_ulva,0.008,MS,0,RE_bush,0,BR_sarg
2024_10_08_12-03-52.jpg,3498,2696,224,unknown,unknown_area,TRUE,0.393,RE_fil,0.357,KE_stipe,0.16,KE_sugar,0.082,RE_bush,0.003,RE_leaf
2024_10_08_12-03-52.jpg,2361,236,224,RE_leaf,red_algae_flat_leaf,TRUE,0.814,KE_5rib,0.081,RE_leaf,0.041,RE_fil,0.02,KE_stipe,0.016,MS
2024_10_08_12-03-52.jpg,1999,2860,224,GR_ulva,green_algae_ulva,TRUE,1,GR_ulva,0,KE_sieve,0,KE_bull,0,BR_sarg,0,KE_stipe
2024_10_08_12-03-52.jpg,1624,902,224,SU_cob,cobble,TRUE,0.926,SU_cob,0.048,GR_ulva,0.025,SU_peb,0,SU_shell,0,SU_silt
2024_10_08_12-03-52.jpg,2529,1207,224,SU_peb,pebble,TRUE,1,SU_peb,0,KE_bull,0,SU_silt,0,SU_cob,0,GR_ulva
2024_10_08_12-03-52.jpg,1074,328,224,GR_ulva,green_algae_ulva,TRUE,0.976,GR_ulva,0.014,SU_peb,0.006,KE_stipe,0.004,MS,0,BR_sarg
2024_10_08_12-03-52.jpg,3277,3239,224,RE_fil,red_algae_filamentous,TRUE,1,RE_fil,0,RE_leaf,0,SU_bould,0,BR_sarg,0,RE_CCA
2024_10_08_12-03-52.jpg,355,3411,224,GR_ulva,green_algae_ulva,TRUE,1,GR_ulva,0,SU_bould,0,KE_stipe,0,MS,0,SU_peb
2024_10_08_12-03-52.jpg,526,2587,224,SU_peb,pebble,TRUE,0.833,SU_peb,0.166,GR_ulva,0.001,SU_bould,0,SU_cob,0,KE_bull
2024_10_08_12-03-52.jpg,3843,2478,224,KE_sugar,kelp_sugar,TRUE,0.985,KE_bull,0.013,GR_ulva,0.002,SU_bould,0,BR_sarg,0,SU_cob
2024_10_08_12-03-52.jpg,2997,3148,224,SU_peb,pebble,TRUE,0.824,RE_leaf,0.06,KE_stipe,0.053,MS,0.03,SU_bould,0.01,BR_fucus
2024_10_08_12-04-01.jpg,2213,3705,224,GR_ulva,green_algae_ulva,TRUE,0.504,SU_bould,0.482,GR_ulva,0.008,SU_cob,0.003,BR_sarg,0.002,KE_stipe
2024_10_08_12-04-01.jpg,1767,2809,224,GR_ulva,green_algae_ulva,TRUE,0.997,GR_ulva,0.002,BR_sarg,0,RE_branch,0,MS,0,KE_stipe
2024_10_08_12-04-01.jpg,363,2730,224,GR_ulva,green_algae_ulva,TRUE,0.779,GR_ulva,0.177,RE_leaf,0.039,MS,0.005,KE_bull,0,KE_stipe
2024_10_08_12-04-01.jpg,2124,3959,224,RE_fil,red_algae_filamentous,TRUE,0.972,RE_fil,0.013,SU_cob,0.007,RE_leaf,0.004,MS,0.002,SU_peb
2024_10_08_12-04-01.jpg,1455,778,224,unknown,unknown_area,TRUE,0.785,RE_bush,0.08,BR_sarg,0.05,GR_ulva,0.019,KE_stipe,0.014,RE_leaf
2024_10_08_12-04-01.jpg,953,1227,224,GR_ulva,green_algae_ulva,TRUE,1,GR_ulva,0,KE_stipe,0,BR_sarg,0,KE_bull,0,MS
2024_10_08_12-04-01.jpg,1193,1911,224,BR_sarg,brown_algae_sargassum,TRUE,0.955,BR_sarg,0.038,SU_bould,0.003,RE_leaf,0.002,RE_branch,0.001,RE_CCA
2024_10_08_12-04-01.jpg,2045,689,224,RE_branch,red_algae_branching,TRUE,0.903,BR_sarg,0.058,GR_ulva,0.007,RE_fil,0.007,RE_bush,0.005,BR_fucus
2024_10_08_12-04-01.jpg,3188,2281,224,GR_ulva,green_algae_ulva,TRUE,1,GR_ulva,0,KE_bull,0,KE_stipe,0,KE_sieve,0,RE_leaf
2024_10_08_12-04-01.jpg,1114,187,224,RE_leaf,red_algae_flat_leaf,TRUE,0.813,KE_5rib,0.148,RE_leaf,0.038,RE_fil,0,KE_sugar,0,MS
2024_10_08_12-04-01.jpg,2839,1921,224,SU_peb,pebble,TRUE,1,SU_peb,0,SU_silt,0,SU_sand,0,SU_shell,0,SU_bould
2024_10_08_12-04-01.jpg,497,961,224,RE_leaf,red_algae_flat_leaf,TRUE,0.746,RE_bush,0.192,MS,0.036,RE_branch,0.017,RE_leaf,0.006,RE_fil
2024_10_08_12-04-01.jpg,3701,393,224,RE_leaf,red_algae_flat_leaf,TRUE,0.367,KE_stipe,0.331,MS,0.175,RE_fil,0.068,GR_ulva,0.042,RE_leaf
2024_10_08_12-04-01.jpg,2079,3220,224,RE_branch,red_algae_branching,TRUE,0.404,KE_holdfas,0.239,RE_fil,0.129,RE_branch,0.097,MS,0.028,KE_stipe
2024_10_08_12-04-01.jpg,3315,4092,224,RE_leaf,red_algae_flat_leaf,TRUE,1,RE_leaf,0,RE_branch,0,MS,0,KE_stipe,0,RE_bush
2024_10_08_12-04-01.jpg,860,1480,224,GR_ulva,green_algae_ulva,TRUE,0.998,GR_ulva,0.002,KE_stipe,0,BR_sarg,0,SU_bould,0,KE_bull
2024_10_08_12-04-01.jpg,1669,550,224,SU_bould,boulder,TRUE,0.604,MS,0.186,KE_stipe,0.088,RE_fil,0.054,SU_cob,0.033,GR_ulva
2024_10_08_12-04-01.jpg,1038,3145,224,GR_ulva,green_algae_ulva,TRUE,1,GR_ulva,0,KE_bull,0,BR_fucus,0,KE_holdfas,0,BR_sarg
2024_10_08_12-04-01.jpg,3200,1430,224,KE_sugar,kelp_sugar,TRUE,0.986,GR_ulva,0.005,KE_sugar,0.004,MS,0.002,SU_cob,0.001,SU_bould
2024_10_08_12-04-01.jpg,1069,4186,224,KE_sugar,kelp_sugar,TRUE,0.978,SU_peb,0.015,MS,0.003,SU_cob,0.002,KE_5rib,0.001,RE_branch
2024_10_08_12-04-01.jpg,3228,172,224,GR_ulva,green_algae_ulva,TRUE,0.994,GR_ulva,0.004,SU_bould,0.001,SU_peb,0,KE_stipe,0,SU_cob
2024_10_08_12-04-01.jpg,2461,2457,224,RE_leaf,red_algae_flat_leaf,TRUE,0.949,BR_sarg,0.032,RE_leaf,0.01,KE_bull,0.005,KE_stipe,0.002,KE_sieve
2024_10_08_12-04-01.jpg,3135,1000,224,GR_ulva,green_algae_ulva,TRUE,0.999,GR_ulva,0.001,SU_bould,0,SU_peb,0,MS,0,SU_cob
2024_10_08_12-04-01.jpg,3287,3680,224,RE_leaf,red_algae_flat_leaf,TRUE,0.919,RE_leaf,0.044,SU_peb,0.013,RE_branch,0.009,KE_stipe,0.004,MS
2024_10_08_12-04-01.jpg,2021,3532,224,SU_bould,boulder,TRUE,0.991,GR_ulva,0.009,SU_bould,0,BR_sarg,0,MS,0,SU_cob
2024_10_08_12-04-01.jpg,3734,2638,224,unknown,unknown_area,TRUE,0.475,KE_sugar,0.224,KE_stipe,0.179,BR_fucus,0.067,MS,0.009,RE_fil
2024_10_08_12-04-01.jpg,2744,2689,224,RE_branch,red_algae_branching,TRUE,1,RE_branch,0,BR_sarg,0,RE_bush,0,KE_holdfas,0,RE_leaf
2024_10_08_12-04-01.jpg,393,4157,224,RE_fil,red_algae_filamentous,TRUE,0.588,MS,0.201,RE_fil,0.169,SU_cob,0.028,KE_stipe,0.008,SU_peb
2024_10_08_12-04-01.jpg,1041,1040,224,SU_silt,silt,TRUE,0.935,SU_silt,0.059,SU_peb,0.003,MS,0.001,SU_sand,0.001,RE_bush
2024_10_08_12-04-01.jpg,174,3696,224,KE_sugar,kelp_sugar,TRUE,0.987,KE_sugar,0.013,KE_5rib,0,RE_leaf,0,unknown,0,GR_ulva
2024_10_08_12-04-01.jpg,2576,4336,224,SU_bould,boulder,TRUE,0.831,SU_cob,0.059,SU_bould,0.051,SU_peb,0.04,SU_sand,0.015,MS
2024_10_08_12-04-01.jpg,129,4148,224,unknown,unknown_area,TRUE,0.897,MS,0.049,KE_stipe,0.021,RE_leaf,0.014,RE_fil,0.012,SU_bould
2024_10_08_12-04-01.jpg,149,577,224,GR_ulva,green_algae_ulva,TRUE,0.986,GR_ulva,0.006,unknown,0.004,KE_stipe,0.001,RE_fil,0.001,KE_5rib
2024_10_08_12-04-01.jpg,2574,2940,224,RE_branch,red_algae_branching,TRUE,0.662,KE_bull,0.313,KE_stipe,0.022,MS,0.001,RE_bush,0.001,RE_leaf
2024_10_08_12-04-01.jpg,3389,618,224,SU_peb,pebble,TRUE,0.996,SU_cob,0.004,SU_bould,0,KE_stipe,0,KE_sieve,0,SU_peb
2024_10_08_12-04-01.jpg,3528,1503,224,KE_sugar,kelp_sugar,TRUE,0.576,SU_bould,0.195,SU_cob,0.159,RE_CCA,0.034,KE_sugar,0.008,GR_ulva
2024_10_08_12-04-01.jpg,3880,725,224,RE_leaf,red_algae_flat_leaf,TRUE,0.865,RE_fil,0.101,KE_stipe,0.026,MS,0.007,RE_bush,0.001,KE_5rib
2024_10_08_12-04-01.jpg,3716,2002,224,SU_peb,pebble,TRUE,0.955,GR_ulva,0.036,BR_fucus,0.003,KE_stipe,0.003,SU_cob,0.001,SU_silt
2024_10_08_12-04-01.jpg,2628,1050,224,SU_cob,cobble,TRUE,0.422,SU_cob,0.293,GR_ulva,0.245,SU_shell,0.014,MS,0.011,SU_peb
2024_10_08_12-04-01.jpg,2875,1272,224,GR_ulva,green_algae_ulva,TRUE,1,GR_ulva,0,SU_peb,0,KE_stipe,0,KE_bull,0,BR_sarg
2024_10_08_12-04-01.jpg,3788,3113,224,KE_sugar,kelp_sugar,TRUE,0.416,GR_ulva,0.276,KE_sugar,0.271,KE_bull,0.015,BR_fucus,0.009,KE_stipe
2024_10_08_12-04-01.jpg,522,1774,224,RE_leaf,red_algae_flat_leaf,TRUE,0.957,SU_peb,0.023,RE_leaf,0.01,MS,0.004,KE_stipe,0.002,SU_cob
2024_10_08_12-04-01.jpg,2149,2042,224,SU_silt,silt,TRUE,0.374,SU_silt,0.207,KE_bull,0.136,MS,0.102,RE_CCA,0.075,KE_stipe
2024_10_08_12-04-01.jpg,1993,1132,224,GR_ulva,green_algae_ulva,TRUE,1,GR_ulva,0,KE_sieve,0,KE_bull,0,RE_leaf,0,KE_stipe
2024_10_08_12-04-01.jpg,1410,1908,224,GR_ulva,green_algae_ulva,TRUE,0.517,GR_ulva,0.255,KE_sieve,0.09,SU_bould,0.082,BR_sarg,0.018,KE_bull
2024_10_08_12-04-01.jpg,3376,3303,224,KE_sugar,kelp_sugar,TRUE,0.834,RE_leaf,0.161,KE_sugar,0.002,KE_5rib,0.002,RE_fil,0.001,KE_stipe
2024_10_08_12-04-01.jpg,933,1760,224,GR_ulva,green_algae_ulva,TRUE,0.89,KE_stipe,0.102,RE_branch,0.006,GR_ulva,0.001,KE_bull,0.001,SU_bould
2024_10_08_12-04-01.jpg,2844,4229,224,RE_branch,red_algae_branching,TRUE,0.731,RE_bush,0.263,RE_branch,0.002,RE_leaf,0.001,RE_fil,0.001,SU_bould
2024_10_08_12-04-01.jpg,1845,1223,224,GR_ulva,green_algae_ulva,TRUE,1,GR_ulva,0,KE_stipe,0,KE_sieve,0,SU_bould,0,KE_bull
2024_10_08_12-04-01.jpg,770,1021,224,RE_bush,red_algae_bushy,TRUE,1,RE_bush,0,KE_holdfas,0,BR_fucus,0,RE_branch,0,BR_sarg
2024_10_08_12-04-10.jpg,1009,1623,224,SU_silt,silt,TRUE,0.972,SU_silt,0.025,MS,0.001,RE_CCA,0,SU_cob,0,SU_peb
2024_10_08_12-04-10.jpg,1006,3255,224,RE_fil,red_algae_filamentous,TRUE,1,RE_fil,0,RE_CCA,0,RE_leaf,0,MS,0,RE_bush
2024_10_08_12-04-10.jpg,2661,1512,224,RE_leaf,red_algae_flat_leaf,TRUE,1,RE_leaf,0,KE_5rib,0,KE_sugar,0,GR_ulva,0,SU_cob
2024_10_08_12-04-10.jpg,2672,770,224,GR_ulva,green_algae_ulva,TRUE,1,GR_ulva,0,unknown,0,RE_leaf,0,KE_5rib,0,KE_sugar
2024_10_08_12-04-10.jpg,3364,2159,224,SU_peb,pebble,TRUE,0.543,SU_peb,0.45,SU_sand,0.007,SU_silt,0,SU_shell,0,SI
2024_10_08_12-04-10.jpg,1505,2118,224,SU_peb,pebble,TRUE,0.981,SU_peb,0.008,GR_ulva,0.005,SU_sand,0.002,KE_stipe,0.001,KE_bull
2024_10_08_12-04-10.jpg,626,715,224,SU_peb,pebble,TRUE,0.473,SU_silt,0.424,SU_peb,0.051,KE_stipe,0.033,MS,0.006,RE_bush
2024_10_08_12-04-10.jpg,1877,1100,224,SU_peb,pebble,TRUE,0.999,SU_peb,0.001,SU_sand,0,SU_silt,0,SU_shell,0,SI_kelpBry
2024_10_08_12-04-10.jpg,2383,3520,224,GR_ulva,green_algae_ulva,TRUE,1,GR_ulva,0,KE_stipe,0,RE_leaf,0,SU_bould,0,KE_bull
2024_10_08_12-04-10.jpg,2925,2974,224,SU_silt,silt,TRUE,0.997,GR_ulva,0.001,MS,0.001,SU_peb,0,SU_silt,0,SU_shell
2024_10_08_12-04-10.jpg,3155,4033,224,GR_ulva,green_algae_ulva,TRUE,0.924,GR_ulva,0.071,KE_stipe,0.003,BR_fucus,0,SU_cob,0,KE_sieve
2024_10_08_12-04-10.jpg,3528,2239,224,SU_peb,pebble,TRUE,1,SU_peb,0,SU_silt,0,GR_ulva,0,SU_shell,0,SU_cob
2024_10_08_12-04-10.jpg,3806,1853,224,RE_leaf,red_algae_flat_leaf,TRUE,0.817,RE_leaf,0.15,KE_5rib,0.022,RE_fil,0.008,KE_sugar,0.001,KE_sieve
2024_10_08_12-04-10.jpg,1371,1872,224,RE_branch,red_algae_branching,TRUE,0.507,RE_fil,0.491,RE_branch,0.001,MS,0,RE_CCA,0,BR_sarg
2024_10_08_12-04-10.jpg,2373,4249,224,GR_ulva,green_algae_ulva,TRUE,0.999,GR_ulva,0.001,KE_sugar,0,RE_leaf,0,unknown,0,SU_peb
2024_10_08_12-04-10.jpg,2909,689,224,GR_ulva,green_algae_ulva,TRUE,1,GR_ulva,0,unknown,0,SU_bould,0,KE_stipe,0,RE_leaf
2024_10_08_12-04-10.jpg,3750,1027,224,GR_ulva,green_algae_ulva,TRUE,0.999,GR_ulva,0,RE_leaf,0,MS,0,KE_stipe,0,unknown
2024_10_08_12-04-10.jpg,1637,1796,224,RE_fil,red_algae_filamentous,TRUE,0.998,RE_fil,0.001,RE_leaf,0,MS,0,RE_bush,0,KE_stipe
2024_10_08_12-04-10.jpg,2232,2728,224,SU_peb,pebble,TRUE,0.724,GR_ulva,0.197,SU_peb,0.072,KE_bull,0.002,SU_shell,0.001,BR_sarg
2024_10_08_12-04-10.jpg,2143,3330,224,SU_cob,cobble,TRUE,0.589,RE_CCA,0.099,MS,0.087,SU_cob,0.082,GR_ulva,0.06,BR_sarg
2024_10_08_12-04-10.jpg,1678,215,224,GR_ulva,green_algae_ulva,TRUE,0.999,GR_ulva,0.001,SU_peb,0,SU_cob,0,SU_bould,0,KE_stipe
2024_10_08_12-04-10.jpg,784,3312,224,RE_leaf,red_algae_flat_leaf,TRUE,0.701,RE_branch,0.211,RE_fil,0.076,MS,0.004,KE_stipe,0.004,RE_leaf
2024_10_08_12-04-10.jpg,1274,2894,224,GR_ulva,green_algae_ulva,TRUE,0.902,GR_ulva,0.038,RE_branch,0.024,BR_sarg,0.012,MS,0.012,RE_leaf
2024_10_08_12-04-10.jpg,252,4098,224,GR_ulva,green_algae_ulva,TRUE,0.999,GR_ulva,0.001,unknown,0,KE_stipe,0,SU_bould,0,RE_leaf
2024_10_08_12-04-10.jpg,1865,4396,224,RE_leaf,red_algae_flat_leaf,TRUE,0.876,RE_branch,0.108,RE_leaf,0.008,RE_fil,0.002,RE_bush,0.002,MS
2024_10_08_12-04-10.jpg,221,1622,224,RE_leaf,red_algae_flat_leaf,TRUE,0.971,RE_fil,0.014,RE_bush,0.005,MS,0.005,RE_leaf,0.003,KE_stipe
2024_10_08_12-04-10.jpg,2541,4170,224,SU_silt,silt,TRUE,0.999,GR_ulva,0.001,SU_peb,0,SU_cob,0,KE_stipe,0,MS
2024_10_08_12-04-10.jpg,3908,3470,224,RE_fil,red_algae_filamentous,TRUE,1,RE_fil,0,RE_leaf,0,KE_5rib,0,KE_sugar,0,unknown
2024_10_08_12-04-10.jpg,2978,1405,224,SU_peb,pebble,TRUE,1,SU_peb,0,GR_ulva,0,BR_sarg,0,SU_shell,0,SU_sand
2024_10_08_12-04-10.jpg,1744,2567,224,BR_filam,brown_algae_filamentous,TRUE,0.766,KE_stipe,0.093,GR_ulva,0.081,SU_bould,0.057,RE_fil,0.001,KE_sieve
2024_10_08_12-04-10.jpg,2217,3588,224,GR_ulva,green_algae_ulva,TRUE,1,GR_ulva,0,KE_sugar,0,RE_leaf,0,KE_5rib,0,KE_stipe
2024_10_08_12-04-10.jpg,3229,1019,224,GR_ulva,green_algae_ulva,TRUE,1,GR_ulva,0,RE_leaf,0,BR_sarg,0,unknown,0,MS
2024_10_08_12-04-10.jpg,2264,2486,224,SU_silt,silt,TRUE,1,SU_silt,0,RE_CCA,0,GR_ulva,0,KE_sugar,0,KE_bull
2024_10_08_12-04-10.jpg,1146,420,224,GR_ulva,green_algae_ulva,TRUE,1,GR_ulva,0,KE_stipe,0,KE_sieve,0,SU_peb,0,MS
2024_10_08_12-04-10.jpg,670,3004,224,RE_leaf,red_algae_flat_leaf,TRUE,0.999,RE_fil,0,KE_stipe,0,RE_bush,0,MS,0,RE_leaf
2024_10_08_12-04-10.jpg,3899,3272,224,GR_ulva,green_algae_ulva,TRUE,0.966,KE_stipe,0.025,GR_ulva,0.006,MS,0.001,KE_bull,0.001,RE_leaf
2024_10_08_12-04-10.jpg,2546,3076,224,GR_ulva,green_algae_ulva,TRUE,1,GR_ulva,0,RE_leaf,0,SU_cob,0,SI_kelpBry,0,KE_5rib
2024_10_08_12-04-10.jpg,1791,1274,224,SU_sand,sand_fine_shell,TRUE,0.94,SU_sand,0.048,SU_silt,0.01,SU_peb,0.001,SU_shell,0,RE_CCA
2024_10_08_12-04-10.jpg,905,114,224,GR_ulva,green_algae_ulva,TRUE,1,GR_ulva,0,KE_stipe,0,BR_sarg,0,unknown,0,RE_fil
2024_10_08_12-04-10.jpg,469,3451,224,RE_leaf,red_algae_flat_leaf,TRUE,0.964,RE_fil,0.027,RE_leaf,0.008,RE_branch,0.001,RE_CCA,0,RE_bush
2024_10_08_12-04-10.jpg,2139,1775,224,RE_leaf,red_algae_flat_leaf,TRUE,1,RE_leaf,0,KE_bull,0,RE_branch,0,GR_ulva,0,KE_5rib
2024_10_08_12-04-10.jpg,471,2515,224,SU_silt,silt,TRUE,1,SU_silt,0,SU_sand,0,SU_shell,0,RE_CCA,0,SU_cob
2024_10_08_12-04-10.jpg,654,1782,224,SU_silt,silt,TRUE,0.53,SU_silt,0.463,SU_peb,0.006,SU_sand,0,SU_shell,0,GR_ulva
2024_10_08_12-04-10.jpg,3819,2433,224,SU_peb,pebble,TRUE,0.999,SU_peb,0,SU_cob,0,SU_bould,0,SU_shell,0,GR_ulva
2024_10_08_12-04-10.jpg,2173,4340,224,GR_ulva,green_algae_ulva,TRUE,0.999,GR_ulva,0,KE_stipe,0,RE_leaf,0,MS,0,KE_bull
2024_10_08_12-04-10.jpg,3465,1694,224,SU_peb,pebble,TRUE,0.998,GR_ulva,0.001,SU_peb,0.001,KE_bull,0,SU_bould,0,KE_stipe
2024_10_08_12-04-10.jpg,3457,4340,224,unknown,unknown_area,TRUE,0.649,SU_cob,0.249,SU_bould,0.069,SU_peb,0.02,KE_5rib,0.006,KE_sieve
2024_10_08_12-04-10.jpg,2016,1103,224,SU_peb,pebble,TRUE,1,SU_peb,0,SU_sand,0,GR_ulva,0,SU_shell,0,KE_stipe
2024_10_08_12-04-10.jpg,2016,2140,224,GR_ulva,green_algae_ulva,TRUE,0.975,GR_ulva,0.018,KE_stipe,0.005,KE_bull,0.002,BR_sarg,0,RE_bush
2024_10_08_12-04-10.jpg,3450,1015,224,GR_ulva,green_algae_ulva,TRUE,0.942,RE_fil,0.054,KE_stipe,0.003,GR_ulva,0.001,KE_bull,0.001,RE_bush
2024_10_08_12-04-19.jpg,1717,3666,224,GR_ulva,green_algae_ulva,TRUE,1,GR_ulva,0,BR_sarg,0,BR_fucus,0,SU_bould,0,KE_stipe
2024_10_08_12-04-19.jpg,3058,482,224,RE_fil,red_algae_filamentous,TRUE,0.999,RE_fil,0,KE_stipe,0,RE_bush,0,KE_5rib,0,GR_ulva
2024_10_08_12-04-19.jpg,3480,4437,224,GR_ulva,green_algae_ulva,TRUE,0.999,GR_ulva,0,KE_sieve,0,unknown,0,RE_leaf,0,KE_stipe
2024_10_08_12-04-19.jpg,1016,3316,224,KE_sugar,kelp_sugar,TRUE,0.821,KE_sugar,0.168,SU_silt,0.008,RE_leaf,0.001,MS,0.001,unknown
2024_10_08_12-04-19.jpg,1685,4172,224,GR_ulva,green_algae_ulva,TRUE,1,GR_ulva,0,KE_sieve,0,RE_fil,0,KE_sugar,0,BR_sarg
2024_10_08_12-04-19.jpg,1479,1966,224,RE_leaf,red_algae_flat_leaf,TRUE,1,RE_leaf,0,RE_branch,0,KE_bull,0,SI_kelpBry,0,MS
2024_10_08_12-04-19.jpg,897,4311,224,SU_bould,boulder,TRUE,0.569,GR_ulva,0.329,SU_bould,0.063,SU_peb,0.024,SU_cob,0.013,BR_sarg
2024_10_08_12-04-19.jpg,2062,845,224,RE_leaf,red_algae_flat_leaf,TRUE,1,RE_leaf,0,KE_sugar,0,RE_fil,0,KE_5rib,0,RE_bush
2024_10_08_12-04-19.jpg,3906,4221,224,GR_ulva,green_algae_ulva,TRUE,0.986,GR_ulva,0.01,unknown,0.002,KE_sieve,0.001,KE_5rib,0,RE_leaf
2024_10_08_12-04-19.jpg,2777,1091,224,SU_peb,pebble,TRUE,0.918,SU_peb,0.059,RE_leaf,0.011,SI_kelpBry,0.003,MS,0.002,KE_sugar
2024_10_08_12-04-19.jpg,1936,1376,224,RE_leaf,red_algae_flat_leaf,TRUE,0.996,RE_fil,0.001,RE_branch,0.001,GR_ulva,0.001,BR_sarg,0.001,RE_leaf
2024_10_08_12-04-19.jpg,233,1203,224,GR_ulva,green_algae_ulva,TRUE,1,GR_ulva,0,RE_leaf,0,MS,0,KE_5rib,0,SI
2024_10_08_12-04-19.jpg,1620,1106,224,KE_sugar,kelp_sugar,TRUE,0.995,RE_leaf,0.003,MS,0.001,KE_bull,0,GR_ulva,0,RE_fil
2024_10_08_12-04-19.jpg,3801,1760,224,KE_sugar,kelp_sugar,TRUE,0.795,KE_stipe,0.063,KE_sugar,0.045,KE_bull,0.04,MS,0.028,SI
2024_10_08_12-04-19.jpg,280,2979,224,SU_peb,pebble,TRUE,0.486,SU_peb,0.426,SU_silt,0.07,GR_ulva,0.009,SU_shell,0.002,KE_bull
2024_10_08_12-04-19.jpg,396,3821,224,KE_sugar,kelp_sugar,TRUE,0.915,KE_sugar,0.05,KE_5rib,0.016,SU_silt,0.008,SU_bould,0.004,KE_sieve
2024_10_08_12-04-19.jpg,2092,3066,224,RE_branch,red_algae_branching,TRUE,0.935,RE_fil,0.054,RE_branch,0.003,RE_CCA,0.003,RE_leaf,0.003,RE_bush
2024_10_08_12-04-19.jpg,1669,1992,224,RE_leaf,red_algae_flat_leaf,TRUE,1,RE_leaf,0,RE_branch,0,SI_kelpBry,0,GR_ulva,0,KE_bull
2024_10_08_12-04-19.jpg,1980,1702,224,RE_fil,red_algae_filamentous,TRUE,0.96,RE_leaf,0.039,RE_fil,0,RE_branch,0,MS,0,KE_5rib
2024_10_08_12-04-19.jpg,3384,3074,224,RE_leaf,red_algae_flat_leaf,TRUE,0.984,RE_leaf,0.014,KE_sugar,0.001,MS,0,SU_cob,0,RE_fil
2024_10_08_12-04-19.jpg,751,1521,224,KE_sugar,kelp_sugar,TRUE,0.371,MS,0.233,BR_fucus,0.124,KE_sugar,0.091,RE_leaf,0.088,KE_stipe
2024_10_08_12-04-19.jpg,835,733,224,RE_leaf,red_algae_flat_leaf,TRUE,0.995,RE_leaf,0.002,KE_5rib,0.002,SU_peb,0,MS,0,KE_stipe
2024_10_08_12-04-19.jpg,1268,4362,224,RE_leaf,red_algae_flat_leaf,TRUE,0.835,RE_fil,0.164,RE_leaf,0,RE_branch,0,RE_bush,0,KE_5rib
2024_10_08_12-04-19.jpg,2364,2571,224,RE_leaf,red_algae_flat_leaf,TRUE,0.995,RE_leaf,0.002,KE_bull,0.001,RE_branch,0.001,GR_ulva,0,KE_stipe
2024_10_08_12-04-19.jpg,368,1231,224,RE_leaf,red_algae_flat_leaf,TRUE,0.998,KE_stipe,0.001,RE_leaf,0.001,GR_ulva,0,KE_bull,0,MS
2024_10_08_12-04-19.jpg,3870,1307,224,GR_ulva,green_algae_ulva,TRUE,0.642,MS,0.306,GR_ulva,0.028,KE_stipe,0.011,SU_cob,0.009,RE_leaf
2024_10_08_12-04-19.jpg,1050,946,224,KE_sugar,kelp_sugar,TRUE,0.88,KE_sugar,0.119,MS,0.002,RE_leaf,0,RE_bush,0,BR_fucus
2024_10_08_12-04-19.jpg,1426,1434,224,SU_cob,cobble,TRUE,0.671,SU_peb,0.138,RE_fil,0.106,SU_cob,0.054,RE_leaf,0.017,MS
2024_10_08_12-04-19.jpg,3132,2954,224,RE_branch,red_algae_branching,TRUE,0.998,RE_branch,0.001,MS,0.001,RE_fil,0,RE_bush,0,RE_leaf
2024_10_08_12-04-19.jpg,2641,2310,224,GR_ulva,green_algae_ulva,TRUE,0.977,GR_ulva,0.023,KE_bull,0,BR_sarg,0,SU_peb,0,BR_fucus
2024_10_08_12-04-19.jpg,1324,992,224,RE_leaf,red_algae_flat_leaf,TRUE,1,RE_leaf,0,RE_fil,0,MS,0,RE_branch,0,KE_5rib
2024_10_08_12-04-19.jpg,3879,2036,224,RE_leaf,red_algae_flat_leaf,TRUE,0.999,RE_fil,0.001,RE_leaf,0,MS,0,KE_5rib,0,RE_bush
2024_10_08_12-04-19.jpg,1576,959,224,KE_sugar,kelp_sugar,TRUE,0.972,KE_sugar,0.011,MS,0.005,GR_ulva,0.004,RE_leaf,0.004,SU_silt
2024_10_08_12-04-19.jpg,1844,3989,224,RE_fil,red_algae_filamentous,TRUE,0.576,KE_stipe,0.362,GR_ulva,0.044,RE_fil,0.01,RE_bush,0.003,MS
2024_10_08_12-04-19.jpg,2476,3062,224,RE_fil,red_algae_filamentous,TRUE,1,RE_fil,0,RE_leaf,0,RE_CCA,0,RE_branch,0,BR_sarg
2024_10_08_12-04-19.jpg,667,2223,224,BR_sarg,brown_algae_sargassum,TRUE,0.437,KE_stipe,0.233,SU_bould,0.21,RE_leaf,0.046,RE_CCA,0.036,MS
2024_10_08_12-04-19.jpg,3691,1489,224,GR_ulva,green_algae_ulva,TRUE,0.974,GR_ulva,0.019,SU_peb,0.004,KE_stipe,0.003,MS,0,SU_bould
2024_10_08_12-04-19.jpg,1514,1652,224,RE_leaf,red_algae_flat_leaf,TRUE,1,RE_leaf,0,MS,0,RE_fil,0,KE_sugar,0,KE_stipe
2024_10_08_12-04-19.jpg,3902,4077,224,GR_ulva,green_algae_ulva,TRUE,1,GR_ulva,0,KE_5rib,0,unknown,0,RE_leaf,0,MS
2024_10_08_12-04-19.jpg,932,2919,224,GR_ulva,green_algae_ulva,TRUE,0.974,GR_ulva,0.022,SU_cob,0.002,SU_bould,0.002,KE_stipe,0.001,SU_peb
2024_10_08_12-04-19.jpg,939,1485,224,RE_leaf,red_algae_flat_leaf,TRUE,1,RE_leaf,0,MS,0,KE_bull,0,RE_fil,0,SI
2024_10_08_12-04-19.jpg,1218,2329,224,SU_peb,pebble,TRUE,0.999,RE_leaf,0.001,MS,0,SU_peb,0,KE_stipe,0,KE_bull
2024_10_08_12-04-19.jpg,303,483,224,GR_ulva,green_algae_ulva,TRUE,0.971,GR_ulva,0.025,KE_5rib,0.004,KE_stipe,0,SU_peb,0,SU_cob
2024_10_08_12-04-19.jpg,634,1734,224,RE_fil,red_algae_filamentous,TRUE,1,RE_fil,0,RE_leaf,0,RE_CCA,0,RE_bush,0,SI
2024_10_08_12-04-19.jpg,3638,3762,224,GR_ulva,green_algae_ulva,TRUE,1,GR_ulva,0,unknown,0,KE_sieve,0,KE_sugar,0,MS
2024_10_08_12-04-19.jpg,2615,2589,224,SU_cob,cobble,TRUE,0.947,KE_stipe,0.046,MS,0.004,KE_bull,0.002,KE_holdfas,0.001,RE_fil
2024_10_08_12-04-19.jpg,1624,2802,224,KE_sugar,kelp_sugar,TRUE,0.503,KE_sugar,0.497,RE_leaf,0,MS,0,GR_ulva,0,KE_bull
2024_10_08_12-04-19.jpg,2990,1422,224,GR_ulva,green_algae_ulva,TRUE,0.993,GR_ulva,0.004,SU_silt,0.002,SU_cob,0,SU_peb,0,RE_CCA
2024_10_08_12-04-19.jpg,300,2582,224,unknown,unknown_area,TRUE,0.96,SU_bould,0.018,MS,0.012,SI,0.006,RE_CCA,0.002,SU_cob
2024_10_08_12-04-19.jpg,1339,2790,224,RE_leaf,red_algae_flat_leaf,TRUE,1,RE_leaf,0,MS,0,GR_ulva,0,SI_kelpBry,0,SU_peb
2024_10_08_12-04-28.jpg,578,3035,224,GR_ulva,green_algae_ulva,TRUE,1,GR_ulva,0,RE_leaf,0,KE_sieve,0,MS,0,KE_bull
2024_10_08_12-04-28.jpg,1900,2830,224,GR_ulva,green_algae_ulva,TRUE,1,GR_ulva,0,RE_leaf,0,KE_bull,0,KE_sieve,0,BR_sarg
2024_10_08_12-04-28.jpg,1022,2022,224,GR_ulva,green_algae_ulva,TRUE,1,GR_ulva,0,BR_sarg,0,RE_leaf,0,KE_stipe,0,MS
2024_10_08_12-04-28.jpg,956,1033,224,GR_ulva,green_algae_ulva,TRUE,0.997,GR_ulva,0.002,unknown,0.001,KE_5rib,0,KE_sieve,0,RE_fil
2024_10_08_12-04-28.jpg,3085,2834,224,SU_peb,pebble,TRUE,0.995,SU_peb,0.002,KE_stipe,0.001,SU_bould,0.001,MS,0,SU_cob
2024_10_08_12-04-28.jpg,2806,4059,224,GR_ulva,green_algae_ulva,TRUE,0.996,GR_ulva,0.004,KE_sieve,0,KE_stipe,0,SU_bould,0,BR_fucus
2024_10_08_12-04-28.jpg,424,2527,224,SU_cob,cobble,TRUE,0.941,GR_ulva,0.043,SU_bould,0.011,KE_stipe,0.005,BR_sarg,0,BR_fucus
2024_10_08_12-04-28.jpg,1972,1767,224,GR_ulva,green_algae_ulva,TRUE,1,GR_ulva,0,KE_sieve,0,KE_5rib,0,unknown,0,RE_leaf
2024_10_08_12-04-28.jpg,235,1119,224,GR_ulva,green_algae_ulva,TRUE,1,GR_ulva,0,RE_leaf,0,unknown,0,KE_sieve,0,KE_stipe
2024_10_08_12-04-28.jpg,534,998,224,GR_ulva,green_algae_ulva,TRUE,0.916,KE_stipe,0.044,GR_ulva,0.036,MS,0.001,RE_bush,0.001,KE_bull
2024_10_08_12-04-28.jpg,1920,2568,224,GR_ulva,green_algae_ulva,TRUE,1,GR_ulva,0,KE_bull,0,RE_leaf,0,BR_sarg,0,KE_sieve
2024_10_08_12-04-28.jpg,3168,4454,224,BR_sarg,brown_algae_sargassum,TRUE,0.5,SU_peb,0.443,SU_cob,0.026,BR_sarg,0.02,BR_fucus,0.003,KE_5rib
2024_10_08_12-04-28.jpg,361,254,224,GR_ulva,green_algae_ulva,TRUE,0.784,RE_bush,0.197,MS,0.009,KE_stipe,0.005,KE_sugar,0.004,GR_ulva
2024_10_08_12-04-28.jpg,2368,3203,224,GR_ulva,green_algae_ulva,TRUE,1,GR_ulva,0,RE_leaf,0,MS,0,unknown,0,BR_sarg
2024_10_08_12-04-28.jpg,3346,251,224,GR_ulva,green_algae_ulva,TRUE,0.995,GR_ulva,0.004,SU_cob,0.001,MS,0,SU_peb,0,KE_stipe
2024_10_08_12-04-28.jpg,2608,3441,224,GR_ulva,green_algae_ulva,TRUE,1,GR_ulva,0,KE_sieve,0,RE_leaf,0,KE_stipe,0,unknown
2024_10_08_12-04-28.jpg,3592,2966,224,GR_ulva,green_algae_ulva,TRUE,1,GR_ulva,0,KE_sieve,0,RE_leaf,0,BR_sarg,0,BR_fucus
2024_10_08_12-04-28.jpg,729,128,224,GR_ulva,green_algae_ulva,TRUE,0.696,GR_ulva,0.299,unknown,0.003,RE_leaf,0.001,KE_5rib,0,MS
2024_10_08_12-04-28.jpg,389,3045,224,GR_ulva,green_algae_ulva,TRUE,1,GR_ulva,0,RE_leaf,0,KE_sieve,0,MS,0,KE_5rib
2024_10_08_12-04-28.jpg,3886,4236,224,KE_sugar,kelp_sugar,TRUE,0.976,SU_silt,0.016,KE_5rib,0.004,SU_bould,0.002,SU_peb,0.001,MS
2024_10_08_12-04-28.jpg,2503,1549,224,KE_sugar,kelp_sugar,TRUE,1,KE_sugar,0,KE_sieve,0,RE_leaf,0,KE_5rib,0,MS
2024_10_08_12-04-28.jpg,367,4483,224,GR_ulva,green_algae_ulva,TRUE,1,GR_ulva,0,RE_leaf,0,KE_5rib,0,KE_stipe,0,KE_sieve
2024_10_08_12-04-28.jpg,1366,3018,224,GR_ulva,green_algae_ulva,TRUE,0.476,BR_sarg,0.423,GR_ulva,0.054,RE_branch,0.036,KE_bull,0.005,KE_stipe
2024_10_08_12-04-28.jpg,3300,4131,224,SU_peb,pebble,TRUE,0.997,SU_peb,0.001,SU_bould,0.001,SU_sand,0.001,MS,0,SU_shell
2024_10_08_12-04-28.jpg,849,4418,224,GR_ulva,green_algae_ulva,TRUE,1,GR_ulva,0,KE_stipe,0,unknown,0,BR_sarg,0,MS
2024_10_08_12-04-28.jpg,147,405,224,GR_ulva,green_algae_ulva,TRUE,1,GR_ulva,0,KE_stipe,0,SU_peb,0,MS,0,KE_5rib
2024_10_08_12-04-28.jpg,1177,3545,224,GR_ulva,green_algae_ulva,TRUE,0.964,GR_ulva,0.009,SU_bould,0.008,RE_bush,0.008,KE_stipe,0.006,MS
2024_10_08_12-04-28.jpg,3209,2573,224,SU_cob,cobble,TRUE,0.921,SU_bould,0.066,RE_fil,0.006,KE_stipe,0.005,BR_sarg,0.001,RE_CCA
2024_10_08_12-04-28.jpg,3178,4062,224,SU_peb,pebble,TRUE,0.916,GR_ulva,0.043,SU_cob,0.025,KE_stipe,0.015,SU_peb,0.001,SU_bould
2024_10_08_12-04-28.jpg,3472,997,224,SU_bould,boulder,TRUE,1,RE_bush,0,RE_branch,0,MS,0,SU_peb,0,SU_cob
2024_10_08_12-04-28.jpg,1411,2805,224,GR_ulva,green_algae_ulva,TRUE,0.985,GR_ulva,0.014,KE_bull,0.001,RE_branch,0,MS,0,RE_leaf
2024_10_08_12-04-28.jpg,2899,3889,224,GR_ulva,green_algae_ulva,TRUE,0.992,GR_ulva,0.007,SU_silt,0.001,KE_sieve,0,SU_cob,0,BR_sarg
2024_10_08_12-04-28.jpg,2220,2922,224,GR_ulva,green_algae_ulva,TRUE,1,GR_ulva,0,RE_leaf,0,KE_bull,0,unknown,0,KE_sieve
2024_10_08_12-04-28.jpg,2316,1684,224,KE_sugar,kelp_sugar,TRUE,0.93,KE_sugar,0.054,KE_bull,0.01,KE_stipe,0.003,MS,0.002,RE_leaf
2024_10_08_12-04-28.jpg,3683,3515,224,SU_peb,pebble,TRUE,0.834,KE_5rib,0.099,SU_cob,0.025,GR_ulva,0.018,SU_bould,0.015,KE_stipe
2024_10_08_12-04-28.jpg,1758,1521,224,GR_ulva,green_algae_ulva,TRUE,1,GR_ulva,0,KE_sieve,0,unknown,0,KE_5rib,0,KE_sugar
2024_10_08_12-04-28.jpg,231,2002,224,GR_ulva,green_algae_ulva,TRUE,1,GR_ulva,0,KE_sieve,0,unknown,0,RE_leaf,0,KE_5rib
2024_10_08_12-04-28.jpg,491,1592,224,GR_ulva,green_algae_ulva,TRUE,1,GR_ulva,0,unknown,0,KE_stipe,0,KE_5rib,0,KE_sugar
2024_10_08_12-04-28.jpg,3155,1772,224,KE_sugar,kelp_sugar,TRUE,0.663,KE_bull,0.323,RE_leaf,0.008,GR_ulva,0.004,BR_sarg,0.001,KE_sugar
2024_10_08_12-04-28.jpg,706,2229,224,GR_ulva,green_algae_ulva,TRUE,0.991,GR_ulva,0.008,KE_bull,0,KE_stipe,0,KE_sugar,0,MS
2024_10_08_12-04-28.jpg,2138,395,224,KE_sugar,kelp_sugar,TRUE,0.934,GR_ulva,0.056,KE_sieve,0.008,KE_sugar,0.002,SU_silt,0,SU_cob
2024_10_08_12-04-28.jpg,2229,2546,224,GR_ulva,green_algae_ulva,TRUE,1,GR_ulva,0,RE_leaf,0,KE_bull,0,KE_sieve,0,KE_5rib
2024_10_08_12-04-28.jpg,546,4458,224,GR_ulva,green_algae_ulva,TRUE,1,GR_ulva,0,unknown,0,RE_leaf,0,KE_stipe,0,MS
2024_10_08_12-04-28.jpg,1440,4358,224,GR_ulva,green_algae_ulva,TRUE,1,GR_ulva,0,unknown,0,RE_leaf,0,KE_sieve,0,KE_sugar
2024_10_08_12-04-28.jpg,750,4070,224,GR_ulva,green_algae_ulva,TRUE,1,GR_ulva,0,unknown,0,BR_sarg,0,KE_sieve,0,KE_stipe
2024_10_08_12-04-28.jpg,1268,1387,224,SU_cob,cobble,TRUE,0.966,SU_sand,0.021,RE_CCA,0.011,SU_shell,0.002,SU_cob,0,SI_kelpBry
2024_10_08_12-04-28.jpg,3895,2116,224,GR_ulva,green_algae_ulva,TRUE,1,GR_ulva,0,KE_bull,0,KE_stipe,0,RE_leaf,0,RE_CCA
2024_10_08_12-04-28.jpg,699,897,224,GR_ulva,green_algae_ulva,TRUE,0.998,GR_ulva,0.001,unknown,0,RE_leaf,0,MS,0,RE_fil
2024_10_08_12-04-28.jpg,2760,2390,224,RE_leaf,red_algae_flat_leaf,TRUE,0.999,RE_leaf,0.001,RE_fil,0,KE_5rib,0,KE_bull,0,RE_branch
2024_10_08_12-04-28.jpg,134,4323,224,GR_ulva,green_algae_ulva,TRUE,1,GR_ulva,0,KE_sieve,0,KE_stipe,0,RE_leaf,0,MS
2024_10_08_12-04-37.jpg,497,3402,224,SU_cob,cobble,TRUE,0.488,SU_peb,0.424,SU_cob,0.071,SU_sand,0.008,SU_shell,0.006,SU_bould
2024_10_08_12-04-37.jpg,2531,1311,224,SU_peb,pebble,TRUE,0.589,SU_sand,0.245,SU_peb,0.078,SU_cob,0.039,SU_bould,0.017,MS
2024_10_08_12-04-37.jpg,2310,406,224,RE_bush,red_algae_bushy,TRUE,1,RE_bush,0,RE_branch,0,MS,0,SU_silt,0,SU_sand
2024_10_08_12-04-37.jpg,1094,1007,224,GR_ulva,green_algae_ulva,TRUE,0.988,GR_ulva,0.01,SU_bould,0.002,KE_sugar,0,unknown,0,MS
2024_10_08_12-04-37.jpg,2379,2778,224,GR_ulva,green_algae_ulva,TRUE,1,GR_ulva,0,KE_bull,0,KE_stipe,0,BR_sarg,0,KE_sieve
2024_10_08_12-04-37.jpg,3814,2257,224,GR_ulva,green_algae_ulva,TRUE,0.998,GR_ulva,0.002,BR_sarg,0,KE_stipe,0,BR_fucus,0,SU_bould
2024_10_08_12-04-37.jpg,655,1500,224,SU_peb,pebble,TRUE,0.902,SU_peb,0.089,SU_silt,0.004,SU_shell,0.002,GR_ulva,0.001,SU_sand
2024_10_08_12-04-37.jpg,3231,2224,224,KE_sugar,kelp_sugar,TRUE,1,KE_sieve,0,KE_sugar,0,KE_bull,0,GR_ulva,0,KE_stipe
2024_10_08_12-04-37.jpg,1927,2902,224,GR_ulva,green_algae_ulva,TRUE,1,GR_ulva,0,KE_bull,0,KE_sieve,0,RE_CCA,0,RE_leaf
2024_10_08_12-04-37.jpg,1397,1217,224,SU_bould,boulder,TRUE,0.558,KE_sugar,0.317,KE_sieve,0.06,KE_stipe,0.012,GR_ulva,0.008,SU_cob
2024_10_08_12-04-37.jpg,3583,4364,224,SU_cob,cobble,TRUE,0.99,GR_ulva,0.007,SU_cob,0.001,SU_bould,0.001,KE_stipe,0,MS
2024_10_08_12-04-37.jpg,3209,2452,224,KE_sugar,kelp_sugar,TRUE,0.765,KE_bull,0.224,GR_ulva,0.005,KE_stipe,0.004,KE_sugar,0.001,KE_sieve
2024_10_08_12-04-37.jpg,1854,1620,224,RE_leaf,red_algae_flat_leaf,TRUE,0.892,RE_leaf,0.041,SU_peb,0.028,MS,0.018,RE_fil,0.012,SU_cob
2024_10_08_12-04-37.jpg,2545,3024,224,GR_ulva,green_algae_ulva,TRUE,1,GR_ulva,0,KE_bull,0,MS,0,KE_stipe,0,SU_bould
2024_10_08_12-04-37.jpg,3514,2320,224,SU_peb,pebble,TRUE,0.97,KE_stipe,0.029,SU_cob,0,MS,0,BR_fucus,0,BR_sarg
2024_10_08_12-04-37.jpg,1746,963,224,SU_bould,boulder,TRUE,0.507,SU_cob,0.283,SU_bould,0.083,BR_sarg,0.067,KE_sugar,0.025,RE_branch
2024_10_08_12-04-37.jpg,714,941,224,KE_sugar,kelp_sugar,TRUE,0.989,KE_bull,0.009,MS,0.001,GR_ulva,0,KE_5rib,0,KE_stipe
2024_10_08_12-04-37.jpg,1338,1937,224,SU_peb,pebble,TRUE,0.769,SU_cob,0.202,SU_peb,0.028,SU_bould,0,GR_ulva,0,SU_silt
2024_10_08_12-04-37.jpg,120,2640,224,RE_fil,red_algae_filamentous,TRUE,0.799,RE_fil,0.2,KE_stipe,0,RE_CCA,0,BR_sarg,0,BR_fucus
2024_10_08_12-04-37.jpg,2155,3128,224,GR_ulva,green_algae_ulva,TRUE,1,GR_ulva,0,RE_leaf,0,KE_bull,0,KE_sugar,0,RE_CCA
2024_10_08_12-04-37.jpg,1937,1366,224,SU_bould,boulder,TRUE,0.778,SU_cob,0.076,RE_leaf,0.061,SU_peb,0.034,GR_ulva,0.023,MS
2024_10_08_12-04-37.jpg,2458,1975,224,GR_ulva,green_algae_ulva,TRUE,0.673,GR_ulva,0.234,KE_bull,0.091,SU_peb,0.002,KE_stipe,0,SU_shell
2024_10_08_12-04-37.jpg,1072,1399,224,SU_bould,boulder,TRUE,0.599,SU_peb,0.21,SU_cob,0.166,GR_ulva,0.012,SU_silt,0.009,KE_bull
2024_10_08_12-04-37.jpg,2668,2093,224,SU_bould,boulder,TRUE,0.557,SU_cob,0.43,SU_silt,0.011,SU_bould,0.001,SU_peb,0,GR_ulva
2024_10_08_12-04-37.jpg,1333,957,224,KE_sugar,kelp_sugar,TRUE,0.592,KE_stipe,0.184,KE_bull,0.133,GR_ulva,0.05,BR_fucus,0.017,MS
2024_10_08_12-04-37.jpg,2976,4417,224,GR_ulva,green_algae_ulva,TRUE,1,GR_ulva,0,SU_peb,0,unknown,0,SU_cob,0,KE_stipe
2024_10_08_12-04-37.jpg,2160,2547,224,GR_ulva,green_algae_ulva,TRUE,1,GR_ulva,0,KE_bull,0,SU_bould,0,BR_sarg,0,RE_CCA
2024_10_08_12-04-37.jpg,2576,974,224,SU_silt,silt,TRUE,0.866,SU_silt,0.056,SU_sand,0.048,MS,0.018,SU_shell,0.012,SU_peb
2024_10_08_12-04-37.jpg,3772,1496,224,KE_sugar,kelp_sugar,TRUE,0.994,KE_sugar,0.004,GR_ulva,0.002,KE_5rib,0,RE_leaf,0,KE_bull
2024_10_08_12-04-37.jpg,3018,824,224,KE_sugar,kelp_sugar,TRUE,0.402,KE_sugar,0.338,SU_silt,0.219,KE_sieve,0.019,SU_bould,0.013,KE_5rib
2024_10_08_12-04-37.jpg,3849,3568,224,GR_ulva,green_algae_ulva,TRUE,0.961,GR_ulva,0.03,SU_bould,0.005,KE_stipe,0.002,BR_fucus,0.001,RE_bush
2024_10_08_12-04-37.jpg,2981,1764,224,SU_bould,boulder,TRUE,0.432,SU_cob,0.323,SU_peb,0.153,MS,0.043,SU_sand,0.016,RE_leaf
2024_10_08_12-04-37.jpg,3042,4175,224,SU_peb,pebble,TRUE,0.941,MS,0.049,SU_peb,0.005,KE_stipe,0.002,SU_cob,0.001,RE_CCA
2024_10_08_12-04-37.jpg,783,3312,224,KE_sugar,kelp_sugar,TRUE,0.528,GR_ulva,0.36,SU_bould,0.058,BR_fucus,0.025,RE_bush,0.008,SU_cob
2024_10_08_12-04-37.jpg,1933,414,224,RE_bush,red_algae_bushy,TRUE,1,RE_bush,0,KE_holdfas,0,RE_branch,0,BR_fucus,0,RE_CCA
2024_10_08_12-04-37.jpg,3315,4306,224,SU_peb,pebble,TRUE,0.99,SU_peb,0.006,GR_ulva,0.002,MS,0.001,SU_cob,0,KE_stipe
2024_10_08_12-04-37.jpg,1769,2906,224,GR_ulva,green_algae_ulva,TRUE,1,GR_ulva,0,RE_leaf,0,BR_sarg,0,KE_bull,0,KE_sieve
2024_10_08_12-04-37.jpg,259,3367,224,SU_silt,silt,TRUE,1,SU_silt,0,MS,0,SU_shell,0,GR_ulva,0,SU_sand
2024_10_08_12-04-37.jpg,308,2239,224,SU_peb,pebble,TRUE,0.329,SU_peb,0.279,SU_sand,0.14,SU_cob,0.067,SU_bould,0.055,MS
2024_10_08_12-04-37.jpg,1497,1535,224,KE_sugar,kelp_sugar,TRUE,0.682,GR_ulva,0.257,KE_sieve,0.03,SU_bould,0.024,KE_bull,0.002,KE_stipe
2024_10_08_12-04-37.jpg,2790,4262,224,GR_ulva,green_algae_ulva,TRUE,1,GR_ulva,0,KE_stipe,0,SU_bould,0,SU_cob,0,SU_peb
2024_10_08_12-04-37.jpg,767,4261,224,KE_sugar,kelp_sugar,TRUE,0.901,KE_sugar,0.054,GR_ulva,0.02,SU_cob,0.016,MS,0.008,SU_bould
2024_10_08_12-04-37.jpg,1654,3800,224,GR_ulva,green_algae_ulva,TRUE,1,GR_ulva,0,RE_leaf,0,KE_5rib,0,unknown,0,KE_sieve
2024_10_08_12-04-37.jpg,341,287,224,GR_ulva,green_algae_ulva,TRUE,1,GR_ulva,0,unknown,0,MS,0,SU_cob,0,KE_stipe
2024_10_08_12-04-37.jpg,3822,4268,224,unknown,unknown_area,TRUE,0.848,GR_ulva,0.152,KE_sieve,0,unknown,0,KE_stipe,0,RE_bush
2024_10_08_12-04-37.jpg,3266,922,224,KE_sugar,kelp_sugar,TRUE,0.718,KE_sugar,0.162,GR_ulva,0.045,KE_sieve,0.04,RE_leaf,0.015,unknown
2024_10_08_12-04-37.jpg,1603,2259,224,SU_peb,pebble,TRUE,0.782,GR_ulva,0.217,SU_peb,0,KE_stipe,0,KE_bull,0,SU_cob
2024_10_08_12-04-37.jpg,3462,2647,224,GR_ulva,green_algae_ulva,TRUE,1,GR_ulva,0,KE_bull,0,RE_leaf,0,KE_stipe,0,BR_sarg
2024_10_08_12-04-37.jpg,2468,665,224,SU_silt,silt,TRUE,0.526,SU_silt,0.432,MS,0.015,SU_peb,0.011,SU_shell,0.01,GR_ulva
2024_10_08_12-04-37.jpg,3580,1634,224,KE_sugar,kelp_sugar,TRUE,0.999,KE_sugar,0.001,GR_ulva,0,KE_5rib,0,SU_silt,0,KE_sieve
2024_10_08_12-04-46.jpg,566,2954,224,KE_sugar,kelp_sugar,TRUE,0.813,KE_5rib,0.177,KE_sugar,0.007,SU_bould,0.001,MS,0.001,GR_ulva
2024_10_08_12-04-46.jpg,1349,1003,224,KE_sugar,kelp_sugar,TRUE,0.977,KE_sugar,0.014,RE_branch,0.007,KE_5rib,0.001,KE_sieve,0,GR_ulva
2024_10_08_12-04-46.jpg,3434,148,224,GR_ulva,green_algae_ulva,TRUE,0.998,GR_ulva,0.002,KE_5rib,0,KE_sugar,0,MS,0,KE_stipe
2024_10_08_12-04-46.jpg,2094,3904,224,KE_sugar,kelp_sugar,TRUE,0.998,KE_sugar,0.002,RE_leaf,0,SU_silt,0,KE_sieve,0,RE_bush
2024_10_08_12-04-46.jpg,887,1833,224,KE_sieve,kelp_sieve,TRUE,0.653,KE_sieve,0.22,SU_bould,0.065,GR_ulva,0.03,KE_sugar,0.009,RE_bush
2024_10_08_12-04-46.jpg,3637,2579,224,KE_sugar,kelp_sugar,TRUE,0.964,KE_sieve,0.034,KE_bull,0.001,KE_sugar,0.001,SU_silt,0,KE_stipe
2024_10_08_12-04-46.jpg,3842,1940,224,KE_sugar,kelp_sugar,TRUE,0.972,KE_sieve,0.023,KE_stipe,0.002,SU_silt,0.002,SU_bould,0,GR_ulva
2024_10_08_12-04-46.jpg,722,2389,224,KE_sugar,kelp_sugar,TRUE,0.981,GR_ulva,0.018,KE_bull,0.001,KE_sieve,0,KE_sugar,0,RE_leaf
2024_10_08_12-04-46.jpg,2104,1679,224,GR_ulva,green_algae_ulva,TRUE,1,GR_ulva,0,BR_sarg,0,KE_bull,0,SU_bould,0,SU_peb
2024_10_08_12-04-46.jpg,186,3343,224,SU_silt,silt,TRUE,0.763,GR_ulva,0.236,SU_peb,0,MS,0,SU_silt,0,SU_shell
2024_10_08_12-04-46.jpg,3789,1111,224,GR_ulva,green_algae_ulva,TRUE,0.999,GR_ulva,0.001,unknown,0,KE_5rib,0,RE_leaf,0,KE_sieve
2024_10_08_12-04-46.jpg,2347,3265,224,KE_sugar,kelp_sugar,TRUE,0.607,SU_silt,0.338,SU_cob,0.04,SU_bould,0.004,SU_shell,0.003,GR_ulva
2024_10_08_12-04-46.jpg,1003,2896,224,KE_sugar,kelp_sugar,TRUE,0.981,KE_sugar,0.019,KE_sieve,0,GR_ulva,0,KE_5rib,0,KE_stipe
2024_10_08_12-04-46.jpg,601,3476,224,KE_sugar,kelp_sugar,TRUE,0.988,KE_sugar,0.008,KE_5rib,0.002,KE_sieve,0.001,SU_silt,0,SU_bould
2024_10_08_12-04-46.jpg,3224,3743,224,SU_silt,silt,TRUE,0.981,SU_silt,0.008,SU_peb,0.006,GR_ulva,0.003,MS,0.001,SU_cob
2024_10_08_12-04-46.jpg,143,1710,224,SU_silt,silt,TRUE,0.997,SU_silt,0.002,SU_peb,0,SU_shell,0,SU_sand,0,SU_cob
2024_10_08_12-04-46.jpg,621,2538,224,KE_sugar,kelp_sugar,TRUE,0.895,SU_peb,0.074,SU_bould,0.009,KE_sieve,0.008,KE_stipe,0.008,GR_ulva
2024_10_08_12-04-46.jpg,3539,1457,224,GR_ulva,green_algae_ulva,TRUE,1,GR_ulva,0,SU_peb,0,KE_5rib,0,MS,0,unknown
2024_10_08_12-04-46.jpg,405,2690,224,SU_peb,pebble,TRUE,0.49,SU_silt,0.213,SU_cob,0.21,SU_bould,0.042,SU_peb,0.031,SU_shell
2024_10_08_12-04-46.jpg,2754,4107,224,SU_peb,pebble,TRUE,0.996,SU_sand,0.003,SU_cob,0.001,SU_shell,0,SI_kelpBry,0,SU_silt
2024_10_08_12-04-46.jpg,745,1496,224,KE_sugar,kelp_sugar,TRUE,0.551,KE_sieve,0.158,KE_sugar,0.134,GR_ulva,0.132,SU_silt,0.024,KE_5rib
2024_10_08_12-04-46.jpg,1383,2370,224,KE_sugar,kelp_sugar,TRUE,0.783,KE_sieve,0.16,KE_stipe,0.031,GR_ulva,0.015,KE_sugar,0.005,RE_leaf
2024_10_08_12-04-46.jpg,3883,2089,224,KE_sugar,kelp_sugar,TRUE,0.545,SU_bould,0.362,KE_sieve,0.057,KE_bull,0.015,SU_silt,0.009,KE_sugar
2024_10_08_12-04-46.jpg,1216,2312,224,KE_sugar,kelp_sugar,TRUE,0.688,KE_sugar,0.163,KE_sieve,0.149,GR_ulva,0,SU_silt,0,KE_5rib
2024_10_08_12-04-46.jpg,2186,555,224,RE_fil,red_algae_filamentous,TRUE,1,RE_fil,0,MS,0,RE_bush,0,KE_stipe,0,SU_bould
2024_10_08_12-04-46.jpg,1372,1828,224,KE_sugar,kelp_sugar,TRUE,1,KE_sugar,0,MS,0,GR_ulva,0,KE_bull,0,KE_5rib
2024_10_08_12-04-46.jpg,2440,2199,224,SU_peb,pebble,TRUE,0.419,SU_bould,0.238,SU_peb,0.123,KE_bull,0.074,RE_CCA,0.031,RE_fil
2024_10_08_12-04-46.jpg,3592,734,224,unknown,unknown_area,TRUE,0.722,SU_peb,0.137,KE_stipe,0.101,GR_ulva,0.021,SU_cob,0.007,SU_bould
2024_10_08_12-04-46.jpg,3614,1875,224,SU_silt,silt,TRUE,0.669,SU_silt,0.211,SU_sand,0.098,SU_shell,0.011,GR_ulva,0.009,SU_peb
2024_10_08_12-04-46.jpg,1640,1581,224,GR_ulva,green_algae_ulva,TRUE,0.983,GR_ulva,0.009,KE_sieve,0.006,KE_sugar,0,KE_bull,0,MS
2024_10_08_12-04-46.jpg,847,4371,224,KE_sugar,kelp_sugar,TRUE,0.866,KE_stipe,0.076,KE_sugar,0.025,SU_peb,0.014,MS,0.008,KE_5rib
2024_10_08_12-04-46.jpg,2995,4271,224,SU_silt,silt,TRUE,0.553,SU_peb,0.179,RE_bush,0.084,MS,0.074,KE_stipe,0.049,SU_silt
2024_10_08_12-04-46.jpg,267,4321,224,KE_sugar,kelp_sugar,TRUE,0.501,GR_ulva,0.484,MS,0.007,KE_sugar,0.006,KE_stipe,0.001,RE_leaf
2024_10_08_12-04-46.jpg,3880,2590,224,KE_sugar,kelp_sugar,TRUE,0.593,KE_bull,0.22,KE_sugar,0.058,SU_silt,0.056,GR_ulva,0.046,KE_sieve
2024_10_08_12-04-46.jpg,907,197,224,KE_sugar,kelp_sugar,TRUE,0.995,GR_ulva,0.002,SU_cob,0.001,KE_sieve,0.001,SU_silt,0,BR_fucus
2024_10_08_12-04-46.jpg,1257,1240,224,KE_sugar,kelp_sugar,TRUE,0.514,KE_sieve,0.468,KE_sugar,0.014,GR_ulva,0.002,KE_5rib,0.001,KE_stipe
2024_10_08_12-04-46.jpg,360,2151,224,SU_cob,cobble,TRUE,1,SU_silt,0,SU_shell,0,SU_peb,0,SU_sand,0,RE_CCA
2024_10_08_12-04-46.jpg,2568,2227,224,KE_sugar,kelp_sugar,TRUE,0.771,KE_sieve,0.194,KE_sugar,0.014,GR_ulva,0.011,KE_stipe,0.006,KE_bull
2024_10_08_12-04-46.jpg,2826,2307,224,KE_sugar,kelp_sugar,TRUE,0.622,KE_sieve,0.223,SU_silt,0.145,KE_bull,0.006,KE_sugar,0.004,GR_ulva
2024_10_08_12-04-46.jpg,1351,4151,224,SU_silt,silt,TRUE,0.74,SU_silt,0.23,SU_sand,0.022,SU_shell,0.008,SU_peb,0,SI_kelpBry
2024_10_08_12-04-46.jpg,3187,656,224,GR_ulva,green_algae_ulva,TRUE,0.848,GR_ulva,0.126,SU_bould,0.019,SU_peb,0.004,SU_cob,0.001,KE_stipe
2024_10_08_12-04-46.jpg,1462,4328,224,GR_ulva,green_algae_ulva,TRUE,0.987,SU_peb,0.013,GR_ulva,0,SU_silt,0,SU_cob,0,SU_shell
2024_10_08_12-04-46.jpg,1591,4073,224,GR_ulva,green_algae_ulva,TRUE,0.993,GR_ulva,0.007,SU_peb,0,KE_stipe,0,MS,0,SU_cob
2024_10_08_12-04-46.jpg,2304,1262,224,SU_peb,pebble,TRUE,0.999,SU_peb,0.001,SU_sand,0,SU_silt,0,SU_shell,0,GR_ulva
2024_10_08_12-04-46.jpg,3415,393,224,GR_ulva,green_algae_ulva,TRUE,0.988,GR_ulva,0.011,unknown,0,KE_sugar,0,RE_fil,0,KE_sieve
2024_10_08_12-04-46.jpg,1736,2325,224,SU_silt,silt,TRUE,0.969,GR_ulva,0.03,SU_silt,0.001,KE_bull,0,RE_CCA,0,KE_stipe
2024_10_08_12-04-46.jpg,3146,3537,224,SU_sand,sand_fine_shell,TRUE,0.838,SU_silt,0.142,SU_shell,0.02,SU_sand,0,MS,0,RE_CCA
2024_10_08_12-04-46.jpg,1435,3770,224,RE_fil,red_algae_filamentous,TRUE,0.989,RE_fil,0.006,KE_stipe,0.002,RE_bush,0.001,RE_leaf,0,MS
2024_10_08_12-04-46.jpg,2755,1458,224,SU_cob,cobble,TRUE,0.949,SU_bould,0.028,GR_ulva,0.02,SU_cob,0.001,SU_peb,0.001,MS
2024_10_08_12-04-46.jpg,2986,2055,224,GR_ulva,green_algae_ulva,TRUE,1,GR_ulva,0,BR_sarg,0,SU_bould,0,KE_bull,0,KE_stipe
2024_10_08_12-04-55.jpg,2460,1714,224,SU_peb,pebble,TRUE,0.999,SU_silt,0,SU_sand,0,SU_shell,0,SU_peb,0,GR_ulva
2024_10_08_12-04-55.jpg,2860,3275,224,RE_leaf,red_algae_flat_leaf,TRUE,0.775,RE_leaf,0.147,MS,0.076,KE_5rib,0.001,RE_fil,0.001,SU_peb
2024_10_08_12-04-55.jpg,2233,568,224,RE_leaf,red_algae_flat_leaf,TRUE,0.592,KE_5rib,0.396,RE_leaf,0.012,RE_fil,0,KE_stipe,0,GR_ulva
2024_10_08_12-04-55.jpg,1966,2492,224,GR_ulva,green_algae_ulva,TRUE,1,GR_ulva,0,KE_bull,0,RE_CCA,0,SU_peb,0,KE_stipe
2024_10_08_12-04-55.jpg,3257,3817,224,RE_leaf,red_algae_flat_leaf,TRUE,1,RE_leaf,0,KE_5rib,0,RE_fil,0,KE_bull,0,KE_stipe
2024_10_08_12-04-55.jpg,919,594,224,SU_peb,pebble,TRUE,0.994,SU_peb,0.004,GR_ulva,0.001,SU_cob,0.001,SU_silt,0,SU_shell
2024_10_08_12-04-55.jpg,3323,3532,224,SU_peb,pebble,TRUE,0.988,SU_peb,0.01,KE_stipe,0.003,SU_cob,0,MS,0,SU_bould
2024_10_08_12-04-55.jpg,950,3056,224,GR_ulva,green_algae_ulva,TRUE,0.999,GR_ulva,0.001,RE_leaf,0,KE_bull,0,RE_branch,0,KE_stipe
2024_10_08_12-04-55.jpg,2930,3108,224,SU_peb,pebble,TRUE,0.943,RE_bush,0.055,MS,0.002,SU_peb,0,KE_stipe,0,SU_cob
2024_10_08_12-04-55.jpg,1129,2235,224,SU_silt,silt,TRUE,0.561,SU_silt,0.411,GR_ulva,0.014,SU_peb,0.007,SU_shell,0.003,MS
2024_10_08_12-04-55.jpg,1064,4118,224,RE_leaf,red_algae_flat_leaf,TRUE,0.722,RE_fil,0.273,RE_leaf,0.003,RE_bush,0.002,MS,0,KE_5rib
2024_10_08_12-04-55.jpg,3396,2117,224,SU_peb,pebble,TRUE,0.989,RE_bush,0.008,RE_branch,0.001,SU_peb,0.001,SU_cob,0,SI
2024_10_08_12-04-55.jpg,981,3711,224,RE_leaf,red_algae_flat_leaf,TRUE,0.91,GR_ulva,0.068,MS,0.021,KE_stipe,0.001,RE_leaf,0,KE_bull
2024_10_08_12-04-55.jpg,3171,3972,224,RE_leaf,red_algae_flat_leaf,TRUE,0.999,RE_leaf,0,GR_ulva,0,SU_peb,0,KE_bull,0,KE_5rib
2024_10_08_12-04-55.jpg,3859,350,224,unknown,unknown_area,TRUE,0.598,GR_ulva,0.318,KE_5rib,0.045,unknown,0.01,KE_sugar,0.008,RE_leaf
2024_10_08_12-04-55.jpg,2582,989,224,RE_leaf,red_algae_flat_leaf,TRUE,0.615,RE_branch,0.38,RE_fil,0.004,RE_leaf,0,RE_CCA,0,BR_sarg
2024_10_08_12-04-55.jpg,2979,1709,224,SU_peb,pebble,TRUE,0.979,SU_silt,0.009,SU_peb,0.008,SU_shell,0.003,SU_sand,0,GR_ulva
2024_10_08_12-04-55.jpg,2544,2200,224,SU_sand,sand_fine_shell,TRUE,0.989,SU_silt,0.01,GR_ulva,0.001,SU_shell,0,SU_sand,0,SU_peb
2024_10_08_12-04-55.jpg,3854,3017,224,GR_fil,green_algae_filamentous,TRUE,0.563,KE_sugar,0.288,GR_ulva,0.041,SI,0.027,RE_fil,0.022,SU_bould
2024_10_08_12-04-55.jpg,1205,1849,224,SU_cob,cobble,TRUE,0.957,SU_peb,0.025,SU_sand,0.01,SU_shell,0.003,SU_silt,0.002,GR_ulva
2024_10_08_12-04-55.jpg,1682,545,224,GR_ulva,green_algae_ulva,TRUE,1,GR_ulva,0,SU_peb,0,KE_stipe,0,KE_sugar,0,SU_cob
2024_10_08_12-04-55.jpg,963,1213,224,SU_silt,silt,TRUE,0.947,SU_silt,0.045,SU_shell,0.007,SU_sand,0.001,GR_ulva,0,MS
2024_10_08_12-04-55.jpg,1473,4315,224,RE_leaf,red_algae_flat_leaf,TRUE,1,RE_leaf,0,KE_5rib,0,MS,0,KE_sugar,0,GR_ulva
2024_10_08_12-04-55.jpg,1424,880,224,SU_peb,pebble,TRUE,0.995,SU_peb,0.003,SU_silt,0.002,SU_bould,0,GR_ulva,0,SU_sand
2024_10_08_12-04-55.jpg,366,895,224,SU_silt,silt,TRUE,0.434,GR_ulva,0.286,SU_peb,0.191,SU_silt,0.053,MS,0.024,SU_cob
2024_10_08_12-04-55.jpg,1881,736,224,GR_ulva,green_algae_ulva,TRUE,1,GR_ulva,0,BR_sarg,0,unknown,0,RE_leaf,0,MS
2024_10_08_12-04-55.jpg,2976,4319,224,GR_ulva,green_algae_ulva,TRUE,0.999,GR_ulva,0,SU_bould,0,KE_stipe,0,MS,0,KE_sieve
2024_10_08_12-04-55.jpg,2023,1161,224,RE_leaf,red_algae_flat_leaf,TRUE,1,RE_leaf,0,SU_peb,0,KE_stipe,0,RE_branch,0,MS
2024_10_08_12-04-55.jpg,2609,3641,224,RE_leaf,red_algae_flat_leaf,TRUE,1,RE_leaf,0,MS,0,SI_kelpBry,0,RE_fil,0,KE_stipe
2024_10_08_12-04-55.jpg,2759,136,224,GR_ulva,green_algae_ulva,TRUE,0.475,MS,0.376,RE_leaf,0.069,GR_ulva,0.059,RE_fil,0.016,KE_stipe
2024_10_08_12-04-55.jpg,2457,3056,224,SU_bould,boulder,TRUE,0.509,MS,0.288,SU_cob,0.121,RE_fil,0.041,KE_stipe,0.02,SU_peb
2024_10_08_12-04-55.jpg,885,780,224,SU_peb,pebble,TRUE,0.825,GR_ulva,0.17,SU_peb,0.003,SU_cob,0.001,SU_bould,0.001,MS
2024_10_08_12-04-55.jpg,451,428,224,SU_peb,pebble,TRUE,0.992,SU_silt,0.006,SU_peb,0.001,SU_cob,0.001,SU_sand,0,SU_shell
2024_10_08_12-04-55.jpg,2722,4348,224,SU_cob,cobble,TRUE,0.53,RE_leaf,0.331,SU_cob,0.077,SU_peb,0.024,KE_5rib,0.009,KE_sugar
2024_10_08_12-04-55.jpg,1422,267,224,SU_peb,pebble,TRUE,0.962,GR_ulva,0.015,SU_bould,0.014,SU_peb,0.005,SU_cob,0.001,MS
2024_10_08_12-04-55.jpg,2423,3273,224,GR_ulva,green_algae_ulva,TRUE,0.93,GR_ulva,0.055,KE_stipe,0.012,RE_leaf,0.002,MS,0,BR_sarg
2024_10_08_12-04-55.jpg,1261,804,224,SU_peb,pebble,TRUE,0.537,SU_sand,0.401,SU_peb,0.061,SU_silt,0.001,SU_shell,0,GR_ulva
2024_10_08_12-04-55.jpg,2228,2115,224,SU_silt,silt,TRUE,0.999,GR_ulva,0.001,KE_bull,0,SU_shell,0,SU_cob,0,SI_kelpBry
2024_10_08_12-04-55.jpg,645,2362,224,GR_ulva,green_algae_ulva,TRUE,1,GR_ulva,0,RE_leaf,0,KE_bull,0,BR_fucus,0,MS
2024_10_08_12-04-55.jpg,2013,1582,224,SU_peb,pebble,TRUE,0.998,SU_silt,0.001,SU_peb,0.001,SU_shell,0,GR_ulva,0,SU_cob
2024_10_08_12-04-55.jpg,2505,4393,224,RE_leaf,red_algae_flat_leaf,TRUE,0.99,RE_leaf,0.01,MS,0,RE_branch,0,RE_fil,0,KE_stipe
2024_10_08_12-04-55.jpg,586,4396,224,GR_ulva,green_algae_ulva,TRUE,0.996,GR_ulva,0.002,MS,0.001,unknown,0.001,RE_leaf,0,KE_sieve
2024_10_08_12-04-55.jpg,1602,1477,224,SU_peb,pebble,TRUE,0.525,SU_peb,0.326,SU_sand,0.104,SU_silt,0.023,SU_cob,0.014,SU_bould
2024_10_08_12-04-55.jpg,3354,534,224,GR_ulva,green_algae_ulva,TRUE,0.97,GR_ulva,0.03,unknown,0,KE_5rib,0,KE_sugar,0,SU_bould
2024_10_08_12-04-55.jpg,3028,1028,224,GR_ulva,green_algae_ulva,TRUE,0.975,GR_ulva,0.018,MS,0.006,SU_cob,0.001,SU_peb,0,KE_stipe
2024_10_08_12-04-55.jpg,2678,3413,224,RE_leaf,red_algae_flat_leaf,TRUE,0.892,RE_leaf,0.097,KE_5rib,0.006,KE_bull,0.003,MS,0.001,RE_fil
2024_10_08_12-04-55.jpg,3162,1550,224,SU_silt,silt,TRUE,0.965,SU_silt,0.026,SU_sand,0.005,SU_shell,0.003,SU_peb,0.001,RE_CCA
2024_10_08_12-04-55.jpg,3663,3349,224,GR_fil,green_algae_filamentous,TRUE,0.998,GR_ulva,0.001,SU_bould,0,KE_sugar,0,RE_fil,0,KE_5rib
2024_10_08_12-04-55.jpg,1987,4343,224,RE_leaf,red_algae_flat_leaf,TRUE,1,RE_leaf,0,MS,0,KE_sugar,0,RE_fil,0,SU_bould
2024_10_08_12-04-55.jpg,1738,192,224,GR_ulva,green_algae_ulva,TRUE,1,GR_ulva,0,unknown,0,KE_5rib,0,KE_sugar,0,RE_leaf
2024_10_08_12-05-04.jpg,2548,3117,224,RE_leaf,red_algae_flat_leaf,TRUE,1,RE_leaf,0,RE_bush,0,RE_fil,0,KE_sugar,0,KE_5rib
2024_10_08_12-05-04.jpg,2518,2268,224,SU_cob,cobble,TRUE,1,MS,0,SI,0,RE_bush,0,RE_leaf,0,KE_stipe
2024_10_08_12-05-04.jpg,486,3487,224,GR_ulva,green_algae_ulva,TRUE,0.969,GR_ulva,0.031,SU_peb,0,SU_silt,0,MS,0,SU_shell
2024_10_08_12-05-04.jpg,2068,2107,224,SU_cob,cobble,TRUE,0.856,RE_fil,0.079,GR_ulva,0.018,SU_peb,0.015,SU_cob,0.012,SU_bould
2024_10_08_12-05-04.jpg,239,2612,224,GR_ulva,green_algae_ulva,TRUE,0.939,RE_bush,0.033,SU_silt,0.013,GR_ulva,0.005,KE_stipe,0.004,SU_peb
2024_10_08_12-05-04.jpg,647,579,224,RE_bush,red_algae_bushy,TRUE,1,RE_bush,0,MS,0,RE_branch,0,KE_stipe,0,BR_sarg
2024_10_08_12-05-04.jpg,1685,2715,224,unknown,unknown_area,TRUE,0.633,BR_sarg,0.123,RE_bush,0.103,RE_fil,0.072,RE_branch,0.064,KE_sugar
2024_10_08_12-05-04.jpg,2397,166,224,SU_peb,pebble,TRUE,0.645,MS,0.321,KE_stipe,0.025,SU_peb,0.008,SU_bould,0.001,GR_ulva
2024_10_08_12-05-04.jpg,1982,3211,224,RE_leaf,red_algae_flat_leaf,TRUE,1,RE_leaf,0,RE_fil,0,MS,0,KE_stipe,0,SU_peb
2024_10_08_12-05-04.jpg,1183,312,224,GR_ulva,green_algae_ulva,TRUE,1,GR_ulva,0,SU_peb,0,MS,0,SI,0,KE_stipe
2024_10_08_12-05-04.jpg,1220,1766,224,GR_ulva,green_algae_ulva,TRUE,1,GR_ulva,0,unknown,0,KE_5rib,0,BR_sarg,0,RE_leaf
2024_10_08_12-05-04.jpg,2335,2453,224,MS,mobile_species,TRUE,0.999,MS,0,KE_stipe,0,SI,0,RE_leaf,0,RE_bush
2024_10_08_12-05-04.jpg,1362,3446,224,RE_leaf,red_algae_flat_leaf,TRUE,0.979,RE_leaf,0.008,MS,0.007,KE_5rib,0.004,RE_fil,0.001,KE_stipe
2024_10_08_12-05-04.jpg,439,3781,224,GR_ulva,green_algae_ulva,TRUE,1,GR_ulva,0,unknown,0,KE_sieve,0,KE_stipe,0,KE_5rib
2024_10_08_12-05-04.jpg,2281,1518,224,RE_leaf,red_algae_flat_leaf,TRUE,0.995,RE_leaf,0.005,SU_peb,0,MS,0,KE_stipe,0,SI
2024_10_08_12-05-04.jpg,2197,1881,224,SU_peb,pebble,TRUE,0.997,SU_silt,0.003,SU_sand,0,SU_shell,0,RE_CCA,0,SU_peb
2024_10_08_12-05-04.jpg,3558,3950,224,SU_peb,pebble,TRUE,0.862,MS,0.086,RE_fil,0.013,KE_bull,0.01,RE_leaf,0.009,SU_peb
2024_10_08_12-05-04.jpg,2099,2535,224,SU_peb,pebble,TRUE,0.82,GR_ulva,0.175,KE_bull,0.005,SU_peb,0,KE_stipe,0,SU_shell
2024_10_08_12-05-04.jpg,3716,2028,224,GR_ulva,green_algae_ulva,TRUE,1,GR_ulva,0,KE_sieve,0,BR_sarg,0,BR_fucus,0,KE_stipe
2024_10_08_12-05-04.jpg,2567,1140,224,GR_ulva,green_algae_ulva,TRUE,1,GR_ulva,0,RE_leaf,0,SU_bould,0,MS,0,KE_sugar
2024_10_08_12-05-04.jpg,2903,1405,224,RE_leaf,red_algae_flat_leaf,TRUE,0.939,KE_stipe,0.054,RE_leaf,0.005,KE_bull,0.001,RE_branch,0.001,MS
2024_10_08_12-05-04.jpg,3398,1631,224,RE_leaf,red_algae_flat_leaf,TRUE,0.975,RE_leaf,0.025,RE_fil,0.001,KE_5rib,0,KE_sugar,0,unknown
2024_10_08_12-05-04.jpg,658,3595,224,GR_ulva,green_algae_ulva,TRUE,1,GR_ulva,0,SU_peb,0,SU_bould,0,KE_bull,0,unknown
2024_10_08_12-05-04.jpg,715,1105,224,GR_ulva,green_algae_ulva,TRUE,1,GR_ulva,0,unknown,0,RE_leaf,0,KE_5rib,0,KE_sugar
2024_10_08_12-05-04.jpg,731,2957,224,SU_silt,silt,TRUE,1,SU_silt,0,MS,0,GR_ulva,0,SU_shell,0,KE_sugar
2024_10_08_12-05-04.jpg,1890,598,224,GR_ulva,green_algae_ulva,TRUE,0.903,GR_ulva,0.097,unknown,0,RE_leaf,0,KE_sugar,0,KE_5rib
2024_10_08_12-05-04.jpg,3012,3214,224,RE_leaf,red_algae_flat_leaf,TRUE,0.995,RE_leaf,0.004,MS,0,KE_sugar,0,KE_stipe,0,RE_fil
2024_10_08_12-05-04.jpg,1440,3313,224,RE_leaf,red_algae_flat_leaf,TRUE,0.999,RE_leaf,0.001,RE_fil,0,KE_5rib,0,RE_bush,0,SU_peb
2024_10_08_12-05-04.jpg,3483,3414,224,RE_leaf,red_algae_flat_leaf,TRUE,1,RE_leaf,0,MS,0,SU_bould,0,KE_bull,0,SI
2024_10_08_12-05-04.jpg,640,461,224,GR_ulva,green_algae_ulva,TRUE,0.715,RE_bush,0.278,GR_ulva,0.007,MS,0,KE_stipe,0,SU_peb
2024_10_08_12-05-04.jpg,905,587,224,RE_bush,red_algae_bushy,TRUE,1,RE_bush,0,MS,0,RE_branch,0,BR_sarg,0,SU_silt
2024_10_08_12-05-04.jpg,3501,2674,224,SU_cob,cobble,TRUE,0.537,RE_bush,0.295,GR_ulva,0.057,RE_CCA,0.056,RE_fil,0.048,BR_sarg
2024_10_08_12-05-04.jpg,3002,4260,224,RE_leaf,red_algae_flat_leaf,TRUE,0.684,RE_leaf,0.225,RE_fil,0.07,KE_stipe,0.019,KE_5rib,0.002,SU_peb
2024_10_08_12-05-04.jpg,1319,2206,224,GR_ulva,green_algae_ulva,TRUE,1,GR_ulva,0,KE_bull,0,SU_peb,0,BR_sarg,0,RE_leaf
2024_10_08_12-05-04.jpg,3799,1403,224,GR_ulva,green_algae_ulva,TRUE,1,GR_ulva,0,RE_leaf,0,unknown,0,MS,0,SI_kelpBry
2024_10_08_12-05-04.jpg,1899,4323,224,KE_sugar,kelp_sugar,TRUE,0.511,KE_5rib,0.21,KE_stipe,0.159,MS,0.04,GR_ulva,0.031,SU_peb
2024_10_08_12-05-04.jpg,2784,1326,224,RE_leaf,red_algae_flat_leaf,TRUE,0.875,KE_stipe,0.059,RE_branch,0.028,RE_leaf,0.024,RE_bush,0.007,BR_sarg
2024_10_08_12-05-04.jpg,122,991,224,GR_ulva,green_algae_ulva,TRUE,1,GR_ulva,0,unknown,0,KE_stipe,0,SU_bould,0,KE_sieve
2024_10_08_12-05-04.jpg,917,1047,224,SU_cob,cobble,TRUE,0.999,GR_ulva,0.001,SU_peb,0,SU_bould,0,KE_stipe,0,SU_cob
2024_10_08_12-05-04.jpg,654,3971,224,GR_ulva,green_algae_ulva,TRUE,1,GR_ulva,0,KE_stipe,0,KE_sieve,0,unknown,0,MS
2024_10_08_12-05-04.jpg,885,2679,224,GR_ulva,green_algae_ulva,TRUE,1,GR_ulva,0,RE_leaf,0,RE_branch,0,MS,0,RE_bush
2024_10_08_12-05-04.jpg,2327,3277,224,RE_leaf,red_algae_flat_leaf,TRUE,0.992,RE_leaf,0.006,RE_bush,0.002,RE_fil,0,KE_sugar,0,MS
2024_10_08_12-05-04.jpg,3019,4108,224,RE_leaf,red_algae_flat_leaf,TRUE,1,RE_leaf,0,GR_ulva,0,SU_peb,0,KE_5rib,0,RE_branch
2024_10_08_12-05-04.jpg,2284,2907,224,RE_leaf,red_algae_flat_leaf,TRUE,1,RE_leaf,0,KE_sugar,0,SU_peb,0,KE_stipe,0,KE_bull
2024_10_08_12-05-04.jpg,3496,1352,224,SU_peb,pebble,TRUE,0.75,SU_peb,0.208,GR_ulva,0.019,MS,0.012,BR_fucus,0.009,SU_cob
2024_10_08_12-05-04.jpg,1549,2867,224,RE_leaf,red_algae_flat_leaf,TRUE,1,RE_fil,0,KE_stipe,0,RE_leaf,0,KE_holdfas,0,RE_CCA
2024_10_08_12-05-04.jpg,3536,1074,224,SU_peb,pebble,TRUE,1,SU_peb,0,GR_ulva,0,SU_silt,0,MS,0,SU_bould
2024_10_08_12-05-04.jpg,2584,4423,224,GR_ulva,green_algae_ulva,TRUE,0.98,GR_ulva,0.012,KE_5rib,0.007,unknown,0,KE_sugar,0,RE_leaf
2024_10_08_12-05-04.jpg,1794,1378,224,SU_silt,silt,TRUE,0.404,SU_shell,0.336,SU_peb,0.093,SU_silt,0.076,KE_stipe,0.056,MS
2024_10_08_12-05-04.jpg,2939,2134,224,GR_ulva,green_algae_ulva,TRUE,1,GR_ulva,0,KE_bull,0,RE_leaf,0,MS,0,KE_holdfas
2024_10_08_12-05-13.jpg,3459,4119,224,KE_5rib,kelp_five_rib,TRUE,1,KE_5rib,0,KE_sieve,0,GR_ulva,0,KE_sugar,0,KE_stipe
2024_10_08_12-05-13.jpg,1104,3351,224,BR_sarg,brown_algae_sargassum,TRUE,0.631,RE_bush,0.273,MS,0.028,SU_peb,0.026,BR_fucus,0.008,KE_stipe
2024_10_08_12-05-13.jpg,200,3582,224,BR_sarg,brown_algae_sargassum,TRUE,0.62,RE_bush,0.312,KE_stipe,0.066,BR_fucus,0.001,KE_sieve,0,GR_ulva
2024_10_08_12-05-13.jpg,3793,2686,224,GR_ulva,green_algae_ulva,TRUE,1,GR_ulva,0,unknown,0,RE_leaf,0,MS,0,KE_sieve
2024_10_08_12-05-13.jpg,2433,549,224,SU_silt,silt,TRUE,0.908,SU_silt,0.068,SU_shell,0.022,MS,0.001,SU_sand,0.001,SU_peb
2024_10_08_12-05-13.jpg,3895,3712,224,KE_5rib,kelp_five_rib,TRUE,1,KE_5rib,0,KE_sugar,0,GR_ulva,0,KE_sieve,0,unknown
2024_10_08_12-05-13.jpg,2479,4213,224,BR_sarg,brown_algae_sargassum,TRUE,0.802,BR_sarg,0.094,GR_ulva,0.045,RE_branch,0.027,RE_bush,0.017,SU_bould
2024_10_08_12-05-13.jpg,2902,1412,224,MS,mobile_species,TRUE,0.752,KE_sugar,0.142,KE_stipe,0.085,GR_ulva,0.007,KE_sieve,0.006,KE_bull
2024_10_08_12-05-13.jpg,3603,803,224,KE_sugar,kelp_sugar,TRUE,0.766,KE_5rib,0.212,GR_ulva,0.021,KE_sugar,0,RE_leaf,0,unknown
2024_10_08_12-05-13.jpg,2646,1224,224,KE_sugar,kelp_sugar,TRUE,0.568,KE_sieve,0.429,KE_sugar,0.002,GR_ulva,0.001,KE_5rib,0,KE_holdfas
2024_10_08_12-05-13.jpg,3360,1694,224,RE_leaf,red_algae_flat_leaf,TRUE,0.773,RE_leaf,0.226,RE_branch,0.001,RE_fil,0,RE_bush,0,BR_sarg
2024_10_08_12-05-13.jpg,2049,3925,224,RE_fil,red_algae_filamentous,TRUE,1,RE_fil,0,RE_leaf,0,SU_bould,0,RE_branch,0,BR_sarg
2024_10_08_12-05-13.jpg,2859,672,224,KE_sugar,kelp_sugar,TRUE,0.869,KE_sugar,0.121,GR_ulva,0.004,SU_bould,0.003,KE_5rib,0.001,KE_stipe
2024_10_08_12-05-13.jpg,1873,3717,224,RE_fil,red_algae_filamentous,TRUE,1,RE_fil,0,RE_leaf,0,RE_CCA,0,SU_bould,0,SU_cob
2024_10_08_12-05-13.jpg,932,2475,224,SU_peb,pebble,TRUE,0.998,SU_peb,0.001,GR_ulva,0,KE_bull,0,SU_sand,0,SU_shell
2024_10_08_12-05-13.jpg,2835,1254,224,KE_sugar,kelp_sugar,TRUE,0.779,KE_sugar,0.22,KE_5rib,0.001,GR_ulva,0.001,KE_sieve,0,RE_leaf
2024_10_08_12-05-13.jpg,3039,1770,224,KE_sugar,kelp_sugar,TRUE,0.74,KE_5rib,0.147,KE_bull,0.028,KE_stipe,0.021,SU_peb,0.018,GR_ulva
2024_10_08_12-05-13.jpg,778,3295,224,SU_peb,pebble,TRUE,1,SU_peb,0,SI,0,BR_sarg,0,SI_kelpBry,0,MS
2024_10_08_12-05-13.jpg,1332,723,224,GR_ulva,green_algae_ulva,TRUE,0.998,GR_ulva,0.001,unknown,0.001,RE_leaf,0,SI,0,MS
2024_10_08_12-05-13.jpg,241,1981,224,RE_leaf,red_algae_flat_leaf,TRUE,1,MS,0,RE_fil,0,KE_stipe,0,RE_leaf,0,SI_kelpBry
2024_10_08_12-05-13.jpg,1933,4067,224,RE_fil,red_algae_filamentous,TRUE,1,RE_fil,0,BR_sarg,0,RE_leaf,0,RE_CCA,0,RE_bush
2024_10_08_12-05-13.jpg,920,2945,224,BR_sarg,brown_algae_sargassum,TRUE,0.635,RE_bush,0.246,BR_sarg,0.09,KE_stipe,0.019,RE_fil,0.005,MS
2024_10_08_12-05-13.jpg,859,1965,224,SU_peb,pebble,TRUE,0.704,MS,0.151,KE_stipe,0.043,RE_fil,0.041,SI,0.014,BR_sarg
2024_10_08_12-05-13.jpg,459,2321,224,SU_peb,pebble,TRUE,0.999,SU_peb,0.001,SU_cob,0,GR_ulva,0,SU_silt,0,SU_bould
2024_10_08_12-05-13.jpg,809,830,224,SU_silt,silt,TRUE,0.907,SU_peb,0.077,GR_ulva,0.01,SU_silt,0.002,SU_shell,0.001,KE_stipe
2024_10_08_12-05-13.jpg,3775,1542,224,KE_sugar,kelp_sugar,TRUE,0.88,KE_sugar,0.118,GR_ulva,0.002,KE_5rib,0,RE_leaf,0,KE_bull
2024_10_08_12-05-13.jpg,1903,1036,224,RE_leaf,red_algae_flat_leaf,TRUE,0.96,RE_leaf,0.028,SU_peb,0.008,KE_stipe,0.003,MS,0,GR_ulva
2024_10_08_12-05-13.jpg,3873,4331,224,KE_5rib,kelp_five_rib,TRUE,0.997,KE_5rib,0.003,KE_sugar,0,GR_ulva,0,RE_leaf,0,KE_sieve
2024_10_08_12-05-13.jpg,1799,2290,224,KE_5rib,kelp_five_rib,TRUE,0.814,RE_leaf,0.16,GR_ulva,0.015,KE_bull,0.008,KE_5rib,0.001,KE_stipe
2024_10_08_12-05-13.jpg,2347,1114,224,KE_sugar,kelp_sugar,TRUE,0.884,KE_sugar,0.098,KE_sieve,0.018,KE_5rib,0,RE_leaf,0,SU_cob
2024_10_08_12-05-13.jpg,1850,3381,224,SU_cob,cobble,TRUE,0.902,SU_sand,0.07,SU_bould,0.022,SU_cob,0.002,MS,0.002,BR_sarg
2024_10_08_12-05-13.jpg,3912,3423,224,KE_5rib,kelp_five_rib,TRUE,0.892,KE_sugar,0.106,KE_5rib,0.002,RE_leaf,0,KE_sieve,0,MS
2024_10_08_12-05-13.jpg,780,3144,224,SU_peb,pebble,TRUE,0.751,SU_peb,0.111,SU_cob,0.072,SU_bould,0.026,BR_fucus,0.019,KE_stipe
2024_10_08_12-05-13.jpg,1462,1052,224,SU_peb,pebble,TRUE,1,GR_ulva,0,SU_peb,0,KE_bull,0,SU_silt,0,KE_stipe
2024_10_08_12-05-13.jpg,2603,3317,224,KE_5rib,kelp_five_rib,TRUE,1,KE_5rib,0,KE_sugar,0,KE_sieve,0,GR_ulva,0,RE_leaf
2024_10_08_12-05-13.jpg,576,2751,224,BR_sarg,brown_algae_sargassum,TRUE,0.306,KE_stipe,0.196,RE_fil,0.107,BR_sarg,0.103,BR_fucus,0.083,GR_ulva
2024_10_08_12-05-13.jpg,1590,4370,224,KE_sugar,kelp_sugar,TRUE,0.864,KE_sugar,0.07,SU_silt,0.041,GR_ulva,0.01,RE_leaf,0.009,KE_sieve
2024_10_08_12-05-13.jpg,166,1434,224,GR_ulva,green_algae_ulva,TRUE,0.954,GR_ulva,0.027,RE_leaf,0.018,KE_bull,0.001,KE_5rib,0.001,KE_stipe
2024_10_08_12-05-13.jpg,3473,329,224,SU_peb,pebble,TRUE,0.481,SU_bould,0.432,SU_cob,0.073,GR_ulva,0.013,SU_peb,0.001,KE_stipe
2024_10_08_12-05-13.jpg,2474,360,224,GR_ulva,green_algae_ulva,TRUE,0.841,GR_ulva,0.065,SU_cob,0.042,SU_peb,0.04,SU_silt,0.005,MS
2024_10_08_12-05-13.jpg,776,2609,224,BR_sarg,brown_algae_sargassum,TRUE,0.9,BR_sarg,0.044,RE_bush,0.014,MS,0.011,KE_bull,0.008,KE_stipe
2024_10_08_12-05-13.jpg,2766,3855,224,KE_5rib,kelp_five_rib,TRUE,1,KE_5rib,0,KE_sieve,0,KE_sugar,0,RE_leaf,0,KE_stipe
2024_10_08_12-05-13.jpg,1113,3689,224,KE_sugar,kelp_sugar,TRUE,1,KE_sugar,0,RE_leaf,0,SU_silt,0,GR_ulva,0,MS
2024_10_08_12-05-13.jpg,401,380,224,GR_ulva,green_algae_ulva,TRUE,0.765,GR_ulva,0.234,unknown,0.001,KE_5rib,0,RE_leaf,0,SU_silt
2024_10_08_12-05-13.jpg,2803,1877,224,KE_sugar,kelp_sugar,TRUE,1,KE_5rib,0,KE_sugar,0,GR_ulva,0,RE_leaf,0,KE_sieve
2024_10_08_12-05-13.jpg,1204,4233,224,SU_silt,silt,TRUE,0.386,SU_bould,0.341,SU_cob,0.078,KE_sugar,0.056,SU_shell,0.047,SU_sand
2024_10_08_12-05-13.jpg,571,3848,224,RE_leaf,red_algae_flat_leaf,TRUE,0.906,RE_leaf,0.088,MS,0.002,SU_peb,0.001,RE_branch,0.001,SI
2024_10_08_12-05-13.jpg,939,1169,224,SU_silt,silt,TRUE,0.967,SU_silt,0.027,SU_cob,0.005,SU_shell,0.002,SU_peb,0,GR_ulva
2024_10_08_12-05-13.jpg,970,285,224,SU_peb,pebble,TRUE,0.856,GR_ulva,0.131,SU_peb,0.012,SU_shell,0.001,SU_cob,0,MS
2024_10_08_12-05-13.jpg,169,1833,224,RE_leaf,red_algae_flat_leaf,TRUE,0.98,RE_fil,0.019,RE_leaf,0,RE_bush,0,KE_sugar,0,SU_bould
2024_10_08_12-05-22.jpg,2500,639,224,SU_peb,pebble,TRUE,0.89,MS,0.064,GR_ulva,0.023,KE_stipe,0.018,SU_peb,0.004,SU_bould
2024_10_08_12-05-22.jpg,3552,689,224,BR_sarg,brown_algae_sargassum,TRUE,0.924,BR_sarg,0.057,GR_ulva,0.007,RE_bush,0.006,MS,0.002,KE_holdfas
2024_10_08_12-05-22.jpg,2334,3809,224,KE_sugar,kelp_sugar,TRUE,0.958,KE_sugar,0.015,SU_cob,0.01,SU_peb,0.007,KE_sieve,0.003,RE_CCA
2024_10_08_12-05-22.jpg,1640,3133,224,KE_sugar,kelp_sugar,TRUE,0.914,SU_cob,0.076,SU_bould,0.007,SU_peb,0.001,MS,0.001,RE_fil
2024_10_08_12-05-22.jpg,2437,1064,224,GR_ulva,green_algae_ulva,TRUE,0.981,GR_ulva,0.019,BR_sarg,0,RE_branch,0,RE_leaf,0,KE_sieve
2024_10_08_12-05-22.jpg,288,2364,224,KE_sugar,kelp_sugar,TRUE,0.985,KE_sieve,0.015,SU_bould,0,SU_silt,0,KE_sugar,0,KE_stipe
2024_10_08_12-05-22.jpg,1049,318,224,GR_ulva,green_algae_ulva,TRUE,1,GR_ulva,0,unknown,0,BR_sarg,0,KE_sugar,0,KE_5rib
2024_10_08_12-05-22.jpg,1655,3355,224,KE_sugar,kelp_sugar,TRUE,0.975,SU_cob,0.023,KE_sugar,0.001,RE_leaf,0.001,RE_CCA,0,SU_bould
2024_10_08_12-05-22.jpg,2249,325,224,SU_peb,pebble,TRUE,0.999,GR_ulva,0,SU_peb,0,MS,0,KE_stipe,0,unknown
2024_10_08_12-05-22.jpg,770,2012,224,KE_sugar,kelp_sugar,TRUE,0.585,GR_ulva,0.406,BR_sarg,0.003,RE_branch,0.002,BR_fucus,0.001,KE_sugar
2024_10_08_12-05-22.jpg,1375,3381,224,GR_ulva,green_algae_ulva,TRUE,0.772,GR_ulva,0.208,SU_cob,0.016,SU_peb,0.001,BR_sarg,0.001,MS
2024_10_08_12-05-22.jpg,2839,2401,224,GR_ulva,green_algae_ulva,TRUE,0.999,GR_ulva,0.001,RE_leaf,0,unknown,0,KE_sugar,0,KE_5rib
2024_10_08_12-05-22.jpg,1546,963,224,SU_peb,pebble,TRUE,1,SU_peb,0,SU_bould,0,SU_cob,0,GR_ulva,0,SU_sand
2024_10_08_12-05-22.jpg,2010,982,224,SU_peb,pebble,TRUE,0.437,SU_cob,0.312,SU_bould,0.153,SU_peb,0.089,GR_ulva,0.008,SU_silt
2024_10_08_12-05-22.jpg,122,779,224,GR_ulva,green_algae_ulva,TRUE,0.998,GR_ulva,0.001,KE_stipe,0.001,BR_sarg,0,MS,0,SU_bould
2024_10_08_12-05-22.jpg,1552,1498,224,SU_peb,pebble,TRUE,0.43,SU_peb,0.34,GR_ulva,0.201,SU_bould,0.018,SU_cob,0.004,KE_stipe
2024_10_08_12-05-22.jpg,2473,4086,224,KE_sugar,kelp_sugar,TRUE,0.852,KE_sugar,0.118,KE_5rib,0.013,SU_cob,0.005,MS,0.004,SI_kelpBry
2024_10_08_12-05-22.jpg,2839,591,224,SU_peb,pebble,TRUE,0.928,MS,0.062,KE_stipe,0.008,GR_ulva,0.002,SU_bould,0,SU_peb
2024_10_08_12-05-22.jpg,1413,112,224,GR_ulva,green_algae_ulva,TRUE,0.989,GR_ulva,0.01,unknown,0,RE_leaf,0,SI,0,KE_5rib
2024_10_08_12-05-22.jpg,2082,3369,224,KE_sugar,kelp_sugar,TRUE,0.976,KE_sugar,0.012,SU_cob,0.01,SU_bould,0.001,RE_fil,0,KE_5rib
2024_10_08_12-05-22.jpg,1002,2390,224,SU_peb,pebble,TRUE,0.569,GR_ulva,0.168,SU_peb,0.161,KE_bull,0.067,SU_silt,0.011,SU_cob
2024_10_08_12-05-22.jpg,2645,404,224,GR_ulva,green_algae_ulva,TRUE,1,GR_ulva,0,SU_peb,0,unknown,0,KE_5rib,0,SU_cob
2024_10_08_12-05-22.jpg,3455,1510,224,BR_sarg,brown_algae_sargassum,TRUE,0.986,BR_sarg,0.005,KE_stipe,0.003,RE_leaf,0.002,GR_ulva,0.001,SU_bould
2024_10_08_12-05-22.jpg,870,4073,224,SU_peb,pebble,TRUE,0.935,MS,0.045,RE_leaf,0.016,SU_peb,0.003,RE_fil,0.001,KE_stipe
2024_10_08_12-05-22.jpg,2404,794,224,SU_peb,pebble,TRUE,0.562,SU_peb,0.367,GR_ulva,0.062,SU_cob,0.006,SU_bould,0.001,BR_sarg
2024_10_08_12-05-22.jpg,489,348,224,GR_ulva,green_algae_ulva,TRUE,1,GR_ulva,0,MS,0,BR_sarg,0,RE_leaf,0,SU_cob
2024_10_08_12-05-22.jpg,2281,2527,224,GR_ulva,green_algae_ulva,TRUE,0.88,KE_bull,0.053,MS,0.031,GR_ulva,0.024,KE_sugar,0.012,KE_stipe
2024_10_08_12-05-22.jpg,2540,1439,224,GR_ulva,green_algae_ulva,TRUE,1,GR_ulva,0,BR_sarg,0,RE_leaf,0,SU_bould,0,unknown
2024_10_08_12-05-22.jpg,2829,3489,224,GR_ulva,green_algae_ulva,TRUE,1,GR_ulva,0,unknown,0,KE_sugar,0,RE_leaf,0,SU_bould
2024_10_08_12-05-22.jpg,3399,1390,224,BR_sarg,brown_algae_sargassum,TRUE,0.927,BR_sarg,0.043,RE_branch,0.02,RE_CCA,0.003,RE_fil,0.002,KE_stipe
2024_10_08_12-05-22.jpg,3195,575,224,GR_ulva,green_algae_ulva,TRUE,0.936,GR_ulva,0.027,MS,0.017,SU_bould,0.011,KE_stipe,0.005,SU_peb
2024_10_08_12-05-22.jpg,1112,1434,224,KE_sugar,kelp_sugar,TRUE,0.822,KE_sugar,0.037,RE_CCA,0.028,KE_5rib,0.026,SU_silt,0.024,BR_sarg
2024_10_08_12-05-22.jpg,1139,4080,224,SU_sand,sand_fine_shell,TRUE,0.569,SU_peb,0.313,SU_sand,0.113,SU_silt,0.004,MS,0.001,SU_shell
2024_10_08_12-05-22.jpg,3445,1193,224,BR_sarg,brown_algae_sargassum,TRUE,0.892,BR_sarg,0.054,RE_branch,0.041,GR_ulva,0.006,RE_fil,0.002,RE_bush
2024_10_08_12-05-22.jpg,1195,1297,224,SU_peb,pebble,TRUE,0.528,SU_peb,0.385,SU_bould,0.036,GR_ulva,0.019,SU_cob,0.011,RE_CCA
2024_10_08_12-05-22.jpg,3849,2550,224,GR_ulva,green_algae_ulva,TRUE,1,GR_ulva,0,unknown,0,RE_leaf,0,MS,0,SU_cob
2024_10_08_12-05-22.jpg,840,977,224,SU_peb,pebble,TRUE,0.759,SU_cob,0.152,SU_bould,0.031,KE_stipe,0.025,MS,0.016,BR_sarg
2024_10_08_12-05-22.jpg,1368,355,224,GR_ulva,green_algae_ulva,TRUE,0.999,GR_ulva,0.001,unknown,0,SU_cob,0,KE_5rib,0,KE_stipe
2024_10_08_12-05-22.jpg,607,1334,224,GR_ulva,green_algae_ulva,TRUE,1,GR_ulva,0,BR_sarg,0,KE_sugar,0,SU_bould,0,KE_bull
2024_10_08_12-05-22.jpg,1978,3634,224,SU_sand,sand_fine_shell,TRUE,0.971,SU_peb,0.027,SU_sand,0.001,GR_ulva,0,SU_cob,0,SU_bould
2024_10_08_12-05-22.jpg,3373,3971,224,GR_ulva,green_algae_ulva,TRUE,1,GR_ulva,0,unknown,0,KE_5rib,0,RE_leaf,0,KE_stipe
2024_10_08_12-05-22.jpg,2709,3849,224,GR_ulva,green_algae_ulva,TRUE,0.79,GR_ulva,0.163,SU_peb,0.036,KE_stipe,0.004,BR_sarg,0.003,SU_shell
2024_10_08_12-05-22.jpg,862,817,224,RE_leaf,red_algae_flat_leaf,TRUE,0.669,KE_stipe,0.173,RE_fil,0.103,RE_bush,0.025,SU_bould,0.021,GR_ulva
2024_10_08_12-05-22.jpg,3801,2838,224,SU_peb,pebble,TRUE,0.997,GR_ulva,0.003,SU_peb,0,SU_shell,0,SU_cob,0,MS
2024_10_08_12-05-22.jpg,284,3334,224,KE_sugar,kelp_sugar,TRUE,0.98,KE_sugar,0.018,SU_bould,0,SU_silt,0,RE_fil,0,KE_5rib
2024_10_08_12-05-22.jpg,2315,1139,224,GR_ulva,green_algae_ulva,TRUE,1,GR_ulva,0,BR_sarg,0,KE_stipe,0,BR_fucus,0,RE_leaf
2024_10_08_12-05-22.jpg,2780,808,224,SU_peb,pebble,TRUE,0.539,GR_ulva,0.461,SU_peb,0,BR_sarg,0,SU_bould,0,SU_cob
2024_10_08_12-05-22.jpg,3444,1035,224,BR_sarg,brown_algae_sargassum,TRUE,0.878,BR_sarg,0.049,KE_5rib,0.017,KE_stipe,0.017,RE_branch,0.013,SU_bould
2024_10_08_12-05-22.jpg,2328,2025,224,GR_ulva,green_algae_ulva,TRUE,1,GR_ulva,0,unknown,0,RE_leaf,0,SI,0,KE_stipe
2024_10_08_12-05-22.jpg,3063,2674,224,SU_peb,pebble,TRUE,0.26,MS,0.253,KE_bull,0.187,KE_stipe,0.174,GR_ulva,0.117,SU_bould
2024_10_08_12-05-31.jpg,2399,2393,224,GR_ulva,green_algae_ulva,TRUE,0.745,GR_ulva,0.222,MS,0.017,KE_stipe,0.007,KE_bull,0.006,KE_holdfas
2024_10_08_12-05-31.jpg,2232,3354,224,GR_ulva,green_algae_ulva,TRUE,1,GR_ulva,0,KE_bull,0,KE_stipe,0,SI_kelpBry,0,RE_leaf
2024_10_08_12-05-31.jpg,2235,2203,224,GR_ulva,green_algae_ulva,TRUE,1,GR_ulva,0,RE_leaf,0,KE_bull,0,unknown,0,KE_sugar
2024_10_08_12-05-31.jpg,2847,4330,224,GR_ulva,green_algae_ulva,TRUE,1,GR_ulva,0,KE_sieve,0,unknown,0,KE_stipe,0,RE_leaf
2024_10_08_12-05-31.jpg,1879,1480,224,SU_cob,cobble,TRUE,0.679,SU_bould,0.152,SU_cob,0.051,KE_sugar,0.038,KE_stipe,0.016,KE_bull
2024_10_08_12-05-31.jpg,2549,696,224,RE_leaf,red_algae_flat_leaf,TRUE,1,RE_fil,0,RE_leaf,0,SU_bould,0,KE_5rib,0,SI
2024_10_08_12-05-31.jpg,1913,2297,224,GR_ulva,green_algae_ulva,TRUE,1,GR_ulva,0,SU_bould,0,KE_bull,0,RE_CCA,0,MS
2024_10_08_12-05-31.jpg,1396,3706,224,GR_ulva,green_algae_ulva,TRUE,1,GR_ulva,0,BR_sarg,0,SU_bould,0,MS,0,RE_CCA
2024_10_08_12-05-31.jpg,3816,447,224,GR_ulva,green_algae_ulva,TRUE,1,GR_ulva,0,SU_peb,0,BR_sarg,0,MS,0,SU_bould
2024_10_08_12-05-31.jpg,1007,308,224,SU_cob,cobble,TRUE,0.854,SU_cob,0.119,SU_shell,0.024,MS,0.001,SU_bould,0.001,SU_silt
2024_10_08_12-05-31.jpg,3785,4309,224,GR_ulva,green_algae_ulva,TRUE,1,GR_ulva,0,unknown,0,KE_sieve,0,KE_stipe,0,KE_5rib
2024_10_08_12-05-31.jpg,176,840,224,GR_ulva,green_algae_ulva,TRUE,1,GR_ulva,0,unknown,0,MS,0,BR_sarg,0,RE_leaf
2024_10_08_12-05-31.jpg,2358,3880,224,SU_peb,pebble,TRUE,0.883,SU_peb,0.116,SU_shell,0,GR_ulva,0,KE_bull,0,KE_stipe
2024_10_08_12-05-31.jpg,2346,2967,224,RE_leaf,red_algae_flat_leaf,TRUE,0.633,MS,0.226,RE_leaf,0.121,KE_bull,0.01,GR_ulva,0.009,KE_5rib
2024_10_08_12-05-31.jpg,1261,2695,224,GR_ulva,green_algae_ulva,TRUE,1,GR_ulva,0,RE_leaf,0,KE_5rib,0,unknown,0,KE_sieve
2024_10_08_12-05-31.jpg,3397,4009,224,GR_ulva,green_algae_ulva,TRUE,1,GR_ulva,0,MS,0,RE_leaf,0,BR_sarg,0,SU_peb
2024_10_08_12-05-31.jpg,1532,4133,224,GR_ulva,green_algae_ulva,TRUE,1,GR_ulva,0,SU_peb,0,KE_bull,0,BR_sarg,0,SI_kelpBry
2024_10_08_12-05-31.jpg,2552,1071,224,SU_peb,pebble,TRUE,0.996,RE_leaf,0.001,SU_peb,0.001,GR_ulva,0.001,BR_fucus,0,KE_stipe
2024_10_08_12-05-31.jpg,1720,1079,224,SU_peb,pebble,TRUE,0.756,GR_ulva,0.13,SU_peb,0.088,SU_shell,0.017,MS,0.005,KE_bull
2024_10_08_12-05-31.jpg,2205,3983,224,SU_peb,pebble,TRUE,1,SU_peb,0,SU_shell,0,SU_sand,0,GR_ulva,0,KE_stipe
2024_10_08_12-05-31.jpg,1819,3050,224,GR_ulva,green_algae_ulva,TRUE,1,GR_ulva,0,RE_leaf,0,unknown,0,BR_sarg,0,RE_fil
2024_10_08_12-05-31.jpg,3601,1883,224,RE_bush,red_algae_bushy,TRUE,0.994,RE_bush,0.006,RE_fil,0,BR_sarg,0,RE_branch,0,KE_stipe
2024_10_08_12-05-31.jpg,1643,2713,224,GR_ulva,green_algae_ulva,TRUE,1,GR_ulva,0,RE_leaf,0,KE_bull,0,unknown,0,KE_5rib
2024_10_08_12-05-31.jpg,1250,1540,224,GR_ulva,green_algae_ulva,TRUE,1,GR_ulva,0,KE_5rib,0,RE_leaf,0,unknown,0,KE_sieve
2024_10_08_12-05-31.jpg,1277,4329,224,GR_ulva,green_algae_ulva,TRUE,0.989,GR_ulva,0.011,SU_peb,0,BR_sarg,0,MS,0,SI_kelpBry
2024_10_08_12-05-31.jpg,1028,2370,224,GR_ulva,green_algae_ulva,TRUE,1,GR_ulva,0,BR_sarg,0,KE_sieve,0,RE_fil,0,RE_leaf
2024_10_08_12-05-31.jpg,3880,3217,224,SU_peb,pebble,TRUE,0.907,MS,0.03,RE_leaf,0.028,KE_bull,0.014,RE_branch,0.012,KE_stipe
2024_10_08_12-05-31.jpg,920,1971,224,GR_ulva,green_algae_ulva,TRUE,1,GR_ulva,0,RE_leaf,0,KE_bull,0,KE_sieve,0,BR_sarg
2024_10_08_12-05-31.jpg,3294,2398,224,GR_ulva,green_algae_ulva,TRUE,1,GR_ulva,0,RE_leaf,0,MS,0,KE_stipe,0,KE_bull
2024_10_08_12-05-31.jpg,526,1965,224,GR_ulva,green_algae_ulva,TRUE,1,GR_ulva,0,unknown,0,KE_sieve,0,RE_leaf,0,BR_sarg
2024_10_08_12-05-31.jpg,1719,1554,224,SU_cob,cobble,TRUE,0.999,RE_fil,0.001,KE_stipe,0,KE_sugar,0,MS,0,RE_leaf
2024_10_08_12-05-31.jpg,2846,4069,224,GR_ulva,green_algae_ulva,TRUE,1,GR_ulva,0,RE_leaf,0,KE_bull,0,MS,0,KE_5rib
2024_10_08_12-05-31.jpg,2901,243,224,GR_ulva,green_algae_ulva,TRUE,0.559,GR_ulva,0.182,RE_leaf,0.122,KE_stipe,0.079,KE_5rib,0.045,MS
2024_10_08_12-05-31.jpg,2699,1583,224,RE_leaf,red_algae_flat_leaf,TRUE,0.99,RE_leaf,0.007,KE_bull,0.003,KE_stipe,0,GR_ulva,0,MS
2024_10_08_12-05-31.jpg,1640,1266,224,SU_cob,cobble,TRUE,0.874,KE_stipe,0.101,GR_ulva,0.02,MS,0.002,RE_fil,0.001,SU_cob
2024_10_08_12-05-31.jpg,426,3378,224,GR_ulva,green_algae_ulva,TRUE,1,GR_ulva,0,KE_5rib,0,RE_leaf,0,unknown,0,MS
2024_10_08_12-05-31.jpg,2823,360,224,RE_leaf,red_algae_flat_leaf,TRUE,0.739,RE_leaf,0.138,KE_5rib,0.095,KE_stipe,0.017,RE_fil,0.007,MS
2024_10_08_12-05-31.jpg,3622,1158,224,RE_leaf,red_algae_flat_leaf,TRUE,0.999,RE_leaf,0,RE_fil,0,RE_bush,0,MS,0,KE_stipe
2024_10_08_12-05-31.jpg,3302,4170,224,GR_ulva,green_algae_ulva,TRUE,1,GR_ulva,0,unknown,0,RE_leaf,0,BR_sarg,0,KE_sieve
2024_10_08_12-05-31.jpg,3799,220,224,GR_ulva,green_algae_ulva,TRUE,0.999,GR_ulva,0.001,KE_stipe,0,KE_5rib,0,MS,0,KE_bull
2024_10_08_12-05-31.jpg,243,2232,224,GR_ulva,green_algae_ulva,TRUE,1,GR_ulva,0,KE_5rib,0,RE_leaf,0,unknown,0,KE_sieve
2024_10_08_12-05-31.jpg,3261,3106,224,RE_leaf,red_algae_flat_leaf,TRUE,1,RE_leaf,0,RE_fil,0,MS,0,RE_CCA,0,RE_branch
2024_10_08_12-05-31.jpg,1602,1142,224,GR_ulva,green_algae_ulva,TRUE,1,GR_ulva,0,KE_stipe,0,KE_sugar,0,MS,0,SU_peb
2024_10_08_12-05-31.jpg,928,1121,224,GR_ulva,green_algae_ulva,TRUE,1,GR_ulva,0,KE_stipe,0,KE_5rib,0,KE_bull,0,unknown
2024_10_08_12-05-31.jpg,467,200,224,GR_ulva,green_algae_ulva,TRUE,0.92,GR_ulva,0.077,unknown,0.002,KE_stipe,0.001,KE_sugar,0,SU_peb
2024_10_08_12-05-31.jpg,183,4390,224,GR_ulva,green_algae_ulva,TRUE,0.786,KE_stipe,0.211,GR_ulva,0.001,MS,0.001,RE_bush,0,BR_sarg
2024_10_08_12-05-31.jpg,1825,720,224,BR_filam,brown_algae_filamentous,TRUE,0.849,KE_sugar,0.124,GR_ulva,0.017,SU_bould,0.007,MS,0.001,RE_fil
2024_10_08_12-05-31.jpg,3089,268,224,GR_ulva,green_algae_ulva,TRUE,0.554,RE_leaf,0.202,GR_ulva,0.166,KE_stipe,0.065,MS,0.007,KE_5rib
2024_10_08_12-05-31.jpg,3540,2167,224,GR_ulva,green_algae_ulva,TRUE,0.725,GR_ulva,0.193,RE_fil,0.035,KE_bull,0.018,KE_stipe,0.012,MS
2024_10_08_12-05-31.jpg,595,1736,224,GR_ulva,green_algae_ulva,TRUE,1,GR_ulva,0,KE_sieve,0,BR_sarg,0,BR_fucus,0,KE_stipe
2024_10_08_12-05-40.jpg,530,2561,224,KE_sugar,kelp_sugar,TRUE,1,KE_sugar,0,MS,0,SI_kelpBry,0,KE_stipe,0,KE_sieve
2024_10_08_12-05-40.jpg,865,2777,224,GR_ulva,green_algae_ulva,TRUE,1,GR_ulva,0,KE_bull,0,KE_sugar,0,MS,0,RE_leaf
2024_10_08_12-05-40.jpg,2473,1379,224,KE_sugar,kelp_sugar,TRUE,0.678,MS,0.202,RE_bush,0.04,RE_leaf,0.03,GR_ulva,0.029,KE_stipe
2024_10_08_12-05-40.jpg,2657,4091,224,KE_sugar,kelp_sugar,TRUE,0.551,KE_sugar,0.246,RE_leaf,0.171,KE_5rib,0.02,KE_stipe,0.009,KE_sieve
2024_10_08_12-05-40.jpg,3449,811,224,GR_ulva,green_algae_ulva,TRUE,0.999,GR_ulva,0.001,KE_stipe,0,MS,0,SU_cob,0,SU_peb
2024_10_08_12-05-40.jpg,2656,2489,224,GR_ulva,green_algae_ulva,TRUE,1,GR_ulva,0,KE_bull,0,RE_leaf,0,KE_sieve,0,RE_CCA
2024_10_08_12-05-40.jpg,3802,3604,224,GR_ulva,green_algae_ulva,TRUE,1,GR_ulva,0,RE_leaf,0,SI_kelpBry,0,KE_5rib,0,SI
2024_10_08_12-05-40.jpg,112,1825,224,RE_leaf,red_algae_flat_leaf,TRUE,0.997,RE_leaf,0.002,KE_stipe,0,MS,0,RE_bush,0,SU_bould
2024_10_08_12-05-40.jpg,427,1522,224,RE_leaf,red_algae_flat_leaf,TRUE,1,RE_leaf,0,MS,0,RE_branch,0,KE_sugar,0,KE_5rib
2024_10_08_12-05-40.jpg,2257,663,224,GR_ulva,green_algae_ulva,TRUE,0.998,GR_ulva,0.001,unknown,0,KE_sugar,0,KE_stipe,0,KE_5rib
2024_10_08_12-05-40.jpg,2418,4225,224,KE_sugar,kelp_sugar,TRUE,0.99,MS,0.005,SI_kelpBry,0.003,RE_leaf,0.001,KE_sugar,0.001,KE_sieve
2024_10_08_12-05-40.jpg,3143,3310,224,GR_ulva,green_algae_ulva,TRUE,0.99,GR_ulva,0.009,SU_peb,0,KE_bull,0,KE_stipe,0,SU_shell
2024_10_08_12-05-40.jpg,2855,3170,224,GR_ulva,green_algae_ulva,TRUE,1,GR_ulva,0,RE_leaf,0,KE_sieve,0,BR_sarg,0,KE_bull
2024_10_08_12-05-40.jpg,2614,4233,224,KE_sugar,kelp_sugar,TRUE,0.968,KE_5rib,0.017,KE_sugar,0.012,RE_leaf,0.002,KE_sieve,0.001,GR_ulva
2024_10_08_12-05-40.jpg,1254,4478,224,BR_sarg,brown_algae_sargassum,TRUE,0.584,RE_bush,0.403,SU_peb,0.006,RE_branch,0.005,KE_stipe,0,KE_sieve
2024_10_08_12-05-40.jpg,679,1747,224,RE_bush,red_algae_bushy,TRUE,0.98,RE_bush,0.02,RE_leaf,0,MS,0,RE_fil,0,KE_stipe
2024_10_08_12-05-40.jpg,128,1142,224,RE_leaf,red_algae_flat_leaf,TRUE,1,SU_silt,0,SU_peb,0,KE_5rib,0,KE_sieve,0,SU_shell
2024_10_08_12-05-40.jpg,2638,4368,224,KE_sugar,kelp_sugar,TRUE,0.986,KE_5rib,0.009,KE_sieve,0.005,KE_sugar,0,GR_ulva,0,RE_leaf
2024_10_08_12-05-40.jpg,3343,3509,224,SU_peb,pebble,TRUE,1,SU_peb,0,GR_ulva,0,BR_sarg,0,SU_bould,0,MS
2024_10_08_12-05-40.jpg,2151,971,224,KE_sugar,kelp_sugar,TRUE,0.853,GR_ulva,0.061,KE_sugar,0.023,BR_sarg,0.02,RE_leaf,0.016,SU_bould
2024_10_08_12-05-40.jpg,2594,553,224,GR_ulva,green_algae_ulva,TRUE,0.616,GR_ulva,0.31,KE_5rib,0.048,KE_stipe,0.02,KE_sieve,0.004,RE_leaf
2024_10_08_12-05-40.jpg,2704,1705,224,GR_ulva,green_algae_ulva,TRUE,0.999,RE_bush,0.001,MS,0,KE_sugar,0,RE_leaf,0,KE_holdfas
2024_10_08_12-05-40.jpg,1614,3775,224,KE_sugar,kelp_sugar,TRUE,0.729,KE_sugar,0.271,KE_5rib,0,RE_leaf,0,MS,0,KE_stipe
2024_10_08_12-05-40.jpg,853,3309,224,RE_leaf,red_algae_flat_leaf,TRUE,1,RE_leaf,0,MS,0,KE_sieve,0,KE_5rib,0,RE_fil
2024_10_08_12-05-40.jpg,3062,1860,224,KE_sugar,kelp_sugar,TRUE,0.886,KE_sugar,0.113,KE_5rib,0,GR_ulva,0,RE_leaf,0,unknown
2024_10_08_12-05-40.jpg,1171,3928,224,RE_branch,red_algae_branching,TRUE,0.999,RE_branch,0,RE_bush,0,BR_sarg,0,RE_leaf,0,MS
2024_10_08_12-05-40.jpg,1985,745,224,GR_ulva,green_algae_ulva,TRUE,0.776,GR_ulva,0.157,KE_sugar,0.053,SU_bould,0.004,MS,0.003,KE_5rib
2024_10_08_12-05-40.jpg,2978,4143,224,KE_sugar,kelp_sugar,TRUE,0.932,RE_leaf,0.038,KE_5rib,0.027,KE_sugar,0.002,GR_ulva,0,KE_stipe
2024_10_08_12-05-40.jpg,564,640,224,RE_leaf,red_algae_flat_leaf,TRUE,0.823,KE_5rib,0.177,KE_sugar,0,RE_leaf,0,RE_bush,0,SU_silt
2024_10_08_12-05-40.jpg,2826,4237,224,KE_sugar,kelp_sugar,TRUE,0.999,KE_sugar,0.001,KE_5rib,0,SU_cob,0,MS,0,KE_sieve
2024_10_08_12-05-40.jpg,1410,3855,224,KE_sugar,kelp_sugar,TRUE,0.96,MS,0.024,KE_sugar,0.013,RE_leaf,0.002,RE_branch,0,SU_bould
2024_10_08_12-05-40.jpg,1425,3556,224,RE_branch,red_algae_branching,TRUE,0.67,RE_branch,0.235,SU_bould,0.088,MS,0.004,RE_leaf,0.001,GR_ulva
2024_10_08_12-05-40.jpg,1927,3013,224,SU_peb,pebble,TRUE,0.507,SU_peb,0.244,KE_sieve,0.101,KE_bull,0.077,BR_sarg,0.039,BR_fucus
2024_10_08_12-05-40.jpg,3448,4085,224,GR_ulva,green_algae_ulva,TRUE,0.986,GR_ulva,0.009,unknown,0.002,RE_leaf,0.001,KE_sieve,0.001,KE_5rib
2024_10_08_12-05-40.jpg,2694,304,224,KE_sugar,kelp_sugar,TRUE,0.768,GR_ulva,0.221,MS,0.008,KE_stipe,0.001,SU_peb,0.001,SU_cob
2024_10_08_12-05-40.jpg,1768,2794,224,GR_ulva,green_algae_ulva,TRUE,1,GR_ulva,0,RE_leaf,0,KE_bull,0,BR_sarg,0,KE_holdfas
2024_10_08_12-05-40.jpg,1450,373,224,GR_ulva,green_algae_ulva,TRUE,1,GR_ulva,0,unknown,0,SU_bould,0,KE_stipe,0,KE_sieve
2024_10_08_12-05-40.jpg,2619,3160,224,GR_ulva,green_algae_ulva,TRUE,1,GR_ulva,0,RE_leaf,0,KE_bull,0,BR_sarg,0,KE_5rib
2024_10_08_12-05-40.jpg,2246,789,224,KE_sugar,kelp_sugar,TRUE,0.999,GR_ulva,0.001,KE_stipe,0,BR_sarg,0,SU_bould,0,KE_sieve
2024_10_08_12-05-40.jpg,481,4262,224,BR_sarg,brown_algae_sargassum,TRUE,0.585,BR_sarg,0.364,KE_stipe,0.049,GR_ulva,0.001,MS,0,SU_peb
2024_10_08_12-05-40.jpg,1474,3695,224,KE_sugar,kelp_sugar,TRUE,0.997,MS,0.001,KE_bull,0.001,RE_branch,0.001,SU_bould,0,KE_sugar
2024_10_08_12-05-40.jpg,1924,592,224,GR_ulva,green_algae_ulva,TRUE,1,GR_ulva,0,SU_bould,0,unknown,0,KE_stipe,0,SU_cob
2024_10_08_12-05-40.jpg,1454,2536,224,GR_ulva,green_algae_ulva,TRUE,1,GR_ulva,0,RE_leaf,0,KE_sieve,0,KE_bull,0,BR_sarg
2024_10_08_12-05-40.jpg,2475,3361,224,GR_ulva,green_algae_ulva,TRUE,1,GR_ulva,0,KE_bull,0,RE_leaf,0,KE_sieve,0,KE_5rib
2024_10_08_12-05-40.jpg,3703,2537,224,SU_cob,cobble,TRUE,0.823,GR_ulva,0.124,BR_fucus,0.019,KE_bull,0.019,KE_stipe,0.006,MS
2024_10_08_12-05-40.jpg,2887,438,224,KE_sugar,kelp_sugar,TRUE,0.999,GR_ulva,0.001,KE_sugar,0,SU_bould,0,KE_5rib,0,unknown
2024_10_08_12-05-40.jpg,1968,2886,224,SU_peb,pebble,TRUE,0.677,SU_peb,0.321,GR_ulva,0.001,KE_bull,0,RE_CCA,0,KE_stipe
2024_10_08_12-05-40.jpg,3455,3275,224,GR_ulva,green_algae_ulva,TRUE,1,GR_ulva,0,BR_sarg,0,SU_peb,0,RE_leaf,0,RE_branch
2024_10_08_12-05-40.jpg,1839,2343,224,GR_ulva,green_algae_ulva,TRUE,1,GR_ulva,0,KE_bull,0,MS,0,RE_leaf,0,KE_stipe
2024_10_08_12-05-40.jpg,1136,188,224,GR_ulva,green_algae_ulva,TRUE,1,GR_ulva,0,MS,0,KE_stipe,0,SU_peb,0,SI
2024_10_08_12-05-49.jpg,339,3495,224,SU_cob,cobble,TRUE,0.656,SU_bould,0.247,SU_cob,0.083,SU_sand,0.014,SU_shell,0,SU_peb
2024_10_08_12-05-49.jpg,2612,3014,224,RE_branch,red_algae_branching,TRUE,1,RE_branch,0,RE_fil,0,RE_leaf,0,RE_bush,0,BR_sarg
2024_10_08_12-05-49.jpg,2496,2867,224,GR_ulva,green_algae_ulva,TRUE,0.583,KE_stipe,0.247,MS,0.121,GR_ulva,0.014,BR_sarg,0.013,KE_bull
2024_10_08_12-05-49.jpg,3218,1669,224,KE_sugar,kelp_sugar,TRUE,0.625,KE_sugar,0.351,RE_leaf,0.024,KE_sieve,0,MS,0,KE_5rib
2024_10_08_12-05-49.jpg,2859,671,224,GR_ulva,green_algae_ulva,TRUE,1,GR_ulva,0,BR_sarg,0,KE_bull,0,BR_fucus,0,RE_leaf
2024_10_08_12-05-49.jpg,502,1079,224,KE_sugar,kelp_sugar,TRUE,0.671,GR_ulva,0.317,SU_bould,0.007,SU_peb,0.002,KE_bull,0.001,KE_stipe
2024_10_08_12-05-49.jpg,2944,3748,224,GR_ulva,green_algae_ulva,TRUE,0.534,SU_bould,0.273,SU_cob,0.178,SU_peb,0.011,GR_ulva,0.003,KE_stipe
2024_10_08_12-05-49.jpg,629,1221,224,KE_sugar,kelp_sugar,TRUE,0.968,SU_peb,0.012,MS,0.011,KE_stipe,0.003,SU_cob,0.002,SU_bould
2024_10_08_12-05-49.jpg,1533,3848,224,KE_sugar,kelp_sugar,TRUE,0.984,KE_sieve,0.006,KE_sugar,0.003,RE_branch,0.003,SU_peb,0.002,SU_cob
2024_10_08_12-05-49.jpg,1176,3753,224,KE_sugar,kelp_sugar,TRUE,0.711,KE_5rib,0.188,SU_peb,0.05,KE_sugar,0.025,BR_fucus,0.019,KE_sieve
2024_10_08_12-05-49.jpg,1196,320,224,RE_leaf,red_algae_flat_leaf,TRUE,0.986,RE_fil,0.009,RE_leaf,0.004,RE_bush,0,KE_5rib,0,RE_branch
2024_10_08_12-05-49.jpg,3394,948,224,KE_sugar,kelp_sugar,TRUE,0.677,KE_stipe,0.089,BR_fucus,0.078,KE_5rib,0.075,KE_sugar,0.038,KE_bull
2024_10_08_12-05-49.jpg,1410,4002,224,BR_sarg,brown_algae_sargassum,TRUE,0.946,KE_5rib,0.049,BR_sarg,0.003,RE_branch,0,KE_sugar,0,SU_peb
2024_10_08_12-05-49.jpg,801,4259,224,KE_sugar,kelp_sugar,TRUE,0.997,KE_sugar,0.002,KE_5rib,0,GR_ulva,0,KE_sieve,0,MS
2024_10_08_12-05-49.jpg,1553,3197,224,SU_peb,pebble,TRUE,0.847,SU_peb,0.153,SU_sand,0,MS,0,SU_cob,0,KE_stipe
2024_10_08_12-05-49.jpg,2201,4047,224,GR_ulva,green_algae_ulva,TRUE,1,GR_ulva,0,BR_sarg,0,SU_peb,0,RE_leaf,0,KE_stipe
2024_10_08_12-05-49.jpg,3159,2176,224,KE_sugar,kelp_sugar,TRUE,0.868,KE_sieve,0.107,KE_sugar,0.022,SU_silt,0.001,KE_bull,0.001,RE_leaf
2024_10_08_12-05-49.jpg,3587,2330,224,KE_sugar,kelp_sugar,TRUE,0.463,KE_stipe,0.187,RE_leaf,0.175,KE_bull,0.121,KE_sieve,0.017,RE_fil
2024_10_08_12-05-49.jpg,2091,1895,224,GR_ulva,green_algae_ulva,TRUE,0.98,GR_ulva,0.014,RE_fil,0.004,SU_bould,0.001,KE_stipe,0,KE_bull
2024_10_08_12-05-49.jpg,1554,1464,224,GR_ulva,green_algae_ulva,TRUE,0.977,GR_ulva,0.014,SU_cob,0.008,SU_peb,0,KE_bull,0,SU_shell
2024_10_08_12-05-49.jpg,2591,679,224,GR_ulva,green_algae_ulva,TRUE,0.963,GR_ulva,0.026,BR_sarg,0.006,RE_fil,0.002,KE_sugar,0.001,KE_stipe
2024_10_08_12-05-49.jpg,794,853,224,SU_peb,pebble,TRUE,0.88,GR_ulva,0.115,SU_bould,0.002,SU_peb,0.001,SU_cob,0,KE_sugar
2024_10_08_12-05-49.jpg,503,957,224,SU_cob,cobble,TRUE,0.596,SU_bould,0.39,GR_ulva,0.012,KE_stipe,0.001,MS,0,KE_sugar
2024_10_08_12-05-49.jpg,3526,1515,224,RE_leaf,red_algae_flat_leaf,TRUE,0.994,KE_stipe,0.004,KE_sugar,0.002,RE_leaf,0.001,KE_5rib,0,RE_fil
2024_10_08_12-05-49.jpg,1364,2774,224,KE_sugar,kelp_sugar,TRUE,0.981,KE_sugar,0.014,SU_bould,0.004,GR_ulva,0,KE_sieve,0,MS
2024_10_08_12-05-49.jpg,1599,2051,224,SU_cob,cobble,TRUE,0.892,SU_cob,0.056,SU_peb,0.046,SU_bould,0.001,KE_stipe,0.001,SU_shell
2024_10_08_12-05-49.jpg,1293,2645,224,KE_sugar,kelp_sugar,TRUE,0.854,KE_sugar,0.128,SU_silt,0.012,SU_bould,0.001,KE_sieve,0.001,MS
2024_10_08_12-05-49.jpg,2629,2241,224,RE_fil,red_algae_filamentous,TRUE,0.914,RE_fil,0.041,MS,0.029,KE_stipe,0.007,RE_CCA,0.004,RE_leaf
2024_10_08_12-05-49.jpg,2190,3842,224,GR_ulva,green_algae_ulva,TRUE,0.874,KE_stipe,0.063,GR_ulva,0.036,SU_peb,0.024,MS,0.002,SU_cob
2024_10_08_12-05-49.jpg,2459,1227,224,GR_ulva,green_algae_ulva,TRUE,0.899,GR_ulva,0.072,KE_sieve,0.013,KE_sugar,0.009,KE_5rib,0.004,RE_fil
2024_10_08_12-05-49.jpg,3462,724,224,KE_sugar,kelp_sugar,TRUE,0.979,KE_sugar,0.016,SU_cob,0.005,SU_silt,0,KE_5rib,0,SU_bould
2024_10_08_12-05-49.jpg,1247,3580,224,KE_sugar,kelp_sugar,TRUE,0.84,KE_sugar,0.158,KE_5rib,0.001,SU_cob,0.001,RE_leaf,0,SU_bould
2024_10_08_12-05-49.jpg,3495,3808,224,GR_ulva,green_algae_ulva,TRUE,1,GR_ulva,0,BR_sarg,0,MS,0,RE_leaf,0,SU_bould
2024_10_08_12-05-49.jpg,539,3591,224,KE_sugar,kelp_sugar,TRUE,0.554,SU_bould,0.307,SU_cob,0.132,SU_peb,0.003,KE_sieve,0.002,RE_bush
2024_10_08_12-05-49.jpg,1654,2262,224,SU_peb,pebble,TRUE,0.922,SU_peb,0.054,SU_cob,0.012,RE_CCA,0.005,RE_fil,0.003,SU_bould
2024_10_08_12-05-49.jpg,172,582,224,GR_ulva,green_algae_ulva,TRUE,1,GR_ulva,0,unknown,0,KE_5rib,0,MS,0,KE_sugar
2024_10_08_12-05-49.jpg,2946,2888,224,SU_cob,cobble,TRUE,0.548,GR_ulva,0.22,SU_bould,0.101,SU_peb,0.044,RE_CCA,0.033,MS
2024_10_08_12-05-49.jpg,2240,565,224,KE_sugar,kelp_sugar,TRUE,0.511,KE_sugar,0.188,GR_ulva,0.072,BR_fucus,0.068,KE_sieve,0.067,RE_bush
2024_10_08_12-05-49.jpg,581,2794,224,GR_ulva,green_algae_ulva,TRUE,1,GR_ulva,0,SU_bould,0,MS,0,KE_stipe,0,BR_sarg
2024_10_08_12-05-49.jpg,1003,3311,224,KE_sugar,kelp_sugar,TRUE,0.987,KE_sugar,0.01,SU_silt,0.002,RE_leaf,0,KE_5rib,0,MS
2024_10_08_12-05-49.jpg,807,3331,224,KE_sugar,kelp_sugar,TRUE,0.317,GR_ulva,0.294,KE_sugar,0.176,SU_cob,0.17,MS,0.02,SU_bould
2024_10_08_12-05-49.jpg,1005,187,224,KE_sugar,kelp_sugar,TRUE,0.473,GR_ulva,0.29,KE_sugar,0.198,SU_silt,0.021,KE_5rib,0.007,RE_leaf
2024_10_08_12-05-49.jpg,379,261,224,MS,mobile_species,TRUE,0.997,MS,0.001,SU_peb,0.001,SU_shell,0.001,SU_bould,0,KE_stipe
2024_10_08_12-05-49.jpg,2818,3162,224,RE_branch,red_algae_branching,TRUE,0.997,RE_branch,0.001,MS,0.001,BR_sarg,0.001,RE_bush,0,RE_leaf
2024_10_08_12-05-49.jpg,3752,1616,224,GR_ulva,green_algae_ulva,TRUE,1,GR_ulva,0,KE_stipe,0,SU_peb,0,KE_bull,0,SU_cob
2024_10_08_12-05-49.jpg,2729,310,224,GR_ulva,green_algae_ulva,TRUE,0.994,GR_ulva,0.005,unknown,0,KE_sugar,0,RE_leaf,0,SU_silt
2024_10_08_12-05-49.jpg,948,2594,224,SU_peb,pebble,TRUE,0.761,SU_sand,0.189,SU_peb,0.033,SU_cob,0.012,SU_shell,0.002,SU_silt
2024_10_08_12-05-49.jpg,1698,1269,224,SU_silt,silt,TRUE,0.479,SU_silt,0.435,SU_cob,0.062,SU_bould,0.008,SU_shell,0.005,GR_ulva
2024_10_08_12-05-49.jpg,570,1632,224,SU_cob,cobble,TRUE,0.937,SU_cob,0.054,SU_sand,0.005,SU_shell,0.003,SU_bould,0.001,SU_peb
2024_10_08_12-05-49.jpg,2561,989,224,GR_ulva,green_algae_ulva,TRUE,0.766,GR_ulva,0.193,BR_fucus,0.02,MS,0.01,SU_cob,0.005,KE_stipe
2024_10_08_12-05-58.jpg,1855,2752,224,GR_ulva,green_algae_ulva,TRUE,1,GR_ulva,0,RE_leaf,0,KE_bull,0,BR_sarg,0,RE_branch
2024_10_08_12-05-58.jpg,3788,1692,224,GR_ulva,green_algae_ulva,TRUE,0.999,GR_ulva,0,MS,0,KE_stipe,0,BR_sarg,0,SU_bould
2024_10_08_12-05-58.jpg,1594,3818,224,SU_peb,pebble,TRUE,0.967,GR_ulva,0.031,SU_bould,0.001,SU_peb,0,KE_stipe,0,MS
2024_10_08_12-05-58.jpg,2002,4372,224,SU_peb,pebble,TRUE,0.951,SU_peb,0.049,GR_ulva,0,SU_bould,0,SU_cob,0,KE_stipe
2024_10_08_12-05-58.jpg,1226,1530,224,GR_ulva,green_algae_ulva,TRUE,1,GR_ulva,0,BR_sarg,0,RE_leaf,0,KE_bull,0,SI_kelpBry
2024_10_08_12-05-58.jpg,990,4228,224,SU_peb,pebble,TRUE,1,SU_peb,0,SU_shell,0,MS,0,GR_ulva,0,SU_bould
2024_10_08_12-05-58.jpg,3325,2273,224,GR_ulva,green_algae_ulva,TRUE,0.999,GR_ulva,0,KE_sugar,0,BR_sarg,0,RE_leaf,0,MS
2024_10_08_12-05-58.jpg,1373,1019,224,GR_ulva,green_algae_ulva,TRUE,1,GR_ulva,0,RE_leaf,0,unknown,0,BR_sarg,0,KE_stipe
2024_10_08_12-05-58.jpg,937,4480,224,SU_peb,pebble,TRUE,1,SU_peb,0,GR_ulva,0,SU_bould,0,SU_cob,0,SU_shell
2024_10_08_12-05-58.jpg,3477,267,224,KE_sugar,kelp_sugar,TRUE,0.993,GR_ulva,0.005,MS,0.001,KE_sugar,0,RE_leaf,0,unknown
2024_10_08_12-05-58.jpg,1340,4415,224,SU_peb,pebble,TRUE,0.522,SU_sand,0.438,SU_peb,0.014,MS,0.012,SU_cob,0.008,SU_shell
2024_10_08_12-05-58.jpg,2531,2587,224,GR_ulva,green_algae_ulva,TRUE,1,GR_ulva,0,KE_bull,0,RE_leaf,0,KE_5rib,0,KE_sugar
2024_10_08_12-05-58.jpg,1730,778,224,GR_ulva,green_algae_ulva,TRUE,0.999,GR_ulva,0.001,SU_peb,0,KE_stipe,0,MS,0,BR_sarg
2024_10_08_12-05-58.jpg,3908,755,224,SU_cob,cobble,TRUE,0.605,SU_bould,0.31,SU_sand,0.038,MS,0.029,SU_shell,0.011,SU_cob
2024_10_08_12-05-58.jpg,3900,1113,224,unknown,unknown_area,TRUE,0.898,GR_ulva,0.057,BR_fucus,0.012,unknown,0.009,BR_sarg,0.007,RE_bush
2024_10_08_12-05-58.jpg,2172,1599,224,BR_sarg,brown_algae_sargassum,TRUE,0.397,RE_CCA,0.18,KE_stipe,0.115,BR_sarg,0.11,GR_ulva,0.078,RE_fil
2024_10_08_12-05-58.jpg,1838,2930,224,GR_ulva,green_algae_ulva,TRUE,1,GR_ulva,0,KE_bull,0,BR_sarg,0,RE_CCA,0,RE_leaf
2024_10_08_12-05-58.jpg,439,566,224,GR_ulva,green_algae_ulva,TRUE,0.814,GR_ulva,0.177,KE_stipe,0.004,BR_fucus,0.002,KE_5rib,0.001,RE_bush
2024_10_08_12-05-58.jpg,3627,3962,224,GR_ulva,green_algae_ulva,TRUE,0.999,GR_ulva,0.001,KE_sieve,0,BR_fucus,0,unknown,0,RE_bush
2024_10_08_12-05-58.jpg,2253,598,224,GR_ulva,green_algae_ulva,TRUE,0.999,GR_ulva,0,unknown,0,SU_bould,0,SU_silt,0,SU_cob
2024_10_08_12-05-58.jpg,2124,606,224,GR_ulva,green_algae_ulva,TRUE,0.956,GR_ulva,0.037,SU_bould,0.003,SU_cob,0.002,SU_peb,0.001,KE_sugar
2024_10_08_12-05-58.jpg,3020,3595,224,SU_peb,pebble,TRUE,1,SU_peb,0,SU_cob,0,RE_bush,0,KE_stipe,0,SU_bould
2024_10_08_12-05-58.jpg,3681,499,224,unknown,unknown_area,TRUE,0.94,GR_ulva,0.037,KE_sieve,0.015,KE_5rib,0.004,BR_fucus,0.001,MS
2024_10_08_12-05-58.jpg,3030,1217,224,GR_ulva,green_algae_ulva,TRUE,1,GR_ulva,0,KE_stipe,0,KE_sieve,0,BR_fucus,0,MS
2024_10_08_12-05-58.jpg,3409,2097,224,BR_sarg,brown_algae_sargassum,TRUE,0.65,BR_sarg,0.342,GR_ulva,0.004,SU_bould,0.002,KE_stipe,0.001,SU_peb
2024_10_08_12-05-58.jpg,134,4292,224,SU_peb,pebble,TRUE,1,SU_peb,0,SI_kelpBry,0,MS,0,BR_sarg,0,SU_bould
2024_10_08_12-05-58.jpg,1637,2831,224,GR_ulva,green_algae_ulva,TRUE,1,GR_ulva,0,BR_sarg,0,KE_stipe,0,KE_bull,0,SU_bould
2024_10_08_12-05-58.jpg,860,1889,224,SU_peb,pebble,TRUE,0.859,SU_bould,0.067,BR_sarg,0.036,GR_ulva,0.024,KE_stipe,0.007,SU_peb
2024_10_08_12-05-58.jpg,1139,1746,224,GR_ulva,green_algae_ulva,TRUE,1,GR_ulva,0,BR_sarg,0,KE_bull,0,SU_peb,0,KE_stipe
2024_10_08_12-05-58.jpg,1741,4307,224,SU_cob,cobble,TRUE,0.998,SU_sand,0.001,SU_peb,0.001,SU_bould,0,SU_cob,0,MS
2024_10_08_12-05-58.jpg,442,3363,224,SU_peb,pebble,TRUE,0.969,SU_peb,0.02,SU_cob,0.004,BR_fucus,0.003,SU_shell,0.002,KE_holdfas
2024_10_08_12-05-58.jpg,3740,2088,224,GR_ulva,green_algae_ulva,TRUE,1,GR_ulva,0,RE_leaf,0,KE_sieve,0,unknown,0,MS
2024_10_08_12-05-58.jpg,166,3700,224,RE_fil,red_algae_filamentous,TRUE,0.518,RE_fil,0.428,KE_stipe,0.046,RE_bush,0.003,BR_fucus,0.003,KE_5rib
2024_10_08_12-05-58.jpg,2781,1684,224,GR_ulva,green_algae_ulva,TRUE,1,KE_stipe,0,GR_ulva,0,KE_bull,0,RE_leaf,0,SU_bould
2024_10_08_12-05-58.jpg,3873,447,224,RE_fil,red_algae_filamentous,TRUE,0.949,GR_ulva,0.013,unknown,0.013,KE_sieve,0.007,KE_stipe,0.004,SU_cob
2024_10_08_12-05-58.jpg,3650,3426,224,GR_ulva,green_algae_ulva,TRUE,1,GR_ulva,0,KE_5rib,0,unknown,0,KE_sieve,0,RE_leaf
2024_10_08_12-05-58.jpg,1138,2881,224,SU_peb,pebble,TRUE,0.866,SU_peb,0.089,SU_cob,0.019,SU_shell,0.011,KE_stipe,0.01,SU_bould
2024_10_08_12-05-58.jpg,291,3820,224,SU_peb,pebble,TRUE,0.997,SU_peb,0.002,SU_cob,0.001,SU_bould,0,KE_stipe,0,GR_ulva
2024_10_08_12-05-58.jpg,3694,671,224,SU_peb,pebble,TRUE,0.972,SU_cob,0.014,KE_5rib,0.005,SU_silt,0.005,SU_bould,0.002,MS
2024_10_08_12-05-58.jpg,3706,254,224,unknown,unknown_area,TRUE,0.992,GR_ulva,0.004,KE_sieve,0.001,BR_sarg,0.001,RE_leaf,0,KE_5rib
2024_10_08_12-05-58.jpg,3624,1472,224,GR_ulva,green_algae_ulva,TRUE,0.999,GR_ulva,0.001,KE_stipe,0,KE_sieve,0,KE_sugar,0,RE_leaf
2024_10_08_12-05-58.jpg,998,3906,224,SU_peb,pebble,TRUE,1,SU_peb,0,SU_cob,0,GR_ulva,0,BR_sarg,0,SU_bould
2024_10_08_12-05-58.jpg,2610,1751,224,BR_filam,brown_algae_filamentous,TRUE,0.564,RE_CCA,0.128,RE_fil,0.108,RE_bush,0.065,GR_ulva,0.058,KE_stipe
2024_10_08_12-05-58.jpg,578,2990,224,SU_cob,cobble,TRUE,0.995,SU_sand,0.005,SU_cob,0,SU_bould,0,SU_shell,0,SU_silt
2024_10_08_12-05-58.jpg,627,4228,224,GR_ulva,green_algae_ulva,TRUE,0.548,KE_stipe,0.411,SU_bould,0.04,GR_ulva,0.001,BR_sarg,0,KE_bull
2024_10_08_12-05-58.jpg,3485,1104,224,KE_sugar,kelp_sugar,TRUE,1,KE_sugar,0,SU_silt,0,KE_5rib,0,RE_leaf,0,MS
2024_10_08_12-05-58.jpg,3693,4463,224,GR_ulva,green_algae_ulva,TRUE,1,GR_ulva,0,BR_fucus,0,MS,0,BR_sarg,0,KE_sieve
2024_10_08_12-05-58.jpg,3101,3200,224,SU_peb,pebble,TRUE,1,SU_peb,0,SU_bould,0,MS,0,SU_cob,0,KE_stipe
2024_10_08_12-05-58.jpg,2478,2002,224,GR_ulva,green_algae_ulva,TRUE,1,GR_ulva,0,KE_stipe,0,KE_bull,0,SU_bould,0,BR_sarg
2024_10_08_12-05-58.jpg,1608,851,224,SU_peb,pebble,TRUE,0.999,GR_ulva,0.001,SU_peb,0,SU_bould,0,MS,0,KE_stipe
2024_10_08_12-06-07.jpg,801,1140,224,KE_sugar,kelp_sugar,TRUE,0.906,GR_ulva,0.054,KE_sugar,0.012,BR_sarg,0.011,SU_bould,0.006,KE_sieve
2024_10_08_12-06-07.jpg,3502,2279,224,GR_ulva,green_algae_ulva,TRUE,1,GR_ulva,0,RE_leaf,0,KE_5rib,0,unknown,0,KE_sieve
2024_10_08_12-06-07.jpg,442,3948,224,KE_sugar,kelp_sugar,TRUE,0.859,RE_bush,0.122,KE_sugar,0.011,SU_silt,0.005,KE_5rib,0.001,SU_bould
2024_10_08_12-06-07.jpg,3693,4265,224,KE_sugar,kelp_sugar,TRUE,0.411,RE_leaf,0.326,KE_5rib,0.226,MS,0.014,KE_stipe,0.014,SU_silt
2024_10_08_12-06-07.jpg,659,3905,224,KE_sugar,kelp_sugar,TRUE,0.661,KE_5rib,0.339,KE_sugar,0,GR_ulva,0,BR_fucus,0,RE_leaf
2024_10_08_12-06-07.jpg,394,2238,224,KE_sugar,kelp_sugar,TRUE,0.983,KE_sugar,0.009,KE_bull,0.003,KE_sieve,0.003,BR_fucus,0.001,KE_5rib
2024_10_08_12-06-07.jpg,2859,2868,224,SU_bould,boulder,TRUE,0.996,GR_ulva,0.003,KE_sugar,0,SU_silt,0,SU_cob,0,SU_bould
2024_10_08_12-06-07.jpg,1320,1352,224,GR_ulva,green_algae_ulva,TRUE,1,GR_ulva,0,KE_sieve,0,SU_bould,0,BR_sarg,0,RE_leaf
2024_10_08_12-06-07.jpg,3886,3751,224,KE_sugar,kelp_sugar,TRUE,0.632,RE_branch,0.129,KE_sugar,0.045,RE_bush,0.037,RE_CCA,0.035,SU_bould
2024_10_08_12-06-07.jpg,1971,1100,224,KE_sieve,kelp_sieve,TRUE,0.734,RE_CCA,0.102,BR_sarg,0.09,SU_cob,0.035,SU_bould,0.013,RE_branch
2024_10_08_12-06-07.jpg,3179,666,224,RE_leaf,red_algae_flat_leaf,TRUE,0.53,RE_fil,0.469,RE_leaf,0,KE_5rib,0,MS,0,RE_bush
2024_10_08_12-06-07.jpg,1765,2823,224,KE_sugar,kelp_sugar,TRUE,0.651,KE_sieve,0.286,KE_sugar,0.019,GR_ulva,0.01,MS,0.007,KE_bull
2024_10_08_12-06-07.jpg,3815,1679,224,GR_ulva,green_algae_ulva,TRUE,1,GR_ulva,0,KE_bull,0,KE_stipe,0,BR_sarg,0,SU_bould
2024_10_08_12-06-07.jpg,2643,3174,224,SU_bould,boulder,TRUE,0.999,SU_cob,0.001,SU_bould,0.001,GR_ulva,0,SU_peb,0,KE_sugar
2024_10_08_12-06-07.jpg,442,2535,224,KE_sugar,kelp_sugar,TRUE,0.607,KE_sugar,0.163,KE_sieve,0.147,SU_bould,0.067,KE_5rib,0.015,SU_silt
2024_10_08_12-06-07.jpg,2245,2041,224,GR_ulva,green_algae_ulva,TRUE,1,GR_ulva,0,KE_bull,0,RE_leaf,0,BR_sarg,0,KE_stipe
2024_10_08_12-06-07.jpg,814,2136,224,SU_cob,cobble,TRUE,0.984,SU_bould,0.009,SU_cob,0.007,SU_peb,0,SI,0,MS
2024_10_08_12-06-07.jpg,575,3360,224,KE_sugar,kelp_sugar,TRUE,0.976,KE_sugar,0.01,KE_sieve,0.005,RE_leaf,0.005,KE_5rib,0.002,KE_stipe
2024_10_08_12-06-07.jpg,2317,804,224,KE_sugar,kelp_sugar,TRUE,0.986,KE_sugar,0.01,SU_silt,0.002,GR_ulva,0,SU_cob,0,MS
2024_10_08_12-06-07.jpg,717,2385,224,SU_silt,silt,TRUE,0.758,SU_silt,0.095,SI,0.064,SU_bould,0.039,SU_cob,0.023,SU_peb
2024_10_08_12-06-07.jpg,996,4247,224,KE_sugar,kelp_sugar,TRUE,0.328,BR_fucus,0.271,KE_5rib,0.203,SU_peb,0.079,KE_sugar,0.055,SU_shell
2024_10_08_12-06-07.jpg,3025,3920,224,GR_ulva,green_algae_ulva,TRUE,0.968,GR_ulva,0.013,BR_fucus,0.01,BR_sarg,0.003,KE_stipe,0.002,SU_peb
2024_10_08_12-06-07.jpg,3375,1424,224,GR_ulva,green_algae_ulva,TRUE,1,GR_ulva,0,unknown,0,KE_5rib,0,KE_sugar,0,RE_leaf
2024_10_08_12-06-07.jpg,434,633,224,RE_leaf,red_algae_flat_leaf,TRUE,0.619,RE_leaf,0.205,MS,0.089,KE_sugar,0.023,GR_ulva,0.021,KE_stipe
2024_10_08_12-06-07.jpg,3695,1648,224,GR_ulva,green_algae_ulva,TRUE,1,GR_ulva,0,RE_leaf,0,unknown,0,KE_sugar,0,SU_cob
2024_10_08_12-06-07.jpg,2637,786,224,KE_sugar,kelp_sugar,TRUE,0.553,KE_sugar,0.268,GR_ulva,0.081,KE_5rib,0.049,BR_sarg,0.016,SU_bould
2024_10_08_12-06-07.jpg,1082,3712,224,SU_silt,silt,TRUE,0.973,SU_sand,0.02,SU_peb,0.006,SU_silt,0,MS,0,SU_shell
2024_10_08_12-06-07.jpg,2960,304,224,KE_sugar,kelp_sugar,TRUE,0.65,BR_fucus,0.187,KE_sieve,0.071,GR_ulva,0.05,KE_5rib,0.021,SU_peb
2024_10_08_12-06-07.jpg,1916,3734,224,KE_sugar,kelp_sugar,TRUE,0.422,SU_cob,0.167,RE_bush,0.104,RE_leaf,0.076,KE_5rib,0.073,SU_bould
2024_10_08_12-06-07.jpg,3253,1111,224,RE_leaf,red_algae_flat_leaf,TRUE,1,RE_leaf,0,MS,0,SU_cob,0,SU_peb,0,RE_fil
2024_10_08_12-06-07.jpg,2236,3670,224,KE_sugar,kelp_sugar,TRUE,0.726,SU_cob,0.209,KE_sugar,0.046,SU_bould,0.018,SU_silt,0,KE_5rib
2024_10_08_12-06-07.jpg,1316,3211,224,KE_sugar,kelp_sugar,TRUE,0.984,SU_cob,0.016,SU_peb,0,SU_bould,0,GR_ulva,0,KE_stipe
2024_10_08_12-06-07.jpg,2151,1196,224,KE_sieve,kelp_sieve,TRUE,0.994,RE_CCA,0.004,SU_cob,0.001,BR_sarg,0,SU_bould,0,KE_5rib
2024_10_08_12-06-07.jpg,2018,3462,224,KE_sugar,kelp_sugar,TRUE,0.812,SU_peb,0.051,MS,0.049,SU_bould,0.039,RE_bush,0.027,KE_sugar
2024_10_08_12-06-07.jpg,1458,1076,224,RE_leaf,red_algae_flat_leaf,TRUE,1,RE_leaf,0,MS,0,RE_fil,0,GR_ulva,0,KE_sugar
2024_10_08_12-06-07.jpg,2332,1085,224,KE_sieve,kelp_sieve,TRUE,0.42,KE_5rib,0.377,KE_sugar,0.086,KE_stipe,0.059,RE_fil,0.027,SU_peb
2024_10_08_12-06-07.jpg,3129,3574,224,KE_sugar,kelp_sugar,TRUE,0.708,SU_peb,0.131,SU_bould,0.116,BR_fucus,0.013,KE_5rib,0.012,KE_sugar
2024_10_08_12-06-07.jpg,1201,3708,224,SU_sand,sand_fine_shell,TRUE,0.391,SU_peb,0.375,SU_sand,0.144,SU_cob,0.083,SU_silt,0.004,SU_bould
2024_10_08_12-06-07.jpg,3845,4225,224,KE_sugar,kelp_sugar,TRUE,0.976,KE_5rib,0.012,KE_sugar,0.011,RE_leaf,0,KE_sieve,0,SU_silt
2024_10_08_12-06-07.jpg,265,3165,224,KE_sugar,kelp_sugar,TRUE,0.706,KE_sugar,0.253,SU_shell,0.009,BR_fucus,0.008,SU_bould,0.008,KE_bull
2024_10_08_12-06-07.jpg,1570,1134,224,RE_bush,red_algae_bushy,TRUE,0.905,RE_bush,0.085,RE_leaf,0.006,MS,0.002,RE_branch,0.001,KE_holdfas
2024_10_08_12-06-07.jpg,1212,992,224,SU_peb,pebble,TRUE,0.543,KE_stipe,0.124,RE_bush,0.1,RE_fil,0.079,SU_cob,0.058,KE_holdfas
2024_10_08_12-06-07.jpg,2938,1377,224,RE_branch,red_algae_branching,TRUE,0.727,RE_branch,0.178,RE_fil,0.081,MS,0.007,KE_stipe,0.003,RE_bush
2024_10_08_12-06-07.jpg,2210,2478,224,GR_ulva,green_algae_ulva,TRUE,1,GR_ulva,0,KE_stipe,0,BR_sarg,0,MS,0,KE_bull
2024_10_08_12-06-07.jpg,3067,985,224,RE_leaf,red_algae_flat_leaf,TRUE,1,RE_leaf,0,MS,0,RE_fil,0,RE_CCA,0,KE_stipe
2024_10_08_12-06-07.jpg,2860,2403,224,SU_cob,cobble,TRUE,0.953,KE_stipe,0.04,GR_ulva,0.005,KE_bull,0.001,MS,0.001,SU_peb
2024_10_08_12-06-07.jpg,2501,1884,224,SU_peb,pebble,TRUE,0.904,SU_peb,0.044,MS,0.02,GR_ulva,0.008,KE_bull,0.006,KE_stipe
2024_10_08_12-06-07.jpg,366,2738,224,KE_sugar,kelp_sugar,TRUE,0.996,KE_sieve,0.002,SU_bould,0.001,KE_sugar,0.001,SU_silt,0,KE_5rib
2024_10_08_12-06-07.jpg,2312,4387,224,KE_sugar,kelp_sugar,TRUE,0.531,SU_cob,0.351,KE_sieve,0.06,SU_bould,0.029,KE_sugar,0.016,SU_peb
2024_10_08_12-06-07.jpg,3043,4438,224,BR_sarg,brown_algae_sargassum,TRUE,0.913,BR_sarg,0.054,SU_cob,0.009,SU_peb,0.007,SU_bould,0.007,KE_5rib
2024_10_08_12-06-16.jpg,2424,2536,224,KE_sugar,kelp_sugar,TRUE,0.44,GR_ulva,0.279,SU_silt,0.229,KE_sugar,0.016,SU_bould,0.014,unknown
2024_10_08_12-06-16.jpg,2952,2560,224,SU_silt,silt,TRUE,0.97,SU_silt,0.019,SU_sand,0.005,KE_bull,0.003,KE_sugar,0.002,SU_shell
2024_10_08_12-06-16.jpg,1646,1263,224,SU_cob,cobble,TRUE,0.64,SU_sand,0.258,SU_cob,0.091,SU_peb,0.003,SU_bould,0.002,MS
2024_10_08_12-06-16.jpg,435,3980,224,GR_ulva,green_algae_ulva,TRUE,1,GR_ulva,0,SU_cob,0,KE_5rib,0,SU_peb,0,SU_bould
2024_10_08_12-06-16.jpg,3159,3994,224,GR_ulva,green_algae_ulva,TRUE,1,GR_ulva,0,BR_sarg,0,RE_leaf,0,SU_peb,0,KE_stipe
2024_10_08_12-06-16.jpg,3661,1938,224,KE_sugar,kelp_sugar,TRUE,0.992,KE_sieve,0.007,KE_sugar,0.001,SU_silt,0.001,KE_bull,0,SU_peb
2024_10_08_12-06-16.jpg,1480,609,224,SU_silt,silt,TRUE,0.971,SU_silt,0.029,SU_cob,0,SU_shell,0,SU_peb,0,KE_5rib
2024_10_08_12-06-16.jpg,2621,1011,224,SU_silt,silt,TRUE,0.999,SU_silt,0.001,KE_sieve,0,KE_sugar,0,SU_shell,0,SI_kelpBry
2024_10_08_12-06-16.jpg,2898,2765,224,SU_silt,silt,TRUE,0.903,SU_silt,0.063,KE_bull,0.022,GR_ulva,0.005,SI_kelpBry,0.004,SU_shell
2024_10_08_12-06-16.jpg,3148,3414,224,GR_ulva,green_algae_ulva,TRUE,1,GR_ulva,0,MS,0,SU_bould,0,unknown,0,KE_bull
2024_10_08_12-06-16.jpg,1996,4244,224,KE_sugar,kelp_sugar,TRUE,0.996,SU_cob,0.001,SU_silt,0.001,SU_peb,0.001,SU_bould,0,KE_5rib
2024_10_08_12-06-16.jpg,3891,905,224,GR_ulva,green_algae_ulva,TRUE,0.818,GR_ulva,0.098,unknown,0.054,SU_silt,0.012,KE_stipe,0.007,SU_cob
2024_10_08_12-06-16.jpg,2864,3816,224,GR_ulva,green_algae_ulva,TRUE,1,GR_ulva,0,RE_leaf,0,KE_stipe,0,unknown,0,BR_sarg
2024_10_08_12-06-16.jpg,3706,1530,224,KE_sugar,kelp_sugar,TRUE,0.906,KE_sugar,0.088,KE_sieve,0.002,KE_5rib,0.001,SU_silt,0.001,MS
2024_10_08_12-06-16.jpg,3502,1842,224,KE_sugar,kelp_sugar,TRUE,0.768,KE_sieve,0.135,KE_stipe,0.086,RE_leaf,0.008,KE_bull,0.001,RE_fil
2024_10_08_12-06-16.jpg,2688,1622,224,BR_filam,brown_algae_filamentous,TRUE,0.645,GR_ulva,0.161,RE_fil,0.114,SU_bould,0.039,SU_peb,0.022,KE_sugar
2024_10_08_12-06-16.jpg,1336,1043,224,RE_bush,red_algae_bushy,TRUE,0.612,SU_silt,0.247,RE_bush,0.128,SU_cob,0.006,SU_bould,0.003,SU_peb
2024_10_08_12-06-16.jpg,3525,4263,224,GR_ulva,green_algae_ulva,TRUE,0.997,GR_ulva,0.001,KE_sieve,0.001,unknown,0,MS,0,BR_sarg
2024_10_08_12-06-16.jpg,1546,1011,224,RE_bush,red_algae_bushy,TRUE,0.654,RE_bush,0.251,SU_silt,0.08,SU_cob,0.007,SU_peb,0.003,BR_fucus
2024_10_08_12-06-16.jpg,3028,1624,224,KE_sugar,kelp_sugar,TRUE,0.499,KE_stipe,0.449,KE_5rib,0.036,RE_fil,0.008,KE_sieve,0.003,SU_peb
2024_10_08_12-06-16.jpg,3360,4264,224,GR_ulva,green_algae_ulva,TRUE,0.998,GR_ulva,0.002,unknown,0,KE_sieve,0,KE_5rib,0,KE_stipe
2024_10_08_12-06-16.jpg,3162,159,224,GR_ulva,green_algae_ulva,TRUE,0.413,GR_ulva,0.266,SU_peb,0.158,SU_cob,0.112,KE_stipe,0.023,SU_bould
2024_10_08_12-06-16.jpg,3200,3137,224,KE_sugar,kelp_sugar,TRUE,0.678,KE_sugar,0.14,KE_stipe,0.075,KE_sieve,0.065,KE_5rib,0.033,KE_bull
2024_10_08_12-06-16.jpg,2845,344,224,GR_ulva,green_algae_ulva,TRUE,0.577,GR_ulva,0.394,SU_peb,0.014,unknown,0.007,KE_stipe,0.003,SU_bould
2024_10_08_12-06-16.jpg,883,1898,224,SU_silt,silt,TRUE,0.975,SU_silt,0.024,SU_shell,0.001,SU_sand,0,SU_cob,0,SU_peb
2024_10_08_12-06-16.jpg,2375,1454,224,SU_cob,cobble,TRUE,0.994,SU_cob,0.004,SU_bould,0.001,SU_silt,0.001,SU_peb,0,GR_ulva
2024_10_08_12-06-16.jpg,2633,721,224,KE_sugar,kelp_sugar,TRUE,0.994,KE_sugar,0.004,SU_silt,0.001,RE_leaf,0.001,SU_cob,0,KE_5rib
2024_10_08_12-06-16.jpg,389,2890,224,SU_sand,sand_fine_shell,TRUE,0.973,SU_silt,0.019,SU_bould,0.008,SU_peb,0,SU_cob,0,SU_shell
2024_10_08_12-06-16.jpg,3111,2017,224,KE_sugar,kelp_sugar,TRUE,0.909,BR_sarg,0.017,RE_fil,0.014,KE_sugar,0.014,KE_bull,0.012,KE_sieve
2024_10_08_12-06-16.jpg,258,3159,224,GR_ulva,green_algae_ulva,TRUE,0.948,GR_ulva,0.048,SU_peb,0.002,SU_cob,0.001,SU_silt,0,MS
2024_10_08_12-06-16.jpg,2062,2893,224,SU_cob,cobble,TRUE,0.942,SU_bould,0.048,SU_cob,0.006,BR_sarg,0.001,GR_ulva,0.001,RE_bush
2024_10_08_12-06-16.jpg,2152,4065,224,BR_filam,brown_algae_filamentous,TRUE,0.574,KE_sugar,0.404,KE_5rib,0.016,SU_bould,0.002,KE_stipe,0.001,RE_fil
2024_10_08_12-06-16.jpg,3189,1203,224,KE_sugar,kelp_sugar,TRUE,0.809,SU_bould,0.156,SU_cob,0.024,KE_sugar,0.007,SU_peb,0.002,KE_stipe
2024_10_08_12-06-16.jpg,1763,2511,224,KE_sugar,kelp_sugar,TRUE,0.836,KE_sugar,0.109,KE_bull,0.027,MS,0.022,GR_ulva,0.002,SU_bould
2024_10_08_12-06-16.jpg,1223,4306,224,SU_silt,silt,TRUE,0.918,MS,0.081,RE_bush,0.001,SU_peb,0,SU_silt,0,BR_fucus
2024_10_08_12-06-16.jpg,304,1439,224,RE_fil,red_algae_filamentous,TRUE,0.652,KE_sugar,0.314,RE_fil,0.031,KE_5rib,0.002,SU_bould,0.001,KE_stipe
2024_10_08_12-06-16.jpg,468,1728,224,SU_bould,boulder,TRUE,0.934,SU_cob,0.062,SU_peb,0.003,SU_bould,0.001,GR_ulva,0,BR_fucus
2024_10_08_12-06-16.jpg,956,157,224,SU_silt,silt,TRUE,0.997,SU_silt,0.001,SU_cob,0.001,MS,0,SU_sand,0,SU_peb
2024_10_08_12-06-16.jpg,443,3026,224,SU_silt,silt,TRUE,1,SU_silt,0,SU_shell,0,SU_sand,0,SU_peb,0,MS
2024_10_08_12-06-16.jpg,597,845,224,KE_sugar,kelp_sugar,TRUE,0.992,SU_silt,0.007,SU_cob,0.001,SU_peb,0.001,MS,0,SU_shell
2024_10_08_12-06-16.jpg,1165,208,224,SU_silt,silt,TRUE,1,SU_silt,0,SU_shell,0,SU_sand,0,MS,0,RE_CCA
2024_10_08_12-06-16.jpg,215,3524,224,GR_ulva,green_algae_ulva,TRUE,1,GR_ulva,0,SU_peb,0,MS,0,KE_5rib,0,RE_leaf
2024_10_08_12-06-16.jpg,2320,844,224,SU_silt,silt,TRUE,0.996,SU_silt,0.004,SU_shell,0,MS,0,SU_sand,0,SI_kelpBry
2024_10_08_12-06-16.jpg,1520,4139,224,SU_cob,cobble,TRUE,0.814,SU_peb,0.186,SU_cob,0,SU_sand,0,SU_bould,0,SU_silt
2024_10_08_12-06-16.jpg,3388,1621,224,SU_silt,silt,TRUE,0.954,SU_silt,0.027,SU_sand,0.019,SU_shell,0,RE_CCA,0,SU_cob
2024_10_08_12-06-16.jpg,2270,405,224,GR_ulva,green_algae_ulva,TRUE,0.606,SU_peb,0.283,SU_silt,0.061,GR_ulva,0.04,MS,0.008,SU_cob
2024_10_08_12-06-16.jpg,405,2238,224,GR_ulva,green_algae_ulva,TRUE,1,GR_ulva,0,BR_sarg,0,KE_bull,0,KE_sieve,0,BR_fucus
2024_10_08_12-06-16.jpg,3246,1505,224,SU_peb,pebble,TRUE,0.986,SU_peb,0.013,SU_cob,0,SU_silt,0,BR_fucus,0,GR_ulva
2024_10_08_12-06-16.jpg,1382,898,224,RE_bush,red_algae_bushy,TRUE,0.867,SU_cob,0.058,SU_silt,0.041,SU_peb,0.023,RE_bush,0.009,SU_bould
2024_10_08_12-06-16.jpg,2833,1094,224,KE_sugar,kelp_sugar,TRUE,0.371,SU_silt,0.304,KE_sieve,0.187,RE_leaf,0.115,KE_sugar,0.006,RE_bush
2024_10_08_12-06-25.jpg,1795,959,224,SU_silt,silt,TRUE,0.578,SU_sand,0.4,SU_silt,0.012,SU_shell,0.007,SU_peb,0.001,RE_CCA
2024_10_08_12-06-25.jpg,170,2236,224,RE_fil,red_algae_filamentous,TRUE,0.99,RE_bush,0.006,RE_fil,0.002,RE_branch,0.001,RE_leaf,0,SU_silt
2024_10_08_12-06-25.jpg,3219,2813,224,GR_ulva,green_algae_ulva,TRUE,1,GR_ulva,0,KE_bull,0,SU_peb,0,KE_stipe,0,SU_cob
2024_10_08_12-06-25.jpg,1848,4404,224,KE_sugar,kelp_sugar,TRUE,0.616,KE_sugar,0.135,SU_peb,0.117,KE_stipe,0.041,SU_bould,0.029,MS
2024_10_08_12-06-25.jpg,1874,3604,224,SU_silt,silt,TRUE,0.998,SU_silt,0.002,SU_sand,0,SU_shell,0,SU_bould,0,SU_cob
2024_10_08_12-06-25.jpg,1118,272,224,SU_peb,pebble,TRUE,0.999,SU_peb,0.001,GR_ulva,0,SU_cob,0,BR_sarg,0,SU_shell
2024_10_08_12-06-25.jpg,1182,1202,224,SU_silt,silt,TRUE,0.999,SU_silt,0.001,SU_peb,0,SU_sand,0,SU_cob,0,SU_shell
2024_10_08_12-06-25.jpg,2492,1502,224,KE_sugar,kelp_sugar,TRUE,0.995,KE_sieve,0.005,KE_sugar,0,RE_leaf,0,SU_silt,0,GR_ulva
2024_10_08_12-06-25.jpg,787,165,224,GR_ulva,green_algae_ulva,TRUE,1,GR_ulva,0,KE_stipe,0,SU_cob,0,unknown,0,SU_peb
2024_10_08_12-06-25.jpg,2044,3511,224,SU_silt,silt,TRUE,0.979,SU_sand,0.01,SU_silt,0.007,SU_shell,0.002,MS,0.002,SU_bould
2024_10_08_12-06-25.jpg,2723,378,224,SU_peb,pebble,TRUE,0.999,SU_peb,0.001,SU_cob,0,GR_ulva,0,SU_bould,0,KE_stipe
2024_10_08_12-06-25.jpg,2001,786,224,SU_silt,silt,TRUE,0.546,GR_ulva,0.37,SU_peb,0.03,MS,0.024,SU_cob,0.016,SI_kelpBry
2024_10_08_12-06-25.jpg,1333,4151,224,GR_ulva,green_algae_ulva,TRUE,0.977,GR_ulva,0.018,SU_peb,0.003,SU_cob,0.001,SU_bould,0,MS
2024_10_08_12-06-25.jpg,1012,4347,224,GR_ulva,green_algae_ulva,TRUE,0.982,GR_ulva,0.006,SU_silt,0.005,SU_bould,0.004,unknown,0.001,KE_sugar
2024_10_08_12-06-25.jpg,1648,4084,224,GR_ulva,green_algae_ulva,TRUE,1,GR_ulva,0,KE_stipe,0,SU_peb,0,SU_bould,0,SU_cob
2024_10_08_12-06-25.jpg,1326,1320,224,SU_silt,silt,TRUE,0.999,SU_silt,0,SU_shell,0,SU_peb,0,SU_sand,0,SI_kelpBry
2024_10_08_12-06-25.jpg,832,3904,224,GR_ulva,green_algae_ulva,TRUE,0.988,GR_ulva,0.006,SU_silt,0.004,unknown,0.001,KE_sugar,0.001,SU_bould
2024_10_08_12-06-25.jpg,3565,2390,224,SU_silt,silt,TRUE,1,SU_silt,0,SU_sand,0,SU_shell,0,SU_peb,0,SU_bould
2024_10_08_12-06-25.jpg,1133,3551,224,GR_ulva,green_algae_ulva,TRUE,0.979,GR_ulva,0.009,unknown,0.007,RE_leaf,0.002,SU_silt,0.001,KE_sugar
2024_10_08_12-06-25.jpg,3351,3389,224,SU_peb,pebble,TRUE,0.999,SU_peb,0,MS,0,SU_sand,0,GR_ulva,0,SU_shell
2024_10_08_12-06-25.jpg,3789,1033,224,SU_cob,cobble,TRUE,1,SU_cob,0,SU_silt,0,SU_peb,0,GR_ulva,0,SU_bould
2024_10_08_12-06-25.jpg,2834,4197,224,SU_peb,pebble,TRUE,1,SU_peb,0,SU_cob,0,GR_ulva,0,MS,0,SU_bould
2024_10_08_12-06-25.jpg,817,876,224,SU_peb,pebble,TRUE,0.905,SU_cob,0.09,SU_peb,0.004,SU_shell,0,SU_bould,0,MS
2024_10_08_12-06-25.jpg,711,4272,224,GR_ulva,green_algae_ulva,TRUE,0.966,GR_ulva,0.015,KE_stipe,0.007,SU_bould,0.004,unknown,0.003,BR_sarg
2024_10_08_12-06-25.jpg,2582,3789,224,SU_silt,silt,TRUE,0.998,SU_silt,0.002,SU_sand,0.001,SU_peb,0,SI_kelpBry,0,MS
2024_10_08_12-06-25.jpg,812,2955,224,KE_sugar,kelp_sugar,TRUE,0.425,SU_cob,0.258,KE_sugar,0.233,MS,0.054,SU_bould,0.022,RE_leaf
2024_10_08_12-06-25.jpg,852,4226,224,GR_ulva,green_algae_ulva,TRUE,0.993,GR_ulva,0.003,BR_fucus,0.001,KE_stipe,0.001,SU_silt,0.001,unknown
2024_10_08_12-06-25.jpg,1559,3892,224,SU_cob,cobble,TRUE,0.456,SU_cob,0.43,SU_bould,0.05,SU_peb,0.036,KE_stipe,0.025,GR_ulva
2024_10_08_12-06-25.jpg,3410,2008,224,SU_silt,silt,TRUE,1,SU_silt,0,SU_shell,0,SU_sand,0,MS,0,SU_peb
2024_10_08_12-06-25.jpg,3038,505,224,KE_sugar,kelp_sugar,TRUE,0.797,SU_cob,0.101,GR_ulva,0.1,SU_peb,0.001,SU_bould,0,SU_silt
2024_10_08_12-06-25.jpg,1582,975,224,SU_peb,pebble,TRUE,0.892,SU_sand,0.106,SU_silt,0.001,SU_cob,0,SU_peb,0,SI_kelpBry
2024_10_08_12-06-25.jpg,366,1809,224,GR_ulva,green_algae_ulva,TRUE,0.994,GR_ulva,0.006,SU_peb,0,KE_stipe,0,SU_shell,0,SU_cob
2024_10_08_12-06-25.jpg,3753,2026,224,SU_silt,silt,TRUE,1,SU_silt,0,SU_peb,0,SU_shell,0,SU_sand,0,GR_ulva
2024_10_08_12-06-25.jpg,3853,2375,224,SU_cob,cobble,TRUE,0.681,SU_cob,0.197,SU_bould,0.118,SU_silt,0.002,RE_CCA,0.001,MS
2024_10_08_12-06-25.jpg,1458,1159,224,SU_peb,pebble,TRUE,0.927,SU_sand,0.043,SU_peb,0.022,SU_silt,0.003,SU_shell,0.003,SU_cob
2024_10_08_12-06-25.jpg,2339,1760,224,KE_sugar,kelp_sugar,TRUE,0.887,GR_ulva,0.058,KE_sugar,0.04,KE_sieve,0.008,KE_bull,0.006,KE_5rib
2024_10_08_12-06-25.jpg,2526,3135,224,SU_silt,silt,TRUE,0.952,SU_silt,0.037,SU_shell,0.01,SU_sand,0,RE_CCA,0,SU_peb
2024_10_08_12-06-25.jpg,2837,3766,224,SU_silt,silt,TRUE,0.997,SU_silt,0.003,SU_sand,0,RE_CCA,0,SI_kelpBry,0,SU_cob
2024_10_08_12-06-25.jpg,3822,3763,224,SU_peb,pebble,TRUE,0.66,SU_peb,0.217,SU_silt,0.084,SU_cob,0.037,SU_bould,0.002,MS
2024_10_08_12-06-25.jpg,3399,1514,224,GR_ulva,green_algae_ulva,TRUE,0.76,SU_peb,0.186,GR_ulva,0.053,MS,0.001,KE_stipe,0,SU_cob
2024_10_08_12-06-25.jpg,535,3393,224,KE_sugar,kelp_sugar,TRUE,0.688,KE_sugar,0.242,BR_sarg,0.042,KE_stipe,0.012,KE_bull,0.007,MS
2024_10_08_12-06-25.jpg,1891,395,224,GR_ulva,green_algae_ulva,TRUE,0.712,SU_cob,0.272,GR_ulva,0.01,SU_peb,0.004,SU_bould,0.001,KE_stipe
2024_10_08_12-06-25.jpg,3307,2990,224,GR_ulva,green_algae_ulva,TRUE,1,GR_ulva,0,SU_peb,0,KE_bull,0,KE_stipe,0,SU_cob
2024_10_08_12-06-25.jpg,678,1275,224,SU_peb,pebble,TRUE,0.51,SU_peb,0.466,SU_silt,0.018,SU_cob,0.005,SU_shell,0.001,SI_kelpBry
2024_10_08_12-06-25.jpg,3754,3187,224,SU_cob,cobble,TRUE,0.983,SU_sand,0.012,SU_cob,0.001,SU_bould,0.001,SU_peb,0.001,MS
2024_10_08_12-06-25.jpg,3445,891,224,SU_sand,sand_fine_shell,TRUE,0.998,SU_silt,0.001,SU_cob,0,SU_peb,0,SU_shell,0,GR_ulva
2024_10_08_12-06-25.jpg,1524,2004,224,KE_sugar,kelp_sugar,TRUE,0.943,KE_sugar,0.022,KE_bull,0.009,RE_leaf,0.008,SU_bould,0.007,KE_sieve
2024_10_08_12-06-25.jpg,733,2819,224,GR_ulva,green_algae_ulva,TRUE,0.916,GR_ulva,0.079,SU_peb,0.002,MS,0.001,KE_stipe,0.001,SU_silt
2024_10_08_12-06-25.jpg,1382,861,224,SU_silt,silt,TRUE,0.997,SU_silt,0.002,SU_cob,0.001,SU_peb,0,SU_bould,0,SU_sand
2024_10_08_12-06-25.jpg,1818,3418,224,SU_peb,pebble,TRUE,0.987,SU_peb,0.012,SU_sand,0.001,SU_silt,0,SU_cob,0,SU_bould
2024_10_08_12-06-34.jpg,3749,3548,224,KE_sugar,kelp_sugar,TRUE,0.911,SU_cob,0.052,SU_peb,0.031,SU_bould,0.002,SU_silt,0.002,KE_stipe
2024_10_08_12-06-34.jpg,3000,1200,224,KE_sugar,kelp_sugar,TRUE,0.99,KE_sugar,0.005,SU_bould,0.002,KE_sieve,0.001,unknown,0.001,KE_5rib
2024_10_08_12-06-34.jpg,651,4131,224,GR_ulva,green_algae_ulva,TRUE,0.959,GR_ulva,0.041,unknown,0,KE_sieve,0,KE_stipe,0,MS
2024_10_08_12-06-34.jpg,3572,3438,224,KE_sugar,kelp_sugar,TRUE,0.647,MS,0.165,SU_sand,0.155,SU_silt,0.018,SU_peb,0.013,KE_sugar
2024_10_08_12-06-34.jpg,2222,2489,224,SU_silt,silt,TRUE,0.976,SU_silt,0.021,SU_shell,0.002,SU_sand,0,RE_CCA,0,KE_sieve
2024_10_08_12-06-34.jpg,1996,4221,224,KE_sugar,kelp_sugar,TRUE,0.543,SI_kelpBry,0.158,SU_peb,0.088,MS,0.075,SU_cob,0.053,KE_sugar
2024_10_08_12-06-34.jpg,528,1656,224,KE_sugar,kelp_sugar,TRUE,0.993,SU_silt,0.004,SU_cob,0.003,KE_sugar,0,SU_peb,0,KE_sieve
2024_10_08_12-06-34.jpg,3020,3123,224,KE_sugar,kelp_sugar,TRUE,0.584,SU_cob,0.188,SU_peb,0.076,RE_fil,0.075,MS,0.032,KE_sieve
2024_10_08_12-06-34.jpg,3217,2849,224,KE_sugar,kelp_sugar,TRUE,0.695,SU_bould,0.137,KE_sugar,0.073,KE_sieve,0.062,RE_fil,0.008,KE_stipe
2024_10_08_12-06-34.jpg,2185,2194,224,SU_silt,silt,TRUE,1,SU_silt,0,SU_shell,0,SU_cob,0,RE_CCA,0,SU_sand
2024_10_08_12-06-34.jpg,3456,521,224,SU_cob,cobble,TRUE,0.76,SU_cob,0.093,SU_bould,0.052,SU_silt,0.043,MS,0.033,SU_sand
2024_10_08_12-06-34.jpg,1861,1742,224,GR_ulva,green_algae_ulva,TRUE,1,GR_ulva,0,KE_bull,0,BR_fucus,0,BR_sarg,0,MS
2024_10_08_12-06-34.jpg,1864,651,224,SU_silt,silt,TRUE,0.993,SU_silt,0.005,SU_shell,0.001,SU_peb,0.001,SU_sand,0,SI_kelpBry
2024_10_08_12-06-34.jpg,3422,2092,224,KE_sugar,kelp_sugar,TRUE,0.653,KE_sieve,0.158,GR_ulva,0.138,KE_sugar,0.015,unknown,0.013,KE_5rib
2024_10_08_12-06-34.jpg,3516,3787,224,KE_sugar,kelp_sugar,TRUE,0.872,MS,0.101,SU_silt,0.011,SU_cob,0.007,SU_peb,0.003,SU_sand
2024_10_08_12-06-34.jpg,2043,970,224,MS,mobile_species,TRUE,1,MS,0,RE_bush,0,SU_silt,0,SU_sand,0,RE_leaf
2024_10_08_12-06-34.jpg,2208,699,224,MS,mobile_species,TRUE,0.564,SU_silt,0.391,MS,0.045,SU_shell,0,SU_sand,0,SU_peb
2024_10_08_12-06-34.jpg,651,2337,224,KE_sugar,kelp_sugar,TRUE,0.445,KE_sugar,0.304,SU_silt,0.135,SU_peb,0.059,KE_sieve,0.027,SU_sand
2024_10_08_12-06-34.jpg,1321,2668,224,KE_sugar,kelp_sugar,TRUE,0.662,SU_silt,0.293,KE_sugar,0.012,SU_cob,0.007,RE_CCA,0.007,RE_leaf
2024_10_08_12-06-34.jpg,3916,1506,224,RE_bush,red_algae_bushy,TRUE,0.378,RE_bush,0.278,MS,0.151,SU_peb,0.101,RE_leaf,0.07,KE_stipe
2024_10_08_12-06-34.jpg,3104,3973,224,SU_silt,silt,TRUE,0.72,MS,0.264,SU_silt,0.014,SU_bould,0.001,SU_shell,0,SU_cob
2024_10_08_12-06-34.jpg,1098,1420,224,KE_sugar,kelp_sugar,TRUE,0.613,SU_peb,0.386,SU_cob,0.001,SU_silt,0.001,SU_bould,0,GR_ulva
2024_10_08_12-06-34.jpg,1274,2154,224,KE_sugar,kelp_sugar,TRUE,0.471,SU_silt,0.18,KE_sugar,0.153,KE_sieve,0.097,GR_ulva,0.053,KE_bull
2024_10_08_12-06-34.jpg,115,4429,224,GR_ulva,green_algae_ulva,TRUE,0.996,GR_ulva,0.003,unknown,0.001,KE_sieve,0,RE_leaf,0,KE_stipe
2024_10_08_12-06-34.jpg,3097,1956,224,KE_sugar,kelp_sugar,TRUE,0.865,KE_sieve,0.088,KE_sugar,0.029,KE_5rib,0.008,KE_bull,0.008,RE_leaf
2024_10_08_12-06-34.jpg,2231,4278,224,SU_peb,pebble,TRUE,0.999,SU_peb,0,KE_stipe,0,SI_kelpBry,0,RE_branch,0,KE_5rib
2024_10_08_12-06-34.jpg,1666,2289,224,KE_sugar,kelp_sugar,TRUE,0.882,SU_silt,0.055,KE_sugar,0.047,GR_ulva,0.005,unknown,0.004,SU_bould
2024_10_08_12-06-34.jpg,1964,2161,224,SU_silt,silt,TRUE,0.552,SU_silt,0.287,KE_sugar,0.08,KE_bull,0.034,KE_stipe,0.014,SI_kelpBry
2024_10_08_12-06-34.jpg,914,3877,224,GR_ulva,green_algae_ulva,TRUE,0.986,GR_ulva,0.012,KE_sugar,0.002,KE_5rib,0,KE_sieve,0,MS
2024_10_08_12-06-34.jpg,1778,3611,224,KE_sugar,kelp_sugar,TRUE,0.929,KE_sugar,0.029,RE_leaf,0.022,MS,0.016,RE_bush,0.004,RE_fil
2024_10_08_12-06-34.jpg,1002,735,224,SU_bould,boulder,TRUE,1,SU_sand,0,SU_silt,0,SU_cob,0,SU_bould,0,SU_shell
2024_10_08_12-06-34.jpg,2413,1183,224,RE_branch,red_algae_branching,TRUE,0.852,RE_branch,0.141,RE_bush,0.006,SU_peb,0.001,BR_sarg,0,SU_cob
2024_10_08_12-06-34.jpg,192,1194,224,KE_sugar,kelp_sugar,TRUE,0.988,KE_sieve,0.006,KE_stipe,0.002,KE_sugar,0.001,KE_5rib,0.001,GR_ulva
2024_10_08_12-06-34.jpg,1664,1930,224,KE_sugar,kelp_sugar,TRUE,0.639,SU_bould,0.108,SU_cob,0.083,SU_silt,0.075,KE_sugar,0.055,KE_sieve
2024_10_08_12-06-34.jpg,2654,2661,224,SU_silt,silt,TRUE,0.998,SU_silt,0.001,SU_shell,0,SU_sand,0,GR_ulva,0,SI_kelpBry
2024_10_08_12-06-34.jpg,996,285,224,GR_ulva,green_algae_ulva,TRUE,1,GR_ulva,0,unknown,0,KE_stipe,0,MS,0,BR_sarg
2024_10_08_12-06-34.jpg,135,1016,224,KE_sugar,kelp_sugar,TRUE,0.863,KE_stipe,0.076,KE_sieve,0.017,KE_sugar,0.013,KE_bull,0.012,RE_leaf
2024_10_08_12-06-34.jpg,3272,237,224,SU_peb,pebble,TRUE,1,SU_peb,0,GR_ulva,0,SU_shell,0,KE_stipe,0,MS
2024_10_08_12-06-34.jpg,2925,2761,224,SU_silt,silt,TRUE,0.999,SU_silt,0,SU_shell,0,SU_sand,0,MS,0,KE_bull
2024_10_08_12-06-34.jpg,2044,202,224,SU_peb,pebble,TRUE,0.952,SU_silt,0.038,SU_peb,0.01,SU_cob,0,SU_bould,0,SU_shell
2024_10_08_12-06-34.jpg,236,4110,224,GR_ulva,green_algae_ulva,TRUE,0.997,GR_ulva,0.003,KE_sieve,0,RE_leaf,0,unknown,0,SU_silt
2024_10_08_12-06-34.jpg,2194,373,224,SU_peb,pebble,TRUE,0.997,SU_silt,0.003,SU_cob,0.001,SU_peb,0,BR_fucus,0,GR_ulva
2024_10_08_12-06-34.jpg,556,365,224,GR_ulva,green_algae_ulva,TRUE,0.503,GR_ulva,0.322,SU_cob,0.159,SU_peb,0.01,SU_bould,0.006,MS
2024_10_08_12-06-34.jpg,3500,388,224,SU_cob,cobble,TRUE,0.699,SU_shell,0.107,SU_sand,0.081,MS,0.073,SU_silt,0.038,SU_cob
2024_10_08_12-06-34.jpg,1642,3651,224,KE_sugar,kelp_sugar,TRUE,0.777,KE_sugar,0.079,SU_silt,0.075,RE_bush,0.042,RE_leaf,0.01,SU_cob
2024_10_08_12-06-34.jpg,2337,1513,224,RE_leaf,red_algae_flat_leaf,TRUE,0.878,RE_leaf,0.119,KE_stipe,0.001,MS,0.001,KE_bull,0,KE_5rib
2024_10_08_12-06-34.jpg,3522,1198,224,KE_sugar,kelp_sugar,TRUE,0.783,SU_cob,0.137,KE_sugar,0.059,KE_stipe,0.016,KE_5rib,0.002,MS
2024_10_08_12-06-34.jpg,1645,1131,224,RE_leaf,red_algae_flat_leaf,TRUE,0.533,RE_leaf,0.467,SU_peb,0,SU_cob,0,RE_fil,0,KE_5rib
2024_10_08_12-06-34.jpg,1676,642,224,SU_silt,silt,TRUE,1,SU_silt,0,SU_shell,0,SU_sand,0,SU_cob,0,MS
2024_10_08_12-06-34.jpg,449,4215,224,GR_ulva,green_algae_ulva,TRUE,0.972,GR_ulva,0.027,unknown,0,KE_5rib,0,KE_sieve,0,KE_stipe
2024_10_08_12-06-43.jpg,1186,2182,224,SU_peb,pebble,TRUE,0.789,SU_peb,0.093,SU_sand,0.037,SU_bould,0.034,SU_silt,0.026,SU_shell
2024_10_08_12-06-43.jpg,3175,2219,224,KE_sugar,kelp_sugar,TRUE,1,KE_sugar,0,RE_leaf,0,GR_ulva,0,SU_silt,0,KE_bull
2024_10_08_12-06-43.jpg,1502,2465,224,SU_silt,silt,TRUE,0.976,SU_silt,0.012,SI,0.005,KE_bull,0.003,GR_ulva,0.002,RE_CCA
2024_10_08_12-06-43.jpg,1111,4429,224,GR_ulva,green_algae_ulva,TRUE,1,GR_ulva,0,KE_stipe,0,SU_bould,0,unknown,0,BR_sarg
2024_10_08_12-06-43.jpg,3586,4078,224,KE_sugar,kelp_sugar,TRUE,0.999,SU_silt,0,RE_bush,0,SU_peb,0,SU_cob,0,KE_sieve
2024_10_08_12-06-43.jpg,1471,3005,224,GR_ulva,green_algae_ulva,TRUE,1,GR_ulva,0,RE_leaf,0,unknown,0,KE_5rib,0,RE_fil
2024_10_08_12-06-43.jpg,3277,770,224,KE_sugar,kelp_sugar,TRUE,0.996,SU_silt,0.004,GR_ulva,0,KE_sieve,0,KE_sugar,0,MS
2024_10_08_12-06-43.jpg,1809,2356,224,KE_sugar,kelp_sugar,TRUE,0.414,GR_ulva,0.341,KE_bull,0.223,RE_fil,0.013,KE_sugar,0.005,KE_5rib
2024_10_08_12-06-43.jpg,2235,2294,224,SU_peb,pebble,TRUE,0.84,GR_ulva,0.096,RE_CCA,0.032,MS,0.013,SU_bould,0.009,KE_stipe
2024_10_08_12-06-43.jpg,3493,2936,224,KE_sugar,kelp_sugar,TRUE,0.946,KE_sieve,0.029,KE_bull,0.005,KE_sugar,0.004,RE_bush,0.004,RE_leaf
2024_10_08_12-06-43.jpg,3102,4152,224,SU_silt,silt,TRUE,0.941,SU_silt,0.039,SU_peb,0.012,SU_sand,0.005,SU_shell,0.001,SU_cob
2024_10_08_12-06-43.jpg,1947,3013,224,GR_ulva,green_algae_ulva,TRUE,1,GR_ulva,0,RE_leaf,0,unknown,0,KE_stipe,0,KE_bull
2024_10_08_12-06-43.jpg,3552,1833,224,KE_sugar,kelp_sugar,TRUE,1,KE_sugar,0,SU_silt,0,KE_sieve,0,RE_leaf,0,KE_bull
2024_10_08_12-06-43.jpg,3505,694,224,KE_sugar,kelp_sugar,TRUE,0.975,SU_silt,0.021,KE_5rib,0.001,SU_bould,0.001,unknown,0.001,SU_cob
2024_10_08_12-06-43.jpg,733,1550,224,KE_sugar,kelp_sugar,TRUE,0.737,KE_sugar,0.22,GR_ulva,0.015,MS,0.01,SU_cob,0.01,SU_silt
2024_10_08_12-06-43.jpg,839,1259,224,KE_sugar,kelp_sugar,TRUE,0.892,KE_bull,0.074,GR_ulva,0.017,SU_peb,0.009,MS,0.005,KE_stipe
2024_10_08_12-06-43.jpg,117,3844,224,KE_sugar,kelp_sugar,TRUE,0.945,KE_sugar,0.022,SU_silt,0.015,GR_ulva,0.008,SU_cob,0.003,KE_5rib
2024_10_08_12-06-43.jpg,2564,2606,224,SU_silt,silt,TRUE,1,SU_silt,0,SU_shell,0,KE_sugar,0,MS,0,KE_bull
2024_10_08_12-06-43.jpg,1646,3828,224,GR_ulva,green_algae_ulva,TRUE,1,GR_ulva,0,RE_leaf,0,KE_bull,0,KE_sugar,0,SU_peb
2024_10_08_12-06-43.jpg,3731,1276,224,KE_sugar,kelp_sugar,TRUE,0.615,SU_bould,0.306,SU_cob,0.046,SU_peb,0.029,KE_sieve,0.002,KE_stipe
2024_10_08_12-06-43.jpg,3506,2632,224,MS,mobile_species,TRUE,0.999,MS,0.001,SI,0,KE_sugar,0,KE_holdfas,0,KE_sieve
2024_10_08_12-06-43.jpg,1956,2499,224,BR_filam,brown_algae_filamentous,TRUE,0.986,GR_ulva,0.005,KE_bull,0.004,KE_sieve,0.003,RE_fil,0.001,KE_sugar
2024_10_08_12-06-43.jpg,3490,192,224,KE_sugar,kelp_sugar,TRUE,0.69,GR_ulva,0.281,KE_sugar,0.009,KE_sieve,0.007,unknown,0.007,SU_silt
2024_10_08_12-06-43.jpg,2066,307,224,KE_sugar,kelp_sugar,TRUE,0.786,SU_cob,0.21,SU_silt,0.002,KE_sugar,0.002,BR_fucus,0,KE_sieve
2024_10_08_12-06-43.jpg,1580,2846,224,GR_ulva,green_algae_ulva,TRUE,1,GR_ulva,0,BR_sarg,0,RE_leaf,0,unknown,0,KE_5rib
2024_10_08_12-06-43.jpg,667,2618,224,SU_silt,silt,TRUE,1,SU_silt,0,SU_shell,0,MS,0,GR_ulva,0,SU_sand
2024_10_08_12-06-43.jpg,566,3136,224,GR_ulva,green_algae_ulva,TRUE,1,GR_ulva,0,KE_5rib,0,RE_leaf,0,SU_cob,0,SI
2024_10_08_12-06-43.jpg,1166,3732,224,GR_ulva,green_algae_ulva,TRUE,1,GR_ulva,0,unknown,0,KE_5rib,0,KE_stipe,0,RE_leaf
2024_10_08_12-06-43.jpg,2871,1307,224,KE_sugar,kelp_sugar,TRUE,0.873,KE_sugar,0.03,SU_peb,0.022,KE_sieve,0.02,SU_silt,0.019,BR_sarg
2024_10_08_12-06-43.jpg,3111,3919,224,SU_silt,silt,TRUE,0.993,MS,0.006,GR_ulva,0,KE_stipe,0,SU_peb,0,SU_shell
2024_10_08_12-06-43.jpg,3439,920,224,KE_sugar,kelp_sugar,TRUE,0.937,SU_silt,0.058,KE_sugar,0.001,SU_cob,0.001,unknown,0.001,GR_ulva
2024_10_08_12-06-43.jpg,1843,705,224,KE_sugar,kelp_sugar,TRUE,0.823,KE_sugar,0.078,SU_silt,0.07,KE_5rib,0.022,SU_cob,0.004,RE_CCA
2024_10_08_12-06-43.jpg,263,2869,224,GR_ulva,green_algae_ulva,TRUE,0.998,GR_ulva,0.001,SU_peb,0.001,SU_silt,0,SU_shell,0,MS
2024_10_08_12-06-43.jpg,1499,260,224,GR_ulva,green_algae_ulva,TRUE,0.995,GR_ulva,0.004,SU_cob,0.001,unknown,0,KE_sugar,0,KE_stipe
2024_10_08_12-06-43.jpg,2782,3604,224,SU_cob,cobble,TRUE,0.492,SU_peb,0.275,SU_sand,0.132,KE_stipe,0.049,MS,0.033,SU_cob
2024_10_08_12-06-43.jpg,2397,2679,224,BR_filam,brown_algae_filamentous,TRUE,0.4,KE_bull,0.284,KE_sugar,0.139,SU_silt,0.132,KE_sieve,0.021,GR_ulva
2024_10_08_12-06-43.jpg,1059,392,224,GR_ulva,green_algae_ulva,TRUE,1,GR_ulva,0,unknown,0,KE_5rib,0,KE_stipe,0,RE_leaf
2024_10_08_12-06-43.jpg,2097,4048,224,SU_cob,cobble,TRUE,0.645,GR_ulva,0.325,KE_sugar,0.013,MS,0.008,SU_bould,0.005,BR_sarg
2024_10_08_12-06-43.jpg,1445,3252,224,GR_ulva,green_algae_ulva,TRUE,1,GR_ulva,0,KE_stipe,0,SU_bould,0,KE_bull,0,RE_leaf
2024_10_08_12-06-43.jpg,1668,914,224,KE_sugar,kelp_sugar,TRUE,0.999,KE_sugar,0.001,SU_silt,0,SU_cob,0,MS,0,GR_ulva
2024_10_08_12-06-43.jpg,989,3390,224,GR_ulva,green_algae_ulva,TRUE,1,GR_ulva,0,RE_leaf,0,unknown,0,KE_5rib,0,KE_sugar
2024_10_08_12-06-43.jpg,2680,2306,224,KE_sugar,kelp_sugar,TRUE,0.743,KE_sugar,0.121,GR_ulva,0.039,SU_peb,0.026,SU_cob,0.026,SU_bould
2024_10_08_12-06-43.jpg,959,2800,224,GR_ulva,green_algae_ulva,TRUE,1,GR_ulva,0,KE_bull,0,BR_sarg,0,SU_peb,0,MS
2024_10_08_12-06-43.jpg,2317,1555,224,KE_sugar,kelp_sugar,TRUE,0.945,KE_sugar,0.049,SU_silt,0.003,SU_cob,0.001,GR_ulva,0.001,SU_bould
2024_10_08_12-06-43.jpg,967,1982,224,KE_sugar,kelp_sugar,TRUE,0.976,GR_ulva,0.013,KE_sieve,0.005,KE_bull,0.005,KE_stipe,0,SU_bould
2024_10_08_12-06-43.jpg,724,2374,224,GR_ulva,green_algae_ulva,TRUE,1,GR_ulva,0,MS,0,SU_peb,0,SU_shell,0,RE_leaf
2024_10_08_12-06-43.jpg,605,3260,224,GR_ulva,green_algae_ulva,TRUE,1,GR_ulva,0,KE_5rib,0,RE_leaf,0,SU_peb,0,SI
2024_10_08_12-06-43.jpg,1051,753,224,GR_ulva,green_algae_ulva,TRUE,0.999,GR_ulva,0.001,unknown,0,KE_stipe,0,RE_leaf,0,KE_5rib
2024_10_08_12-06-43.jpg,1288,3714,224,GR_ulva,green_algae_ulva,TRUE,1,GR_ulva,0,KE_bull,0,KE_stipe,0,SI_kelpBry,0,SI
2024_10_08_12-06-43.jpg,1873,2890,224,GR_ulva,green_algae_ulva,TRUE,1,GR_ulva,0,RE_leaf,0,unknown,0,KE_5rib,0,MS
2024_10_08_12-06-52.jpg,926,3835,224,GR_ulva,green_algae_ulva,TRUE,1,GR_ulva,0,RE_leaf,0,KE_5rib,0,unknown,0,MS
2024_10_08_12-06-52.jpg,2510,286,224,GR_ulva,green_algae_ulva,TRUE,1,GR_ulva,0,unknown,0,RE_leaf,0,KE_5rib,0,KE_sugar
2024_10_08_12-06-52.jpg,3366,2411,224,GR_ulva,green_algae_ulva,TRUE,1,GR_ulva,0,RE_leaf,0,SI_kelpBry,0,BR_sarg,0,MS
2024_10_08_12-06-52.jpg,3627,2409,224,GR_ulva,green_algae_ulva,TRUE,1,GR_ulva,0,SU_peb,0,BR_sarg,0,MS,0,RE_leaf
2024_10_08_12-06-52.jpg,2532,3319,224,GR_ulva,green_algae_ulva,TRUE,1,GR_ulva,0,RE_leaf,0,BR_sarg,0,MS,0,RE_CCA
2024_10_08_12-06-52.jpg,2578,643,224,GR_ulva,green_algae_ulva,TRUE,0.999,GR_ulva,0.001,MS,0,KE_bull,0,RE_leaf,0,KE_5rib
2024_10_08_12-06-52.jpg,592,3530,224,GR_ulva,green_algae_ulva,TRUE,1,GR_ulva,0,unknown,0,KE_5rib,0,KE_stipe,0,RE_leaf
2024_10_08_12-06-52.jpg,1249,546,224,GR_ulva,green_algae_ulva,TRUE,0.975,GR_ulva,0.025,unknown,0,KE_sieve,0,KE_5rib,0,KE_stipe
2024_10_08_12-06-52.jpg,2275,2881,224,GR_ulva,green_algae_ulva,TRUE,1,GR_ulva,0,RE_CCA,0,SU_bould,0,KE_stipe,0,KE_sieve
2024_10_08_12-06-52.jpg,968,4162,224,GR_ulva,green_algae_ulva,TRUE,0.994,GR_ulva,0.005,unknown,0.001,KE_5rib,0,RE_leaf,0,KE_sugar
2024_10_08_12-06-52.jpg,3444,1803,224,GR_ulva,green_algae_ulva,TRUE,1,GR_ulva,0,SU_peb,0,KE_bull,0,RE_leaf,0,KE_stipe
2024_10_08_12-06-52.jpg,2343,3597,224,GR_ulva,green_algae_ulva,TRUE,1,GR_ulva,0,RE_leaf,0,unknown,0,KE_sieve,0,BR_sarg
2024_10_08_12-06-52.jpg,3867,986,224,SU_peb,pebble,TRUE,0.989,SU_peb,0.006,MS,0.003,SU_cob,0,SU_shell,0,KE_stipe
2024_10_08_12-06-52.jpg,1986,911,224,GR_ulva,green_algae_ulva,TRUE,1,GR_ulva,0,KE_bull,0,RE_leaf,0,KE_stipe,0,MS
2024_10_08_12-06-52.jpg,714,3398,224,GR_ulva,green_algae_ulva,TRUE,0.999,GR_ulva,0.001,unknown,0,KE_5rib,0,RE_leaf,0,KE_sugar
2024_10_08_12-06-52.jpg,1956,2551,224,GR_ulva,green_algae_ulva,TRUE,1,GR_ulva,0,KE_bull,0,KE_stipe,0,SU_peb,0,SI
2024_10_08_12-06-52.jpg,3075,3831,224,GR_ulva,green_algae_ulva,TRUE,1,GR_ulva,0,unknown,0,SI_kelpBry,0,SU_cob,0,SI
2024_10_08_12-06-52.jpg,1817,643,224,GR_ulva,green_algae_ulva,TRUE,0.999,GR_ulva,0.001,KE_sugar,0,unknown,0,BR_sarg,0,RE_fil
2024_10_08_12-06-52.jpg,1816,2288,224,GR_ulva,green_algae_ulva,TRUE,0.997,GR_ulva,0.003,RE_leaf,0,KE_bull,0,KE_5rib,0,SI
2024_10_08_12-06-52.jpg,280,366,224,GR_ulva,green_algae_ulva,TRUE,0.98,GR_ulva,0.02,unknown,0,KE_5rib,0,RE_leaf,0,KE_stipe
2024_10_08_12-06-52.jpg,3637,1481,224,SU_silt,silt,TRUE,1,SU_silt,0,SU_peb,0,MS,0,SU_shell,0,GR_ulva
2024_10_08_12-06-52.jpg,3188,3766,224,GR_ulva,green_algae_ulva,TRUE,1,GR_ulva,0,unknown,0,RE_leaf,0,KE_stipe,0,SI_kelpBry
2024_10_08_12-06-52.jpg,3555,948,224,SU_cob,cobble,TRUE,0.673,SU_bould,0.185,SU_shell,0.085,MS,0.042,KE_stipe,0.012,SU_cob
2024_10_08_12-06-52.jpg,412,1508,224,GR_ulva,green_algae_ulva,TRUE,0.97,GR_ulva,0.024,KE_stipe,0.004,MS,0.001,BR_fucus,0,unknown
2024_10_08_12-06-52.jpg,616,4133,224,GR_ulva,green_algae_ulva,TRUE,1,GR_ulva,0,SU_cob,0,KE_5rib,0,unknown,0,BR_sarg
2024_10_08_12-06-52.jpg,3204,1185,224,SU_silt,silt,TRUE,1,SU_silt,0,SU_shell,0,MS,0,SU_sand,0,GR_ulva
2024_10_08_12-06-52.jpg,3681,3712,224,SU_silt,silt,TRUE,0.819,GR_ulva,0.063,KE_stipe,0.055,MS,0.025,SU_shell,0.023,SI_kelpBry
2024_10_08_12-06-52.jpg,1580,806,224,GR_ulva,green_algae_ulva,TRUE,1,GR_ulva,0,KE_stipe,0,KE_bull,0,KE_sieve,0,BR_sarg
2024_10_08_12-06-52.jpg,2372,2366,224,GR_ulva,green_algae_ulva,TRUE,1,GR_ulva,0,KE_bull,0,RE_CCA,0,RE_leaf,0,KE_stipe
2024_10_08_12-06-52.jpg,2028,3783,224,GR_ulva,green_algae_ulva,TRUE,1,GR_ulva,0,KE_sieve,0,unknown,0,RE_leaf,0,KE_stipe
2024_10_08_12-06-52.jpg,1170,3647,224,GR_ulva,green_algae_ulva,TRUE,1,GR_ulva,0,BR_sarg,0,SU_peb,0,SU_bould,0,MS
2024_10_08_12-06-52.jpg,1083,3086,224,GR_ulva,green_algae_ulva,TRUE,1,GR_ulva,0,BR_sarg,0,RE_leaf,0,KE_bull,0,KE_stipe
2024_10_08_12-06-52.jpg,1630,2438,224,GR_ulva,green_algae_ulva,TRUE,1,GR_ulva,0,RE_leaf,0,KE_sieve,0,KE_bull,0,KE_5rib
2024_10_08_12-06-52.jpg,2406,3438,224,GR_ulva,green_algae_ulva,TRUE,1,GR_ulva,0,RE_leaf,0,unknown,0,BR_sarg,0,MS
2024_10_08_12-06-52.jpg,1303,1982,224,GR_ulva,green_algae_ulva,TRUE,1,GR_ulva,0,RE_leaf,0,BR_sarg,0,KE_bull,0,unknown
2024_10_08_12-06-52.jpg,857,1607,224,GR_ulva,green_algae_ulva,TRUE,0.992,GR_ulva,0.007,KE_bull,0.001,KE_stipe,0,BR_sarg,0,MS
2024_10_08_12-06-52.jpg,702,3014,224,GR_ulva,green_algae_ulva,TRUE,1,GR_ulva,0,RE_leaf,0,unknown,0,KE_5rib,0,BR_sarg
2024_10_08_12-06-52.jpg,2517,525,224,GR_ulva,green_algae_ulva,TRUE,1,GR_ulva,0,unknown,0,BR_sarg,0,MS,0,KE_sieve
2024_10_08_12-06-52.jpg,1696,4402,224,GR_ulva,green_algae_ulva,TRUE,1,GR_ulva,0,unknown,0,BR_sarg,0,RE_leaf,0,KE_5rib
2024_10_08_12-06-52.jpg,2743,3825,224,GR_ulva,green_algae_ulva,TRUE,1,GR_ulva,0,unknown,0,RE_leaf,0,SI_kelpBry,0,MS
2024_10_08_12-06-52.jpg,1308,2895,224,GR_ulva,green_algae_ulva,TRUE,1,GR_ulva,0,SU_bould,0,KE_stipe,0,BR_sarg,0,KE_sieve
2024_10_08_12-06-52.jpg,443,892,224,SU_cob,cobble,TRUE,0.501,SU_cob,0.291,KE_stipe,0.153,GR_ulva,0.025,SU_shell,0.023,SU_peb
2024_10_08_12-06-52.jpg,3126,2285,224,GR_ulva,green_algae_ulva,TRUE,1,GR_ulva,0,RE_leaf,0,BR_sarg,0,unknown,0,MS
2024_10_08_12-06-52.jpg,3589,2191,224,SU_peb,pebble,TRUE,1,GR_ulva,0,BR_sarg,0,SU_cob,0,KE_stipe,0,SU_peb
2024_10_08_12-06-52.jpg,1703,201,224,GR_ulva,green_algae_ulva,TRUE,1,GR_ulva,0,RE_leaf,0,unknown,0,MS,0,KE_sugar
2024_10_08_12-06-52.jpg,2180,153,224,GR_ulva,green_algae_ulva,TRUE,1,GR_ulva,0,KE_stipe,0,unknown,0,KE_5rib,0,RE_leaf
2024_10_08_12-06-52.jpg,1072,1710,224,GR_ulva,green_algae_ulva,TRUE,1,GR_ulva,0,RE_leaf,0,MS,0,unknown,0,KE_bull
2024_10_08_12-06-52.jpg,170,1302,224,GR_ulva,green_algae_ulva,TRUE,0.999,GR_ulva,0,MS,0,unknown,0,SI_kelpBry,0,KE_5rib
2024_10_08_12-06-52.jpg,588,3956,224,SU_peb,pebble,TRUE,0.951,SU_peb,0.048,GR_ulva,0,KE_stipe,0,MS,0,SU_shell
2024_10_08_12-06-52.jpg,2080,3536,224,GR_ulva,green_algae_ulva,TRUE,1,GR_ulva,0,RE_leaf,0,KE_sieve,0,unknown,0,BR_sarg
2024_10_08_12-07-01.jpg,1763,2785,224,KE_sugar,kelp_sugar,TRUE,0.998,KE_sugar,0.002,SU_silt,0,GR_ulva,0,SU_bould,0,unknown
2024_10_08_12-07-01.jpg,113,753,224,SU_cob,cobble,TRUE,0.788,SU_cob,0.153,GR_ulva,0.049,SU_bould,0.005,SU_silt,0.002,SU_shell
2024_10_08_12-07-01.jpg,2516,3018,224,KE_sugar,kelp_sugar,TRUE,0.828,KE_sieve,0.132,BR_sarg,0.011,RE_branch,0.009,SU_cob,0.005,KE_sugar
2024_10_08_12-07-01.jpg,2069,528,224,SU_silt,silt,TRUE,0.932,GR_ulva,0.024,SU_silt,0.02,SU_cob,0.017,SU_peb,0.007,SU_bould
2024_10_08_12-07-01.jpg,3386,3595,224,SU_sand,sand_fine_shell,TRUE,0.656,SU_peb,0.333,SU_cob,0.003,MS,0.003,SU_shell,0.003,GR_ulva
2024_10_08_12-07-01.jpg,3823,620,224,GR_ulva,green_algae_ulva,TRUE,1,GR_ulva,0,SU_peb,0,KE_5rib,0,SU_cob,0,KE_stipe
2024_10_08_12-07-01.jpg,2680,2626,224,SU_peb,pebble,TRUE,0.572,GR_ulva,0.418,SU_peb,0.008,KE_bull,0.001,BR_sarg,0.001,RE_CCA
2024_10_08_12-07-01.jpg,2963,3633,224,SU_peb,pebble,TRUE,0.997,SU_peb,0.002,SU_cob,0.001,SU_silt,0,MS,0,SU_shell
2024_10_08_12-07-01.jpg,3637,2786,224,SU_silt,silt,TRUE,0.958,SU_silt,0.028,SU_cob,0.007,SU_bould,0.006,KE_stipe,0,BR_fucus
2024_10_08_12-07-01.jpg,2941,611,224,GR_ulva,green_algae_ulva,TRUE,1,GR_ulva,0,SU_peb,0,BR_sarg,0,MS,0,SU_cob
2024_10_08_12-07-01.jpg,3580,1957,224,GR_ulva,green_algae_ulva,TRUE,0.999,GR_ulva,0.001,unknown,0,RE_leaf,0,KE_5rib,0,BR_sarg
2024_10_08_12-07-01.jpg,3451,2548,224,GR_ulva,green_algae_ulva,TRUE,1,GR_ulva,0,KE_stipe,0,SI_kelpBry,0,KE_bull,0,BR_sarg
2024_10_08_12-07-01.jpg,2703,1787,224,GR_ulva,green_algae_ulva,TRUE,1,GR_ulva,0,RE_leaf,0,KE_5rib,0,unknown,0,BR_sarg
2024_10_08_12-07-01.jpg,506,3367,224,KE_sugar,kelp_sugar,TRUE,0.61,KE_stipe,0.389,MS,0.001,GR_ulva,0,SU_cob,0,SU_shell
2024_10_08_12-07-01.jpg,3623,614,224,GR_ulva,green_algae_ulva,TRUE,1,GR_ulva,0,unknown,0,KE_5rib,0,MS,0,RE_leaf
2024_10_08_12-07-01.jpg,3208,1022,224,SU_peb,pebble,TRUE,0.58,SU_cob,0.259,SU_peb,0.062,SU_bould,0.06,MS,0.023,SU_sand
2024_10_08_12-07-01.jpg,594,952,224,GR_ulva,green_algae_ulva,TRUE,1,GR_ulva,0,SU_peb,0,SU_bould,0,SU_cob,0,BR_sarg
2024_10_08_12-07-01.jpg,2434,3914,224,KE_sugar,kelp_sugar,TRUE,0.952,SU_cob,0.026,SU_peb,0.015,SU_bould,0.003,MS,0.002,KE_sieve
2024_10_08_12-07-01.jpg,2713,1079,224,SU_peb,pebble,TRUE,0.949,SU_silt,0.038,SU_peb,0.01,GR_ulva,0.001,MS,0.001,SU_cob
2024_10_08_12-07-01.jpg,3360,4038,224,SU_silt,silt,TRUE,0.944,MS,0.05,SU_silt,0.005,SU_cob,0.001,SU_shell,0,SU_peb
2024_10_08_12-07-01.jpg,2434,811,224,SU_peb,pebble,TRUE,0.872,SU_peb,0.121,SU_cob,0.006,GR_ulva,0,MS,0,SU_shell
2024_10_08_12-07-01.jpg,824,4431,224,KE_sugar,kelp_sugar,TRUE,0.618,SU_cob,0.355,KE_sugar,0.01,SU_bould,0.005,KE_5rib,0.005,SU_silt
2024_10_08_12-07-01.jpg,2563,4472,224,SU_peb,pebble,TRUE,0.803,SU_cob,0.187,SU_peb,0.007,RE_CCA,0.002,MS,0.001,GR_ulva
2024_10_08_12-07-01.jpg,2375,1377,224,GR_ulva,green_algae_ulva,TRUE,1,GR_ulva,0,SU_peb,0,KE_stipe,0,SU_cob,0,SU_bould
2024_10_08_12-07-01.jpg,3212,1600,224,GR_ulva,green_algae_ulva,TRUE,1,GR_ulva,0,RE_leaf,0,unknown,0,KE_5rib,0,BR_sarg
2024_10_08_12-07-01.jpg,3668,1340,224,GR_ulva,green_algae_ulva,TRUE,0.998,GR_ulva,0.001,SU_peb,0,KE_sugar,0,MS,0,RE_leaf
2024_10_08_12-07-01.jpg,2453,4158,224,KE_sugar,kelp_sugar,TRUE,0.847,SU_peb,0.151,SU_cob,0.001,SU_bould,0.001,SU_silt,0,SU_shell
2024_10_08_12-07-01.jpg,3144,4472,224,GR_ulva,green_algae_ulva,TRUE,1,GR_ulva,0,BR_sarg,0,KE_stipe,0,KE_bull,0,BR_fucus
2024_10_08_12-07-01.jpg,260,2727,224,KE_sugar,kelp_sugar,TRUE,0.589,SU_silt,0.127,KE_sugar,0.12,GR_ulva,0.085,SU_bould,0.033,SU_cob
2024_10_08_12-07-01.jpg,790,418,224,GR_ulva,green_algae_ulva,TRUE,1,GR_ulva,0,unknown,0,KE_sieve,0,KE_5rib,0,KE_stipe
2024_10_08_12-07-01.jpg,2091,1048,224,SU_silt,silt,TRUE,1,SU_silt,0,SU_cob,0,SU_shell,0,SU_bould,0,GR_ulva
2024_10_08_12-07-01.jpg,980,758,224,GR_ulva,green_algae_ulva,TRUE,0.795,GR_ulva,0.203,unknown,0,KE_stipe,0,KE_sieve,0,RE_bush
2024_10_08_12-07-01.jpg,1615,1693,224,GR_ulva,green_algae_ulva,TRUE,1,GR_ulva,0,KE_bull,0,SU_peb,0,SI_kelpBry,0,SU_shell
2024_10_08_12-07-01.jpg,1232,589,224,GR_ulva,green_algae_ulva,TRUE,1,GR_ulva,0,unknown,0,SU_bould,0,KE_stipe,0,SU_peb
2024_10_08_12-07-01.jpg,1811,1630,224,GR_ulva,green_algae_ulva,TRUE,0.999,GR_ulva,0,RE_leaf,0,MS,0,KE_bull,0,SI_kelpBry
2024_10_08_12-07-01.jpg,3508,1200,224,GR_ulva,green_algae_ulva,TRUE,0.988,GR_ulva,0.012,SU_peb,0,SU_cob,0,MS,0,SU_shell
2024_10_08_12-07-01.jpg,1588,321,224,GR_ulva,green_algae_ulva,TRUE,1,GR_ulva,0,RE_leaf,0,KE_5rib,0,unknown,0,BR_sarg
2024_10_08_12-07-01.jpg,1261,476,224,GR_ulva,green_algae_ulva,TRUE,0.999,GR_ulva,0,SU_peb,0,KE_bull,0,SU_bould,0,unknown
2024_10_08_12-07-01.jpg,1923,4018,224,SU_cob,cobble,TRUE,0.997,SU_sand,0.002,SU_cob,0,MS,0,SU_peb,0,SU_silt
2024_10_08_12-07-01.jpg,387,4474,224,KE_sugar,kelp_sugar,TRUE,0.758,SU_cob,0.213,SU_peb,0.021,SU_silt,0.006,GR_ulva,0.001,SU_bould
2024_10_08_12-07-01.jpg,3684,3961,224,KE_sugar,kelp_sugar,TRUE,0.963,KE_sugar,0.017,SU_silt,0.006,SU_cob,0.005,KE_5rib,0.004,SU_bould
2024_10_08_12-07-01.jpg,1224,3413,224,SU_silt,silt,TRUE,0.592,SU_cob,0.192,SU_silt,0.16,SU_bould,0.043,SU_shell,0.007,SU_sand
2024_10_08_12-07-01.jpg,1798,3985,224,SU_sand,sand_fine_shell,TRUE,0.678,SU_peb,0.313,SU_sand,0.007,SU_cob,0.001,SU_silt,0,SU_bould
2024_10_08_12-07-01.jpg,902,1882,224,KE_sugar,kelp_sugar,TRUE,1,GR_ulva,0,BR_sarg,0,KE_sugar,0,SU_bould,0,SU_cob
2024_10_08_12-07-01.jpg,1501,3299,224,SU_sand,sand_fine_shell,TRUE,1,SU_sand,0,SU_silt,0,SU_peb,0,SU_shell,0,RE_CCA
2024_10_08_12-07-01.jpg,3220,3356,224,GR_ulva,green_algae_ulva,TRUE,1,GR_ulva,0,SU_peb,0,MS,0,SU_cob,0,SI_kelpBry
2024_10_08_12-07-01.jpg,748,1864,224,GR_ulva,green_algae_ulva,TRUE,1,GR_ulva,0,KE_stipe,0,SU_peb,0,KE_bull,0,SU_cob
2024_10_08_12-07-01.jpg,1698,642,224,GR_ulva,green_algae_ulva,TRUE,1,GR_ulva,0,SU_bould,0,BR_sarg,0,unknown,0,MS
2024_10_08_12-07-01.jpg,2680,1985,224,GR_ulva,green_algae_ulva,TRUE,1,GR_ulva,0,RE_leaf,0,KE_bull,0,RE_CCA,0,RE_fil
2024_10_08_12-07-01.jpg,661,4423,224,KE_sugar,kelp_sugar,TRUE,0.972,KE_sugar,0.022,SU_bould,0.005,GR_ulva,0.001,KE_5rib,0,MS
2024_10_08_12-07-10.jpg,769,1710,224,SU_peb,pebble,TRUE,0.784,SU_cob,0.172,SU_peb,0.034,SU_sand,0.008,SU_bould,0.001,SU_silt
2024_10_08_12-07-10.jpg,2371,3576,224,KE_sugar,kelp_sugar,TRUE,0.621,KE_sugar,0.378,KE_sieve,0,MS,0,RE_leaf,0,KE_5rib
2024_10_08_12-07-10.jpg,2623,1701,224,KE_sugar,kelp_sugar,TRUE,0.982,KE_sugar,0.016,KE_5rib,0.002,KE_sieve,0,RE_leaf,0,KE_bull
2024_10_08_12-07-10.jpg,300,3953,224,GR_ulva,green_algae_ulva,TRUE,1,GR_ulva,0,KE_5rib,0,KE_stipe,0,KE_sieve,0,MS
2024_10_08_12-07-10.jpg,2275,2908,224,KE_5rib,kelp_five_rib,TRUE,1,KE_5rib,0,KE_sieve,0,KE_stipe,0,RE_leaf,0,KE_sugar
2024_10_08_12-07-10.jpg,2326,1441,224,KE_5rib,kelp_five_rib,TRUE,0.958,KE_sugar,0.027,KE_sieve,0.01,BR_sarg,0.002,RE_branch,0.001,GR_ulva
2024_10_08_12-07-10.jpg,1718,1979,224,KE_5rib,kelp_five_rib,TRUE,0.971,KE_sieve,0.017,KE_sugar,0.004,GR_ulva,0.003,SU_bould,0.003,KE_bull
2024_10_08_12-07-10.jpg,3547,4353,224,GR_ulva,green_algae_ulva,TRUE,0.455,GR_ulva,0.427,SU_peb,0.049,MS,0.039,SU_bould,0.02,SU_silt
2024_10_08_12-07-10.jpg,1467,2591,224,KE_sugar,kelp_sugar,TRUE,0.886,KE_5rib,0.11,KE_sugar,0.002,KE_sieve,0.001,GR_ulva,0,SI
2024_10_08_12-07-10.jpg,3726,1509,224,BR_sarg,brown_algae_sargassum,TRUE,0.876,BR_sarg,0.118,GR_ulva,0.002,KE_stipe,0.002,BR_fucus,0.002,RE_branch
2024_10_08_12-07-10.jpg,3515,1779,224,BR_sarg,brown_algae_sargassum,TRUE,0.765,RE_branch,0.189,BR_sarg,0.03,BR_fucus,0.006,RE_bush,0.005,SU_bould
2024_10_08_12-07-10.jpg,2425,944,224,KE_5rib,kelp_five_rib,TRUE,0.829,KE_sugar,0.105,SU_cob,0.027,SU_bould,0.009,GR_ulva,0.009,SU_silt
2024_10_08_12-07-10.jpg,3685,2999,224,GR_ulva,green_algae_ulva,TRUE,1,GR_ulva,0,KE_stipe,0,BR_sarg,0,BR_fucus,0,unknown
2024_10_08_12-07-10.jpg,256,4236,224,GR_ulva,green_algae_ulva,TRUE,1,GR_ulva,0,KE_stipe,0,unknown,0,BR_sarg,0,BR_fucus
2024_10_08_12-07-10.jpg,2360,3812,224,KE_sugar,kelp_sugar,TRUE,0.481,KE_sieve,0.45,KE_sugar,0.062,GR_ulva,0.003,KE_5rib,0.002,MS
2024_10_08_12-07-10.jpg,1873,2727,224,KE_5rib,kelp_five_rib,TRUE,0.989,KE_sieve,0.005,RE_branch,0.003,RE_fil,0.001,RE_leaf,0.001,SU_bould
2024_10_08_12-07-10.jpg,347,2659,224,GR_ulva,green_algae_ulva,TRUE,1,GR_ulva,0,KE_5rib,0,unknown,0,RE_leaf,0,KE_sugar
2024_10_08_12-07-10.jpg,1308,361,224,GR_ulva,green_algae_ulva,TRUE,1,GR_ulva,0,BR_sarg,0,MS,0,unknown,0,KE_5rib
2024_10_08_12-07-10.jpg,1050,4080,224,GR_ulva,green_algae_ulva,TRUE,0.386,GR_ulva,0.249,unknown,0.237,RE_leaf,0.063,KE_stipe,0.056,KE_sugar
2024_10_08_12-07-10.jpg,1030,2740,224,KE_sugar,kelp_sugar,TRUE,0.998,KE_sugar,0.002,KE_5rib,0,RE_leaf,0,GR_ulva,0,unknown
2024_10_08_12-07-10.jpg,2392,1614,224,KE_sugar,kelp_sugar,TRUE,1,KE_sugar,0,RE_leaf,0,KE_sieve,0,MS,0,KE_5rib
2024_10_08_12-07-10.jpg,389,1502,224,GR_ulva,green_algae_ulva,TRUE,0.967,GR_ulva,0.029,KE_stipe,0.003,MS,0,SI,0,SU_peb
2024_10_08_12-07-10.jpg,1578,4056,224,GR_ulva,green_algae_ulva,TRUE,1,GR_ulva,0,BR_sarg,0,KE_sieve,0,unknown,0,KE_stipe
2024_10_08_12-07-10.jpg,1987,1571,224,KE_5rib,kelp_five_rib,TRUE,0.432,SU_cob,0.239,SU_silt,0.114,SU_peb,0.087,KE_sugar,0.083,SU_bould
2024_10_08_12-07-10.jpg,543,998,224,GR_ulva,green_algae_ulva,TRUE,1,GR_ulva,0,KE_bull,0,unknown,0,KE_stipe,0,RE_leaf
2024_10_08_12-07-10.jpg,3116,3903,224,BR_sarg,brown_algae_sargassum,TRUE,0.994,BR_sarg,0.005,SU_sand,0.001,SU_bould,0,SU_cob,0,SU_peb
2024_10_08_12-07-10.jpg,2744,4009,224,KE_5rib,kelp_five_rib,TRUE,0.9,KE_5rib,0.039,RE_leaf,0.026,RE_branch,0.025,MS,0.005,KE_stipe
2024_10_08_12-07-10.jpg,2749,232,224,SU_peb,pebble,TRUE,0.976,SU_peb,0.023,SU_bould,0.001,GR_ulva,0,SU_cob,0,KE_stipe
2024_10_08_12-07-10.jpg,812,4201,224,KE_sugar,kelp_sugar,TRUE,0.579,GR_ulva,0.259,KE_sugar,0.135,SU_cob,0.009,SU_peb,0.005,KE_stipe
2024_10_08_12-07-10.jpg,2791,3299,224,KE_5rib,kelp_five_rib,TRUE,0.999,KE_5rib,0,BR_sarg,0,KE_stipe,0,RE_fil,0,BR_fucus
2024_10_08_12-07-10.jpg,733,1836,224,SU_peb,pebble,TRUE,0.671,GR_ulva,0.322,SU_peb,0.002,KE_stipe,0.002,MS,0.002,SU_bould
2024_10_08_12-07-10.jpg,348,351,224,GR_ulva,green_algae_ulva,TRUE,0.999,GR_ulva,0.001,unknown,0,KE_5rib,0,RE_leaf,0,KE_stipe
2024_10_08_12-07-10.jpg,3911,2440,224,SU_silt,silt,TRUE,0.963,SU_silt,0.032,SU_peb,0.003,SU_cob,0.001,GR_ulva,0,SU_bould
2024_10_08_12-07-10.jpg,896,2067,224,GR_ulva,green_algae_ulva,TRUE,1,GR_ulva,0,SU_bould,0,KE_bull,0,SU_peb,0,KE_stipe
2024_10_08_12-07-10.jpg,2554,1051,224,KE_5rib,kelp_five_rib,TRUE,0.899,SU_cob,0.044,KE_sugar,0.042,SU_bould,0.012,SU_silt,0.001,KE_5rib
2024_10_08_12-07-10.jpg,2373,2616,224,GR_ulva,green_algae_ulva,TRUE,0.999,KE_5rib,0.001,KE_sieve,0,KE_sugar,0,RE_leaf,0,GR_ulva
2024_10_08_12-07-10.jpg,1154,1598,224,GR_ulva,green_algae_ulva,TRUE,0.923,GR_ulva,0.047,KE_stipe,0.016,MS,0.009,SU_peb,0.004,SU_shell
2024_10_08_12-07-10.jpg,2244,1283,224,KE_5rib,kelp_five_rib,TRUE,0.868,KE_sugar,0.037,KE_sieve,0.025,SU_bould,0.019,GR_ulva,0.009,SU_cob
2024_10_08_12-07-10.jpg,2989,402,224,SU_peb,pebble,TRUE,0.835,SU_peb,0.159,SU_shell,0.006,SU_sand,0,GR_ulva,0,MS
2024_10_08_12-07-10.jpg,2401,4114,224,BR_sarg,brown_algae_sargassum,TRUE,0.638,BR_sarg,0.157,GR_ulva,0.095,RE_bush,0.042,RE_branch,0.018,SU_cob
2024_10_08_12-07-10.jpg,2876,1150,224,SU_silt,silt,TRUE,0.992,SU_silt,0.005,SU_shell,0.002,SU_sand,0.001,SU_peb,0,MS
2024_10_08_12-07-10.jpg,3416,3288,224,GR_ulva,green_algae_ulva,TRUE,0.983,GR_ulva,0.011,SU_peb,0.005,KE_bull,0.001,BR_sarg,0,KE_stipe
2024_10_08_12-07-10.jpg,2441,641,224,KE_5rib,kelp_five_rib,TRUE,0.761,SU_bould,0.174,SU_silt,0.058,SU_cob,0.005,GR_ulva,0.001,RE_CCA
2024_10_08_12-07-10.jpg,2461,3087,224,KE_5rib,kelp_five_rib,TRUE,0.996,KE_5rib,0.004,KE_sieve,0,KE_sugar,0,KE_stipe,0,RE_leaf
2024_10_08_12-07-10.jpg,1292,2634,224,KE_sugar,kelp_sugar,TRUE,0.985,KE_5rib,0.012,KE_sugar,0.001,KE_sieve,0.001,RE_leaf,0,GR_ulva
2024_10_08_12-07-10.jpg,1323,610,224,SU_peb,pebble,TRUE,0.873,SU_peb,0.081,GR_ulva,0.028,SU_cob,0.009,SU_sand,0.004,MS
2024_10_08_12-07-10.jpg,3485,1447,224,SU_peb,pebble,TRUE,0.901,SU_peb,0.094,GR_ulva,0.002,KE_stipe,0.001,MS,0.001,KE_bull
2024_10_08_12-07-10.jpg,375,4087,224,GR_ulva,green_algae_ulva,TRUE,0.999,GR_ulva,0.001,unknown,0,KE_stipe,0,BR_sarg,0,SU_cob
2024_10_08_12-07-10.jpg,479,2110,224,GR_ulva,green_algae_ulva,TRUE,1,GR_ulva,0,RE_leaf,0,KE_5rib,0,KE_sugar,0,KE_sieve
2024_10_08_12-07-10.jpg,3376,161,224,BR_sarg,brown_algae_sargassum,TRUE,0.392,GR_ulva,0.289,MS,0.114,RE_bush,0.091,SU_silt,0.073,SU_peb
2024_10_08_12-07-19.jpg,2175,1613,224,KE_sugar,kelp_sugar,TRUE,0.988,KE_sugar,0.012,KE_sieve,0,KE_5rib,0,MS,0,GR_ulva
2024_10_08_12-07-19.jpg,3034,619,224,GR_ulva,green_algae_ulva,TRUE,0.998,GR_ulva,0.002,unknown,0.001,KE_sieve,0,RE_leaf,0,KE_stipe
2024_10_08_12-07-19.jpg,624,489,224,GR_ulva,green_algae_ulva,TRUE,0.997,GR_ulva,0.003,unknown,0,KE_sieve,0,KE_5rib,0,KE_stipe
2024_10_08_12-07-19.jpg,3252,1987,224,KE_sugar,kelp_sugar,TRUE,0.509,RE_leaf,0.232,KE_sieve,0.18,KE_sugar,0.029,KE_stipe,0.023,GR_ulva
2024_10_08_12-07-19.jpg,2030,1756,224,KE_sugar,kelp_sugar,TRUE,0.533,KE_sieve,0.466,KE_sugar,0,SU_cob,0,MS,0,BR_sarg
2024_10_08_12-07-19.jpg,1499,794,224,GR_ulva,green_algae_ulva,TRUE,1,GR_ulva,0,KE_sugar,0,KE_stipe,0,unknown,0,SU_bould
2024_10_08_12-07-19.jpg,947,1527,224,SU_cob,cobble,TRUE,0.97,SU_peb,0.017,KE_stipe,0.004,SU_bould,0.003,MS,0.003,SU_cob
2024_10_08_12-07-19.jpg,3533,3427,224,GR_ulva,green_algae_ulva,TRUE,1,GR_ulva,0,KE_sieve,0,unknown,0,KE_5rib,0,RE_leaf
2024_10_08_12-07-19.jpg,452,1878,224,RE_bush,red_algae_bushy,TRUE,1,RE_bush,0,MS,0,RE_leaf,0,RE_branch,0,SU_sand
2024_10_08_12-07-19.jpg,2226,1149,224,KE_sugar,kelp_sugar,TRUE,0.517,KE_sugar,0.326,RE_leaf,0.119,RE_fil,0.026,RE_bush,0.005,KE_sieve
2024_10_08_12-07-19.jpg,1762,4132,224,GR_ulva,green_algae_ulva,TRUE,0.944,GR_ulva,0.021,BR_sarg,0.014,KE_stipe,0.012,KE_sugar,0.007,SU_bould
2024_10_08_12-07-19.jpg,1980,3888,224,GR_ulva,green_algae_ulva,TRUE,1,GR_ulva,0,BR_sarg,0,SU_bould,0,RE_fil,0,KE_stipe
2024_10_08_12-07-19.jpg,1422,2656,224,KE_sugar,kelp_sugar,TRUE,0.965,KE_sieve,0.035,KE_sugar,0,SU_cob,0,KE_stipe,0,KE_holdfas
2024_10_08_12-07-19.jpg,2256,2368,224,KE_sugar,kelp_sugar,TRUE,0.944,KE_sugar,0.049,RE_leaf,0.004,KE_sieve,0.001,SU_bould,0.001,KE_5rib
2024_10_08_12-07-19.jpg,1442,332,224,GR_ulva,green_algae_ulva,TRUE,0.985,GR_ulva,0.014,unknown,0,RE_leaf,0,SU_bould,0,RE_fil
2024_10_08_12-07-19.jpg,1648,3833,224,GR_ulva,green_algae_ulva,TRUE,0.999,GR_ulva,0,BR_sarg,0,BR_fucus,0,RE_bush,0,KE_stipe
2024_10_08_12-07-19.jpg,1132,3865,224,GR_ulva,green_algae_ulva,TRUE,1,GR_ulva,0,BR_sarg,0,unknown,0,BR_fucus,0,KE_stipe
2024_10_08_12-07-19.jpg,3045,118,224,GR_ulva,green_algae_ulva,TRUE,0.709,unknown,0.291,GR_ulva,0,KE_sieve,0,SU_silt,0,KE_stipe
2024_10_08_12-07-19.jpg,193,1060,224,GR_ulva,green_algae_ulva,TRUE,1,GR_ulva,0,unknown,0,KE_stipe,0,MS,0,BR_sarg
2024_10_08_12-07-19.jpg,3709,1988,224,KE_sugar,kelp_sugar,TRUE,0.985,KE_sugar,0.013,KE_sieve,0.001,SU_bould,0.001,RE_leaf,0,GR_ulva
2024_10_08_12-07-19.jpg,1212,2318,224,BR_sarg,brown_algae_sargassum,TRUE,0.583,KE_stipe,0.268,BR_sarg,0.134,KE_holdfas,0.008,RE_bush,0.004,RE_fil
2024_10_08_12-07-19.jpg,2124,3572,224,KE_sugar,kelp_sugar,TRUE,0.923,GR_ulva,0.059,RE_leaf,0.005,MS,0.003,KE_stipe,0.003,KE_sieve
2024_10_08_12-07-19.jpg,1757,1254,224,GR_ulva,green_algae_ulva,TRUE,0.52,KE_sieve,0.293,GR_ulva,0.079,BR_sarg,0.075,KE_stipe,0.009,MS
2024_10_08_12-07-19.jpg,2962,970,224,GR_ulva,green_algae_ulva,TRUE,1,GR_ulva,0,RE_leaf,0,KE_sieve,0,unknown,0,BR_sarg
2024_10_08_12-07-19.jpg,520,2836,224,BR_sarg,brown_algae_sargassum,TRUE,0.95,BR_sarg,0.042,RE_CCA,0.004,RE_bush,0.003,SU_bould,0.001,KE_holdfas
2024_10_08_12-07-19.jpg,758,1448,224,SU_peb,pebble,TRUE,0.657,SU_peb,0.198,MS,0.098,KE_stipe,0.023,SU_shell,0.021,RE_bush
2024_10_08_12-07-19.jpg,414,1542,224,RE_bush,red_algae_bushy,TRUE,0.805,RE_bush,0.154,GR_ulva,0.04,SU_peb,0.001,SU_sand,0,MS
2024_10_08_12-07-19.jpg,2979,3030,224,SU_cob,cobble,TRUE,0.598,SU_peb,0.381,SU_cob,0.009,SU_bould,0.005,KE_stipe,0.003,MS
2024_10_08_12-07-19.jpg,235,591,224,GR_ulva,green_algae_ulva,TRUE,0.998,GR_ulva,0.002,unknown,0,KE_5rib,0,SU_cob,0,RE_leaf
2024_10_08_12-07-19.jpg,1705,621,224,GR_ulva,green_algae_ulva,TRUE,1,GR_ulva,0,KE_sieve,0,unknown,0,KE_stipe,0,SU_bould
2024_10_08_12-07-19.jpg,910,1708,224,RE_bush,red_algae_bushy,TRUE,0.408,GR_ulva,0.374,SU_peb,0.195,SU_cob,0.02,RE_bush,0.002,SU_silt
2024_10_08_12-07-19.jpg,3729,398,224,GR_ulva,green_algae_ulva,TRUE,0.73,GR_ulva,0.269,unknown,0,SU_bould,0,KE_stipe,0,MS
2024_10_08_12-07-19.jpg,1559,3255,224,KE_sugar,kelp_sugar,TRUE,0.882,BR_sarg,0.046,SU_peb,0.03,KE_sieve,0.029,BR_fucus,0.008,KE_stipe
2024_10_08_12-07-19.jpg,1164,162,224,GR_ulva,green_algae_ulva,TRUE,0.986,GR_ulva,0.014,unknown,0,KE_5rib,0,KE_stipe,0,BR_sarg
2024_10_08_12-07-19.jpg,3541,3812,224,GR_ulva,green_algae_ulva,TRUE,1,GR_ulva,0,KE_sieve,0,KE_stipe,0,MS,0,KE_bull
2024_10_08_12-07-19.jpg,665,1782,224,RE_bush,red_algae_bushy,TRUE,1,RE_bush,0,MS,0,SI,0,RE_branch,0,SU_sand
2024_10_08_12-07-19.jpg,862,4272,224,GR_ulva,green_algae_ulva,TRUE,1,GR_ulva,0,SU_peb,0,MS,0,SU_cob,0,SU_shell
2024_10_08_12-07-19.jpg,1679,3520,224,SU_peb,pebble,TRUE,0.863,SU_peb,0.127,GR_ulva,0.004,RE_CCA,0.003,SU_cob,0.002,MS
2024_10_08_12-07-19.jpg,2542,1282,224,GR_ulva,green_algae_ulva,TRUE,1,GR_ulva,0,KE_sieve,0,KE_stipe,0,RE_leaf,0,MS
2024_10_08_12-07-19.jpg,1720,174,224,GR_ulva,green_algae_ulva,TRUE,0.883,GR_ulva,0.117,unknown,0,KE_stipe,0,MS,0,BR_sarg
2024_10_08_12-07-19.jpg,2161,4043,224,GR_ulva,green_algae_ulva,TRUE,0.991,GR_ulva,0.009,KE_sieve,0,BR_sarg,0,KE_stipe,0,SU_silt
2024_10_08_12-07-19.jpg,1137,2858,224,GR_ulva,green_algae_ulva,TRUE,0.866,GR_ulva,0.133,BR_sarg,0.001,KE_stipe,0,SU_bould,0,RE_CCA
2024_10_08_12-07-19.jpg,2862,1645,224,KE_sugar,kelp_sugar,TRUE,0.993,KE_sugar,0.004,KE_stipe,0.003,MS,0,RE_leaf,0,KE_5rib
2024_10_08_12-07-19.jpg,1995,726,224,GR_ulva,green_algae_ulva,TRUE,0.816,SU_peb,0.152,GR_ulva,0.017,KE_stipe,0.01,MS,0.003,SU_bould
2024_10_08_12-07-19.jpg,1249,3914,224,GR_ulva,green_algae_ulva,TRUE,1,GR_ulva,0,BR_sarg,0,unknown,0,SU_bould,0,KE_stipe
2024_10_08_12-07-19.jpg,2003,3089,224,KE_sugar,kelp_sugar,TRUE,1,KE_sugar,0,RE_leaf,0,KE_5rib,0,GR_ulva,0,RE_fil
2024_10_08_12-07-19.jpg,256,2139,224,RE_bush,red_algae_bushy,TRUE,1,RE_bush,0,RE_branch,0,BR_sarg,0,KE_holdfas,0,RE_leaf
2024_10_08_12-07-19.jpg,3634,3574,224,GR_ulva,green_algae_ulva,TRUE,0.974,GR_ulva,0.026,KE_sieve,0,unknown,0,KE_stipe,0,SU_bould
2024_10_08_12-07-19.jpg,1271,379,224,GR_ulva,green_algae_ulva,TRUE,0.845,GR_ulva,0.154,unknown,0.001,SU_silt,0,RE_leaf,0,SU_bould
2024_10_08_12-07-19.jpg,3813,1434,224,GR_ulva,green_algae_ulva,TRUE,0.991,GR_ulva,0.009,unknown,0,SU_bould,0,RE_leaf,0,SU_silt
2024_10_08_12-07-28.jpg,1091,2969,224,SU_silt,silt,TRUE,1,SU_silt,0,SI_kelpBry,0,RE_CCA,0,SU_shell,0,SU_bould
2024_10_08_12-07-28.jpg,512,1856,224,SU_silt,silt,TRUE,0.863,SU_peb,0.135,SU_silt,0.002,SU_shell,0.001,GR_ulva,0,SU_sand
2024_10_08_12-07-28.jpg,539,2808,224,SU_silt,silt,TRUE,0.662,SU_silt,0.33,SU_shell,0.006,SU_sand,0.002,SU_cob,0,MS
2024_10_08_12-07-28.jpg,2633,217,224,RE_bush,red_algae_bushy,TRUE,1,RE_bush,0,MS,0,SU_peb,0,GR_ulva,0,RE_branch
2024_10_08_12-07-28.jpg,138,3360,224,GR_ulva,green_algae_ulva,TRUE,1,GR_ulva,0,SU_peb,0,KE_stipe,0,BR_sarg,0,unknown
2024_10_08_12-07-28.jpg,3116,3869,224,RE_bush,red_algae_bushy,TRUE,0.981,RE_bush,0.017,SU_sand,0.002,SU_peb,0,RE_branch,0,SU_silt
2024_10_08_12-07-28.jpg,1458,831,224,RE_bush,red_algae_bushy,TRUE,0.792,RE_bush,0.1,BR_fucus,0.027,GR_ulva,0.026,BR_sarg,0.02,SU_cob
2024_10_08_12-07-28.jpg,2254,3080,224,GR_ulva,green_algae_ulva,TRUE,1,GR_ulva,0,BR_sarg,0,SU_bould,0,RE_leaf,0,RE_CCA
2024_10_08_12-07-28.jpg,1271,1545,224,GR_ulva,green_algae_ulva,TRUE,0.429,KE_stipe,0.403,GR_ulva,0.111,SU_peb,0.051,MS,0.002,SU_shell
2024_10_08_12-07-28.jpg,3331,1746,224,SU_cob,cobble,TRUE,0.334,SU_cob,0.284,GR_ulva,0.144,MS,0.127,KE_stipe,0.039,SU_shell
2024_10_08_12-07-28.jpg,1478,450,224,RE_bush,red_algae_bushy,TRUE,0.998,RE_bush,0.001,GR_ulva,0.001,MS,0,RE_leaf,0,KE_stipe
2024_10_08_12-07-28.jpg,1926,2599,224,GR_ulva,green_algae_ulva,TRUE,1,GR_ulva,0,RE_leaf,0,KE_bull,0,MS,0,SI_kelpBry
2024_10_08_12-07-28.jpg,2193,4362,224,GR_ulva,green_algae_ulva,TRUE,1,GR_ulva,0,SU_bould,0,unknown,0,SU_cob,0,KE_stipe
2024_10_08_12-07-28.jpg,3376,1254,224,GR_ulva,green_algae_ulva,TRUE,1,GR_ulva,0,MS,0,SU_bould,0,KE_bull,0,KE_stipe
2024_10_08_12-07-28.jpg,1389,1205,224,SU_peb,pebble,TRUE,0.758,SU_silt,0.236,SU_cob,0.003,SU_shell,0.001,GR_ulva,0.001,SU_peb
2024_10_08_12-07-28.jpg,2989,2617,224,GR_ulva,green_algae_ulva,TRUE,1,GR_ulva,0,unknown,0,BR_sarg,0,SU_bould,0,KE_stipe
2024_10_08_12-07-28.jpg,3468,3265,224,SU_peb,pebble,TRUE,1,SU_peb,0,SU_sand,0,MS,0,GR_ulva,0,SU_shell
2024_10_08_12-07-28.jpg,3283,191,224,SU_cob,cobble,TRUE,0.748,SU_cob,0.162,GR_ulva,0.047,SU_silt,0.035,SU_peb,0.008,SU_bould
2024_10_08_12-07-28.jpg,2073,3600,224,GR_ulva,green_algae_ulva,TRUE,0.993,GR_ulva,0.005,unknown,0.001,RE_leaf,0,RE_fil,0,MS
2024_10_08_12-07-28.jpg,885,690,224,GR_ulva,green_algae_ulva,TRUE,0.999,GR_ulva,0.001,SU_peb,0,KE_stipe,0,SU_bould,0,SU_cob
2024_10_08_12-07-28.jpg,2185,2472,224,SU_peb,pebble,TRUE,0.841,SU_peb,0.104,GR_ulva,0.032,KE_stipe,0.015,MS,0.007,KE_bull
2024_10_08_12-07-28.jpg,184,249,224,SU_silt,silt,TRUE,0.999,SU_silt,0.001,MS,0,SU_shell,0,SU_peb,0,GR_ulva
2024_10_08_12-07-28.jpg,488,559,224,GR_ulva,green_algae_ulva,TRUE,1,GR_ulva,0,SU_cob,0,SU_peb,0,KE_5rib,0,SI_kelpBry
2024_10_08_12-07-28.jpg,3751,2483,224,SU_peb,pebble,TRUE,0.813,SU_peb,0.131,SU_sand,0.052,GR_ulva,0.002,SU_shell,0.001,MS
2024_10_08_12-07-28.jpg,156,1653,224,SU_peb,pebble,TRUE,0.897,SU_shell,0.049,MS,0.038,KE_stipe,0.011,SU_peb,0.005,SU_sand
2024_10_08_12-07-28.jpg,334,1739,224,SU_sand,sand_fine_shell,TRUE,0.904,SU_silt,0.075,SU_shell,0.021,SU_sand,0,SU_peb,0,MS
2024_10_08_12-07-28.jpg,2341,262,224,RE_bush,red_algae_bushy,TRUE,1,RE_bush,0,KE_sieve,0,RE_branch,0,SU_sand,0,RE_leaf
2024_10_08_12-07-28.jpg,2596,4255,224,GR_ulva,green_algae_ulva,TRUE,0.995,GR_ulva,0.005,unknown,0,KE_stipe,0,KE_5rib,0,RE_leaf
2024_10_08_12-07-28.jpg,3270,2321,224,GR_ulva,green_algae_ulva,TRUE,0.999,GR_ulva,0.001,KE_bull,0,BR_sarg,0,SU_peb,0,KE_stipe
2024_10_08_12-07-28.jpg,1366,3550,224,SU_peb,pebble,TRUE,0.715,SU_bould,0.267,SU_peb,0.008,MS,0.006,SU_cob,0.001,SU_sand
2024_10_08_12-07-28.jpg,1249,1418,224,GR_ulva,green_algae_ulva,TRUE,1,GR_ulva,0,SU_peb,0,KE_bull,0,BR_sarg,0,SU_shell
2024_10_08_12-07-28.jpg,720,1115,224,GR_ulva,green_algae_ulva,TRUE,1,GR_ulva,0,SU_peb,0,SI_kelpBry,0,MS,0,SI
2024_10_08_12-07-28.jpg,2609,3635,224,GR_ulva,green_algae_ulva,TRUE,1,GR_ulva,0,KE_sugar,0,KE_5rib,0,RE_leaf,0,unknown
2024_10_08_12-07-28.jpg,2395,1707,224,GR_ulva,green_algae_ulva,TRUE,1,GR_ulva,0,SU_bould,0,SU_peb,0,MS,0,SU_cob
2024_10_08_12-07-28.jpg,1782,1570,224,GR_ulva,green_algae_ulva,TRUE,1,GR_ulva,0,RE_leaf,0,MS,0,RE_CCA,0,BR_sarg
2024_10_08_12-07-28.jpg,1970,2909,224,GR_ulva,green_algae_ulva,TRUE,1,GR_ulva,0,RE_leaf,0,BR_sarg,0,KE_bull,0,unknown
2024_10_08_12-07-28.jpg,3081,1127,224,GR_ulva,green_algae_ulva,TRUE,1,GR_ulva,0,KE_5rib,0,SU_peb,0,SU_cob,0,MS
2024_10_08_12-07-28.jpg,232,3637,224,SU_silt,silt,TRUE,0.592,SU_silt,0.281,MS,0.104,SU_peb,0.013,GR_ulva,0.004,SU_bould
2024_10_08_12-07-28.jpg,3904,584,224,GR_ulva,green_algae_ulva,TRUE,0.997,GR_ulva,0.003,unknown,0,KE_stipe,0,RE_leaf,0,SU_peb
2024_10_08_12-07-28.jpg,2251,3568,224,GR_ulva,green_algae_ulva,TRUE,0.997,GR_ulva,0.002,RE_leaf,0,unknown,0,KE_5rib,0,KE_sieve
2024_10_08_12-07-28.jpg,3880,1390,224,GR_ulva,green_algae_ulva,TRUE,0.9,GR_ulva,0.056,MS,0.026,KE_sugar,0.011,KE_stipe,0.005,SU_bould
2024_10_08_12-07-28.jpg,2788,1941,224,GR_ulva,green_algae_ulva,TRUE,0.915,KE_stipe,0.069,RE_bush,0.015,GR_ulva,0.001,BR_sarg,0,MS
2024_10_08_12-07-28.jpg,2709,1650,224,GR_ulva,green_algae_ulva,TRUE,1,GR_ulva,0,KE_sugar,0,unknown,0,MS,0,RE_fil
2024_10_08_12-07-28.jpg,3584,3319,224,SU_peb,pebble,TRUE,0.999,SU_peb,0.001,SU_sand,0,SU_shell,0,GR_ulva,0,SU_silt
2024_10_08_12-07-28.jpg,2128,860,224,GR_ulva,green_algae_ulva,TRUE,0.99,GR_ulva,0.005,unknown,0.002,KE_sugar,0.002,RE_leaf,0.001,BR_sarg
2024_10_08_12-07-28.jpg,1252,735,224,RE_bush,red_algae_bushy,TRUE,0.671,KE_sugar,0.268,SU_cob,0.046,GR_ulva,0.007,KE_5rib,0.003,BR_fucus
2024_10_08_12-07-28.jpg,2302,2140,224,RE_bush,red_algae_bushy,TRUE,0.88,RE_bush,0.068,GR_ulva,0.028,SU_peb,0.013,SU_sand,0.003,BR_sarg
2024_10_08_12-07-28.jpg,465,2148,224,SU_silt,silt,TRUE,1,SU_silt,0,SU_sand,0,SU_shell,0,SU_peb,0,SU_cob
2024_10_08_12-07-28.jpg,475,1363,224,GR_ulva,green_algae_ulva,TRUE,0.609,GR_ulva,0.195,SU_shell,0.089,SU_silt,0.052,MS,0.026,SU_peb
2024_10_08_12-07-28.jpg,3199,801,224,SU_cob,cobble,TRUE,0.404,SU_cob,0.307,MS,0.28,SU_bould,0.007,SU_shell,0.001,SU_silt
2024_10_08_12-07-37.jpg,3653,1668,224,GR_ulva,green_algae_ulva,TRUE,1,GR_ulva,0,RE_leaf,0,BR_sarg,0,MS,0,SU_peb
2024_10_08_12-07-37.jpg,3515,242,224,GR_ulva,green_algae_ulva,TRUE,0.918,GR_ulva,0.033,SU_cob,0.018,KE_stipe,0.013,KE_5rib,0.008,unknown
2024_10_08_12-07-37.jpg,2667,408,224,GR_ulva,green_algae_ulva,TRUE,0.997,GR_ulva,0.003,SU_peb,0,KE_5rib,0,unknown,0,SU_cob
2024_10_08_12-07-37.jpg,1873,3314,224,SU_peb,pebble,TRUE,0.435,SU_peb,0.353,GR_ulva,0.161,MS,0.013,SU_bould,0.012,SU_cob
2024_10_08_12-07-37.jpg,3263,3488,224,SU_shell,shell_hash,TRUE,1,SU_shell,0,SU_sand,0,MS,0,SU_peb,0,RE_CCA
2024_10_08_12-07-37.jpg,1932,1116,224,SU_cob,cobble,TRUE,0.979,KE_stipe,0.011,MS,0.005,RE_CCA,0.003,GR_ulva,0.001,SU_bould
2024_10_08_12-07-37.jpg,2305,467,224,GR_ulva,green_algae_ulva,TRUE,1,GR_ulva,0,unknown,0,KE_stipe,0,KE_sugar,0,RE_leaf
2024_10_08_12-07-37.jpg,2469,4265,224,GR_ulva,green_algae_ulva,TRUE,0.999,GR_ulva,0.001,SU_peb,0,SU_cob,0,KE_stipe,0,MS
2024_10_08_12-07-37.jpg,2556,3403,224,GR_ulva,green_algae_ulva,TRUE,0.997,GR_ulva,0.002,RE_leaf,0,unknown,0,KE_sugar,0,KE_5rib
2024_10_08_12-07-37.jpg,3796,924,224,GR_ulva,green_algae_ulva,TRUE,0.995,GR_ulva,0.001,SU_cob,0.001,SU_silt,0.001,SU_peb,0,unknown
2024_10_08_12-07-37.jpg,3069,4317,224,SU_silt,silt,TRUE,0.998,SU_silt,0.001,SU_peb,0.001,MS,0,SU_shell,0,GR_ulva
2024_10_08_12-07-37.jpg,667,659,224,GR_ulva,green_algae_ulva,TRUE,0.999,GR_ulva,0.001,unknown,0,BR_sarg,0,RE_leaf,0,KE_stipe
2024_10_08_12-07-37.jpg,1901,3162,224,SU_cob,cobble,TRUE,0.668,RE_CCA,0.175,SU_cob,0.054,SU_bould,0.035,SU_peb,0.026,GR_ulva
2024_10_08_12-07-37.jpg,2008,4077,224,SU_cob,cobble,TRUE,0.929,SU_peb,0.048,SU_cob,0.019,SU_sand,0.002,SU_shell,0.001,SU_bould
2024_10_08_12-07-37.jpg,2679,4492,224,SU_silt,silt,TRUE,0.976,SU_silt,0.019,SU_peb,0.003,SU_sand,0.002,SU_cob,0,MS
2024_10_08_12-07-37.jpg,3520,1649,224,GR_ulva,green_algae_ulva,TRUE,1,GR_ulva,0,RE_leaf,0,unknown,0,MS,0,KE_5rib
2024_10_08_12-07-37.jpg,3754,1969,224,GR_ulva,green_algae_ulva,TRUE,1,GR_ulva,0,BR_sarg,0,RE_leaf,0,KE_bull,0,KE_sieve
2024_10_08_12-07-37.jpg,274,4494,224,GR_ulva,green_algae_ulva,TRUE,1,GR_ulva,0,KE_5rib,0,SU_cob,0,KE_stipe,0,unknown
2024_10_08_12-07-37.jpg,387,1139,224,KE_sugar,kelp_sugar,TRUE,0.746,SU_cob,0.197,GR_ulva,0.045,KE_stipe,0.007,SU_bould,0.003,MS
2024_10_08_12-07-37.jpg,452,2090,224,GR_ulva,green_algae_ulva,TRUE,1,GR_ulva,0,SU_bould,0,MS,0,SU_cob,0,BR_sarg
2024_10_08_12-07-37.jpg,2124,1713,224,GR_ulva,green_algae_ulva,TRUE,0.997,GR_ulva,0.002,KE_5rib,0.001,RE_leaf,0,KE_sieve,0,unknown
2024_10_08_12-07-37.jpg,2136,2695,224,SU_peb,pebble,TRUE,0.882,SU_peb,0.09,KE_bull,0.012,GR_ulva,0.005,KE_stipe,0.005,SU_shell
2024_10_08_12-07-37.jpg,2065,2905,224,GR_ulva,green_algae_ulva,TRUE,1,GR_ulva,0,RE_CCA,0,SU_bould,0,MS,0,KE_bull
2024_10_08_12-07-37.jpg,3067,3983,224,SU_peb,pebble,TRUE,0.816,SU_cob,0.134,GR_ulva,0.049,SU_peb,0.001,SU_bould,0,MS
2024_10_08_12-07-37.jpg,3069,2966,224,GR_ulva,green_algae_ulva,TRUE,1,GR_ulva,0,RE_leaf,0,BR_sarg,0,SU_bould,0,unknown
2024_10_08_12-07-37.jpg,2841,1160,224,GR_ulva,green_algae_ulva,TRUE,1,GR_ulva,0,RE_leaf,0,unknown,0,BR_sarg,0,KE_sieve
2024_10_08_12-07-37.jpg,1869,2861,224,SU_shell,shell_hash,TRUE,0.998,GR_ulva,0.001,SU_shell,0,KE_bull,0,SU_cob,0,KE_stipe
2024_10_08_12-07-37.jpg,3236,1024,224,BR_sarg,brown_algae_sargassum,TRUE,0.983,GR_ulva,0.007,SU_bould,0.003,BR_fucus,0.002,KE_stipe,0.001,BR_sarg
2024_10_08_12-07-37.jpg,2498,267,224,SU_silt,silt,TRUE,0.97,SU_silt,0.011,MS,0.008,GR_ulva,0.006,SI_kelpBry,0.004,SU_cob
2024_10_08_12-07-37.jpg,814,1312,224,BR_sarg,brown_algae_sargassum,TRUE,0.951,BR_sarg,0.047,KE_stipe,0.001,GR_ulva,0,SU_bould,0,MS
2024_10_08_12-07-37.jpg,650,2036,224,GR_ulva,green_algae_ulva,TRUE,0.796,KE_stipe,0.14,GR_ulva,0.042,SU_bould,0.01,BR_sarg,0.007,MS
2024_10_08_12-07-37.jpg,2944,651,224,GR_ulva,green_algae_ulva,TRUE,0.971,GR_ulva,0.029,unknown,0,KE_5rib,0,KE_stipe,0,KE_sieve
2024_10_08_12-07-37.jpg,1525,3380,224,GR_ulva,green_algae_ulva,TRUE,1,GR_ulva,0,RE_leaf,0,unknown,0,KE_5rib,0,RE_fil
2024_10_08_12-07-37.jpg,931,873,224,GR_ulva,green_algae_ulva,TRUE,0.997,GR_ulva,0.001,unknown,0.001,KE_holdfas,0,KE_stipe,0,MS
2024_10_08_12-07-37.jpg,3629,2588,224,SU_peb,pebble,TRUE,0.437,SU_cob,0.336,SU_peb,0.13,SU_silt,0.062,GR_ulva,0.016,SU_bould
2024_10_08_12-07-37.jpg,2260,4142,224,GR_ulva,green_algae_ulva,TRUE,0.951,GR_ulva,0.044,SU_peb,0.005,KE_stipe,0,SU_cob,0,SU_shell
2024_10_08_12-07-37.jpg,990,3257,224,GR_ulva,green_algae_ulva,TRUE,0.997,GR_ulva,0.001,KE_5rib,0.001,BR_sarg,0.001,KE_sieve,0,RE_fil
2024_10_08_12-07-37.jpg,3428,2104,224,SU_peb,pebble,TRUE,0.716,SU_bould,0.093,MS,0.084,KE_stipe,0.076,RE_CCA,0.011,GR_ulva
2024_10_08_12-07-37.jpg,609,2783,224,RE_bush,red_algae_bushy,TRUE,0.87,GR_ulva,0.121,MS,0.003,SU_shell,0.003,SU_peb,0.001,SU_silt
2024_10_08_12-07-37.jpg,2556,1572,224,GR_ulva,green_algae_ulva,TRUE,1,GR_ulva,0,RE_leaf,0,BR_sarg,0,RE_CCA,0,KE_bull
2024_10_08_12-07-37.jpg,218,3913,224,GR_ulva,green_algae_ulva,TRUE,1,GR_ulva,0,SU_peb,0,MS,0,SU_cob,0,KE_5rib
2024_10_08_12-07-37.jpg,2244,2148,224,GR_ulva,green_algae_ulva,TRUE,0.961,GR_ulva,0.038,unknown,0.001,RE_leaf,0,KE_5rib,0,KE_sugar
2024_10_08_12-07-37.jpg,3516,2269,224,GR_ulva,green_algae_ulva,TRUE,0.795,MS,0.189,KE_stipe,0.007,GR_ulva,0.006,KE_bull,0.002,KE_sugar
2024_10_08_12-07-37.jpg,1050,2687,224,BR_sarg,brown_algae_sargassum,TRUE,0.912,BR_sarg,0.044,SU_bould,0.022,MS,0.012,RE_fil,0.005,RE_leaf
2024_10_08_12-07-37.jpg,316,2695,224,GR_ulva,green_algae_ulva,TRUE,1,GR_ulva,0,KE_stipe,0,unknown,0,SU_peb,0,BR_sarg
2024_10_08_12-07-37.jpg,2975,3087,224,GR_ulva,green_algae_ulva,TRUE,1,GR_ulva,0,RE_leaf,0,KE_sugar,0,BR_sarg,0,KE_5rib
2024_10_08_12-07-37.jpg,2141,3239,224,GR_ulva,green_algae_ulva,TRUE,1,GR_ulva,0,SU_cob,0,KE_5rib,0,RE_leaf,0,SU_peb
2024_10_08_12-07-37.jpg,2333,156,224,GR_ulva,green_algae_ulva,TRUE,1,GR_ulva,0,SU_peb,0,SU_cob,0,RE_leaf,0,KE_5rib
2024_10_08_12-07-37.jpg,3310,1197,224,BR_sarg,brown_algae_sargassum,TRUE,0.903,GR_ulva,0.092,KE_sieve,0.003,RE_leaf,0,BR_sarg,0,KE_stipe
2024_10_08_12-07-37.jpg,164,4139,224,GR_ulva,green_algae_ulva,TRUE,1,GR_ulva,0,SU_cob,0,SU_peb,0,BR_sarg,0,SI_kelpBry
2024_10_08_12-07-46.jpg,843,384,224,GR_ulva,green_algae_ulva,TRUE,0.996,GR_ulva,0.004,unknown,0,KE_stipe,0,RE_leaf,0,KE_5rib
2024_10_08_12-07-46.jpg,2075,3009,224,RE_leaf,red_algae_flat_leaf,TRUE,0.393,RE_fil,0.351,RE_leaf,0.102,KE_stipe,0.085,MS,0.037,KE_bull
2024_10_08_12-07-46.jpg,2858,2684,224,GR_ulva,green_algae_ulva,TRUE,1,GR_ulva,0,RE_leaf,0,BR_sarg,0,MS,0,KE_5rib
2024_10_08_12-07-46.jpg,3853,246,224,GR_ulva,green_algae_ulva,TRUE,0.522,unknown,0.317,GR_ulva,0.062,SU_silt,0.021,SU_bould,0.019,KE_stipe
2024_10_08_12-07-46.jpg,1319,259,224,GR_ulva,green_algae_ulva,TRUE,1,GR_ulva,0,unknown,0,KE_sieve,0,RE_leaf,0,KE_5rib
2024_10_08_12-07-46.jpg,3380,2123,224,GR_ulva,green_algae_ulva,TRUE,1,GR_ulva,0,RE_leaf,0,MS,0,SI_kelpBry,0,unknown
2024_10_08_12-07-46.jpg,3470,2902,224,SU_peb,pebble,TRUE,0.992,GR_ulva,0.007,KE_bull,0,KE_stipe,0,MS,0,SU_peb
2024_10_08_12-07-46.jpg,1803,614,224,BR_filam,brown_algae_filamentous,TRUE,0.896,GR_ulva,0.037,SU_bould,0.026,KE_5rib,0.014,SU_cob,0.013,KE_sieve
2024_10_08_12-07-46.jpg,1490,3451,224,BR_filam,brown_algae_filamentous,TRUE,0.85,KE_5rib,0.15,KE_sugar,0.001,GR_ulva,0,SI,0,SU_peb
2024_10_08_12-07-46.jpg,2585,301,224,KE_sugar,kelp_sugar,TRUE,0.963,KE_5rib,0.029,GR_ulva,0.004,unknown,0.002,KE_sieve,0.001,RE_leaf
2024_10_08_12-07-46.jpg,1836,761,224,BR_filam,brown_algae_filamentous,TRUE,0.901,GR_ulva,0.067,KE_5rib,0.02,KE_sugar,0.008,KE_sieve,0.002,RE_fil
2024_10_08_12-07-46.jpg,1010,1137,224,KE_sugar,kelp_sugar,TRUE,0.762,KE_sugar,0.235,GR_ulva,0.002,SU_bould,0,BR_sarg,0,KE_5rib
2024_10_08_12-07-46.jpg,3571,647,224,SU_peb,pebble,TRUE,0.712,GR_ulva,0.143,MS,0.141,SU_peb,0.001,SU_cob,0.001,KE_stipe
2024_10_08_12-07-46.jpg,2446,4039,224,GR_ulva,green_algae_ulva,TRUE,0.993,GR_ulva,0.006,RE_leaf,0.001,BR_sarg,0,unknown,0,MS
2024_10_08_12-07-46.jpg,2866,1493,224,GR_ulva,green_algae_ulva,TRUE,0.993,GR_ulva,0.006,SU_peb,0,KE_bull,0,RE_leaf,0,KE_stipe
2024_10_08_12-07-46.jpg,3096,3469,224,GR_ulva,green_algae_ulva,TRUE,1,GR_ulva,0,BR_sarg,0,RE_leaf,0,KE_sieve,0,MS
2024_10_08_12-07-46.jpg,2709,3176,224,GR_ulva,green_algae_ulva,TRUE,0.999,GR_ulva,0.001,RE_leaf,0,KE_5rib,0,BR_sarg,0,KE_sieve
2024_10_08_12-07-46.jpg,400,762,224,KE_sugar,kelp_sugar,TRUE,0.999,GR_ulva,0.001,MS,0,KE_5rib,0,KE_stipe,0,unknown
2024_10_08_12-07-46.jpg,1302,444,224,GR_ulva,green_algae_ulva,TRUE,1,GR_ulva,0,unknown,0,KE_stipe,0,SU_bould,0,KE_5rib
2024_10_08_12-07-46.jpg,1983,3817,224,GR_ulva,green_algae_ulva,TRUE,1,GR_ulva,0,RE_leaf,0,KE_5rib,0,unknown,0,KE_sugar
2024_10_08_12-07-46.jpg,1669,2146,224,SU_bould,boulder,TRUE,0.806,GR_ulva,0.094,RE_CCA,0.047,KE_stipe,0.031,MS,0.01,BR_sarg
2024_10_08_12-07-46.jpg,3805,116,224,RE_bush,red_algae_bushy,TRUE,0.912,KE_sieve,0.038,RE_leaf,0.024,RE_bush,0.017,GR_ulva,0.004,KE_stipe
2024_10_08_12-07-46.jpg,3682,4086,224,GR_ulva,green_algae_ulva,TRUE,1,GR_ulva,0,unknown,0,KE_stipe,0,KE_5rib,0,KE_sieve
2024_10_08_12-07-46.jpg,2530,2188,224,GR_ulva,green_algae_ulva,TRUE,0.995,GR_ulva,0.004,KE_bull,0.002,RE_leaf,0,KE_5rib,0,KE_stipe
2024_10_08_12-07-46.jpg,402,3256,224,BR_filam,brown_algae_filamentous,TRUE,0.857,KE_5rib,0.133,KE_sugar,0.006,SI,0.003,GR_ulva,0,KE_sieve
2024_10_08_12-07-46.jpg,2179,718,224,GR_ulva,green_algae_ulva,TRUE,0.998,GR_ulva,0.001,unknown,0.001,KE_sugar,0,RE_leaf,0,KE_5rib
2024_10_08_12-07-46.jpg,201,1044,224,GR_ulva,green_algae_ulva,TRUE,1,GR_ulva,0,KE_stipe,0,BR_sarg,0,KE_sieve,0,MS
2024_10_08_12-07-46.jpg,3263,2200,224,GR_ulva,green_algae_ulva,TRUE,1,GR_ulva,0,RE_leaf,0,KE_5rib,0,unknown,0,MS
2024_10_08_12-07-46.jpg,1902,1841,224,GR_ulva,green_algae_ulva,TRUE,1,GR_ulva,0,unknown,0,RE_fil,0,BR_sarg,0,RE_leaf
2024_10_08_12-07-46.jpg,1268,1403,224,GR_ulva,green_algae_ulva,TRUE,1,GR_ulva,0,RE_fil,0,BR_sarg,0,unknown,0,SU_bould
2024_10_08_12-07-46.jpg,1739,1565,224,GR_ulva,green_algae_ulva,TRUE,1,GR_ulva,0,RE_leaf,0,KE_bull,0,unknown,0,BR_sarg
2024_10_08_12-07-46.jpg,2667,1104,224,GR_ulva,green_algae_ulva,TRUE,0.544,MS,0.349,RE_bush,0.106,GR_ulva,0.001,SU_peb,0,SU_sand
2024_10_08_12-07-46.jpg,2187,1537,224,SU_sand,sand_fine_shell,TRUE,0.998,GR_ulva,0.002,SU_peb,0,SI_kelpBry,0,KE_sugar,0,MS
2024_10_08_12-07-46.jpg,152,611,224,BR_filam,brown_algae_filamentous,TRUE,0.997,GR_ulva,0.001,KE_sieve,0.001,MS,0.001,RE_leaf,0.001,BR_sarg
2024_10_08_12-07-46.jpg,1168,1055,224,KE_sugar,kelp_sugar,TRUE,0.815,GR_ulva,0.114,BR_sarg,0.052,KE_sugar,0.01,SU_bould,0.006,RE_bush
2024_10_08_12-07-46.jpg,2150,578,224,GR_ulva,green_algae_ulva,TRUE,0.994,GR_ulva,0.003,KE_5rib,0.003,unknown,0,KE_sugar,0,KE_sieve
2024_10_08_12-07-46.jpg,3446,1770,224,GR_ulva,green_algae_ulva,TRUE,0.992,GR_ulva,0.008,unknown,0,RE_leaf,0,SI,0,KE_5rib
2024_10_08_12-07-46.jpg,1108,1726,224,GR_ulva,green_algae_ulva,TRUE,1,GR_ulva,0,RE_leaf,0,unknown,0,KE_sugar,0,KE_bull
2024_10_08_12-07-46.jpg,3002,3597,224,GR_ulva,green_algae_ulva,TRUE,1,GR_ulva,0,unknown,0,KE_sieve,0,KE_stipe,0,MS
2024_10_08_12-07-46.jpg,276,3434,224,BR_filam,brown_algae_filamentous,TRUE,0.677,KE_5rib,0.28,KE_sugar,0.038,SI,0.003,GR_ulva,0.001,KE_sieve
2024_10_08_12-07-46.jpg,2964,1005,224,GR_ulva,green_algae_ulva,TRUE,0.883,GR_ulva,0.11,MS,0.004,RE_bush,0.001,SU_peb,0.001,SU_cob
2024_10_08_12-07-46.jpg,3519,4309,224,SU_peb,pebble,TRUE,0.997,GR_ulva,0.001,SU_peb,0.001,KE_stipe,0,MS,0,SU_shell
2024_10_08_12-07-46.jpg,997,1004,224,GR_ulva,green_algae_ulva,TRUE,0.593,GR_ulva,0.311,KE_sugar,0.051,SU_bould,0.022,BR_sarg,0.008,RE_bush
2024_10_08_12-07-46.jpg,2244,2828,224,RE_leaf,red_algae_flat_leaf,TRUE,0.761,RE_leaf,0.207,MS,0.024,RE_fil,0.003,KE_bull,0.003,KE_stipe
2024_10_08_12-07-46.jpg,443,2134,224,GR_ulva,green_algae_ulva,TRUE,0.833,GR_ulva,0.154,KE_stipe,0.011,BR_sarg,0.001,KE_bull,0,MS
2024_10_08_12-07-46.jpg,756,211,224,GR_ulva,green_algae_ulva,TRUE,0.994,GR_ulva,0.006,unknown,0,KE_stipe,0,KE_5rib,0,MS
2024_10_08_12-07-46.jpg,493,2900,224,KE_sugar,kelp_sugar,TRUE,0.641,KE_sieve,0.316,BR_sarg,0.023,KE_sugar,0.006,KE_bull,0.005,GR_ulva
2024_10_08_12-07-46.jpg,2680,4338,224,SU_silt,silt,TRUE,0.937,SU_silt,0.029,GR_ulva,0.016,SU_shell,0.014,MS,0.001,SU_cob
2024_10_08_12-07-46.jpg,1479,1037,224,BR_filam,brown_algae_filamentous,TRUE,0.808,GR_ulva,0.064,RE_fil,0.064,BR_sarg,0.039,KE_sugar,0.007,KE_5rib
2024_10_08_12-07-46.jpg,3268,1181,224,GR_ulva,green_algae_ulva,TRUE,0.987,GR_ulva,0.012,unknown,0,KE_5rib,0,MS,0,KE_stipe
2024_10_08_12-07-55.jpg,3608,4055,224,GR_ulva,green_algae_ulva,TRUE,1,GR_ulva,0,KE_stipe,0,unknown,0,RE_leaf,0,MS
2024_10_08_12-07-55.jpg,1609,3395,224,GR_ulva,green_algae_ulva,TRUE,1,GR_ulva,0,RE_leaf,0,KE_sieve,0,BR_sarg,0,KE_bull
2024_10_08_12-07-55.jpg,3575,608,224,GR_ulva,green_algae_ulva,TRUE,0.645,GR_ulva,0.355,unknown,0,KE_sugar,0,RE_leaf,0,MS
2024_10_08_12-07-55.jpg,3232,1002,224,GR_ulva,green_algae_ulva,TRUE,0.942,GR_ulva,0.057,unknown,0,KE_stipe,0,RE_leaf,0,KE_sieve
2024_10_08_12-07-55.jpg,2944,459,224,GR_ulva,green_algae_ulva,TRUE,1,GR_ulva,0,unknown,0,KE_5rib,0,KE_stipe,0,KE_sieve
2024_10_08_12-07-55.jpg,918,4082,224,GR_ulva,green_algae_ulva,TRUE,1,GR_ulva,0,MS,0,RE_leaf,0,KE_stipe,0,KE_bull
2024_10_08_12-07-55.jpg,3448,1463,224,GR_ulva,green_algae_ulva,TRUE,1,GR_ulva,0,RE_leaf,0,unknown,0,MS,0,KE_5rib
2024_10_08_12-07-55.jpg,1712,1974,224,SU_silt,silt,TRUE,0.994,SU_silt,0.003,SU_shell,0.002,KE_stipe,0,SU_bould,0,GR_ulva
2024_10_08_12-07-55.jpg,2696,2931,224,SU_silt,silt,TRUE,0.524,SU_silt,0.234,GR_ulva,0.108,MS,0.039,KE_bull,0.031,SU_shell
2024_10_08_12-07-55.jpg,627,2355,224,BR_sarg,brown_algae_sargassum,TRUE,0.973,BR_sarg,0.014,RE_CCA,0.004,KE_stipe,0.004,SU_bould,0.003,BR_fucus
2024_10_08_12-07-55.jpg,391,1472,224,BR_sarg,brown_algae_sargassum,TRUE,0.705,KE_stipe,0.223,BR_sarg,0.027,GR_ulva,0.016,MS,0.013,RE_fil
2024_10_08_12-07-55.jpg,3864,3214,224,GR_ulva,green_algae_ulva,TRUE,1,GR_ulva,0,KE_bull,0,SU_bould,0,unknown,0,KE_stipe
2024_10_08_12-07-55.jpg,3564,2961,224,GR_ulva,green_algae_ulva,TRUE,0.999,GR_ulva,0.001,KE_bull,0,MS,0,SU_peb,0,BR_fucus
2024_10_08_12-07-55.jpg,2873,4326,224,RE_leaf,red_algae_flat_leaf,TRUE,1,RE_leaf,0,RE_CCA,0,RE_fil,0,RE_branch,0,MS
2024_10_08_12-07-55.jpg,3338,1324,224,GR_ulva,green_algae_ulva,TRUE,0.999,GR_ulva,0.001,unknown,0,KE_5rib,0,KE_sieve,0,KE_stipe
2024_10_08_12-07-55.jpg,3684,3832,224,GR_ulva,green_algae_ulva,TRUE,1,GR_ulva,0,unknown,0,KE_stipe,0,KE_sieve,0,BR_sarg
2024_10_08_12-07-55.jpg,2484,1563,224,SU_peb,pebble,TRUE,0.89,GR_ulva,0.101,KE_bull,0.006,KE_stipe,0.001,SI_kelpBry,0.001,SU_cob
2024_10_08_12-07-55.jpg,3554,1243,224,GR_ulva,green_algae_ulva,TRUE,0.999,GR_ulva,0.001,RE_leaf,0,KE_5rib,0,RE_fil,0,unknown
2024_10_08_12-07-55.jpg,3229,3067,224,SU_cob,cobble,TRUE,0.998,GR_ulva,0.001,KE_sugar,0,MS,0,KE_bull,0,SU_cob
2024_10_08_12-07-55.jpg,1751,1076,224,GR_ulva,green_algae_ulva,TRUE,1,GR_ulva,0,SU_cob,0,SU_peb,0,KE_stipe,0,MS
2024_10_08_12-07-55.jpg,246,4218,224,GR_ulva,green_algae_ulva,TRUE,1,GR_ulva,0,KE_stipe,0,BR_sarg,0,SU_peb,0,SU_cob
2024_10_08_12-07-55.jpg,876,1253,224,GR_ulva,green_algae_ulva,TRUE,0.893,GR_ulva,0.107,SU_peb,0,SU_cob,0,KE_stipe,0,SU_bould
2024_10_08_12-07-55.jpg,1954,4447,224,GR_ulva,green_algae_ulva,TRUE,1,GR_ulva,0,KE_stipe,0,MS,0,RE_leaf,0,KE_bull
2024_10_08_12-07-55.jpg,748,1152,224,GR_ulva,green_algae_ulva,TRUE,1,GR_ulva,0,BR_sarg,0,RE_leaf,0,RE_branch,0,MS
2024_10_08_12-07-55.jpg,1755,1329,224,SU_silt,silt,TRUE,1,SU_silt,0,SU_shell,0,SU_cob,0,GR_ulva,0,SI_kelpBry
2024_10_08_12-07-55.jpg,2817,4143,224,RE_leaf,red_algae_flat_leaf,TRUE,1,RE_leaf,0,SI_kelpBry,0,RE_fil,0,MS,0,KE_sugar
2024_10_08_12-07-55.jpg,1193,2948,224,RE_leaf,red_algae_flat_leaf,TRUE,1,RE_leaf,0,MS,0,KE_stipe,0,SI_kelpBry,0,KE_sugar
2024_10_08_12-07-55.jpg,183,611,224,BR_sarg,brown_algae_sargassum,TRUE,0.996,BR_sarg,0.002,RE_fil,0.001,RE_branch,0.001,RE_bush,0,KE_stipe
2024_10_08_12-07-55.jpg,2347,2967,224,RE_leaf,red_algae_flat_leaf,TRUE,0.981,MS,0.008,RE_leaf,0.007,RE_fil,0.003,KE_stipe,0.001,KE_bull
2024_10_08_12-07-55.jpg,169,3007,224,BR_sarg,brown_algae_sargassum,TRUE,0.542,KE_stipe,0.35,GR_ulva,0.078,BR_sarg,0.021,MS,0.004,RE_bush
2024_10_08_12-07-55.jpg,1997,2661,224,RE_leaf,red_algae_flat_leaf,TRUE,0.959,RE_leaf,0.039,RE_fil,0.001,MS,0,RE_bush,0,KE_sugar
2024_10_08_12-07-55.jpg,274,2464,224,BR_sarg,brown_algae_sargassum,TRUE,0.989,BR_sarg,0.003,BR_fucus,0.002,RE_CCA,0.002,SU_bould,0.001,RE_fil
2024_10_08_12-07-55.jpg,2367,2557,224,RE_leaf,red_algae_flat_leaf,TRUE,0.778,MS,0.207,KE_bull,0.011,KE_stipe,0.002,RE_leaf,0.001,BR_fucus
2024_10_08_12-07-55.jpg,3226,358,224,GR_ulva,green_algae_ulva,TRUE,0.95,GR_ulva,0.049,unknown,0,SI,0,RE_leaf,0,KE_sieve
2024_10_08_12-07-55.jpg,1622,3639,224,RE_leaf,red_algae_flat_leaf,TRUE,1,RE_leaf,0,RE_fil,0,RE_bush,0,RE_branch,0,BR_sarg
2024_10_08_12-07-55.jpg,3455,1787,224,GR_ulva,green_algae_ulva,TRUE,1,GR_ulva,0,KE_5rib,0,RE_leaf,0,KE_bull,0,KE_sieve
2024_10_08_12-07-55.jpg,1010,2891,224,BR_sarg,brown_algae_sargassum,TRUE,0.999,BR_sarg,0.001,BR_fucus,0,SU_silt,0,SU_bould,0,RE_branch
2024_10_08_12-07-55.jpg,1704,3239,224,RE_leaf,red_algae_flat_leaf,TRUE,0.997,RE_leaf,0.002,KE_stipe,0,RE_bush,0,RE_fil,0,MS
2024_10_08_12-07-55.jpg,2122,1397,224,SU_silt,silt,TRUE,0.405,SU_silt,0.357,SU_sand,0.093,GR_ulva,0.063,SU_shell,0.038,MS
2024_10_08_12-07-55.jpg,3745,192,224,GR_ulva,green_algae_ulva,TRUE,0.993,GR_ulva,0.005,KE_stipe,0.001,KE_5rib,0,MS,0,SU_cob
2024_10_08_12-07-55.jpg,3332,1485,224,GR_ulva,green_algae_ulva,TRUE,0.999,GR_ulva,0,unknown,0,KE_5rib,0,KE_sieve,0,RE_leaf
2024_10_08_12-07-55.jpg,2505,454,224,GR_ulva,green_algae_ulva,TRUE,0.999,GR_ulva,0.001,RE_leaf,0,unknown,0,KE_sugar,0,MS
2024_10_08_12-07-55.jpg,145,3205,224,BR_sarg,brown_algae_sargassum,TRUE,0.574,MS,0.21,RE_bush,0.118,RE_CCA,0.028,RE_fil,0.019,SU_bould
2024_10_08_12-07-55.jpg,3713,2660,224,GR_ulva,green_algae_ulva,TRUE,0.998,GR_ulva,0.002,unknown,0,KE_5rib,0,KE_stipe,0,RE_leaf
2024_10_08_12-07-55.jpg,2447,1885,224,SU_silt,silt,TRUE,0.908,KE_bull,0.045,RE_leaf,0.018,GR_ulva,0.008,SU_peb,0.007,KE_stipe
2024_10_08_12-07-55.jpg,1808,2895,224,RE_leaf,red_algae_flat_leaf,TRUE,0.999,RE_leaf,0,KE_sugar,0,MS,0,SI,0,SU_bould
2024_10_08_12-07-55.jpg,2079,2262,224,RE_leaf,red_algae_flat_leaf,TRUE,0.999,RE_leaf,0.001,RE_fil,0,KE_sugar,0,MS,0,KE_5rib
2024_10_08_12-07-55.jpg,1135,1167,224,SU_silt,silt,TRUE,0.986,SU_silt,0.005,MS,0.003,SU_shell,0.003,SU_sand,0.003,SU_peb
2024_10_08_12-07-55.jpg,968,2657,224,BR_sarg,brown_algae_sargassum,TRUE,0.999,BR_sarg,0.001,BR_fucus,0,KE_holdfas,0,KE_bull,0,KE_stipe
2024_10_08_12-07-55.jpg,1936,1628,224,GR_ulva,green_algae_ulva,TRUE,0.997,GR_ulva,0.002,RE_CCA,0,SU_peb,0,KE_stipe,0,KE_bull
2024_10_08_12-08-04.jpg,1215,1971,224,GR_ulva,green_algae_ulva,TRUE,1,GR_ulva,0,SU_peb,0,RE_leaf,0,KE_bull,0,BR_sarg
2024_10_08_12-08-04.jpg,2758,3817,224,BR_sarg,brown_algae_sargassum,TRUE,1,BR_sarg,0,KE_holdfas,0,KE_5rib,0,KE_stipe,0,RE_branch
2024_10_08_12-08-04.jpg,1562,1110,224,GR_ulva,green_algae_ulva,TRUE,0.948,GR_ulva,0.052,unknown,0,SU_bould,0,KE_5rib,0,KE_stipe
2024_10_08_12-08-04.jpg,1993,2191,224,GR_ulva,green_algae_ulva,TRUE,0.952,GR_ulva,0.029,RE_fil,0.019,KE_stipe,0,KE_bull,0,MS
2024_10_08_12-08-04.jpg,166,365,224,GR_ulva,green_algae_ulva,TRUE,0.993,GR_ulva,0.006,unknown,0,KE_5rib,0,RE_leaf,0,SI
2024_10_08_12-08-04.jpg,1441,3764,224,SU_silt,silt,TRUE,0.998,SU_silt,0.001,SU_shell,0,SU_peb,0,SU_sand,0,SU_bould
2024_10_08_12-08-04.jpg,2471,1082,224,GR_ulva,green_algae_ulva,TRUE,1,GR_ulva,0,RE_CCA,0,RE_leaf,0,SU_cob,0,SU_peb
2024_10_08_12-08-04.jpg,158,1146,224,GR_ulva,green_algae_ulva,TRUE,0.999,GR_ulva,0.001,unknown,0,KE_5rib,0,SU_bould,0,KE_stipe
2024_10_08_12-08-04.jpg,2743,3685,224,BR_sarg,brown_algae_sargassum,TRUE,0.955,BR_sarg,0.024,SU_cob,0.006,SU_bould,0.005,KE_holdfas,0.004,KE_5rib
2024_10_08_12-08-04.jpg,2629,1081,224,GR_ulva,green_algae_ulva,TRUE,1,GR_ulva,0,SU_peb,0,RE_CCA,0,KE_bull,0,RE_leaf
2024_10_08_12-08-04.jpg,1983,3721,224,GR_ulva,green_algae_ulva,TRUE,1,GR_ulva,0,BR_sarg,0,BR_fucus,0,KE_stipe,0,unknown
2024_10_08_12-08-04.jpg,1910,1009,224,SU_cob,cobble,TRUE,1,SU_sand,0,SU_cob,0,SI_kelpBry,0,RE_CCA,0,SU_silt
2024_10_08_12-08-04.jpg,3744,3915,224,BR_sarg,brown_algae_sargassum,TRUE,0.996,KE_holdfas,0.002,BR_sarg,0.001,SU_bould,0,SI,0,MS
2024_10_08_12-08-04.jpg,849,3790,224,GR_ulva,green_algae_ulva,TRUE,1,GR_ulva,0,SU_cob,0,SU_peb,0,MS,0,SI
2024_10_08_12-08-04.jpg,3343,569,224,SU_peb,pebble,TRUE,0.956,SU_peb,0.035,GR_ulva,0.005,SU_silt,0.004,MS,0,SU_shell
2024_10_08_12-08-04.jpg,664,2593,224,SU_peb,pebble,TRUE,0.935,SU_sand,0.061,SU_peb,0.002,RE_bush,0.002,SU_silt,0,SU_shell
2024_10_08_12-08-04.jpg,1874,3016,224,SU_peb,pebble,TRUE,1,GR_ulva,0,SU_peb,0,KE_stipe,0,KE_bull,0,RE_CCA
2024_10_08_12-08-04.jpg,477,2858,224,SU_silt,silt,TRUE,0.996,SU_silt,0.003,SU_sand,0.001,SU_shell,0,MS,0,SU_bould
2024_10_08_12-08-04.jpg,1505,1984,224,GR_ulva,green_algae_ulva,TRUE,1,GR_ulva,0,KE_holdfas,0,RE_leaf,0,KE_bull,0,unknown
2024_10_08_12-08-04.jpg,3129,3053,224,BR_sarg,brown_algae_sargassum,TRUE,1,BR_sarg,0,KE_holdfas,0,BR_fucus,0,KE_stipe,0,RE_bush
2024_10_08_12-08-04.jpg,1330,2543,224,KE_sugar,kelp_sugar,TRUE,0.98,KE_sieve,0.015,KE_bull,0.004,KE_stipe,0,MS,0,RE_leaf
2024_10_08_12-08-04.jpg,614,2286,224,GR_ulva,green_algae_ulva,TRUE,1,GR_ulva,0,RE_leaf,0,BR_sarg,0,unknown,0,KE_bull
2024_10_08_12-08-04.jpg,3158,495,224,SU_peb,pebble,TRUE,0.985,GR_ulva,0.014,SU_peb,0.001,MS,0,SU_silt,0,KE_stipe
2024_10_08_12-08-04.jpg,761,4096,224,SU_peb,pebble,TRUE,0.996,SU_peb,0.002,SU_sand,0.001,SU_silt,0,SU_cob,0,MS
2024_10_08_12-08-04.jpg,1688,2908,224,SU_sand,sand_fine_shell,TRUE,0.988,SU_silt,0.006,SU_shell,0.004,SU_sand,0.001,MS,0,GR_ulva
2024_10_08_12-08-04.jpg,1910,4159,224,RE_leaf,red_algae_flat_leaf,TRUE,0.961,RE_leaf,0.016,RE_fil,0.01,MS,0.006,KE_stipe,0.006,SU_peb
2024_10_08_12-08-04.jpg,827,2181,224,GR_ulva,green_algae_ulva,TRUE,1,GR_ulva,0,SU_peb,0,KE_bull,0,BR_sarg,0,KE_stipe
2024_10_08_12-08-04.jpg,1936,1384,224,GR_ulva,green_algae_ulva,TRUE,1,GR_ulva,0,unknown,0,RE_leaf,0,BR_sarg,0,MS
2024_10_08_12-08-04.jpg,3091,249,224,GR_ulva,green_algae_ulva,TRUE,1,GR_ulva,0,unknown,0,KE_stipe,0,RE_leaf,0,MS
2024_10_08_12-08-04.jpg,3799,1826,224,BR_sarg,brown_algae_sargassum,TRUE,0.88,BR_sarg,0.101,SU_cob,0.015,KE_sieve,0.003,GR_ulva,0,BR_fucus
2024_10_08_12-08-04.jpg,530,4258,224,SU_silt,silt,TRUE,0.999,SU_silt,0,SU_peb,0,MS,0,SU_shell,0,SU_sand
2024_10_08_12-08-04.jpg,2122,2346,224,GR_ulva,green_algae_ulva,TRUE,0.997,GR_ulva,0.002,KE_bull,0.001,BR_sarg,0,MS,0,RE_branch
2024_10_08_12-08-04.jpg,539,1216,224,GR_ulva,green_algae_ulva,TRUE,0.941,GR_ulva,0.057,unknown,0.001,KE_sieve,0,KE_stipe,0,RE_leaf
2024_10_08_12-08-04.jpg,606,2449,224,GR_ulva,green_algae_ulva,TRUE,1,GR_ulva,0,SU_peb,0,RE_leaf,0,KE_bull,0,SU_shell
2024_10_08_12-08-04.jpg,1737,652,224,GR_ulva,green_algae_ulva,TRUE,0.997,GR_ulva,0.002,RE_leaf,0.001,unknown,0,SI_kelpBry,0,MS
2024_10_08_12-08-04.jpg,2458,3855,224,BR_sarg,brown_algae_sargassum,TRUE,1,BR_sarg,0,KE_5rib,0,RE_branch,0,RE_bush,0,RE_fil
2024_10_08_12-08-04.jpg,979,3900,224,SU_cob,cobble,TRUE,0.998,SU_cob,0.001,SU_bould,0,SU_shell,0,SU_silt,0,SU_peb
2024_10_08_12-08-04.jpg,175,3941,224,SU_silt,silt,TRUE,0.999,SU_silt,0.001,SU_peb,0,SU_shell,0,MS,0,SU_sand
2024_10_08_12-08-04.jpg,2158,1200,224,GR_ulva,green_algae_ulva,TRUE,1,GR_ulva,0,KE_stipe,0,SU_cob,0,SU_peb,0,MS
2024_10_08_12-08-04.jpg,3347,757,224,SU_silt,silt,TRUE,0.981,SU_silt,0.018,SU_peb,0.001,MS,0,GR_ulva,0,SU_shell
2024_10_08_12-08-04.jpg,1762,1538,224,GR_ulva,green_algae_ulva,TRUE,1,GR_ulva,0,KE_sieve,0,unknown,0,RE_leaf,0,KE_stipe
2024_10_08_12-08-04.jpg,740,3523,224,SU_cob,cobble,TRUE,0.885,SU_bould,0.068,SU_peb,0.027,MS,0.014,GR_ulva,0.005,SU_cob
2024_10_08_12-08-04.jpg,308,4078,224,SU_silt,silt,TRUE,0.992,SU_peb,0.006,SU_silt,0.001,MS,0,SU_shell,0,SU_cob
2024_10_08_12-08-04.jpg,3358,1941,224,BR_sarg,brown_algae_sargassum,TRUE,0.963,GR_ulva,0.022,RE_fil,0.006,BR_sarg,0.003,RE_leaf,0.003,RE_bush
2024_10_08_12-08-04.jpg,2821,1842,224,GR_ulva,green_algae_ulva,TRUE,0.814,GR_ulva,0.08,KE_stipe,0.058,MS,0.041,BR_sarg,0.002,KE_bull
2024_10_08_12-08-04.jpg,560,3378,224,SU_silt,silt,TRUE,0.996,SU_silt,0.004,SU_peb,0,SU_cob,0,SU_sand,0,RE_CCA
2024_10_08_12-08-04.jpg,2301,475,224,GR_ulva,green_algae_ulva,TRUE,0.991,GR_ulva,0.006,unknown,0.001,BR_sarg,0.001,MS,0,RE_leaf
2024_10_08_12-08-04.jpg,1292,3877,224,SU_silt,silt,TRUE,1,SU_silt,0,SU_shell,0,SU_sand,0,MS,0,KE_sieve
2024_10_08_12-08-04.jpg,143,2994,224,GR_ulva,green_algae_ulva,TRUE,0.994,GR_ulva,0.003,SU_peb,0.001,MS,0.001,SU_shell,0.001,SU_silt
2024_10_08_12-08-04.jpg,911,2830,224,KE_sugar,kelp_sugar,TRUE,0.507,KE_sugar,0.377,KE_bull,0.064,RE_leaf,0.029,KE_sieve,0.007,SU_bould
2024_10_08_12-08-13.jpg,3061,1223,224,GR_ulva,green_algae_ulva,TRUE,1,GR_ulva,0,RE_leaf,0,KE_5rib,0,unknown,0,KE_sugar
2024_10_08_12-08-13.jpg,1422,235,224,SU_peb,pebble,TRUE,0.897,SU_cob,0.071,MS,0.011,SU_sand,0.005,SU_silt,0.005,RE_leaf
2024_10_08_12-08-13.jpg,1201,3415,224,SU_silt,silt,TRUE,0.932,SU_silt,0.047,SU_sand,0.021,SU_shell,0,SU_cob,0,RE_CCA
2024_10_08_12-08-13.jpg,3040,3536,224,RE_fil,red_algae_filamentous,TRUE,0.996,RE_fil,0.002,RE_leaf,0.001,MS,0.001,KE_stipe,0,SU_bould
2024_10_08_12-08-13.jpg,1767,1327,224,BR_filam,brown_algae_filamentous,TRUE,0.992,BR_sarg,0.003,RE_fil,0.003,GR_ulva,0.001,MS,0,BR_fucus
2024_10_08_12-08-13.jpg,1472,2549,224,GR_ulva,green_algae_ulva,TRUE,1,GR_ulva,0,SU_peb,0,SU_cob,0,KE_bull,0,KE_stipe
2024_10_08_12-08-13.jpg,1492,3235,224,SU_sand,sand_fine_shell,TRUE,0.997,SU_sand,0.002,SU_silt,0,SU_peb,0,SU_shell,0,SU_bould
2024_10_08_12-08-13.jpg,1040,4154,224,SU_peb,pebble,TRUE,0.567,GR_ulva,0.185,SU_silt,0.116,MS,0.076,SU_peb,0.034,SU_cob
2024_10_08_12-08-13.jpg,869,163,224,GR_ulva,green_algae_ulva,TRUE,1,GR_ulva,0,SU_cob,0,SU_silt,0,KE_5rib,0,unknown
2024_10_08_12-08-13.jpg,1157,214,224,GR_ulva,green_algae_ulva,TRUE,1,GR_ulva,0,KE_5rib,0,KE_sieve,0,KE_sugar,0,BR_sarg
2024_10_08_12-08-13.jpg,539,347,224,KE_sugar,kelp_sugar,TRUE,0.396,KE_sugar,0.32,SU_silt,0.224,SU_peb,0.03,SU_cob,0.016,MS
2024_10_08_12-08-13.jpg,2663,272,224,BR_filam,brown_algae_filamentous,TRUE,0.749,GR_ulva,0.206,BR_fucus,0.017,KE_sugar,0.016,KE_stipe,0.006,BR_sarg
2024_10_08_12-08-13.jpg,1083,3682,224,RE_fil,red_algae_filamentous,TRUE,1,RE_fil,0,RE_leaf,0,MS,0,KE_sugar,0,RE_CCA
2024_10_08_12-08-13.jpg,362,469,224,KE_sugar,kelp_sugar,TRUE,0.84,SU_silt,0.153,KE_sugar,0.004,KE_5rib,0.002,SU_cob,0,SU_peb
2024_10_08_12-08-13.jpg,615,532,224,KE_sugar,kelp_sugar,TRUE,0.725,MS,0.066,KE_5rib,0.047,RE_CCA,0.044,SU_cob,0.04,SU_silt
2024_10_08_12-08-13.jpg,1359,3732,224,SU_sand,sand_fine_shell,TRUE,0.403,RE_leaf,0.306,SU_sand,0.124,MS,0.104,SU_peb,0.042,SU_cob
2024_10_08_12-08-13.jpg,1588,4288,224,SU_peb,pebble,TRUE,0.987,SU_peb,0.011,SU_cob,0.002,GR_ulva,0,SU_silt,0,SU_bould
2024_10_08_12-08-13.jpg,771,617,224,SU_peb,pebble,TRUE,1,SU_silt,0,BR_fucus,0,SU_peb,0,RE_bush,0,KE_5rib
2024_10_08_12-08-13.jpg,2267,2173,224,GR_ulva,green_algae_ulva,TRUE,0.996,GR_ulva,0.003,RE_leaf,0,KE_sugar,0,RE_fil,0,RE_CCA
2024_10_08_12-08-13.jpg,1360,2477,224,GR_ulva,green_algae_ulva,TRUE,1,GR_ulva,0,SI,0,KE_bull,0,RE_leaf,0,KE_sugar
2024_10_08_12-08-13.jpg,3060,2249,224,SU_silt,silt,TRUE,1,SU_silt,0,RE_CCA,0,GR_ulva,0,SU_shell,0,SU_sand
2024_10_08_12-08-13.jpg,458,4269,224,GR_ulva,green_algae_ulva,TRUE,0.997,GR_ulva,0.003,unknown,0,KE_sugar,0,KE_5rib,0,RE_leaf
2024_10_08_12-08-13.jpg,1155,3059,224,SU_sand,sand_fine_shell,TRUE,1,SU_sand,0,SU_silt,0,SU_shell,0,RE_CCA,0,SU_cob
2024_10_08_12-08-13.jpg,2769,1218,224,GR_ulva,green_algae_ulva,TRUE,0.996,GR_ulva,0.004,SU_peb,0,MS,0,KE_stipe,0,RE_leaf
2024_10_08_12-08-13.jpg,3235,532,224,SU_peb,pebble,TRUE,0.993,SU_cob,0.004,SU_peb,0.002,MS,0.001,SU_bould,0,KE_stipe
2024_10_08_12-08-13.jpg,3787,802,224,GR_ulva,green_algae_ulva,TRUE,0.98,GR_ulva,0.018,MS,0.001,SI,0,unknown,0,KE_stipe
2024_10_08_12-08-13.jpg,611,1796,224,BR_filam,brown_algae_filamentous,TRUE,0.545,RE_fil,0.401,KE_sugar,0.027,SU_bould,0.017,KE_sieve,0.005,BR_sarg
2024_10_08_12-08-13.jpg,149,3177,224,SU_silt,silt,TRUE,1,SU_silt,0,SU_shell,0,MS,0,SU_sand,0,GR_ulva
2024_10_08_12-08-13.jpg,1986,3343,224,SU_cob,cobble,TRUE,0.894,SU_cob,0.103,SU_bould,0.002,SU_peb,0.001,GR_ulva,0,SU_silt
2024_10_08_12-08-13.jpg,3609,3573,224,SU_silt,silt,TRUE,0.996,SU_silt,0.002,SU_shell,0.001,SU_sand,0,SU_peb,0,MS
2024_10_08_12-08-13.jpg,3137,1562,224,SU_peb,pebble,TRUE,0.78,GR_ulva,0.209,SU_bould,0.005,SU_cob,0.005,SU_peb,0,KE_stipe
2024_10_08_12-08-13.jpg,2856,2438,224,GR_ulva,green_algae_ulva,TRUE,1,GR_ulva,0,KE_bull,0,KE_sugar,0,SU_peb,0,SI_kelpBry
2024_10_08_12-08-13.jpg,3059,2795,224,SU_silt,silt,TRUE,1,SU_silt,0,MS,0,SU_shell,0,GR_ulva,0,RE_CCA
2024_10_08_12-08-13.jpg,747,3721,224,GR_ulva,green_algae_ulva,TRUE,1,GR_ulva,0,KE_stipe,0,SU_cob,0,SU_peb,0,KE_5rib
2024_10_08_12-08-13.jpg,3213,1781,224,SU_cob,cobble,TRUE,0.998,GR_ulva,0.001,SU_peb,0,MS,0,KE_stipe,0,RE_leaf
2024_10_08_12-08-13.jpg,1025,552,224,SU_peb,pebble,TRUE,0.796,GR_ulva,0.132,BR_fucus,0.039,SU_silt,0.014,KE_sugar,0.008,KE_stipe
2024_10_08_12-08-13.jpg,2778,511,224,SU_peb,pebble,TRUE,0.893,GR_ulva,0.085,SU_peb,0.009,SU_cob,0.006,SU_bould,0.003,KE_stipe
2024_10_08_12-08-13.jpg,2196,3620,224,GR_ulva,green_algae_ulva,TRUE,0.988,GR_ulva,0.011,SU_peb,0.001,SU_silt,0,MS,0,KE_stipe
2024_10_08_12-08-13.jpg,3847,2989,224,GR_ulva,green_algae_ulva,TRUE,1,GR_ulva,0,SU_peb,0,SU_cob,0,KE_stipe,0,RE_leaf
2024_10_08_12-08-13.jpg,232,2695,224,SU_silt,silt,TRUE,0.984,SU_silt,0.01,SU_sand,0.002,SU_bould,0.001,MS,0.001,SU_peb
2024_10_08_12-08-13.jpg,3296,4303,224,GR_ulva,green_algae_ulva,TRUE,1,GR_ulva,0,KE_5rib,0,unknown,0,RE_leaf,0,MS
2024_10_08_12-08-13.jpg,1154,4333,224,GR_ulva,green_algae_ulva,TRUE,1,GR_ulva,0,MS,0,SU_silt,0,SU_cob,0,KE_stipe
2024_10_08_12-08-13.jpg,332,1573,224,GR_ulva,green_algae_ulva,TRUE,1,GR_ulva,0,BR_sarg,0,BR_fucus,0,unknown,0,MS
2024_10_08_12-08-13.jpg,945,1010,224,SU_peb,pebble,TRUE,0.738,SU_peb,0.177,SU_cob,0.036,GR_ulva,0.034,MS,0.008,SU_bould
2024_10_08_12-08-13.jpg,1262,2258,224,GR_ulva,green_algae_ulva,TRUE,1,GR_ulva,0,SI_kelpBry,0,RE_leaf,0,SU_cob,0,unknown
2024_10_08_12-08-13.jpg,868,402,224,GR_ulva,green_algae_ulva,TRUE,0.876,GR_ulva,0.065,SU_cob,0.055,SU_silt,0.002,SU_peb,0.001,unknown
2024_10_08_12-08-13.jpg,344,2949,224,SU_peb,pebble,TRUE,0.442,SU_peb,0.263,GR_ulva,0.222,SU_sand,0.033,SU_shell,0.016,MS
2024_10_08_12-08-13.jpg,3220,1902,224,GR_ulva,green_algae_ulva,TRUE,1,GR_ulva,0,SU_peb,0,SU_bould,0,RE_leaf,0,MS
2024_10_08_12-08-13.jpg,1474,1370,224,BR_filam,brown_algae_filamentous,TRUE,0.882,KE_5rib,0.106,SU_bould,0.006,RE_fil,0.004,KE_sieve,0.002,KE_sugar
2024_10_08_12-08-13.jpg,1897,4184,224,KE_sugar,kelp_sugar,TRUE,0.406,SU_silt,0.272,KE_sugar,0.152,SU_cob,0.078,SU_peb,0.058,MS
