Source_file,Name,Date,Time,Site_name,Transect_number,Transect_ID,Mode_num,Mode,Battery_V,Battery_A,Battery_W,Battery_mAh_used,Battery_Wh_used,Latitude,Longitude,EKFlat,EKFlon,DVLx,DVLy,DVLlat,DVLlon,Altitude,Depth,Depth_std,Depth_Source,Heading,Velocity_mps,Width,Area_m2,Distance,NEDz,VFR_alt,BR_encrust,BR_filam,BR_fucus,BR_sarg,GR_filam,GR_ulva,KE_5rib,KE_bull,KE_holdfas,KE_sieve,KE_stipe,KE_sugar,MS,RE_CCA,RE_branch,RE_bush,RE_encrust,RE_fil,RE_leaf,SI,SI_kelpBry,SU_anth,SU_bould,SU_cob,SU_peb,SU_sand,SU_shell,SU_silt,SU_wood,unknown
CNL_S24,2024_10_08_10-07-41.jpg,10/8/2024,10:07:41,Centennial Park,1,CNL_S24_T1,0,STABILIZE,13.65264634,1.379146341,18.82694573,0,0,47.6190932,-122.3624258,47.6190971,-122.3624071,0,0,47.6190932,-122.3624258,1.017256055,-9.519999504,-7.416526347,VFR_alt,354.6972486,0.029183821,1.772491611,2.268969543,0,9.697463989,-9.519999504,0,0,0,0,0,0.06,0,0,0,0,0.02,0.38,0,0,0,0,0,0,0,0,0,0,0,0,0.4,0,0,0.14,0,0
CNL_S24,2024_10_08_10-07-50.jpg,10/8/2024,10:07:50,Centennial Park,1,CNL_S24_T1,0,STABILIZE,13.66343558,1.242392638,16.9753362,5,0.055555556,47.6190908,-122.3624442,47.6190969,-122.3624161,-0.02875042,-0.678201675,47.61909294,-122.3624348,0.681165624,-9.880000114,-7.441900487,VFR_alt,345.8831799,0.031733709,1.186879496,1.016917746,0.095744932,10.05552769,-9.880000114,0,0,0,0,0,0.02,0,0,0,0,0,0.5,0,0,0,0,0,0,0,0,0,0,0,0,0.3,0.02,0,0.16,0,0
CNL_S24,2024_10_08_10-07-59.jpg,10/8/2024,10:07:59,Centennial Park,1,CNL_S24_T1,21,SURFTRAK,13.6576988,1.373373494,18.75632566,8,0.111111111,47.6190852,-122.362463,47.6190965,-122.3624276,-0.065179825,-1.538064957,47.61909261,-122.3624463,0.848493942,-9.729999542,-7.460388419,VFR_alt,346.7265159,0.037561464,1.478436413,1.577721463,0.111131033,9.90764904,-9.729999542,0,0,0,0,0,0.02,0,0,0,0,0,0.44,0,0,0,0,0,0,0,0,0,0,0,0.04,0.42,0.02,0,0.06,0,0
CNL_S24,2024_10_08_10-08-08.jpg,10/8/2024,10:08:08,Centennial Park,1,CNL_S24_T1,21,SURFTRAK,13.61666061,2.417757576,32.9204963,15,0.194444444,47.6190864,-122.3624715,47.6190962,-122.3624323,-0.103785515,-1.89235878,47.61909233,-122.362451,0.60987877,-9.800000191,-7.292539815,VFR_alt,331.6967176,0.064562281,1.062667553,0.815303696,0.053945339,9.96980381,-9.800000191,0,0,0,0,0,0.08,0,0,0.02,0,0.02,0.24,0,0,0,0.02,0,0,0,0,0,0,0,0,0.34,0.06,0,0.22,0,0
CNL_S24,2024_10_08_10-08-17.jpg,10/8/2024,10:08:17,Centennial Park,1,CNL_S24_T1,21,SURFTRAK,13.63069753,1.702407407,23.19795809,19,0.25,47.6190916,-122.3624746,47.6190967,-122.3624453,-0.045682907,-2.867062569,47.61909285,-122.362464,0.840061702,-9.609999657,-7.333153143,VFR_alt,319.8273425,0.054846716,1.463743875,1.546631248,0.101253924,9.782694817,-9.609999657,0,0,0,0,0,0.06,0,0,0,0,0,0.34,0.04,0,0,0,0,0,0.02,0,0,0,0,0.06,0.32,0.02,0,0.14,0,0
CNL_S24,2024_10_08_10-08-26.jpg,10/8/2024,10:08:26,Centennial Park,1,CNL_S24_T1,21,SURFTRAK,13.66368098,1.304969325,17.83063828,22,0.305555556,47.6190912,-122.3624774,47.6190979,-122.3624566,0.090802193,-3.717727661,47.61909408,-122.3624753,0.690981592,-9.739999771,-7.314280432,VFR_alt,326.5178464,0.046132403,1.203983077,1.046234577,0.089345971,9.914942741,-9.739999771,0,0,0,0,0,0.1,0,0,0,0,0,0.18,0,0,0,0.02,0,0,0,0,0,0,0,0.08,0.44,0.04,0,0.14,0,0
CNL_S24,2024_10_08_10-08-35.jpg,10/8/2024,10:08:35,Centennial Park,1,CNL_S24_T1,21,SURFTRAK,13.62968323,1.865900621,25.43154441,26,0.361111111,47.6190914,-122.3624744,47.6191003,-122.362466,0.362900734,-4.425614357,47.61909653,-122.3624847,0.877701855,-9.590000153,-7.351096114,VFR_alt,326.9436493,0.062075911,1.52932899,1.688383889,0.068684108,9.765630722,-9.590000153,0,0.02,0,0,0,0.06,0,0,0,0,0,0.28,0,0,0,0,0,0,0,0,0,0,0,0.04,0.48,0,0,0.12,0,0
CNL_S24,2024_10_08_10-08-44.jpg,10/8/2024,10:08:44,Centennial Park,1,CNL_S24_T1,21,SURFTRAK,13.64668098,1.299141104,17.72853411,29,0.416666667,47.619097,-122.3624682,47.6191019,-122.3624717,0.543018341,-4.852114677,47.61909815,-122.3624904,0.769202436,-9.599999428,-7.252690156,VFR_alt,325.02408,0.056129171,1.340276971,1.296877685,0.03170244,9.775119781,-9.599999428,0,0,0,0,0,0,0,0,0,0,0,0.16,0,0,0,0.02,0,0.02,0,0,0.04,0,0,0,0.64,0,0,0.12,0,0
CNL_S24,2024_10_08_10-08-53.jpg,10/8/2024,10:08:53,Centennial Park,1,CNL_S24_T1,21,SURFTRAK,13.61905521,1.846196319,25.14425117,34,0.472222222,47.6190957,-122.3624639,47.6191045,-122.3624743,0.823647499,-5.044939995,47.61910067,-122.362493,0.663006107,-9.819999695,-7.366698828,VFR_alt,307.7532824,0.091889261,1.155237914,0.96362915,0.051323958,9.988926888,-9.819999695,0,0,0,0,0,0.02,0,0,0,0,0,0,0,0,0.02,0.02,0,0,0,0,0,0,0,0.04,0.66,0.14,0,0.1,0,0
CNL_S24,2024_10_08_10-09-02.jpg,10/8/2024,10:09:02,Centennial Park,1,CNL_S24_T1,21,SURFTRAK,13.63342169,1.618373494,22.06396476,38,0.527777778,47.6191164,-122.3624521,47.6191111,-122.362476,1.564702988,-5.174449921,47.61910734,-122.3624947,0.748915664,-9.670000076,-7.303035008,VFR_alt,312.6531934,0.104139792,1.304928808,1.229026863,0.098533657,9.846647263,-9.670000076,0,0,0,0.02,0,0.04,0,0,0,0,0,0,0,0,0,0.02,0,0,0.02,0,0,0,0,0.02,0.76,0.06,0,0.06,0,0
CNL_S24,2024_10_08_10-09-11.jpg,10/8/2024,10:09:11,Centennial Park,1,CNL_S24_T1,21,SURFTRAK,13.6350303,1.449575758,19.76488352,42,0.583333333,47.6191216,-122.3624546,47.619118,-122.3624779,2.326996803,-5.315289497,47.61911419,-122.3624966,0.668606019,-9.75,-7.30341355,VFR_alt,316.7075461,0.098004211,1.164995336,0.979580835,0.084494363,9.928070068,-9.75,0,0,0,0,0,0.02,0,0,0,0,0,0,0,0,0,0.04,0,0,0,0,0,0,0,0,0.84,0.08,0,0.02,0,0
CNL_S24,2024_10_08_10-09-20.jpg,10/8/2024,10:09:20,Centennial Park,1,CNL_S24_T1,21,SURFTRAK,13.61406748,2.110552147,28.7332465,47,0.638888889,47.6191394,-122.362452,47.6191277,-122.3624772,3.412647247,-5.257047653,47.61912396,-122.3624958,0.64263802,-9.739999771,-7.268288379,VFR_alt,321.2130581,0.084451091,1.119748065,0.905041326,0.145794022,9.917635918,-9.739999771,0,0,0,0,0,0.1,0,0,0,0,0,0.26,0,0,0.02,0.02,0,0,0,0,0.02,0,0,0.02,0.48,0.04,0,0.04,0,0
CNL_S24,2024_10_08_10-09-29.jpg,10/8/2024,10:09:29,Centennial Park,1,CNL_S24_T1,21,SURFTRAK,13.5998773,2.663190184,36.21743926,52,0.722222222,47.6191485,-122.3624505,47.6191354,-122.3624754,4.269632339,-5.13144207,47.61913167,-122.3624941,0.682147237,-9.699999809,-7.268669654,VFR_alt,326.2855196,0.053874419,1.188589882,1.020055425,0.092716048,9.870515823,-9.699999809,0,0,0,0,0,0.3,0,0,0,0,0,0.5,0,0,0,0,0,0,0.02,0,0.04,0,0,0,0.14,0,0,0,0,0
CNL_S24,2024_10_08_10-09-38.jpg,10/8/2024,10:09:38,Centennial Park,1,CNL_S24_T1,2,ALT_HOLD,13.6174878,4.292317073,58.39195793,58,0.805555556,47.6191634,-122.3624644,47.6191455,-122.3624742,5.391801834,-5.032767296,47.61914176,-122.3624928,0.443780482,-9.859999657,-7.191077899,VFR_alt,327.2891012,0.082385806,0.77325387,0.431594899,0.139740624,10.04162407,-9.859999657,0,0,0,0,0,0.08,0,0,0,0,0,0.8,0,0,0,0,0,0,0.02,0,0.02,0,0,0.02,0.04,0,0,0.02,0,0
CNL_S24,2024_10_08_10-09-47.jpg,10/8/2024,10:09:47,Centennial Park,1,CNL_S24_T1,2,ALT_HOLD,13.63254217,1.723253012,23.49256277,67,0.916666667,47.619157,-122.3624755,47.6191495,-122.3624709,5.83368206,-4.786540985,47.61914573,-122.3624895,0.236445777,-9.949999809,-7.074295804,VFR_alt,131.1213154,0.058054844,0.411988855,0.123087746,0.058965761,10.12606239,-9.949999809,0,0,0,0.04,0,0.06,0,0,0.04,0,0,0.48,0,0,0,0.02,0,0,0,0,0,0,0,0.04,0.32,0,0,0,0,0
CNL_S24,2024_10_08_10-09-56.jpg,10/8/2024,10:09:56,Centennial Park,1,CNL_S24_T1,2,ALT_HOLD,13.5864,2.797090909,37.99480582,76,1.027777778,47.6191452,-122.3624882,47.6191498,-122.3624828,5.856595516,-5.677872658,47.61914594,-122.3625014,0.423030291,-9.880000114,-7.191084553,VFR_alt,304.5857456,0.076363656,0.737098234,0.392394909,0.031492249,10.0614481,-9.880000114,0,0,0,0,0,0.12,0,0,0,0,0,0.12,0,0,0.06,0.02,0,0,0.04,0,0,0,0,0.02,0.52,0,0.02,0.08,0,0
CNL_S24,2024_10_08_10-10-05.jpg,10/8/2024,10:10:05,Centennial Park,1,CNL_S24_T1,2,ALT_HOLD,13.62435583,1.744785276,23.77117337,81,1.111111111,47.6191446,-122.3625044,47.6191491,-122.3624884,5.790782452,-6.105248451,47.61914535,-122.3625071,0.622576689,-9.769999504,-7.280367766,VFR_alt,245.4011783,0.049325669,1.084792716,0.849479572,0.071216044,9.945783615,-9.769999504,0,0,0,0,0,0.02,0,0,0,0,0,0.12,0,0,0.04,0,0,0,0.02,0,0,0,0,0.08,0.58,0.02,0.02,0.08,0.02,0
CNL_S24,2024_10_08_10-10-14.jpg,10/8/2024,10:10:14,Centennial Park,1,CNL_S24_T1,2,ALT_HOLD,13.64314371,1.338323353,18.25903545,88,1.194444444,47.6191506,-122.3625165,47.6191529,-122.3624954,6.215322495,-6.630779266,47.61914917,-122.3625141,0.3520958,-9.979999542,-7.219180814,VFR_alt,347.4080684,0.035693235,0.613500258,0.27175718,0.08796783,10.15345192,-9.979999542,0,0,0,0,0,0.04,0,0,0,0,0,0,0,0,0.02,0.02,0,0.06,0.02,0,0,0,0.04,0.16,0.5,0.02,0.04,0.08,0,0
CNL_S24,2024_10_08_10-10-23.jpg,10/8/2024,10:10:23,Centennial Park,1,CNL_S24_T1,2,ALT_HOLD,13.64129814,1.499937888,20.45861919,91,1.25,47.6191508,-122.3625278,47.6191536,-122.3625038,6.282274723,-7.257888794,47.61914977,-122.3625224,0.410807447,-9.869999886,-7.16688808,VFR_alt,359.2955297,0.016290849,0.715800854,0.369849752,0.037861309,10.04348373,-9.869999886,0,0.04,0.04,0,0,0,0,0,0,0,0,0,0,0,0.08,0.04,0,0,0.04,0,0,0,0.02,0.04,0.56,0,0,0.14,0,0
CNL_S24,2024_10_08_10-10-32.jpg,10/8/2024,10:10:32,Centennial Park,1,CNL_S24_T1,2,ALT_HOLD,13.62479755,1.662208589,22.64665669,95,1.305555556,47.6191507,-122.3625311,47.6191536,-122.3625106,6.287481785,-7.768322945,47.61914982,-122.3625292,0.574233118,-9.63999939,-7.099158831,VFR_alt,352.3269154,0.029779573,1.000557705,0.723014618,0.054481205,9.825111389,-9.63999939,0,0,0,0,0,0.1,0,0,0,0,0,0,0,0,0.02,0,0,0,0.04,0,0,0,0,0.12,0.64,0.02,0,0.06,0,0
CNL_S24,2024_10_08_10-10-41.jpg,10/8/2024,10:10:41,Centennial Park,1,CNL_S24_T1,21,SURFTRAK,13.62765432,1.566296296,21.34392074,99,1.361111111,47.6191468,-122.3625431,47.6191542,-122.3625203,6.348069429,-8.4992342,47.61915036,-122.3625389,0.666111072,-9.609999657,-7.159881851,VFR_alt,312.0623057,0.057682227,1.16064808,0.97230972,0.124221383,9.784620285,-9.609999657,0,0,0,0,0,0.06,0,0,0,0,0,0,0,0,0.02,0,0,0.02,0,0,0,0,0,0.06,0.66,0,0,0.18,0,0
CNL_S24,2024_10_08_10-10-50.jpg,10/8/2024,10:10:50,Centennial Park,1,CNL_S24_T1,21,SURFTRAK,13.61693939,1.876121212,25.54699291,103,1.416666667,47.619148,-122.3625444,47.619154,-122.3625331,6.33776474,-9.460255146,47.61915027,-122.3625517,0.881454529,-9.449999809,-7.214218405,VFR_alt,356.3134457,0.05291643,1.53586774,1.702785227,0.078511438,9.617028236,-9.449999809,0,0,0,0,0,0.12,0,0,0,0,0,0.12,0,0,0.02,0.02,0,0,0.04,0,0,0,0,0.04,0.48,0,0,0.16,0,0
CNL_S24,2024_10_08_10-10-59.jpg,10/8/2024,10:10:59,Centennial Park,1,CNL_S24_T1,21,SURFTRAK,13.54986667,5.833575758,79.04347224,112,1.527777778,47.6191496,-122.3625297,47.6191535,-122.3625301,6.266052246,-9.224227905,47.61914962,-122.3625486,0.608363634,-9.659999847,-7.150417562,VFR_alt,328.8080876,0.136679419,1.060027544,0.811113839,0.146263615,9.836907387,-9.659999847,0,0,0,0,0,0.1,0,0,0,0,0,0,0,0,0,0.02,0,0,0,0,0,0,0,0.08,0.6,0,0.02,0.18,0,0
CNL_S24,2024_10_08_10-11-08.jpg,10/8/2024,10:11:08,Centennial Park,1,CNL_S24_T1,21,SURFTRAK,13.64401212,1.495575758,20.40548279,118,1.611111111,47.6191591,-122.3625139,47.6191572,-122.3625273,6.688313007,-9.021942616,47.61915342,-122.3625459,0.743454552,-9.420000076,-7.045214949,VFR_alt,318.8141728,0.041188471,1.295413234,1.2112206,0.041642394,9.597575188,-9.420000076,0,0.02,0,0,0,0.04,0,0,0,0,0,0.08,0,0,0,0,0,0,0.04,0,0,0,0,0,0.54,0,0.02,0.26,0,0
CNL_S24,2024_10_08_10-11-17.jpg,10/8/2024,10:11:17,Centennial Park,1,CNL_S24_T1,21,SURFTRAK,13.64789024,1.385243902,18.9052911,121,1.638888889,47.6191629,-122.3625059,47.6191606,-122.3625261,7.06793642,-8.930321693,47.61915684,-122.3625446,0.670853634,-9.529999733,-7.082688754,VFR_alt,320.7401363,0.044433039,1.168911636,0.986275444,0.039639784,9.703738213,-9.529999733,0,0.06,0,0,0,0.1,0,0,0,0,0,0,0,0,0.1,0,0,0.04,0,0,0,0,0,0.06,0.54,0,0,0.1,0,0
CNL_S24,2024_10_08_10-11-26.jpg,10/8/2024,10:11:26,Centennial Park,1,CNL_S24_T1,21,SURFTRAK,13.63544512,1.501585366,20.47461567,125,1.694444444,47.6191759,-122.3625044,47.6191658,-122.3625261,7.654364347,-8.931646824,47.61916211,-122.3625447,0.640243888,-9.529999733,-7.052417595,VFR_alt,315.0407949,0.06934786,1.115576471,0.898351014,0.090726135,9.705863953,-9.529999733,0,0.06,0,0,0,0.14,0,0,0,0,0,0,0,0,0.14,0.02,0,0.04,0.08,0,0,0,0,0.12,0.34,0,0,0.06,0,0
CNL_S24,2024_10_08_10-11-35.jpg,10/8/2024,10:11:35,Centennial Park,1,CNL_S24_T1,21,SURFTRAK,13.6202454,1.764478528,24.03211178,128,1.75,47.6191727,-122.3625061,47.6191718,-122.3625271,8.319670439,-9.006258011,47.61916809,-122.3625457,0.815644169,-9.359999657,-7.058314546,VFR_alt,311.8800323,0.090870132,1.421198173,1.457941243,0.056316203,9.530041695,-9.359999657,0,0,0,0,0,0.02,0,0,0,0,0,0.28,0,0,0,0,0,0,0,0,0,0,0,0.02,0.52,0,0,0.16,0,0
CNL_S24,2024_10_08_10-11-44.jpg,10/8/2024,10:11:44,Centennial Park,1,CNL_S24_T1,21,SURFTRAK,13.63564198,1.472777778,20.08178142,132,1.805555556,47.6191651,-122.362519,47.6191741,-122.3625296,8.579731941,-9.198090553,47.61917026,-122.3625482,0.641481466,-9.559999466,-7.084701198,VFR_alt,311.7587013,0.093701423,1.117732857,0.901983465,0.05037659,9.739843369,-9.559999466,0,0,0,0,0,0.1,0,0,0,0,0,0.24,0.02,0,0,0.04,0,0.02,0,0,0,0,0,0.04,0.38,0.02,0,0.14,0,0
CNL_S24,2024_10_08_10-11-53.jpg,10/8/2024,10:11:53,Centennial Park,1,CNL_S24_T1,21,SURFTRAK,13.61946584,1.702049689,23.18089143,136,1.861111111,47.6191697,-122.3625352,47.6191779,-122.3625374,8.994161487,-9.780417919,47.61917399,-122.3625559,0.726583814,-9.5,-7.110301061,VFR_alt,304.0730064,0.102925782,1.266017251,1.156852531,0.082492993,9.678063393,-9.5,0,0,0.02,0,0,0.08,0,0,0,0,0,0.38,0,0,0.02,0,0,0,0.06,0,0,0,0,0.06,0.26,0,0.02,0.08,0,0.02
CNL_S24,2024_10_08_10-12-02.jpg,10/8/2024,10:12:02,Centennial Park,1,CNL_S24_T1,21,SURFTRAK,13.62084663,1.755766871,23.91485571,141,1.916666667,47.6191757,-122.3625475,47.6191818,-122.3625477,9.43707335,-10.55339289,47.61917797,-122.3625662,0.6892638,-9.590000153,-7.163320575,VFR_alt,305.002616,0.128370094,1.200989954,1.041050904,0.109264204,9.764601707,-9.590000153,0,0.02,0,0,0,0.02,0,0,0,0,0,0.18,0,0,0,0.02,0,0.02,0,0,0,0,0.02,0.02,0.46,0,0,0.22,0,0.02
CNL_S24,2024_10_08_10-12-11.jpg,10/8/2024,10:12:11,Centennial Park,1,CNL_S24_T1,21,SURFTRAK,13.64307317,1.350121951,18.41971927,146,2,47.6191903,-122.3625671,47.6191903,-122.3625572,10.38018175,-11.26905537,47.61918645,-122.3625757,0.685914635,-9.569999695,-7.140099768,VFR_alt,304.3432337,0.091692355,1.195154288,1.030988642,0.116268081,9.752770424,-9.569999695,0,0.06,0.02,0,0,0.04,0,0,0,0,0,0.08,0.02,0,0,0.02,0,0.02,0.04,0,0,0,0.02,0.1,0.3,0,0,0.28,0,0
CNL_S24,2024_10_08_10-12-20.jpg,10/8/2024,10:12:20,Centennial Park,1,CNL_S24_T1,21,SURFTRAK,13.62221472,1.679447853,22.87775933,151,2.055555556,47.6191841,-122.362574,47.6191953,-122.3625683,10.93892032,-12.10124683,47.61919148,-122.3625868,0.759693242,-9.519999504,-7.163852712,VFR_alt,292.3603428,0.076625061,1.323707922,1.264639742,0.088051869,9.693767548,-9.519999504,0,0,0,0,0,0.04,0,0,0,0,0,0.14,0,0,0.02,0.02,0,0.04,0.06,0,0,0,0,0.06,0.44,0,0,0.18,0,0
CNL_S24,2024_10_08_10-12-29.jpg,10/8/2024,10:12:29,Centennial Park,1,CNL_S24_T1,21,SURFTRAK,13.61980368,1.755521472,23.90980822,155,2.111111111,47.6191836,-122.3625901,47.6191951,-122.3625787,10.90903753,-12.88254452,47.61919121,-122.3625972,0.762515325,-9.590000153,-7.236565708,VFR_alt,299.8891035,0.078335138,1.328625188,1.274087566,0.102050507,9.76241684,-9.590000153,0,0,0,0,0,0.06,0,0,0,0,0,0.18,0,0,0,0,0,0.04,0.04,0,0,0,0,0.02,0.26,0.02,0.02,0.34,0,0.02
CNL_S24,2024_10_08_10-12-38.jpg,10/8/2024,10:12:38,Centennial Park,1,CNL_S24_T1,21,SURFTRAK,13.61163975,2.117639752,28.82464366,160,2.166666667,47.6191886,-122.3626106,47.6191972,-122.3625913,11.14668381,-13.82639313,47.61919335,-122.3626097,0.69757763,-9.670000076,-7.251503962,VFR_alt,295.4108487,0.113217247,1.215476174,1.066324859,0.153503426,9.843359947,-9.670000076,0,0,0,0,0,0.2,0,0,0,0,0,0.04,0,0,0,0,0,0,0,0,0,0,0,0.1,0.42,0.02,0,0.22,0,0
CNL_S24,2024_10_08_10-12-47.jpg,10/8/2024,10:12:47,Centennial Park,1,CNL_S24_T1,21,SURFTRAK,13.61376364,2.015272727,27.43545309,165,2.25,47.6191941,-122.3626374,47.6192,-122.3626117,11.46331573,-15.35721731,47.61919619,-122.3626301,0.734424239,-9.699999809,-7.318282116,VFR_alt,296.0615395,0.12762548,1.279678598,1.182526074,0.184738411,9.878486633,-9.699999809,0,0,0,0,0,0.08,0,0,0,0,0,0.78,0,0,0,0,0,0,0.02,0,0,0,0.02,0,0.1,0,0,0,0,0
CNL_S24,2024_10_08_10-12-56.jpg,10/8/2024,10:12:56,Centennial Park,1,CNL_S24_T1,21,SURFTRAK,13.62471779,1.941595092,26.45327325,170,2.333333333,47.6191903,-122.3626762,47.6192028,-122.3626356,11.77519917,-17.15201381,47.619199,-122.362654,0.747975458,-9.809999466,-7.441890615,VFR_alt,305.6941732,0.118639899,1.303290571,1.226118472,0.209043108,9.981114388,-9.809999466,0,0,0,0,0,0.18,0,0,0.02,0,0,0.18,0,0,0,0,0,0.04,0.1,0,0,0,0.04,0.12,0.14,0,0,0.18,0,0
CNL_S24,2024_10_08_10-13-05.jpg,10/8/2024,10:13:05,Centennial Park,1,CNL_S24_T1,21,SURFTRAK,13.64536585,1.442134146,19.67790049,176,2.388888889,47.6191924,-122.3626755,47.6192082,-122.3626531,12.37077022,-18.45996153,47.61920436,-122.3626714,0.752012193,-9.729999542,-7.366177363,VFR_alt,310.0257579,0.112688011,1.310324276,1.239313193,0.126293089,9.904456139,-9.729999542,0,0,0,0,0,0.12,0,0,0,0.04,0,0.42,0,0,0,0,0,0,0.06,0,0,0,0.02,0.04,0.22,0,0,0.06,0,0.02
CNL_S24,2024_10_08_10-13-14.jpg,10/8/2024,10:13:14,Centennial Park,1,CNL_S24_T1,21,SURFTRAK,13.59988199,2.323167702,31.59377,181,2.472222222,47.6192014,-122.362669,47.6192111,-122.3626681,12.69396496,-19.5863719,47.61920726,-122.3626863,0.621987581,-9.989999771,-7.496598495,VFR_alt,309.8939176,0.157328704,1.083766239,0.847793888,0.138855772,10.16197395,-9.989999771,0,0,0,0,0,0.06,0,0,0,0,0,0.2,0,0,0.04,0,0,0.06,0.02,0,0,0,0,0.22,0.2,0,0,0.2,0,0
CNL_S24,2024_10_08_10-13-23.jpg,10/8/2024,10:13:23,Centennial Park,1,CNL_S24_T1,21,SURFTRAK,13.65716049,1.266728395,17.2996821,187,2.555555556,47.6192112,-122.3626796,47.619219,-122.3626787,13.5723772,-20.38251853,47.61921516,-122.3626969,0.709876522,-9.809999466,-7.405076791,VFR_alt,309.0733354,0.087856719,1.236906061,1.104491013,0.064610018,9.988035202,-9.809999466,0,0,0,0,0,0.24,0,0,0,0,0,0.16,0,0,0.02,0,0,0,0.02,0,0,0,0.02,0.06,0.3,0,0.04,0.14,0,0
CNL_S24,2024_10_08_10-13-32.jpg,10/8/2024,10:13:32,Centennial Park,1,CNL_S24_T1,21,SURFTRAK,13.60065031,2.494601227,33.9280854,193,2.611111111,47.6192148,-122.3626806,47.6192224,-122.3626843,13.95267272,-20.80088902,47.61921854,-122.3627026,0.726687097,-9.869999886,-7.482568351,VFR_alt,314.789545,0.111358907,1.266197214,1.157769501,0.102056045,10.03984833,-9.869999886,0,0,0,0,0,0.08,0,0,0.06,0,0,0.44,0,0,0,0,0,0,0,0,0.02,0,0,0.12,0.14,0,0,0.14,0,0
CNL_S24,2024_10_08_10-13-41.jpg,10/8/2024,10:13:41,Centennial Park,1,CNL_S24_T1,21,SURFTRAK,13.59927108,3.035903614,41.28520759,198,2.694444444,47.6192225,-122.3626729,47.6192274,-122.3626903,14.51193905,-21.25175238,47.61922357,-122.3627086,0.695421679,-9.929999352,-7.512020635,VFR_alt,321.5598477,0.135760434,1.211719593,1.059758241,0.127031787,10.10135651,-9.929999352,0,0,0,0,0,0.02,0,0,0.02,0,0,0.62,0.06,0,0.04,0,0,0,0,0,0,0,0.02,0,0.08,0,0,0.14,0,0
CNL_S24,2024_10_08_10-13-50.jpg,10/8/2024,10:13:50,Centennial Park,1,CNL_S24_T1,21,SURFTRAK,13.58831481,3.322037037,45.13998556,207,2.833333333,47.6192371,-122.3626794,47.6192368,-122.3626915,15.55917549,-21.34113741,47.61923299,-122.3627098,0.634753077,-9.960000038,-7.482055386,VFR_alt,329.2909097,0.176976626,1.10600915,0.883118612,0.176317845,10.13785839,-9.960000038,0,0,0,0,0,0.16,0,0,0,0,0,0.34,0,0,0.1,0.02,0,0,0.04,0,0,0,0.02,0.14,0.12,0,0,0.06,0,0
CNL_S24,2024_10_08_10-35-58.jpg,10/8/2024,10:35:58,Centennial Park,1,CNL_S24_T1,21,SURFTRAK,13.58385366,3.513414634,47.72577805,1297,17.63888889,47.6193324,-122.3627134,47.6193314,-122.3626986,26.07707405,-21.87217617,47.61932759,-122.3627168,0.716158509,-9.269999504,-6.930092667,VFR_alt,173.8309304,0.146249807,1.247851948,1.123896728,0.144558071,9.446931839,-9.269999504,0,0,0,0,0,0.04,0,0,0,0,0,0,0,0,0.04,0,0,0.02,0,0,0,0,0,0.04,0.8,0.02,0,0.04,0,0
CNL_S24,2024_10_08_10-36-07.jpg,10/8/2024,10:36:07,Centennial Park,1,CNL_S24_T1,21,SURFTRAK,13.58948171,2.984512195,40.55671311,1304,17.72222222,47.6193184,-122.3627312,47.6193216,-122.3627028,24.98014736,-22.19231749,47.61931773,-122.3627211,0.666524359,-9.43999958,-7.050820732,VFR_alt,171.0970906,0.107022041,1.161368201,0.973572966,0.113832249,9.610348701,-9.43999958,0,0,0,0,0,0.04,0,0,0,0,0,0.46,0,0,0,0,0,0,0,0,0,0,0.04,0,0.46,0,0,0,0,0
CNL_S24,2024_10_08_10-36-16.jpg,10/8/2024,10:36:16,Centennial Park,1,CNL_S24_T1,21,SURFTRAK,13.58898788,3.444484848,46.80154558,1314,17.86111111,47.6193036,-122.3627213,47.6193078,-122.3627052,23.44406605,-22.37078285,47.61930391,-122.3627235,0.681333339,-9.510000229,-7.136142417,VFR_alt,175.7915519,0.128777551,1.187171727,1.017227642,0.15916415,9.684653282,-9.510000229,0,0.04,0,0,0,0.1,0,0,0,0,0,0,0,0,0.02,0,0,0.02,0.02,0,0,0,0.06,0.02,0.72,0,0,0,0,0
CNL_S24,2024_10_08_10-36-25.jpg,10/8/2024,10:36:25,Centennial Park,1,CNL_S24_T1,21,SURFTRAK,13.58720732,3.31945122,45.09957945,1323,17.97222222,47.6192897,-122.362719,47.6192945,-122.3627068,21.9639492,-22.49188995,47.6192906,-122.3627251,0.61841464,-9.63999939,-7.20384046,VFR_alt,175.1634569,0.153893219,1.077540661,0.83834075,0.166958388,9.812445641,-9.63999939,0,0.02,0,0,0,0.08,0,0,0,0,0,0.16,0,0,0.1,0.02,0,0.06,0.06,0,0,0,0.02,0.06,0.38,0.02,0,0.02,0,0
CNL_S24,2024_10_08_10-36-34.jpg,10/8/2024,10:36:34,Centennial Park,1,CNL_S24_T1,21,SURFTRAK,13.58957669,3.490613497,47.43631528,1331,18.11111111,47.619276,-122.362711,47.6192817,-122.3627059,20.53778458,-22.41823196,47.61927777,-122.3627241,0.611227007,-9.68999958,-7.247331576,VFR_alt,166.3520847,0.123141568,1.065016755,0.81866391,0.136684214,9.865625381,-9.68999958,0,0,0,0,0,0.24,0,0,0,0,0,0.42,0.02,0,0.06,0,0,0.02,0.06,0,0,0,0.08,0.04,0.06,0,0,0,0,0
CNL_S24,2024_10_08_10-36-43.jpg,10/8/2024,10:36:43,Centennial Park,1,CNL_S24_T1,21,SURFTRAK,13.5867378,3.299939024,44.82400457,1338,18.19444444,47.6192682,-122.3626847,47.6192733,-122.3627003,19.60731125,-21.99932432,47.6192694,-122.3627185,0.636341453,-9.670000076,-7.253141505,VFR_alt,168.209942,0.096628201,1.108776773,0.887402889,0.119034835,9.841161728,-9.670000076,0,0,0,0,0,0.28,0,0,0,0,0,0.32,0,0,0.04,0,0,0,0.14,0,0,0,0.02,0.02,0.16,0,0,0.02,0,0
CNL_S24,2024_10_08_10-36-52.jpg,10/8/2024,10:36:52,Centennial Park,1,CNL_S24_T1,21,SURFTRAK,13.59619136,2.7,36.70965093,1346,18.30555556,47.6192564,-122.3626796,47.6192637,-122.3626908,18.53803253,-21.28291798,47.61925979,-122.362709,0.655432076,-9.659999847,-7.262898769,VFR_alt,161.5428613,0.083479473,1.142040738,0.941571674,0.123042638,9.834856987,-9.659999847,0,0,0,0,0,0.2,0,0,0,0,0,0.06,0.02,0,0.04,0,0,0,0.04,0,0,0,0.06,0.16,0.36,0,0.02,0.02,0,0.02
CNL_S24,2024_10_08_10-37-01.jpg,10/8/2024,10:37:01,Centennial Park,1,CNL_S24_T1,21,SURFTRAK,13.59658282,2.817423313,38.30709902,1353,18.38888889,47.6192513,-122.3626773,47.6192548,-122.3626823,17.54675055,-20.6479497,47.61925087,-122.3627006,0.660184016,-9.679999352,-7.28824443,VFR_alt,153.7878311,0.09849327,1.150320633,0.955259439,0.122496463,9.858201027,-9.679999352,0,0,0,0,0,0.04,0,0,0,0,0,0.64,0,0,0.02,0,0,0,0,0,0,0,0,0.04,0.22,0,0,0.04,0,0
CNL_S24,2024_10_08_10-37-10.jpg,10/8/2024,10:37:10,Centennial Park,1,CNL_S24_T1,21,SURFTRAK,13.59264024,2.709939024,36.83466268,1360,18.5,47.6192475,-122.3626608,47.6192472,-122.3626714,16.70439959,-19.82671332,47.61924329,-122.3626896,0.635975599,-9.68999958,-7.274527058,VFR_alt,150.1274731,0.110210094,1.108139302,0.886700092,0.124746302,9.864774704,-9.68999958,0,0,0,0,0,0.24,0,0,0,0,0,0.12,0,0,0.06,0,0,0.04,0.08,0,0,0,0.04,0.04,0.38,0,0,0,0,0
CNL_S24,2024_10_08_10-37-19.jpg,10/8/2024,10:37:19,Centennial Park,1,CNL_S24_T1,21,SURFTRAK,13.59265455,3.049393939,41.44862036,1368,18.58333333,47.6192509,-122.3626412,47.619242,-122.3626589,16.1254468,-18.88999295,47.61923809,-122.3626772,0.666909079,-9.649999619,-7.265856895,VFR_alt,149.8582549,0.116887967,1.162038548,0.975535779,0.133381023,9.821785927,-9.649999619,0,0,0,0,0,0.12,0,0,0,0,0,0.54,0.02,0,0,0,0,0.02,0,0,0,0,0,0.06,0.24,0,0,0,0,0
CNL_S24,2024_10_08_10-37-28.jpg,10/8/2024,10:37:28,Centennial Park,1,CNL_S24_T1,21,SURFTRAK,13.59421951,2.739390244,37.24020427,1374,18.66666667,47.6192588,-122.3626282,47.619242,-122.3626469,16.12649155,-17.98712444,47.6192381,-122.3626652,0.627499998,-9.630000114,-7.206766119,VFR_alt,150.4561759,0.088016679,1.093371208,0.863092279,0.108745704,9.815278053,-9.630000114,0,0,0,0,0,0.24,0,0,0,0,0,0.74,0,0,0,0,0,0,0,0,0,0,0,0.02,0,0,0,0,0,0
CNL_S24,2024_10_08_10-37-37.jpg,10/8/2024,10:37:37,Centennial Park,1,CNL_S24_T1,21,SURFTRAK,13.60242945,2.366625767,32.19185472,1381,18.77777778,47.6192558,-122.3626089,47.6192398,-122.362632,15.87530279,-16.87390428,47.61923584,-122.3626504,0.654539849,-9.670000076,-7.274061226,VFR_alt,148.1353557,0.088900987,1.140486101,0.938826572,0.128932443,9.839835167,-9.670000076,0,0,0,0,0,0.26,0,0,0,0,0,0.44,0,0,0,0,0,0.02,0.1,0,0,0,0.02,0,0.1,0,0,0.06,0,0
CNL_S24,2024_10_08_10-37-46.jpg,10/8/2024,10:37:46,Centennial Park,1,CNL_S24_T1,21,SURFTRAK,13.58482099,3.403271605,46.23287062,1389,18.88888889,47.6192511,-122.3626091,47.6192376,-122.3626198,15.63792467,-15.95416504,47.6192337,-122.3626381,0.649999976,-9.659999847,-7.259729889,VFR_alt,146.1684283,0.118497122,1.132575716,0.925794813,0.112647662,9.835402489,-9.659999847,0,0,0.02,0,0,0.02,0,0,0,0,0,0.24,0,0,0.02,0,0,0.04,0.04,0,0,0,0,0.08,0.44,0,0,0.1,0,0
CNL_S24,2024_10_08_10-37-55.jpg,10/8/2024,10:37:55,Centennial Park,1,CNL_S24_T1,21,SURFTRAK,13.59146914,3.043333333,41.3632221,1396,18.97222222,47.6192501,-122.3626079,47.6192342,-122.3626082,15.25013876,-15.08402991,47.61923021,-122.3626265,0.642777761,-9.670000076,-7.262686131,VFR_alt,131.857361,0.11695108,1.119991553,0.90545832,0.116571353,9.841282845,-9.670000076,0,0,0.02,0,0,0,0.12,0,0,0,0,0.24,0,0,0.02,0,0,0.04,0,0,0.04,0,0.02,0.1,0.26,0,0.02,0.12,0,0
CNL_S24,2024_10_08_10-38-04.jpg,10/8/2024,10:38:04,Centennial Park,1,CNL_S24_T1,21,SURFTRAK,13.58947239,3.074601227,41.78221104,1404,19.08333333,47.6192423,-122.3625969,47.6192326,-122.3625952,15.07661152,-14.11229944,47.61922865,-122.3626136,0.66288341,-9.550000191,-7.16295565,VFR_alt,128.442948,0.12347385,1.155024124,0.963010773,0.106702228,9.726755142,-9.550000191,0,0,0,0,0,0.0625,0,0,0,0,0,0.458333333,0.020833333,0,0.041666667,0,0,0,0.020833333,0,0,0,0.041666667,0.104166667,0.229166667,0,0,0.020833333,0,0
CNL_S24,2024_10_08_10-38-13.jpg,10/8/2024,10:38:13,Centennial Park,1,CNL_S24_T1,21,SURFTRAK,13.59282927,2.871097561,39.02617598,1412,19.19444444,47.6192235,-122.3625814,47.6192279,-122.3625827,14.54772091,-13.17320323,47.6192239,-122.3626011,0.642256081,-9.489999771,-7.082495511,VFR_alt,128.3682624,0.105091019,1.119082566,0.904239272,0.11357701,9.662146568,-9.489999771,0,0,0,0,0,0.12,0,0,0,0,0,0.22,0,0,0.02,0.02,0,0,0.14,0,0,0,0.02,0.1,0.3,0.02,0,0.04,0,0
CNL_S24,2024_10_08_10-38-22.jpg,10/8/2024,10:38:22,Centennial Park,1,CNL_S24_T1,21,SURFTRAK,13.5910875,2.99325,40.68145525,1419,19.30555556,47.6192141,-122.3625809,47.6192214,-122.3625734,13.82936549,-12.47463369,47.61921744,-122.3625918,0.641062485,-9.420000076,-7.011494625,VFR_alt,128.3680836,0.106670265,1.117002814,0.900561449,0.117844617,9.601787567,-9.420000076,0,0,0,0,0,0.38,0,0,0,0,0,0.48,0,0,0,0,0,0,0.02,0,0,0,0,0,0.12,0,0,0,0,0
CNL_S24,2024_10_08_10-38-31.jpg,10/8/2024,10:38:31,Centennial Park,1,CNL_S24_T1,21,SURFTRAK,13.59353333,2.884,39.20375667,1427,19.38888889,47.6192094,-122.3625777,47.6192133,-122.3625642,12.92186356,-11.7869792,47.61920927,-122.3625827,0.660545421,-9.359999657,-6.97121543,VFR_alt,132.1527413,0.120758219,1.150950354,0.95608954,0.114093181,9.532524109,-9.359999657,0,0.02,0,0.04,0,0.2,0,0,0,0,0,0.12,0,0,0,0,0,0,0.02,0,0,0,0,0,0.5,0,0,0.1,0,0
CNL_S24,2024_10_08_10-38-40.jpg,10/8/2024,10:38:40,Centennial Park,1,CNL_S24_T1,21,SURFTRAK,13.58386585,3.537317073,48.05043756,1435,19.5,47.6192021,-122.3625747,47.6192057,-122.3625566,12.08673131,-11.21427298,47.61920176,-122.3625751,0.647560954,-9.319999695,-6.918536261,VFR_alt,132.1807097,0.140999847,1.128325905,0.91890046,0.113499541,9.491723061,-9.319999695,0,0,0,0,0,0.16,0,0,0.02,0,0,0.16,0,0,0,0,0,0,0.06,0,0,0,0.02,0.04,0.32,0.02,0,0.2,0,0
CNL_S24,2024_10_08_10-38-49.jpg,10/8/2024,10:38:49,Centennial Park,1,CNL_S24_T1,21,SURFTRAK,13.59399387,2.713680982,36.88976387,1441,19.58333333,47.6191942,-122.3625812,47.6192015,-122.3625554,11.60997498,-11.12685347,47.61919747,-122.3625739,0.63595091,-9.289999962,-6.877319803,VFR_alt,130.0804513,0.098111679,1.108096282,0.886259945,0.078610229,9.46995163,-9.289999962,0,0,0,0,0,0,0,0,0.02,0,0,0.32,0,0,0,0,0,0.08,0.02,0,0,0,0.02,0.06,0.42,0,0,0.06,0,0
CNL_S24,2024_10_08_10-38-58.jpg,10/8/2024,10:38:58,Centennial Park,1,CNL_S24_T1,21,SURFTRAK,13.59623926,2.733190184,37.16096779,1448,19.69444444,47.6191848,-122.3625831,47.6191952,-122.3625554,10.91584486,-11.11998749,47.61919123,-122.3625738,0.672822057,-9.229999542,-6.854692997,VFR_alt,131.1225602,0.082525179,1.172341463,0.991991466,0.077634754,9.408504486,-9.229999542,0,0,0,0,0,0.02,0,0,0.02,0,0,0.58,0,0,0,0.02,0,0,0.02,0,0,0,0,0.02,0.22,0,0,0.1,0,0
CNL_S24,2024_10_08_10-39-07.jpg,10/8/2024,10:39:07,Centennial Park,1,CNL_S24_T1,21,SURFTRAK,13.58714545,3.108181818,42.23116018,1455,19.77777778,47.6191805,-122.3625782,47.6191875,-122.3625537,10.05130017,-10.99341202,47.61918345,-122.3625721,0.64206059,-9.220000267,-6.814561784,VFR_alt,132.7175697,0.127108791,1.118741937,0.903371243,0.1118827,9.39246273,-9.220000267,0,0,0,0,0,0.04,0,0,0,0,0,0.38,0,0,0,0.04,0,0.04,0.04,0,0,0,0,0.1,0.2,0.02,0,0.14,0,0
CNL_S24,2024_10_08_10-39-16.jpg,10/8/2024,10:39:16,Centennial Park,1,CNL_S24_T1,21,SURFTRAK,13.5875122,3.046402439,41.3930164,1462,19.88888889,47.6191739,-122.3625582,47.6191785,-122.3625479,9.056994081,-10.55674934,47.61917451,-122.3625663,0.649573147,-9.220000267,-6.822823675,VFR_alt,132.3309495,0.126241833,1.131831999,0.924588301,0.120631568,9.391781807,-9.220000267,0,0,0,0,0,0.08,0,0,0.02,0,0,0.08,0.02,0,0,0,0,0,0,0,0,0,0,0,0.7,0,0,0.1,0,0
CNL_S24,2024_10_08_10-39-25.jpg,10/8/2024,10:39:25,Centennial Park,1,CNL_S24_T1,21,SURFTRAK,13.59543558,2.66809816,36.27392074,1469,19.97222222,47.6191604,-122.3625478,47.6191707,-122.3625402,8.187641859,-9.979645729,47.61916669,-122.3625586,0.649999976,-9.220000267,-6.824100374,VFR_alt,132.4045088,0.111832014,1.132575716,0.925794813,0.127897833,9.400627136,-9.220000267,0,0,0,0,0,0.02,0,0,0,0,0,0.02,0,0,0.08,0,0,0,0.04,0,0,0,0,0.06,0.72,0,0,0.06,0,0
CNL_S24,2024_10_08_10-39-34.jpg,10/8/2024,10:39:34,Centennial Park,1,CNL_S24_T1,21,SURFTRAK,13.59570732,2.793414634,37.97806537,1475,20.05555556,47.6191577,-122.3625285,47.6191627,-122.3625327,7.299483776,-9.421426296,47.6191587,-122.3625512,0.65597558,-9.239999771,-6.851006548,VFR_alt,138.5460579,0.105974615,1.142987753,0.942947855,0.119176317,9.412330627,-9.239999771,0,0,0,0,0,0.06,0,0,0,0,0,0.26,0,0,0.06,0.02,0,0,0,0,0.02,0,0,0.06,0.42,0,0,0.1,0,0
CNL_S24,2024_10_08_10-39-43.jpg,10/8/2024,10:39:43,Centennial Park,1,CNL_S24_T1,21,SURFTRAK,13.58646951,3.507317073,47.65202854,1482,20.13888889,47.6191555,-122.3625043,47.6191564,-122.3625227,6.589184284,-8.665939331,47.61915232,-122.3625412,0.64213413,-9.289999962,-6.888158211,VFR_alt,146.4484178,0.126230062,1.118870075,0.904215221,0.16801248,9.462316513,-9.289999962,0,0,0,0,0,0.06,0,0,0,0,0,0.02,0,0,0.02,0,0,0.06,0.04,0,0,0,0.08,0.02,0.62,0.02,0,0.06,0,0
CNL_S24,2024_10_08_10-39-52.jpg,10/8/2024,10:39:52,Centennial Park,1,CNL_S24_T1,21,SURFTRAK,13.59332919,2.717763975,36.94345441,1490,20.25,47.6191481,-122.3624792,47.6191485,-122.3625068,5.711992264,-7.475122452,47.61914443,-122.3625253,0.678198741,-9.369999886,-7.005258183,VFR_alt,140.5740257,0.113165157,1.181709928,1.008002723,0.159096702,9.542031288,-9.369999886,0,0,0,0,0,0.14,0,0,0,0,0,0.08,0.04,0,0.02,0,0,0,0.16,0,0,0,0,0,0.48,0.02,0.02,0.04,0,0
CNL_S24,2024_10_08_10-40-01.jpg,10/8/2024,10:40:01,Centennial Park,1,CNL_S24_T1,21,SURFTRAK,13.59839759,2.74,37.2596094,1496,20.33333333,47.6191448,-122.3624589,47.6191417,-122.3624881,4.958544254,-6.071264267,47.61913765,-122.3625067,0.629277104,-9.449999809,-7.037395079,VFR_alt,140.2089994,0.11785568,1.096467682,0.867877743,0.17147894,9.622904778,-9.449999809,0,0,0,0,0,0.02,0,0,0.02,0,0,0.8,0,0,0,0,0,0,0,0,0,0,0.04,0,0.12,0,0,0,0,0
CNL_W25,2025_01_27_10-02-20.jpg,1/27/2025,10:02:20,Centennial Park,1,CNL_W25_T1,21,SURFTRAK,13.65390217,1.300782609,17.75955948,0,0,47.6191543,-122.3625962,47.6191558,-122.3625959,0,0,47.6191543,-122.3625962,0.904391276,-8.449999809,-6.879136555,VFR_alt,328.494131,0.064115021,1.575833284,1.792354974,0,8.971014977,-8.449999809,0,0,0,0,0,0,0,0,0,0.02,0,0,0,0,0,0,0,0.02,0,0,0,0,0.04,0.02,0.3,0,0.02,0.58,0,0
CNL_W25,2025_01_27_10-02-44.jpg,1/27/2025,10:02:44,Centennial Park,1,CNL_W25_T1,21,SURFTRAK,13.64685339,1.370328228,18.70057514,11,0.166666667,47.619166,-122.3626231,47.6191664,-122.3626129,1.174909592,-1.280916214,47.61916487,-122.3626132,0.806061265,-8.559999466,-6.890079466,VFR_alt,324.3204608,0.052127093,1.404500688,1.423887926,0.069793011,9.078224182,-8.559999466,0,0.02,0,0.02,0,0,0,0,0,0,0,0,0,0,0,0,0,0,0,0,0,0,0.02,0.1,0.44,0,0,0.4,0,0
CNL_W25,2025_01_27_10-02-59.jpg,1/27/2025,10:02:59,Centennial Park,1,CNL_W25_T1,21,SURFTRAK,13.63071245,1.565665236,21.34113425,18,0.25,47.6191761,-122.3626212,47.6191756,-122.3626204,2.195806503,-1.83882618,47.61917405,-122.3626207,0.770364787,-8.569999695,-6.864354831,VFR_alt,324.2237742,0.090045786,1.342302281,1.300857768,0.089288801,9.091557503,-8.569999695,0,0.02,0,0,0,0.08,0,0,0.02,0,0,0.06,0,0,0,0.02,0,0.04,0,0,0,0,0.1,0.1,0.3,0,0,0.26,0,0
CNL_W25,2025_01_27_10-03-11.jpg,1/27/2025,10:03:11,Centennial Park,1,CNL_W25_T1,21,SURFTRAK,13.64670282,1.329175705,18.13882486,23,0.305555556,47.619182,-122.3626423,47.619182,-122.3626262,2.916236877,-2.275177002,47.61918053,-122.3626265,0.75466377,-8.569999695,-6.848857045,VFR_alt,325.7032634,0.039587503,1.314944448,1.248025053,0.061983434,9.099647522,-8.569999695,0,0,0,0,0,0.02,0,0,0.02,0,0,0.02,0,0,0,0,0,0.06,0.02,0,0,0,0.02,0.14,0.38,0,0,0.3,0,0.02
CNL_W25,2025_01_27_10-03-26.jpg,1/27/2025,10:03:26,Centennial Park,1,CNL_W25_T1,21,SURFTRAK,13.63103888,1.516781857,20.67514231,29,0.388888889,47.6191897,-122.3626388,47.619188,-122.3626359,3.583522797,-3.002048492,47.61918653,-122.3626361,0.790971887,-8.579999924,-6.895628857,VFR_alt,321.4138581,0.060610079,1.378208591,1.370975651,0.065880656,9.100180626,-8.579999924,0,0,0.02,0,0,0,0,0,0,0,0,0,0,0,0.04,0,0,0.02,0,0,0,0,0,0.1,0.64,0,0,0.18,0,0
CNL_W25,2025_01_27_10-03-38.jpg,1/27/2025,10:03:38,Centennial Park,1,CNL_W25_T1,21,SURFTRAK,13.6229281,1.720697168,23.44045512,35,0.472222222,47.6191967,-122.3626609,47.6191958,-122.3626473,4.446578979,-3.856448174,47.61919429,-122.3626475,0.790217827,-8.569999695,-6.885342128,VFR_alt,321.3577802,0.081177565,1.376894698,1.368321144,0.112092935,9.099152565,-8.569999695,0,0,0,0,0,0,0,0,0,0,0,0,0.02,0,0,0,0,0.02,0,0,0,0,0,0.04,0.66,0,0,0.26,0,0
CNL_W25,2025_01_27_10-03-53.jpg,1/27/2025,10:03:53,Centennial Park,1,CNL_W25_T1,21,SURFTRAK,13.61334513,1.949712389,26.53883965,41,0.583333333,47.6192062,-122.3626434,47.6192032,-122.3626537,5.273347855,-4.338572502,47.61920173,-122.3626539,0.772079625,-8.609999657,-6.907814069,VFR_alt,322.2219667,0.054577352,1.345290256,1.306318466,0.072721222,9.136259079,-8.609999657,0,0.02,0,0,0,0.02,0,0,0,0,0,0,0,0,0.02,0,0,0.04,0.04,0,0,0,0.02,0.04,0.6,0,0.02,0.18,0,0
CNL_W25,2025_01_27_10-04-08.jpg,1/27/2025,10:04:08,Centennial Park,1,CNL_W25_T1,21,SURFTRAK,13.63382174,1.517173913,20.68263126,48,0.666666667,47.6192103,-122.3626684,47.6192095,-122.3626599,5.969034195,-4.807152748,47.61920799,-122.3626601,0.793652132,-8.619999886,-6.939919931,VFR_alt,320.2392929,0.065515865,1.382878715,1.380410277,0.062694732,9.139117241,-8.619999886,0,0.02,0.02,0,0,0,0,0,0,0,0,0,0,0,0.04,0,0,0.04,0.04,0,0,0,0.02,0.08,0.54,0.02,0.02,0.14,0.02,0
CNL_W25,2025_01_27_10-04-20.jpg,1/27/2025,10:04:20,Centennial Park,1,CNL_W25_T1,21,SURFTRAK,13.62886052,1.65167382,22.51089103,54,0.75,47.6192156,-122.362672,47.6192173,-122.362669,6.841129303,-5.483181,47.61921583,-122.3626691,0.782896964,-8.63999939,-6.949461654,VFR_alt,326.8503147,0.067890592,1.36413865,1.343110857,0.07774078,9.168335915,-8.63999939,0,0,0.02,0,0,0.02,0,0,0.02,0.02,0,0.08,0,0,0,0,0,0.04,0,0,0,0,0.04,0.04,0.52,0,0,0.2,0,0
CNL_W25,2025_01_27_10-04-32.jpg,1/27/2025,10:04:32,Centennial Park,1,CNL_W25_T1,21,SURFTRAK,13.62523144,1.752139738,23.87291432,60,0.833333333,47.6192205,-122.362682,47.6192247,-122.3626758,7.660520554,-5.995153427,47.6192232,-122.362676,0.736026179,-8.68999958,-6.952714989,VFR_alt,328.6412343,0.099053678,1.282469858,1.187241142,0.108419979,9.220896721,-8.68999958,0,0,0,0,0,0.06,0,0,0,0.02,0,0,0.02,0,0.04,0,0,0.02,0,0,0,0,0.02,0.18,0.38,0,0.02,0.24,0,0
CNL_W25,2025_01_27_10-04-47.jpg,1/27/2025,10:04:47,Centennial Park,1,CNL_W25_T1,21,SURFTRAK,13.61268696,1.97,26.81661452,68,0.944444444,47.6192298,-122.3626877,47.6192344,-122.3626862,8.739011765,-6.775247097,47.6192329,-122.3626863,0.771891283,-8.670000076,-6.968409172,VFR_alt,325.014381,0.078436907,1.344962085,1.305830869,0.071950263,9.195708275,-8.670000076,0,0,0,0,0,0,0,0,0,0,0,0.08,0,0,0.04,0,0,0,0.06,0,0,0,0,0.16,0.42,0,0,0.24,0,0
CNL_W25,2025_01_27_10-05-02.jpg,1/27/2025,10:05:02,Centennial Park,1,CNL_W25_T1,21,SURFTRAK,13.62690108,1.704258065,23.22358723,75,1.027777778,47.6192319,-122.362691,47.6192382,-122.3626916,9.170026779,-7.181490898,47.61923678,-122.3626917,0.805225798,-8.699999809,-7.031110995,VFR_alt,325.2216192,0.052529853,1.403044952,1.420947912,0.042856273,9.221470833,-8.699999809,0,0,0,0,0,0.02,0,0,0,0,0,0,0,0,0,0,0,0.04,0,0,0,0.02,0,0.3,0.28,0,0,0.32,0,0.02
CNL_W25,2025_01_27_10-05-17.jpg,1/27/2025,10:05:17,Centennial Park,1,CNL_W25_T1,21,SURFTRAK,13.61252495,1.851887202,25.20885974,84,1.138888889,47.6192377,-122.3626947,47.6192443,-122.3627005,9.851476669,-7.847929478,47.61924291,-122.3627006,0.772060716,-8.789999962,-7.086856628,VFR_alt,321.2246255,0.066332343,1.345257309,1.306376371,0.053128758,9.312065125,-8.789999962,0,0,0,0,0,0,0,0,0,0,0,0.02,0.02,0,0.06,0,0,0.02,0.02,0,0,0.02,0.1,0.28,0.18,0,0,0.26,0.02,0
CNL_W25,2025_01_27_10-05-32.jpg,1/27/2025,10:05:32,Centennial Park,1,CNL_W25_T1,21,SURFTRAK,13.61332035,1.971948052,26.84300848,92,1.25,47.6192459,-122.362691,47.619253,-122.3627065,10.81984806,-8.30035305,47.61925162,-122.3627066,0.780216421,-8.869999886,-7.17376501,VFR_alt,327.1033208,0.095627568,1.359468007,1.333889168,0.081133665,9.397853851,-8.869999886,0,0.02,0,0,0,0,0,0,0,0,0,0,0.04,0,0.04,0,0,0,0.04,0,0,0,0,0.16,0.16,0,0,0.54,0,0
CNL_W25,2025_01_27_10-05-47.jpg,1/27/2025,10:05:47,Centennial Park,1,CNL_W25_T1,21,SURFTRAK,13.58912848,2.919614561,39.67317092,101,1.388888889,47.6192546,-122.3626962,47.6192627,-122.3627157,11.89920235,-8.988857269,47.61926132,-122.3627158,0.802012827,-8.949999809,-7.27450476,VFR_alt,331.072968,0.145503908,1.397446592,1.409694041,0.127445375,9.472541809,-8.949999809,0,0,0,0,0,0,0,0,0,0,0,0,0,0,0.04,0,0,0.06,0.04,0,0,0,0.04,0.18,0.36,0,0,0.28,0,0
CNL_W25,2025_01_27_10-06-00.jpg,1/27/2025,10:06:00,Centennial Park,1,CNL_W25_T1,21,SURFTRAK,13.61127586,2.006293103,27.30800681,108,1.472222222,47.6192659,-122.3627296,47.6192702,-122.3627232,12.73340321,-9.551758766,47.61926883,-122.3627233,0.767521535,-9.119999886,-7.409521421,VFR_alt,333.4536287,0.088749344,1.337348129,1.290978024,0.088328253,9.641682625,-9.119999886,0,0.02,0,0,0,0,0,0,0,0,0,0,0.02,0,0.08,0,0,0.02,0.08,0,0,0,0.04,0.16,0.34,0,0.02,0.22,0,0
CNL_W25,2025_01_27_10-06-12.jpg,1/27/2025,10:06:12,Centennial Park,1,CNL_W25_T1,21,SURFTRAK,13.60059619,2.379894292,32.36784072,116,1.583333333,47.6192751,-122.3627211,47.6192774,-122.3627267,13.53592205,-9.816709042,47.61927604,-122.3627268,0.799640573,-9.119999886,-7.44168213,VFR_alt,320.8039891,0.111345021,1.39331312,1.401709694,0.103379809,9.640877724,-9.119999886,0,0,0,0,0,0,0,0,0,0,0,0,0.06,0,0,0,0,0.02,0,0,0,0,0,0.1,0.76,0,0,0.06,0,0
CNL_W25,2025_01_27_10-06-27.jpg,1/27/2025,10:06:27,Centennial Park,1,CNL_W25_T1,21,SURFTRAK,13.60166739,2.312030238,31.44747028,125,1.694444444,47.61928,-122.3627231,47.6192857,-122.3627298,14.45981503,-10.04885292,47.61928435,-122.3627299,0.77125268,-9.25,-7.543829888,VFR_alt,320.9978832,0.111823154,1.343849366,1.303617847,0.087453878,9.771052361,-9.25,0,0,0,0,0,0.02,0,0,0,0,0,0,0.06,0,0.02,0,0,0,0,0,0,0,0,0.1,0.74,0,0.02,0.04,0,0
CNL_W25,2025_01_27_10-06-42.jpg,1/27/2025,10:06:42,Centennial Park,1,CNL_W25_T1,21,SURFTRAK,13.61334989,1.975788337,26.89710292,133,1.833333333,47.6192918,-122.3627348,47.6192944,-122.3627379,15.42220783,-10.65790582,47.61929301,-122.362738,0.793909268,-9.340000153,-7.65723196,VFR_alt,320.8017438,0.08188554,1.383326755,1.381548513,0.068449775,9.867934227,-9.340000153,0,0,0,0,0,0,0,0,0,0,0,0,0.04,0,0.02,0,0,0,0.02,0,0,0.02,0.02,0.08,0.68,0.02,0.02,0.08,0,0
CNL_W25,2025_01_27_10-07-00.jpg,1/27/2025,10:07:00,Centennial Park,1,CNL_W25_T1,21,SURFTRAK,13.613,1.870775862,25.46687181,143,1.944444444,47.6193034,-122.362733,47.6193037,-122.3627404,16.45719528,-10.84123063,47.61930232,-122.3627404,0.803275834,-9.399999619,-7.727275453,VFR_alt,322.0976017,0.06934667,1.399647287,1.413981101,0.063054558,9.924404144,-9.399999619,0,0,0,0,0,0,0,0,0,0,0,0,0.1,0,0,0,0,0,0,0,0,0,0.02,0.02,0.76,0.02,0,0.08,0,0
CNL_W25,2025_01_27_10-07-15.jpg,1/27/2025,10:07:15,Centennial Park,1,CNL_W25_T1,21,SURFTRAK,13.59276395,2.175407725,29.57168781,151,2.055555556,47.6193092,-122.3627355,47.6193104,-122.3627434,17.20768166,-11.06636119,47.61930907,-122.3627434,0.773605128,-9.469999313,-7.767654626,VFR_alt,329.9042329,0.071653442,1.347948329,1.311470179,0.053502867,9.995513916,-9.469999313,0,0,0,0,0,0,0,0,0,0,0,0.06,0.04,0,0,0,0,0,0,0,0,0,0,0.02,0.86,0,0,0.02,0,0
CNL_W25,2025_01_27_10-07-30.jpg,1/27/2025,10:07:30,Centennial Park,1,CNL_W25_T1,21,SURFTRAK,13.61856466,1.860150862,25.33146575,160,2.194444444,47.6193198,-122.3627444,47.6193198,-122.3627447,18.24815273,-11.1641264,47.61931843,-122.3627447,0.785517208,-9.359999657,-7.669172412,VFR_alt,325.1590025,0.046797651,1.368704225,1.352223328,0.042734406,9.886252403,-9.359999657,0,0,0,0,0,0,0,0,0,0,0,0,0.02,0,0,0,0,0,0,0,0,0,0,0,0.94,0,0,0.04,0,0
CNL_W25,2025_01_27_10-07-45.jpg,1/27/2025,10:07:45,Centennial Park,1,CNL_W25_T1,21,SURFTRAK,13.62023991,1.921121076,26.16577807,169,2.305555556,47.6193256,-122.3627622,47.6193271,-122.3627525,19.05818605,-11.754004,47.61932571,-122.3627526,0.730582922,-9.409999847,-7.663515907,VFR_alt,323.9801077,0.040837974,1.272985395,1.169644323,0.067969118,9.933401108,-9.409999847,0,0,0,0,0,0,0,0,0,0,0,0,0,0,0.02,0,0,0,0.02,0,0,0,0.02,0,0.8,0.02,0,0.12,0,0
CNL_W25,2025_01_27_10-07-57.jpg,1/27/2025,10:07:57,Centennial Park,1,CNL_W25_T1,21,SURFTRAK,13.59955098,2.492733189,33.8931585,177,2.416666667,47.6193331,-122.3627737,47.6193343,-122.3627617,19.86632204,-12.44070506,47.61933298,-122.3627617,0.73353577,-9.429999352,-7.685732989,VFR_alt,329.3826269,0.116841176,1.278130508,1.179534073,0.10554346,9.958369255,-9.429999352,0,0,0,0,0,0,0,0,0,0,0,0,0.02,0,0,0,0,0,0,0,0,0,0,0,0.64,0.04,0,0.3,0,0
CNL_W25,2025_01_27_10-08-09.jpg,1/27/2025,10:08:09,Centennial Park,1,CNL_W25_T1,21,SURFTRAK,13.63287419,1.573535792,21.45119037,184,2.527777778,47.6193407,-122.3627781,47.6193438,-122.3627685,20.92139435,-12.95141459,47.61934247,-122.3627685,0.808915388,-9.220000267,-7.550301624,VFR_alt,328.8383875,0.055368562,1.409473782,1.433915041,0.063144543,9.746414185,-9.220000267,0,0,0,0,0,0.02,0,0,0,0,0,0,0.06,0,0,0,0,0.02,0,0,0,0,0,0,0.62,0.02,0,0.26,0,0
CNL_W25,2025_01_27_10-08-21.jpg,1/27/2025,10:08:21,Centennial Park,1,CNL_W25_T1,21,SURFTRAK,13.61934924,1.818958785,24.77298638,191,2.611111111,47.6193487,-122.3627835,47.6193493,-122.3627755,21.53271437,-13.47552574,47.61934797,-122.3627755,0.79863337,-9.199999809,-7.519174138,VFR_alt,329.5314438,0.066242024,1.391558144,1.397702145,0.074401383,9.725308418,-9.199999809,0,0.02,0,0,0,0.02,0,0,0,0,0,0,0,0,0.02,0,0,0,0,0,0,0,0,0.02,0.6,0.02,0,0.3,0,0
CNL_W25,2025_01_27_10-08-36.jpg,1/27/2025,10:08:36,Centennial Park,1,CNL_W25_T1,21,SURFTRAK,13.6165565,1.76771855,24.0701623,198,2.722222222,47.6193529,-122.362798,47.6193563,-122.3627866,22.31572533,-14.31335066,47.61935501,-122.3627866,0.779999971,-9.229999542,-7.529492387,VFR_alt,337.1772422,0.066462554,1.359090859,1.33314453,0.071595053,9.753055573,-9.229999542,0,0,0,0,0,0,0,0,0,0,0,0,0.02,0,0,0,0,0.02,0,0,0,0,0,0,0.44,0,0,0.52,0,0
CNL_W25,2025_01_27_10-08-51.jpg,1/27/2025,10:08:51,Centennial Park,1,CNL_W25_T1,21,SURFTRAK,13.62309052,1.772974138,24.15166517,206,2.805555556,47.6193643,-122.3628067,47.6193636,-122.3627951,23.1298883,-14.95070922,47.61936233,-122.3627951,0.784116347,-9.18999958,-7.492635193,VFR_alt,342.9500053,0.051806769,1.366263332,1.347381375,0.062955635,9.711165428,-9.18999958,0,0,0,0,0,0,0,0,0,0,0,0,0.02,0,0,0.02,0,0,0,0,0,0,0,0.02,0.46,0,0,0.48,0,0
CNL_W25,2025_01_27_10-09-03.jpg,1/27/2025,10:09:03,Centennial Park,1,CNL_W25_T1,21,SURFTRAK,13.60822707,2.241899563,30.50780961,213,2.888888889,47.6193684,-122.362806,47.6193717,-122.3627987,24.03305507,-15.21382928,47.61937046,-122.3627986,0.756855889,-9.069999695,-7.344696801,VFR_alt,342.1079437,0.095457804,1.318764048,1.255511893,0.097316795,9.59249115,-9.069999695,0,0,0,0,0,0,0,0,0,0,0,0,0,0,0.04,0,0,0,0.04,0,0,0,0,0.02,0.44,0,0,0.46,0,0
CNL_W25,2025_01_27_10-09-18.jpg,1/27/2025,10:09:18,Centennial Park,1,CNL_W25_T1,21,SURFTRAK,13.61943966,1.808577586,24.63203897,220,3,47.6193794,-122.3628141,47.6193796,-122.3628063,24.9104867,-15.79243886,47.61937835,-122.3628063,0.762887919,-8.989999771,-7.270093199,VFR_alt,342.4752083,0.077145143,1.329274404,1.275361272,0.086485008,9.517448425,-8.989999771,0,0.02,0,0,0,0,0,0,0,0,0,0,0,0,0,0,0,0,0,0,0,0,0,0.02,0.42,0,0,0.54,0,0
CNL_W25,2025_01_27_10-09-33.jpg,1/27/2025,10:09:33,Centennial Park,1,CNL_W25_T1,21,SURFTRAK,13.62711879,1.852829374,25.24560138,229,3.138888889,47.6193905,-122.3628186,47.619389,-122.3628119,25.95512161,-16.20723581,47.61938775,-122.3628118,0.80807774,-8.840000153,-7.165032505,VFR_alt,341.7671952,0.041936441,1.408014245,1.431140384,0.046836848,9.365789413,-8.840000153,0,0,0,0,0,0,0,0,0,0,0,0,0,0,0.04,0,0,0,0,0,0,0,0,0.02,0.54,0.02,0,0.38,0,0
CNL_W25,2025_01_27_10-40-26.jpg,1/27/2025,10:40:26,Centennial Park,1,CNL_W25_T1,21,SURFTRAK,13.60557576,2.133419913,29.02297234,1348,18.33333333,47.6193753,-122.3628376,47.6193746,-122.362844,24.33572304,-18.61009741,47.61937318,-122.3628438,0.850043269,-8.769999504,-7.115022495,VFR_alt,155.1848082,0.088036704,1.481135998,1.584129606,2.897618946,9.288902283,-8.769999504,0,0.02,0,0,0,0,0,0,0,0,0,0,0,0,0,0,0,0.06,0,0,0,0,0,0,0.46,0,0,0.46,0,0
CNL_W25,2025_01_27_10-40-38.jpg,1/27/2025,10:40:38,Centennial Park,1,CNL_W25_T1,21,SURFTRAK,13.60448817,2.254430108,30.66198088,1355,18.44444444,47.6193722,-122.3628349,47.6193674,-122.362838,23.54188347,-18.15915585,47.61936604,-122.3628378,0.799075236,-8.880000114,-7.173737854,VFR_alt,149.1477482,0.066285968,1.392328063,1.399271139,0.036497802,9.403912544,-8.880000114,0,0,0,0,0,0,0,0,0,0,0,0,0,0,0.02,0,0,0,0,0,0,0,0,0.02,0.62,0,0,0.34,0,0
CNL_W25,2025_01_27_10-40-50.jpg,1/27/2025,10:40:50,Centennial Park,1,CNL_W25_T1,21,SURFTRAK,13.61863283,1.774492441,24.16537782,1363,18.55555556,47.6193579,-122.3628263,47.6193597,-122.3628313,22.68281555,-17.66055799,47.61935831,-122.3628311,0.803585297,-8.970000267,-7.267921057,VFR_alt,150.1809121,0.053031093,1.400186502,1.415693856,0.066294657,9.490200043,-8.970000267,0,0.04,0,0,0,0,0,0,0,0,0,0,0,0,0,0,0,0.02,0,0,0,0,0,0.02,0.44,0.02,0,0.46,0,0
CNL_W25,2025_01_27_10-40-59.jpg,1/27/2025,10:40:59,Centennial Park,1,CNL_W25_T1,21,SURFTRAK,13.59879399,2.488798283,33.84396609,1369,18.63888889,47.6193528,-122.3628217,47.6193542,-122.3628259,22.0654397,-17.24955177,47.61935276,-122.3628257,0.825171662,-8.970000267,-7.289209457,VFR_alt,144.8550771,0.104122913,1.437799108,1.492151271,0.127495536,9.49956131,-8.970000267,0,0.04,0,0,0,0,0,0,0,0,0,0,0,0,0,0,0,0,0.02,0,0,0,0,0.06,0.62,0.02,0,0.24,0,0
CNL_W25,2025_01_27_10-41-08.jpg,1/27/2025,10:41:08,Centennial Park,1,CNL_W25_T1,21,SURFTRAK,13.61408043,1.914391304,26.06234704,1374,18.69444444,47.619338,-122.3628037,47.6193475,-122.3628158,21.31842756,-16.49543715,47.61934604,-122.3628156,0.824173902,-8.949999809,-7.267836233,VFR_alt,144.9609866,0.070083985,1.436060587,1.488575235,0.108682494,9.475410461,-8.949999809,0,0,0,0,0,0,0,0,0,0,0,0,0,0,0,0,0,0,0,0,0,0,0,0,0.76,0.04,0,0.2,0,0
CNL_W25,2025_01_27_10-41-17.jpg,1/27/2025,10:41:17,Centennial Park,1,CNL_W25_T1,21,SURFTRAK,13.61393392,1.975638767,26.89582463,1380,18.77777778,47.6193383,-122.3628,47.6193402,-122.3628076,20.51613283,-15.88136494,47.61933883,-122.3628075,0.836387642,-8.970000267,-7.299593614,VFR_alt,148.8422465,0.065964554,1.457342104,1.533154657,0.090661949,9.496709824,-8.970000267,0,0,0,0,0,0,0,0,0,0,0,0,0,0,0,0,0,0,0,0,0,0,0,0,0.9,0,0,0.1,0,0
CNL_W25,2025_01_27_10-41-29.jpg,1/27/2025,10:41:29,Centennial Park,1,CNL_W25_T1,21,SURFTRAK,13.60995905,2.074310345,28.22976623,1387,18.88888889,47.6193287,-122.3627818,47.619332,-122.3627958,19.5990057,-14.99098289,47.61933058,-122.3627956,0.844245659,-8.989999771,-7.326720655,VFR_alt,156.7378813,0.080798055,1.471034103,1.561951953,0.100221612,9.516090393,-8.989999771,0,0,0,0,0,0,0,0,0,0,0,0,0.04,0,0,0,0,0,0,0,0,0,0,0,0.7,0,0.02,0.22,0,0.02
CNL_W25,2025_01_27_10-41-38.jpg,1/27/2025,10:41:38,Centennial Park,1,CNL_W25_T1,21,SURFTRAK,13.61334056,2.062819957,28.07927839,1392,18.94444444,47.6193286,-122.3627757,47.6193266,-122.3627875,18.99508142,-14.37173918,47.61932515,-122.3627874,0.818394788,-9.039999962,-7.350235487,VFR_alt,156.2564037,0.072079609,1.425990919,1.46773179,0.068466503,9.56895256,-9.039999962,0,0,0,0,0,0.02,0,0,0,0,0,0,0.06,0,0,0,0,0,0,0,0,0,0,0,0.76,0.02,0,0.14,0,0
CNL_W25,2025_01_27_10-41-47.jpg,1/27/2025,10:41:47,Centennial Park,1,CNL_W25_T1,21,SURFTRAK,13.6071179,2.262510917,30.77769917,1398,19.02777778,47.6193241,-122.3627698,47.619321,-122.3627807,18.37310505,-13.86020283,47.61931955,-122.3627806,0.831746707,-9.099999428,-7.422881914,VFR_alt,150.0938125,0.090575356,1.449255625,1.516060636,0.088266407,9.620987892,-9.099999428,0,0,0,0,0,0,0,0,0,0,0,0,0,0,0.02,0,0,0,0,0,0,0,0,0,0.86,0,0,0.12,0,0
CNL_W25,2025_01_27_10-41-59.jpg,1/27/2025,10:41:59,Centennial Park,1,CNL_W25_T1,21,SURFTRAK,13.61271058,2.302526998,31.32268857,1406,19.13888889,47.6193151,-122.3627505,47.6193149,-122.3627694,17.69287777,-13.01379144,47.61931343,-122.3627693,0.811468664,-9.159999847,-7.461560613,VFR_alt,141.9538869,0.058347457,1.413922672,1.443334113,0.059284663,9.683283806,-9.159999847,0,0,0,0,0,0,0,0,0,0,0,0,0,0,0.02,0,0,0,0,0,0,0,0.02,0.02,0.72,0.02,0,0.2,0,0
CNL_W25,2025_01_27_10-42-08.jpg,1/27/2025,10:42:08,Centennial Park,1,CNL_W25_T1,21,SURFTRAK,13.60742765,2.15574514,29.33356844,1412,19.22222222,47.6193122,-122.3627566,47.6193088,-122.3627586,17.01921368,-12.20140553,47.61930737,-122.3627585,0.82991359,-9.130000114,-7.449156209,VFR_alt,141.867415,0.081277597,1.446061559,1.509585948,0.081390129,9.6533041,-9.130000114,0,0,0,0,0,0,0,0,0,0,0,0,0.06,0,0.02,0,0,0,0,0,0,0,0,0.02,0.82,0,0,0.08,0,0
CNL_W25,2025_01_27_10-42-20.jpg,1/27/2025,10:42:20,Centennial Park,1,CNL_W25_T1,21,SURFTRAK,13.60923707,2.375172414,32.3146347,1420,19.33333333,47.6193036,-122.3627554,47.6193017,-122.3627489,16.22748375,-11.47345185,47.61930025,-122.3627488,0.801465504,-9.090000153,-7.37957101,VFR_alt,130.9826225,0.077717224,1.396492923,1.407950546,0.094749015,9.613746643,-9.090000153,0,0,0,0,0,0.02,0,0,0,0,0,0,0.04,0,0,0,0,0.02,0,0,0,0,0,0.06,0.82,0,0,0.04,0,0
CNL_W25,2025_01_27_10-42-32.jpg,1/27/2025,10:42:32,Centennial Park,1,CNL_W25_T1,21,SURFTRAK,13.60749673,2.159956427,29.3881827,1428,19.44444444,47.6192998,-122.362753,47.6192968,-122.3627418,15.68288708,-10.9441843,47.61929535,-122.3627418,0.816296277,-8.960000038,-7.263388451,VFR_alt,131.5474775,0.088149975,1.422334422,1.460468894,0.077702791,9.485748291,-8.960000038,0,0,0,0,0,0,0,0,0,0,0,0.02,0.04,0,0.04,0,0,0,0.02,0,0,0,0.02,0.04,0.8,0,0,0.02,0,0
CNL_W25,2025_01_27_10-42-44.jpg,1/27/2025,10:42:44,Centennial Park,1,CNL_W25_T1,21,SURFTRAK,13.61286383,1.935787234,26.35045077,1435,19.52777778,47.6192873,-122.3627199,47.6192889,-122.3627307,14.79597473,-10.1055429,47.61928738,-122.3627306,0.797468041,-8.949999809,-7.233811354,VFR_alt,131.877535,0.081443967,1.389527648,1.393577213,0.111220551,9.477698326,-8.949999809,0,0,0,0,0,0,0,0,0,0,0,0,0.02,0,0,0,0,0.04,0,0,0,0,0.04,0,0.86,0,0.02,0.02,0,0
CNL_W25,2025_01_27_10-42-56.jpg,1/27/2025,10:42:56,Centennial Park,1,CNL_W25_T1,21,SURFTRAK,13.61006579,2.066973684,28.13031737,1442,19.63888889,47.6192807,-122.3627141,47.6192826,-122.3627191,14.09524632,-9.239998341,47.61928108,-122.3627191,0.805833309,-8.849999428,-7.141832842,VFR_alt,136.8892854,0.078764403,1.404103494,1.423230066,0.078942083,9.372004509,-8.849999428,0,0,0,0,0,0,0,0,0,0,0,0,0.04,0,0,0,0,0.02,0,0,0,0,0,0.02,0.78,0,0,0.14,0,0
CNL_W25,2025_01_27_10-43-05.jpg,1/27/2025,10:43:05,Centennial Park,1,CNL_W25_T1,21,SURFTRAK,13.60564224,2.165818966,29.46725858,1447,19.69444444,47.6192767,-122.3627122,47.6192776,-122.3627137,13.53902435,-8.831360817,47.61927607,-122.3627137,0.813685344,-8.800000191,-7.09977353,VFR_alt,143.2601819,0.085726088,1.417785069,1.4508954,0.089501695,9.327219009,-8.800000191,0,0,0,0,0,0,0,0,0,0,0,0,0.04,0,0,0,0,0.02,0.02,0,0,0,0,0.04,0.78,0,0,0.1,0,0
CNL_W25,2025_01_27_10-43-17.jpg,1/27/2025,10:43:17,Centennial Park,1,CNL_W25_T1,21,SURFTRAK,13.61152903,1.991784946,27.11123514,1455,19.80555556,47.6192689,-122.362698,47.6192701,-122.3627033,12.71198463,-8.05151844,47.61926863,-122.3627033,0.818623636,-8.729999542,-7.035219881,VFR_alt,143.0723396,0.078838978,1.426389668,1.468812353,0.105176874,9.256355286,-8.729999542,0,0,0,0,0,0,0,0,0,0,0,0,0.06,0,0.02,0,0,0,0,0,0,0,0.04,0.1,0.66,0,0,0.12,0,0
CNL_W25,2025_01_27_10-43-29.jpg,1/27/2025,10:43:29,Centennial Park,1,CNL_W25_T1,21,SURFTRAK,13.61335853,1.992289417,27.12149756,1461,19.88888889,47.6192618,-122.3626807,47.6192637,-122.362691,11.99388027,-7.12800169,47.61926218,-122.362691,0.822613364,-8.670000076,-6.979911168,VFR_alt,137.2421625,0.063207213,1.433341467,1.483280734,0.093376745,9.199007988,-8.670000076,0,0,0,0,0,0.02,0,0,0,0,0,0,0,0,0.02,0,0,0.02,0,0,0,0,0.02,0.08,0.6,0,0.02,0.22,0,0
CNL_W25,2025_01_27_10-43-41.jpg,1/27/2025,10:43:41,Centennial Park,1,CNL_W25_T1,21,SURFTRAK,13.61972087,1.794417476,24.43939381,1468,19.97222222,47.6192563,-122.3626845,47.6192591,-122.3626812,11.47993565,-6.395662785,47.61925755,-122.3626813,0.790631047,-8.619999886,-6.898539332,VFR_alt,131.0362564,0.050268242,1.377614704,1.370443342,0.051596553,9.146660805,-8.619999886,0,0,0,0,0,0,0,0,0,0,0,0,0.04,0,0.06,0,0,0,0.02,0,0,0,0,0.14,0.52,0,0,0.18,0.02,0.02
CNL_W25,2025_01_27_10-43-53.jpg,1/27/2025,10:43:53,Centennial Park,1,CNL_W25_T1,21,SURFTRAK,13.6165974,1.951645022,26.56927268,1474,20.05555556,47.6192515,-122.3626752,47.619254,-122.3626733,10.91945744,-5.799674034,47.61925251,-122.3626734,0.823571418,-8.559999466,-6.87171693,VFR_alt,132.1491521,0.069685483,1.435010804,1.486394602,0.03679703,9.082692146,-8.559999466,0,0.02,0,0,0,0,0,0,0,0,0,0.02,0.02,0,0,0.02,0,0,0,0,0,0,0.04,0.04,0.7,0.02,0,0.12,0,0
CNL_W25,2025_01_27_10-44-05.jpg,1/27/2025,10:44:05,Centennial Park,1,CNL_W25_T1,21,SURFTRAK,13.59766524,2.470085837,33.58701639,1482,20.16666667,47.6192475,-122.3626694,47.6192468,-122.3626627,10.11226654,-5.004207611,47.61924525,-122.3626628,0.825171662,-8.489999771,-6.802906673,VFR_alt,138.4185523,0.113324328,1.437799108,1.492252839,0.098209467,9.014846802,-8.489999771,0,0,0,0,0,0,0,0,0,0,0,0,0.02,0,0,0.02,0,0,0,0,0,0,0.04,0.08,0.74,0.02,0,0.08,0,0
CNL_W25,2025_01_27_10-44-17.jpg,1/27/2025,10:44:17,Centennial Park,1,CNL_W25_T1,21,SURFTRAK,13.60445217,2.262869565,30.77755213,1490,20.27777778,47.6192398,-122.362669,47.6192389,-122.3626592,9.238323212,-4.744570732,47.61923739,-122.3626593,0.801413015,-8.5,-6.78806925,VFR_alt,138.9746403,0.089805634,1.396401466,1.407664944,0.063065416,9.025737762,-8.5,0,0,0,0,0,0.04,0,0,0,0.02,0,0.04,0,0,0.02,0,0,0.02,0.02,0,0,0,0.06,0.04,0.66,0,0,0.08,0,0
CNL_W25,2025_01_27_10-44-32.jpg,1/27/2025,10:44:32,Centennial Park,1,CNL_W25_T1,21,SURFTRAK,13.60295896,2.366695464,32.19240631,1500,20.41666667,47.6192285,-122.3626757,47.6192277,-122.3626544,7.985286713,-4.382575035,47.61922612,-122.3626545,0.827948149,-8.470000267,-6.782772795,VFR_alt,139.5671883,0.109907287,1.442636927,1.502526217,0.086955186,8.99936676,-8.470000267,0,0,0,0,0,0,0,0,0,0,0,0.02,0.02,0,0.06,0,0,0,0,0,0,0,0.02,0.08,0.72,0,0,0.08,0,0
CNL_W25,2025_01_27_10-44-44.jpg,1/27/2025,10:44:44,Centennial Park,1,CNL_W25_T1,21,SURFTRAK,13.61163557,2.031301518,27.6480192,1507,20.5,47.6192144,-122.3626664,47.6192203,-122.3626505,7.164083481,-4.088027954,47.61921874,-122.3626506,0.798937061,-8.510000229,-6.792297308,VFR_alt,139.732563,0.070375108,1.392087304,1.398891413,0.060684948,9.040148735,-8.510000229,0,0.04,0,0,0,0.02,0,0,0,0,0,0.04,0.02,0,0,0,0,0.04,0,0,0,0,0.02,0.18,0.52,0.02,0,0.1,0,0
CNL_W25,2025_01_27_10-44-56.jpg,1/27/2025,10:44:56,Centennial Park,1,CNL_W25_T1,21,SURFTRAK,13.6109913,2.121565217,28.87611217,1515,20.61111111,47.6192097,-122.3626955,47.6192116,-122.3626454,6.213975906,-3.703235626,47.61921019,-122.3626455,0.803217363,-8.5,-6.785458552,VFR_alt,136.4136722,0.094477981,1.399545405,1.414066671,0.078549849,9.030977249,-8.5,0,0.02,0,0,0,0.04,0,0,0,0,0,0,0,0,0.04,0.02,0,0.04,0.06,0,0,0,0.02,0.08,0.58,0,0.02,0.08,0,0
CNL_W25,2025_01_27_10-45-11.jpg,1/27/2025,10:45:11,Centennial Park,1,CNL_W25_T1,21,SURFTRAK,13.60732251,2.007142857,27.3087637,1524,20.75,47.6191982,-122.3626657,47.6192042,-122.3626432,5.372802734,-3.546309471,47.61920262,-122.3626434,0.804264045,-8.429999352,-6.715994877,VFR_alt,140.7477954,0.071270392,1.401369169,1.417442886,0.055071962,8.958537102,-8.429999352,0,0.04,0,0,0,0.02,0,0,0.02,0,0,0,0,0,0.04,0,0,0,0.08,0,0,0,0,0.02,0.68,0.02,0,0.08,0,0
CNL_W25,2025_01_27_10-45-26.jpg,1/27/2025,10:45:26,Centennial Park,1,CNL_W25_T1,21,SURFTRAK,13.60242981,2.263520518,30.78942836,1533,20.86111111,47.6191908,-122.3626622,47.619194,-122.3626464,4.235494614,-3.786942482,47.61919239,-122.3626466,0.827796962,-8.409999847,-6.719762428,VFR_alt,153.0002194,0.091132781,1.442373494,1.501922801,0.094304952,8.937918663,-8.409999847,0,0.02,0,0,0,0.02,0,0,0.02,0,0,0,0,0,0,0.02,0,0,0,0,0,0,0,0.04,0.72,0,0.02,0.12,0.02,0
CNL_W25,2025_01_27_10-45-41.jpg,1/27/2025,10:45:41,Centennial Park,1,CNL_W25_T1,21,SURFTRAK,13.60600434,2.275748373,30.96345518,1541,20.97222222,47.6191842,-122.3626327,47.6191849,-122.3626379,3.219093323,-3.144733429,47.61918325,-122.362638,0.824034696,-8.380000114,-6.686362298,VFR_alt,155.8034717,0.072752399,1.435818031,1.488008971,0.071231378,8.904630661,-8.380000114,0,0.04,0,0,0,0,0,0,0,0,0,0,0,0,0,0,0,0,0,0,0,0,0,0.04,0.76,0.02,0,0.14,0,0
CNL_W25,2025_01_27_10-45-53.jpg,1/27/2025,10:45:53,Centennial Park,1,CNL_W25_T1,21,SURFTRAK,13.61893886,1.848471616,25.17267362,1548,21.08333333,47.619182,-122.3626049,47.6191794,-122.362629,2.605997086,-2.475055695,47.61917774,-122.3626291,0.795676827,-8.38999939,-6.6679685,VFR_alt,141.5995748,0.047302016,1.386406593,1.387496614,0.094675294,8.91683197,-8.38999939,0,0.04,0,0,0,0,0,0,0.02,0.02,0,0,0,0,0.02,0,0,0,0,0,0,0,0.02,0.1,0.66,0,0,0.12,0,0
CNL_W25,2025_01_27_10-46-02.jpg,1/27/2025,10:46:02,Centennial Park,1,CNL_W25_T1,21,SURFTRAK,13.609,2.086363636,28.39326169,1554,21.13888889,47.619179,-122.3625934,47.6191754,-122.3626186,2.167766571,-1.701065063,47.6191738,-122.3626188,0.813571428,-8.349999428,-6.645439455,VFR_alt,152.5769887,0.076917235,1.417586578,1.45042241,0.098588938,8.872585297,-8.349999428,0,0,0,0,0,0,0,0,0.02,0,0,0,0.02,0.02,0.02,0,0,0,0,0,0,0,0,0.02,0.62,0,0.06,0.22,0,0
CNL_W25,2025_01_27_10-46-20.jpg,1/27/2025,10:46:20,Centennial Park,1,CNL_W25_T1,2,ALT_HOLD,13.64282609,5.825347826,79.59129217,1567,21.33333333,47.6191674,-122.3625722,47.6191664,-122.3625995,1.172243118,-0.275217056,47.61916484,-122.3625999,0.809521721,-8.38999939,-6.679398695,VFR_alt,154.1399608,0.116792677,1.410530271,1.436813583,0.085223835,8.914622307,-8.38999939,0,0.02,0,0,0,0.02,0,0,0,0,0,0.02,0,0,0.04,0,0,0,0,0,0,0,0,0.12,0.56,0.04,0.02,0.16,0,0
EBM_S24,2024_10_09_10-12-02.jpg,10/9/2024,10:12:02,Elliott Bay Marina,1,EBM_S24_T1,2,ALT_HOLD,13.54984532,6.150239651,83.33466806,0,0,47.6271588,-122.3912374,47.6271425,-122.3912416,0,0,47.6271588,-122.3912374,1.14383438,-9.590000153,-7.579739481,VFR_alt,262.8535025,0.097672672,1.993044752,2.877295464,0,9.713890076,-9.590000153,0.02,0,0,0,0,0,0,0,0,0.52,0,0,0,0.12,0,0,0,0.02,0.02,0,0,0,0.16,0,0,0,0,0,0,0.14
EBM_S24,2024_10_09_10-12-11.jpg,10/9/2024,10:12:11,Elliott Bay Marina,1,EBM_S24_T1,2,ALT_HOLD,13.57034858,4.727581699,64.15489551,13,0.166666667,47.6271595,-122.3912512,47.6271463,-122.3912521,0.427349091,-0.785617828,47.62716264,-122.3912479,1.124444421,-9.630000114,-7.599704606,VFR_alt,267.7749368,0.105812312,1.959259218,2.772980582,0.10663303,9.753982544,-9.630000114,0,0,0,0,0,0,0,0,0,0.56,0,0,0,0.02,0.04,0,0,0.14,0.02,0,0,0,0.08,0,0,0,0,0,0,0.14
EBM_S24,2024_10_09_10-12-20.jpg,10/9/2024,10:12:20,Elliott Bay Marina,1,EBM_S24_T1,2,ALT_HOLD,13.58209735,3.700376106,50.25756456,23,0.305555556,47.6271492,-122.3912431,47.62715,-122.3912622,0.841547012,-1.549079895,47.62716637,-122.391258,0.761061936,-9.609999657,-7.215406667,VFR_alt,263.9728568,0.063324918,1.326092768,1.269261498,0.041919092,9.732906342,-9.609999657,0,0,0,0,0,0,0,0,0,0.66,0,0,0,0.02,0,0,0,0,0,0,0,0,0.3,0.02,0,0,0,0,0,0
EBM_S24,2024_10_09_10-12-29.jpg,10/9/2024,10:12:29,Elliott Bay Marina,1,EBM_S24_T1,2,ALT_HOLD,13.5769085,4.377973856,59.43931527,34,0.472222222,47.627152,-122.3912667,47.627153,-122.391273,1.169044495,-2.356758118,47.62716931,-122.3912688,1.136623019,-9.630000114,-7.609898125,VFR_alt,264.0558188,0.096894634,1.980479504,2.840535629,0.091322706,9.751502991,-9.630000114,0,0,0,0,0,0,0,0,0,0.5,0,0,0,0.02,0.04,0,0,0,0.02,0,0,0,0.3,0,0,0,0,0,0,0.12
EBM_S24,2024_10_09_10-12-38.jpg,10/9/2024,10:12:38,Elliott Bay Marina,1,EBM_S24_T1,2,ALT_HOLD,13.58750325,3.765531453,51.16416939,44,0.583333333,47.6271471,-122.3912747,47.6271544,-122.3912808,1.326494217,-2.93897438,47.62717073,-122.3912765,1.24000001,-9.619999886,-7.702164748,VFR_alt,262.3296422,0.067062618,2.160606077,3.370109687,0.064381873,9.745035172,-9.619999886,0,0,0,0,0,0,0,0,0,0.76,0,0,0,0.06,0,0,0,0,0,0,0,0,0.08,0,0.02,0,0,0,0,0.08
EBM_S24,2024_10_09_10-12-47.jpg,10/9/2024,10:12:47,Elliott Bay Marina,1,EBM_S24_T1,2,ALT_HOLD,13.58652711,3.790498915,51.49972421,53,0.722222222,47.6271448,-122.3912774,47.6271553,-122.391288,1.421287537,-3.480577469,47.62717158,-122.3912837,1.068611648,-9.670000076,-7.579741418,VFR_alt,253.811371,0.080794805,1.861974842,2.50239299,0.07462311,9.799789429,-9.670000076,0,0,0,0,0,0,0,0,0,0.82,0,0,0,0,0,0,0,0,0,0,0,0,0.08,0.02,0,0,0,0,0,0.08
EBM_S24,2024_10_09_10-12-56.jpg,10/9/2024,10:12:56,Elliott Bay Marina,1,EBM_S24_T1,2,ALT_HOLD,13.58395054,3.817419355,51.85280316,62,0.833333333,47.6271326,-122.3912806,47.6271537,-122.391295,1.244939804,-4.005893707,47.62717,-122.3912907,0.91836557,-9.929999352,-7.688649466,VFR_alt,248.5442179,0.083179214,1.600182432,1.849709458,0.05273432,10.04693794,-9.929999352,0,0,0,0,0,0,0,0,0,0.92,0,0,0,0.02,0,0,0,0,0,0,0,0,0.02,0.02,0,0,0,0,0,0.02
EBM_S24,2024_10_09_10-13-05.jpg,10/9/2024,10:13:05,Elliott Bay Marina,1,EBM_S24_T1,21,SURFTRAK,13.59441901,3.218012959,43.74673166,70,0.944444444,47.6271398,-122.3913007,47.6271494,-122.3912995,0.766202927,-4.337520599,47.62716569,-122.3912951,0.812397384,-10,-7.652137292,VFR_alt,251.1839318,0.083558257,1.415540897,1.452242415,0.099661365,10.12663841,-10,0.04,0.04,0,0,0,0,0,0,0.02,0.54,0,0,0,0.08,0.06,0,0,0.08,0,0,0,0,0.12,0,0,0,0,0,0,0.02
EBM_S24,2024_10_09_10-13-14.jpg,10/9/2024,10:13:14,Elliott Bay Marina,1,EBM_S24_T1,21,SURFTRAK,13.61954148,1.961637555,26.7172988,77,1.055555556,47.6271463,-122.3913168,47.6271482,-122.391309,0.639528275,-5.0574646,47.62716455,-122.3913047,0.684585139,-10.17999935,-7.704109433,VFR_alt,269.3469033,0.048060396,1.192837742,1.027498554,0.052905234,10.31298542,-10.17999935,0,0,0,0,0,0,0,0,0,0.44,0,0,0,0.04,0.06,0,0,0.06,0.02,0,0,0,0.34,0.04,0,0,0,0,0,0
EBM_S24,2024_10_09_10-13-23.jpg,10/9/2024,10:13:23,Elliott Bay Marina,1,EBM_S24_T1,21,SURFTRAK,13.61977371,2.997413793,40.81413009,84,1.138888889,47.6271498,-122.391322,47.6271493,-122.391318,0.759195328,-5.742553711,47.62716563,-122.3913138,0.685409466,-10.39999962,-7.925007534,VFR_alt,269.4256146,0.020602877,1.19427407,1.034021306,0.043577563,10.5106411,-10.39999962,0,0,0,0,0,0,0,0,0,0.86,0,0,0,0.04,0,0,0,0,0,0,0,0,0.1,0,0,0,0,0,0,0
EBM_S24,2024_10_09_10-13-32.jpg,10/9/2024,10:13:32,Elliott Bay Marina,1,EBM_S24_T1,21,SURFTRAK,13.62353913,1.946782609,26.5212447,92,1.25,47.6271596,-122.3913182,47.6271522,-122.3913277,1.079523087,-6.454027176,47.62716851,-122.3913233,0.681152155,-10.11999989,-7.641068949,VFR_alt,280.8257249,0.075454143,1.186856028,1.017945117,0.06263852,10.2525816,-10.11999989,0,0,0,0,0,0,0,0,0,0.84,0,0,0,0,0.02,0,0,0,0,0,0,0,0.12,0,0,0,0,0,0,0.02
EBM_S24,2024_10_09_10-13-41.jpg,10/9/2024,10:13:41,Elliott Bay Marina,1,EBM_S24_T1,21,SURFTRAK,13.5857413,4.07573913,55.37117889,100,1.361111111,47.6271683,-122.3913371,47.6271547,-122.3913365,1.356307983,-7.113700867,47.627171,-122.391332,0.729999959,-10.19999981,-7.770436569,VFR_alt,276.2866659,0.080931293,1.271969626,1.167706597,0.079135003,10.32276917,-10.19999981,0,0,0,0,0,0,0,0,0,0.9,0,0,0,0.02,0,0,0,0.02,0,0,0,0,0.04,0,0,0,0,0,0,0.02
EBM_S24,2024_10_09_10-13-50.jpg,10/9/2024,10:13:50,Elliott Bay Marina,1,EBM_S24_T1,21,SURFTRAK,13.60580131,2.4130131,32.8310883,109,1.472222222,47.6271763,-122.3913537,47.6271575,-122.3913457,1.67764473,-7.810163498,47.62717389,-122.3913413,0.736528373,-9.920000076,-7.497643056,VFR_alt,282.9052194,0.039581116,1.283344892,1.189656792,0.035677841,10.06056118,-9.920000076,0,0,0,0,0,0,0,0,0,0.86,0,0,0,0,0,0,0,0.06,0,0,0,0,0.02,0.02,0,0,0,0,0,0.04
EBM_S24,2024_10_09_10-13-59.jpg,10/9/2024,10:13:59,Elliott Bay Marina,1,EBM_S24_T1,21,SURFTRAK,13.55008261,5.195543478,70.39596698,119,1.611111111,47.62719,-122.3913767,47.6271597,-122.3913522,1.90864563,-8.287229538,47.62717597,-122.3913477,0.64526085,-10.03999996,-7.527167619,VFR_alt,288.9942189,0.075587314,1.124318148,0.912640774,0.084198871,10.17386246,-10.03999996,0,0,0,0,0,0,0,0.02,0,0.72,0,0,0,0.04,0.04,0,0,0.04,0,0,0,0,0.12,0.02,0,0,0,0,0,0
EBM_S24,2024_10_09_10-14-08.jpg,10/9/2024,10:14:08,Elliott Bay Marina,1,EBM_S24_T1,21,SURFTRAK,13.5799163,4.160484581,56.49826493,130,1.75,47.6271888,-122.3913758,47.6271645,-122.3913623,2.450914383,-9.050165176,47.62718084,-122.3913578,0.683524203,-9.859999657,-7.386291525,VFR_alt,294.5618272,0.068564691,1.190989142,1.027125215,0.068190087,9.987921715,-9.859999657,0,0,0,0,0,0,0,0,0,0.4,0,0.02,0,0.04,0.12,0,0,0.02,0.02,0,0,0,0.26,0.1,0.02,0,0,0,0,0
EBM_S24,2024_10_09_10-14-17.jpg,10/9/2024,10:14:17,Elliott Bay Marina,1,EBM_S24_T1,21,SURFTRAK,13.604,2.319323144,31.55207205,138,1.861111111,47.6271856,-122.391369,47.6271703,-122.3913693,3.1009655,-9.587341309,47.62718669,-122.391365,0.805065477,-9.550000191,-7.198704711,VFR_alt,288.4905089,0.011674752,1.402765605,1.420276094,0.033429645,9.680346489,-9.550000191,0,0,0,0,0,0,0,0,0.02,0.48,0,0,0,0.1,0.06,0,0,0.06,0,0,0,0,0.18,0.08,0.02,0,0,0,0,0
EBM_S24,2024_10_09_10-14-26.jpg,10/9/2024,10:14:26,Elliott Bay Marina,1,EBM_S24_T1,21,SURFTRAK,13.5915817,3.029019608,41.16521608,147,2,47.627205,-122.3913928,47.6271716,-122.3913703,3.241174698,-9.658967972,47.6271878,-122.3913659,0.710675357,-9.619999886,-7.175133733,VFR_alt,286.1283717,0.018951997,1.23829797,1.107516555,0.035525695,9.745006561,-9.619999886,0,0.02,0,0,0,0,0,0,0,0.64,0,0,0.02,0.06,0,0,0,0.04,0,0,0,0,0.2,0.02,0,0,0,0,0,0
EBM_S24,2024_10_09_10-14-35.jpg,10/9/2024,10:14:35,Elliott Bay Marina,1,EBM_S24_T1,21,SURFTRAK,13.58173913,4.099391304,55.64790904,158,2.138888889,47.6271641,-122.3913408,47.6271727,-122.3913766,3.365755081,-10.13428688,47.62718891,-122.3913721,0.767130416,-9.809999466,-7.422293434,VFR_alt,286.7155678,0.031002011,1.336666634,1.290606111,0.028607418,9.920272827,-9.809999466,0,0,0,0,0,0,0,0,0.02,0.96,0,0,0,0,0,0,0,0,0,0,0,0,0,0,0.02,0,0,0,0,0
EBM_S24,2024_10_09_10-14-44.jpg,10/9/2024,10:14:44,Elliott Bay Marina,1,EBM_S24_T1,21,SURFTRAK,13.58343723,3.936601732,53.47255866,168,2.277777778,47.6271647,-122.3913659,47.6271736,-122.3913781,3.464540482,-10.24445534,47.62718979,-122.3913731,0.737683978,-9.670000076,-7.253375828,VFR_alt,288.2723743,0.020885886,1.285358447,1.192474732,0.020194846,9.800041199,-9.670000076,0,0,0,0,0,0,0,0,0,0.52,0,0,0,0.24,0.04,0,0,0.02,0,0,0,0,0.1,0.08,0,0,0,0,0,0
EBM_S24,2024_10_09_10-14-53.jpg,10/9/2024,10:14:53,Elliott Bay Marina,1,EBM_S24_T1,21,SURFTRAK,13.57031155,4.982636166,67.61609214,181,2.444444444,47.6271677,-122.391381,47.6271747,-122.3913865,3.588300705,-10.85937881,47.62719091,-122.3913812,0.611198242,-9.760000229,-7.21717917,VFR_alt,290.8923157,0.087621947,1.064966635,0.819461922,0.084887847,9.894366264,-9.760000229,0,0,0,0,0,0,0,0,0,0.14,0,0.04,0,0.1,0.16,0,0,0.08,0,0,0,0,0.36,0.12,0,0,0,0,0,0
EBM_S24,2024_10_09_10-15-02.jpg,10/9/2024,10:15:02,Elliott Bay Marina,1,EBM_S24_T1,21,SURFTRAK,13.56870638,4.763361702,64.63269055,193,2.611111111,47.6271603,-122.3913845,47.6271759,-122.3913953,3.730566025,-11.54105186,47.62719219,-122.3913903,0.814191456,-9.68999958,-7.350159191,VFR_alt,287.2365627,0.075050835,1.418666931,1.454004857,0.093433455,9.824997902,-9.68999958,0,0.04,0,0,0,0,0,0,0,0.24,0,0,0,0.14,0.16,0,0,0,0,0,0,0,0.4,0,0.02,0,0,0,0,0
EBM_S24,2024_10_09_10-15-11.jpg,10/9/2024,10:15:11,Elliott Bay Marina,1,EBM_S24_T1,21,SURFTRAK,13.57184368,4.054111349,55.01709874,204,2.777777778,47.6271576,-122.3913896,47.6271769,-122.3914022,3.829431534,-12.05613136,47.62719309,-122.3913969,0.648522452,-9.75,-7.244159945,VFR_alt,290.2730012,0.049372357,1.130001243,0.926618261,0.039683099,9.878176689,-9.75,0,0,0,0,0,0,0,0,0,0.86,0,0,0,0.04,0.02,0,0,0,0,0,0,0,0.06,0.02,0,0,0,0,0,0
EBM_S24,2024_10_09_10-15-20.jpg,10/9/2024,10:15:20,Elliott Bay Marina,1,EBM_S24_T1,21,SURFTRAK,13.59036264,3.176703297,43.17161451,213,2.888888889,47.6271565,-122.3913925,47.6271774,-122.3914086,3.889379501,-12.53698921,47.62719372,-122.3914031,0.744307671,-9.579999924,-7.169375123,VFR_alt,286.6029348,0.06802145,1.296899729,1.214674599,0.068404967,9.70028019,-9.579999924,0,0,0,0,0,0,0,0,0,0.74,0,0,0,0,0.06,0,0,0.08,0,0,0,0,0.08,0,0,0,0,0,0,0.04
EBM_S24,2024_10_09_10-15-29.jpg,10/9/2024,10:15:29,Elliott Bay Marina,1,EBM_S24_T1,21,SURFTRAK,13.57283516,4.539340659,61.59887121,226,3.055555556,47.627145,-122.3913877,47.6271784,-122.3914157,4.003465652,-13.06902122,47.62719474,-122.3914102,0.696923058,-9.849999428,-7.391271588,VFR_alt,287.9943672,0.089955996,1.214335631,1.065562096,0.086815564,9.971546173,-9.849999428,0,0,0,0,0,0,0,0,0,1,0,0,0,0,0,0,0,0,0,0,0,0,0,0,0,0,0,0,0,0
EBM_S24,2024_10_09_10-15-38.jpg,10/9/2024,10:15:38,Elliott Bay Marina,1,EBM_S24_T1,21,SURFTRAK,13.56115419,5.022488987,68.11059463,238,3.222222222,47.6271487,-122.3914129,47.6271777,-122.3914219,3.918329239,-13.53285027,47.62719398,-122.3914163,0.666585863,-9.699999809,-7.210158726,VFR_alt,283.0886917,0.05969199,1.161475368,0.973706936,0.05604021,9.824051857,-9.699999809,0,0,0,0,0,0,0,0,0,0.7,0,0,0,0.12,0,0,0,0,0,0,0,0,0.16,0,0,0,0,0,0,0.02
EBM_S24,2024_10_09_10-15-47.jpg,10/9/2024,10:15:47,Elliott Bay Marina,1,EBM_S24_T1,21,SURFTRAK,13.55762664,5.737423581,77.78223277,251,3.388888889,47.6271465,-122.3914289,47.6271769,-122.3914303,3.82608223,-14.16309738,47.62719315,-122.3914247,0.519912639,-9.38999939,-6.752742246,VFR_alt,279.6953135,0.049099076,0.905908386,0.594094198,0.07843568,9.522747993,-9.38999939,0,0,0,0,0,0,0,0,0,0.88,0,0,0,0.02,0,0,0,0,0,0,0,0,0.1,0,0,0,0,0,0,0
EBM_S24,2024_10_09_10-15-56.jpg,10/9/2024,10:15:56,Elliott Bay Marina,1,EBM_S24_T1,21,SURFTRAK,13.58820485,3.316982379,45.06337896,261,3.555555556,47.627143,-122.3914545,47.6271734,-122.3914386,3.437860489,-14.79001427,47.62718966,-122.3914331,0.809515395,-8.920000076,-6.571726907,VFR_alt,281.3593541,0.071564728,1.410519249,1.437546542,0.128779082,9.040062904,-8.920000076,0,0,0,0,0,0,0,0,0,0.84,0.02,0,0,0.02,0,0,0,0,0,0,0,0,0.12,0,0,0,0,0,0,0
EBM_S24,2024_10_09_10-16-05.jpg,10/9/2024,10:16:05,Elliott Bay Marina,1,EBM_S24_T1,21,SURFTRAK,13.58636761,3.585492341,48.69840249,271,3.694444444,47.627138,-122.3914539,47.6271696,-122.3914473,3.014539719,-15.43868828,47.62718585,-122.3914417,0.770853364,-8.809999466,-6.422656126,VFR_alt,281.0886143,0.024170111,1.343153589,1.313943213,0.074441415,8.93196106,-8.809999466,0,0,0,0,0,0,0,0,0,0.82,0,0,0,0.02,0,0,0,0,0.02,0,0,0,0.12,0,0,0,0,0,0,0.02
EBM_S24,2024_10_09_10-16-14.jpg,10/9/2024,10:16:14,Elliott Bay Marina,1,EBM_S24_T1,21,SURFTRAK,13.53824454,6.924170306,93.73592459,288,3.916666667,47.6271337,-122.3914613,47.6271666,-122.3914586,2.684804916,-16.28473473,47.62718288,-122.3914529,0.820829677,-9.210000038,-6.872445792,VFR_alt,276.371725,0.037596888,1.430233528,1.487194765,0.072245403,9.328999519,-9.210000038,0,0,0,0,0,0,0,0,0,0.54,0,0,0,0.02,0.12,0,0,0.02,0,0,0,0,0.3,0,0,0,0,0,0,0
EBM_S24,2024_10_09_10-16-23.jpg,10/9/2024,10:16:23,Elliott Bay Marina,1,EBM_S24_T1,21,SURFTRAK,13.58561771,3.680151188,49.99689013,300,4.083333333,47.6271282,-122.3914747,47.627163,-122.3914687,2.274669647,-17.04155159,47.62717919,-122.391463,0.741987019,-9.75,-7.333581076,VFR_alt,278.4715682,0.063618675,1.292856169,1.206895605,0.079900729,9.872927666,-9.75,0,0,0,0,0,0,0,0,0,0.48,0,0,0,0.06,0.02,0,0,0.04,0,0,0,0,0.4,0,0,0,0,0,0,0
EBM_S24,2024_10_09_10-16-32.jpg,10/9/2024,10:16:32,Elliott Bay Marina,1,EBM_S24_T1,21,SURFTRAK,13.61218913,2.259,30.746691,309,4.194444444,47.6271277,-122.3915072,47.6271581,-122.3914867,1.736125946,-18.39085388,47.62717435,-122.391481,0.570456498,-9.779999733,-7.192135568,VFR_alt,283.6110021,0.128007425,0.993977232,0.720203573,0.173285238,9.903744698,-9.779999733,0,0,0,0,0,0,0,0,0,0.64,0,0,0,0.06,0,0,0,0,0,0,0,0,0.3,0,0,0,0,0,0,0
EBM_S24,2024_10_09_10-16-41.jpg,10/9/2024,10:16:41,Elliott Bay Marina,1,EBM_S24_T1,21,SURFTRAK,13.63214624,1.767849462,24.09905935,315,4.277777778,47.6271225,-122.3915104,47.6271524,-122.3915052,1.108724594,-19.7838726,47.62716871,-122.3914995,0.722172026,-9.670000076,-7.233986118,VFR_alt,281.6757234,0.064234666,1.258330046,1.146620907,0.123396443,9.793192863,-9.670000076,0,0,0,0,0,0,0,0,0,0.92,0,0,0,0.02,0,0,0,0,0,0,0,0,0.06,0,0,0,0,0,0,0
EBM_S24,2024_10_09_10-16-50.jpg,10/9/2024,10:16:50,Elliott Bay Marina,1,EBM_S24_T1,21,SURFTRAK,13.61356957,2.054652174,27.97127478,320,4.333333333,47.6271226,-122.391532,47.6271463,-122.3915185,0.428501129,-20.7794714,47.62716259,-122.3915127,0.712608672,-9.550000191,-7.104549056,VFR_alt,276.4887662,0.059823256,1.241666625,1.113229803,0.122252344,9.677823067,-9.550000191,0,0,0,0,0,0,0,0,0,0.66,0,0.04,0,0.02,0.02,0,0,0.04,0.02,0,0,0,0.2,0,0,0,0,0,0,0
EBM_S24,2024_10_09_10-16-59.jpg,10/9/2024,10:16:59,Elliott Bay Marina,1,EBM_S24_T1,21,SURFTRAK,13.61080952,2.307142857,31.40207762,326,4.416666667,47.6271169,-122.3915332,47.6271432,-122.391532,0.060970306,-21.81705475,47.62715928,-122.3915265,0.648690454,-9.449999809,-6.940690235,VFR_alt,271.4878694,0.112933016,1.130293972,0.922823611,0.131012896,9.572568893,-9.449999809,0,0.02,0,0,0,0,0,0,0,0.5,0,0,0,0.02,0.04,0,0,0,0.02,0,0,0,0.4,0,0,0,0,0,0,0
EBM_S24,2024_10_09_10-17-08.jpg,10/9/2024,10:17:08,Elliott Bay Marina,1,EBM_S24_T1,21,SURFTRAK,13.62618985,1.713002208,23.34169651,332,4.5,47.6271186,-122.3915539,47.6271402,-122.3915462,-0.255052567,-22.85742092,47.62715644,-122.3915404,0.766114765,-9.420000076,-7.028064065,VFR_alt,269.0457428,0.076520203,1.334896939,1.295450062,0.076384011,9.549443245,-9.420000076,0,0,0,0,0,0,0,0,0,0.84,0,0,0,0,0,0,0,0.02,0,0,0,0,0.14,0,0,0,0,0,0,0
EBM_S24,2024_10_09_10-17-17.jpg,10/9/2024,10:17:17,Elliott Bay Marina,1,EBM_S24_T1,21,SURFTRAK,13.60587389,2.32829646,31.67684701,337,4.555555556,47.6271153,-122.3915707,47.6271348,-122.3915569,-0.853475571,-23.65497303,47.62715106,-122.391551,0.74767698,-9.539999962,-7.129497831,VFR_alt,260.2977204,0.069971288,1.302770496,1.225297754,0.130722424,9.663326263,-9.539999962,0,0,0,0,0,0,0,0,0,0.36,0,0.1,0.02,0.06,0.04,0,0,0,0.02,0,0,0,0.4,0,0,0,0,0,0,0
EBM_S24,2024_10_09_10-17-26.jpg,10/9/2024,10:17:26,Elliott Bay Marina,1,EBM_S24_T1,21,SURFTRAK,13.61991485,1.726004367,23.5080269,342,4.638888889,47.6271133,-122.3915874,47.6271295,-122.3915701,-1.441640854,-24.64813232,47.62714577,-122.3915642,0.78491263,-9.429999352,-7.056586683,VFR_alt,261.5297399,0.061412619,1.367650795,1.350443273,0.101477179,9.555966377,-9.429999352,0,0,0,0,0,0,0,0,0,0.7,0,0,0,0.02,0.06,0,0,0,0,0,0,0,0.22,0,0,0,0,0,0,0
EBM_S24,2024_10_09_10-17-35.jpg,10/9/2024,10:17:35,Elliott Bay Marina,1,EBM_S24_T1,21,SURFTRAK,13.62133478,1.757195652,23.93530322,346,4.694444444,47.627109,-122.3915979,47.6271251,-122.3915831,-1.936161041,-25.61851501,47.62714132,-122.3915771,0.725304329,-9.220000267,-6.786875016,VFR_alt,260.7180103,0.063902712,1.263787846,1.155582491,0.107140572,9.360770226,-9.220000267,0,0,0,0,0,0,0,0,0,0.6,0,0.02,0,0.02,0.06,0,0,0.1,0.02,0,0,0,0.18,0,0,0,0,0,0,0
EBM_W25,2025_01_28_10-06-36.jpg,1/28/2025,10:06:36,Elliott Bay Marina,1,EBM_W25_T1,21,SURFTRAK,13.62733623,1.742115942,23.73979791,0,0,47.6271079,-122.3914396,47.6269888,-122.3918251,0,0,47.6271079,-122.3914396,0.724550691,-9.25,-7.586100489,VFR_alt,279.0162164,0.073250812,1.262474689,1.248350244,0,-0.191451296,-9.25,0,0,0,0,0,0,0,0,0,0.44,0,0,0.02,0.04,0.02,0,0,0,0,0,0,0,0.38,0.06,0.02,0,0,0,0,0.02
EBM_W25,2025_01_28_10-07-00.jpg,1/28/2025,10:07:00,Elliott Bay Marina,1,EBM_W25_T1,21,SURFTRAK,13.64652711,1.347505423,18.38875089,-6965,-94.22222222,47.6270935,-122.3914607,47.6271039,-122.3914621,12.80578971,27.26561356,47.62722308,-122.3910768,0.882342726,-9.349999428,-7.842342154,VFR_alt,257.9233671,0.05477423,1.537415356,1.706135759,0.060115882,9.584702492,-9.349999428,0,0.02,0,0,0,0,0,0,0,0.34,0,0,0,0.08,0.08,0,0.02,0,0,0.02,0,0,0.38,0.04,0,0,0,0,0,0.02
EBM_W25,2025_01_28_10-07-12.jpg,1/28/2025,10:07:12,Elliott Bay Marina,1,EBM_W25_T1,21,SURFTRAK,13.61166667,1.977697368,26.91907149,-6961,-94.13888889,47.6270931,-122.3914716,47.6271022,-122.3914728,12.61757994,26.45861053,47.62722138,-122.3910876,0.818947348,-9.519999504,-7.948782936,VFR_alt,256.8635672,0.121833325,1.426953712,1.474482768,0.107633373,9.750068665,-9.519999504,0.02,0.04,0,0,0,0.02,0,0,0,0.34,0,0,0,0.06,0.1,0,0,0.04,0,0,0,0,0.36,0.02,0,0,0,0,0,0
EBM_W25,2025_01_28_10-07-24.jpg,1/28/2025,10:07:24,Elliott Bay Marina,1,EBM_W25_T1,21,SURFTRAK,13.62587773,1.659825328,22.61627424,-6954,-94.05555556,47.6270949,-122.391486,47.6270999,-122.3914876,12.36747074,25.35323334,47.62721913,-122.3911023,0.709956318,-9.969999313,-8.290060079,VFR_alt,265.9879186,0.10120941,1.2370451,1.107050746,0.106507206,10.20659447,-9.969999313,0,0,0,0,0,0,0,0,0.02,0.58,0,0,0,0,0.02,0,0,0,0.04,0,0,0,0.08,0.02,0.04,0.18,0,0.02,0,0
EBM_W25,2025_01_28_10-07-36.jpg,1/28/2025,10:07:36,Elliott Bay Marina,1,EBM_W25_T1,21,SURFTRAK,13.62112931,1.893189655,25.78738388,-6947,-93.97222222,47.6270975,-122.3915035,47.6270991,-122.3915043,12.28490388,24.09893036,47.62721839,-122.391119,0.866702559,-9.819999695,-8.297357023,VFR_alt,279.3079005,0.100804245,1.510163549,1.646416341,0.099831955,10.0528059,-9.819999695,0,0.1,0,0,0,0,0,0,0,0.26,0,0,0,0.04,0.06,0,0,0.14,0.02,0,0,0,0.12,0,0.08,0.18,0,0,0,0
EBM_W25,2025_01_28_10-07-45.jpg,1/28/2025,10:07:45,Elliott Bay Marina,1,EBM_W25_T1,21,SURFTRAK,13.62677468,1.627618026,22.17919032,-6943,-93.91666667,47.6271013,-122.3915112,47.6270993,-122.3915115,12.30430698,23.5565033,47.62721857,-122.3911262,0.709442039,-10.13000011,-8.450604271,VFR_alt,268.9776639,0.079940743,1.236149008,1.102907368,0.077380928,10.36615849,-10.13000011,0,0.04,0,0,0,0,0,0,0,0.04,0,0,0,0,0.02,0,0,0.02,0,0,0,0,0.12,0.02,0.2,0.46,0.02,0.06,0,0
EBM_W25,2025_01_28_10-07-57.jpg,1/28/2025,10:07:57,Elliott Bay Marina,1,EBM_W25_T1,21,SURFTRAK,13.62115217,1.883826087,25.66004574,-6936,-93.80555556,47.6271027,-122.391526,47.6270994,-122.3915259,12.31359339,22.47745895,47.62721865,-122.3911405,0.740326072,-10.02999973,-8.382169959,VFR_alt,264.5462185,0.092919713,1.289962094,1.201182486,0.093386913,10.26484776,-10.02999973,0,0.02,0,0,0,0,0,0,0.04,0.3,0,0,0,0.1,0.04,0,0,0.02,0,0,0,0,0.3,0,0.06,0.08,0,0.04,0,0
EBM_W25,2025_01_28_10-08-09.jpg,1/28/2025,10:08:09,Elliott Bay Marina,1,EBM_W25_T1,21,SURFTRAK,13.61031897,2.190431034,29.81227983,-6929,-93.72222222,47.6270989,-122.3915419,47.6271001,-122.3915421,12.39401901,21.26086807,47.62721937,-122.3911567,0.762801712,-10.21000004,-8.585210774,VFR_alt,275.0367581,0.118474782,1.329124195,1.275154428,0.115574736,10.44212914,-10.21000004,0,0,0,0,0,0,0,0,0.02,0.54,0,0,0,0,0.02,0,0,0,0,0,0,0,0.14,0.02,0.02,0.24,0,0,0,0
EBM_W25,2025_01_28_10-08-18.jpg,1/28/2025,10:08:18,Elliott Bay Marina,1,EBM_W25_T1,21,SURFTRAK,13.61659912,1.746079295,23.77545978,-6924,-93.63888889,47.6271134,-122.3915538,47.6271013,-122.3915557,12.53286195,20.24230576,47.62722062,-122.3911703,0.657577061,-10.2699995,-8.54032169,VFR_alt,274.4446193,0.110512763,1.145778213,0.947710957,0.120327659,10.50837708,-10.2699995,0,0,0,0,0,0,0,0,0,0.66,0,0,0,0.06,0,0,0,0,0,0,0,0,0.14,0,0.04,0.06,0,0.04,0,0
EBM_W25,2025_01_28_10-08-27.jpg,1/28/2025,10:08:27,Elliott Bay Marina,1,EBM_W25_T1,21,SURFTRAK,13.60802386,2.107353579,28.67687954,-6919,-93.58333333,47.6271107,-122.3915651,47.6271041,-122.3915687,12.8445785,19.26405334,47.62722343,-122.3911833,0.648676776,-10.02999973,-8.291706953,VFR_alt,286.4007184,0.120588752,1.130270141,0.923498565,0.125695941,10.26206589,-10.02999973,0,0.06,0,0,0,0,0,0,0,0.24,0,0,0,0.08,0.08,0,0,0.12,0.04,0,0,0,0.26,0,0.06,0.02,0,0.04,0,0
EBM_W25,2025_01_28_10-08-36.jpg,1/28/2025,10:08:36,Elliott Bay Marina,1,EBM_W25_T1,21,SURFTRAK,13.60321154,2.355726496,32.04540306,-6914,-93.52777778,47.6271032,-122.3915786,47.6271056,-122.3915804,13.00491214,18.39167786,47.62722487,-122.3911949,0.59391025,-9.829999924,-8.037197299,VFR_alt,266.8339436,0.126973065,1.034843617,0.773367159,0.123780499,10.06599903,-9.829999924,0.02,0.08,0,0,0,0,0,0,0,0.38,0,0,0,0.14,0,0,0,0,0,0,0,0,0.34,0,0.02,0,0,0,0,0.02
EBM_W25,2025_01_28_10-08-48.jpg,1/28/2025,10:08:48,Elliott Bay Marina,1,EBM_W25_T1,21,SURFTRAK,13.601,2.363195652,32.14182407,-6907,-93.41666667,47.6271027,-122.3915968,47.6271055,-122.3915955,12.99266195,17.25678635,47.62722476,-122.39121,0.867673906,-9.670000076,-8.151297075,VFR_alt,271.3449003,0.107960386,1.511856049,1.649724532,0.106880289,9.901660919,-9.670000076,0,0.12,0,0,0,0,0,0,0,0.48,0,0,0,0.06,0,0,0,0,0,0,0,0,0.3,0.02,0.02,0,0,0,0,0
EBM_W25,2025_01_28_10-09-00.jpg,1/28/2025,10:09:00,Elliott Bay Marina,1,EBM_W25_T1,21,SURFTRAK,13.61738478,1.636565217,22.2856738,-6900,-93.30555556,47.627112,-122.3916096,47.6271088,-122.3916075,13.36813498,16.356987,47.62722813,-122.391222,0.581478243,-9.760000229,-7.955478472,VFR_alt,300.0089249,0.050774887,1.013181787,0.744744892,0.049180897,9.99502182,-9.760000229,0,0.02,0,0,0,0,0,0,0.02,0.46,0,0,0,0.1,0.02,0,0,0,0,0,0,0,0.38,0,0,0,0,0,0,0
EBM_W25,2025_01_28_10-09-12.jpg,1/28/2025,10:09:12,Elliott Bay Marina,1,EBM_W25_T1,21,SURFTRAK,13.60303687,2.133087558,29.01643438,-6889,-93.16666667,47.6271193,-122.3916197,47.6271115,-122.3916176,13.6622746,15.59805298,47.62723078,-122.3912321,0.937281098,-9.5,-8.051732748,VFR_alt,289.617857,0.06695278,1.633141307,1.925904755,0.074270196,9.739705086,-9.5,0,0,0,0,0,0,0,0,0,0.46,0,0,0,0.08,0,0,0,0,0,0,0,0,0.44,0,0.02,0,0,0,0,0
EBM_W25,2025_01_28_10-09-30.jpg,1/28/2025,10:09:30,Elliott Bay Marina,1,EBM_W25_T1,21,SURFTRAK,13.62056061,1.744285714,23.75812667,-6879,-93.02777778,47.6271119,-122.3916307,47.6271165,-122.3916288,14.21309805,14.76082993,47.62723571,-122.3912428,0.760194771,-9.300000191,-7.675368831,VFR_alt,286.2194028,0.049465276,1.324581797,1.270422674,0.051877277,9.533169746,-9.300000191,0,0.06,0,0,0,0,0,0,0,0.42,0,0,0,0,0,0,0,0.12,0,0,0,0,0.38,0,0,0,0,0,0,0.02
EBM_W25,2025_01_28_10-09-45.jpg,1/28/2025,10:09:45,Elliott Bay Marina,1,EBM_W25_T1,21,SURFTRAK,13.62439957,1.599006479,21.78547659,-6871,-92.91666667,47.6271139,-122.3916452,47.62712,-122.3916426,14.6181438,13.72229004,47.62723936,-122.3912566,0.819244041,-8.970000267,-7.404932939,VFR_alt,292.0997021,0.035146183,1.427470677,1.472213863,0.030658265,9.208316803,-8.970000267,0.02,0,0,0,0,0,0,0,0,0.26,0,0,0,0.04,0,0,0,0.02,0,0,0,0,0.64,0.02,0,0,0,0,0,0
EBM_W25,2025_01_28_10-09-57.jpg,1/28/2025,10:09:57,Elliott Bay Marina,1,EBM_W25_T1,2,ALT_HOLD,13.59722484,2.417665953,32.87354807,-6864,-92.83333333,47.6271177,-122.3916602,47.6271208,-122.3916575,14.70166898,12.60425186,47.62724011,-122.3912715,0.779807256,-9.13999939,-7.535766233,VFR_alt,298.9578022,0.113594909,1.358755068,1.334252358,0.110740843,9.372567177,-9.13999939,0,0,0,0,0,0,0,0,0,0.44,0,0,0,0.04,0,0,0,0,0,0,0,0,0.4,0.08,0.02,0.02,0,0,0,0
EBM_W25,2025_01_28_10-10-06.jpg,1/28/2025,10:10:06,Elliott Bay Marina,1,EBM_W25_T1,2,ALT_HOLD,13.60045356,2.379524838,32.36260821,-6858,-92.75,47.6271182,-122.3916733,47.6271228,-122.391669,14.92790556,11.74333954,47.62724214,-122.3912829,0.832354193,-8.849999428,-7.298398249,VFR_alt,327.6378143,0.095647102,1.450314124,1.518200836,0.095642911,9.082220078,-8.849999428,0,0,0,0,0,0,0,0,0,0.64,0,0,0,0.02,0,0,0,0,0,0,0,0,0.22,0,0.02,0,0,0,0,0.1
EBM_W25,2025_01_28_10-10-18.jpg,1/28/2025,10:10:18,Elliott Bay Marina,1,EBM_W25_T1,2,ALT_HOLD,13.60169935,2.285163399,31.08208791,-6850,-92.63888889,47.6271341,-122.3916869,47.6271269,-122.3916816,15.38484383,10.79495239,47.62724625,-122.3912955,0.621568612,-8.800000191,-7.037594169,VFR_alt,312.1699454,0.09163837,1.083036217,0.848375657,0.112324057,9.039146423,-8.800000191,0.02,0,0,0,0,0,0,0,0,0.5,0,0,0,0.12,0,0,0,0.04,0,0,0,0,0.26,0,0.02,0,0,0,0,0.04
EBM_W25,2025_01_28_10-10-30.jpg,1/28/2025,10:10:30,Elliott Bay Marina,1,EBM_W25_T1,2,ALT_HOLD,13.616,1.882386117,25.63056937,-6843,-92.55555556,47.6271415,-122.3917005,47.6271322,-122.3916933,15.9687233,9.922615051,47.6272515,-122.3913072,0.660542265,-8.809999466,-7.08647816,VFR_alt,301.9473034,0.052051461,1.150944856,0.95628093,0.061344274,9.045812607,-8.809999466,0,0,0,0,0,0,0,0,0,0.5,0,0,0,0.08,0.02,0,0,0,0,0,0,0,0.38,0,0,0,0,0,0,0.02
EBM_W25,2025_01_28_10-10-45.jpg,1/28/2025,10:10:45,Elliott Bay Marina,1,EBM_W25_T1,2,ALT_HOLD,13.62970815,1.619141631,22.06768944,-6835,-92.44444444,47.6271447,-122.3917068,47.627137,-122.3917026,16.50964594,9.218280792,47.62725627,-122.3913164,0.826609429,-8.840000153,-7.282473994,VFR_alt,311.3634665,0.043029481,1.440304307,1.497279968,0.064189873,9.074331284,-8.840000153,0,0,0,0,0,0,0,0,0,0.48,0,0,0,0.02,0.02,0,0,0.06,0,0,0,0,0.36,0.06,0,0,0,0,0,0
EBM_W25,2025_01_28_10-11-00.jpg,1/28/2025,10:11:00,Elliott Bay Marina,1,EBM_W25_T1,21,SURFTRAK,13.6234413,1.663086957,22.65694985,-6827,-92.33333333,47.6271444,-122.3917159,47.6271424,-122.3917136,17.10543442,8.397575378,47.62726167,-122.391327,0.841239101,-8.739999771,-7.197238872,VFR_alt,297.3727329,0.037436938,1.465795403,1.551090496,0.038995452,8.975119591,-8.739999771,0,0,0,0,0,0,0,0,0,0.34,0,0,0,0.04,0,0,0,0,0,0.02,0,0,0.5,0,0.02,0,0,0,0,0.08
EBM_W25,2025_01_28_10-11-12.jpg,1/28/2025,10:11:12,Elliott Bay Marina,1,EBM_W25_T1,21,SURFTRAK,13.60584449,2.299395248,31.28517881,-6820,-92.22222222,47.6271528,-122.3917291,47.6271472,-122.3917258,17.64279509,7.477615356,47.6272665,-122.3913393,1.003088527,-8.760000229,-7.379431772,VFR_alt,298.3227877,0.08770168,1.747805766,2.213413859,0.100214576,8.987811089,-8.760000229,0.02,0,0,0,0,0,0,0,0,0.44,0,0,0,0.04,0,0,0,0,0,0,0,0,0.4,0,0.02,0.04,0,0,0,0.04
EBM_W25,2025_01_28_10-11-24.jpg,1/28/2025,10:11:24,Elliott Bay Marina,1,EBM_W25_T1,21,SURFTRAK,13.60724034,2.199613734,29.93067043,-6813,-92.13888889,47.627148,-122.3917411,47.6271521,-122.3917387,18.1811595,6.511989594,47.62727135,-122.3913521,0.672532168,-9.149999619,-7.43935476,VFR_alt,304.1025959,0.106812809,1.171836353,0.991259006,0.106789905,9.392410278,-9.149999619,0,0.02,0,0,0,0,0,0,0,0.64,0,0,0,0.02,0.06,0,0,0,0,0,0,0,0.1,0,0,0.12,0.02,0.02,0,0
EBM_W25,2025_01_28_10-11-36.jpg,1/28/2025,10:11:36,Elliott Bay Marina,1,EBM_W25_T1,21,SURFTRAK,13.62194577,1.709219089,23.28273499,-6807,-92.05555556,47.6271534,-122.3917561,47.6271547,-122.39175,18.47876358,5.66588974,47.62727402,-122.3913634,0.772234252,-8.979999542,-7.369565218,VFR_alt,291.3005946,0.05662046,1.345559682,1.307667341,0.071242471,9.21518898,-8.979999542,0.04,0,0,0,0,0,0,0,0,0.54,0,0,0,0,0.04,0,0,0,0.02,0,0,0,0.02,0,0.02,0.32,0,0,0,0
EBM_W25,2025_01_28_10-11-48.jpg,1/28/2025,10:11:48,Elliott Bay Marina,1,EBM_W25_T1,21,SURFTRAK,13.615,1.861845494,25.34902639,-6800,-91.97222222,47.6271605,-122.3917701,47.6271588,-122.3917616,18.9331274,4.796653748,47.62727811,-122.391375,0.841266079,-8.840000153,-7.299026146,VFR_alt,286.4184862,0.065523959,1.46584241,1.551559936,0.079276784,9.071227074,-8.840000153,0,0,0,0,0,0,0,0,0,0.52,0,0,0,0.14,0.02,0,0,0,0,0,0,0,0.2,0,0,0.12,0,0,0,0
EBM_W25,2025_01_28_10-11-57.jpg,1/28/2025,10:11:57,Elliott Bay Marina,1,EBM_W25_T1,21,SURFTRAK,13.60894577,2.129848156,28.984922,-6795,-91.88888889,47.6271704,-122.3917806,47.6271623,-122.3917721,19.32050037,4.005523682,47.62728159,-122.3913855,0.80537958,-8.75,-7.173343152,VFR_alt,287.9009641,0.078007624,1.403312904,1.421725372,0.120966658,8.986211777,-8.75,0,0,0,0,0,0,0,0,0,0.36,0,0,0,0,0.12,0,0,0,0,0,0,0,0.28,0,0,0.24,0,0,0,0
EBM_W25,2025_01_28_10-12-09.jpg,1/28/2025,10:12:09,Elliott Bay Marina,1,EBM_W25_T1,21,SURFTRAK,13.59538661,2.427969762,33.00924587,-6788,-91.80555556,47.627168,-122.3917906,47.6271658,-122.3917853,19.71223831,3.015537262,47.62728512,-122.3913987,0.839222446,-8.590000153,-7.047225329,VFR_alt,279.982727,0.082473364,1.462281535,1.545781956,0.092236536,8.835390091,-8.590000153,0,0,0,0,0,0,0,0,0,0.56,0,0,0,0,0.04,0,0,0.02,0.02,0,0,0,0.18,0.02,0.04,0.08,0.02,0.02,0,0
EBM_W25,2025_01_28_10-12-21.jpg,1/28/2025,10:12:21,Elliott Bay Marina,1,EBM_W25_T1,21,SURFTRAK,13.60229892,2.463870968,33.51426497,-6781,-91.69444444,47.6271629,-122.391803,47.6271667,-122.3918011,19.79784966,1.83212471,47.62728589,-122.3914144,0.871161294,-8.38999939,-6.878947977,VFR_alt,276.2075877,0.096242766,1.517932558,1.663020962,0.101783301,8.624656677,-8.38999939,0,0.02,0,0,0,0,0,0,0,0.48,0,0,0,0.06,0.02,0,0,0.02,0.02,0,0,0,0.3,0.02,0,0,0,0,0.04,0.02
EBM_W25,2025_01_28_10-12-30.jpg,1/28/2025,10:12:30,Elliott Bay Marina,1,EBM_W25_T1,21,SURFTRAK,13.60869536,2.160485651,29.40125391,-6775,-91.61111111,47.6271642,-122.3918121,47.6271664,-122.391812,19.77406025,1.011035919,47.62728567,-122.3914253,0.804039694,-8.63999939,-7.061530994,VFR_alt,279.698261,0.097337791,1.400978254,1.417495247,0.096672326,8.875489235,-8.63999939,0,0.02,0,0,0,0,0,0,0,0.32,0,0,0.02,0.04,0.06,0,0,0.08,0,0,0,0,0.36,0,0.02,0.08,0,0,0,0
EBM_W25,2025_01_28_10-12-42.jpg,1/28/2025,10:12:42,Elliott Bay Marina,1,EBM_W25_T1,21,SURFTRAK,13.61551304,2.40976087,32.81026237,-6767,-91.5,47.6271689,-122.3918232,47.6271676,-122.3918254,19.91428566,0.012025833,47.62728693,-122.3914386,0.670304327,-8.679999352,-6.967268077,VFR_alt,281.148837,0.084076565,1.167954509,0.986136544,0.082397298,8.928534508,-8.679999352,0,0,0,0,0,0,0,0,0,0.66,0,0,0,0.04,0,0,0,0,0,0,0,0,0.22,0,0,0.08,0,0,0,0
EBM_W25,2025_01_28_10-41-14.jpg,1/28/2025,10:41:14,Elliott Bay Marina,1,EBM_W25_T1,21,SURFTRAK,13.60395064,2.244849785,30.5387409,-5717,-77.22222222,47.6271887,-122.3918196,47.6271866,-122.3918196,22.02022552,0.448207855,47.62730588,-122.3914328,0.903197402,-8.179999352,-6.719340342,VFR_alt,94.61065031,0.077396474,1.573753048,1.814118214,2.150636527,8.405604362,-8.179999352,0,0.04,0,0,0,0,0,0,0,0.3,0,0,0,0.18,0.04,0,0.02,0.04,0,0,0,0,0.28,0,0.02,0,0,0,0,0.08
EBM_W25,2025_01_28_10-41-23.jpg,1/28/2025,10:41:23,Elliott Bay Marina,1,EBM_W25_T1,21,SURFTRAK,13.59750216,2.447727273,33.28291026,-5711,-77.13888889,47.627181,-122.3918066,47.6271853,-122.3918075,21.87383747,1.361600876,47.62730456,-122.3914207,0.747835486,-8.119999886,-6.504299415,VFR_alt,94.64594981,0.101934991,1.30304668,1.227753042,0.103387045,8.358792305,-8.119999886,0.04,0.02,0,0,0,0,0,0,0,0.32,0,0,0,0.12,0.02,0,0,0,0,0,0,0,0.4,0,0,0.04,0,0,0,0.04
EBM_W25,2025_01_28_10-41-35.jpg,1/28/2025,10:41:35,Elliott Bay Marina,1,EBM_W25_T1,21,SURFTRAK,13.60724295,2.145574837,29.19477308,-5703,-77.02777778,47.6271799,-122.3917898,47.6271842,-122.3917933,21.75142479,2.424617767,47.62730346,-122.3914065,0.876637727,-8.13999939,-6.653663035,VFR_alt,114.7561682,0.070468346,1.527474827,1.688030261,0.059330391,8.375946045,-8.13999939,0.06,0.1,0,0,0,0,0,0,0,0.4,0,0,0,0.06,0.06,0,0,0.1,0.02,0,0,0,0.18,0,0,0,0,0,0.02,0
EBM_W25,2025_01_28_10-41-44.jpg,1/28/2025,10:41:44,Elliott Bay Marina,1,EBM_W25_T1,21,SURFTRAK,13.59618004,2.492277657,33.8854502,-5697,-76.94444444,47.6271726,-122.3917777,47.6271815,-122.3917812,21.44579124,3.334070206,47.62730071,-122.3913944,0.968568308,-7.879999638,-6.4860242,VFR_alt,97.29753916,0.106682431,1.6876569,2.058226505,0.118436384,8.115567207,-7.879999638,0,0.14,0,0,0,0,0,0,0,0.2,0,0,0,0.04,0.08,0,0,0.08,0.02,0,0,0,0.32,0,0.04,0,0,0,0.02,0.06
EBM_W25,2025_01_28_10-41-56.jpg,1/28/2025,10:41:56,Elliott Bay Marina,1,EBM_W25_T1,21,SURFTRAK,13.61080921,2.079407895,28.30249357,-5690,-76.86111111,47.6271792,-122.3917648,47.6271801,-122.3917656,21.2927494,4.506298065,47.62729933,-122.3913788,0.804912263,-8.279999733,-6.722818975,VFR_alt,105.9742256,0.09599715,1.40249864,1.420828385,0.098883998,8.520498276,-8.279999733,0,0,0,0,0,0,0,0,0,0.44,0,0,0,0.14,0.06,0,0,0.02,0.04,0,0,0,0.24,0.02,0.02,0,0,0,0.02,0
EBM_W25,2025_01_28_10-42-05.jpg,1/28/2025,10:42:05,Elliott Bay Marina,1,EBM_W25_T1,21,SURFTRAK,13.59414719,2.637402597,35.85319481,-5684,-76.77777778,47.6271696,-122.3917521,47.6271768,-122.391754,20.91919613,5.373714447,47.62729597,-122.3913673,0.686688292,-8.170000076,-6.494751838,VFR_alt,111.0029295,0.101455195,1.196502327,1.069315202,0.109954621,8.406549454,-8.170000076,0,0.06,0,0,0,0,0,0,0,0.48,0,0,0,0.08,0.02,0,0,0.06,0,0,0,0,0.18,0,0.02,0.06,0,0,0,0.04
EBM_W25,2025_01_28_10-42-14.jpg,1/28/2025,10:42:14,Elliott Bay Marina,1,EBM_W25_T1,21,SURFTRAK,13.59675705,2.632603037,35.79473495,-5678,-76.69444444,47.6271747,-122.3917414,47.6271745,-122.3917416,20.66412067,6.303592682,47.62729368,-122.3913549,1.045184353,-8.18999958,-6.873222162,VFR_alt,103.8371929,0.100441626,1.821154554,2.403603362,0.097303403,8.425644875,-8.18999958,0,0.04,0,0,0,0,0,0,0,0.44,0,0,0,0.06,0.02,0,0,0,0,0,0,0,0.32,0.04,0,0.06,0,0,0,0.02
EBM_W25,2025_01_28_10-42-23.jpg,1/28/2025,10:42:23,Elliott Bay Marina,1,EBM_W25_T1,21,SURFTRAK,13.60184233,2.264535637,30.80140449,-5671,-76.61111111,47.6271611,-122.3917236,47.627171,-122.3917282,20.2776041,7.305641174,47.6272902,-122.3913416,0.777796959,-8.569999695,-6.985652184,VFR_alt,107.9861535,0.107630931,1.355252277,1.326349388,0.127248066,8.804499626,-8.569999695,0,0.04,0,0,0,0,0,0,0.02,0.58,0,0,0,0.02,0.04,0,0,0,0,0,0,0,0.24,0.02,0,0.02,0,0,0.02,0
EBM_W25,2025_01_28_10-42-32.jpg,1/28/2025,10:42:32,Elliott Bay Marina,1,EBM_W25_T1,2,ALT_HOLD,13.61911714,1.752711497,23.8688439,-5667,-76.52777778,47.6271506,-122.3917101,47.627167,-122.3917173,19.8388319,8.129116058,47.62728626,-122.3913306,0.796876341,-8.599999428,-7.034416835,VFR_alt,108.546862,0.037592468,1.388496655,1.396071393,0.070370161,8.832638741,-8.599999428,0.02,0,0,0,0,0,0,0,0,0.2,0,0,0,0.16,0,0,0,0.08,0,0,0,0,0.42,0.06,0.02,0.04,0,0,0,0
EBM_W25,2025_01_28_10-42-59.jpg,1/28/2025,10:42:59,Elliott Bay Marina,1,EBM_W25_T1,2,ALT_HOLD,13.61363478,2.018347826,27.47701635,-5651,-76.33333333,47.6271485,-122.3916913,47.6271561,-122.3916946,18.61769104,9.831825256,47.62727527,-122.391308,0.80363042,-8.220000267,-6.659694682,VFR_alt,110.7233008,0.06735954,1.400265127,1.423507591,0.078444624,8.454200745,-8.220000267,0.02,0.02,0,0,0,0,0,0,0,0.38,0,0,0,0.16,0.02,0,0,0,0,0,0,0,0.36,0,0.04,0,0,0,0,0
EBM_W25,2025_01_28_10-43-08.jpg,1/28/2025,10:43:08,Elliott Bay Marina,1,EBM_W25_T1,21,SURFTRAK,13.59634261,2.372655246,32.25939649,-5645,-76.25,47.6271512,-122.3916836,47.6271532,-122.3916853,18.29566097,10.53031921,47.62727238,-122.3912987,0.696852231,-8.309999466,-6.642333833,VFR_alt,118.6165836,0.108814913,1.21421222,1.066459626,0.11181584,8.547317505,-8.309999466,0,0,0,0,0,0,0,0,0.02,0.26,0,0,0.02,0.26,0.02,0,0,0.06,0,0,0,0,0.36,0,0,0,0,0,0,0
EBM_W25,2025_01_28_10-43-20.jpg,1/28/2025,10:43:20,Elliott Bay Marina,1,EBM_W25_T1,21,SURFTRAK,13.6070324,2.08399568,28.35700838,-5638,-76.13888889,47.6271582,-122.3916739,47.6271494,-122.3916731,17.87284184,11.44239044,47.62726857,-122.3912865,0.84053993,-8.260000229,-6.735282389,VFR_alt,125.3104868,0.0785705,1.464577151,1.548215931,0.065792188,8.492404938,-8.260000229,0,0,0,0,0,0,0,0,0,0.16,0,0,0,0.22,0,0,0,0.02,0,0,0,0,0.5,0,0.04,0,0,0,0,0.06
EBM_W25,2025_01_28_10-43-35.jpg,1/28/2025,10:43:35,Elliott Bay Marina,1,EBM_W25_T1,2,ALT_HOLD,13.60591145,2.067170626,28.12326523,-5629,-76.02777778,47.6271486,-122.3916585,47.6271459,-122.3916587,17.48607016,12.52623367,47.62726509,-122.3912721,0.847624177,-8.099999428,-6.581662719,VFR_alt,137.7584409,0.091348803,1.476920914,1.575829271,0.092345815,8.340029716,-8.099999428,0,0,0,0,0,0,0,0,0,0.32,0,0,0,0.08,0,0,0,0,0,0,0,0,0.54,0.02,0.04,0,0,0,0,0
EBM_W25,2025_01_28_10-43-47.jpg,1/28/2025,10:43:47,Elliott Bay Marina,1,EBM_W25_T1,2,ALT_HOLD,13.59997192,2.496825054,33.95674568,-5622,-75.91666667,47.6271325,-122.391644,47.6271408,-122.3916459,16.91287374,13.48651123,47.62725994,-122.3912593,1.344276426,-7.730000019,-6.708072677,VFR_alt,119.2248396,0.105109138,2.342299833,3.960883189,0.125395935,7.966348648,-7.730000019,0,0,0,0,0,0,0,0,0,0.32,0,0,0,0.02,0,0,0,0.02,0,0.2,0,0,0.2,0,0.06,0,0,0,0,0.18
EBM_W25,2025_01_28_10-43-53.jpg,1/28/2025,10:43:53,Elliott Bay Marina,1,EBM_W25_T1,2,ALT_HOLD,13.59077039,2.890042918,39.27779597,-5617,-75.86111111,47.6271274,-122.3916372,47.6271375,-122.3916372,16.55431938,14.13332367,47.62725671,-122.3912507,1.32431329,-7.949999809,-6.908134534,VFR_alt,118.1508971,0.097223752,2.307515581,3.849534355,0.115800929,8.175303459,-7.949999809,0,0.02,0,0,0,0,0,0,0,0.18,0,0,0,0.02,0,0,0,0.12,0,0,0,0,0.38,0.12,0.04,0,0,0,0,0.12
EBM_W25,2025_01_28_10-44-08.jpg,1/28/2025,10:44:08,Elliott Bay Marina,1,EBM_W25_T1,21,SURFTRAK,13.6013828,2.239892473,30.46536492,-5609,-75.75,47.6271321,-122.3916276,47.6271315,-122.3916264,15.87671328,14.94631195,47.62725075,-122.39124,0.723548365,-8.720000267,-7.07796017,VFR_alt,111.8249381,0.086535882,1.260728211,1.148040244,0.078825393,8.948649406,-8.720000267,0,0,0,0,0,0,0,0,0,0.28,0,0,0,0.08,0.02,0,0,0,0,0,0,0,0.6,0,0.02,0,0,0,0,0
EBM_W25,2025_01_28_10-44-20.jpg,1/28/2025,10:44:20,Elliott Bay Marina,1,EBM_W25_T1,21,SURFTRAK,13.60459436,2.172689805,29.55852091,-5601,-75.63888889,47.6271248,-122.3916151,47.6271279,-122.391614,15.47600269,15.87880707,47.62724715,-122.3912276,0.790715811,-9.039999962,-7.466036734,VFR_alt,106.7496284,0.088159641,1.377762397,1.370636925,0.090843464,9.27411747,-9.039999962,0,0.02,0,0,0,0,0,0,0.04,0.38,0,0,0,0.16,0,0,0,0.02,0,0,0,0,0.36,0,0,0,0,0,0,0.02
EBM_W25,2025_01_28_10-44-32.jpg,1/28/2025,10:44:32,Elliott Bay Marina,1,EBM_W25_T1,2,ALT_HOLD,13.60122124,2.278495575,30.99015027,-5594,-75.55555556,47.6271302,-122.391603,47.6271248,-122.3916012,15.13199568,16.83510208,47.62724406,-122.3912149,0.844402636,-8.579999924,-7.060770509,VFR_alt,110.5003492,0.107281977,1.471307623,1.566535328,0.107853733,8.815179825,-8.579999924,0,0.02,0,0,0,0,0,0,0,0.38,0,0,0,0.06,0.02,0,0,0.1,0,0,0,0,0.32,0,0,0,0,0,0,0.1
EBM_W25,2025_01_28_10-44-41.jpg,1/28/2025,10:44:41,Elliott Bay Marina,1,EBM_W25_T1,2,ALT_HOLD,13.5937,2.765565217,37.59256291,-5588,-75.47222222,47.627128,-122.3915909,47.6271227,-122.3915888,14.90441132,17.76417542,47.62724201,-122.3912025,1.341086911,-8.579999924,-7.558186168,VFR_alt,96.81853171,0.093116753,2.336742344,3.942959889,0.110134728,8.805986404,-8.579999924,0,0.04,0,0,0,0,0,0,0,0.24,0,0,0,0.08,0,0,0,0,0,0,0,0,0.46,0.02,0,0,0,0,0,0.16
EBM_W25,2025_01_28_10-44-56.jpg,1/28/2025,10:44:56,Elliott Bay Marina,1,EBM_W25_T1,2,ALT_HOLD,13.58879783,3.028956522,41.1598438,-5579,-75.33333333,47.6271118,-122.3915757,47.6271232,-122.3915764,14.95920563,18.69408417,47.62724255,-122.3911904,0.955173896,-9.029999733,-7.623089853,VFR_alt,88.38778482,0.116586446,1.664318152,1.999401525,0.120095334,9.267310143,-9.029999733,0,0.02,0,0,0,0,0,0,0,0.38,0,0,0,0.06,0,0,0,0.02,0,0,0,0,0.44,0,0.02,0,0,0,0,0.06
EBM_W25,2025_01_28_10-45-14.jpg,1/28/2025,10:45:14,Elliott Bay Marina,1,EBM_W25_T1,21,SURFTRAK,13.61303688,1.957418655,26.64633033,-5569,-75.19444444,47.6271353,-122.3915623,47.6271232,-122.3915647,14.97366047,19.5722084,47.62724264,-122.3911783,0.901757027,-9.469999313,-8.0095466,VFR_alt,83.61412643,0.057412931,1.571243305,1.789939095,0.064224983,9.698604584,-9.469999313,0,0.22,0,0,0,0,0,0,0,0.48,0,0,0,0.06,0,0,0,0,0,0,0,0,0.24,0,0,0,0,0,0,0
EBM_W25,2025_01_28_10-45-26.jpg,1/28/2025,10:45:26,Elliott Bay Marina,1,EBM_W25_T1,21,SURFTRAK,13.60640043,2.164891775,29.45611957,-5562,-75.11111111,47.627124,-122.3915501,47.6271254,-122.3915512,15.20602894,20.58823776,47.62724473,-122.3911648,0.769891764,-9.729999542,-8.137105445,VFR_alt,99.56536761,0.112261352,1.341478073,1.300219692,0.11468973,9.961256981,-9.729999542,0,0,0,0,0,0,0,0,0,0.3,0,0,0,0.16,0.06,0,0,0,0.02,0,0,0,0.42,0.02,0,0,0.02,0,0,0
EBM_W25,2025_01_28_10-45-35.jpg,1/28/2025,10:45:35,Elliott Bay Marina,1,EBM_W25_T1,21,SURFTRAK,13.61741253,1.793930886,24.42854825,-5557,-75.05555556,47.6271216,-122.3915357,47.6271243,-122.3915391,15.0848527,21.49276352,47.62724364,-122.3911528,0.722375795,-9.809999466,-8.169086751,VFR_alt,101.5842011,0.086042236,1.258685097,1.145533603,0.089005468,10.04669285,-9.809999466,0,0,0,0,0,0,0,0,0,0.5,0,0,0,0.16,0,0,0,0,0,0,0,0,0.28,0,0.04,0.02,0,0,0,0
EBM_W25,2025_01_28_10-45-50.jpg,1/28/2025,10:45:50,Elliott Bay Marina,1,EBM_W25_T1,21,SURFTRAK,13.5970086,2.670946237,36.31499783,-5549,-74.94444444,47.6271442,-122.3915225,47.6271242,-122.3915258,15.0757041,22.4928093,47.62724356,-122.3911395,1.177720387,-9.210000038,-8.023791919,VFR_alt,98.2963135,0.033007962,2.052088553,3.041282552,0.053460624,9.44230938,-9.210000038,0,0,0,0,0,0,0,0,0.02,0.5,0,0,0,0.06,0.02,0,0,0.02,0,0,0,0,0.2,0,0,0.02,0,0,0,0.16
EBM_W25,2025_01_28_10-46-05.jpg,1/28/2025,10:46:05,Elliott Bay Marina,1,EBM_W25_T1,2,ALT_HOLD,13.60084267,2.480517241,33.73709597,-5540,-74.80555556,47.6271334,-122.3915083,47.6271253,-122.3915127,15.19836807,23.47409439,47.62724466,-122.3911264,0.805560323,-9.5,-7.941682607,VFR_alt,93.9100355,0.076299261,1.403627836,1.42800972,0.082068766,9.753407478,-9.5,0,0,0,0,0,0,0,0,0,0.42,0,0,0,0.04,0.02,0,0,0,0,0,0,0,0.48,0,0.02,0,0,0,0,0.02
EBM_W25,2025_01_28_10-46-17.jpg,1/28/2025,10:46:17,Elliott Bay Marina,1,EBM_W25_T1,2,ALT_HOLD,13.60188627,2.098862661,28.54826086,-5532,-74.69444444,47.6271397,-122.3914925,47.6271263,-122.3914976,15.31607342,24.60572052,47.62724572,-122.3911114,1.018969927,-8.63999939,-7.295750853,VFR_alt,113.9795411,0.108875565,1.775477903,2.279138189,0.114339122,8.882534981,-8.63999939,0,0,0,0,0,0,0,0,0,0.3,0,0,0,0,0,0,0,0.08,0,0,0,0,0.32,0,0.06,0.1,0,0.04,0,0.1
EBM_W25,2025_01_28_10-46-35.jpg,1/28/2025,10:46:35,Elliott Bay Marina,1,EBM_W25_T1,2,ALT_HOLD,13.62371274,1.679092873,22.87546536,-5521,-74.55555556,47.6271408,-122.3914661,47.6271296,-122.3914735,15.68581343,26.41598511,47.62724905,-122.3910873,1.058358506,-9.019999504,-7.71664588,VFR_alt,104.659509,0.045092771,1.844109519,2.463927352,0.069437849,9.238754272,-9.019999504,0.02,0,0,0,0,0,0,0,0.02,0.36,0,0,0.02,0.04,0,0,0,0,0,0,0,0,0.5,0,0,0,0,0,0,0.04
EBM_W25,2025_01_28_10-46-59.jpg,1/28/2025,10:46:59,Elliott Bay Marina,1,EBM_W25_T1,21,SURFTRAK,13.60445946,2.341122661,31.84799484,-5508,-74.38888889,47.6271108,-122.3914569,47.6271294,-122.3914601,15.64648771,27.41903305,47.62724897,-122.3910738,0.81158003,-9.18999958,-7.641543649,VFR_alt,86.46607142,0.085803582,1.414116719,1.448440209,0.139836678,9.420331955,-9.18999958,0,0,0,0,0,0,0,0,0,0.36,0,0,0,0.1,0,0,0,0.04,0,0,0,0,0.48,0,0,0,0,0,0,0.02
EBM_W25,2025_01_28_10-47-14.jpg,1/28/2025,10:47:14,Elliott Bay Marina,1,EBM_W25_T1,2,ALT_HOLD,13.60485745,2.833930886,38.54858084,-5500,-74.27777778,47.627137,-122.3914429,47.6271314,-122.3914467,15.88273382,28.42723465,47.62725109,-122.3910604,0.76237579,-8.840000153,-7.242503927,VFR_alt,76.48752687,0.094838164,1.328382059,1.27400027,0.096511948,9.073059082,-8.840000153,0,0,0,0,0,0,0,0,0,0.26,0,0,0,0.04,0,0,0,0,0,0,0,0,0.58,0.08,0.02,0,0,0,0,0.02
CNL_S24,2024_10_08_10-14-38.jpg,10/8/2024,10:14:38,Centennial Park,2,CNL_S24_T2,21,SURFTRAK,13.62633951,1.438024691,19.59535204,0,0,47.6193075,-122.3626863,47.6192924,-122.3626942,0,0,47.6193075,-122.3626863,0.465864189,-9.969999313,-7.325389184,VFR_alt,319.2140158,0.064922996,0.811733056,0.47708361,0,10.14806557,-9.969999313,0,0,0,0,0,0.18,0,0,0,0,0,0.28,0,0,0.02,0.02,0,0.12,0,0,0,0,0.06,0.1,0.2,0,0,0.02,0,0
CNL_S24,2024_10_08_10-14-47.jpg,10/8/2024,10:14:47,Centennial Park,2,CNL_S24_T2,2,ALT_HOLD,13.62548171,1.764512195,24.04203201,4,0.055555556,47.6193101,-122.362678,47.6192998,-122.3626958,0.820396423,-0.112158775,47.61931488,-122.3626878,0.508597549,-9.989999771,-7.388326354,VFR_alt,325.9483025,0.065453932,0.886192699,0.567342948,0.100992562,10.17823029,-9.989999771,0,0,0,0,0,0.12,0,0,0,0,0,0.32,0,0,0,0,0,0,0.1,0,0,0,0,0.08,0.24,0,0.02,0.1,0,0.02
CNL_S24,2024_10_08_10-14-56.jpg,10/8/2024,10:14:56,Centennial Park,2,CNL_S24_T2,21,SURFTRAK,13.6063913,2.265093168,30.8197318,9,0.138888889,47.6193106,-122.3626733,47.6193067,-122.3626951,1.588317871,-0.063635349,47.61932179,-122.3626871,0.709689426,-9.800000191,-7.399605935,VFR_alt,344.7091224,0.094294582,1.236580061,1.103933708,0.126101908,9.969656944,-9.800000191,0,0,0,0,0,0.14,0,0,0,0,0,0.3,0,0,0,0,0,0,0,0,0,0,0,0.06,0.38,0,0,0.1,0,0.02
CNL_S24,2024_10_08_10-15-05.jpg,10/8/2024,10:15:05,Centennial Park,2,CNL_S24_T2,21,SURFTRAK,13.6363625,1.496,20.39980525,14,0.194444444,47.619317,-122.3626994,47.6193133,-122.3626945,2.324355125,-0.022035122,47.61932841,-122.3626866,0.679624977,-9.849999428,-7.419732978,VFR_alt,351.4529939,0.050454358,1.184195035,1.012326504,0.066006868,10.02302074,-9.849999428,0,0,0,0,0,0.1,0,0,0,0,0,0.12,0.02,0,0,0,0,0,0,0,0.02,0,0.08,0.04,0.58,0,0,0,0,0.04
CNL_S24,2024_10_08_10-15-14.jpg,10/8/2024,10:15:14,Centennial Park,2,CNL_S24_T2,21,SURFTRAK,13.60992727,2.208545455,30.05816291,19,0.277777778,47.619319,-122.3627044,47.6193196,-122.3626945,3.024424553,-0.018438339,47.6193347,-122.3626865,0.589696944,-9.880000114,-7.360017035,VFR_alt,342.8111905,0.108318468,1.02750225,0.762035527,0.100436925,10.05456734,-9.880000114,0,0,0,0,0,0,0,0,0,0,0,0,0,0,0,0,0,0.1,0.08,0,0,0,0.02,0.06,0.7,0,0,0.02,0,0.02
CNL_S24,2024_10_08_10-15-23.jpg,10/8/2024,10:15:23,Centennial Park,2,CNL_S24_T2,21,SURFTRAK,13.60265854,2.355426829,32.03967476,24,0.333333333,47.6193228,-122.362723,47.6193263,-122.3626979,3.767536163,-0.277336597,47.61934139,-122.36269,0.433048769,-9.949999809,-7.273607336,VFR_alt,325.7671174,0.079154941,0.754554674,0.41153177,0.08499582,10.12205982,-9.949999809,0,0.02,0,0,0,0.04,0,0,0,0,0,0.18,0.06,0,0,0,0,0.04,0.02,0,0,0,0.02,0.18,0.4,0,0.02,0,0,0.02
CNL_S24,2024_10_08_10-15-32.jpg,10/8/2024,10:15:32,Centennial Park,2,CNL_S24_T2,21,SURFTRAK,13.64592683,1.351890244,18.44783024,29,0.388888889,47.6193249,-122.3627355,47.6193285,-122.3627071,4.015536308,-0.969543457,47.61934362,-122.3626992,0.514512181,-9.840000153,-7.245345284,VFR_alt,326.5460321,0.029701081,0.896498498,0.580157635,0.104066419,10.01971912,-9.840000153,0,0,0,0,0,0.2,0,0,0,0,0,0,0.02,0,0,0.04,0,0,0.02,0,0,0,0.02,0.04,0.64,0,0.02,0,0,0
CNL_S24,2024_10_08_10-15-41.jpg,10/8/2024,10:15:41,Centennial Park,2,CNL_S24_T2,21,SURFTRAK,13.62729268,1.811646341,24.68591646,33,0.444444444,47.6193223,-122.362746,47.6193295,-122.3627207,4.112934113,-1.985789776,47.61934449,-122.3627127,0.562804878,-9.880000114,-7.333955582,VFR_alt,329.0382729,0.040857975,0.980644863,0.694184489,0.097370539,10.04879379,-9.880000114,0,0,0,0,0,0.02,0,0,0,0,0,0,0,0,0,0,0,0,0,0,0,0,0.02,0.08,0.84,0.02,0,0.02,0,0
CNL_S24,2024_10_08_10-15-50.jpg,10/8/2024,10:15:50,Centennial Park,2,CNL_S24_T2,21,SURFTRAK,13.58967273,4.562060606,61.96957964,41,0.555555556,47.6193242,-122.3627579,47.6193306,-122.3627266,4.247432709,-2.433901787,47.6193457,-122.3627187,0.320787873,-10.03999996,-7.252307546,VFR_alt,327.9073109,0.076303045,0.558948567,0.225833518,0.034166433,10.21676254,-10.03999996,0,0,0,0,0,0,0,0,0,0,0,0,0,0,0,0.02,0,0,0,0,0,0,0,0.32,0.56,0,0.02,0.08,0,0
CNL_S24,2024_10_08_10-15-59.jpg,10/8/2024,10:15:59,Centennial Park,2,CNL_S24_T2,2,ALT_HOLD,13.63690244,1.517865854,20.69866226,46,0.638888889,47.6193242,-122.3627507,47.6193304,-122.3627351,4.212314606,-3.072146893,47.61934539,-122.3627272,0.440914629,-9.869999886,-7.202862865,VFR_alt,334.5300517,0.025168211,0.768260338,0.426037994,0.078126221,10.04255962,-9.869999886,0,0,0,0,0,0,0,0,0,0,0,0.06,0,0,0.02,0,0,0,0.02,0,0,0,0,0.04,0.76,0.02,0,0.06,0,0.02
CNL_S24,2024_10_08_10-16-08.jpg,10/8/2024,10:16:08,Centennial Park,2,CNL_S24_T2,21,SURFTRAK,13.62323926,1.730122699,23.56983681,50,0.694444444,47.6193227,-122.3627407,47.6193277,-122.3627405,3.913625717,-3.476465702,47.6193427,-122.3627325,0.818220849,-9.519999504,-7.230662425,VFR_alt,328.5097592,0.029563134,1.425687844,1.467284196,0.061388754,9.698628426,-9.519999504,0,0,0,0,0,0,0,0,0,0,0,0.06,0,0,0,0,0,0,0,0,0,0,0,0,0.8,0,0,0.02,0,0.12
CNL_S24,2024_10_08_10-16-17.jpg,10/8/2024,10:16:17,Centennial Park,2,CNL_S24_T2,21,SURFTRAK,13.58248466,4.08006135,55.41660718,58,0.805555556,47.6193196,-122.3627494,47.6193278,-122.3627423,3.932074547,-3.607701778,47.61934296,-122.3627341,0.691656438,-9.670000076,-7.254649133,VFR_alt,343.9527689,0.123270065,1.205158945,1.04829003,0.110508616,9.845425606,-9.670000076,0,0,0,0,0,0.06,0,0,0,0,0,0,0,0,0,0,0,0,0,0,0,0,0,0,0.76,0,0,0.1,0,0.08
CNL_S24,2024_10_08_10-16-26.jpg,10/8/2024,10:16:26,Centennial Park,2,CNL_S24_T2,21,SURFTRAK,13.59780488,2.529756098,34.39925366,65,0.888888889,47.6193326,-122.3627409,47.6193342,-122.3627488,4.647244453,-4.101157665,47.6193494,-122.3627406,0.745670721,-9.579999924,-7.219257577,VFR_alt,347.2588723,0.109265574,1.299274742,1.218563282,0.097998006,9.757081985,-9.579999924,0,0.02,0,0,0,0.06,0,0,0,0,0,0,0,0,0,0,0,0,0,0,0,0,0,0,0.7,0,0,0.14,0,0.08
CNL_S24,2024_10_08_10-16-35.jpg,10/8/2024,10:16:35,Centennial Park,2,CNL_S24_T2,21,SURFTRAK,13.59809554,3.726687898,50.65837357,74,1,47.6193433,-122.362752,47.6193438,-122.3627506,5.722231865,-4.2327981,47.61935907,-122.3627424,0.623694249,-9.569999695,-7.08790589,VFR_alt,2.321999202,0.152293309,1.08673998,0.85317857,0.166663507,9.747745514,-9.569999695,0,0,0,0,0,0,0,0,0,0,0,0,0,0,0,0.02,0,0,0,0,0,0,0,0.02,0.56,0,0,0.38,0,0.02
CNL_S24,2024_10_08_10-16-44.jpg,10/8/2024,10:16:44,Centennial Park,2,CNL_S24_T2,21,SURFTRAK,13.60583125,2.226875,30.29849319,79,1.083333333,47.6193571,-122.3627508,47.6193519,-122.3627509,6.616610527,-4.254420757,47.61936711,-122.3627427,0.662499964,-9.420000076,-6.977354635,VFR_alt,2.823627158,0.113604318,1.154355998,0.961785737,0.126996902,9.602181435,-9.420000076,0,0.02,0,0,0,0,0,0,0,0,0,0,0,0,0,0,0,0,0,0,0,0,0.02,0.02,0.4,0.02,0,0.46,0,0.06
CNL_S24,2024_10_08_10-16-53.jpg,10/8/2024,10:16:53,Centennial Park,2,CNL_S24_T2,21,SURFTRAK,13.61306098,2.11652439,28.81236555,84,1.138888889,47.6193689,-122.3627569,47.6193608,-122.362753,7.606612206,-4.416349888,47.61937601,-122.3627448,0.73371949,-9.210000038,-6.839221341,VFR_alt,5.780902069,0.074440262,1.278450627,1.17968761,0.098982868,9.395210266,-9.210000038,0,0,0,0,0,0.02,0,0,0,0,0,0,0.04,0,0,0,0,0,0,0,0,0,0,0,0.38,0,0,0.48,0,0.08
CNL_S24,2024_10_08_10-17-02.jpg,10/8/2024,10:17:02,Centennial Park,2,CNL_S24_T2,21,SURFTRAK,13.60816364,2.157393939,29.35809764,89,1.222222222,47.6193753,-122.3627479,47.6193672,-122.3627558,8.326245308,-4.620335102,47.61938249,-122.3627476,0.680848472,-9.279999733,-6.856988771,VFR_alt,346.6405167,0.096759193,1.186326883,1.016215637,0.11656926,9.453868866,-9.279999733,0,0,0,0,0,0,0,0,0,0,0,0,0.04,0,0,0,0,0.02,0.02,0,0,0,0,0,0.44,0,0,0.44,0,0.04
CNL_S24,2024_10_08_10-17-11.jpg,10/8/2024,10:17:11,Centennial Park,2,CNL_S24_T2,21,SURFTRAK,13.60825767,2.138527607,29.10161963,95,1.305555556,47.6193841,-122.3627649,47.619375,-122.3627565,9.186556816,-4.671724796,47.61939022,-122.3627482,0.834355807,-9,-6.731118614,VFR_alt,337.0687088,0.070206272,1.453801786,1.525795385,0.104967664,9.172096252,-9,0,0,0,0,0,0,0,0,0,0,0,0,0,0,0,0,0,0.02,0.02,0,0,0,0,0,0.4,0.02,0,0.42,0,0.12
CNL_S24,2024_10_08_10-17-21.jpg,10/8/2024,10:17:21,Centennial Park,2,CNL_S24_T2,21,SURFTRAK,13.61014793,2.231420118,30.3700784,100,1.361111111,47.6193913,-122.3627699,47.6193837,-122.3627634,10.15761852,-5.192867756,47.61939896,-122.3627552,0.733431929,-9.119999886,-6.750869621,VFR_alt,337.1271028,0.10275594,1.277949574,1.178761345,0.126620157,9.299941063,-9.119999886,0,0,0,0,0,0,0,0,0,0,0,0.06,0.02,0,0.02,0,0,0,0.04,0,0,0,0,0.02,0.38,0,0,0.42,0,0.04
CNL_S24,2024_10_08_10-17-30.jpg,10/8/2024,10:17:30,Centennial Park,2,CNL_S24_T2,21,SURFTRAK,13.59703704,2.607654321,35.45636444,106,1.444444444,47.619398,-122.3627503,47.6193918,-122.3627673,11.05824566,-5.487454891,47.61940706,-122.3627591,0.848518484,-8.970000267,-6.716553395,VFR_alt,332.3451423,0.101871186,1.478479177,1.577799442,0.105775454,9.147091866,-8.970000267,0,0,0,0,0,0.02,0,0,0,0,0,0.02,0,0,0,0,0,0,0.04,0,0,0,0,0.04,0.26,0,0,0.54,0,0.08
CNL_S24,2024_10_08_10-17-39.jpg,10/8/2024,10:17:39,Centennial Park,2,CNL_S24_T2,21,SURFTRAK,13.57630303,4.062787879,55.15152612,112,1.527777778,47.6194005,-122.3627619,47.6193969,-122.3627691,11.62518597,-5.612977505,47.61941214,-122.3627607,0.798545432,-9.090000153,-6.787170831,VFR_alt,349.4145966,0.084689654,1.39140492,1.397534856,0.08666441,9.262014389,-9.090000153,0,0,0,0,0,0.2,0,0,0,0,0,0.16,0,0,0,0,0,0,0,0,0,0,0.02,0.04,0.2,0,0,0.3,0,0.08
CNL_S24,2024_10_08_10-17-48.jpg,10/8/2024,10:17:48,Centennial Park,2,CNL_S24_T2,21,SURFTRAK,13.59737423,2.837852761,38.5873384,120,1.638888889,47.6194041,-122.3627864,47.6194039,-122.3627738,12.40474796,-5.970242023,47.61941915,-122.3627655,0.690184047,-9.079999924,-6.669397309,VFR_alt,340.5963264,0.101064094,1.202593414,1.043985543,0.118671061,9.256343842,-9.079999924,0,0,0,0,0,0.02,0,0,0.02,0,0,0.1,0,0,0,0.04,0,0,0,0,0,0,0,0.04,0.34,0,0,0.42,0,0.02
CNL_S24,2024_10_08_10-17-57.jpg,10/8/2024,10:17:57,Centennial Park,2,CNL_S24_T2,21,SURFTRAK,13.59368293,2.944573171,40.02758915,128,1.75,47.619409,-122.3628052,47.6194097,-122.3627858,13.05930614,-6.87089777,47.61942504,-122.3627774,0.690853655,-9.109999657,-6.700655961,VFR_alt,336.5470738,0.098537568,1.203760157,1.045959813,0.114339877,9.289060593,-9.109999657,0,0,0,0,0,0.02,0,0,0,0,0,0,0,0,0,0,0,0.04,0,0,0,0,0,0,0.24,0,0,0.5,0,0.2
CNL_S24,2024_10_08_10-18-06.jpg,10/8/2024,10:18:06,Centennial Park,2,CNL_S24_T2,21,SURFTRAK,13.60755422,2.387771084,32.4914597,136,1.861111111,47.6194141,-122.362823,47.6194176,-122.3627967,13.93758297,-7.692532063,47.61943294,-122.3627884,0.670542144,-9.159999847,-6.730938619,VFR_alt,333.2589338,0.088089094,1.168368887,0.985360637,0.091994411,9.335315704,-9.159999847,0,0,0,0,0,0,0,0,0,0,0,0.02,0,0,0,0,0,0,0,0,0,0,0,0.02,0.32,0.04,0,0.56,0,0.04
CNL_S24,2024_10_08_10-18-15.jpg,10/8/2024,10:18:15,Centennial Park,2,CNL_S24_T2,21,SURFTRAK,13.57860377,4.356981132,59.1617283,145,1.972222222,47.6194224,-122.3628156,47.6194235,-122.3628061,14.58769894,-8.39372015,47.61943879,-122.3627977,0.732515695,-9.13999939,-6.773510616,VFR_alt,333.025148,0.070894235,1.276353106,1.175810055,0.073989731,9.315906525,-9.13999939,0,0,0,0,0,0,0,0,0,0,0,0.02,0,0,0,0,0,0,0,0,0,0,0,0,0.38,0,0,0.44,0,0.16
CNL_S24,2024_10_08_10-18-24.jpg,10/8/2024,10:18:24,Centennial Park,2,CNL_S24_T2,21,SURFTRAK,13.56258182,4.960484848,67.277032,156,2.138888889,47.6194319,-122.3628044,47.61943,-122.3628122,15.31641293,-8.856779575,47.61944534,-122.3628039,0.686181819,-9.229999542,-6.817778913,VFR_alt,331.3163522,0.115090914,1.195619837,1.031782711,0.110674649,9.402459145,-9.229999542,0,0,0,0,0,0.02,0,0,0,0,0,0.02,0,0,0,0,0,0,0,0,0,0,0,0,0.44,0,0,0.46,0,0.06
CNL_S24,2024_10_08_10-18-33.jpg,10/8/2024,10:18:33,Centennial Park,2,CNL_S24_T2,21,SURFTRAK,13.65092073,1.6925,23.08039061,168,2.305555556,47.6194395,-122.3628047,47.6194398,-122.3628168,16.41079807,-9.200652599,47.61945518,-122.3628084,0.717012193,-9.170000076,-6.789213119,VFR_alt,313.3496795,0.071993755,1.249339427,1.127533715,0.069895937,9.349887848,-9.170000076,0,0,0,0,0,0.02,0,0,0,0,0,0.08,0,0,0,0,0,0,0,0,0,0,0,0.02,0.32,0,0,0.54,0,0.02
CNL_S24,2024_10_08_10-18-42.jpg,10/8/2024,10:18:42,Centennial Park,2,CNL_S24_T2,21,SURFTRAK,13.56839877,4.698957055,63.75724239,179,2.444444444,47.6194285,-122.3628571,47.6194418,-122.3628305,16.63063335,-10.22691393,47.61945716,-122.3628221,0.71141102,-9.359999657,-6.974214261,VFR_alt,323.1549565,0.134966249,1.239579808,1.109117454,0.149676318,9.53106308,-9.359999657,0,0,0,0,0,0.06,0,0,0,0,0,0,0,0,0,0,0,0,0,0,0,0,0,0.04,0.58,0.02,0,0.24,0,0.06
CNL_S24,2024_10_08_10-18-51.jpg,10/8/2024,10:18:51,Centennial Park,2,CNL_S24_T2,21,SURFTRAK,13.58127711,4.210542169,57.18361054,191,2.611111111,47.6194479,-122.3628313,47.6194514,-122.3628395,17.69370174,-10.90627241,47.61946672,-122.3628311,0.585662629,-9.449999809,-6.939066353,VFR_alt,320.0065883,0.162277083,1.020472762,0.751647441,0.152428005,9.622048378,-9.449999809,0,0,0,0,0,0,0,0,0,0,0,0,0,0,0,0,0,0,0,0,0,0,0,0.02,0.78,0.06,0.02,0.1,0,0.02
CNL_S24,2024_10_08_10-19-00.jpg,10/8/2024,10:19:00,Centennial Park,2,CNL_S24_T2,21,SURFTRAK,13.59197546,2.958650307,40.21386466,200,2.722222222,47.6194576,-122.3628474,47.61946,-122.3628479,18.65531445,-11.53522348,47.61947537,-122.3628395,0.777975439,-9.199999809,-6.881975248,VFR_alt,315.5465373,0.131296334,1.355563265,1.327042718,0.131100206,9.374091148,-9.199999809,0,0,0,0,0,0.02,0,0,0,0,0,0.12,0,0,0,0,0,0,0,0,0,0,0,0,0.38,0.08,0,0.3,0,0.1
CNL_S24,2024_10_08_10-19-09.jpg,10/8/2024,10:19:09,Centennial Park,2,CNL_S24_T2,21,SURFTRAK,13.57731707,4.198170732,56.99985805,209,2.833333333,47.6194673,-122.3628513,47.6194663,-122.3628554,19.34977436,-12.09387636,47.61948162,-122.3628469,0.53780487,-9.599999428,-7.04239521,VFR_alt,315.7868343,0.088167579,0.937084243,0.637215149,0.082736943,9.768392563,-9.599999428,0,0,0,0,0,0,0,0,0,0,0,0,0,0,0,0,0,0,0,0,0,0,0,0.06,0.7,0.04,0,0.2,0,0
CNL_S24,2024_10_08_10-19-18.jpg,10/8/2024,10:19:18,Centennial Park,2,CNL_S24_T2,21,SURFTRAK,13.64640244,1.703780488,23.25028354,214,2.916666667,47.6194671,-122.3628734,47.6194683,-122.3628592,19.56680775,-12.38387918,47.61948355,-122.3628507,0.385975595,-9.68999958,-6.98115455,VFR_alt,315.2367817,0.032670569,0.672533234,0.326672358,0.037507706,9.867084503,-9.68999958,0,0,0,0,0,0,0,0,0,0,0,0,0.06,0,0,0,0,0,0.04,0,0,0,0.02,0.06,0.72,0,0,0.1,0,0
CNL_S24,2024_10_08_10-19-27.jpg,10/8/2024,10:19:27,Centennial Park,2,CNL_S24_T2,21,SURFTRAK,13.6037284,2.755925926,37.49062543,221,3,47.6194657,-122.3628822,47.6194692,-122.362865,19.6740427,-12.8146596,47.61948451,-122.3628565,0.804074057,-9.18999958,-6.899842662,VFR_alt,317.4402553,0.037631671,1.40103813,1.420131008,0.050048716,9.376358032,-9.18999958,0,0,0,0,0,0,0,0,0,0,0,0,0,0,0,0,0,0.02,0.02,0,0,0,0,0.02,0.64,0,0,0.22,0,0.08
CNL_S24,2024_10_08_10-19-36.jpg,10/8/2024,10:19:36,Centennial Park,2,CNL_S24_T2,21,SURFTRAK,13.59342236,2.979503106,40.50171894,229,3.111111111,47.6194653,-122.3629062,47.6194767,-122.3628763,20.51164913,-13.66610193,47.61949205,-122.3628678,1.033726676,-9.039999962,-6.980090136,VFR_alt,319.4845324,0.127476671,1.80119042,2.341634496,0.137303699,9.209204674,-9.039999962,0,0,0,0,0,0,0,0,0,0,0,0.18,0,0,0,0,0,0,0,0,0,0,0,0,0.46,0,0,0.16,0,0.2
CNL_S24,2024_10_08_10-19-45.jpg,10/8/2024,10:19:45,Centennial Park,2,CNL_S24_T2,21,SURFTRAK,13.59392638,2.870858896,39.02606638,236,3.222222222,47.6194805,-122.3628666,47.6194832,-122.3628871,21.23595905,-14.47445345,47.61949856,-122.3628785,0.923865007,-9.170000076,-7.000831516,VFR_alt,319.6557479,0.098166188,1.609764785,1.870325359,0.085933249,9.346792221,-9.170000076,0,0,0,0,0,0.12,0,0,0,0,0,0.04,0,0,0,0,0,0,0,0,0,0,0,0,0.56,0,0,0.18,0,0.1
CNL_S24,2024_10_08_10-19-54.jpg,10/8/2024,10:19:54,Centennial Park,2,CNL_S24_T2,21,SURFTRAK,13.58539264,3.58797546,48.74404834,243,3.305555556,47.6194822,-122.3628563,47.6194881,-122.3628883,21.77805805,-14.56429148,47.61950344,-122.3628797,0.935030677,-9.210000038,-7.052612178,VFR_alt,317.2737133,0.121790061,1.629220119,1.915808956,0.093412297,9.380785942,-9.210000038,0,0,0,0,0,0.02,0,0,0,0,0,0,0,0,0,0.02,0,0,0,0,0,0,0,0,0.46,0,0,0.38,0,0.12
CNL_S24,2024_10_08_10-20-03.jpg,10/8/2024,10:20:03,Centennial Park,2,CNL_S24_T2,21,SURFTRAK,13.54951534,8.860490798,120.0185146,254,3.472222222,47.6194802,-122.362908,47.6194948,-122.362896,22.52707767,-15.1422925,47.61951017,-122.3628874,0.882576673,-9.239999771,-7.030788321,VFR_alt,328.8312137,0.177651803,1.537822991,1.707371788,0.132365455,9.415707588,-9.239999771,0,0,0,0,0,0.02,0,0,0,0,0,0,0,0,0,0.02,0,0,0,0,0,0,0,0,0.18,0.02,0,0.7,0,0.06
CNL_S24,2024_10_08_10-20-12.jpg,10/8/2024,10:20:12,Centennial Park,2,CNL_S24_T2,21,SURFTRAK,13.573,4.642,63.00591,262,3.583333333,47.6194816,-122.3629262,47.6194958,-122.3629031,22.63444233,-15.67688227,47.61951114,-122.3628945,1.011272709,-9.130000114,-7.050112729,VFR_alt,312.9169573,0.101367681,1.762066083,2.241110778,0.08785035,9.295313835,-9.130000114,0,0,0,0,0,0,0,0,0,0,0,0,0,0,0,0,0,0,0,0,0,0,0,0,0.08,0,0,0.8,0,0.12
CNL_S24,2024_10_08_10-20-21.jpg,10/8/2024,10:20:21,Centennial Park,2,CNL_S24_T2,21,SURFTRAK,13.6556747,1.339939759,18.2976356,275,3.75,47.6194795,-122.3629494,47.6194988,-122.3629074,22.96551228,-15.99647951,47.61951412,-122.3628988,0.497530111,-9.569999695,-6.976944958,VFR_alt,311.8236887,0.095047399,0.866908527,0.542510368,0.116383241,9.746669769,-9.569999695,0,0,0,0,0,0.08,0,0,0,0,0,0,0,0,0.02,0,0,0,0.06,0,0,0,0,0.08,0.28,0.08,0,0.4,0,0
CNL_S24,2024_10_08_10-20-30.jpg,10/8/2024,10:20:30,Centennial Park,2,CNL_S24_T2,21,SURFTRAK,13.58409317,3.33310559,45.27710963,284,3.861111111,47.6194876,-122.3629275,47.6194978,-122.3629167,22.85911274,-16.695086,47.61951316,-122.3629081,0.644472031,-9.489999771,-7.044356212,VFR_alt,320.8037254,0.060500203,1.122943691,0.910269756,0.044287736,9.668800354,-9.489999771,0,0,0,0,0,0,0,0,0,0,0,0,0,0,0,0.04,0,0,0,0,0,0,0.02,0.02,0.32,0.04,0,0.54,0,0.02
CNL_S24,2024_10_08_10-30-24.jpg,10/8/2024,10:30:24,Centennial Park,2,CNL_S24_T2,21,SURFTRAK,13.59666258,2.93196319,39.86491485,793,10.77777778,47.6195998,-122.3629941,47.6195805,-122.3630169,32.05235386,-24.20937014,47.61959585,-122.363008,0.672392615,-9.369999886,-6.974119825,VFR_alt,162.2171291,0.133704824,1.171593193,0.990780257,11.48838934,9.544049263,-9.369999886,0,0,0,0,0,0.1,0.12,0,0,0,0,0,0,0,0,0,0,0.02,0,0,0,0,0.02,0.02,0.72,0,0,0,0,0
CNL_S24,2024_10_08_10-30-33.jpg,10/8/2024,10:30:33,Centennial Park,2,CNL_S24_T2,21,SURFTRAK,13.59135976,2.824268293,38.38545341,799,10.86111111,47.6195889,-122.36301,47.6195765,-122.3630101,31.61356831,-23.69658327,47.6195919,-122.3630012,0.597682902,-9.429999352,-6.959251832,VFR_alt,155.2321637,0.102473863,1.041417177,0.782862454,0.089173093,9.607615471,-9.429999352,0,0,0,0,0,0.06,0,0,0,0,0,0,0,0,0,0,0,0.1,0,0,0,0,0.02,0.06,0.74,0,0,0.02,0,0
CNL_S24,2024_10_08_10-30-42.jpg,10/8/2024,10:30:42,Centennial Park,2,CNL_S24_T2,21,SURFTRAK,13.59140244,3.213597561,43.67726006,807,10.97222222,47.6195874,-122.3629903,47.6195689,-122.3630023,30.76335621,-23.11437654,47.61958425,-122.3629935,0.678841442,-9.329999924,-6.940349545,VFR_alt,158.0458056,0.149521692,1.182829786,1.009963455,0.141612255,9.505713463,-9.329999924,0,0,0,0,0,0.02,0,0,0,0,0,0,0,0,0,0.06,0,0,0,0,0,0,0,0,0.86,0,0,0.04,0,0.02
CNL_S24,2024_10_08_10-30-51.jpg,10/8/2024,10:30:51,Centennial Park,2,CNL_S24_T2,21,SURFTRAK,13.59229091,2.936,39.90683782,814,11.05555556,47.6195582,-122.3630153,47.6195624,-122.3629933,30.04500294,-22.43959093,47.61957779,-122.3629845,0.626424241,-9.340000153,-6.898048915,VFR_alt,158.121698,0.111285432,1.091496784,0.85990524,0.111078826,9.511048317,-9.340000153,0,0,0,0,0,0.34,0,0,0,0,0,0.08,0,0,0,0,0,0,0,0,0,0,0,0,0.42,0,0,0.04,0,0.12
CNL_S24,2024_10_08_10-31-00.jpg,10/8/2024,10:31:00,Centennial Park,2,CNL_S24_T2,21,SURFTRAK,13.6000184,2.707730061,36.82500957,820,11.13888889,47.6195618,-122.3629859,47.6195566,-122.3629891,29.39911747,-22.11958742,47.61957198,-122.3629802,0.648772983,-9.279999733,-6.860772716,VFR_alt,153.1258814,0.098061522,1.130437774,0.922326488,0.095456062,9.46087265,-9.279999733,0,0,0,0,0,0.08,0,0,0,0,0,0.08,0,0,0,0,0,0,0,0,0.02,0,0.06,0,0.6,0.06,0,0.08,0,0.02
CNL_S24,2024_10_08_10-31-09.jpg,10/8/2024,10:31:09,Centennial Park,2,CNL_S24_T2,21,SURFTRAK,13.604,2.56,34.82624,827,11.25,47.6195576,-122.3629682,47.6195504,-122.3629806,28.70337772,-21.48550081,47.61956572,-122.3629718,0.631249994,-9.229999542,-6.793934717,VFR_alt,153.3531997,0.102625995,1.099905293,0.873177942,0.102244144,9.40890789,-9.229999542,0,0,0,0,0,0.02,0,0,0,0,0,0,0,0,0,0,0,0,0.02,0,0,0,0,0,0.72,0.02,0,0.18,0,0.04
CNL_S24,2024_10_08_10-31-18.jpg,10/8/2024,10:31:18,Centennial Park,2,CNL_S24_T2,21,SURFTRAK,13.59733939,2.586,35.16271764,834,11.33333333,47.6195452,-122.3629701,47.6195436,-122.3629727,27.9542017,-20.88751268,47.61955899,-122.3629638,0.676303019,-9.159999847,-6.769910176,VFR_alt,152.9190542,0.106592764,1.178406775,1.002288712,0.104295286,9.336400032,-9.159999847,0,0,0,0,0,0.04,0,0,0,0,0,0.06,0,0,0,0,0,0.02,0,0,0.04,0,0,0,0.38,0,0,0.44,0,0.02
CNL_S24,2024_10_08_10-31-27.jpg,10/8/2024,10:31:27,Centennial Park,2,CNL_S24_T2,21,SURFTRAK,13.5976,2.79,37.937316,841,11.41666667,47.6195455,-122.3629324,47.6195374,-122.3629609,27.25911427,-20.00506258,47.61955273,-122.3629521,0.626181817,-9.130000114,-6.690844735,VFR_alt,154.88337,0.118882198,1.091074378,0.859241231,0.140084259,9.303055763,-9.130000114,0,0,0,0,0,0.1,0,0,0,0,0,0,0.06,0,0,0,0,0,0.02,0,0,0,0,0,0.24,0.02,0,0.56,0,0
CNL_S24,2024_10_08_10-31-36.jpg,10/8/2024,10:31:36,Centennial Park,2,CNL_S24_T2,21,SURFTRAK,13.59466258,2.704294479,36.76395485,848,11.52777778,47.6195291,-122.3629405,47.6195307,-122.3629488,26.51217747,-19.09955454,47.61954602,-122.3629401,0.658588925,-9.090000153,-6.684337156,VFR_alt,158.9471363,0.11689662,1.147541309,0.950449492,0.127792167,9.264518738,-9.090000153,0,0,0,0,0,0.1,0,0,0,0,0,0.22,0,0,0,0,0,0,0,0,0,0,0,0.02,0.24,0,0,0.42,0,0
CNL_S24,2024_10_08_10-31-45.jpg,10/8/2024,10:31:45,Centennial Park,2,CNL_S24_T2,21,SURFTRAK,13.59720122,2.49902439,33.9797739,855,11.63888889,47.6195143,-122.3629461,47.6195201,-122.3629429,25.33716679,-18.65537119,47.61953545,-122.3629341,0.653170705,-9.079999924,-6.669930181,VFR_alt,158.9913432,0.105349437,1.138100471,0.934963233,0.126733379,9.25008297,-9.079999924,0,0,0,0,0,0.08,0,0,0,0,0,0,0,0,0,0.08,0,0,0,0,0,0,0,0.02,0.18,0,0.04,0.6,0,0
CNL_S24,2024_10_08_10-31-54.jpg,10/8/2024,10:31:54,Centennial Park,2,CNL_S24_T2,21,SURFTRAK,13.60262424,2.653757576,36.097886,862,11.72222222,47.6195097,-122.3629319,47.6195112,-122.3629354,24.33896351,-18.09268427,47.61952647,-122.3629267,0.646363616,-9.050000191,-6.633957447,VFR_alt,152.6650786,0.111166586,1.126239634,0.915561112,0.124168602,9.22326088,-9.050000191,0,0,0,0,0,0.04,0,0,0,0,0,0.42,0,0,0,0,0,0,0,0,0.02,0,0,0,0.18,0.02,0,0.32,0,0
CNL_S24,2024_10_08_10-32-03.jpg,10/8/2024,10:32:03,Centennial Park,2,CNL_S24_T2,21,SURFTRAK,13.59584049,2.769815951,37.65788908,869,11.80555556,47.6195033,-122.3629267,47.6195054,-122.3629249,23.69874668,-17.3037591,47.61952071,-122.3629162,0.649999976,-9.019999504,-6.608147435,VFR_alt,149.42475,0.101308221,1.132575716,0.925794813,0.103329442,9.195145607,-9.019999504,0,0,0,0,0,0.2,0,0,0,0,0,0,0,0,0,0.02,0,0,0,0,0,0,0,0.02,0.04,0.02,0,0.7,0,0
CNL_S24,2024_10_08_10-32-12.jpg,10/8/2024,10:32:12,Centennial Park,2,CNL_S24_T2,21,SURFTRAK,13.59759756,2.749878049,37.39174707,875,11.91666667,47.6194998,-122.3629253,47.6194999,-122.3629161,23.08337879,-16.6444726,47.61951518,-122.3629074,0.654512167,-8.93999958,-6.532903529,VFR_alt,149.118017,0.109896071,1.140437867,0.93874711,0.107790223,9.120634079,-8.93999958,0,0,0,0,0,0.1,0,0,0,0,0,0,0,0,0,0,0,0,0,0,0,0,0.04,0.02,0.14,0.02,0,0.68,0,0
CNL_S24,2024_10_08_10-32-21.jpg,10/8/2024,10:32:21,Centennial Park,2,CNL_S24_T2,21,SURFTRAK,13.58834146,3.309512195,44.97079463,883,12,47.6195024,-122.3629034,47.619493,-122.3629064,22.31153965,-15.91455698,47.61950824,-122.3628977,0.668414593,-8.909999847,-6.516819941,VFR_alt,151.6534034,0.147705253,1.16466179,0.979057693,0.143336269,9.083159447,-8.909999847,0,0,0,0,0,0.04,0,0,0,0,0,0,0,0,0,0.04,0,0,0,0,0,0,0,0.04,0.28,0.02,0,0.58,0,0
CNL_S24,2024_10_08_10-32-30.jpg,10/8/2024,10:32:30,Centennial Park,2,CNL_S24_T2,21,SURFTRAK,13.6048125,2.519125,34.27223437,890,12.08333333,47.6194989,-122.3628987,47.6194876,-122.3628968,21.71865559,-15.19470072,47.6195029,-122.3628881,0.643499982,-8.929999352,-6.511778387,VFR_alt,162.5967057,0.07844055,1.121249969,0.907752786,0.060495032,9.102531433,-8.929999352,0,0,0,0,0,0.02,0,0,0,0,0,0,0.04,0,0,0.02,0,0,0,0,0,0,0,0,0.1,0.06,0,0.76,0,0
CNL_S24,2024_10_08_10-32-39.jpg,10/8/2024,10:32:39,Centennial Park,2,CNL_S24_T2,21,SURFTRAK,13.61265854,2.040243902,27.77314024,897,12.19444444,47.6194862,-122.3629172,47.6194823,-122.3628924,21.12996006,-14.86311197,47.61949761,-122.3628837,0.698170722,-8.949999809,-6.586272906,VFR_alt,169.5780148,0.065300064,1.216509591,1.068131303,0.06855969,9.120809555,-8.949999809,0,0,0,0,0,0.02,0.26,0,0,0,0,0,0,0,0,0,0,0,0,0,0,0,0,0,0.1,0,0,0.62,0,0
CNL_S24,2024_10_08_10-32-48.jpg,10/8/2024,10:32:48,Centennial Park,2,CNL_S24_T2,21,SURFTRAK,13.59762577,2.655828221,36.11298129,904,12.30555556,47.6194866,-122.3628796,47.619476,-122.3628844,20.41886616,-14.26845217,47.61949121,-122.3628758,0.646196299,-9.019999504,-6.60416121,VFR_alt,154.7349389,0.12147707,1.125948096,0.915043006,0.11668573,9.197018623,-9.019999504,0,0,0,0,0,0,0,0,0,0,0,0,0,0,0,0,0,0,0.02,0,0,0,0,0,0.26,0.08,0,0.64,0,0
CNL_S24,2024_10_08_10-32-57.jpg,10/8/2024,10:32:57,Centennial Park,2,CNL_S24_T2,21,SURFTRAK,13.60020625,2.699125,36.70861769,911,12.38888889,47.6194789,-122.3628651,47.6194714,-122.3628728,19.90824604,-13.3912816,47.61948662,-122.3628641,0.637562488,-9.019999504,-6.595520077,VFR_alt,152.2337409,0.107007923,1.110904335,0.890815961,0.115724879,9.19640255,-9.019999504,0,0,0,0,0,0.02,0,0,0,0,0,0.1,0,0,0,0,0,0,0,0,0,0,0,0.06,0.22,0.16,0.02,0.4,0,0.02
CNL_S24,2024_10_08_10-33-06.jpg,10/8/2024,10:33:06,Centennial Park,2,CNL_S24_T2,21,SURFTRAK,13.6,2.574085366,35.00756098,917,12.47222222,47.6194698,-122.3628709,47.6194675,-122.3628632,19.47816181,-12.6724,47.61948275,-122.3628546,0.639207304,-8.979999542,-6.557370103,VFR_alt,149.2766553,0.102875873,1.113770302,0.895426258,0.088969525,9.157920837,-8.979999542,0,0,0,0,0,0.02,0,0,0,0,0,0,0,0,0,0,0,0,0,0,0,0,0,0.04,0.32,0.12,0,0.5,0,0
CNL_S24,2024_10_08_10-33-15.jpg,10/8/2024,10:33:15,Centennial Park,2,CNL_S24_T2,21,SURFTRAK,13.59858537,2.459268293,33.44251171,924,12.55555556,47.6194609,-122.3628746,47.6194615,-122.3628555,18.80613232,-12.09540606,47.61947671,-122.3628469,0.643902421,-8.909999847,-6.492483596,VFR_alt,147.8694834,0.104508921,1.121951188,0.908558931,0.081037251,9.082796097,-8.909999847,0,0,0,0,0,0,0,0,0,0,0,0.22,0,0,0.02,0,0,0,0,0,0.02,0,0,0.02,0.12,0.04,0.04,0.52,0,0
CNL_S24,2024_10_08_10-33-24.jpg,10/8/2024,10:33:24,Centennial Park,2,CNL_S24_T2,21,SURFTRAK,13.60578049,2.98097561,40.55660341,930,12.63888889,47.6194599,-122.3628552,47.6194568,-122.362851,18.28176785,-11.7573247,47.61947199,-122.3628424,0.647987783,-8.859999657,-6.447146953,VFR_alt,177.0751027,0.076312535,1.129069622,0.920523839,0.053684515,9.037955284,-8.859999657,0,0,0,0,0,0,0,0,0,0,0,0,0,0,0,0,0,0,0.06,0,0,0,0,0.06,0.16,0.02,0,0.68,0,0.02
CNL_S24,2024_10_08_10-33-33.jpg,10/8/2024,10:33:33,Centennial Park,2,CNL_S24_T2,21,SURFTRAK,13.58638037,3.873558282,52.62760368,940,12.77777778,47.6194444,-122.3628574,47.6194467,-122.3628445,17.15872478,-11.26726007,47.61946189,-122.3628359,0.654846597,-8.880000114,-6.474690855,VFR_alt,151.0392814,0.163937177,1.141020586,0.940035108,0.160690517,9.055569649,-8.880000114,0,0,0,0,0,0,0,0,0,0,0,0,0,0,0,0,0,0,0,0,0,0,0.04,0,0.24,0.02,0,0.62,0,0.08
CNL_S24,2024_10_08_10-33-42.jpg,10/8/2024,10:33:42,Centennial Park,2,CNL_S24_T2,21,SURFTRAK,13.59679755,2.679202454,36.42855294,947,12.88888889,47.6194329,-122.3628454,47.6194393,-122.362836,16.33345509,-10.63228273,47.61945447,-122.3628274,0.619570557,-8.829999924,-6.390152029,VFR_alt,151.2666289,0.102148031,1.079554759,0.841294056,0.106977245,9.009052277,-8.829999924,0,0.02,0,0,0,0.02,0,0,0,0,0,0.12,0,0,0,0,0,0,0,0,0,0,0.02,0.02,0.32,0.02,0,0.46,0,0
CNL_S24,2024_10_08_10-33-51.jpg,10/8/2024,10:33:51,Centennial Park,2,CNL_S24_T2,21,SURFTRAK,13.59854545,2.850909091,38.76823273,954,12.97222222,47.6194231,-122.3628428,47.6194312,-122.3628296,15.43889332,-10.15603971,47.61944642,-122.3628211,0.649999976,-8.760000229,-6.351318262,VFR_alt,155.6393642,0.095732456,1.132575716,0.925794813,0.116582811,8.937749863,-8.760000229,0,0,0,0,0,0.04,0,0,0,0,0,0,0,0,0,0.02,0,0,0.08,0,0,0,0.04,0.02,0.12,0,0,0.66,0,0.02
CNL_S24,2024_10_08_10-34-01.jpg,10/8/2024,10:34:01,Centennial Park,2,CNL_S24_T2,21,SURFTRAK,13.58758182,3.334545455,45.30768364,962,13.08333333,47.6194293,-122.3627843,47.6194244,-122.3628169,14.68173695,-9.201052189,47.61943961,-122.3628084,0.663393903,-8.659999847,-6.265463835,VFR_alt,154.8494423,0.124952311,1.155913618,0.964404255,0.119261092,8.842185974,-8.659999847,0,0.06,0,0,0,0.02,0,0,0,0,0,0,0,0,0,0.02,0,0.02,0,0,0,0,0.02,0.02,0.14,0,0,0.7,0,0
CNL_S24,2024_10_08_10-34-10.jpg,10/8/2024,10:34:10,Centennial Park,2,CNL_S24_T2,21,SURFTRAK,13.58462252,3.449205298,46.85605497,970,13.19444444,47.619412,-122.362791,47.6194168,-122.3628059,13.83548069,-8.371089458,47.619432,-122.3627973,0.647483422,-8.670000076,-6.26012495,VFR_alt,161.7057871,0.138710028,1.128190812,0.918681302,0.125469551,8.848743439,-8.670000076,0,0,0,0,0,0.02,0,0,0,0,0,0,0,0,0,0,0,0,0.02,0,0,0,0,0.04,0.22,0.04,0,0.66,0,0
CNL_S24,2024_10_08_10-34-19.jpg,10/8/2024,10:34:19,Centennial Park,2,CNL_S24_T2,21,SURFTRAK,13.58275152,3.62169697,49.19266873,978,13.30555556,47.6193955,-122.3628039,47.6194054,-122.3627962,12.56355572,-7.647526264,47.61942056,-122.3627877,0.657454515,-8.659999847,-6.260562546,VFR_alt,155.2698368,0.146050108,1.145564684,0.947193153,0.168572616,8.833148003,-8.659999847,0,0,0,0,0,0.06,0,0,0,0,0,0,0,0,0,0.04,0,0,0,0,0,0,0.06,0.06,0.18,0.02,0,0.56,0,0.02
CNL_S24,2024_10_08_10-34-28.jpg,10/8/2024,10:34:28,Centennial Park,2,CNL_S24_T2,21,SURFTRAK,13.58956442,3.079079755,41.84207368,986,13.41666667,47.6193919,-122.3627774,47.6193949,-122.3627864,11.39441013,-6.912497044,47.61941004,-122.3627779,0.663251497,-8.659999847,-6.266724871,VFR_alt,155.1134565,0.136075031,1.155665488,0.963975957,0.144440704,8.838551521,-8.659999847,0,0,0,0,0,0,0,0,0,0,0,0.48,0,0,0,0,0,0,0,0,0.04,0,0,0,0.26,0.06,0,0.16,0,0
CNL_S24,2024_10_08_10-34-37.jpg,10/8/2024,10:34:37,Centennial Park,2,CNL_S24_T2,21,SURFTRAK,13.59230488,2.993292683,40.68500159,994,13.52777778,47.6193892,-122.3627262,47.619386,-122.3627774,10.40995121,-6.239276409,47.61940119,-122.362769,0.653292656,-8.670000076,-6.267033451,VFR_alt,163.8451874,0.120253968,1.138312961,0.935246489,0.134706104,8.842132568,-8.670000076,0,0,0,0,0,0.02,0,0,0,0,0,0.06,0,0,0,0,0,0,0.02,0,0,0,0.04,0.06,0.14,0.1,0,0.52,0,0.04
CNL_S24,2024_10_08_10-34-46.jpg,10/8/2024,10:34:46,Centennial Park,2,CNL_S24_T2,21,SURFTRAK,13.59585276,2.606196319,35.43332025,1000,13.61111111,47.6193859,-122.3627489,47.6193818,-122.3627683,9.933087349,-5.556132793,47.6193969,-122.3627599,0.669570529,-8.699999809,-6.313483342,VFR_alt,161.7747069,0.073853625,1.166675921,0.98253155,0.089426854,8.871210098,-8.699999809,0,0,0,0,0,0.04,0,0,0,0,0,0.12,0,0,0,0.02,0,0,0,0,0.02,0,0.04,0.04,0.38,0.02,0,0.3,0,0.02
CNL_S24,2024_10_08_10-34-55.jpg,10/8/2024,10:34:55,Centennial Park,2,CNL_S24_T2,21,SURFTRAK,13.59357055,2.55190184,34.68945423,1007,13.69444444,47.6193873,-122.362722,47.6193773,-122.3627554,9.439408302,-4.583573818,47.61939246,-122.362747,0.669999957,-8.729999542,-6.343993125,VFR_alt,156.2980927,0.103268821,1.167424168,0.983643239,0.161891667,8.90379715,-8.729999542,0,0.02,0,0,0,0,0,0,0.02,0,0,0.1,0,0,0.02,0,0,0.02,0,0,0,0,0,0,0.32,0.08,0,0.4,0,0.02
CNL_S24,2024_10_08_10-35-04.jpg,10/8/2024,10:35:04,Centennial Park,2,CNL_S24_T2,21,SURFTRAK,13.59907975,2.493496933,33.90939828,1013,13.77777778,47.6193847,-122.3627406,47.6193723,-122.3627445,8.877139091,-3.766540051,47.6193874,-122.3627361,0.653006108,-8.789999962,-6.386992442,VFR_alt,159.4921863,0.09825493,1.137813673,0.93442395,0.084773571,8.96836853,-8.789999962,0,0.02,0,0,0,0,0,0,0,0,0,0.16,0,0,0,0,0,0,0,0,0.02,0,0,0.02,0.6,0,0,0.14,0,0.04
CNL_W25,2025_01_27_10-10-36.jpg,1/27/2025,10:10:36,Centennial Park,2,CNL_W25_T2,21,SURFTRAK,13.60565333,2.144266667,29.17417293,0,0,47.6194391,-122.3628592,47.6194369,-122.3628461,0,0,47.6194391,-122.3628592,0.757088882,-8.369999886,-6.649287309,VFR_alt,332.7325443,0.098024155,1.319170022,1.256112141,0,8.893206596,-8.369999886,0,0,0,0,0,0,0,0,0,0,0,0,0,0,0,0,0,0,0,0,0,0,0,0,0.88,0.02,0,0.1,0,0
CNL_W25,2025_01_27_10-10-45.jpg,1/27/2025,10:10:45,Centennial Park,2,CNL_W25_T2,21,SURFTRAK,13.60933188,1.946353712,26.48849159,5,0.083333333,47.6194441,-122.3628696,47.6194439,-122.3628545,0.787546635,-0.629590988,47.61944618,-122.3628676,0.761310033,-8.319999695,-6.604440333,VFR_alt,332.7194001,0.08992096,1.326525057,1.27020939,0.116268945,8.842308998,-8.319999695,0,0,0,0,0,0,0,0,0,0,0,0,0,0,0,0,0,0,0,0,0,0,0,0.04,0.9,0,0,0.06,0,0
CNL_W25,2025_01_27_10-10-54.jpg,1/27/2025,10:10:54,Centennial Park,2,CNL_W25_T2,21,SURFTRAK,13.60770259,2.131142241,28.99959032,10,0.138888889,47.6194483,-122.3628797,47.6194506,-122.3628637,1.531049252,-1.315700054,47.61945287,-122.3628767,0.765258606,-8.229999542,-6.519039077,VFR_alt,332.2074576,0.091380126,1.333405147,1.28337059,0.11661663,8.763068199,-8.229999542,0,0,0,0,0,0.04,0,0,0,0,0,0,0,0,0,0,0,0,0,0,0,0,0,0,0.82,0,0,0.14,0,0
CNL_W25,2025_01_27_10-11-03.jpg,1/27/2025,10:11:03,Centennial Park,2,CNL_W25_T2,21,SURFTRAK,13.59557359,2.542922078,34.57242805,16,0.222222222,47.6194553,-122.3628868,47.6194572,-122.3628728,2.264787674,-1.997581959,47.61945947,-122.3628858,0.75887445,-8.179999352,-6.462907357,VFR_alt,327.305505,0.114172371,1.322281239,1.262014033,0.139428528,8.708291054,-8.179999352,0,0,0,0,0,0.02,0,0,0,0,0,0,0,0,0,0,0,0,0,0,0,0,0,0,0.6,0.1,0.04,0.22,0,0.02
CNL_W25,2025_01_27_10-11-12.jpg,1/27/2025,10:11:12,Centennial Park,2,CNL_W25_T2,21,SURFTRAK,13.61089462,2.079376344,28.30209729,21,0.305555556,47.6194616,-122.3628961,47.6194639,-122.3628821,3.008205891,-2.700359344,47.61946616,-122.3628951,0.764365578,-8.130000114,-6.418222335,VFR_alt,327.6402705,0.091949361,1.331849113,1.280367971,0.117776631,8.651357651,-8.130000114,0,0.02,0,0,0,0,0,0,0,0,0,0,0,0,0,0,0,0,0,0,0,0,0,0,0.28,0.1,0,0.58,0,0.02
CNL_W25,2025_01_27_10-11-24.jpg,1/27/2025,10:11:24,Centennial Park,2,CNL_W25_T2,21,SURFTRAK,13.60727505,2.264541578,30.81355974,27,0.388888889,47.6194667,-122.3629079,47.6194692,-122.3628933,3.595664978,-3.538921833,47.61947144,-122.3629063,0.776460529,-8.069999695,-6.369585051,VFR_alt,327.4344438,0.079768923,1.352923649,1.321132488,0.092038255,8.589134216,-8.069999695,0,0,0,0,0,0,0,0,0,0,0,0,0,0,0,0,0,0.02,0,0,0,0,0,0,0.14,0.04,0.04,0.76,0,0
CNL_W25,2025_01_27_10-11-33.jpg,1/27/2025,10:11:33,Centennial Park,2,CNL_W25_T2,21,SURFTRAK,13.62002169,1.7535141,23.88290443,32,0.444444444,47.6194729,-122.3629178,47.6194726,-122.3629032,3.97991848,-4.27848959,47.6194749,-122.3629161,0.776312339,-8.079999924,-6.378658541,VFR_alt,327.5331253,0.051577117,1.35266544,1.320659757,0.067999027,8.604135513,-8.079999924,0,0.02,0,0,0,0,0,0,0,0,0,0,0,0,0.04,0,0,0.02,0,0,0,0,0,0.02,0.12,0.06,0,0.72,0,0
CNL_W25,2025_01_27_10-11-45.jpg,1/27/2025,10:11:45,Centennial Park,2,CNL_W25_T2,21,SURFTRAK,13.60479654,2.091450216,28.45290411,38,0.527777778,47.6194717,-122.3629321,47.619477,-122.3629153,4.463766098,-5.192166805,47.61947925,-122.3629283,0.796709924,-8.039999962,-6.3579205,VFR_alt,327.783144,0.077080992,1.388206686,1.39107363,0.108962218,8.566721916,-8.039999962,0,0,0,0,0,0,0,0,0,0,0,0,0,0,0,0,0,0,0,0,0,0,0,0.06,0.08,0.02,0,0.84,0,0
CNL_W25,2025_01_27_10-11-57.jpg,1/27/2025,10:11:57,Centennial Park,2,CNL_W25_T2,21,SURFTRAK,13.61548035,1.863515284,25.3725526,45,0.611111111,47.6194761,-122.362944,47.6194801,-122.3629276,4.808696747,-6.111430645,47.61948235,-122.3629405,0.757336238,-8.090000153,-6.36753826,VFR_alt,327.1549005,0.069138289,1.31960102,1.256895525,0.078029537,8.619596481,-8.090000153,0,0.02,0,0,0,0.02,0,0,0,0,0,0,0,0,0,0,0,0,0,0,0,0,0,0.02,0.04,0.1,0,0.8,0,0
CNL_W25,2025_01_27_10-12-09.jpg,1/27/2025,10:12:09,Centennial Park,2,CNL_W25_T2,21,SURFTRAK,13.62656129,1.820193548,24.80299185,51,0.694444444,47.6194882,-122.3629492,47.6194862,-122.3629372,5.493338585,-6.836112499,47.61948851,-122.3629501,0.768989229,-8.069999695,-6.358544462,VFR_alt,327.0694131,0.072147416,1.339905475,1.295791863,0.085071762,8.596939087,-8.069999695,0,0,0,0,0,0,0,0,0,0,0,0,0,0,0.02,0,0,0,0,0,0,0,0,0,0.12,0.1,0,0.76,0,0
CNL_W25,2025_01_27_10-12-21.jpg,1/27/2025,10:12:21,Centennial Park,2,CNL_W25_T2,21,SURFTRAK,13.61934641,1.984117647,27.02235817,57,0.777777778,47.6194976,-122.3629529,47.6194946,-122.3629451,6.431715012,-7.422825336,47.61949695,-122.3629579,0.768932444,-8.039999962,-6.32822501,VFR_alt,327.2859106,0.090093967,1.339806531,1.295601485,0.104583476,8.566431046,-8.039999962,0,0.02,0,0,0,0,0,0,0,0,0,0,0,0,0,0,0,0,0.02,0,0,0,0,0.04,0.2,0.04,0,0.68,0,0
CNL_W25,2025_01_27_10-12-33.jpg,1/27/2025,10:12:33,Centennial Park,2,CNL_W25_T2,21,SURFTRAK,13.62369462,1.75972043,23.97399755,64,0.861111111,47.6195057,-122.3629516,47.6195042,-122.3629511,7.500921249,-7.877675533,47.61950656,-122.362964,0.765956974,-8.010000229,-6.295280815,VFR_alt,327.0132709,0.067638259,1.334622,1.285672157,0.071616739,8.534511566,-8.010000229,0,0,0,0,0,0.02,0,0,0,0,0,0,0,0,0,0.02,0,0,0,0,0,0,0.02,0,0.12,0.02,0,0.8,0,0
CNL_W25,2025_01_27_10-12-45.jpg,1/27/2025,10:12:45,Centennial Park,2,CNL_W25_T2,21,SURFTRAK,13.61409013,1.886802575,25.68711019,70,0.972222222,47.6195123,-122.3629551,47.6195123,-122.3629573,8.39520359,-8.338118076,47.61951461,-122.3629701,0.777446326,-8.029999733,-6.327004247,VFR_alt,327.3299162,0.08708383,1.354641325,1.32447131,0.083951935,8.557068825,-8.029999733,0,0,0,0,0,0.02,0,0,0,0,0,0,0,0,0,0,0,0,0,0,0,0,0,0.04,0.16,0.04,0,0.74,0,0
CNL_W25,2025_01_27_10-13-00.jpg,1/27/2025,10:13:00,Centennial Park,2,CNL_W25_T2,21,SURFTRAK,13.61955414,1.951825902,26.58338662,78,1.055555556,47.6195193,-122.3629602,47.6195206,-122.3629639,9.318403244,-8.834630489,47.61952291,-122.3629767,0.778450079,-8.079999924,-6.378450003,VFR_alt,327.1578213,0.082282959,1.356390289,1.327923266,0.071112828,8.600804329,-8.079999924,0,0,0,0,0,0,0,0,0,0,0,0,0,0,0,0,0,0,0.04,0,0,0,0,0.02,0.32,0.02,0.02,0.56,0.02,0
CNL_W25,2025_01_27_10-13-15.jpg,1/27/2025,10:13:15,Centennial Park,2,CNL_W25_T2,21,SURFTRAK,13.59263399,2.769498911,37.64350623,86,1.166666667,47.619526,-122.3629637,47.6195278,-122.3629674,10.11870384,-9.101202488,47.61952995,-122.3629803,0.77716773,-8.039999962,-6.337641025,VFR_alt,327.1655538,0.107650549,1.354155893,1.323525086,0.101227172,8.568742752,-8.039999962,0,0.02,0,0,0,0,0,0,0,0,0,0.02,0,0,0,0,0,0,0.02,0,0,0,0,0.02,0.36,0.14,0,0.42,0,0
CNL_W25,2025_01_27_10-13-30.jpg,1/27/2025,10:13:30,Centennial Park,2,CNL_W25_T2,21,SURFTRAK,13.63479536,1.681371308,22.92537525,94,1.277777778,47.6195308,-122.3629734,47.6195363,-122.3629734,11.06721401,-9.547054768,47.61953848,-122.3629863,0.789240469,-8.079999924,-6.39019787,VFR_alt,327.1333483,0.056556787,1.375191726,1.365007024,0.048065575,8.60297966,-8.079999924,0,0,0,0,0,0,0,0,0,0,0,0,0,0,0,0,0,0,0,0,0,0,0,0,0.68,0.08,0,0.24,0,0
CNL_W25,2025_01_27_10-13-48.jpg,1/27/2025,10:13:48,Centennial Park,2,CNL_W25_T2,21,SURFTRAK,13.62531034,1.927349138,26.2578005,103,1.416666667,47.6195364,-122.3629784,47.6195425,-122.3629808,11.76230717,-10.10634756,47.61954463,-122.3629932,0.764008607,-8.119999886,-6.405575928,VFR_alt,323.2027247,0.059138463,1.331227119,1.279093916,0.02736721,8.640838623,-8.119999886,0,0,0,0,0,0,0,0,0,0,0,0,0,0,0,0,0,0,0,0,0,0,0,0,0.88,0.02,0,0.1,0,0
CNL_W25,2025_01_27_10-14-03.jpg,1/27/2025,10:14:03,Centennial Park,2,CNL_W25_T2,21,SURFTRAK,13.61055531,2.028438178,27.60817757,111,1.527777778,47.6195471,-122.3629798,47.6195504,-122.3629875,12.63960171,-10.60647058,47.61955252,-122.3629999,0.782472854,-8.130000114,-6.434585032,VFR_alt,322.8552928,0.090464097,1.36339967,1.34165182,0.086836807,8.653842926,-8.130000114,0,0,0,0,0,0,0,0,0,0,0,0,0,0,0,0,0,0,0,0,0,0,0,0.04,0.94,0,0,0.02,0,0
CNL_W25,2025_01_27_10-14-18.jpg,1/27/2025,10:14:18,Centennial Park,2,CNL_W25_T2,21,SURFTRAK,13.61450968,1.846924731,25.14380142,121,1.638888889,47.6195619,-122.3629794,47.6195635,-122.3629889,14.09688663,-10.71494913,47.61956563,-122.3630013,0.75301075,-8.130000114,-6.405693763,VFR_alt,311.9509057,0.083093936,1.312064185,1.242705232,0.06702862,8.654905319,-8.130000114,0,0,0,0,0,0,0,0,0,0,0,0,0,0,0,0,0,0,0,0,0,0,0,0.02,0.92,0,0,0.06,0,0
CNL_W25,2025_01_27_10-14-30.jpg,1/27/2025,10:14:30,Centennial Park,2,CNL_W25_T2,21,SURFTRAK,13.60191435,2.256616702,30.69193019,128,1.75,47.6195664,-122.3629806,47.6195678,-122.3629921,14.57297039,-10.95598745,47.61956991,-122.3630045,0.781969991,-8.149999619,-6.455096454,VFR_alt,320.0298358,0.077803812,1.362523469,1.339966898,0.059144683,8.667664528,-8.149999619,0,0,0,0,0,0,0,0,0,0,0,0,0,0,0,0,0,0,0,0,0,0,0,0.04,0.92,0,0,0.04,0,0
CNL_W25,2025_01_27_10-14-42.jpg,1/27/2025,10:14:42,Centennial Park,2,CNL_W25_T2,21,SURFTRAK,13.59784848,2.373203463,32.26996238,136,1.861111111,47.61957,-122.3629905,47.6195769,-122.3629969,15.59118938,-11.30947542,47.61957907,-122.3630092,0.752943717,-8.170000076,-6.446473994,VFR_alt,324.2052782,0.141747628,1.311947386,1.242392569,0.107352084,8.702941895,-8.170000076,0,0,0,0,0,0,0,0,0,0,0,0,0,0,0,0,0,0,0,0,0,0,0,0.02,0.94,0,0,0.02,0.02,0
CNL_W25,2025_01_27_10-14-51.jpg,1/27/2025,10:14:51,Centennial Park,2,CNL_W25_T2,21,SURFTRAK,13.59609052,2.88325431,39.1937772,144,1.972222222,47.6195874,-122.3629844,47.6195872,-122.362999,16.73058605,-11.46884108,47.61958932,-122.3630114,0.82648704,-7.989999771,-6.340276631,VFR_alt,313.734611,0.106797386,1.440091054,1.498410998,0.091229627,8.523584366,-7.989999771,0,0,0,0,0,0,0,0,0.02,0,0,0,0,0,0,0,0,0,0,0,0,0,0,0.02,0.96,0,0,0,0,0
CNL_W25,2025_01_27_10-15-03.jpg,1/27/2025,10:15:03,Centennial Park,2,CNL_W25_T2,21,SURFTRAK,13.6242743,1.691447084,23.04406518,151,2.055555556,47.6195906,-122.3630031,47.619596,-122.3630064,17.71922779,-12.02914572,47.61959821,-122.3630188,0.793952442,-8.099999428,-6.41800906,VFR_alt,326.6265869,0.086602738,1.383401982,1.381394147,0.07064959,8.619452477,-8.099999428,0,0,0,0,0,0,0,0,0,0,0,0,0,0,0,0.02,0,0,0,0,0,0,0.06,0,0.92,0,0,0,0,0
CNL_W25,2025_01_27_10-15-15.jpg,1/27/2025,10:15:15,Centennial Park,2,CNL_W25_T2,21,SURFTRAK,13.60892009,1.95462203,26.59992423,158,2.166666667,47.6196014,-122.3630027,47.619604,-122.3630087,18.60245228,-12.20070028,47.61960615,-122.3630211,0.783693272,-8.029999733,-6.337913472,VFR_alt,324.5815033,0.071781482,1.365526156,1.346022611,0.057983763,8.554156303,-8.029999733,0,0,0,0,0,0,0,0,0,0,0,0,0,0,0,0,0,0,0,0,0,0,0,0.02,0.98,0,0,0,0,0
CNL_W25,2025_01_27_10-15-27.jpg,1/27/2025,10:15:27,Centennial Park,2,CNL_W25_T2,21,SURFTRAK,13.63309888,1.488359551,20.29075928,165,2.25,47.6196065,-122.363011,47.6196106,-122.363015,19.3421011,-12.66941786,47.61961281,-122.3630273,0.767685376,-8.039999962,-6.331969375,VFR_alt,325.7032348,0.043944511,1.33763361,1.291600811,0.032118871,8.565029144,-8.039999962,0,0,0,0,0,0,0,0,0,0,0,0,0,0,0,0,0,0,0,0,0,0,0,0,0.98,0,0.02,0,0,0
CNL_W25,2025_01_27_10-15-39.jpg,1/27/2025,10:15:39,Centennial Park,2,CNL_W25_T2,21,SURFTRAK,13.58076395,3.367660944,45.73546873,172,2.361111111,47.6196131,-122.3630139,47.6196174,-122.3630195,20.0965662,-13.01186132,47.61961945,-122.3630319,0.771738177,-7.989999771,-6.285992617,VFR_alt,327.1542716,0.138443266,1.344695308,1.305102921,0.119155772,8.512978554,-7.989999771,0,0,0,0,0,0,0,0,0,0,0,0,0,0,0,0,0,0.02,0,0,0,0,0,0.06,0.92,0,0,0,0,0
CNL_W25,2025_01_27_10-15-51.jpg,1/27/2025,10:15:51,Centennial Park,2,CNL_W25_T2,21,SURFTRAK,13.60459052,2.302801724,31.32410267,180,2.444444444,47.6196289,-122.3630138,47.6196291,-122.3630237,21.40346432,-13.32632017,47.61963121,-122.363036,0.778124973,-7.940000057,-6.242264162,VFR_alt,325.8204951,0.103407262,1.355823817,1.326776273,0.090441316,8.461478233,-7.940000057,0,0,0,0,0,0,0,0,0,0,0,0,0,0,0,0,0,0,0,0,0,0,0,0.72,0.28,0,0,0,0,0
CNL_W25,2025_01_27_10-16-03.jpg,1/27/2025,10:16:03,Centennial Park,2,CNL_W25_T2,21,SURFTRAK,13.61926134,1.738444924,23.67599015,187,2.555555556,47.6196331,-122.3630233,47.6196375,-122.3630295,22.33306599,-13.76028776,47.61963957,-122.3630418,0.813023758,-7.859999657,-6.196967587,VFR_alt,325.7965551,0.078410214,1.416632305,1.448466294,0.057082477,8.384770393,-7.859999657,0,0,0,0,0,0,0,0,0,0,0,0,0,0,0,0,0,0,0,0,0,0,0,0,1,0,0,0,0,0
CNL_W25,2025_01_27_10-16-12.jpg,1/27/2025,10:16:12,Centennial Park,2,CNL_W25_T2,21,SURFTRAK,13.59133906,2.47583691,33.64998983,193,2.638888889,47.6196418,-122.3630453,47.6196432,-122.3630347,22.97134686,-14.14938498,47.61964531,-122.363047,0.838175941,-7.809999943,-6.171924697,VFR_alt,325.6626728,0.099227859,1.460458079,1.539590895,0.087730202,8.329363823,-7.809999943,0,0,0,0,0,0.02,0,0,0,0,0,0,0.02,0,0,0,0,0.02,0,0,0,0,0,0.06,0.88,0,0,0,0,0
CNL_W25,2025_01_27_10-16-24.jpg,1/27/2025,10:16:24,Centennial Park,2,CNL_W25_T2,21,SURFTRAK,13.58925696,3.307665953,44.94710807,201,2.75,47.6196537,-122.3630566,47.6196504,-122.363045,23.77506924,-14.92550039,47.61965254,-122.3630573,0.722483908,-7.879999638,-6.125906804,VFR_alt,325.3943477,0.099026147,1.258873476,1.143837228,0.13511426,8.414820671,-7.879999638,0,0,0,0,0,0,0,0,0,0,0,0,0,0,0,0,0,0,0,0,0,0,0.02,0.02,0.94,0.02,0,0,0,0
CNL_W25,2025_01_27_10-33-25.jpg,1/27/2025,10:33:25,Centennial Park,2,CNL_W25_T2,21,SURFTRAK,13.60477489,2.25969697,30.74184818,810,11.02777778,47.619649,-122.3630517,47.6196488,-122.3630653,23.57549381,-16.43830061,47.61965074,-122.3630774,0.800973991,-7.539999962,-5.844632322,VFR_alt,146.481793,0.085394975,1.395636499,1.405915649,1.525907876,8.06411171,-7.539999962,0,0,0,0,0,0,0,0,0,0,0,0,0,0,0,0,0,0,0,0,0,0,0.08,0.14,0.72,0,0,0.06,0,0
CNL_W25,2025_01_27_10-33-37.jpg,1/27/2025,10:33:37,Centennial Park,2,CNL_W25_T2,21,SURFTRAK,13.59643803,2.417435897,32.86776156,817,11.13888889,47.6196443,-122.3630478,47.6196428,-122.3630554,22.91793728,-15.69568014,47.61964483,-122.3630676,0.828311951,-7.559999943,-5.891499949,VFR_alt,143.7438268,0.081220939,1.443270823,1.503805375,0.096403608,8.080921173,-7.559999943,0,0.02,0,0,0,0,0,0,0,0,0,0,0,0,0,0,0,0,0,0,0,0,0,0.02,0.94,0,0,0.02,0,0
CNL_W25,2025_01_27_10-33-55.jpg,1/27/2025,10:33:55,Centennial Park,2,CNL_W25_T2,21,SURFTRAK,13.61034267,2.039741379,27.76047216,827,11.25,47.6196461,-122.3630338,47.6196368,-122.3630446,22.24900723,-14.88197851,47.61963881,-122.3630567,0.836206874,-7.539999962,-5.878482129,VFR_alt,139.4777307,0.051082284,1.457027129,1.532392566,0.049727097,8.060052872,-7.539999962,0,0.02,0,0,0,0,0,0,0,0,0,0.02,0,0,0,0,0,0,0,0,0,0,0,0.04,0.9,0.02,0,0,0,0
CNL_W25,2025_01_27_10-34-10.jpg,1/27/2025,10:34:10,Centennial Park,2,CNL_W25_T2,21,SURFTRAK,13.62034483,1.716637931,23.37998698,836,11.38888889,47.6196296,-122.3630427,47.6196317,-122.3630378,21.67334843,-14.3728385,47.61963363,-122.36305,0.798555998,-7.539999962,-5.840005663,VFR_alt,143.2833158,0.043779116,1.39142333,1.397431143,0.060557884,8.069233894,-7.539999962,0,0,0,0,0,0.02,0,0,0,0,0,0,0,0,0,0.02,0,0,0,0,0,0,0,0.02,0.86,0,0,0.06,0,0.02
CNL_W25,2025_01_27_10-34-25.jpg,1/27/2025,10:34:25,Centennial Park,2,CNL_W25_T2,21,SURFTRAK,13.60106034,2.474482759,33.65517621,846,11.52777778,47.6196187,-122.3630408,47.6196211,-122.3630306,20.50215816,-13.83747435,47.61962326,-122.3630429,0.83312498,-7.539999962,-5.873824318,VFR_alt,146.0395739,0.088092059,1.451657163,1.521428396,0.102864289,8.068951607,-7.539999962,0,0,0,0,0,0,0,0,0,0,0,0,0,0,0,0,0,0,0,0,0,0,0,0.04,0.94,0,0,0.02,0,0
CNL_W25,2025_01_27_10-34-37.jpg,1/27/2025,10:34:37,Centennial Park,2,CNL_W25_T2,21,SURFTRAK,13.59972473,2.473139785,33.63252422,854,11.63888889,47.6196196,-122.3630297,47.6196124,-122.3630298,19.52416134,-13.77015448,47.61961447,-122.363042,0.816215036,-7.710000038,-6.026459105,VFR_alt,139.1442669,0.099034354,1.422192866,1.460232163,0.078076456,8.230392456,-7.710000038,0,0,0,0,0,0,0,0,0,0,0,0,0,0,0,0,0,0,0,0,0,0,0,0.02,0.9,0,0,0.08,0,0
CNL_W25,2025_01_27_10-34-52.jpg,1/27/2025,10:34:52,Centennial Park,2,CNL_W25_T2,21,SURFTRAK,13.59348035,2.788689956,37.90763079,864,11.75,47.6196144,-122.3630259,47.6196045,-122.363024,18.64932537,-13.33722067,47.6196066,-122.3630363,0.816790374,-7.71999979,-6.036759698,VFR_alt,143.3340334,0.119549559,1.423195349,1.462165456,0.087640561,8.246501923,-7.71999979,0,0,0,0,0,0,0,0,0,0,0,0,0,0,0,0,0,0,0,0,0,0,0,0.02,0.96,0,0,0.02,0,0
CNL_W25,2025_01_27_10-35-07.jpg,1/27/2025,10:35:07,Centennial Park,2,CNL_W25_T2,21,SURFTRAK,13.60599145,2.747307692,37.37666423,873,11.88888889,47.6196014,-122.3630315,47.6195957,-122.3630196,17.66927624,-13.01113462,47.61959778,-122.3630319,0.836367499,-7.739999771,-6.076508878,VFR_alt,151.0962017,0.084730066,1.457307005,1.53297821,0.086714185,8.263123512,-7.739999771,0,0,0,0,0,0,0,0,0,0,0,0,0,0,0,0,0,0,0,0,0,0,0,0.02,0.94,0,0,0.04,0,0
CNL_W25,2025_01_27_10-35-28.jpg,1/27/2025,10:35:28,Centennial Park,2,CNL_W25_T2,21,SURFTRAK,13.60045133,2.332986726,31.72926111,885,12.05555556,47.6195959,-122.3630243,47.619589,-122.3630136,16.923419,-12.55874205,47.6195911,-122.3630261,0.812610612,-7.829999924,-6.143580965,VFR_alt,151.938258,0.083155229,1.41591243,1.447043987,0.063462866,8.357934952,-7.829999924,0,0,0,0,0,0,0,0,0,0,0,0,0,0,0,0,0,0,0,0,0,0,0,0,0.94,0.02,0,0.04,0,0
CNL_W25,2025_01_27_10-35-46.jpg,1/27/2025,10:35:46,Centennial Park,2,CNL_W25_T2,21,SURFTRAK,13.60121166,2.206457883,30.01017816,895,12.16666667,47.6195874,-122.3630121,47.6195812,-122.363007,16.06028461,-12.06663847,47.61958334,-122.3630196,0.822980552,-7.789999962,-6.114699838,VFR_alt,151.9421533,0.091579574,1.433981264,1.484386822,0.089847516,8.316823959,-7.789999962,0,0,0,0,0,0,0,0,0,0,0,0,0,0,0,0,0,0,0,0,0,0,0,0.02,0.92,0,0,0.06,0,0
CNL_W25,2025_01_27_10-36-01.jpg,1/27/2025,10:36:01,Centennial Park,2,CNL_W25_T2,21,SURFTRAK,13.60550215,2.128111588,28.95391107,903,12.30555556,47.6195778,-122.3629935,47.6195734,-122.3629997,15.18550205,-11.51401472,47.61957547,-122.3630122,0.825064366,-7.789999962,-6.117067492,VFR_alt,154.6191179,0.077991276,1.437612152,1.491761459,0.06574641,8.318693161,-7.789999962,0,0,0,0,0,0.02,0,0,0,0,0,0,0,0,0,0.02,0,0,0,0,0,0,0,0.04,0.74,0.02,0.02,0.14,0,0
CNL_W25,2025_01_27_10-36-13.jpg,1/27/2025,10:36:13,Centennial Park,2,CNL_W25_T2,21,SURFTRAK,13.60698291,2.117820513,28.81700509,910,12.38888889,47.6195651,-122.3629921,47.6195668,-122.3629943,14.45812893,-11.10760736,47.61956893,-122.3630068,0.803782023,-7.829999924,-6.135643972,VFR_alt,154.5678102,0.078423703,1.400529282,1.415799334,0.084516078,8.357037544,-7.829999924,0,0,0,0,0,0,0,0,0,0,0,0,0,0,0,0,0,0,0,0,0,0,0,0.02,0.84,0,0,0.14,0,0
CNL_W25,2025_01_27_10-36-28.jpg,1/27/2025,10:36:28,Centennial Park,2,CNL_W25_T2,21,SURFTRAK,13.60419355,2.316623656,31.51463535,920,12.52777778,47.6195586,-122.3629775,47.6195562,-122.3629853,13.27513027,-10.43343401,47.61955829,-122.3629979,0.828537619,-7.879999638,-6.209885618,VFR_alt,148.2893258,0.086602506,1.443664033,1.504712264,0.089874279,8.408960342,-7.879999638,0,0,0,0,0,0,0,0,0,0,0,0,0.02,0,0,0,0,0,0,0,0,0,0,0.02,0.7,0.1,0,0.16,0,0
CNL_W25,2025_01_27_10-36-40.jpg,1/27/2025,10:36:40,Centennial Park,2,CNL_W25_T2,21,SURFTRAK,13.60753913,2.259304348,30.74323357,927,12.61111111,47.619551,-122.3629734,47.61955,-122.3629772,12.57971859,-9.830492496,47.61955203,-122.3629898,0.801847795,-7.879999638,-6.182657446,VFR_alt,144.3844562,0.081855002,1.397159037,1.408989199,0.096128149,8.408058167,-7.879999638,0,0,0,0,0,0,0,0,0,0,0,0,0,0,0,0,0,0,0.02,0,0,0,0,0,0.6,0.02,0,0.36,0,0
CNL_W25,2025_01_27_10-36-55.jpg,1/27/2025,10:36:55,Centennial Park,2,CNL_W25_T2,21,SURFTRAK,13.60419298,2.230175439,30.3397414,936,12.75,47.6195431,-122.3629693,47.6195423,-122.3629697,11.7250452,-9.263323307,47.61954434,-122.3629823,0.802127165,-7.809999943,-6.112296572,VFR_alt,144.3696647,0.083711771,1.397645817,1.410245569,0.07545568,8.339752197,-7.809999943,0,0.02,0,0,0,0,0,0,0,0,0,0,0,0,0,0,0,0,0,0,0,0,0,0,0.36,0.06,0.02,0.54,0,0
CNL_W25,2025_01_27_10-37-07.jpg,1/27/2025,10:37:07,Centennial Park,2,CNL_W25_T2,21,SURFTRAK,13.60931356,1.932076271,26.29300292,943,12.83333333,47.6195417,-122.362961,47.6195348,-122.3629654,10.89556885,-8.941676617,47.61953688,-122.362978,0.796059278,-7.839999676,-6.135879181,VFR_alt,145.194149,0.066794512,1.387072985,1.388676383,0.060936054,8.368562698,-7.839999676,0,0,0,0,0,0,0,0,0,0,0,0,0,0,0,0,0,0,0.02,0,0,0,0,0,0.36,0.04,0,0.58,0,0
CNL_W25,2025_01_27_10-37-22.jpg,1/27/2025,10:37:22,Centennial Park,2,CNL_W25_T2,21,SURFTRAK,13.61233143,1.831371429,24.9287688,953,12.97222222,47.6195345,-122.3629534,47.6195289,-122.3629558,10.23866558,-8.223378658,47.61953098,-122.3629685,0.616799983,-7.779999733,-5.8964391,VFR_alt,147.0312781,0.059349001,1.074727243,1.130990406,0.117152832,8.309296608,-7.779999733,0,0,0,0,0,0,0,0,0,0,0,0,0,0,0,0,0,0,0.02,0,0,0,0,0.02,0.06,0,0,0.9,0,0
CNL_W25,2025_01_27_10-37-34.jpg,1/27/2025,10:37:34,Centennial Park,2,CNL_W25_T2,21,SURFTRAK,13.59762582,2.355557987,32.02865298,961,13.08333333,47.6195261,-122.3629403,47.6195233,-122.3629454,9.611335754,-7.440293789,47.61952541,-122.3629579,0.83356672,-7.75,-6.083223024,VFR_alt,145.0581149,0.093198858,1.45242686,1.52268743,0.100246257,8.274923325,-7.75,0,0,0,0,0,0,0,0,0,0,0,0.02,0,0,0,0,0,0,0,0,0,0,0,0,0.24,0.02,0,0.72,0,0
CNL_W25,2025_01_27_10-37-46.jpg,1/27/2025,10:37:46,Centennial Park,2,CNL_W25_T2,21,SURFTRAK,13.59772848,2.420242826,32.90891998,970,13.19444444,47.6195147,-122.3629373,47.6195157,-122.3629364,8.761991501,-6.764390469,47.61951777,-122.3629489,0.823973497,-7.699999809,-6.023750332,VFR_alt,143.9198404,0.104262224,1.435711396,1.4884559,0.119606459,8.224632263,-7.699999809,0,0,0,0,0,0,0,0,0,0,0,0,0,0,0,0,0,0,0,0,0,0,0.02,0.02,0.18,0.02,0,0.76,0,0
CNL_W25,2025_01_27_10-37-58.jpg,1/27/2025,10:37:58,Centennial Park,2,CNL_W25_T2,21,SURFTRAK,13.61112848,2.01608137,27.43962349,978,13.30555556,47.6195017,-122.3629355,47.619506,-122.3629326,7.680256844,-6.477939129,47.61950804,-122.3629451,0.818800851,-7.779999733,-6.098765358,VFR_alt,144.1372968,0.060616105,1.426698452,1.46921392,0.068546011,8.3028965,-7.779999733,0,0,0,0,0,0,0,0,0,0,0,0.04,0,0,0,0,0,0,0,0,0,0,0,0,0.1,0.12,0,0.74,0,0
CNL_W25,2025_01_27_10-38-10.jpg,1/27/2025,10:38:10,Centennial Park,2,CNL_W25_T2,21,SURFTRAK,13.59723491,2.583318966,35.12606022,985,13.41666667,47.6194968,-122.3629284,47.6194981,-122.3629269,6.800278664,-6.053816319,47.61950012,-122.3629394,0.847909449,-7.779999733,-6.128089165,VFR_alt,143.7759784,0.095973887,1.477417979,1.57542234,0.083571574,8.305344582,-7.779999733,0,0,0,0,0,0.06,0,0,0,0,0,0,0,0,0,0,0,0,0,0,0,0,0,0,0.04,0,0,0.9,0,0
CNL_W25,2025_01_27_10-38-19.jpg,1/27/2025,10:38:19,Centennial Park,2,CNL_W25_T2,21,SURFTRAK,13.59745726,2.29241453,31.17089521,991,13.5,47.6194896,-122.3629224,47.619491,-122.3629212,6.020449638,-5.623179913,47.61949311,-122.3629337,0.81660256,-7.809999943,-6.126927359,VFR_alt,144.052547,0.089858396,1.422868097,1.461287117,0.105225341,8.335522652,-7.809999943,0,0,0,0,0,0.02,0,0,0,0,0,0,0,0,0,0,0,0,0.02,0,0,0,0.02,0.02,0.06,0.04,0,0.82,0,0
CNL_W25,2025_01_27_10-38-31.jpg,1/27/2025,10:38:31,Centennial Park,2,CNL_W25_T2,21,SURFTRAK,13.605897,2.240600858,30.48471528,999,13.61111111,47.6194805,-122.3629155,47.6194815,-122.3629149,4.95493412,-5.152407169,47.61948353,-122.3629274,0.82197424,-7.879999638,-6.20241716,VFR_alt,143.7750627,0.079605142,1.432227842,1.480743247,0.088065885,8.403207779,-7.879999638,0,0,0,0,0,0,0,0,0,0,0,0,0,0,0,0,0,0,0,0,0,0,0,0,0.08,0.02,0,0.9,0,0
CNL_W25,2025_01_27_10-38-40.jpg,1/27/2025,10:38:40,Centennial Park,2,CNL_W25_T2,21,SURFTRAK,13.60246022,2.319311828,31.54863333,1005,13.66666667,47.6194736,-122.3629083,47.6194761,-122.3629081,4.351876259,-4.642172337,47.6194781,-122.3629206,0.82890321,-7.859999657,-6.189342975,VFR_alt,149.7657235,0.091662042,1.444301048,1.505584515,0.104358955,8.391643524,-7.859999657,0,0.02,0,0,0,0,0,0,0,0,0,0,0,0,0,0,0,0,0,0,0,0,0,0.02,0.14,0.02,0,0.78,0.02,0
CNL_W25,2025_01_27_10-38-46.jpg,1/27/2025,10:38:46,Centennial Park,2,CNL_W25_T2,21,SURFTRAK,13.57643333,4.757244444,64.557606,1011,13.75,47.619466,-122.3629055,47.6194693,-122.3629046,3.598038673,-4.382908344,47.61947132,-122.3629172,0.870111078,-7.879999638,-6.250489496,VFR_alt,163.6543671,0.223914593,1.516102636,1.659798048,0.220802225,8.396552086,-7.879999638,0,0.02,0,0,0,0,0,0,0,0,0,0,0,0,0,0.02,0,0,0,0,0,0,0,0.02,0.14,0.1,0,0.7,0,0
CNL_W25,2025_01_27_10-38-55.jpg,1/27/2025,10:38:55,Centennial Park,2,CNL_W25_T2,21,SURFTRAK,13.60141685,2.677861771,36.41907417,1020,13.88888889,47.6194468,-122.3628949,47.6194554,-122.362896,2.056355476,-3.734566212,47.61945746,-122.3629086,0.844837982,-8.059999466,-6.405014883,VFR_alt,156.4437084,0.152880097,1.472066181,1.564048148,0.20270746,8.582579613,-8.059999466,0,0,0,0,0,0.02,0,0,0,0,0,0,0,0,0,0,0,0,0,0,0,0,0,0.02,0.86,0.02,0,0.08,0,0
CNL_W25,2025_01_27_10-39-01.jpg,1/27/2025,10:39:01,Centennial Park,2,CNL_W25_T2,21,SURFTRAK,13.61383405,1.957931034,26.65339353,1024,13.94444444,47.6194487,-122.3628865,47.6194475,-122.3628899,1.174718857,-3.275353432,47.61944953,-122.3629025,0.823706886,-8.13999939,-6.463664614,VFR_alt,154.9316672,0.119830431,1.435246847,1.486785737,0.138175176,8.660014153,-8.13999939,0,0,0,0,0,0,0,0,0,0,0,0,0,0,0,0,0,0,0,0,0,0,0,0,0.66,0.08,0.04,0.22,0,0
CNL_W25,2025_01_27_10-39-07.jpg,1/27/2025,10:39:07,Centennial Park,2,CNL_W25_T2,21,SURFTRAK,13.59638758,2.979143469,40.50051692,1028,14,47.6194429,-122.3628834,47.6194432,-122.3628846,0.694293976,-2.875891685,47.61944521,-122.3628971,0.773169143,-8.210000038,-6.482836633,VFR_alt,153.9223066,0.121890622,1.347188658,1.31006062,0.1356665,8.738232613,-8.210000038,0,0.02,0,0,0,0,0,0,0,0,0,0,0,0,0,0.02,0,0,0,0,0,0,0,0.02,0.58,0,0,0.36,0,0
CNL_W25,2025_01_27_10-39-17.jpg,1/27/2025,10:39:17,Centennial Park,2,CNL_W25_T2,21,SURFTRAK,13.59459914,2.821918103,38.36271226,1035,14.08333333,47.6194305,-122.3628785,47.6194329,-122.3628782,-0.44828558,-2.402268887,47.61943493,-122.3628908,0.860905149,-8.199999809,-6.559959977,VFR_alt,166.535834,0.143592041,1.500062002,1.6242684,0.13744942,8.723896027,-8.199999809,0,0,0,0,0,0,0,0,0,0,0,0,0,0,0,0,0,0,0,0,0,0,0.04,0.1,0.36,0.22,0.02,0.26,0,0
CNL_W25,2025_01_27_10-39-26.jpg,1/27/2025,10:39:26,Centennial Park,2,CNL_W25_T2,21,SURFTRAK,13.60651678,2.239821029,30.47288268,1041,14.16666667,47.6194198,-122.3628755,47.6194258,-122.3628747,-1.211778164,-2.147110939,47.61942806,-122.3628874,0.778344492,-8.349999428,-6.626755744,VFR_alt,166.9663086,0.08167057,1.356206312,1.327814012,0.088816569,8.874689102,-8.349999428,0,0,0,0,0,0,0,0,0,0,0,0,0,0,0,0,0,0,0,0,0,0,0,0.04,0.6,0.08,0.02,0.24,0.02,0
EBM_S24,2024_10_09_10-17-38.jpg,10/9/2024,10:17:38,Elliott Bay Marina,2,EBM_S24_T2,21,SURFTRAK,13.6194859,1.91626898,26.09716095,0,0,47.6271079,-122.3916024,47.6271238,-122.391587,0,0,47.6271079,-122.3916024,0.847071567,-9.130000114,-6.818626983,VFR_alt,260.6548189,0.074182292,1.475958034,1.573335751,0,9.253196716,-9.130000114,0,0.02,0,0,0,0,0,0,0,0.54,0,0,0,0.04,0.04,0,0,0.06,0,0,0,0,0.2,0,0,0,0,0,0,0.1
EBM_S24,2024_10_09_10-17-47.jpg,10/9/2024,10:17:47,Elliott Bay Marina,2,EBM_S24_T2,21,SURFTRAK,13.60938344,2.067843137,28.14178789,5,0.055555556,47.6271051,-122.391601,47.6271239,-122.3915969,0.02413559,-0.745258331,47.62710812,-122.3916123,0.495076244,-9.229999542,-6.566675644,VFR_alt,333.727653,0.05956619,0.86263285,0.53787307,0.043148256,9.363741875,-9.229999542,0,0.08,0,0,0,0,0,0,0,0.3,0,0,0,0.02,0.04,0,0,0.02,0.04,0,0,0,0.42,0,0,0,0,0,0,0.08
EBM_S24,2024_10_09_10-17-56.jpg,10/9/2024,10:17:56,Elliott Bay Marina,2,EBM_S24_T2,21,SURFTRAK,13.58783478,3.166956522,42.91186957,10,0.138888889,47.6271095,-122.3916161,47.627124,-122.3916025,0.03030014,-1.166874886,47.62710817,-122.3916179,0.74632606,-8.819999695,-6.408151514,VFR_alt,325.9170923,0.06558685,1.30041662,1.221351296,0.061860354,8.947642326,-8.819999695,0,0,0,0,0,0,0,0,0.02,0.26,0,0,0,0.04,0.02,0,0,0,0.16,0,0,0,0.44,0,0,0,0,0,0,0.06
EBM_S24,2024_10_09_10-18-05.jpg,10/9/2024,10:18:05,Elliott Bay Marina,2,EBM_S24_T2,21,SURFTRAK,13.59038612,3.973318872,53.9919564,18,0.25,47.6271193,-122.3916315,47.6271267,-122.3916128,0.33442688,-1.922925949,47.62711091,-122.391628,0.825010822,-8.429999352,-6.097298372,VFR_alt,266.943402,0.110748938,1.437518857,1.492741698,0.125317223,8.55602932,-8.429999352,0,0,0,0,0,0,0,0,0,0.82,0,0,0,0.02,0,0,0,0,0.04,0,0,0,0.12,0,0,0,0,0,0,0
EBM_S24,2024_10_09_10-18-14.jpg,10/9/2024,10:18:14,Elliott Bay Marina,2,EBM_S24_T2,21,SURFTRAK,13.59406074,2.96010846,40.23993651,24,0.333333333,47.627118,-122.3916609,47.6271229,-122.39163,-0.102458954,-3.215653896,47.62710698,-122.3916452,0.915184368,-8.88999939,-6.648144088,VFR_alt,264.3624096,0.119270944,1.594639428,1.836354711,0.150059313,8.997281075,-8.88999939,0,0,0,0,0,0,0,0,0,0.8,0,0,0,0.02,0,0,0,0,0,0,0,0,0.16,0,0,0,0,0,0,0.02
EBM_S24,2024_10_09_10-18-23.jpg,10/9/2024,10:18:23,Elliott Bay Marina,2,EBM_S24_T2,21,SURFTRAK,13.63075717,1.590883002,21.68435728,29,0.388888889,47.627116,-122.3916513,47.6271215,-122.3916438,-0.250930786,-4.25551939,47.62710564,-122.391659,0.504701982,-9.519999504,-6.868445843,VFR_alt,277.9426611,0.052038508,0.879404969,0.55821378,0.068489962,9.640966415,-9.519999504,0,0,0,0,0,0,0,0,0,0.86,0,0,0,0.04,0,0,0,0,0,0,0,0,0.08,0,0,0,0,0,0,0.02
EBM_S24,2024_10_09_10-18-32.jpg,10/9/2024,10:18:32,Elliott Bay Marina,2,EBM_S24_T2,21,SURFTRAK,13.59217241,2.397931034,32.59346828,34,0.444444444,47.6271178,-122.391641,47.6271206,-122.3916493,-0.351528168,-4.66746521,47.62710474,-122.3916645,0.845991379,-9.18999958,-6.880531095,VFR_alt,267.0646088,0.062961615,1.474075887,1.58841731,0.04765598,9.29942131,-9.18999958,0,0,0,0,0,0,0,0,0,0.76,0,0,0,0.04,0,0,0,0,0,0,0,0,0.2,0,0,0,0,0,0,0
EBM_S24,2024_10_09_10-18-42.jpg,10/9/2024,10:18:42,Elliott Bay Marina,2,EBM_S24_T2,21,SURFTRAK,13.60705652,2.138630435,29.1005677,39,0.527777778,47.6271257,-122.3916666,47.6271216,-122.3916625,-0.237474442,-5.650143862,47.62710576,-122.3916776,0.503760859,-9.699999809,-7.04907699,VFR_alt,295.1412764,0.108690602,0.877765134,0.562092992,0.122582658,9.828370094,-9.699999809,0,0.02,0,0,0,0,0,0,0,0.64,0.02,0,0,0.06,0,0,0,0.04,0.02,0,0,0,0.16,0,0,0,0,0,0,0.04
EBM_S24,2024_10_09_10-18-51.jpg,10/9/2024,10:18:51,Elliott Bay Marina,2,EBM_S24_T2,21,SURFTRAK,13.63801499,1.42,19.36598128,45,0.611111111,47.6271358,-122.3916799,47.6271264,-122.3916733,0.287448883,-6.469883442,47.62711049,-122.3916885,0.727237656,-9.710000038,-7.283045752,VFR_alt,312.722713,0.093954706,1.267156523,1.162893897,0.107712013,9.82611084,-9.710000038,0,0.1,0,0,0,0,0,0,0,0.78,0,0,0,0.02,0,0,0,0,0,0,0,0,0.06,0,0,0,0,0,0,0.04
EBM_S24,2024_10_09_10-19-00.jpg,10/9/2024,10:19:00,Elliott Bay Marina,2,EBM_S24_T2,21,SURFTRAK,13.62549781,1.775833333,24.19659279,50,0.666666667,47.6271448,-122.3917023,47.6271313,-122.3916828,0.834747314,-7.181150794,47.62711541,-122.3916979,0.791600858,-9.399999619,-7.037600477,VFR_alt,296.6230424,0.023575382,1.379304525,1.37473229,0.048661066,9.525634766,-9.399999619,0,0,0,0,0,0,0,0,0,0.9,0,0,0,0,0,0,0,0,0,0,0,0,0.04,0,0,0,0,0,0,0.06
EBM_S24,2024_10_09_10-19-09.jpg,10/9/2024,10:19:09,Elliott Bay Marina,2,EBM_S24_T2,21,SURFTRAK,13.60798678,2.294713656,31.2265385,57,0.777777778,47.6271519,-122.3917238,47.6271358,-122.3916972,1.340009689,-8.25750643,47.62711995,-122.3917123,0.724383236,-9.979999542,-7.550207777,VFR_alt,292.0574903,0.092272308,1.262182911,1.150526728,0.144195154,10.1056385,-9.979999542,0,0,0,0,0,0,0,0,0,0.58,0,0,0,0,0,0,0,0,0,0,0,0,0.4,0.02,0,0,0,0,0,0
EBM_S24,2024_10_09_10-19-18.jpg,10/9/2024,10:19:18,Elliott Bay Marina,2,EBM_S24_T2,21,SURFTRAK,13.61545934,1.721516484,23.43930879,61,0.833333333,47.6271602,-122.3917128,47.6271392,-122.391706,1.713134766,-8.924204603,47.62712331,-122.3917211,0.736835149,-9.88999939,-7.472182403,VFR_alt,291.263464,0.050082359,1.283879427,1.18997584,0.07076755,10.01369762,-9.88999939,0,0,0,0,0,0,0,0,0,0.76,0,0,0,0.02,0,0,0,0,0,0,0,0,0.12,0,0,0.1,0,0,0,0
EBM_S24,2024_10_09_10-19-27.jpg,10/9/2024,10:19:27,Elliott Bay Marina,2,EBM_S24_T2,21,SURFTRAK,13.63643326,1.478665208,20.16364967,66,0.888888889,47.6271662,-122.3917265,47.6271439,-122.3917188,2.236000061,-9.872094452,47.62712801,-122.3917337,0.639365394,-9.949999809,-7.434031599,VFR_alt,293.2707302,0.100492771,1.114045762,0.897675116,0.106850163,10.07711983,-9.949999809,0,0,0,0,0,0,0,0,0,0.86,0,0,0,0,0,0,0,0,0,0,0,0,0,0,0,0.02,0,0,0,0.12
EBM_S24,2024_10_09_10-19-36.jpg,10/9/2024,10:19:36,Elliott Bay Marina,2,EBM_S24_T2,21,SURFTRAK,13.61838581,1.853858093,25.24655712,70,0.944444444,47.6271726,-122.391742,47.6271491,-122.39173,2.799688339,-10.71377945,47.62713308,-122.3917449,0.787294879,-9.819999695,-7.451172969,VFR_alt,300.546127,0.085181883,1.371801684,1.361611606,0.146304473,9.940745354,-9.819999695,0,0,0,0,0,0,0,0,0,0.78,0,0,0,0,0,0,0,0,0,0,0,0,0.18,0,0,0.02,0,0,0,0.02
EBM_S24,2024_10_09_10-19-45.jpg,10/9/2024,10:19:45,Elliott Bay Marina,2,EBM_S24_T2,21,SURFTRAK,13.61514565,2.176695652,29.63599096,75,1.027777778,47.6271752,-122.3917509,47.6271549,-122.3917407,3.447788239,-11.51930118,47.62713891,-122.3917557,0.641913044,-9.769999504,-7.25499421,VFR_alt,316.6463813,0.100529121,1.118484849,0.904229362,0.100737459,9.908102036,-9.769999504,0,0.04,0,0,0,0,0,0,0,0.8,0,0,0,0,0,0,0,0,0,0,0,0,0.14,0,0,0.02,0,0,0,0
EBM_S24,2024_10_09_10-19-54.jpg,10/9/2024,10:19:54,Elliott Bay Marina,2,EBM_S24_T2,21,SURFTRAK,13.63705616,1.360064795,18.5473132,79,1.055555556,47.627187,-122.3917646,47.6271607,-122.3917493,4.10704422,-12.16833162,47.62714484,-122.3917643,0.875853119,-9.309999466,-7.028226582,VFR_alt,301.8381865,0.045793208,1.526107707,1.682408734,0.0751515,9.449894905,-9.309999466,0,0.02,0,0,0,0,0,0,0,0.6,0,0,0.02,0,0.04,0,0,0.04,0,0,0,0,0.08,0,0.02,0.04,0.04,0,0,0.1
EBM_S24,2024_10_09_10-20-03.jpg,10/9/2024,10:20:03,Elliott Bay Marina,2,EBM_S24_T2,21,SURFTRAK,13.64471806,1.234625551,16.84538802,83,1.138888889,47.6271964,-122.3917483,47.627167,-122.3917591,4.797338486,-12.90866446,47.62715105,-122.3917741,0.630198233,-9.399999619,-6.872050153,VFR_alt,296.7683144,0.086202311,1.098072679,0.870757817,0.122710584,9.524503708,-9.399999619,0,0,0,0,0,0,0.02,0,0,0.88,0,0,0,0,0,0,0,0.02,0,0,0,0,0.04,0,0,0,0,0,0,0.04
EBM_S24,2024_10_09_10-20-12.jpg,10/9/2024,10:20:12,Elliott Bay Marina,2,EBM_S24_T2,21,SURFTRAK,13.61269935,2.58,35.12076431,88,1.194444444,47.6271963,-122.3917484,47.627173,-122.3917671,5.458902359,-13.50908327,47.627157,-122.3917821,0.820784303,-9.519999504,-7.182343257,VFR_alt,304.257412,0.082630183,1.430154468,1.476996245,0.077403154,9.622013092,-9.519999504,0,0,0,0,0,0,0,0,0,0.82,0,0,0,0,0,0,0,0,0,0,0,0,0,0,0,0,0,0,0,0.18
EBM_S24,2024_10_09_10-20-21.jpg,10/9/2024,10:20:21,Elliott Bay Marina,2,EBM_S24_T2,21,SURFTRAK,13.66533405,1.13496788,15.50990756,93,1.277777778,47.6271963,-122.3917531,47.6271772,-122.3917733,5.94420433,-13.9753046,47.62716136,-122.3917883,0.726638081,-9.559999466,-7.128092133,VFR_alt,312.0228373,0.046739578,1.266111808,1.157084075,0.045423974,9.692079544,-9.559999466,0,0,0,0,0,0,0,0,0,0.94,0,0,0,0,0,0,0,0,0,0,0,0,0.02,0,0,0,0,0,0,0.04
EBM_S24,2024_10_09_10-20-30.jpg,10/9/2024,10:20:30,Elliott Bay Marina,2,EBM_S24_T2,21,SURFTRAK,13.6406841,1.574640523,21.47918096,97,1.333333333,47.6271903,-122.3917561,47.62718,-122.3917766,6.263650894,-14.22328138,47.62716424,-122.3917916,0.72206969,-9.569999695,-7.133559032,VFR_alt,308.5709866,0.060536528,1.258151733,1.145717955,0.046393705,9.694664955,-9.569999695,0,0.04,0,0,0,0,0,0,0,0.68,0,0,0,0,0,0,0,0,0,0,0,0,0.24,0,0,0.02,0,0,0,0.02
EBM_S24,2024_10_09_10-20-39.jpg,10/9/2024,10:20:39,Elliott Bay Marina,2,EBM_S24_T2,21,SURFTRAK,13.62577124,1.638932462,22.33170255,101,1.361111111,47.6271861,-122.3917664,47.6271805,-122.3917814,6.327554703,-14.59647322,47.62716481,-122.3917966,0.682331153,-9.649999619,-7.173947343,VFR_alt,307.2863513,0.049750602,1.188910343,1.026094993,0.044383729,9.777894974,-9.649999619,0,0,0,0,0,0,0,0,0,0.64,0,0,0,0.06,0.02,0,0,0.02,0.06,0,0,0,0.2,0,0,0,0,0,0,0
EBM_S24,2024_10_09_10-20-48.jpg,10/9/2024,10:20:48,Elliott Bay Marina,2,EBM_S24_T2,21,SURFTRAK,13.60639869,2.217015251,30.16563318,106,1.444444444,47.6271788,-122.3917728,47.6271824,-122.3917894,6.537706375,-15.19203711,47.6271667,-122.3918045,0.881111095,-9.659999847,-7.38289824,VFR_alt,307.4466746,0.116574067,1.535269332,1.701684232,0.092062539,9.780769348,-9.659999847,0,0,0,0,0,0,0,0,0,0.7,0,0,0,0,0.02,0,0,0,0,0,0,0,0.2,0,0,0,0,0,0,0.08
EBM_S24,2024_10_09_10-20-57.jpg,10/9/2024,10:20:57,Elliott Bay Marina,2,EBM_S24_T2,2,ALT_HOLD,13.64555361,1.490897155,20.34390746,110,1.5,47.6271696,-122.3917961,47.6271835,-122.3917962,6.654680252,-15.70714808,47.62716775,-122.3918114,0.535995592,-9.800000191,-7.177949548,VFR_alt,318.9943316,0.041961479,0.933931714,0.629827175,0.03437483,9.917442322,-9.800000191,0,0.020408163,0,0,0,0,0,0,0,0.714285714,0,0,0,0,0,0,0,0,0,0,0,0,0.163265306,0,0,0,0.020408163,0,0,0.081632653
EBM_S24,2024_10_09_10-21-06.jpg,10/9/2024,10:21:06,Elliott Bay Marina,2,EBM_S24_T2,2,ALT_HOLD,13.58613232,3.396312364,46.14182382,116,1.583333333,47.6271654,-122.3918246,47.6271839,-122.3918045,6.702482224,-16.3229351,47.62716818,-122.3918196,0.669414297,-9.510000229,-7.021485474,VFR_alt,327.5366056,0.112937196,1.1664037,0.985630625,0.132046071,9.626684189,-9.510000229,0,0.06,0,0,0,0,0,0,0,0.6,0,0,0,0,0.1,0,0,0.02,0,0,0,0,0.16,0,0,0,0,0.02,0,0.04
EBM_S24,2024_10_09_10-21-15.jpg,10/9/2024,10:21:15,Elliott Bay Marina,2,EBM_S24_T2,2,ALT_HOLD,13.62219348,2.090826087,28.48046304,122,1.666666667,47.6271686,-122.3918238,47.6271831,-122.3918171,6.602033615,-17.27200699,47.62716728,-122.3918322,0.626065206,-9.349999428,-6.818193766,VFR_alt,304.7560062,0.094137986,1.090871192,0.859446772,0.098938483,9.475741386,-9.349999428,0,0,0,0,0,0,0,0,0,0.58,0,0,0,0.02,0.14,0,0,0,0,0,0,0,0.24,0,0,0,0,0,0,0.02
EBM_S24,2024_10_09_10-21-24.jpg,10/9/2024,10:21:24,Elliott Bay Marina,2,EBM_S24_T2,2,ALT_HOLD,13.65657826,1.297478261,17.71910783,127,1.722222222,47.6271558,-122.3918704,47.627179,-122.3918292,6.141885757,-18.18158531,47.62716314,-122.3918443,0.453456516,-9.659999847,-6.955597749,VFR_alt,293.2620034,0.042186549,0.790113626,0.452253288,0.123069457,9.782579422,-9.659999847,0,0,0,0,0,0,0,0,0,1,0,0,0,0,0,0,0,0,0,0,0,0,0,0,0,0,0,0,0,0
EBM_S24,2024_10_09_10-21-33.jpg,10/9/2024,10:21:33,Elliott Bay Marina,2,EBM_S24_T2,2,ALT_HOLD,13.60331263,2.366895075,32.19719139,132,1.777777778,47.6271456,-122.3918839,47.6271752,-122.391839,5.717580795,-18.91518307,47.62715932,-122.3918541,1.074518162,-9.329999924,-7.246639239,VFR_alt,297.5707862,0.049327295,1.872266495,2.530618594,0.145275388,9.445907593,-9.329999924,0,0,0,0,0,0,0,0,0,0.86,0,0,0,0,0,0,0,0,0,0,0,0,0.02,0,0,0.02,0,0.02,0,0.08
EBM_S24,2024_10_09_10-21-42.jpg,10/9/2024,10:21:42,Elliott Bay Marina,2,EBM_S24_T2,2,ALT_HOLD,13.64374672,1.436681223,19.60179738,138,1.888888889,47.627158,-122.3918626,47.6271737,-122.3918519,5.549978256,-19.88170242,47.62715782,-122.3918669,0.705305649,-9.649999619,-7.197387149,VFR_alt,299.0666558,0.057243515,1.228941662,1.090674365,0.08716375,9.777813911,-9.649999619,0,0,0,0,0,0,0,0,0,0.64,0,0,0,0,0.02,0,0,0.04,0.02,0,0,0,0.26,0,0,0,0,0,0,0.02
EBM_S24,2024_10_09_10-21-51.jpg,10/9/2024,10:21:51,Elliott Bay Marina,2,EBM_S24_T2,2,ALT_HOLD,13.64234348,1.464869565,19.98436122,143,1.944444444,47.6271501,-122.3918918,47.6271723,-122.3918644,5.396699905,-20.8153944,47.62715644,-122.3918793,0.68547826,-9.550000191,-7.077515465,VFR_alt,293.2203177,0.060797882,1.194393939,1.029799253,0.089578376,9.679233551,-9.550000191,0,0,0,0,0,0,0,0,0,0.48,0,0,0.02,0.06,0,0,0,0,0.06,0,0,0,0.24,0,0,0.1,0.02,0,0,0.02
EBM_S24,2024_10_09_10-22-00.jpg,10/9/2024,10:22:00,Elliott Bay Marina,2,EBM_S24_T2,2,ALT_HOLD,13.63817904,1.835065502,25.02804109,146,2,47.6271525,-122.391902,47.627169,-122.3918758,5.031904221,-21.6718998,47.62715316,-122.3918907,0.819039268,-9.349999428,-7.011038696,VFR_alt,297.4546452,0.056174868,1.427113876,1.47547976,0.100499863,9.479607582,-9.349999428,0,0,0,0,0,0,0,0,0,0.46,0,0,0,0,0.06,0,0,0,0.04,0,0,0,0.32,0,0,0.06,0,0,0,0.06
EBM_S24,2024_10_09_10-22-09.jpg,10/9/2024,10:22:09,Elliott Bay Marina,2,EBM_S24_T2,2,ALT_HOLD,13.66214912,1.84002193,25.13942763,152,2.055555556,47.6271639,-122.3919025,47.6271701,-122.3918878,5.162843704,-22.56826115,47.6271543,-122.3919025,0.354407882,-9.38999939,-6.58638836,VFR_alt,296.8067246,0.056112241,0.617528885,0.308735219,0.070400596,9.515913963,-9.38999939,0,0,0,0,0,0,0,0,0,0.42,0,0,0,0,0.14,0,0,0.1,0.14,0,0,0,0.16,0,0,0,0,0,0,0.04
EBM_S24,2024_10_09_10-22-18.jpg,10/9/2024,10:22:18,Elliott Bay Marina,2,EBM_S24_T2,2,ALT_HOLD,13.62696188,1.711085044,23.31599214,157,2.138888889,47.6271773,-122.3918888,47.6271688,-122.3918933,5.012216568,-22.97728443,47.62715295,-122.391908,0.802668617,-9.380000114,-7.024646485,VFR_alt,245.2884592,0.051993707,1.398589257,1.41824725,0.036824122,9.502625465,-9.380000114,0,0,0,0,0,0,0,0,0,0.66,0,0,0,0.04,0.02,0,0,0,0.06,0,0,0,0.22,0,0,0,0,0,0,0
EBM_S24,2024_10_09_10-22-27.jpg,10/9/2024,10:22:27,Elliott Bay Marina,2,EBM_S24_T2,2,ALT_HOLD,13.65440355,1.390509978,18.98664905,161,2.194444444,47.627182,-122.3919033,47.6271697,-122.3919013,5.121610641,-23.58387661,47.62715393,-122.391916,0.460776047,-9.659999847,-6.962760167,VFR_alt,260.876322,0.057833973,0.802867355,0.465490708,0.05995167,9.790374756,-9.659999847,0,0,0,0,0,0,0,0,0,0.46,0,0,0,0.04,0.02,0,0,0.02,0.04,0,0,0,0.42,0,0,0,0,0,0,0
EBM_S24,2024_10_09_10-22-36.jpg,10/9/2024,10:22:36,Elliott Bay Marina,2,EBM_S24_T2,2,ALT_HOLD,13.652,1.400958606,19.12588688,165,2.25,47.62719,-122.3919026,47.627171,-122.3919066,5.257925034,-23.98713684,47.62715516,-122.3919214,0.629084963,-9.63999939,-7.111079275,VFR_alt,264.1748889,0.044922022,1.096132891,0.867571154,0.049897903,9.766496658,-9.63999939,0,0,0,0,0,0,0,0,0,0.62,0,0,0,0.02,0.06,0,0,0.04,0.02,0,0,0,0.24,0,0,0,0,0,0,0
EBM_S24,2024_10_09_10-22-45.jpg,10/9/2024,10:22:45,Elliott Bay Marina,2,EBM_S24_T2,2,ALT_HOLD,13.63940535,1.367349666,18.65001109,169,2.305555556,47.6272007,-122.3918969,47.6271737,-122.391911,5.564855576,-24.31127548,47.62715792,-122.3919257,0.62585746,-9.659999847,-7.127861288,VFR_alt,268.7739982,0.038904384,1.090509211,0.858872063,0.056145677,9.781567574,-9.659999847,0,0,0,0,0,0,0,0,0,0.6,0,0,0,0.04,0.06,0,0,0.14,0.02,0,0,0,0.14,0,0,0,0,0,0,0
EBM_S24,2024_10_09_10-22-54.jpg,10/9/2024,10:22:54,Elliott Bay Marina,2,EBM_S24_T2,2,ALT_HOLD,13.6435,1.445,19.714835,172,2.333333333,47.6272005,-122.3919065,47.6271759,-122.3919157,5.803606033,-24.66439152,47.62716006,-122.3919304,0.73506549,-9.630000114,-7.20707133,VFR_alt,268.9814451,0.050365413,1.280795929,1.184666237,0.059687507,9.752705574,-9.630000114,0,0.02,0,0,0,0,0,0,0,0.32,0,0,0,0.2,0.1,0,0,0.06,0,0,0,0,0.3,0,0,0,0,0,0,0
EBM_S24,2024_10_09_10-23-03.jpg,10/9/2024,10:23:03,Elliott Bay Marina,2,EBM_S24_T2,21,SURFTRAK,13.64509009,1.486554054,20.28420295,176,2.388888889,47.6272092,-122.3919138,47.6271797,-122.3919191,6.231607437,-24.92528343,47.62716391,-122.3919339,0.851846809,-9.18999958,-6.883840918,VFR_alt,271.1243714,0.012748128,1.484278531,1.590228137,0.03694097,9.318328857,-9.18999958,0,0,0,0,0,0,0,0,0,0.22,0,0,0,0.2,0.1,0,0,0.08,0,0,0,0,0.36,0,0,0,0,0,0,0.04
EBM_W25,2025_01_28_10-14-27.jpg,1/28/2025,10:14:27,Elliott Bay Marina,2,EBM_W25_T2,21,SURFTRAK,13.63204536,1.932397408,26.34227028,0,0,47.6271875,-122.3918938,47.6271846,-122.3919006,0,0,47.6271875,-122.3918938,0.660302342,-8.979999542,-7.255537813,VFR_alt,278.0772546,0.034365991,1.150526808,0.955381127,0,9.218976021,-8.979999542,0,0,0,0,0,0,0,0,0.02,0.36,0,0,0.02,0.1,0,0,0,0.04,0,0,0,0,0.38,0,0,0,0,0.02,0,0.06
EBM_W25,2025_01_28_10-14-45.jpg,1/28/2025,10:14:45,Elliott Bay Marina,2,EBM_W25_T2,21,SURFTRAK,13.61124622,2.084319654,28.37018695,10,0.138888889,47.6271894,-122.3919019,47.627189,-122.3919112,0.487041473,-0.796079636,47.62719188,-122.3919044,0.698401711,-8.989999771,-7.305064542,VFR_alt,281.13836,0.097097794,1.216912073,1.069381005,0.080605764,9.228611946,-8.989999771,0,0,0,0,0,0,0,0,0,0.36,0,0,0,0.18,0,0,0,0.02,0.02,0,0,0,0.4,0,0,0,0.02,0,0,0
EBM_W25,2025_01_28_10-15-03.jpg,1/28/2025,10:15:03,Elliott Bay Marina,2,EBM_W25_T2,21,SURFTRAK,13.59649458,2.354880694,32.01811523,21,0.277777778,47.6271981,-122.3919187,47.6271944,-122.3919238,1.092988014,-1.737167358,47.62719733,-122.3919169,0.765184356,-8.470000267,-6.853453711,VFR_alt,278.2692116,0.018375999,1.333275771,1.288408742,0.060556513,8.704902649,-8.470000267,0,0,0,0,0,0,0,0,0,0.32,0,0,0,0.02,0,0,0,0,0,0,0,0,0.52,0,0.02,0.08,0,0,0,0.04
EBM_W25,2025_01_28_10-15-18.jpg,1/28/2025,10:15:18,Elliott Bay Marina,2,EBM_W25_T2,21,SURFTRAK,13.612,2.125194805,28.92815169,31,0.416666667,47.6272051,-122.3919271,47.6271996,-122.3919346,1.665947914,-2.551109314,47.62720248,-122.3919277,0.675627691,-8.550000191,-6.84519547,VFR_alt,276.1611166,0.087179955,1.177230068,1.00072259,0.078552923,8.787696838,-8.550000191,0,0.06,0,0,0,0,0,0,0,0.12,0,0,0,0.1,0.04,0,0,0.02,0.02,0,0,0,0.54,0,0,0.02,0.02,0,0,0.06
EBM_W25,2025_01_28_10-15-33.jpg,1/28/2025,10:15:33,Elliott Bay Marina,2,EBM_W25_T2,21,SURFTRAK,13.6027694,2.231702586,30.35735741,40,0.527777778,47.6272068,-122.3919368,47.6272044,-122.3919459,2.202605247,-3.398918152,47.62720731,-122.391939,0.631228422,-8.869999886,-7.121934779,VFR_alt,284.0079909,0.054509628,1.099867705,0.890054614,0.0389631,9.108812332,-8.869999886,0,0,0,0,0,0,0,0,0,0.42,0,0,0,0.14,0,0,0,0,0,0,0,0,0.36,0,0,0.04,0,0,0,0.04
EBM_W25,2025_01_28_10-15-54.jpg,1/28/2025,10:15:54,Elliott Bay Marina,2,EBM_W25_T2,21,SURFTRAK,13.62032898,1.951721133,26.5830949,51,0.694444444,47.627209,-122.3919522,47.6272079,-122.3919587,2.59175396,-4.356555939,47.6272105,-122.3919516,0.590435737,-8.88999939,-7.102256586,VFR_alt,278.7160896,0.074750946,1.028789542,0.765155268,0.063373415,9.130098343,-8.88999939,0,0,0,0,0,0,0,0,0,0.8,0,0,0.02,0.02,0,0,0,0,0,0,0,0,0.14,0,0,0,0,0.02,0,0
EBM_W25,2025_01_28_10-16-09.jpg,1/28/2025,10:16:09,Elliott Bay Marina,2,EBM_W25_T2,21,SURFTRAK,13.61274837,1.956659436,26.63550009,60,0.805555556,47.627211,-122.3919636,47.6272095,-122.3919696,2.769258499,-5.177354813,47.62721209,-122.3919625,0.683448991,-8.93999958,-7.245584958,VFR_alt,278.8429041,0.06892347,1.19085809,1.024239495,0.067161091,9.167217255,-8.93999958,0,0.02,0,0,0,0,0,0,0.02,0.32,0,0,0,0.04,0,0,0,0,0,0,0,0,0.34,0,0.02,0.22,0.02,0,0,0
EBM_W25,2025_01_28_10-16-24.jpg,1/28/2025,10:16:24,Elliott Bay Marina,2,EBM_W25_T2,21,SURFTRAK,13.6211048,2.10580786,28.68340904,69,0.916666667,47.6272139,-122.3919828,47.627213,-122.3919846,3.162474632,-6.303003311,47.62721563,-122.3919775,0.678580754,-8.840000153,-7.140697128,VFR_alt,289.6674375,0.090307039,1.182375556,1.009965306,0.084099847,9.078514099,-8.840000153,0,0.04,0,0,0,0,0,0,0,0.4,0,0,0,0,0,0,0,0,0,0,0,0,0.24,0,0,0.24,0.06,0,0.02,0
EBM_W25,2025_01_28_10-16-33.jpg,1/28/2025,10:16:33,Elliott Bay Marina,2,EBM_W25_T2,21,SURFTRAK,13.61002345,2.17880597,29.65361181,75,1,47.62722,-122.3919988,47.627216,-122.3919938,3.501221657,-6.988704681,47.62721868,-122.3919866,0.713816608,-8.699999809,-7.035849332,VFR_alt,288.8707741,0.067424108,1.243771363,1.117158378,0.084312309,8.930168152,-8.699999809,0,0.06,0,0,0,0,0,0,0,0.5,0,0,0,0.04,0,0,0,0,0,0,0,0,0.36,0,0,0,0,0.04,0,0
EBM_W25,2025_01_28_10-16-45.jpg,1/28/2025,10:16:45,Elliott Bay Marina,2,EBM_W25_T2,21,SURFTRAK,13.60038612,2.242277657,30.49595857,83,1.111111111,47.6272202,-122.3920132,47.6272198,-122.3920067,3.920068741,-7.961999893,47.62722244,-122.3919996,0.841106263,-8.199999809,-6.663043191,VFR_alt,279.9266195,0.069049627,1.465563944,1.550392434,0.07977179,8.433949471,-8.199999809,0,0,0,0,0,0,0,0,0,0.32,0,0,0,0.06,0,0,0,0.1,0,0,0,0,0.42,0,0,0,0,0,0,0.1
EBM_W25,2025_01_28_10-17-00.jpg,1/28/2025,10:17:00,Elliott Bay Marina,2,EBM_W25_T2,21,SURFTRAK,13.60533772,2.159912281,29.38634952,92,1.25,47.6272189,-122.3920191,47.6272221,-122.3920217,4.173756599,-9.083757401,47.62722472,-122.3920145,0.705921021,-8.470000267,-6.797921288,VFR_alt,286.0558016,0.054934909,1.230013901,1.092854004,0.047575611,8.704426765,-8.470000267,0,0,0,0,0,0,0,0,0,0.56,0,0,0,0.1,0,0,0,0.06,0.02,0,0,0,0.26,0,0,0,0,0,0,0
EBM_W25,2025_01_28_10-17-15.jpg,1/28/2025,10:17:15,Elliott Bay Marina,2,EBM_W25_T2,21,SURFTRAK,13.60577922,2.245844156,30.55636169,101,1.361111111,47.6272225,-122.3920321,47.627224,-122.392033,4.384659767,-9.933773994,47.62722662,-122.3920258,0.82268397,-8.63999939,-7.085083361,VFR_alt,285.8841085,0.063063056,1.433464493,1.483831044,0.063951194,8.870055199,-8.63999939,0,0,0,0,0,0,0,0,0,0.38,0,0,0,0.1,0.04,0.02,0,0,0.04,0,0,0,0.38,0.02,0,0.02,0,0,0,0
EBM_W25,2025_01_28_10-17-30.jpg,1/28/2025,10:17:30,Elliott Bay Marina,2,EBM_W25_T2,21,SURFTRAK,13.60492857,2.251060606,30.62557422,110,1.5,47.6272214,-122.3920439,47.6272253,-122.3920462,4.531805992,-10.92336845,47.62722795,-122.392039,0.713116868,-8.710000038,-7.046120038,VFR_alt,286.6618062,0.059051934,1.242552119,1.115270819,0.045239724,8.947206497,-8.710000038,0,0.02,0,0,0,0,0,0,0,0.4,0,0,0,0.04,0.02,0,0,0.06,0,0,0,0,0.42,0,0,0.04,0,0,0,0
EBM_W25,2025_01_28_10-17-42.jpg,1/28/2025,10:17:42,Elliott Bay Marina,2,EBM_W25_T2,21,SURFTRAK,13.6,2.408295964,32.75282511,118,1.583333333,47.6272255,-122.3920552,47.6272266,-122.3920584,4.674862862,-11.83979511,47.62722923,-122.3920512,0.810381143,-8.789999962,-7.223875439,VFR_alt,281.6824703,0.088736984,1.412027749,1.442942388,0.079914157,9.020856857,-8.789999962,0,0,0,0,0,0,0,0,0,0.24,0,0,0.02,0.04,0.08,0,0,0,0.08,0,0,0,0.46,0.02,0,0,0,0.06,0,0
EBM_W25,2025_01_28_10-17-54.jpg,1/28/2025,10:17:54,Elliott Bay Marina,2,EBM_W25_T2,21,SURFTRAK,13.60013607,2.269287257,30.86252363,126,1.694444444,47.6272256,-122.392078,47.627228,-122.3920735,4.834983826,-12.96789932,47.62723067,-122.3920662,0.761835836,-8.960000038,-7.345715604,VFR_alt,282.9842716,0.0865495,1.327441229,1.273325869,0.100734682,9.191903114,-8.960000038,0,0.14,0,0,0,0,0,0,0,0.22,0,0,0.02,0.06,0.04,0,0,0.04,0.04,0,0,0,0.42,0,0,0.02,0,0,0,0
EBM_W25,2025_01_28_10-18-06.jpg,1/28/2025,10:18:06,Elliott Bay Marina,2,EBM_W25_T2,21,SURFTRAK,13.59784698,2.506788793,34.08690774,134,1.805555556,47.6272289,-122.392096,47.6272291,-122.3920877,4.953564644,-14.03584003,47.62723174,-122.3920804,0.830323257,-8.929999352,-7.3843817,VFR_alt,282.2679415,0.092236919,1.446775373,1.511874824,0.118034772,9.156046867,-8.929999352,0,0.02,0,0,0,0,0,0,0,0.28,0,0,0,0.08,0,0,0,0,0.02,0,0,0,0.52,0,0,0.02,0,0.04,0,0.02
EBM_W25,2025_01_28_10-18-15.jpg,1/28/2025,10:18:15,Elliott Bay Marina,2,EBM_W25_T2,21,SURFTRAK,13.60703854,2.140299786,29.12318184,140,1.888888889,47.6272274,-122.3921007,47.62723,-122.3920999,5.05710125,-14.94955635,47.62723267,-122.3920925,0.702055661,-9.159999847,-7.486111343,VFR_alt,290.5044201,0.079866177,1.223278803,1.080092655,0.076673006,9.394784927,-9.159999847,0,0.04,0,0,0,0,0,0,0,0.42,0,0,0,0,0.02,0,0,0.02,0.02,0,0,0,0.14,0,0,0.26,0,0.06,0,0.02
EBM_W25,2025_01_28_10-18-27.jpg,1/28/2025,10:18:27,Elliott Bay Marina,2,EBM_W25_T2,21,SURFTRAK,13.60287957,2.24516129,30.54062718,147,1.972222222,47.6272287,-122.3921236,47.6272311,-122.3921102,5.17330265,-15.72543287,47.62723371,-122.3921029,0.748107508,-8.859999657,-7.232062468,VFR_alt,277.4882677,0.063028683,1.303520658,1.226760563,0.089527617,9.099938393,-8.859999657,0,0.02,0,0,0,0,0,0,0,0.48,0,0,0,0.02,0,0,0,0,0.02,0,0,0,0.2,0,0,0.12,0,0.06,0,0.08
EBM_W25,2025_01_28_10-18-39.jpg,1/28/2025,10:18:39,Elliott Bay Marina,2,EBM_W25_T2,21,SURFTRAK,13.59985839,2.35459695,32.02215608,155,2.083333333,47.6272281,-122.3921401,47.6272317,-122.3921277,5.243268013,-17.03598404,47.62723434,-122.3921203,0.687538097,-8.960000038,-7.271388219,VFR_alt,283.6707403,0.086396551,1.197983048,1.036918822,0.116772254,9.200985909,-8.960000038,0,0,0,0,0,0,0,0,0.02,0.48,0,0,0,0.04,0,0,0,0,0,0,0,0,0.38,0,0,0,0,0.04,0,0.04
EBM_W25,2025_01_28_10-18-48.jpg,1/28/2025,10:18:48,Elliott Bay Marina,2,EBM_W25_T2,21,SURFTRAK,13.59626695,2.509110169,34.11452564,161,2.166666667,47.6272278,-122.3921418,47.6272321,-122.3921399,5.292105675,-17.95244217,47.62723478,-122.3921325,0.782987257,-8.929999352,-7.336823767,VFR_alt,284.0367952,0.094529179,1.364295978,1.343557971,0.095876841,9.163174629,-8.929999352,0,0,0,0,0,0,0,0,0,0.48,0,0,0,0.06,0.02,0,0,0,0.02,0,0,0,0.26,0,0.02,0,0.02,0.08,0,0.04
EBM_W25,2025_01_28_10-19-00.jpg,1/28/2025,10:19:00,Elliott Bay Marina,2,EBM_W25_T2,21,SURFTRAK,13.60508243,2.155314534,29.32286603,168,2.277777778,47.62723,-122.3921566,47.6272327,-122.3921514,5.347506523,-18.81783724,47.62723528,-122.392144,0.813796091,-8.630000114,-7.067796205,VFR_alt,277.4055563,0.038996757,1.417978037,1.452004368,0.062124437,8.863271713,-8.630000114,0,0,0,0,0,0,0,0,0,0.54,0,0,0,0.02,0,0,0,0.02,0.04,0,0,0,0.34,0,0,0,0,0,0,0.04
EBM_W25,2025_01_28_10-19-12.jpg,1/28/2025,10:19:12,Elliott Bay Marina,2,EBM_W25_T2,21,SURFTRAK,13.59269095,2.440242826,33.16942876,176,2.388888889,47.6272279,-122.3921745,47.6272317,-122.3921661,5.236006737,-19.92077047,47.62723428,-122.3921587,0.76245029,-8.729999542,-7.116893507,VFR_alt,285.0203959,0.099745444,1.328511869,1.277094943,0.118444452,8.960739136,-8.729999542,0,0,0,0,0,0,0,0,0,0.26,0,0,0,0.04,0,0,0,0.06,0.04,0,0,0,0.56,0.02,0.02,0,0,0,0,0
EBM_W25,2025_01_28_10-19-24.jpg,1/28/2025,10:19:24,Elliott Bay Marina,2,EBM_W25_T2,21,SURFTRAK,13.61318182,2.208636364,30.06635045,184,2.5,47.627228,-122.3921804,47.6272324,-122.3921795,5.319190025,-20.9222348,47.62723503,-122.392172,0.837012959,-8.529999733,-6.992144644,VFR_alt,287.5373346,0.040950444,1.45843167,1.535625604,0.041837086,8.763054848,-8.529999733,0,0,0,0,0,0,0,0,0,0.46,0,0,0,0.02,0,0,0,0,0,0,0,0,0.38,0,0,0,0,0,0,0.14
EBM_W25,2025_01_28_10-19-36.jpg,1/28/2025,10:19:36,Elliott Bay Marina,2,EBM_W25_T2,21,SURFTRAK,13.59695445,2.484013015,33.77501427,192,2.611111111,47.6272281,-122.3921964,47.6272333,-122.3921938,5.427226067,-21.99238467,47.627236,-122.3921862,0.644316692,-8.559999466,-6.83031455,VFR_alt,293.4294489,0.071512203,1.122673024,0.91178143,0.073444523,8.794857025,-8.559999466,0,0,0,0,0,0,0,0,0,0.38,0,0,0,0.02,0.02,0,0,0,0,0,0,0,0.54,0,0,0,0,0,0,0.04
EBM_W25,2025_01_28_10-19-45.jpg,1/28/2025,10:19:45,Elliott Bay Marina,2,EBM_W25_T2,21,SURFTRAK,13.59963715,2.406544276,32.72809866,199,2.694444444,47.6272298,-122.3922148,47.6272339,-122.3922055,5.491238594,-22.87645817,47.62723657,-122.392198,0.816522663,-8.329999924,-6.77324776,VFR_alt,282.9452721,0.080416495,1.422728883,1.464141822,0.110985416,8.565057755,-8.329999924,0,0.02,0,0,0,0,0,0,0,0.14,0,0,0,0.12,0.02,0,0,0.06,0,0,0,0,0.58,0,0,0,0,0,0,0.06
EBM_W25,2025_01_28_10-19-54.jpg,1/28/2025,10:19:54,Elliott Bay Marina,2,EBM_W25_T2,21,SURFTRAK,13.59491974,2.473817787,33.63131831,205,2.777777778,47.6272283,-122.3922318,47.6272337,-122.3922196,5.45575428,-23.93057656,47.62723626,-122.392212,0.742798235,-8.550000191,-6.920285196,VFR_alt,285.3300607,0.094738296,1.294269653,1.210231713,0.127416345,8.781327248,-8.550000191,0,0.02,0,0,0,0,0,0,0,0.14,0,0,0,0.08,0.02,0,0,0.06,0,0,0,0,0.62,0,0,0,0,0,0,0.06
EBM_W25,2025_01_28_10-20-03.jpg,1/28/2025,10:20:03,Elliott Bay Marina,2,EBM_W25_T2,21,SURFTRAK,13.60215487,2.413849558,32.83353633,211,2.861111111,47.6272282,-122.3922446,47.627234,-122.3922341,5.499409676,-25.01897621,47.62723665,-122.3922265,0.588207947,-8.659999847,-6.876463011,VFR_alt,285.7166581,0.101915829,1.024907786,0.772444093,0.12703462,8.898346901,-8.659999847,0,0,0,0,0,0,0,0,0,0.36,0,0,0,0.14,0,0,0,0.06,0,0,0,0,0.38,0,0,0,0,0,0,0.06
EBM_W25,2025_01_28_10-20-12.jpg,1/28/2025,10:20:12,Elliott Bay Marina,2,EBM_W25_T2,21,SURFTRAK,13.60094828,2.482155172,33.75966784,218,2.944444444,47.6272314,-122.3922549,47.6272343,-122.3922469,5.532946587,-25.97920799,47.62723695,-122.3922393,0.937306035,-8.119999886,-6.68631244,VFR_alt,280.9109049,0.086861647,1.633184757,1.925174965,0.097635892,8.353572845,-8.119999886,0,0.08,0,0,0,0,0,0,0,0.14,0,0,0,0,0,0,0,0.12,0,0,0,0,0.46,0,0,0,0,0,0,0.2
EBM_W25,2025_01_28_10-20-21.jpg,1/28/2025,10:20:21,Elliott Bay Marina,2,EBM_W25_T2,21,SURFTRAK,13.60247289,2.268850325,30.8619698,224,3.027777778,47.6272306,-122.3922684,47.6272349,-122.3922602,5.595583916,-26.97546148,47.62723751,-122.3922525,0.598655085,-8.529999733,-6.758377648,VFR_alt,289.7037661,0.103959322,1.043111134,0.787389411,0.118564144,8.761557579,-8.529999733,0,0.04,0,0,0,0,0,0,0,0.18,0,0,0,0.04,0.02,0,0,0.08,0,0,0,0,0.56,0.02,0,0,0,0,0,0.06
EBM_W25,2025_01_28_10-20-30.jpg,1/28/2025,10:20:30,Elliott Bay Marina,2,EBM_W25_T2,21,SURFTRAK,13.59746288,2.501048035,34.00748865,230,3.111111111,47.6272308,-122.3922779,47.6272357,-122.3922725,5.689757347,-27.89881229,47.62723836,-122.3922648,0.798995602,-8.239999771,-6.669382202,VFR_alt,284.3469155,0.102850383,1.392189307,1.399003914,0.117935214,8.476242065,-8.239999771,0,0.02,0,0,0,0,0,0,0,0.12,0,0,0,0.06,0.04,0,0,0.08,0.02,0,0,0,0.5,0.02,0,0,0,0,0,0.14
EBM_W25,2025_01_28_10-35-10.jpg,1/28/2025,10:35:10,Elliott Bay Marina,2,EBM_W25_T2,21,SURFTRAK,13.60953017,2.141853448,29.14923953,758,10.30555556,47.6272202,-122.3922817,47.6272151,-122.3922791,3.401064873,-28.3851862,47.62721778,-122.3922713,0.877564626,-7.349999905,-5.868147017,VFR_alt,104.0980343,0.079776574,1.529089879,1.690011431,2.339801875,7.590766907,-7.349999905,0,0,0,0,0,0,0,0,0,0.02,0,0,0,0.04,0.18,0,0,0.04,0.02,0,0,0,0.44,0,0,0,0,0,0,0.26
EBM_W25,2025_01_28_10-35-25.jpg,1/28/2025,10:35:25,Elliott Bay Marina,2,EBM_W25_T2,21,SURFTRAK,13.61271367,2.049175705,27.89495937,767,10.41666667,47.6272183,-122.3922659,47.6272147,-122.3922648,3.342830658,-27.3150301,47.62721725,-122.3922571,0.800173499,-7.71999979,-6.161387722,VFR_alt,114.7324085,0.083898698,1.394241702,1.403527201,0.079991653,7.950174332,-7.71999979,0,0,0,0,0,0,0,0,0,0.14,0,0,0,0.06,0.02,0,0,0.06,0,0,0,0,0.52,0,0,0,0,0,0,0.2
EBM_W25,2025_01_28_10-35-34.jpg,1/28/2025,10:35:34,Elliott Bay Marina,2,EBM_W25_T2,21,SURFTRAK,13.60588437,2.211541756,30.08992154,772,10.5,47.627221,-122.3922447,47.6272142,-122.3922539,3.295501709,-26.49537611,47.62721683,-122.3922461,0.872205551,-7.829999924,-6.343690538,VFR_alt,107.7412272,0.09060856,1.519752096,1.667209148,0.111772191,8.059022903,-7.829999924,0,0.02,0,0,0,0,0,0,0,0.06,0,0,0,0,0,0,0,0.04,0.02,0,0,0,0.62,0,0,0,0,0,0,0.24
EBM_W25,2025_01_28_10-35-46.jpg,1/28/2025,10:35:46,Elliott Bay Marina,2,EBM_W25_T2,21,SURFTRAK,13.6115,2.136810345,29.08524629,779,10.58333333,47.6272168,-122.3922387,47.6272141,-122.3922404,3.288968086,-25.48757458,47.62721677,-122.3922327,0.726206884,-8.149999619,-6.517963738,VFR_alt,90.55310004,0.056016464,1.265360479,1.159442347,0.066483952,8.387968063,-8.149999619,0,0.02,0,0,0,0,0,0,0,0.32,0,0,0,0.1,0,0,0,0.06,0,0,0,0,0.4,0,0,0,0,0,0,0.1
EBM_W25,2025_01_28_10-35-58.jpg,1/28/2025,10:35:58,Elliott Bay Marina,2,EBM_W25_T2,21,SURFTRAK,13.60502609,2.277478261,30.98440896,787,10.69444444,47.6272175,-122.392224,47.6272152,-122.3922245,3.411002159,-24.28940821,47.62721786,-122.3922168,0.871695626,-7.859999657,-6.373663122,VFR_alt,97.57997719,0.095963346,1.51886359,1.669258324,0.105088241,8.092305183,-7.859999657,0,0,0,0,0,0,0,0,0,0.2,0,0,0,0.04,0,0,0,0,0,0,0,0,0.58,0,0,0,0,0,0,0.18
EBM_W25,2025_01_28_10-36-07.jpg,1/28/2025,10:36:07,Elliott Bay Marina,2,EBM_W25_T2,21,SURFTRAK,13.60395228,2.352754881,32.00676842,792,10.77777778,47.6272223,-122.3921997,47.6272168,-122.3922107,3.589422226,-23.25942969,47.62721947,-122.3922031,0.823427303,-8.050000191,-6.515536236,VFR_alt,93.87486492,0.098994236,1.434759694,1.489622144,0.127034689,8.286964417,-8.050000191,0,0,0,0,0,0,0,0,0,0.2,0,0,0,0.08,0,0,0,0,0,0,0,0,0.6,0,0,0,0,0,0,0.12
EBM_W25,2025_01_28_10-36-16.jpg,1/28/2025,10:36:16,Elliott Bay Marina,2,EBM_W25_T2,21,SURFTRAK,13.60991793,2.126285097,28.93862937,798,10.83333333,47.627221,-122.3921903,47.627218,-122.3921979,3.714400291,-22.29755819,47.62722059,-122.3921903,0.864859588,-7.980000019,-6.487090075,VFR_alt,90.50393721,0.088943572,1.506952312,1.639965553,0.106864206,8.21011734,-7.980000019,0,0.04,0,0,0,0,0,0,0,0.16,0,0,0.04,0.04,0.02,0,0,0.04,0,0,0,0,0.56,0,0,0,0,0.02,0,0.08
EBM_W25,2025_01_28_10-36-25.jpg,1/28/2025,10:36:25,Elliott Bay Marina,2,EBM_W25_T2,21,SURFTRAK,13.60692157,2.249281046,30.60569011,803,10.91666667,47.6272216,-122.3921764,47.6272194,-122.3921837,3.876810074,-21.2326512,47.62722205,-122.3921761,0.808736379,-8.059999466,-6.511052272,VFR_alt,89.30637766,0.111197654,1.409161872,1.434207121,0.122148415,8.294413567,-8.059999466,0.02,0,0,0,0,0,0,0,0,0.18,0,0,0.02,0.08,0,0,0,0.04,0.02,0,0,0,0.52,0.02,0,0,0,0,0,0.1
EBM_W25,2025_01_28_10-36-31.jpg,1/28/2025,10:36:31,Elliott Bay Marina,2,EBM_W25_T2,21,SURFTRAK,13.59647059,2.397668845,32.59984858,807,10.97222222,47.6272218,-122.3921631,47.6272197,-122.3921741,3.905733109,-20.51368825,47.62722231,-122.3921666,0.889847482,-8.099999428,-6.632192551,VFR_alt,99.40369484,0.099142032,1.550491826,1.738616742,0.116484993,8.339330673,-8.099999428,0,0.02,0,0,0,0,0,0,0,0.14,0,0,0,0.1,0,0,0,0.1,0,0,0,0,0.5,0.02,0,0,0,0,0,0.12
EBM_W25,2025_01_28_10-36-40.jpg,1/28/2025,10:36:40,Elliott Bay Marina,2,EBM_W25_T2,21,SURFTRAK,13.59498048,2.548655098,34.64878531,813,11.05555556,47.62722,-122.3921519,47.6272194,-122.3921589,3.866494179,-19.37243688,47.62722196,-122.3921514,0.856594346,-8.279999733,-6.778929067,VFR_alt,99.74972409,0.112942376,1.492550755,1.610623275,0.135949463,8.517385483,-8.279999733,0,0.02,0,0,0,0,0,0,0,0.32,0,0,0,0.08,0,0,0,0,0.02,0,0,0,0.42,0.06,0,0,0,0,0,0.08
EBM_W25,2025_01_28_10-36-49.jpg,1/28/2025,10:36:49,Elliott Bay Marina,2,EBM_W25_T2,21,SURFTRAK,13.60150111,2.33864745,31.80914836,819,11.13888889,47.6272225,-122.3921378,47.627219,-122.392144,3.819083214,-18.25580239,47.62722153,-122.3921365,0.911773816,-8.289999962,-6.844017943,VFR_alt,98.97985558,0.103954322,1.5886968,1.822637743,0.116734973,8.527815819,-8.289999962,0,0,0,0,0,0,0,0,0,0.5,0,0,0,0,0,0,0,0,0,0,0,0,0.26,0,0,0,0,0,0,0.24
EBM_W25,2025_01_28_10-36-55.jpg,1/28/2025,10:36:55,Elliott Bay Marina,2,EBM_W25_T2,21,SURFTRAK,13.59983084,2.329421842,31.67971893,823,11.19444444,47.6272216,-122.3921278,47.6272192,-122.3921339,3.848930359,-17.49390745,47.6272218,-122.3921264,0.701927186,-8.43999958,-6.784057622,VFR_alt,90.95120276,0.1095127,1.223054946,1.083556411,0.127308058,8.671147346,-8.43999958,0,0.02,0,0,0,0,0,0,0,0.16,0,0,0,0.12,0,0,0,0,0,0,0,0.02,0.52,0.04,0,0,0,0.02,0,0.1
EBM_W25,2025_01_28_10-37-04.jpg,1/28/2025,10:37:04,Elliott Bay Marina,2,EBM_W25_T2,21,SURFTRAK,13.60798693,2.120849673,28.8605281,829,11.25,47.6272222,-122.3921169,47.6272201,-122.3921203,3.949216843,-16.47298288,47.62722271,-122.3921128,0.760740717,-8.050000191,-6.452611273,VFR_alt,91.08758473,0.091276375,1.325533068,1.275438328,0.098900211,8.288173676,-8.050000191,0,0.06,0,0,0,0,0,0,0,0.34,0,0,0.02,0.08,0,0,0,0.02,0,0,0,0,0.28,0,0,0,0,0,0,0.2
EBM_W25,2025_01_28_10-37-16.jpg,1/28/2025,10:37:16,Elliott Bay Marina,2,EBM_W25_T2,21,SURFTRAK,13.61146204,2.046854664,27.86026438,835,11.36111111,47.6272232,-122.3921043,47.6272206,-122.392107,4.012383461,-15.47742367,47.62722327,-122.3920996,0.951366573,-8.229999542,-6.82275111,VFR_alt,105.3899011,0.072347099,1.65768418,1.988191266,0.062431222,8.461626053,-8.229999542,0,0,0,0,0,0,0,0,0,0.54,0,0,0,0.08,0.02,0,0,0.02,0,0,0,0,0.28,0,0,0,0,0,0,0.06
EBM_W25,2025_01_28_10-37-28.jpg,1/28/2025,10:37:28,Elliott Bay Marina,2,EBM_W25_T2,21,SURFTRAK,13.60049673,2.570196078,34.95563582,843,11.47222222,47.6272202,-122.3920933,47.6272192,-122.3920912,3.841775894,-14.2889967,47.62722174,-122.3920837,0.681132874,-8.449999809,-6.771976665,VFR_alt,99.83230326,0.095953447,1.186822431,1.01797496,0.091453979,8.690962791,-8.449999809,0,0,0,0,0,0,0,0,0.02,0.32,0,0,0,0.12,0,0,0,0.04,0,0,0,0,0.36,0,0,0,0,0.02,0,0.12
EBM_W25,2025_01_28_10-37-37.jpg,1/28/2025,10:37:37,Elliott Bay Marina,2,EBM_W25_T2,21,SURFTRAK,13.60659913,2.103507625,28.6213961,849,11.52777778,47.6272177,-122.3920799,47.6272185,-122.3920791,3.764266968,-13.3866477,47.62722104,-122.3920717,0.846862721,-8.289999962,-6.777333267,VFR_alt,100.1222268,0.115182881,1.475594134,1.57257633,0.116122618,8.529031754,-8.289999962,0.02,0.04,0,0,0,0,0,0,0,0.18,0,0,0,0,0,0,0,0.06,0,0,0,0,0.5,0.1,0,0,0.02,0,0,0.08
EBM_W25,2025_01_28_10-37-46.jpg,1/28/2025,10:37:46,Elliott Bay Marina,2,EBM_W25_T2,21,SURFTRAK,13.59758849,2.48663113,33.81221823,855,11.61111111,47.6272167,-122.3920626,47.6272178,-122.3920661,3.686808586,-12.41133499,47.62722035,-122.3920588,0.803240917,-8.109999657,-6.553419171,VFR_alt,99.67172839,0.098105658,1.399586446,1.414149999,0.102806832,8.350797653,-8.109999657,0,0,0,0,0,0,0,0,0,0.12,0,0,0,0.02,0,0,0,0.08,0.04,0,0,0,0.42,0.08,0,0,0,0,0,0.24
EBM_W25,2025_01_28_10-37-55.jpg,1/28/2025,10:37:55,Elliott Bay Marina,2,EBM_W25_T2,21,SURFTRAK,13.59786237,2.542946237,34.57840908,861,11.69444444,47.6272152,-122.392051,47.6272166,-122.3920528,3.553279877,-11.4065237,47.62721914,-122.3920454,0.885870944,-7.699999809,-6.225887077,VFR_alt,99.98713894,0.106731863,1.543563009,1.738598986,0.107099488,7.93709898,-7.699999809,0,0.04,0,0,0,0,0,0,0,0.06,0,0,0,0.14,0.06,0,0,0.08,0,0,0,0,0.38,0,0,0,0,0,0,0.24
EBM_W25,2025_01_28_10-38-04.jpg,1/28/2025,10:38:04,Elliott Bay Marina,2,EBM_W25_T2,21,SURFTRAK,13.60514534,2.300260304,31.29564236,867,11.77777778,47.6272145,-122.39204,47.6272155,-122.3920396,3.430893898,-10.42037201,47.62721804,-122.3920323,0.80485897,-7.940000057,-6.384889581,VFR_alt,103.1128831,0.105972848,1.40240578,1.420620716,0.105318657,8.175512314,-7.940000057,0,0,0,0,0,0,0,0,0,0.48,0,0,0,0.04,0,0,0,0,0,0,0,0,0.42,0,0,0,0,0,0,0.06
EBM_W25,2025_01_28_10-38-13.jpg,1/28/2025,10:38:13,Elliott Bay Marina,2,EBM_W25_T2,21,SURFTRAK,13.60287174,2.271195652,30.89485252,873,11.86111111,47.6272127,-122.3920281,47.6272143,-122.3920281,3.301031113,-9.553394318,47.62721688,-122.3920207,0.781999969,-7.989999771,-6.412221952,VFR_alt,109.1774144,0.08878427,1.362575704,1.340103109,0.093256407,8.222744942,-7.989999771,0,0.08,0,0,0,0,0,0,0,0.28,0,0,0,0.08,0,0,0,0.1,0.02,0,0,0,0.36,0.02,0.02,0,0,0,0,0.04
EBM_W25,2025_01_28_10-38-31.jpg,1/28/2025,10:38:31,Elliott Bay Marina,2,EBM_W25_T2,21,SURFTRAK,13.60771304,2.082782609,28.34183722,883,12,47.6272134,-122.3920197,47.6272129,-122.3920132,3.152196884,-8.442611694,47.62721554,-122.392006,0.743456512,-8.059999466,-6.444382388,VFR_alt,95.04174761,0.075180666,1.295416649,1.211432698,0.062798444,8.293862343,-8.059999466,0,0,0,0,0,0,0,0,0,0.46,0,0,0,0.04,0,0,0,0,0,0,0,0,0.32,0,0,0,0,0,0,0.18
EBM_W25,2025_01_28_10-38-43.jpg,1/28/2025,10:38:43,Elliott Bay Marina,2,EBM_W25_T2,21,SURFTRAK,13.60777826,2.095913043,28.52080604,890,12.11111111,47.6272135,-122.3920068,47.627213,-122.3920012,3.167459488,-7.539051056,47.62721567,-122.3919939,0.844304331,-8.38999939,-6.875760541,VFR_alt,98.22934788,0.104068016,1.471136334,1.562774088,0.08538955,8.619997025,-8.38999939,0,0.02,0,0,0,0,0,0,0,0.34,0,0,0,0.08,0,0,0,0,0.04,0,0,0,0.24,0,0,0.24,0.02,0,0.02,0
EBM_W25,2025_01_28_10-38-55.jpg,1/28/2025,10:38:55,Elliott Bay Marina,2,EBM_W25_T2,21,SURFTRAK,13.60586026,2.139825328,29.11383956,897,12.19444444,47.6272112,-122.3919923,47.6272117,-122.3919875,3.002292633,-6.510345459,47.62721419,-122.3919803,0.825371169,-8.220000267,-6.687255149,VFR_alt,102.2211819,0.085803268,1.438146735,1.493486209,0.073848601,8.457922935,-8.220000267,0,0.02,0,0,0,0,0,0,0,0.24,0,0,0,0.04,0,0,0,0,0,0,0,0,0.6,0,0,0.06,0.02,0,0,0.02
EBM_W25,2025_01_28_10-39-05.jpg,1/28/2025,10:39:05,Elliott Bay Marina,2,EBM_W25_T2,21,SURFTRAK,13.6032017,2.251804671,30.6317251,904,12.27777778,47.6272089,-122.3919786,47.6272101,-122.3919753,2.833218575,-5.598540306,47.62721267,-122.3919681,0.783927781,-8.179999352,-6.605995204,VFR_alt,102.295908,0.092380498,1.36593477,1.346761316,0.085387502,8.419053078,-8.179999352,0,0,0,0,0,0,0,0,0,0.52,0,0,0,0.04,0.02,0,0,0.04,0.04,0,0,0,0.14,0.02,0,0,0,0,0,0.18
EBM_W25,2025_01_28_10-39-14.jpg,1/28/2025,10:39:14,Elliott Bay Marina,2,EBM_W25_T2,21,SURFTRAK,13.60295248,2.392354212,32.54306156,910,12.36111111,47.6272044,-122.3919648,47.6272079,-122.3919631,2.578866005,-4.680244446,47.62721038,-122.3919559,0.901598244,-8.179999352,-6.723667457,VFR_alt,103.8919215,0.118961468,1.570966637,1.787934166,0.117833134,8.41348362,-8.179999352,0,0.02,0,0,0,0,0,0,0,0.28,0,0,0,0.04,0.02,0,0,0.04,0.06,0,0,0,0.42,0.02,0,0,0,0,0,0.1
EBM_W25,2025_01_28_10-39-26.jpg,1/28/2025,10:39:26,Elliott Bay Marina,2,EBM_W25_T2,21,SURFTRAK,13.60714286,2.222034632,30.23547952,918,12.47222222,47.627196,-122.3919444,47.6272053,-122.3919474,2.295955658,-3.501451492,47.62720784,-122.3919402,0.794631998,-8.300000191,-6.736477865,VFR_alt,100.3927217,0.09995327,1.384586056,1.383807456,0.097194492,8.529595375,-8.300000191,0,0.18,0,0,0,0,0,0,0,0.24,0,0,0,0.02,0.02,0.02,0,0,0,0,0,0,0.48,0,0,0,0,0,0,0.04
EBM_W25,2025_01_28_10-39-35.jpg,1/28/2025,10:39:35,Elliott Bay Marina,2,EBM_W25_T2,21,SURFTRAK,13.59574249,2.51193133,34.15157202,924,12.55555556,47.6271991,-122.39194,47.6272026,-122.3919364,1.99327755,-2.675779343,47.62720511,-122.3919292,0.940042907,-8.239999771,-6.821563186,VFR_alt,97.50973964,0.098577371,1.63795355,1.941583454,0.087470407,8.477592468,-8.239999771,0,0.02,0,0,0,0,0,0,0,0.34,0,0,0.02,0.08,0,0,0,0,0,0,0,0,0.5,0,0,0,0,0,0,0.04
EBM_W25,2025_01_28_10-39-47.jpg,1/28/2025,10:39:47,Elliott Bay Marina,2,EBM_W25_T2,21,SURFTRAK,13.60939957,1.985680346,27.0237524,931,12.66666667,47.6271982,-122.3919263,47.6272013,-122.3919235,1.865023613,-1.709869385,47.62720396,-122.3919164,0.6974298,-8.519999504,-6.858325801,VFR_alt,76.87924797,0.069153865,1.215218591,1.067473297,0.065435269,8.757112503,-8.519999504,0,0.02,0,0,0,0,0,0,0,0.32,0,0,0,0.04,0,0,0,0,0,0,0,0,0.56,0.02,0,0,0.02,0,0,0.02
EBM_W25,2025_01_28_10-40-02.jpg,1/28/2025,10:40:02,Elliott Bay Marina,2,EBM_W25_T2,21,SURFTRAK,13.60585498,2.257186147,30.71088277,940,12.77777778,47.6271992,-122.3919116,47.6272013,-122.3919076,1.851071358,-0.519723892,47.62720383,-122.3919005,0.768290026,-8.199999809,-6.608133487,VFR_alt,96.41005771,0.102923872,1.338687166,1.293704792,0.096127397,8.437681198,-8.199999809,0,0,0,0,0,0,0,0,0,0.04,0,0,0,0.08,0.02,0,0,0.12,0.02,0,0,0,0.56,0,0,0,0.02,0,0,0.14
EBM_W25,2025_01_28_10-40-11.jpg,1/28/2025,10:40:11,Elliott Bay Marina,2,EBM_W25_T2,21,SURFTRAK,13.59862582,2.253741794,30.64762079,946,12.86111111,47.6271976,-122.3919041,47.6272,-122.3918971,1.704198837,0.269895554,47.62720251,-122.39189,0.944682702,-8.199999809,-6.783780397,VFR_alt,103.5528885,0.087536486,1.646038041,1.969406951,0.079302501,8.431111336,-8.199999809,0.02,0,0,0,0,0,0,0,0,0.24,0,0,0,0.08,0.02,0,0,0,0,0,0,0,0.46,0,0,0,0,0,0,0.18
CNL_S24,2024_10_08_10-21-48.jpg,10/8/2024,10:21:48,Centennial Park,3,CNL_S24_T3,21,SURFTRAK,13.58697546,3.284294479,44.6236438,0,0,47.6195293,-122.3629624,47.6195275,-122.3629597,0,0,47.6195293,-122.3629624,0.704049064,-9.559999466,-7.170222056,VFR_alt,326.4158202,0.104184513,1.226752157,1.086554523,0,9.733600616,-9.559999466,0,0,0,0,0,0.02,0,0,0,0,0,0.18,0,0,0,0,0,0,0,0,0.04,0,0,0,0.34,0,0.02,0.4,0,0
CNL_S24,2024_10_08_10-21-57.jpg,10/8/2024,10:21:57,Centennial Park,3,CNL_S24_T3,21,SURFTRAK,13.58933129,3.695889571,50.22466583,9,0.111111111,47.6195333,-122.3629953,47.6195365,-122.3629714,1.002948761,-0.876609802,47.61953832,-122.3629741,0.668282167,-9.670000076,-7.244251157,VFR_alt,323.8922017,0.162463334,1.164431049,0.978637022,0.169782238,9.843284607,-9.670000076,0,0,0,0,0,0.02,0,0,0,0,0,0,0,0,0,0,0,0,0,0,0,0,0,0.02,0.46,0,0,0.48,0,0.02
CNL_S24,2024_10_08_10-22-06.jpg,10/8/2024,10:22:06,Centennial Park,3,CNL_S24_T3,21,SURFTRAK,13.60666871,2.395276074,32.58761663,18,0.222222222,47.6195477,-122.3630018,47.6195467,-122.362984,2.137584686,-1.819133759,47.61954853,-122.3629866,0.659079722,-9.75,-7.315308294,VFR_alt,323.5740033,0.122258651,1.148396485,0.951963187,0.126827585,9.926237106,-9.75,0,0,0,0,0,0.24,0,0,0,0,0,0.02,0,0,0,0,0,0,0,0,0,0,0,0,0.66,0,0.02,0.06,0,0
CNL_S24,2024_10_08_10-22-15.jpg,10/8/2024,10:22:15,Centennial Park,3,CNL_S24_T3,21,SURFTRAK,13.59505521,2.704417178,36.76666454,24,0.305555556,47.6195656,-122.3629855,47.6195554,-122.3629914,3.109802246,-2.37420845,47.61955727,-122.362994,0.652453962,-9.769999504,-7.329394985,VFR_alt,326.29256,0.096044457,1.1368516,0.932887402,0.108989446,9.948682785,-9.769999504,0,0,0,0,0,0.12,0,0,0,0,0,0.04,0,0,0,0.02,0,0,0,0,0.02,0,0,0,0.74,0,0.02,0.04,0,0
CNL_S24,2024_10_08_10-22-24.jpg,10/8/2024,10:22:24,Centennial Park,3,CNL_S24_T3,21,SURFTRAK,13.58220859,3.969386503,53.9129954,31,0.416666667,47.6195734,-122.3629826,47.619561,-122.3629927,3.737258911,-2.473070145,47.61956291,-122.3629953,0.68128833,-9.789999962,-7.37930239,VFR_alt,325.9063158,0.080391234,1.187093302,1.017251155,0.066348656,9.961417198,-9.789999962,0,0,0,0,0,0,0,0,0,0,0,0,0.02,0,0,0,0,0,0,0,0,0,0,0,0.98,0,0,0,0,0
CNL_S24,2024_10_08_10-22-33.jpg,10/8/2024,10:22:33,Centennial Park,3,CNL_S24_T3,21,SURFTRAK,13.558,5.277177914,71.54797816,41,0.555555556,47.6195864,-122.362977,47.6195668,-122.3629971,4.383190155,-2.805681229,47.61956872,-122.3629997,0.678650274,-9.829999924,-7.418001468,VFR_alt,327.9179158,0.076855082,1.182496689,1.009595233,0.090962407,10.00157833,-9.829999924,0,0,0,0,0,0.12,0,0,0,0,0,0,0,0,0,0,0,0,0,0,0,0,0,0.02,0.86,0,0,0,0,0
CNL_S24,2024_10_08_10-22-42.jpg,10/8/2024,10:22:42,Centennial Park,3,CNL_S24_T3,21,SURFTRAK,13.59033333,3.313939394,45.03736242,54,0.722222222,47.6195869,-122.3629961,47.6195742,-122.3630008,5.199672699,-3.084669113,47.61957607,-122.3630034,0.618606047,-9.880000114,-7.409464164,VFR_alt,342.0414201,0.121121055,1.077874173,0.839202728,0.149318485,10.04887867,-9.880000114,0,0,0,0,0,0.06,0,0,0,0,0,0.06,0.04,0,0,0,0,0.02,0,0,0,0,0.02,0.04,0.76,0,0,0,0,0
CNL_S24,2024_10_08_10-22-51.jpg,10/8/2024,10:22:51,Centennial Park,3,CNL_S24_T3,21,SURFTRAK,13.594,3.11804878,42.38675512,61,0.833333333,47.6196039,-122.3629882,47.6195821,-122.3630084,6.07983017,-3.650901794,47.61958398,-122.363011,0.659390211,-9.800000191,-7.371829659,VFR_alt,330.0881378,0.126986497,1.148937489,0.952896566,0.160402586,9.979287148,-9.800000191,0,0,0,0,0,0.1,0,0,0,0,0,0.04,0,0,0,0,0,0,0.02,0,0,0,0,0.06,0.76,0,0,0.02,0,0
CNL_S24,2024_10_08_10-23-00.jpg,10/8/2024,10:23:00,Centennial Park,3,CNL_S24_T3,21,SURFTRAK,13.57279141,4.41190184,59.8818219,70,0.944444444,47.6195916,-122.3630283,47.6195899,-122.3630161,6.948707581,-4.232347488,47.6195918,-122.3630187,0.721411011,-9.789999962,-7.425410972,VFR_alt,326.753409,0.08828146,1.257004034,1.140524611,0.106289151,9.960417747,-9.789999962,0,0,0,0,0,0.16,0,0,0,0,0,0.26,0,0,0,0,0,0.02,0.02,0,0,0,0.02,0.08,0.4,0,0,0,0,0.04
CNL_S24,2024_10_08_10-23-09.jpg,10/8/2024,10:23:09,Centennial Park,3,CNL_S24_T3,21,SURFTRAK,13.63733129,1.552638037,21.17135337,81,1.083333333,47.6196083,-122.3630143,47.6196006,-122.3630247,8.138000488,-4.876008987,47.61960249,-122.3630273,0.631104289,-9.849999428,-7.396559493,VFR_alt,327.8849292,0.07968726,1.099651412,0.872890763,0.101210287,10.01807499,-9.849999428,0,0,0,0,0,0.2,0,0.14,0,0,0.02,0.24,0.02,0,0,0,0,0,0.04,0,0,0,0,0.04,0.24,0,0.02,0.02,0,0.02
CNL_S24,2024_10_08_10-23-18.jpg,10/8/2024,10:23:18,Centennial Park,3,CNL_S24_T3,21,SURFTRAK,13.573,4.610858896,62.58318779,88,1.194444444,47.6196223,-122.3630053,47.6196078,-122.3630301,8.941257477,-5.281560898,47.61960972,-122.3630327,0.689018401,-9.789999962,-7.395782826,VFR_alt,324.169772,0.187717876,1.200562365,1.040515867,0.203607329,9.964697838,-9.789999962,0,0,0,0,0,0.12,0,0,0,0,0,0.24,0,0,0,0.02,0,0,0.04,0,0,0,0.02,0.04,0.44,0,0,0,0,0.08
CNL_S24,2024_10_08_10-23-27.jpg,10/8/2024,10:23:27,Centennial Park,3,CNL_S24_T3,21,SURFTRAK,13.585375,3.99175,54.22940725,99,1.333333333,47.6196194,-122.3630321,47.6196188,-122.3630391,10.16288757,-5.955810547,47.61962071,-122.3630416,0.66649998,-9.809999466,-7.394393963,VFR_alt,327.6374341,0.135708077,1.161325722,0.973585559,0.132470846,9.984991074,-9.809999466,0,0,0,0,0,0.08,0,0,0,0,0,0.28,0,0,0,0.02,0,0.04,0.14,0,0,0,0.04,0.08,0.3,0,0,0,0,0.02
CNL_S24,2024_10_08_10-23-36.jpg,10/8/2024,10:23:36,Centennial Park,3,CNL_S24_T3,21,SURFTRAK,13.58586061,3.839272727,52.15980727,109,1.472222222,47.6196174,-122.3630609,47.61963,-122.3630472,11.4197998,-6.566091537,47.61963201,-122.3630497,0.589999974,-9.840000153,-7.348814521,VFR_alt,330.0493568,0.181858673,1.028030257,0.762767265,0.177173577,10.01167011,-9.840000153,0,0,0,0,0,0.16,0,0,0,0,0,0.28,0,0,0,0,0,0,0.06,0,0,0,0,0.06,0.4,0,0,0.04,0,0
CNL_S24,2024_10_08_10-23-45.jpg,10/8/2024,10:23:45,Centennial Park,3,CNL_S24_T3,21,SURFTRAK,13.57369512,4.837195122,65.65855927,119,1.611111111,47.619624,-122.3630822,47.6196406,-122.3630612,12.59395981,-7.611995697,47.61964257,-122.3630637,0.606402439,-9.739999771,-7.265894765,VFR_alt,331.120486,0.152355396,1.05661031,0.806061504,0.157490898,9.91751194,-9.739999771,0,0,0,0,0,0.26,0,0,0,0,0,0.46,0,0,0.02,0,0,0,0,0,0,0,0.02,0.08,0.14,0,0,0,0,0.02
CNL_S24,2024_10_08_10-23-54.jpg,10/8/2024,10:23:54,Centennial Park,3,CNL_S24_T3,21,SURFTRAK,13.60469512,2.483170732,33.78274195,126,1.694444444,47.6196378,-122.3630796,47.6196479,-122.3630679,13.4045639,-8.116004944,47.61964986,-122.3630704,0.595121924,-9.659999847,-7.175019226,VFR_alt,332.2025726,0.118780617,1.036954868,0.776152473,0.111055428,9.83894062,-9.659999847,0,0,0,0,0,0.24,0,0,0,0,0,0.56,0,0,0,0,0,0,0.02,0,0,0,0,0.04,0.14,0,0,0,0,0
CNL_S24,2024_10_08_10-24-03.jpg,10/8/2024,10:24:03,Centennial Park,3,CNL_S24_T3,21,SURFTRAK,13.598,2.647177914,35.99632528,132,1.777777778,47.6196566,-122.3630609,47.6196559,-122.3630759,14.29641724,-8.713062286,47.61965788,-122.3630783,0.592576663,-9.550000191,-7.062575215,VFR_alt,329.8662073,0.123513967,1.032519943,0.76969586,0.122870745,9.728559494,-9.550000191,0,0,0,0,0,0.2,0.08,0,0,0,0,0.06,0,0,0,0.04,0,0.04,0,0,0,0,0.06,0.08,0.38,0,0,0,0,0.06
CNL_S24,2024_10_08_10-24-12.jpg,10/8/2024,10:24:12,Centennial Park,3,CNL_S24_T3,21,SURFTRAK,13.60132727,2.463212121,33.50294006,140,1.888888889,47.6196575,-122.3630986,47.6196645,-122.3630844,15.25352859,-9.355827332,47.61966649,-122.3630869,0.64387877,-9.409999847,-6.973691771,VFR_alt,325.3426907,0.119473655,1.121909978,0.908988755,0.124193731,9.584687233,-9.409999847,0,0,0,0,0,0.32,0,0,0,0,0,0.06,0,0,0,0,0,0.02,0.06,0,0,0,0,0.12,0.38,0,0.02,0,0,0.02
CNL_S24,2024_10_08_10-24-21.jpg,10/8/2024,10:24:21,Centennial Park,3,CNL_S24_T3,21,SURFTRAK,13.59826667,2.813151515,38.25396764,147,1.972222222,47.6196671,-122.3631084,47.6196733,-122.363093,16.23571014,-10.00058365,47.61967533,-122.3630954,0.652606034,-9.359999657,-6.932040747,VFR_alt,323.7191204,0.136992103,1.137116575,0.933275533,0.135827095,9.538004875,-9.359999657,0,0,0,0,0,0.02,0,0,0,0,0,0,0.02,0,0,0.02,0,0.04,0,0,0,0,0.06,0.1,0.74,0,0,0,0,0
CNL_S24,2024_10_08_10-24-30.jpg,10/8/2024,10:24:30,Centennial Park,3,CNL_S24_T3,21,SURFTRAK,13.59749697,2.907333333,39.53255812,154,2.083333333,47.6196827,-122.3631116,47.6196832,-122.3631018,17.33764267,-10.6582489,47.61968524,-122.3631042,0.628666648,-9.289999962,-6.837630383,VFR_alt,320.1001202,0.135478875,1.095404007,0.866674102,0.143045744,9.465126038,-9.289999962,0,0,0,0,0,0,0,0,0,0,0,0,0,0,0,0,0,0,0,0,0,0,0,0,1,0,0,0,0,0
CNL_S24,2024_10_08_10-24-39.jpg,10/8/2024,10:24:39,Centennial Park,3,CNL_S24_T3,21,SURFTRAK,13.60786585,2.400853659,32.67049598,160,2.166666667,47.6197048,-122.3631071,47.6196924,-122.3631116,18.36170959,-11.39621735,47.61969445,-122.363114,0.663292646,-9.199999809,-6.781791467,VFR_alt,312.799265,0.113844311,1.155737187,0.96409588,0.119634048,9.378168106,-9.199999809,0,0,0,0,0,0.08,0,0,0,0,0,0.32,0,0,0,0.02,0,0,0,0,0.02,0,0,0.04,0.5,0,0,0,0,0.02
CNL_S24,2024_10_08_10-24-48.jpg,10/8/2024,10:24:48,Centennial Park,3,CNL_S24_T3,21,SURFTRAK,13.59934545,2.644484848,35.96325285,167,2.25,47.619702,-122.363147,47.6196991,-122.3631249,19.10816574,-12.39668655,47.61970116,-122.3631273,0.683757579,-9.199999809,-6.801897864,VFR_alt,312.4065413,0.121411582,1.191395782,1.024505177,0.138674517,9.372681618,-9.199999809,0,0,0,0,0,0.04,0,0,0,0,0,0.14,0,0,0,0.06,0,0,0,0,0.02,0,0,0,0.72,0,0,0,0,0.02
CNL_S24,2024_10_08_10-24-57.jpg,10/8/2024,10:24:57,Centennial Park,3,CNL_S24_T3,21,SURFTRAK,13.60834969,2.13392638,29.03921245,172,2.333333333,47.6197126,-122.3631457,47.6197063,-122.3631367,19.90527344,-13.27573395,47.61970833,-122.363139,0.611226984,-9.239999771,-6.769214627,VFR_alt,311.275893,0.111095201,1.065016714,0.819010681,0.127004806,9.418730736,-9.239999771,0,0,0,0,0,0,0,0,0,0,0,0,0,0,0,0.02,0,0,0,0,0,0,0.06,0.1,0.82,0,0,0,0,0
CNL_S24,2024_10_08_10-25-06.jpg,10/8/2024,10:25:06,Centennial Park,3,CNL_S24_T3,21,SURFTRAK,13.59080368,3.062760736,41.6254138,178,2.416666667,47.6197312,-122.363132,47.6197131,-122.3631456,20.67013931,-13.9491539,47.61971521,-122.363148,0.694846619,-9.149999619,-6.762978082,VFR_alt,309.0582585,0.14930025,1.210717593,1.058006716,0.15078463,9.324186325,-9.149999619,0,0,0,0,0,0.14,0,0,0,0,0,0.02,0,0,0,0.02,0,0,0,0,0,0,0.02,0.02,0.78,0,0,0,0,0
CNL_S24,2024_10_08_10-25-15.jpg,10/8/2024,10:25:15,Centennial Park,3,CNL_S24_T3,21,SURFTRAK,13.59430909,2.718,36.94929545,185,2.5,47.6197279,-122.3631719,47.6197224,-122.363159,21.70344543,-14.95200729,47.6197245,-122.3631613,0.668969678,-9.179999352,-6.767526735,VFR_alt,308.639138,0.138950404,1.165628985,0.980810648,0.15131262,9.355462074,-9.179999352,0,0,0,0,0,0.06,0,0,0,0,0,0,0,0,0,0.02,0,0,0.04,0,0,0,0.02,0.02,0.82,0,0,0.02,0,0
CNL_S24,2024_10_08_10-25-24.jpg,10/8/2024,10:25:24,Centennial Park,3,CNL_S24_T3,21,SURFTRAK,13.596,2.904294479,39.48678773,192,2.611111111,47.6197625,-122.3631403,47.6197321,-122.3631736,22.78208923,-16.05049896,47.61973421,-122.3631759,0.641288328,-9.159999847,-6.72047098,VFR_alt,309.6840643,0.157377501,1.117396329,0.901169708,0.167919593,9.337468147,-9.159999847,0,0,0,0,0,0,0,0,0,0,0,0.12,0,0,0,0.02,0,0,0.04,0,0.02,0,0,0.04,0.74,0,0,0.02,0,0
CNL_S24,2024_10_08_10-25-33.jpg,10/8/2024,10:25:33,Centennial Park,3,CNL_S24_T3,21,SURFTRAK,13.60139877,3.135337423,42.6450665,198,2.694444444,47.6197556,-122.3631853,47.6197404,-122.363183,23.70524979,-16.7500267,47.61974251,-122.3631852,0.618711655,-9.13999939,-6.678634409,VFR_alt,313.924653,0.155197874,1.078058187,0.838941491,0.175069387,9.320861816,-9.13999939,0,0,0,0,0,0.16,0,0,0,0,0,0,0,0,0,0.02,0,0,0,0,0,0,0,0,0.8,0,0,0.02,0,0
CNL_S24,2024_10_08_10-25-42.jpg,10/8/2024,10:25:42,Centennial Park,3,CNL_S24_T3,21,SURFTRAK,13.59837805,2.631219512,35.78027183,205,2.777777778,47.6197493,-122.3632289,47.6197507,-122.3631943,24.84775162,-17.59759903,47.61975279,-122.3631965,0.665060937,-8.989999771,-6.575756312,VFR_alt,323.1057676,0.09653553,1.1588183,0.969249275,0.089577888,9.166923523,-8.989999771,0,0,0,0,0,0.18,0,0,0,0,0,0,0,0,0,0.02,0,0,0,0,0,0,0.02,0.06,0.66,0,0,0,0,0.06
CNL_S24,2024_10_08_10-25-51.jpg,10/8/2024,10:25:51,Centennial Park,3,CNL_S24_T3,21,SURFTRAK,13.57833537,4.126219512,56.0271936,215,2.916666667,47.6197565,-122.3632455,47.6197627,-122.3632092,26.18963242,-18.71652222,47.61976485,-122.3632114,0.617134154,-8.859999657,-6.398549552,VFR_alt,319.2237961,0.192088887,1.07530951,0.834627687,0.197106638,9.037796021,-8.859999657,0,0,0,0,0,0.24,0,0,0,0,0,0.06,0,0,0,0.02,0,0,0,0,0,0,0.02,0.04,0.6,0,0,0,0,0.02
CNL_S24,2024_10_08_10-26-00.jpg,10/8/2024,10:26:00,Centennial Park,3,CNL_S24_T3,21,SURFTRAK,13.59370988,3.127901235,42.51943358,223,3.027777778,47.6197881,-122.3632187,47.6197742,-122.3632225,27.46271515,-19.71815109,47.6197763,-122.3632247,0.6287037,-8.739999771,-6.290703471,VFR_alt,318.4928876,0.152523878,1.095468568,0.866148765,0.155298219,8.918354034,-8.739999771,0,0,0,0,0,0.14,0,0,0,0,0,0,0,0,0,0,0,0,0,0,0,0,0,0.02,0.82,0,0,0.02,0,0
CNL_S24,2024_10_08_10-26-51.jpg,10/8/2024,10:26:51,Centennial Park,3,CNL_S24_T3,21,SURFTRAK,13.65100606,1.553090909,21.18531103,254,3.444444444,47.6197428,-122.3632721,47.6197759,-122.3631993,27.64730072,-17.96946716,47.61977799,-122.3632017,0.603515123,-8.420000076,-5.94575418,VFR_alt,138.7294505,0.051023737,1.051579381,0.798239959,0.079459532,8.598936081,-8.420000076,0,0,0,0,0,0.06,0,0,0,0,0,0,0.02,0,0,0,0,0,0.08,0,0,0,0,0.08,0.68,0,0,0.08,0,0
CNL_S24,2024_10_08_10-27-00.jpg,10/8/2024,10:27:00,Centennial Park,3,CNL_S24_T3,21,SURFTRAK,13.59168293,2.70902439,36.8201739,260,3.527777778,47.6197717,-122.3632221,47.6197689,-122.3631952,26.86780548,-17.66040802,47.61977098,-122.3631975,0.714512169,-8.38999939,-6.026511559,VFR_alt,167.7461364,0.129874479,1.244983325,1.118737989,0.137430288,8.560153008,-8.38999939,0,0,0,0,0,0,0,0,0,0,0,0.02,0,0,0,0.04,0,0.02,0.02,0,0,0,0,0.02,0.84,0,0,0.04,0,0
CNL_S24,2024_10_08_10-27-09.jpg,10/8/2024,10:27:09,Centennial Park,3,CNL_S24_T3,21,SURFTRAK,13.60325455,2.547454545,34.65387764,267,3.611111111,47.6197671,-122.3632165,47.6197616,-122.3631925,26.05420685,-17.45491028,47.61976366,-122.3631948,0.64054544,-8.599999428,-6.162305689,VFR_alt,155.3214975,0.10447784,1.116101903,0.899237125,0.083212149,8.771197319,-8.599999428,0,0,0,0,0,0.02,0,0,0,0,0,0,0.02,0,0,0.06,0,0,0,0,0,0,0,0.06,0.8,0.04,0,0,0,0
CNL_S24,2024_10_08_10-27-18.jpg,10/8/2024,10:27:18,Centennial Park,3,CNL_S24_T3,21,SURFTRAK,13.61296296,1.936481481,26.36130463,273,3.694444444,47.6197587,-122.3632268,47.6197532,-122.3631869,25.11903,-17.03832626,47.61975525,-122.3631893,0.641851836,-8.670000076,-6.233406447,VFR_alt,150.4555508,0.110750653,1.118378199,0.902762568,0.096275131,8.844896317,-8.670000076,0,0,0,0,0,0.14,0,0,0,0,0,0,0,0,0,0,0,0,0,0,0,0,0,0.06,0.66,0.02,0,0.12,0,0
CNL_S24,2024_10_08_10-27-27.jpg,10/8/2024,10:27:27,Centennial Park,3,CNL_S24_T3,21,SURFTRAK,13.6042,2.34,31.83382,279,3.777777778,47.6197299,-122.3632629,47.6197462,-122.3631847,24.33464813,-16.87516022,47.6197482,-122.3631871,0.628121209,-8.699999809,-6.24953528,VFR_alt,151.0457851,0.11355243,1.094453622,0.8645533,0.109263982,8.872823715,-8.699999809,0,0,0,0,0,0.2,0,0,0,0,0,0,0,0,0,0,0,0.02,0,0,0,0,0,0.04,0.46,0.06,0,0.18,0,0.04
CNL_S24,2024_10_08_10-27-36.jpg,10/8/2024,10:27:36,Centennial Park,3,CNL_S24_T3,21,SURFTRAK,13.59830061,2.792453988,37.97250043,284,3.861111111,47.6197374,-122.3632089,47.6197394,-122.3631809,23.57614136,-16.58944321,47.61974137,-122.3631833,0.645705502,-8.710000038,-6.277078666,VFR_alt,151.3347568,0.132822073,1.12509292,0.913655677,0.120368477,8.885469437,-8.710000038,0,0,0,0,0,0.04,0,0,0,0,0,0,0.02,0,0,0,0,0,0.04,0,0,0,0,0.08,0.62,0,0,0.2,0,0
CNL_S24,2024_10_08_10-27-45.jpg,10/8/2024,10:27:45,Centennial Park,3,CNL_S24_T3,21,SURFTRAK,13.60982927,2.13195122,29.01548268,291,3.944444444,47.6197524,-122.3631477,47.6197341,-122.3631709,22.99082565,-15.83395767,47.61973611,-122.3631732,0.713658512,-8.539999962,-6.175122724,VFR_alt,158.9327326,0.094673185,1.243495891,1.116827344,0.093167441,8.723534584,-8.539999962,0,0,0,0,0,0.04,0,0,0,0,0,0,0,0,0,0,0,0,0,0,0,0,0,0.06,0.82,0.06,0,0.02,0,0
CNL_S24,2024_10_08_10-27-54.jpg,10/8/2024,10:27:54,Centennial Park,3,CNL_S24_T3,21,SURFTRAK,13.6017561,2.627560976,35.73948293,298,4.055555556,47.619721,-122.3631501,47.6197269,-122.3631602,22.18955994,-15.03718567,47.6197289,-122.3631626,0.699999988,-8.699999809,-6.321720556,VFR_alt,154.7459052,0.11233879,1.219696949,1.073702902,0.121618032,8.86369133,-8.699999809,0,0,0,0,0,0.1,0,0,0,0,0,0.02,0,0,0,0,0,0,0,0,0,0,0,0.02,0.8,0.04,0,0.02,0,0
CNL_S24,2024_10_08_10-28-03.jpg,10/8/2024,10:28:03,Centennial Park,3,CNL_S24_T3,21,SURFTRAK,13.58554878,3.610243902,49.04715,306,4.138888889,47.619718,-122.3631324,47.6197188,-122.363148,21.29315948,-14.11665344,47.61972084,-122.3631504,0.664085329,-8.710000038,-6.296260663,VFR_alt,152.9259778,0.152733211,1.157118376,0.966406022,0.162365796,8.881449699,-8.710000038,0,0,0,0,0,0.04,0,0,0,0,0,0.1,0,0,0,0.02,0,0,0,0,0,0,0.02,0.02,0.66,0.06,0,0.08,0,0
CNL_S24,2024_10_08_10-28-12.jpg,10/8/2024,10:28:12,Centennial Park,3,CNL_S24_T3,21,SURFTRAK,13.591,3.101595092,42.1537789,314,4.25,47.6197054,-122.3631369,47.6197088,-122.3631361,20.18034744,-13.22520065,47.61971083,-122.3631385,0.629999995,-8.789999962,-6.342831941,VFR_alt,157.7052657,0.146569822,1.097727264,0.869699367,0.142921858,8.961561203,-8.789999962,0,0,0,0,0,0.02,0,0,0,0,0,0,0,0,0,0,0,0,0,0,0,0,0.02,0.1,0.76,0.04,0.02,0.04,0,0
CNL_S24,2024_10_08_10-28-21.jpg,10/8/2024,10:28:21,Centennial Park,3,CNL_S24_T3,21,SURFTRAK,13.59219512,3.187012195,43.3185053,322,4.361111111,47.6196887,-122.3631495,47.6196976,-122.3631285,18.92951202,-12.65437317,47.61969958,-122.363131,0.687195122,-8.859999657,-6.470845497,VFR_alt,159.659025,0.133576142,1.19738544,1.034824632,0.141803092,9.021968842,-8.859999657,0,0,0,0,0,0.08,0,0,0,0,0,0,0,0,0,0.02,0,0,0,0,0,0,0,0.02,0.8,0.02,0,0.06,0,0
CNL_S24,2024_10_08_10-28-30.jpg,10/8/2024,10:28:30,Centennial Park,3,CNL_S24_T3,21,SURFTRAK,13.59080982,3.240613497,44.04255043,330,4.472222222,47.6196813,-122.3631377,47.6196856,-122.3631229,17.59477615,-12.23692322,47.61968758,-122.3631254,0.663987693,-8.949999809,-6.538575094,VFR_alt,159.6873794,0.154948529,1.156948253,0.966121479,0.157714748,9.125085831,-8.949999809,0,0,0,0,0,0.04,0,0,0.02,0,0,0,0,0,0,0,0,0,0,0,0,0,0.04,0.02,0.78,0.02,0,0.08,0,0
CNL_S24,2024_10_08_10-28-39.jpg,10/8/2024,10:28:39,Centennial Park,3,CNL_S24_T3,21,SURFTRAK,13.598,2.923035714,39.74743964,337,4.583333333,47.6196958,-122.3630574,47.6196783,-122.3631126,16.78173828,-11.46131134,47.61968026,-122.3631151,0.620000005,-9.039999962,-6.585598666,VFR_alt,165.324621,0.143496627,1.080303039,0.842309012,0.21396964,9.214305878,-9.039999962,0,0,0,0,0,0.06,0,0,0,0,0,0,0.02,0,0,0,0,0,0,0,0,0,0.02,0.06,0.76,0.02,0,0.06,0,0
CNL_S24,2024_10_08_10-28-48.jpg,10/8/2024,10:28:48,Centennial Park,3,CNL_S24_T3,21,SURFTRAK,13.60968712,2.345398773,31.92013436,343,4.638888889,47.6196786,-122.3630358,47.6196737,-122.3630983,16.26459503,-10.38703918,47.61967561,-122.3631008,0.623619633,-9.059999466,-6.610259233,VFR_alt,161.3737052,0.086594045,1.086609967,0.852223312,0.142571059,9.23643589,-9.059999466,0,0,0,0,0,0.16,0,0,0,0,0,0.06,0.02,0,0,0.02,0,0,0.08,0,0,0,0,0.04,0.62,0,0,0,0,0
CNL_S24,2024_10_08_10-28-57.jpg,10/8/2024,10:28:57,Centennial Park,3,CNL_S24_T3,21,SURFTRAK,13.60940244,2.275121951,30.96297976,349,4.722222222,47.6196456,-122.3630902,47.6196659,-122.3630871,15.40125656,-9.546581268,47.61966785,-122.3630896,0.653841436,-9.050000191,-6.631509615,VFR_alt,158.4039335,0.103504533,1.139269169,0.936821768,0.137317308,9.226352692,-9.050000191,0,0,0,0,0,0.02,0,0,0,0,0,0.04,0,0,0,0,0,0.02,0,0,0.02,0,0.02,0.06,0.8,0,0,0.02,0,0
CNL_S24,2024_10_08_10-29-06.jpg,10/8/2024,10:29:06,Centennial Park,3,CNL_S24_T3,21,SURFTRAK,13.61797561,1.913841463,26.0626503,354,4.805555556,47.6196411,-122.3630735,47.6196561,-122.3630803,14.30929565,-9.035697937,47.61965803,-122.3630828,0.642499983,-9.069999695,-6.641139241,VFR_alt,159.0205507,0.083444969,1.119507547,0.904594679,0.115133623,9.245718002,-9.069999695,0,0,0,0,0,0,0,0,0,0,0,0,0,0,0,0.02,0,0.02,0.06,0,0,0,0.04,0.12,0.7,0,0,0.04,0,0
CNL_S24,2024_10_08_10-29-15.jpg,10/8/2024,10:29:15,Centennial Park,3,CNL_S24_T3,21,SURFTRAK,13.59582927,2.64597561,35.97038866,361,4.888888889,47.6196285,-122.3630797,47.619646,-122.3630738,13.18096924,-8.549972534,47.61964788,-122.3630764,0.674999986,-9.099999428,-6.704525581,VFR_alt,165.9543715,0.090651897,1.176136339,0.99873342,0.110882051,9.269917488,-9.099999428,0,0,0,0,0,0.08,0,0,0,0,0,0.04,0,0,0,0.02,0,0,0.02,0,0,0,0.06,0.02,0.76,0,0,0,0,0
CNL_S24,2024_10_08_10-29-24.jpg,10/8/2024,10:29:24,Centennial Park,3,CNL_S24_T3,21,SURFTRAK,13.59868293,2.857926829,38.8629672,367,4.972222222,47.6196175,-122.3631061,47.6196381,-122.3630711,12.30722427,-8.351745605,47.61964002,-122.3630737,0.622439027,-9.149999619,-6.702746802,VFR_alt,155.7898029,0.104321748,1.08455285,0.848989586,0.123233452,9.330013275,-9.149999619,0,0,0,0,0,0.08,0,0,0,0,0,0.16,0,0,0,0.02,0,0.02,0.02,0,0.02,0,0,0.02,0.66,0,0,0,0,0
CNL_S24,2024_10_08_10-29-33.jpg,10/8/2024,10:29:33,Centennial Park,3,CNL_S24_T3,21,SURFTRAK,13.58212195,4.555914634,61.87699872,374,5.083333333,47.6196287,-122.3630729,47.6196273,-122.3630691,11.10369873,-8.200180054,47.61962919,-122.3630717,0.679329235,-9.159999847,-6.770295113,VFR_alt,177.5205037,0.157322304,1.183679728,1.011649598,0.147279135,9.333734512,-9.159999847,0,0,0,0,0,0.4,0,0,0,0,0,0,0,0,0,0.02,0,0,0,0,0,0,0,0.04,0.52,0,0,0,0,0.02
CNL_W25,2025_01_27_10-17-21.jpg,1/27/2025,10:17:21,Centennial Park,3,CNL_W25_T3,21,SURFTRAK,13.612671,1.911385281,26.01906273,0,0,47.619717,-122.3630835,47.6196933,-122.3630935,0,0,47.619717,-122.3630835,0.775822486,-7.730000019,-6.02676248,VFR_alt,314.6780027,0.06872919,1.351811908,1.319021542,0,8.257265091,-7.730000019,0,0,0,0,0,0,0,0,0,0,0,0,0,0,0,0,0,0,0,0,0,0,0.04,0.02,0.74,0,0.02,0.04,0,0.14
CNL_W25,2025_01_27_10-17-30.jpg,1/27/2025,10:17:30,Centennial Park,3,CNL_W25_T3,21,SURFTRAK,13.61065885,2.031812367,27.65426124,6,0.083333333,47.6197186,-122.3631056,47.6197009,-122.3631011,0.851070404,-0.571159363,47.61972465,-122.3630911,0.783582058,-7.710000038,-6.014116628,VFR_alt,314.8623241,0.086781367,1.365332373,1.345467737,0.124155321,8.232577324,-7.710000038,0,0,0,0,0,0,0,0,0,0,0,0,0,0,0,0,0,0,0,0,0,0,0,0.02,0.96,0,0,0,0,0.02
CNL_W25,2025_01_27_10-17-39.jpg,1/27/2025,10:17:39,Centennial Park,3,CNL_W25_T3,21,SURFTRAK,13.61746121,2.029137931,27.62722228,11,0.166666667,47.6197179,-122.3631385,47.6197087,-122.3631119,1.719421387,-1.37591362,47.61973246,-122.3631018,0.783857726,-7.71999979,-6.024070391,VFR_alt,309.9250698,0.067917638,1.365812705,1.346416101,0.084654068,8.243095398,-7.71999979,0,0,0,0,0,0,0,0,0,0,0,0,0.02,0,0,0,0,0,0,0,0,0,0,0.02,0.88,0,0,0.06,0,0.02
CNL_W25,2025_01_27_10-17-45.jpg,1/27/2025,10:17:45,Centennial Park,3,CNL_W25_T3,21,SURFTRAK,13.61170282,2.032342733,27.6617077,15,0.222222222,47.6197283,-122.3631385,47.6197137,-122.3631197,2.274490356,-1.964553833,47.61973746,-122.3631096,0.76787417,-7.730000019,-6.017937794,VFR_alt,314.4900314,0.081772239,1.337962568,1.292220846,0.121602671,8.25288868,-7.730000019,0,0,0,0,0,0,0,0,0,0,0,0,0.04,0,0,0,0,0,0,0,0,0,0,0.04,0.86,0,0,0.06,0,0
CNL_W25,2025_01_27_10-17-54.jpg,1/27/2025,10:17:54,Centennial Park,3,CNL_W25_T3,21,SURFTRAK,13.60103846,2.291303419,31.16162246,21,0.277777778,47.6197285,-122.3631649,47.6197214,-122.3631299,3.135097504,-2.729763031,47.6197452,-122.3631198,0.795427307,-7.599999905,-5.915392602,VFR_alt,313.5242731,0.093393865,1.385971823,1.386502812,0.121616147,8.12709713,-7.599999905,0,0,0,0,0,0,0,0,0,0,0,0,0,0,0,0.02,0,0,0,0,0,0,0,0,0.94,0,0,0.04,0,0
CNL_W25,2025_01_27_10-18-03.jpg,1/27/2025,10:18:03,Centennial Park,3,CNL_W25_T3,21,SURFTRAK,13.61685,1.759065217,23.95286991,26,0.361111111,47.6197408,-122.3631614,47.6197297,-122.3631391,4.052436829,-3.420507431,47.61975345,-122.363129,0.750760861,-7.559999943,-5.830811661,VFR_alt,311.4444581,0.070492381,1.308143925,1.235327595,0.110016386,8.08589077,-7.559999943,0,0,0,0,0,0,0,0,0,0,0,0,0,0,0,0,0,0,0,0,0,0,0,0,0.98,0,0,0,0,0.02
CNL_W25,2025_01_27_10-18-09.jpg,1/27/2025,10:18:09,Centennial Park,3,CNL_W25_T3,21,SURFTRAK,13.60096976,2.317516199,31.52021225,29,0.416666667,47.6197409,-122.3631716,47.6197349,-122.3631441,4.629016876,-3.79539299,47.61975863,-122.363134,0.770518339,-7.519999981,-5.810730377,VFR_alt,311.6376869,0.103471972,1.342569833,1.301092492,0.146007212,8.043946266,-7.519999981,0,0,0,0,0,0,0,0,0,0,0,0,0,0,0,0,0,0,0,0,0,0,0,0,1,0,0,0,0,0
CNL_W25,2025_01_27_10-18-18.jpg,1/27/2025,10:18:18,Centennial Park,3,CNL_W25_T3,21,SURFTRAK,13.60148786,2.126754967,28.92707214,35,0.472222222,47.6197559,-122.3631587,47.6197423,-122.3631533,5.460262299,-4.480848312,47.61976611,-122.3631431,0.761368643,-7.5,-5.781932416,VFR_alt,310.1917923,0.090106981,1.32662718,1.270243217,0.109092762,8.020740509,-7.5,0,0,0,0,0,0,0,0,0,0,0,0,0,0,0,0,0,0,0,0,0,0,0,0,1,0,0,0,0,0
CNL_W25,2025_01_27_10-18-27.jpg,1/27/2025,10:18:27,Centennial Park,3,CNL_W25_T3,21,SURFTRAK,13.60902603,1.912689805,26.02982271,40,0.555555556,47.6197398,-122.3632106,47.6197483,-122.3631645,6.120704651,-5.327213287,47.61977205,-122.3631544,0.778004312,-7.419999599,-5.718989234,VFR_alt,307.8192031,0.078274884,1.355613573,1.326574648,0.119096708,7.945757866,-7.419999599,0,0,0,0,0,0,0,0,0,0,0,0,0,0,0,0,0,0,0,0,0,0,0,0,0.8,0,0.02,0.18,0,0
CNL_W25,2025_01_27_10-18-39.jpg,1/27/2025,10:18:39,Centennial Park,3,CNL_W25_T3,21,SURFTRAK,13.60428696,2.187695652,29.76172743,47,0.638888889,47.6197536,-122.3631953,47.6197549,-122.363177,6.855102539,-6.264005661,47.61977866,-122.3631668,0.782652143,-7.369999886,-5.674187353,VFR_alt,303.6969067,0.090427739,1.363712067,1.342327682,0.099832678,7.895659924,-7.369999886,0,0,0,0,0,0,0,0,0,0,0,0,0,0,0,0,0,0,0,0,0,0,0.02,0,0.84,0,0.02,0.12,0,0
CNL_W25,2025_01_27_10-18-48.jpg,1/27/2025,10:18:48,Centennial Park,3,CNL_W25_T3,21,SURFTRAK,13.61311013,1.960837004,26.69302004,52,0.722222222,47.6197559,-122.3632018,47.6197583,-122.3631878,7.241413116,-7.069404602,47.61978213,-122.3631775,0.790858992,-7.329999924,-5.642707178,VFR_alt,292.7894729,0.065903842,1.37801188,1.370612121,0.081485294,7.855417728,-7.329999924,0,0,0,0,0,0,0,0,0,0,0,0,0,0,0,0,0,0,0,0,0,0,0,0.08,0.8,0,0.02,0.08,0,0.02
CNL_W25,2025_01_27_10-18-57.jpg,1/27/2025,10:18:57,Centennial Park,3,CNL_W25_T3,21,SURFTRAK,13.60683297,2.165878525,29.47085354,57,0.777777778,47.6197493,-122.3632225,47.6197615,-122.3631982,7.588424683,-7.850313187,47.61978525,-122.3631879,0.81169197,-7.299999714,-5.633689955,VFR_alt,293.2636338,0.095836503,1.414311765,1.443823617,0.119767188,7.826300621,-7.299999714,0,0,0,0,0,0,0,0,0,0,0,0,0,0,0,0,0,0,0,0,0,0,0,0.02,0.88,0,0,0.08,0,0.02
CNL_W25,2025_01_27_10-19-09.jpg,1/27/2025,10:19:09,Centennial Park,3,CNL_W25_T3,21,SURFTRAK,13.61814912,1.852631579,25.22926377,65,0.888888889,47.6197481,-122.3632447,47.6197667,-122.3632147,8.173171997,-9.093244553,47.61979051,-122.3632045,0.836359626,-7.309999943,-5.668208626,VFR_alt,311.1112177,0.082533631,1.457293288,1.53289058,0.095701658,7.82921648,-7.309999943,0,0,0,0,0,0,0,0,0,0,0,0,0,0,0,0,0,0,0,0,0,0,0,0.04,0.9,0,0,0.06,0,0
CNL_W25,2025_01_27_10-19-21.jpg,1/27/2025,10:19:21,Centennial Park,3,CNL_W25_T3,21,SURFTRAK,13.63824731,1.41944086,19.35862237,71,0.972222222,47.6197649,-122.3632306,47.6197715,-122.3632242,8.706947327,-9.800706863,47.61979531,-122.3632139,0.72795697,-7.409999847,-5.659343926,VFR_alt,311.3592265,0.050016539,1.268409872,1.16144069,0.043730401,7.935953617,-7.409999847,0,0,0,0,0,0,0,0,0,0,0,0,0,0,0,0,0,0,0,0,0,0,0,0.04,0.96,0,0,0,0,0
CNL_W25,2025_01_27_10-19-30.jpg,1/27/2025,10:19:30,Centennial Park,3,CNL_W25_T3,21,SURFTRAK,13.61051288,2.007081545,27.31745006,76,1.055555556,47.6197621,-122.3632542,47.6197745,-122.3632321,9.045017242,-10.39766884,47.61979835,-122.3632218,0.743862648,-7.329999924,-5.594810887,VFR_alt,311.0727296,0.08725315,1.296124311,1.213078322,0.087986535,7.862315655,-7.329999924,0,0,0,0,0,0,0,0,0,0,0,0,0,0,0,0,0,0,0,0,0,0,0,0.24,0.76,0,0,0,0,0
CNL_W25,2025_01_27_10-19-42.jpg,1/27/2025,10:19:42,Centennial Park,3,CNL_W25_T3,21,SURFTRAK,13.61268534,1.989827586,27.08690892,83,1.138888889,47.6197701,-122.3632629,47.6197802,-122.3632419,9.674682617,-11.13380623,47.61980402,-122.3632316,0.74506466,-7.309999943,-5.57545609,VFR_alt,311.1671124,0.08824932,1.298218726,1.216453592,0.091940978,7.837462902,-7.309999943,0,0,0,0,0,0,0,0,0,0,0,0,0,0,0,0,0,0,0,0,0,0,0,0,1,0,0,0,0,0
CNL_W25,2025_01_27_10-19-54.jpg,1/27/2025,10:19:54,Centennial Park,3,CNL_W25_T3,21,SURFTRAK,13.61540257,1.875417559,25.5340749,89,1.222222222,47.6197879,-122.3632646,47.6197858,-122.3632552,10.30332184,-12.13379478,47.61980967,-122.3632449,0.764475361,-7.269999981,-5.554515223,VFR_alt,310.9957466,0.089862356,1.332040402,1.28093089,0.090204234,7.793360233,-7.269999981,0,0,0,0,0,0,0,0,0,0,0,0,0,0,0,0,0,0,0,0,0,0,0.08,0.06,0.84,0,0,0.02,0,0
CNL_W25,2025_01_27_10-20-03.jpg,1/27/2025,10:20:03,Centennial Park,3,CNL_W25_T3,21,SURFTRAK,13.59921645,2.285930736,31.0868797,95,1.305555556,47.619774,-122.3633032,47.6197905,-122.3632647,10.81787109,-12.84441566,47.6198143,-122.3632544,0.815627699,-7.159999847,-5.495650879,VFR_alt,306.8457091,0.110505471,1.421169475,1.457852179,0.137065934,7.686222076,-7.159999847,0,0,0,0,0,0,0,0,0,0,0,0,0,0,0,0,0,0,0,0,0,0,0,0.06,0.76,0,0,0.18,0,0
CNL_W25,2025_01_27_10-20-15.jpg,1/27/2025,10:20:15,Centennial Park,3,CNL_W25_T3,21,SURFTRAK,13.61005532,2.010425532,27.36195587,102,1.388888889,47.6197808,-122.3633063,47.6197954,-122.3632816,11.3647728,-14.1093235,47.61981922,-122.3632712,0.781787204,-7.25,-5.55214489,VFR_alt,306.8801036,0.099901507,1.362204976,1.339293024,0.105636283,7.775309086,-7.25,0,0,0,0,0,0,0,0,0,0,0,0,0,0,0,0,0,0,0.02,0,0,0,0,0.02,0.84,0,0,0.08,0,0.04
CNL_W25,2025_01_27_10-20-24.jpg,1/27/2025,10:20:24,Centennial Park,3,CNL_W25_T3,21,SURFTRAK,13.60192857,2.184090909,29.70749942,107,1.472222222,47.6197834,-122.3633085,47.6197983,-122.363292,11.69185638,-14.88796425,47.61982216,-122.3632816,0.7564935,-7.299999714,-5.577264962,VFR_alt,308.642111,0.101816551,1.318132614,1.254077233,0.101465694,7.824408531,-7.299999714,0,0,0,0,0,0,0,0,0,0,0,0,0,0,0,0,0,0,0,0,0,0,0,0,0.98,0,0,0.02,0,0
CNL_W25,2025_01_27_10-20-36.jpg,1/27/2025,10:20:36,Centennial Park,3,CNL_W25_T3,21,SURFTRAK,13.61034773,2.03475162,27.69345868,113,1.555555556,47.6197868,-122.3633124,47.6198021,-122.3633036,12.117836,-15.76101494,47.61982599,-122.3632932,0.750799135,-7.309999943,-5.582176038,VFR_alt,308.398911,0.081435864,1.308210615,1.23538167,0.082731041,7.837543011,-7.309999943,0,0,0,0,0,0,0,0,0,0,0,0,0,0,0,0,0,0,0,0,0,0,0,0.04,0.46,0.02,0,0.46,0,0.02
CNL_W25,2025_01_27_10-20-51.jpg,1/27/2025,10:20:51,Centennial Park,3,CNL_W25_T3,21,SURFTRAK,13.62096937,1.838446389,25.03973696,121,1.638888889,47.6197931,-122.3633189,47.6198061,-122.3633136,12.55992126,-16.50933647,47.61982997,-122.3633031,0.76361049,-7.309999943,-5.595540717,VFR_alt,308.3631866,0.040578332,1.33053343,1.277944276,0.030096121,7.833881855,-7.309999943,0,0,0,0,0,0,0,0,0,0,0,0,0,0,0,0,0,0,0,0,0,0,0,0.1,0.26,0.14,0.1,0.4,0,0
CNL_W25,2025_01_27_10-21-03.jpg,1/27/2025,10:21:03,Centennial Park,3,CNL_W25_T3,21,SURFTRAK,13.60877922,1.966450216,26.76051753,127,1.75,47.6197886,-122.3633452,47.6198117,-122.3633238,13.18761063,-17.27625465,47.61983561,-122.3633133,0.786406892,-7.269999981,-5.578368091,VFR_alt,308.2998236,0.086530814,1.370254432,1.355417275,0.081549037,7.787417889,-7.269999981,0,0,0,0,0,0.02,0,0,0,0,0,0,0,0,0,0,0,0,0,0,0,0,0.02,0.04,0.56,0.04,0,0.32,0,0
CNL_W25,2025_01_27_10-21-15.jpg,1/27/2025,10:21:15,Centennial Park,3,CNL_W25_T3,21,SURFTRAK,13.60752586,2.119202586,28.83713231,135,1.833333333,47.6198065,-122.3633365,47.6198169,-122.363338,13.76420593,-18.34142494,47.6198408,-122.3633275,0.791767211,-7.239999771,-5.553284489,VFR_alt,308.1166877,0.109737068,1.379594383,1.373886298,0.106787325,7.762303829,-7.239999771,0,0,0,0,0,0,0,0,0,0,0,0,0,0,0,0,0,0.02,0,0,0,0,0.02,0,0.68,0.02,0,0.24,0,0.02
CNL_W25,2025_01_27_10-21-24.jpg,1/27/2025,10:21:24,Centennial Park,3,CNL_W25_T3,21,SURFTRAK,13.61026724,1.94049569,26.41063836,140,1.916666667,47.6197969,-122.3633674,47.6198181,-122.3633488,13.88914871,-19.15352821,47.61984192,-122.3633383,0.760969817,-7.299999714,-5.581917816,VFR_alt,308.6845463,0.097679665,1.325932257,1.268967513,0.103359002,7.829763412,-7.299999714,0,0,0,0,0,0,0,0,0,0,0,0,0,0,0,0,0,0,0,0,0,0,0,0.02,0.52,0.02,0,0.44,0,0
CNL_W25,2025_01_27_10-21-33.jpg,1/27/2025,10:21:33,Centennial Park,3,CNL_W25_T3,21,SURFTRAK,13.59484199,2.546320346,34.61555952,145,1.972222222,47.6198023,-122.363376,47.6198213,-122.3633587,14.25552368,-19.89322472,47.61984522,-122.3633481,0.835389589,-7.21999979,-5.575637108,VFR_alt,308.0045829,0.130506873,1.455603071,1.529432793,0.115955877,7.744790077,-7.21999979,0,0,0,0,0,0,0,0,0,0,0,0,0,0,0,0,0,0,0,0,0,0,0,0.06,0.5,0.02,0,0.42,0,0
CNL_W25,2025_01_27_10-21-45.jpg,1/27/2025,10:21:45,Centennial Park,3,CNL_W25_T3,21,SURFTRAK,13.62743506,1.753051948,23.88662494,155,2.111111111,47.6198252,-122.3633684,47.6198315,-122.3633754,15.38733292,-21.15138054,47.6198554,-122.3633649,0.70640691,-7.409999847,-5.635627067,VFR_alt,308.9461875,0.130752244,1.230860525,1.093885923,0.124747807,7.928426266,-7.409999847,0,0,0,0,0,0,0,0,0,0,0,0,0,0,0,0,0,0,0,0,0,0,0,0,0.54,0.02,0.12,0.3,0,0.02
CNL_W25,2025_01_27_10-21-54.jpg,1/27/2025,10:21:54,Centennial Park,3,CNL_W25_T3,21,SURFTRAK,13.62304545,1.69487013,23.08756312,160,2.194444444,47.6198177,-122.3634057,47.6198382,-122.3633843,16.1318779,-21.81733894,47.61986209,-122.3633737,0.762987001,-7.259999752,-5.541449705,VFR_alt,311.7165703,0.079499287,1.329447047,1.276169747,0.077831795,7.787666798,-7.259999752,0,0,0,0,0,0,0,0,0,0,0,0,0,0,0,0,0,0,0,0,0,0,0,0.76,0.14,0,0,0.1,0,0
CNL_W25,2025_01_27_10-22-03.jpg,1/27/2025,10:22:03,Centennial Park,3,CNL_W25_T3,21,SURFTRAK,13.61521786,2.044400871,27.83447943,165,2.25,47.6198505,-122.3633751,47.619844,-122.3633877,16.77239227,-22.07397652,47.61986785,-122.3633771,0.732178631,-7.309999943,-5.55996637,VFR_alt,311.6193794,0.082645158,1.275765797,1.174827452,0.091560994,7.838507175,-7.309999943,0,0,0,0,0,0,0,0,0,0,0,0,0,0,0,0.02,0,0,0,0,0,0,0,0.04,0.74,0.02,0.02,0.16,0,0
CNL_W25,2025_01_27_10-22-27.jpg,1/27/2025,10:22:27,Centennial Park,3,CNL_W25_T3,21,SURFTRAK,13.46473696,10.12897826,136.3633522,181,2.472222222,47.6199462,-122.3633231,47.6198578,-122.3634017,18.31225586,-23.11230278,47.6198817,-122.363391,0.803543453,-7.259999752,-5.580098677,VFR_alt,125.5109903,0.061059704,1.400113592,1.415948756,0.213584031,7.77507782,-7.259999752,0,0,0,0,0,0,0,0,0,0,0,0,0,0,0,0,0,0,0.042553191,0,0,0,0,0.021276596,0.723404255,0.021276596,0,0.191489362,0,0
CNL_W25,2025_01_27_10-25-04.jpg,1/27/2025,10:25:04,Centennial Park,3,CNL_W25_T3,21,SURFTRAK,13.63626464,1.478850325,20.16610425,287,3.916666667,47.6198645,-122.3633922,47.619864,-122.3633781,19.00524139,-21.34398842,47.61988823,-122.3633702,0.888286311,-7.059999943,-5.462315029,VFR_alt,137.0288225,0.010102784,1.547771603,1.729826655,0,7.578718662,-7.059999943,0,0,0,0,0,0,0,0,0,0,0,0,0,0,0.02,0,0,0,0.06,0,0,0,0.02,0.02,0.54,0,0,0.34,0,0
CNL_W25,2025_01_27_10-25-34.jpg,1/27/2025,10:25:34,Centennial Park,3,CNL_W25_T3,21,SURFTRAK,13.62094372,2.136017316,29.09487801,300,4.083333333,47.619849,-122.3634122,47.6198557,-122.363389,18.07268524,-22.16510201,47.61988022,-122.3633807,0.833030283,-7.089999676,-5.438101829,VFR_alt,132.5192405,0.049015581,1.451492161,1.520760367,0.049656293,7.612736225,-7.089999676,0,0,0,0,0,0,0,0,0,0,0,0,0,0,0.0625,0,0,0,0.020833333,0,0,0,0.020833333,0,0.625,0,0,0.270833333,0,0
CNL_W25,2025_01_27_10-26-01.jpg,1/27/2025,10:26:01,Centennial Park,3,CNL_W25_T3,21,SURFTRAK,13.64518764,1.476754967,20.15056574,313,4.25,47.6198325,-122.363447,47.619847,-122.3633827,17.09934616,-21.70051384,47.61987146,-122.3633748,0.819381892,-7.009999752,-5.345397436,VFR_alt,134.9273824,0.02969039,1.427710872,1.471294673,0.062237193,7.537025452,-7.009999752,0,0,0,0,0,0,0,0,0,0,0,0,0,0,0,0,0,0,0,0,0,0,0,0.02,0.64,0.02,0.04,0.28,0,0
CNL_W25,2025_01_27_10-26-22.jpg,1/27/2025,10:26:22,Centennial Park,3,CNL_W25_T3,21,SURFTRAK,13.63092191,1.53154013,20.87628642,323,4.416666667,47.6198454,-122.3633825,47.6198367,-122.3633832,15.95590591,-21.72369957,47.61986117,-122.3633751,0.815618218,-6.960000038,-5.291611317,VFR_alt,141.6310081,0.039355731,1.421152956,1.457732944,0.03690798,7.491131783,-6.960000038,0,0,0,0,0,0,0,0,0,0,0,0,0,0,0,0,0,0,0,0,0,0,0,0.04,0.68,0.04,0.02,0.22,0,0
CNL_W25,2025_01_27_10-26-40.jpg,1/27/2025,10:26:40,Centennial Park,3,CNL_W25_T3,21,SURFTRAK,13.61353896,2.0645671,28.1052339,334,4.555555556,47.6198549,-122.3633453,47.6198311,-122.3633699,15.33517456,-20.72543526,47.61985531,-122.3633621,0.849134164,-6.909999847,-5.274938141,VFR_alt,146.8206053,0.108342976,1.479551953,1.580066768,0.086008032,7.433351994,-6.909999847,0,0,0,0,0,0,0,0,0,0,0,0,0,0,0,0,0,0,0,0,0,0,0,0.04,0.56,0.06,0.02,0.3,0,0.02
CNL_W25,2025_01_27_10-26-52.jpg,1/27/2025,10:26:52,Centennial Park,3,CNL_W25_T3,21,SURFTRAK,13.61794737,1.739824561,23.6927793,340,4.638888889,47.6198673,-122.3632999,47.6198281,-122.3633596,14.99978256,-19.95741844,47.6198523,-122.3633519,0.838289449,-6.96999979,-5.324121787,VFR_alt,146.7498239,0.049758645,1.460655858,1.540094724,0.058443699,7.485116959,-6.96999979,0,0,0,0,0,0,0,0,0,0,0,0,0,0,0,0,0,0,0,0,0,0,0,0.08,0.7,0,0,0.22,0,0
CNL_W25,2025_01_27_10-27-07.jpg,1/27/2025,10:27:07,Centennial Park,3,CNL_W25_T3,21,SURFTRAK,13.6090564,2.251518438,30.64066302,348,4.75,47.6198238,-122.3633498,47.6198236,-122.3633493,14.49786377,-19.18600273,47.61984778,-122.3633417,0.81596529,-7.019999981,-5.35223486,VFR_alt,147.0368071,0.073134289,1.421757701,1.459029619,0.059655314,7.543368816,-7.019999981,0,0,0,0,0,0,0,0,0,0,0,0,0,0,0,0.02,0,0.02,0,0,0,0,0,0.04,0.58,0,0.02,0.32,0,0
CNL_W25,2025_01_27_10-27-25.jpg,1/27/2025,10:27:25,Centennial Park,3,CNL_W25_T3,21,SURFTRAK,13.60811447,1.893218143,25.76056894,359,4.888888889,47.619826,-122.3633191,47.6198181,-122.3633358,13.88248825,-18.16947365,47.61984225,-122.3633281,0.836025895,-6.960000038,-5.313272433,VFR_alt,138.1571924,0.037794354,1.456711788,1.531959667,0.051987393,7.482701302,-6.960000038,0,0,0,0,0,0,0,0,0,0,0,0,0,0,0,0,0,0,0,0,0,0,0,0,0.54,0.04,0.02,0.4,0,0
CNL_W25,2025_01_27_10-27-46.jpg,1/27/2025,10:27:46,Centennial Park,3,CNL_W25_T3,21,SURFTRAK,13.62430407,2.230192719,30.38402878,370,5.027777778,47.619816,-122.3633143,47.6198116,-122.3633276,13.157341,-17.55618477,47.61983573,-122.36332,0.835396124,-6.949999809,-5.303514704,VFR_alt,136.1534295,0.053299769,1.455614458,1.529319736,0.057755233,7.477332592,-6.949999809,0,0,0,0,0,0,0,0,0,0,0,0,0,0,0,0,0,0,0,0,0,0,0,0.02,0.46,0.02,0.02,0.48,0,0
CNL_W25,2025_01_27_10-28-01.jpg,1/27/2025,10:28:01,Centennial Park,3,CNL_W25_T3,21,SURFTRAK,13.61319565,1.988456522,27.06773543,378,5.138888889,47.6198049,-122.3633145,47.6198064,-122.3633193,12.58343124,-16.93591881,47.61983056,-122.3633117,0.827608681,-6.960000038,-5.305567609,VFR_alt,135.7781639,0.079188034,1.442045429,1.501058568,0.072294912,7.480721474,-6.960000038,0,0,0,0,0,0,0,0,0,0,0,0,0,0,0,0,0,0,0,0,0,0,0,0,0.44,0.08,0,0.48,0,0
CNL_W25,2025_01_27_10-28-13.jpg,1/27/2025,10:28:13,Centennial Park,3,CNL_W25_T3,21,SURFTRAK,13.59979487,2.654508547,36.10001842,385,5.25,47.6197958,-122.3633066,47.6197987,-122.3633113,11.72824097,-16.32877159,47.61982287,-122.3633036,0.826602551,-6.960000038,-5.303738113,VFR_alt,139.505717,0.102002968,1.440292323,1.497367472,0.084079344,7.488433361,-6.960000038,0,0,0,0,0,0.02,0,0,0,0,0,0,0,0,0,0,0,0,0,0,0,0,0,0.02,0.54,0.02,0,0.38,0,0.02
CNL_W25,2025_01_27_10-28-22.jpg,1/27/2025,10:28:22,Centennial Park,3,CNL_W25_T3,21,SURFTRAK,13.59678871,2.547978142,34.6423863,391,5.333333333,47.6197944,-122.3632907,47.6197926,-122.3632996,11.04882813,-15.45347404,47.61981676,-122.363292,0.823224033,-6.980000019,-5.31944106,VFR_alt,139.5230097,0.116693937,1.434405513,1.48518685,0.172929362,7.507729053,-6.980000019,0,0,0,0,0,0,0,0,0,0,0,0,0,0,0,0,0,0,0,0,0,0,0.02,0,0.4,0.08,0,0.5,0,0
CNL_W25,2025_01_27_10-28-31.jpg,1/27/2025,10:28:31,Centennial Park,3,CNL_W25_T3,21,SURFTRAK,13.59500656,2.347986871,31.92065851,397,5.416666667,47.6197801,-122.3632864,47.619785,-122.3632921,10.19352722,-14.89208031,47.61980907,-122.3632845,0.81247264,-7.009999752,-5.337628445,VFR_alt,135.7572352,0.10170718,1.415672025,1.446551568,0.121862091,7.537406445,-7.009999752,0,0,0,0,0,0,0,0,0,0,0,0,0,0,0,0,0,0,0,0,0,0,0,0.04,0.84,0.02,0,0.1,0,0
CNL_W25,2025_01_27_10-28-43.jpg,1/27/2025,10:28:43,Centennial Park,3,CNL_W25_T3,21,SURFTRAK,13.61361075,1.749268817,23.81237972,405,5.5,47.6197637,-122.3632883,47.6197781,-122.3632827,9.430274963,-14.18622398,47.6198022,-122.3632751,0.831741917,-6.96999979,-5.315441338,VFR_alt,124.3549008,0.032750909,1.44924728,1.515963868,0.046454674,7.494418144,-6.96999979,0,0,0,0,0,0,0,0,0,0,0,0,0,0,0,0.02,0,0,0,0,0,0,0,0.04,0.4,0.02,0,0.52,0,0
CNL_W25,2025_01_27_10-28-55.jpg,1/27/2025,10:28:55,Centennial Park,3,CNL_W25_T3,21,SURFTRAK,13.60929437,2.064112554,28.08998939,412,5.611111111,47.6197758,-122.3632539,47.6197712,-122.3632735,8.664665222,-13.49865532,47.61979532,-122.363266,0.852445864,-6.940000057,-5.304867318,VFR_alt,135.1503184,0.077331005,1.485322339,1.592666386,0.083941353,7.462920666,-6.940000057,0,0,0,0,0,0,0,0,0,0,0,0,0,0,0,0,0,0,0,0,0,0,0,0.02,0.7,0.02,0,0.26,0,0
CNL_W25,2025_01_27_10-29-07.jpg,1/27/2025,10:29:07,Centennial Park,3,CNL_W25_T3,21,SURFTRAK,13.59520563,2.554350649,34.7266569,419,5.722222222,47.6197607,-122.3632664,47.619766,-122.3632625,8.084396362,-12.66932106,47.6197901,-122.363255,0.819826833,-6.96999979,-5.301383084,VFR_alt,133.6497616,0.1088052,1.428486148,1.472925187,0.121152837,7.495773792,-6.96999979,0,0,0,0,0,0.04,0,0,0,0,0,0,0,0,0,0,0,0,0,0,0,0,0,0,0.9,0,0,0.06,0,0
CNL_W25,2025_01_27_10-29-16.jpg,1/27/2025,10:29:16,Centennial Park,3,CNL_W25_T3,21,SURFTRAK,13.60157451,2.128293737,28.9467384,425,5.777777778,47.6197639,-122.3632449,47.6197618,-122.3632513,7.617866516,-11.83048058,47.6197859,-122.3632438,0.830064778,-6.96999979,-5.311283047,VFR_alt,135.6369162,0.084538075,1.446324992,1.509832521,0.096925615,7.49828434,-6.96999979,0,0,0,0,0,0,0,0,0,0,0,0,0,0,0,0,0,0,0,0,0,0,0,0.02,0.86,0.02,0,0.1,0,0
CNL_W25,2025_01_27_10-29-28.jpg,1/27/2025,10:29:28,Centennial Park,3,CNL_W25_T3,21,SURFTRAK,13.60589783,2.229304348,30.33133137,433,5.888888889,47.6197421,-122.3632588,47.6197534,-122.3632413,6.680843353,-11.07631874,47.61977748,-122.3632338,0.823108686,-6.989999771,-5.324215826,VFR_alt,135.592012,0.091195398,1.434204528,1.484622926,0.099487457,7.51807785,-6.989999771,0,0,0,0,0,0,0,0,0,0,0,0,0,0,0,0,0,0.02,0,0,0,0,0,0.02,0.8,0.02,0,0.14,0,0
CNL_W25,2025_01_27_10-29-37.jpg,1/27/2025,10:29:37,Centennial Park,3,CNL_W25_T3,21,SURFTRAK,13.6121879,1.93699784,26.3667579,438,5.972222222,47.6197434,-122.3632527,47.619749,-122.3632329,6.193408966,-10.45184898,47.61977309,-122.3632255,0.812440594,-7.019999981,-5.343665458,VFR_alt,135.4561814,0.073238505,1.415616187,1.446496992,0.070894002,7.543036938,-7.019999981,0,0,0,0,0,0,0,0,0,0,0,0,0,0,0,0,0,0,0,0,0,0,0.04,0,0.82,0,0,0.12,0,0.02
CNL_W25,2025_01_27_10-29-52.jpg,1/27/2025,10:29:52,Centennial Park,3,CNL_W25_T3,21,SURFTRAK,13.61049024,2.022537961,27.52732508,446,6.083333333,47.6197534,-122.363209,47.6197393,-122.3632262,5.109901428,-9.944295883,47.61976335,-122.3632187,0.81930585,-7.029999733,-5.360985893,VFR_alt,135.2905802,0.079935088,1.427578376,1.470973478,0.079220137,7.555791378,-7.029999733,0,0,0,0,0,0,0,0,0,0,0,0,0,0,0,0,0,0,0,0,0,0,0,0.04,0.86,0,0,0.1,0,0
CNL_W25,2025_01_27_10-30-04.jpg,1/27/2025,10:30:04,Centennial Park,3,CNL_W25_T3,21,SURFTRAK,13.60934056,1.990845987,27.09399944,453,6.166666667,47.6197322,-122.3632337,47.6197342,-122.3632183,4.544345856,-9.350507736,47.61975826,-122.3632108,0.814143162,-7.079999924,-5.406310403,VFR_alt,135.0823279,0.084831393,1.418582783,1.452487294,0.076138049,7.600805283,-7.079999924,0,0,0,0,0,0.02,0,0,0,0,0,0,0.02,0,0,0,0,0.02,0,0,0,0,0.02,0.06,0.7,0,0,0.16,0,0
CNL_W25,2025_01_27_10-30-19.jpg,1/27/2025,10:30:19,Centennial Park,3,CNL_W25_T3,21,SURFTRAK,13.61286638,1.888793103,25.71176884,462,6.277777778,47.6197106,-122.3632551,47.6197269,-122.3632098,3.726085663,-8.718015671,47.6197509,-122.3632024,0.829116363,-7.079999924,-5.421857029,VFR_alt,138.8467836,0.074048292,1.444672451,1.506701831,0.081312115,7.60774231,-7.079999924,0,0,0,0,0,0,0,0,0,0,0,0,0,0,0,0.02,0,0,0,0,0,0,0.02,0.04,0.78,0.02,0,0.12,0,0
CNL_W25,2025_01_27_10-30-34.jpg,1/27/2025,10:30:34,Centennial Park,3,CNL_W25_T3,21,SURFTRAK,13.6045054,2.176069114,29.60434043,470,6.416666667,47.6197505,-122.3631748,47.6197206,-122.3631998,3.028049469,-7.965091705,47.61974462,-122.3631924,0.826004307,-7.179999828,-5.519025001,VFR_alt,145.7562333,0.092768738,1.439249928,1.495129047,0.077204507,7.702410698,-7.179999828,0,0,0,0,0,0,0,0,0,0,0,0,0,0,0,0,0,0,0,0,0,0,0,0,0.94,0,0,0.06,0,0
CNL_W25,2025_01_27_10-30-52.jpg,1/27/2025,10:30:52,Centennial Park,3,CNL_W25_T3,21,SURFTRAK,13.59007947,3.113509934,42.29864192,480,6.527777778,47.6197344,-122.3631843,47.6197194,-122.3631877,2.891174316,-7.059139252,47.61974339,-122.3631803,0.81485651,-7.259999752,-5.587438475,VFR_alt,144.1521611,0.110133182,1.419825737,1.455012346,0.068155942,7.784271717,-7.259999752,0,0,0,0,0,0,0,0,0,0,0,0,0,0,0,0,0,0,0,0,0,0,0,0.02,0.98,0,0,0,0,0
CNL_W25,2025_01_27_10-31-07.jpg,1/27/2025,10:31:07,Centennial Park,3,CNL_W25_T3,21,SURFTRAK,13.61395032,1.913131749,26.04508998,491,6.694444444,47.6197268,-122.3631691,47.6197114,-122.3631775,2.004425049,-6.296010971,47.61973542,-122.3631702,0.803563688,-7.349999905,-5.664825425,VFR_alt,143.0654054,0.061790618,1.40014885,1.415055379,0.061089269,7.881061077,-7.349999905,0,0,0,0,0,0,0,0,0,0,0,0,0,0,0,0,0,0,0,0,0,0,0,0,1,0,0,0,0,0
CNL_W25,2025_01_27_10-31-25.jpg,1/27/2025,10:31:25,Centennial Park,3,CNL_W25_T3,21,SURFTRAK,13.61072068,1.826609808,24.86088405,501,6.833333333,47.6197219,-122.3631599,47.6197099,-122.3631617,1.842376709,-5.103845596,47.61973396,-122.3631543,0.807931739,-7.389999866,-5.7066359,VFR_alt,140.2753723,0.071596848,1.407759848,1.430624841,0.080015846,7.919930458,-7.389999866,0,0,0,0,0,0,0,0,0,0,0,0,0,0,0,0,0,0,0,0,0,0,0,0,0.98,0,0,0.02,0,0
CNL_W25,2025_01_27_10-31-37.jpg,1/27/2025,10:31:37,Centennial Park,3,CNL_W25_T3,21,SURFTRAK,13.58517026,2.999482759,40.74528944,508,6.916666667,47.6196999,-122.3631657,47.6197051,-122.3631549,1.304542542,-4.600496292,47.61972912,-122.3631476,0.8125,-7.440000057,-5.75932927,VFR_alt,144.6204425,0.110446673,1.415719697,1.446595586,0.132349647,7.95886898,-7.440000057,0,0,0,0,0,0,0,0,0,0,0,0,0,0,0,0,0,0,0,0,0,0,0,0,1,0,0,0,0,0
CNL_W25,2025_01_27_10-31-49.jpg,1/27/2025,10:31:49,Centennial Park,3,CNL_W25_T3,21,SURFTRAK,13.61277468,2.006845494,27.31873105,516,7.027777778,47.6196941,-122.3631455,47.6196966,-122.3631448,0.358516693,-3.841207504,47.61972061,-122.3631375,0.824205994,-7.489999771,-5.819348459,VFR_alt,144.5888773,0.077156162,1.436116504,1.488674917,0.085581006,8.015792847,-7.489999771,0,0,0,0,0,0,0,0,0,0,0,0,0,0,0,0,0,0,0,0,0,0,0,0,1,0,0,0,0,0
CNL_W25,2025_01_27_10-32-01.jpg,1/27/2025,10:32:01,Centennial Park,3,CNL_W25_T3,21,SURFTRAK,13.60991739,2.004608696,27.2813053,524,7.138888889,47.6196849,-122.3631357,47.6196902,-122.3631359,-0.359481812,-3.173469543,47.61971415,-122.3631286,0.83252172,-7.519999981,-5.85644463,VFR_alt,144.2476596,0.065790961,1.450606027,1.519039025,0.057738657,8.044473648,-7.519999981,0,0,0,0,0,0,0,0,0,0,0,0,0,0,0,0,0,0,0,0,0,0,0,0,0.98,0,0,0,0,0.02
CNL_W25,2025_01_27_10-32-13.jpg,1/27/2025,10:32:13,Centennial Park,3,CNL_W25_T3,21,SURFTRAK,13.61507592,1.715748373,23.35997675,531,7.222222222,47.6196881,-122.36311,47.6196856,-122.3631224,-0.864151001,-2.160968781,47.61970961,-122.3631152,0.845422962,-7.489999771,-5.838768842,VFR_alt,136.5007581,0.042214548,1.473085464,1.566311399,0.070707009,8.008209229,-7.489999771,0,0,0,0,0,0,0,0,0,0,0,0,0,0,0,0,0,0,0,0,0,0,0,0,1,0,0,0,0,0
EBM_S24,2024_10_09_10-23-33.jpg,10/9/2024,10:23:33,Elliott Bay Marina,3,EBM_S24_T3,21,SURFTRAK,13.62135449,1.745339168,23.77368783,0,0,47.6272147,-122.391914,47.6271984,-122.3919332,0,0,47.6272147,-122.391914,0.667483566,-9.099999428,-6.609396774,VFR_alt,276.9181398,0.100897895,1.163039546,0.976784316,0,9.223583221,-9.099999428,0,0,0,0,0,0,0,0,0,0.92,0,0,0,0,0,0,0,0,0,0,0,0,0.06,0.02,0,0,0,0,0,0
EBM_S24,2024_10_09_10-23-42.jpg,10/9/2024,10:23:42,Elliott Bay Marina,3,EBM_S24_T3,21,SURFTRAK,13.62503024,1.73187905,23.5966803,4,0.055555556,47.6272183,-122.3919116,47.627203,-122.3919383,0.523139954,-0.384124756,47.62721941,-122.3919191,0.716609044,-8.800000191,-6.358521389,VFR_alt,259.7692778,0.066141055,1.24863697,1.125536574,0.054789998,8.929146767,-8.800000191,0,0,0,0,0,0.02,0,0,0,0.36,0.02,0,0,0,0.12,0,0,0.1,0.12,0,0,0.02,0.18,0,0,0,0,0,0,0.06
EBM_S24,2024_10_09_10-23-51.jpg,10/9/2024,10:23:51,Elliott Bay Marina,3,EBM_S24_T3,21,SURFTRAK,13.63701747,1.651484716,22.52119664,9,0.111111111,47.6272065,-122.3919418,47.6272056,-122.3919444,0.808208466,-0.843212128,47.62722197,-122.3919252,0.909366798,-8.800000191,-6.551304736,VFR_alt,255.0780066,0.054251547,1.584502754,1.812457104,0.054435794,8.92617321,-8.800000191,0,0,0,0,0,0,0,0,0,0.38,0,0,0,0.02,0.12,0,0,0.08,0.08,0,0,0,0.2,0,0,0.08,0,0,0,0.04
EBM_S24,2024_10_09_10-24-00.jpg,10/9/2024,10:24:00,Elliott Bay Marina,3,EBM_S24_T3,21,SURFTRAK,13.61687281,1.934210526,26.33627018,15,0.194444444,47.6272119,-122.3919314,47.6272078,-122.3919534,1.05890274,-1.507478714,47.62722422,-122.3919341,0.624999999,-9.050000191,-6.517000189,VFR_alt,262.9630283,0.113140449,1.089015149,0.857823485,0.083679348,9.178588867,-9.050000191,0,0,0,0,0,0,0,0,0,0.74,0,0,0,0.02,0.02,0,0,0.04,0,0,0,0.04,0.08,0.06,0,0,0,0,0,0
EBM_S24,2024_10_09_10-24-09.jpg,10/9/2024,10:24:09,Elliott Bay Marina,3,EBM_S24_T3,21,SURFTRAK,13.62488546,1.713436123,23.34534132,19,0.25,47.6271984,-122.3919748,47.6272089,-122.3919637,1.178386688,-2.280799866,47.6272253,-122.3919443,0.750616721,-8.979999542,-6.572717705,VFR_alt,263.4860517,0.085392609,1.307892771,1.235782499,0.089747062,9.105283737,-8.979999542,0,0,0,0,0,0,0,0,0,0.82,0,0,0,0,0.06,0,0,0.02,0.02,0,0,0,0.08,0,0,0,0,0,0,0
EBM_S24,2024_10_09_10-24-18.jpg,10/9/2024,10:24:18,Elliott Bay Marina,3,EBM_S24_T3,21,SURFTRAK,13.6152022,2.035714286,27.71622758,23,0.305555556,47.6271901,-122.391998,47.6272084,-122.3919768,1.115455627,-3.254899979,47.62722473,-122.3919573,0.712285691,-8.93999958,-6.494502209,VFR_alt,259.0721828,0.098969507,1.241103855,1.112267075,0.12133252,9.070361137,-8.93999958,0,0,0,0,0,0,0,0,0,0.8,0,0,0,0.02,0.02,0,0,0.04,0,0,0,0,0.1,0.02,0,0,0,0,0,0
EBM_S24,2024_10_09_10-24-27.jpg,10/9/2024,10:24:27,Elliott Bay Marina,3,EBM_S24_T3,21,SURFTRAK,13.60788235,2.14745098,29.22219039,28,0.388888889,47.6271962,-122.3919937,47.6272071,-122.3919903,0.971160889,-4.271701813,47.62722343,-122.3919708,0.838213483,-8.809999466,-6.490527385,VFR_alt,255.1006066,0.096244392,1.460523493,1.539969006,0.104383731,8.933979988,-8.809999466,0,0,0,0,0,0,0,0.02,0,0.4,0,0,0,0.02,0.16,0,0,0,0,0,0,0,0.2,0.06,0,0.04,0,0,0,0.1
EBM_S24,2024_10_09_10-24-36.jpg,10/9/2024,10:24:36,Elliott Bay Marina,3,EBM_S24_T3,21,SURFTRAK,13.6184128,1.953024283,26.59711029,33,0.444444444,47.6272014,-122.3919915,47.6272068,-122.3920008,0.940570831,-5.059762955,47.62722316,-122.3919813,0.585297992,-8.929999352,-6.35765923,VFR_alt,255.0923647,0.098694089,1.019837409,0.750712607,0.095628717,9.051286697,-8.929999352,0,0,0,0,0,0,0,0.1,0.02,0.42,0,0,0.02,0,0,0,0,0.02,0.18,0,0,0.02,0.18,0,0,0,0.04,0,0,0
EBM_S24,2024_10_09_10-24-45.jpg,10/9/2024,10:24:45,Elliott Bay Marina,3,EBM_S24_T3,21,SURFTRAK,13.6245,1.768369565,24.0929987,38,0.527777778,47.6272029,-122.3919946,47.6272055,-122.392012,0.796379089,-5.90769577,47.62722186,-122.3919926,0.816891284,-8.699999809,-6.359218333,VFR_alt,246.2764923,0.093523488,1.423371177,1.462818241,0.08791002,8.822629929,-8.699999809,0,0,0,0,0,0,0,0,0.02,0.36,0.02,0,0.02,0.02,0.16,0.04,0,0.08,0,0,0,0.02,0.22,0.02,0,0,0.02,0,0,0
EBM_S24,2024_10_09_10-24-54.jpg,10/9/2024,10:24:54,Elliott Bay Marina,3,EBM_S24_T3,21,SURFTRAK,13.61435217,2.075913043,28.26217157,43,0.583333333,47.6271931,-122.3920234,47.6272033,-122.3920221,0.553264618,-6.663572311,47.62721968,-122.3920027,0.776565192,-8.869999886,-6.48874352,VFR_alt,246.460365,0.07201876,1.353106016,1.322261746,0.083521665,8.989274979,-8.869999886,0,0,0,0,0,0,0,0,0,0.56,0.02,0,0.02,0.06,0.04,0,0,0,0,0,0,0.06,0.22,0,0,0,0,0,0,0.02
EBM_S24,2024_10_09_10-25-03.jpg,10/9/2024,10:25:03,Elliott Bay Marina,3,EBM_S24_T3,21,SURFTRAK,13.60842048,2.266732026,30.84666381,48,0.666666667,47.627197,-122.3920253,47.6272,-122.3920348,0.184295654,-7.610326767,47.62721636,-122.3920153,0.765294117,-8.929999352,-6.537177594,VFR_alt,251.780935,0.10629764,1.333467022,1.28541256,0.10830578,9.056711197,-8.929999352,0,0,0,0,0,0,0,0,0,0.94,0,0,0,0,0.04,0,0,0,0,0,0,0,0.02,0,0,0,0,0,0,0
EBM_S24,2024_10_09_10-25-12.jpg,10/9/2024,10:25:12,Elliott Bay Marina,3,EBM_S24_T3,21,SURFTRAK,13.62102423,1.697004405,23.11497423,53,0.722222222,47.6271924,-122.3920458,47.6271987,-122.3920452,0.039112091,-8.392986298,47.62721505,-122.3920257,0.726497778,-8.869999886,-6.437951439,VFR_alt,265.0098803,0.081651796,1.26586734,1.216095689,0.090494629,8.998537064,-8.869999886,0.02,0,0,0,0,0,0,0,0,0.3,0,0,0,0.16,0.08,0,0,0.28,0,0,0,0,0.16,0,0,0,0,0,0,0
EBM_S24,2024_10_09_10-25-21.jpg,10/9/2024,10:25:21,Elliott Bay Marina,3,EBM_S24_T3,21,SURFTRAK,13.58888937,3.207310195,43.58377649,61,0.833333333,47.6271934,-122.392061,47.6271983,-122.3920565,0.004043579,-9.218412399,47.62721474,-122.3920366,0.612039044,-9.309999466,-6.762998715,VFR_alt,272.2200049,0.120174844,1.066431667,0.821773695,0.127465212,9.436066628,-9.309999466,0,0,0,0,0,0,0,0,0,0.86,0,0,0,0,0,0,0,0.14,0,0,0,0,0,0,0,0,0,0,0,0
EBM_S24,2024_10_09_10-25-30.jpg,10/9/2024,10:25:30,Elliott Bay Marina,3,EBM_S24_T3,21,SURFTRAK,13.58927655,3.086902655,41.9486327,69,0.944444444,47.6272149,-122.3920408,47.6271989,-122.3920672,0.063064575,-10.04640198,47.62721527,-122.3920477,0.699048662,-9.489999771,-7.029530106,VFR_alt,273.9161876,0.083206238,1.218039335,1.071250374,0.067082306,9.617555618,-9.489999771,0,0,0,0,0,0,0,0,0,0.9,0,0,0,0,0,0,0,0,0.02,0,0,0,0.06,0.02,0,0,0,0,0,0
EBM_S24,2024_10_09_10-25-39.jpg,10/9/2024,10:25:39,Elliott Bay Marina,3,EBM_S24_T3,21,SURFTRAK,13.62482781,2.015960265,27.46462907,75,1.027777778,47.6272077,-122.3920707,47.6272003,-122.3920764,0.222675323,-10.73643494,47.6272167,-122.3920568,0.554017648,-9.590000153,-6.984114241,VFR_alt,274.1488086,0.06752642,0.96533378,0.676050688,0.062656184,9.714930534,-9.590000153,0,0,0,0,0,0,0,0,0,0.4,0,0,0,0.08,0.08,0,0,0.24,0.18,0,0,0,0.02,0,0,0,0,0,0,0
EBM_S24,2024_10_09_10-25-48.jpg,10/9/2024,10:25:48,Elliott Bay Marina,3,EBM_S24_T3,21,SURFTRAK,13.57752609,3.856086957,52.35576013,82,1.111111111,47.6272147,-122.3920715,47.627202,-122.3920829,0.404590607,-11.21813011,47.62721834,-122.3920633,0.863934761,-9.630000114,-7.333817642,VFR_alt,274.715558,0.085975049,1.505340872,1.635833982,0.076604659,9.736197472,-9.630000114,0,0,0,0,0,0,0,0,0,0.94,0,0,0,0,0.04,0,0,0.02,0,0,0,0,0,0,0,0,0,0,0,0
EBM_S24,2024_10_09_10-25-57.jpg,10/9/2024,10:25:57,Elliott Bay Marina,3,EBM_S24_T3,21,SURFTRAK,13.60516269,2.761778742,37.57184816,89,1.222222222,47.6272079,-122.3921019,47.6272049,-122.3920927,0.734992981,-11.95388412,47.62722131,-122.392073,0.341127977,-9.800000191,-6.981047078,VFR_alt,284.7808312,0.088831017,0.594389656,0.261582526,0.097781978,9.933909416,-9.800000191,0,0,0,0,0,0,0,0,0,0.92,0,0,0,0.02,0.02,0,0,0,0,0,0,0,0.04,0,0,0,0,0,0,0
EBM_S24,2024_10_09_10-26-06.jpg,10/9/2024,10:26:06,Elliott Bay Marina,3,EBM_S24_T3,21,SURFTRAK,13.58960613,3.532188184,47.99967252,95,1.305555556,47.6272224,-122.3920926,47.6272076,-122.3921019,1.040431976,-12.66603279,47.62722406,-122.3920825,0.885973724,-9.269999504,-6.99624662,VFR_alt,281.2218747,0.097203195,1.543742095,1.729986952,0.087084599,9.394259453,-9.269999504,0,0,0,0,0,0,0,0,0,0.58,0,0,0,0.08,0,0,0,0.2,0,0,0,0,0.14,0,0,0,0,0,0,0
EBM_S24,2024_10_09_10-26-15.jpg,10/9/2024,10:26:15,Elliott Bay Marina,3,EBM_S24_T3,21,SURFTRAK,13.56747181,4.999332344,67.82685402,105,1.444444444,47.6272221,-122.3921138,47.6272114,-122.3921175,1.456874847,-13.8378334,47.6272278,-122.3920981,0.749836781,-9.43999958,-7.030737857,VFR_alt,283.8566607,0.164984554,1.306533785,1.441300007,0.249815973,9.565878868,-9.43999958,0,0,0,0,0,0,0,0,0,0.66,0,0,0,0.1,0,0,0,0.02,0,0,0,0,0.22,0,0,0,0,0,0,0
EBM_S24,2024_10_09_10-26-24.jpg,10/9/2024,10:26:24,Elliott Bay Marina,3,EBM_S24_T3,21,SURFTRAK,13.63885,1.534413043,20.92748652,112,1.527777778,47.6272103,-122.3921581,47.6272146,-122.3921277,1.809268951,-14.59984207,47.62723097,-122.3921082,0.570826079,-9.599999428,-7.012510957,VFR_alt,282.6464416,0.026498599,0.994621198,0.715039452,0.049859004,9.727499962,-9.599999428,0,0,0,0,0,0,0,0,0,0.72,0,0,0,0.08,0.02,0,0,0,0,0,0,0,0.16,0,0,0,0,0.02,0,0
EBM_S24,2024_10_09_10-26-33.jpg,10/9/2024,10:26:33,Elliott Bay Marina,3,EBM_S24_T3,21,SURFTRAK,13.60076856,2.786550218,37.89693039,117,1.611111111,47.627231,-122.3921342,47.6272162,-122.3921398,1.99054718,-15.50784874,47.6272326,-122.3921203,0.773886443,-9.399999619,-7.016392328,VFR_alt,278.0230024,0.132922256,1.348438498,1.3150205,0.119953256,9.522603989,-9.399999619,0,0,0,0,0,0,0,0,0,0.86,0,0,0,0.04,0,0,0,0.02,0,0,0,0,0.06,0,0,0,0,0,0,0.02
EBM_S24,2024_10_09_10-26-42.jpg,10/9/2024,10:26:42,Elliott Bay Marina,3,EBM_S24_T3,21,SURFTRAK,13.61658057,1.99419426,27.1539432,124,1.694444444,47.6272384,-122.3921392,47.6272185,-122.3921543,2.248157501,-16.59515953,47.62723492,-122.3921348,0.794481232,-9.380000114,-7.017726303,VFR_alt,278.9787853,0.081884388,1.384323359,1.386968586,0.07278187,9.5007658,-9.380000114,0,0,0,0,0,0,0,0,0,0.62,0,0,0,0.02,0.08,0,0,0.02,0.02,0,0,0,0.24,0,0,0,0,0,0,0
EBM_S24,2024_10_09_10-26-51.jpg,10/9/2024,10:26:51,Elliott Bay Marina,3,EBM_S24_T3,21,SURFTRAK,13.61733406,1.949566161,26.54780132,129,1.75,47.6272388,-122.3921468,47.6272212,-122.3921656,2.55531311,-17.43824196,47.62723768,-122.392146,0.500086752,-9.359999657,-6.703868939,VFR_alt,294.5286907,0.093357298,0.87136328,0.550904778,0.097026344,9.48548317,-9.359999657,0,0,0,0,0,0,0,0,0,0.94,0,0,0,0,0,0,0,0,0.02,0,0,0,0.04,0,0,0,0,0,0,0
EBM_S24,2024_10_09_10-27-00.jpg,10/9/2024,10:27:00,Elliott Bay Marina,3,EBM_S24_T3,21,SURFTRAK,13.5999784,2.440345572,33.18856803,135,1.833333333,47.6272652,-122.3921201,47.627224,-122.3921735,2.858406067,-18.03573036,47.62724043,-122.3921538,0.909848787,-9.019999504,-6.773848291,VFR_alt,270.0973055,0.1149791,1.585342583,1.817078019,0.099018225,9.142558098,-9.019999504,0.02,0,0,0,0,0,0,0,0,0.6,0,0,0,0.02,0.04,0,0,0.08,0,0,0,0,0.24,0,0,0,0,0,0,0
EBM_S24,2024_10_09_10-27-09.jpg,10/9/2024,10:27:09,Elliott Bay Marina,3,EBM_S24_T3,21,SURFTRAK,13.6,2.61678337,35.58825383,141,1.916666667,47.6272416,-122.3921719,47.6272273,-122.3921834,3.22441864,-18.77194786,47.62724372,-122.3921636,0.656455137,-9.149999619,-6.650271996,VFR_alt,269.926336,0.12532156,1.143823345,0.950831952,0.124345183,9.279241562,-9.149999619,0,0,0,0,0,0,0,0,0,0.94,0,0,0,0,0,0,0,0,0,0,0,0,0.06,0,0,0,0,0,0,0
EBM_S24,2024_10_09_10-27-18.jpg,10/9/2024,10:27:18,Elliott Bay Marina,3,EBM_S24_T3,21,SURFTRAK,13.63587417,1.672384106,22.80435437,146,2,47.6272431,-122.3921853,47.6272298,-122.3921944,3.512672424,-19.59879494,47.62724632,-122.3921746,0.823509915,-9.300000191,-6.966819689,VFR_alt,275.7864573,0.053418175,1.43490364,1.488148724,0.049681193,9.431361198,-9.300000191,0,0,0,0,0,0,0,0,0,0.66,0,0,0,0.02,0.08,0,0,0.06,0,0,0,0,0.16,0,0,0,0,0,0,0.02
EBM_S24,2024_10_09_10-27-27.jpg,10/9/2024,10:27:27,Elliott Bay Marina,3,EBM_S24_T3,21,SURFTRAK,13.615,1.862841649,25.36258905,151,2.055555556,47.6272498,-122.3921814,47.6272349,-122.3922013,4.076370239,-20.11833763,47.62725139,-122.3921815,0.722733166,-9.469999313,-7.035323702,VFR_alt,286.0244533,0.074864738,1.259307789,1.144833725,0.073164266,9.591954231,-9.469999313,0,0,0,0,0,0,0,0,0,0.52,0,0,0,0.04,0.04,0.02,0,0.1,0.14,0,0,0,0.1,0,0,0,0,0,0,0.04
EBM_S24,2024_10_09_10-27-36.jpg,10/9/2024,10:27:36,Elliott Bay Marina,3,EBM_S24_T3,21,SURFTRAK,13.60485463,2.288281938,31.13174974,156,2.138888889,47.6272467,-122.3921971,47.6272369,-122.3922055,4.285694122,-20.43141747,47.62725313,-122.3921856,0.700022004,-9.260000229,-6.801798588,VFR_alt,264.0645375,0.080494197,1.219735311,1.07750181,0.078012071,9.379026413,-9.260000229,0,0,0,0,0,0,0,0,0,0.48,0,0,0,0.02,0.02,0,0,0.22,0,0,0,0,0.16,0,0,0,0,0,0,0.1
EBM_S24,2024_10_09_10-27-45.jpg,10/9/2024,10:27:45,Elliott Bay Marina,3,EBM_S24_T3,21,SURFTRAK,13.59329437,2.982922078,40.54769169,163,2.222222222,47.6272365,-122.3922206,47.6272365,-122.392219,4.247257233,-21.43997002,47.62725279,-122.3921991,0.92493505,-9.340000153,-7.105914375,VFR_alt,266.5942771,0.123422057,1.611629253,1.877487007,0.132533539,9.459357262,-9.340000153,0,0,0,0,0,0,0,0,0,0.64,0,0,0,0,0.04,0,0,0,0,0,0,0,0.26,0,0,0,0,0,0,0.06
EBM_S24,2024_10_09_10-27-54.jpg,10/9/2024,10:27:54,Elliott Bay Marina,3,EBM_S24_T3,21,SURFTRAK,13.61122271,2.13139738,29.01083803,171,2.333333333,47.6272523,-122.3922121,47.6272399,-122.3922321,4.628860474,-22.42494011,47.62725622,-122.3922122,0.823602577,-9.679999352,-7.343915802,VFR_alt,276.756997,0.139756536,1.435065096,1.498005861,0.130641276,9.805618286,-9.679999352,0.02,0,0,0,0,0,0,0,0,0.64,0,0,0,0,0.1,0,0,0.18,0.02,0,0,0,0.02,0.02,0,0,0,0,0,0
EBM_S24,2024_10_09_10-28-03.jpg,10/9/2024,10:28:03,Elliott Bay Marina,3,EBM_S24_T3,21,SURFTRAK,13.61400879,1.696263736,23.09121582,178,2.416666667,47.627249,-122.3922408,47.6272432,-122.3922449,5.002132416,-23.38435555,47.62725958,-122.3922249,0.645120862,-9.869999886,-7.355014107,VFR_alt,275.7222719,0.131454141,1.12407423,0.914905141,0.117598625,9.999098778,-9.869999886,0,0,0,0,0,0,0,0,0,0.3,0,0,0,0.08,0.12,0.02,0,0.12,0,0,0,0,0.3,0.06,0,0,0,0,0,0
EBM_S24,2024_10_09_10-28-36.jpg,10/9/2024,10:28:36,Elliott Bay Marina,3,EBM_S24_T3,21,SURFTRAK,13.61049673,2.060021786,28.03790479,206,2.805555556,47.6272339,-122.3922602,47.6272462,-122.3922442,5.325557709,-23.34299278,47.62726244,-122.3922245,0.803965118,-9.199999809,-6.84404401,VFR_alt,85.80124832,0.019020152,1.400848312,1.416586986,0.033899789,9.321347237,-9.199999809,0,0,0,0,0,0,0,0,0,0.72,0,0,0,0.02,0.04,0,0,0.06,0,0,0,0.02,0.14,0,0,0,0,0,0,0
EBM_S24,2024_10_09_10-28-45.jpg,10/9/2024,10:28:45,Elliott Bay Marina,3,EBM_S24_T3,21,SURFTRAK,13.63787826,1.444391304,19.6986777,210,2.861111111,47.6272345,-122.3922487,47.6272438,-122.3922436,5.056346893,-23.29261589,47.62726017,-122.3922238,0.674043444,-9.429999352,-6.944236232,VFR_alt,88.42327316,0.005804206,1.174469636,0.995693126,0,9.558197975,-9.429999352,0,0,0,0,0,0,0,0,0,0.56,0,0,0,0.12,0.1,0,0,0,0.06,0,0,0,0.1,0.02,0,0,0,0,0,0.04
EBM_S24,2024_10_09_10-28-54.jpg,10/9/2024,10:28:54,Elliott Bay Marina,3,EBM_S24_T3,21,SURFTRAK,13.62814161,1.690610022,23.03909841,215,2.916666667,47.6272369,-122.3922338,47.6272419,-122.3922381,4.847763062,-22.88323402,47.62725841,-122.3922183,0.756601277,-9.149999619,-6.746756939,VFR_alt,87.84571733,0.043711005,1.318320406,1.260830101,0.04901336,9.287491798,-9.149999619,0,0,0,0,0,0,0,0,0,0.56,0,0,0,0,0.02,0.04,0,0.1,0,0,0,0,0.28,0,0,0,0,0,0,0
EBM_S24,2024_10_09_10-29-03.jpg,10/9/2024,10:29:03,Elliott Bay Marina,3,EBM_S24_T3,21,SURFTRAK,13.65490889,1.265227766,17.27655989,218,2.972222222,47.6272355,-122.392235,47.6272413,-122.3922372,4.775043488,-22.80891228,47.62725829,-122.3922175,0.676529262,-9.279999733,-6.796402327,VFR_alt,86.69141005,0.008847799,1.178800987,1.003046385,0,9.4019804,-9.279999733,0.02,0,0,0,0,0,0,0,0,0.56,0,0,0,0,0.02,0,0,0.04,0,0,0,0.02,0.34,0,0,0,0,0,0,0
EBM_S24,2024_10_09_10-29-12.jpg,10/9/2024,10:29:12,Elliott Bay Marina,3,EBM_S24_T3,21,SURFTRAK,13.60472174,2.382782609,32.41693513,223,3.027777778,47.6272447,-122.3922155,47.6272405,-122.3922318,4.697784424,-22.41980171,47.62725773,-122.3922122,0.559413049,-9.25,-6.648738025,VFR_alt,88.52859503,0.094666809,0.974734858,0.68612906,0.115912603,9.385433197,-9.25,0.02,0,0,0,0,0,0,0,0,0.24,0,0,0,0,0.16,0,0,0.18,0.18,0,0,0,0.22,0,0,0,0,0,0,0
EBM_S24,2024_10_09_10-29-21.jpg,10/9/2024,10:29:21,Elliott Bay Marina,3,EBM_S24_T3,21,SURFTRAK,13.61361688,1.833896104,24.96603351,228,3.111111111,47.6272157,-122.3922497,47.6272382,-122.3922262,4.440551758,-21.98018456,47.62725542,-122.3922063,0.9124026,-8.88999939,-6.641006168,VFR_alt,88.50626602,0.037690119,1.589792408,1.826162485,0.046282335,9.012740135,-8.88999939,0,0,0,0,0,0,0,0,0,0.62,0,0,0,0.06,0,0.02,0,0.06,0.02,0,0,0,0.22,0,0,0,0,0,0,0
EBM_S24,2024_10_09_10-29-30.jpg,10/9/2024,10:29:30,Elliott Bay Marina,3,EBM_S24_T3,21,SURFTRAK,13.63147635,1.718817568,23.43008868,233,3.166666667,47.627231,-122.3922211,47.6272363,-122.3922184,4.222358704,-21.40331459,47.62725345,-122.3921987,0.690641891,-9.179999352,-6.708455152,VFR_alt,89.81921731,0.069850481,1.203391174,1.052330295,0.083456396,9.300909042,-9.179999352,0,0,0,0,0,0,0,0,0,0.42,0,0,0,0.16,0.04,0,0,0.06,0.04,0,0,0.04,0.24,0,0,0,0,0,0,0
EBM_S24,2024_10_09_10-29-39.jpg,10/9/2024,10:29:39,Elliott Bay Marina,3,EBM_S24_T3,21,SURFTRAK,13.60834641,2.198845316,29.92261915,238,3.25,47.627207,-122.3922519,47.6272334,-122.392212,3.913642883,-20.92476463,47.62725068,-122.3921923,0.747734193,-8.949999809,-6.534791138,VFR_alt,95.34052804,0.083997462,1.302870185,1.226316136,0.070621758,9.075789452,-8.949999809,0,0,0,0,0,0,0,0,0,0.68,0,0,0,0.04,0.02,0,0,0.08,0,0,0,0,0.18,0,0,0,0,0,0,0
EBM_S24,2024_10_09_10-29-48.jpg,10/9/2024,10:29:48,Elliott Bay Marina,3,EBM_S24_T3,21,SURFTRAK,13.62352174,1.670869565,22.76285261,243,3.305555556,47.6272259,-122.3922127,47.627231,-122.3922037,3.634120941,-20.30441093,47.62724816,-122.3921841,0.664195615,-9.079999924,-6.580632366,VFR_alt,94.46331275,0.070221442,1.157310541,0.966981806,0.059183618,9.207713127,-9.079999924,0,0,0,0,0,0,0,0,0,0.28,0,0,0,0.04,0.1,0,0,0.1,0.04,0,0,0.06,0.36,0.02,0,0,0,0,0,0
EBM_S24,2024_10_09_10-29-57.jpg,10/9/2024,10:29:57,Elliott Bay Marina,3,EBM_S24_T3,21,SURFTRAK,13.6069083,2.337161572,31.80154476,248,3.388888889,47.6272028,-122.3922426,47.6272286,-122.3921981,3.381717682,-19.87705803,47.62724589,-122.3921784,0.671135343,-9.069999695,-6.577190991,VFR_alt,90.22671566,0.083209267,1.169402491,0.987104278,0.074276568,9.200428009,-9.069999695,0,0,0,0,0,0,0,0,0,0.6,0,0,0,0.04,0.02,0,0,0.06,0,0,0,0.04,0.22,0,0,0,0,0,0,0.02
EBM_S24,2024_10_09_10-30-06.jpg,10/9/2024,10:30:06,Elliott Bay Marina,3,EBM_S24_T3,21,SURFTRAK,13.60183043,2.447630435,33.29076815,254,3.444444444,47.6272085,-122.3922318,47.6272252,-122.3921934,2.998096466,-19.53083229,47.62724244,-122.3921738,0.72291301,-8.899999619,-6.458921367,VFR_alt,87.05821358,0.082205986,1.259621153,1.145273182,0.064219289,9.029767036,-8.899999619,0,0,0,0,0,0,0,0,0,0.92,0,0,0,0,0.02,0,0,0,0,0,0,0,0.06,0,0,0,0,0,0,0
EBM_S24,2024_10_09_10-30-15.jpg,10/9/2024,10:30:15,Elliott Bay Marina,3,EBM_S24_T3,21,SURFTRAK,13.60844227,2.15422658,29.31563963,259,3.527777778,47.6272211,-122.3921945,47.6272243,-122.392187,2.885047913,-19.05606651,47.62724143,-122.3921674,0.733442247,-8.929999352,-6.499729367,VFR_alt,77.90627458,0.072325153,1.277967552,1.181675164,0.060168199,9.042461395,-8.929999352,0,0,0,0,0,0,0,0,0,0.86,0,0,0,0.06,0,0,0,0,0.02,0,0,0.02,0.04,0,0,0,0,0,0,0
EBM_S24,2024_10_09_10-30-24.jpg,10/9/2024,10:30:24,Elliott Bay Marina,3,EBM_S24_T3,21,SURFTRAK,13.60703656,2.230645161,30.35244198,265,3.611111111,47.627212,-122.3921996,47.6272235,-122.3921801,2.804615021,-18.53635979,47.6272407,-122.3921605,0.650408578,-8.829999924,-6.31722855,VFR_alt,77.40021703,0.070811578,1.133287674,0.927087402,0.050049389,8.966364861,-8.829999924,0,0,0,0,0,0,0,0,0,0.38,0,0,0,0.04,0.06,0,0,0.1,0.04,0,0,0.02,0.34,0,0,0,0,0,0,0.02
EBM_S24,2024_10_09_10-30-33.jpg,10/9/2024,10:30:33,Elliott Bay Marina,3,EBM_S24_T3,21,SURFTRAK,13.58586871,2.975142232,40.4174554,271,3.694444444,47.6272148,-122.3921859,47.6272231,-122.3921715,2.761371613,-17.90447807,47.62724031,-122.3921521,0.788358845,-8.710000038,-6.335890379,VFR_alt,84.11648643,0.117797018,1.373655563,1.362634599,0.085548745,8.839367867,-8.710000038,0.02,0,0,0,0,0,0,0,0,0.7,0,0,0,0.04,0,0,0,0.08,0,0,0,0.04,0.12,0,0,0,0,0,0,0
EBM_S24,2024_10_09_10-30-42.jpg,10/9/2024,10:30:42,Elliott Bay Marina,3,EBM_S24_T3,21,SURFTRAK,13.5845705,3.573991323,48.55118176,280,3.805555556,47.6272226,-122.3921575,47.6272215,-122.3921565,2.574329376,-16.76895332,47.62723863,-122.392137,0.825596526,-8.829999924,-6.493944477,VFR_alt,99.60691547,0.105612248,1.438539401,1.49470152,0.111729024,8.94306469,-8.829999924,0,0,0,0,0,0,0,0,0,0.58,0,0,0.02,0.04,0.04,0,0,0.1,0,0,0,0.04,0.12,0.02,0,0,0,0.02,0,0.02
EBM_S24,2024_10_09_10-30-51.jpg,10/9/2024,10:30:51,Elliott Bay Marina,3,EBM_S24_T3,21,SURFTRAK,13.58035965,4.219824561,57.30686675,291,3.972222222,47.6272102,-122.3921575,47.6272172,-122.3921436,2.10710144,-15.81197548,47.62723443,-122.3921243,0.580657869,-9.090000153,-6.509853578,VFR_alt,98.40862297,0.120382158,1.011752347,0.740216814,0.101042957,9.221105576,-9.090000153,0.02,0,0,0,0,0,0,0,0,0.88,0,0,0,0.02,0,0,0,0,0,0,0,0,0.08,0,0,0,0,0,0,0
EBM_S24,2024_10_09_10-31-00.jpg,10/9/2024,10:31:00,Elliott Bay Marina,3,EBM_S24_T3,21,SURFTRAK,13.58219737,3.678355263,49.95838717,298,4.055555556,47.6272151,-122.3921278,47.6272141,-122.3921318,1.763011932,-14.93206406,47.62723133,-122.3921126,0.84157892,-8.909999847,-6.591578767,VFR_alt,97.13495028,0.11375109,1.466387511,1.552471319,0.140594871,9.025814056,-8.909999847,0,0,0,0,0,0,0,0,0,0.32,0,0,0,0.08,0,0,0,0.08,0.04,0,0,0.14,0.34,0,0,0,0,0,0,0
EBM_S24,2024_10_09_10-31-09.jpg,10/9/2024,10:31:09,Elliott Bay Marina,3,EBM_S24_T3,21,SURFTRAK,13.60247817,2.712183406,36.89128624,305,4.138888889,47.6272052,-122.3921277,47.6272108,-122.3921226,1.390323639,-14.23819351,47.62722798,-122.3921033,0.580283829,-9.050000191,-6.470982118,VFR_alt,96.81381463,0.105100599,1.011100611,0.73898479,0.105054283,9.173704147,-9.050000191,0,0,0,0,0,0,0,0,0,0.26,0,0,0,0.16,0.04,0,0,0.16,0.06,0,0,0.04,0.22,0,0,0,0,0,0,0.06
EBM_S24,2024_10_09_10-31-18.jpg,10/9/2024,10:31:18,Elliott Bay Marina,3,EBM_S24_T3,21,SURFTRAK,13.59837225,2.880881057,39.1745772,311,4.222222222,47.6272025,-122.3921097,47.6272078,-122.3921111,1.048866272,-13.37344933,47.62722491,-122.3920918,0.954713615,-8.989999771,-6.785983282,VFR_alt,86.3214847,0.094664206,1.663516148,2.002574057,0.082778384,9.112774849,-8.989999771,0,0,0,0,0,0,0,0,0,0.82,0,0,0,0.02,0.02,0,0,0.04,0,0,0,0.02,0.08,0,0,0,0,0,0,0
EBM_S24,2024_10_09_10-31-27.jpg,10/9/2024,10:31:27,Elliott Bay Marina,3,EBM_S24_T3,21,SURFTRAK,13.60113043,2.506086957,34.0854087,319,4.333333333,47.6272108,-122.3920798,47.6272069,-122.3920999,0.951290131,-12.54077339,47.62722403,-122.3920808,0.704739094,-9.460000038,-7.006445392,VFR_alt,83.51766453,0.0659093,1.227954482,1.095300734,0.072166992,9.565227509,-9.460000038,0,0,0,0,0,0.02,0,0,0,0.58,0,0,0,0.08,0,0,0,0,0,0,0,0.06,0.26,0,0,0,0,0,0,0
EBM_S24,2024_10_09_10-31-36.jpg,10/9/2024,10:31:36,Elliott Bay Marina,3,EBM_S24_T3,21,SURFTRAK,13.61275556,2.163355556,29.44922447,325,4.416666667,47.627212,-122.3920684,47.6272062,-122.3920868,0.876930237,-11.55265808,47.62722336,-122.3920676,0.619711088,-9.199999809,-6.661708958,VFR_alt,86.81483364,0.084273679,1.079799623,0.845098615,0.105215743,9.329862595,-9.199999809,0.02,0,0,0,0,0,0,0,0,0.74,0,0,0,0.02,0,0,0,0.14,0,0,0,0,0.08,0,0,0,0,0,0,0
EBM_S24,2024_10_09_10-31-45.jpg,10/9/2024,10:31:45,Elliott Bay Marina,3,EBM_S24_T3,21,SURFTRAK,13.57975397,4.083333333,55.45038056,332,4.527777778,47.6272127,-122.3920608,47.6272039,-122.3920765,0.612812042,-10.75882149,47.62722099,-122.392057,0.894444438,-9.059999466,-6.796580071,VFR_alt,92.70546425,0.091916532,1.558501673,1.754027809,0.094253739,9.175657272,-9.059999466,0,0,0,0,0,0,0,0,0,0.14,0,0,0,0.04,0.08,0,0,0.1,0.18,0,0,0,0.46,0,0,0,0,0,0,0
EBM_S24,2024_10_09_10-31-54.jpg,10/9/2024,10:31:54,Elliott Bay Marina,3,EBM_S24_T3,21,SURFTRAK,13.60582937,2.329308855,31.68998339,338,4.583333333,47.6272008,-122.3920705,47.6272038,-122.3920663,0.598918915,-9.982391357,47.62722086,-122.3920467,0.6722246,-8.880000114,-6.394336162,VFR_alt,94.06421152,0.072323138,1.171300439,0.991800074,0.063338177,9.006524086,-8.880000114,0,0,0,0,0,0,0,0,0,0.46,0,0,0,0.1,0.04,0,0,0.06,0,0,0,0.04,0.3,0,0,0,0,0,0,0
EBM_S24,2024_10_09_10-32-03.jpg,10/9/2024,10:32:03,Elliott Bay Marina,3,EBM_S24_T3,21,SURFTRAK,13.59219348,2.996173913,40.72450685,344,4.694444444,47.6271998,-122.3920547,47.6272009,-122.3920578,0.282016754,-9.343881607,47.62721801,-122.3920382,0.61182608,-8.840000153,-6.293741493,VFR_alt,82.70557004,0.103219244,1.066060594,0.824194171,0.103409619,8.960414886,-8.840000153,0,0,0,0,0,0,0,0,0,0.58,0,0,0.02,0.04,0.1,0,0,0.12,0.02,0,0,0,0.12,0,0,0,0,0,0,0
EBM_S24,2024_10_09_10-32-12.jpg,10/9/2024,10:32:12,Elliott Bay Marina,3,EBM_S24_T3,21,SURFTRAK,13.59103471,2.975227766,40.43645046,351,4.777777778,47.6272056,-122.3920386,47.6271986,-122.3920484,0.019180298,-8.643270493,47.62721565,-122.3920289,0.849262457,-8.449999809,-6.140830578,VFR_alt,81.8490317,0.078500789,1.479775493,1.581057345,0.068881679,8.576202393,-8.449999809,0.02,0,0,0,0,0,0,0,0,0.56,0,0,0,0.02,0.06,0.02,0,0.06,0,0.02,0,0.02,0.12,0,0,0,0,0.02,0,0.08
EBM_S24,2024_10_09_10-32-21.jpg,10/9/2024,10:32:21,Elliott Bay Marina,3,EBM_S24_T3,21,SURFTRAK,13.578,4.237462039,57.53625957,360,4.888888889,47.6272008,-122.392037,47.6271996,-122.3920363,0.136005402,-7.737342834,47.6272167,-122.3920168,0.708937073,-8.720000267,-6.270074137,VFR_alt,84.04542456,0.117258687,1.235269142,1.101511063,0.113806727,8.84804821,-8.720000267,0,0,0,0,0,0,0,0,0,0.84,0,0,0.02,0.04,0,0,0,0.02,0,0,0,0,0.08,0,0,0,0,0,0,0
EBM_S24,2024_10_09_10-32-30.jpg,10/9/2024,10:32:30,Elliott Bay Marina,3,EBM_S24_T3,21,SURFTRAK,13.58983224,3.414030501,46.39608314,369,5.027777778,47.6272032,-122.3920174,47.627199,-122.3920234,0.072658539,-6.765985489,47.62721613,-122.3920039,0.671699332,-8.729999542,-6.2423897,VFR_alt,83.31839825,0.107432501,1.1703852,0.988893685,0.115410198,8.859289169,-8.729999542,0,0,0,0,0,0,0,0,0.02,0.16,0.02,0,0,0,0.44,0.02,0,0.12,0.04,0,0,0,0.18,0,0,0,0,0,0,0
EBM_S24,2024_10_09_10-32-39.jpg,10/9/2024,10:32:39,Elliott Bay Marina,3,EBM_S24_T3,21,SURFTRAK,13.59526087,2.794652174,37.99399222,377,5.111111111,47.6271973,-122.3920115,47.6271982,-122.3920101,-0.023727417,-5.773593903,47.62721526,-122.3919907,0.779369537,-8.710000038,-6.329670081,VFR_alt,91.48598418,0.088170875,1.357992375,1.331321523,0.100608759,8.832660675,-8.710000038,0,0,0,0,0,0.04,0,0.04,0.02,0.46,0,0,0,0,0,0,0,0,0.08,0,0,0,0.08,0.1,0.04,0.02,0.1,0,0,0.02
EBM_S24,2024_10_09_10-32-48.jpg,10/9/2024,10:32:48,Elliott Bay Marina,3,EBM_S24_T3,21,SURFTRAK,13.59223478,3.063304348,41.63698809,384,5.222222222,47.6271962,-122.3919975,47.6271961,-122.391998,-0.252857208,-4.861618042,47.6272132,-122.3919786,0.598478251,-8.909999847,-6.348514043,VFR_alt,92.13733696,0.110805903,1.042803012,0.791691548,0.104954493,9.033543587,-8.909999847,0,0,0,0,0,0.06,0,0.02,0,0.52,0,0,0,0,0.22,0,0,0,0.02,0,0,0,0.08,0,0,0.04,0.02,0,0,0.02
EBM_S24,2024_10_09_10-32-57.jpg,10/9/2024,10:32:57,Elliott Bay Marina,3,EBM_S24_T3,21,SURFTRAK,13.59095425,2.873050109,39.04757176,391,5.305555556,47.6272015,-122.3919713,47.6271946,-122.3919861,-0.421894073,-3.969102859,47.62721168,-122.3919667,0.838191697,-8.849999428,-6.528158378,VFR_alt,89.34370748,0.073985051,1.460485532,1.539919835,0.097769203,8.968585968,-8.849999428,0,0,0,0,0,0,0,0,0,0.52,0,0,0,0.04,0.02,0,0,0.08,0.04,0,0,0,0.28,0.02,0,0,0,0,0,0
EBM_S24,2024_10_09_10-33-06.jpg,10/9/2024,10:33:06,Elliott Bay Marina,3,EBM_S24_T3,21,SURFTRAK,13.5872658,3.276928105,44.52423867,400,5.444444444,47.6271935,-122.3919758,47.6271944,-122.3919757,-0.443042755,-3.190263748,47.62721149,-122.3919564,0.718322413,-8.859999657,-6.418479749,VFR_alt,85.46684327,0.083596651,1.251622387,1.131064876,0.085623924,8.9855299,-8.859999657,0,0,0,0,0,0.02,0,0,0,0.8,0,0,0,0,0,0.02,0,0.08,0,0,0,0,0.08,0,0,0,0,0,0,0
EBM_S24,2024_10_09_10-33-15.jpg,10/9/2024,10:33:15,Elliott Bay Marina,3,EBM_S24_T3,21,SURFTRAK,13.59140175,3.248122271,44.1466276,407,5.555555556,47.627196,-122.3919646,47.6271944,-122.3919668,-0.437648773,-2.520755768,47.62721154,-122.3919474,0.748056751,-8.849999428,-6.438646904,VFR_alt,85.96729333,0.059439644,1.303432218,1.227391865,0.060139621,8.976890564,-8.849999428,0,0,0,0,0,0.04,0.1,0,0,0.62,0,0,0,0,0.12,0.02,0,0,0.08,0,0,0,0.02,0,0,0,0,0,0,0
EBM_W25,2025_01_28_10-21-30.jpg,1/28/2025,10:21:30,Elliott Bay Marina,3,EBM_W25_T3,21,SURFTRAK,13.59918519,2.376013072,32.31185721,0,0,47.6272337,-122.3923493,47.6272376,-122.3923516,0,0,47.6272337,-122.3923493,0.62921567,-8.929999352,-7.191620651,VFR_alt,297.9671292,0.126364085,1.096360638,0.869196165,0,9.166977882,-8.929999352,0,0,0,0,0,0,0,0,0,0.68,0,0,0,0.04,0,0,0,0,0,0,0,0,0.24,0,0.02,0,0,0.02,0,0
EBM_W25,2025_01_28_10-21-42.jpg,1/28/2025,10:21:42,Elliott Bay Marina,3,EBM_W25_T3,21,SURFTRAK,13.59471861,2.640411255,35.89566613,8,0.111111111,47.6272279,-122.39237,47.6272384,-122.3923671,0.08061409,-1.158759117,47.62723443,-122.3923647,0.971298676,-8.789999962,-7.393605552,VFR_alt,281.0219633,0.110054762,1.692414359,2.06927939,0.108618741,9.021698952,-8.789999962,0,0.02,0,0,0,0,0,0,0,0.46,0,0,0,0.12,0.02,0,0,0.04,0,0,0,0,0.32,0,0,0,0,0,0,0.02
EBM_W25,2025_01_28_10-21-51.jpg,1/28/2025,10:21:51,Elliott Bay Marina,3,EBM_W25_T3,21,SURFTRAK,13.59392009,2.607991361,35.45282359,14,0.194444444,47.6272412,-122.3923653,47.6272396,-122.3923782,0.219081879,-1.996253014,47.62723567,-122.3923759,0.905961109,-8.920000076,-7.458132129,VFR_alt,286.9405182,0.089774202,1.5785686,1.799224504,0.069081433,9.155207634,-8.920000076,0,0.1,0,0,0,0,0,0,0,0.38,0,0,0,0.06,0,0,0,0.2,0.08,0,0,0,0.12,0,0,0,0,0,0,0.06
EBM_W25,2025_01_28_10-22-06.jpg,1/28/2025,10:22:06,Elliott Bay Marina,3,EBM_W25_T3,21,SURFTRAK,13.61708855,1.90224622,25.90176268,24,0.305555556,47.6272352,-122.3923947,47.6272406,-122.3923925,0.319280624,-3.066790581,47.62723655,-122.3923894,0.770453544,-9.13999939,-7.542328423,VFR_alt,275.6655548,0.033343112,1.342456933,1.300924482,0,9.375304222,-9.13999939,0,0.04,0,0,0,0,0,0,0,0.46,0,0,0,0,0,0,0,0.08,0,0,0,0,0.26,0.02,0,0,0,0.14,0,0
EBM_W25,2025_01_28_10-22-28.jpg,1/28/2025,10:22:28,Elliott Bay Marina,3,EBM_W25_T3,21,SURFTRAK,13.59486147,2.571233766,34.95381714,35,0.472222222,47.6272309,-122.3924043,47.6272368,-122.3924019,-0.09942627,-3.772717476,47.62723314,-122.3923987,0.687207774,-9.239999771,-7.558714026,VFR_alt,280.8376767,0.078655887,1.197407485,1.036389833,0.078069199,9.477380753,-9.239999771,0,0.02,0,0,0,0,0,0,0,0.32,0,0,0.02,0.04,0,0,0,0.12,0,0,0,0,0.46,0,0,0,0,0.02,0,0
EBM_W25,2025_01_28_10-22-40.jpg,1/28/2025,10:22:40,Elliott Bay Marina,3,EBM_W25_T3,21,SURFTRAK,13.59273593,2.585692641,35.14659963,43,0.583333333,47.6272313,-122.392419,47.627238,-122.3924179,0.044157028,-4.967871666,47.62723443,-122.3924146,0.708225087,-9.099999428,-7.439711214,VFR_alt,291.1368299,0.103316834,1.234028561,1.105546861,0.103428091,9.34219265,-9.099999428,0,0,0,0,0,0,0,0,0,0.58,0,0,0,0.08,0,0,0,0.1,0,0,0,0,0.24,0,0,0,0,0,0,0
EBM_W25,2025_01_28_10-22-55.jpg,1/28/2025,10:22:55,Elliott Bay Marina,3,EBM_W25_T3,21,SURFTRAK,13.6049697,2.16504329,29.45488933,53,0.722222222,47.6272316,-122.3924395,47.62724,-122.3924314,0.253047943,-5.982302666,47.62723631,-122.3924281,0.835086569,-8.630000114,-7.096879015,VFR_alt,280.5631464,0.061866109,1.455075082,1.533243299,0.077067941,8.86029911,-8.630000114,0,0.1,0,0,0,0,0,0,0,0.58,0,0,0.02,0.06,0,0,0,0,0,0,0,0,0.2,0,0,0,0,0,0,0.04
EBM_W25,2025_01_28_10-23-07.jpg,1/28/2025,10:23:07,Elliott Bay Marina,3,EBM_W25_T3,2,ALT_HOLD,13.60277922,2.321774892,31.57986628,61,0.805555556,47.6272327,-122.3924527,47.6272411,-122.3924465,0.390851974,-7.119856834,47.62723755,-122.3924432,0.670064905,-8.569999695,-6.872453458,VFR_alt,295.2144365,0.092704765,1.167537335,0.987673338,0.095323448,8.80116272,-8.569999695,0,0,0,0,0,0,0,0,0,0.18,0,0,0,0.28,0.06,0,0,0,0,0,0,0,0.4,0.02,0,0,0,0,0,0.06
EBM_W25,2025_01_28_10-23-22.jpg,1/28/2025,10:23:22,Elliott Bay Marina,3,EBM_W25_T3,2,ALT_HOLD,13.60671616,2.211353712,30.08894869,71,0.944444444,47.6272344,-122.3924612,47.6272433,-122.3924576,0.630216599,-7.948739052,47.62723971,-122.3924542,0.773799103,-8.5,-6.9072846,VFR_alt,294.4024756,0.070591941,1.348286315,1.317314099,0.079988436,8.736998558,-8.5,0,0,0,0,0,0,0,0,0,0.34,0,0,0,0.1,0.02,0,0,0.14,0,0,0,0,0.3,0,0,0,0,0,0,0.1
EBM_W25,2025_01_28_10-23-34.jpg,1/28/2025,10:23:34,Elliott Bay Marina,3,EBM_W25_T3,2,ALT_HOLD,13.60104922,2.422863535,32.95342501,78,1.055555556,47.627238,-122.3924748,47.6272437,-122.3924709,0.673583984,-8.948771477,47.6272401,-122.3924675,0.525995519,-8.5,-6.660446346,VFR_alt,284.6856826,0.083537278,0.916507343,0.613107253,0.085268549,8.738538742,-8.5,0,0,0,0,0,0,0,0,0,0.14,0,0,0,0.12,0,0,0,0.1,0,0,0,0,0.46,0.06,0,0,0,0.02,0,0.1
EBM_W25,2025_01_28_10-24-01.jpg,1/28/2025,10:24:01,Elliott Bay Marina,3,EBM_W25_T3,21,SURFTRAK,13.60373978,2.378258065,32.3528011,95,1.277777778,47.6272395,-122.3924986,47.6272456,-122.3924962,0.884670258,-10.84723568,47.627242,-122.3924928,0.678989241,-8.539999962,-6.855017684,VFR_alt,290.6335869,0.09180129,1.183087314,1.011471503,0.101264372,8.776306152,-8.539999962,0,0.02,0,0,0,0,0,0,0,0.02,0,0,0,0.02,0.1,0,0,0.06,0,0,0,0,0.48,0.16,0.02,0.02,0.02,0.06,0,0.02
EBM_W25,2025_01_28_10-24-13.jpg,1/28/2025,10:24:13,Elliott Bay Marina,3,EBM_W25_T3,21,SURFTRAK,13.59364731,2.715612903,36.91432963,103,1.388888889,47.6272359,-122.3925153,47.6272449,-122.3925094,0.800519943,-11.83299541,47.62724124,-122.3925059,0.899225777,-8.109999657,-6.645373084,VFR_alt,278.5510978,0.083859367,1.566832794,1.772756242,0.08873458,8.345160484,-8.109999657,0,0.04,0,0,0,0,0,0,0,0.34,0,0,0.02,0.1,0.04,0,0,0.08,0,0,0,0,0.28,0.04,0.04,0,0,0,0,0.02
EBM_W25,2025_01_28_10-24-28.jpg,1/28/2025,10:24:28,Elliott Bay Marina,3,EBM_W25_T3,21,SURFTRAK,13.60910968,2.071462366,28.19048662,113,1.527777778,47.6272336,-122.3925283,47.6272437,-122.3925246,0.670314789,-12.97438335,47.62724007,-122.3925211,0.588258043,-8.420000076,-6.644068321,VFR_alt,285.2354011,0.045438229,1.024995074,0.764782738,0.050869512,8.679747581,-8.420000076,0,0.02,0,0,0,0,0,0,0,0.3,0,0,0,0.02,0.04,0,0,0.16,0.04,0,0,0,0.1,0.18,0.04,0,0,0.1,0,0
EBM_W25,2025_01_28_10-24-40.jpg,1/28/2025,10:24:40,Elliott Bay Marina,3,EBM_W25_T3,21,SURFTRAK,13.61015789,2.126403509,28.94063868,120,1.638888889,47.6272294,-122.392544,47.6272409,-122.3925375,0.359975815,-13.94516659,47.62723728,-122.392534,0.792499983,-8.5,-6.927753059,VFR_alt,276.7904496,0.094549552,1.380871183,1.376946115,0.107556448,8.728442192,-8.5,0,0,0,0,0,0,0,0,0,0.66,0,0,0,0.02,0.04,0,0,0,0,0,0,0,0.14,0.14,0,0,0,0,0,0
EBM_W25,2025_01_28_10-24-52.jpg,1/28/2025,10:24:52,Elliott Bay Marina,3,EBM_W25_T3,21,SURFTRAK,13.60430586,2.182386117,29.68967544,127,1.722222222,47.6272384,-122.3925518,47.6272408,-122.392552,0.356184006,-15.03183651,47.62723724,-122.3925485,0.72023858,-8.479999542,-6.834769441,VFR_alt,287.6351192,0.076890432,1.254961162,1.138232913,0.06966358,8.717283249,-8.479999542,0,0,0,0,0,0,0,0,0,0.44,0,0,0,0.14,0,0,0,0.06,0,0,0,0,0.26,0.06,0,0,0.02,0.02,0,0
EBM_W25,2025_01_28_10-25-04.jpg,1/28/2025,10:25:04,Elliott Bay Marina,3,EBM_W25_T3,21,SURFTRAK,13.61119048,2.048766234,27.8861553,134,1.833333333,47.6272384,-122.3925682,47.6272405,-122.3925651,0.321685791,-16.01293468,47.62723693,-122.3925615,0.688722935,-8.519999504,-6.842451217,VFR_alt,278.8238206,0.089782488,1.200047538,1.043974743,0.093569873,8.753715515,-8.519999504,0,0.06,0,0,0,0,0,0,0,0.46,0,0,0,0.1,0,0,0,0.2,0,0,0,0,0.14,0,0,0,0,0.02,0,0.02
EBM_W25,2025_01_28_10-25-16.jpg,1/28/2025,10:25:16,Elliott Bay Marina,3,EBM_W25_T3,21,SURFTRAK,13.60294384,2.307775378,31.39210963,141,1.916666667,47.6272472,-122.3925726,47.6272423,-122.3925744,0.518188477,-16.71160603,47.6272387,-122.3925708,0.786457849,-8.739999771,-7.159398117,VFR_alt,279.7607362,0.066382183,1.370343221,1.355691465,0.067718503,8.974769592,-8.739999771,0,0.1,0,0,0,0,0,0,0,0.46,0,0,0,0.02,0.02,0,0,0.18,0.04,0,0,0,0.14,0,0,0,0,0.02,0,0.02
EBM_W25,2025_01_28_10-25-28.jpg,1/28/2025,10:25:28,Elliott Bay Marina,3,EBM_W25_T3,21,SURFTRAK,13.59808658,2.365108225,32.1607758,149,2.027777778,47.6272428,-122.3925922,47.6272445,-122.3925896,0.763450623,-17.85343647,47.62724091,-122.392586,0.673354955,-8.869999886,-7.175633722,VFR_alt,282.0700643,0.088067501,1.173269997,0.995410013,0.093449737,9.104866982,-8.869999886,0,0.04,0,0,0,0,0,0,0,0.14,0,0,0,0.02,0.24,0,0,0.06,0.02,0,0,0,0.28,0,0,0.18,0,0.02,0,0
EBM_W25,2025_01_28_10-25-40.jpg,1/28/2025,10:25:40,Elliott Bay Marina,3,EBM_W25_T3,21,SURFTRAK,13.60114751,2.322321041,31.58587451,157,2.111111111,47.6272331,-122.3926171,47.6272453,-122.392604,0.84355545,-18.93197918,47.62724163,-122.3926004,0.776225573,-8.729999542,-7.138082942,VFR_alt,273.8791195,0.102687521,1.352514255,1.320572302,0.128359579,8.961586952,-8.729999542,0,0.04,0,0,0,0,0,0,0,0.14,0,0,0,0.04,0.14,0,0,0.24,0.12,0,0,0,0.24,0,0.02,0,0,0.02,0,0
EBM_W25,2025_01_28_10-25-49.jpg,1/28/2025,10:25:49,Elliott Bay Marina,3,EBM_W25_T3,21,SURFTRAK,13.59434416,2.551839827,34.69050353,163,2.194444444,47.6272458,-122.3926172,47.6272448,-122.3926176,0.796432495,-19.95374584,47.6272412,-122.3926139,0.687835484,-8.670000076,-6.989603981,VFR_alt,284.3333762,0.093998807,1.198501222,1.03775059,0.093744512,8.904379845,-8.670000076,0,0.1,0,0,0,0,0,0,0,0.04,0,0,0,0.08,0.14,0,0,0.46,0,0,0,0,0.18,0,0,0,0,0,0,0
EBM_W25,2025_01_28_10-25-58.jpg,1/28/2025,10:25:58,Elliott Bay Marina,3,EBM_W25_T3,21,SURFTRAK,13.5927069,2.512241379,34.1482769,169,2.305555556,47.6272449,-122.3926367,47.6272469,-122.3926295,1.035078049,-20.84434032,47.62724335,-122.3926258,0.729461183,-8.43999958,-6.80138721,VFR_alt,276.4282972,0.099911733,1.271030849,1.171279205,0.104638139,8.676550865,-8.43999958,0,0.22,0,0,0,0,0,0,0,0.02,0,0,0,0.04,0,0,0,0.14,0,0,0,0,0.48,0,0,0,0.08,0,0,0.02
EBM_W25,2025_01_28_10-26-07.jpg,1/28/2025,10:26:07,Elliott Bay Marina,3,EBM_W25_T3,21,SURFTRAK,13.59870282,2.394034707,32.55577696,175,2.388888889,47.6272334,-122.3926509,47.6272462,-122.3926422,0.959001541,-21.80012035,47.62724266,-122.3926385,0.729739676,-7.989999771,-6.352107325,VFR_alt,271.4773807,0.096817716,1.271516103,1.169822792,0.096456146,8.22192955,-7.989999771,0,0.06,0,0,0,0,0,0,0,0.16,0,0,0,0.2,0.08,0,0,0.24,0.06,0,0,0,0.14,0.02,0.04,0,0,0,0,0
EBM_W25,2025_01_28_10-26-25.jpg,1/28/2025,10:26:25,Elliott Bay Marina,3,EBM_W25_T3,21,SURFTRAK,13.59906858,2.464358407,33.51290684,188,2.555555556,47.6272356,-122.3926836,47.6272448,-122.3926699,0.803394318,-23.87579632,47.62724126,-122.3926661,0.76061946,-8.18999958,-6.584434384,VFR_alt,279.5295111,0.111503409,1.325321787,1.272081017,0.122306144,8.421462059,-8.18999958,0,0.04,0,0,0,0,0,0,0,0.26,0,0,0,0.02,0.16,0,0,0.12,0,0,0,0,0.26,0,0,0,0.1,0.04,0,0
EBM_W25,2025_01_28_10-26-34.jpg,1/28/2025,10:26:34,Elliott Bay Marina,3,EBM_W25_T3,21,SURFTRAK,13.59284382,2.539457701,34.5183913,194,2.638888889,47.6272405,-122.39269,47.627245,-122.3926834,0.820093155,-24.88917446,47.62724141,-122.3926796,0.698286313,-8.170000076,-6.502896059,VFR_alt,274.879052,0.098151296,1.216711,1.07090941,0.103280707,8.410199165,-8.170000076,0,0,0,0,0,0,0,0,0,0.2,0,0,0,0.26,0.12,0,0,0,0.1,0,0,0,0.32,0,0,0,0,0,0,0
EBM_W25,2025_01_28_10-26-43.jpg,1/28/2025,10:26:43,Elliott Bay Marina,3,EBM_W25_T3,21,SURFTRAK,13.59770021,2.618051392,35.59938188,200,2.722222222,47.6272381,-122.3927084,47.627246,-122.3926962,0.932064056,-25.84797192,47.62724242,-122.3926924,0.550813693,-8.13999939,-6.326122816,VFR_alt,292.3377573,0.104475851,0.959751132,0.66692373,0.116892744,8.374938965,-8.13999939,0,0,0,0,0,0,0,0,0,0.46,0,0,0,0.08,0.04,0,0,0.1,0.02,0.02,0,0,0.24,0.04,0,0,0,0,0,0
EBM_W25,2025_01_28_10-26-52.jpg,1/28/2025,10:26:52,Elliott Bay Marina,3,EBM_W25_T3,21,SURFTRAK,13.59583297,2.513123644,34.16762536,207,2.805555556,47.6272376,-122.3927202,47.6272469,-122.3927081,1.018575668,-26.74293423,47.6272432,-122.3927043,0.903687625,-7.869999886,-6.409497047,VFR_alt,270.2088679,0.084529343,1.574607226,1.792335235,0.102932214,8.103397369,-7.869999886,0,0.06,0,0,0,0,0,0,0,0.06,0,0,0,0.14,0.08,0,0,0.28,0,0,0,0,0.26,0.02,0,0,0,0,0,0.1
EBM_W25,2025_01_28_10-27-04.jpg,1/28/2025,10:27:04,Elliott Bay Marina,3,EBM_W25_T3,21,SURFTRAK,13.59560954,2.660065076,36.16526863,215,2.916666667,47.6272441,-122.3927316,47.6272473,-122.3927243,1.078235626,-27.95847607,47.62724374,-122.3927204,0.62698481,-8.269999504,-6.532968443,VFR_alt,283.3044068,0.103457571,1.092473532,0.86343986,0.105576811,8.504878044,-8.269999504,0,0.1,0,0,0,0,0,0,0,0.14,0,0,0,0.06,0.08,0,0,0.24,0.2,0,0,0,0.04,0.02,0.02,0.1,0,0,0,0
EBM_W25,2025_01_28_10-27-19.jpg,1/28/2025,10:27:19,Elliott Bay Marina,3,EBM_W25_T3,2,ALT_HOLD,13.60899351,2.033528139,27.67203998,225,3.055555556,47.6272523,-122.3927456,47.6272527,-122.3927417,1.674474716,-29.26200008,47.6272491,-122.3927378,0.636233756,-8.019999504,-6.291591859,VFR_alt,290.6076498,0.056854991,1.108589119,0.887579221,0.058807544,8.253985405,-8.019999504,0.02,0.02,0,0,0,0,0,0,0,0.1,0,0,0,0.14,0.04,0,0,0.1,0.06,0,0,0,0.34,0.02,0,0,0.14,0,0,0.02
EBM_W25,2025_01_28_10-27-46.jpg,1/28/2025,10:27:46,Elliott Bay Marina,3,EBM_W25_T3,21,SURFTRAK,13.63267524,1.43681672,19.58777923,240,3.25,47.627247,-122.3927352,47.6272572,-122.3927306,2.171957016,-28.42293072,47.62725354,-122.3927265,0.753601265,-7.619999886,-6.006683956,VFR_alt,98.56473124,0.033250555,1.313093113,1.24571728,0.044863723,7.85463047,-7.619999886,0,0.04,0,0,0,0,0,0,0,0.1,0,0,0,0.3,0.14,0,0,0.08,0,0,0,0,0.24,0.04,0,0,0,0,0,0.06
EBM_W25,2025_01_28_10-28-04.jpg,1/28/2025,10:28:04,Elliott Bay Marina,3,EBM_W25_T3,21,SURFTRAK,13.6119087,1.975391304,26.8887357,248,3.361111111,47.627238,-122.3927273,47.6272555,-122.3927184,1.975355148,-27.50484371,47.62725186,-122.3927144,0.785913006,-7.690000057,-6.107682698,VFR_alt,133.0136796,0.083848756,1.369393873,1.354028829,0.101611171,7.927161217,-7.690000057,0,0.06,0,0,0,0,0,0,0,0.04,0,0,0,0.06,0.1,0,0,0.2,0.06,0,0,0,0.16,0.02,0.08,0.1,0.1,0.02,0,0
EBM_W25,2025_01_28_10-28-13.jpg,1/28/2025,10:28:13,Elliott Bay Marina,3,EBM_W25_T3,21,SURFTRAK,13.61129654,1.91487013,26.06380379,253,3.444444444,47.6272595,-122.3926952,47.6272499,-122.3927078,1.361948013,-26.70988369,47.62724634,-122.3927038,0.804372282,-7.669999599,-6.105769572,VFR_alt,117.6751818,0.085928257,1.401557764,1.420289158,0.102407756,7.903239727,-7.669999599,0,0.12,0,0,0,0,0,0,0,0.02,0,0,0,0.16,0.12,0,0,0.2,0.04,0,0,0,0.28,0,0,0,0,0,0,0.06
EBM_W25,2025_01_28_10-28-25.jpg,1/28/2025,10:28:25,Elliott Bay Marina,3,EBM_W25_T3,21,SURFTRAK,13.61430087,1.984545455,27.01788433,260,3.527777778,47.6272467,-122.3926898,47.6272475,-122.3926925,1.08975029,-25.56573391,47.62724389,-122.3926886,0.711493484,-7.549999714,-5.892680391,VFR_alt,105.8357019,0.101788338,1.239723494,1.109682207,0.101831932,7.793877602,-7.549999714,0,0.18,0,0,0,0,0,0,0,0.02,0,0,0,0.14,0.16,0,0,0.1,0,0,0,0,0.32,0,0,0,0,0,0,0.08
EBM_W25,2025_01_28_10-28-34.jpg,1/28/2025,10:28:34,Elliott Bay Marina,3,EBM_W25_T3,21,SURFTRAK,13.61549785,1.919356223,26.13284562,265,3.583333333,47.6272482,-122.3926767,47.6272456,-122.3926805,0.882297516,-24.66499233,47.62724203,-122.3926766,0.707210286,-7.339999676,-5.678426489,VFR_alt,114.5431748,0.092433481,1.232260347,1.099394836,0.101446434,7.579924583,-7.339999676,0,0.1,0,0,0,0,0,0,0,0,0,0,0,0.24,0.12,0,0,0.06,0.06,0,0,0,0.3,0.06,0,0,0.02,0,0,0.04
EBM_W25,2025_01_28_10-28-43.jpg,1/28/2025,10:28:43,Elliott Bay Marina,3,EBM_W25_T3,21,SURFTRAK,13.60836797,2.1,28.57757641,270,3.666666667,47.6272554,-122.3926627,47.6272448,-122.3926685,0.785257339,-23.76717663,47.62724115,-122.3926646,0.889826819,-7.399999619,-5.921209736,VFR_alt,112.0170641,0.107851886,1.550455821,1.73541083,0.118184298,7.626421928,-7.399999619,0.02,0.02,0,0,0,0,0,0,0,0.12,0,0,0.02,0.16,0.02,0,0,0.04,0.08,0,0,0,0.44,0.02,0,0,0.04,0,0,0.02
EBM_W25,2025_01_28_10-28-55.jpg,1/28/2025,10:28:55,Elliott Bay Marina,3,EBM_W25_T3,21,SURFTRAK,13.5924913,2.856956522,38.827644,276,3.75,47.6272454,-122.3926475,47.627242,-122.3926535,0.477684021,-22.63894176,47.62723839,-122.3926496,0.812043462,-7.629999638,-6.073826733,VFR_alt,108.0090428,0.073200727,1.414924213,1.445490862,0.088810425,7.858120918,-7.629999638,0,0.1,0,0,0,0,0,0,0,0.24,0,0,0,0.1,0.2,0,0,0.08,0.02,0.04,0,0,0.12,0,0.02,0,0.08,0,0,0
EBM_W25,2025_01_28_10-29-07.jpg,1/28/2025,10:29:07,Elliott Bay Marina,3,EBM_W25_T3,21,SURFTRAK,13.60923707,2.150818966,29.27032672,284,3.861111111,47.6272335,-122.3926466,47.6272416,-122.3926407,0.434242249,-21.67965603,47.627238,-122.3926369,0.847025838,-7.819999695,-6.299365573,VFR_alt,104.7411741,0.071520908,1.475878354,1.572348516,0.071369162,8.050889969,-7.819999695,0,0.08,0,0,0,0,0,0,0,0.1,0,0,0,0.08,0.08,0,0,0.12,0.12,0,0,0,0.1,0.06,0.02,0.02,0.1,0.02,0.04,0.06
EBM_W25,2025_01_28_10-29-22.jpg,1/28/2025,10:29:22,Elliott Bay Marina,3,EBM_W25_T3,21,SURFTRAK,13.62796916,1.770726872,24.13161509,292,3.972222222,47.6272132,-122.3926429,47.6272378,-122.3926295,0.006967545,-20.83493328,47.62723415,-122.3926256,0.764625537,-8.059999466,-6.457742236,VFR_alt,98.76736346,0.047021783,1.332302072,1.281478841,0.050602526,8.302059174,-8.059999466,0,0.02,0,0,0,0,0,0,0,0.26,0,0,0,0.18,0.04,0,0,0.04,0.08,0,0,0,0.34,0,0,0,0.02,0,0,0.02
EBM_W25,2025_01_28_10-29-37.jpg,1/28/2025,10:29:37,Elliott Bay Marina,3,EBM_W25_T3,21,SURFTRAK,13.62400216,1.964384449,26.76271207,300,4.083333333,47.6272376,-122.3926166,47.6272347,-122.3926168,-0.339597702,-19.88525677,47.62723104,-122.392613,0.745507551,-8.340000153,-6.719277849,VFR_alt,106.8684615,0.078382947,1.298990429,1.219571183,0.074013198,8.569569588,-8.340000153,0,0.1,0,0,0,0,0,0,0,0.1,0,0,0,0.14,0.16,0,0,0.24,0.04,0,0,0,0.2,0,0,0,0,0,0,0.02
EBM_W25,2025_01_28_10-29-49.jpg,1/28/2025,10:29:49,Elliott Bay Marina,3,EBM_W25_T3,21,SURFTRAK,13.61782581,1.91511828,26.07978062,306,4.166666667,47.6272419,-122.3926007,47.627234,-122.3926048,-0.409732819,-18.98535442,47.62723041,-122.392601,0.73068817,-8.399999619,-6.764735115,VFR_alt,105.5115135,0.077873425,1.273168782,1.170995924,0.082518189,8.638790131,-8.399999619,0,0.04,0,0,0,0,0,0,0,0.26,0,0,0,0.04,0.22,0,0,0.06,0.08,0,0,0,0.16,0,0,0,0,0.06,0,0.08
EBM_W25,2025_01_28_10-30-01.jpg,1/28/2025,10:30:01,Elliott Bay Marina,3,EBM_W25_T3,21,SURFTRAK,13.61191739,2.126347826,28.94361574,313,4.25,47.6272419,-122.3925885,47.6272345,-122.3925896,-0.347055435,-17.84642124,47.62723097,-122.3925859,0.753304335,-8.409999847,-6.797282324,VFR_alt,107.5281539,0.11012901,1.312575736,1.244016763,0.109697573,8.643305779,-8.409999847,0,0.18,0,0,0,0,0,0,0,0.04,0,0,0,0.04,0.08,0,0,0.04,0.04,0,0,0,0.08,0.02,0.02,0.28,0.14,0.04,0,0
EBM_W25,2025_01_28_10-30-10.jpg,1/28/2025,10:30:10,Elliott Bay Marina,3,EBM_W25_T3,21,SURFTRAK,13.59989247,2.382817204,32.40590981,319,4.333333333,47.6272396,-122.3925779,47.6272335,-122.3925772,-0.470006943,-16.91623592,47.62722986,-122.3925735,0.759935464,-8.25,-6.643597141,VFR_alt,108.2144686,0.111119851,1.324129975,1.267279,0.111302334,8.487107277,-8.25,0,0.14,0,0,0,0,0,0,0,0.34,0,0,0,0,0,0,0,0.22,0.06,0,0,0,0.2,0,0,0.02,0,0.02,0,0
EBM_W25,2025_01_28_10-30-22.jpg,1/28/2025,10:30:22,Elliott Bay Marina,3,EBM_W25_T3,21,SURFTRAK,13.61522318,1.977575107,26.92388041,326,4.416666667,47.6272371,-122.3925625,47.6272326,-122.3925637,-0.562705994,-15.89997768,47.62722903,-122.39256,0.645493544,-8.260000229,-6.538524192,VFR_alt,93.01868695,0.061148619,1.1247236,0.913754346,0.067853846,8.495052338,-8.260000229,0,0.02,0,0,0,0,0,0,0,0.06,0,0,0,0.14,0,0,0,0.02,0.02,0,0,0,0.68,0.02,0,0,0,0.04,0,0
EBM_W25,2025_01_28_10-30-37.jpg,1/28/2025,10:30:37,Elliott Bay Marina,3,EBM_W25_T3,21,SURFTRAK,13.62465929,1.895,25.81811102,334,4.527777778,47.6272361,-122.3925488,47.6272328,-122.3925501,-0.536771774,-14.88314533,47.62722926,-122.3925464,0.706106187,-8.050000191,-6.388342563,VFR_alt,95.00049201,0.084691503,1.230336538,1.093144754,0.078877561,8.285664558,-8.050000191,0.02,0.14,0,0,0,0,0,0,0,0.42,0,0,0,0,0,0,0,0,0.02,0,0,0,0.3,0.08,0,0,0.02,0,0,0
EBM_W25,2025_01_28_10-30-49.jpg,1/28/2025,10:30:49,Elliott Bay Marina,3,EBM_W25_T3,21,SURFTRAK,13.61855269,2.041268817,27.79894454,340,4.611111111,47.627237,-122.3925355,47.6272334,-122.3925373,-0.464162827,-13.92509174,47.62722992,-122.3925337,0.782946209,-7.859999657,-6.274829601,VFR_alt,96.262861,0.080500968,1.364224456,1.344484741,0.088297349,8.098884583,-7.859999657,0,0.12,0,0,0,0,0,0,0,0.06,0,0,0,0.08,0.1,0,0,0.08,0,0,0,0,0.42,0.02,0,0,0,0.12,0,0
EBM_W25,2025_01_28_10-31-01.jpg,1/28/2025,10:31:01,Elliott Bay Marina,3,EBM_W25_T3,21,SURFTRAK,13.61861572,1.883384279,25.64936867,347,4.722222222,47.6272361,-122.3925186,47.6272331,-122.3925247,-0.509838104,-12.97831631,47.6272295,-122.3925211,0.765764183,-7.909999847,-6.307801935,VFR_alt,105.6333622,0.065746585,1.334286077,1.286154664,0.068214172,8.143545151,-7.909999847,0,0.02,0,0,0,0,0,0,0,0.38,0,0,0,0.14,0,0,0,0.06,0,0,0,0,0.36,0.04,0,0,0,0,0,0
EBM_W25,2025_01_28_10-31-16.jpg,1/28/2025,10:31:16,Elliott Bay Marina,3,EBM_W25_T3,21,SURFTRAK,13.61259041,2.072156863,28.20682706,355,4.833333333,47.6272385,-122.392502,47.6272314,-122.3925109,-0.698955536,-11.94074726,47.6272278,-122.3925073,0.711437884,-8.069999695,-6.414548779,VFR_alt,111.7455429,0.068904497,1.239626617,1.111499441,0.083662884,8.300481796,-8.069999695,0,0,0,0,0,0,0,0,0,0.34,0,0,0,0,0.14,0,0,0.06,0.04,0,0,0,0.32,0.06,0.02,0,0,0,0,0.02
EBM_W25,2025_01_28_10-31-28.jpg,1/28/2025,10:31:28,Elliott Bay Marina,3,EBM_W25_T3,21,SURFTRAK,13.61213175,1.987645788,27.05608104,362,4.916666667,47.6272366,-122.3924896,47.6272304,-122.392498,-0.814208984,-10.97513103,47.62722677,-122.3924945,0.593498901,-7.869999886,-6.0979334,VFR_alt,100.4693192,0.08344693,1.034126873,0.772389767,0.096426113,8.109956741,-7.869999886,0,0.12,0,0,0,0,0,0,0,0.16,0,0,0,0.16,0,0,0,0.1,0.04,0,0,0,0.26,0,0,0,0,0,0,0.16
EBM_W25,2025_01_28_10-31-43.jpg,1/28/2025,10:31:43,Elliott Bay Marina,3,EBM_W25_T3,21,SURFTRAK,13.63814903,1.618077754,22.06746991,370,5.027777778,47.6272321,-122.3924732,47.6272304,-122.3924849,-0.811637878,-9.99326992,47.62722686,-122.3924816,0.659071262,-8.210000038,-6.505335009,VFR_alt,79.02553879,0.041298982,1.148381745,0.953832183,0.060175226,8.439078331,-8.210000038,0,0,0,0,0,0,0,0,0,0.06,0,0,0,0.14,0.14,0,0,0.18,0,0,0,0,0.48,0,0,0,0,0,0,0
EBM_W25,2025_01_28_10-31-58.jpg,1/28/2025,10:31:58,Elliott Bay Marina,3,EBM_W25_T3,21,SURFTRAK,13.61786797,2.042640693,27.81557727,377,5.138888889,47.6272226,-122.3924769,47.6272319,-122.3924723,-0.638614655,-9.043211937,47.62722842,-122.392469,0.813116879,-8.019999504,-6.47095217,VFR_alt,86.54252699,0.061672161,1.416794562,1.448941186,0.063650179,8.257246017,-8.019999504,0,0.1,0,0,0,0,0,0,0,0.2,0.02,0,0,0.16,0.02,0,0,0.08,0.02,0,0,0,0.4,0,0,0,0,0,0,0
EBM_W25,2025_01_28_10-32-10.jpg,1/28/2025,10:32:10,Elliott Bay Marina,3,EBM_W25_T3,21,SURFTRAK,13.61821645,2.106580087,28.68757571,385,5.222222222,47.6272358,-122.3924487,47.6272305,-122.3924577,-0.798639297,-7.950440407,47.62722698,-122.3924544,0.845281352,-8.019999504,-6.503896189,VFR_alt,114.0690061,0.090195338,1.47283872,1.577663059,0.100301914,8.25125885,-8.019999504,0,0.16,0,0,0,0,0,0,0,0.2,0,0,0,0.2,0.04,0,0,0.08,0.04,0,0,0,0.28,0,0,0,0,0,0,0
EBM_W25,2025_01_28_10-32-22.jpg,1/28/2025,10:32:22,Elliott Bay Marina,3,EBM_W25_T3,2,ALT_HOLD,13.61434267,2.191530172,29.83373996,392,5.333333333,47.6272348,-122.3924367,47.6272303,-122.392446,-0.829072952,-7.072943687,47.6272267,-122.3924428,0.958491359,-7.929999828,-6.527440025,VFR_alt,127.8024464,0.088671513,1.670098581,2.013301542,0.098607717,8.170388222,-7.929999828,0,0,0,0,0,0,0,0,0,0.14,0,0,0,0.24,0.04,0,0,0.02,0.02,0,0,0,0.48,0.04,0,0,0,0,0,0.02
EBM_W25,2025_01_28_10-32-34.jpg,1/28/2025,10:32:34,Elliott Bay Marina,3,EBM_W25_T3,2,ALT_HOLD,13.61426134,2.042980562,27.8138054,399,5.416666667,47.6272304,-122.3924248,47.6272279,-122.3924327,-1.080086708,-6.073056221,47.62722445,-122.3924295,0.910345565,-7.980000019,-6.529264309,VFR_alt,87.23722419,0.047833214,1.586208181,1.818097981,0.078910951,8.215514183,-7.980000019,0,0,0,0,0,0,0,0,0,0.52,0,0,0,0.16,0.02,0,0,0,0,0,0,0,0.22,0.02,0,0,0,0.02,0,0.04
EBM_W25,2025_01_28_10-32-46.jpg,1/28/2025,10:32:46,Elliott Bay Marina,3,EBM_W25_T3,2,ALT_HOLD,13.60343226,2.31627957,31.50919923,406,5.5,47.6272183,-122.3924266,47.6272288,-122.3924191,-0.990572929,-5.051358223,47.62722525,-122.3924159,0.673827931,-8.289999962,-6.602435565,VFR_alt,86.34110114,0.094240699,1.174094121,1.002368173,0.08208709,8.53110981,-8.289999962,0,0,0,0,0,0,0,0,0,0.1,0,0,0.02,0.12,0.06,0,0,0.1,0.04,0,0,0,0.56,0,0,0,0,0,0,0
EBM_W25,2025_01_28_10-32-58.jpg,1/28/2025,10:32:58,Elliott Bay Marina,3,EBM_W25_T3,21,SURFTRAK,13.62632667,1.822644444,24.83586509,412,5.611111111,47.6272148,-122.3924143,47.627224,-122.3924099,-1.530890465,-4.359887123,47.62722039,-122.3924067,0.694044441,-8.710000038,-7.042142836,VFR_alt,103.6072927,0.078948089,1.20931986,1.061649216,0.077816211,8.948226929,-8.710000038,0,0.26,0,0,0,0,0,0,0,0.1,0,0,0,0.12,0,0,0,0.02,0,0,0,0,0.48,0,0,0,0,0,0,0.02
EBM_W25,2025_01_28_10-33-16.jpg,1/28/2025,10:33:16,Elliott Bay Marina,3,EBM_W25_T3,21,SURFTRAK,13.61567019,2.101099366,28.60794856,423,5.75,47.6272199,-122.3923972,47.6272194,-122.3923971,-2.035449028,-3.399895668,47.62721585,-122.3923939,0.803255795,-8.819999695,-7.260409323,VFR_alt,105.0025463,0.088780093,1.399612369,1.415642304,0.091476825,9.054592133,-8.819999695,0,0.02,0,0,0,0,0,0,0,0.5,0,0,0,0.02,0,0,0,0.06,0.02,0,0,0,0.18,0.08,0.02,0.04,0.02,0.02,0,0.02
EBM_W25,2025_01_28_10-33-28.jpg,1/28/2025,10:33:28,Elliott Bay Marina,3,EBM_W25_T3,21,SURFTRAK,13.60876991,2.12659292,28.9397092,430,5.833333333,47.6272118,-122.3923899,47.6272169,-122.3923857,-2.316049576,-2.544251442,47.62721333,-122.3923825,0.837477869,-8.479999542,-6.95403305,VFR_alt,98.91422073,0.080257219,1.459241741,1.538082827,0.072237851,8.718108177,-8.479999542,0,0.02,0,0,0,0,0,0,0,0.48,0,0,0,0.04,0.04,0,0,0,0,0,0,0,0.34,0.02,0,0,0,0,0,0.06
EBM_W25,2025_01_28_10-33-43.jpg,1/28/2025,10:33:43,Elliott Bay Marina,3,EBM_W25_T3,21,SURFTRAK,13.60676906,2.146252723,29.20350673,438,5.972222222,47.6272117,-122.392375,47.6272147,-122.3923703,-2.55897522,-1.395175934,47.62721114,-122.3923672,0.825686263,-8.269999504,-6.731720401,VFR_alt,99.13145748,0.089035279,1.438695762,1.494285959,0.077733488,8.499167442,-8.269999504,0,0.04,0,0,0,0,0,0,0,0.46,0,0,0,0.12,0.12,0,0,0.04,0,0,0,0,0.22,0,0,0,0,0,0,0
EBM_W25,2025_01_28_10-33-55.jpg,1/28/2025,10:33:55,Elliott Bay Marina,3,EBM_W25_T3,21,SURFTRAK,13.61918872,2.138590022,29.12581054,445,6.055555556,47.627214,-122.3923606,47.6272137,-122.392358,-2.668955803,-0.473241806,47.62721015,-122.392355,0.77613881,-8.149999619,-6.562070302,VFR_alt,97.38682124,0.081577585,1.352363079,1.33028979,0.073205875,8.382963181,-8.149999619,0,0,0,0,0,0,0,0,0,0.4,0,0,0,0.22,0,0,0,0,0,0,0,0,0.32,0,0,0,0,0,0,0.06
CNL_S24,2024_10_08_11-32-32.jpg,10/8/2024,11:32:32,Centennial Park,4,CNL_S24_T4,21,SURFTRAK,13.64632335,1.426227545,19.46275198,0,0,47.6198574,-122.3631206,47.6198635,-122.3631269,0,0,47.6198574,-122.3631206,0.758742507,-4.130000114,-2.037255517,VFR_alt,108.0464892,0.015239079,1.322051337,1.261493988,0,4.303742886,-4.130000114,0,0.08,0,0.06,0,0.46,0,0,0,0,0,0,0,0,0,0.02,0,0.04,0.1,0,0,0,0.02,0.02,0.14,0,0,0.06,0,0
CNL_S24,2024_10_08_11-32-41.jpg,10/8/2024,11:32:41,Centennial Park,4,CNL_S24_T4,21,SURFTRAK,13.65134545,1.284060606,17.52915758,4,0.055555556,47.6198443,-122.3631152,47.6198603,-122.3631274,-0.354980469,-0.030879974,47.61985447,-122.3631209,0.623818183,-4.239999771,-2.013341222,VFR_alt,124.6422576,0.002317342,1.086955925,0.852767148,0.035653674,4.418942928,-4.239999771,0,0.04,0,0.11,0,0.36,0,0,0,0,0,0.04,0,0,0.02,0,0,0.11,0.04,0,0,0,0,0.02,0.22,0,0,0.04,0,0
CNL_S24,2024_10_08_11-32-50.jpg,10/8/2024,11:32:50,Centennial Park,4,CNL_S24_T4,21,SURFTRAK,13.63734545,1.361333333,18.56414667,7,0.111111111,47.6198362,-122.363141,47.6198559,-122.3631257,-0.845779419,0.093158722,47.61985005,-122.3631192,0.65527272,-4.210000038,-2.015915837,VFR_alt,141.0365607,0.022317628,1.141763073,0.944715137,0.077805032,4.385886669,-4.210000038,0,0.08,0,0.06,0,0.34,0,0,0,0,0,0.02,0,0,0,0,0,0.06,0.04,0,0,0,0.06,0.08,0.18,0.04,0,0.04,0,0
CNL_S24,2024_10_08_11-32-59.jpg,10/8/2024,11:32:59,Centennial Park,4,CNL_S24_T4,21,SURFTRAK,13.61726667,1.97,26.82590297,11,0.166666667,47.6198322,-122.3631237,47.6198506,-122.3631243,-1.43334198,0.207378387,47.61984477,-122.3631177,0.698242407,-4.259999752,-2.110101606,VFR_alt,148.1837586,0.069232193,1.216634497,1.069332377,0.104739685,4.431912422,-4.259999752,0,0.01,0,0.06,0,0.45,0,0,0,0,0,0.04,0,0,0,0,0,0,0.03,0,0,0,0.03,0.09,0.15,0.03,0,0.11,0,0
CNL_S24,2024_10_08_11-33-08.jpg,10/8/2024,11:33:08,Centennial Park,4,CNL_S24_T4,21,SURFTRAK,13.61673333,1.88,25.59958182,17,0.25,47.6198245,-122.3631212,47.6198424,-122.3631166,-2.353187561,0.783641815,47.61983649,-122.36311,0.691333322,-4.299999714,-2.144488602,VFR_alt,147.2273269,0.084235598,1.20459594,1.047473212,0.108618032,4.476959705,-4.299999714,0,0,0,0,0,0.67,0,0,0,0,0,0,0,0,0,0,0,0,0.04,0,0,0,0.04,0.03,0.12,0,0,0.1,0,0
CNL_S24,2024_10_08_11-33-17.jpg,10/8/2024,11:33:17,Centennial Park,4,CNL_S24_T4,21,SURFTRAK,13.61763636,2.001393939,27.25408521,22,0.305555556,47.6198143,-122.3631517,47.6198344,-122.3631118,-3.241462708,1.138755798,47.61982851,-122.3631053,0.719999969,-4.319999695,-2.194492339,VFR_alt,146.2674184,0.088208689,1.254545401,1.135933786,0.122506615,4.496107101,-4.319999695,0,0,0,0,0,0.74,0,0,0,0,0,0.06,0,0,0,0.01,0,0,0,0,0,0,0,0.02,0.07,0.01,0,0.09,0,0
CNL_S24,2024_10_08_11-33-26.jpg,10/8/2024,11:33:26,Centennial Park,4,CNL_S24_T4,21,SURFTRAK,13.6432,1.502545455,20.49956691,26,0.361111111,47.6198492,-122.3630589,47.6198308,-122.3631073,-3.63873291,1.479511261,47.61982493,-122.3631008,0.628060603,-4.440000057,-2.22388504,VFR_alt,155.4851931,0.032731931,1.094348021,0.864514788,0.03604765,4.614440918,-4.440000057,0,0.08,0,0,0,0.56,0,0,0,0.02,0,0.14,0,0,0.02,0.02,0,0.02,0.02,0,0,0,0.02,0.02,0,0.03,0,0.05,0,0
CNL_S24,2024_10_08_11-33-35.jpg,10/8/2024,11:33:35,Centennial Park,4,CNL_S24_T4,21,SURFTRAK,13.61085455,1.997454545,27.18705055,31,0.444444444,47.6198351,-122.3630389,47.6198269,-122.3630997,-4.076797485,2.048095703,47.61982099,-122.3630932,0.691393936,-4.389999866,-2.238498081,VFR_alt,154.4739748,0.077567884,1.204701555,1.047490498,0.078456494,4.567100048,-4.389999866,0,0,0,0,0,0.72,0.06,0,0,0,0,0,0,0,0,0.08,0,0,0.01,0,0,0,0,0,0.02,0.04,0,0.07,0,0
CNL_S24,2024_10_08_11-33-44.jpg,10/8/2024,11:33:44,Centennial Park,4,CNL_S24_T4,21,SURFTRAK,13.62014198,1.996111111,27.18737142,36,0.5,47.6198056,-122.3631073,47.6198217,-122.3630938,-4.658111572,2.489784241,47.61981576,-122.3630873,0.689999998,-4.429999828,-2.278285797,VFR_alt,150.624744,0.0752584,1.202272723,1.043244828,0.079189607,4.608699799,-4.429999828,0,0,0,0,0,0.64,0,0,0,0,0,0.14,0,0,0,0.05,0,0,0,0,0,0,0,0.02,0.05,0.03,0,0.07,0,0
CNL_S24,2024_10_08_11-33-53.jpg,10/8/2024,11:33:53,Centennial Park,4,CNL_S24_T4,21,SURFTRAK,13.61353333,2.042666667,27.80786691,41,0.583333333,47.6198134,-122.3631063,47.6198164,-122.3630856,-5.248153687,3.106552124,47.61981046,-122.3630791,0.685999992,-4.440000057,-2.285323106,VFR_alt,143.7819073,0.096089054,1.195303016,1.031305925,0.09357764,4.619216442,-4.440000057,0,0,0,0.01,0,0.54,0,0,0,0,0,0.02,0,0,0,0.05,0,0,0,0,0,0,0,0,0.06,0.09,0,0.23,0,0
CNL_S24,2024_10_08_11-34-02.jpg,10/8/2024,11:34:02,Centennial Park,4,CNL_S24_T4,21,SURFTRAK,13.61830303,1.933333333,26.32866545,46,0.638888889,47.6198456,-122.3630736,47.6198108,-122.3630842,-5.864257813,3.210964203,47.61980494,-122.363078,0.663151483,-4.449999809,-2.273320578,VFR_alt,144.822128,0.075435334,1.155491221,0.963719012,0.052195676,4.621124744,-4.449999809,0,0,0,0,0,0.72,0,0,0,0,0,0.02,0.02,0,0,0.02,0,0,0,0,0,0,0.04,0.08,0.05,0.01,0,0.04,0,0
CNL_S24,2024_10_08_11-34-11.jpg,10/8/2024,11:34:11,Centennial Park,4,CNL_S24_T4,21,SURFTRAK,13.62154878,1.905487805,25.95565244,51,0.722222222,47.6198226,-122.3630687,47.6198089,-122.3630777,-6.072151184,3.701335907,47.61980307,-122.3630715,0.655304849,-4.489999771,-2.306107644,VFR_alt,144.9129461,0.070890786,1.141819055,0.94105458,0.066113844,4.669196606,-4.489999771,0,0,0,0,0,0.93,0,0,0,0,0,0.02,0,0,0,0,0,0,0,0,0,0,0,0.02,0.03,0,0,0,0,0
CNL_S24,2024_10_08_11-34-20.jpg,10/8/2024,11:34:20,Centennial Park,4,CNL_S24_T4,21,SURFTRAK,13.61460976,2.000487805,27.2358922,56,0.777777778,47.6198183,-122.363167,47.6198041,-122.3630808,-6.613189697,3.463710785,47.6197982,-122.3630746,0.680670738,-4.46999979,-2.311924788,VFR_alt,144.5148714,0.072889905,1.186017195,1.015238523,0.051408743,4.64122963,-4.46999979,0,0,0,0,0.01,0.44,0.14,0,0,0.01,0,0.04,0,0,0,0,0,0,0,0,0,0,0,0.13,0.16,0.04,0,0.03,0,0
CNL_S24,2024_10_08_11-34-29.jpg,10/8/2024,11:34:29,Centennial Park,4,CNL_S24_T4,21,SURFTRAK,13.61188344,2.168588957,29.51856368,61,0.833333333,47.6198018,-122.363142,47.6197994,-122.363082,-7.130584717,3.375354767,47.61979355,-122.3630758,0.68067483,-4.480000019,-2.322234329,VFR_alt,144.5761423,0.087569055,1.186024326,1.015447079,0.076378376,4.660496235,-4.480000019,0,0,0,0,0,0.52,0,0,0,0,0,0,0,0,0,0.02,0,0,0.02,0,0,0,0.05,0.12,0.23,0,0,0.04,0,0
CNL_S24,2024_10_08_11-34-38.jpg,10/8/2024,11:34:38,Centennial Park,4,CNL_S24_T4,21,SURFTRAK,13.615,2.114099379,28.78346304,66,0.916666667,47.6198142,-122.363051,47.6197955,-122.3630741,-7.567459106,3.96736908,47.61978962,-122.3630679,0.678819862,-4.509999752,-2.350574786,VFR_alt,142.106143,0.102982383,1.182792184,1.009845542,0.104971269,4.687001705,-4.509999752,0,0,0,0,0,0.61,0,0,0,0,0,0.06,0,0,0,0,0,0,0,0,0,0,0.02,0,0.17,0.1,0,0.04,0,0
CNL_S24,2024_10_08_11-34-47.jpg,10/8/2024,11:34:47,Centennial Park,4,CNL_S24_T4,21,SURFTRAK,13.61035976,2.279756098,31.02841506,72,1,47.6197982,-122.3630526,47.6197916,-122.3630643,-8.005027771,4.704299927,47.61978568,-122.3630581,0.669999957,-4.529999733,-2.361877514,VFR_alt,136.2316827,0.107409496,1.167424168,0.983643239,0.114216788,4.706021786,-4.529999733,0,0,0,0,0,0.6,0,0,0,0,0,0.04,0,0,0,0.04,0,0,0,0,0,0,0.06,0.02,0.09,0.07,0,0.08,0,0
CNL_S24,2024_10_08_11-34-56.jpg,10/8/2024,11:34:56,Centennial Park,4,CNL_S24_T4,21,SURFTRAK,13.61787349,2.050180723,27.91909253,77,1.055555556,47.6197904,-122.3630647,47.6197868,-122.3630558,-8.538673401,5.342615128,47.61978088,-122.3630496,0.684638553,-4.480000019,-2.326602496,VFR_alt,134.1891145,0.09605442,1.192930813,1.027815137,0.078272854,4.655702591,-4.480000019,0,0,0,0.02,0,0.28,0,0,0,0,0,0.21,0,0,0,0,0,0,0.02,0,0,0,0.02,0.02,0.14,0.09,0,0.2,0,0
CNL_S24,2024_10_08_11-35-05.jpg,10/8/2024,11:35:05,Centennial Park,4,CNL_S24_T4,21,SURFTRAK,13.6007716,2.51,34.13793673,82,1.138888889,47.6197848,-122.3630468,47.619783,-122.363047,-8.960769653,6.003860474,47.61977709,-122.3630408,0.659999967,-4.529999733,-2.352049242,VFR_alt,128.6797074,0.108321901,1.149999942,0.954499903,0.105866117,4.70045948,-4.529999733,0,0,0,0,0,0.41,0,0,0,0,0,0.16,0.02,0,0,0,0,0,0,0,0,0,0.04,0.04,0.21,0.06,0,0.06,0,0
CNL_S24,2024_10_08_11-35-14.jpg,10/8/2024,11:35:14,Centennial Park,4,CNL_S24_T4,21,SURFTRAK,13.60771605,2.33345679,31.75293025,88,1.222222222,47.6197841,-122.363021,47.6197791,-122.3630366,-9.396026611,6.781265259,47.61977317,-122.3630305,0.642345662,-4.409999847,-2.214508804,VFR_alt,116.8545402,0.092616046,1.119238654,0.904326185,0.105060404,4.59697628,-4.409999847,0,0,0,0,0,0.52,0,0,0,0,0,0.21,0,0,0,0,0,0,0,0,0.02,0,0.04,0.02,0.08,0.06,0,0.04,0,0.01
CNL_S24,2024_10_08_11-35-23.jpg,10/8/2024,11:35:23,Centennial Park,4,CNL_S24_T4,21,SURFTRAK,13.60990361,2.112289157,28.74795181,94,1.305555556,47.6197581,-122.3630693,47.6197748,-122.3630274,-9.875686646,7.477842331,47.61976886,-122.3630212,0.670963814,-4.299999714,-2.133290873,VFR_alt,121.6072701,0.079144267,1.169103616,0.986515605,0.073480931,4.481905937,-4.299999714,0,0,0,0,0,0.32,0,0,0,0,0,0.36,0,0,0,0,0,0,0,0,0,0,0.08,0,0.16,0.07,0,0.01,0,0
CNL_S24,2024_10_08_11-35-32.jpg,10/8/2024,11:35:32,Centennial Park,4,CNL_S24_T4,21,SURFTRAK,13.61682927,1.882012195,25.6270828,99,1.361111111,47.6197672,-122.3630344,47.6197705,-122.3630219,-10.35301208,7.883928299,47.61976456,-122.3630158,0.676219483,-4.259999752,-2.098782879,VFR_alt,121.6583999,0.05482517,1.17826122,1.002201933,0.047132423,4.43538332,-4.259999752,0,0,0,0,0,0.08,0,0,0,0,0,0.36,0,0,0,0,0,0,0.08,0,0.04,0,0.04,0.06,0.21,0.01,0,0.12,0,0
CNL_S24,2024_10_08_11-35-41.jpg,10/8/2024,11:35:41,Centennial Park,4,CNL_S24_T4,21,SURFTRAK,13.61253333,2.037878788,27.74069406,104,1.444444444,47.6197701,-122.3629479,47.6197666,-122.3630129,-10.7906723,8.558914185,47.61976063,-122.3630068,0.680363622,-4.210000038,-2.053257803,VFR_alt,134.3702987,0.081367013,1.185482068,1.014473272,0.108585651,4.391724586,-4.210000038,0,0,0,0,0,0.2,0,0,0,0,0,0.34,0,0,0,0,0,0,0,0,0,0,0.07,0.07,0.04,0.03,0,0.25,0,0
CNL_S24,2024_10_08_11-35-50.jpg,10/8/2024,11:35:50,Centennial Park,4,CNL_S24_T4,21,SURFTRAK,13.61156098,2.1125,28.75443518,109,1.5,47.6197556,-122.3629433,47.6197624,-122.3630009,-11.25018692,9.464298248,47.61975649,-122.3629948,0.703170717,-4.199999809,-2.066511321,VFR_alt,134.3340559,0.072434914,1.225221703,1.083648941,0.108254893,4.375970364,-4.199999809,0,0,0,0.02,0,0.33,0,0,0,0,0,0,0,0,0,0,0,0,0,0,0,0,0.08,0.16,0.09,0.05,0,0.27,0,0
CNL_S24,2024_10_08_11-35-59.jpg,10/8/2024,11:35:59,Centennial Park,4,CNL_S24_T4,21,SURFTRAK,13.60916463,2.10097561,28.59057829,114,1.583333333,47.6197442,-122.3629811,47.6197569,-122.3629898,-11.86989975,10.29375458,47.61975092,-122.3629838,0.681158518,-4.210000038,-2.055084105,VFR_alt,130.3547388,0.08960704,1.186867115,1.017389597,0.114885905,4.384796143,-4.210000038,0,0.06,0,0,0,0.28,0,0,0,0,0,0.08,0,0,0,0,0,0,0,0,0,0,0.07,0.23,0.21,0.03,0,0.04,0,0
CNL_S24,2024_10_08_11-36-08.jpg,10/8/2024,11:36:08,Centennial Park,4,CNL_S24_T4,21,SURFTRAK,13.61376506,2.02060241,27.50804614,120,1.638888889,47.6197614,-122.3629704,47.6197515,-122.3629836,-12.46970749,10.76348305,47.61974553,-122.3629775,0.68753012,-4.179999828,-2.032192669,VFR_alt,127.3645121,0.073341701,1.197969149,1.035830291,0.065643504,4.357494354,-4.179999828,0,0,0,0,0,0.19,0.02,0,0,0.04,0,0.28,0,0,0,0,0,0.02,0.04,0,0,0,0.04,0.22,0.1,0,0,0.04,0,0.01
CNL_S24,2024_10_08_11-36-17.jpg,10/8/2024,11:36:17,Centennial Park,4,CNL_S24_T4,21,SURFTRAK,13.61039024,2.059268293,28.02732732,125,1.722222222,47.6197357,-122.362954,47.6197491,-122.362969,-12.73212433,11.85764694,47.61974317,-122.362963,0.673353653,-4.139999866,-1.978877408,VFR_alt,125.9813278,0.075456575,1.17326773,0.993737709,0.094189655,4.313920498,-4.139999866,0,0,0,0.02,0,0.08,0.1,0,0,0,0,0.28,0,0,0,0,0,0.02,0.02,0,0,0,0.12,0.13,0.22,0.01,0,0,0,0
CNL_S24,2024_10_08_11-36-26.jpg,10/8/2024,11:36:26,Centennial Park,4,CNL_S24_T4,21,SURFTRAK,13.61015152,2.137515152,29.09134806,130,1.777777778,47.6197359,-122.3629773,47.6197464,-122.3629589,-13.0362587,12.61375237,47.61974043,-122.3629529,0.688666662,-4.099999905,-1.95513234,VFR_alt,126.1842394,0.069135303,1.199949487,1.039412159,0.061807269,4.27711153,-4.099999905,0,0.08,0,0,0,0.27,0,0,0,0.02,0,0.2,0,0,0,0,0,0,0.04,0,0,0,0.03,0,0.28,0.01,0,0.07,0,0
CNL_S24,2024_10_08_11-36-35.jpg,10/8/2024,11:36:35,Centennial Park,4,CNL_S24_T4,21,SURFTRAK,13.61214815,2.037777778,27.73850926,135,1.861111111,47.6197224,-122.3630254,47.6197429,-122.3629552,-13.42396927,12.891325,47.61973694,-122.3629492,0.688703703,-4.049999714,-1.906148501,VFR_alt,123.7836684,0.069166395,1.200014027,1.039464282,0.053184894,4.226005077,-4.049999714,0,0.09,0,0,0,0.53,0,0,0,0,0,0.19,0,0,0,0,0,0,0,0,0,0,0.01,0.08,0.06,0.02,0,0.02,0,0
CNL_S24,2024_10_08_11-36-44.jpg,10/8/2024,11:36:44,Centennial Park,4,CNL_S24_T4,21,SURFTRAK,13.60958182,2.242424242,30.518426,140,1.916666667,47.6197529,-122.3629354,47.61974,-122.3629523,-13.74546432,13.11190224,47.61973405,-122.3629463,0.663696936,-4.019999981,-1.852115446,VFR_alt,124.7116111,0.08101405,1.156441632,0.965518472,0.086335697,4.190412045,-4.019999981,0,0,0,0,0,0.33,0,0,0,0,0,0.19,0.01,0,0.02,0.04,0,0.03,0.02,0,0,0,0.02,0.11,0.16,0.02,0,0.04,0,0.01
CNL_S24,2024_10_08_11-36-54.jpg,10/8/2024,11:36:54,Centennial Park,4,CNL_S24_T4,21,SURFTRAK,13.60116463,2.471402439,33.61392159,146,2,47.6197461,-122.3629822,47.6197363,-122.3629459,-14.16225815,13.58913612,47.6197303,-122.3629399,0.669999957,-3.980000019,-1.819440572,VFR_alt,133.1687224,0.090504388,1.167424168,0.983643239,0.056363875,4.151604176,-3.980000019,0,0,0,0,0,0.57,0,0,0,0,0,0.05,0,0,0,0.01,0,0,0,0,0,0,0.02,0.06,0.23,0.01,0,0.05,0,0
CNL_S24,2024_10_08_11-37-03.jpg,10/8/2024,11:37:03,Centennial Park,4,CNL_S24_T4,21,SURFTRAK,13.61216364,2.074,28.23165764,152,2.083333333,47.6197412,-122.3629806,47.6197335,-122.3629391,-14.47299576,14.09910583,47.61972751,-122.3629331,0.683393933,-3.899999857,-1.753653723,VFR_alt,142.6421725,0.07205777,1.190762156,1.023519757,0.037989816,4.074106216,-3.899999857,0,0,0,0,0,0.4,0,0,0,0,0,0.18,0,0,0,0.15,0,0.06,0,0,0,0,0.08,0.02,0.08,0.02,0,0.01,0,0
CNL_S24,2024_10_08_12-03-52.jpg,10/8/2024,12:03:52,Centennial Park,4,CNL_S24_T4,21,SURFTRAK,13.59386667,2.664969697,36.22658376,1192,16.22222222,47.6196949,-122.3628918,47.6196755,-122.3628442,-20.91452789,21.21551132,47.61966957,-122.3628385,0.652545428,-3.720000029,-1.661794372,VFR_alt,345.3064695,0.11813586,1.137010974,0.933428255,0.158045332,3.899343729,-3.720000029,0,0.02,0,0,0,0.25,0,0,0,0,0,0.14,0,0,0,0,0,0.04,0.14,0,0,0,0.03,0.04,0.19,0.04,0,0.11,0,0
CNL_S24,2024_10_08_12-04-01.jpg,10/8/2024,12:04:01,Centennial Park,4,CNL_S24_T4,21,SURFTRAK,13.60039264,2.475092025,33.66174331,1198,16.30555556,47.6197027,-122.3628697,47.6196843,-122.3628519,-19.93903351,20.63874435,47.61967835,-122.3628461,0.68576687,-3.7099998,-1.685860999,VFR_alt,337.1563954,0.106806444,1.194896819,1.03055586,0.121910222,3.883644104,-3.7099998,0,0,0,0.02,0.02,0.28,0,0,0,0,0,0.12,0,0,0.11,0.04,0,0.06,0.19,0,0,0,0.04,0.01,0.09,0,0,0.02,0,0
CNL_S24,2024_10_08_12-04-10.jpg,10/8/2024,12:04:10,Centennial Park,4,CNL_S24_T4,21,SURFTRAK,13.60310909,2.333939394,31.74865297,1204,16.38888889,47.6197072,-122.3629096,47.6196924,-122.3628622,-19.03051376,19.86409378,47.61968652,-122.3628564,0.670363595,-3.649999857,-1.611304276,VFR_alt,333.4102278,0.088619445,1.16805778,0.98471894,0.131720112,3.827758312,-3.649999857,0,0.02,0,0.01,0,0.33,0,0,0,0,0,0,0,0,0.03,0.01,0,0.07,0.15,0,0,0,0,0.02,0.22,0.05,0,0.09,0,0
CNL_S24,2024_10_08_12-04-19.jpg,10/8/2024,12:04:19,Centennial Park,4,CNL_S24_T4,21,SURFTRAK,13.60899394,2.159818182,29.39297261,1210,16.47222222,47.619714,-122.3628879,47.6196999,-122.3628733,-18.20279312,19.0262928,47.61969396,-122.3628676,0.67581815,-3.589999914,-1.557573774,VFR_alt,332.3089096,0.090223935,1.177561928,1.000997817,0.117735837,3.768449306,-3.589999914,0,0,0,0.02,0,0.23,0,0,0,0,0,0.15,0,0,0.04,0,0,0.1,0.29,0,0,0,0.02,0.04,0.09,0,0,0.02,0,0
CNL_S24,2024_10_08_12-04-28.jpg,10/8/2024,12:04:28,Centennial Park,4,CNL_S24_T4,21,SURFTRAK,13.59443636,2.745939394,37.32939103,1216,16.55555556,47.619721,-122.3628625,47.6197089,-122.3628803,-17.20216751,18.50317955,47.61970296,-122.3628745,0.664181802,-3.579999924,-1.536682091,VFR_alt,328.364509,0.12199015,1.157286473,0.966987312,0.12699567,3.766080379,-3.579999924,0,0,0,0.02,0,0.69,0,0,0,0,0,0.1,0,0,0.01,0.01,0,0,0.03,0,0,0,0.01,0.04,0.08,0.01,0,0,0,0
CNL_S24,2024_10_08_12-04-37.jpg,10/8/2024,12:04:37,Centennial Park,4,CNL_S24_T4,21,SURFTRAK,13.61097576,1.981636364,26.97190661,1222,16.63888889,47.6197202,-122.3629121,47.6197169,-122.3628888,-16.30900574,17.86468315,47.61971099,-122.362883,0.69163636,-3.579999924,-1.564772451,VFR_alt,328.4634378,0.078121678,1.20512396,1.048329805,0.101405713,3.751936436,-3.579999924,0,0.01,0,0,0,0.3,0,0,0,0,0,0.24,0,0,0,0.04,0,0.03,0.02,0,0,0,0.1,0.03,0.18,0,0,0.05,0,0
CNL_S24,2024_10_08_12-04-46.jpg,10/8/2024,12:04:46,Centennial Park,4,CNL_S24_T4,21,SURFTRAK,13.59554023,2.792183908,37.96131931,1229,16.75,47.619723,-122.3629218,47.619724,-122.3628999,-15.52179718,17.03264427,47.61971807,-122.3628941,0.688735617,-3.559999943,-1.542360054,VFR_alt,319.1989454,0.119658614,1.200069635,1.039711114,0.178622344,3.73576498,-3.559999943,0,0,0,0,0,0.21,0,0,0,0.02,0,0.43,0,0,0,0,0,0.04,0,0,0,0,0,0.03,0.09,0.03,0,0.13,0,0.02
CNL_S24,2024_10_08_12-04-55.jpg,10/8/2024,12:04:55,Centennial Park,4,CNL_S24_T4,21,SURFTRAK,13.5917561,3.044878049,41.38502634,1237,16.83333333,47.6197318,-122.3629128,47.6197301,-122.3629112,-14.843647,16.18367767,47.61972417,-122.3629054,0.661219489,-3.599999905,-1.555146117,VFR_alt,318.3866522,0.125686465,1.152124866,0.958481558,0.130126663,3.775318146,-3.599999905,0,0,0,0,0.04,0.23,0,0,0,0,0,0.02,0,0,0,0,0,0,0.26,0,0,0,0.02,0.04,0.29,0.02,0,0.08,0,0
CNL_S24,2024_10_08_12-05-04.jpg,10/8/2024,12:05:04,Centennial Park,4,CNL_S24_T4,21,SURFTRAK,13.5992561,2.360365854,32.09926463,1244,16.94444444,47.6197383,-122.3629207,47.6197359,-122.362925,-14.19754791,15.14761543,47.61972999,-122.3629192,0.707439005,-3.599999905,-1.6014452,VFR_alt,313.6336903,0.118352219,1.232658873,1.096764244,0.117991168,3.770313263,-3.599999905,0,0.02,0,0,0,0.36,0,0,0,0,0,0.02,0.02,0,0,0.04,0,0,0.31,0,0,0,0,0.08,0.12,0,0,0.03,0,0
CNL_S24,2024_10_08_12-05-13.jpg,10/8/2024,12:05:13,Centennial Park,4,CNL_S24_T4,21,SURFTRAK,13.60219876,2.463478261,33.50828248,1251,17.02777778,47.6197396,-122.3629212,47.619741,-122.3629366,-13.62020111,14.27718163,47.61973518,-122.3629308,0.68614907,-3.7099998,-1.690037871,VFR_alt,310.7444983,0.118350059,1.195562773,1.031684396,0.100814126,3.883323669,-3.7099998,0,0,0,0.12,0,0.1,0.14,0,0,0,0,0.2,0.02,0,0,0,0,0.06,0.1,0,0,0,0,0.02,0.17,0.01,0,0.06,0,0
CNL_S24,2024_10_08_12-05-22.jpg,10/8/2024,12:05:22,Centennial Park,4,CNL_S24_T4,21,SURFTRAK,13.59562805,2.782195122,37.82539518,1257,17.11111111,47.6197213,-122.3629885,47.6197447,-122.3629473,-13.21245575,13.47756195,47.61973885,-122.3629414,0.666158497,-3.809999943,-1.769831218,VFR_alt,309.3193431,0.138452273,1.160730715,0.972447934,0.142953762,3.98000598,-3.809999943,0,0,0,0.1,0,0.35,0,0,0,0,0,0.19,0,0,0,0,0,0,0.03,0,0,0,0,0.02,0.26,0.04,0,0.01,0,0
CNL_S24,2024_10_08_12-05-31.jpg,10/8/2024,12:05:31,Centennial Park,4,CNL_S24_T4,21,SURFTRAK,13.60873006,2.19190184,29.82900638,1264,17.22222222,47.6197273,-122.3629966,47.6197483,-122.3629617,-12.81176376,12.39627457,47.61974245,-122.3629558,0.695644149,-3.839999914,-1.829103621,VFR_alt,310.4490009,0.100796281,1.21210723,1.061008521,0.092843244,4.018048286,-3.839999914,0,0.02,0,0,0,0.66,0,0,0,0,0,0,0,0,0,0.02,0,0,0.1,0,0,0,0,0.08,0.1,0,0,0.02,0,0
CNL_S24,2024_10_08_12-05-40.jpg,10/8/2024,12:05:40,Centennial Park,4,CNL_S24_T4,21,SURFTRAK,13.5962,2.598666667,35.332012,1270,17.30555556,47.619726,-122.363026,47.6197511,-122.3629763,-12.49907303,11.30287361,47.61974526,-122.3629703,0.653212094,-3.879999876,-1.826563246,VFR_alt,310.376404,0.125112843,1.138172589,0.935461449,0.128718,4.054930687,-3.879999876,0,0,0,0.04,0,0.38,0,0,0,0,0,0.33,0,0,0.04,0.02,0,0,0.1,0,0,0,0,0.01,0.08,0,0,0,0,0
CNL_S24,2024_10_08_12-05-49.jpg,10/8/2024,12:05:49,Centennial Park,4,CNL_S24_T4,21,SURFTRAK,13.59559036,2.785301205,37.86780048,1277,17.38888889,47.6197451,-122.3629581,47.6197563,-122.3629863,-11.91986084,10.55391121,47.61975047,-122.3629803,0.677409611,-3.859999895,-1.830859374,VFR_alt,310.9774037,0.136640848,1.180334928,1.006219558,0.112329184,4.03364563,-3.859999895,0,0,0,0.02,0.01,0.26,0,0,0,0,0,0.36,0.01,0,0.04,0,0,0.02,0.04,0,0,0,0,0.11,0.08,0.01,0,0.04,0,0
CNL_S24,2024_10_08_12-05-58.jpg,10/8/2024,12:05:58,Centennial Park,4,CNL_S24_T4,21,SURFTRAK,13.60566667,2.320666667,31.574178,1283,17.47222222,47.6197476,-122.3629972,47.6197604,-122.3629984,-11.46997833,9.644926071,47.61975452,-122.3629924,0.690121199,-3.849999905,-1.833978378,VFR_alt,310.6883555,0.124298111,1.202483908,1.04384506,0.124690435,4.024218082,-3.849999905,0,0.04,0,0.03,0.01,0.45,0,0,0,0,0,0.06,0,0,0,0,0,0.04,0,0,0,0,0,0.06,0.3,0,0,0,0,0.01
CNL_S24,2024_10_08_12-06-07.jpg,10/8/2024,12:06:07,Centennial Park,4,CNL_S24_T4,21,SURFTRAK,13.60242683,2.349329268,31.95577085,1289,17.55555556,47.6197598,-122.363003,47.6197635,-122.3630097,-11.11754227,8.798400879,47.61975769,-122.3630037,0.670914605,-3.899999857,-1.865572005,VFR_alt,306.0918042,0.126582376,1.169017872,0.986621482,0.105948936,4.075097561,-3.899999857,0,0,0,0.02,0,0.15,0,0,0,0.06,0,0.43,0,0,0.02,0.02,0,0,0.1,0,0,0,0.04,0.05,0.06,0.02,0,0.03,0,0
CNL_S24,2024_10_08_12-06-16.jpg,10/8/2024,12:06:16,Centennial Park,4,CNL_S24_T4,21,SURFTRAK,13.60873171,2.24902439,30.60632634,1295,17.63888889,47.6197685,-122.3629549,47.6197697,-122.3630151,-10.43566895,8.387245178,47.61976382,-122.3630091,0.707256079,-3.929999828,-1.933048608,VFR_alt,305.5499972,0.098329746,1.232340137,1.096158984,0.059148204,4.106631279,-3.929999828,0,0.04,0,0,0,0.24,0,0,0,0,0,0.24,0,0,0,0.07,0,0.02,0,0,0,0,0.02,0.08,0.02,0.08,0,0.19,0,0
CNL_S24,2024_10_08_12-06-25.jpg,10/8/2024,12:06:25,Centennial Park,4,CNL_S24_T4,21,SURFTRAK,13.60806667,2.183878788,29.71837176,1301,17.72222222,47.6197538,-122.3630059,47.6197733,-122.3630198,-10.02694702,8.040517807,47.6197675,-122.3630137,0.674727253,-3.99000001,-1.961864301,VFR_alt,300.0915342,0.089907241,1.175661123,0.997627344,0.05693201,4.165735722,-3.99000001,0,0,0,0,0,0.27,0,0,0,0,0,0.14,0,0,0,0,0,0.02,0,0,0,0,0,0.08,0.19,0.07,0,0.23,0,0
CNL_S24,2024_10_08_12-06-34.jpg,10/8/2024,12:06:34,Centennial Park,4,CNL_S24_T4,21,SURFTRAK,13.6051506,2.221445783,30.22289096,1306,17.77777778,47.6197614,-122.3630264,47.619775,-122.3630276,-9.836639404,7.44916153,47.61976921,-122.3630216,0.661445748,-4.059999943,-2.020010122,VFR_alt,299.286654,0.076020557,1.152519107,0.958713398,0.061065096,4.238528728,-4.059999943,0,0,0,0,0,0.15,0,0,0,0,0,0.42,0.04,0,0.02,0.02,0,0,0.04,0,0,0,0.02,0.04,0.11,0.03,0,0.11,0,0
CNL_S24,2024_10_08_12-06-43.jpg,10/8/2024,12:06:43,Centennial Park,4,CNL_S24_T4,21,SURFTRAK,13.59628571,2.869813665,39.01887056,1314,17.88888889,47.6197875,-122.3629922,47.6197798,-122.3630414,-9.300750732,6.417385101,47.61977403,-122.3630353,0.74149067,-4.029999733,-2.071439158,VFR_alt,294.6327124,0.145560884,1.291991319,1.205054234,0.126095287,4.208802223,-4.029999733,0,0.05,0,0,0,0.34,0,0,0,0,0,0.39,0.02,0,0,0,0,0,0.02,0,0,0,0,0.03,0.09,0,0,0.06,0,0
CNL_S24,2024_10_08_12-06-52.jpg,10/8/2024,12:06:52,Centennial Park,4,CNL_S24_T4,21,SURFTRAK,13.59887805,2.480487805,33.73175195,1320,17.97222222,47.6197811,-122.3630233,47.6197841,-122.363048,-8.829338074,5.924118042,47.61977827,-122.3630419,0.636219501,-4.190000057,-2.127383443,VFR_alt,300.8453363,0.118683665,1.108564283,0.887215833,0.110154982,4.362833023,-4.190000057,0,0,0,0,0,0.84,0,0,0,0,0,0,0,0,0,0,0,0,0,0,0,0,0,0.04,0.06,0,0,0.06,0,0
CNL_S24,2024_10_08_12-07-01.jpg,10/8/2024,12:07:01,Centennial Park,4,CNL_S24_T4,21,SURFTRAK,13.60289759,2.432168675,33.08362916,1326,18.05555556,47.6198056,-122.3629863,47.6197893,-122.3630524,-8.248168945,5.589862823,47.61978349,-122.3630463,0.63493975,-4.259999752,-2.197023254,VFR_alt,312.942887,0.082187762,1.106334412,0.883446025,0.081932557,4.437814236,-4.259999752,0,0,0,0,0,0.49,0,0,0,0,0,0.22,0,0,0,0,0,0,0,0,0,0,0,0.05,0.08,0.07,0,0.09,0,0
CNL_S24,2024_10_08_12-07-10.jpg,10/8/2024,12:07:10,Centennial Park,4,CNL_S24_T4,21,SURFTRAK,13.59797561,2.641097561,35.9135861,1332,18.13888889,47.6198076,-122.363015,47.6197956,-122.3630572,-7.542472839,5.227870941,47.61978984,-122.3630511,0.69518292,-4.230000019,-2.227821059,VFR_alt,321.9093118,0.092343546,1.211303572,1.059031025,0.10448513,4.408856869,-4.230000019,0,0,0,0.1,0,0.33,0.25,0,0,0,0,0.16,0,0,0,0,0,0,0,0,0,0,0,0,0.12,0,0,0.04,0,0
CNL_S24,2024_10_08_12-07-19.jpg,10/8/2024,12:07:19,Centennial Park,4,CNL_S24_T4,21,SURFTRAK,13.5988303,2.541818182,34.56550382,1339,18.22222222,47.6198273,-122.363008,47.6198022,-122.3630621,-6.812004089,4.861133575,47.61979641,-122.363056,0.623515153,-4.259999752,-2.186432255,VFR_alt,323.2180273,0.111043432,1.086427918,0.851992913,0.100038593,4.436557293,-4.259999752,0,0,0,0.04,0,0.55,0,0,0,0,0,0.22,0,0,0,0.1,0,0,0,0,0,0,0.01,0.04,0.04,0,0,0,0,0
CNL_S24,2024_10_08_12-07-28.jpg,10/8/2024,12:07:28,Centennial Park,4,CNL_S24_T4,21,SURFTRAK,13.58330909,3.307878788,44.93194279,1346,18.33333333,47.6198367,-122.363013,47.6198106,-122.3630657,-5.87412262,4.594966888,47.61980485,-122.3630596,0.697454536,-4.230000019,-2.230495058,VFR_alt,327.0074534,0.123397432,1.215261691,1.065949938,0.14503575,4.404845715,-4.230000019,0,0,0,0,0,0.5,0,0,0,0,0,0,0,0,0,0.13,0,0,0,0,0,0,0,0.06,0.13,0.06,0,0.12,0,0
CNL_S24,2024_10_08_12-07-37.jpg,10/8/2024,12:07:37,Centennial Park,4,CNL_S24_T4,21,SURFTRAK,13.58333537,3.429939024,46.58998524,1354,18.44444444,47.6198425,-122.3630624,47.6198204,-122.3630743,-4.781532288,3.950515747,47.61981467,-122.3630681,0.612621939,-4.139999866,-2.055748445,VFR_alt,335.2071574,0.126269808,1.067447318,0.826621626,0.138140838,4.315284729,-4.139999866,0,0,0,0.08,0,0.61,0,0,0,0,0,0.02,0,0,0,0.02,0,0,0,0,0,0,0,0.06,0.11,0.02,0.02,0.06,0,0
CNL_S24,2024_10_08_12-07-46.jpg,10/8/2024,12:07:46,Centennial Park,4,CNL_S24_T4,21,SURFTRAK,13.58942424,2.953212121,40.13241018,1362,18.55555556,47.6198564,-122.3630475,47.61983,-122.3630798,-3.717025757,3.534126282,47.61982425,-122.3630737,0.664787863,-4.170000076,-2.138082763,VFR_alt,339.2630627,0.09486363,1.158342488,0.969215727,0.111934155,4.34401989,-4.170000076,0,0.14,0,0,0,0.58,0,0,0,0,0,0.1,0,0,0,0.04,0,0,0.02,0,0,0,0.02,0,0.06,0.02,0,0.02,0,0
CNL_S24,2024_10_08_12-07-55.jpg,10/8/2024,12:07:55,Centennial Park,4,CNL_S24_T4,21,SURFTRAK,13.59380368,2.964539877,40.29939558,1370,18.63888889,47.6198472,-122.3631314,47.6198376,-122.3630883,-2.876319885,2.896900177,47.61983181,-122.3630822,0.626441702,-4.150000095,-2.080105912,VFR_alt,344.4707345,0.119291957,1.091527208,0.860442396,0.142984572,4.322561264,-4.150000095,0,0,0,0.16,0,0.48,0,0,0,0,0,0,0,0,0,0,0,0,0.2,0,0,0,0,0.02,0.02,0.03,0,0.09,0,0
CNL_S24,2024_10_08_12-08-04.jpg,10/8/2024,12:08:04,Centennial Park,4,CNL_S24_T4,21,SURFTRAK,13.60759006,1.830062112,24.90261168,1376,18.72222222,47.6198389,-122.3631685,47.619843,-122.3630946,-2.284179688,2.425727844,47.61983714,-122.3630884,0.697329183,-4.049999714,-2.051679163,VFR_alt,353.3008892,0.032056239,1.215043274,1.065568137,0.049319213,4.226067066,-4.049999714,0,0,0,0.15,0,0.42,0,0,0,0,0,0.04,0,0,0,0,0,0,0.02,0,0,0,0,0.08,0.1,0.07,0,0.12,0,0
CNL_S24,2024_10_08_12-08-13.jpg,10/8/2024,12:08:13,Centennial Park,4,CNL_S24_T4,21,SURFTRAK,13.59752469,2.483950617,33.77557778,1383,18.83333333,47.6198436,-122.3632101,47.6198474,-122.3631033,-1.783096313,1.773025513,47.61984164,-122.3630971,0.674444429,-3.9599998,-1.939812887,VFR_alt,16.35797853,0.095864935,1.175168322,0.99682587,0.083196481,4.131163597,-3.9599998,0,0.07,0,0.01,0,0.38,0,0,0,0,0,0.08,0,0,0,0,0,0.04,0,0,0,0,0,0.04,0.2,0.06,0,0.12,0,0
CNL_W25,2025_01_27_11-38-49.jpg,1/27/2025,11:38:49,Centennial Park,4,CNL_W25_T4,21,SURFTRAK,13.60253968,2.312698413,31.45856508,0,0,47.6197941,-122.3631095,47.6198048,-122.3630539,0,0,47.6197941,-122.3631095,0.6975238,-4.5,-2.552335871,VFR_alt,317.2018016,0.070432058,1.215382379,1.066160903,0,5.024925232,-4.5,0,0.02,0,0,0,0.02,0,0,0,0,0,0,0,0,0,0,0,0,0,0,0,0,0.02,0,0.34,0.44,0,0.16,0,0
CNL_W25,2025_01_27_11-38-55.jpg,1/27/2025,11:38:55,Centennial Park,4,CNL_W25_T4,21,SURFTRAK,13.6011051,2.446178344,33.27072697,4,0.055555556,47.6197816,-122.3630876,47.6198069,-122.3630592,0.229743958,-0.399734497,47.61979617,-122.3631148,0.693949038,-4.480000019,-2.528296864,VFR_alt,315.0682229,0.074328818,1.209153628,1.055272857,0.073364892,5.003516197,-4.480000019,0,0,0,0,0,0.02,0,0,0,0,0,0,0,0,0.02,0,0,0,0,0,0,0,0,0.08,0.3,0.36,0.02,0.18,0,0.02
CNL_W25,2025_01_27_11-39-04.jpg,1/27/2025,11:39:04,Centennial Park,4,CNL_W25_T4,21,SURFTRAK,13.60858095,2.130666667,28.99527886,10,0.138888889,47.6197195,-122.3631896,47.6198089,-122.3630676,0.452888489,-1.029064178,47.61979817,-122.3631232,0.723714251,-4.46999979,-2.547468333,VFR_alt,307.1828988,0.060972422,1.261017256,1.147735116,0.068388615,4.996697426,-4.46999979,0,0,0,0,0,0.06,0,0,0,0,0,0,0,0,0,0.04,0,0,0,0,0,0,0.04,0.14,0.3,0.3,0,0.12,0,0
CNL_W25,2025_01_27_11-39-10.jpg,1/27/2025,11:39:10,Centennial Park,4,CNL_W25_T4,21,SURFTRAK,13.59561022,2.449520767,33.30241981,14,0.194444444,47.6196409,-122.3633807,47.6198075,-122.3630784,0.291454315,-1.839143753,47.61979672,-122.363134,0.713769943,-4.5,-2.567207245,VFR_alt,303.1920021,0.072844315,1.243690052,1.116466858,0.113344609,5.023000717,-4.5,0,0,0,0,0,0.02,0,0,0,0,0,0,0,0,0,0.06,0,0,0,0,0,0,0.04,0.12,0.44,0.22,0,0.1,0,0
CNL_W25,2025_01_27_11-39-19.jpg,1/27/2025,11:39:19,Centennial Park,4,CNL_W25_T4,21,SURFTRAK,13.59210543,2.933833866,39.87702936,20,0.277777778,47.6197414,-122.3631858,47.6198046,-122.3630992,-0.028289795,-3.403562546,47.61979385,-122.3631548,0.727156518,-4.509999752,-2.59021577,VFR_alt,311.3037807,0.097748771,1.267015145,1.158718381,0.115512345,5.031245232,-4.509999752,0,0,0,0,0,0.04,0,0,0,0,0,0,0,0,0,0,0,0,0,0,0,0,0.02,0.08,0.5,0.22,0,0.14,0,0
CNL_W25,2025_01_27_11-39-28.jpg,1/27/2025,11:39:28,Centennial Park,4,CNL_W25_T4,21,SURFTRAK,13.60913924,2.157468354,29.36101063,26,0.361111111,47.6197027,-122.3634498,47.6198085,-122.3631202,0.405406952,-4.978696823,47.61979775,-122.3631757,0.711044281,-4.519999981,-2.583815348,VFR_alt,311.2599781,0.073946589,1.238940793,1.108050406,0.175041229,5.03818655,-4.519999981,0,0,0,0,0,0,0,0,0,0,0,0,0,0,0,0.02,0,0,0,0,0,0,0.02,0.04,0.56,0.22,0,0.14,0,0
CNL_W25,2025_01_27_11-39-34.jpg,1/27/2025,11:39:34,Centennial Park,4,CNL_W25_T4,21,SURFTRAK,13.6167873,1.858222222,25.30308597,30,0.416666667,47.6198355,-122.363232,47.6198112,-122.3631277,0.702682495,-5.537176132,47.61980042,-122.3631832,0.677523797,-4.529999733,-2.560136539,VFR_alt,311.1973001,0.049953543,1.180533888,1.005955619,0.087314592,5.052063465,-4.529999733,0,0,0,0,0,0.02,0,0,0,0,0,0,0,0,0.02,0.1,0,0,0,0,0,0,0.08,0.04,0.36,0.3,0,0.08,0,0
CNL_W25,2025_01_27_11-39-43.jpg,1/27/2025,11:39:43,Centennial Park,4,CNL_W25_T4,21,SURFTRAK,13.59628889,2.691873016,36.59934546,36,0.5,47.6199998,-122.3634977,47.6198142,-122.363147,1.043308258,-6.986503601,47.61980348,-122.3632024,0.675904719,-4.449999809,-2.478308531,VFR_alt,308.9878884,0.081883742,1.177712768,1.001757411,0.27616186,4.981400967,-4.449999809,0,0,0,0.02,0,0.04,0,0,0,0,0,0,0,0,0,0.02,0,0,0.02,0,0,0,0.02,0.04,0.34,0.36,0,0.14,0,0
CNL_W25,2025_01_27_11-39-49.jpg,1/27/2025,11:39:49,Centennial Park,4,CNL_W25_T4,21,SURFTRAK,13.5782943,4.258734177,57.82578807,42,0.583333333,47.6198887,-122.3633004,47.6198199,-122.3631567,1.670276642,-7.71922493,47.61980912,-122.3632122,0.880348096,-4.349999905,-2.582617876,VFR_alt,311.2301135,0.027408256,1.533939865,1.698284738,0.089094544,4.876243114,-4.349999905,0,0,0,0.04,0,0.02,0,0,0,0,0,0.04,0,0,0,0.02,0,0,0,0,0,0,0,0,0.36,0.3,0,0.22,0,0
CNL_W25,2025_01_27_11-39-58.jpg,1/27/2025,11:39:58,Centennial Park,4,CNL_W25_T4,21,SURFTRAK,13.57475316,3.763101266,51.07167873,55,0.75,47.6198577,-122.3631117,47.61982,-122.3631605,1.685600281,-7.997549057,47.61980926,-122.3632159,0.67405061,-4.679999828,-2.706103747,VFR_alt,318.8842627,0.046097364,1.174482124,0.995625724,0.031981798,5.196984291,-4.679999828,0,0.02,0,0,0,0,0,0,0,0,0,0,0,0,0,0,0,0,0,0,0,0,0,0.04,0.54,0.28,0,0.12,0,0
CNL_W25,2025_01_27_11-40-04.jpg,1/27/2025,11:40:04,Centennial Park,4,CNL_W25_T4,21,SURFTRAK,13.60282428,2.322236422,31.58767438,60,0.805555556,47.6197526,-122.3632696,47.6198235,-122.3631672,2.07516861,-8.501081467,47.61981276,-122.3632226,0.581565477,-4.730000019,-2.663451349,VFR_alt,322.5735199,0.097336483,1.013333786,0.741336631,0.120114438,5.252307892,-4.730000019,0,0,0,0,0,0.02,0,0,0,0,0,0,0,0,0,0.06,0,0,0,0,0,0,0.02,0.02,0.46,0.28,0,0.14,0,0
CNL_W25,2025_01_27_11-40-10.jpg,1/27/2025,11:40:10,Centennial Park,4,CNL_W25_T4,21,SURFTRAK,13.62117516,1.71455414,23.35297175,64,0.861111111,47.6199233,-122.3635456,47.6198278,-122.3631731,2.55090332,-8.944313049,47.61981704,-122.3632285,0.624554141,-4.599999905,-2.576252149,VFR_alt,327.7869125,0.038903609,1.088238275,0.854822043,0.074169907,5.13653183,-4.599999905,0,0.02,0,0,0,0,0,0,0,0,0,0,0,0,0,0.02,0,0,0,0,0,0,0.04,0.08,0.36,0.24,0,0.24,0,0
CNL_W25,2025_01_27_11-40-16.jpg,1/27/2025,11:40:16,Centennial Park,4,CNL_W25_T4,21,SURFTRAK,13.59540065,2.983517915,40.56196169,68,0.916666667,47.6200227,-122.3635447,47.6198351,-122.3631881,3.371189117,-10.06881332,47.61982442,-122.3632434,0.676188913,-4.519999981,-2.547683789,VFR_alt,320.2311865,0.090972075,1.178207955,1.001951168,0.221022103,5.04600668,-4.519999981,0,0.04,0,0,0,0,0,0,0,0,0,0,0,0,0,0.04,0,0,0,0,0,0,0.04,0.06,0.12,0.24,0,0.46,0,0
CNL_W25,2025_01_27_11-40-22.jpg,1/27/2025,11:40:22,Centennial Park,4,CNL_W25_T4,21,SURFTRAK,13.60298726,2.443248408,33.23523204,72,0.972222222,47.6197937,-122.3636581,47.6198397,-122.3632068,3.876804352,-11.47333908,47.61982897,-122.3632621,0.694203815,-4.509999752,-2.555484712,VFR_alt,319.247509,0.067504536,1.209597557,1.05612283,0.361917518,5.034579277,-4.509999752,0,0.02,0,0,0,0.04,0,0,0,0,0,0,0,0,0,0,0,0,0,0,0,0,0.08,0.02,0.14,0.18,0,0.52,0,0
CNL_W25,2025_01_27_11-40-28.jpg,1/27/2025,11:40:28,Centennial Park,4,CNL_W25_T4,21,SURFTRAK,13.59548562,2.819361022,38.33063917,76,1.027777778,47.619962,-122.3632926,47.6198498,-122.3632257,5.007442474,-12.89456367,47.61983914,-122.363281,0.718977606,-4.509999752,-2.580039131,VFR_alt,318.8771132,0.0881132,1.25276401,1.132840864,0.198029986,5.031733036,-4.509999752,0,0,0,0,0,0.06,0,0,0,0,0,0.04,0,0,0,0.04,0,0,0,0,0,0,0.08,0.04,0.22,0.16,0,0.36,0,0
CNL_W25,2025_01_27_11-40-34.jpg,1/27/2025,11:40:34,Centennial Park,4,CNL_W25_T4,21,SURFTRAK,13.59684615,2.526025641,34.34544603,81,1.111111111,47.6199284,-122.3631729,47.6198593,-122.3632285,6.063186646,-13.10733223,47.61984863,-122.3632839,0.725608938,-4.519999981,-2.596450622,VFR_alt,318.8216854,0.081310837,1.264318604,1.153755074,0.128594494,5.045020103,-4.519999981,0,0,0,0,0,0.06,0,0,0,0,0,0,0,0,0,0,0,0,0,0,0,0,0.04,0,0.32,0.22,0,0.36,0,0
CNL_W25,2025_01_27_11-40-37.jpg,1/27/2025,11:40:37,Centennial Park,4,CNL_W25_T4,21,SURFTRAK,13.59691586,2.678608414,36.42082534,83,1.138888889,47.6198611,-122.3632556,47.6198614,-122.3632304,6.295520782,-13.24405479,47.61985072,-122.3632857,0.717702237,-4.519999981,-2.58843516,VFR_alt,318.8371273,0.083232002,1.250541776,1.128902709,0.086345774,5.048957348,-4.519999981,0,0,0,0,0,0,0,0,0,0,0,0,0,0,0,0.06,0,0,0.02,0,0,0,0,0,0.54,0.18,0,0.2,0,0
CNL_W25,2025_01_27_11-40-43.jpg,1/27/2025,11:40:43,Centennial Park,4,CNL_W25_T4,21,SURFTRAK,13.60713057,2.131464968,29.00297226,88,1.194444444,47.6199962,-122.3635852,47.6198671,-122.3632425,6.934467316,-14.15660286,47.61985647,-122.3632978,0.71009552,-4.529999733,-2.590616299,VFR_alt,324.2538534,0.052320466,1.237287648,1.105036769,0.313054963,5.056491375,-4.529999733,0,0.02,0,0,0,0,0,0,0,0,0,0,0.02,0,0,0.04,0,0,0.02,0,0,0,0,0.04,0.46,0.18,0,0.22,0,0
CNL_W25,2025_01_27_11-40-49.jpg,1/27/2025,11:40:49,Centennial Park,4,CNL_W25_T4,21,SURFTRAK,13.60930032,2.309872204,31.43460141,92,1.25,47.6200367,-122.3633931,47.6198768,-122.3632578,8.012176514,-15.29915428,47.61986616,-122.363313,0.699968035,-4.529999733,-2.580288519,VFR_alt,323.6891521,0.078767035,1.219641274,1.073941615,0.204837832,5.059285164,-4.529999733,0,0,0,0,0,0,0,0,0,0,0,0,0,0,0,0.08,0,0,0,0,0,0,0,0.02,0.68,0.08,0,0.14,0,0
CNL_W25,2025_01_27_11-40-55.jpg,1/27/2025,11:40:55,Centennial Park,4,CNL_W25_T4,21,SURFTRAK,13.59427215,2.816518987,38.28816601,96,1.305555556,47.6199257,-122.3632293,47.6198833,-122.3632622,8.738327026,-15.63365364,47.61987269,-122.3633175,0.710189852,-4.509999752,-2.57032658,VFR_alt,315.6107335,0.101212919,1.237452014,1.10535367,0.099068543,5.03225708,-4.509999752,0,0,0,0,0,0,0,0,0,0,0,0,0,0,0,0.04,0,0,0,0,0,0,0.02,0.04,0.66,0.1,0,0.14,0,0
CNL_W25,2025_01_27_11-41-01.jpg,1/27/2025,11:41:01,Centennial Park,4,CNL_W25_T4,21,SURFTRAK,13.59878997,2.364357367,32.1523294,101,1.361111111,47.6199173,-122.363733,47.6198894,-122.3632875,9.408828735,-17.52982521,47.61987872,-122.3633427,0.741065813,-4.5,-2.591040444,VFR_alt,315.5604024,0.073013382,1.291251039,1.203870217,0.267542742,5.022161484,-4.5,0,0,0,0,0,0.02,0,0,0,0,0,0,0,0,0,0.04,0,0,0,0,0,0,0,0.1,0.66,0.1,0,0.08,0,0
CNL_W25,2025_01_27_11-41-07.jpg,1/27/2025,11:41:07,Centennial Park,4,CNL_W25_T4,21,SURFTRAK,13.61509446,2.025081433,27.57155388,105,1.416666667,47.6200208,-122.3635121,47.6198935,-122.3633034,9.860404968,-18.72563744,47.61988279,-122.3633586,0.746254055,-4.509999752,-2.60608842,VFR_alt,315.617975,0.063191975,1.300291156,1.220635238,0.237858195,5.030263424,-4.509999752,0,0.02,0,0,0,0.02,0,0,0.02,0,0,0,0,0,0,0.02,0,0,0,0,0,0,0,0.02,0.74,0.06,0,0.1,0,0
CNL_W25,2025_01_27_11-41-13.jpg,1/27/2025,11:41:13,Centennial Park,4,CNL_W25_T4,21,SURFTRAK,13.59939617,2.508434505,34.1132492,110,1.5,47.619953,-122.3632271,47.6199005,-122.3633098,10.64863586,-19.20171928,47.61988988,-122.3633649,0.729999959,-4.539999962,-2.61970792,VFR_alt,315.993079,0.102807682,1.271969626,1.167706597,0.120010313,5.064969063,-4.539999962,0,0,0,0,0,0.02,0,0,0,0,0,0,0,0,0,0.04,0,0,0,0,0,0,0.02,0,0.66,0.1,0,0.16,0,0
CNL_W25,2025_01_27_11-41-22.jpg,1/27/2025,11:41:22,Centennial Park,4,CNL_W25_T4,21,SURFTRAK,13.59021698,2.947075472,40.05072896,117,1.583333333,47.6199492,-122.36307,47.6199095,-122.3633115,11.6480751,-19.33337593,47.61989886,-122.3633667,0.693962258,-4.559999943,-2.603482647,VFR_alt,317.2317706,0.124492217,1.209176662,1.055313121,0.128720432,5.082974911,-4.559999943,0,0,0,0,0,0,0,0,0,0,0,0,0,0,0.04,0.08,0,0,0,0,0,0,0,0.04,0.28,0.26,0,0.3,0,0
CNL_W25,2025_01_27_11-41-31.jpg,1/27/2025,11:41:31,Centennial Park,4,CNL_W25_T4,21,SURFTRAK,13.59962658,2.479493671,33.72018038,123,1.666666667,47.6199527,-122.3630715,47.6199166,-122.3633072,12.44379044,-19.00004768,47.61990602,-122.3633623,0.683069622,-4.529999733,-2.562373881,VFR_alt,317.1584129,0.082722373,1.190197068,1.02248293,0.108731933,5.059606075,-4.529999733,0,0,0,0,0,0.04,0,0,0,0,0,0.06,0,0,0,0.04,0,0,0,0,0,0,0.06,0.06,0.2,0.22,0,0.32,0,0
CNL_W25,2025_01_27_11-41-40.jpg,1/27/2025,11:41:40,Centennial Park,4,CNL_W25_T4,21,SURFTRAK,13.58951911,2.996719745,40.72402347,129,1.75,47.6199527,-122.3630715,47.6199224,-122.3633131,13.08650589,-19.45316887,47.6199118,-122.3633683,0.695191073,-4.519999981,-2.564216176,VFR_alt,310.8748156,0.119413015,1.211317779,1.05912983,0.114855392,5.041014671,-4.519999981,0,0.02,0,0,0,0.02,0,0,0,0,0,0,0,0,0,0.02,0,0,0,0,0,0,0,0.06,0.26,0.36,0,0.26,0,0
CNL_W25,2025_01_27_11-41-52.jpg,1/27/2025,11:41:52,Centennial Park,4,CNL_W25_T4,21,SURFTRAK,13.60151111,2.437333333,33.15139556,138,1.861111111,47.6199527,-122.3630715,47.6199297,-122.3633227,13.90336227,-20.17379189,47.61991915,-122.3633779,0.712317437,-4.509999752,-2.570810328,VFR_alt,316.0697992,0.086893415,1.24115917,1.111878969,0.088825555,5.032129288,-4.509999752,0,0,0,0,0,0.04,0,0,0,0,0,0,0,0,0,0.04,0,0,0,0,0,0,0.14,0.2,0.18,0.12,0,0.28,0,0
CNL_W25,2025_01_27_11-42-04.jpg,1/27/2025,11:42:04,Centennial Park,4,CNL_W25_T4,21,SURFTRAK,13.59387619,2.754761905,37.44784429,146,1.972222222,47.6199527,-122.3630715,47.6199379,-122.3633309,14.80767059,-20.7896595,47.61992728,-122.3633861,0.683841273,-4.480000019,-2.51154507,VFR_alt,318.5617232,0.094394029,1.191541613,1.024756425,0.089490239,5.003301144,-4.480000019,0,0,0,0,0,0,0,0,0,0,0,0,0,0,0,0,0,0,0.02,0,0,0,0.02,0.1,0.3,0.24,0.02,0.3,0,0
CNL_W25,2025_01_27_11-42-13.jpg,1/27/2025,11:42:13,Centennial Park,4,CNL_W25_T4,21,SURFTRAK,13.60205769,2.348653846,31.94610808,153,2.083333333,47.6199527,-122.3630715,47.6199448,-122.3633369,15.57475281,-21.23683357,47.61993418,-122.363392,0.710865362,-4.449999809,-2.507794368,VFR_alt,321.4981733,0.086081537,1.23862904,1.107482232,0.087924958,4.971045017,-4.449999809,0,0,0,0,0,0.02,0,0,0,0,0,0,0.02,0,0.02,0.06,0,0,0,0,0,0,0.02,0.06,0.58,0.08,0.04,0.1,0,0
CNL_W25,2025_01_27_11-42-25.jpg,1/27/2025,11:42:25,Centennial Park,4,CNL_W25_T4,21,SURFTRAK,13.59611821,2.740830671,37.26457035,161,2.194444444,47.6199527,-122.3630715,47.6199518,-122.3633455,16.35956955,-21.88321114,47.61994124,-122.3634006,0.715910516,-4.409999847,-2.471635721,VFR_alt,319.6530636,0.094024916,1.247419839,1.123119651,0.092185013,4.932872295,-4.409999847,0,0.02,0,0.04,0,0.02,0,0,0,0,0,0,0.02,0,0,0.04,0,0,0,0,0,0,0.02,0,0.36,0.24,0,0.24,0,0
CNL_W25,2025_01_27_11-42-37.jpg,1/27/2025,11:42:37,Centennial Park,4,CNL_W25_T4,21,SURFTRAK,13.5950228,2.896872964,39.38291492,170,2.305555556,47.6199527,-122.3630715,47.6199602,-122.3633543,17.29833603,-22.54105186,47.61994968,-122.3634094,0.682345282,-4.429999828,-2.456764237,VFR_alt,329.8208305,0.095972257,1.188934961,1.020265479,0.093953506,4.953708172,-4.429999828,0,0.04,0,0.02,0,0.02,0,0,0,0,0,0,0,0,0,0,0,0,0.02,0,0,0,0.04,0.06,0.26,0.22,0,0.32,0,0
CNL_W25,2025_01_27_11-42-46.jpg,1/27/2025,11:42:46,Centennial Park,4,CNL_W25_T4,21,SURFTRAK,13.5897619,3.371873016,45.82120629,177,2.416666667,47.6199527,-122.3630715,47.6199655,-122.3633593,17.88623428,-22.91951942,47.61995497,-122.3634144,0.710539661,-4.369999886,-2.423972912,VFR_alt,330.5070211,0.084036818,1.23806153,1.106290293,0.073634438,4.890415192,-4.369999886,0,0,0,0,0,0,0,0,0,0,0,0,0,0,0.02,0.04,0,0,0.02,0,0,0,0.06,0.08,0.2,0.36,0,0.22,0,0
CNL_W25,2025_01_27_11-42-58.jpg,1/27/2025,11:42:58,Centennial Park,4,CNL_W25_T4,21,SURFTRAK,13.59459177,2.995189873,40.71823858,187,2.527777778,47.6199527,-122.3630715,47.6199739,-122.3633683,18.81532669,-23.59476662,47.61996333,-122.3634234,0.719082248,-4.360000134,-2.421274754,VFR_alt,329.0911546,0.113964408,1.252946342,1.133058146,0.115813495,4.88991785,-4.360000134,0,0,0,0.1,0,0,0,0,0,0,0,0.06,0,0,0,0,0,0,0,0,0,0,0.02,0.06,0.22,0.16,0,0.38,0,0
CNL_W25,2025_01_27_11-43-10.jpg,1/27/2025,11:43:10,Centennial Park,4,CNL_W25_T4,21,SURFTRAK,13.60032911,2.564588608,34.87924547,196,2.666666667,47.6199527,-122.3630715,47.619982,-122.3633769,19.71992874,-24.2414608,47.61997146,-122.363432,0.696392397,-4.329999924,-2.367507466,VFR_alt,329.1615301,0.078578433,1.213410994,1.062917343,0.076070353,4.85341692,-4.329999924,0,0.02,0,0,0,0,0,0,0,0,0,0,0,0,0,0.04,0,0,0,0,0,0,0.02,0.06,0.22,0.1,0,0.54,0,0
CNL_W25,2025_01_27_11-43-22.jpg,1/27/2025,11:43:22,Centennial Park,4,CNL_W25_T4,21,SURFTRAK,13.59614744,2.895833333,39.37216859,205,2.777777778,47.6199527,-122.3630715,47.6199906,-122.363383,20.68037033,-24.6955204,47.6199801,-122.363438,0.696538453,-4.299999714,-2.336740629,VFR_alt,329.2239188,0.091299335,1.213665486,1.063166745,0.094315623,4.824287891,-4.299999714,0,0,0,0.04,0,0,0.04,0,0,0,0,0.02,0,0,0,0,0,0,0,0,0,0,0,0.04,0.12,0.16,0,0.58,0,0
CNL_W25,2025_01_27_11-44-37.jpg,1/27/2025,11:44:37,Centennial Park,4,CNL_W25_T4,21,SURFTRAK,13.63328,1.6032,21.8468608,262,3.555555556,47.6199527,-122.3630715,47.6199914,-122.3633788,20.77127457,-24.38318825,47.61998095,-122.363434,0.755066662,-4.110000134,-2.2014705,VFR_alt,84.01090819,0.134483061,1.315646456,1.24935488,0.131578725,4.629873753,-4.110000134,0,0,0,0.02,0,0.02,0.02,0,0,0,0,0,0,0,0.02,0,0,0,0,0,0,0,0.02,0.14,0.3,0.16,0,0.3,0,0
CNL_W25,2025_01_27_11-44-46.jpg,1/27/2025,11:44:46,Centennial Park,4,CNL_W25_T4,21,SURFTRAK,13.64405369,1.484563758,20.25382678,267,3.611111111,47.6199527,-122.3630715,47.6199843,-122.3633688,19.97838974,-23.63155937,47.61997382,-122.363424,0.701677839,-4.170000076,-2.207848261,VFR_alt,114.5630823,0.07862756,1.222620477,1.078886848,0.081945975,4.692998409,-4.170000076,0,0,0,0,0,0.02,0,0,0,0,0,0,0,0,0.06,0,0,0,0,0,0,0,0.06,0.08,0.24,0.2,0.02,0.32,0,0
CNL_W25,2025_01_27_11-44-58.jpg,1/27/2025,11:44:58,Centennial Park,4,CNL_W25_T4,21,SURFTRAK,13.62863448,1.782896552,24.29421428,272,3.694444444,47.6199527,-122.3630715,47.6199774,-122.3633618,19.20557022,-23.10654259,47.61996687,-122.3634171,0.690965514,-4.199999809,-2.226973417,VFR_alt,81.79807159,0.087405276,1.203955062,1.046360905,0.082634604,4.724125385,-4.199999809,0,0,0,0,0,0.04,0,0,0,0,0,0.02,0.02,0,0,0.04,0,0,0,0,0,0,0.06,0.08,0.12,0.14,0,0.46,0,0.02
CNL_W25,2025_01_27_11-45-13.jpg,1/27/2025,11:45:13,Centennial Park,4,CNL_W25_T4,21,SURFTRAK,13.62046309,1.542550336,21.01001745,279,3.805555556,47.6199527,-122.3630715,47.6199713,-122.363349,18.52614975,-22.14494133,47.61996076,-122.3634043,0.764765087,-4.089999676,-2.190830188,VFR_alt,132.6388091,0.058629248,1.332545227,1.281630076,0.05028206,4.612227917,-4.089999676,0,0.04,0,0,0,0.04,0,0,0,0,0,0,0,0,0,0.02,0,0,0,0,0,0,0.06,0.06,0.3,0.1,0,0.38,0,0
CNL_W25,2025_01_27_11-45-31.jpg,1/27/2025,11:45:31,Centennial Park,4,CNL_W25_T4,21,SURFTRAK,13.63577852,1.425100671,19.42988094,287,3.888888889,47.6199527,-122.3630715,47.6199628,-122.3633441,17.58086014,-21.77903938,47.61995226,-122.3633994,0.739530203,-4.150000095,-2.225813559,VFR_alt,146.9241011,0.044710964,1.288575354,1.198442785,0.037183827,4.67680645,-4.150000095,0,0.04,0,0,0,0,0,0,0,0,0,0,0,0,0,0,0,0,0,0,0,0,0.04,0.08,0.44,0.14,0,0.26,0,0
CNL_W25,2025_01_27_11-45-46.jpg,1/27/2025,11:45:46,Centennial Park,4,CNL_W25_T4,21,SURFTRAK,13.61238926,1.892214765,25.75620785,293,4,47.6199527,-122.3630715,47.6199573,-122.3633355,16.96779633,-21.12973595,47.61994674,-122.3633908,0.755100666,-4.150000095,-2.241415305,VFR_alt,124.0428165,0.086818651,1.315705706,1.249444019,0.069476458,4.67324543,-4.150000095,0,0,0,0,0,0,0,0,0,0,0.02,0,0,0,0,0.02,0,0,0.02,0,0,0,0,0.08,0.64,0.02,0,0.2,0,0
CNL_W25,2025_01_27_11-45-58.jpg,1/27/2025,11:45:58,Centennial Park,4,CNL_W25_T4,21,SURFTRAK,13.61534694,1.800612245,24.5159249,299,4.055555556,47.6199527,-122.3630715,47.6199528,-122.3633263,16.46847916,-20.44549751,47.61994225,-122.3633817,0.711360521,-4.150000095,-2.197433359,VFR_alt,129.1765953,0.075824755,1.239491818,1.108862428,0.075039654,4.67989397,-4.150000095,0,0,0,0,0,0,0,0,0,0,0,0,0,0,0.02,0.08,0,0,0,0,0,0,0,0,0.56,0.16,0,0.18,0,0
CNL_W25,2025_01_27_11-46-13.jpg,1/27/2025,11:46:13,Centennial Park,4,CNL_W25_T4,21,SURFTRAK,13.6282027,1.674189189,22.81605338,307,4.166666667,47.6199527,-122.3630715,47.6199451,-122.3633147,15.61831284,-19.56804848,47.61993461,-122.36337,0.764999986,-4.159999847,-2.260297935,VFR_alt,145.8056543,0.071359596,1.332954521,1.282473855,0.073741566,4.679216862,-4.159999847,0,0,0,0,0,0,0,0,0,0,0,0,0,0,0,0.02,0,0,0,0,0,0,0,0,0.8,0.08,0,0.1,0,0
CNL_W25,2025_01_27_11-46-28.jpg,1/27/2025,11:46:28,Centennial Park,4,CNL_W25_T4,21,SURFTRAK,13.62288,1.688,22.9953528,314,4.25,47.6199527,-122.3630715,47.6199384,-122.3633077,14.86923599,-19.03887749,47.61992787,-122.3633629,0.775199976,-4.190000057,-2.29937728,VFR_alt,125.8244615,0.075542723,1.350727231,1.31694697,0.072154756,4.714445114,-4.190000057,0,0,0,0,0,0.06,0,0,0,0,0,0,0,0,0,0,0,0,0,0,0,0,0,0.1,0.56,0.04,0,0.24,0,0
CNL_W25,2025_01_27_11-46-40.jpg,1/27/2025,11:46:40,Centennial Park,4,CNL_W25_T4,21,SURFTRAK,13.6188,1.899466667,25.86731867,319,4.333333333,47.6199527,-122.3630715,47.6199331,-122.3632993,14.27737045,-18.40611076,47.61992255,-122.3633545,0.761999989,-4.210000038,-2.305231346,VFR_alt,119.3596604,0.075065808,1.327727253,1.272485486,0.064510897,4.732842445,-4.210000038,0,0,0,0,0,0.02,0,0,0,0,0,0,0,0,0,0.06,0,0,0.04,0,0,0,0,0.04,0.56,0.18,0,0.1,0,0
CNL_W25,2025_01_27_11-46-52.jpg,1/27/2025,11:46:52,Centennial Park,4,CNL_W25_T4,21,SURFTRAK,13.61065333,2.017866667,27.46434853,326,4.416666667,47.6199527,-122.3630715,47.6199279,-122.3632885,13.69501114,-17.59508705,47.61991731,-122.3633437,0.741066675,-4.199999809,-2.273473335,VFR_alt,129.2084686,0.088012211,1.29125254,1.203400438,0.089922975,4.717307091,-4.199999809,0,0,0,0,0,0.04,0,0,0,0,0,0,0,0,0,0.04,0,0,0,0,0,0,0.02,0.08,0.14,0.14,0,0.54,0,0
CNL_W25,2025_01_27_11-47-04.jpg,1/27/2025,11:47:04,Centennial Park,4,CNL_W25_T4,21,SURFTRAK,13.62140397,1.676490066,22.83614477,332,4.527777778,47.6198595,-122.3631876,47.6199129,-122.3632667,12.01216125,-15.95887184,47.61990217,-122.363322,0.744039723,-4.239999771,-2.315894257,VFR_alt,139.5548941,0.070695998,1.296432851,1.213237845,1.28668353,4.7599473,-4.239999771,0,0,0,0,0,0,0,0,0,0,0,0.02,0,0,0.02,0.02,0,0,0,0,0,0,0.08,0.1,0.32,0.14,0,0.3,0,0
CNL_W25,2025_01_27_11-47-16.jpg,1/27/2025,11:47:16,Centennial Park,4,CNL_W25_T4,21,SURFTRAK,13.61689262,1.956912752,26.64703557,338,4.611111111,47.6198811,-122.3631756,47.6198947,-122.3631612,9.990077972,-8.044967651,47.61988403,-122.3632167,0.750536912,-4.239999771,-2.322166813,VFR_alt,115.6291076,0.065326962,1.307753711,1.234478959,0.231841972,4.760505676,-4.239999771,0,0,0,0,0,0.02,0,0,0,0,0,0,0,0,0,0.02,0,0,0,0,0,0,0.02,0.04,0.32,0.34,0,0.24,0,0
CNL_W25,2025_01_27_11-47-31.jpg,1/27/2025,11:47:31,Centennial Park,4,CNL_W25_T4,21,SURFTRAK,13.61241722,2.020066225,27.49793795,346,4.694444444,47.6200535,-122.3633985,47.6199324,-122.3633654,14.20451355,-23.37603188,47.61992194,-122.3634206,0.742450325,-4.230000019,-2.304116244,VFR_alt,109.801066,0.071316146,1.293663446,1.20801374,0.755678997,4.75067997,-4.230000019,0,0,0,0,0,0,0,0,0,0,0,0,0,0,0,0,0,0,0,0,0,0,0.02,0,0.78,0.16,0.02,0.02,0,0
CNL_W25,2025_01_27_11-47-43.jpg,1/27/2025,11:47:43,Centennial Park,4,CNL_W25_T4,21,SURFTRAK,13.61663758,1.761409396,23.98443188,352,4.805555556,47.6198324,-122.3635922,47.6199458,-122.3633556,15.68211365,-22.64112663,47.61993523,-122.3634108,0.74000001,-4.170000076,-2.241818331,VFR_alt,119.3366923,0.070157753,1.289393956,1.199917845,0.925356836,4.695094109,-4.170000076,0,0,0,0,0,0,0,0,0,0,0,0,0,0,0.02,0,0,0,0,0,0,0,0.04,0.02,0.6,0.24,0,0.08,0,0
CNL_W25,2025_01_27_11-47-58.jpg,1/27/2025,11:47:58,Centennial Park,4,CNL_W25_T4,21,SURFTRAK,13.613,1.939395973,26.40099738,360,4.888888889,47.6199568,-122.3631036,47.6199578,-122.3633677,17.01815796,-23.53740501,47.61994724,-122.3634228,0.755302008,-4.179999828,-2.267290829,VFR_alt,117.653316,0.081510227,1.31605653,1.250142565,0.378753262,4.706078053,-4.179999828,0,0,0,0,0,0,0,0,0,0,0,0,0,0,0,0.02,0,0,0,0,0,0,0,0.04,0.56,0.24,0,0.14,0,0
CNL_W25,2025_01_27_11-48-10.jpg,1/27/2025,11:48:10,Centennial Park,4,CNL_W25_T4,21,SURFTRAK,13.61585235,1.774630872,24.16275624,366,4.972222222,47.6198125,-122.3631598,47.6199347,-122.3633182,14.44076157,-19.8295002,47.61992406,-122.3633734,0.746912755,-4.179999828,-2.258901669,VFR_alt,117.7460962,0.070989204,1.301438891,1.222487498,0.488625668,4.703917027,-4.179999828,0,0.02,0,0,0,0,0,0,0,0,0,0.02,0,0,0,0,0,0,0,0,0,0,0.14,0.08,0.4,0.1,0,0.24,0,0
CNL_W25,2025_01_27_11-48-22.jpg,1/27/2025,11:48:22,Centennial Park,4,CNL_W25_T4,21,SURFTRAK,13.60956376,1.919597315,26.1247349,372,5.055555556,47.6197946,-122.3631804,47.6198939,-122.3632781,9.903072357,-16.81547737,47.61988325,-122.3633333,0.756644289,-4.170000076,-2.258465055,VFR_alt,115.3680403,0.078279803,1.318395352,1.254551493,0.416447959,4.688260555,-4.170000076,0,0,0,0,0,0,0,0,0,0,0,0.02,0,0,0,0.08,0,0,0,0,0,0,0,0,0.28,0.24,0,0.38,0,0
CNL_W25,2025_01_27_11-48-34.jpg,1/27/2025,11:48:34,Centennial Park,4,CNL_W25_T4,21,SURFTRAK,13.61458389,1.926040268,26.22233282,378,5.138888889,47.6197313,-122.3632427,47.6198608,-122.3632591,6.212875366,-15.3929882,47.61985006,-122.3633144,0.756711403,-4.159999847,-2.248179547,VFR_alt,111.8788217,0.081033441,1.318512293,1.254773557,0.218175469,4.67869997,-4.159999847,0,0.04,0,0,0,0,0,0,0,0,0,0,0,0,0,0,0,0,0,0,0,0,0.12,0.04,0.3,0.16,0,0.34,0,0
CNL_W25,2025_01_27_11-48-43.jpg,1/27/2025,11:48:43,Centennial Park,4,CNL_W25_T4,21,SURFTRAK,13.60978667,1.990266667,27.0871812,383,5.222222222,47.6197516,-122.3631833,47.6198368,-122.3632436,3.548118591,-14.22918129,47.61982609,-122.3632989,0.754999995,-4.110000134,-2.196074094,VFR_alt,118.660542,0.092268691,1.315530295,1.249143061,0.342761962,4.635805607,-4.110000134,0,0,0,0,0,0,0,0,0,0,0,0,0,0,0,0,0,0,0,0,0,0,0.04,0.08,0.3,0.26,0,0.32,0,0
CNL_W25,2025_01_27_11-48-52.jpg,1/27/2025,11:48:52,Centennial Park,4,CNL_W25_T4,21,SURFTRAK,13.60582,2.0604,28.0333496,389,5.277777778,47.6197756,-122.3631043,47.6198193,-122.363221,1.597198486,-12.53494453,47.61980854,-122.3632764,0.736866657,-4.119999886,-2.18742748,VFR_alt,120.6808855,0.112169177,1.283934326,1.189851271,0.252900599,4.641560078,-4.119999886,0,0,0,0,0,0.02,0,0,0,0,0,0,0,0,0.02,0.04,0,0,0,0,0,0,0,0.02,0.64,0.12,0,0.14,0,0
CNL_W25,2025_01_27_11-49-04.jpg,1/27/2025,11:49:04,Centennial Park,4,CNL_W25_T4,21,SURFTRAK,13.60504054,2.121756757,28.86639892,395,5.388888889,47.6197478,-122.3631377,47.6198036,-122.3631966,-0.151729584,-10.70528221,47.61979281,-122.3632521,0.733648626,-4.150000095,-2.213330857,VFR_alt,120.9754402,0.132635521,1.278327152,1.17945935,0.207506025,4.674260139,-4.150000095,0,0,0,0,0,0.06,0,0,0,0,0,0,0,0,0,0,0,0,0,0,0,0,0,0.08,0.5,0.26,0,0.1,0,0
CNL_W25,2025_01_27_11-49-10.jpg,1/27/2025,11:49:10,Centennial Park,4,CNL_W25_T4,21,SURFTRAK,13.62306207,1.796275862,24.470824,399,5.416666667,47.6197687,-122.3630812,47.6197977,-122.3631874,-0.801631927,-10.01571655,47.61978697,-122.3632429,0.789586169,-4.110000134,-2.228756735,VFR_alt,120.8381409,0.089614273,1.375794083,1.366307637,0.177652559,4.625827312,-4.110000134,0,0,0,0,0,0.02,0,0,0,0,0,0.04,0,0,0,0,0,0,0,0,0,0,0.04,0.06,0.44,0.38,0,0.02,0,0
CNL_W25,2025_01_27_11-49-25.jpg,1/27/2025,11:49:25,Centennial Park,4,CNL_W25_T4,21,SURFTRAK,13.615,1.81961039,24.77399545,406,5.527777778,47.6197457,-122.363079,47.619784,-122.3631613,-2.332645416,-8.052663803,47.6197732,-122.3632168,0.74636364,-4.130000114,-2.204199302,VFR_alt,119.9299423,0.079942168,1.3004821,1.220694675,0.130103663,4.652844906,-4.130000114,0,0,0,0,0,0.02,0,0,0,0,0,0,0.02,0.02,0.02,0.02,0,0,0.02,0,0,0,0.02,0.06,0.3,0.28,0,0.22,0,0
CNL_W25,2025_01_27_11-49-40.jpg,1/27/2025,11:49:40,Centennial Park,4,CNL_W25_T4,21,SURFTRAK,13.60368613,2.111386861,28.72107518,414,5.638888889,47.6197625,-122.3630288,47.6197754,-122.3631333,-3.266471863,-5.996963501,47.6197648,-122.3631894,0.752116786,-4.079999924,-2.158800449,VFR_alt,118.6052298,0.080748223,1.310506522,1.239571082,0.099298475,4.602856636,-4.079999924,0,0,0,0,0,0.04,0,0,0,0,0,0.04,0,0,0,0,0,0,0,0,0,0,0.02,0.08,0.2,0.14,0,0.48,0,0
CNL_W25,2025_01_27_11-49-52.jpg,1/27/2025,11:49:52,Centennial Park,4,CNL_W25_T4,21,SURFTRAK,13.61327152,1.917152318,26.09860179,420,5.722222222,47.6197425,-122.363054,47.6197692,-122.3631115,-3.978172302,-4.314939499,47.6197584,-122.3631671,0.760728467,-4.049999714,-2.136842823,VFR_alt,123.6046395,0.082361069,1.325511722,1.268256599,0.121094929,4.574480057,-4.049999714,0,0.06,0,0,0,0,0,0,0,0,0,0,0.02,0,0,0,0,0,0,0,0,0,0.04,0.1,0.2,0.32,0,0.26,0,0
CNL_W25,2025_01_27_11-50-04.jpg,1/27/2025,11:50:04,Centennial Park,4,CNL_W25_T4,21,SURFTRAK,13.60141722,2.364900662,32.16599338,427,5.805555556,47.6197384,-122.3630518,47.6197604,-122.3630961,-4.963447571,-3.163007736,47.61974954,-122.3631517,0.774569513,-4.009999752,-2.110606727,VFR_alt,143.953525,0.107254887,1.349628697,1.314700483,0.15386696,4.537512779,-4.009999752,0,0.02,0,0.02,0,0.14,0,0,0,0,0,0.02,0,0,0,0.04,0,0,0,0,0,0,0.04,0.06,0.42,0.12,0,0.12,0,0
CNL_W25,2025_01_27_11-50-16.jpg,1/27/2025,11:50:16,Centennial Park,4,CNL_W25_T4,21,SURFTRAK,13.61118543,2.045629139,27.84341768,434,5.916666667,47.6197546,-122.3630063,47.6197513,-122.3630799,-5.966781616,-1.946264267,47.61974051,-122.3631355,0.756423835,-4.049999714,-2.132841686,VFR_alt,144.2467448,0.085628671,1.318011228,1.253900426,0.13412535,4.578334808,-4.049999714,0,0.04,0,0,0,0.04,0,0,0,0,0,0,0,0.02,0.06,0,0,0,0.04,0,0,0,0.04,0.08,0.24,0.32,0,0.12,0,0
CNL_W25,2025_01_27_11-50-25.jpg,1/27/2025,11:50:25,Centennial Park,4,CNL_W25_T4,21,SURFTRAK,13.61391892,2.104324324,28.64815189,440,5.972222222,47.6197475,-122.3630106,47.6197463,-122.3630657,-6.526103973,-0.878364563,47.61973548,-122.3631213,0.724324322,-4.079999924,-2.13112397,VFR_alt,133.1297731,0.086553953,1.262080258,1.150603277,0.132772451,4.605345726,-4.079999924,0,0,0,0,0,0.02,0,0,0,0,0,0,0,0,0,0.02,0,0,0,0,0,0,0,0.04,0.52,0.3,0,0.1,0,0
EBM_S24,2024_10_09_11-36-24.jpg,10/9/2024,11:36:24,Elliott Bay Marina,4,EBM_S24_T4,2,ALT_HOLD,13.13254626,34.67354626,455.3315318,0,0,47.6273128,-122.392193,47.6273125,-122.3922042,0,0,47.6273128,-122.392193,0.535572671,-5.589999676,-3.086454548,VFR_alt,99.45356387,0.012720076,0.933194805,0.631620218,0,5.718839169,-5.589999676,0,0,0,0.04,0,0,0,0,0,0,0,0,0,0.12,0.04,0,0,0.02,0.02,0,0,0,0.76,0,0,0,0,0,0,0
EBM_S24,2024_10_09_11-36-33.jpg,10/9/2024,11:36:33,Elliott Bay Marina,4,EBM_S24_T4,2,ALT_HOLD,13.67466234,1.051948052,14.38478182,37,0.472222222,47.6273098,-122.3921922,47.6273103,-122.3921933,-0.240337372,0.801212311,47.62731055,-122.3921825,1.218809525,-5.409999847,-3.590733922,VFR_alt,97.46955517,0.05891792,2.123683263,3.256510474,0.046721231,5.54990387,-5.409999847,0,0,0,0.04,0.02,0,0,0,0,0.18,0,0.02,0.02,0.18,0.02,0,0,0.02,0.08,0,0,0,0.34,0.08,0,0,0,0,0,0
EBM_S24,2024_10_09_11-36-42.jpg,10/9/2024,11:36:42,Elliott Bay Marina,4,EBM_S24_T4,2,ALT_HOLD,13.60515686,2.641045752,35.93162248,46,0.611111111,47.62729,-122.3921953,47.6273094,-122.3921751,-0.330814362,2.163696289,47.62730973,-122.3921644,0.958736335,-5.389999866,-3.311574118,VFR_alt,87.73954719,0.125817557,1.670525432,2.040213916,0.122067632,5.512392044,-5.389999866,0,0,0,0.04,0,0.02,0,0,0,0,0.02,0,0,0.02,0.14,0.02,0,0.08,0.02,0,0,0,0.64,0,0,0,0,0,0,0
EBM_S24,2024_10_09_11-36-51.jpg,10/9/2024,11:36:51,Elliott Bay Marina,4,EBM_S24_T4,2,ALT_HOLD,13.60598698,2.52637744,34.37402993,52,0.694444444,47.6272783,-122.3921904,47.6273064,-122.3921676,-0.668365479,2.740428925,47.6273067,-122.3921567,0.873405616,-5.119999886,-2.956958377,VFR_alt,88.01993406,0.076576308,1.521843119,1.679175478,0.089398903,5.258419514,-5.119999886,0,0,0,0.04,0,0.08,0,0,0,0.04,0.02,0.04,0,0.06,0.12,0,0,0,0.1,0,0,0,0.48,0,0,0,0,0,0,0.02
EBM_S24,2024_10_09_11-37-00.jpg,10/9/2024,11:37:00,Elliott Bay Marina,4,EBM_S24_T4,2,ALT_HOLD,13.57240435,4.826521739,65.49998113,59,0.777777778,47.6272702,-122.3921646,47.6273036,-122.3921579,-0.975795746,3.468975067,47.62730393,-122.392147,0.583478249,-5.150000095,-2.697478344,VFR_alt,74.40674762,0.089400133,1.016666645,0.751261436,0.103814023,5.281404018,-5.150000095,0,0.04,0,0.32,0,0,0,0,0,0,0,0,0,0,0.24,0,0,0.08,0.02,0,0,0,0.22,0,0,0,0,0,0,0.08
EBM_S24,2024_10_09_11-37-09.jpg,10/9/2024,11:37:09,Elliott Bay Marina,4,EBM_S24_T4,2,ALT_HOLD,13.60709868,2.503662281,34.06207774,66,0.888888889,47.6272833,-122.3921383,47.6273016,-122.392147,-1.207099915,4.273807526,47.62730185,-122.3921363,0.817192949,-4.859999657,-2.641326061,VFR_alt,79.77094665,0.101441612,1.423896806,1.483056395,0.110314428,4.981097221,-4.859999657,0,0,0.02,0.28,0,0,0,0,0,0.12,0,0.02,0,0.02,0.08,0,0,0,0.14,0,0,0,0.3,0,0,0,0,0,0,0.02
EBM_S24,2024_10_09_11-37-18.jpg,10/9/2024,11:37:18,Elliott Bay Marina,4,EBM_S24_T4,2,ALT_HOLD,13.61275652,2.131304348,29.01299739,72,0.944444444,47.6272724,-122.3921205,47.6272989,-122.3921384,-1.497684479,4.930347443,47.62729924,-122.3921276,0.717891297,-4.909999847,-2.591892903,VFR_alt,79.80210396,0.03471257,1.2508712,1.133503026,0.053059071,5.033974648,-4.909999847,0,0,0,0.24,0,0.04,0,0,0,0.14,0,0.02,0,0.1,0.04,0,0,0,0.08,0,0,0,0.34,0,0,0,0,0,0,0
EBM_S24,2024_10_09_11-37-27.jpg,10/9/2024,11:37:27,Elliott Bay Marina,4,EBM_S24_T4,2,ALT_HOLD,13.60607112,2.649913793,36.05435726,79,1.055555556,47.6272611,-122.3921198,47.6272959,-122.392129,-1.824005127,5.633625031,47.6272963,-122.3921182,0.267672401,-4.769999981,-2.0013494,VFR_alt,82.90087149,0.05648344,0.46639888,0.157828083,0.075662752,4.897845268,-4.769999981,0,0.06,0,0.12,0,0.26,0,0,0,0,0,0,0,0.04,0.16,0,0,0,0.06,0,0,0,0.16,0,0,0,0,0,0,0.14
EBM_S24,2024_10_09_11-37-36.jpg,10/9/2024,11:37:36,Elliott Bay Marina,4,EBM_S24_T4,2,ALT_HOLD,13.59727115,3.219154013,43.77167293,89,1.194444444,47.6272418,-122.3921253,47.6272903,-122.3921149,-2.465122223,6.670032501,47.62729054,-122.3921044,0.867136629,-4.730000019,-2.56036799,VFR_alt,91.63359083,0.139687027,1.510919885,1.659344582,0.132294198,4.858615875,-4.730000019,0,0,0,0.1,0,0.02,0,0,0,0.06,0,0,0,0,0.22,0,0,0,0.12,0,0,0,0.46,0,0,0,0,0,0,0.02
EBM_S24,2024_10_09_11-37-45.jpg,10/9/2024,11:37:45,Elliott Bay Marina,4,EBM_S24_T4,2,ALT_HOLD,13.54306957,6.298934783,85.29543765,102,1.361111111,47.627267,-122.392072,47.627285,-122.3920992,-3.046161652,7.838623047,47.62728531,-122.3920889,1.240478231,-4.739999771,-2.943214838,VFR_alt,100.3159552,0.137134588,2.161439342,3.391704523,0.193134561,4.863098621,-4.739999771,0,0,0,0.24,0,0.08,0,0,0,0,0,0,0,0.02,0.08,0,0,0,0.02,0,0,0,0.46,0,0.02,0,0,0,0,0.08
EBM_S24,2024_10_09_11-37-54.jpg,10/9/2024,11:37:54,Elliott Bay Marina,4,EBM_S24_T4,2,ALT_HOLD,13.55398013,5.452384106,73.9015051,113,1.527777778,47.6272873,-122.3920416,47.6272844,-122.3920815,-3.110603333,9.188842773,47.62728473,-122.3920709,0.991324469,-5.099999905,-3.053589983,VFR_alt,92.28153904,0.155913722,1.727307787,2.154718053,0.128203091,5.225138664,-5.099999905,0,0,0,0.18,0,0.04,0,0,0.02,0,0,0.04,0.04,0.08,0.04,0,0,0,0.12,0,0,0,0.34,0.04,0,0,0,0,0,0.06
EBM_S24,2024_10_09_11-38-03.jpg,10/9/2024,11:38:03,Elliott Bay Marina,4,EBM_S24_T4,2,ALT_HOLD,13.58667102,3.66540305,49.80046275,126,1.694444444,47.627286,-122.3920296,47.6272835,-122.392062,-3.210590363,10.67718697,47.62728383,-122.3920511,0.985490156,-5.079999924,-3.027379303,VFR_alt,93.38249594,0.104851265,1.717141939,2.130062045,0.133653775,5.207324505,-5.079999924,0,0.02,0,0.12,0,0.02,0,0,0,0.02,0,0,0,0,0.2,0,0,0.08,0,0,0,0,0.46,0,0,0,0,0,0,0.08
EBM_S24,2024_10_09_11-38-12.jpg,10/9/2024,11:38:12,Elliott Bay Marina,4,EBM_S24_T4,2,ALT_HOLD,13.57510345,4.346056034,58.99690157,137,1.861111111,47.6272565,-122.3920616,47.6272821,-122.3920466,-3.379600525,11.83401299,47.62728231,-122.3920357,0.77155169,-5.059999943,-2.793198049,VFR_alt,95.76500246,0.110548902,1.344370369,1.306023313,0.112613684,5.185904503,-5.059999943,0,0,0,0.38,0,0,0,0,0,0.08,0,0.04,0,0.1,0.1,0,0,0,0.06,0,0,0,0.2,0.02,0,0,0,0,0,0.02
EBM_S24,2024_10_09_11-38-21.jpg,10/9/2024,11:38:21,Elliott Bay Marina,4,EBM_S24_T4,2,ALT_HOLD,13.58652851,3.925679825,53.33625149,147,1.972222222,47.6272618,-122.392034,47.6272784,-122.392037,-3.790729523,12.55537415,47.62727861,-122.3920261,0.658530697,-5.089999676,-2.710055435,VFR_alt,101.0648176,0.085841391,1.147439851,0.964805016,0.101544546,5.217398167,-5.089999676,0,0,0,0.02,0,0.22,0,0,0,0.26,0,0,0,0.06,0.04,0,0,0,0.02,0,0,0,0.36,0.02,0,0,0,0,0,0
EBM_S24,2024_10_09_11-38-30.jpg,10/9/2024,11:38:30,Elliott Bay Marina,4,EBM_S24_T4,2,ALT_HOLD,13.58266667,4.030627706,54.74673411,156,2.111111111,47.6272955,-122.3919858,47.6272778,-122.3920274,-3.857551575,13.26301575,47.62727801,-122.3920167,0.251904752,-5.069999695,-2.283413102,VFR_alt,98.34745055,0.056878025,0.438924946,0.147760067,0.104702526,5.191331387,-5.069999695,0,0,0,0.44,0,0,0,0,0,0,0,0,0,0.06,0.1,0,0,0,0,0,0,0,0.4,0,0,0,0,0,0,0
EBM_S24,2024_10_09_11-38-39.jpg,10/9/2024,11:38:39,Elliott Bay Marina,4,EBM_S24_T4,2,ALT_HOLD,13.58662637,3.656835165,49.68401604,166,2.25,47.6272714,-122.3920226,47.6272782,-122.3920168,-3.810443878,14.06959534,47.62727844,-122.392006,0.733318657,-5,-2.694899347,VFR_alt,96.90255706,0.065604859,1.277752206,1.178396484,0.057829761,5.120190144,-5,0,0,0,0,0,0.1,0,0,0,0.02,0.02,0,0.02,0.1,0.16,0,0,0,0.02,0,0,0,0.5,0,0,0.02,0,0.04,0,0
EBM_S24,2024_10_09_11-38-48.jpg,10/9/2024,11:38:48,Elliott Bay Marina,4,EBM_S24_T4,2,ALT_HOLD,13.57072629,5.090646552,69.0808678,178,2.388888889,47.6272996,-122.3919722,47.6272781,-122.3920065,-3.815628052,14.83475876,47.62727839,-122.3919958,0.734633592,-4.960000038,-2.656358291,VFR_alt,95.55915596,0.098760575,1.280043379,1.182780316,0.137598913,5.081493378,-4.960000038,0,0,0,0,0,0.12,0,0,0,0.16,0,0,0,0.08,0.24,0,0,0,0,0,0,0,0.38,0.02,0,0,0,0,0,0
EBM_S24,2024_10_09_11-38-57.jpg,10/9/2024,11:38:57,Elliott Bay Marina,4,EBM_S24_T4,2,ALT_HOLD,13.58292174,4.205434783,57.12175791,190,2.555555556,47.6273012,-122.3919651,47.6272792,-122.3919938,-3.700962067,15.79008293,47.62727942,-122.3919831,0.738065203,-4.799999714,-2.499988983,VFR_alt,95.75007251,0.069705559,1.286022702,1.194238195,0.077798381,4.929839611,-4.799999714,0,0.08,0,0.1,0,0.14,0,0,0,0.08,0,0,0,0.12,0.14,0,0,0.04,0.06,0,0,0,0.24,0,0,0,0,0,0,0
EBM_S24,2024_10_09_11-39-06.jpg,10/9/2024,11:39:06,Elliott Bay Marina,4,EBM_S24_T4,2,ALT_HOLD,13.56070021,5.233404711,70.96857045,200,2.694444444,47.6273022,-122.391968,47.6272822,-122.3919836,-3.361885071,16.55423164,47.62728247,-122.3919729,1.194625207,-4.369999886,-2.526790005,VFR_alt,95.66218779,0.091453698,2.081543921,3.12759926,0.110076661,4.496503353,-4.369999886,0,0.1,0.02,0,0,0.12,0,0,0,0.12,0,0.02,0.02,0.06,0.12,0,0,0,0.02,0,0,0,0.32,0,0,0,0,0,0,0.08
EBM_S24,2024_10_09_11-39-15.jpg,10/9/2024,11:39:15,Elliott Bay Marina,4,EBM_S24_T4,2,ALT_HOLD,13.5561441,5.831834061,79.05424965,212,2.861111111,47.6272783,-122.3919902,47.627282,-122.3919733,-3.396518707,17.32767487,47.62728216,-122.3919626,0.899192118,-4.259999752,-2.121654311,VFR_alt,105.343457,0.115587886,1.566774144,1.795054486,0.103267711,4.388150692,-4.259999752,0,0.04,0,0,0,0.36,0,0,0,0.04,0,0,0,0.06,0.22,0,0,0,0.1,0,0,0,0.1,0,0,0,0,0,0,0.08
EBM_S24,2024_10_09_11-39-24.jpg,10/9/2024,11:39:24,Elliott Bay Marina,4,EBM_S24_T4,2,ALT_HOLD,13.56960131,4.612091503,62.58218922,223,3,47.6272967,-122.3919588,47.627282,-122.3919655,-3.378684998,17.91344261,47.62728232,-122.3919548,0.905860545,-4.579999924,-2.448711216,VFR_alt,105.903351,0.0608688,1.578393373,1.798808709,0.065287677,4.699539661,-4.579999924,0,0.02,0,0.02,0,0.04,0,0,0,0.16,0,0,0.02,0.16,0.16,0,0,0,0.24,0,0,0,0.16,0,0,0,0,0,0,0.02
EBM_S24,2024_10_09_11-39-34.jpg,10/9/2024,11:39:34,Elliott Bay Marina,4,EBM_S24_T4,2,ALT_HOLD,13.58365584,3.801818182,51.64273844,236,3.194444444,47.6273016,-122.3919438,47.6272823,-122.3919545,-3.351970673,18.73817062,47.62728256,-122.3919439,0.824999988,-4.960000038,-2.74843055,VFR_alt,101.6345466,0.063998519,1.437499979,1.492047212,0.091260183,5.080024719,-4.960000038,0,0,0,0,0,0.12,0,0,0,0.06,0,0,0,0.04,0.24,0,0,0.04,0.12,0,0,0,0.34,0.02,0,0,0,0,0,0.02
EBM_S24,2024_10_09_11-39-43.jpg,10/9/2024,11:39:43,Elliott Bay Marina,4,EBM_S24_T4,2,ALT_HOLD,13.58087719,4.083289474,55.45473496,247,3.333333333,47.6272931,-122.3919519,47.6272805,-122.3919507,-3.54467392,19.02136803,47.62728083,-122.3919401,1.120745618,-4.650000095,-2.734869195,VFR_alt,109.6351896,0.066297809,1.952814335,2.754499754,0.059848823,4.772275925,-4.650000095,0,0.02,0,0.02,0,0.18,0,0,0,0.12,0,0,0,0.16,0.08,0,0,0,0,0,0,0,0.32,0.04,0,0,0,0,0,0.06
EBM_S24,2024_10_09_11-39-52.jpg,10/9/2024,11:39:52,Elliott Bay Marina,4,EBM_S24_T4,2,ALT_HOLD,13.59005677,3.638122271,49.44234301,257,3.472222222,47.6272875,-122.3919506,47.6272811,-122.3919496,-3.489963531,19.10186768,47.6272813,-122.3919388,0.780240165,-5.210000038,-2.95525448,VFR_alt,103.3190833,0.029440809,1.359509378,1.347896172,0,5.334140778,-5.210000038,0,0,0,0,0.02,0.1,0,0,0,0.12,0,0,0,0.18,0.06,0,0,0,0.04,0,0,0,0.46,0,0,0.02,0,0,0,0
EBM_S24,2024_10_09_11-40-01.jpg,10/9/2024,11:40:01,Elliott Bay Marina,4,EBM_S24_T4,2,ALT_HOLD,13.5879607,3.791746725,51.52216004,270,3.638888889,47.6272878,-122.3919504,47.6272808,-122.3919462,-3.526676178,19.35761261,47.62728087,-122.3919356,1.094475978,-4.859999657,-2.92061293,VFR_alt,102.3807748,0.04807187,1.907041476,2.627966145,0.026212695,4.984082699,-4.859999657,0,0,0,0.02,0,0.06,0,0,0,0.02,0,0,0.02,0.06,0.12,0,0,0.02,0.06,0,0,0,0.54,0,0,0.04,0,0,0,0.04
EBM_S24,2024_10_09_11-40-10.jpg,10/9/2024,11:40:10,Elliott Bay Marina,4,EBM_S24_T4,2,ALT_HOLD,13.56274561,5.141973684,69.73935311,280,3.777777778,47.6272765,-122.3919659,47.6272811,-122.3919382,-3.488460541,19.95905304,47.62728121,-122.3919276,0.845394739,-5.009999752,-2.822895215,VFR_alt,98.73011174,0.10031599,1.473036287,1.567920566,0.07991164,5.13831377,-5.009999752,0,0,0,0.04,0,0.04,0,0,0,0.12,0,0,0,0.02,0.12,0,0.02,0.02,0.08,0,0,0,0.44,0.02,0,0.04,0,0,0,0.04
EBM_S24,2024_10_09_11-40-19.jpg,10/9/2024,11:40:19,Elliott Bay Marina,4,EBM_S24_T4,2,ALT_HOLD,13.59450109,3.138061002,42.66029224,292,3.944444444,47.6272998,-122.3919144,47.6272806,-122.3919307,-3.546535492,20.51811981,47.62728069,-122.3919202,0.483028314,-5.009999752,-2.462065454,VFR_alt,91.64923751,0.026635272,0.841640244,0.520319837,0.059118138,5.134389877,-5.009999752,0,0.02,0,0.02,0,0.08,0,0,0,0.02,0,0,0,0.16,0.1,0,0,0.12,0.04,0,0,0,0.38,0.02,0,0,0,0,0,0.04
EBM_S24,2024_10_09_11-40-28.jpg,10/9/2024,11:40:28,Elliott Bay Marina,4,EBM_S24_T4,2,ALT_HOLD,13.56039216,5.402592593,73.26126057,306,4.138888889,47.627281,-122.3919376,47.6272824,-122.3919192,-3.341682434,21.3770752,47.62728253,-122.3919087,0.975294082,-4.980000019,-2.925960745,VFR_alt,91.33116678,0.105623857,1.699376051,2.084576127,0.087493908,5.103444576,-4.980000019,0,0.02,0,0.1,0,0.16,0.02,0.02,0,0.08,0,0,0.04,0.06,0.04,0,0,0.06,0.02,0,0,0,0.32,0,0.02,0,0,0,0,0.04
EBM_S24,2024_10_09_11-40-37.jpg,10/9/2024,11:40:37,Elliott Bay Marina,4,EBM_S24_T4,2,ALT_HOLD,13.56859783,5.103369565,69.24376196,319,4.305555556,47.627284,-122.3919211,47.6272824,-122.3919094,-3.345279694,22.11684513,47.6272825,-122.3918989,0.919304331,-4.989999771,-2.881611955,VFR_alt,96.4294319,0.092927711,1.601818153,1.854560241,0.079328549,5.111534595,-4.989999771,0,0,0,0,0,0.1,0,0,0,0.18,0,0,0,0.02,0.06,0,0,0,0.04,0,0,0,0.48,0,0.02,0,0,0,0,0.1
EBM_S24,2024_10_09_11-40-46.jpg,10/9/2024,11:40:46,Elliott Bay Marina,4,EBM_S24_T4,2,ALT_HOLD,13.583946,3.97537797,54.00140873,332,4.472222222,47.6272914,-122.3918952,47.6272826,-122.3918986,-3.31905365,22.92899704,47.62728274,-122.3918881,0.231900638,-4.989999771,-2.195780779,VFR_alt,96.72705009,0.048598347,0.404069294,0.117873519,0.0460657,5.118833065,-4.989999771,0,0,0,0.22,0,0.32,0,0,0,0,0,0,0,0.26,0.02,0,0,0,0.02,0,0,0,0.12,0,0,0,0,0,0,0.04
EBM_S24,2024_10_09_11-40-55.jpg,10/9/2024,11:40:55,Elliott Bay Marina,4,EBM_S24_T4,2,ALT_HOLD,13.56355482,5.559298246,75.36499761,344,4.638888889,47.6272782,-122.3919082,47.6272825,-122.3918924,-3.336055756,23.40082359,47.62728258,-122.3918818,0.763881566,-4.809999943,-2.549185061,VFR_alt,96.09451213,0.055590901,1.331005758,1.278690103,0.033497378,4.929023743,-4.809999943,0,0.02,0,0.14,0,0.12,0,0,0,0,0,0.02,0,0.14,0.2,0,0,0.02,0.02,0,0,0,0.3,0,0,0,0,0.02,0,0
EBM_S24,2024_10_09_11-41-04.jpg,10/9/2024,11:41:04,Elliott Bay Marina,4,EBM_S24_T4,2,ALT_HOLD,13.5202885,8.282841649,111.9856971,365,4.944444444,47.6272877,-122.3918772,47.6272819,-122.3918779,-3.399650574,24.47235203,47.62728201,-122.3918676,1.214360098,-4.869999886,-3.060857992,VFR_alt,100.5373653,0.132824901,2.115930474,3.239707237,0.123145141,4.993663311,-4.869999886,0,0.1,0,0.02,0,0,0,0,0,0.02,0,0,0,0.06,0.2,0,0,0.08,0.1,0,0,0,0.38,0,0,0,0,0,0,0.04
EBM_S24,2024_10_09_11-41-13.jpg,10/9/2024,11:41:13,Elliott Bay Marina,4,EBM_S24_T4,2,ALT_HOLD,13.53067826,7.883913043,106.6747696,378,5.111111111,47.6272771,-122.3918905,47.6272825,-122.3918751,-3.322982788,24.67631912,47.6272827,-122.3918648,0.71306521,-5.519999981,-3.210487386,VFR_alt,88.8072169,0.114816872,1.242462109,1.122675491,0.117100143,5.636836529,-5.519999981,0,0.04,0,0.06,0,0,0,0,0,0.04,0,0,0,0.04,0.12,0,0,0.02,0.08,0,0,0,0.52,0,0,0,0,0,0,0.08
EBM_S24,2024_10_09_11-41-22.jpg,10/9/2024,11:41:22,Elliott Bay Marina,4,EBM_S24_T4,2,ALT_HOLD,13.52921225,7.451269147,100.805371,396,5.361111111,47.6272784,-122.3918699,47.6272819,-122.3918599,-3.40063858,25.81686211,47.627282,-122.3918497,0.663085303,-5.599999905,-3.241163538,VFR_alt,101.3617592,0.150690721,1.155375906,0.963602851,0.127076716,5.724962234,-5.599999905,0,0.06,0,0.08,0,0,0,0,0,0.04,0.02,0,0,0.08,0.14,0,0,0.22,0.1,0,0,0,0.22,0,0,0,0,0,0,0.04
EBM_S24,2024_10_09_12-06-08.jpg,10/9/2024,12:06:08,Elliott Bay Marina,4,EBM_S24_T4,2,ALT_HOLD,13.60113187,2.915340659,39.65189644,4684,62.63888889,47.6273158,-122.3922627,47.6273316,-122.3922248,2.136924744,-1.532917023,47.62733181,-122.3922135,1.402461498,-4.150000095,-2.588803044,VFR_alt,83.7579217,0.115494462,2.443682914,4.325822971,0.078124324,4.276791096,-4.150000095,0,0,0,0.02,0,0,0,0,0,0,0,0,0,0,0.2,0,0,0.02,0.02,0,0,0,0.5,0.04,0,0,0,0,0,0.2
EBM_S24,2024_10_09_12-06-17.jpg,10/9/2024,12:06:17,Elliott Bay Marina,4,EBM_S24_T4,2,ALT_HOLD,13.61093133,2.501888412,34.05304704,4691,62.75,47.6273329,-122.3922231,47.6273302,-122.3922132,1.969615936,-0.668502808,47.6273303,-122.392202,0.98053645,-4.579999924,-2.597601436,VFR_alt,98.55039679,0.114090956,1.708510481,2.107278485,0.104065001,4.708833218,-4.579999924,0,0,0,0,0,0.1,0,0,0,0,0,0,0,0,0.08,0,0,0,0.04,0,0,0,0.62,0,0,0,0,0,0,0.16
EBM_S24,2024_10_09_12-06-26.jpg,10/9/2024,12:06:26,Elliott Bay Marina,4,EBM_S24_T4,2,ALT_HOLD,13.60768132,2.545956044,34.64434218,4697,62.83333333,47.6273176,-122.3922355,47.6273272,-122.3922054,1.63300705,-0.082717896,47.62732728,-122.3921943,0.778395577,-4.559999943,-2.376497065,VFR_alt,107.0193459,0.075694156,1.356295324,1.327767593,0.06056372,4.680550098,-4.559999943,0,0,0,0,0,0.04,0,0,0,0.02,0,0,0,0,0.26,0,0,0,0.16,0,0,0,0.28,0,0,0,0,0,0,0.24
EBM_S24,2024_10_09_12-06-35.jpg,10/9/2024,12:06:35,Elliott Bay Marina,4,EBM_S24_T4,2,ALT_HOLD,13.59804405,3.100088106,42.15509568,4704,62.91666667,47.6273155,-122.3922228,47.627324,-122.3921998,1.27929306,0.33662796,47.62732409,-122.3921887,0.965330363,-4.549999714,-2.554732606,VFR_alt,96.07769382,0.089041511,1.682015026,2.046583067,0.076767237,4.672369957,-4.549999714,0,0,0,0,0,0.12,0,0,0,0.02,0,0,0,0.08,0.38,0,0,0,0,0,0,0,0.14,0,0,0,0,0,0,0.26
EBM_S24,2024_10_09_12-06-44.jpg,10/9/2024,12:06:44,Elliott Bay Marina,4,EBM_S24_T4,2,ALT_HOLD,13.59456674,2.974376368,40.43553302,4712,63.02777778,47.6273194,-122.3922047,47.6273231,-122.3921908,1.186470032,1.009090424,47.62732326,-122.3921797,0.975164078,-5.279999733,-3.296083455,VFR_alt,98.95777584,0.111583265,1.69914953,2.084168345,0.092799139,5.401959896,-5.279999733,0,0,0,0,0,0.06,0,0,0,0,0,0,0,0.04,0.12,0,0,0,0,0,0,0,0.72,0,0,0,0,0,0,0.06
EBM_S24,2024_10_09_12-06-53.jpg,10/9/2024,12:06:53,Elliott Bay Marina,4,EBM_S24_T4,2,ALT_HOLD,13.61527133,2.170940919,29.55760788,4717,63.08333333,47.6273142,-122.3922045,47.6273224,-122.3921818,1.101379395,1.685115814,47.62732249,-122.3921707,0.706411361,-5.259999752,-3.009015634,VFR_alt,100.108621,0.074712098,1.23086828,1.093806103,0.063494831,5.386657715,-5.259999752,0,0,0,0.24,0,0,0,0,0,0,0,0,0,0.14,0,0,0,0.02,0.02,0,0,0,0.56,0,0,0,0,0,0,0.02
EBM_S24,2024_10_09_12-07-02.jpg,10/9/2024,12:07:02,Elliott Bay Marina,4,EBM_S24_T4,2,ALT_HOLD,13.61364333,2.201137856,29.96554179,4723,63.16666667,47.6273237,-122.3921923,47.6273213,-122.3921732,0.986724854,2.327903748,47.62732146,-122.3921622,0.686323833,-5.21999979,-2.950732278,VFR_alt,100.7077606,0.077873063,1.195867285,1.03297141,0.065414191,5.340446949,-5.21999979,0,0.04,0,0.12,0,0.08,0,0,0,0,0,0,0,0,0.28,0,0,0.02,0.02,0,0,0,0.36,0,0,0,0,0,0,0.08
EBM_S24,2024_10_09_12-07-11.jpg,10/9/2024,12:07:11,Elliott Bay Marina,4,EBM_S24_T4,2,ALT_HOLD,13.59517467,3.590524017,48.81379218,4729,63.25,47.6273228,-122.3921755,47.6273191,-122.3921664,0.73494339,2.835647583,47.6273192,-122.3921554,0.774170283,-4.980000019,-2.800431987,VFR_alt,120.7001653,0.123929817,1.34893307,1.319872296,0.113664105,5.106982708,-4.980000019,0,0,0,0.38,0,0.18,0,0,0,0,0,0,0,0.02,0.12,0,0,0.02,0.06,0,0,0,0.18,0,0,0,0,0,0,0.04
EBM_S24,2024_10_09_12-07-20.jpg,10/9/2024,12:07:20,Elliott Bay Marina,4,EBM_S24_T4,2,ALT_HOLD,13.61735886,2.253238512,30.68296107,4736,63.36111111,47.6273329,-122.3921543,47.6273171,-122.3921538,0.515258789,3.782909393,47.62731722,-122.3921428,0.683894937,-5.009999752,-2.741942107,VFR_alt,116.1790313,0.098297385,1.191635118,1.026513238,0.093673643,5.131627083,-5.009999752,0,0.02,0,0.16,0,0.04,0,0,0,0,0,0,0,0.06,0.1,0,0,0,0.26,0,0,0,0.28,0,0,0,0,0,0,0.08
EBM_S24,2024_10_09_12-07-29.jpg,10/9/2024,12:07:29,Elliott Bay Marina,4,EBM_S24_T4,2,ALT_HOLD,13.61190476,2.303636364,31.35669195,4741,63.41666667,47.6273129,-122.3921723,47.6273172,-122.3921466,0.530952454,4.323478699,47.62731736,-122.3921356,0.466363622,-4.909999847,-2.426007363,VFR_alt,108.4799487,0.073489008,0.812603281,0.477392259,0.051007239,5.041195393,-4.909999847,0,0,0,0.18,0,0,0,0,0,0.04,0,0,0.02,0.04,0.16,0,0,0.02,0.14,0,0,0,0.34,0,0,0,0,0,0,0.06
EBM_S24,2024_10_09_12-07-38.jpg,10/9/2024,12:07:38,Elliott Bay Marina,4,EBM_S24_T4,2,ALT_HOLD,13.60934632,2.450952381,33.3548542,4748,63.52777778,47.6273306,-122.3921348,47.6273173,-122.3921378,0.545150757,4.980953217,47.62731749,-122.3921269,0.768679642,-4.949999809,-2.769608597,VFR_alt,84.6993828,0.07158382,1.339366043,1.333755955,0.103298845,5.07175827,-4.949999809,0,0,0.02,0.16,0,0,0,0,0,0,0,0.02,0,0.02,0.24,0,0,0,0.12,0,0,0,0.28,0,0,0,0,0,0,0.14
EBM_S24,2024_10_09_12-07-47.jpg,10/9/2024,12:07:47,Elliott Bay Marina,4,EBM_S24_T4,2,ALT_HOLD,13.59961822,3.094685466,42.08655028,4755,63.61111111,47.6273279,-122.3921222,47.627319,-122.3921258,0.721614838,5.882541656,47.62731908,-122.3921149,0.658091075,-4.779999733,-2.48987202,VFR_alt,91.16300571,0.126380907,1.146673842,0.949355983,0.121126675,4.905949593,-4.779999733,0,0,0,0.06,0,0,0,0,0,0,0,0,0.1,0,0.18,0,0,0,0.04,0,0,0,0.58,0,0,0,0,0,0,0.04
EBM_S24,2024_10_09_12-07-56.jpg,10/9/2024,12:07:56,Elliott Bay Marina,4,EBM_S24_T4,2,ALT_HOLD,13.60626039,2.814463895,38.29446702,4762,63.69444444,47.6273236,-122.3921243,47.6273211,-122.3921148,0.96913147,6.706533432,47.6273213,-122.3921039,0.416323836,-4.819999695,-2.288401662,VFR_alt,90.12336425,0.061708731,0.725412744,0.461115416,0.041830702,4.944896698,-4.819999695,0,0.12,0,0.08,0.04,0.06,0,0,0,0,0,0,0.16,0,0.36,0,0,0,0,0,0,0,0.12,0,0,0,0,0,0,0.06
EBM_S24,2024_10_09_12-08-05.jpg,10/9/2024,12:08:05,Elliott Bay Marina,4,EBM_S24_T4,2,ALT_HOLD,13.59198022,3.081252747,41.87987536,4768,63.77777778,47.6273093,-122.3921292,47.6273218,-122.3921042,1.047454834,7.500192642,47.62732201,-122.3920934,0.495252734,-4.779999733,-2.326961113,VFR_alt,99.95902749,0.119264759,0.86294037,0.544924801,0.093937157,4.908492565,-4.779999733,0,0,0,0.12,0,0.02,0,0,0,0,0,0,0,0,0.34,0,0,0.04,0.04,0,0,0,0.4,0,0,0,0,0,0,0.04
EBM_S24,2024_10_09_12-08-14.jpg,10/9/2024,12:08:14,Elliott Bay Marina,4,EBM_S24_T4,2,ALT_HOLD,13.60459179,2.377084233,32.33851659,4775,63.88888889,47.6273251,-122.3920906,47.6273225,-122.3920941,1.123714447,8.257640839,47.62732269,-122.3920833,0.570021594,-4.799999714,-2.420775034,VFR_alt,109.3658254,0.080246615,0.993219445,0.737712051,0.070442811,4.92032671,-4.799999714,0,0,0,0.52,0,0.04,0,0,0,0,0,0,0.02,0.06,0.02,0,0,0,0.06,0,0,0,0.24,0,0,0,0,0,0,0.04
EBM_S24,2024_10_09_12-08-23.jpg,10/9/2024,12:08:23,Elliott Bay Marina,4,EBM_S24_T4,2,ALT_HOLD,13.6068044,2.331516484,31.72443552,4781,63.97222222,47.6273083,-122.3921059,47.6273206,-122.3920854,0.911281586,8.917814255,47.62732078,-122.3920745,0.722747222,-4.789999962,-2.562207796,VFR_alt,123.3685669,0.073135462,1.25933228,1.144681853,0.06985507,4.912491798,-4.789999962,0,0,0,0.18,0,0.02,0,0,0,0,0,0.02,0.04,0.02,0.14,0,0,0,0.04,0,0,0,0.48,0,0,0,0,0,0,0.06
EBM_S24,2024_10_09_12-08-32.jpg,10/9/2024,12:08:32,Elliott Bay Marina,4,EBM_S24_T4,2,ALT_HOLD,13.6026543,2.914013491,39.63739356,4788,64.05555556,47.6273249,-122.3920761,47.6273185,-122.392077,0.670509338,9.539588928,47.62731862,-122.3920662,0.697403026,-4.809999943,-2.555484998,VFR_alt,118.015339,0.094612162,1.215171939,1.066121178,0.132097886,4.932859898,-4.809999943,0,0,0,0.2,0,0.04,0,0,0,0.04,0,0,0,0.26,0.12,0,0,0,0.04,0,0,0,0.16,0.04,0,0,0,0,0,0.1
EBM_S24,2024_10_09_12-08-41.jpg,10/9/2024,12:08:41,Elliott Bay Marina,4,EBM_S24_T4,2,ALT_HOLD,13.59734199,3.024502165,41.12513247,4796,64.16666667,47.6273063,-122.3920837,47.6273159,-122.3920619,0.382297516,10.66724586,47.62731603,-122.3920512,0.968874435,-4.799999714,-2.815744846,VFR_alt,108.2308534,0.134348341,1.688190303,2.0593923,0.137529278,4.920396805,-4.799999714,0,0.02,0,0.16,0,0,0,0,0,0.06,0,0,0,0.02,0.08,0,0,0,0.02,0,0,0,0.5,0,0,0.02,0,0.02,0,0.1
EBM_S24,2024_10_09_12-08-50.jpg,10/9/2024,12:08:50,Elliott Bay Marina,4,EBM_S24_T4,2,ALT_HOLD,13.59598911,3.210740741,43.6518524,4803,64.25,47.6273005,-122.3920684,47.627313,-122.3920524,0.068889618,11.3878994,47.62731321,-122.3920416,1.024509758,-4.739999771,-2.81058887,VFR_alt,113.8060815,0.075691387,1.785130639,2.310981732,0.071844749,4.864935875,-4.739999771,0,0,0.02,0.1,0,0.02,0,0,0,0.08,0,0,0,0.18,0.08,0.06,0,0,0.06,0,0,0,0.34,0,0.02,0.02,0,0,0,0.02
EBM_S24,2024_10_09_12-08-59.jpg,10/9/2024,12:08:59,Elliott Bay Marina,4,EBM_S24_T4,2,ALT_HOLD,13.59450108,3.181344902,43.24881449,4811,64.36111111,47.6273004,-122.3920516,47.6273095,-122.3920477,-0.328105927,11.73963737,47.62730964,-122.392037,0.645075904,-4.769999981,-2.461036567,VFR_alt,90.71421201,0.047595983,1.123995893,0.934954752,0.055580305,4.894420624,-4.769999981,0,0,0,0.18,0,0.24,0,0,0,0.16,0,0,0,0.14,0.04,0,0,0,0,0,0,0,0.2,0,0,0,0,0,0,0.04
EBM_S24,2024_10_09_12-09-08.jpg,10/9/2024,12:09:08,Elliott Bay Marina,4,EBM_S24_T4,2,ALT_HOLD,13.59825974,2.981082251,40.53749861,4818,64.47222222,47.6273013,-122.3920359,47.6273075,-122.3920416,-0.54940033,12.19410706,47.62730765,-122.3920309,0.818571423,-4.759999752,-2.625280834,VFR_alt,86.67307296,0.061822305,1.426298691,1.468302739,0.051922926,4.885612011,-4.759999752,0,0.06,0,0.06,0,0,0,0,0,0.06,0,0,0,0.16,0.14,0.02,0,0.02,0,0,0,0,0.48,0,0,0,0,0,0,0
EBM_S24,2024_10_09_12-09-17.jpg,10/9/2024,12:09:17,Elliott Bay Marina,4,EBM_S24_T4,2,ALT_HOLD,13.59838293,3.094507659,42.08021092,4826,64.58333333,47.6273021,-122.3920348,47.6273085,-122.3920321,-0.439815521,12.90807915,47.62730863,-122.3920214,0.989124703,-4.75,-2.787322568,VFR_alt,85.82216437,0.074378101,1.72347486,2.145638884,0.067304738,4.876234531,-4.75,0,0,0,0,0,0,0,0,0,0.02,0,0,0,0.16,0.1,0,0,0,0.06,0,0,0,0.56,0.02,0,0.02,0,0,0,0.06
EBM_S24,2024_10_09_12-09-26.jpg,10/9/2024,12:09:26,Elliott Bay Marina,4,EBM_S24_T4,2,ALT_HOLD,13.59775652,3.111782609,42.31321913,4835,64.69444444,47.6272953,-122.3920435,47.6273082,-122.3920204,-0.464252472,13.79466438,47.62730841,-122.3920096,0.403565206,-4.75,-2.203749694,VFR_alt,86.84657499,0.064150159,0.703181799,0.36269245,0.057351376,4.887830734,-4.75,0,0,0,0.24,0,0,0,0,0,0,0,0,0,0.2,0.18,0,0,0,0.04,0,0,0,0.3,0,0,0,0,0,0,0.04
EBM_S24,2024_10_09_12-09-35.jpg,10/9/2024,12:09:35,Elliott Bay Marina,4,EBM_S24_T4,2,ALT_HOLD,13.58651535,3.440833333,46.74897322,4843,64.80555556,47.6272916,-122.3920286,47.6273069,-122.3920095,-0.618503571,14.5930233,47.62730702,-122.391999,0.381557004,-4.699999809,-2.133985409,VFR_alt,86.71227846,0.127432685,0.664834174,0.319664466,0.123161384,4.846683502,-4.699999809,0,0,0,0,0,0.48,0,0,0,0.02,0,0,0,0.02,0.32,0,0,0,0.02,0,0,0,0.12,0,0,0,0,0,0,0.02
EBM_S24,2024_10_09_12-09-44.jpg,10/9/2024,12:09:44,Elliott Bay Marina,4,EBM_S24_T4,2,ALT_HOLD,13.57471242,4.39503268,59.66120065,4852,64.91666667,47.6272903,-122.3920126,47.6273054,-122.3919982,-0.776199341,15.43651199,47.62730561,-122.3919878,1.020261391,-4.139999866,-2.21495052,VFR_alt,77.1073586,0.152485685,1.77772818,2.31568357,0.141060336,4.259198666,-4.139999866,0,0.06,0,0,0,0.22,0,0,0,0.02,0,0,0,0,0.02,0,0,0.02,0.1,0,0,0,0.32,0,0,0,0,0,0,0.24
EBM_S24,2024_10_09_12-09-53.jpg,10/9/2024,12:09:53,Elliott Bay Marina,4,EBM_S24_T4,2,ALT_HOLD,13.5758512,4.458468271,60.520014,4863,65.08333333,47.6272852,-122.3919993,47.627302,-122.3919845,-1.148288727,16.46615028,47.62730226,-122.3919741,0.463566726,-4.170000076,-1.690292363,VFR_alt,107.0028283,0.145279034,0.807729902,0.477172773,0.146965234,4.28832674,-4.170000076,0,0,0,0.18,0,0.16,0,0,0,0,0,0,0,0.1,0.1,0.04,0,0,0.22,0,0,0,0.16,0,0,0,0,0,0,0.04
EBM_W25,2025_01_28_11-20-43.jpg,1/28/2025,11:20:43,Elliott Bay Marina,4,EBM_W25_T4,0,STABILIZE,13.61205895,2.540947368,34.58748994,0,0,47.6273201,-122.392675,47.6273065,-122.3926855,0,0,47.6273201,-122.392675,1.481284164,-4.440000057,-3.500353389,VFR_alt,72.23923949,0.113715084,2.581025437,4.850021732,0,4.677933693,-4.440000057,0,0.04,0,0,0,0.02,0,0,0,0,0,0,0.02,0,0.02,0,0,0,0,0,0,0,0.58,0,0.04,0.1,0,0,0,0.18
EBM_W25,2025_01_28_11-20-58.jpg,1/28/2025,11:20:58,Elliott Bay Marina,4,EBM_W25_T4,0,STABILIZE,13.59603247,2.5304329,34.40384981,10,0.138888889,47.6273081,-122.3926745,47.6273108,-122.3926668,0.488264084,1.403728485,47.62732449,-122.3926563,0.819307353,-4.480000019,-2.87740035,VFR_alt,72.88552383,0.113085268,1.427580994,1.471044146,0.111288344,4.717010498,-4.480000019,0,0.04,0,0,0,0,0,0,0,0,0,0,0.02,0.04,0.1,0,0,0.12,0.1,0,0,0,0.5,0,0,0.06,0,0,0,0.02
EBM_W25,2025_01_28_11-21-10.jpg,1/28/2025,11:21:10,Elliott Bay Marina,4,EBM_W25_T4,0,STABILIZE,13.60935853,2.299892009,31.3000776,18,0.25,47.6272901,-122.3926733,47.6273121,-122.3926525,0.633083344,2.476669312,47.62732579,-122.392642,0.820107983,-4.190000057,-2.587801645,VFR_alt,65.30923024,0.13086236,1.428976031,1.495427699,0.105808262,4.419662952,-4.190000057,0,0.06,0,0,0,0,0,0,0,0,0,0,0,0.12,0.1,0,0,0.1,0.02,0,0,0,0.52,0,0,0,0,0,0,0.08
EBM_W25,2025_01_28_11-21-22.jpg,1/28/2025,11:21:22,Elliott Bay Marina,4,EBM_W25_T4,0,STABILIZE,13.60198218,2.451982183,33.35181247,26,0.333333333,47.6272982,-122.3926606,47.627312,-122.3926454,0.614122391,3.009967804,47.62732562,-122.392635,1.05890863,-4.319999695,-2.956512151,VFR_alt,61.92073862,0.087835212,1.845068067,2.457140681,0.073338742,4.55691433,-4.319999695,0,0.04,0,0,0,0,0,0,0,0,0,0,0,0.2,0.04,0,0,0.06,0,0,0,0,0.52,0,0,0.1,0,0,0,0.04
EBM_W25,2025_01_28_11-21-37.jpg,1/28/2025,11:21:37,Elliott Bay Marina,4,EBM_W25_T4,0,STABILIZE,13.605,2.321895425,31.58938725,36,0.472222222,47.6273213,-122.3926274,47.6273137,-122.3926266,0.805013657,4.415401459,47.62732734,-122.3926163,1.25647053,-3.980000019,-2.814215019,VFR_alt,88.77048908,0.088896077,2.189304711,3.488936054,0.096967269,4.214178085,-3.980000019,0,0.02,0,0,0,0,0,0,0,0,0,0,0,0.04,0.2,0,0,0.1,0.1,0,0,0,0.52,0,0,0.02,0,0,0,0
EBM_W25,2025_01_28_11-21-52.jpg,1/28/2025,11:21:52,Elliott Bay Marina,4,EBM_W25_T4,0,STABILIZE,13.60398455,2.291589404,31.17474192,45,0.611111111,47.6273095,-122.3926413,47.627315,-122.3926142,0.939184189,5.348804474,47.62732855,-122.3926038,1.223289176,-3.99000001,-2.7912365,VFR_alt,92.14365656,0.076236004,2.131488716,3.284805865,0.056143748,4.226469517,-3.99000001,0,0.06,0,0,0,0,0,0,0,0,0,0,0,0.3,0.02,0,0,0.04,0.04,0,0,0,0.44,0,0.02,0.02,0,0,0,0.06
EBM_W25,2025_01_28_11-22-07.jpg,1/28/2025,11:22:07,Elliott Bay Marina,4,EBM_W25_T4,0,STABILIZE,13.616,2.026301969,27.59012761,55,0.722222222,47.6272989,-122.3926189,47.6273117,-122.3926002,0.567819595,6.39969635,47.62732521,-122.3925899,0.653741767,-4.089999676,-2.321723787,VFR_alt,95.39551667,0.051876979,1.139095503,0.936704444,0.055752972,4.321332932,-4.089999676,0,0.06,0,0,0,0,0,0,0,0,0,0,0,0.02,0.32,0,0,0.1,0.1,0,0,0,0.34,0,0,0.02,0,0,0,0.04
EBM_W25,2025_01_28_11-22-22.jpg,1/28/2025,11:22:22,Elliott Bay Marina,4,EBM_W25_T4,0,STABILIZE,13.613,2.129586057,28.99005499,64,0.861111111,47.6272865,-122.3926151,47.627304,-122.3925937,-0.288476944,6.88942337,47.62731751,-122.3925833,0.967843108,-4.289999962,-2.835580935,VFR_alt,102.4160474,0.06194532,1.686393295,2.05295083,0.066813481,4.520462513,-4.289999962,0,0,0,0,0,0,0,0,0,0,0,0,0,0.22,0.18,0,0,0.08,0.02,0,0,0,0.32,0,0,0.12,0,0,0,0.06
EBM_W25,2025_01_28_11-22-37.jpg,1/28/2025,11:22:37,Elliott Bay Marina,4,EBM_W25_T4,0,STABILIZE,13.60003913,2.521173913,34.2880423,73,1,47.6272979,-122.3925887,47.6272987,-122.3925807,-0.87348175,7.861753464,47.62731224,-122.3925704,0.96026084,-4.599999905,-3.137491994,VFR_alt,103.1270736,0.079468872,1.673181766,2.022772371,0.05592987,4.841405869,-4.599999905,0.02,0.04,0,0,0,0,0,0,0,0,0,0,0,0.06,0.08,0,0,0.04,0.04,0,0,0,0.54,0,0,0.04,0,0,0,0.14
EBM_W25,2025_01_28_11-22-49.jpg,1/28/2025,11:22:49,Elliott Bay Marina,4,EBM_W25_T4,0,STABILIZE,13.60202376,2.323887689,31.60957,81,1.083333333,47.6272984,-122.392573,47.6272962,-122.3925688,-1.154535294,8.752620697,47.62730972,-122.3925585,0.516825034,-4.670000076,-2.763478396,VFR_alt,108.7688432,0.077453496,0.900528468,0.585825661,0.073653012,4.899572849,-4.670000076,0,0.06,0,0,0,0,0,0,0,0,0,0,0,0.06,0.12,0,0,0.12,0.02,0,0,0,0.62,0,0,0,0,0,0,0
EBM_W25,2025_01_28_11-23-04.jpg,1/28/2025,11:23:04,Elliott Bay Marina,4,EBM_W25_T4,0,STABILIZE,13.62598276,1.874288793,25.53902409,90,1.222222222,47.6272859,-122.392565,47.6272934,-122.392558,-1.464294434,9.56460762,47.62730679,-122.3925476,0.959870682,-5.25,-3.785606114,VFR_alt,106.0176986,0.055297777,1.672501945,2.020347532,0.065867708,5.473444939,-5.25,0,0,0,0,0,0,0,0,0,0,0,0,0,0.1,0.38,0,0,0.12,0,0,0,0,0.34,0,0,0.06,0,0,0,0
EBM_W25,2025_01_28_11-23-13.jpg,1/28/2025,11:23:13,Elliott Bay Marina,4,EBM_W25_T4,0,STABILIZE,13.59700662,2.453796909,33.36429347,95,1.277777778,47.6272886,-122.3925462,47.6272908,-122.3925477,-1.750204086,10.33618355,47.62730422,-122.3925374,0.788278106,-5.380000114,-3.743379596,VFR_alt,104.0030395,0.116117848,1.373514881,1.364981183,0.125328437,5.612374306,-5.380000114,0,0.1,0,0,0,0,0,0,0,0,0,0,0,0.26,0.22,0.02,0,0.08,0.16,0,0,0,0.1,0,0.04,0.02,0,0,0,0
EBM_W25,2025_01_28_11-23-25.jpg,1/28/2025,11:23:25,Elliott Bay Marina,4,EBM_W25_T4,0,STABILIZE,13.6074946,2.171360691,29.54680089,103,1.388888889,47.6272791,-122.3925311,47.6272865,-122.3925324,-2.234800339,11.48095131,47.62729986,-122.3925221,1.081339094,-5.109999657,-3.765554365,VFR_alt,98.34039111,0.099262313,1.884151451,2.572107999,0.110198576,5.33998394,-5.109999657,0,0.08,0,0,0,0,0,0,0,0,0,0,0,0.14,0.3,0,0,0.1,0.08,0,0,0,0.24,0,0,0.06,0,0,0,0
EBM_W25,2025_01_28_11-23-34.jpg,1/28/2025,11:23:34,Elliott Bay Marina,4,EBM_W25_T4,0,STABILIZE,13.61197624,2.15399568,29.32013622,109,1.472222222,47.6272964,-122.3924974,47.627285,-122.3925181,-2.385971069,12.55911636,47.6272985,-122.3925078,1.048660861,-5.039999962,-3.662220706,VFR_alt,91.45818275,0.079483978,1.827212106,2.409914602,0.122846094,5.283007622,-5.039999962,0,0,0,0,0,0,0,0,0,0,0,0,0.02,0.08,0.08,0,0,0.06,0.02,0,0,0,0.58,0.02,0,0.12,0,0,0,0.02
EBM_W25,2025_01_28_11-23-43.jpg,1/28/2025,11:23:43,Elliott Bay Marina,4,EBM_W25_T4,0,STABILIZE,13.61099107,2.094732143,28.51138054,114,1.555555556,47.6272995,-122.3924818,47.6272869,-122.3925038,-2.173620224,13.63345528,47.62730041,-122.3924935,1.162366036,-4.619999886,-3.355310741,VFR_alt,90.66798807,0.077216484,2.025334759,2.961801937,0.112517282,4.862121105,-4.619999886,0,0.08,0,0,0,0,0,0,0,0,0,0,0,0.08,0.12,0,0,0.06,0.04,0,0,0,0.58,0.02,0,0,0,0.02,0,0
EBM_W25,2025_01_28_11-23-52.jpg,1/28/2025,11:23:52,Elliott Bay Marina,4,EBM_W25_T4,0,STABILIZE,13.60696104,1.980064935,26.94264734,119,1.611111111,47.6273023,-122.3924637,47.6272898,-122.392487,-1.853424072,14.88993263,47.62730329,-122.3924768,1.084740199,-4.429999828,-3.087140425,VFR_alt,84.96742392,0.071352836,1.89007762,2.57893239,0.146034099,4.657493591,-4.429999828,0.02,0.12,0,0,0,0,0,0,0,0,0,0,0,0.02,0.04,0,0,0.08,0,0,0,0,0.52,0.1,0,0,0,0,0,0.1
EBM_W25,2025_01_28_11-24-01.jpg,1/28/2025,11:24:01,Elliott Bay Marina,4,EBM_W25_T4,0,STABILIZE,13.61796121,2.158663793,29.39660207,125,1.694444444,47.6273046,-122.3924468,47.6272926,-122.3924738,-1.545289993,15.88281631,47.62730606,-122.3924636,0.836637908,-4.659999847,-3.068594327,VFR_alt,68.16213814,0.06848874,1.457778173,1.53416255,0.132208051,4.893502235,-4.659999847,0,0,0,0,0,0,0,0,0,0,0,0,0,0.06,0.06,0,0,0.02,0.06,0,0,0,0.74,0,0,0,0,0,0,0.06
EBM_W25,2025_01_28_11-24-07.jpg,1/28/2025,11:24:07,Elliott Bay Marina,4,EBM_W25_T4,0,STABILIZE,13.596,2.627056277,35.71745714,128,1.75,47.6272993,-122.392448,47.6272956,-122.3924646,-1.206449509,16.5708313,47.62730911,-122.3924544,0.811190456,-4.769999981,-3.152916046,VFR_alt,62.47940815,0.075671052,1.413437915,1.44524971,0.127780004,4.997837543,-4.769999981,0,0.14,0,0,0,0,0,0,0,0,0,0,0,0.02,0.14,0,0,0.04,0,0,0,0,0.62,0,0,0.02,0,0,0,0.02
EBM_W25,2025_01_28_11-24-16.jpg,1/28/2025,11:24:16,Elliott Bay Marina,4,EBM_W25_T4,0,STABILIZE,13.59800624,2.20964657,30.04678771,134,1.805555556,47.627308,-122.3924342,47.6272986,-122.3924534,-0.870929718,17.4113102,47.62731213,-122.3924432,0.312411637,-4.710000038,-2.593864254,VFR_alt,76.15511799,0.061861763,0.544353609,0.213992099,0.098758847,4.947771549,-4.710000038,0,0.24,0,0,0.02,0,0,0,0,0,0,0,0,0.08,0.14,0,0,0.02,0.02,0,0,0,0.48,0,0,0,0,0,0,0
EBM_W25,2025_01_28_11-24-25.jpg,1/28/2025,11:24:25,Elliott Bay Marina,4,EBM_W25_T4,0,STABILIZE,13.60881425,2.184643629,29.7299021,140,1.888888889,47.62732,-122.3924121,47.6273042,-122.3924388,-0.247577667,18.5050087,47.62731773,-122.3924287,0.645421164,-4.769999981,-2.986649625,VFR_alt,81.24428728,0.08072301,1.124597483,0.922774478,0.140993482,5.007164001,-4.769999981,0,0.08,0,0,0,0,0,0,0,0,0,0,0.08,0.04,0.26,0,0,0,0.02,0,0,0,0.48,0,0,0.02,0,0,0,0.02
EBM_W25,2025_01_28_11-24-37.jpg,1/28/2025,11:24:37,Elliott Bay Marina,4,EBM_W25_T4,0,STABILIZE,13.60200432,2.194146868,29.84479715,148,2,47.6273257,-122.3923993,47.6273091,-122.3924206,0.293821335,19.87379837,47.6273226,-122.3924105,1.095961129,-4.670000076,-3.336890853,VFR_alt,82.93736868,0.066881891,1.909629241,2.632172823,0.118426681,4.91215992,-4.670000076,0,0.02,0,0,0,0,0,0,0,0,0,0,0,0.08,0.14,0,0,0.08,0.04,0,0,0,0.58,0,0,0.06,0,0,0,0
EBM_W25,2025_01_28_11-24-49.jpg,1/28/2025,11:24:49,Elliott Bay Marina,4,EBM_W25_T4,0,STABILIZE,13.612,2.123903967,28.91058079,155,2.111111111,47.6273141,-122.3924216,47.6273134,-122.3924096,0.769416809,20.69686508,47.62732688,-122.3923995,0.282212937,-4.449999809,-2.302747792,VFR_alt,82.61885999,0.062912469,0.491734664,0.174786992,0.046628667,4.694932461,-4.449999809,0,0.24,0,0,0,0,0,0,0,0,0,0,0,0.02,0.1,0,0,0.08,0.06,0,0,0,0.42,0,0,0,0,0,0,0.08
EBM_W25,2025_01_28_11-25-04.jpg,1/28/2025,11:25:04,Elliott Bay Marina,4,EBM_W25_T4,0,STABILIZE,13.60701296,2.292116631,31.18885808,164,2.222222222,47.6273026,-122.392414,47.6273148,-122.3924009,0.925323486,21.35362053,47.62732828,-122.3923908,0.548444909,-4.309999943,-2.428194467,VFR_alt,88.41364066,0.068326771,0.955623705,0.666046475,0.046520483,4.551183224,-4.309999943,0,0.14,0,0,0,0,0,0,0,0,0,0,0,0.1,0.28,0,0,0.02,0,0,0,0,0.44,0,0,0,0,0,0,0.02
EBM_W25,2025_01_28_11-25-28.jpg,1/28/2025,11:25:28,Elliott Bay Marina,4,EBM_W25_T4,0,STABILIZE,13.60853233,2.088125,28.41616349,179,2.416666667,47.6273003,-122.3923834,47.6273063,-122.3923887,-0.027469635,22.26552486,47.62731971,-122.3923787,1.093534455,-3.879999876,-2.541411954,VFR_alt,75.84677251,0.0629751,1.905400944,2.637278938,0.07002565,4.116292,-3.879999876,0,0,0,0,0,0,0,0,0,0,0,0,0,0.04,0.22,0,0.02,0.04,0.1,0,0,0,0.44,0.02,0,0,0,0,0,0.12
EBM_W25,2025_01_28_11-25-49.jpg,1/28/2025,11:25:49,Elliott Bay Marina,4,EBM_W25_T4,0,STABILIZE,13.616,1.858752735,25.30877724,195,2.638888889,47.627289,-122.3923989,47.6273004,-122.3923822,-0.680873871,22.74604416,47.62731398,-122.3923725,0.615645501,-3.349999905,-1.532056036,VFR_alt,111.4309517,0.036067731,1.072715646,0.830868056,0.052919203,3.580802917,-3.349999905,0,0,0,0,0,0,0,0,0,0,0,0,0,0.04,0.28,0,0,0.02,0.12,0,0,0,0.54,0,0,0,0,0,0,0
EBM_W25,2025_01_28_11-26-07.jpg,1/28/2025,11:26:07,Elliott Bay Marina,4,EBM_W25_T4,0,STABILIZE,13.62003024,2.075485961,28.26816898,210,2.833333333,47.6272826,-122.3923897,47.6272936,-122.392373,-1.43952179,23.44639587,47.62730716,-122.3923631,0.77693302,-3.639999866,-1.982863538,VFR_alt,119.3035701,0.059005653,1.353746928,1.322996729,0.042847006,3.877201319,-3.639999866,0,0,0,0,0,0,0,0,0,0,0,0,0.02,0.12,0.24,0,0,0,0.06,0,0,0,0.56,0,0,0,0,0,0,0
EBM_W25,2025_01_28_11-26-37.jpg,1/28/2025,11:26:37,Elliott Bay Marina,4,EBM_W25_T4,0,STABILIZE,13.59802371,2.499008621,33.98156759,228,3.083333333,47.6272571,-122.3923911,47.6272779,-122.3923602,-3.19203949,24.40530777,47.62729139,-122.3923504,1.072995695,-3.899999857,-2.539855496,VFR_alt,117.5082996,0.097367456,1.869613711,2.527784154,0.095069457,4.136631489,-3.899999857,0,0,0,0,0,0,0,0,0,0,0,0,0,0.18,0.04,0,0,0.04,0.1,0,0,0,0.62,0,0,0,0,0,0,0.02
EBM_W25,2025_01_28_11-26-52.jpg,1/28/2025,11:26:52,Elliott Bay Marina,4,EBM_W25_T4,0,STABILIZE,13.60503854,2.166359743,29.47340949,237,3.222222222,47.6272514,-122.3923778,47.6272671,-122.3923564,-4.388879776,24.69002342,47.62728063,-122.3923466,0.636381145,-4.139999866,-2.344010253,VFR_alt,99.94884237,0.088500682,1.108845935,0.887597057,0.099312375,4.375919819,-4.139999866,0.04,0.04,0,0,0,0,0,0,0,0,0,0,0,0.02,0.18,0,0,0.12,0.08,0,0,0,0.52,0,0,0,0,0,0,0
EBM_W25,2025_01_28_11-58-42.jpg,1/28/2025,11:58:42,Elliott Bay Marina,4,EBM_W25_T4,0,STABILIZE,13.6260846,1.718112798,23.41120315,1546,21,47.6272944,-122.3923677,47.6272953,-122.3923633,-1.252649307,24.16112137,47.62730884,-122.3923536,0.873297146,-3.429999828,-1.765460212,VFR_alt,289.0267174,0.036061838,1.521654118,1.673102264,3.180515514,3.661909342,-3.429999828,0,0.04,0,0,0,0,0,0,0,0,0,0,0.16,0.08,0.28,0,0,0.06,0.04,0,0,0,0.34,0,0,0,0,0,0,0
EBM_W25,2025_01_28_11-58-57.jpg,1/28/2025,11:58:57,Elliott Bay Marina,4,EBM_W25_T4,0,STABILIZE,13.62328326,1.874248927,25.53334232,1553,21.11111111,47.6272903,-122.3923968,47.6272965,-122.3923777,-1.112987518,23.08329868,47.62731009,-122.392368,0.666223137,-3.730000019,-1.85824256,VFR_alt,284.0376047,0.073901275,1.160843344,0.972636314,0.103445105,3.9602983,-3.730000019,0.02,0,0,0,0,0,0,0,0,0,0,0,0,0.1,0.3,0,0,0.04,0.04,0,0,0,0.48,0,0,0,0,0,0,0.02
EBM_W25,2025_01_28_11-59-09.jpg,1/28/2025,11:59:09,Elliott Bay Marina,4,EBM_W25_T4,0,STABILIZE,13.61981718,1.755022026,23.90308399,1560,21.19444444,47.6272951,-122.392414,47.6272976,-122.3923925,-0.995126724,21.97603989,47.62731115,-122.3923827,0.832466932,-3.939999819,-2.234405982,VFR_alt,279.4763048,0.082507836,1.450510563,1.5257894,0.117175908,4.180967331,-3.939999819,0.02,0,0,0,0,0,0,0,0,0,0,0,0,0.16,0.24,0,0,0.04,0.04,0,0,0,0.5,0,0,0,0,0,0,0
EBM_W25,2025_01_28_11-59-18.jpg,1/28/2025,11:59:18,Elliott Bay Marina,4,EBM_W25_T4,0,STABILIZE,13.62598272,1.74336933,23.7551354,1564,21.25,47.6273003,-122.3924202,47.6272976,-122.3924035,-0.984716415,21.14459419,47.62731125,-122.3923938,0.805183571,-4.009999752,-2.277031151,VFR_alt,280.64423,0.051880789,1.402971374,1.420913062,0.080593376,4.245580196,-4.009999752,0,0,0,0,0,0,0,0,0,0,0,0,0,0.4,0.18,0,0,0,0.06,0,0,0,0.3,0,0,0,0,0,0,0.06
EBM_W25,2025_01_28_11-59-30.jpg,1/28/2025,11:59:30,Elliott Bay Marina,4,EBM_W25_T4,0,STABILIZE,13.60980645,2.054215054,27.95737497,1572,21.36111111,47.6273056,-122.392424,47.6272985,-122.3924181,-0.890195847,20.05419922,47.6273121,-122.3924083,0.402215041,-3.869999886,-1.733833452,VFR_alt,272.705574,0.078017756,0.700829238,0.354857268,0.085367479,4.101806641,-3.869999886,0.02,0.02,0,0,0,0,0,0,0,0,0,0,0,0.08,0.18,0,0,0.06,0.06,0,0,0,0.48,0,0,0,0,0,0,0.1
EBM_W25,2025_01_28_11-59-42.jpg,1/28/2025,11:59:42,Elliott Bay Marina,4,EBM_W25_T4,0,STABILIZE,13.61275431,1.926724138,26.22798586,1581,21.5,47.6273097,-122.3924256,47.6272976,-122.3924334,-0.987848282,18.90297699,47.62731122,-122.3924236,0.789978429,-3.970000029,-2.221169753,VFR_alt,280.4809308,0.061570803,1.376477566,1.369351341,0.065963521,4.208261013,-3.970000029,0,0.02,0,0,0,0,0,0,0,0,0,0,0,0.1,0.38,0,0,0,0,0,0,0,0.48,0,0,0,0,0,0,0.02
EBM_W25,2025_01_28_11-59-54.jpg,1/28/2025,11:59:54,Elliott Bay Marina,4,EBM_W25_T4,0,STABILIZE,13.59058531,2.980885529,40.50868898,1588,21.58333333,47.6273148,-122.3924339,47.6272996,-122.3924424,-0.768583298,18.22629738,47.62731321,-122.3924324,0.734945998,-4.329999924,-2.525430076,VFR_alt,263.9276196,0.051388562,1.280587723,1.185447153,0.03620485,4.564847946,-4.329999924,0,0,0,0,0,0,0,0,0,0,0,0,0,0.22,0.32,0,0,0.02,0.1,0,0,0,0.32,0,0,0.02,0,0,0,0
EBM_W25,2025_01_28_12-00-12.jpg,1/28/2025,12:00:12,Elliott Bay Marina,4,EBM_W25_T4,0,STABILIZE,13.59517773,2.922077088,39.72064741,1598,21.72222222,47.6273163,-122.3924508,47.6273026,-122.3924562,-0.438053131,17.19483757,47.62731618,-122.3924461,0.770342608,-4.299999714,-2.52909418,VFR_alt,264.2742288,0.070718916,1.342263636,1.3114214,0.064981169,4.536388397,-4.299999714,0,0.14,0,0,0,0,0,0,0,0,0,0,0,0.06,0.1,0,0,0.02,0.04,0,0,0,0.64,0,0,0,0,0,0,0
EBM_W25,2025_01_28_12-00-30.jpg,1/28/2025,12:00:30,Elliott Bay Marina,4,EBM_W25_T4,0,STABILIZE,13.62117068,1.92750547,26.25406991,1608,21.86111111,47.6273178,-122.3924694,47.6273039,-122.3924699,-0.283721924,16.16967583,47.62731757,-122.3924597,0.586411352,-4.730000019,-2.772783843,VFR_alt,249.7298289,0.068883059,1.021777357,0.763789525,0.059994036,4.967591763,-4.730000019,0.02,0.04,0,0,0,0,0,0,0,0,0,0,0.02,0.28,0.18,0,0,0,0.04,0,0,0,0.42,0,0,0,0,0,0,0
EBM_W25,2025_01_28_12-00-42.jpg,1/28/2025,12:00:42,Elliott Bay Marina,4,EBM_W25_T4,0,STABILIZE,13.61966595,1.870948276,25.48036821,1615,21.97222222,47.6273287,-122.3924737,47.6273084,-122.3924808,0.211118698,15.34963799,47.62732202,-122.3924706,1.05758618,-4.529999733,-3.042199498,VFR_alt,256.8841993,0.046928652,1.842763799,2.452177582,0.068827356,4.770205975,-4.529999733,0,0,0,0,0,0,0,0,0,0,0,0,0.02,0.08,0.32,0,0,0,0.04,0,0,0,0.5,0,0,0,0,0,0,0.04
EBM_W25,2025_01_28_12-00-57.jpg,1/28/2025,12:00:57,Elliott Bay Marina,4,EBM_W25_T4,0,STABILIZE,13.59436009,3.232993492,43.94736833,1624,22.08333333,47.6273193,-122.3925091,47.6273101,-122.3924943,0.388832092,14.33607483,47.62732362,-122.3924841,0.554685445,-4.389999866,-2.397105549,VFR_alt,260.8564642,0.094802109,0.966497367,0.674745411,0.105514638,4.628565788,-4.389999866,0,0,0,0,0,0,0,0,0,0,0,0,0.02,0.06,0.26,0,0,0.1,0.04,0,0,0,0.5,0,0,0,0,0,0,0.02
EBM_W25,2025_01_28_12-01-09.jpg,1/28/2025,12:01:09,Elliott Bay Marina,4,EBM_W25_T4,0,STABILIZE,13.61839535,2.02577167,27.58728425,1630,22.16666667,47.6273292,-122.3925112,47.6273127,-122.392508,0.696998596,13.30994797,47.62732639,-122.3924978,0.559323457,-4.389999866,-2.400124262,VFR_alt,269.9945138,0.08949053,0.974578751,0.688527213,0.096403568,4.62336731,-4.389999866,0,0.02,0,0,0,0,0,0,0,0,0,0,0,0,0.58,0,0,0.08,0.02,0,0,0,0.3,0,0,0,0,0,0,0
EBM_W25,2025_01_28_12-01-21.jpg,1/28/2025,12:01:21,Elliott Bay Marina,4,EBM_W25_T4,0,STABILIZE,13.62093103,1.83012931,24.92797099,1637,22.25,47.6273355,-122.3925177,47.6273183,-122.3925186,1.32327652,12.51486588,47.62733202,-122.3925084,0.703491357,-4.619999886,-2.772846174,VFR_alt,286.5709407,0.066534586,1.225780395,1.085104825,0.08551231,4.850983143,-4.619999886,0,0.04,0,0,0,0,0,0,0,0,0,0,0.02,0.02,0.3,0,0,0.02,0.04,0,0,0,0.52,0,0,0,0,0,0,0.04
EBM_W25,2025_01_28_12-01-30.jpg,1/28/2025,12:01:30,Elliott Bay Marina,4,EBM_W25_T4,0,STABILIZE,13.61649669,1.885253863,25.67047951,1642,22.33333333,47.6273466,-122.3925261,47.6273238,-122.3925265,1.933050156,11.92329407,47.62733751,-122.3925162,0.797240573,-4.549999714,-2.795631875,VFR_alt,286.2509475,0.082298893,1.389131302,1.392773512,0.108487986,4.785858631,-4.549999714,0,0.02,0,0,0,0,0,0,0,0,0,0,0.04,0.04,0.2,0,0,0,0.02,0,0,0,0.54,0,0,0,0,0,0,0.14
EBM_W25,2025_01_28_12-01-42.jpg,1/28/2025,12:01:42,Elliott Bay Marina,4,EBM_W25_T4,0,STABILIZE,13.61852361,1.854313305,25.25337612,1649,22.41666667,47.6273547,-122.3925382,47.6273318,-122.3925379,2.819133759,11.06397629,47.62734548,-122.3925277,0.833025742,-4.730000019,-3.010304128,VFR_alt,291.4536206,0.080446812,1.451484247,1.562742767,0.104064957,4.964907646,-4.730000019,0,0.1,0,0,0,0,0,0,0,0,0,0,0,0.04,0.3,0,0,0.12,0,0,0,0,0.4,0,0,0,0,0,0,0.04
EBM_W25,2025_01_28_12-01-51.jpg,1/28/2025,12:01:51,Elliott Bay Marina,4,EBM_W25_T4,0,STABILIZE,13.60389677,2.206451613,30.01520206,1654,22.47222222,47.6273612,-122.3925441,47.6273372,-122.3925468,3.421792984,10.39342308,47.6273509,-122.3925366,0.89668815,-4.96999979,-3.313266422,VFR_alt,294.385061,0.076445047,1.56241117,1.805125224,0.081345669,5.200908661,-4.96999979,0.02,0.02,0,0,0,0,0,0,0,0,0,0,0,0.02,0.3,0,0,0.08,0.04,0,0,0,0.42,0,0.02,0.06,0,0,0,0.02
EBM_W25,2025_01_28_12-02-06.jpg,1/28/2025,12:02:06,Elliott Bay Marina,4,EBM_W25_T4,0,STABILIZE,13.61771429,2.02530303,27.58049158,1663,22.61111111,47.6273548,-122.3925503,47.6273434,-122.3925586,4.113027573,9.510238647,47.62735716,-122.3925481,0.963809499,-4.839999676,-3.249489859,VFR_alt,288.7087194,0.06835645,1.679365036,2.035548672,0.071081529,5.07806778,-4.839999676,0.02,0,0,0,0,0,0,0,0,0,0,0,0.02,0.12,0.24,0,0,0.04,0.06,0,0,0,0.5,0,0,0,0,0,0,0
EBM_W25,2025_01_28_12-02-24.jpg,1/28/2025,12:02:24,Elliott Bay Marina,4,EBM_W25_T4,0,STABILIZE,13.61376573,1.922537961,26.17269618,1673,22.75,47.6273307,-122.3925778,47.6273439,-122.3925722,4.161119461,8.492984772,47.6273576,-122.3925616,0.763579163,-4.569999695,-2.778436693,VFR_alt,292.1500302,0.052408531,1.330478844,1.277822431,0.059006594,4.808839321,-4.569999695,0,0,0,0,0,0,0,0,0,0,0,0,0,0.06,0.04,0,0,0.08,0,0,0,0,0.8,0,0,0,0,0,0,0.02
EBM_W25,2025_01_28_12-02-42.jpg,1/28/2025,12:02:42,Elliott Bay Marina,4,EBM_W25_T4,0,STABILIZE,13.62056803,1.94524838,26.49541104,1682,22.86111111,47.6273373,-122.3925797,47.627345,-122.3925822,4.289827347,7.742530823,47.62735875,-122.3925716,0.732440576,-4.170000076,-2.3462536,VFR_alt,293.1938351,0.051229412,1.276222217,1.175568089,0.04684561,4.397214413,-4.170000076,0,0.14,0,0,0,0,0,0,0,0,0,0,0.06,0.06,0.08,0.02,0,0.06,0.14,0,0,0,0.42,0,0,0,0,0,0,0.02
EBM_W25,2025_01_28_12-03-00.jpg,1/28/2025,12:03:00,Elliott Bay Marina,4,EBM_W25_T4,0,STABILIZE,13.59532747,2.48189011,33.74444035,1694,23.02777778,47.6273454,-122.3925922,47.6273476,-122.3925934,4.583341599,6.900508881,47.62736135,-122.3925824,0.791802172,-4.139999866,-2.373802038,VFR_alt,300.6583198,0.062141998,1.3796553,1.374160039,0.058005685,4.370957851,-4.139999866,0,0.02,0,0,0,0,0,0,0,0,0,0,0,0.12,0.2,0,0,0.02,0.06,0,0,0,0.52,0,0,0.06,0,0,0,0
EBM_W25,2025_01_28_12-03-15.jpg,1/28/2025,12:03:15,Elliott Bay Marina,4,EBM_W25_T4,0,STABILIZE,13.59259395,2.717343413,36.93584551,1704,23.16666667,47.627368,-122.392599,47.6273535,-122.3926091,5.231790543,5.721630096,47.62736718,-122.3925981,0.90550753,-4.480000019,-2.825213009,VFR_alt,288.1750962,0.122390604,1.577778272,1.796807464,0.114141062,4.720395088,-4.480000019,0,0.12,0,0,0,0,0,0,0,0,0,0,0,0.02,0.26,0,0,0.02,0.02,0,0,0,0.52,0,0,0.04,0,0,0,0
EBM_W25,2025_01_28_12-03-30.jpg,1/28/2025,12:03:30,Elliott Bay Marina,4,EBM_W25_T4,0,STABILIZE,13.59587636,2.464880694,33.51219768,1715,23.30555556,47.6273924,-122.3926142,47.6273584,-122.3926206,5.775522232,4.864917755,47.62737202,-122.3926095,0.798546617,-4.409999847,-2.645910178,VFR_alt,293.3750863,0.032239081,1.391406984,1.39751112,0,4.654388905,-4.409999847,0,0.04,0,0,0,0,0,0,0,0,0,0,0,0.04,0.14,0,0,0.02,0.22,0,0,0,0.48,0,0,0.04,0,0,0,0.02
EBM_W25,2025_01_28_12-04-10.jpg,1/28/2025,12:04:10,Elliott Bay Marina,4,EBM_W25_T4,2,ALT_HOLD,13.61945119,1.795488069,24.45350477,1751,23.80555556,47.6273391,-122.3926674,47.6273617,-122.3926283,6.135232925,4.279838562,47.62737522,-122.3926172,1.362255974,-3.970000029,-2.769619733,VFR_alt,297.683025,0.019947637,2.373627833,4.066988477,0.022138585,4.203785419,-3.970000029,0,0.04,0,0,0,0,0,0,0,0,0,0,0,0.14,0.14,0,0,0.06,0.08,0,0,0,0.5,0,0,0,0,0,0,0.04
EBM_W25,2025_01_28_12-04-19.jpg,1/28/2025,12:04:19,Elliott Bay Marina,4,EBM_W25_T4,2,ALT_HOLD,13.58751613,3.041526882,41.32667606,1763,23.97222222,47.6273203,-122.392679,47.6273629,-122.3926403,6.276329041,3.380661011,47.62737649,-122.3926292,1.079139756,-4.159999847,-2.678388141,VFR_alt,283.5095515,0.078513844,1.880319272,2.552269739,0.094831504,4.39698267,-4.159999847,0,0.02,0,0,0,0,0,0,0,0,0,0,0,0.24,0.08,0,0,0.04,0.04,0,0,0,0.52,0,0,0,0,0,0,0.06
EBM_W25,2025_01_28_12-04-31.jpg,1/28/2025,12:04:31,Elliott Bay Marina,4,EBM_W25_T4,2,ALT_HOLD,13.59441333,2.813088889,38.24102613,1772,24.08333333,47.6273215,-122.392692,47.6273608,-122.3926568,6.033121109,2.142471313,47.6273743,-122.3926457,0.685955531,-4.230000019,-2.35819594,VFR_alt,268.1180095,0.108628325,1.195225546,1.032480462,0.142606219,4.464605808,-4.230000019,0.02,0.04,0,0,0,0,0,0,0,0,0,0,0,0.08,0.3,0,0,0.16,0.04,0,0,0,0.3,0,0,0.02,0,0,0,0.04
EBM_W25,2025_01_28_12-04-40.jpg,1/28/2025,12:04:40,Elliott Bay Marina,4,EBM_W25_T4,2,ALT_HOLD,13.60189744,2.373589744,32.28533487,1778,24.16666667,47.627332,-122.3926763,47.6273568,-122.3926693,5.587236404,1.209117889,47.62737029,-122.3926581,0.64341878,-4.289999962,-2.377906387,VFR_alt,264.5358951,0.081913568,1.12110848,0.910775521,0.108808934,4.522875309,-4.289999962,0,0,0,0,0,0,0,0,0,0,0,0,0.02,0.18,0.22,0,0,0.12,0.2,0,0,0,0.26,0,0,0,0,0,0,0
EBM_W25,2025_01_28_12-04-52.jpg,1/28/2025,12:04:52,Elliott Bay Marina,4,EBM_W25_T4,2,ALT_HOLD,13.59627056,2.496277056,33.94004032,1786,24.27777778,47.6273552,-122.392672,47.6273544,-122.3926816,5.325605392,0.282348633,47.62736794,-122.3926704,0.832683937,-4.789999962,-3.069650656,VFR_alt,260.4159662,0.075876911,1.450888679,1.521456534,0.071723685,5.02845192,-4.789999962,0,0.04,0,0,0,0,0,0,0,0,0,0,0,0.34,0.04,0,0,0.04,0.12,0,0,0,0.36,0,0.02,0.02,0,0,0,0.02
EBM_W25,2025_01_28_12-05-07.jpg,1/28/2025,12:05:07,Elliott Bay Marina,4,EBM_W25_T4,2,ALT_HOLD,13.58544731,2.973612903,40.39789112,1796,24.41666667,47.6273665,-122.392674,47.6273545,-122.3926933,5.344957352,-0.596218109,47.62736797,-122.3926818,0.785913973,-4.480000019,-2.714269446,VFR_alt,253.6627161,0.066936498,1.369395559,1.370246145,0.060167295,4.718733311,-4.480000019,0,0.02,0,0,0,0,0,0,0,0,0,0,0,0.1,0.22,0,0,0.02,0.1,0,0,0,0.48,0,0,0.02,0,0,0,0.04
EBM_W25,2025_01_28_12-05-19.jpg,1/28/2025,12:05:19,Elliott Bay Marina,4,EBM_W25_T4,2,ALT_HOLD,13.60965152,2.08034632,28.31283623,1804,24.52777778,47.62738,-122.3926722,47.6273527,-122.3927063,5.13180542,-1.568893433,47.62736606,-122.3926947,0.539978329,-4.369999886,-2.357906012,VFR_alt,270.6492949,0.062314995,0.940871332,0.639224085,0.04719735,4.605181217,-4.369999886,0,0.02,0,0,0,0,0,0,0,0,0,0,0.02,0.06,0.16,0,0,0.14,0.02,0,0,0,0.58,0,0,0,0,0,0,0
EBM_W25,2025_01_28_12-05-37.jpg,1/28/2025,12:05:37,Elliott Bay Marina,4,EBM_W25_T4,2,ALT_HOLD,13.61294612,1.900215517,25.86750991,1818,24.72222222,47.6273255,-122.3927081,47.6273501,-122.3927255,4.851325989,-3.009052277,47.62736353,-122.3927139,1.200883551,-4.190000057,-2.836543939,VFR_alt,296.9006519,0.078114596,2.092448612,3.160168159,0.066452019,4.426197529,-4.190000057,0,0,0,0,0,0,0,0,0,0,0,0,0,0.12,0.06,0,0,0,0.02,0,0,0,0.74,0,0,0,0,0,0,0.06
CNL_S24,2024_10_08_11-38-24.jpg,10/8/2024,11:38:24,Centennial Park,5,CNL_S24_T5,21,SURFTRAK,13.62554878,1.7125,23.33380305,0,0,47.6196852,-122.3629586,47.6196969,-122.3628901,0,0,47.6196852,-122.3629586,0.673719488,-4.009999752,-1.859517369,VFR_alt,148.3095713,0.047706633,1.173905168,0.994646211,0,4.182489395,-4.009999752,0,0,0,0.02,0,0.32,0,0,0,0,0,0.16,0,0,0,0,0,0.02,0.1,0,0,0,0.04,0.08,0.12,0.02,0,0,0,0.12
CNL_S24,2024_10_08_11-38-33.jpg,10/8/2024,11:38:33,Centennial Park,5,CNL_S24_T5,21,SURFTRAK,13.62112727,1.759636364,23.96819564,5,0.083333333,47.6196874,-122.3629014,47.6196923,-122.3628916,-0.513427734,-0.106107712,47.61968058,-122.36296,0.647878766,-4.049999714,-1.874347124,VFR_alt,148.419777,0.038932022,1.128879668,0.919859904,0.041050852,4.227285385,-4.049999714,0,0,0,0,0,0.28,0.08,0,0,0,0,0.02,0,0,0,0.14,0,0.04,0.06,0,0,0,0.16,0.04,0.12,0,0,0,0,0.06
CNL_S24,2024_10_08_11-38-42.jpg,10/8/2024,11:38:42,Centennial Park,5,CNL_S24_T5,21,SURFTRAK,13.59642073,2.621585366,35.64395902,11,0.138888889,47.6196799,-122.3629222,47.6196856,-122.3628911,-1.26335144,-0.063928604,47.61967384,-122.3629595,0.692682922,-4.110000134,-1.979765573,VFR_alt,142.6220645,0.09826442,1.206947515,1.051803979,0.102040465,4.280668736,-4.110000134,0,0,0,0.02,0,0.22,0,0,0,0,0,0.28,0,0,0.02,0.06,0,0.08,0.02,0,0,0,0.02,0,0.2,0.02,0,0.02,0,0.04
CNL_S24,2024_10_08_11-38-51.jpg,10/8/2024,11:38:51,Centennial Park,5,CNL_S24_T5,21,SURFTRAK,13.61185366,2.18054878,29.68136165,16,0.222222222,47.6196753,-122.3628871,47.6196815,-122.3628874,-1.723220825,0.210975647,47.6196697,-122.3629558,0.656219482,-4.139999866,-1.973824014,VFR_alt,137.3467323,0.048232772,1.143412735,0.943647979,0.050702651,4.315350056,-4.139999866,0,0.02,0,0.04,0,0.18,0,0,0,0,0,0.16,0,0,0.02,0,0,0.1,0.3,0,0,0,0.04,0.1,0.04,0,0,0,0,0
CNL_S24,2024_10_08_11-39-00.jpg,10/8/2024,11:39:00,Centennial Park,5,CNL_S24_T5,21,SURFTRAK,13.598,2.518787879,34.25047758,21,0.305555556,47.6196687,-122.3628807,47.6196767,-122.3628824,-2.252220154,0.584018707,47.61966494,-122.3629508,0.744242408,-4.130000114,-2.052242522,VFR_alt,136.8188059,0.101564675,1.296786014,1.213994758,0.105523563,4.303450584,-4.130000114,0,0,0,0.02,0,0.24,0,0,0,0,0,0.18,0,0,0.08,0,0,0.08,0.12,0,0,0,0,0.08,0.1,0,0,0.02,0,0.08
CNL_S24,2024_10_08_11-39-09.jpg,10/8/2024,11:39:09,Centennial Park,5,CNL_S24_T5,21,SURFTRAK,13.60178049,2.304878049,31.35044634,28,0.388888889,47.6196685,-122.3628389,47.6196695,-122.3628728,-3.0610466,1.305957794,47.61965767,-122.3629412,0.672865831,-4.199999809,-2.051116612,VFR_alt,136.5443039,0.106378442,1.172417736,0.992163712,0.125673214,4.371495247,-4.199999809,0,0,0,0,0,0.1,0,0,0,0,0,0.38,0,0,0,0.02,0,0.06,0,0,0,0,0.06,0.14,0.14,0.02,0,0.02,0,0.06
CNL_S24,2024_10_08_11-39-18.jpg,10/8/2024,11:39:18,Centennial Park,5,CNL_S24_T5,21,SURFTRAK,13.608,2.088855422,28.42514458,33,0.444444444,47.6196444,-122.362894,47.6196622,-122.3628664,-3.866909027,1.784332275,47.61965042,-122.3629349,0.682469863,-4.259999752,-2.120879784,VFR_alt,136.5894175,0.07533491,1.189152034,1.020842755,0.107613795,4.432172775,-4.259999752,0,0.02,0,0.02,0,0.24,0,0,0,0,0,0.3,0,0,0,0,0,0,0.24,0,0,0,0.02,0.06,0.04,0.02,0,0,0,0.04
CNL_S24,2024_10_08_11-39-27.jpg,10/8/2024,11:39:27,Centennial Park,5,CNL_S24_T5,21,SURFTRAK,13.61257055,2.016932515,27.45566061,38,0.527777778,47.6196551,-122.3628377,47.6196562,-122.3628616,-4.539432526,2.144962311,47.61964437,-122.3629301,0.685460111,-4.279999733,-2.144007556,VFR_alt,136.5019413,0.073027245,1.194362315,1.029715633,0.088364295,4.451540947,-4.279999733,0,0.02,0,0,0,0.24,0,0,0,0,0,0.26,0,0,0.06,0.04,0,0.02,0.14,0,0,0,0.08,0.1,0.02,0,0.02,0,0,0
CNL_S24,2024_10_08_11-39-36.jpg,10/8/2024,11:39:36,Centennial Park,5,CNL_S24_T5,21,SURFTRAK,13.60636646,2.202732919,29.97111702,43,0.583333333,47.6196473,-122.3628499,47.6196501,-122.3628537,-5.21995163,2.73916626,47.61963825,-122.3629222,0.699006185,-4.279999733,-2.157739643,VFR_alt,136.562166,0.091436481,1.217965322,1.072951581,0.101566516,4.451733589,-4.279999733,0,0,0,0.02,0,0.5,0,0,0,0,0,0.1,0,0,0,0.02,0,0.04,0.04,0,0,0,0,0.04,0.06,0,0,0.18,0,0
CNL_S24,2024_10_08_11-39-45.jpg,10/8/2024,11:39:45,Centennial Park,5,CNL_S24_T5,21,SURFTRAK,13.59869091,2.578969697,35.07060558,49,0.666666667,47.6196409,-122.3628336,47.6196444,-122.3628455,-5.846710205,3.35364151,47.61963261,-122.362914,0.656545424,-4.339999676,-2.175583431,VFR_alt,129.0799451,0.109762756,1.143980664,0.944583599,0.141973184,4.510756969,-4.339999676,0,0,0,0,0,0.38,0,0,0,0,0,0.02,0,0,0.04,0.12,0,0,0.1,0,0,0,0.04,0.12,0.06,0,0,0.12,0,0
CNL_S24,2024_10_08_11-39-54.jpg,10/8/2024,11:39:54,Centennial Park,5,CNL_S24_T5,21,SURFTRAK,13.601,2.301280488,31.29971591,55,0.75,47.619647,-122.362783,47.6196394,-122.3628322,-6.404621124,4.349720001,47.6196276,-122.3629007,0.64817071,-4.289999962,-2.117702322,VFR_alt,134.5659501,0.102568983,1.129388358,0.920656115,0.135229405,4.469332695,-4.289999962,0,0,0,0.02,0,0.6,0,0,0,0,0,0.02,0,0,0.02,0,0,0.02,0,0,0,0,0,0.04,0.06,0.08,0,0.14,0,0
CNL_S24,2024_10_08_11-40-03.jpg,10/8/2024,11:40:03,Centennial Park,5,CNL_S24_T5,21,SURFTRAK,13.60308434,2.315542169,31.49841181,61,0.833333333,47.6196409,-122.3628061,47.6196341,-122.3628188,-6.996269226,5.35882473,47.61962227,-122.3628873,0.711506001,-4.230000019,-2.12178888,VFR_alt,147.4362022,0.115895334,1.239745305,1.109413324,0.109040874,4.403967381,-4.230000019,0,0.04,0,0,0,0.58,0,0,0,0,0,0,0,0,0,0.04,0,0,0.08,0,0,0,0,0.02,0,0,0,0.14,0,0.1
CNL_S24,2024_10_08_11-40-12.jpg,10/8/2024,11:40:12,Centennial Park,5,CNL_S24_T5,21,SURFTRAK,13.61456098,1.952378049,26.58077104,66,0.888888889,47.6196352,-122.3628216,47.619628,-122.3628135,-7.671062469,5.754935265,47.61961621,-122.362882,0.705670714,-4.289999962,-2.176974947,VFR_alt,150.4894357,0.069323078,1.22957776,1.091223376,0.061900942,4.464752197,-4.289999962,0,0.04,0,0.02,0,0.22,0,0,0,0,0,0.36,0,0,0,0.06,0,0.02,0.02,0,0,0,0,0.1,0.02,0.04,0,0.04,0,0.06
CNL_S24,2024_10_08_11-40-21.jpg,10/8/2024,11:40:21,Centennial Park,5,CNL_S24_T5,21,SURFTRAK,13.605,2.155783133,29.32942952,71,0.972222222,47.6196353,-122.3628295,47.6196238,-122.362814,-8.147151947,5.717167854,47.61961192,-122.3628825,0.635722881,-4.400000095,-2.218243038,VFR_alt,144.3497787,0.088002371,1.10769896,0.885625373,0.058224569,4.575596809,-4.400000095,0,0,0,0,0,0.6,0,0,0,0,0,0.2,0,0,0,0.08,0,0,0.02,0,0,0,0,0,0,0,0,0.1,0,0
CNL_S24,2024_10_08_11-40-30.jpg,10/8/2024,11:40:30,Centennial Park,5,CNL_S24_T5,21,SURFTRAK,13.58850602,3.031927711,41.19931952,76,1.027777778,47.6196144,-122.3628567,47.6196187,-122.362813,-8.712932587,5.78997612,47.61960683,-122.3628816,0.693975897,-4.380000114,-2.257822839,VFR_alt,144.6077947,0.109786964,1.209200427,1.055486666,0.100651145,4.552546024,-4.380000114,0,0,0,0,0,0.32,0,0,0,0,0,0.12,0,0,0,0.32,0,0,0.04,0,0,0,0,0.08,0,0.02,0,0.1,0,0
CNL_S24,2024_10_08_11-40-39.jpg,10/8/2024,11:40:39,Centennial Park,5,CNL_S24_T5,21,SURFTRAK,13.60628049,2.077743902,28.27042043,82,1.111111111,47.6196036,-122.3628297,47.6196115,-122.3628113,-9.515174866,5.918259621,47.61959962,-122.3628799,0.676707288,-4.420000076,-2.281908528,VFR_alt,142.6031796,0.083028178,1.179111183,1.003631577,0.08523472,4.590142727,-4.420000076,0,0,0,0.06,0,0.46,0,0,0,0,0,0.08,0,0,0,0.12,0,0,0.02,0,0,0,0.02,0,0.08,0.04,0,0.06,0,0.06
CNL_S24,2024_10_08_11-40-48.jpg,10/8/2024,11:40:48,Centennial Park,5,CNL_S24_T5,21,SURFTRAK,13.59644848,2.540545455,34.54231442,87,1.194444444,47.6195938,-122.36284,47.619605,-122.36281,-10.2324028,6.017538071,47.61959317,-122.3628785,0.670545414,-4.480000019,-2.337045101,VFR_alt,137.72723,0.096247817,1.168374586,0.98525679,0.106142028,4.652895927,-4.480000019,0,0.02,0,0,0,0.4,0,0,0,0,0,0.08,0,0,0,0.1,0,0,0,0,0,0,0.04,0.02,0.06,0,0,0.28,0,0
CNL_S24,2024_10_08_11-40-57.jpg,10/8/2024,11:40:57,Centennial Park,5,CNL_S24_T5,21,SURFTRAK,13.61254878,2.018414634,27.47581659,93,1.25,47.6195893,-122.3627996,47.619598,-122.3628081,-11.01024246,6.162727356,47.61958617,-122.3628766,0.694512184,-4.449999809,-2.332170928,VFR_alt,137.6767318,0.069973967,1.210134866,1.05953206,0.084548107,4.622053146,-4.449999809,0,0,0,0.1,0,0.62,0,0,0,0,0,0.1,0,0,0,0.06,0,0,0,0,0,0,0,0,0,0.02,0.02,0.04,0,0.04
CNL_S24,2024_10_08_11-41-06.jpg,10/8/2024,11:41:06,Centennial Park,5,CNL_S24_T5,21,SURFTRAK,13.60354321,2.390617284,32.52091148,99,1.333333333,47.6195781,-122.3627821,47.6195906,-122.3627975,-11.838871,6.957290649,47.61957872,-122.362866,0.696296288,-4.539999962,-2.424898941,VFR_alt,132.8796634,0.099282155,1.213243532,1.062422134,0.135830715,4.713849545,-4.539999962,0,0,0,0,0,0.52,0,0,0,0,0,0.18,0,0,0,0,0,0.02,0.06,0,0,0,0,0,0,0.06,0,0.16,0,0
CNL_S24,2024_10_08_11-41-15.jpg,10/8/2024,11:41:15,Centennial Park,5,CNL_S24_T5,21,SURFTRAK,13.60402439,2.537073171,34.51437317,104,1.416666667,47.6195709,-122.3627879,47.6195831,-122.3627907,-12.66975784,7.464107513,47.61957125,-122.3628593,0.677499995,-4.579999924,-2.446837477,VFR_alt,127.2464076,0.094000997,1.180492415,1.005829559,0.113529166,4.754644871,-4.579999924,0,0,0,0,0,0.6,0,0,0,0,0,0,0,0,0,0.18,0,0,0.1,0,0,0,0,0,0.02,0.02,0,0.06,0,0.02
CNL_S24,2024_10_08_11-41-24.jpg,10/8/2024,11:41:24,Centennial Park,5,CNL_S24_T5,21,SURFTRAK,13.60877576,2.148727273,29.24154958,110,1.5,47.6195599,-122.3627984,47.6195753,-122.3627828,-13.54375076,8.062621117,47.61956338,-122.3628513,0.663454509,-4.549999714,-2.403377864,VFR_alt,128.2783442,0.080641463,1.15601922,0.964567601,0.097030406,4.728025436,-4.549999714,0,0,0,0,0,0.18,0,0,0,0,0,0,0,0,0,0.28,0,0.02,0.04,0,0,0,0,0.02,0.04,0.18,0,0.2,0,0.04
CNL_S24,2024_10_08_11-41-33.jpg,10/8/2024,11:41:33,Centennial Park,5,CNL_S24_T5,21,SURFTRAK,13.616,2.037168675,27.73808867,115,1.583333333,47.6195496,-122.3628252,47.6195684,-122.3627817,-14.31232834,8.140810013,47.61955647,-122.3628503,0.700542155,-4.549999714,-2.440963801,VFR_alt,128.9823169,0.064471078,1.220641633,1.075869045,0.106925964,4.725347996,-4.549999714,0,0,0,0,0,0.18,0,0,0,0,0,0.28,0,0,0,0.18,0,0,0.1,0,0,0,0,0.02,0.08,0.06,0,0.1,0,0
CNL_S24,2024_10_08_11-41-42.jpg,10/8/2024,11:41:42,Centennial Park,5,CNL_S24_T5,21,SURFTRAK,13.59820859,2.474355828,33.6467308,121,1.638888889,47.6195449,-122.362799,47.619562,-122.3627806,-15.02487946,8.225856781,47.61955006,-122.3628492,0.636257658,-4.619999886,-2.44715097,VFR_alt,114.6693162,0.090383596,1.108630768,0.887113583,0.107577777,4.798448086,-4.619999886,0,0,0,0,0,0.38,0,0,0,0,0,0.06,0,0,0,0.02,0,0,0.18,0,0,0,0,0.1,0.04,0.12,0,0.1,0,0
CNL_S24,2024_10_08_11-41-51.jpg,10/8/2024,11:41:51,Centennial Park,5,CNL_S24_T5,21,SURFTRAK,13.60598225,2.34739645,31.9382458,127,1.722222222,47.6195369,-122.3627861,47.6195549,-122.3627745,-15.80884171,8.685202599,47.61954301,-122.3628431,0.682130168,-4.480000019,-2.353529304,VFR_alt,118.8300349,0.083376711,1.188560141,1.019746777,0.126553243,4.653516293,-4.480000019,0,0.04,0,0.08,0,0.16,0,0,0,0,0,0,0,0,0.02,0.16,0,0.02,0.14,0,0,0,0,0.04,0.06,0.1,0,0.16,0,0.02
CNL_S24,2024_10_08_11-42-00.jpg,10/8/2024,11:42:00,Centennial Park,5,CNL_S24_T5,21,SURFTRAK,13.61618182,2.079272727,28.31166327,133,1.805555556,47.6195282,-122.3627824,47.6195483,-122.3627689,-16.55081177,9.101947784,47.61953634,-122.3628375,0.680000007,-4.489999771,-2.361999778,VFR_alt,119.1090453,0.077161617,1.184848497,1.013224998,0.092670808,4.664588451,-4.489999771,0,0.02,0,0,0,0.18,0,0,0,0,0,0.12,0,0,0.02,0.02,0,0,0.24,0,0,0,0.04,0.04,0.04,0.08,0,0.2,0,0
CNL_S24,2024_10_08_11-42-09.jpg,10/8/2024,11:42:09,Centennial Park,5,CNL_S24_T5,21,SURFTRAK,13.60083333,2.463518519,33.5058937,139,1.888888889,47.6195223,-122.3627691,47.6195404,-122.3627618,-17.42819595,9.632295609,47.61952845,-122.3628305,0.639999986,-4.420000076,-2.252740453,VFR_alt,120.7060198,0.109072604,1.11515149,0.897527967,0.129004786,4.592453957,-4.420000076,0,0,0,0,0,0.56,0,0,0,0,0,0.16,0,0,0.08,0,0,0.02,0.08,0,0,0,0,0.02,0,0,0,0,0,0.08
CNL_S24,2024_10_08_11-42-18.jpg,10/8/2024,11:42:18,Centennial Park,5,CNL_S24_T5,21,SURFTRAK,13.60943713,2.304131737,31.35792683,144,1.972222222,47.6195167,-122.3627269,47.6195336,-122.3627487,-18.18907928,10.62159729,47.6195216,-122.3628173,0.696766458,-4.329999924,-2.220364276,VFR_alt,119.5183211,0.109260415,1.214062768,1.063854183,0.12151838,4.508138657,-4.329999924,0,0.02,0,0,0,0.66,0,0,0,0,0,0,0,0,0.08,0.02,0,0.04,0.04,0,0,0,0,0.02,0.06,0,0,0,0,0.06
CNL_S24,2024_10_08_11-42-27.jpg,10/8/2024,11:42:27,Centennial Park,5,CNL_S24_T5,21,SURFTRAK,13.61621818,1.930666667,26.28834412,149,2.027777778,47.6195131,-122.3627267,47.6195273,-122.3627383,-18.88461685,11.40200996,47.61951535,-122.3628069,0.64296968,-4.289999962,-2.127503079,VFR_alt,120.8521679,0.074720555,1.120325957,0.90729022,0.093103713,4.461984158,-4.289999962,0,0,0,0,0,0.3,0,0,0,0,0,0.1,0,0,0.3,0.02,0,0.06,0.06,0,0,0,0,0,0.08,0,0,0.04,0,0.04
CNL_S24,2024_10_08_11-42-36.jpg,10/8/2024,11:42:36,Centennial Park,5,CNL_S24_T5,21,SURFTRAK,13.60302469,2.50382716,34.0593537,155,2.111111111,47.6195136,-122.3626816,47.6195207,-122.3627225,-19.61590576,12.58129406,47.61950877,-122.3627912,0.63975305,-4.159999847,-1.995260845,VFR_alt,122.9430367,0.122938329,1.114721224,0.899064472,0.183878401,4.333076,-4.159999847,0,0,0,0,0,0.5,0,0,0,0,0,0.06,0,0,0.06,0,0,0.06,0.12,0,0,0,0.04,0,0,0.02,0,0,0,0.14
CNL_S24,2024_10_08_11-42-45.jpg,10/8/2024,11:42:45,Centennial Park,5,CNL_S24_T5,21,SURFTRAK,13.59540964,2.765180723,37.59358349,162,2.194444444,47.619514,-122.3626517,47.6195146,-122.3627041,-20.30057144,13.96130753,47.61950261,-122.3627729,0.696506001,-4.089999676,-1.982988028,VFR_alt,133.5322668,0.123386809,1.213608941,1.064547219,0.183076774,4.264080048,-4.089999676,0,0,0,0.04,0,0.44,0,0,0,0,0,0,0,0,0.16,0,0,0,0.14,0,0,0,0.02,0.02,0.08,0.02,0,0,0,0.08
CNL_S24,2024_10_08_11-42-54.jpg,10/8/2024,11:42:54,Centennial Park,5,CNL_S24_T5,21,SURFTRAK,13.60423636,2.421030303,32.93626588,168,2.277777778,47.6195151,-122.3626588,47.619509,-122.3626897,-20.92089081,15.04786968,47.61949703,-122.3627584,0.687636354,-4.059999943,-1.945053874,VFR_alt,142.9832736,0.108519186,1.198154253,1.036260756,0.135315573,4.239130497,-4.059999943,0,0,0,0,0,0.62,0,0,0,0,0,0,0,0,0.06,0,0,0,0.08,0,0,0,0,0.02,0.16,0,0,0,0,0.06
CNL_S24,2024_10_08_11-43-03.jpg,10/8/2024,11:43:03,Centennial Park,5,CNL_S24_T5,21,SURFTRAK,13.60164458,2.59253012,35.26268554,174,2.361111111,47.6195156,-122.3626546,47.6195039,-122.3626819,-21.48863983,15.63040042,47.61949193,-122.3627507,0.701927707,-4.089999676,-1.990202263,VFR_alt,157.3299055,0.10210511,1.223055853,1.080287178,0.101451698,4.269523144,-4.089999676,0,0.04,0,0,0,0.5,0,0,0,0,0.02,0,0,0,0.12,0,0,0.04,0.06,0,0,0,0.04,0.06,0.02,0,0,0.02,0,0.08
CNL_S24,2024_10_08_11-43-12.jpg,10/8/2024,11:43:12,Centennial Park,5,CNL_S24_T5,21,SURFTRAK,13.59540964,2.731144578,37.1306894,181,2.472222222,47.6195114,-122.3626314,47.6194978,-122.36267,-22.17256927,16.5221498,47.61948578,-122.3627388,0.663855394,-4.170000076,-2.032890756,VFR_alt,158.5926229,0.119863093,1.156717733,0.966155683,0.132655903,4.340172291,-4.170000076,0,0.02,0,0,0,0.48,0,0,0,0,0,0,0,0,0.2,0,0,0.12,0.06,0,0,0,0,0.08,0.02,0,0,0,0,0.02
CNL_S24,2024_10_08_11-43-21.jpg,10/8/2024,11:43:21,Centennial Park,5,CNL_S24_T5,21,SURFTRAK,13.60794545,2.090848485,28.45221752,187,2.555555556,47.6195094,-122.362653,47.6194935,-122.3626649,-22.65236664,16.90672445,47.61948146,-122.3627337,0.66745452,-4.289999962,-2.157164934,VFR_alt,158.2370921,0.073465962,1.162988936,0.976716346,0.062605159,4.461235523,-4.289999962,0,0,0,0.04,0,0.48,0,0,0,0,0,0,0,0,0.16,0.02,0,0,0.06,0,0,0,0,0.08,0.06,0,0,0,0,0.1
CNL_S24,2024_10_08_11-43-30.jpg,10/8/2024,11:43:30,Centennial Park,5,CNL_S24_T5,21,SURFTRAK,13.60340741,2.454259259,33.38626148,193,2.611111111,47.6195116,-122.3626879,47.61949,-122.3626606,-23.03777695,17.22486448,47.61947799,-122.3627295,0.652345658,-4.329999924,-2.182660262,VFR_alt,153.1173528,0.11567368,1.136662889,0.933318045,0.082703055,4.502426624,-4.329999924,0,0,0,0,0,0.56,0,0,0,0,0,0,0,0,0.36,0,0,0.04,0.02,0,0,0,0,0,0,0,0,0,0,0.02
CNL_S24,2024_10_08_11-43-39.jpg,10/8/2024,11:43:39,Centennial Park,5,CNL_S24_T5,21,SURFTRAK,13.59890244,2.659756098,36.16989732,199,2.722222222,47.6195046,-122.3626571,47.6194862,-122.3626585,-23.46102142,17.38359261,47.61947419,-122.3627274,0.771951206,-4.309999943,-2.282813414,VFR_alt,156.9330472,0.10264434,1.345066496,1.306665433,0.067338349,4.485918999,-4.309999943,0,0,0,0,0,0.44,0,0,0,0,0,0,0,0,0.26,0.02,0,0.02,0.2,0,0,0,0,0,0,0,0,0,0,0.06
CNL_S24,2024_10_08_11-43-48.jpg,10/8/2024,11:43:48,Centennial Park,5,CNL_S24_T5,21,SURFTRAK,13.59509146,2.740853659,37.26211256,206,2.805555556,47.6194969,-122.362668,47.6194817,-122.3626536,-23.96234512,17.75619781,47.61946968,-122.3627224,0.714512176,-4.429999828,-2.34587951,VFR_alt,153.4904255,0.103979091,1.244983337,1.119518301,0.077627707,4.607302189,-4.429999828,0,0,0,0,0,0.46,0,0,0,0,0,0.04,0,0,0.02,0,0,0.06,0.02,0,0,0,0.08,0.1,0.16,0.02,0,0,0,0.04
CNL_S24,2024_10_08_11-43-57.jpg,10/8/2024,11:43:57,Centennial Park,5,CNL_S24_T5,21,SURFTRAK,13.6002284,2.641728395,35.92809543,213,2.888888889,47.6194835,-122.3626327,47.6194768,-122.3626454,-24.5036869,18.36992276,47.61946481,-122.3627142,0.655987625,-4.559999943,-2.417832265,VFR_alt,153.2929338,0.106125277,1.14300874,0.943369275,0.109835078,4.738544941,-4.559999943,0,0,0,0,0,0.16,0,0,0,0,0,0,0,0,0.08,0.28,0,0.06,0.26,0,0,0,0,0.02,0.06,0.06,0,0.02,0,0
CNL_S24,2024_10_08_11-44-06.jpg,10/8/2024,11:44:06,Centennial Park,5,CNL_S24_T5,21,SURFTRAK,13.60059036,2.539216867,34.53477687,219,2.972222222,47.6194743,-122.3626478,47.6194706,-122.3626365,-25.20151901,19.03427657,47.61945853,-122.3627054,0.632108419,-4.559999943,-2.394416901,VFR_alt,153.4738728,0.10344814,1.101401033,0.876131789,0.088709151,4.73959446,-4.559999943,0,0,0,0,0,0.5,0,0,0,0,0,0,0,0,0.18,0.02,0,0.04,0.04,0,0,0,0.08,0.06,0.02,0.02,0,0.04,0,0
CNL_S24,2024_10_08_11-44-15.jpg,10/8/2024,11:44:15,Centennial Park,5,CNL_S24_T5,21,SURFTRAK,13.57710429,4.317791411,58.62310896,226,3.083333333,47.619462,-122.3626392,47.6194638,-122.36263,-25.95352173,19.52578881,47.61945177,-122.3626989,0.659509183,-4.519999981,-2.382287532,VFR_alt,153.7005797,0.134026043,1.149144788,0.954545649,0.131992041,4.69192791,-4.519999981,0,0,0,0,0,0.5,0,0,0.02,0,0,0.12,0.02,0,0.18,0,0,0.08,0,0,0,0,0,0.04,0,0,0,0,0,0.04
CNL_S24,2024_10_08_11-57-58.jpg,10/8/2024,11:57:58,Centennial Park,5,CNL_S24_T5,21,SURFTRAK,13.60256442,2.351656442,31.98852123,761,10.36111111,47.6194621,-122.3625686,47.619436,-122.3625693,-29.04032516,24.07300949,47.61942401,-122.3626384,0.626932513,-4.159999847,-2.052744513,VFR_alt,279.7559515,0.094231184,1.09238241,0.861353879,0.129492937,4.333763599,-4.159999847,0,0,0,0,0,0.62,0,0,0,0,0.02,0,0,0,0.02,0,0,0.04,0.12,0,0,0,0,0.06,0.02,0,0,0,0,0.1
CNL_S24,2024_10_08_11-58-07.jpg,10/8/2024,11:58:07,Centennial Park,5,CNL_S24_T5,21,SURFTRAK,13.60922561,2.102256098,28.61002829,767,10.44444444,47.6194576,-122.3625632,47.6194438,-122.3625772,-28.17228508,23.47621155,47.61943181,-122.3626463,0.71432926,-4.289999962,-2.270858255,VFR_alt,281.0440876,0.079431265,1.24466462,1.119054704,0.094114047,4.461220741,-4.289999962,0,0,0,0,0,0.64,0,0,0,0,0,0,0,0,0.1,0,0,0.04,0.14,0,0,0,0.04,0.02,0,0,0,0.02,0,0
CNL_S24,2024_10_08_11-58-16.jpg,10/8/2024,11:58:16,Centennial Park,5,CNL_S24_T5,21,SURFTRAK,13.6222,1.870727273,25.48260855,772,10.5,47.6194519,-122.3625589,47.61945,-122.362579,-27.48288345,23.34048533,47.61943801,-122.3626481,0.651393914,-4.360000134,-2.278359597,VFR_alt,283.1352515,0.077783179,1.135004548,0.929984707,0.070520826,4.541521549,-4.360000134,0,0,0,0.02,0,0.6,0,0,0,0,0,0,0,0,0,0,0,0.02,0.08,0,0,0,0.06,0.14,0,0.02,0,0.04,0,0.02
CNL_S24,2024_10_08_11-58-25.jpg,10/8/2024,11:58:25,Centennial Park,5,CNL_S24_T5,21,SURFTRAK,13.60051829,2.301463415,31.30105701,779,10.61111111,47.6194563,-122.3625968,47.6194562,-122.3625886,-26.78911018,22.62313461,47.61944425,-122.3626576,0.724634133,-4.360000134,-2.351844597,VFR_alt,304.2109247,0.082298489,1.262620081,1.150967823,0.116825637,4.528425217,-4.360000134,0,0,0,0.06,0,0.28,0,0,0,0,0,0,0,0,0.18,0,0,0.02,0.08,0,0,0,0.04,0.12,0.06,0,0,0.16,0,0
CNL_S24,2024_10_08_11-58-34.jpg,10/8/2024,11:58:34,Centennial Park,5,CNL_S24_T5,21,SURFTRAK,13.6043253,2.306987952,31.38504482,784,10.66666667,47.6194578,-122.3626044,47.619462,-122.3625946,-26.147295,22.17582679,47.61945003,-122.3626636,0.629036128,-4.319999695,-2.216388178,VFR_alt,297.4259608,0.091983771,1.096047798,0.870686711,0.097509039,4.493732929,-4.319999695,0,0,0,0,0,1,0,0,0,0,0,0,0,0,0,0,0,0,0,0,0,0,0,0,0,0,0,0,0,0
CNL_S24,2024_10_08_11-58-43.jpg,10/8/2024,11:58:43,Centennial Park,5,CNL_S24_T5,21,SURFTRAK,13.6080303,1.994121212,27.13550455,789,10.72222222,47.6194584,-122.3626101,47.6194665,-122.3625991,-25.64006042,21.83270288,47.61945459,-122.3626682,0.668363619,-4.199999809,-2.135844037,VFR_alt,299.7631584,0.084600116,1.164572973,0.979073605,0.07407298,4.370762348,-4.199999809,0,0,0,0,0,0.42,0,0,0,0,0,0,0,0,0.2,0,0,0.06,0.08,0,0,0,0.06,0.08,0.04,0,0,0,0,0.06
CNL_S24,2024_10_08_11-58-52.jpg,10/8/2024,11:58:52,Centennial Park,5,CNL_S24_T5,21,SURFTRAK,13.6164303,1.925757576,26.22195836,794,10.80555556,47.6194621,-122.3626247,47.6194717,-122.3626089,-25.06266022,21.10221052,47.61945978,-122.3626779,0.638484835,-4.139999866,-2.046168773,VFR_alt,300.0609815,0.091320815,1.112511454,0.893473528,0.092015973,4.31538868,-4.139999866,0,0,0,0.06,0,0.56,0,0,0,0,0,0.02,0,0,0.06,0,0,0.08,0.08,0,0,0,0,0.04,0.04,0,0,0,0,0.06
CNL_S24,2024_10_08_11-59-01.jpg,10/8/2024,11:59:01,Centennial Park,5,CNL_S24_T5,21,SURFTRAK,13.60168153,2.417643312,32.88382318,800,10.88888889,47.6194663,-122.3626464,47.6194764,-122.3626208,-24.55724144,20.24068254,47.61946433,-122.3626893,0.665222907,-4.119999886,-2.053274486,VFR_alt,296.2759884,0.117902123,1.159100519,0.969844129,0.09653704,4.290815353,-4.119999886,0,0,0,0,0,0.42,0,0,0,0,0,0.04,0,0,0.06,0,0,0,0,0,0,0,0.16,0.04,0.2,0,0,0,0,0.08
CNL_S24,2024_10_08_11-59-10.jpg,10/8/2024,11:59:10,Centennial Park,5,CNL_S24_T5,21,SURFTRAK,13.5993908,2.464712644,33.5186031,806,10.97222222,47.6194682,-122.3626396,47.6194811,-122.3626274,-24.01420593,19.71394101,47.61946921,-122.3626964,0.625632168,-4.069999695,-1.964272875,VFR_alt,300.1962332,0.121448595,1.090116657,0.858536655,0.15876389,4.244912624,-4.069999695,0,0,0,0,0,0.42,0,0,0,0,0,0,0,0,0.26,0,0,0.08,0.18,0,0,0,0.02,0,0,0,0,0,0,0.04
CNL_S24,2024_10_08_11-59-19.jpg,10/8/2024,11:59:19,Centennial Park,5,CNL_S24_T5,21,SURFTRAK,13.60424,2.303714286,31.34049954,812,11.05555556,47.6194726,-122.3626412,47.6194859,-122.3626347,-23.48072815,19.16208619,47.61947401,-122.3627037,0.76039999,-4,-2.029819189,VFR_alt,296.4608834,0.11723131,1.324939377,1.267596751,0.120361705,4.178527832,-4,0,0,0,0,0,0.66,0,0,0,0,0,0.06,0,0,0.04,0,0,0.02,0.1,0,0,0,0.02,0.02,0.04,0,0,0,0,0.04
CNL_S24,2024_10_08_11-59-28.jpg,10/8/2024,11:59:28,Centennial Park,5,CNL_S24_T5,21,SURFTRAK,13.60783436,2.093803681,28.49209454,817,11.11111111,47.6194753,-122.3626615,47.6194898,-122.3626442,-23.05284882,18.44805288,47.61947786,-122.3627132,0.62490795,-4.150000095,-2.045245325,VFR_alt,302.4147966,0.098170826,1.088854762,0.856722657,0.100262538,4.32548666,-4.150000095,0,0,0,0,0,0.68,0,0,0,0,0,0,0,0,0.02,0.02,0,0.04,0,0,0,0,0.14,0.02,0.06,0,0,0.02,0,0
CNL_S24,2024_10_08_11-59-37.jpg,10/8/2024,11:59:37,Centennial Park,5,CNL_S24_T5,21,SURFTRAK,13.60906098,2.22652439,30.30066677,822,11.19444444,47.6194793,-122.3626695,47.619494,-122.362652,-22.5841713,17.8670876,47.61948207,-122.3627209,0.636768281,-3.99000001,-1.898114567,VFR_alt,311.1259403,0.096618361,1.10952049,0.889533991,0.091671571,4.162702084,-3.99000001,0,0,0,0,0,0.54,0,0,0,0,0,0,0,0,0.1,0,0,0.04,0.24,0,0,0,0.02,0.02,0,0,0,0,0,0.04
CNL_S24,2024_10_08_11-59-46.jpg,10/8/2024,11:59:46,Centennial Park,5,CNL_S24_T5,21,SURFTRAK,13.60283636,2.251393939,30.625384,828,11.25,47.6194839,-122.3626673,47.6194994,-122.3626576,-21.98221588,17.44892752,47.61948749,-122.3627265,0.684545447,-3.849999905,-1.806942567,VFR_alt,310.6448394,0.113181856,1.192768582,1.027263438,0.090210538,4.021672726,-3.849999905,0,0,0,0,0,0.52,0,0,0,0,0,0,0,0,0.2,0.02,0,0.06,0,0,0,0,0.02,0.06,0.08,0,0,0,0,0.04
CNL_S24,2024_10_08_11-59-55.jpg,10/8/2024,11:59:55,Centennial Park,5,CNL_S24_T5,21,SURFTRAK,13.61658182,1.98,26.960832,833,11.33333333,47.6194883,-122.3626955,47.6195044,-122.3626648,-21.42738724,16.90515161,47.61949248,-122.3627337,0.715939367,-3.799999952,-1.789380439,VFR_alt,306.2723545,0.075149819,1.247470109,1.123382696,0.076506342,3.970564127,-3.799999952,0,0,0,0.02,0,0.42,0,0,0,0,0,0,0,0,0.16,0.02,0,0.02,0.1,0,0,0,0.08,0.04,0.08,0,0,0.04,0,0.02
CNL_S24,2024_10_08_12-00-04.jpg,10/8/2024,12:00:04,Centennial Park,5,CNL_S24_T5,21,SURFTRAK,13.60439157,2.390481928,32.52113169,839,11.41666667,47.6194934,-122.3627103,47.619509,-122.3626767,-20.90718079,16.01634741,47.61949716,-122.3627455,0.696987943,-3.799999952,-1.771417413,VFR_alt,302.4879259,0.106104957,1.214448688,1.065188791,0.118603912,3.978732824,-3.799999952,0,0,0,0.02,0,0.14,0,0,0,0,0,0,0,0,0.2,0.04,0,0.02,0.26,0,0,0,0.1,0.06,0.1,0.04,0,0.02,0,0
CNL_S24,2024_10_08_12-00-13.jpg,10/8/2024,12:00:13,Centennial Park,5,CNL_S24_T5,21,SURFTRAK,13.60882927,2.163658537,29.44473073,845,11.5,47.6194961,-122.3627079,47.6195131,-122.3626832,-20.45954132,15.52764177,47.61950118,-122.362752,0.680731705,-3.769999981,-1.726060886,VFR_alt,294.5551809,0.09613602,1.186123425,1.015613946,0.088004445,3.950336695,-3.769999981,0,0,0,0,0,0.54,0,0,0,0,0.02,0,0,0,0.18,0,0,0.06,0.06,0,0,0,0.02,0.02,0.04,0.02,0,0.02,0,0.02
CNL_S24,2024_10_08_12-00-22.jpg,10/8/2024,12:00:22,Centennial Park,5,CNL_S24_T5,21,SURFTRAK,13.60192121,2.426545455,33.00557709,850,11.55555556,47.619504,-122.362705,47.6195163,-122.3626946,-20.09796524,14.67325354,47.61950444,-122.3627634,0.591939372,-3.809999943,-1.67806392,VFR_alt,291.7872672,0.106745059,1.031409511,0.767866866,0.103445053,3.980511904,-3.809999943,0,0,0,0.02,0,0.66,0,0,0,0,0.02,0.02,0,0,0.1,0.02,0,0.02,0.06,0,0,0,0,0,0,0,0,0,0,0.08
CNL_S24,2024_10_08_12-00-31.jpg,10/8/2024,12:00:31,Centennial Park,5,CNL_S24_T5,21,SURFTRAK,13.60834146,2.107439024,28.67863073,855,11.63888889,47.6195092,-122.3627023,47.6195191,-122.3627047,-19.78894043,13.91466093,47.61950721,-122.3627735,0.639817059,-3.809999943,-1.726618157,VFR_alt,294.7776921,0.099971607,1.114832754,0.897302164,0.085882683,3.989802837,-3.809999943,0,0.02,0,0,0,0.54,0,0,0,0,0,0.02,0,0,0.2,0,0,0.06,0.1,0,0,0,0,0,0.02,0.02,0,0,0,0.02
CNL_S24,2024_10_08_12-00-40.jpg,10/8/2024,12:00:40,Centennial Park,5,CNL_S24_T5,21,SURFTRAK,13.59517365,2.733892216,37.16735425,861,11.72222222,47.6195147,-122.3626914,47.6195229,-122.3627126,-19.36827469,13.31781292,47.619511,-122.3627814,0.71389219,-3.789999962,-1.781236422,VFR_alt,289.2425968,0.1216057,1.243903059,1.117120713,0.098776419,3.966810226,-3.789999962,0,0,0,0,0,0.58,0,0,0,0,0,0,0,0,0.16,0,0,0,0.1,0,0,0,0.02,0.06,0.04,0,0.02,0,0,0.02
CNL_S24,2024_10_08_12-00-49.jpg,10/8/2024,12:00:49,Centennial Park,5,CNL_S24_T5,21,SURFTRAK,13.61760606,1.848181818,25.16776606,867,11.80555556,47.6195117,-122.3627403,47.6195261,-122.3627226,-19.00963593,12.56903219,47.61951422,-122.3627914,0.701575744,-3.9599998,-1.939314914,VFR_alt,296.0971151,0.085018022,1.222442585,1.078927321,0.099380946,4.129769325,-3.9599998,0,0,0,0.02,0,0.74,0,0,0,0,0,0,0,0,0.1,0,0,0.04,0,0,0,0,0,0,0.04,0.02,0,0,0,0.04
CNL_S24,2024_10_08_12-00-58.jpg,10/8/2024,12:00:58,Centennial Park,5,CNL_S24_T5,21,SURFTRAK,13.61139394,2.152666667,29.30078497,872,11.86111111,47.6195257,-122.3626498,47.6195298,-122.3627288,-18.60020828,12.10035896,47.61951791,-122.3627976,0.636242414,-4.069999695,-1.984213987,VFR_alt,298.7110627,0.098852399,1.108604205,0.88707116,0.062852667,4.245736122,-4.069999695,0,0,0,0,0,0.32,0,0,0,0,0.02,0.26,0,0,0.04,0,0,0,0.08,0,0,0,0,0,0.2,0.02,0,0.02,0,0.04
CNL_S24,2024_10_08_12-01-07.jpg,10/8/2024,12:01:07,Centennial Park,5,CNL_S24_T5,21,SURFTRAK,13.60885455,2.067212121,28.13239982,878,11.94444444,47.6195234,-122.3627205,47.6195344,-122.3627328,-18.08172607,11.80007553,47.61952257,-122.3628016,0.67084847,-4.089999676,-2.038881742,VFR_alt,301.8944268,0.110787648,1.168902637,0.986325919,0.079349456,4.265192032,-4.089999676,0,0,0,0,0,0.72,0,0,0,0,0,0.02,0,0,0.06,0.02,0,0.06,0.06,0,0,0,0,0.02,0,0,0,0,0,0.04
CNL_S24,2024_10_08_12-01-16.jpg,10/8/2024,12:01:16,Centennial Park,5,CNL_S24_T5,21,SURFTRAK,13.60945455,2.146909091,29.21833891,883,12.02777778,47.6195279,-122.3627361,47.6195384,-122.3627407,-17.63684845,11.21351242,47.61952657,-122.3628094,0.667515133,-4.139999866,-2.085482,VFR_alt,307.6165464,0.107872737,1.163094551,0.976566303,0.093365168,4.317117214,-4.139999866,0,0,0,0,0,0.82,0,0,0,0,0,0,0,0,0.02,0,0,0,0.04,0,0,0,0,0.02,0.06,0,0,0.02,0,0.02
CNL_S24,2024_10_08_12-01-25.jpg,10/8/2024,12:01:25,Centennial Park,5,CNL_S24_T5,21,SURFTRAK,13.62389634,1.661768293,22.63973341,888,12.08333333,47.6195375,-122.3627281,47.6195421,-122.3627476,-17.22870255,10.68952751,47.61953024,-122.3628164,0.712195098,-4.069999695,-2.060033527,VFR_alt,307.4700407,0.056419884,1.240946005,1.111648563,0.035770675,4.248999119,-4.069999695,0,0,0,0,0,0.52,0,0,0,0,0,0,0,0,0,0,0,0.08,0.16,0,0,0,0.04,0.02,0.02,0.02,0,0.02,0,0.12
CNL_S24,2024_10_08_12-01-34.jpg,10/8/2024,12:01:34,Centennial Park,5,CNL_S24_T5,21,SURFTRAK,13.61287273,1.914666667,26.06383588,893,12.16666667,47.6195448,-122.3627233,47.6195457,-122.3627501,-16.82864761,10.50417137,47.61953384,-122.3628189,0.688242424,-4.099999905,-2.065957914,VFR_alt,307.4992528,0.070329083,1.199210283,1.038066888,0.052263616,4.27200985,-4.099999905,0,0,0,0.02,0,0.58,0,0,0,0,0,0.02,0,0,0.04,0,0,0.08,0.08,0,0,0,0.06,0.06,0,0,0,0.06,0,0
CNL_S24,2024_10_08_12-01-43.jpg,10/8/2024,12:01:43,Centennial Park,5,CNL_S24_T5,21,SURFTRAK,13.60831707,2.07195122,28.19574756,898,12.22222222,47.6195526,-122.3627281,47.61955,-122.3627547,-16.34430695,10.15999889,47.6195382,-122.3628234,0.676585363,-4.150000095,-2.104249809,VFR_alt,307.136679,0.083787157,1.178898739,1.003177376,0.062025649,4.328865051,-4.150000095,0,0,0,0,0,0.36,0,0,0,0,0,0,0,0,0.08,0.08,0,0.04,0.12,0,0,0,0.06,0.02,0.06,0.02,0,0.1,0,0.06
CNL_S24,2024_10_08_12-01-52.jpg,10/8/2024,12:01:52,Centennial Park,5,CNL_S24_T5,21,SURFTRAK,13.62056522,1.827267081,24.88840652,903,12.27777778,47.6195522,-122.3627675,47.6195542,-122.3627588,-15.88144684,9.852631569,47.61954236,-122.3628275,0.658447197,-4.179999828,-2.116198841,VFR_alt,312.4977141,0.064301398,1.147294358,0.95091643,0.073323504,4.352561951,-4.179999828,0,0,0,0.02,0,0.34,0,0,0,0,0,0,0,0,0.02,0.1,0,0.08,0.16,0.02,0,0,0.06,0.02,0,0,0,0.1,0,0.08
CNL_S24,2024_10_08_12-02-01.jpg,10/8/2024,12:02:01,Centennial Park,5,CNL_S24_T5,21,SURFTRAK,13.61405488,2.077804878,28.28737207,909,12.36111111,47.6195642,-122.3627658,47.61956,-122.36277,-15.23057556,9.009633064,47.61954821,-122.3628387,0.700670719,-4.21999979,-2.198715258,VFR_alt,333.4204874,0.085726479,1.220865647,1.075988994,0.097423712,4.39198494,-4.21999979,0,0,0,0.02,0,0.28,0,0,0,0,0,0,0,0,0,0.04,0,0,0.22,0,0,0.02,0.04,0.06,0.04,0.02,0,0.26,0,0
CNL_S24,2024_10_08_12-02-10.jpg,10/8/2024,12:02:10,Centennial Park,5,CNL_S24_T5,21,SURFTRAK,13.60664024,2.380121951,32.38533287,915,12.44444444,47.6195727,-122.362772,47.6195686,-122.3627767,-14.2810173,8.506513596,47.61955675,-122.3628454,0.666097538,-4.170000076,-2.114680913,VFR_alt,338.815302,0.130080148,1.160624498,0.972508106,0.12847684,4.351551056,-4.170000076,0,0,0,0,0,0.7,0,0,0,0,0,0,0,0,0,0.02,0,0,0.02,0,0,0,0,0,0.04,0,0,0.22,0,0
CNL_S24,2024_10_08_12-02-19.jpg,10/8/2024,12:02:19,Centennial Park,5,CNL_S24_T5,21,SURFTRAK,13.61456173,1.907592593,25.97046235,920,12.5,47.6195842,-122.3627701,47.619576,-122.3627834,-13.44940567,8.004935265,47.61956423,-122.3628521,0.668271585,-4.179999828,-2.127602474,VFR_alt,342.1772809,0.082860625,1.16441261,0.97887941,0.081882453,4.357580662,-4.179999828,0,0,0,0,0,0.18,0,0,0,0,0,0.38,0,0,0,0.14,0,0,0,0,0,0.02,0.04,0.06,0,0,0,0.14,0,0.04
CNL_S24,2024_10_08_12-02-28.jpg,10/8/2024,12:02:28,Centennial Park,5,CNL_S24_T5,21,SURFTRAK,13.60109091,2.572424242,34.98575576,926,12.58333333,47.6195952,-122.3627437,47.6195831,-122.3627858,-12.66030884,7.823543549,47.61957133,-122.3628545,0.686909085,-4.139999866,-2.107146901,VFR_alt,353.2295299,0.083675575,1.196887043,1.034220933,0.091339654,4.317701817,-4.139999866,0,0,0,0.02,0,0.56,0,0,0,0,0,0,0,0,0,0.2,0,0,0.02,0,0,0,0,0.02,0.04,0,0,0.06,0,0.08
CNL_S24,2024_10_08_12-02-37.jpg,10/8/2024,12:02:37,Centennial Park,5,CNL_S24_T5,21,SURFTRAK,13.6225061,1.761585366,23.99703476,933,12.69444444,47.6196094,-122.3627315,47.6195944,-122.362785,-11.40143204,7.883548737,47.61958265,-122.3628537,0.622560962,-4.099999905,-2.003814746,VFR_alt,166.9215636,0.107823543,1.084765312,0.849719062,0.135547528,4.281623363,-4.099999905,0,0,0,0.02,0,0.46,0,0,0,0,0,0.04,0,0,0,0.14,0,0,0.26,0,0,0,0,0.04,0,0,0,0.02,0,0.02
CNL_S24,2024_10_08_12-02-46.jpg,10/8/2024,12:02:46,Centennial Park,5,CNL_S24_T5,21,SURFTRAK,13.60207831,2.423012048,32.95794657,939,12.77777778,47.6196183,-122.3627774,47.6196046,-122.3627881,-10.26461792,7.6507864,47.61959288,-122.3628568,0.694518066,-4.079999924,-2.056846753,VFR_alt,354.4350082,0.127025565,1.210145114,1.057006006,0.133047957,4.251110554,-4.079999924,0,0,0,0.1,0,0.4,0,0,0,0,0,0.04,0.02,0,0.06,0.06,0,0.04,0.12,0,0,0,0.04,0.02,0,0,0,0.04,0,0.06
CNL_S24,2024_10_08_12-02-55.jpg,10/8/2024,12:02:55,Centennial Park,5,CNL_S24_T5,21,SURFTRAK,13.583,3.717926829,50.5006022,946,12.88888889,47.6196272,-122.3628005,47.6196149,-122.3627947,-9.122898102,7.161598206,47.61960315,-122.3628633,0.689146336,-4.029999733,-2.002558586,VFR_alt,350.9392282,0.12308692,1.200785282,1.040877219,0.140330848,4.211506367,-4.029999733,0,0,0,0,0,0.5,0,0,0,0,0,0.02,0,0,0,0.14,0,0.02,0.1,0,0,0,0.04,0.04,0,0.02,0,0.08,0,0.04
CNL_S24,2024_10_08_12-03-04.jpg,10/8/2024,12:03:04,Centennial Park,5,CNL_S24_T5,21,SURFTRAK,13.58686747,3.218795181,43.73321446,954,12.97222222,47.6196464,-122.3627628,47.6196258,-122.3628011,-7.910667419,6.676815987,47.61961405,-122.3628698,0.630843368,-4.059999943,-1.975299275,VFR_alt,353.6840945,0.147365503,1.099196777,0.872643005,0.156806811,4.232711792,-4.059999943,0,0,0,0.18,0,0.46,0,0,0,0,0,0.02,0,0,0,0.06,0,0.02,0.24,0,0,0,0,0.02,0,0,0,0,0,0
CNL_W25,2025_01_27_11-31-30.jpg,1/27/2025,11:31:30,Centennial Park,5,CNL_W25_T5,21,SURFTRAK,13.58336593,3.43126183,46.60441921,0,0,47.6195193,-122.3627444,47.6195354,-122.3627082,0,0,47.6195193,-122.3627444,0.681955839,-4.610000134,-2.676637709,VFR_alt,348.5398383,0.067768913,1.188256386,1.019111586,0,5.134233952,-4.610000134,0,0.06,0,0,0,0,0,0,0,0,0,0.04,0,0,0.1,0,0,0,0.02,0,0,0,0,0,0.12,0.06,0.02,0.58,0,0
CNL_W25,2025_01_27_11-31-42.jpg,1/27/2025,11:31:42,Centennial Park,5,CNL_W25_T5,21,SURFTRAK,13.58171246,4.104376997,55.74446658,14,0.194444444,47.6195236,-122.362753,47.6195408,-122.3627211,0.608452797,-0.961863041,47.61952477,-122.3627572,0.73658146,-4.569999695,-2.689513022,VFR_alt,346.9464875,0.086775338,1.283437392,1.188921727,0.091543085,5.095853329,-4.569999695,0,0.02,0,0,0,0,0,0,0,0,0,0,0,0,0,0.02,0,0.06,0,0,0,0,0.02,0,0.06,0.08,0.02,0.72,0,0
CNL_W25,2025_01_27_11-31-54.jpg,1/27/2025,11:31:54,Centennial Park,5,CNL_W25_T5,21,SURFTRAK,13.56546753,4.712077922,63.92146935,29,0.388888889,47.6195393,-122.3627357,47.6195482,-122.3627306,1.43313694,-1.675900936,47.61953219,-122.3627667,0.778279194,-4.549999714,-2.709289369,VFR_alt,351.7815603,0.111603385,1.356092535,1.32776108,0.094396377,5.073914051,-4.549999714,0,0.06,0,0,0,0.02,0,0,0,0,0,0.04,0,0,0,0.06,0,0,0,0,0,0,0.02,0.06,0.12,0.14,0,0.46,0,0.02
CNL_W25,2025_01_27_11-32-06.jpg,1/27/2025,11:32:06,Centennial Park,5,CNL_W25_T5,21,SURFTRAK,13.59483962,2.936446541,39.92048079,40,0.555555556,47.6195538,-122.362729,47.6195581,-122.3627292,2.533154488,-1.573284626,47.61954208,-122.3627653,0.607893086,-4.529999733,-2.516859496,VFR_alt,328.0439341,0.091448467,1.059207649,0.809770615,0.08182644,5.051568031,-4.529999733,0,0,0,0,0,0.04,0,0,0,0,0,0,0,0,0,0.02,0,0,0,0,0,0,0.02,0,0.12,0.12,0,0.68,0,0
CNL_W25,2025_01_27_11-32-18.jpg,1/27/2025,11:32:18,Centennial Park,5,CNL_W25_T5,21,SURFTRAK,13.58822152,3.303797468,44.89273481,51,0.694444444,47.6195576,-122.3627583,47.6195668,-122.3627362,3.501095772,-2.096390724,47.61955079,-122.3627723,0.686202533,-4.400000095,-2.463110727,VFR_alt,325.4516235,0.082258423,1.195655929,1.031844892,0.09009271,4.924520016,-4.400000095,0,0.02,0,0,0,0.02,0,0,0,0,0,0,0,0,0,0.04,0,0,0.02,0,0,0,0,0.08,0.18,0.1,0.02,0.52,0,0
CNL_W25,2025_01_27_11-32-30.jpg,1/27/2025,11:32:30,Centennial Park,5,CNL_W25_T5,21,SURFTRAK,13.57588608,4.369082278,59.31259946,63,0.861111111,47.6195647,-122.362768,47.6195754,-122.362747,4.455592155,-2.905249834,47.61955937,-122.362783,0.72325946,-4.299999714,-2.39825991,VFR_alt,327.0626465,0.111899093,1.260224816,1.146315077,0.121444784,4.822253227,-4.299999714,0,0.02,0,0,0,0.04,0,0,0,0,0,0,0,0,0.02,0,0,0.02,0.04,0,0,0,0,0.04,0.1,0.12,0.02,0.58,0,0
CNL_W25,2025_01_27_11-32-39.jpg,1/27/2025,11:32:39,Centennial Park,5,CNL_W25_T5,21,SURFTRAK,13.58964241,3.267405063,44.4028737,71,0.972222222,47.6195727,-122.3627699,47.6195815,-122.362753,5.132561684,-3.35961318,47.61956546,-122.3627891,0.709810105,-4.279999733,-2.36358068,VFR_alt,331.8566837,0.080677727,1.236790335,1.104012583,0.082945835,4.801488876,-4.279999733,0,0,0,0,0,0,0,0,0,0,0,0,0,0,0,0.08,0,0,0.02,0,0,0,0.02,0.06,0.12,0.1,0,0.6,0,0
CNL_W25,2025_01_27_11-32-51.jpg,1/27/2025,11:32:51,Centennial Park,5,CNL_W25_T5,21,SURFTRAK,13.59121905,3.137619048,42.64383695,82,1.111111111,47.6195775,-122.3627717,47.6195881,-122.3627567,5.867243767,-3.633141518,47.61957207,-122.3627927,0.689841268,-4.21999979,-2.282374735,VFR_alt,332.0135027,0.063937211,1.201996148,1.042768322,0.061064472,4.742903233,-4.21999979,0,0,0,0,0,0.02,0,0,0,0,0,0,0,0,0,0,0,0.02,0,0,0,0,0.02,0.08,0,0,0.02,0.84,0,0
CNL_W25,2025_01_27_11-33-03.jpg,1/27/2025,11:33:03,Centennial Park,5,CNL_W25_T5,21,SURFTRAK,13.57351592,4.357579618,59.14690688,94,1.277777778,47.6195882,-122.3627684,47.6195948,-122.3627629,6.616316795,-4.10565865,47.61957881,-122.362799,0.71085985,-4.170000076,-2.252769849,VFR_alt,331.8507384,0.104536958,1.238619436,1.107293595,0.104882185,4.693621159,-4.170000076,0,0,0,0,0,0.06,0,0,0,0,0,0,0,0,0.02,0.02,0,0,0,0,0,0,0,0.04,0.04,0,0,0.82,0,0
CNL_W25,2025_01_27_11-33-18.jpg,1/27/2025,11:33:18,Centennial Park,5,CNL_W25_T5,21,SURFTRAK,13.59891429,2.459428571,33.445376,109,1.472222222,47.6195977,-122.3627965,47.6196066,-122.3627702,7.928143501,-4.653424978,47.61959061,-122.3628063,0.663047583,-4.089999676,-2.125017412,VFR_alt,333.2857422,0.050730183,1.155310182,0.963420637,0.03754889,4.620110512,-4.089999676,0,0,0,0,0,0.08,0,0,0,0,0,0,0,0,0,0.08,0,0,0.04,0,0,0,0,0.06,0.08,0,0.02,0.64,0,0
CNL_W25,2025_01_27_11-33-27.jpg,1/27/2025,11:33:27,Centennial Park,5,CNL_W25_T5,21,SURFTRAK,13.58934286,3.123809524,42.45029105,117,1.583333333,47.6196124,-122.3627878,47.6196111,-122.3627767,8.431977272,-5.134175658,47.61959514,-122.3628127,0.722539658,-4,-2.094764988,VFR_alt,323.9399601,0.065233814,1.258970617,1.144246571,0.076782576,4.523559093,-4,0,0.02,0,0,0,0,0,0,0,0,0,0,0,0,0,0.12,0,0,0.02,0,0,0,0.02,0.06,0.06,0.02,0,0.68,0,0
CNL_W25,2025_01_27_11-33-39.jpg,1/27/2025,11:33:39,Centennial Park,5,CNL_W25_T5,21,SURFTRAK,13.59334395,3.116210191,42.35920755,128,1.722222222,47.6196122,-122.3628334,47.6196181,-122.3627844,9.211915016,-5.715088304,47.61960215,-122.3628204,0.718089143,-4,-2.090615537,VFR_alt,331.9834395,0.075255251,1.251215931,1.129988161,0.096474677,4.523900032,-4,0,0,0,0,0,0.04,0,0,0,0,0,0,0.02,0,0,0.04,0,0,0,0,0,0,0.04,0,0.04,0,0,0.82,0,0
CNL_W25,2025_01_27_11-33-51.jpg,1/27/2025,11:33:51,Centennial Park,5,CNL_W25_T5,21,SURFTRAK,13.58406667,3.364666667,45.70585133,139,1.888888889,47.6196377,-122.3628164,47.6196278,-122.3627936,10.2930479,-6.404643357,47.61961188,-122.3628296,0.708730138,-3.980000019,-2.061204103,VFR_alt,331.693633,0.093799253,1.234908575,1.100675879,0.110197128,4.509431839,-3.980000019,0,0,0,0.02,0,0.04,0,0,0,0,0,0,0.02,0,0,0.08,0,0,0,0,0,0,0,0,0.04,0.02,0,0.78,0,0
CNL_W25,2025_01_27_11-34-03.jpg,1/27/2025,11:34:03,Centennial Park,5,CNL_W25_T5,21,SURFTRAK,13.58886076,3.334177215,45.3076519,150,2.027777778,47.6196673,-122.3627427,47.6196382,-122.3627941,11.45180798,-6.435808599,47.6196223,-122.36283,0.754999995,-3.9599998,-2.086732909,VFR_alt,329.1050872,0.068526129,1.315530295,1.249220484,0.091263502,4.480272293,-3.9599998,0,0.04,0,0,0,0,0,0,0,0,0,0,0,0,0,0.04,0,0,0,0,0,0,0,0.02,0.06,0,0,0.84,0,0
CNL_W25,2025_01_27_11-34-12.jpg,1/27/2025,11:34:12,Centennial Park,5,CNL_W25_T5,21,SURFTRAK,13.58070064,3.737611465,50.75930134,159,2.166666667,47.619659,-122.362777,47.6196466,-122.3627936,12.38549709,-6.401961565,47.6196307,-122.3628296,0.722452196,-4.009999752,-2.103094976,VFR_alt,335.5744106,0.082206727,1.25881822,1.143776848,0.104363839,4.53118372,-4.009999752,0,0.04,0,0,0,0.02,0,0,0,0,0,0,0,0,0,0.08,0,0,0,0,0,0,0,0,0.04,0,0,0.82,0,0
CNL_W25,2025_01_27_11-34-24.jpg,1/27/2025,11:34:24,Centennial Park,5,CNL_W25_T5,21,SURFTRAK,13.57381761,4.684559748,63.58673418,173,2.361111111,47.6196415,-122.3628654,47.6196542,-122.3628005,13.23517132,-6.922749043,47.61963834,-122.3628365,0.699999988,-4.059999943,-2.128753758,VFR_alt,341.266277,0.08414765,1.219696949,1.073702902,0.099248367,4.581483841,-4.059999943,0,0,0,0,0,0,0,0,0,0,0,0,0,0,0,0.06,0,0,0,0,0,0,0.06,0.04,0.1,0.02,0,0.72,0,0
CNL_W25,2025_01_27_11-34-33.jpg,1/27/2025,11:34:33,Centennial Park,5,CNL_W25_T5,21,SURFTRAK,13.58550476,3.341142857,45.39117829,182,2.472222222,47.6196461,-122.3628821,47.6196607,-122.3628099,13.95917797,-7.627123117,47.61964485,-122.3628459,0.641365064,-4.089999676,-2.098599463,VFR_alt,340.3320151,0.108835514,1.117530035,0.901386616,0.110667104,4.615286827,-4.089999676,0,0,0,0,0,0.04,0,0,0,0,0,0,0,0,0,0,0,0.02,0.02,0,0,0,0,0.02,0.16,0.12,0,0.62,0,0
CNL_W25,2025_01_27_11-34-45.jpg,1/27/2025,11:34:45,Centennial Park,5,CNL_W25_T5,21,SURFTRAK,13.58399355,3.774,51.26589503,194,2.638888889,47.6196711,-122.3628521,47.6196672,-122.3628231,14.67677784,-8.620503426,47.61965131,-122.3628591,0.697741926,-4.049999714,-2.113144045,VFR_alt,332.5739427,0.081789787,1.215762446,1.066994916,0.102051759,4.572684288,-4.049999714,0,0.02,0,0,0,0,0,0,0,0,0,0,0,0,0,0.02,0,0,0.04,0,0,0,0,0.08,0.14,0.04,0,0.66,0,0
CNL_W25,2025_01_27_11-34-54.jpg,1/27/2025,11:34:54,Centennial Park,5,CNL_W25_T5,21,SURFTRAK,13.56532581,4.713258065,63.93684535,206,2.777777778,47.619664,-122.3628506,47.6196736,-122.3628309,15.38586521,-9.204789162,47.61965768,-122.3628668,0.727580607,-4.049999714,-2.141977962,VFR_alt,337.7251737,0.107395878,1.267754088,1.160019626,0.103695189,4.572458267,-4.049999714,0,0,0,0,0,0.02,0,0,0,0,0,0,0,0,0,0,0,0,0.02,0,0,0,0,0.06,0.16,0.04,0,0.7,0,0
CNL_W25,2025_01_27_11-35-03.jpg,1/27/2025,11:35:03,Centennial Park,5,CNL_W25_T5,21,SURFTRAK,13.58189423,3.800833333,51.62248583,215,2.916666667,47.6196314,-122.3629271,47.6196789,-122.3628395,15.98408413,-9.851768017,47.61966306,-122.3628755,0.704871778,-4.079999924,-2.148771573,VFR_alt,340.1056152,0.096421985,1.228185674,1.08892632,0.103624946,4.603294849,-4.079999924,0,0,0,0,0,0.1,0,0,0,0,0,0,0,0,0,0,0,0,0.02,0,0,0,0.06,0.02,0.12,0.04,0,0.64,0,0
CNL_W25,2025_01_27_11-35-15.jpg,1/27/2025,11:35:15,Centennial Park,5,CNL_W25_T5,21,SURFTRAK,13.58548701,3.306818182,44.92465812,227,3.083333333,47.6196418,-122.3629244,47.619686,-122.3628525,16.76501369,-10.82636023,47.61967009,-122.3628884,0.664902581,-4.089999676,-2.118957618,VFR_alt,346.2769411,0.093681514,1.158542377,0.969089423,0.081953523,4.616034985,-4.089999676,0,0.04,0,0,0,0.08,0,0,0,0,0,0,0,0,0,0.04,0,0,0,0,0,0,0,0.1,0.26,0.04,0.02,0.42,0,0
CNL_W25,2025_01_27_11-35-24.jpg,1/27/2025,11:35:24,Centennial Park,5,CNL_W25_T5,21,SURFTRAK,13.597,2.760830671,37.53901463,235,3.194444444,47.6196169,-122.362982,47.6196859,-122.3628666,16.75257397,-11.88371229,47.61966998,-122.3629025,0.706964838,-3.939999819,-2.011527048,VFR_alt,332.1767467,0.083260531,1.231832672,1.095358959,0.16604138,4.468426228,-3.939999819,0,0,0,0,0,0.06,0,0,0,0,0,0.02,0,0,0,0.12,0,0,0,0,0,0,0.04,0.2,0.18,0.06,0,0.32,0,0
CNL_W25,2025_01_27_11-35-33.jpg,1/27/2025,11:35:33,Centennial Park,5,CNL_W25_T5,21,SURFTRAK,13.56788571,4.729142857,64.16459057,246,3.333333333,47.6196366,-122.3629588,47.619682,-122.3628873,16.3217802,-13.43889284,47.6196661,-122.3629232,0.7506349,-3.939999819,-2.055831575,VFR_alt,333.6199256,0.127786656,1.307924447,1.235133952,0.124331463,4.461082458,-3.939999819,0,0,0,0,0,0,0,0,0,0,0,0,0,0,0,0.06,0,0,0.04,0,0,0,0.08,0.08,0.34,0.06,0,0.34,0,0
CNL_W25,2025_01_27_11-35-45.jpg,1/27/2025,11:35:45,Centennial Park,5,CNL_W25_T5,21,SURFTRAK,13.60169737,2.533059211,34.45389664,257,3.472222222,47.6196446,-122.362982,47.6196902,-122.3628992,17.23308468,-14.32809639,47.6196743,-122.362935,0.648552609,-3.99000001,-2.004471338,VFR_alt,341.8654916,0.085855366,1.130053789,0.921968812,0.086055776,4.514612198,-3.99000001,0,0.02,0,0.02,0,0.02,0,0,0,0,0,0,0,0,0.02,0,0,0,0,0.02,0,0,0.1,0.1,0.26,0.14,0.02,0.28,0,0
CNL_W25,2025_01_27_11-36-00.jpg,1/27/2025,11:36:00,Centennial Park,5,CNL_W25_T5,21,SURFTRAK,13.59880317,2.534095238,34.46058337,268,3.638888889,47.6197168,-122.3628856,47.6196997,-122.3629053,18.2927351,-14.78347492,47.61968383,-122.3629411,0.732158702,-3.829999924,-1.928158626,VFR_alt,327.9536023,0.066638919,1.275731072,1.174672663,0.080249483,4.350308418,-3.829999924,0,0.08,0,0,0,0.02,0,0,0,0,0,0.04,0.04,0,0,0.02,0,0.02,0,0,0,0,0.02,0.18,0.24,0.04,0,0.3,0,0
CNL_W25,2025_01_27_11-36-12.jpg,1/27/2025,11:36:12,Centennial Park,5,CNL_W25_T5,21,SURFTRAK,13.58814241,3.127721519,42.48546877,277,3.75,47.619754,-122.3628782,47.6197041,-122.3629056,18.78312969,-14.8098774,47.61968824,-122.3629414,0.729746819,-3.839999914,-1.934756099,VFR_alt,335.0327642,0.040066524,1.271528548,1.167120035,0.065860187,4.365207195,-3.839999914,0,0.06,0,0,0,0,0,0,0,0,0,0.02,0,0,0.08,0.02,0,0,0.02,0,0,0,0.1,0.06,0.36,0.04,0,0.24,0,0
CNL_W25,2025_01_27_11-36-21.jpg,1/27/2025,11:36:21,Centennial Park,5,CNL_W25_T5,21,SURFTRAK,13.58098403,3.594376997,48.81487824,285,3.861111111,47.6197431,-122.3629196,47.6197117,-122.3629124,19.63537502,-15.31844711,47.6196959,-122.3629482,0.705846628,-3.779999971,-1.849630483,VFR_alt,333.6425735,0.114369327,1.229884276,1.091766884,0.137779206,4.306494713,-3.779999971,0,0,0,0,0,0,0,0,0,0,0,0,0,0,0.02,0,0,0.02,0,0,0,0,0.1,0.08,0.44,0.02,0.02,0.28,0,0.02
CNL_W25,2025_01_27_11-36-33.jpg,1/27/2025,11:36:33,Centennial Park,5,CNL_W25_T5,21,SURFTRAK,13.58738217,3.255191083,44.22954621,295,4,47.6197502,-122.3628949,47.6197221,-122.3629181,20.78711224,-15.7453804,47.61970626,-122.3629539,0.70098724,-3.789999962,-1.852812553,VFR_alt,323.9364278,0.086327965,1.22141716,1.078524279,0.116384362,4.31125927,-3.789999962,0,0,0,0,0,0.02,0,0,0,0,0,0,0.02,0,0,0,0,0,0.02,0,0,0,0.06,0.22,0.48,0.02,0,0.16,0,0
CNL_W25,2025_01_27_11-36-42.jpg,1/27/2025,11:36:42,Centennial Park,5,CNL_W25_T5,21,SURFTRAK,13.58575316,3.477753165,47.24801237,304,4.111111111,47.6197251,-122.3629837,47.6197302,-122.3629268,21.6923399,-16.39993382,47.6197144,-122.3629626,0.720506298,-3.819999933,-1.900836617,VFR_alt,322.7016501,0.116015808,1.25542764,1.137828228,0.128547774,4.3422575,-3.819999933,0,0.02,0,0.04,0,0.02,0.02,0,0,0,0,0.1,0,0,0,0,0,0,0,0,0,0,0.06,0.14,0.32,0.04,0,0.22,0,0.02
CNL_W25,2025_01_27_11-36-51.jpg,1/27/2025,11:36:51,Centennial Park,5,CNL_W25_T5,21,SURFTRAK,13.59042492,3.04313099,41.35729553,311,4.222222222,47.6197838,-122.3629243,47.6197374,-122.3629374,22.48996258,-17.19550133,47.61972158,-122.3629731,0.757028747,-3.829999924,-1.946028049,VFR_alt,318.1969476,0.088911692,1.319065241,1.256006992,0.111819747,4.359874249,-3.829999924,0,0,0,0,0,0,0,0,0,0,0,0,0,0,0,0,0,0,0,0,0,0,0.04,0.22,0.5,0.04,0,0.18,0,0.02
CNL_W25,2025_01_27_11-37-01.jpg,1/27/2025,11:37:01,Centennial Park,5,CNL_W25_T5,21,SURFTRAK,13.5760443,4.324810127,58.70863146,321,4.361111111,47.6197655,-122.3630535,47.6197443,-122.3629494,23.26536083,-18.09671974,47.61972855,-122.3629851,0.78433541,-3.889999866,-2.032251923,VFR_alt,319.181119,0.094934604,1.366645033,1.348080248,0.152283685,4.419597626,-3.889999866,0,0,0,0,0,0,0,0,0,0,0,0.08,0,0,0,0,0,0,0.04,0,0,0,0.06,0.26,0.3,0.02,0,0.24,0,0
CNL_W25,2025_01_27_11-37-10.jpg,1/27/2025,11:37:10,Centennial Park,5,CNL_W25_T5,21,SURFTRAK,13.58484295,3.485801282,47.35373631,330,4.472222222,47.6198121,-122.3628612,47.619752,-122.3629547,24.12043285,-18.4956398,47.61973624,-122.3629904,0.715288435,-4.029999733,-2.102704931,VFR_alt,319.5416352,0.090334746,1.24633591,1.121433052,0.102826462,4.556097507,-4.029999733,0,0,0,0,0,0.02,0,0,0,0,0,0,0,0,0,0,0,0,0.04,0,0,0,0.06,0.14,0.32,0.04,0,0.38,0,0
CNL_W25,2025_01_27_11-37-22.jpg,1/27/2025,11:37:22,Centennial Park,5,CNL_W25_T5,21,SURFTRAK,13.60773734,2.347658228,31.94397139,340,4.611111111,47.6198075,-122.3627515,47.6197641,-122.3629506,25.45982265,-18.18572998,47.61974829,-122.3629863,0.705537957,-4.210000038,-2.272837361,VFR_alt,321.3865822,0.083194257,1.229346441,1.090915833,0.082859983,4.730301857,-4.210000038,0,0,0,0,0,0.12,0,0,0,0,0,0,0,0,0,0.02,0,0,0,0,0,0,0.02,0.16,0.18,0.04,0,0.46,0,0
CNL_W25,2025_01_27_11-37-34.jpg,1/27/2025,11:37:34,Centennial Park,5,CNL_W25_T5,21,SURFTRAK,13.59507987,2.681469649,36.45471687,348,4.722222222,47.6197884,-122.3628762,47.6197719,-122.3629516,26.33160686,-18.25787354,47.61975613,-122.3629873,0.698370597,-4.329999924,-2.385919958,VFR_alt,321.4544738,0.094553772,1.216857858,1.068917903,0.081976159,4.852831841,-4.329999924,0,0,0,0,0,0.02,0,0,0,0,0,0,0.02,0,0,0.02,0,0,0.02,0,0,0,0.04,0.2,0.3,0.06,0,0.32,0,0
CNL_W25,2025_01_27_11-37-46.jpg,1/27/2025,11:37:46,Centennial Park,5,CNL_W25_T5,21,SURFTRAK,13.60083706,2.641789137,35.93010933,357,4.861111111,47.6197411,-122.3629938,47.6197799,-122.3629582,27.22512341,-18.75450611,47.61976417,-122.3629939,0.70801915,-4.409999847,-2.475902245,VFR_alt,330.656308,0.089034995,1.233669731,1.098551991,0.091767106,4.938858509,-4.409999847,0,0,0,0,0,0,0,0,0,0,0,0,0.02,0,0,0,0,0,0,0,0,0,0.02,0.16,0.6,0.02,0,0.18,0,0
CNL_W25,2025_01_27_11-37-58.jpg,1/27/2025,11:37:58,Centennial Park,5,CNL_W25_T5,21,SURFTRAK,13.59972524,2.476932907,33.68547425,366,4.972222222,47.6197881,-122.3629459,47.6197853,-122.3629695,27.82743359,-19.60445595,47.61976959,-122.3630052,0.707412122,-4.449999809,-2.515428995,VFR_alt,331.1500292,0.079646697,1.23261203,1.096679296,0.073112811,4.969706059,-4.449999809,0,0,0,0,0,0.06,0,0,0,0,0,0,0,0,0,0,0,0,0.02,0,0,0,0.04,0.08,0.44,0.14,0,0.22,0,0
CNL_W25,2025_01_27_11-51-37.jpg,1/27/2025,11:51:37,Centennial Park,5,CNL_W25_T5,21,SURFTRAK,13.61944295,1.792147651,24.40788785,880,11.97222222,47.6197423,-122.3629162,47.61973,-122.3629712,21.66182995,-19.72131157,47.61971413,-122.3630067,0.794697958,-3.519999981,-1.632661846,VFR_alt,124.1269494,0.085011602,1.384700987,1.384017842,6.16671091,4.048435211,-3.519999981,0,0.02,0,0,0,0.06,0,0,0,0,0,0.02,0.04,0,0.02,0.02,0,0,0.02,0,0,0,0.1,0.16,0.36,0,0,0.18,0,0
CNL_W25,2025_01_27_11-51-49.jpg,1/27/2025,11:51:49,Centennial Park,5,CNL_W25_T5,21,SURFTRAK,13.60806711,2.004026846,27.27092805,886,12.05555556,47.6197087,-122.3629973,47.6197261,-122.3629559,21.21876812,-18.57838249,47.61971015,-122.3629915,0.776577156,-3.49000001,-1.582038247,VFR_alt,115.4905221,0.099707163,1.353126862,1.321669259,0.104500118,4.010740757,-3.49000001,0,0,0,0.08,0,0,0,0,0,0,0,0,0,0,0.02,0,0,0.02,0.04,0,0,0,0.06,0.14,0.5,0,0,0.14,0,0
CNL_W25,2025_01_27_11-52-01.jpg,1/27/2025,11:52:01,Centennial Park,5,CNL_W25_T5,21,SURFTRAK,13.61558621,1.856896552,25.28265517,893,12.13888889,47.6197231,-122.3629353,47.6197198,-122.3629458,20.5255537,-17.8207798,47.61970391,-122.3629815,0.787172378,-3.480000019,-1.581093949,VFR_alt,132.9308968,0.075635513,1.371588235,1.357819272,0.08035427,4.003295898,-3.480000019,0,0,0,0.1,0,0,0,0,0,0,0,0,0,0,0.02,0.02,0,0,0.02,0,0,0,0.14,0.06,0.52,0.02,0,0.1,0,0
CNL_W25,2025_01_27_11-52-13.jpg,1/27/2025,11:52:13,Centennial Park,5,CNL_W25_T5,21,SURFTRAK,13.6169396,1.880805369,25.61064376,899,12.22222222,47.6197289,-122.3628768,47.6197149,-122.362929,19.97951794,-16.55765724,47.619699,-122.3629647,0.775637559,-3.519999981,-1.609293691,VFR_alt,134.589763,0.099418941,1.351489687,1.318498595,0.119251823,4.041013241,-3.519999981,0,0,0,0,0,0,0,0,0,0,0,0,0.02,0,0.02,0.08,0,0.02,0.06,0,0,0,0.1,0.1,0.54,0.02,0,0.04,0,0
CNL_W25,2025_01_27_11-52-22.jpg,1/27/2025,11:52:22,Centennial Park,5,CNL_W25_T5,21,SURFTRAK,13.61407947,1.80192053,24.53141841,904,12.27777778,47.6196993,-122.3629109,47.61971,-122.362917,19.42930126,-15.65407753,47.61969405,-122.3629526,0.787880759,-3.529999971,-1.631941068,VFR_alt,137.1094745,0.095948191,1.372822534,1.360302701,0.108919759,4.052213669,-3.529999971,0,0,0,0,0,0,0,0,0,0,0,0.08,0,0,0.04,0,0,0.02,0.08,0,0,0,0.12,0.14,0.3,0.02,0,0.18,0,0.02
CNL_W25,2025_01_27_11-52-34.jpg,1/27/2025,11:52:34,Centennial Park,5,CNL_W25_T5,21,SURFTRAK,13.60775168,1.911677852,26.01376201,910,12.36111111,47.6197078,-122.3628535,47.6197019,-122.3629057,18.53442669,-14.81289005,47.619686,-122.3629415,0.817248318,-3.539999962,-1.672220375,VFR_alt,154.0040133,0.089296357,1.423993281,1.463872834,0.125573235,4.064858437,-3.539999962,0,0.02,0,0.04,0,0,0,0,0,0,0,0,0,0,0.04,0.02,0,0,0.14,0,0,0,0.22,0.2,0.14,0,0,0.18,0,0
CNL_W25,2025_01_27_11-52-46.jpg,1/27/2025,11:52:46,Centennial Park,5,CNL_W25_T5,21,SURFTRAK,13.61380132,1.99781457,27.19643576,917,12.47222222,47.6196955,-122.3628467,47.619696,-122.3628881,17.87219524,-13.48527336,47.61968005,-122.3629238,0.807549651,-3.569999933,-1.693366424,VFR_alt,142.4896044,0.098197168,1.407094088,1.429541292,0.132274112,4.09385252,-3.569999933,0,0,0,0,0,0,0,0,0,0,0,0.02,0,0,0.16,0.04,0,0,0.02,0,0,0,0.24,0.16,0.16,0.02,0,0.16,0,0.02
CNL_W25,2025_01_27_11-52-58.jpg,1/27/2025,11:52:58,Centennial Park,5,CNL_W25_T5,21,SURFTRAK,13.61574497,1.791543624,24.39293315,924,12.55555556,47.6196933,-122.3628048,47.6196886,-122.3628708,17.04429913,-12.18745089,47.6196726,-122.3629065,0.783154331,-3.679999828,-1.779210783,VFR_alt,157.0327003,0.059079247,1.364587092,1.343996258,0.114801063,4.20157814,-3.679999828,0,0.02,0,0.04,0,0,0,0,0,0,0,0.06,0,0,0,0.02,0,0.02,0,0,0,0,0.1,0.1,0.28,0.04,0,0.32,0,0
CNL_W25,2025_01_27_11-53-13.jpg,1/27/2025,11:53:13,Centennial Park,5,CNL_W25_T5,21,SURFTRAK,13.61120946,1.924324324,26.19174527,932,12.66666667,47.6196861,-122.3627806,47.6196819,-122.3628507,16.29876995,-10.6820159,47.61966589,-122.3628865,0.807972951,-3.649999857,-1.772870616,VFR_alt,156.7562517,0.085926439,1.407831657,1.430621734,0.133965668,4.179584503,-3.649999857,0,0,0,0.14,0,0,0,0,0,0,0,0,0,0,0,0.04,0,0.02,0.04,0,0,0,0.1,0.12,0.18,0,0,0.36,0,0
CNL_W25,2025_01_27_11-53-22.jpg,1/27/2025,11:53:22,Centennial Park,5,CNL_W25_T5,21,SURFTRAK,13.60335811,2.309797297,31.42052128,937,12.72222222,47.6196914,-122.3627689,47.6196769,-122.3628375,15.74833012,-9.695668697,47.61966094,-122.3628734,0.778378351,-3.7099998,-1.801973737,VFR_alt,159.2856291,0.107894525,1.356265309,1.327740487,0.12876305,4.231106758,-3.7099998,0,0.02,0,0.02,0,0,0,0,0,0,0,0,0,0,0,0.02,0,0,0.02,0,0,0,0.08,0.1,0.1,0.04,0,0.6,0,0
CNL_W25,2025_01_27_11-53-34.jpg,1/27/2025,11:53:34,Centennial Park,5,CNL_W25_T5,21,SURFTRAK,13.61278523,1.93295302,26.31280624,944,12.83333333,47.6196584,-122.3628115,47.6196699,-122.3628229,14.96979237,-8.599980593,47.61965394,-122.3628588,0.765503341,-3.720000029,-1.79705752,VFR_alt,150.5838746,0.066842041,1.333831579,1.284105134,0.076948318,4.240963936,-3.720000029,0,0,0,0,0,0.04,0,0,0,0,0,0,0,0,0,0.04,0,0.04,0,0,0,0,0.04,0.12,0.06,0.1,0.02,0.54,0,0
CNL_W25,2025_01_27_11-53-47.jpg,1/27/2025,11:53:47,Centennial Park,5,CNL_W25_T5,21,SURFTRAK,13.6112649,1.965298013,26.75020636,951,12.91666667,47.6196529,-122.3628589,47.6196619,-122.3628165,14.07496357,-8.117324352,47.61964589,-122.3628524,0.783377452,-3.629999876,-1.722817853,VFR_alt,155.8425291,0.085136825,1.364975863,1.344763845,0.092313523,4.161266327,-3.629999876,0,0.02,0,0.04,0,0.02,0,0,0,0,0,0,0,0,0.04,0.04,0,0.04,0,0,0,0,0.06,0.16,0.1,0,0,0.48,0,0
CNL_W25,2025_01_27_11-53-56.jpg,1/27/2025,11:53:56,Centennial Park,5,CNL_W25_T5,21,SURFTRAK,13.59858108,2.627162162,35.72565946,957,13,47.6196503,-122.3628062,47.6196548,-122.3628106,13.28467083,-7.671956778,47.61963878,-122.3628465,0.780472944,-3.649999857,-1.738809123,VFR_alt,155.8044492,0.12006966,1.359914978,1.334919721,0.12626089,4.172540188,-3.649999857,0,0.02,0,0,0,0.04,0,0,0,0,0,0,0,0,0.02,0.12,0,0,0,0,0,0,0.14,0.04,0.08,0.02,0,0.52,0,0
CNL_W25,2025_01_27_11-54-08.jpg,1/27/2025,11:54:08,Centennial Park,5,CNL_W25_T5,21,SURFTRAK,13.61281457,2.246092715,30.5753947,965,13.11111111,47.6196403,-122.3628006,47.6196443,-122.3628019,12.11398792,-7.020035386,47.61962826,-122.3628378,0.722317864,-3.659999847,-1.689979955,VFR_alt,162.232181,0.098283769,1.258584157,1.149988181,0.096134039,4.187001228,-3.659999847,0,0.02,0,0.02,0,0,0,0,0,0,0,0,0,0,0,0.04,0,0,0,0,0,0,0.08,0.06,0.06,0.04,0.04,0.62,0,0.02
CNL_W25,2025_01_27_11-54-17.jpg,1/27/2025,11:54:17,Centennial Park,5,CNL_W25_T5,21,SURFTRAK,13.60254667,2.033333333,27.6582236,970,13.19444444,47.6196083,-122.3628525,47.6196376,-122.3627982,11.370368,-6.740023375,47.61962157,-122.3628341,0.787666631,-3.669999838,-1.765390955,VFR_alt,157.0321731,0.077744936,1.372449432,1.359519615,0.090062657,4.193448067,-3.669999838,0,0,0,0.04,0,0.04,0,0,0,0,0,0,0,0,0,0.1,0,0,0,0,0,0,0.08,0.04,0.06,0,0,0.64,0,0
CNL_W25,2025_01_27_11-54-26.jpg,1/27/2025,11:54:26,Centennial Park,5,CNL_W25_T5,21,SURFTRAK,13.597,2.4344,33.1005368,976,13.25,47.6196041,-122.3628529,47.6196301,-122.3627951,10.54137135,-6.514088213,47.61961411,-122.3628311,0.752733331,-3.730000019,-1.790847513,VFR_alt,144.8371008,0.096723222,1.311580804,1.241611079,0.093071758,4.252845764,-3.730000019,0,0.02,0,0,0,0.04,0,0,0,0,0,0.02,0,0,0,0.08,0,0.02,0,0,0,0,0.06,0.04,0.04,0,0,0.68,0,0
CNL_W25,2025_01_27_11-54-38.jpg,1/27/2025,11:54:38,Centennial Park,5,CNL_W25_T5,21,SURFTRAK,13.59570199,2.651324503,36.04655464,983,13.36111111,47.6196152,-122.3628222,47.6196201,-122.3627897,9.421139717,-6.108191699,47.61960404,-122.3628257,0.76960263,-3.74000001,-1.818493006,VFR_alt,146.4462163,0.119033094,1.34097428,1.298010868,0.11226285,4.264498234,-3.74000001,0,0.02,0,0,0,0.06,0,0,0,0,0,0,0,0,0,0.04,0,0.02,0,0,0,0,0.04,0.02,0.08,0,0,0.72,0,0
CNL_W25,2025_01_27_11-54-50.jpg,1/27/2025,11:54:50,Centennial Park,5,CNL_W25_T5,21,SURFTRAK,13.61120805,1.900134228,25.86312436,990,13.44444444,47.6195893,-122.3628072,47.6196121,-122.3627838,8.530249596,-5.662735841,47.61959602,-122.3628197,0.810000002,-3.75999999,-1.879642163,VFR_alt,148.9229794,0.06787751,1.411363641,1.437666331,0.085018459,4.2789855,-3.75999999,0,0.02,0,0.1,0,0.02,0,0,0,0,0,0,0,0,0,0.06,0,0,0.02,0,0,0,0.02,0.04,0.02,0,0,0.7,0,0
CNL_W25,2025_01_27_11-54-59.jpg,1/27/2025,11:54:59,Centennial Park,5,CNL_W25_T5,21,SURFTRAK,13.61895973,1.92147651,26.16860638,995,13.52777778,47.6195854,-122.3628097,47.6196026,-122.3627836,7.477351189,-5.652595781,47.61958655,-122.3628196,0.779597287,-3.859999895,-1.949578708,VFR_alt,141.8910087,0.086026431,1.358389213,1.331776851,0.135934679,4.386029243,-3.859999895,0,0,0,0,0,0,0,0,0,0,0,0,0,0,0,0.06,0,0,0.08,0,0,0,0.06,0,0.02,0.02,0,0.76,0,0
CNL_W25,2025_01_27_11-55-14.jpg,1/27/2025,11:55:14,Centennial Park,5,CNL_W25_T5,21,SURFTRAK,13.61126207,1.771172414,24.10765972,1003,13.63888889,47.6195789,-122.362768,47.6195924,-122.3627745,6.337817192,-4.962273598,47.6195763,-122.3628104,0.789999962,-3.869999886,-1.969819455,VFR_alt,128.2904439,0.064920485,1.376515085,1.367546815,0.083707886,4.400301933,-3.869999886,0,0.06,0,0,0,0,0,0,0,0,0,0.02,0.04,0,0,0,0,0,0,0,0,0,0.04,0.04,0.02,0,0,0.78,0,0
CNL_W25,2025_01_27_11-55-23.jpg,1/27/2025,11:55:23,Centennial Park,5,CNL_W25_T5,21,SURFTRAK,13.59596,2.2484,30.5690224,1008,13.69444444,47.6195743,-122.3627568,47.6195857,-122.3627661,5.594634056,-4.334905744,47.61956962,-122.3628021,0.793333292,-3.919999838,-2.022678652,VFR_alt,130.0840188,0.107902504,1.38232316,1.379183698,0.123158624,4.446424484,-3.919999838,0,0.02,0,0.02,0,0,0,0,0,0,0,0,0,0,0.02,0.02,0,0,0,0,0,0,0,0,0.08,0.04,0,0.78,0,0.02
CNL_W25,2025_01_27_11-55-35.jpg,1/27/2025,11:55:35,Centennial Park,5,CNL_W25_T5,21,SURFTRAK,13.61315436,1.942147651,26.43877638,1015,13.80555556,47.6195789,-122.3627113,47.6195774,-122.3627541,4.669070244,-3.434802055,47.61956129,-122.3627901,0.779328831,-3.970000029,-2.057739999,VFR_alt,131.7076694,0.083733371,1.357921448,1.330865065,0.105993821,4.490094662,-3.970000029,0,0,0,0,0,0,0,0,0,0,0,0.02,0,0,0,0.06,0,0,0.04,0,0,0,0,0.04,0.26,0.1,0,0.46,0,0.02
CNL_W25,2025_01_27_11-55-47.jpg,1/27/2025,11:55:47,Centennial Park,5,CNL_W25_T5,21,SURFTRAK,13.61284211,1.922763158,26.17413724,1022,13.88888889,47.6195421,-122.3627657,47.6195668,-122.3627467,3.492121696,-2.881757975,47.61955071,-122.3627827,0.803092077,-4.009999752,-2.120367206,VFR_alt,139.5632877,0.066995746,1.399327104,1.413324824,0.088928843,4.533260345,-4.009999752,0,0.02,0,0.04,0,0.02,0,0,0,0,0,0,0,0,0.02,0.06,0,0,0,0,0,0,0.02,0,0.22,0.04,0,0.56,0,0
CNL_W25,2025_01_27_11-55-59.jpg,1/27/2025,11:55:59,Centennial Park,5,CNL_W25_T5,21,SURFTRAK,13.61277483,1.906423841,25.95168828,1028,13.97222222,47.6195389,-122.3627455,47.6195548,-122.3627442,2.151171684,-2.693062782,47.61953865,-122.3627802,0.794503269,-4.079999924,-2.180598593,VFR_alt,130.2958396,0.077789683,1.384361756,1.38323659,0.114510706,4.603050709,-4.079999924,0,0,0,0,0,0,0,0,0,0,0,0,0,0,0.02,0.04,0,0,0.06,0,0,0,0.04,0.06,0.18,0.1,0.02,0.48,0,0
CNL_W25,2025_01_27_11-56-11.jpg,1/27/2025,11:56:11,Centennial Park,5,CNL_W25_T5,21,SURFTRAK,13.605,2.117905405,28.81410304,1035,14.05555556,47.6195144,-122.3627618,47.6195442,-122.3627366,0.979283333,-2.119227648,47.61952811,-122.3627726,0.760675665,-4.130000114,-2.19568474,VFR_alt,132.7691543,0.105460447,1.32541972,1.267919954,0.139522136,4.651016235,-4.130000114,0,0.02,0,0,0,0.02,0,0,0,0,0,0,0.02,0,0.02,0,0,0.04,0,0,0,0,0.06,0.06,0.28,0.04,0,0.44,0,0
CNL_W25,2025_01_27_11-56-23.jpg,1/27/2025,11:56:23,Centennial Park,5,CNL_W25_T5,21,SURFTRAK,13.59820134,2.289395973,31.13173477,1042,14.16666667,47.6194888,-122.3627997,47.6195279,-122.362741,-0.841632843,-2.460657835,47.61951173,-122.3627771,0.791543585,-4.150000095,-2.24559765,VFR_alt,137.7577855,0.098663601,1.379204731,1.372924883,0.158143774,4.677309036,-4.150000095,0,0.06,0,0.02,0,0,0,0,0,0,0,0,0,0,0.02,0.02,0,0.06,0.02,0,0,0,0.02,0.06,0.32,0.06,0.02,0.32,0,0
CNL_W25,2025_01_27_11-56-32.jpg,1/27/2025,11:56:32,Centennial Park,5,CNL_W25_T5,21,SURFTRAK,13.61244056,1.986713287,27.0440035,1047,14.22222222,47.6194866,-122.3627775,47.6195144,-122.3627455,-2.338399887,-2.799921513,47.61949827,-122.3627816,0.764265721,-4.210000038,-2.277693312,VFR_alt,141.6409996,0.07932116,1.331675119,1.279992686,0.146233074,4.737231731,-4.210000038,0,0.04,0,0,0,0,0,0,0,0,0,0.14,0,0,0,0,0,0,0.1,0,0,0,0.06,0.04,0.16,0.04,0,0.42,0,0
CNL_W25,2025_01_27_11-56-47.jpg,1/27/2025,11:56:47,Centennial Park,5,CNL_W25_T5,21,SURFTRAK,13.61612,1.8378,25.0237302,1055,14.33333333,47.6194882,-122.3627321,47.6195003,-122.3627388,-3.908651352,-2.283406258,47.61948414,-122.3627748,0.773066645,-4.279999733,-2.355628384,VFR_alt,138.0146066,0.056994879,1.347010063,1.309826939,0.07906775,4.803528786,-4.279999733,0,0.02,0,0.16,0,0,0,0,0,0,0,0.08,0,0,0.1,0.02,0,0.04,0.06,0,0,0,0.08,0.06,0.02,0,0.02,0.34,0,0
CNL_W25,2025_01_27_11-56-59.jpg,1/27/2025,11:56:59,Centennial Park,5,CNL_W25_T5,21,SURFTRAK,13.61354305,1.88205298,25.62141358,1061,14.41666667,47.6194728,-122.3627466,47.6194915,-122.3627321,-4.896780014,-1.783887148,47.61947526,-122.3627681,0.778013218,-4.259999752,-2.340049815,VFR_alt,131.9258998,0.078935053,1.355629093,1.326663718,0.098301074,4.780173302,-4.259999752,0,0,0,0,0,0.02,0,0,0,0,0,0,0,0,0.02,0.06,0,0,0.02,0,0,0,0.1,0,0.16,0,0,0.62,0,0
CNL_W25,2025_01_27_11-57-11.jpg,1/27/2025,11:57:11,Centennial Park,5,CNL_W25_T5,21,SURFTRAK,13.60397987,2.138926174,29.09783611,1068,14.52777778,47.619459,-122.3627515,47.6194804,-122.3627286,-6.125159264,-1.518157482,47.61946421,-122.3627646,0.810402657,-4.130000114,-2.242057898,VFR_alt,130.7779283,0.102758699,1.412065235,1.440454527,0.130361205,4.659615993,-4.130000114,0,0.06,0,0.06,0,0,0,0,0,0,0,0,0,0,0.18,0.02,0,0.02,0,0,0,0,0.1,0.08,0.08,0.06,0,0.34,0,0
EBM_S24,2024_10_09_11-42-22.jpg,10/9/2024,11:42:22,Elliott Bay Marina,5,EBM_S24_T5,2,ALT_HOLD,13.5429281,6.601830065,89.36262562,0,0,47.6272677,-122.3917798,47.6272646,-122.391798,0,0,47.6272677,-122.3917798,2.134945405,-5.059999943,-4.171129782,VFR_alt,88.57345357,0.054273255,3.71998063,9.988555403,0,5.169670105,-5.059999943,0,0,0,0,0,0,0,0,0,0,0,0,0,0,0,0,0,0,0,0,0,0,0.38,0,0,0.14,0,0,0,0.48
EBM_S24,2024_10_09_11-42-31.jpg,10/9/2024,11:42:31,Elliott Bay Marina,5,EBM_S24_T5,2,ALT_HOLD,13.60748913,2.658586957,36.16684076,11,0.138888889,47.6272627,-122.3917784,47.6272665,-122.3917916,0.21554184,0.48716259,47.62726938,-122.3917731,1.520391285,-6.059999943,-4.555759739,VFR_alt,83.42133753,0.035906151,2.649166633,5.066839284,0.027103891,6.163142681,-6.059999943,0,0,0,0,0,0.02,0,0,0,0.04,0.04,0,0,0,0,0,0,0,0.04,0,0,0,0.46,0,0,0.32,0,0,0,0.08
EBM_S24,2024_10_09_11-42-40.jpg,10/9/2024,11:42:40,Elliott Bay Marina,5,EBM_S24_T5,2,ALT_HOLD,13.57218954,4.263246187,57.86018969,24,0.333333333,47.6272686,-122.3917543,47.6272668,-122.3917734,0.254589081,1.826275826,47.62726973,-122.3917553,1.163246151,-6.159999847,-4.297907961,VFR_alt,100.9952842,0.123881785,2.026868293,2.965093184,0.156558363,6.280944347,-6.159999847,0,0,0,0,0,0,0,0,0,0.02,0,0,0.02,0,0.1,0,0,0,0.14,0,0,0,0.56,0,0,0.12,0,0,0,0.04
EBM_S24,2024_10_09_11-42-49.jpg,10/9/2024,11:42:49,Elliott Bay Marina,5,EBM_S24_T5,2,ALT_HOLD,13.56849451,4.304901099,58.40923884,32,0.444444444,47.6272582,-122.3917541,47.6272644,-122.3917617,-0.011497498,2.710930347,47.62726734,-122.3917435,0.368065927,-6.170000076,-3.512233306,VFR_alt,111.1902981,0.103861291,0.641326993,0.300799105,0.100894158,6.294924259,-6.170000076,0,0,0,0,0,0,0,0,0,0.04,0,0.02,0,0.28,0.02,0,0,0.02,0.04,0,0,0,0.46,0,0,0.08,0,0.04,0,0
EBM_S24,2024_10_09_11-42-58.jpg,10/9/2024,11:42:58,Elliott Bay Marina,5,EBM_S24_T5,2,ALT_HOLD,13.60437061,3.001140351,40.82833695,42,0.555555556,47.6272494,-122.3917558,47.6272612,-122.3917579,-0.377929688,3.010709047,47.62726403,-122.3917394,0.61719299,-5.75,-3.341180038,VFR_alt,101.4172387,0.025376786,1.075412028,0.834743508,0.076726053,5.878575325,-5.75,0,0,0,0,0,0,0,0,0,0.02,0,0,0,0.5,0.02,0,0,0,0,0,0,0,0.34,0,0,0,0,0.12,0,0
EBM_S24,2024_10_09_11-43-07.jpg,10/9/2024,11:43:07,Elliott Bay Marina,5,EBM_S24_T5,2,ALT_HOLD,13.59287582,3.397690632,46.17710135,51,0.694444444,47.6272558,-122.3917317,47.6272583,-122.3917491,-0.697105408,3.657678604,47.62726116,-122.3917308,0.93119824,-5.809999943,-3.71540674,VFR_alt,105.9143836,0.076557707,1.622542388,1.904503851,0.091078362,5.937900543,-5.809999943,0,0,0,0,0,0.02,0,0,0,0,0,0,0,0.32,0.06,0,0,0.04,0.04,0,0,0,0.32,0,0,0.02,0,0,0,0.18
EBM_S24,2024_10_09_11-43-16.jpg,10/9/2024,11:43:16,Elliott Bay Marina,5,EBM_S24_T5,2,ALT_HOLD,13.50630131,9.092838428,122.8103141,65,0.888888889,47.6272591,-122.3917143,47.6272558,-122.3917374,-0.97127533,4.504929543,47.62725869,-122.3917195,1.188777255,-5.819999695,-3.983575807,VFR_alt,107.4800386,0.169047079,2.071354308,3.09718449,0.196860055,5.94713974,-5.819999695,0,0,0,0,0,0.04,0,0,0,0.06,0,0,0,0.06,0.02,0,0,0.02,0.04,0,0,0,0.42,0,0,0,0,0.02,0,0.32
EBM_S24,2024_10_09_11-43-25.jpg,10/9/2024,11:43:25,Elliott Bay Marina,5,EBM_S24_T5,2,ALT_HOLD,13.5422803,6.739848485,91.27140924,78,1.055555556,47.627246,-122.3917179,47.6272543,-122.3917255,-1.148456573,5.426287532,47.6272571,-122.3917073,0.911268914,-5.809999943,-3.696936442,VFR_alt,94.34269133,0.060807156,1.587817047,1.830604891,0.093655685,5.9315238,-5.809999943,0,0,0,0.02,0,0,0,0,0,0,0,0,0,0.1,0.08,0,0,0.02,0,0,0,0,0.46,0,0,0,0,0,0,0.32
EBM_S24,2024_10_09_11-43-34.jpg,10/9/2024,11:43:34,Elliott Bay Marina,5,EBM_S24_T5,2,ALT_HOLD,13.55611588,6.314613734,85.59733562,90,1.222222222,47.627235,-122.3917237,47.6272503,-122.3917188,-1.591068268,5.960878015,47.62725312,-122.3917002,1.019592264,-6.170000076,-4.166316368,VFR_alt,80.65420499,0.101803697,1.776562278,2.287786122,0.147664982,6.29984951,-6.170000076,0,0,0,0.02,0,0.04,0,0,0,0.06,0,0,0,0.16,0.02,0,0,0.06,0.04,0,0,0,0.42,0,0,0,0,0,0,0.18
EBM_S24,2024_10_09_11-43-43.jpg,10/9/2024,11:43:43,Elliott Bay Marina,5,EBM_S24_T5,2,ALT_HOLD,13.55514004,5.689037199,77.11595018,104,1.416666667,47.627238,-122.391706,47.6272513,-122.3917062,-1.470184326,6.902371444,47.6272542,-122.3916876,0.933347913,-6.359999657,-4.271225038,VFR_alt,80.89390058,0.135917836,1.626288031,1.912731294,0.131933144,6.482956886,-6.359999657,0,0.04,0,0,0,0,0,0,0.02,0.24,0.02,0,0,0.04,0.08,0,0,0.16,0.04,0,0,0,0.34,0,0,0,0,0,0,0.02
EBM_S24,2024_10_09_11-43-52.jpg,10/9/2024,11:43:52,Elliott Bay Marina,5,EBM_S24_T5,2,ALT_HOLD,13.52822658,7.718431373,104.3815397,117,1.583333333,47.6272428,-122.3916881,47.6272521,-122.3916961,-1.399711609,7.662722588,47.62725484,-122.3916775,0.887254884,-6.279999733,-4.146291809,VFR_alt,79.51334543,0.057815681,1.545974418,1.728807745,0.090175099,6.403028488,-6.279999733,0,0,0,0,0,0,0,0,0.02,0.26,0,0,0.02,0.04,0.02,0,0,0.08,0.02,0,0,0,0.4,0,0,0.04,0,0,0,0.1
EBM_S24,2024_10_09_11-44-01.jpg,10/9/2024,11:44:01,Elliott Bay Marina,5,EBM_S24_T5,2,ALT_HOLD,13.55208696,6.587391304,89.27098,135,1.833333333,47.6272354,-122.391685,47.6272508,-122.3916825,-1.535499573,8.680567265,47.62725362,-122.391664,0.8223478,-5.679999828,-3.48246014,VFR_alt,81.20177627,0.13548937,1.432878742,1.488357962,0.137710594,5.800989628,-5.679999828,0,0.02,0,0.02,0,0,0,0,0,0.02,0,0,0.02,0.08,0.08,0,0,0.02,0.08,0,0,0.06,0.58,0,0,0,0,0,0,0.02
EBM_S24,2024_10_09_11-44-10.jpg,10/9/2024,11:44:10,Elliott Bay Marina,5,EBM_S24_T5,2,ALT_HOLD,13.52065721,8.256179039,111.6303848,149,2.027777778,47.6272327,-122.3916733,47.6272474,-122.391672,-1.917758942,9.467811108,47.62725018,-122.3916535,1.304192127,-5.349999905,-3.635229373,VFR_alt,80.98834812,0.118247667,2.272455979,3.734886266,0.151411266,5.483130932,-5.349999905,0.02,0,0,0,0,0,0,0,0,0,0,0,0.02,0.18,0,0,0,0.04,0.02,0,0,0,0.52,0,0,0,0,0,0,0.2
EBM_S24,2024_10_09_11-44-19.jpg,10/9/2024,11:44:19,Elliott Bay Marina,5,EBM_S24_T5,2,ALT_HOLD,13.56637719,4.720394737,64.03584956,163,2.194444444,47.6272343,-122.3916537,47.6272464,-122.3916596,-2.020000458,10.39704466,47.62724926,-122.3916412,1.439692936,-4.489999771,-2.911509083,VFR_alt,64.74099915,0.127770711,2.508555874,4.580157711,0.138349969,4.61659956,-4.489999771,0,0,0,0.04,0,0.12,0,0,0,0,0,0,0,0.06,0.04,0.04,0,0,0.04,0,0,0,0.38,0,0,0,0,0,0,0.28
EBM_S24,2024_10_09_11-44-28.jpg,10/9/2024,11:44:28,Elliott Bay Marina,5,EBM_S24_T5,2,ALT_HOLD,13.55983261,4.966891304,67.34864839,175,2.361111111,47.6272335,-122.3916389,47.6272458,-122.3916481,-2.078582764,11.25666094,47.62724873,-122.3916297,0.627086963,-4.329999924,-1.939553849,VFR_alt,69.2943234,0.103684713,1.092651527,0.867457673,0.089621879,4.45872879,-4.329999924,0,0,0,0.02,0,0.14,0,0,0,0,0,0,0.04,0.24,0.16,0,0,0,0.06,0,0,0,0.22,0,0,0,0,0,0,0.12
EBM_S24,2024_10_09_11-44-37.jpg,10/9/2024,11:44:37,Elliott Bay Marina,5,EBM_S24_T5,2,ALT_HOLD,13.51673478,7.61873913,102.95854,189,2.555555556,47.627236,-122.3916282,47.6272465,-122.3916347,-2.017360687,12.26527834,47.62724928,-122.3916163,0.718478241,-4.389999866,-2.09148455,VFR_alt,92.07881829,0.146539716,1.251893905,1.132680321,0.136038899,4.513540268,-4.389999866,0,0,0,0,0,0.08,0,0,0,0,0.02,0,0,0.24,0,0,0,0.02,0.3,0,0,0,0.32,0,0,0,0,0,0,0.02
EBM_S24,2024_10_09_11-44-46.jpg,10/9/2024,11:44:46,Elliott Bay Marina,5,EBM_S24_T5,2,ALT_HOLD,13.60710458,2.271176471,30.90321092,202,2.75,47.6272367,-122.3916071,47.6272456,-122.3916254,-2.100036621,12.95983028,47.62724858,-122.391607,0.410283209,-4.299999714,-1.693735085,VFR_alt,68.65505755,0.021595927,0.714887409,0.369759375,0,4.431171894,-4.299999714,0,0,0,0.1,0,0.22,0,0,0,0.02,0,0.02,0,0.12,0.1,0,0,0.08,0.3,0,0,0,0.04,0,0,0,0,0,0,0
EBM_S24,2024_10_09_11-44-55.jpg,10/9/2024,11:44:55,Elliott Bay Marina,5,EBM_S24_T5,2,ALT_HOLD,13.50273856,9.548627451,128.8831238,219,2.972222222,47.6272392,-122.391596,47.6272424,-122.3916168,-2.470340729,13.6010046,47.62724525,-122.3915985,1.028496707,-3.869999886,-1.882318059,VFR_alt,114.6533747,0.100144054,1.792077596,2.33477936,0.148937007,3.987665415,-3.869999886,0,0,0,0.04,0,0.2,0,0,0,0,0.02,0,0,0.12,0.12,0,0,0.02,0.08,0,0,0,0.26,0,0,0,0,0,0,0.14
EBM_S24,2024_10_09_11-45-04.jpg,10/9/2024,11:45:04,Elliott Bay Marina,5,EBM_S24_T5,2,ALT_HOLD,13.57035,4.8695,66.0723375,233,3.138888889,47.6272343,-122.3915882,47.6272373,-122.391608,-3.034984589,14.26477098,47.62724017,-122.3915897,1.320282572,-4.549999714,-2.854414043,VFR_alt,108.2752217,0.040699038,2.30049236,4.009966348,0.095820033,4.675911903,-4.549999714,0,0,0,0,0,0,0,0,0,0.08,0,0,0,0.3,0,0,0,0,0.08,0,0,0,0.42,0,0,0.06,0,0,0,0.06
EBM_S24,2024_10_09_11-45-13.jpg,10/9/2024,11:45:13,Elliott Bay Marina,5,EBM_S24_T5,2,ALT_HOLD,13.11418301,34.47248366,452.0395105,259,3.5,47.6272248,-122.3915965,47.6272339,-122.3916033,-3.415618896,14.62216806,47.62723675,-122.3915849,1.227690653,-4.75,-2.962092863,VFR_alt,103.1126054,0.030472923,2.139157956,3.302836098,0.048959057,4.876773357,-4.75,0,0,0,0,0,0.04,0,0,0,0,0,0,0,0.42,0,0,0,0.04,0.1,0,0,0,0.38,0,0,0.02,0,0,0,0
EBM_S24,2024_10_09_11-45-22.jpg,10/9/2024,11:45:22,Elliott Bay Marina,5,EBM_S24_T5,2,ALT_HOLD,13.54393043,6.539521739,88.57076283,289,3.916666667,47.6272178,-122.3916064,47.627231,-122.3916001,-3.740089417,14.85983658,47.62723396,-122.3915816,1.298021687,-4.529999733,-2.812675467,VFR_alt,102.7581943,0.079066039,2.261704455,3.695766673,0.077310984,4.656084061,-4.529999733,0,0,0,0,0,0,0,0,0,0.02,0.06,0,0,0.42,0.02,0,0,0,0,0,0,0,0.4,0,0,0,0,0,0,0.08
EBM_S24,2024_10_09_11-45-31.jpg,10/9/2024,11:45:31,Elliott Bay Marina,5,EBM_S24_T5,2,ALT_HOLD,13.65623696,1.43373913,19.5792253,304,4.111111111,47.627216,-122.391602,47.6272267,-122.3916012,-4.220336914,14.7797389,47.62722964,-122.3915827,0.869369554,-5.130000114,-2.984278272,VFR_alt,94.82868247,0.090911044,1.514810587,1.656246761,0.118142738,5.255616665,-5.130000114,0,0,0,0.04,0,0.04,0,0,0,0,0,0,0,0.3,0.04,0.02,0,0.02,0.08,0,0,0,0.38,0,0,0,0,0,0,0.08
EBM_S24,2024_10_09_11-45-40.jpg,10/9/2024,11:45:40,Elliott Bay Marina,5,EBM_S24_T5,2,ALT_HOLD,13.58784061,4.234082969,57.53182897,317,4.277777778,47.6272219,-122.3915855,47.6272247,-122.3915955,-4.445289612,15.19814491,47.62722761,-122.3915774,1.818602549,-4.309999943,-3.113789709,VFR_alt,94.09289929,0.016695007,3.168777168,7.249348677,0,4.424279213,-4.309999943,0,0,0,0,0,0.04,0,0,0,0,0.08,0,0,0.36,0.02,0,0,0,0.02,0,0,0,0.18,0,0,0.12,0,0,0,0.18
EBM_S24,2024_10_09_11-45-49.jpg,10/9/2024,11:45:49,Elliott Bay Marina,5,EBM_S24_T5,2,ALT_HOLD,13.53738829,7.136832972,96.61407657,334,4.527777778,47.6272155,-122.3915955,47.6272233,-122.3915885,-4.600334167,15.71916771,47.6272263,-122.3915703,0.909197387,-5,-2.894708611,VFR_alt,94.87064209,0.107863375,1.584207568,1.816716359,0.107599502,5.120521069,-5,0,0,0,0,0,0.02,0,0,0,0.06,0.04,0,0,0.38,0.04,0,0,0.02,0.06,0,0,0,0.18,0,0,0.2,0,0,0,0
EBM_S24,2024_10_09_11-45-58.jpg,10/9/2024,11:45:58,Elliott Bay Marina,5,EBM_S24_T5,2,ALT_HOLD,13.54326957,6.724478261,91.07101913,353,4.777777778,47.6272167,-122.3915811,47.6272221,-122.3915755,-4.731494904,16.70276737,47.62722512,-122.3915572,1.035826033,-5,-3.021727995,VFR_alt,108.1023153,0.072627687,1.804848391,2.356794851,0.073820422,5.121230602,-5,0,0,0,0,0,0.1,0,0,0,0,0,0,0,0.14,0.14,0.06,0,0,0.14,0,0,0,0.24,0,0,0.1,0,0,0,0.08
EBM_S24,2024_10_09_11-46-07.jpg,10/9/2024,11:46:07,Elliott Bay Marina,5,EBM_S24_T5,2,ALT_HOLD,13.48957987,10.37995624,140.0212002,378,5.111111111,47.6272227,-122.3915516,47.6272191,-122.3915606,-5.061824799,17.80948067,47.62722215,-122.3915425,0.913063435,-5.009999752,-2.909437401,VFR_alt,105.7985022,0.122346425,1.590943864,1.873040223,0.136282848,5.133169651,-5.009999752,0,0,0,0.02,0,0.02,0,0,0,0.02,0,0,0,0.16,0.44,0,0,0,0.06,0,0,0,0.22,0,0,0,0,0,0,0.06
EBM_S24,2024_10_09_11-46-16.jpg,10/9/2024,11:46:16,Elliott Bay Marina,5,EBM_S24_T5,2,ALT_HOLD,13.50073904,9.430942982,127.32277,405,5.472222222,47.6272192,-122.3915406,47.6272173,-122.391544,-5.256923676,19.05473328,47.62722039,-122.391526,0.789473647,-5,-2.776364398,VFR_alt,103.9073904,0.109947502,1.375598021,1.36581882,0.11560749,5.129474163,-5,0,0.02,0,0,0,0.12,0,0,0,0.14,0,0,0,0.16,0.14,0,0,0,0.08,0,0,0,0.32,0,0,0,0,0,0,0.02
EBM_S24,2024_10_09_11-46-25.jpg,10/9/2024,11:46:25,Elliott Bay Marina,5,EBM_S24_T5,2,ALT_HOLD,13.44150652,12.93321739,173.8238404,436,5.888888889,47.6272053,-122.3915598,47.6272155,-122.3915319,-5.461025238,19.97033691,47.62721856,-122.3915138,1.120913047,-5.009999752,-3.118302336,VFR_alt,100.318087,0.122724384,1.953106067,2.753467856,0.089000293,5.139247894,-5.009999752,0,0,0,0,0,0,0,0,0,0.04,0,0,0,0.44,0.08,0,0,0,0.08,0,0,0,0.3,0,0,0.02,0,0,0,0.04
EBM_S24,2024_10_09_11-46-34.jpg,10/9/2024,11:46:34,Elliott Bay Marina,5,EBM_S24_T5,2,ALT_HOLD,13.43209783,14.18319565,190.5067627,465,6.277777778,47.6272126,-122.3915283,47.6272141,-122.3915208,-5.619159698,20.79816055,47.62721713,-122.3915028,0.94002172,-5.019999981,-2.947830079,VFR_alt,92.08456945,0.125830862,1.637916634,1.937203441,0.111246776,5.148271561,-5.019999981,0,0,0,0,0,0,0,0,0,0.04,0,0,0,0.44,0.04,0,0,0,0.02,0,0,0,0.36,0,0,0.02,0,0,0,0.08
EBM_S24,2024_10_09_11-46-43.jpg,10/9/2024,11:46:43,Elliott Bay Marina,5,EBM_S24_T5,2,ALT_HOLD,13.42605435,14.92228261,200.3473389,501,6.75,47.6272175,-122.3915038,47.6272151,-122.3915079,-5.502113342,21.7646637,47.62721819,-122.3914899,0.719086926,-5,-2.707172011,VFR_alt,88.60370462,0.090410094,1.252954493,1.133154737,0.098527714,5.126808643,-5,0,0,0,0.02,0,0,0,0,0,0.02,0,0,0,0.06,0.12,0,0,0.02,0.06,0,0,0,0.62,0,0,0.04,0,0,0,0.04
EBM_S24,2024_10_09_11-46-52.jpg,10/9/2024,11:46:52,Elliott Bay Marina,5,EBM_S24_T5,2,ALT_HOLD,13.34522222,20.88300654,278.6471694,548,7.388888889,47.6272137,-122.3915018,47.6272156,-122.3914946,-5.444499969,22.75875473,47.6272187,-122.3914767,1.313834395,-4.96999979,-3.271991652,VFR_alt,88.24920136,0.109715792,2.2892569,3.783512548,0.106905399,5.097170353,-4.96999979,0,0,0,0,0,0,0,0,0,0.14,0,0,0,0.06,0.02,0,0,0,0.12,0,0,0,0.54,0,0,0.02,0,0.02,0,0.08
EBM_S24,2024_10_09_11-47-01.jpg,10/9/2024,11:47:01,Elliott Bay Marina,5,EBM_S24_T5,2,ALT_HOLD,13.28293464,24.14877996,320.7621815,596,8.027777778,47.627209,-122.391503,47.6272138,-122.3914852,-5.648269653,23.46447372,47.62721687,-122.3914673,1.226884487,-4.460000038,-2.674847908,VFR_alt,83.01094339,0.119580934,2.137753273,3.313139294,0.103281082,4.601446152,-4.460000038,0.02,0,0,0,0,0.04,0,0,0,0.22,0,0,0,0.16,0.12,0,0,0,0.12,0,0,0,0.28,0,0,0.02,0,0,0,0.02
EBM_S24,2024_10_09_11-47-10.jpg,10/9/2024,11:47:10,Elliott Bay Marina,5,EBM_S24_T5,2,ALT_HOLD,13.36522174,17.89976087,239.2342707,640,8.611111111,47.6272214,-122.3914638,47.6272177,-122.3914764,-5.210533142,24.1246357,47.62722081,-122.3914585,0.631434776,-4.329999924,-1.948922892,VFR_alt,87.17615242,0.065904951,1.100227262,0.873755045,0.092239045,4.448768616,-4.329999924,0,0,0,0,0,0.6,0,0,0,0.02,0,0,0,0.02,0.2,0,0,0,0.08,0,0,0,0.06,0,0,0,0,0,0,0.02
EBM_S24,2024_10_09_11-47-19.jpg,10/9/2024,11:47:19,Elliott Bay Marina,5,EBM_S24_T5,2,ALT_HOLD,13.37390217,16.61658696,222.2167619,679,9.138888889,47.6272132,-122.3914749,47.6272163,-122.3914681,-5.370429993,24.753685,47.62721937,-122.3914501,0.709369526,-4.730000019,-2.426223446,VFR_alt,97.36007736,0.072774384,1.236022659,1.104158539,0.069025751,4.860453606,-4.730000019,0,0,0,0,0,0.18,0,0,0,0.02,0,0,0,0.04,0.52,0,0,0,0.06,0,0,0,0.18,0,0,0,0,0,0,0
EBM_S24,2024_10_09_11-47-28.jpg,10/9/2024,11:47:28,Elliott Bay Marina,5,EBM_S24_T5,2,ALT_HOLD,13.34344009,21.84708061,291.5084957,727,9.777777778,47.6272071,-122.3914776,47.6272121,-122.391464,-5.82270813,25.06630898,47.6272153,-122.391446,1.271198193,-4.650000095,-2.907405222,VFR_alt,115.243996,0.116252102,2.214966548,3.565359833,0.114486429,4.778827667,-4.650000095,0,0,0,0,0,0.02,0,0,0,0,0,0,0,0.22,0.08,0,0,0,0.06,0,0,0,0.54,0,0,0,0,0,0,0.08
EBM_S24,2024_10_09_12-10-50.jpg,10/9/2024,12:10:50,Elliott Bay Marina,5,EBM_S24_T5,2,ALT_HOLD,13.58347939,3.520455531,47.81937514,4415,59.02777778,47.6272704,-122.3919224,47.6272802,-122.3919307,1.748214722,-9.974309921,47.6272834,-122.3919122,1.194945758,-4.210000038,-2.463658956,VFR_alt,94.89116572,0.111136801,2.082102457,3.131124284,36.25171523,4.341225147,-4.210000038,0,0,0,0.02,0,0.12,0,0,0,0.04,0,0,0,0.02,0.08,0,0,0,0.12,0,0,0,0.44,0,0,0,0,0,0,0.16
EBM_S24,2024_10_09_12-10-59.jpg,10/9/2024,12:10:59,Elliott Bay Marina,5,EBM_S24_T5,2,ALT_HOLD,13.59665708,3.385110619,46.02397155,4424,59.13888889,47.6272635,-122.3919164,47.6272757,-122.3919216,1.244369507,-9.272197723,47.62727886,-122.3919028,1.030154834,-4.159999847,-2.248226271,VFR_alt,109.0851491,0.061508365,1.794966756,2.326664379,0.090252738,4.291318417,-4.159999847,0,0,0,0.06,0,0.32,0,0,0,0,0,0,0,0.1,0.06,0,0,0,0.16,0,0,0,0.22,0,0,0,0,0,0,0.08
EBM_S24,2024_10_09_12-11-08.jpg,10/9/2024,12:11:08,Elliott Bay Marina,5,EBM_S24_T5,2,ALT_HOLD,13.5790967,4.204549451,57.0939331,4437,59.33333333,47.6272573,-122.3919044,47.6272675,-122.3919051,0.333740234,-8.05036068,47.62727067,-122.3918866,1.398461516,-4.199999809,-2.655908422,VFR_alt,105.3189014,0.139735605,2.436713248,4.286722843,0.140828781,4.328937054,-4.199999809,0,0.02,0,0.02,0,0,0,0,0,0,0,0.02,0,0,0.08,0,0,0.04,0.02,0,0,0,0.52,0,0,0,0,0,0,0.28
EBM_S24,2024_10_09_12-11-17.jpg,10/9/2024,12:11:17,Elliott Bay Marina,5,EBM_S24_T5,2,ALT_HOLD,13.58895186,3.692888403,50.18199709,4451,59.5,47.6272649,-122.391876,47.6272648,-122.3918967,0.030723572,-7.422172546,47.62726795,-122.3918782,0.671378523,-5.119999886,-2.848264433,VFR_alt,93.92985724,0.07473645,1.169826213,0.987741396,0.106770112,5.235369682,-5.119999886,0,0,0,0.02,0,0.02,0,0,0,0,0,0,0,0,0.14,0,0,0,0.1,0,0,0,0.64,0,0,0,0,0,0,0.08
EBM_S24,2024_10_09_12-11-26.jpg,10/9/2024,12:11:26,Elliott Bay Marina,5,EBM_S24_T5,2,ALT_HOLD,13.57704435,4.567538803,62.00687477,4461,59.63888889,47.6272697,-122.3918585,47.6272632,-122.3918823,-0.151672363,-6.354237556,47.62726631,-122.391864,1.180465579,-4.940000057,-3.176883501,VFR_alt,99.21054434,0.122872583,2.056871842,3.054213057,0.090606229,5.064002991,-4.940000057,0,0,0,0,0,0,0,0,0,0.06,0,0,0,0.06,0.04,0,0,0.02,0.02,0,0,0,0.7,0,0,0,0,0,0,0.1
EBM_S24,2024_10_09_12-11-35.jpg,10/9/2024,12:11:35,Elliott Bay Marina,5,EBM_S24_T5,2,ALT_HOLD,13.55093709,6.168091106,83.58342807,4473,59.80555556,47.6272616,-122.3918575,47.627262,-122.3918661,-0.288272858,-5.088526726,47.62726508,-122.3918472,1.388655097,-5.049999714,-3.494726898,VFR_alt,94.2748817,0.112553434,2.419626306,4.233414042,0.124703971,5.17314291,-5.049999714,0,0,0,0,0,0,0,0,0,0.06,0,0,0,0.22,0,0,0,0,0,0,0,0,0.4,0,0,0,0,0,0,0.32
EBM_S24,2024_10_09_12-11-44.jpg,10/9/2024,12:11:44,Elliott Bay Marina,5,EBM_S24_T5,2,ALT_HOLD,13.56123144,5.024279476,68.13531389,4485,59.97222222,47.6272603,-122.3918438,47.6272608,-122.3918529,-0.415172577,-4.099814415,47.62726394,-122.391834,1.315043606,-5.509999752,-3.880921522,VFR_alt,86.17522366,0.105497079,2.291363859,3.789953326,0.119972117,5.63713789,-5.509999752,0,0,0,0,0,0.02,0,0,0,0.12,0.04,0,0,0.14,0.02,0,0,0,0,0,0,0,0.46,0,0,0,0,0,0,0.2
EBM_S24,2024_10_09_12-11-53.jpg,10/9/2024,12:11:53,Elliott Bay Marina,5,EBM_S24_T5,2,ALT_HOLD,13.57021814,3.643585313,49.44071097,4496,60.11111111,47.6272772,-122.3918059,47.6272624,-122.3918369,-0.235477448,-2.904937744,47.62726555,-122.3918181,1.173326148,-5.480000019,-3.709191734,VFR_alt,99.76638724,0.086401292,2.044431924,3.040569952,0.135115232,5.603592873,-5.480000019,0,0,0,0.04,0,0,0,0,0,0.12,0,0,0,0.16,0,0,0,0,0.02,0,0,0,0.4,0,0,0.04,0,0.02,0,0.2
EBM_S24,2024_10_09_12-12-02.jpg,10/9/2024,12:12:02,Elliott Bay Marina,5,EBM_S24_T5,2,ALT_HOLD,13.56773043,4.53773913,61.56500096,4505,60.25,47.6272718,-122.3918037,47.627262,-122.3918265,-0.280754089,-2.121461868,47.62726515,-122.3918077,0.808782586,-5.199999809,-3.064846005,VFR_alt,82.08042581,0.100473737,1.409242385,1.433746799,0.139157938,5.325555325,-5.199999809,0,0,0,0,0,0.04,0,0,0.02,0.24,0,0,0,0.18,0.08,0,0,0.02,0.08,0,0,0,0.16,0,0,0,0,0,0,0.18
EBM_S24,2024_10_09_12-12-11.jpg,10/9/2024,12:12:11,Elliott Bay Marina,5,EBM_S24_T5,2,ALT_HOLD,13.60985466,2.256008677,30.70375002,4515,60.36111111,47.6272774,-122.3917841,47.6272631,-122.3918133,-0.150939941,-1.137097836,47.62726631,-122.3917946,0.883058557,-5.429999828,-3.369533597,VFR_alt,92.68328846,0.045841886,1.538662638,1.708998603,0.072132141,5.552553177,-5.429999828,0,0.02,0,0,0,0.02,0,0,0,0.16,0,0,0.02,0.14,0.02,0,0,0,0.02,0,0,0,0.46,0,0,0,0,0.02,0.1,0.02
EBM_S24,2024_10_09_12-12-20.jpg,10/9/2024,12:12:20,Elliott Bay Marina,5,EBM_S24_T5,2,ALT_HOLD,13.55494805,5.665800866,76.79985216,4526,60.52777778,47.627268,-122.3917904,47.6272616,-122.3917997,-0.33631897,-0.113302231,47.62726465,-122.391781,0.59536796,-5.039999962,-2.692415884,VFR_alt,112.5956327,0.146371672,1.037383567,0.778872388,0.155244647,5.164933205,-5.039999962,0,0.06,0,0.02,0,0,0,0,0,0,0.02,0,0,0.14,0.08,0,0,0,0,0,0,0,0.5,0,0,0.08,0,0,0.06,0.04
EBM_S24,2024_10_09_12-12-29.jpg,10/9/2024,12:12:29,Elliott Bay Marina,5,EBM_S24_T5,2,ALT_HOLD,13.59470282,3.046984816,41.42282317,4537,60.66666667,47.6272627,-122.3917803,47.6272557,-122.3917953,-0.985061646,0.206805706,47.62725881,-122.3917767,1.370021658,-5.619999886,-4.047744028,VFR_alt,116.3746428,0.068283206,2.387158949,4.116620307,0.040593309,5.739536762,-5.619999886,0,0,0,0,0,0.06,0,0,0,0.1,0,0.02,0,0,0,0,0,0,0,0,0,0,0.52,0,0,0.24,0,0,0,0.06
EBM_S24,2024_10_09_12-12-38.jpg,10/9/2024,12:12:38,Elliott Bay Marina,5,EBM_S24_T5,2,ALT_HOLD,13.58514894,3.948148936,53.6349884,4548,60.83333333,47.6272619,-122.3917663,47.6272532,-122.3917797,-1.27236557,1.385412216,47.62725615,-122.3917609,1.069680839,-5.909999847,-4.038120086,VFR_alt,106.5199272,0.155498195,1.863837825,2.515691525,0.174823351,6.031345844,-5.909999847,0,0,0,0,0,0.02,0.02,0,0,0.04,0,0.02,0,0.02,0.04,0,0,0,0.14,0,0,0,0.48,0,0,0.22,0,0,0,0
EBM_S24,2024_10_09_12-12-47.jpg,10/9/2024,12:12:47,Elliott Bay Marina,5,EBM_S24_T5,2,ALT_HOLD,13.59635088,3.026885965,41.14837667,4556,60.94444444,47.6272512,-122.3917663,47.6272511,-122.3917653,-1.503124237,2.46635437,47.62725407,-122.3917465,0.524254373,-5.869999886,-3.45339359,VFR_alt,106.5796738,0.102542574,0.913473528,0.602919921,0.096273556,5.992199421,-5.869999886,0,0,0,0.04,0,0.02,0,0,0,0.08,0,0,0,0.4,0,0,0,0,0,0,0,0,0.44,0,0,0,0,0,0,0.02
EBM_S24,2024_10_09_12-12-57.jpg,10/9/2024,12:12:57,Elliott Bay Marina,5,EBM_S24_T5,2,ALT_HOLD,13.57408534,4.162800875,56.50624643,4567,61.08333333,47.6272527,-122.3917415,47.6272478,-122.3917491,-1.873455048,3.674000502,47.62725074,-122.3917304,1.018840267,-5.849999905,-3.928665064,VFR_alt,104.900041,0.123990766,1.775251981,2.301164606,0.130888066,5.971925735,-5.849999905,0,0,0,0.02,0,0.04,0,0,0,0.06,0,0,0,0.02,0.02,0,0,0,0.04,0,0,0,0.56,0,0,0.02,0,0.02,0,0.2
EBM_S24,2024_10_09_12-13-06.jpg,10/9/2024,12:13:06,Elliott Bay Marina,5,EBM_S24_T5,2,ALT_HOLD,13.58784749,3.868867102,52.5696383,4576,61.19444444,47.627248,-122.3917349,47.6272466,-122.3917363,-2.001987457,4.640256882,47.62724959,-122.3917176,0.439978194,-5.869999886,-3.370277259,VFR_alt,98.43740998,0.103029663,0.766628672,0.42490056,0.112999843,5.993756294,-5.869999886,0,0,0,0.02,0,0,0,0,0,0,0,0,0,0.02,0.02,0,0,0,0.08,0,0,0,0.74,0,0,0,0,0,0,0.12
EBM_S24,2024_10_09_12-13-15.jpg,10/9/2024,12:13:15,Elliott Bay Marina,5,EBM_S24_T5,2,ALT_HOLD,13.51097616,8.870050188,119.8425227,4590,61.38888889,47.6272614,-122.3916971,47.627248,-122.3917234,-1.845878601,5.59126842,47.62725099,-122.3917049,1.278180631,-5.75,-4.088823309,VFR_alt,89.16589843,0.096155743,2.227132918,3.588571856,0.101760196,5.875328064,-5.75,0,0,0,0.02,0,0,0,0,0,0.1,0,0.02,0,0.04,0,0,0,0.04,0,0,0,0,0.56,0,0,0,0,0.04,0,0.18
EBM_S24,2024_10_09_12-13-45.jpg,10/9/2024,12:13:45,Elliott Bay Marina,5,EBM_S24_T5,2,ALT_HOLD,13.52896718,7.521487965,101.7582733,4651,62.22222222,47.6272466,-122.3917241,47.6272507,-122.3917187,-1.539367676,5.962722361,47.62725351,-122.3917,1.297702362,-5.690000057,-4.04913195,VFR_alt,98.62860734,0.035006745,2.261148054,3.691227226,0.020322894,5.818846703,-5.690000057,0,0,0,0,0,0,0,0,0,0.26,0,0,0.02,0.04,0,0,0,0.02,0.04,0,0,0,0.44,0,0,0.04,0,0,0,0.14
EBM_S24,2024_10_09_12-13-54.jpg,10/9/2024,12:13:54,Elliott Bay Marina,5,EBM_S24_T5,2,ALT_HOLD,13.61937255,2.104509804,28.65895176,4671,62.5,47.6272465,-122.3917115,47.6272476,-122.3917066,-1.894756317,6.86694853,47.62725032,-122.3916879,1.147080589,-5.869999886,-4.078815956,VFR_alt,105.5612334,0.049117842,1.998701026,2.883910799,0.038868972,5.99030304,-5.869999886,0,0,0,0,0,0,0,0,0,0.04,0.02,0.02,0.04,0,0,0,0,0.08,0.02,0,0,0,0.66,0,0,0.04,0,0,0,0.08
EBM_S24,2024_10_09_12-14-03.jpg,10/9/2024,12:14:03,Elliott Bay Marina,5,EBM_S24_T5,2,ALT_HOLD,13.61278242,2.276791209,30.99026321,4678,62.58333333,47.6272481,-122.3916965,47.6272468,-122.3917003,-1.976833344,7.333120227,47.62724958,-122.3916817,1.045274704,-5.839999676,-3.947429366,VFR_alt,96.75272543,0.083087029,1.821311985,2.396781294,0.100815821,5.970655918,-5.839999676,0,0,0,0,0,0,0,0,0,0.06,0.02,0,0.08,0,0,0,0,0.02,0.02,0,0,0,0.72,0,0,0,0,0,0,0.08
EBM_S24,2024_10_09_12-14-12.jpg,10/9/2024,12:14:12,Elliott Bay Marina,5,EBM_S24_T5,2,ALT_HOLD,13.60321645,2.946493506,40.07957173,4687,62.72222222,47.6272526,-122.3916782,47.6272501,-122.3916907,-1.611763,8.061341286,47.62725286,-122.391672,0.662857144,-5.75,-3.475557404,VFR_alt,69.90333069,0.049456421,1.154978356,0.965518763,0.07176165,5.883386612,-5.75,0,0.02,0,0,0,0,0,0,0,0.04,0.04,0,0.02,0.06,0.06,0,0,0,0,0,0,0.22,0.52,0,0,0,0,0,0,0.02
EBM_W25,2025_01_28_11-28-01.jpg,1/28/2025,11:28:01,Elliott Bay Marina,5,EBM_W25_T5,0,STABILIZE,13.59620086,2.670107991,36.30290812,0,0,47.627234,-122.3922847,47.6272332,-122.3922998,0,0,47.627234,-122.3922847,0.8972354,-4.239999771,-2.705185919,VFR_alt,116.1779709,0.109807491,1.563364712,1.764613444,0,4.469066143,-4.239999771,0,0,0,0,0,0,0,0,0,0,0,0,0,0.02,0.08,0,0,0.06,0,0,0,0,0.74,0,0,0,0,0,0,0.1
EBM_W25,2025_01_28_11-28-10.jpg,1/28/2025,11:28:10,Elliott Bay Marina,5,EBM_W25_T5,0,STABILIZE,13.59999567,2.248441558,30.57879459,6,0.083333333,47.6272394,-122.3922607,47.6272337,-122.3922837,0.070167542,1.204439163,47.62723463,-122.3922687,0.813896088,-4.21999979,-2.60133168,VFR_alt,115.466103,0.074329971,1.418152275,1.452064833,0.140540155,4.456535816,-4.21999979,0,0,0,0,0,0,0,0,0,0,0,0,0,0,0.22,0,0,0.08,0,0,0,0,0.62,0,0,0,0,0,0,0.08
EBM_W25,2025_01_28_11-28-19.jpg,1/28/2025,11:28:19,Elliott Bay Marina,5,EBM_W25_T5,0,STABILIZE,13.59709111,2.310260304,31.41276787,11,0.166666667,47.6272359,-122.3922588,47.6272322,-122.3922694,-0.107833862,2.283242226,47.62723303,-122.3922543,1.03704984,-4.049999714,-2.653872252,VFR_alt,108.9992829,0.100742719,1.806980782,2.364076031,0.100028441,4.276472092,-4.049999714,0,0.08,0,0,0,0,0,0,0,0,0,0,0,0.04,0.12,0,0,0,0.02,0,0,0,0.72,0,0,0,0,0.02,0,0
EBM_W25,2025_01_28_11-28-28.jpg,1/28/2025,11:28:28,Elliott Bay Marina,5,EBM_W25_T5,0,STABILIZE,13.61294872,2.111581197,28.74483842,17,0.25,47.6272351,-122.3922542,47.6272312,-122.3922581,-0.216623306,3.130537987,47.62723205,-122.392243,0.705512803,-4.480000019,-2.751668106,VFR_alt,103.7969308,0.066734117,1.229302612,1.091173734,0.081184496,4.712957859,-4.480000019,0,0.12,0,0,0,0,0,0,0,0,0,0,0,0.06,0.16,0,0,0.06,0.02,0,0,0,0.56,0,0,0,0,0,0,0.02
EBM_W25,2025_01_28_11-28-37.jpg,1/28/2025,11:28:37,Elliott Bay Marina,5,EBM_W25_T5,0,STABILIZE,13.61997826,1.922565217,26.18529435,23,0.305555556,47.6272428,-122.3922326,47.6272331,-122.3922433,0.007135391,4.238884449,47.62723406,-122.3922283,0.900239102,-4.759999752,-3.225716258,VFR_alt,105.3202487,0.066116555,1.568598435,1.786607757,0.092335434,4.993852139,-4.759999752,0,0.1,0,0.06,0,0,0,0,0,0,0,0,0,0.18,0.04,0,0,0.02,0.04,0,0,0,0.52,0,0,0,0,0,0,0.04
EBM_W25,2025_01_28_11-28-49.jpg,1/28/2025,11:28:49,Elliott Bay Marina,5,EBM_W25_T5,0,STABILIZE,13.61007495,2.10130621,28.5990237,30,0.416666667,47.6272484,-122.3922271,47.6272375,-122.3922332,0.497224808,4.99614954,47.62723847,-122.3922182,0.999143456,-4.509999752,-3.07377628,VFR_alt,100.8889976,0.070819478,1.740931779,2.187561174,0.086374849,4.754537106,-4.509999752,0,0.08,0,0.02,0,0,0,0,0,0,0,0,0,0.14,0,0,0,0.06,0.02,0,0,0,0.62,0,0,0.02,0,0.02,0,0.02
EBM_W25,2025_01_28_11-28-58.jpg,1/28/2025,11:28:58,Elliott Bay Marina,5,EBM_W25_T5,0,STABILIZE,13.60897603,2.069041394,28.15752898,36,0.5,47.6272506,-122.3922244,47.6272402,-122.3922221,0.795780182,5.828301191,47.62724116,-122.3922072,0.605206944,-4.549999714,-2.719307948,VFR_alt,103.5831779,0.087332036,1.054527251,0.805225571,0.09944486,4.786464691,-4.549999714,0,0.04,0,0,0,0,0,0,0,0,0,0,0,0.12,0.36,0,0,0,0,0,0,0,0.48,0,0,0,0,0,0,0
EBM_W25,2025_01_28_11-29-04.jpg,1/28/2025,11:29:04,Elliott Bay Marina,5,EBM_W25_T5,0,STABILIZE,13.58623478,3.346369565,45.4646355,41,0.583333333,47.6272562,-122.3922047,47.6272439,-122.3922099,1.204626083,6.747707605,47.62724483,-122.3921949,0.622456502,-4.489999771,-2.676274397,VFR_alt,117.8737345,0.147882117,1.084583299,0.858170116,0.156559949,4.729156971,-4.489999771,0,0,0,0.02,0,0,0,0,0,0,0,0,0.02,0.18,0.34,0,0,0,0.04,0,0,0,0.34,0,0,0,0,0,0,0.06
EBM_W25,2025_01_28_11-29-13.jpg,1/28/2025,11:29:13,Elliott Bay Marina,5,EBM_W25_T5,0,STABILIZE,13.6070087,2.115347826,28.78355639,48,0.666666667,47.62726,-122.3921804,47.6272467,-122.3921967,1.511343002,7.731992126,47.62724759,-122.3921818,0.91232607,-4.009999752,-2.485818595,VFR_alt,117.1634314,0.053266455,1.589659061,1.840760722,0.100339488,4.24388504,-4.009999752,0,0.06,0,0,0,0,0,0,0,0,0,0,0,0.1,0.12,0,0,0.02,0.16,0,0,0,0.2,0,0,0.04,0,0,0,0.3
EBM_W25,2025_01_28_11-29-22.jpg,1/28/2025,11:29:22,Elliott Bay Marina,5,EBM_W25_T5,0,STABILIZE,13.60696146,2.394068522,32.57599056,54,0.75,47.6272604,-122.3921597,47.6272494,-122.3921817,1.816307068,8.862214386,47.62725034,-122.3921668,0.744518207,-3.789999962,-2.097763794,VFR_alt,116.8688502,0.072428058,1.297266572,1.214669458,0.119204879,4.031960011,-3.789999962,0,0.08,0,0.02,0,0,0,0,0,0,0,0,0.06,0.04,0.26,0,0,0.02,0.08,0,0,0,0.32,0,0,0,0,0,0,0.12
EBM_W25,2025_01_28_11-29-31.jpg,1/28/2025,11:29:31,Elliott Bay Marina,5,EBM_W25_T5,0,STABILIZE,13.6,2.749399142,37.39182833,60,0.833333333,47.6272595,-122.3921485,47.6272518,-122.392164,2.088680267,10.18619859,47.62725279,-122.3921492,0.773390521,-4.009999752,-2.346420411,VFR_alt,118.3280358,0.076998008,1.347574393,1.31200054,0.120372947,4.237145901,-4.009999752,0,0,0,0,0,0,0,0,0,0,0,0,0,0.02,0.42,0,0,0,0.14,0,0,0,0.28,0,0,0,0,0,0,0.14
EBM_W25,2025_01_28_11-29-37.jpg,1/28/2025,11:29:37,Elliott Bay Marina,5,EBM_W25_T5,0,STABILIZE,13.61582796,2.032408602,27.672928,64,0.888888889,47.6272609,-122.3921366,47.6272538,-122.3921544,2.304143906,10.90512061,47.62725472,-122.3921396,0.741827942,-4.170000076,-2.4747091,VFR_alt,115.2756993,0.032502846,1.292578989,1.206131907,0.092197448,4.402911663,-4.170000076,0,0.02,0,0,0,0,0,0,0,0,0,0,0,0.02,0.36,0,0,0.08,0.1,0,0,0,0.34,0,0,0.04,0,0,0,0.04
EBM_W25,2025_01_28_11-29-46.jpg,1/28/2025,11:29:46,Elliott Bay Marina,5,EBM_W25_T5,0,STABILIZE,13.59402564,2.86465812,38.94222632,71,0.972222222,47.6272605,-122.3921263,47.6272555,-122.3921404,2.487388611,11.95672536,47.62725637,-122.3921256,0.593632468,-3.970000029,-2.126247425,VFR_alt,123.630242,0.107318509,1.034359604,0.791627877,0.128551306,4.212601662,-3.970000029,0,0.08,0,0,0,0,0,0,0,0,0,0,0,0.02,0.18,0,0,0.08,0.14,0,0,0,0.4,0.02,0,0,0,0,0,0.08
EBM_W25,2025_01_28_11-29-58.jpg,1/28/2025,11:29:58,Elliott Bay Marina,5,EBM_W25_T5,0,STABILIZE,13.5790064,3.286545842,44.62802716,80,1.083333333,47.6272553,-122.3921194,47.627253,-122.392123,2.213806152,13.26251411,47.62725391,-122.3921082,0.473646041,-4.119999886,-2.155754111,VFR_alt,109.1943424,0.102050665,0.825292344,0.501203994,0.126808623,4.352950096,-4.119999886,0,0,0,0,0,0,0,0,0,0,0,0,0,0,0.5,0,0,0,0.08,0,0,0,0.4,0,0,0,0,0.02,0,0
EBM_W25,2025_01_28_11-30-19.jpg,1/28/2025,11:30:19,Elliott Bay Marina,5,EBM_W25_T5,0,STABILIZE,13.597,2.643093682,35.93814479,95,1.305555556,47.627245,-122.3921072,47.6272469,-122.3920987,1.526752472,15.08609486,47.62724773,-122.392084,0.891285388,-4.659999847,-3.111948418,VFR_alt,97.73136308,0.10235798,1.552997266,1.741531687,0.102353746,4.897088528,-4.659999847,0,0,0,0,0,0,0,0,0,0,0,0,0,0.22,0.02,0,0,0.18,0.12,0,0,0,0.28,0,0,0.06,0.04,0,0,0.08
EBM_W25,2025_01_28_11-30-31.jpg,1/28/2025,11:30:31,Elliott Bay Marina,5,EBM_W25_T5,0,STABILIZE,13.59105161,2.835096774,38.53194529,104,1.416666667,47.62724,-122.3920955,47.6272445,-122.3920866,1.263982773,15.99484444,47.62724537,-122.3920719,1.043655872,-4.519999981,-3.123356964,VFR_alt,105.7965111,0.099383293,1.818491293,2.387394903,0.089581378,4.768054962,-4.519999981,0,0.02,0,0,0,0,0,0,0,0,0,0,0.02,0.06,0.04,0,0,0.12,0.06,0,0,0,0.58,0,0,0.02,0,0,0,0.08
EBM_W25,2025_01_28_11-30-44.jpg,1/28/2025,11:30:44,Elliott Bay Marina,5,EBM_W25_T5,0,STABILIZE,13.61344635,2.049957082,27.9066697,114,1.555555556,47.6272329,-122.3920873,47.6272402,-122.392076,0.779090881,16.79316759,47.62724101,-122.3920613,0.979399102,-4.199999809,-2.738155399,VFR_alt,101.2327394,0.063416303,1.706528738,2.10189018,0.060889812,4.457211971,-4.199999809,0,0,0,0,0,0,0,0,0,0,0,0,0,0.1,0.08,0,0,0.08,0,0,0,0,0.5,0,0,0,0,0,0,0.24
EBM_W25,2025_01_28_11-31-02.jpg,1/28/2025,11:31:02,Elliott Bay Marina,5,EBM_W25_T5,0,STABILIZE,13.60671895,2.048823529,27.87583359,127,1.722222222,47.6272262,-122.3920797,47.6272328,-122.3920656,-0.03758812,17.57059002,47.62723366,-122.3920509,1.175773372,-4.299999714,-3.033725429,VFR_alt,107.6814317,0.04594996,2.048696027,3.03161725,0.049268319,4.539583206,-4.299999714,0,0,0,0,0,0,0,0,0,0,0,0,0,0,0.08,0,0,0.14,0.06,0,0,0,0.58,0,0,0.02,0,0,0,0.12
EBM_W25,2025_01_28_11-31-35.jpg,1/28/2025,11:31:35,Elliott Bay Marina,5,EBM_W25_T5,0,STABILIZE,13.60155408,2.142472406,29.14096283,150,2.055555556,47.62722,-122.3920526,47.6272225,-122.3920494,-1.183838844,18.78651428,47.62722335,-122.3920348,0.836313443,-4.569999695,-2.964463819,VFR_alt,119.6938941,0.060734117,1.457212817,1.53265342,0.065415174,4.809569836,-4.569999695,0,0,0,0,0,0,0,0,0,0,0,0,0,0.22,0.18,0,0,0.06,0.02,0,0,0,0.36,0,0,0.02,0,0,0,0.14
EBM_W25,2025_01_28_11-31-47.jpg,1/28/2025,11:31:47,Elliott Bay Marina,5,EBM_W25_T5,0,STABILIZE,13.58705117,3.313816631,45.02432149,159,2.166666667,47.6272181,-122.3920321,47.6272179,-122.3920366,-1.698475838,19.7451849,47.62721872,-122.392022,1.109296353,-4.809999943,-3.477531055,VFR_alt,94.77507869,0.119241735,1.932864857,2.704939835,0.126678468,5.043209076,-4.809999943,0,0.02,0,0,0,0,0,0,0,0,0,0,0,0.06,0.04,0,0,0.02,0.1,0,0,0,0.54,0,0,0.08,0,0.02,0,0.12
EBM_W25,2025_01_28_11-31-59.jpg,1/28/2025,11:31:59,Elliott Bay Marina,5,EBM_W25_T5,0,STABILIZE,13.59751948,2.462207792,33.47981857,168,2.277777778,47.6272184,-122.3920106,47.6272173,-122.3920214,-1.756972313,20.88322544,47.6272182,-122.3920069,0.834177471,-4.610000134,-3.002212783,VFR_alt,94.76620441,0.086404849,1.453491048,1.562955788,0.103877478,4.842727661,-4.610000134,0,0.02,0,0,0,0,0,0,0,0,0,0,0.04,0,0.04,0,0,0.12,0.02,0,0,0,0.46,0,0,0.14,0,0,0,0.16
EBM_W25,2025_01_28_11-32-08.jpg,1/28/2025,11:32:08,Elliott Bay Marina,5,EBM_W25_T5,0,STABILIZE,13.59174138,3.411487069,46.36799668,174,2.361111111,47.6272224,-122.3919997,47.6272164,-122.3920104,-1.864720345,21.71317673,47.62721723,-122.3919958,1.494913798,-4.440000057,-3.492517348,VFR_alt,101.069667,0.090073828,2.604774042,4.897056373,0.101113891,4.678701401,-4.440000057,0,0.02,0,0,0,0,0,0,0,0,0,0,0,0.04,0.08,0,0,0.06,0.02,0,0,0,0.3,0,0,0.22,0,0,0,0.26
EBM_W25,2025_01_28_11-32-20.jpg,1/28/2025,11:32:20,Elliott Bay Marina,5,EBM_W25_T5,0,STABILIZE,13.58981034,2.510431034,34.11628345,182,2.472222222,47.6272189,-122.3919668,47.6272168,-122.3919892,-1.809635162,23.30485439,47.62721772,-122.3919746,0.901982733,-4.789999962,-3.248659248,VFR_alt,86.2153353,0.080393559,1.57163658,1.783053258,0.136459,5.028709888,-4.789999962,0,0,0,0,0,0,0,0,0,0,0,0,0.02,0.04,0.08,0,0,0.02,0,0,0,0,0.58,0,0,0.22,0,0,0,0.04
EBM_W25,2025_01_28_11-32-29.jpg,1/28/2025,11:32:29,Elliott Bay Marina,5,EBM_W25_T5,0,STABILIZE,13.6012931,2.488081897,33.84138351,188,2.555555556,47.627234,-122.39197,47.6272204,-122.3919784,-1.417380333,24.11530304,47.62722125,-122.3919639,0.841637905,-4.569999695,-2.967414105,VFR_alt,112.2619023,0.072394728,1.466490288,1.553895892,0.081675603,4.80870533,-4.569999695,0,0.04,0,0,0,0,0,0,0,0,0,0,0,0.06,0.1,0,0,0.1,0.06,0,0,0,0.56,0,0,0.06,0,0,0,0.02
EBM_W25,2025_01_28_11-32-38.jpg,1/28/2025,11:32:38,Elliott Bay Marina,5,EBM_W25_T5,0,STABILIZE,13.59613793,2.668275862,36.27825034,195,2.666666667,47.6272456,-122.3919695,47.6272253,-122.3919674,-0.863981247,24.93622971,47.62722623,-122.3919529,0.709568948,-4.659999847,-2.924319992,VFR_alt,111.3838927,0.094076757,1.236370136,1.107676404,0.103914455,4.892911434,-4.659999847,0,0.06,0,0,0,0,0,0,0,0,0,0,0,0.06,0.02,0,0,0.1,0.04,0,0,0,0.64,0,0,0.04,0,0,0,0.04
EBM_W25,2025_01_28_11-32-47.jpg,1/28/2025,11:32:47,Elliott Bay Marina,5,EBM_W25_T5,0,STABILIZE,13.58993182,3.653368984,49.64797477,202,2.75,47.6272442,-122.3919502,47.6272296,-122.391958,-0.38293457,25.64497471,47.62723056,-122.3919435,0.662647048,-4.819999695,-3.036292658,VFR_alt,99.58346332,0.095485792,1.154612281,1.199763687,0.188080623,5.056489944,-4.819999695,0,0.02,0,0,0,0,0,0,0,0,0,0,0,0.08,0.16,0,0,0.14,0.02,0,0,0,0.52,0,0,0.02,0,0,0,0.04
EBM_W25,2025_01_28_11-32-59.jpg,1/28/2025,11:32:59,Elliott Bay Marina,5,EBM_W25_T5,0,STABILIZE,13.58153879,3.496206897,47.48349073,212,2.888888889,47.6272435,-122.3919288,47.627234,-122.3919399,0.10720253,27.00461674,47.62723496,-122.3919254,0.807844795,-4.809999943,-3.16997081,VFR_alt,103.7183101,0.117499281,1.407608355,1.431787664,0.130741534,5.044001102,-4.809999943,0,0.02,0,0.02,0,0,0,0,0,0,0,0,0,0.04,0.26,0,0,0.12,0.02,0,0,0,0.52,0,0,0,0,0,0,0
EBM_W25,2025_01_28_11-33-08.jpg,1/28/2025,11:33:08,Elliott Bay Marina,5,EBM_W25_T5,0,STABILIZE,13.59008423,3.007840173,40.87680797,219,2.972222222,47.6272387,-122.3919111,47.6272339,-122.3919301,0.085054398,27.73479366,47.62723476,-122.3919157,0.769632811,-4.519999981,-2.840639851,VFR_alt,106.8041559,0.072694873,1.341026867,1.298100021,0.089174774,4.756525517,-4.519999981,0,0.02,0,0,0,0,0,0,0,0,0,0,0,0.06,0.04,0,0,0,0.06,0,0,0,0.6,0,0,0,0,0,0,0.22
EBM_W25,2025_01_28_11-51-00.jpg,1/28/2025,11:51:00,Elliott Bay Marina,5,EBM_W25_T5,0,STABILIZE,13.59528942,2.501101512,34.00301216,998,13.58333333,47.6272755,-122.3919086,47.6272805,-122.3919022,5.277755737,29.82007504,47.62728147,-122.391888,0.782418977,-4.210000038,-2.482419015,VFR_alt,279.6259558,0.105532618,1.363305793,1.349658737,5.595761396,4.442494869,-4.210000038,0,0,0,0,0,0,0,0,0,0,0,0,0,0.34,0,0,0,0,0.06,0,0,0,0.38,0,0,0,0,0,0,0.22
EBM_W25,2025_01_28_11-51-09.jpg,1/28/2025,11:51:09,Elliott Bay Marina,5,EBM_W25_T5,0,STABILIZE,13.59750647,2.394094828,32.55335153,1004,13.66666667,47.6272774,-122.3919275,47.6272784,-122.3919156,5.043689728,28.81599331,47.62727936,-122.3919013,1.087370665,-4.5,-3.077163909,VFR_alt,278.6633342,0.098459149,1.894661007,2.591006205,0.135396392,4.732278347,-4.5,0,0.02,0,0,0,0,0,0,0,0,0,0,0,0.02,0.04,0,0,0.02,0,0,0,0,0.72,0,0,0.04,0,0,0,0.14
EBM_W25,2025_01_28_11-51-21.jpg,1/28/2025,11:51:21,Elliott Bay Marina,5,EBM_W25_T5,0,STABILIZE,13.60856277,2.011212121,27.36967195,1012,13.75,47.6272716,-122.3919355,47.627278,-122.3919304,4.998804092,27.7067194,47.62727896,-122.3919161,0.66642854,-4.46999979,-2.626126771,VFR_alt,279.2395742,0.081687619,1.161201243,1.016202971,0.095549449,4.703386307,-4.46999979,0,0.02,0,0,0,0,0,0,0,0,0,0,0.02,0.12,0.08,0,0,0.02,0.02,0,0,0,0.54,0,0,0.04,0,0,0,0.14
EBM_W25,2025_01_28_11-51-48.jpg,1/28/2025,11:51:48,Elliott Bay Marina,5,EBM_W25_T5,0,STABILIZE,13.60781562,2.069566161,28.16228813,1027,13.97222222,47.6272694,-122.3919626,47.6272769,-122.3919568,4.88586235,25.72639561,47.62727794,-122.3919424,0.558459874,-4.679999828,-2.727507147,VFR_alt,275.5506653,0.077135106,0.973074022,0.683423884,0.090006579,4.914858818,-4.679999828,0,0,0,0,0,0,0,0,0,0,0,0,0,0.16,0.12,0,0,0.1,0.08,0,0,0,0.54,0,0,0,0,0,0,0
EBM_W25,2025_01_28_11-52-00.jpg,1/28/2025,11:52:00,Elliott Bay Marina,5,EBM_W25_T5,0,STABILIZE,13.60905857,1.980911063,26.95833111,1034,14.05555556,47.6272697,-122.3919807,47.627276,-122.391968,4.775491714,24.88661003,47.62727695,-122.3919536,0.453167018,-4.699999809,-2.641166828,VFR_alt,273.3206245,0.062590491,0.789609199,0.450362489,0.082960414,4.939117908,-4.699999809,0,0.02,0,0,0,0,0,0,0,0,0,0,0,0.22,0.1,0,0,0.06,0.04,0,0,0,0.44,0.02,0,0,0,0,0,0.1
EBM_W25,2025_01_28_11-52-18.jpg,1/28/2025,11:52:18,Elliott Bay Marina,5,EBM_W25_T5,0,STABILIZE,13.61238544,1.915224839,26.07076146,1043,14.19444444,47.6272664,-122.3919867,47.6272754,-122.3919808,4.706497192,23.92768002,47.62727633,-122.3919663,0.463704489,-4.089999676,-2.03886447,VFR_alt,273.9745952,0.046829019,0.807969942,0.471299878,0.062771412,4.327989101,-4.089999676,0,0,0,0,0,0,0,0,0,0,0,0,0,0.38,0.34,0,0,0.04,0.02,0,0,0,0.18,0,0,0,0,0,0,0.04
EBM_W25,2025_01_28_11-52-36.jpg,1/28/2025,11:52:36,Elliott Bay Marina,5,EBM_W25_T5,0,STABILIZE,13.61493737,1.822267819,24.80882639,1053,14.33333333,47.6272611,-122.3919903,47.6272742,-122.3919948,4.573318481,22.87532997,47.62727517,-122.3919802,0.671209474,-4.449999809,-2.602871677,VFR_alt,279.4521435,0.061466451,1.169531659,0.987580869,0.063047127,4.694983006,-4.449999809,0,0,0,0,0,0,0,0,0,0,0,0,0,0.1,0.12,0,0,0.08,0,0,0,0,0.48,0,0,0.06,0,0.02,0,0.14
EBM_W25,2025_01_28_11-52-51.jpg,1/28/2025,11:52:51,Elliott Bay Marina,5,EBM_W25_T5,0,STABILIZE,13.61728908,1.969293362,26.81649362,1061,14.44444444,47.6272654,-122.3920144,47.6272717,-122.3920075,4.291074753,21.92064095,47.62727263,-122.3919929,0.880214128,-4.299999714,-2.659303921,VFR_alt,286.4272901,0.072899845,1.533706435,1.697799145,0.085975464,4.536096573,-4.299999714,0,0.04,0,0,0,0,0,0,0,0,0,0,0,0.06,0.08,0,0,0.08,0.02,0,0,0,0.62,0,0,0.02,0,0,0,0.08
EBM_W25,2025_01_28_11-53-03.jpg,1/28/2025,11:53:03,Elliott Bay Marina,5,EBM_W25_T5,0,STABILIZE,13.60052609,2.31623913,31.50116687,1068,14.52777778,47.6272699,-122.3920288,47.627272,-122.3920206,4.334566116,20.94192982,47.62727302,-122.3920059,0.705369534,-4.179999828,-2.363112472,VFR_alt,285.6755815,0.093731573,1.229052976,1.11476602,0.114816872,4.409628868,-4.179999828,0,0,0,0,0,0,0,0,0,0,0,0,0.04,0.04,0.22,0,0,0.02,0.02,0,0,0,0.58,0,0,0.02,0,0,0,0.06
EBM_W25,2025_01_28_11-53-12.jpg,1/28/2025,11:53:12,Elliott Bay Marina,5,EBM_W25_T5,0,STABILIZE,13.60550858,2.176072961,29.60550414,1073,14.61111111,47.6272722,-122.3920431,47.6272726,-122.3920315,4.404214859,20.12099648,47.62727365,-122.3920168,0.977896977,-4.119999886,-2.575171555,VFR_alt,287.1041973,0.076454967,1.703911399,2.101893088,0.091665327,4.358396053,-4.119999886,0,0,0,0,0,0,0,0,0,0,0,0,0,0.08,0.12,0,0,0.02,0.02,0,0,0,0.64,0.02,0,0.04,0,0,0,0.06
EBM_W25,2025_01_28_11-53-24.jpg,1/28/2025,11:53:24,Elliott Bay Marina,5,EBM_W25_T5,0,STABILIZE,13.60462203,2.215075594,30.13513158,1080,14.69444444,47.627273,-122.3920541,47.6272736,-122.3920502,4.509847641,18.71703148,47.6272746,-122.3920355,0.721166311,-4.110000134,-2.308358499,VFR_alt,287.2882864,0.096577356,1.256577663,1.140976095,0.112871898,4.346434593,-4.110000134,0,0,0,0,0,0,0,0,0,0,0,0,0,0.12,0.22,0,0,0.04,0.02,0,0,0,0.56,0,0,0,0,0,0,0.04
EBM_W25,2025_01_28_11-53-36.jpg,1/28/2025,11:53:36,Elliott Bay Marina,5,EBM_W25_T5,0,STABILIZE,13.61518844,1.910235546,26.00754668,1087,14.77777778,47.6272728,-122.3920576,47.6272749,-122.3920604,4.66163826,17.94987679,47.62727596,-122.3920455,0.783918593,-4.210000038,-2.471390702,VFR_alt,288.1074745,0.053243017,1.36591876,1.352566686,0.044514973,4.448956013,-4.210000038,0,0,0,0,0,0,0,0,0,0,0,0,0,0.06,0.02,0,0,0,0.04,0,0,0,0.78,0.02,0,0.06,0,0,0,0.02
EBM_W25,2025_01_28_11-53-48.jpg,1/28/2025,11:53:48,Elliott Bay Marina,5,EBM_W25_T5,0,STABILIZE,13.60289956,2.235283843,30.40441886,1094,14.88888889,47.6272754,-122.3920809,47.6272757,-122.3920745,4.748806,16.89369011,47.62727674,-122.3920595,0.879890823,-4.230000019,-2.587725567,VFR_alt,291.5030178,0.101238537,1.5331431,1.69693814,0.114158891,4.461879253,-4.230000019,0,0,0,0,0,0,0,0,0,0,0,0,0,0.04,0.16,0,0,0.06,0.06,0,0,0,0.58,0,0,0,0,0,0,0.1
EBM_W25,2025_01_28_11-53-57.jpg,1/28/2025,11:53:57,Elliott Bay Marina,5,EBM_W25_T5,0,STABILIZE,13.60508811,2.022709251,27.51909496,1100,14.94444444,47.6272775,-122.3920918,47.6272774,-122.3920872,4.932832718,15.94563341,47.6272784,-122.3920721,0.869999985,-4.319999695,-2.667992178,VFR_alt,286.88909,0.096262535,1.515909064,1.661877406,0.102987382,4.557725906,-4.319999695,0,0,0,0,0,0,0,0,0,0,0,0,0,0.06,0.02,0,0,0.08,0.06,0,0,0,0.68,0,0,0,0,0,0,0.1
EBM_W25,2025_01_28_11-54-09.jpg,1/28/2025,11:54:09,Elliott Bay Marina,5,EBM_W25_T5,0,STABILIZE,13.60623276,2.087650862,28.40468121,1106,15.05555556,47.6272784,-122.3920988,47.6272794,-122.3921018,5.160366058,14.8486886,47.62728044,-122.3920867,0.840883603,-4.230000019,-2.548736381,VFR_alt,290.3997687,0.085586941,1.465175975,1.554293081,0.076802253,4.465828419,-4.230000019,0,0,0,0,0,0,0,0,0,0,0,0,0,0.04,0.04,0,0,0.16,0.02,0,0,0,0.58,0,0,0.06,0.02,0,0,0.08
EBM_W25,2025_01_28_11-54-18.jpg,1/28/2025,11:54:18,Elliott Bay Marina,5,EBM_W25_T5,0,STABILIZE,13.61288312,2.032878788,27.67285141,1111,15.11111111,47.6272809,-122.3921205,47.6272806,-122.3921121,5.289920807,14.07608652,47.62728161,-122.392097,0.488593067,-4.099999905,-2.066072504,VFR_alt,288.5995986,0.083688896,0.851336404,0.526520893,0.113869522,4.331638813,-4.099999905,0,0,0,0,0,0,0,0,0,0,0,0,0,0.02,0.18,0,0,0.06,0.1,0,0,0,0.56,0,0,0,0,0,0,0.08
EBM_W25,2025_01_28_11-54-33.jpg,1/28/2025,11:54:33,Elliott Bay Marina,5,EBM_W25_T5,0,STABILIZE,13.60906061,2.11987013,28.8492739,1120,15.25,47.6272822,-122.3921132,47.6272826,-122.3921284,5.508905411,12.85446858,47.62728358,-122.3921132,0.577943726,-3.720000029,-1.774414619,VFR_alt,288.2674568,0.102131764,1.007023159,0.733549511,0.082446018,3.955251455,-3.720000029,0,0,0,0,0,0,0,0,0,0,0,0,0,0.04,0.4,0,0,0.1,0.06,0,0,0,0.36,0,0,0,0,0,0,0.04
EBM_W25,2025_01_28_11-54-48.jpg,1/28/2025,11:54:48,Elliott Bay Marina,5,EBM_W25_T5,0,STABILIZE,13.61515929,1.916415929,26.0915965,1129,15.36111111,47.6272844,-122.392146,47.6272844,-122.3921404,5.713989258,11.9497118,47.62728542,-122.3921253,0.89097344,-3.839999914,-2.206122996,VFR_alt,287.6184435,0.066380763,1.552453721,1.739829205,0.084055043,4.077642918,-3.839999914,0,0,0,0,0,0,0,0,0,0,0,0,0,0,0.12,0,0,0.02,0.28,0,0,0,0.54,0,0,0,0,0,0,0.04
EBM_W25,2025_01_28_11-55-00.jpg,1/28/2025,11:55:00,Elliott Bay Marina,5,EBM_W25_T5,0,STABILIZE,13.61676724,1.768017241,24.07292379,1139,15.5,47.6272843,-122.3921565,47.6272846,-122.3921515,5.738800049,11.11532295,47.62728572,-122.3921365,0.908706893,-3.929999828,-2.312706721,VFR_alt,288.1943665,0.075878835,1.583352919,1.812909806,0.075125641,4.166285992,-3.929999828,0,0,0,0.02,0,0,0,0,0,0,0,0,0,0.02,0.3,0,0,0.12,0.06,0,0,0,0.44,0,0,0,0,0,0,0.04
EBM_W25,2025_01_28_11-55-15.jpg,1/28/2025,11:55:15,Elliott Bay Marina,5,EBM_W25_T5,0,STABILIZE,13.62169114,1.830583153,24.93552732,1148,15.61111111,47.627289,-122.3921696,47.6272879,-122.3921669,6.104564667,9.965632439,47.62728901,-122.3921518,0.585831511,-4.049999714,-2.108433308,VFR_alt,271.6662013,0.06467201,1.020767027,0.75219021,0.070723791,4.279466152,-4.049999714,0,0,0,0,0,0,0,0,0,0,0,0,0,0.16,0.26,0,0.04,0.08,0.16,0,0,0,0.3,0,0,0,0,0,0,0
EBM_W25,2025_01_28_11-55-27.jpg,1/28/2025,11:55:27,Elliott Bay Marina,5,EBM_W25_T5,0,STABILIZE,13.60821459,2.153476395,29.30495983,1155,15.72222222,47.6272862,-122.3921865,47.6272869,-122.3921792,5.995695114,9.037656978,47.62728803,-122.3921641,0.469999999,-4.329999924,-2.271603945,VFR_alt,279.5367301,0.063499595,0.818939392,0.484042812,0.071212341,4.566533089,-4.329999924,0,0,0,0,0,0,0,0,0,0,0,0,0,0.12,0,0,0,0.04,0,0,0,0,0.78,0,0,0,0,0,0,0.06
EBM_W25,2025_01_28_11-55-39.jpg,1/28/2025,11:55:39,Elliott Bay Marina,5,EBM_W25_T5,0,STABILIZE,13.61258405,1.868448276,25.43439765,1163,15.80555556,47.6272871,-122.3921905,47.627287,-122.3921919,6.006717682,8.085376263,47.62728813,-122.3921768,0.868599129,-4.389999866,-2.729386167,VFR_alt,276.8551817,0.067042037,1.51346818,1.653278175,0.063809972,4.623321056,-4.389999866,0,0,0,0,0,0,0,0,0,0,0,0,0,0.12,0.12,0,0,0.04,0,0,0,0,0.68,0,0,0,0,0,0,0.04
EBM_W25,2025_01_28_11-55-51.jpg,1/28/2025,11:55:51,Elliott Bay Marina,5,EBM_W25_T5,0,STABILIZE,13.61033761,2.065662393,28.11415216,1169,15.91666667,47.6272866,-122.3922082,47.6272874,-122.3922074,6.044471741,6.924951077,47.62728847,-122.3921923,1.098653871,-4.299999714,-2.868873697,VFR_alt,272.8583956,0.072102408,1.914321139,2.645029291,0.077246124,4.543046474,-4.299999714,0,0,0,0,0,0,0,0,0,0,0,0,0,0.1,0.08,0,0,0.02,0,0,0,0,0.7,0,0.02,0.06,0,0.02,0,0
EBM_W25,2025_01_28_11-56-06.jpg,1/28/2025,11:56:06,Elliott Bay Marina,5,EBM_W25_T5,0,STABILIZE,13.62006048,1.858056156,25.30700112,1177,16,47.6272831,-122.3922322,47.6272874,-122.392219,6.042011261,6.054154634,47.62728844,-122.3922038,0.611900632,-3.99000001,-2.071862436,VFR_alt,277.7552095,0.052058402,1.066190496,0.879152394,0.095468311,4.227472782,-3.99000001,0,0,0,0,0,0,0,0,0,0,0,0,0,0.04,0.22,0,0,0.02,0.02,0,0,0,0.6,0,0,0,0,0,0,0.1
EBM_W25,2025_01_28_11-56-21.jpg,1/28/2025,11:56:21,Elliott Bay Marina,5,EBM_W25_T5,0,STABILIZE,13.63206695,1.78075594,24.27306577,1185,16.11111111,47.627286,-122.3922315,47.627286,-122.3922313,5.892354965,5.131177425,47.6272871,-122.3922161,0.895161968,-4.199999809,-2.565282266,VFR_alt,279.2016859,0.048184641,1.559751914,1.756210107,0.054258835,4.435522556,-4.199999809,0,0.02,0,0,0,0,0,0,0,0,0,0,0,0.04,0.04,0,0,0,0,0,0,0,0.8,0.02,0,0,0,0,0,0.08
EBM_W25,2025_01_28_11-56-36.jpg,1/28/2025,11:56:36,Elliott Bay Marina,5,EBM_W25_T5,0,STABILIZE,13.6152203,1.938185745,26.38852302,1194,16.22222222,47.6272854,-122.3922442,47.627287,-122.392244,5.996742249,4.17680645,47.62728804,-122.3922288,1.004600404,-4.349999905,-2.824956408,VFR_alt,292.3293995,0.057239237,1.750440099,2.211766881,0.060580481,4.586464882,-4.349999905,0,0,0,0,0,0,0,0,0,0,0,0,0,0,0.08,0,0,0.16,0,0,0,0,0.6,0,0,0.04,0,0,0,0.12
EBM_W25,2025_01_28_11-57-03.jpg,1/28/2025,11:57:03,Elliott Bay Marina,5,EBM_W25_T5,0,STABILIZE,13.60042981,2.291295896,31.1625281,1209,16.44444444,47.6272875,-122.3922678,47.6272877,-122.3922709,6.071947098,2.163887978,47.62728871,-122.3922556,0.422980554,-4.539999962,-2.432813411,VFR_alt,286.3594802,0.071179415,0.737011571,0.39338123,0.056378326,4.785176754,-4.539999962,0,0,0,0,0,0,0,0,0,0,0,0,0,0.16,0.16,0,0,0.08,0.02,0,0,0,0.54,0,0,0,0,0,0,0.04
EBM_W25,2025_01_28_11-57-18.jpg,1/28/2025,11:57:18,Elliott Bay Marina,5,EBM_W25_T5,0,STABILIZE,13.64307174,1.620152174,22.1038563,1217,16.55555556,47.6272852,-122.3922952,47.6272883,-122.3922858,6.146280289,1.041240692,47.62728938,-122.3922705,1.25999999,-3.819999933,-2.548586006,VFR_alt,277.2859546,0.045677505,2.195454529,3.478797468,0.058624798,4.060388088,-3.819999933,0,0,0,0,0,0,0,0,0,0,0,0,0,0.06,0.02,0,0,0.08,0.02,0,0,0,0.6,0,0,0,0,0,0,0.22
CNL_S24,2024_10_08_11-45-27.jpg,10/8/2024,11:45:27,Centennial Park,6,CNL_S24_T6,21,SURFTRAK,13.59622222,2.647530864,35.99642346,19,0.25,47.6193681,-122.3625482,47.6193845,-122.3625755,-3.267345428,2.257197857,47.61937261,-122.3625849,0.685246916,-4.639999866,-2.534297837,VFR_alt,144.4828074,0.108411967,1.193990838,1.028976143,0.194194131,4.816428185,-4.639999866,0,0,0,0,0,0.1,0.06,0,0,0,0,0.22,0,0.02,0.1,0,0,0.04,0.08,0,0,0,0.1,0.08,0.14,0.02,0,0,0,0.04
CNL_S24,2024_10_08_11-45-00.jpg,10/8/2024,11:45:00,Centennial Park,6,CNL_S24_T6,21,SURFTRAK,13.60079518,2.510060241,34.1388394,0,0,47.619402,-122.3626149,47.6194139,-122.3626056,0,0,47.619402,-122.3626149,0.681385533,-4.699999809,-2.587385342,VFR_alt,144.9652273,0.100065936,1.187262671,1.017851615,0,4.87093544,-4.699999809,0,0,0,0,0,0.32,0,0,0,0,0,0.32,0,0,0.04,0,0,0.06,0.04,0,0,0,0.02,0.02,0.06,0,0,0.12,0,0
CNL_S24,2024_10_08_11-45-09.jpg,10/8/2024,11:45:09,Centennial Park,6,CNL_S24_T6,21,SURFTRAK,13.59677301,2.589815951,35.21313276,6,0.083333333,47.6193947,-122.3626153,47.6194047,-122.3626,-1.017410278,0.417042255,47.61939285,-122.3626094,0.627852758,-4.679999828,-2.514813808,VFR_alt,144.7353863,0.107719661,1.093985866,0.863922859,0.11952952,4.857810497,-4.679999828,0,0,0,0,0,0.36,0.02,0.02,0,0,0.02,0.08,0,0,0.06,0.16,0,0.08,0.1,0,0,0,0.04,0,0,0,0,0.02,0,0.04
CNL_S24,2024_10_08_11-45-18.jpg,10/8/2024,11:45:18,Centennial Park,6,CNL_S24_T6,21,SURFTRAK,13.59681818,2.682424242,36.47246121,13,0.166666667,47.6193819,-122.3625778,47.6193955,-122.3625905,-2.047025681,1.13563633,47.61938359,-122.3625998,0.699696953,-4.589999676,-2.497695979,VFR_alt,144.6997412,0.114214761,1.219168934,1.07340674,0.157730472,4.766174793,-4.589999676,0,0,0,0.02,0,0.2,0,0,0,0,0,0.08,0,0,0.14,0.02,0,0.14,0.08,0,0,0,0.14,0.08,0.06,0,0,0,0,0.04
CNL_S24,2024_10_08_11-45-36.jpg,10/8/2024,11:45:36,Centennial Park,6,CNL_S24_T6,21,SURFTRAK,13.61742073,2.009146341,27.35943707,25,0.333333333,47.6193745,-122.3625981,47.6193769,-122.3625712,-4.112136841,2.584423542,47.61936501,-122.3625805,0.662621915,-4.650000095,-2.522675016,VFR_alt,144.3351132,0.074434783,1.154568489,0.962141144,0.064714916,4.820258617,-4.650000095,0,0,0,0.06,0,0.16,0,0,0,0,0.02,0.06,0,0,0.02,0.08,0,0.04,0.02,0,0,0,0.06,0.06,0.38,0.04,0,0,0,0
CNL_S24,2024_10_08_11-45-45.jpg,10/8/2024,11:45:45,Centennial Park,6,CNL_S24_T6,21,SURFTRAK,13.60587195,2.209695122,30.06478341,30,0.416666667,47.6193724,-122.3625657,47.6193719,-122.362566,-4.669042587,2.968017578,47.61936001,-122.3625754,0.669939003,-4.639999866,-2.52088074,VFR_alt,144.5485624,0.079932316,1.16731796,0.983625935,0.062304587,4.816846371,-4.639999866,0,0,0,0,0,0.24,0,0,0,0,0,0.16,0,0,0,0,0,0,0.2,0,0,0,0.02,0.1,0.2,0.02,0,0,0,0.06
CNL_S24,2024_10_08_11-45-54.jpg,10/8/2024,11:45:54,Centennial Park,6,CNL_S24_T6,21,SURFTRAK,13.61345122,2.111036585,28.73844799,36,0.472222222,47.619369,-122.3625308,47.6193677,-122.3625569,-5.135486603,3.65435648,47.61935581,-122.3625663,0.688902434,-4.619999886,-2.520556638,VFR_alt,145.7248767,0.08055709,1.200360302,1.039974009,0.113899214,4.790543556,-4.619999886,0,0,0,0,0,0.52,0,0,0,0,0,0.04,0,0,0.06,0.04,0,0.14,0.02,0,0,0,0.02,0.04,0.08,0,0,0,0,0.04
CNL_S24,2024_10_08_11-46-03.jpg,10/8/2024,11:46:03,Centennial Park,6,CNL_S24_T6,21,SURFTRAK,13.60151515,2.415515152,32.85466376,41,0.555555556,47.6193803,-122.3625509,47.6193644,-122.3625471,-5.506057739,4.388126373,47.61935248,-122.3625565,0.661151481,-4.619999886,-2.493279202,VFR_alt,143.8540265,0.102913845,1.152006368,0.958081565,0.07631807,4.800005913,-4.619999886,0,0,0,0,0,0.54,0,0,0,0,0,0.14,0,0,0.04,0,0,0.02,0.02,0,0,0,0.12,0.02,0.06,0.02,0,0,0,0.02
CNL_S24,2024_10_08_11-46-12.jpg,10/8/2024,11:46:12,Centennial Park,6,CNL_S24_T6,21,SURFTRAK,13.605375,2.212083333,30.09608042,47,0.638888889,47.6193697,-122.362509,47.6193609,-122.3625346,-5.892379761,5.327790737,47.619349,-122.362544,0.686904762,-4.619999886,-2.519253545,VFR_alt,145.7013272,0.092971234,1.19687951,1.033952976,0.124925574,4.793397427,-4.619999886,0,0,0,0,0,0.4,0,0,0.02,0,0.02,0.3,0,0,0.06,0.04,0,0,0,0,0,0,0.04,0.02,0.06,0.04,0,0,0,0
CNL_S24,2024_10_08_11-46-21.jpg,10/8/2024,11:46:21,Centennial Park,6,CNL_S24_T6,21,SURFTRAK,13.60962963,2.212160494,30.10670167,53,0.722222222,47.6193745,-122.3625112,47.6193585,-122.3625225,-6.16661644,6.232822418,47.61934654,-122.362532,0.678765414,-4.639999866,-2.531145192,VFR_alt,149.3843996,0.096834673,1.182697313,1.00971084,0.100912444,4.81251812,-4.639999866,0,0,0,0,0,0.62,0,0,0,0,0,0.04,0,0,0.24,0,0,0,0.08,0,0,0,0,0,0,0,0,0.02,0,0
CNL_S24,2024_10_08_11-46-30.jpg,10/8/2024,11:46:30,Centennial Park,6,CNL_S24_T6,21,SURFTRAK,13.60310303,2.409212121,32.77280485,59,0.805555556,47.6193736,-122.3625099,47.6193564,-122.3625126,-6.395797729,6.977822304,47.61934447,-122.3625221,0.672545424,-4.670000076,-2.554835319,VFR_alt,150.9362916,0.107049425,1.171859452,0.991173142,0.089399349,4.841722488,-4.670000076,0,0,0,0,0,0.52,0,0,0,0,0.04,0.14,0,0,0.04,0,0,0.02,0,0,0,0,0.04,0.04,0.14,0.02,0,0,0,0
CNL_S24,2024_10_08_11-46-39.jpg,10/8/2024,11:46:39,Centennial Park,6,CNL_S24_T6,21,SURFTRAK,13.60333742,2.366257669,32.18900564,65,0.861111111,47.6193684,-122.3624992,47.6193534,-122.3625026,-6.725574493,7.731945038,47.61934151,-122.362512,0.631717785,-4.670000076,-2.513865419,VFR_alt,150.8635064,0.09806994,1.100720383,0.875530991,0.09280816,4.845190525,-4.670000076,0,0,0,0.04,0,0.02,0,0,0,0,0,0.64,0,0,0.1,0,0,0.06,0.02,0,0,0,0.04,0,0.02,0,0,0,0,0.06
CNL_S24,2024_10_08_11-46-48.jpg,10/8/2024,11:46:48,Centennial Park,6,CNL_S24_T6,21,SURFTRAK,13.59419753,2.564444444,34.86148617,71,0.944444444,47.6193632,-122.3624814,47.6193502,-122.3624916,-7.088747025,8.554631233,47.61933824,-122.3625011,0.708333313,-4.610000134,-2.530355517,VFR_alt,150.5364564,0.089449423,1.234217137,1.100415598,0.082092485,4.788443089,-4.610000134,0,0,0,0.02,0,0.48,0,0,0,0,0,0.24,0,0,0.06,0.04,0,0.02,0,0,0,0,0.02,0,0.1,0.02,0,0,0,0
CNL_S24,2024_10_08_11-46-57.jpg,10/8/2024,11:46:57,Centennial Park,6,CNL_S24_T6,21,SURFTRAK,13.59711111,2.611851852,35.51358222,77,1.055555556,47.6193668,-122.3624853,47.6193482,-122.3624839,-7.304584503,9.131868362,47.6193363,-122.3624934,0.739753095,-4.659999847,-2.611735237,VFR_alt,150.7782207,0.095225632,1.288963726,1.199122506,0.053769833,4.835842133,-4.659999847,0,0,0,0,0,0.36,0,0,0,0,0.04,0.24,0,0,0.06,0,0,0,0.06,0,0,0,0.04,0.06,0.04,0.08,0,0,0,0.02
CNL_S24,2024_10_08_11-47-06.jpg,10/8/2024,11:47:06,Centennial Park,6,CNL_S24_T6,21,SURFTRAK,13.59892683,2.582012195,35.11259305,83,1.138888889,47.6193611,-122.3624781,47.6193453,-122.3624766,-7.633426666,9.678312302,47.61933334,-122.3624862,0.636341453,-4.739999771,-2.588434503,VFR_alt,150.6828221,0.117015666,1.108776773,0.887346772,0.112533035,4.91117239,-4.739999771,0,0,0,0,0,0.62,0,0,0,0,0,0.14,0.02,0,0.06,0,0,0.04,0,0,0,0,0,0,0.02,0.06,0,0,0,0.04
CNL_S24,2024_10_08_11-47-15.jpg,10/8/2024,11:47:15,Centennial Park,6,CNL_S24_T6,21,SURFTRAK,13.60823636,2.274545455,30.95252509,90,1.222222222,47.619349,-122.3624733,47.6193406,-122.3624687,-8.157604218,10.27145481,47.61932863,-122.3624783,0.701636349,-4.710000038,-2.624011177,VFR_alt,153.2682294,0.081101857,1.222548183,1.079953874,0.055452705,4.891404152,-4.710000038,0,0,0,0.04,0,0.28,0,0,0,0,0,0.06,0,0,0.24,0.06,0,0.08,0.06,0,0,0,0.02,0,0.1,0.06,0,0,0,0
CNL_S24,2024_10_08_11-47-24.jpg,10/8/2024,11:47:24,Centennial Park,6,CNL_S24_T6,21,SURFTRAK,13.60584848,2.315939394,31.51033885,95,1.277777778,47.6193336,-122.3624711,47.6193348,-122.3624623,-8.798423767,10.74906063,47.61932287,-122.3624719,0.696363628,-4.769999981,-2.679180993,VFR_alt,149.6909195,0.08697431,1.213360867,1.062627238,0.092465347,4.94388628,-4.769999981,0,0,0,0.02,0,0.42,0,0,0,0,0,0.16,0,0,0.1,0.04,0,0.04,0,0,0,0,0.02,0.02,0.12,0.06,0,0,0,0
CNL_S24,2024_10_08_11-47-33.jpg,10/8/2024,11:47:33,Centennial Park,6,CNL_S24_T6,21,SURFTRAK,13.591,2.907721519,39.51884316,102,1.388888889,47.6193239,-122.3624797,47.6193273,-122.3624576,-9.601808548,11.09159088,47.61931564,-122.3624674,0.645316436,-4.759999752,-2.61872732,VFR_alt,149.4739284,0.120485418,1.124415003,0.912672406,0.076460273,4.936178207,-4.759999752,0,0,0,0,0,0.5,0.12,0,0,0,0,0,0,0,0.06,0,0,0.02,0.06,0,0,0,0,0.04,0.08,0.1,0,0,0,0.02
CNL_S24,2024_10_08_11-47-42.jpg,10/8/2024,11:47:42,Centennial Park,6,CNL_S24_T6,21,SURFTRAK,13.59547273,2.54,34.53250073,109,1.472222222,47.6193023,-122.3624674,47.6193183,-122.3624544,-10.63479805,11.34925747,47.61930635,-122.3624639,0.646787858,-4.699999809,-2.560933771,VFR_alt,144.7027965,0.092870654,1.126978844,0.916715159,0.122850594,4.87711525,-4.699999809,0,0,0,0,0,0.36,0,0,0,0,0,0,0,0,0.14,0.14,0,0.06,0.02,0,0,0,0,0.02,0.14,0.06,0,0.06,0,0
CNL_S24,2024_10_08_11-47-51.jpg,10/8/2024,11:47:51,Centennial Park,6,CNL_S24_T6,21,SURFTRAK,13.60574251,2.390179641,32.52008096,115,1.555555556,47.6192916,-122.3624623,47.6193091,-122.3624483,-11.65843296,11.80627918,47.61929714,-122.3624578,0.678802377,-4.630000114,-2.523814861,VFR_alt,144.6566579,0.09912025,1.182761717,1.009826547,0.109847762,4.807170391,-4.630000114,0,0,0,0,0,0.22,0.02,0,0,0,0,0,0,0,0,0,0,0.02,0.16,0,0,0,0,0.06,0.32,0.2,0,0,0,0
CNL_S24,2024_10_08_11-48-00.jpg,10/8/2024,11:48:00,Centennial Park,6,CNL_S24_T6,21,SURFTRAK,13.60116364,2.42,32.914816,121,1.638888889,47.6192878,-122.362456,47.6193002,-122.362444,-12.65321541,12.1289978,47.61928819,-122.3624536,0.673212115,-4.610000134,-2.499212248,VFR_alt,147.3120726,0.108866251,1.173021109,0.993294057,0.133684333,4.783209801,-4.610000134,0,0,0,0.1,0,0.06,0,0,0,0,0,0,0,0,0.06,0,0,0.14,0.4,0,0,0,0,0.06,0.08,0.04,0,0,0,0.06
CNL_S24,2024_10_08_11-48-09.jpg,10/8/2024,11:48:09,Centennial Park,6,CNL_S24_T6,21,SURFTRAK,13.62166667,1.752121212,23.86527576,127,1.722222222,47.6192802,-122.3624476,47.6192921,-122.3624414,-13.55520248,12.31269646,47.61928008,-122.3624511,0.844787845,-4.440000057,-2.501883752,VFR_alt,173.0013282,0.023449625,1.471978821,1.564308695,0.043476107,4.618999481,-4.440000057,0,0,0,0,0,0.16,0,0,0,0,0,0,0,0,0.18,0.04,0,0.04,0.28,0,0,0,0.02,0.04,0.14,0.08,0,0.02,0,0
CNL_S24,2024_10_08_11-48-18.jpg,10/8/2024,11:48:18,Centennial Park,6,CNL_S24_T6,21,SURFTRAK,13.6053681,2.313006135,31.46910896,132,1.805555556,47.6192814,-122.3624523,47.619286,-122.3624416,-14.23113251,12.30319309,47.619274,-122.3624512,0.682024523,-4.589999676,-2.490298111,VFR_alt,163.224918,0.073003613,1.188376062,1.019547232,0.092794461,4.767151356,-4.589999676,0,0,0,0,0,0.22,0.04,0,0,0,0,0,0,0,0.22,0,0,0.3,0.02,0,0,0,0,0,0,0.16,0,0.04,0,0
CNL_S24,2024_10_08_11-48-27.jpg,10/8/2024,11:48:27,Centennial Park,6,CNL_S24_T6,21,SURFTRAK,13.59625,2.691158537,36.58965012,139,1.888888889,47.6192745,-122.3624448,47.6192775,-122.362438,-15.17696476,12.57309341,47.6192655,-122.3624476,0.703780472,-4.679999828,-2.603285269,VFR_alt,156.5211083,0.112677379,1.226284156,1.085383218,0.112053206,4.850628376,-4.679999828,0,0,0,0.04,0,0.22,0,0,0,0,0,0,0,0,0,0.1,0,0,0,0,0,0,0,0.02,0.18,0.36,0,0.06,0,0.02
CNL_S24,2024_10_08_11-48-36.jpg,10/8/2024,11:48:36,Centennial Park,6,CNL_S24_T6,21,SURFTRAK,13.60953659,2.127134146,28.94930579,145,1.972222222,47.6192577,-122.3624286,47.6192695,-122.3624316,-16.07419968,13.05971241,47.61925743,-122.3624412,0.647256076,-4.690000057,-2.558015929,VFR_alt,153.9503221,0.094291902,1.127794678,0.918116161,0.1387732,4.869318008,-4.690000057,0,0,0,0.1,0,0.12,0.18,0,0,0,0,0.06,0,0,0.02,0.16,0,0.06,0,0,0,0,0,0.02,0.12,0.12,0,0.04,0,0
CNL_S24,2024_10_08_11-48-45.jpg,10/8/2024,11:48:45,Centennial Park,6,CNL_S24_T6,21,SURFTRAK,13.601,2.575272727,35.02628436,151,2.055555556,47.6192484,-122.3624231,47.6192593,-122.3624239,-17.20452738,13.63041115,47.61924726,-122.3624336,0.656242394,-4.650000095,-2.528251665,VFR_alt,157.7643827,0.119535948,1.143452657,0.943713748,0.163545816,4.827661514,-4.650000095,0,0,0,0,0,0.62,0,0,0,0,0,0,0,0,0.12,0.06,0,0.02,0.02,0,0,0,0,0,0.04,0.06,0,0.04,0,0.02
CNL_S24,2024_10_08_11-48-54.jpg,10/8/2024,11:48:54,Centennial Park,6,CNL_S24_T6,21,SURFTRAK,13.60104294,2.367668712,32.20270417,158,2.138888889,47.6192311,-122.3624088,47.6192464,-122.3624146,-18.64757586,14.33311462,47.61923428,-122.3624242,0.716748438,-4.619999886,-2.559972208,VFR_alt,161.1482816,0.125620612,1.248879855,1.125981846,0.187676612,4.796906948,-4.619999886,0,0,0,0,0,0.64,0,0,0,0,0,0,0,0,0.22,0,0,0,0,0,0,0,0.02,0.02,0,0.04,0,0.02,0,0.04
CNL_S24,2024_10_08_11-49-03.jpg,10/8/2024,11:49:03,Centennial Park,6,CNL_S24_T6,21,SURFTRAK,13.62551807,1.825542169,24.87394602,163,2.194444444,47.6192243,-122.3624019,47.6192375,-122.3624091,-19.6351428,14.74378204,47.6192254,-122.3624188,0.660421653,-4.730000019,-2.614796589,VFR_alt,160.4904222,0.064734957,1.150734698,0.95577636,0.100931902,4.902211189,-4.730000019,0,0,0,0.2,0,0.22,0,0,0,0,0,0,0,0,0.06,0.06,0,0.04,0.14,0,0,0,0,0,0.12,0.12,0,0.02,0,0.02
CNL_S24,2024_10_08_11-49-12.jpg,10/8/2024,11:49:12,Centennial Park,6,CNL_S24_T6,21,SURFTRAK,13.61478788,1.917575758,26.10739636,168,2.277777778,47.6192378,-122.3624062,47.619232,-122.3624054,-20.24042034,15.0216198,47.61921995,-122.3624151,0.656787848,-4.71999979,-2.602233694,VFR_alt,156.1679431,0.063091727,1.144403069,0.945345881,0.052460045,4.900175571,-4.71999979,0,0,0,0,0,0.4,0,0,0,0,0,0.14,0,0,0.08,0.04,0,0.06,0,0,0,0,0,0,0.12,0.12,0,0,0,0.04
CNL_S24,2024_10_08_11-49-21.jpg,10/8/2024,11:49:21,Centennial Park,6,CNL_S24_T6,21,SURFTRAK,13.6070184,2.264110429,30.80775706,173,2.361111111,47.6192306,-122.3623934,47.6192269,-122.3623996,-20.81595516,15.45627785,47.61921478,-122.3624093,0.700552135,-4.71999979,-2.646992831,VFR_alt,156.2866238,0.092251549,1.220659023,1.075451852,0.089610885,4.890450954,-4.71999979,0,0,0,0,0,0.6,0,0,0,0,0,0,0,0,0.14,0,0,0.02,0.06,0,0,0,0,0,0.04,0.1,0,0.04,0,0
CNL_S24,2024_10_08_11-49-30.jpg,10/8/2024,11:49:30,Centennial Park,6,CNL_S24_T6,21,SURFTRAK,13.59914634,2.452682927,33.35440244,179,2.444444444,47.6192273,-122.3623739,47.6192219,-122.3623895,-21.36961269,16.21713066,47.6192098,-122.3623992,0.732134133,-4.739999771,-2.699498688,VFR_alt,155.4269328,0.110407114,1.275688262,1.175102087,0.138791313,4.910052299,-4.739999771,0,0,0,0,0,0.42,0,0,0,0,0,0.02,0,0,0.22,0,0,0.06,0.14,0,0,0,0,0,0.04,0.08,0,0,0,0.02
CNL_S24,2024_10_08_11-49-39.jpg,10/8/2024,11:49:39,Centennial Park,6,CNL_S24_T6,21,SURFTRAK,13.61175152,2.266121212,30.84588782,185,2.527777778,47.6192256,-122.3623526,47.6192166,-122.362375,-21.96252799,17.30280685,47.61920446,-122.3623847,0.676969676,-4.779999733,-2.685192409,VFR_alt,155.0688629,0.104815736,1.179568375,1.004404217,0.133597273,4.956197262,-4.779999733,0,0,0,0.02,0,0.3,0,0,0,0,0,0.16,0,0,0.04,0.02,0,0,0.06,0,0,0,0.02,0.06,0.12,0.16,0,0.02,0,0.02
CNL_S24,2024_10_08_11-49-48.jpg,10/8/2024,11:49:48,Centennial Park,6,CNL_S24_T6,21,SURFTRAK,13.60696296,2.177222222,29.62543111,191,2.583333333,47.6192284,-122.3623374,47.6192133,-122.3623619,-22.326859,18.28912926,47.61920119,-122.3623716,0.648518496,-4.799999714,-2.677539078,VFR_alt,155.2242294,0.107770565,1.129994349,0.921607132,0.118617339,4.978024006,-4.799999714,0,0,0,0,0,0.08,0,0,0,0,0,0.62,0,0,0.06,0,0,0,0.04,0,0,0,0,0,0.02,0.14,0,0,0,0.04
CNL_S24,2024_10_08_11-49-57.jpg,10/8/2024,11:49:57,Centennial Park,6,CNL_S24_T6,21,SURFTRAK,13.61471951,2.086707317,28.41005866,196,2.666666667,47.6192302,-122.3623392,47.619211,-122.3623517,-22.57941985,19.04958725,47.61919892,-122.3623615,0.656219482,-4.759999752,-2.645982935,VFR_alt,155.1510839,0.077288199,1.143412735,0.943647979,0.067329992,4.933987141,-4.759999752,0,0,0,0,0,0.02,0,0,0,0,0,0.22,0,0,0.02,0,0,0,0.02,0,0,0,0.02,0.04,0.12,0.52,0,0.02,0,0
CNL_S24,2024_10_08_11-50-06.jpg,10/8/2024,11:50:06,Centennial Park,6,CNL_S24_T6,21,SURFTRAK,13.60042683,2.424085366,32.96879085,202,2.75,47.6192293,-122.3623392,47.6192096,-122.3623444,-22.7440896,19.59774208,47.61919744,-122.3623542,0.656341434,-4.739999771,-2.626798147,VFR_alt,154.827222,0.093375865,1.143625225,0.943998041,0.067573845,4.917201519,-4.739999771,0,0,0,0,0,0.28,0,0,0,0,0,0,0,0,0,0.04,0,0,0,0,0,0,0.04,0.04,0.24,0.3,0.02,0.04,0,0
CNL_S24,2024_10_08_11-50-15.jpg,10/8/2024,11:50:15,Centennial Park,6,CNL_S24_T6,21,SURFTRAK,13.60416364,2.450545455,33.33764691,208,2.833333333,47.6192352,-122.3623356,47.6192077,-122.362337,-22.94668841,20.15563011,47.61919561,-122.3623468,0.69618181,-4.699999809,-2.627289181,VFR_alt,154.8706605,0.100257851,1.213044063,1.062073455,0.069183053,4.878469944,-4.699999809,0,0,0,0.02,0,0.02,0.06,0,0,0,0,0.32,0,0,0,0.04,0,0.08,0,0,0.04,0,0,0,0.08,0.28,0,0.06,0,0
CNL_S24,2024_10_08_11-50-24.jpg,10/8/2024,11:50:24,Centennial Park,6,CNL_S24_T6,21,SURFTRAK,13.604,2.367575758,32.20850061,214,2.916666667,47.6192317,-122.3623208,47.6192059,-122.3623292,-23.15595138,20.74154472,47.61919373,-122.362339,0.680000007,-4.699999809,-2.611723328,VFR_alt,153.3009131,0.090383252,1.184848497,1.013224998,0.074488654,4.875019073,-4.699999809,0,0,0,0,0,0.16,0,0,0,0,0,0.08,0,0,0,0.08,0,0,0.14,0,0,0,0.06,0,0.04,0.38,0,0.06,0,0
CNL_S24,2024_10_08_11-50-33.jpg,10/8/2024,11:50:33,Centennial Park,6,CNL_S24_T6,21,SURFTRAK,13.60323214,2.361547619,32.12466631,220,3,47.6192223,-122.3623094,47.6192032,-122.3623207,-23.44683743,21.37427711,47.61919111,-122.3623306,0.684880955,-4.710000038,-2.627193754,VFR_alt,153.4814344,0.088953025,1.193353179,1.027877534,0.081540748,4.889244556,-4.710000038,0,0,0,0,0,0.06,0.2,0,0,0,0,0.14,0,0,0,0.04,0,0,0,0,0.06,0,0,0.04,0.12,0.26,0,0.08,0,0
CNL_S24,2024_10_08_11-50-42.jpg,10/8/2024,11:50:42,Centennial Park,6,CNL_S24_T6,21,SURFTRAK,13.60033962,2.421698113,32.93590604,226,3.055555556,47.6192291,-122.3623113,47.6192009,-122.3623136,-23.71124196,21.9084053,47.61918874,-122.3623235,0.64924526,-4.670000076,-2.552128616,VFR_alt,156.6639855,0.09787657,1.13126068,0.923846687,0.046771739,4.849835873,-4.670000076,0,0,0,0,0,0.06,0,0,0,0,0,0.26,0,0,0.16,0,0,0.06,0.02,0,0,0,0.02,0.08,0.04,0.24,0,0.06,0,0
CNL_S24,2024_10_08_11-52-21.jpg,10/8/2024,11:52:21,Centennial Park,6,CNL_S24_T6,21,SURFTRAK,13.61921951,1.785609756,24.31837268,279,3.805555556,47.6191801,-122.3623469,47.6191948,-122.3623488,-24.37867486,19.26288033,47.61918304,-122.362358,0.672560964,-4.440000057,-2.352144976,VFR_alt,322.9405628,0.084616949,1.171886529,0.992079571,0.056259795,4.620621681,-4.440000057,0,0,0,0.06,0,0.34,0,0,0,0,0,0.16,0.02,0,0.08,0,0,0.06,0.18,0,0,0,0.02,0,0.02,0.02,0,0.02,0,0.02
CNL_S24,2024_10_08_11-52-30.jpg,10/8/2024,11:52:30,Centennial Park,6,CNL_S24_T6,21,SURFTRAK,13.64557576,1.340727273,18.29494885,283,3.861111111,47.6191916,-122.3623532,47.6191952,-122.3623519,-24.33358347,19.03278542,47.61918345,-122.3623611,0.643999982,-4.529999733,-2.414241142,VFR_alt,333.0745472,0.055184,1.122121181,0.908853298,0.0453502,4.70976305,-4.529999733,0,0,0,0,0,0.32,0.28,0,0,0,0,0,0,0,0.06,0,0,0.04,0.02,0,0,0,0.02,0,0,0.16,0,0.1,0,0
CNL_S24,2024_10_08_11-52-39.jpg,10/8/2024,11:52:39,Centennial Park,6,CNL_S24_T6,21,SURFTRAK,13.64044172,1.515030675,20.6656854,287,3.916666667,47.6192001,-122.3623543,47.6191987,-122.3623553,-23.93600178,18.77631569,47.61918703,-122.3623645,0.672760726,-4.480000019,-2.393616188,VFR_alt,332.4223443,0.052279653,1.172234599,0.992033196,0.052433655,4.657580376,-4.480000019,0,0,0,0,0,0.64,0,0,0,0,0,0.02,0,0,0.1,0.02,0,0.02,0.04,0,0,0,0.02,0,0.02,0.1,0,0.02,0,0
CNL_S24,2024_10_08_11-52-48.jpg,10/8/2024,11:52:48,Centennial Park,6,CNL_S24_T6,21,SURFTRAK,13.63856627,1.563253012,21.31967807,291,3.944444444,47.6191994,-122.3623467,47.6192016,-122.3623568,-23.61544514,18.66259956,47.61918973,-122.362366,0.778313226,-4.460000038,-2.479718055,VFR_alt,333.5339414,0.033870906,1.356151833,1.327471097,0,4.619381428,-4.460000038,0,0,0,0.1,0,0.38,0,0,0,0,0,0.06,0,0,0.12,0.04,0,0.06,0,0,0,0,0.02,0,0.1,0.1,0,0.02,0,0
CNL_S24,2024_10_08_11-53-00.jpg,10/8/2024,11:53:00,Centennial Park,6,CNL_S24_T6,21,SURFTRAK,13.646,1.4475,19.75254,296,4.027777778,47.6192202,-122.3623383,47.6192074,-122.3623559,-22.97094214,18.73901367,47.61919553,-122.362365,0.669999957,-4.549999714,-2.461999671,VFR_alt,334.9326463,0.02102364,1.167424168,0.983643239,0.069344589,4.725408077,-4.549999714,0,0,0,0,0,0.2,0,0,0,0,0,0.12,0.02,0,0.06,0.04,0,0.02,0.02,0,0,0,0.02,0.1,0.1,0.22,0.02,0.06,0,0
CNL_S24,2024_10_08_11-53-09.jpg,10/8/2024,11:53:09,Centennial Park,6,CNL_S24_T6,21,SURFTRAK,13.62086957,1.740745342,23.71043851,300,4.083333333,47.6192241,-122.3623224,47.6192147,-122.3623539,-22.15527034,18.88056564,47.61920287,-122.3623631,0.672484442,-4.569999695,-2.484810481,VFR_alt,333.6058993,0.064853759,1.171753194,0.990992745,0.107071631,4.743402958,-4.569999695,0,0,0,0.08,0,0.26,0,0,0,0,0,0.16,0,0,0.18,0.02,0,0.02,0.06,0,0,0,0,0.04,0.04,0.06,0,0.08,0,0
CNL_S24,2024_10_08_11-53-18.jpg,10/8/2024,11:53:18,Centennial Park,6,CNL_S24_T6,21,SURFTRAK,13.61871166,1.883865031,25.65571656,304,4.138888889,47.6192259,-122.3623139,47.6192212,-122.3623506,-21.43217158,19.13243866,47.61920937,-122.3623598,0.648282186,-4.549999714,-2.440861462,VFR_alt,333.229706,0.085898199,1.129582597,0.921358583,0.088693542,4.721860409,-4.549999714,0,0,0,0,0,0.42,0,0,0,0,0,0,0,0,0.14,0.02,0,0.08,0.24,0,0,0,0.02,0,0,0.08,0,0,0,0
CNL_S24,2024_10_08_11-53-27.jpg,10/8/2024,11:53:27,Centennial Park,6,CNL_S24_T6,21,SURFTRAK,13.62656364,1.732121212,23.60278545,309,4.194444444,47.6192392,-122.3623349,47.619228,-122.362352,-20.68423796,19.02071381,47.6192161,-122.3623613,0.687515152,-4.519999981,-2.450315818,VFR_alt,334.1110042,0.075349491,1.197943067,1.035785355,0.083807665,4.69026041,-4.519999981,0,0,0,0,0,0.28,0,0,0.02,0,0,0,0.02,0,0.14,0,0,0.08,0,0,0,0,0.02,0.06,0.18,0.2,0,0,0,0
CNL_S24,2024_10_08_11-53-37.jpg,10/8/2024,11:53:37,Centennial Park,6,CNL_S24_T6,21,SURFTRAK,13.61942771,1.716807229,23.38182578,314,4.25,47.6192487,-122.3623463,47.6192354,-122.3623556,-19.86084414,18.75075531,47.6192235,-122.3623649,0.697771075,-4.489999771,-2.43082949,VFR_alt,334.359243,0.069517519,1.215813236,1.067001175,0.087921123,4.663971901,-4.489999771,0,0,0,0.14,0,0.46,0,0,0,0,0,0,0,0,0.18,0.06,0,0.04,0.06,0,0,0,0,0,0,0.02,0,0,0,0.04
CNL_S24,2024_10_08_11-53-46.jpg,10/8/2024,11:53:46,Centennial Park,6,CNL_S24_T6,21,SURFTRAK,13.61735366,1.803719512,24.56182677,318,4.333333333,47.6192562,-122.3623505,47.6192434,-122.3623608,-18.96177244,18.36219597,47.61923159,-122.36237,0.680853662,-4.579999924,-2.504200349,VFR_alt,347.0896439,0.092680394,1.186335926,1.015851792,0.113254435,4.755784988,-4.579999924,0,0,0,0,0,0.24,0,0,0,0,0,0.06,0,0,0.08,0.06,0,0,0,0,0,0,0.06,0.02,0.08,0.26,0,0.12,0,0.02
CNL_S24,2024_10_08_11-53-55.jpg,10/8/2024,11:53:55,Centennial Park,6,CNL_S24_T6,21,SURFTRAK,13.60092683,2.503292683,34.04590963,323,4.388888889,47.6192664,-122.3623571,47.6192528,-122.3623645,-17.91787481,18.08082581,47.61924098,-122.3623738,0.660182893,-4.589999676,-2.493913015,VFR_alt,4.789200231,0.097899722,1.150318678,0.955265497,0.13606717,4.769155502,-4.589999676,0,0,0,0.06,0,0.58,0,0,0,0,0,0.02,0.02,0,0.08,0.12,0,0,0,0,0,0,0,0,0.04,0.04,0,0.04,0,0
CNL_S24,2024_10_08_11-54-04.jpg,10/8/2024,11:54:04,Centennial Park,6,CNL_S24_T6,21,SURFTRAK,13.61385455,2.017272727,27.46039164,328,4.472222222,47.6192739,-122.36236,47.6192616,-122.3623658,-16.93483067,17.98701477,47.61924982,-122.362375,0.614121219,-4.5,-2.35837103,VFR_alt,6.783120955,0.074559548,1.070059699,0.826902674,0.107389633,4.67623806,-4.5,0,0,0,0.12,0,0.42,0,0,0,0,0,0,0,0,0.1,0.02,0,0.04,0,0,0,0,0,0.06,0.04,0.12,0,0.08,0,0
CNL_S24,2024_10_08_11-54-13.jpg,10/8/2024,11:54:13,Centennial Park,6,CNL_S24_T6,21,SURFTRAK,13.60158282,2.486871166,33.82530405,334,4.527777778,47.6192901,-122.3623681,47.6192717,-122.3623711,-15.81079292,17.59143639,47.61925993,-122.3623803,0.706503045,-4.440000057,-2.391420367,VFR_alt,8.949454174,0.10966584,1.231028034,1.094324634,0.159283352,4.613683701,-4.440000057,0,0,0,0,0,0.54,0,0,0,0,0,0.02,0,0,0.18,0,0,0.02,0.12,0,0,0,0,0,0.06,0.06,0,0,0,0
CNL_S24,2024_10_08_11-54-22.jpg,10/8/2024,11:54:22,Centennial Park,6,CNL_S24_T6,21,SURFTRAK,13.62170732,2.227682927,30.29413171,339,4.611111111,47.6192881,-122.3623716,47.6192805,-122.362377,-14.83340836,17.14908028,47.61926872,-122.3623862,0.691585362,-4.529999733,-2.467298264,VFR_alt,7.637793366,0.075295816,1.2050351,1.048175091,0.095977537,4.702925205,-4.529999733,0,0,0,0,0,0.7,0,0,0,0,0,0.04,0,0,0.18,0.02,0,0,0,0,0,0,0,0,0,0.02,0,0,0,0.04
CNL_S24,2024_10_08_11-54-31.jpg,10/8/2024,11:54:31,Centennial Park,6,CNL_S24_T6,21,SURFTRAK,13.60737037,2.349320988,31.9677666,345,4.694444444,47.6193129,-122.3623992,47.6192908,-122.362385,-13.68832302,16.54618073,47.61927902,-122.3623942,0.673086397,-4.569999695,-2.489702198,VFR_alt,3.343545944,0.114978478,1.172802056,0.992808594,0.156629611,4.744314194,-4.569999695,0,0,0,0.08,0,0.22,0.12,0,0,0,0,0.04,0.06,0,0.12,0.04,0,0,0,0,0,0,0,0.02,0.1,0.16,0,0.04,0,0
CNL_S24,2024_10_08_11-54-40.jpg,10/8/2024,11:54:40,Centennial Park,6,CNL_S24_T6,21,SURFTRAK,13.57327329,4.568695652,62.01184516,352,4.805555556,47.6193183,-122.3624126,47.6193025,-122.362394,-12.38409615,15.8676815,47.61929075,-122.3624032,0.646770166,-4.589999676,-2.484374494,VFR_alt,22.56731462,0.167869145,1.126948016,0.917070729,0.192269817,4.766940594,-4.589999676,0,0,0,0,0,0.14,0,0,0,0,0,0,0,0,0.06,0.02,0,0,0.04,0,0,0.02,0,0.04,0.22,0.36,0.02,0.08,0,0
CNL_S24,2024_10_08_11-54-49.jpg,10/8/2024,11:54:49,Centennial Park,6,CNL_S24_T6,21,SURFTRAK,13.5620303,4.952363636,67.15765685,365,4.972222222,47.6193154,-122.3624161,47.6193142,-122.3624068,-11.08364487,14.90760612,47.61930245,-122.362416,0.598181812,-4.529999733,-2.376838936,VFR_alt,344.3106554,0.1513157,1.042286491,0.785352927,0.159471541,4.708141804,-4.529999733,0,0,0,0,0,0.2,0,0,0,0,0,0,0.02,0,0.26,0,0,0.04,0.26,0,0,0,0.02,0.02,0.06,0.12,0,0,0,0
CNL_S24,2024_10_08_11-54-58.jpg,10/8/2024,11:54:58,Centennial Park,6,CNL_S24_T6,21,SURFTRAK,13.60027273,3.439090909,46.77365727,373,5.083333333,47.6193038,-122.3624247,47.6193177,-122.3624146,-10.69634628,14.32551956,47.61930594,-122.3624236,0.83672725,-4.289999962,-2.376480112,VFR_alt,18.74759198,0.088037053,1.457933844,1.534195916,0.065253876,4.464801788,-4.289999962,0,0,0,0.04,0,0.32,0,0,0,0,0,0,0,0,0,0.06,0,0.04,0.28,0,0,0,0.04,0.02,0.06,0.1,0,0,0,0.04
CNL_S24,2024_10_08_11-55-07.jpg,10/8/2024,11:55:07,Centennial Park,6,CNL_S24_T6,21,SURFTRAK,13.59650303,2.606,35.42877412,379,5.138888889,47.6193084,-122.3624506,47.6193188,-122.362428,-10.57083321,13.322052,47.61930707,-122.362437,0.638787866,-4.480000019,-2.369656473,VFR_alt,349.3731001,0.103101163,1.113039463,0.89432479,0.140563154,4.656949043,-4.480000019,0,0,0,0,0,0.32,0,0,0,0,0,0,0.02,0,0.12,0,0,0.02,0.02,0,0,0,0.06,0,0.14,0.22,0,0.06,0,0.02
CNL_S24,2024_10_08_11-55-16.jpg,10/8/2024,11:55:16,Centennial Park,6,CNL_S24_T6,21,SURFTRAK,13.58213415,3.523414634,47.85400317,387,5.25,47.6193128,-122.3624692,47.6193213,-122.362438,-10.29827404,12.56892586,47.61930952,-122.362447,0.617073154,-4.360000134,-2.229045852,VFR_alt,344.0088326,0.093213594,1.075203222,0.841835963,0.15793377,4.534452915,-4.360000134,0,0,0,0.26,0,0.22,0,0,0,0,0,0,0,0,0.04,0,0,0.02,0.12,0,0,0,0,0.06,0.1,0.12,0,0.06,0,0
CNL_S24,2024_10_08_11-55-25.jpg,10/8/2024,11:55:25,Centennial Park,6,CNL_S24_T6,21,SURFTRAK,13.59208434,3.178674699,43.20477675,393,5.333333333,47.6193027,-122.362463,47.619325,-122.3624503,-9.884273529,11.64833736,47.61931324,-122.3624592,0.682710826,-4.339999676,-2.27573901,VFR_alt,334.0286374,0.147209295,1.189571894,1.021579322,0.127336948,4.51251936,-4.339999676,0,0,0,0.02,0,0.22,0,0,0,0,0,0,0,0,0.06,0.18,0,0.04,0,0,0,0,0,0,0.14,0.32,0,0,0,0.02
CNL_S24,2024_10_08_11-55-34.jpg,10/8/2024,11:55:34,Centennial Park,6,CNL_S24_T6,21,SURFTRAK,13.60228916,2.456024096,33.40652313,399,5.416666667,47.6193106,-122.3624667,47.6193261,-122.3624644,-9.754350662,10.58905602,47.61931441,-122.3624733,0.662469844,-4.309999943,-2.226469851,VFR_alt,334.1639974,0.127117368,1.154303516,0.961756037,0.086986836,4.483099461,-4.309999943,0,0,0,0.16,0,0.32,0,0,0,0,0,0,0,0,0.16,0.04,0,0.08,0.1,0,0,0,0,0.02,0,0.04,0.04,0.02,0,0.02
CNL_S24,2024_10_08_11-55-43.jpg,10/8/2024,11:55:43,Centennial Park,6,CNL_S24_T6,21,SURFTRAK,13.62944311,1.49,20.30787024,404,5.5,47.6193181,-122.3624745,47.6193286,-122.3624726,-9.487586975,9.971833229,47.61931681,-122.3624815,0.745029945,-4.25,-2.249880829,VFR_alt,328.3761425,0.05092003,1.298158237,1.21634025,0.037868145,4.417786121,-4.25,0,0,0,0,0,0.4,0,0,0,0,0,0,0.02,0,0.18,0.02,0,0.02,0.04,0,0,0,0.1,0.06,0.06,0.02,0,0.08,0,0
CNL_S24,2024_10_08_11-55-52.jpg,10/8/2024,11:55:52,Centennial Park,6,CNL_S24_T6,21,SURFTRAK,13.62343558,1.676932515,22.84549988,410,5.555555556,47.6193163,-122.362472,47.6193295,-122.3624777,-9.384594917,9.592623711,47.61931773,-122.3624866,0.599202427,-4.420000076,-2.274747118,VFR_alt,322.7651638,0.064948446,1.044064835,0.787118151,0.02292779,4.600283623,-4.420000076,0,0,0,0.02,0,0.3,0,0,0,0,0,0,0,0,0.12,0.12,0,0.12,0.04,0,0,0,0.04,0,0,0.08,0,0.16,0,0
CNL_S24,2024_10_08_11-56-01.jpg,10/8/2024,11:56:01,Centennial Park,6,CNL_S24_T6,21,SURFTRAK,13.60827879,2.219393939,30.20198933,414,5.638888889,47.6193196,-122.362484,47.6193307,-122.3624836,-9.248957634,9.149406433,47.61931896,-122.3624922,0.665090871,-4.360000134,-2.281135937,VFR_alt,321.961127,0.107091816,1.158870457,0.969336511,0.083610968,4.536553383,-4.360000134,0,0,0,0,0,0.2,0,0,0,0,0,0.26,0,0,0.02,0.02,0,0.04,0.3,0,0,0,0,0.02,0.02,0.12,0,0,0,0
CNL_S24,2024_10_08_11-56-10.jpg,10/8/2024,11:56:10,Centennial Park,6,CNL_S24_T6,21,SURFTRAK,13.60559877,2.288765432,31.1398242,420,5.722222222,47.6193235,-122.3624926,47.6193339,-122.3624888,-8.893173218,8.756268501,47.61932216,-122.3624975,0.700679,-4.339999676,-2.297022012,VFR_alt,322.8430236,0.09282944,1.220880075,1.075900893,0.053084985,4.51713562,-4.339999676,0,0,0,0,0,0.2,0,0,0,0,0,0.48,0,0,0.02,0.08,0,0.02,0,0,0,0,0.04,0.02,0.1,0.04,0,0,0,0
CNL_S24,2024_10_08_11-56-19.jpg,10/8/2024,11:56:19,Centennial Park,6,CNL_S24_T6,21,SURFTRAK,13.58759394,3.278545455,44.548672,426,5.805555556,47.6193278,-122.3624885,47.6193384,-122.3624923,-8.392604828,8.495699883,47.61932666,-122.3625009,0.599999964,-4.230000019,-2.086511333,VFR_alt,292.2584905,0.118384928,1.045454483,0.788842881,0.08824021,4.413998127,-4.230000019,0,0,0,0,0,0.3,0.02,0,0,0,0.02,0.02,0,0,0.14,0.24,0,0.04,0.02,0,0,0,0.06,0.04,0.08,0,0,0.02,0,0
CNL_S24,2024_10_08_11-56-28.jpg,10/8/2024,11:56:28,Centennial Park,6,CNL_S24_T6,21,SURFTRAK,13.58947879,3.132242424,42.56554539,434,5.916666667,47.6193413,-122.3625062,47.6193438,-122.362506,-7.792881012,7.468564034,47.61933206,-122.3625146,0.837454522,-4.139999866,-2.234089187,VFR_alt,300.6046092,0.117013758,1.45920106,1.537053809,0.137530983,4.310511112,-4.139999866,0,0,0,0,0,0.5,0,0,0,0,0,0.1,0,0,0.12,0.02,0,0.02,0,0,0,0,0.08,0,0.16,0,0,0,0,0
CNL_S24,2024_10_08_11-56-37.jpg,10/8/2024,11:56:37,Centennial Park,6,CNL_S24_T6,21,SURFTRAK,13.5879939,3.027439024,41.13624207,441,6,47.6193555,-122.3625086,47.6193501,-122.3625137,-7.086902618,6.885412216,47.61933841,-122.3625224,0.609207303,-4.349999905,-2.216006716,VFR_alt,272.5195421,0.120299127,1.061497574,0.813525012,0.130924247,4.525122166,-4.349999905,0,0,0,0,0,0.68,0,0,0,0,0,0,0,0,0.04,0.1,0,0,0.1,0,0,0,0.02,0,0.04,0.02,0,0,0,0
CNL_S24,2024_10_08_11-56-46.jpg,10/8/2024,11:56:46,Centennial Park,6,CNL_S24_T6,21,SURFTRAK,13.60678788,2.553030303,34.73164848,449,6.111111111,47.619364,-122.3625008,47.6193583,-122.3625234,-6.16950798,6.160778046,47.61934666,-122.362532,0.680303,-4.289999962,-2.227394267,VFR_alt,298.4493535,0.095966435,1.185376439,1.014665786,0.123682214,4.464691639,-4.289999962,0,0,0,0.06,0,0.44,0,0,0,0,0,0.06,0,0,0.1,0.02,0,0.08,0.02,0,0,0,0.02,0.08,0.08,0.04,0,0,0,0
CNL_S24,2024_10_08_11-56-55.jpg,10/8/2024,11:56:55,Centennial Park,6,CNL_S24_T6,21,SURFTRAK,13.5984303,2.866787879,38.98369648,455,6.194444444,47.6193831,-122.3624998,47.6193691,-122.3625238,-4.977210999,6.130630493,47.61935738,-122.3625324,0.563818181,-4.289999962,-2.111414158,VFR_alt,294.5445424,0.139232681,0.982410466,0.696624041,0.142057645,4.475152016,-4.289999962,0,0,0,0.04,0,0.18,0,0,0,0,0,0.04,0,0,0.08,0.02,0,0.06,0.1,0,0,0,0.02,0.1,0.2,0.1,0,0.02,0,0.04
CNL_S24,2024_10_08_11-57-04.jpg,10/8/2024,11:57:04,Centennial Park,6,CNL_S24_T6,21,SURFTRAK,13.58255422,3.61246988,49.06417916,462,6.277777778,47.6193986,-122.3625007,47.6193791,-122.3625267,-3.857614517,5.912596703,47.61936745,-122.3625353,0.650963829,-4.119999886,-2.029360394,VFR_alt,281.187853,0.131370837,1.134255156,0.931626647,0.12529904,4.300070286,-4.119999886,0,0,0,0.06,0,0.62,0,0,0,0,0,0.1,0,0,0.18,0,0,0,0.02,0,0,0,0,0,0,0,0,0,0,0.02
CNL_S24,2024_10_08_11-57-13.jpg,10/8/2024,11:57:13,Centennial Park,6,CNL_S24_T6,21,SURFTRAK,13.606,2.335090909,31.76817055,469,6.361111111,47.6194092,-122.362503,47.6193887,-122.36253,-2.793958664,5.662852764,47.61937702,-122.3625386,0.677939391,-4.170000076,-2.10743137,VFR_alt,292.4100133,0.108438126,1.181258029,1.007129363,0.129683923,4.345068455,-4.170000076,0,0,0,0,0,0.56,0,0,0,0,0,0,0,0,0.12,0,0,0.02,0.26,0,0,0,0,0,0.02,0.02,0,0,0,0
CNL_W25,2025_01_27_11-23-54.jpg,1/27/2025,11:23:54,Centennial Park,6,CNL_W25_T6,21,SURFTRAK,13.59425455,2.967333333,40.33644194,0,0,47.6192221,-122.362442,47.6192159,-122.3624335,0,0,47.6192221,-122.362442,0.681818169,-5.670000076,-3.748380481,VFR_alt,107.0860926,0.099347108,1.188016506,1.019248831,0,6.199475765,-5.670000076,0,0,0,0,0,0.063829787,0,0,0,0,0,0,0,0,0,0,0,0,0,0,0,0,0,0.063829787,0.276595745,0.553191489,0,0.042553191,0,0
CNL_W25,2025_01_27_11-24-09.jpg,1/27/2025,11:24:09,Centennial Park,6,CNL_W25_T6,21,SURFTRAK,13.61406509,1.952781065,26.58539207,9,0.111111111,47.6192315,-122.3624495,47.6192141,-122.3624309,-0.198507309,0.191450119,47.61922048,-122.3624396,0.713195242,-5.569999695,-3.678694907,VFR_alt,109.0198838,0.068804128,1.242688679,1.114611449,0,6.097178936,-5.569999695,0,0,0,0,0,0.06,0,0,0,0,0,0,0,0,0,0.02,0,0,0,0,0,0,0,0.06,0.14,0.48,0,0.24,0,0
CNL_W25,2025_01_27_11-24-27.jpg,1/27/2025,11:24:27,Centennial Park,6,CNL_W25_T6,21,SURFTRAK,13.60587937,2.076666667,28.25480546,19,0.25,47.6192382,-122.3624705,47.6192173,-122.3624384,0.159387589,-0.378469467,47.6192239,-122.3624473,0.771682519,-5.400000095,-3.567097012,VFR_alt,97.29403195,0.054798156,1.344598329,1.306340589,0.084005045,5.925217152,-5.400000095,0,0,0,0.02,0,0.02,0,0,0,0,0,0,0,0,0,0.14,0,0,0,0,0,0,0,0.06,0.1,0.3,0,0.36,0,0
CNL_W25,2025_01_27_11-24-39.jpg,1/27/2025,11:24:39,Centennial Park,6,CNL_W25_T6,21,SURFTRAK,13.60761146,2.171910828,29.55451943,26,0.361111111,47.6192423,-122.362483,47.6192245,-122.3624448,0.963541031,-0.860486984,47.61923113,-122.3624537,0.712898065,-5.480000019,-3.588595756,VFR_alt,85.01558821,0.08251079,1.242170871,1.11371515,0.047382278,6.007002354,-5.480000019,0,0,0,0,0,0.06,0,0,0,0,0,0,0,0,0,0.24,0,0,0,0,0,0,0,0.06,0.1,0.4,0,0.14,0,0
CNL_W25,2025_01_27_11-24-54.jpg,1/27/2025,11:24:54,Centennial Park,6,CNL_W25_T6,21,SURFTRAK,13.60446984,2.256126984,30.69314921,35,0.472222222,47.6192544,-122.3624975,47.6192365,-122.362452,2.298778534,-1.400177002,47.61924314,-122.3624609,0.685587303,-5.429999828,-3.511584209,VFR_alt,68.43405755,0.063412929,1.194583938,1.029997982,0.13594064,5.954731941,-5.429999828,0,0,0,0,0,0.08,0,0,0,0,0,0,0.02,0,0,0.06,0,0.02,0,0,0,0,0,0,0.14,0.5,0,0.18,0,0
CNL_W25,2025_01_27_11-25-03.jpg,1/27/2025,11:25:03,Centennial Park,6,CNL_W25_T6,21,SURFTRAK,13.59837107,2.564654088,34.87511157,42,0.555555556,47.6192606,-122.3625097,47.6192476,-122.362457,3.531188965,-1.776252747,47.61925422,-122.3624659,0.709748406,-5.389999866,-3.495710058,VFR_alt,49.5810096,0.101268345,1.236682829,1.103980441,0.180289478,5.915791512,-5.389999866,0,0,0,0,0,0.04,0,0,0,0,0,0,0,0,0,0.02,0,0,0.02,0,0,0,0,0.02,0.18,0.6,0,0.1,0,0.02
CNL_W25,2025_01_27_11-25-15.jpg,1/27/2025,11:25:15,Centennial Park,6,CNL_W25_T6,21,SURFTRAK,13.59829206,2.646793651,35.99143429,50,0.694444444,47.6192696,-122.3625254,47.6192657,-122.3624728,5.552854538,-2.960792542,47.61927241,-122.3624817,0.692412694,-5.309999943,-3.397970337,VFR_alt,10.52459585,0.106859827,1.206476663,1.050593442,0.214798016,5.835922718,-5.309999943,0,0,0,0,0,0.08,0,0,0,0,0,0,0,0,0,0.14,0,0,0.02,0,0,0,0,0.02,0.4,0.32,0,0.02,0,0
CNL_W25,2025_01_27_11-25-18.jpg,1/27/2025,11:25:18,Centennial Park,6,CNL_W25_T6,21,SURFTRAK,13.5995205,2.5,33.99880126,52,0.722222222,47.6192729,-122.3625259,47.6192694,-122.3624788,5.961495399,-3.407348633,47.61927608,-122.3624876,0.696687688,-5.289999962,-3.382089616,VFR_alt,224.1958183,0.091565653,1.213925518,1.063614265,0.182768225,5.820254326,-5.289999962,0,0,0,0,0,0.08,0,0,0,0,0,0,0,0,0,0.04,0,0,0.06,0,0,0,0,0.12,0.22,0.46,0,0.02,0,0
CNL_W25,2025_01_27_11-25-27.jpg,1/27/2025,11:25:27,Centennial Park,6,CNL_W25_T6,21,SURFTRAK,13.59471154,2.672596154,36.33315529,59,0.805555556,47.6192805,-122.362537,47.6192783,-122.3624938,6.952887535,-4.532693863,47.619285,-122.3625026,0.68506409,-5.279999733,-3.359893168,VFR_alt,344.0977714,0.104009916,1.193672278,1.028535461,0.163611303,5.807198524,-5.279999733,0,0.02,0,0,0,0,0,0,0,0,0,0,0,0,0.04,0.04,0,0.02,0,0,0,0,0,0.02,0.66,0.18,0,0.02,0,0
CNL_W25,2025_01_27_11-25-33.jpg,1/27/2025,11:25:33,Centennial Park,6,CNL_W25_T6,21,SURFTRAK,13.59877603,2.66,36.17274423,63,0.861111111,47.6192866,-122.362544,47.6192842,-122.3625025,7.613564491,-5.184986115,47.61929094,-122.3625113,0.703438471,-5.210000038,-3.307814443,VFR_alt,340.914565,0.101583145,1.225688244,1.084326558,0.140463663,5.739268303,-5.210000038,0,0,0,0,0,0.12,0,0,0,0,0,0,0,0,0,0,0,0,0,0,0,0,0,0.04,0.44,0.36,0,0.04,0,0
CNL_W25,2025_01_27_11-25-39.jpg,1/27/2025,11:25:39,Centennial Park,6,CNL_W25_T6,21,SURFTRAK,13.59557143,2.675206349,36.37063165,68,0.916666667,47.6192928,-122.3625495,47.6192907,-122.3625106,8.33840847,-5.792560577,47.61929746,-122.3625193,0.696222214,-5.190000057,-3.280102572,VFR_alt,340.8613088,0.104571108,1.213114464,1.062196518,0.132068484,5.713512897,-5.190000057,0,0,0,0,0,0.02,0,0,0,0,0,0.1,0,0,0,0,0,0,0,0,0,0,0,0.04,0.24,0.52,0,0.04,0,0.04
CNL_W25,2025_01_27_11-25-45.jpg,1/27/2025,11:25:45,Centennial Park,6,CNL_W25_T6,21,SURFTRAK,13.59525714,2.673619048,36.34836914,73,1,47.6192987,-122.3625585,47.6192968,-122.3625194,9.013947487,-6.453357697,47.61930354,-122.3625281,0.70244443,-5.139999866,-3.235799687,VFR_alt,340.9526714,0.111058584,1.223956204,1.081255336,0.153871076,5.664674759,-5.139999866,0,0,0,0,0,0.04,0,0,0,0,0,0.12,0,0,0,0.02,0,0.02,0.04,0,0,0,0,0.04,0.34,0.04,0,0.34,0,0
CNL_W25,2025_01_27_11-25-51.jpg,1/27/2025,11:25:51,Centennial Park,6,CNL_W25_T6,21,SURFTRAK,13.59672697,2.698815789,36.69506931,77,1.055555556,47.6193054,-122.3625614,47.6193031,-122.3625264,9.715511322,-6.97672081,47.61930985,-122.3625351,0.683157897,-5.099999905,-3.175971953,VFR_alt,340.7098615,0.119208524,1.190350881,1.022719355,0.125291609,5.620604515,-5.099999905,0,0,0,0,0,0,0,0,0,0,0,0,0,0,0.02,0.06,0,0,0,0,0,0,0,0.02,0.42,0.36,0,0.1,0,0.02
CNL_W25,2025_01_27_11-25-57.jpg,1/27/2025,11:25:57,Centennial Park,6,CNL_W25_T6,21,SURFTRAK,13.59680818,2.621477987,35.64374321,81,1.111111111,47.6193128,-122.3625674,47.6193094,-122.3625337,10.41207218,-7.528312683,47.61931611,-122.3625424,0.693364774,-4.989999771,-3.075634077,VFR_alt,336.063596,0.117512027,1.208135592,1.053682103,0.140255458,5.51184082,-4.989999771,0,0,0,0,0,0,0,0,0,0,0,0,0,0,0,0,0,0,0,0,0,0,0,0.08,0.4,0.44,0,0.08,0,0
CNL_W25,2025_01_27_11-26-21.jpg,1/27/2025,11:26:21,Centennial Park,6,CNL_W25_T6,21,SURFTRAK,13.59665372,2.646537217,35.98405929,99,1.361111111,47.61934,-122.3625755,47.6193339,-122.3625578,13.13719082,-9.339931488,47.61934062,-122.3625665,0.699417464,-4.900000095,-2.989664987,VFR_alt,343.0376787,0.102776788,1.218681945,1.072061962,0.131235393,5.429671764,-4.900000095,0,0.02,0,0,0,0,0,0,0,0,0,0.02,0,0,0,0,0,0,0,0,0,0,0,0,0,0.82,0,0.14,0,0
CNL_W25,2025_01_27_11-26-27.jpg,1/27/2025,11:26:27,Centennial Park,6,CNL_W25_T6,21,SURFTRAK,13.59539623,2.63918239,35.88079314,104,1.416666667,47.6193452,-122.3625792,47.6193403,-122.3625622,13.85539293,-9.664125443,47.61934708,-122.3625708,0.703805016,-4.880000114,-2.973607854,VFR_alt,343.1295661,0.109000935,1.226326922,1.085613399,0.138624333,5.409421921,-4.880000114,0,0,0,0,0,0,0,0,0,0,0,0.04,0,0,0,0,0,0,0,0,0,0,0,0,0.18,0.54,0,0.24,0,0
CNL_W25,2025_01_27_11-26-36.jpg,1/27/2025,11:26:36,Centennial Park,6,CNL_W25_T6,21,SURFTRAK,13.59651429,2.756666667,37.48097848,110,1.5,47.6193528,-122.3625869,47.6193496,-122.362569,14.8856473,-10.17988396,47.61935635,-122.3625777,0.708190456,-4.859999657,-2.957384937,VFR_alt,348.6127495,0.098067858,1.23396822,1.099178192,0.133952332,5.387098789,-4.859999657,0,0,0,0,0,0,0,0,0,0,0,0,0,0,0,0.02,0,0.06,0,0,0,0,0,0.02,0.32,0.48,0,0.1,0,0
CNL_W25,2025_01_27_11-26-45.jpg,1/27/2025,11:26:45,Centennial Park,6,CNL_W25_T6,21,SURFTRAK,13.59663376,2.686019108,36.52063659,117,1.583333333,47.6193576,-122.3625901,47.6193583,-122.3625749,15.86279368,-10.61682701,47.61936514,-122.3625835,0.703726099,-4.859999657,-2.952393634,VFR_alt,351.7474671,0.106289039,1.226189415,1.085550189,0.118105754,5.384064198,-4.859999657,0,0.02,0,0,0,0.02,0,0,0,0,0,0.04,0,0,0,0.02,0,0,0.02,0,0,0,0.02,0.14,0.58,0.08,0,0.06,0,0
CNL_W25,2025_01_27_11-26-54.jpg,1/27/2025,11:26:54,Centennial Park,6,CNL_W25_T6,21,SURFTRAK,13.59235987,2.955796178,40.17609086,124,1.694444444,47.6193633,-122.3625953,47.6193659,-122.3625806,16.70878267,-11.04998398,47.61937275,-122.3625893,0.710286602,-4.829999924,-2.928519631,VFR_alt,15.06527924,0.098045211,1.237620595,1.105751361,0.093749714,5.352128506,-4.829999924,0,0.02,0,0,0,0,0,0,0,0,0,0.02,0,0,0.04,0,0,0.04,0.02,0,0,0,0.1,0,0.48,0,0,0.28,0,0
CNL_W25,2025_01_27_11-27-03.jpg,1/27/2025,11:27:03,Centennial Park,6,CNL_W25_T6,21,SURFTRAK,13.59885397,2.708285714,36.8293281,131,1.777777778,47.6193708,-122.3625956,47.6193728,-122.3625851,17.46926308,-11.38288307,47.61937959,-122.3625937,0.699999988,-4.759999752,-2.847901092,VFR_alt,354.2935461,0.103611293,1.219696949,1.073702902,0.096274015,5.288863182,-4.759999752,0,0,0,0,0,0,0,0,0,0,0,0,0,0,0,0,0,0.02,0,0,0,0,0.02,0.2,0.34,0,0,0.42,0,0
CNL_W25,2025_01_27_11-27-12.jpg,1/27/2025,11:27:12,Centennial Park,6,CNL_W25_T6,21,SURFTRAK,13.59359283,2.831172638,38.48569609,138,1.861111111,47.619379,-122.3626053,47.61938,-122.3625911,18.26893389,-11.83456039,47.61938678,-122.3625997,0.684071665,-4.759999752,-2.831732931,VFR_alt,8.032558486,0.094160722,1.191943052,1.025448056,0.103415373,5.288763046,-4.759999752,0,0,0,0,0,0.04,0,0,0,0,0,0.04,0,0,0,0,0,0.08,0,0,0,0,0.04,0.18,0.2,0,0,0.42,0,0
CNL_W25,2025_01_27_11-27-21.jpg,1/27/2025,11:27:21,Centennial Park,6,CNL_W25_T6,21,SURFTRAK,13.6001761,2.557987421,34.78903044,144,1.972222222,47.6193873,-122.3626088,47.6193872,-122.3625973,19.07700431,-12.30328369,47.61939405,-122.3626059,0.736729558,-4.659999847,-2.784197864,VFR_alt,2.42821445,0.104472512,1.283695442,1.189885005,0.104966469,5.187085629,-4.659999847,0,0,0,0,0,0.02,0,0,0,0,0,0.02,0.02,0,0,0.08,0,0,0.08,0,0,0,0.14,0.22,0.2,0,0,0.22,0,0
CNL_W25,2025_01_27_11-27-30.jpg,1/27/2025,11:27:30,Centennial Park,6,CNL_W25_T6,21,SURFTRAK,13.59821086,2.541022364,34.55333246,151,2.055555556,47.6193947,-122.3626195,47.6193951,-122.3626054,19.95740753,-12.90547276,47.61940196,-122.362614,0.726613413,-4.639999866,-2.753887402,VFR_alt,355.9176316,0.104194725,1.266068825,1.15735402,0.122026536,5.160678864,-4.639999866,0,0.04,0,0,0,0.06,0,0,0,0,0,0,0.02,0,0.08,0.02,0,0.04,0.06,0,0,0,0.02,0.14,0.16,0,0,0.36,0,0
CNL_W25,2025_01_27_11-27-39.jpg,1/27/2025,11:27:39,Centennial Park,6,CNL_W25_T6,21,SURFTRAK,13.59803185,2.648025478,36.00789682,157,2.138888889,47.6194045,-122.362634,47.6194029,-122.3626125,20.82900262,-13.43753147,47.6194098,-122.362621,0.671910789,-4.599999905,-2.658941138,VFR_alt,7.426812947,0.11203268,1.170753647,0.989337659,0.117893143,5.122620583,-4.599999905,0,0,0,0,0,0,0,0,0,0,0,0,0,0,0,0.04,0,0.04,0.18,0,0,0,0.04,0.08,0.14,0,0,0.48,0,0
CNL_W25,2025_01_27_11-27-48.jpg,1/27/2025,11:27:48,Centennial Park,6,CNL_W25_T6,21,SURFTRAK,13.59847619,2.656285714,36.1214539,164,2.222222222,47.6194108,-122.3626436,47.61941,-122.3626216,21.61325443,-14.12045956,47.61941686,-122.3626301,0.731015838,-4.539999962,-2.657705162,VFR_alt,349.7969966,0.089433409,1.273739717,1.170978851,0.130189889,5.061578274,-4.539999962,0,0,0,0,0,0,0,0,0,0,0,0.02,0,0,0,0.04,0,0.04,0,0,0,0,0,0.02,0.36,0.26,0,0.26,0,0
CNL_W25,2025_01_27_11-27-57.jpg,1/27/2025,11:27:57,Centennial Park,6,CNL_W25_T6,21,SURFTRAK,13.59543492,2.693492063,36.61935549,171,2.333333333,47.6194253,-122.3626413,47.6194179,-122.3626284,22.49710727,-14.63225174,47.61942481,-122.3626369,0.693206338,-4.529999733,-2.609408886,VFR_alt,355.0617336,0.082734374,1.207859527,1.053148466,0.117355474,5.053803444,-4.529999733,0,0.02,0,0,0,0,0,0,0,0,0,0,0,0,0.1,0.04,0,0,0,0,0,0,0,0.04,0.12,0.22,0,0.44,0,0.02
CNL_W25,2025_01_27_11-28-06.jpg,1/27/2025,11:28:06,Centennial Park,6,CNL_W25_T6,21,SURFTRAK,13.59938994,2.663836478,36.22654107,178,2.416666667,47.6194378,-122.3626449,47.6194262,-122.3626329,23.42070889,-14.97133064,47.61943311,-122.3626414,0.706886774,-4.489999771,-2.582416599,VFR_alt,354.0050052,0.059616339,1.231696652,1.095020522,0.095422005,5.010145187,-4.489999771,0,0,0,0,0,0,0,0,0,0,0,0,0,0,0.2,0.02,0,0.02,0.02,0,0,0,0,0,0.26,0.24,0,0.24,0,0
CNL_W25,2025_01_27_11-28-15.jpg,1/27/2025,11:28:15,Centennial Park,6,CNL_W25_T6,21,SURFTRAK,13.58057413,3.181072555,43.20119243,186,2.527777778,47.6194519,-122.3626487,47.6194345,-122.3626373,24.33922482,-15.30496979,47.61944137,-122.3626459,0.700031534,-4.480000019,-2.564746898,VFR_alt,351.9775128,0.086505217,1.219751915,1.074018798,0.116817395,5.006808281,-4.480000019,0,0,0,0,0,0,0,0,0,0,0,0,0,0,0.04,0,0,0,0,0,0,0,0.02,0,0.14,0.38,0,0.42,0,0
CNL_W25,2025_01_27_11-28-24.jpg,1/27/2025,11:28:24,Centennial Park,6,CNL_W25_T6,21,SURFTRAK,13.56740256,4.569456869,61.99491323,196,2.666666667,47.6194629,-122.3626549,47.6194467,-122.3626425,25.69959307,-15.69132328,47.61945361,-122.362651,0.701437686,-4.460000038,-2.545295533,VFR_alt,346.3370857,0.110511587,1.222202029,1.078304481,0.187915582,4.98599577,-4.460000038,0,0,0,0,0,0.06,0,0,0,0,0,0,0,0,0.04,0.06,0,0,0.06,0,0,0,0.04,0,0.22,0.28,0,0.24,0,0
CNL_W25,2025_01_27_11-28-48.jpg,1/27/2025,11:28:48,Centennial Park,6,CNL_W25_T6,21,SURFTRAK,13.56973077,4.44974359,60.38157744,224,3.055555556,47.6194586,-122.3626776,47.6194622,-122.3626628,27.415061,-17.21544361,47.61946904,-122.3626713,0.805320492,-4.339999676,-2.527442558,VFR_alt,343.3918414,0.108911766,1.403209947,1.422254593,0.107546897,4.86969614,-4.339999676,0,0,0,0,0,0.02,0,0,0,0,0,0,0.02,0,0.04,0.04,0,0,0.08,0,0,0,0.02,0.04,0.22,0.16,0,0.36,0,0
CNL_W25,2025_01_27_11-29-33.jpg,1/27/2025,11:29:33,Centennial Park,6,CNL_W25_T6,21,SURFTRAK,13.57092834,4.666319218,63.32610176,276,3.75,47.6194413,-122.3626733,47.6194489,-122.3626642,25.94487429,-17.32219505,47.61945582,-122.3626727,0.718403879,-4.429999828,-2.533254558,VFR_alt,337.1989461,0.093406572,1.251764335,1.130972474,0.074984394,4.957395554,-4.429999828,0,0.02,0,0.02,0,0,0,0,0,0,0,0.02,0.02,0,0.02,0.1,0,0.04,0.12,0,0,0,0.04,0,0.1,0.08,0,0.42,0,0
CNL_W25,2025_01_27_11-29-45.jpg,1/27/2025,11:29:45,Centennial Park,6,CNL_W25_T6,21,SURFTRAK,13.56830063,4.451613924,60.4009944,289,3.916666667,47.6194581,-122.3626738,47.6194564,-122.3626698,26.78220272,-17.73883915,47.61946335,-122.3626783,0.708987321,-4.46999979,-2.565348817,VFR_alt,341.8190868,0.093580587,1.235356696,1.101667413,0.101072956,4.995649815,-4.46999979,0,0,0,0,0,0.02,0,0,0,0,0,0,0,0,0.04,0.02,0,0.02,0.04,0,0,0,0.1,0.14,0.06,0.08,0.02,0.46,0,0
CNL_W25,2025_01_27_11-29-57.jpg,1/27/2025,11:29:57,Centennial Park,6,CNL_W25_T6,21,SURFTRAK,13.563,4.611656051,62.54789102,303,4.111111111,47.6194685,-122.3626824,47.6194668,-122.3626772,27.93635559,-18.2940073,47.61947373,-122.3626856,0.699808905,-4.5,-2.587525037,VFR_alt,342.2920528,0.106198504,1.219364002,1.073253491,0.118379427,5.026420116,-4.5,0,0.12,0,0.08,0,0,0,0,0,0,0,0,0,0,0.1,0,0,0.04,0,0,0,0,0.06,0,0.26,0.06,0,0.22,0,0.06
CNL_W25,2025_01_27_11-30-06.jpg,1/27/2025,11:30:06,Centennial Park,6,CNL_W25_T6,21,SURFTRAK,13.55659375,5.16625,70.03561375,314,4.277777778,47.6194707,-122.3626929,47.619474,-122.3626839,28.74353123,-18.79576159,47.61948099,-122.3626923,0.725343719,-4.509999752,-2.623823237,VFR_alt,349.8611654,0.097223317,1.26385648,1.152949375,0.094454955,5.035400867,-4.509999752,0,0,0,0,0,0,0,0,0,0,0,0,0,0,0,0.12,0,0,0.02,0,0,0,0,0.02,0.16,0.08,0,0.54,0,0.06
CNL_W25,2025_01_27_11-58-26.jpg,1/27/2025,11:58:26,Centennial Park,6,CNL_W25_T6,21,SURFTRAK,13.61341611,1.768322148,24.07289758,1535,20.86111111,47.6194423,-122.3626477,47.6194361,-122.3626635,24.5032177,-17.25649166,47.61944285,-122.3626718,0.776241586,-4.130000114,-2.204133618,VFR_alt,137.2800144,0.058226274,1.352542157,1.320379522,4.511054282,4.655435085,-4.130000114,0,0.02,0,0,0,0,0,0,0,0,0,0,0,0,0,0.02,0,0.02,0,0,0,0,0.02,0.1,0.28,0.16,0,0.38,0,0
CNL_W25,2025_01_27_11-58-38.jpg,1/27/2025,11:58:38,Centennial Park,6,CNL_W25_T6,21,SURFTRAK,13.60116,2.240666667,30.4757068,1542,20.94444444,47.6194395,-122.3626386,47.6194316,-122.362649,24.00234747,-16.17020226,47.61943834,-122.3626574,0.764399986,-4.110000134,-2.171021539,VFR_alt,135.7469248,0.095712806,1.331909067,1.280639777,0.104065246,4.635279179,-4.110000134,0,0.02,0,0,0,0,0,0,0,0,0,0.1,0,0,0,0.08,0,0,0,0,0,0,0,0.04,0.2,0.24,0,0.32,0,0
CNL_W25,2025_01_27_11-58-47.jpg,1/27/2025,11:58:47,Centennial Park,6,CNL_W25_T6,21,SURFTRAK,13.60823333,2.000533333,27.2238224,1547,21.02777778,47.6194361,-122.3626258,47.6194266,-122.36264,23.45072079,-15.49875832,47.61943338,-122.3626485,0.762799972,-4.110000134,-2.168384102,VFR_alt,144.9282902,0.100257815,1.329121162,1.2836461,0.091316752,4.636852264,-4.110000134,0,0,0,0.14,0,0.04,0,0,0,0,0,0,0,0,0.14,0.12,0,0,0.02,0,0,0,0.04,0.1,0.02,0.12,0,0.26,0,0
CNL_W25,2025_01_27_11-58-59.jpg,1/27/2025,11:58:59,Centennial Park,6,CNL_W25_T6,21,SURFTRAK,13.6183557,1.845100671,25.12724054,1553,21.11111111,47.6194289,-122.3626227,47.6194213,-122.3626289,22.86462688,-14.66299248,47.61942811,-122.3626373,0.791208014,-4.130000114,-2.215332462,VFR_alt,136.9392523,0.084620076,1.378620025,1.371893976,0.088507443,4.655721188,-4.130000114,0,0,0,0,0,0,0,0,0,0,0,0.04,0,0,0.22,0,0,0.18,0.04,0,0,0,0,0.02,0.34,0.04,0,0.12,0,0
CNL_W25,2025_01_27_11-59-11.jpg,1/27/2025,11:59:11,Centennial Park,6,CNL_W25_T6,21,SURFTRAK,13.60985333,1.9824,26.98017973,1560,21.19444444,47.6194297,-122.3625935,47.6194174,-122.3626151,22.42942071,-13.63165569,47.6194242,-122.3626236,0.762133322,-4.130000114,-2.184758721,VFR_alt,137.5856565,0.092516117,1.327959576,1.273309388,0.121663617,4.656923294,-4.130000114,0,0,0,0,0,0,0,0,0,0,0,0,0,0,0.18,0.04,0,0,0.02,0,0,0,0,0.04,0.2,0.16,0.02,0.34,0,0
CNL_W25,2025_01_27_11-59-20.jpg,1/27/2025,11:59:20,Centennial Park,6,CNL_W25_T6,21,SURFTRAK,13.60693289,1.987785235,27.04772255,1565,21.27777778,47.6194256,-122.3625874,47.619414,-122.3626042,22.05231285,-12.81382084,47.61942081,-122.3626127,0.808456357,-4.049999714,-2.149981822,VFR_alt,137.3377358,0.09267032,1.408673955,1.432320536,0.10211414,4.569494724,-4.049999714,0,0,0,0,0,0,0,0,0,0,0,0,0,0,0.02,0.02,0,0,0.02,0,0,0,0.04,0,0.34,0.22,0,0.34,0,0
CNL_W25,2025_01_27_11-59-32.jpg,1/27/2025,11:59:32,Centennial Park,6,CNL_W25_T6,21,SURFTRAK,13.61332432,1.892567568,25.76414041,1572,21.36111111,47.6194135,-122.3626077,47.6194091,-122.3625916,21.49917734,-11.86339283,47.61941583,-122.3626001,0.829999983,-4.069999695,-2.1901692,VFR_alt,139.2989116,0.082379516,1.446212092,1.509538622,0.064068065,4.589672089,-4.069999695,0,0.16,0,0,0,0,0,0,0,0,0,0,0,0,0.18,0.08,0,0,0,0,0,0,0.02,0.02,0.12,0.12,0,0.3,0,0
CNL_W25,2025_01_27_11-59-41.jpg,1/27/2025,11:59:41,Centennial Park,6,CNL_W25_T6,21,SURFTRAK,13.60421477,2.075302013,28.23285101,1577,21.44444444,47.6194121,-122.3625886,47.6194046,-122.362584,21.00126147,-11.29393196,47.61941135,-122.3625925,0.76697985,-4.159999847,-2.216266784,VFR_alt,144.5754143,0.109147726,1.336404283,1.289055251,0.106712214,4.688378811,-4.159999847,0,0.12,0,0,0,0,0,0,0,0,0,0.04,0,0,0.02,0,0,0.04,0.1,0,0,0,0.02,0.04,0.12,0.14,0,0.36,0,0
CNL_W25,2025_01_27_11-59-53.jpg,1/27/2025,11:59:53,Centennial Park,6,CNL_W25_T6,21,SURFTRAK,13.619,1.873586207,25.51637055,1584,21.52777778,47.6194103,-122.3625624,47.6193989,-122.3625739,20.3670342,-10.53736115,47.61940565,-122.3625825,0.786620655,-4.230000019,-2.304987648,VFR_alt,159.2870375,0.082723585,1.370626898,1.35662543,0.092864228,4.752350807,-4.230000019,0,0,0,0,0,0,0,0,0,0,0,0.02,0,0,0.1,0,0,0.02,0.12,0,0,0,0.04,0.12,0.28,0.12,0,0.12,0,0.06
CNL_W25,2025_01_27_12-00-02.jpg,1/27/2025,12:00:02,Centennial Park,6,CNL_W25_T6,21,SURFTRAK,13.611,2.036107383,27.71345758,1589,21.61111111,47.619408,-122.3625377,47.6193952,-122.3625629,19.95807284,-9.70800209,47.61940197,-122.3625714,0.814966427,-4.25,-2.352887713,VFR_alt,152.9320492,0.090729659,1.420017258,1.455507881,0.10118918,4.770206928,-4.25,0,0.04,0,0.02,0,0,0,0,0,0,0,0,0,0,0.06,0,0,0,0.02,0,0,0,0,0.14,0.54,0,0,0.18,0,0
CNL_W25,2025_01_27_12-00-14.jpg,1/27/2025,12:00:14,Centennial Park,6,CNL_W25_T6,21,SURFTRAK,13.60942466,2.000684932,27.22820027,1596,21.69444444,47.6193939,-122.3625485,47.6193879,-122.3625537,19.14737254,-9.019470215,47.61939468,-122.3625623,0.820410951,-4.309999943,-2.418028514,VFR_alt,152.5091985,0.114827768,1.42950393,1.475139338,0.099481747,4.83443594,-4.309999943,0,0.02,0,0,0,0,0,0,0,0,0,0,0,0,0.06,0,0,0.04,0.18,0,0,0,0.08,0.04,0.44,0.02,0,0.12,0,0
CNL_W25,2025_01_27_12-00-23.jpg,1/27/2025,12:00:23,Centennial Park,6,CNL_W25_T6,21,SURFTRAK,13.61487075,1.927006803,26.23572014,1601,21.77777778,47.6193798,-122.3625588,47.6193824,-122.3625467,18.52727473,-8.49394989,47.6193891,-122.3625553,0.782585003,-4.380000114,-2.450025337,VFR_alt,146.1623497,0.082153141,1.363595081,1.342192663,0.066874427,4.90105772,-4.380000114,0,0.02,0,0,0,0,0,0,0,0,0,0,0,0,0.02,0,0,0.08,0.04,0,0,0,0.04,0.16,0.54,0.02,0.02,0.06,0,0
CNL_W25,2025_01_27_12-00-32.jpg,1/27/2025,12:00:32,Centennial Park,6,CNL_W25_T6,21,SURFTRAK,13.612,2.0276,27.5996912,1606,21.83333333,47.6193653,-122.3625687,47.6193746,-122.3625445,17.66584873,-8.331251144,47.61938135,-122.3625531,0.794866646,-4.429999828,-2.512016665,VFR_alt,147.4896897,0.097499361,1.384994914,1.384780173,0.111600265,4.952308655,-4.429999828,0,0.04,0,0,0,0,0,0,0,0,0,0,0,0,0.2,0.02,0,0.2,0.08,0,0,0,0,0.08,0.36,0,0,0.02,0,0
CNL_W25,2025_01_27_12-00-44.jpg,1/27/2025,12:00:44,Centennial Park,6,CNL_W25_T6,21,SURFTRAK,13.61396104,2.044155844,27.82905195,1613,21.94444444,47.6193449,-122.3625792,47.61936,-122.3625492,16.03622031,-8.693315506,47.6193667,-122.3625579,0.774545431,-4.489999771,-2.550891152,VFR_alt,151.9589124,0.094255367,1.349586736,1.314704063,0.192092367,5.019243717,-4.489999771,0,0,0,0,0,0,0,0,0,0,0,0.1,0,0,0,0,0,0,0,0,0,0,0.02,0.04,0.46,0.26,0,0.12,0,0
CNL_W25,2025_01_27_12-00-53.jpg,1/27/2025,12:00:53,Centennial Park,6,CNL_W25_T6,21,SURFTRAK,13.60128378,2.226959459,30.28962703,1618,22,47.619326,-122.3625891,47.6193489,-122.3625508,14.79827642,-8.800704956,47.61935556,-122.3625593,0.799662138,-4.509999752,-2.594909756,VFR_alt,146.6311659,0.105709502,1.393350695,1.401382127,0.138448246,5.031264782,-4.509999752,0,0.02,0,0,0,0.04,0,0,0,0,0,0.02,0,0,0.08,0,0,0.1,0,0,0,0,0.02,0.02,0.16,0.42,0,0.12,0,0
CNL_W25,2025_01_27_12-01-08.jpg,1/27/2025,12:01:08,Centennial Park,6,CNL_W25_T6,21,SURFTRAK,13.62393421,1.728355263,23.54709829,1627,22.11111111,47.6193161,-122.3625766,47.6193303,-122.3625566,12.72813749,-9.240320206,47.61933694,-122.3625652,0.779473656,-4.559999943,-2.621586848,VFR_alt,167.7506015,0.039902387,1.358173795,1.331616437,0.093869306,5.086802959,-4.559999943,0,0.04,0,0,0,0.02,0,0,0,0,0,0.02,0,0,0,0.06,0,0.02,0.02,0,0,0,0.04,0.02,0.18,0.32,0,0.26,0,0
CNL_W25,2025_01_27_12-01-20.jpg,1/27/2025,12:01:20,Centennial Park,6,CNL_W25_T6,21,SURFTRAK,13.61243624,2.133959732,29.04840993,1634,22.22222222,47.6193202,-122.3625432,47.6193194,-122.3625517,11.51640606,-8.872140884,47.61932604,-122.3625603,0.791677813,-4.610000134,-2.680428717,VFR_alt,163.0387657,0.111607956,1.379438613,1.373392541,0.122762632,5.137928486,-4.610000134,0,0,0,0,0,0,0,0,0,0,0,0,0,0,0,0,0,0,0,0,0,0,0.06,0.02,0.04,0.02,0,0.8,0,0.06
CNL_W25,2025_01_27_12-01-29.jpg,1/27/2025,12:01:29,Centennial Park,6,CNL_W25_T6,21,SURFTRAK,13.60984564,1.944832215,26.46884523,1639,22.27777778,47.619312,-122.3625518,47.6193127,-122.3625469,10.77378941,-8.513771057,47.61931936,-122.3625555,0.779999971,-4.699999809,-2.756207858,VFR_alt,165.9693946,0.09126606,1.359090859,1.33314453,0.095550393,5.227173805,-4.699999809,0,0.1,0,0,0,0,0,0,0,0,0,0,0,0,0,0,0,0,0,0,0,0,0.02,0.02,0.12,0.32,0.02,0.4,0,0
CNL_W25,2025_01_27_12-01-38.jpg,1/27/2025,12:01:38,Centennial Park,6,CNL_W25_T6,21,SURFTRAK,13.60825333,2.126866667,28.94292093,1644,22.36111111,47.61931,-122.3625353,47.6193062,-122.3625412,10.04924202,-8.080968857,47.61931285,-122.3625498,0.790799961,-4.739999771,-2.80480051,VFR_alt,157.4542462,0.103010963,1.377909023,1.370334057,0.097317483,5.261086941,-4.739999771,0,0,0,0,0,0.04,0,0,0,0,0,0.12,0,0,0.14,0.04,0,0,0,0,0,0,0.02,0.06,0.02,0.32,0,0.24,0,0
CNL_W25,2025_01_27_12-01-47.jpg,1/27/2025,12:01:47,Centennial Park,6,CNL_W25_T6,21,SURFTRAK,13.6084,2.112266667,28.74459453,1649,22.41666667,47.6193077,-122.3625213,47.6193009,-122.3625311,9.453921318,-7.322530746,47.61930749,-122.3625397,0.765999985,-4.809999943,-2.84844673,VFR_alt,156.4216748,0.09004798,1.334696943,1.285770174,0.087127622,5.336670399,-4.809999943,0,0.02,0,0,0,0.06,0,0,0,0,0,0.02,0,0,0,0.02,0,0,0,0,0,0,0,0.04,0.42,0.42,0,0,0,0
CNL_W25,2025_01_27_12-01-59.jpg,1/27/2025,12:01:59,Centennial Park,6,CNL_W25_T6,21,SURFTRAK,13.61244595,1.895135135,25.79742189,1656,22.52777778,47.6193042,-122.3625067,47.6192954,-122.36252,8.845306396,-6.492578506,47.61930202,-122.3625286,0.791418879,-4.880000114,-2.943359613,VFR_alt,156.4495316,0.077278054,1.378987441,1.372490403,0.081755346,5.404292583,-4.880000114,0,0,0,0,0,0.08,0,0,0,0,0,0,0,0,0,0.18,0,0,0,0,0,0,0,0.04,0.12,0.52,0,0.06,0,0
CNL_W25,2025_01_27_12-02-11.jpg,1/27/2025,12:02:11,Centennial Park,6,CNL_W25_T6,21,SURFTRAK,13.60933333,1.9738,26.86205707,1663,22.61111111,47.6193037,-122.3624876,47.6192913,-122.3625068,8.392162323,-5.501602173,47.61929794,-122.3625155,0.811600001,-4.889999866,-2.975295353,VFR_alt,156.5394829,0.085376058,1.414151517,1.443381054,0.098655178,5.417433739,-4.889999866,0,0,0,0.02,0,0.08,0,0,0,0,0,0,0,0,0,0.06,0,0,0,0,0,0,0.02,0.12,0.06,0.54,0,0.1,0,0
CNL_W25,2025_01_27_12-02-20.jpg,1/27/2025,12:02:20,Centennial Park,6,CNL_W25_T6,21,SURFTRAK,13.60883108,2.177567568,29.63415122,1668,22.69444444,47.6192977,-122.3624915,47.619287,-122.3624976,7.914466858,-4.814393997,47.61929365,-122.3625063,0.788986449,-4.989999771,-3.055144861,VFR_alt,156.5409535,0.101784407,1.374749116,1.364060097,0.087144074,5.510523319,-4.989999771,0,0,0,0,0,0.12,0,0,0,0,0,0,0,0,0,0.06,0,0,0.04,0,0,0,0,0.02,0.26,0.42,0,0.08,0,0
CNL_W25,2025_01_27_12-02-29.jpg,1/27/2025,12:02:29,Centennial Park,6,CNL_W25_T6,21,SURFTRAK,13.60774667,2.062533333,28.06641907,1673,22.75,47.6192953,-122.3624772,47.6192828,-122.3624896,7.445425034,-4.213636398,47.61928943,-122.3624983,0.783999968,-5.059999943,-3.123157732,VFR_alt,156.5517274,0.103136021,1.36606055,1.346955112,0.096175632,5.578831196,-5.059999943,0,0.06,0,0,0,0.02,0,0,0,0,0,0,0,0,0.04,0,0,0,0,0,0,0,0,0.1,0.46,0.22,0,0.1,0,0
CNL_W25,2025_01_27_12-02-41.jpg,1/27/2025,12:02:41,Centennial Park,6,CNL_W25_T6,21,SURFTRAK,13.60591447,2.207368421,30.03326309,1681,22.86111111,47.6192911,-122.3624651,47.6192788,-122.3624767,6.996970177,-3.244709015,47.6192854,-122.3624854,0.800789446,-5.150000095,-3.234084405,VFR_alt,156.3792996,0.110448824,1.395314944,1.405290795,0.098355199,5.670220375,-5.150000095,0,0,0,0,0,0,0,0,0,0,0,0,0,0,0,0,0,0.04,0.02,0,0,0,0,0.12,0.32,0.38,0,0.12,0,0
CNL_W25,2025_01_27_12-02-50.jpg,1/27/2025,12:02:50,Centennial Park,6,CNL_W25_T6,21,SURFTRAK,13.611,2.034693878,27.69421837,1687,22.94444444,47.6192855,-122.3624562,47.6192747,-122.3624666,6.546228409,-2.486207962,47.61928134,-122.3624753,0.779999971,-5.21999979,-3.285979241,VFR_alt,156.3289554,0.087294948,1.359090859,1.33314453,0.086501185,5.740680218,-5.21999979,0,0.04,0,0,0,0,0,0,0,0,0,0.12,0,0,0.12,0.02,0,0,0,0,0,0,0.06,0,0.24,0.3,0,0.1,0,0
CNL_W25,2025_01_27_12-02-59.jpg,1/27/2025,12:02:59,Centennial Park,6,CNL_W25_T6,21,SURFTRAK,13.60174497,2.173087248,29.55771664,1692,23,47.6192784,-122.3624706,47.6192696,-122.3624615,5.977274895,-2.103212357,47.61927622,-122.3624703,0.782214734,-5.279999733,-3.35007291,VFR_alt,156.6810866,0.094430258,1.362949916,1.340881478,0.074471833,5.804396152,-5.279999733,0,0,0,0,0,0.08,0,0,0,0,0,0,0,0,0,0.14,0,0,0,0,0,0,0,0.06,0.04,0.56,0,0.12,0,0
CNL_W25,2025_01_27_12-03-08.jpg,1/27/2025,12:03:08,Centennial Park,6,CNL_W25_T6,21,SURFTRAK,13.60951351,2.055135135,27.96939676,1697,23.08333333,47.6192694,-122.3624553,47.6192643,-122.3624557,5.382914543,-1.664236069,47.61927088,-122.3624644,0.778918891,-5.309999943,-3.377527923,VFR_alt,151.6912696,0.096237773,1.357207159,1.329472742,0.08321327,5.832133293,-5.309999943,0,0,0,0,0,0,0,0,0,0,0,0.18,0,0,0,0.08,0,0,0,0,0,0,0,0.02,0.06,0.6,0,0.04,0,0.02
CNL_W25,2025_01_27_12-03-20.jpg,1/27/2025,12:03:20,Centennial Park,6,CNL_W25_T6,21,SURFTRAK,13.604,2.158120805,29.35907544,1704,23.16666667,47.6192602,-122.3624532,47.6192566,-122.3624477,4.529524803,-1.0682621,47.6192632,-122.3624565,0.786241576,-5.339999676,-3.414337402,VFR_alt,155.17967,0.097120114,1.369966383,1.354617097,0.085809398,5.867097378,-5.339999676,0,0,0,0,0,0.12,0,0,0,0,0,0,0,0,0,0,0,0,0,0,0,0,0,0.02,0.14,0.52,0,0.2,0,0
EBM_S24,2024_10_09_11-48-19.jpg,10/9/2024,11:48:19,Elliott Bay Marina,6,EBM_S24_T6,2,ALT_HOLD,13.53305,7.356565217,99.55668022,0,0,47.6271814,-122.3913889,47.6271874,-122.3913979,0,0,47.6271814,-122.3913889,1.136543461,-5.670000076,-3.795370619,VFR_alt,109.7712971,0.122767296,1.98034088,2.831113053,0,5.800252914,-5.670000076,0,0.04,0.02,0,0,0,0,0,0,0.38,0,0.04,0,0.28,0,0,0,0,0.04,0,0,0,0.14,0.04,0.02,0,0,0,0,0
EBM_S24,2024_10_09_11-48-28.jpg,10/9/2024,11:48:28,Elliott Bay Marina,6,EBM_S24_T6,2,ALT_HOLD,13.52788261,7.561369565,102.2674544,12,0.166666667,47.6271691,-122.3913995,47.627183,-122.3913921,-0.486400604,0.447313309,47.62717703,-122.3913829,1.090913022,-5.380000114,-3.461557036,VFR_alt,110.4039325,0.099211115,1.900833296,2.607981464,0.102284636,5.519120693,-5.380000114,0,0,0,0,0,0,0,0,0,0.32,0,0.02,0.02,0.3,0.04,0,0,0,0.02,0,0,0,0.24,0,0,0,0,0,0,0.04
EBM_S24,2024_10_09_11-48-37.jpg,10/9/2024,11:48:37,Elliott Bay Marina,6,EBM_S24_T6,2,ALT_HOLD,13.52664474,7.766535088,105.0548372,30,0.388888889,47.6271627,-122.3913895,47.6271765,-122.391381,-1.203933716,1.2758255,47.62717057,-122.3913719,0.973947341,-5.349999905,-3.316441638,VFR_alt,109.4181752,0.123473189,1.697029458,2.0909239,0.150923176,5.476893425,-5.349999905,0.06,0.02,0,0,0,0,0,0,0,0.06,0,0,0,0.32,0.1,0,0,0.02,0.06,0,0,0,0.32,0,0,0,0,0,0,0.04
EBM_S24,2024_10_09_11-48-46.jpg,10/9/2024,11:48:46,Elliott Bay Marina,6,EBM_S24_T6,2,ALT_HOLD,13.48563341,10.42253796,140.5368159,56,0.75,47.6271592,-122.3913709,47.6271701,-122.3913659,-1.921703339,2.397291183,47.62716412,-122.391357,0.821106271,-5.349999905,-3.165285223,VFR_alt,105.290813,0.157204486,1.430715473,1.47805334,0.149468633,5.475249767,-5.349999905,0,0,0,0,0,0,0,0,0,0.14,0,0,0,0.52,0,0,0,0.06,0,0,0,0,0.28,0,0,0,0,0,0,0
EBM_S24,2024_10_09_11-48-55.jpg,10/9/2024,11:48:55,Elliott Bay Marina,6,EBM_S24_T6,2,ALT_HOLD,13.40831808,14.09309368,188.8964462,85,1.138888889,47.6271607,-122.3913462,47.6271671,-122.3913519,-2.269451141,3.434257507,47.62716099,-122.3913432,0.807712387,-5.369999886,-3.173210628,VFR_alt,99.03371719,0.162755268,1.407377645,1.432325626,0.120866538,5.493853569,-5.369999886,0.02,0.02,0,0,0,0,0,0,0,0.08,0,0,0,0.5,0,0,0,0.04,0,0,0,0,0.32,0,0,0,0,0,0,0.02
EBM_S24,2024_10_09_11-49-04.jpg,10/9/2024,11:49:04,Elliott Bay Marina,6,EBM_S24_T6,2,ALT_HOLD,13.60426316,3.806140351,51.77830982,106,1.416666667,47.6271574,-122.3913402,47.6271617,-122.3913468,-2.875587463,3.869510651,47.62715554,-122.3913374,1.403925416,-4.650000095,-3.050183657,VFR_alt,82.81089588,0.065554032,2.446233679,4.321116469,0.023571639,4.815804958,-4.650000095,0,0.02,0,0,0,0,0,0,0,0.08,0,0,0.02,0.32,0,0,0.02,0,0,0,0,0,0.48,0,0,0,0,0,0,0.06
EBM_S24,2024_10_09_11-49-13.jpg,10/9/2024,11:49:13,Elliott Bay Marina,6,EBM_S24_T6,2,ALT_HOLD,13.59886957,3.278782609,44.58710713,119,1.583333333,47.6271623,-122.391321,47.6271619,-122.391343,-2.837215424,4.156848907,47.62715588,-122.3913336,1.46295647,-4.659999847,-3.119382599,VFR_alt,88.02847522,0.055258885,2.549090818,4.69035139,0.064388055,4.786045074,-4.659999847,0,0,0,0,0,0,0,0,0,0.08,0,0,0,0.2,0.02,0,0,0,0,0,0,0,0.66,0,0,0,0,0,0,0.04
EBM_S24,2024_10_09_11-49-22.jpg,10/9/2024,11:49:22,Elliott Bay Marina,6,EBM_S24_T6,2,ALT_HOLD,13.49184564,10.14805369,136.9153685,136,1.833333333,47.627163,-122.391336,47.6271617,-122.3913348,-2.865301132,4.730255127,47.62715563,-122.391326,1.117114073,-4.759999752,-2.873271769,VFR_alt,85.9463882,0.092528413,1.946486642,2.737974743,0.0671438,4.879945278,-4.759999752,0,0,0,0.02,0,0,0,0,0,0.02,0,0,0.02,0.12,0.02,0,0,0.02,0,0,0,0,0.72,0.02,0,0,0,0,0,0.04
EBM_S24,2024_10_09_11-49-31.jpg,10/9/2024,11:49:31,Elliott Bay Marina,6,EBM_S24_T6,2,ALT_HOLD,13.49888017,9.497472767,128.2028679,153,2.055555556,47.6271711,-122.391293,47.627164,-122.3913249,-2.611301422,5.517019272,47.62715791,-122.3913155,0.24507625,-5.069999695,-2.310694697,VFR_alt,83.91278466,0.086911041,0.427026799,0.131665261,0.095288171,5.195692062,-5.069999695,0,0.26,0,0,0,0,0,0,0,0.04,0,0,0,0.04,0.06,0,0,0,0.16,0,0,0,0.42,0,0,0,0,0,0,0.02
EBM_S24,2024_10_09_11-49-40.jpg,10/9/2024,11:49:40,Elliott Bay Marina,6,EBM_S24_T6,2,ALT_HOLD,13.45771895,12.53555556,168.6960417,177,2.388888889,47.6271747,-122.3912916,47.6271654,-122.391311,-2.46263504,6.558216095,47.62715925,-122.3913016,0.777712396,-4.960000038,-2.732686756,VFR_alt,96.69855573,0.1417603,1.355104933,1.325933543,0.18435906,5.088820457,-4.960000038,0.02,0.02,0,0,0,0,0,0,0,0.12,0.02,0,0,0.16,0.16,0,0,0,0.02,0,0,0,0.48,0,0,0,0,0,0,0
EBM_S24,2024_10_09_11-49-49.jpg,10/9/2024,11:49:49,Elliott Bay Marina,6,EBM_S24_T6,2,ALT_HOLD,13.49035435,10.27882609,138.6632041,203,2.722222222,47.6271779,-122.3913034,47.6271682,-122.3912978,-2.14471817,7.542591095,47.62716211,-122.3912885,1.083412992,-4.980000019,-3.057803282,VFR_alt,85.25616665,0.152693475,1.887765062,2.572877335,0.170907135,5.103729725,-4.980000019,0,0,0,0.02,0,0,0,0,0,0.04,0,0,0,0.28,0.04,0,0,0.04,0.04,0,0,0,0.5,0,0,0,0,0,0,0.04
EBM_S24,2024_10_09_11-49-58.jpg,10/9/2024,11:49:58,Elliott Bay Marina,6,EBM_S24_T6,2,ALT_HOLD,13.51809825,8.612008734,116.4273499,219,2.944444444,47.6271815,-122.391308,47.6271708,-122.3912936,-1.848735809,7.856100082,47.62716468,-122.3912845,0.92679038,-5.179999828,-3.100822425,VFR_alt,77.69872915,0.116128124,1.614862026,1.885165771,0.087132275,5.299038887,-5.179999828,0.02,0.04,0,0,0,0,0.02,0,0,0.02,0,0.02,0,0.2,0.18,0,0,0.02,0.04,0,0,0,0.36,0,0,0,0,0,0,0.08
EBM_S24,2024_10_09_11-50-07.jpg,10/9/2024,11:50:07,Elliott Bay Marina,6,EBM_S24_T6,2,ALT_HOLD,13.62287662,2.257662338,30.75252052,229,3.083333333,47.6271855,-122.3912849,47.6271735,-122.3912831,-1.560424805,8.64790535,47.62716728,-122.391274,0.204155834,-5.089999676,-2.288200578,VFR_alt,77.55148309,0.052075013,0.355726074,0.091980447,0.049448278,5.221647263,-5.089999676,0,0,0,0,0,0,0,0,0,0,0,0,0,0.24,0.16,0,0,0,0.38,0,0,0.02,0.2,0,0,0,0,0,0,0
EBM_S24,2024_10_09_11-50-16.jpg,10/9/2024,11:50:16,Elliott Bay Marina,6,EBM_S24_T6,2,ALT_HOLD,13.58677007,3.992885033,54.25248633,236,3.166666667,47.627188,-122.3912923,47.6271747,-122.3912821,-1.41588974,8.724534988,47.62716848,-122.391273,0.559544452,-5.009999752,-2.56395348,VFR_alt,76.27903562,0.034505569,0.974963818,0.687447903,0.034055758,5.126057148,-5.009999752,0,0,0,0,0,0,0,0,0,0,0,0,0,0.18,0.42,0,0,0.02,0.3,0,0,0,0.06,0,0,0,0,0,0,0.02
EBM_S24,2024_10_09_11-50-25.jpg,10/9/2024,11:50:25,Elliott Bay Marina,6,EBM_S24_T6,2,ALT_HOLD,13.54299355,7.212215054,97.67517277,245,3.305555556,47.6271906,-122.3912758,47.6271771,-122.3912791,-1.153675079,8.947183609,47.62717077,-122.39127,0.72587095,-5.019999981,-2.740897795,VFR_alt,52.83102293,0.095357897,1.264775141,1.155752449,0.144034686,5.149911404,-5.019999981,0,0.04,0,0,0,0,0,0,0,0,0,0,0,0.26,0.42,0.02,0,0.02,0.04,0,0,0,0.2,0,0,0,0,0,0,0
EBM_S24,2024_10_09_11-50-34.jpg,10/9/2024,11:50:34,Elliott Bay Marina,6,EBM_S24_T6,2,ALT_HOLD,13.55775699,6.925806452,93.89926284,254,3.416666667,47.6271944,-122.3912747,47.6271797,-122.3912695,-0.858066559,9.661252975,47.62717343,-122.3912605,1.287913981,-5.119999886,-3.403713239,VFR_alt,65.34120776,0.119035705,2.244092542,3.640808161,0.111009895,5.240441322,-5.119999886,0,0,0,0.02,0,0,0,0,0,0.04,0,0,0.04,0.34,0.14,0,0,0,0.02,0,0,0,0.38,0,0,0,0,0,0,0.02
EBM_S24,2024_10_09_11-50-43.jpg,10/9/2024,11:50:43,Elliott Bay Marina,6,EBM_S24_T6,2,ALT_HOLD,13.5830431,3.969353448,53.9141003,263,3.527777778,47.6271991,-122.3912412,47.6271841,-122.3912562,-0.378158569,10.65632439,47.62717774,-122.3912472,0.999870673,-5.349999905,-3.346498921,VFR_alt,70.7298083,0.119484819,1.7421989,2.190785556,0.156419365,5.479521275,-5.349999905,0,0.02,0,0,0,0,0,0,0,0.1,0.02,0,0,0.26,0.06,0,0,0.08,0.02,0,0,0,0.44,0,0,0,0,0,0,0
EBM_S24,2024_10_09_11-50-52.jpg,10/9/2024,11:50:52,Elliott Bay Marina,6,EBM_S24_T6,2,ALT_HOLD,13.54686957,6.649130435,90.07468783,275,3.694444444,47.6272017,-122.3912607,47.6271878,-122.3912417,0.038265228,11.76524925,47.62718149,-122.3912325,0.759498298,-5.230000019,-2.986913636,VFR_alt,78.90277025,0.131397923,1.323368247,1.267894965,0.086459431,5.355968475,-5.230000019,0,0.08,0,0,0,0,0,0,0,0,0,0,0,0.02,0.24,0,0,0,0.06,0,0,0,0.52,0.06,0,0,0,0,0,0.02
EBM_S24,2024_10_09_11-51-01.jpg,10/9/2024,11:51:01,Elliott Bay Marina,6,EBM_S24_T6,2,ALT_HOLD,13.59290789,3.444473684,46.81859504,290,3.916666667,47.6272042,-122.3912554,47.627191,-122.3912249,0.38955307,13.00663948,47.62718465,-122.3912159,0.603640338,-5.079999924,-2.681702137,VFR_alt,75.93470166,0.138996592,1.051797559,0.798546825,0.115481298,5.203449726,-5.079999924,0.04,0.14,0,0,0,0,0,0,0,0,0,0,0,0.22,0.08,0,0,0.02,0,0,0,0,0.44,0.02,0,0.04,0,0,0,0
EBM_S24,2024_10_09_11-51-10.jpg,10/9/2024,11:51:10,Elliott Bay Marina,6,EBM_S24_T6,2,ALT_HOLD,13.54600654,7.426535948,100.6037824,301,4.055555556,47.6272046,-122.3912213,47.627194,-122.3912113,0.721611023,14.02611732,47.62718763,-122.3912024,0.624749454,-4.839999676,-2.463256222,VFR_alt,67.68888849,0.136598415,1.088578595,0.85962306,0.119585517,4.970581532,-4.839999676,0,0.02,0,0,0,0,0,0,0,0.02,0,0,0,0.02,0.32,0,0,0.02,0.02,0,0,0,0.58,0,0,0,0,0,0,0
EBM_S24,2024_10_09_11-51-19.jpg,10/9/2024,11:51:19,Elliott Bay Marina,6,EBM_S24_T6,2,ALT_HOLD,13.58371367,3.99143167,54.20679696,311,4.194444444,47.6272085,-122.391216,47.6271985,-122.3911969,1.228961945,15.10201454,47.6271922,-122.3911881,0.173427328,-4.519999981,-1.692225219,VFR_alt,75.19291855,0.164318949,0.302183981,0.069930671,0.149356057,4.644513607,-4.519999981,0,0.02,0,0.04,0,0.6,0,0,0,0,0,0,0,0,0.06,0,0,0,0,0,0,0,0.24,0,0,0,0,0,0,0.04
EBM_S24,2024_10_09_11-51-28.jpg,10/9/2024,11:51:28,Elliott Bay Marina,6,EBM_S24_T6,2,ALT_HOLD,13.56992105,4.936052632,66.98062605,320,4.305555556,47.6272057,-122.3911831,47.6271997,-122.3911879,1.356613159,15.77410698,47.62719319,-122.3911792,1.053771876,-3.929999828,-1.982772251,VFR_alt,80.34194937,0.155476195,1.836117662,2.435625473,0.146395516,4.056453228,-3.929999828,0,0,0,0,0,0.22,0,0,0,0,0,0,0,0.16,0.2,0,0,0,0.08,0,0,0,0.22,0,0,0,0,0,0,0.12
EBM_S24,2024_10_09_11-51-37.jpg,10/9/2024,11:51:37,Elliott Bay Marina,6,EBM_S24_T6,2,ALT_HOLD,13.55172368,5.728114035,77.59538803,329,4.444444444,47.6272114,-122.3911979,47.6272013,-122.3911716,1.538604736,17.00549126,47.62719483,-122.3911628,0.421995605,-3.939999819,-1.361176645,VFR_alt,81.95897006,0.174769278,0.735295372,0.463061288,0.111529148,4.075876236,-3.939999819,0,0,0,0,0,0.44,0,0,0,0,0,0,0,0.08,0.16,0,0,0.02,0.2,0,0,0,0.06,0,0,0,0,0,0,0.04
EBM_S24,2024_10_09_11-51-46.jpg,10/9/2024,11:51:46,Elliott Bay Marina,6,EBM_S24_T6,2,ALT_HOLD,13.59566087,3.236391304,43.99910543,338,4.555555556,47.627211,-122.3911756,47.6272023,-122.39116,1.644165039,17.87057686,47.62719578,-122.3911513,0.807586938,-3.879999876,-1.686992966,VFR_alt,99.24545539,0.128610214,1.407159059,1.436792147,0.105835026,4.008316994,-3.879999876,0,0,0,0,0,0.36,0,0,0,0,0,0,0,0.16,0.12,0,0,0.02,0.04,0,0,0,0.3,0,0,0,0,0,0,0
EBM_S24,2024_10_09_11-51-55.jpg,10/9/2024,11:51:55,Elliott Bay Marina,6,EBM_S24_T6,2,ALT_HOLD,13.60761688,2.763766234,37.60655405,346,4.666666667,47.6272082,-122.3911513,47.627201,-122.3911494,1.499729156,18.66804314,47.62719448,-122.3911407,1.005714269,-3.889999866,-1.895455691,VFR_alt,99.71698661,0.06768801,1.752380923,2.216481736,0.052822469,4.014256477,-3.889999866,0,0,0,0,0,0.34,0,0,0,0,0,0,0.02,0.12,0.22,0,0,0.02,0.08,0,0,0,0.2,0,0,0,0,0,0,0
EBM_S24,2024_10_09_11-52-04.jpg,10/9/2024,11:52:04,Elliott Bay Marina,6,EBM_S24_T6,2,ALT_HOLD,13.59886492,3.174836601,43.1659385,354,4.777777778,47.6272089,-122.3911585,47.6272008,-122.3911401,1.475746155,19.36353874,47.62719426,-122.3911314,0.549433542,-3.869999886,-1.419684859,VFR_alt,95.85742121,0.102063691,0.957346322,0.665037474,0.055883081,3.998849154,-3.869999886,0,0,0,0,0,0.42,0,0,0,0,0,0,0.02,0.06,0.22,0,0,0,0.08,0,0,0,0.16,0,0,0,0,0,0,0.04
EBM_S24,2024_10_09_11-52-13.jpg,10/9/2024,11:52:13,Elliott Bay Marina,6,EBM_S24_T6,2,ALT_HOLD,13.57141048,4.572161572,62.05048408,364,4.916666667,47.6272065,-122.3911438,47.6272004,-122.3911325,1.433769226,19.92625618,47.62719393,-122.3911241,0.690982534,-3.779999971,-1.471914999,VFR_alt,97.10910403,0.071213482,1.203984719,1.050902187,0.073457025,3.900989056,-3.779999971,0,0,0,0,0,0.32,0,0,0,0,0,0,0,0.06,0.48,0,0,0,0.02,0,0,0,0.12,0,0,0,0,0,0,0
EBM_S24,2024_10_09_11-52-22.jpg,10/9/2024,11:52:22,Elliott Bay Marina,6,EBM_S24_T6,2,ALT_HOLD,13.5675054,5.127386609,69.56016307,378,5.111111111,47.6272045,-122.3911329,47.6272,-122.3911266,1.39125824,20.38116646,47.62719349,-122.3911183,0.918099322,-3.949999809,-1.869802791,VFR_alt,97.45812526,0.04741686,1.599718516,1.847410686,0,4.069322586,-3.949999809,0,0,0,0,0,0.14,0,0,0,0,0.02,0,0,0.16,0.26,0,0,0,0.24,0,0,0,0.18,0,0,0,0,0,0,0
EBM_S24,2024_10_09_11-52-31.jpg,10/9/2024,11:52:31,Elliott Bay Marina,6,EBM_S24_T6,2,ALT_HOLD,13.60838843,2.574586777,35.03601029,392,5.305555556,47.627205,-122.3911277,47.6271995,-122.391114,1.332897186,21.32747841,47.62719296,-122.3911057,1.110000014,-3.970000029,-2.082479559,VFR_alt,109.4114964,0.01275129,1.934090934,2.699815152,0.053646754,4.08710289,-3.970000029,0,0,0,0,0,0.2,0,0,0,0,0,0.06,0,0.16,0.2,0,0,0,0.14,0,0,0,0.24,0,0,0,0,0,0,0
EBM_S24,2024_10_09_11-52-40.jpg,10/9/2024,11:52:40,Elliott Bay Marina,6,EBM_S24_T6,2,ALT_HOLD,13.60808753,2.468424508,33.59050026,400,5.388888889,47.6271996,-122.3911076,47.6271991,-122.3911124,1.297668457,21.44820976,47.62719254,-122.3911042,0.860919024,-3.9599998,-1.824093474,VFR_alt,92.28781009,0.022491779,1.500086179,1.624600292,0,4.080286503,-3.9599998,0,0,0,0,0,0.24,0,0,0,0,0,0,0,0.14,0.12,0,0,0,0.12,0,0,0,0.36,0.02,0,0,0,0,0,0
EBM_S24,2024_10_09_11-52-49.jpg,10/9/2024,11:52:49,Elliott Bay Marina,6,EBM_S24_T6,2,ALT_HOLD,13.5008512,13.67113786,184.4616368,425,5.75,47.6272007,-122.3911061,47.6271982,-122.3910984,1.210464478,22.48006248,47.62719176,-122.3910905,1.053698016,-3.889999866,-1.947401532,VFR_alt,110.4553006,0.146047093,1.835988968,2.450135093,0.112931171,4.012242317,-3.889999866,0,0,0,0,0,0.42,0,0,0,0,0,0,0,0,0.16,0,0,0.02,0.04,0,0,0,0.34,0,0,0,0,0,0,0.02
EBM_S24,2024_10_09_11-52-58.jpg,10/9/2024,11:52:58,Elliott Bay Marina,6,EBM_S24_T6,2,ALT_HOLD,13.60228009,2.746126915,37.35249829,443,6,47.627192,-122.391081,47.6271939,-122.3910874,0.70539856,23.32747459,47.62718722,-122.3910792,0.838862122,-4.059999943,-1.902843163,VFR_alt,101.1858059,0.024357046,1.461653698,1.580588645,0.028778839,4.181996822,-4.059999943,0,0,0,0,0,0.14,0,0,0,0,0,0,0,0,0.28,0,0,0,0.04,0,0,0,0.48,0,0,0,0,0,0,0.06
EBM_S24,2024_10_09_11-53-07.jpg,10/9/2024,11:53:07,Elliott Bay Marina,6,EBM_S24_T6,2,ALT_HOLD,13.60996711,2.750657895,37.41527928,462,6.25,47.6271912,-122.3910695,47.6271936,-122.3910744,0.679878235,24.30358696,47.62718699,-122.3910663,1.330109634,-4.110000134,-2.444050121,VFR_alt,94.2007854,0.047219194,2.317615272,3.91141984,0.071643077,4.229810238,-4.110000134,0,0,0,0,0,0.06,0,0,0,0,0,0,0.02,0.02,0.14,0,0,0,0.02,0,0,0,0.7,0,0,0,0,0,0,0.04
EBM_S24,2024_10_09_11-53-16.jpg,10/9/2024,11:53:16,Elliott Bay Marina,6,EBM_S24_T6,2,ALT_HOLD,13.55439479,6.395574837,86.68168434,483,6.527777778,47.6271847,-122.3910574,47.6271881,-122.3910626,0.069389343,25.16555214,47.6271815,-122.3910548,1.572364356,-4.369999886,-2.946028072,VFR_alt,96.16556733,0.144623787,2.739725772,5.420654089,0.164456442,4.486778736,-4.369999886,0,0,0,0,0,0,0,0,0,0,0,0,0,0.26,0.02,0,0,0,0.02,0,0,0,0.6,0,0,0,0,0,0,0.1
EBM_S24,2024_10_09_11-53-25.jpg,10/9/2024,11:53:25,Elliott Bay Marina,6,EBM_S24_T6,2,ALT_HOLD,13.48527015,12.77956427,172.2374197,502,6.777777778,47.6271912,-122.3910758,47.6271865,-122.3910551,-0.106971741,25.74195671,47.62717991,-122.3910471,1.060501032,-4.480000019,-2.543806079,VFR_alt,108.5961187,0.081730331,1.847842707,2.464524399,0.050705213,4.605361462,-4.480000019,0,0,0,0,0,0.04,0,0,0,0,0.02,0,0,0.16,0.2,0,0,0,0.06,0,0,0,0.46,0,0.02,0,0,0,0,0.04
EBM_S24,2024_10_09_12-20-09.jpg,10/9/2024,12:20:09,Elliott Bay Marina,6,EBM_S24_T6,2,ALT_HOLD,13.60587309,2.37595186,32.32686958,4424,59.19444444,47.6271826,-122.3913636,47.6271858,-122.3913444,-0.18719101,4.037586212,47.62717922,-122.3913358,0.869431066,-4.829999924,-2.783643684,VFR_alt,86.90706188,0.044744825,1.514917766,1.656506453,0,4.971513748,-4.829999924,0,0.02,0,0,0,0,0,0,0,0,0.04,0,0,0.08,0.18,0,0,0.02,0.04,0,0,0,0.6,0,0,0,0,0,0,0.02
EBM_S24,2024_10_09_12-20-18.jpg,10/9/2024,12:20:18,Elliott Bay Marina,6,EBM_S24_T6,2,ALT_HOLD,13.57296507,4.587860262,62.24698262,4433,59.30555556,47.6271855,-122.3913312,47.6271862,-122.3913336,-0.136226654,4.83908844,47.62717968,-122.3913251,0.856986872,-4.529999733,-2.471430491,VFR_alt,86.24461528,0.142734094,1.493234702,1.60945582,0.124736732,4.657700539,-4.529999733,0,0.02,0,0,0,0,0,0,0,0,0,0,0,0.14,0.1,0,0,0,0.02,0,0,0,0.66,0,0,0,0,0,0,0.06
EBM_S24,2024_10_09_12-20-27.jpg,10/9/2024,12:20:27,Elliott Bay Marina,6,EBM_S24_T6,2,ALT_HOLD,13.59538158,3.648464912,49.60208618,4442,59.44444444,47.6271845,-122.3913559,47.6271864,-122.3913211,-0.128772736,5.787626266,47.62717975,-122.3913125,0.818530696,-4.559999943,-2.463300198,VFR_alt,88.00400256,0.107285747,1.426227728,1.468154679,0.103687647,4.679582596,-4.559999943,0,0.04,0,0,0,0,0,0,0,0,0,0,0,0.12,0.44,0,0,0,0,0,0,0,0.4,0,0,0,0,0,0,0
EBM_S24,2024_10_09_12-20-36.jpg,10/9/2024,12:20:36,Elliott Bay Marina,6,EBM_S24_T6,2,ALT_HOLD,13.59713508,3.214989107,43.71393569,4451,59.55555556,47.6271887,-122.3913176,47.6271874,-122.3913113,-0.000598907,6.518527985,47.6271809,-122.3913028,0.979389946,-4.559999943,-2.62465559,VFR_alt,87.70623324,0.073819668,1.706512785,2.105658741,0.058290522,4.685639381,-4.559999943,0,0,0,0,0,0.06,0,0,0,0.06,0,0,0,0.02,0.16,0,0,0,0.02,0,0,0,0.62,0,0,0,0,0,0,0.06
EBM_S24,2024_10_09_12-20-45.jpg,10/9/2024,12:20:45,Elliott Bay Marina,6,EBM_S24_T6,2,ALT_HOLD,13.57790435,4.289130435,58.23725209,4461,59.69444444,47.6271902,-122.3913256,47.6271886,-122.3913009,0.123706818,7.296543121,47.62718202,-122.3912924,0.533956517,-4.650000095,-2.269964907,VFR_alt,84.84584754,0.135772683,0.93037878,0.626515658,0.095755353,4.776248455,-4.650000095,0,0.04,0,0,0,0.12,0,0,0,0.04,0,0,0,0.04,0.16,0,0,0,0.12,0,0,0,0.46,0,0,0,0,0,0,0.02
EBM_S24,2024_10_09_12-20-54.jpg,10/9/2024,12:20:54,Elliott Bay Marina,6,EBM_S24_T6,2,ALT_HOLD,13.58728696,3.667130435,49.82631435,4469,59.80555556,47.6271933,-122.3912985,47.6271897,-122.3912906,0.249866486,8.063095093,47.62718315,-122.3912822,1.055586909,-4.650000095,-2.792660329,VFR_alt,85.93282484,0.11073372,1.83928022,2.442928812,0.103613887,4.771923065,-4.650000095,0,0,0,0,0,0,0,0,0,0,0,0,0,0.36,0.12,0,0,0,0.08,0,0,0,0.38,0,0,0,0,0,0,0.06
EBM_S24,2024_10_09_12-21-03.jpg,10/9/2024,12:21:03,Elliott Bay Marina,6,EBM_S24_T6,2,ALT_HOLD,13.59237473,3.423442266,46.52911834,4482,59.97222222,47.6271962,-122.3912724,47.627191,-122.3912736,0.393718719,9.334547043,47.62718445,-122.3912653,1.187973796,-4.619999886,-2.896508964,VFR_alt,85.97709733,0.104808837,2.069954342,3.093206521,0.111613269,4.749747276,-4.619999886,0,0,0,0,0,0,0,0,0,0,0,0,0,0.28,0.12,0,0,0.04,0,0,0,0,0.56,0,0,0,0,0,0,0
EBM_S24,2024_10_09_12-21-12.jpg,10/9/2024,12:21:12,Elliott Bay Marina,6,EBM_S24_T6,2,ALT_HOLD,13.58881996,3.824859002,51.96841128,4493,60.13888889,47.6271985,-122.3912622,47.6271911,-122.3912574,0.403968811,10.56677055,47.62718454,-122.3912489,1.233405628,-4.650000095,-2.973784688,VFR_alt,105.396874,0.089493021,2.149115867,3.334473797,0.102251043,4.773554325,-4.650000095,0,0,0,0,0,0.02,0,0,0,0,0,0,0,0.18,0.18,0,0,0,0.14,0,0,0,0.42,0.04,0,0,0,0,0,0.02
EBM_S24,2024_10_09_12-21-21.jpg,10/9/2024,12:21:21,Elliott Bay Marina,6,EBM_S24_T6,2,ALT_HOLD,13.50272391,9.627695652,129.9928736,4507,60.33333333,47.6271992,-122.3912475,47.627193,-122.3912434,0.623451233,11.58835793,47.62718651,-122.3912353,1.079500005,-4.389999866,-2.561950016,VFR_alt,82.47131222,0.191683926,1.880946979,2.560836318,0.187575389,4.510691166,-4.389999866,0,0,0,0,0,0,0,0,0,0,0,0,0,0.16,0.32,0,0,0,0,0,0,0,0.5,0.02,0,0,0,0,0,0
EBM_S24,2024_10_09_12-21-30.jpg,10/9/2024,12:21:30,Elliott Bay Marina,6,EBM_S24_T6,2,ALT_HOLD,13.5844989,4.005494505,54.41198578,4521,60.5,47.6272033,-122.3912385,47.6271941,-122.391227,0.737804413,12.83754921,47.62718754,-122.3912187,0.731318659,-4.380000114,-2.205901408,VFR_alt,89.14831384,0.092736121,1.27426736,1.172037104,0.082831522,4.512001991,-4.380000114,0,0,0,0,0,0.1,0.02,0,0,0,0,0.14,0,0.04,0.12,0,0,0,0,0,0,0,0.44,0.04,0.04,0.02,0,0,0,0.04
EBM_S24,2024_10_09_12-21-39.jpg,10/9/2024,12:21:39,Elliott Bay Marina,6,EBM_S24_T6,2,ALT_HOLD,13.55734783,5.60826087,76.03047087,4533,60.66666667,47.6272048,-122.3912171,47.6271963,-122.3912148,0.988716125,13.74027443,47.6271898,-122.3912067,0.787608673,-3.919999838,-1.804218763,VFR_alt,89.57186491,0.137193339,1.372348445,1.360044284,0.147390522,4.057983875,-3.919999838,0,0,0,0,0,0.3,0,0,0,0,0,0,0,0.16,0.1,0,0,0,0.06,0,0,0,0.38,0,0,0,0,0,0,0
EBM_S24,2024_10_09_12-21-48.jpg,10/9/2024,12:21:48,Elliott Bay Marina,6,EBM_S24_T6,2,ALT_HOLD,13.57461874,4.826949891,65.51931612,4543,60.80555556,47.6272061,-122.3912115,47.6271979,-122.3912052,1.152370453,14.46591377,47.62719127,-122.3911971,0.723572975,-3.699999809,-1.521939593,VFR_alt,93.3871354,0.116403864,1.260771092,1.150116223,0.085011813,3.832074404,-3.699999809,0,0,0,0,0,0.38,0,0,0,0,0,0,0,0.14,0.26,0,0,0,0.02,0,0,0,0.18,0,0,0,0,0,0,0.02
EBM_S24,2024_10_09_12-21-57.jpg,10/9/2024,12:21:57,Elliott Bay Marina,6,EBM_S24_T6,2,ALT_HOLD,13.54899348,5.551086957,75.20428683,4557,61,47.6272053,-122.3911895,47.6271983,-122.3911915,1.20879364,15.49359703,47.62719178,-122.3911834,0.804891284,-3.429999828,-1.334577231,VFR_alt,93.20968283,0.118790593,1.402462085,1.419866314,0.122510856,3.557245731,-3.429999828,0,0,0,0,0,0.52,0,0,0,0,0,0,0,0.06,0.1,0,0,0,0.06,0,0,0,0.22,0,0,0,0,0,0,0.04
EBM_S24,2024_10_09_12-22-06.jpg,10/9/2024,12:22:06,Elliott Bay Marina,6,EBM_S24_T6,2,ALT_HOLD,13.52979956,7.472505447,101.0987392,4570,61.16666667,47.6272008,-122.3911567,47.6271991,-122.3911777,1.289543152,16.50769234,47.6271925,-122.3911699,0.729281042,-3.50999999,-1.339698311,VFR_alt,98.49973748,0.146535043,1.270716967,1.192900127,0.166223639,3.638325214,-3.50999999,0,0,0,0,0,0.78,0,0,0,0,0,0,0,0,0.1,0,0,0,0.04,0,0,0,0.08,0,0,0,0,0,0,0
EBM_S24,2024_10_09_12-22-15.jpg,10/9/2024,12:22:15,Elliott Bay Marina,6,EBM_S24_T6,2,ALT_HOLD,13.5461,5.804086957,78.62199143,4583,61.36111111,47.6271977,-122.3911437,47.6271957,-122.3911623,0.905563354,17.66306496,47.62718905,-122.3911545,1.147065202,-3.639999866,-1.887652095,VFR_alt,97.13635176,0.099209891,1.998674215,2.888134583,0.10810721,3.747546911,-3.639999866,0,0,0,0,0,0.28,0,0,0,0,0,0,0,0.16,0.14,0,0,0,0.06,0,0,0,0.32,0,0,0,0,0,0,0.04
EBM_S24,2024_10_09_12-22-24.jpg,10/9/2024,12:22:24,Elliott Bay Marina,6,EBM_S24_T6,2,ALT_HOLD,13.58831878,4.221659389,57.36514873,4594,61.5,47.6272074,-122.3911818,47.6271934,-122.391153,0.651916504,18.3974247,47.62718677,-122.3911448,0.699541473,-3.75999999,-1.559878175,VFR_alt,92.36757089,0.076577873,1.218898022,1.072306353,0.043333931,3.890222549,-3.75999999,0,0,0,0,0,0.34,0,0,0,0,0,0,0,0.08,0.26,0,0,0,0.02,0,0,0,0.3,0,0,0,0,0,0,0
EBM_S24,2024_10_09_12-22-33.jpg,10/9/2024,12:22:33,Elliott Bay Marina,6,EBM_S24_T6,2,ALT_HOLD,13.54780388,5.817543103,78.81258466,4605,61.63888889,47.6271986,-122.3911457,47.6271933,-122.3911432,0.641555786,19.10980034,47.62718668,-122.3911353,0.294633608,-3.75999999,-1.154443191,VFR_alt,100.6196966,0.13221265,0.513376741,0.190272933,0.109056298,3.886590958,-3.75999999,0.02,0,0,0,0,0.56,0,0,0,0,0,0,0,0.02,0.04,0,0,0,0.04,0,0,0,0.32,0,0,0,0,0,0,0
EBM_S24,2024_10_09_12-22-42.jpg,10/9/2024,12:22:42,Elliott Bay Marina,6,EBM_S24_T6,2,ALT_HOLD,13.56543137,4.865860566,65.98616046,4616,61.80555556,47.6271961,-122.3911328,47.6271933,-122.3911346,0.645896912,19.79186058,47.62718672,-122.3911262,0.557799556,-3.649999857,-1.306948342,VFR_alt,99.25959139,0.123251179,0.971923469,0.68956494,0.108589405,3.773187637,-3.649999857,0,0,0,0,0,0.38,0,0,0,0,0,0,0,0.14,0.3,0,0,0,0,0,0,0,0.16,0,0,0,0,0,0,0.02
EBM_S24,2024_10_09_12-22-51.jpg,10/9/2024,12:22:51,Elliott Bay Marina,6,EBM_S24_T6,2,ALT_HOLD,13.5752087,5.027195652,68.23943848,4628,61.94444444,47.6271895,-122.3911047,47.6271925,-122.3911227,0.551528931,20.68549156,47.62718587,-122.3911143,0.797260834,-3.799999952,-1.695758765,VFR_alt,104.3138423,0.122807056,1.389166605,1.420512673,0.151972719,3.923046589,-3.799999952,0,0,0,0,0,0.44,0,0,0,0,0,0,0,0.04,0.12,0,0,0,0.26,0,0,0,0.14,0,0,0,0,0,0,0
EBM_S24,2024_10_09_12-23-00.jpg,10/9/2024,12:23:00,Elliott Bay Marina,6,EBM_S24_T6,2,ALT_HOLD,13.61533698,2.193851204,29.87028869,4639,62.11111111,47.6271917,-122.3911059,47.627192,-122.3911128,0.500732422,21.42677498,47.62718541,-122.3911044,0.724485742,-3.839999914,-1.662485656,VFR_alt,107.6733019,0.019934265,1.262361519,1.15018636,0.031003156,3.967406273,-3.839999914,0,0,0,0,0,0.44,0,0,0,0,0,0,0,0.06,0.12,0,0,0,0.08,0,0,0,0.3,0,0,0,0,0,0,0
EBM_S24,2024_10_09_12-23-09.jpg,10/9/2024,12:23:09,Elliott Bay Marina,6,EBM_S24_T6,2,ALT_HOLD,13.5952362,3.566909492,48.49102583,4651,62.27777778,47.6271985,-122.3911202,47.6271901,-122.391099,0.287414551,22.4603405,47.62718349,-122.3910907,0.773576136,-3.819999933,-1.691350138,VFR_alt,102.0943026,0.103443725,1.347897814,1.311534569,0.075697529,3.948905945,-3.819999933,0,0,0,0,0,0.22,0,0,0,0,0,0,0,0,0.26,0,0,0,0.06,0,0,0,0.4,0,0,0,0,0,0,0.06
EBM_S24,2024_10_09_12-23-18.jpg,10/9/2024,12:23:18,Elliott Bay Marina,6,EBM_S24_T6,2,ALT_HOLD,13.59672294,2.528030303,34.36416587,4662,62.41666667,47.6271866,-122.3910802,47.6271891,-122.3910888,0.17780304,23.22458839,47.62718251,-122.3910805,0.346558434,-3.899999857,-1.344400809,VFR_alt,100.3310391,0.033478558,0.603851816,0.263418619,0.056082567,4.027779102,-3.899999857,0,0,0,0,0,0.54,0,0,0,0,0,0,0,0,0.1,0,0,0,0.24,0,0,0,0.06,0,0,0,0,0,0,0.06
EBM_S24,2024_10_09_12-23-27.jpg,10/9/2024,12:23:27,Elliott Bay Marina,6,EBM_S24_T6,2,ALT_HOLD,13.57265727,4.653709328,63.16344469,4675,62.58333333,47.627183,-122.3910642,47.6271872,-122.3910769,-0.040210724,24.11870766,47.62718054,-122.3910686,1.059132297,-4.309999943,-2.467335742,VFR_alt,97.48912563,0.02559592,1.845457791,2.459641379,0.042257923,4.428194046,-4.309999943,0,0,0,0,0,0.3,0,0,0,0,0,0,0,0.14,0.32,0,0,0,0.02,0,0,0,0.2,0,0,0,0,0,0,0.02
EBM_S24,2024_10_09_12-23-36.jpg,10/9/2024,12:23:36,Elliott Bay Marina,6,EBM_S24_T6,2,ALT_HOLD,13.58552061,3.202950108,43.50905484,4686,62.75,47.6271862,-122.3910686,47.6271851,-122.3910674,-0.266239166,24.82295799,47.62717851,-122.3910593,1.185574818,-4.389999866,-2.674429852,VFR_alt,92.01887515,0.052687958,2.065774303,3.085009535,0.056567442,4.512533665,-4.389999866,0,0,0,0,0,0,0,0,0,0,0,0,0,0.38,0.04,0,0,0,0,0,0,0,0.54,0,0,0,0,0,0,0.04
EBM_W25,2025_01_28_11-34-11.jpg,1/28/2025,11:34:11,Elliott Bay Marina,6,EBM_W25_T6,0,STABILIZE,13.60361075,2.108709677,28.68597108,0,0,47.627224,-122.3918597,47.6272376,-122.3918632,0,0,47.627224,-122.3918597,1.118731158,-5.179999828,-3.844175607,VFR_alt,89.51931308,0.065178181,1.94930429,2.750239661,0,5.417589188,-5.179999828,0,0.02,0,0,0,0,0,0,0,0.1,0,0,0,0.16,0.14,0,0,0.06,0,0,0,0,0.36,0,0,0.14,0,0,0,0.02
EBM_W25,2025_01_28_11-34-26.jpg,1/28/2025,11:34:26,Elliott Bay Marina,6,EBM_W25_T6,0,STABILIZE,13.59597345,2.711548673,36.86614168,10,0.138888889,47.6272157,-122.3918529,47.6272337,-122.3918516,-0.438503265,0.875579834,47.62722006,-122.3918481,1.190176957,-4.509999752,-3.245106095,VFR_alt,97.00303271,0.083649982,2.073793183,3.106489834,0.091231252,4.74598074,-4.509999752,0,0.1,0,0,0,0,0,0,0,0.1,0,0,0.02,0.26,0,0,0,0.12,0,0,0,0,0.24,0,0,0.04,0,0,0,0.12
EBM_W25,2025_01_28_11-34-41.jpg,1/28/2025,11:34:41,Elliott Bay Marina,6,EBM_W25_T6,0,STABILIZE,13.59301085,2.579501085,35.06318416,21,0.277777778,47.6272064,-122.391841,47.6272277,-122.391838,-1.11105442,1.891616821,47.62721401,-122.3918345,0.948438167,-4.099999905,-2.592984701,VFR_alt,110.0090291,0.05598668,1.652581655,1.971117301,0.085060539,4.33584404,-4.099999905,0,0.24,0,0,0,0,0,0,0,0.02,0,0,0,0.16,0.02,0,0,0.04,0.02,0,0,0,0.42,0,0,0,0,0,0.08,0
EBM_W25,2025_01_28_11-34-53.jpg,1/28/2025,11:34:53,Elliott Bay Marina,6,EBM_W25_T6,0,STABILIZE,13.59482213,2.649132321,36.01448427,29,0.388888889,47.6272156,-122.3918377,47.6272229,-122.3918293,-1.642319679,2.546964645,47.62720923,-122.3918258,0.738720156,-4.139999866,-2.422947503,VFR_alt,103.7351894,0.077769185,1.287163908,1.197668063,0.071256865,4.378415585,-4.139999866,0,0.1,0,0,0,0,0,0,0,0,0,0,0.02,0.14,0.06,0,0,0.04,0.02,0,0,0,0.32,0,0,0.08,0,0,0.04,0.18
EBM_W25,2025_01_28_11-35-08.jpg,1/28/2025,11:35:08,Elliott Bay Marina,6,EBM_W25_T6,0,STABILIZE,13.60750542,2.248156182,30.5918039,39,0.527777778,47.6272161,-122.3918149,47.6272194,-122.3918173,-2.034507751,3.449831009,47.6272057,-122.3918138,1.502602996,-4.529999733,-3.57628378,VFR_alt,104.2682913,0.032146417,2.618171886,4.969281728,0.041765422,4.746377945,-4.529999733,0,0,0,0,0,0,0,0,0,0.02,0,0,0.04,0,0.06,0,0,0.04,0.2,0,0,0,0.46,0,0,0.06,0,0,0,0.12
EBM_W25,2025_01_28_11-35-26.jpg,1/28/2025,11:35:26,Elliott Bay Marina,6,EBM_W25_T6,0,STABILIZE,13.60541935,2.310645161,31.4372929,52,0.694444444,47.6272314,-122.3917928,47.6272195,-122.3918006,-2.007431984,4.703145981,47.62720594,-122.3917971,1.363462353,-4.110000134,-3.016184199,VFR_alt,98.43023393,0.043060633,2.375729858,4.073951198,0.06574611,4.349562168,-4.110000134,0,0.02,0,0,0,0,0,0,0,0,0,0,0,0.12,0,0,0,0.06,0.06,0,0,0,0.48,0,0,0.04,0,0,0,0.22
EBM_W25,2025_01_28_11-35-38.jpg,1/28/2025,11:35:38,Elliott Bay Marina,6,EBM_W25_T6,0,STABILIZE,13.59786978,3.848083538,52.32570155,60,0.833333333,47.6272352,-122.3917777,47.6272211,-122.3917893,-1.829708099,5.548601151,47.62720754,-122.3917859,0,-4.339999676,-1.881896351,VFR_alt,95.71970831,0.068146798,0,0,0.078934655,4.58136034,-4.339999676,0,0.08,0,0,0,0,0,0,0,0,0,0,0,0.2,0,0,0,0.02,0.02,0,0,0,0.4,0,0,0,0,0,0,0.28
EBM_W25,2025_01_28_11-35-50.jpg,1/28/2025,11:35:50,Elliott Bay Marina,6,EBM_W25_T6,0,STABILIZE,13.60756897,3.09137931,42.0669731,77,1.055555556,47.6272602,-122.3917835,47.627232,-122.3917806,-0.611186981,6.200466156,47.6272185,-122.3917772,1.463405111,-4.21999979,-3.224328554,VFR_alt,112.0957905,0.078016764,2.549872543,4.69288144,0.194259727,4.438084126,-4.21999979,0,0.06,0,0,0,0,0,0,0,0,0,0,0,0.12,0.06,0,0,0.18,0.06,0,0,0,0.32,0,0,0,0,0,0,0.2
EBM_W25,2025_01_28_11-36-05.jpg,1/28/2025,11:36:05,Elliott Bay Marina,6,EBM_W25_T6,0,STABILIZE,13.59849892,2.877419355,39.12819815,88,1.194444444,47.6272375,-122.3917545,47.6272401,-122.3917674,0.27252388,7.189786911,47.62722645,-122.391764,0.888387084,-4.630000114,-3.057887959,VFR_alt,110.4355854,0.080021182,1.547947192,1.730182347,0.121703326,4.852993011,-4.630000114,0,0.14,0,0,0,0,0,0,0,0,0.02,0,0,0.14,0.18,0,0,0.16,0.06,0,0,0,0.28,0,0,0,0,0,0,0.02
EBM_W25,2025_01_28_11-36-17.jpg,1/28/2025,11:36:17,Elliott Bay Marina,6,EBM_W25_T6,0,STABILIZE,13.59532979,2.944042553,40.02533649,98,1.333333333,47.6272267,-122.3917382,47.6272373,-122.3917505,-0.032527924,8.456485748,47.62722371,-122.3917472,0.873893606,-4.699999809,-3.112126756,VFR_alt,104.4221438,0.079187533,1.522693405,1.675633445,0.122646022,4.932026863,-4.699999809,0,0.38,0,0,0,0,0,0,0,0,0,0,0,0.02,0.18,0,0,0.12,0.06,0,0,0,0.12,0.02,0,0.06,0,0,0,0.04
EBM_W25,2025_01_28_11-36-29.jpg,1/28/2025,11:36:29,Elliott Bay Marina,6,EBM_W25_T6,0,STABILIZE,13.59017528,3.158539326,42.92176009,108,1.472222222,47.6272413,-122.3917374,47.6272364,-122.391737,-0.128648758,9.459259033,47.62722284,-122.3917338,1.406269605,-4.610000134,-3.553203295,VFR_alt,102.9288109,0.064362785,2.450318251,4.341162566,0.044506973,4.829070568,-4.610000134,0,0.08,0,0,0,0,0,0,0,0.04,0,0,0,0.12,0,0,0,0.36,0.02,0,0,0,0.1,0,0,0.1,0,0,0,0.18
EBM_W25,2025_01_28_11-36-41.jpg,1/28/2025,11:36:41,Elliott Bay Marina,6,EBM_W25_T6,0,STABILIZE,13.59820796,2.996017699,40.74095973,118,1.611111111,47.6272415,-122.3917262,47.6272381,-122.3917255,0.064718246,10.33117294,47.62722458,-122.3917222,1.006106181,-4.989999771,-3.531788536,VFR_alt,87.09329276,0.071484527,1.7530638,2.22051147,0.074611118,5.226038456,-4.989999771,0,0.08,0,0,0,0,0,0,0,0,0,0,0,0.3,0.18,0,0,0.14,0.04,0,0,0,0.14,0.02,0,0.02,0,0,0,0.08
EBM_W25,2025_01_28_11-36-56.jpg,1/28/2025,11:36:56,Elliott Bay Marina,6,EBM_W25_T6,0,STABILIZE,13.59191613,2.88511828,39.21434542,130,1.75,47.6272329,-122.3917067,47.6272396,-122.3917149,0.215888977,11.12598801,47.62722594,-122.3917117,1.304752636,-4.319999695,-3.159063506,VFR_alt,109.2306831,0.065796607,2.273432623,3.731359388,0.083856611,4.555989265,-4.319999695,0,0.12,0,0,0,0,0,0,0,0,0,0,0,0.16,0.02,0,0,0.08,0.04,0,0,0,0.38,0.04,0,0.02,0,0,0,0.14
EBM_W25,2025_01_28_11-37-11.jpg,1/28/2025,11:37:11,Elliott Bay Marina,6,EBM_W25_T6,0,STABILIZE,13.59319643,2.8165625,38.28634049,142,1.916666667,47.6272353,-122.391697,47.6272387,-122.3916994,0.120429993,12.28993225,47.62722508,-122.3916962,0.993236575,-4.5,-3.026522817,VFR_alt,99.80069661,0.083395952,1.730639486,2.161767589,0.084874167,4.740070343,-4.5,0,0.04,0,0,0,0,0,0,0,0,0,0,0,0.16,0,0,0,0.16,0,0,0,0.2,0.38,0,0,0.02,0,0,0,0.04
EBM_W25,2025_01_28_11-37-26.jpg,1/28/2025,11:37:26,Elliott Bay Marina,6,EBM_W25_T6,0,STABILIZE,13.59691416,2.830171674,38.48157979,154,2.083333333,47.6272272,-122.3916752,47.6272369,-122.3916839,-0.086143494,13.45206451,47.62722323,-122.3916807,1.118240349,-4.130000114,-2.780851917,VFR_alt,107.3858543,0.067338213,1.948449093,2.743146923,0.094540776,4.360573292,-4.130000114,0,0.12,0,0,0,0,0,0,0,0,0,0,0.02,0.1,0.2,0,0,0.14,0.02,0,0,0,0.38,0,0,0,0,0,0,0.02
EBM_W25,2025_01_28_11-37-41.jpg,1/28/2025,11:37:41,Elliott Bay Marina,6,EBM_W25_T6,0,STABILIZE,13.58833404,2.904524313,39.46770605,166,2.25,47.6272349,-122.3916682,47.6272346,-122.3916698,-0.323261261,14.51369095,47.62722109,-122.3916666,0.338858346,-3.699999809,-1.571073345,VFR_alt,111.5707518,0.05806203,0.590434998,0.25209249,0.056215029,3.930945873,-3.699999809,0,0,0,0,0,0,0,0,0,0,0,0,0,0.18,0.1,0,0,0.14,0.1,0,0,0.02,0.4,0.04,0,0,0,0,0,0.02
EBM_W25,2025_01_28_11-38-17.jpg,1/28/2025,11:38:17,Elliott Bay Marina,6,EBM_W25_T6,0,STABILIZE,13.58906466,2.994525862,40.69258724,196,2.666666667,47.6272348,-122.3916404,47.6272316,-122.3916505,-0.668180466,15.9581871,47.62721768,-122.391648,1.148642219,-3.569999933,-2.250613561,VFR_alt,107.3574429,0.057306089,2.001422048,2.891196756,0.063107773,3.803271055,-3.569999933,0,0,0,0,0,0,0,0,0,0,0,0,0,0.14,0.1,0,0,0,0.06,0,0,0,0.54,0,0,0.08,0,0,0,0.08
EBM_W25,2025_01_28_11-38-32.jpg,1/28/2025,11:38:32,Elliott Bay Marina,6,EBM_W25_T6,0,STABILIZE,13.58819956,3.247450111,44.12731829,209,2.833333333,47.6272475,-122.3916324,47.627233,-122.3916358,-0.509313583,17.06121445,47.62721911,-122.3916333,1.085920172,-4.329999924,-2.94792265,VFR_alt,95.48040507,0.11199483,1.892133634,2.584397947,0.126188312,4.565442562,-4.329999924,0,0.02,0,0,0,0,0,0,0,0,0,0,0,0.4,0.06,0,0,0.04,0.04,0,0,0,0.42,0,0,0,0,0,0,0.02
EBM_W25,2025_01_28_11-38-47.jpg,1/28/2025,11:38:47,Elliott Bay Marina,6,EBM_W25_T6,0,STABILIZE,13.59305106,3.437957447,46.73290962,222,3,47.6272605,-122.3916169,47.6272351,-122.3916171,-0.269727707,18.46641159,47.62722126,-122.3916146,1.356382956,-4.289999962,-3.178410298,VFR_alt,106.9579664,0.077668392,2.363394544,4.032208963,0.083167297,4.516798019,-4.289999962,0,0,0,0,0,0,0,0,0,0,0,0,0,0.14,0.2,0,0,0.08,0.12,0,0,0,0.04,0,0,0.04,0.22,0,0,0.16
EBM_W25,2025_01_28_11-38-59.jpg,1/28/2025,11:38:59,Elliott Bay Marina,6,EBM_W25_T6,0,STABILIZE,13.59449676,2.964406048,40.29956994,231,3.138888889,47.627235,-122.3915862,47.6272373,-122.3916045,-0.027053833,19.40859604,47.62722345,-122.3916021,0.858747288,-4.589999676,-2.980751588,VFR_alt,100.1261509,0.056502153,1.496302092,1.620230796,0.079491663,4.824002266,-4.589999676,0,0,0,0,0,0,0,0,0,0.04,0,0,0,0.22,0.04,0,0,0.24,0.06,0,0,0,0.12,0.02,0,0.04,0.2,0,0,0.02
EBM_W25,2025_01_28_11-39-11.jpg,1/28/2025,11:39:11,Elliott Bay Marina,6,EBM_W25_T6,0,STABILIZE,13.58865957,3.085319149,41.92542574,241,3.277777778,47.6272443,-122.3915851,47.6272381,-122.3915961,0.065309525,20.04509735,47.62722428,-122.3915936,1.075787206,-4.440000057,-3.047698553,VFR_alt,112.9303101,0.048356127,1.874477707,2.536288548,0.062440237,4.682450294,-4.440000057,0,0.06,0,0,0,0,0,0,0,0,0,0,0,0.36,0.06,0,0,0.14,0.04,0,0,0,0.14,0,0,0.06,0.02,0,0,0.12
EBM_W25,2025_01_28_11-39-23.jpg,1/28/2025,11:39:23,Elliott Bay Marina,6,EBM_W25_T6,0,STABILIZE,13.56144708,4.164038877,56.47046112,252,3.416666667,47.62723,-122.3915625,47.6272389,-122.3915846,0.136697769,20.9031105,47.62722492,-122.3915822,1.191079884,-4.460000038,-3.182790462,VFR_alt,100.7318323,0.022077332,2.075366465,3.133782679,0.044797928,4.691085339,-4.460000038,0,0,0,0,0,0,0,0,0,0.06,0,0,0,0.24,0,0,0,0.14,0.1,0,0,0,0.34,0,0,0.08,0,0,0,0.04
EBM_W25,2025_01_28_11-39-35.jpg,1/28/2025,11:39:35,Elliott Bay Marina,6,EBM_W25_T6,0,STABILIZE,13.5723556,4.122306034,55.92409002,262,3.555555556,47.6272418,-122.391563,47.6272395,-122.3915723,0.210853577,21.83057785,47.62722559,-122.3915699,0.858491365,-4.21999979,-2.609854589,VFR_alt,111.3453757,0.100015127,1.495856167,1.617806194,0.098859465,4.457291126,-4.21999979,0,0,0,0,0,0,0,0,0,0,0,0,0.04,0.1,0.14,0,0,0.26,0.16,0,0,0,0.24,0,0,0,0,0,0,0.06
EBM_W25,2025_01_28_11-39-47.jpg,1/28/2025,11:39:47,Elliott Bay Marina,6,EBM_W25_T6,0,STABILIZE,13.58411159,3.336502146,45.32368976,275,3.75,47.627238,-122.3915458,47.6272362,-122.3915543,-0.154415131,23.1806488,47.6272223,-122.3915519,1.077532144,-4.159999847,-2.768363024,VFR_alt,100.3761726,0.061534842,1.87751813,2.545090021,0.055087011,4.394752026,-4.159999847,0,0,0,0,0,0,0,0,0,0,0,0,0,0.32,0.32,0,0,0.02,0.1,0,0,0,0.16,0,0,0,0,0,0,0.08
EBM_W25,2025_01_28_11-39-59.jpg,1/28/2025,11:39:59,Elliott Bay Marina,6,EBM_W25_T6,0,STABILIZE,13.589,3.113095238,42.30385119,285,3.888888889,47.6272226,-122.3915288,47.6272336,-122.3915403,-0.448244095,24.22608185,47.62721966,-122.391538,1.378874438,-4.529999733,-3.438948566,VFR_alt,105.012059,0.075971927,2.402584247,4.167324699,0.098555425,4.761689663,-4.529999733,0,0.08,0,0,0,0,0,0,0,0,0,0,0,0.14,0.02,0,0,0.18,0.08,0,0,0,0.24,0,0,0,0.12,0,0,0.14
EBM_W25,2025_01_28_11-40-14.jpg,1/28/2025,11:40:14,Elliott Bay Marina,6,EBM_W25_T6,0,STABILIZE,13.59191757,2.864490239,38.93277974,297,4.027777778,47.6272114,-122.3915217,47.6272271,-122.3915262,-1.172558784,25.28865433,47.62721314,-122.3915239,0.389219082,-4.859999657,-2.778006482,VFR_alt,103.8177806,0.063714944,0.678184764,0.332259451,0.08020689,5.099585056,-4.859999657,0,0.22,0,0,0,0,0,0,0,0,0,0,0.02,0.3,0.06,0,0,0.02,0.02,0,0,0,0.34,0,0,0,0,0,0,0.02
EBM_W25,2025_01_28_11-40-26.jpg,1/28/2025,11:40:26,Elliott Bay Marina,6,EBM_W25_T6,0,STABILIZE,13.59689787,2.668297872,36.28056621,307,4.166666667,47.6272032,-122.3915149,47.6272224,-122.3915179,-1.692464828,25.90901947,47.62720847,-122.3915156,0.698340406,-4.920000076,-3.145907372,VFR_alt,106.0906804,0.036974435,1.216805252,1.069256078,0.057514593,5.144813538,-4.920000076,0,0.14,0,0,0,0,0,0,0,0,0,0,0.04,0.1,0.18,0,0,0.1,0.06,0,0,0,0.38,0,0,0,0,0,0,0
EBM_W25,2025_01_28_11-40-41.jpg,1/28/2025,11:40:41,Elliott Bay Marina,6,EBM_W25_T6,0,STABILIZE,13.58210278,3.218501071,43.71395495,319,4.333333333,47.627205,-122.391514,47.6272182,-122.3915098,-2.164885521,26.52000809,47.62720422,-122.3915075,1.093190535,-5.150000095,-3.769137658,VFR_alt,112.5032735,0.021620123,1.904801691,2.621227597,0.020023266,5.377554417,-5.150000095,0,0,0,0,0,0,0,0,0,0,0,0,0,0.1,0.12,0,0,0.08,0.14,0,0,0,0.14,0.02,0,0.3,0.1,0,0,0
EBM_W25,2025_01_28_11-40-56.jpg,1/28/2025,11:40:56,Elliott Bay Marina,6,EBM_W25_T6,0,STABILIZE,13.59306061,2.8,38.0605697,333,4.527777778,47.6271954,-122.3915022,47.6272132,-122.3914975,-2.717890739,27.44041061,47.62719926,-122.3914955,1.023441576,-5.099999905,-3.647826237,VFR_alt,112.5355565,0.085454794,1.783269413,2.307335906,0.091356066,5.33427,-5.099999905,0,0.3,0,0,0,0,0,0,0,0,0,0,0,0.08,0.08,0,0,0.28,0.04,0,0,0,0.16,0.02,0,0,0,0,0,0.04
EBM_W25,2025_01_28_11-41-11.jpg,1/28/2025,11:41:11,Elliott Bay Marina,6,EBM_W25_T6,0,STABILIZE,13.5909375,2.970301724,40.3691839,346,4.694444444,47.6271932,-122.3914914,47.6272102,-122.3914825,-3.056578636,28.56484985,47.62719621,-122.3914805,1.101163816,-5.299999714,-3.924201971,VFR_alt,85.38576387,0.090587904,1.918694528,2.657140034,0.074088159,5.535522938,-5.299999714,0,0.02,0,0,0,0,0,0,0,0,0,0,0,0.18,0.1,0,0,0.3,0,0.02,0,0,0.14,0.06,0,0,0.14,0,0,0.04
EBM_W25,2025_01_28_11-41-32.jpg,1/28/2025,11:41:32,Elliott Bay Marina,6,EBM_W25_T6,0,STABILIZE,13.57335714,5.026926407,68.23393985,364,4.944444444,47.6271951,-122.3914788,47.6272063,-122.3914654,-3.485422134,29.84656906,47.62719236,-122.3914635,1.075649301,-5.089999676,-3.687187287,VFR_alt,98.9298647,0.093765852,1.874237418,2.535602045,0.085158043,5.329204559,-5.089999676,0,0,0,0,0,0,0,0,0,0,0,0,0,0.36,0,0,0,0.16,0,0,0,0,0.26,0.02,0,0,0.12,0,0,0.08
EBM_W25,2025_01_28_11-42-47.jpg,1/28/2025,11:42:47,Elliott Bay Marina,6,EBM_W25_T6,0,STABILIZE,13.6127571,1.072712934,14.59346877,443,6.027777778,47.627204,-122.3914529,47.6272,-122.3914464,-4.186122894,31.27199173,47.62718622,-122.3914445,0.439053619,-4.710000038,-2.667259382,VFR_alt,258.979295,0.034971058,0.765017669,0.422704242,0.042304449,4.943336964,-4.710000038,0,0.12,0,0,0,0,0,0,0,0,0,0,0,0.06,0.04,0,0,0.02,0,0,0,0.1,0.6,0,0,0,0,0,0,0.06
EBM_W25,2025_01_28_11-43-08.jpg,1/28/2025,11:43:08,Elliott Bay Marina,6,EBM_W25_T6,0,STABILIZE,13.62557826,1.614695652,22.00129661,453,6.166666667,47.6271965,-122.3914629,47.6272015,-122.391465,-4.016036034,29.87149811,47.62718775,-122.3914632,1.353717379,-4.130000114,-3.001670398,VFR_alt,273.3356159,0.058719011,2.358749979,4.021499982,0.055291668,4.370287895,-4.130000114,0,0.02,0,0,0,0,0,0,0,0,0,0,0,0.2,0.04,0,0,0.16,0,0,0,0,0.34,0,0,0,0,0,0,0.24
EBM_W25,2025_01_28_11-43-20.jpg,1/28/2025,11:43:20,Elliott Bay Marina,6,EBM_W25_T6,0,STABILIZE,13.59753488,2.530232558,34.40496279,460,6.25,47.6272143,-122.3914808,47.6272037,-122.3914791,-3.765589714,28.81335068,47.62719001,-122.3914772,0.719598273,-3.819999933,-2.057504466,VFR_alt,261.5001503,0.084967552,1.253845475,1.163637315,0.098922546,4.051154137,-3.819999933,0.08,0,0,0,0,0,0,0,0,0,0,0,0,0.04,0.36,0,0,0.08,0.08,0,0,0,0.1,0,0,0.04,0.04,0,0,0.18
EBM_W25,2025_01_28_11-43-29.jpg,1/28/2025,11:43:29,Elliott Bay Marina,6,EBM_W25_T6,0,STABILIZE,13.60389006,1.980887949,26.94770063,465,6.333333333,47.6272063,-122.391495,47.6272049,-122.3914918,-3.643033028,27.86234283,47.62719111,-122.3914899,1.257378436,-4.179999828,-2.955182416,VFR_alt,276.4372196,0.096423798,2.190886669,3.471146279,0.102408543,4.412002087,-4.179999828,0,0,0,0,0,0,0,0,0,0,0,0,0.02,0.18,0.12,0,0,0.06,0.02,0,0,0,0.32,0,0,0,0.1,0,0,0.18
EBM_W25,2025_01_28_11-43-44.jpg,1/28/2025,11:43:44,Elliott Bay Marina,6,EBM_W25_T6,0,STABILIZE,13.62426106,1.821504425,24.81653509,472,6.416666667,47.6272082,-122.3915137,47.6272038,-122.391504,-3.753768921,26.94203949,47.62719011,-122.3915021,1.057345078,-5.170000076,-3.744647853,VFR_alt,274.8699729,0.079982028,1.842343697,2.450507094,0.090480234,5.408502579,-5.170000076,0,0,0,0,0,0,0,0,0,0,0,0,0,0.2,0.02,0,0,0.16,0,0,0,0,0.1,0.04,0,0,0.44,0,0,0.04
EBM_W25,2025_01_28_11-43-56.jpg,1/28/2025,11:43:56,Elliott Bay Marina,6,EBM_W25_T6,0,STABILIZE,13.62183478,1.739695652,23.69720239,478,6.5,47.6272111,-122.3915303,47.6272058,-122.391517,-3.532809258,25.97161484,47.6271921,-122.391515,0.706086939,-5.150000095,-3.372507355,VFR_alt,280.2194864,0.04859061,1.230302999,1.092542702,0.064379894,5.385979176,-5.150000095,0,0.08,0,0,0,0,0,0,0,0,0,0,0,0.18,0.04,0,0,0.08,0,0,0,0,0.54,0,0,0.08,0,0,0,0
EBM_W25,2025_01_28_11-44-11.jpg,1/28/2025,11:44:11,Elliott Bay Marina,6,EBM_W25_T6,0,STABILIZE,13.62661339,1.687429806,22.99405944,487,6.611111111,47.6272108,-122.3915447,47.6272087,-122.3915304,-3.214910507,24.96734238,47.62719496,-122.3915284,0.705097189,-5.389999866,-3.609610342,VFR_alt,260.1799684,0.043950092,1.228578436,1.10180652,0.077290729,5.624700069,-5.389999866,0,0.04,0,0,0,0,0,0,0,0,0,0,0,0.6,0.04,0,0,0.04,0,0,0,0,0.16,0,0,0.06,0.06,0,0,0
EBM_W25,2025_01_28_11-44-23.jpg,1/28/2025,11:44:23,Elliott Bay Marina,6,EBM_W25_T6,0,STABILIZE,13.6149087,1.856086957,25.27037857,494,6.722222222,47.6272101,-122.3915572,47.6272102,-122.3915449,-3.047564507,23.87925339,47.62719647,-122.3915429,0.845434751,-5.130000114,-3.488002444,VFR_alt,263.5523375,0.068362911,1.473106006,1.566309537,0.078420407,5.370887756,-5.130000114,0,0,0,0,0,0,0,0,0,0,0,0,0,0.24,0.2,0,0,0.12,0.16,0,0,0,0.04,0.02,0,0.12,0.08,0,0,0.02
EBM_W25,2025_01_28_11-44-35.jpg,1/28/2025,11:44:35,Elliott Bay Marina,6,EBM_W25_T6,0,STABILIZE,13.61765577,1.78869281,24.35729142,500,6.805555556,47.6271951,-122.391563,47.627209,-122.3915577,-3.180595398,22.9118042,47.62719527,-122.3915558,0.643899757,-4.739999771,-2.894513265,VFR_alt,297.984455,0.063229184,1.121946546,0.928100608,0.067540045,4.981366158,-4.739999771,0,0,0,0,0,0,0,0,0,0,0,0,0.02,0.1,0.04,0,0,0.34,0.02,0,0,0,0.32,0,0,0.04,0.06,0,0,0.06
EBM_W25,2025_01_28_11-44-50.jpg,1/28/2025,11:44:50,Elliott Bay Marina,6,EBM_W25_T6,0,STABILIZE,13.61227056,1.910238095,26.00249221,507,6.888888889,47.6271996,-122.3915802,47.6272086,-122.3915686,-3.218643188,22.10047913,47.62719493,-122.3915666,0.586406918,-4.559999943,-2.65508362,VFR_alt,293.4425425,0.057165272,1.021769629,0.756312191,0.071249607,4.797801495,-4.559999943,0,0.1,0,0,0,0,0,0,0,0,0,0,0,0.54,0,0,0,0.2,0,0,0,0,0.1,0,0,0,0.02,0,0,0.04
EBM_W25,2025_01_28_11-45-02.jpg,1/28/2025,11:45:02,Elliott Bay Marina,6,EBM_W25_T6,0,STABILIZE,13.61410823,1.773116883,24.13940792,514,6.972222222,47.6272157,-122.391596,47.6272119,-122.3915839,-2.855973244,20.9461937,47.62719819,-122.3915819,0.875108218,-4.380000114,-2.763052588,VFR_alt,287.5477528,0.08264939,1.524809773,1.678183721,0.092476641,4.612998009,-4.380000114,0,0.14,0,0,0,0,0,0,0,0,0,0,0,0.3,0.02,0,0,0.02,0.04,0,0,0,0.36,0,0,0.06,0,0,0,0.06
EBM_W25,2025_01_28_11-45-11.jpg,1/28/2025,11:45:11,Elliott Bay Marina,6,EBM_W25_T6,0,STABILIZE,13.59415845,2.519119718,34.24531433,519,7.055555556,47.6272064,-122.3916026,47.6272123,-122.3915951,-2.82224369,20.11098862,47.62719849,-122.391593,0.633943643,-4.289999962,-2.431940847,VFR_alt,288.6445201,0.085006205,1.104598772,1.120163902,0.131959541,4.521665096,-4.289999962,0,0.14,0,0,0,0,0,0,0,0,0,0,0.02,0.3,0.06,0,0,0.1,0.1,0,0,0,0.26,0,0,0,0,0,0,0.02
EBM_W25,2025_01_28_11-45-23.jpg,1/28/2025,11:45:23,Elliott Bay Marina,6,EBM_W25_T6,0,STABILIZE,13.61282505,1.988855292,27.07393369,526,7.138888889,47.6272186,-122.3916187,47.6272132,-122.3916078,-2.70849514,19.15780258,47.62719951,-122.3916057,0.884578825,-4.119999886,-2.513181801,VFR_alt,282.0880322,0.065649105,1.541311588,1.715083165,0.084652905,4.355889797,-4.119999886,0,0,0,0,0,0,0,0,0,0,0,0,0,0.3,0.1,0,0,0.14,0.06,0,0,0,0.34,0,0,0,0,0,0,0.06
EBM_W25,2025_01_28_11-45-35.jpg,1/28/2025,11:45:35,Elliott Bay Marina,6,EBM_W25_T6,0,STABILIZE,13.59561987,2.511814255,34.14963646,533,7.25,47.6272205,-122.391631,47.6272155,-122.3916219,-2.463937759,18.09622192,47.62720171,-122.3916198,0.812937342,-4.119999886,-2.44236723,VFR_alt,282.7071861,0.071923876,1.416481731,1.449363529,0.089909937,4.354174614,-4.119999886,0,0.12,0,0,0,0,0,0,0,0,0,0,0,0.18,0.3,0,0,0.02,0.02,0,0,0,0.26,0.02,0,0,0,0,0,0.08
EBM_W25,2025_01_28_11-45-53.jpg,1/28/2025,11:45:53,Elliott Bay Marina,6,EBM_W25_T6,0,STABILIZE,13.61364286,1.915909091,26.08239383,543,7.361111111,47.6272333,-122.3916407,47.6272195,-122.3916354,-2.013338089,17.0853157,47.62720577,-122.3916333,1.035670962,-3.909999847,-2.45582358,VFR_alt,288.6859397,0.064062033,1.804578191,2.350569783,0.088713688,4.140228748,-3.909999847,0,0.06,0,0,0,0,0,0,0,0,0,0,0.04,0.16,0.12,0,0,0.04,0.06,0,0,0,0.3,0,0,0,0.12,0,0,0.1
EBM_W25,2025_01_28_11-46-08.jpg,1/28/2025,11:46:08,Elliott Bay Marina,6,EBM_W25_T6,0,STABILIZE,13.59986147,2.284761905,31.07234866,552,7.5,47.6272308,-122.3916453,47.6272218,-122.3916481,-1.752449989,16.13148499,47.62720811,-122.391646,0.916168824,-3.980000019,-2.405575056,VFR_alt,289.1872132,0.08980098,1.596354769,1.8397329,0.092331454,4.217813969,-3.980000019,0,0.02,0,0,0,0,0,0,0,0,0,0,0,0.26,0.08,0,0,0.08,0,0,0,0,0.38,0,0,0.04,0.1,0,0,0.04
EBM_W25,2025_01_28_11-46-23.jpg,1/28/2025,11:46:23,Elliott Bay Marina,6,EBM_W25_T6,0,STABILIZE,13.60806987,2.029454148,27.61524747,561,7.611111111,47.6272285,-122.3916545,47.6272245,-122.3916602,-1.447728157,15.2258873,47.62721085,-122.391658,1.044410438,-3.75,-2.301812256,VFR_alt,294.2546002,0.083335653,1.819806066,2.391047547,0.067375662,3.991298437,-3.75,0,0.16,0,0,0,0,0,0,0,0,0,0,0,0.26,0.04,0,0,0,0,0,0,0,0.32,0,0,0.02,0.08,0,0,0.12
EBM_W25,2025_01_28_11-46-35.jpg,1/28/2025,11:46:35,Elliott Bay Marina,6,EBM_W25_T6,0,STABILIZE,13.60009853,2.293249476,31.18915987,568,7.722222222,47.6272473,-122.3916602,47.6272312,-122.3916677,-0.705217361,14.66291809,47.62721753,-122.3916655,0.337861633,-3.49000001,-1.333266319,VFR_alt,291.4985381,0.081762501,0.588698299,0.25115911,0.085974499,3.731924057,-3.49000001,0,0.18,0,0,0,0,0,0,0,0,0,0,0.02,0.12,0.26,0,0,0,0.04,0,0,0,0.3,0,0,0,0,0,0,0.08
EBM_W25,2025_01_28_11-46-50.jpg,1/28/2025,11:46:50,Elliott Bay Marina,6,EBM_W25_T6,0,STABILIZE,13.61353896,1.797012987,24.4635724,576,7.833333333,47.6272542,-122.3916718,47.6272383,-122.3916759,0.080503464,14.05037689,47.6272246,-122.3916737,0.679264051,-3.799999952,-1.982344995,VFR_alt,274.6437795,0.042340733,1.183566149,1.011378978,0.026682603,4.040826797,-3.799999952,0,0.1,0,0,0,0,0,0,0,0,0,0,0,0.4,0.04,0,0,0.04,0.2,0,0,0,0.18,0,0,0,0,0,0,0.04
EBM_W25,2025_01_28_11-47-05.jpg,1/28/2025,11:47:05,Elliott Bay Marina,6,EBM_W25_T6,0,STABILIZE,13.6055255,2.098891353,28.5564592,585,7.944444444,47.627261,-122.3916847,47.6272458,-122.3916884,0.915267944,13.10644913,47.62723211,-122.3916862,1.017960072,-3.669999838,-2.189638914,VFR_alt,281.120922,0.071105419,1.773718307,2.270858074,0.085107956,3.909128666,-3.669999838,0,0.1,0,0,0,0,0,0,0,0,0,0,0.02,0.28,0.14,0,0,0.36,0.02,0,0,0,0.02,0,0,0,0,0,0,0.06
EBM_W25,2025_01_28_11-47-20.jpg,1/28/2025,11:47:20,Elliott Bay Marina,6,EBM_W25_T6,0,STABILIZE,13.6085913,2.015478261,27.42790539,594,8.083333333,47.6272523,-122.3916806,47.6272498,-122.3916988,1.3686409,12.33082199,47.62723619,-122.3916965,0.998260824,-3.809999943,-2.309709691,VFR_alt,278.8733583,0.077478826,1.739393859,2.188486483,0.062568471,4.040373325,-3.809999943,0,0.1,0,0,0,0,0,0,0,0,0,0,0,0.12,0.22,0,0,0.18,0.04,0,0,0,0.24,0,0,0,0,0,0,0.1
EBM_W25,2025_01_28_11-47-36.jpg,1/28/2025,11:47:36,Elliott Bay Marina,6,EBM_W25_T6,0,STABILIZE,13.60917521,2.10215812,28.60870808,603,8.194444444,47.6272635,-122.3917035,47.6272537,-122.3917097,1.80219841,11.50867462,47.62724013,-122.3917072,0.952649537,-4.029999733,-2.484495012,VFR_alt,283.2005997,0.074455966,1.659919647,1.990288883,0.125415344,4.265236378,-4.029999733,0,0,0,0,0,0,0,0,0,0,0,0,0,0.22,0.02,0,0,0.2,0.1,0.02,0,0,0.34,0.08,0,0,0,0,0,0.02
EBM_W25,2025_01_28_11-47-51.jpg,1/28/2025,11:47:51,Elliott Bay Marina,6,EBM_W25_T6,0,STABILIZE,13.60612821,2.174444444,29.5856659,612,8.305555556,47.6272631,-122.3917092,47.6272576,-122.3917216,2.229845047,10.61927414,47.62724397,-122.3917191,1.077179417,-4.25,-2.829317058,VFR_alt,277.8108699,0.088774163,1.876903529,2.543074347,0.080125586,4.482512951,-4.25,0,0,0,0,0,0,0,0,0,0,0,0,0,0.2,0.14,0,0,0.26,0.14,0,0,0,0.26,0,0,0,0,0,0,0
EBM_W25,2025_01_28_11-48-06.jpg,1/28/2025,11:48:06,Elliott Bay Marina,6,EBM_W25_T6,0,STABILIZE,13.60261472,2.216666667,30.15224641,621,8.444444444,47.6272665,-122.3917244,47.6272607,-122.3917362,2.571657181,9.524429321,47.62724705,-122.3917336,0.802034612,-4.529999733,-2.833738149,VFR_alt,285.169699,0.102438179,1.397484552,1.414528378,0.08191854,4.760378838,-4.529999733,0,0.26,0,0,0,0,0,0,0,0,0,0,0,0.12,0.08,0,0,0.22,0.1,0,0,0,0.2,0,0,0,0,0,0,0.02
EBM_W25,2025_01_28_11-48-21.jpg,1/28/2025,11:48:21,Elliott Bay Marina,6,EBM_W25_T6,0,STABILIZE,13.60655085,2.088432203,28.41624903,630,8.555555556,47.6272735,-122.3917421,47.6272653,-122.3917466,3.092927933,8.741973877,47.62725174,-122.3917441,0.729766923,-4.190000057,-2.420144015,VFR_alt,290.4721442,0.069349864,1.271563578,1.195055706,0.054100831,4.434115887,-4.190000057,0,0.2,0,0,0,0,0,0,0,0,0,0,0,0.18,0.08,0,0,0.06,0.06,0,0,0,0.26,0,0,0,0,0,0,0.16
EBM_W25,2025_01_28_11-48-36.jpg,1/28/2025,11:48:36,Elliott Bay Marina,6,EBM_W25_T6,0,STABILIZE,13.60190713,2.190431965,29.79413073,639,8.694444444,47.6272772,-122.3917524,47.6272703,-122.3917596,3.646780014,7.770086288,47.62725672,-122.391757,0.982613351,-4.099999905,-2.581209604,VFR_alt,287.5193099,0.089548142,1.712129324,2.127516616,0.093457163,4.33923769,-4.099999905,0,0.1,0,0,0,0,0,0,0,0,0,0,0,0.08,0.08,0,0,0.04,0.04,0,0,0,0.5,0,0,0.02,0,0,0,0.14
EBM_W25,2025_01_28_11-49-09.jpg,1/28/2025,11:49:09,Elliott Bay Marina,6,EBM_W25_T6,0,STABILIZE,13.60458134,2.197527115,29.89558048,660,8.972222222,47.6272795,-122.3917819,47.6272739,-122.3917833,4.045846939,5.990737915,47.62726031,-122.3917807,1.068915336,-4.099999905,-2.664330082,VFR_alt,295.2743844,0.056999663,1.862503994,2.503802791,0.058707096,4.339439869,-4.099999905,0,0.12,0,0,0,0,0,0,0,0,0,0,0.02,0.02,0.08,0,0,0.02,0.08,0,0,0,0.32,0,0,0.06,0.08,0,0,0.2
