"site","transect","season","depth","photo_name","ochre_mottled_star","other_large_sculpin","kelp_crab","plumose_anemone","clam_siphon","flat_fish","cancer_crab","sharpnose_crab","large_anemone","leather_star","burrowing_sea_cucumber","blood_star","creeping_pedal_sea_cucumber","brown_rockfish","striped_seaperch","painted_greenling","california_sea_cucumber","helmet_crab","pile_perch","green_white_urchin","lingcod","kelp_perch","shiner_perch","gunnel_fish"
"Centennial_Park",1,"summer","deep","2024_10_08_10-07-41.jpg",0,0,0,0,0,0,0,0,0,0,0,0,0,0,0,0,0,0,0,0,0,0,0,0
"Centennial_Park",1,"summer","deep","2024_10_08_10-07-59.jpg",0,0,0,0,0,0,0,0,0,0,0,0,0,0,0,0,0,0,0,0,0,0,0,0
"Centennial_Park",1,"summer","deep","2024_10_08_10-08-11.jpg",1,0,0,0,0,0,0,0,0,0,0,0,0,0,0,0,0,0,0,0,0,0,0,0
"Centennial_Park",1,"summer","deep","2024_10_08_10-08-23.jpg",0,0,0,0,0,0,0,0,0,0,0,0,0,0,0,0,0,0,0,0,0,0,0,0
"Centennial_Park",1,"summer","deep","2024_10_08_10-08-35.jpg",1,0,0,0,0,0,0,0,0,0,0,0,0,0,0,0,0,0,0,0,0,0,0,0
"Centennial_Park",1,"summer","deep","2024_10_08_10-08-53.jpg",0,0,0,0,0,0,0,0,0,0,0,0,0,0,0,0,0,0,0,0,0,0,0,0
"Centennial_Park",1,"summer","deep","2024_10_08_10-09-08.jpg",0,0,0,0,0,0,0,0,0,0,0,0,0,0,0,0,0,0,0,0,0,0,0,0
"Centennial_Park",1,"summer","deep","2024_10_08_10-09-17.jpg",2,0,0,0,0,0,0,0,0,0,0,0,0,0,0,0,0,0,0,0,0,0,0,0
"Centennial_Park",1,"summer","deep","2024_10_08_10-09-26.jpg",0,0,0,0,0,0,0,0,0,0,0,0,0,0,0,0,0,0,0,0,0,0,0,0
"Centennial_Park",1,"summer","deep","2024_10_08_10-09-35.jpg",0,0,0,0,0,0,0,0,0,0,0,0,0,0,0,0,0,0,0,0,0,0,0,0
"Centennial_Park",1,"summer","deep","2024_10_08_10-09-53.jpg",0,1,0,0,0,0,0,0,0,0,0,0,0,0,0,0,0,0,0,0,0,0,0,0
"Centennial_Park",1,"summer","deep","2024_10_08_10-10-08.jpg",0,0,0,0,0,0,0,0,0,0,0,0,0,0,0,0,0,0,0,0,0,0,0,0
"Centennial_Park",1,"summer","deep","2024_10_08_10-10-23.jpg",0,1,0,0,0,0,0,0,0,0,0,0,0,0,0,0,0,0,0,0,0,0,0,0
"Centennial_Park",1,"summer","deep","2024_10_08_10-10-38.jpg",0,0,0,0,0,0,0,0,0,0,0,0,0,0,0,0,0,0,0,0,0,0,0,0
"Centennial_Park",1,"summer","deep","2024_10_08_10-10-56.jpg",0,0,0,0,0,0,0,0,0,0,0,0,0,0,0,0,0,0,0,0,0,0,0,0
"Centennial_Park",1,"summer","deep","2024_10_08_10-11-20.jpg",0,0,0,0,0,0,0,0,0,0,0,0,0,0,0,0,0,0,0,0,0,0,0,0
"Centennial_Park",1,"summer","deep","2024_10_08_10-11-38.jpg",0,0,0,0,0,0,0,0,0,0,0,0,0,0,0,0,0,0,0,0,0,0,0,0
"Centennial_Park",1,"summer","deep","2024_10_08_10-11-53.jpg",1,0,0,0,0,0,0,0,0,0,0,0,0,0,0,0,0,0,0,0,0,0,0,0
"Centennial_Park",1,"summer","deep","2024_10_08_10-12-02.jpg",1,0,0,0,0,0,0,0,0,0,0,0,0,0,0,0,0,0,0,0,0,0,0,0
"Centennial_Park",1,"summer","deep","2024_10_08_10-12-11.jpg",2,0,0,0,0,0,0,0,0,0,0,0,0,0,0,0,0,0,0,0,0,0,0,0
"Centennial_Park",1,"summer","deep","2024_10_08_10-12-20.jpg",2,0,0,0,0,0,0,0,0,0,0,0,0,0,0,0,0,0,0,0,0,0,0,0
"Centennial_Park",1,"summer","deep","2024_10_08_10-12-32.jpg",0,0,0,0,0,0,0,0,0,0,0,0,0,0,0,0,0,0,0,0,0,0,0,0
"Centennial_Park",1,"summer","deep","2024_10_08_10-12-38.jpg",0,0,0,0,0,0,0,0,0,0,0,0,0,0,0,0,0,0,0,0,0,0,0,0
"Centennial_Park",1,"summer","deep","2024_10_08_10-12-44.jpg",0,0,0,0,0,0,0,0,0,0,0,0,0,0,0,0,0,0,0,0,0,0,0,0
"Centennial_Park",1,"summer","deep","2024_10_08_10-12-50.jpg",0,0,0,0,0,0,0,0,0,0,0,0,0,0,0,0,0,0,0,0,0,0,0,0
"Centennial_Park",1,"summer","deep","2024_10_08_10-12-56.jpg",0,0,1,0,0,0,0,0,0,0,0,0,0,0,0,0,0,0,0,0,0,0,0,0
"Centennial_Park",1,"summer","deep","2024_10_08_10-13-02.jpg",0,0,0,0,0,0,0,0,0,0,0,0,0,0,0,0,0,0,0,0,0,0,0,0
"Centennial_Park",1,"summer","deep","2024_10_08_10-13-08.jpg",1,0,0,0,0,0,0,0,0,0,0,0,0,0,0,0,0,0,0,0,0,0,0,0
"Centennial_Park",1,"summer","deep","2024_10_08_10-13-17.jpg",0,0,0,1,0,0,0,0,0,0,0,0,0,0,0,0,0,0,0,0,0,0,0,0
"Centennial_Park",1,"summer","deep","2024_10_08_10-13-26.jpg",0,0,0,0,0,0,0,0,0,0,0,0,0,0,0,0,0,0,0,0,0,0,0,0
"Centennial_Park",1,"summer","deep","2024_10_08_10-13-44.jpg",3,0,0,0,0,0,0,0,0,0,0,0,0,0,0,0,0,0,0,0,0,0,0,0
"Centennial_Park",1,"summer","deep","2024_10_08_10-35-52.jpg",0,0,0,0,0,0,0,0,0,0,0,0,0,0,0,0,0,0,0,0,0,0,0,0
"Centennial_Park",1,"summer","deep","2024_10_08_10-36-01.jpg",0,0,0,0,0,0,0,0,0,0,0,0,0,0,0,0,0,0,0,0,0,0,0,0
"Centennial_Park",1,"summer","deep","2024_10_08_10-36-07.jpg",0,0,0,0,0,0,0,0,0,0,0,0,0,0,0,0,0,0,0,0,0,0,0,0
"Centennial_Park",1,"summer","deep","2024_10_08_10-36-16.jpg",0,0,0,0,0,0,0,0,0,0,0,0,0,0,0,0,0,0,0,0,0,0,0,0
"Centennial_Park",1,"summer","deep","2024_10_08_10-36-22.jpg",0,0,0,0,0,0,0,0,0,0,0,0,0,0,0,0,0,0,0,0,0,0,0,0
"Centennial_Park",1,"summer","deep","2024_10_08_10-36-25.jpg",0,0,0,0,0,0,0,0,0,0,0,0,0,0,0,0,0,0,0,0,0,0,0,0
"Centennial_Park",1,"summer","deep","2024_10_08_10-36-34.jpg",0,0,0,0,0,0,0,1,0,0,0,0,0,0,0,0,0,0,0,0,0,0,0,0
"Centennial_Park",1,"summer","deep","2024_10_08_10-36-40.jpg",0,0,0,0,0,0,0,0,0,0,0,0,0,0,0,0,0,0,0,0,0,0,0,0
"Centennial_Park",1,"summer","deep","2024_10_08_10-36-49.jpg",0,1,0,0,0,0,0,0,0,0,0,0,0,0,0,0,0,0,0,0,0,0,0,0
"Centennial_Park",1,"summer","deep","2024_10_08_10-36-55.jpg",1,0,0,0,0,0,0,0,0,0,0,0,0,0,0,0,0,0,0,0,0,0,0,0
"Centennial_Park",1,"summer","deep","2024_10_08_10-37-04.jpg",0,0,0,0,0,0,0,0,0,0,0,0,0,0,0,0,0,0,0,0,0,0,0,0
"Centennial_Park",1,"summer","deep","2024_10_08_10-37-10.jpg",1,0,0,0,0,0,0,0,0,0,0,0,0,0,0,0,0,0,0,0,0,0,0,0
"Centennial_Park",1,"summer","deep","2024_10_08_10-37-19.jpg",0,0,0,0,0,0,1,0,0,0,0,0,0,0,0,0,0,0,0,0,0,0,0,0
"Centennial_Park",1,"summer","deep","2024_10_08_10-37-28.jpg",0,0,0,0,0,0,0,0,0,0,0,0,0,0,0,0,0,0,0,0,0,0,0,0
"Centennial_Park",1,"summer","deep","2024_10_08_10-37-37.jpg",0,0,0,0,0,0,0,0,0,0,0,0,0,0,0,0,0,0,0,0,0,0,0,0
"Centennial_Park",1,"summer","deep","2024_10_08_10-37-46.jpg",0,0,0,0,0,0,0,0,0,0,0,0,0,0,0,0,0,0,0,0,0,0,0,0
"Centennial_Park",1,"summer","deep","2024_10_08_10-37-55.jpg",0,0,0,0,0,0,0,0,0,0,0,0,0,0,0,0,0,0,0,0,0,0,0,0
"Centennial_Park",1,"summer","deep","2024_10_08_10-38-04.jpg",0,0,0,0,0,1,0,0,0,0,0,0,0,0,0,0,0,0,0,0,0,0,0,0
"Centennial_Park",1,"summer","deep","2024_10_08_10-38-13.jpg",1,0,0,0,0,0,0,0,0,0,0,0,0,0,0,0,0,0,0,0,0,0,0,0
"Centennial_Park",1,"summer","deep","2024_10_08_10-38-22.jpg",0,0,0,0,0,0,0,0,0,0,0,0,0,0,0,0,0,0,0,0,0,0,0,0
"Centennial_Park",1,"summer","deep","2024_10_08_10-38-31.jpg",1,0,0,0,0,0,0,0,0,0,0,0,0,0,0,0,0,0,0,0,0,0,0,0
"Centennial_Park",1,"summer","deep","2024_10_08_10-38-40.jpg",0,0,0,0,0,0,0,0,0,0,0,0,0,0,0,0,0,0,0,0,0,0,0,0
"Centennial_Park",1,"summer","deep","2024_10_08_10-38-55.jpg",0,0,0,0,0,0,0,0,0,0,0,0,0,0,0,0,0,0,0,0,0,0,0,0
"Centennial_Park",1,"summer","deep","2024_10_08_10-39-04.jpg",1,0,0,0,0,0,0,0,0,0,0,0,0,0,0,0,0,0,0,0,0,0,0,0
"Centennial_Park",1,"summer","deep","2024_10_08_10-39-13.jpg",1,0,0,0,0,0,0,0,0,0,0,0,0,0,0,0,0,0,0,0,0,0,0,0
"Centennial_Park",1,"summer","deep","2024_10_08_10-39-22.jpg",0,0,0,0,0,0,0,0,0,0,0,0,0,0,0,0,0,0,0,0,0,0,0,0
"Centennial_Park",1,"summer","deep","2024_10_08_10-39-31.jpg",0,0,0,0,0,0,0,0,0,0,0,0,0,0,0,0,0,0,0,0,0,0,0,0
"Centennial_Park",1,"summer","deep","2024_10_08_10-39-40.jpg",0,0,0,0,0,0,0,0,0,0,0,0,0,0,0,0,0,0,0,0,0,0,0,0
"Centennial_Park",1,"summer","deep","2024_10_08_10-39-46.jpg",0,1,0,0,0,0,0,0,0,0,0,0,0,0,0,0,0,0,0,0,0,0,0,0
"Centennial_Park",1,"summer","deep","2024_10_08_10-39-52.jpg",0,0,0,0,0,1,0,0,0,0,0,0,0,0,0,0,0,0,0,0,0,0,0,0
"Centennial_Park",1,"summer","deep","2024_10_08_10-39-58.jpg",0,0,0,0,0,0,0,0,0,0,0,0,0,0,0,0,0,0,0,0,0,0,0,0
"Centennial_Park",2,"summer","deep","2024_10_08_10-14-38.jpg",0,0,0,0,0,0,0,0,0,0,0,0,0,0,0,0,0,0,0,0,0,0,0,0
"Centennial_Park",2,"summer","deep","2024_10_08_10-14-53.jpg",0,0,0,0,0,0,0,0,0,0,0,0,0,0,0,0,0,0,0,0,0,0,0,0
"Centennial_Park",2,"summer","deep","2024_10_08_10-15-05.jpg",1,0,0,0,0,0,0,0,0,0,0,0,0,0,0,0,0,0,0,0,0,0,0,0
"Centennial_Park",2,"summer","deep","2024_10_08_10-15-17.jpg",0,0,0,0,0,0,0,0,0,0,0,0,0,0,0,0,0,0,0,0,0,0,0,0
"Centennial_Park",2,"summer","deep","2024_10_08_10-15-29.jpg",1,0,0,0,0,0,0,0,0,0,0,0,0,0,0,0,0,0,0,0,0,0,0,0
"Centennial_Park",2,"summer","deep","2024_10_08_10-15-41.jpg",0,0,0,0,0,0,0,0,0,0,0,0,0,0,0,0,0,0,0,0,0,0,0,0
"Centennial_Park",2,"summer","deep","2024_10_08_10-15-56.jpg",0,0,0,0,0,0,0,0,0,0,0,0,0,0,0,0,0,0,0,0,0,0,0,0
"Centennial_Park",2,"summer","deep","2024_10_08_10-16-17.jpg",1,0,0,0,0,0,0,0,0,0,0,0,0,0,0,0,0,0,0,0,0,0,0,0
"Centennial_Park",2,"summer","deep","2024_10_08_10-16-29.jpg",0,1,0,0,0,0,0,0,0,0,0,0,0,0,0,0,0,0,0,0,0,0,0,0
"Centennial_Park",2,"summer","deep","2024_10_08_10-16-38.jpg",1,0,0,0,0,0,0,0,0,0,0,0,0,0,0,0,0,0,0,0,0,0,0,0
"Centennial_Park",2,"summer","deep","2024_10_08_10-16-47.jpg",1,0,0,0,0,0,0,0,0,0,0,0,0,0,0,0,0,0,0,0,0,0,0,0
"Centennial_Park",2,"summer","deep","2024_10_08_10-16-56.jpg",2,0,0,0,0,0,0,0,0,0,0,0,0,0,0,0,0,0,0,0,0,0,0,0
"Centennial_Park",2,"summer","deep","2024_10_08_10-17-08.jpg",1,0,0,0,0,0,0,0,0,0,0,0,0,0,0,0,0,0,0,0,0,0,0,0
"Centennial_Park",2,"summer","deep","2024_10_08_10-17-18.jpg",1,0,0,0,0,0,0,0,0,0,0,0,0,0,0,0,0,0,0,0,0,0,0,0
"Centennial_Park",2,"summer","deep","2024_10_08_10-17-27.jpg",0,0,0,0,0,0,0,0,0,0,0,0,0,0,0,0,0,0,0,0,0,0,0,0
"Centennial_Park",2,"summer","deep","2024_10_08_10-17-39.jpg",0,0,0,0,0,0,0,0,0,0,0,0,0,0,0,0,0,0,0,0,0,0,0,0
"Centennial_Park",2,"summer","deep","2024_10_08_10-17-51.jpg",0,0,0,0,0,0,0,0,0,0,0,0,0,0,0,0,0,0,0,0,0,0,0,0
"Centennial_Park",2,"summer","deep","2024_10_08_10-17-57.jpg",0,0,0,0,0,0,0,0,0,0,0,0,0,0,0,0,0,0,0,0,0,0,0,0
"Centennial_Park",2,"summer","deep","2024_10_08_10-18-06.jpg",0,0,0,0,0,0,0,0,0,0,0,0,0,0,0,0,0,0,0,0,0,0,0,0
"Centennial_Park",2,"summer","deep","2024_10_08_10-18-15.jpg",0,0,0,0,0,0,0,0,0,0,0,0,0,0,0,0,0,0,0,0,0,0,0,0
"Centennial_Park",2,"summer","deep","2024_10_08_10-18-24.jpg",0,0,0,0,0,0,0,0,0,0,0,0,0,0,0,0,0,0,0,0,0,0,0,0
"Centennial_Park",2,"summer","deep","2024_10_08_10-18-33.jpg",0,0,0,0,0,0,0,0,0,0,0,0,0,0,0,0,0,0,0,0,0,0,0,0
"Centennial_Park",2,"summer","deep","2024_10_08_10-18-42.jpg",0,0,0,0,0,0,0,0,0,0,0,0,0,0,0,0,0,0,0,0,0,0,0,0
"Centennial_Park",2,"summer","deep","2024_10_08_10-18-51.jpg",0,0,0,0,0,0,0,0,0,0,0,0,0,0,0,0,0,0,0,0,0,0,0,0
"Centennial_Park",2,"summer","deep","2024_10_08_10-18-57.jpg",0,0,0,0,0,0,0,0,0,0,0,0,0,0,0,0,0,0,0,0,0,0,0,0
"Centennial_Park",2,"summer","deep","2024_10_08_10-19-06.jpg",0,0,0,0,0,0,0,0,0,0,0,0,0,0,0,0,0,0,0,0,0,0,0,0
"Centennial_Park",2,"summer","deep","2024_10_08_10-19-24.jpg",0,0,0,0,1,1,0,0,0,0,0,0,0,0,0,0,0,0,0,0,0,0,0,0
"Centennial_Park",2,"summer","deep","2024_10_08_10-19-36.jpg",0,0,0,0,0,1,0,0,0,0,0,0,0,0,0,0,0,0,0,0,0,0,0,0
"Centennial_Park",2,"summer","deep","2024_10_08_10-19-42.jpg",1,0,0,0,0,1,0,0,0,0,0,0,0,0,0,0,0,0,0,0,0,0,0,0
"Centennial_Park",2,"summer","deep","2024_10_08_10-19-57.jpg",0,0,0,0,0,0,0,0,0,0,0,0,0,0,0,0,0,0,0,0,0,0,0,0
"Centennial_Park",2,"summer","deep","2024_10_08_10-20-09.jpg",0,0,0,0,0,0,0,0,0,0,0,0,0,0,0,0,0,0,0,0,0,0,0,0
"Centennial_Park",2,"summer","deep","2024_10_08_10-20-27.jpg",0,0,0,0,0,0,0,0,0,0,0,0,0,0,0,0,0,0,0,0,0,0,0,0
"Centennial_Park",2,"summer","deep","2024_10_08_10-30-24.jpg",1,0,0,0,0,0,0,0,0,0,0,0,0,0,0,0,0,0,0,0,0,0,0,0
"Centennial_Park",2,"summer","deep","2024_10_08_10-30-39.jpg",0,0,0,0,0,0,0,0,0,0,0,0,0,0,0,0,0,0,0,0,0,0,0,0
"Centennial_Park",2,"summer","deep","2024_10_08_10-30-45.jpg",1,0,0,0,0,0,0,0,0,0,0,0,0,0,0,0,0,0,0,0,0,0,0,0
"Centennial_Park",2,"summer","deep","2024_10_08_10-30-57.jpg",0,0,0,0,0,0,0,0,0,0,0,0,0,0,0,0,0,0,0,0,0,0,0,0
"Centennial_Park",2,"summer","deep","2024_10_08_10-31-09.jpg",0,0,0,0,0,0,0,0,0,0,0,0,0,0,0,0,0,0,0,0,0,0,0,0
"Centennial_Park",2,"summer","deep","2024_10_08_10-31-18.jpg",0,0,0,0,0,0,0,0,0,0,0,0,0,0,0,0,0,0,0,0,0,0,0,0
"Centennial_Park",2,"summer","deep","2024_10_08_10-31-24.jpg",1,0,0,0,0,0,0,0,0,0,0,0,0,0,0,0,0,0,0,0,0,0,0,0
"Centennial_Park",2,"summer","deep","2024_10_08_10-31-33.jpg",1,0,0,0,0,0,1,0,0,0,0,0,0,0,0,0,0,0,0,0,0,0,0,0
"Centennial_Park",2,"summer","deep","2024_10_08_10-31-39.jpg",0,0,0,0,0,0,0,0,0,0,0,0,0,0,0,0,0,0,0,0,0,0,0,0
"Centennial_Park",2,"summer","deep","2024_10_08_10-31-48.jpg",0,0,0,0,0,0,0,0,0,0,0,0,0,0,0,0,0,0,0,0,0,0,0,0
"Centennial_Park",2,"summer","deep","2024_10_08_10-31-57.jpg",0,0,0,0,0,0,0,0,0,0,0,0,0,0,0,0,0,0,0,0,0,0,0,0
"Centennial_Park",2,"summer","deep","2024_10_08_10-32-06.jpg",0,0,0,0,0,0,1,0,0,0,0,0,0,0,0,0,0,0,0,0,0,0,0,0
"Centennial_Park",2,"summer","deep","2024_10_08_10-32-15.jpg",0,0,0,0,0,0,0,0,0,0,0,0,0,0,0,0,0,0,0,0,0,0,0,0
"Centennial_Park",2,"summer","deep","2024_10_08_10-32-24.jpg",0,0,0,0,0,0,0,0,0,0,0,0,0,0,0,0,0,0,0,0,0,0,0,0
"Centennial_Park",2,"summer","deep","2024_10_08_10-32-33.jpg",0,0,0,0,0,0,1,0,0,0,0,0,0,0,0,0,0,0,0,0,0,0,0,0
"Centennial_Park",2,"summer","deep","2024_10_08_10-32-45.jpg",0,0,0,0,0,0,0,0,0,0,0,0,0,0,0,0,0,0,0,0,0,0,0,0
"Centennial_Park",2,"summer","deep","2024_10_08_10-32-54.jpg",0,0,0,0,0,0,0,0,0,0,0,0,0,0,0,0,0,0,0,0,0,0,0,0
"Centennial_Park",2,"summer","deep","2024_10_08_10-33-03.jpg",0,0,0,0,0,0,0,0,0,0,0,0,0,0,0,0,0,0,0,0,0,0,0,0
"Centennial_Park",2,"summer","deep","2024_10_08_10-33-15.jpg",0,0,0,0,0,0,0,0,0,0,0,0,0,0,0,0,0,0,0,0,0,0,0,0
"Centennial_Park",2,"summer","deep","2024_10_08_10-33-27.jpg",0,0,0,0,0,0,0,0,0,0,0,0,0,0,0,0,0,0,0,0,0,0,0,0
"Centennial_Park",2,"summer","deep","2024_10_08_10-33-33.jpg",0,0,0,0,0,0,0,0,0,0,0,0,0,0,0,0,0,0,0,0,0,0,0,0
"Centennial_Park",2,"summer","deep","2024_10_08_10-33-42.jpg",0,0,0,0,0,0,0,0,0,0,0,0,0,0,0,0,0,0,0,0,0,0,0,0
"Centennial_Park",2,"summer","deep","2024_10_08_10-33-51.jpg",0,0,0,0,0,0,0,0,0,0,0,0,0,0,0,0,0,0,0,0,0,0,0,0
"Centennial_Park",2,"summer","deep","2024_10_08_10-34-01.jpg",0,0,0,0,0,0,0,0,0,0,0,0,0,0,0,0,0,0,0,0,0,0,0,0
"Centennial_Park",2,"summer","deep","2024_10_08_10-34-07.jpg",0,0,0,0,0,0,0,0,0,0,0,0,0,0,0,0,0,0,0,0,0,0,0,0
"Centennial_Park",2,"summer","deep","2024_10_08_10-34-13.jpg",0,0,0,0,0,0,0,0,0,0,0,0,0,0,0,0,0,0,0,0,0,0,0,0
"Centennial_Park",2,"summer","deep","2024_10_08_10-34-19.jpg",1,0,0,0,0,0,0,0,0,0,0,0,0,0,0,0,0,0,0,0,0,0,0,0
"Centennial_Park",2,"summer","deep","2024_10_08_10-34-28.jpg",0,0,0,0,0,0,0,0,0,0,0,0,0,0,0,0,0,0,0,0,0,0,0,0
"Centennial_Park",2,"summer","deep","2024_10_08_10-34-34.jpg",0,0,0,0,0,0,0,0,0,0,0,0,0,0,0,0,0,0,0,0,0,0,0,0
"Centennial_Park",2,"summer","deep","2024_10_08_10-34-43.jpg",0,0,0,0,0,0,0,0,0,0,0,0,0,0,0,0,0,0,0,0,0,0,0,0
"Centennial_Park",2,"summer","deep","2024_10_08_10-34-52.jpg",0,0,0,0,0,0,0,0,0,0,0,0,0,0,0,0,0,0,0,0,0,0,0,0
"Centennial_Park",2,"summer","deep","2024_10_08_10-35-01.jpg",1,0,0,0,0,0,0,0,0,0,0,0,0,0,0,0,0,0,0,0,0,0,0,0
"Centennial_Park",3,"summer","deep","2024_10_08_10-21-48.jpg",0,0,0,0,0,0,0,0,0,0,0,0,0,0,0,0,0,0,0,0,0,0,0,0
"Centennial_Park",3,"summer","deep","2024_10_08_10-21-57.jpg",0,0,0,0,0,0,0,0,0,0,0,0,0,0,0,0,0,0,0,0,0,0,0,0
"Centennial_Park",3,"summer","deep","2024_10_08_10-22-03.jpg",1,0,0,0,0,0,0,0,0,0,0,0,0,0,0,0,0,0,0,0,0,0,0,0
"Centennial_Park",3,"summer","deep","2024_10_08_10-22-09.jpg",1,0,0,0,0,0,0,0,0,0,0,0,0,0,0,0,0,0,0,0,0,0,0,0
"Centennial_Park",3,"summer","deep","2024_10_08_10-22-18.jpg",1,0,0,0,0,0,0,0,0,0,0,0,0,0,0,0,0,0,0,0,0,0,0,0
"Centennial_Park",3,"summer","deep","2024_10_08_10-22-33.jpg",0,0,0,0,0,0,0,0,0,0,0,0,0,0,0,0,0,0,0,0,0,0,0,0
"Centennial_Park",3,"summer","deep","2024_10_08_10-22-42.jpg",1,0,0,0,0,0,0,0,0,0,0,0,0,0,0,0,0,0,0,0,0,0,0,0
"Centennial_Park",3,"summer","deep","2024_10_08_10-22-51.jpg",3,0,0,0,0,0,0,0,0,0,0,0,0,0,0,0,0,0,0,0,0,0,0,0
"Centennial_Park",3,"summer","deep","2024_10_08_10-23-00.jpg",1,0,0,0,0,0,0,0,0,0,0,0,0,0,0,0,0,0,0,0,0,0,0,0
"Centennial_Park",3,"summer","deep","2024_10_08_10-23-06.jpg",1,0,0,0,0,0,0,0,0,0,0,0,0,0,0,0,0,0,0,0,0,0,0,0
"Centennial_Park",3,"summer","deep","2024_10_08_10-23-15.jpg",3,0,0,0,0,0,0,0,0,0,0,0,0,0,0,0,0,0,0,0,0,0,0,0
"Centennial_Park",3,"summer","deep","2024_10_08_10-23-24.jpg",1,0,0,0,0,0,0,0,0,0,0,0,0,0,0,0,0,0,0,0,0,0,0,0
"Centennial_Park",3,"summer","deep","2024_10_08_10-23-30.jpg",2,0,0,0,0,0,0,0,0,0,0,0,0,0,0,0,0,0,0,0,0,0,0,0
"Centennial_Park",3,"summer","deep","2024_10_08_10-23-36.jpg",0,0,0,0,0,0,0,0,0,0,0,0,0,0,0,0,0,0,0,0,0,0,0,0
"Centennial_Park",3,"summer","deep","2024_10_08_10-23-42.jpg",0,0,0,0,0,0,0,0,0,0,0,0,0,0,0,0,0,0,0,0,0,0,0,0
"Centennial_Park",3,"summer","deep","2024_10_08_10-23-48.jpg",1,0,0,0,0,0,0,0,0,0,0,0,0,0,0,0,0,0,0,0,0,0,0,0
"Centennial_Park",3,"summer","deep","2024_10_08_10-23-57.jpg",0,0,0,0,0,0,0,0,0,0,0,0,0,0,0,0,0,0,0,0,0,0,0,0
"Centennial_Park",3,"summer","deep","2024_10_08_10-24-06.jpg",0,0,0,0,0,0,0,0,0,0,0,0,0,0,0,0,0,0,0,0,0,0,0,0
"Centennial_Park",3,"summer","deep","2024_10_08_10-24-12.jpg",1,0,0,0,0,0,0,0,0,0,0,0,0,0,0,0,0,0,0,0,0,0,0,0
"Centennial_Park",3,"summer","deep","2024_10_08_10-24-21.jpg",1,0,0,0,0,0,1,0,0,0,0,0,0,0,0,0,0,0,0,0,0,0,0,0
"Centennial_Park",3,"summer","deep","2024_10_08_10-24-27.jpg",1,0,0,0,0,0,0,0,0,0,0,0,0,0,0,0,0,0,0,0,0,0,0,0
"Centennial_Park",3,"summer","deep","2024_10_08_10-24-36.jpg",0,0,0,0,0,0,0,0,0,0,0,0,0,0,0,0,0,0,0,0,0,0,0,0
"Centennial_Park",3,"summer","deep","2024_10_08_10-24-42.jpg",1,0,0,0,0,0,0,0,0,0,0,0,0,0,0,0,0,0,0,0,0,0,0,0
"Centennial_Park",3,"summer","deep","2024_10_08_10-24-51.jpg",0,0,0,0,0,0,0,0,0,0,0,0,0,0,0,0,0,0,0,0,0,0,0,0
"Centennial_Park",3,"summer","deep","2024_10_08_10-24-57.jpg",1,0,0,0,0,0,0,0,0,0,0,0,0,0,0,0,0,0,0,0,0,0,0,0
"Centennial_Park",3,"summer","deep","2024_10_08_10-25-06.jpg",3,0,0,0,0,0,0,0,0,0,0,0,0,0,0,0,0,0,0,0,0,0,0,0
"Centennial_Park",3,"summer","deep","2024_10_08_10-25-12.jpg",0,0,0,0,0,0,0,0,0,0,0,0,0,0,0,0,0,0,0,0,0,0,0,0
"Centennial_Park",3,"summer","deep","2024_10_08_10-25-18.jpg",0,0,0,0,0,0,0,0,0,0,0,0,0,0,0,0,0,0,0,0,0,0,0,0
"Centennial_Park",3,"summer","deep","2024_10_08_10-25-24.jpg",0,0,0,0,0,0,0,0,0,0,0,0,0,0,0,0,0,0,0,0,0,0,0,0
"Centennial_Park",3,"summer","deep","2024_10_08_10-25-33.jpg",0,0,0,0,0,0,0,0,0,0,0,0,0,0,0,0,0,0,0,0,0,0,0,0
"Centennial_Park",3,"summer","deep","2024_10_08_10-25-39.jpg",0,0,0,0,0,0,0,0,0,0,0,0,0,0,0,0,0,0,0,0,0,0,0,0
"Centennial_Park",3,"summer","deep","2024_10_08_10-25-45.jpg",0,0,0,0,0,0,0,0,0,0,0,0,0,0,0,0,0,0,0,0,0,0,0,0
"Centennial_Park",3,"summer","deep","2024_10_08_10-25-51.jpg",0,0,0,0,0,0,0,0,0,0,0,0,0,0,0,0,0,0,0,0,0,0,0,0
"Centennial_Park",3,"summer","deep","2024_10_08_10-25-54.jpg",1,0,0,0,0,0,0,0,0,0,0,0,0,0,0,0,0,0,0,0,0,0,0,0
"Centennial_Park",3,"summer","deep","2024_10_08_10-26-00.jpg",0,0,0,0,0,0,0,0,0,0,0,0,0,0,0,0,0,0,0,0,0,0,0,0
"Centennial_Park",3,"summer","deep","2024_10_08_10-26-51.jpg",1,0,0,0,0,0,0,0,0,0,0,0,0,0,0,0,0,0,0,0,0,0,0,0
"Centennial_Park",3,"summer","deep","2024_10_08_10-27-03.jpg",0,0,0,0,0,0,0,0,0,0,0,0,0,0,0,0,0,0,0,0,0,0,0,0
"Centennial_Park",3,"summer","deep","2024_10_08_10-27-12.jpg",1,0,0,0,0,0,0,0,0,0,0,0,0,0,0,0,0,0,0,0,0,0,0,0
"Centennial_Park",3,"summer","deep","2024_10_08_10-27-21.jpg",0,0,0,0,0,0,0,0,0,0,0,0,0,0,0,0,0,0,0,0,0,0,0,0
"Centennial_Park",3,"summer","deep","2024_10_08_10-27-33.jpg",2,0,0,0,0,0,0,0,0,0,0,0,0,0,0,0,0,0,0,0,0,0,0,0
"Centennial_Park",3,"summer","deep","2024_10_08_10-27-42.jpg",1,0,0,0,0,0,0,0,0,0,0,0,0,0,0,0,0,0,0,0,0,0,0,0
"Centennial_Park",3,"summer","deep","2024_10_08_10-27-51.jpg",0,0,0,0,0,0,0,0,0,0,0,0,0,0,0,0,0,0,0,0,0,0,0,0
"Centennial_Park",3,"summer","deep","2024_10_08_10-28-00.jpg",1,0,0,0,0,0,0,0,0,0,0,0,0,0,0,0,0,0,0,0,0,0,0,0
"Centennial_Park",3,"summer","deep","2024_10_08_10-28-06.jpg",0,0,0,0,0,0,0,0,0,0,0,0,0,0,0,0,0,0,0,0,0,0,0,0
"Centennial_Park",3,"summer","deep","2024_10_08_10-28-12.jpg",0,0,0,0,0,0,0,0,0,0,0,0,0,0,0,0,0,0,0,0,0,0,0,0
"Centennial_Park",3,"summer","deep","2024_10_08_10-28-18.jpg",0,0,0,0,0,0,0,0,0,0,0,0,0,0,0,0,0,0,0,0,0,0,0,0
"Centennial_Park",3,"summer","deep","2024_10_08_10-28-24.jpg",1,0,0,0,0,0,0,0,0,0,0,0,0,0,0,0,0,0,0,0,0,0,0,0
"Centennial_Park",3,"summer","deep","2024_10_08_10-28-30.jpg",0,0,0,0,0,0,0,0,0,0,0,0,0,0,0,0,0,0,0,0,0,0,0,0
"Centennial_Park",3,"summer","deep","2024_10_08_10-28-39.jpg",1,0,0,0,0,0,0,0,0,0,0,0,0,0,0,0,0,0,0,0,0,0,0,0
"Centennial_Park",3,"summer","deep","2024_10_08_10-28-48.jpg",0,0,0,0,0,0,1,0,0,0,0,0,0,0,0,0,0,0,0,0,0,0,0,0
"Centennial_Park",3,"summer","deep","2024_10_08_10-28-54.jpg",0,0,0,0,0,0,1,0,0,0,0,0,0,0,0,0,0,0,0,0,0,0,0,0
"Centennial_Park",3,"summer","deep","2024_10_08_10-29-00.jpg",0,0,0,0,0,0,0,0,0,0,0,0,0,0,0,0,0,0,0,0,0,0,0,0
"Centennial_Park",3,"summer","deep","2024_10_08_10-29-09.jpg",0,0,0,0,0,0,0,0,0,0,0,0,0,0,0,0,0,0,0,0,0,0,0,0
"Centennial_Park",3,"summer","deep","2024_10_08_10-29-15.jpg",0,0,0,0,0,0,0,0,0,0,0,0,0,0,0,0,0,0,0,0,0,0,0,0
"Centennial_Park",3,"summer","deep","2024_10_08_10-29-27.jpg",1,0,0,0,0,0,0,0,0,0,0,0,0,0,0,0,0,0,0,0,0,0,0,0
"Centennial_Park",3,"summer","deep","2024_10_08_10-29-33.jpg",0,0,0,0,0,0,0,0,0,0,0,0,0,0,0,0,0,0,0,0,0,0,0,0
"Centennial_Park",4,"summer","shallow","2024_10_08_11-32-32.jpg",1,0,0,0,0,0,0,0,0,0,0,0,0,0,0,0,0,0,0,0,0,0,0,0
"Centennial_Park",4,"summer","shallow","2024_10_08_11-32-53.jpg",0,0,0,0,0,0,1,0,0,0,0,0,0,0,0,0,0,0,0,0,0,0,0,0
"Centennial_Park",4,"summer","shallow","2024_10_08_11-33-05.jpg",0,0,0,0,0,0,0,0,0,0,0,0,0,0,0,0,0,0,0,0,0,0,0,0
"Centennial_Park",4,"summer","shallow","2024_10_08_11-33-14.jpg",0,0,0,0,0,0,0,0,0,0,0,0,0,0,0,0,0,0,0,0,0,0,0,0
"Centennial_Park",4,"summer","shallow","2024_10_08_11-33-26.jpg",1,0,0,0,0,0,0,0,0,0,0,0,0,0,0,0,0,0,0,0,0,0,0,0
"Centennial_Park",4,"summer","shallow","2024_10_08_11-33-41.jpg",1,0,0,0,0,0,0,0,0,0,0,0,0,0,0,0,0,0,0,0,0,0,0,0
"Centennial_Park",4,"summer","shallow","2024_10_08_11-33-53.jpg",0,0,0,0,0,0,0,0,0,0,0,0,0,0,0,0,0,0,0,0,0,0,0,0
"Centennial_Park",4,"summer","shallow","2024_10_08_11-34-08.jpg",1,0,0,0,0,0,0,0,0,0,0,0,0,0,0,0,0,0,0,0,0,0,0,0
"Centennial_Park",4,"summer","shallow","2024_10_08_11-34-26.jpg",1,0,0,0,0,0,0,0,0,0,0,0,0,0,0,0,0,0,0,0,0,0,0,0
"Centennial_Park",4,"summer","shallow","2024_10_08_11-34-41.jpg",0,0,0,0,0,0,0,0,0,0,0,0,0,0,0,0,0,0,0,0,0,0,0,0
"Centennial_Park",4,"summer","shallow","2024_10_08_11-34-50.jpg",0,0,0,0,0,0,0,0,0,0,0,0,0,0,0,0,0,0,0,0,0,0,0,0
"Centennial_Park",4,"summer","shallow","2024_10_08_11-35-02.jpg",1,0,0,0,0,0,0,0,0,0,0,0,0,0,0,0,0,0,0,0,0,0,0,0
"Centennial_Park",4,"summer","shallow","2024_10_08_11-35-11.jpg",4,0,0,0,0,0,0,0,0,0,0,0,0,0,0,0,0,0,0,0,0,0,0,0
"Centennial_Park",4,"summer","shallow","2024_10_08_11-35-23.jpg",0,0,0,0,0,0,0,0,0,0,0,0,0,0,0,0,0,0,0,0,0,0,0,0
"Centennial_Park",4,"summer","shallow","2024_10_08_11-35-35.jpg",0,0,0,0,0,0,0,0,0,0,0,0,0,0,0,0,0,0,0,0,0,0,0,0
"Centennial_Park",4,"summer","shallow","2024_10_08_11-35-47.jpg",0,0,0,0,0,0,0,0,0,0,0,0,0,0,0,0,0,0,0,0,0,0,0,0
"Centennial_Park",4,"summer","shallow","2024_10_08_11-35-56.jpg",0,0,0,0,0,0,0,0,0,0,0,0,0,0,0,0,0,0,0,0,0,0,0,0
"Centennial_Park",4,"summer","shallow","2024_10_08_11-36-05.jpg",0,0,0,0,0,0,0,0,0,0,0,0,0,0,0,0,0,0,0,0,0,0,0,0
"Centennial_Park",4,"summer","shallow","2024_10_08_11-36-14.jpg",0,0,0,0,0,0,0,0,0,0,0,0,0,0,0,0,0,0,0,0,0,0,0,0
"Centennial_Park",4,"summer","shallow","2024_10_08_11-36-26.jpg",1,0,0,0,0,0,0,0,0,0,0,0,0,0,0,0,0,0,0,0,0,0,0,0
"Centennial_Park",4,"summer","shallow","2024_10_08_11-36-44.jpg",0,0,0,0,0,0,0,0,0,0,0,0,0,0,0,0,0,0,0,0,0,0,0,0
"Centennial_Park",4,"summer","shallow","2024_10_08_12-03-46.jpg",1,0,0,0,0,0,0,0,0,0,0,0,0,0,0,0,0,0,0,0,0,0,0,0
"Centennial_Park",4,"summer","shallow","2024_10_08_12-03-58.jpg",1,0,0,0,0,0,0,0,0,0,0,0,0,0,0,0,0,0,0,0,0,0,0,0
"Centennial_Park",4,"summer","shallow","2024_10_08_12-04-04.jpg",0,0,0,0,0,0,0,0,0,0,0,0,0,0,0,0,0,0,0,0,0,0,0,0
"Centennial_Park",4,"summer","shallow","2024_10_08_12-04-13.jpg",0,0,0,0,0,0,0,0,0,0,0,0,0,0,0,0,0,0,0,0,0,0,0,0
"Centennial_Park",4,"summer","shallow","2024_10_08_12-04-19.jpg",1,0,0,0,0,0,0,0,0,0,0,0,0,0,0,0,0,0,0,0,0,0,0,0
"Centennial_Park",4,"summer","shallow","2024_10_08_12-04-28.jpg",0,0,1,0,0,0,0,0,0,0,0,0,0,0,0,0,0,0,0,0,0,0,0,0
"Centennial_Park",4,"summer","shallow","2024_10_08_12-04-37.jpg",1,0,1,0,0,0,0,0,0,0,0,0,0,0,0,0,0,0,0,0,0,0,0,0
"Centennial_Park",4,"summer","shallow","2024_10_08_12-04-46.jpg",1,0,1,0,0,0,0,0,0,0,0,0,0,0,0,0,0,0,0,0,0,0,0,0
"Centennial_Park",4,"summer","shallow","2024_10_08_12-04-52.jpg",2,0,0,0,0,0,0,0,0,0,0,0,0,0,0,0,0,0,0,0,0,0,0,0
"Centennial_Park",4,"summer","shallow","2024_10_08_12-05-01.jpg",2,0,0,0,0,0,0,0,0,0,0,0,0,0,0,0,0,0,0,0,0,0,0,0
"Centennial_Park",4,"summer","shallow","2024_10_08_12-05-07.jpg",1,0,0,0,0,0,0,0,0,0,0,0,0,0,0,0,0,0,0,0,0,0,0,0
"Centennial_Park",4,"summer","shallow","2024_10_08_12-05-19.jpg",0,1,0,0,0,0,0,0,0,0,0,0,0,0,0,0,0,0,0,0,0,0,0,0
"Centennial_Park",4,"summer","shallow","2024_10_08_12-05-25.jpg",0,0,0,0,0,0,1,0,0,0,0,0,0,0,0,0,0,0,0,0,0,0,0,0
"Centennial_Park",4,"summer","shallow","2024_10_08_12-05-34.jpg",0,0,0,0,0,0,0,0,0,0,0,0,0,0,0,0,0,0,0,0,0,0,0,0
"Centennial_Park",4,"summer","shallow","2024_10_08_12-05-43.jpg",1,0,0,0,0,0,0,0,0,0,0,0,0,0,0,0,0,0,0,0,0,0,0,0
"Centennial_Park",4,"summer","shallow","2024_10_08_12-05-52.jpg",0,0,0,1,0,0,0,0,0,0,0,0,0,0,0,0,0,0,0,0,0,0,0,0
"Centennial_Park",4,"summer","shallow","2024_10_08_12-06-01.jpg",0,0,0,0,0,0,0,0,0,0,0,0,0,0,0,0,0,0,0,0,0,0,0,0
"Centennial_Park",4,"summer","shallow","2024_10_08_12-06-13.jpg",0,0,0,0,0,0,0,0,0,0,0,0,0,0,0,0,0,0,0,0,0,0,0,0
"Centennial_Park",4,"summer","shallow","2024_10_08_12-06-25.jpg",0,0,0,0,0,0,0,0,0,0,0,0,0,0,0,0,0,0,0,0,0,0,0,0
"Centennial_Park",4,"summer","shallow","2024_10_08_12-06-37.jpg",1,0,0,0,0,0,0,0,0,0,0,0,0,0,0,0,0,0,0,0,0,0,0,0
"Centennial_Park",4,"summer","shallow","2024_10_08_12-06-49.jpg",0,0,0,0,0,0,0,0,0,0,0,0,0,0,0,0,0,0,0,0,0,0,0,0
"Centennial_Park",4,"summer","shallow","2024_10_08_12-07-01.jpg",1,0,0,0,0,0,0,0,0,0,0,0,0,0,0,0,0,0,0,0,0,0,0,0
"Centennial_Park",4,"summer","shallow","2024_10_08_12-07-13.jpg",0,0,0,0,0,0,0,0,0,0,0,0,0,0,0,0,0,0,0,0,0,0,0,0
"Centennial_Park",4,"summer","shallow","2024_10_08_12-07-22.jpg",1,0,0,0,0,0,0,0,0,0,0,0,0,0,0,0,0,0,0,0,0,0,0,0
"Centennial_Park",4,"summer","shallow","2024_10_08_12-07-31.jpg",1,0,0,0,0,0,0,0,0,0,0,0,0,0,0,0,0,0,0,0,0,0,0,0
"Centennial_Park",4,"summer","shallow","2024_10_08_12-07-40.jpg",2,0,0,0,0,0,0,0,0,0,0,0,0,0,0,0,0,0,0,0,0,0,0,0
"Centennial_Park",4,"summer","shallow","2024_10_08_12-07-46.jpg",0,0,0,0,0,0,0,0,0,0,0,0,0,0,0,0,0,0,0,0,0,0,0,0
"Centennial_Park",4,"summer","shallow","2024_10_08_12-07-55.jpg",0,0,0,0,0,0,0,0,0,0,0,0,0,0,0,0,0,0,0,0,0,0,0,0
"Centennial_Park",4,"summer","shallow","2024_10_08_12-08-07.jpg",0,0,0,0,0,0,0,0,0,0,0,0,0,0,0,0,0,0,0,0,0,0,0,0
"Centennial_Park",5,"summer","shallow","2024_10_08_11-38-24.jpg",0,0,0,0,0,0,0,0,0,0,0,0,0,0,0,0,0,0,0,0,0,0,0,0
"Centennial_Park",5,"summer","shallow","2024_10_08_11-38-42.jpg",1,0,0,0,0,0,0,0,0,0,0,0,0,0,0,0,0,0,0,0,0,0,0,0
"Centennial_Park",5,"summer","shallow","2024_10_08_11-38-57.jpg",0,0,1,0,0,0,0,0,0,0,0,0,0,0,0,0,0,0,0,0,0,0,0,0
"Centennial_Park",5,"summer","shallow","2024_10_08_11-39-06.jpg",0,0,0,0,0,0,0,0,0,0,0,0,0,0,0,0,0,0,0,0,0,0,0,0
"Centennial_Park",5,"summer","shallow","2024_10_08_11-39-15.jpg",0,0,0,0,0,0,0,0,0,0,0,0,0,0,0,0,0,0,0,0,0,0,0,0
"Centennial_Park",5,"summer","shallow","2024_10_08_11-39-27.jpg",1,0,0,0,0,0,0,0,0,0,0,0,0,0,0,0,0,0,0,0,0,0,0,0
"Centennial_Park",5,"summer","shallow","2024_10_08_11-39-39.jpg",0,0,0,0,0,0,0,0,0,0,0,0,0,0,0,0,0,0,0,0,0,0,0,0
"Centennial_Park",5,"summer","shallow","2024_10_08_11-39-48.jpg",0,0,0,0,0,0,0,0,0,0,0,0,0,0,0,0,0,0,0,0,0,0,0,0
"Centennial_Park",5,"summer","shallow","2024_10_08_11-39-54.jpg",0,0,0,0,0,0,0,0,0,0,0,0,0,0,0,0,0,0,0,0,0,0,0,0
"Centennial_Park",5,"summer","shallow","2024_10_08_11-40-03.jpg",0,0,0,0,0,0,0,0,0,0,0,0,0,0,0,0,0,0,0,0,0,0,0,0
"Centennial_Park",5,"summer","shallow","2024_10_08_11-40-15.jpg",1,0,0,0,0,0,0,0,0,0,0,0,0,0,0,0,0,0,0,0,0,0,0,0
"Centennial_Park",5,"summer","shallow","2024_10_08_11-40-33.jpg",0,0,0,0,0,0,0,0,0,0,0,0,0,0,0,0,0,0,0,0,0,0,0,0
"Centennial_Park",5,"summer","shallow","2024_10_08_11-40-45.jpg",0,0,0,0,0,0,0,0,0,0,0,0,0,0,0,0,0,0,0,0,0,0,0,0
"Centennial_Park",5,"summer","shallow","2024_10_08_11-40-54.jpg",0,0,0,0,0,0,0,0,0,0,0,0,0,0,0,0,0,0,0,0,0,0,0,0
"Centennial_Park",5,"summer","shallow","2024_10_08_11-41-06.jpg",0,0,0,0,0,0,0,0,0,0,0,0,0,0,0,0,0,0,0,0,0,0,0,0
"Centennial_Park",5,"summer","shallow","2024_10_08_11-41-12.jpg",0,0,0,0,0,0,0,0,0,0,0,0,0,0,0,0,0,0,0,0,0,0,0,0
"Centennial_Park",5,"summer","shallow","2024_10_08_11-41-21.jpg",1,0,0,0,0,0,1,0,0,0,0,0,0,0,0,0,0,0,0,0,0,0,0,0
"Centennial_Park",5,"summer","shallow","2024_10_08_11-41-33.jpg",0,0,0,0,0,0,0,0,0,0,0,0,0,0,0,0,0,0,0,0,0,0,0,0
"Centennial_Park",5,"summer","shallow","2024_10_08_11-41-45.jpg",0,0,0,0,0,0,0,0,0,0,0,0,0,0,0,0,0,0,0,0,0,0,0,0
"Centennial_Park",5,"summer","shallow","2024_10_08_11-41-54.jpg",0,0,0,0,0,0,0,0,0,0,0,0,0,0,0,0,0,0,0,0,0,0,0,0
"Centennial_Park",5,"summer","shallow","2024_10_08_11-42-06.jpg",0,0,1,0,0,0,0,0,0,0,0,0,0,0,0,0,0,0,0,0,0,0,0,0
"Centennial_Park",5,"summer","shallow","2024_10_08_11-42-12.jpg",0,0,0,0,0,0,0,0,0,0,0,0,0,0,0,0,0,0,0,0,0,0,0,0
"Centennial_Park",5,"summer","shallow","2024_10_08_11-42-21.jpg",0,0,0,1,0,0,0,0,0,0,0,0,0,0,0,0,0,0,0,0,0,0,0,0
"Centennial_Park",5,"summer","shallow","2024_10_08_11-42-30.jpg",0,0,0,0,0,0,0,0,0,0,0,0,0,0,0,0,0,0,0,0,0,0,0,0
"Centennial_Park",5,"summer","shallow","2024_10_08_11-42-36.jpg",0,0,0,0,0,0,0,0,0,0,0,0,0,0,0,0,0,0,0,0,0,0,0,0
"Centennial_Park",5,"summer","shallow","2024_10_08_11-42-42.jpg",0,0,0,0,0,0,0,0,0,0,0,0,0,0,0,0,0,0,0,0,0,0,0,0
"Centennial_Park",5,"summer","shallow","2024_10_08_11-42-48.jpg",0,0,0,0,0,0,0,0,0,0,0,0,0,0,0,0,0,0,0,0,0,0,0,0
"Centennial_Park",5,"summer","shallow","2024_10_08_11-42-54.jpg",0,0,0,0,0,0,0,0,0,0,0,0,0,0,0,0,0,0,0,0,0,0,0,0
"Centennial_Park",5,"summer","shallow","2024_10_08_11-43-06.jpg",0,0,0,0,0,0,0,0,0,0,0,0,0,0,0,0,0,0,0,0,0,0,0,0
"Centennial_Park",5,"summer","shallow","2024_10_08_11-43-15.jpg",0,0,1,0,0,0,0,0,0,0,0,0,0,0,0,0,0,0,0,0,0,0,0,0
"Centennial_Park",5,"summer","shallow","2024_10_08_11-43-30.jpg",0,0,0,0,0,0,0,0,0,0,0,0,0,0,0,0,0,0,0,0,0,0,0,0
"Centennial_Park",5,"summer","shallow","2024_10_08_11-43-48.jpg",0,0,0,0,0,0,0,0,0,0,0,0,0,0,0,0,0,0,0,0,0,0,0,0
"Centennial_Park",5,"summer","shallow","2024_10_08_11-43-57.jpg",1,0,0,0,0,0,0,0,0,0,0,0,0,0,0,0,0,0,0,0,0,0,0,0
"Centennial_Park",5,"summer","shallow","2024_10_08_11-44-09.jpg",2,0,0,0,0,0,0,0,0,0,0,0,0,0,0,0,0,0,0,0,0,0,0,0
"Centennial_Park",5,"summer","shallow","2024_10_08_11-57-52.jpg",0,0,0,1,0,0,0,0,0,0,0,0,0,0,0,0,0,0,0,0,0,0,0,0
"Centennial_Park",5,"summer","shallow","2024_10_08_11-58-04.jpg",0,0,1,0,0,0,0,0,0,0,0,0,0,0,0,0,0,0,0,0,0,0,0,0
"Centennial_Park",5,"summer","shallow","2024_10_08_11-58-16.jpg",1,0,0,0,0,0,0,0,0,0,0,0,0,0,0,0,0,0,0,0,0,0,0,0
"Centennial_Park",5,"summer","shallow","2024_10_08_11-58-25.jpg",0,0,0,0,0,0,0,0,0,0,0,0,0,0,0,0,0,0,0,0,0,0,0,0
"Centennial_Park",5,"summer","shallow","2024_10_08_11-58-37.jpg",0,0,0,0,0,0,0,0,0,0,0,0,0,0,0,0,0,0,0,0,0,0,0,0
"Centennial_Park",5,"summer","shallow","2024_10_08_11-58-49.jpg",2,0,0,0,0,0,0,0,0,0,0,0,0,0,0,0,0,0,0,0,0,0,0,0
"Centennial_Park",5,"summer","shallow","2024_10_08_11-58-58.jpg",0,0,0,0,0,0,0,0,0,0,0,0,0,0,0,0,0,0,0,0,0,0,0,0
"Centennial_Park",5,"summer","shallow","2024_10_08_11-59-10.jpg",0,0,0,0,0,0,0,0,0,0,0,0,0,0,0,0,0,0,0,0,0,0,0,0
"Centennial_Park",5,"summer","shallow","2024_10_08_11-59-22.jpg",1,0,0,0,0,0,0,0,0,0,0,0,0,0,0,0,0,0,0,0,0,0,0,0
"Centennial_Park",5,"summer","shallow","2024_10_08_11-59-34.jpg",0,0,0,0,0,0,0,0,0,0,0,0,0,0,0,0,0,0,0,0,0,0,0,0
"Centennial_Park",5,"summer","shallow","2024_10_08_11-59-46.jpg",0,0,0,0,0,0,0,0,0,0,0,0,0,0,0,0,0,0,0,0,0,0,0,0
"Centennial_Park",5,"summer","shallow","2024_10_08_11-59-55.jpg",0,0,0,0,0,0,0,0,0,0,1,0,0,0,0,0,0,0,0,0,0,0,0,0
"Centennial_Park",5,"summer","shallow","2024_10_08_12-00-07.jpg",0,0,0,0,0,0,1,0,0,0,0,0,0,0,0,0,0,0,0,0,0,0,0,0
"Centennial_Park",5,"summer","shallow","2024_10_08_12-00-19.jpg",2,0,0,0,0,0,0,0,0,0,0,0,0,0,0,0,0,0,0,0,0,0,0,0
"Centennial_Park",5,"summer","shallow","2024_10_08_12-00-28.jpg",0,0,0,0,0,0,0,0,0,0,0,0,0,0,0,0,0,0,0,0,0,0,0,0
"Centennial_Park",5,"summer","shallow","2024_10_08_12-00-40.jpg",0,0,0,0,0,0,0,0,0,0,0,0,0,0,0,0,0,0,0,0,0,0,0,0
"Centennial_Park",5,"summer","shallow","2024_10_08_12-00-52.jpg",0,0,1,0,0,0,0,0,0,0,0,0,0,0,0,0,0,0,0,0,0,0,0,0
"Centennial_Park",5,"summer","shallow","2024_10_08_12-01-07.jpg",0,0,0,0,0,0,0,0,0,0,0,0,0,0,0,0,0,0,0,0,0,0,0,0
"Centennial_Park",5,"summer","shallow","2024_10_08_12-01-19.jpg",0,0,0,0,0,0,0,0,0,0,0,0,0,0,0,0,0,0,0,0,0,0,0,0
"Centennial_Park",5,"summer","shallow","2024_10_08_12-01-37.jpg",3,0,0,0,0,0,0,0,0,0,0,0,0,0,0,0,0,0,0,0,0,0,0,0
"Centennial_Park",5,"summer","shallow","2024_10_08_12-01-52.jpg",0,0,0,1,0,0,0,0,0,0,0,0,0,0,0,0,0,0,0,0,0,0,0,0
"Centennial_Park",5,"summer","shallow","2024_10_08_12-02-01.jpg",0,0,0,0,0,0,0,0,0,0,0,0,0,0,0,0,0,0,0,0,0,0,0,0
"Centennial_Park",5,"summer","shallow","2024_10_08_12-02-10.jpg",0,0,0,0,0,0,0,0,0,0,0,0,0,0,0,0,0,0,0,0,0,0,0,0
"Centennial_Park",5,"summer","shallow","2024_10_08_12-02-19.jpg",0,0,0,0,0,0,0,0,0,0,0,0,0,0,0,0,0,0,0,0,0,0,0,0
"Centennial_Park",5,"summer","shallow","2024_10_08_12-02-28.jpg",0,0,0,0,0,0,0,0,0,0,0,0,0,0,0,0,0,0,0,0,0,0,0,0
"Centennial_Park",5,"summer","shallow","2024_10_08_12-02-37.jpg",0,0,0,0,0,0,0,0,0,0,0,0,0,0,0,0,0,0,0,0,0,0,0,0
"Centennial_Park",5,"summer","shallow","2024_10_08_12-02-43.jpg",1,0,0,0,0,0,0,0,0,0,0,0,0,0,0,0,0,0,0,0,0,0,0,0
"Centennial_Park",5,"summer","shallow","2024_10_08_12-02-52.jpg",0,0,0,0,0,0,0,0,0,0,0,0,0,0,0,0,0,0,0,0,0,0,0,0
"Centennial_Park",5,"summer","shallow","2024_10_08_12-02-58.jpg",2,0,0,0,0,0,0,0,0,0,0,0,0,0,0,0,0,0,0,0,0,0,0,0
"Centennial_Park",6,"summer","shallow","2024_10_08_11-45-00.jpg",0,0,0,0,0,0,0,0,0,0,0,0,0,0,0,0,0,0,0,0,0,0,0,0
"Centennial_Park",6,"summer","shallow","2024_10_08_11-45-12.jpg",0,0,0,0,0,0,0,0,0,0,0,0,0,0,0,0,0,0,0,0,0,0,0,0
"Centennial_Park",6,"summer","shallow","2024_10_08_11-45-18.jpg",0,0,0,0,0,0,0,0,0,0,0,0,0,0,0,0,0,0,0,0,0,0,0,0
"Centennial_Park",6,"summer","shallow","2024_10_08_11-45-24.jpg",0,0,0,0,0,0,0,0,0,0,0,0,0,0,0,0,0,0,0,0,0,0,0,0
"Centennial_Park",6,"summer","shallow","2024_10_08_11-45-33.jpg",0,0,0,0,0,0,0,0,0,0,0,0,0,0,0,0,0,0,0,0,0,0,0,0
"Centennial_Park",6,"summer","shallow","2024_10_08_11-45-42.jpg",0,0,0,0,0,0,0,0,0,0,0,0,0,0,0,0,0,0,0,0,0,0,0,0
"Centennial_Park",6,"summer","shallow","2024_10_08_11-45-54.jpg",0,0,0,0,0,0,0,0,0,0,0,0,0,0,0,0,0,0,0,0,0,0,0,0
"Centennial_Park",6,"summer","shallow","2024_10_08_11-46-06.jpg",0,0,0,0,0,0,0,0,0,0,0,0,0,0,0,0,0,0,0,0,0,0,0,0
"Centennial_Park",6,"summer","shallow","2024_10_08_11-46-15.jpg",0,0,0,0,0,0,0,0,0,0,0,0,0,0,0,0,0,0,0,0,0,0,0,0
"Centennial_Park",6,"summer","shallow","2024_10_08_11-46-24.jpg",0,0,0,0,0,0,0,0,0,0,0,0,0,0,0,0,0,0,0,0,0,0,0,0
"Centennial_Park",6,"summer","shallow","2024_10_08_11-46-36.jpg",0,0,0,0,0,0,0,0,0,0,0,0,0,0,0,0,0,0,0,0,0,0,0,0
"Centennial_Park",6,"summer","shallow","2024_10_08_11-46-45.jpg",1,0,0,0,0,0,0,0,0,0,0,0,0,0,0,0,0,0,0,0,0,0,0,0
"Centennial_Park",6,"summer","shallow","2024_10_08_11-47-00.jpg",0,0,0,0,0,0,0,0,0,0,0,0,0,0,0,0,0,0,0,0,0,0,0,0
"Centennial_Park",6,"summer","shallow","2024_10_08_11-47-12.jpg",1,0,1,0,0,0,0,0,0,0,0,0,0,0,0,0,0,0,0,0,0,0,0,0
"Centennial_Park",6,"summer","shallow","2024_10_08_11-47-24.jpg",0,0,0,0,0,0,0,0,0,0,0,0,0,0,0,0,0,0,0,0,0,0,0,0
"Centennial_Park",6,"summer","shallow","2024_10_08_11-47-33.jpg",0,0,0,0,0,0,0,0,0,0,0,0,0,0,0,0,0,0,0,0,0,0,0,0
"Centennial_Park",6,"summer","shallow","2024_10_08_11-47-42.jpg",0,0,0,1,0,0,0,0,0,0,0,0,0,0,0,0,0,0,0,0,0,0,0,0
"Centennial_Park",6,"summer","shallow","2024_10_08_11-47-51.jpg",0,0,0,0,0,0,0,0,0,0,0,0,0,0,0,0,0,0,0,0,0,0,0,0
"Centennial_Park",6,"summer","shallow","2024_10_08_11-48-00.jpg",0,0,0,0,0,0,0,0,0,0,0,0,0,0,0,0,0,0,0,0,0,0,0,0
"Centennial_Park",6,"summer","shallow","2024_10_08_11-48-09.jpg",0,0,0,0,0,0,0,0,1,0,0,0,0,0,0,0,0,0,0,0,0,0,0,0
"Centennial_Park",6,"summer","shallow","2024_10_08_11-48-21.jpg",0,0,0,0,0,0,0,0,0,0,0,0,0,0,0,0,0,0,0,0,0,0,0,0
"Centennial_Park",6,"summer","shallow","2024_10_08_11-48-30.jpg",0,0,0,0,0,0,0,0,0,0,0,0,0,0,0,0,0,0,0,0,0,0,0,0
"Centennial_Park",6,"summer","shallow","2024_10_08_11-48-39.jpg",0,0,0,0,0,0,0,0,0,0,0,0,0,0,0,0,0,0,0,0,0,0,0,0
"Centennial_Park",6,"summer","shallow","2024_10_08_11-48-45.jpg",0,0,0,0,0,0,0,0,0,0,0,0,0,0,0,0,0,0,0,0,0,0,0,0
"Centennial_Park",6,"summer","shallow","2024_10_08_11-48-51.jpg",0,0,1,0,0,0,0,0,0,0,0,0,0,0,0,0,0,0,0,0,0,0,0,0
"Centennial_Park",6,"summer","shallow","2024_10_08_11-48-57.jpg",0,0,0,0,0,0,0,0,0,0,0,0,0,0,0,0,0,0,0,0,0,0,0,0
"Centennial_Park",6,"summer","shallow","2024_10_08_11-49-06.jpg",0,0,0,0,0,0,0,0,0,0,0,0,0,0,0,0,0,0,0,0,0,0,0,0
"Centennial_Park",6,"summer","shallow","2024_10_08_11-49-21.jpg",0,0,0,0,0,0,0,0,0,0,0,0,0,0,0,0,0,0,0,0,0,0,0,0
"Centennial_Park",6,"summer","shallow","2024_10_08_11-49-30.jpg",1,0,0,0,0,0,0,0,0,0,0,0,0,0,0,0,0,0,0,0,0,0,0,0
"Centennial_Park",6,"summer","shallow","2024_10_08_11-49-39.jpg",0,0,0,0,0,0,0,0,0,0,0,0,0,0,0,0,0,0,0,0,0,0,0,0
"Centennial_Park",6,"summer","shallow","2024_10_08_11-49-45.jpg",0,0,0,0,0,0,0,0,0,0,0,0,0,0,0,0,0,0,0,0,0,0,0,0
"Centennial_Park",6,"summer","shallow","2024_10_08_11-49-57.jpg",0,0,0,0,0,0,0,0,0,0,0,0,0,0,0,0,0,0,0,0,0,0,0,0
"Centennial_Park",6,"summer","shallow","2024_10_08_11-50-12.jpg",0,0,0,0,0,0,0,0,0,0,0,0,0,0,0,0,0,0,0,0,0,0,0,0
"Centennial_Park",6,"summer","shallow","2024_10_08_11-50-27.jpg",0,0,0,0,0,0,0,0,0,0,0,0,0,0,0,0,0,0,0,0,0,0,0,0
"Centennial_Park",6,"summer","shallow","2024_10_08_11-52-15.jpg",0,0,1,0,0,0,0,0,0,0,0,0,0,0,0,0,0,0,0,0,0,0,0,0
"Centennial_Park",6,"summer","shallow","2024_10_08_11-52-42.jpg",0,0,0,0,0,0,0,0,0,0,0,0,0,0,0,0,0,0,0,0,0,0,0,0
"Centennial_Park",6,"summer","shallow","2024_10_08_11-53-03.jpg",2,0,0,0,0,0,0,0,0,0,0,0,0,0,0,0,0,0,0,0,0,0,0,0
"Centennial_Park",6,"summer","shallow","2024_10_08_11-53-15.jpg",0,0,0,0,0,0,0,0,0,0,0,0,0,0,0,0,0,0,0,0,0,0,0,0
"Centennial_Park",6,"summer","shallow","2024_10_08_11-53-24.jpg",1,0,1,0,0,0,0,0,0,0,0,0,0,0,0,0,0,0,0,0,0,0,0,0
"Centennial_Park",6,"summer","shallow","2024_10_08_11-53-37.jpg",0,0,1,0,0,0,0,0,0,0,0,0,0,0,0,0,0,0,0,0,0,0,0,0
"Centennial_Park",6,"summer","shallow","2024_10_08_11-53-46.jpg",0,0,0,0,0,0,0,0,0,0,0,0,0,0,0,0,0,0,0,0,0,0,0,0
"Centennial_Park",6,"summer","shallow","2024_10_08_11-53-55.jpg",0,0,0,0,0,0,0,0,0,0,0,0,0,0,0,0,0,0,0,0,0,0,0,0
"Centennial_Park",6,"summer","shallow","2024_10_08_11-54-04.jpg",0,0,0,0,0,0,0,0,0,0,0,0,0,0,0,0,0,0,0,0,0,0,0,0
"Centennial_Park",6,"summer","shallow","2024_10_08_11-54-13.jpg",0,0,0,0,0,0,0,0,0,0,0,0,0,0,0,0,0,0,0,0,0,0,0,0
"Centennial_Park",6,"summer","shallow","2024_10_08_11-54-19.jpg",0,0,0,0,0,0,0,0,0,0,0,0,0,0,0,0,0,0,0,0,0,0,0,0
"Centennial_Park",6,"summer","shallow","2024_10_08_11-54-28.jpg",0,0,0,0,0,0,1,0,0,0,0,0,0,0,0,0,0,0,0,0,0,0,0,0
"Centennial_Park",6,"summer","shallow","2024_10_08_11-54-34.jpg",0,0,0,0,0,0,1,0,0,0,0,0,0,0,0,0,0,0,0,0,0,0,0,0
"Centennial_Park",6,"summer","shallow","2024_10_08_11-54-40.jpg",0,0,0,0,0,0,0,0,0,0,0,0,0,0,0,0,0,0,0,0,0,0,0,0
"Centennial_Park",6,"summer","shallow","2024_10_08_11-54-46.jpg",0,0,0,0,0,0,0,0,0,0,0,0,0,0,0,0,0,0,0,0,0,0,0,0
"Centennial_Park",6,"summer","shallow","2024_10_08_11-54-55.jpg",1,0,0,0,0,0,0,0,0,0,0,0,0,0,0,0,0,0,0,0,0,0,0,0
"Centennial_Park",6,"summer","shallow","2024_10_08_11-55-04.jpg",1,0,0,0,0,0,0,0,0,0,0,0,0,0,0,0,0,0,0,0,0,0,0,0
"Centennial_Park",6,"summer","shallow","2024_10_08_11-55-16.jpg",0,0,0,0,1,0,0,0,0,0,0,0,0,0,0,0,0,0,0,0,0,0,0,0
"Centennial_Park",6,"summer","shallow","2024_10_08_11-55-25.jpg",0,0,0,0,0,0,0,0,0,0,0,0,0,0,0,0,0,0,0,0,0,0,0,0
"Centennial_Park",6,"summer","shallow","2024_10_08_11-55-34.jpg",1,0,0,0,0,0,0,0,0,0,0,0,0,0,0,0,0,0,0,0,0,0,0,0
"Centennial_Park",6,"summer","shallow","2024_10_08_11-55-46.jpg",0,0,0,0,0,0,0,0,0,0,0,0,0,0,0,0,0,0,0,0,0,0,0,0
"Centennial_Park",6,"summer","shallow","2024_10_08_11-56-07.jpg",0,0,0,0,0,0,0,0,0,1,0,0,0,0,0,0,0,0,0,0,0,0,0,0
"Centennial_Park",6,"summer","shallow","2024_10_08_11-56-19.jpg",1,0,0,0,0,0,0,0,0,0,0,0,0,0,0,0,0,0,0,0,0,0,0,0
"Centennial_Park",6,"summer","shallow","2024_10_08_11-56-28.jpg",0,0,0,0,0,0,0,0,0,0,0,0,0,0,0,0,0,0,0,0,0,0,0,0
"Centennial_Park",6,"summer","shallow","2024_10_08_11-56-37.jpg",0,0,0,0,1,0,0,0,1,0,0,0,0,0,0,0,0,0,0,0,0,0,0,0
"Centennial_Park",6,"summer","shallow","2024_10_08_11-56-46.jpg",0,0,0,0,0,0,0,0,0,0,0,0,0,0,0,0,0,0,0,0,0,0,0,0
"Centennial_Park",6,"summer","shallow","2024_10_08_11-56-55.jpg",0,0,0,0,0,0,0,0,0,0,0,0,0,0,0,0,0,0,0,0,0,0,0,0
"Centennial_Park",6,"summer","shallow","2024_10_08_11-57-01.jpg",0,0,0,0,0,0,0,0,0,0,0,0,0,0,0,0,0,0,0,0,0,0,0,0
"Centennial_Park",1,"winter","deep","2025_01_27_10-02-20.jpg",0,0,0,0,0,0,0,0,0,0,0,0,0,0,0,0,0,0,0,0,0,0,0,0
"Centennial_Park",1,"winter","deep","2025_01_27_10-02-44.jpg",1,0,0,0,0,0,0,0,0,0,0,0,0,0,0,0,0,0,0,0,0,0,0,0
"Centennial_Park",1,"winter","deep","2025_01_27_10-02-59.jpg",1,0,0,0,0,0,0,0,0,0,0,0,0,0,0,0,0,0,0,0,0,0,0,0
"Centennial_Park",1,"winter","deep","2025_01_27_10-03-11.jpg",0,0,0,0,0,0,0,0,0,0,0,0,0,0,0,0,0,0,0,0,0,0,0,0
"Centennial_Park",1,"winter","deep","2025_01_27_10-03-26.jpg",0,0,0,0,0,0,0,0,0,0,0,0,0,0,0,0,0,0,0,0,0,0,0,0
"Centennial_Park",1,"winter","deep","2025_01_27_10-03-38.jpg",1,0,0,0,0,0,0,0,0,0,0,0,0,0,0,0,0,0,0,0,0,0,0,0
"Centennial_Park",1,"winter","deep","2025_01_27_10-03-53.jpg",0,0,0,0,0,0,1,0,0,0,0,0,0,0,0,0,0,0,0,0,0,0,0,0
"Centennial_Park",1,"winter","deep","2025_01_27_10-04-08.jpg",2,0,0,0,0,0,1,0,0,0,0,0,0,0,0,0,0,0,0,0,0,0,0,0
"Centennial_Park",1,"winter","deep","2025_01_27_10-04-20.jpg",1,0,0,0,0,0,0,0,0,0,0,0,0,0,0,0,0,0,0,0,0,0,0,0
"Centennial_Park",1,"winter","deep","2025_01_27_10-04-32.jpg",2,0,0,0,0,0,1,0,0,0,0,0,0,0,0,0,0,0,0,0,0,0,0,0
"Centennial_Park",1,"winter","deep","2025_01_27_10-04-47.jpg",0,0,0,0,0,0,1,0,0,0,0,0,0,0,0,0,0,0,0,0,0,0,0,0
"Centennial_Park",1,"winter","deep","2025_01_27_10-05-02.jpg",0,0,0,0,0,0,0,0,0,0,0,0,0,0,0,0,0,0,0,0,0,0,0,0
"Centennial_Park",1,"winter","deep","2025_01_27_10-05-17.jpg",0,0,0,0,0,0,2,0,0,0,0,0,0,0,0,0,0,0,0,0,0,0,0,0
"Centennial_Park",1,"winter","deep","2025_01_27_10-05-32.jpg",0,0,0,0,0,0,1,0,0,0,0,0,0,0,0,0,0,0,0,0,0,0,0,0
"Centennial_Park",1,"winter","deep","2025_01_27_10-05-47.jpg",0,0,0,0,0,0,4,0,0,0,0,0,0,0,0,0,0,0,0,0,0,0,0,0
"Centennial_Park",1,"winter","deep","2025_01_27_10-06-00.jpg",0,0,0,0,0,0,3,0,0,0,0,0,0,0,0,0,0,0,0,0,0,0,0,0
"Centennial_Park",1,"winter","deep","2025_01_27_10-06-12.jpg",0,0,0,0,0,0,9,0,0,0,0,0,0,0,0,0,0,0,0,0,0,0,0,0
"Centennial_Park",1,"winter","deep","2025_01_27_10-06-27.jpg",0,0,0,0,0,0,5,0,0,0,0,0,0,0,0,0,0,0,0,0,0,0,0,0
"Centennial_Park",1,"winter","deep","2025_01_27_10-06-42.jpg",1,0,0,0,0,0,4,0,0,0,0,0,0,0,0,0,0,0,0,0,0,0,0,0
"Centennial_Park",1,"winter","deep","2025_01_27_10-07-00.jpg",3,0,0,0,0,0,3,0,0,0,0,0,0,0,0,0,0,0,0,0,0,0,0,0
"Centennial_Park",1,"winter","deep","2025_01_27_10-07-15.jpg",0,0,0,0,0,0,3,0,0,0,0,0,0,0,0,0,0,0,0,0,0,0,0,0
"Centennial_Park",1,"winter","deep","2025_01_27_10-07-30.jpg",0,0,0,0,0,0,2,0,0,0,0,0,0,0,0,0,0,0,0,0,0,0,0,0
"Centennial_Park",1,"winter","deep","2025_01_27_10-07-45.jpg",0,0,0,0,0,0,1,0,0,0,0,0,0,0,0,0,0,0,0,0,0,0,0,0
"Centennial_Park",1,"winter","deep","2025_01_27_10-07-57.jpg",0,0,0,0,0,0,2,0,0,0,0,0,0,0,0,0,0,0,0,0,0,0,0,0
"Centennial_Park",1,"winter","deep","2025_01_27_10-08-09.jpg",1,0,0,0,0,0,2,0,0,0,0,0,0,0,0,0,0,0,0,0,0,0,0,0
"Centennial_Park",1,"winter","deep","2025_01_27_10-08-21.jpg",1,0,0,0,0,0,0,0,0,0,0,0,0,0,0,0,0,0,0,0,0,0,0,0
"Centennial_Park",1,"winter","deep","2025_01_27_10-08-36.jpg",1,0,0,0,0,0,1,0,0,0,0,0,0,0,0,0,0,0,0,0,0,0,0,0
"Centennial_Park",1,"winter","deep","2025_01_27_10-08-51.jpg",1,0,0,0,0,0,2,0,0,0,0,0,0,0,0,0,0,0,0,0,0,0,0,0
"Centennial_Park",1,"winter","deep","2025_01_27_10-09-03.jpg",0,0,0,0,0,0,0,0,0,0,0,0,0,0,0,0,0,0,0,0,0,0,0,0
"Centennial_Park",1,"winter","deep","2025_01_27_10-09-18.jpg",0,0,0,0,0,0,0,0,0,0,0,0,0,0,0,0,0,0,0,0,0,0,0,0
"Centennial_Park",1,"winter","deep","2025_01_27_10-09-33.jpg",0,0,0,0,0,0,0,0,0,0,0,0,0,0,0,0,0,0,0,0,0,0,0,0
"Centennial_Park",1,"winter","deep","2025_01_27_10-40-26.jpg",0,0,0,0,0,0,1,0,0,0,0,0,0,0,0,0,0,0,0,0,0,0,0,0
"Centennial_Park",1,"winter","deep","2025_01_27_10-40-38.jpg",0,0,0,0,0,0,1,0,0,0,0,0,0,0,0,0,0,0,0,0,0,0,0,0
"Centennial_Park",1,"winter","deep","2025_01_27_10-40-50.jpg",0,0,0,0,0,0,1,0,0,0,0,0,0,0,0,0,0,0,0,0,0,0,0,0
"Centennial_Park",1,"winter","deep","2025_01_27_10-40-59.jpg",1,0,0,0,0,0,0,0,0,0,0,0,0,0,0,0,0,0,0,0,0,0,0,0
"Centennial_Park",1,"winter","deep","2025_01_27_10-41-08.jpg",1,0,0,0,0,0,0,0,0,0,0,0,0,0,0,0,0,0,0,0,0,0,0,0
"Centennial_Park",1,"winter","deep","2025_01_27_10-41-17.jpg",0,0,0,0,0,0,2,0,0,0,0,0,0,0,0,0,0,0,0,0,0,0,0,0
"Centennial_Park",1,"winter","deep","2025_01_27_10-41-29.jpg",3,0,0,0,0,0,3,0,0,0,0,0,0,0,0,0,0,0,0,0,0,0,0,0
"Centennial_Park",1,"winter","deep","2025_01_27_10-41-38.jpg",2,0,0,0,0,0,4,0,0,0,0,0,0,0,0,0,0,0,0,0,0,0,0,0
"Centennial_Park",1,"winter","deep","2025_01_27_10-41-47.jpg",1,0,0,0,0,0,4,0,0,0,0,0,0,0,0,0,0,0,0,0,0,0,0,0
"Centennial_Park",1,"winter","deep","2025_01_27_10-41-59.jpg",0,0,0,0,0,0,0,0,0,0,0,0,0,0,0,0,0,0,0,0,0,0,0,0
"Centennial_Park",1,"winter","deep","2025_01_27_10-42-08.jpg",0,0,0,0,0,0,5,0,0,0,0,0,0,0,0,0,0,0,0,0,0,0,0,0
"Centennial_Park",1,"winter","deep","2025_01_27_10-42-20.jpg",0,0,0,0,0,0,9,0,0,0,0,0,0,0,0,0,0,0,0,0,0,0,0,0
"Centennial_Park",1,"winter","deep","2025_01_27_10-42-32.jpg",1,0,0,0,0,0,8,0,0,0,0,0,0,0,0,0,0,0,0,0,0,0,0,0
"Centennial_Park",1,"winter","deep","2025_01_27_10-42-44.jpg",1,0,0,0,0,0,6,0,0,0,0,0,0,0,0,0,0,0,0,0,0,0,0,0
"Centennial_Park",1,"winter","deep","2025_01_27_10-42-56.jpg",2,0,0,0,0,0,9,0,0,0,0,0,0,0,0,0,0,0,0,0,0,0,0,0
"Centennial_Park",1,"winter","deep","2025_01_27_10-43-05.jpg",1,0,0,0,0,0,8,0,0,0,0,0,0,0,0,0,0,0,0,0,0,0,0,0
"Centennial_Park",1,"winter","deep","2025_01_27_10-43-17.jpg",0,0,0,0,0,0,4,0,0,0,0,0,0,0,0,0,0,0,0,0,0,0,0,0
"Centennial_Park",1,"winter","deep","2025_01_27_10-43-29.jpg",0,0,0,0,0,0,1,0,0,0,0,0,0,0,0,0,0,0,0,0,0,0,0,0
"Centennial_Park",1,"winter","deep","2025_01_27_10-43-41.jpg",0,0,0,0,0,0,5,0,0,0,0,0,0,0,0,0,0,0,0,0,0,0,0,0
"Centennial_Park",1,"winter","deep","2025_01_27_10-43-53.jpg",0,0,0,0,0,0,5,0,0,0,0,0,0,0,0,0,0,0,0,0,0,0,0,0
"Centennial_Park",1,"winter","deep","2025_01_27_10-44-05.jpg",1,0,0,0,0,0,3,0,0,0,0,0,0,0,0,0,0,0,0,0,0,0,0,0
"Centennial_Park",1,"winter","deep","2025_01_27_10-44-17.jpg",0,0,0,0,0,0,0,0,0,0,0,0,0,0,0,0,0,0,0,0,0,0,0,0
"Centennial_Park",1,"winter","deep","2025_01_27_10-44-32.jpg",1,0,0,0,0,0,2,0,0,0,0,0,0,0,0,0,0,0,0,0,0,0,0,0
"Centennial_Park",1,"winter","deep","2025_01_27_10-44-44.jpg",0,0,0,0,0,0,0,0,0,0,0,0,0,0,0,0,0,0,0,0,0,0,0,0
"Centennial_Park",1,"winter","deep","2025_01_27_10-44-56.jpg",1,0,0,0,0,0,0,0,0,0,0,0,0,0,0,0,0,0,0,0,0,0,0,0
"Centennial_Park",1,"winter","deep","2025_01_27_10-45-11.jpg",0,0,0,0,0,0,1,0,0,0,0,0,0,0,0,0,0,0,0,0,0,0,0,0
"Centennial_Park",1,"winter","deep","2025_01_27_10-45-26.jpg",1,0,0,0,0,0,0,0,0,0,0,0,0,0,0,0,0,0,0,0,0,0,0,0
"Centennial_Park",1,"winter","deep","2025_01_27_10-45-41.jpg",0,0,0,0,0,0,0,0,0,0,0,0,0,0,0,0,0,0,0,0,0,0,0,0
"Centennial_Park",1,"winter","deep","2025_01_27_10-45-53.jpg",1,0,0,0,0,0,0,0,0,0,0,0,0,0,0,0,0,0,0,0,0,0,0,0
"Centennial_Park",1,"winter","deep","2025_01_27_10-46-02.jpg",3,0,0,0,0,0,0,0,0,0,0,0,0,0,0,0,0,0,0,0,0,0,0,0
"Centennial_Park",1,"winter","deep","2025_01_27_10-46-20.jpg",0,0,0,0,0,0,0,0,0,0,0,0,0,0,0,0,0,0,0,0,0,0,0,0
"Centennial_Park",2,"winter","deep","2025_01_27_10-10-36.jpg",0,0,0,0,0,0,0,0,0,0,0,0,0,0,0,0,0,0,0,0,0,0,0,0
"Centennial_Park",2,"winter","deep","2025_01_27_10-10-45.jpg",0,0,0,0,0,0,0,0,0,0,0,0,0,0,0,0,0,0,0,0,0,0,0,0
"Centennial_Park",2,"winter","deep","2025_01_27_10-10-54.jpg",1,0,0,0,0,0,0,0,0,0,0,0,0,0,0,0,0,0,0,0,0,0,0,0
"Centennial_Park",2,"winter","deep","2025_01_27_10-11-03.jpg",0,0,0,0,0,0,0,0,0,0,0,0,0,0,0,0,0,0,0,0,0,0,0,0
"Centennial_Park",2,"winter","deep","2025_01_27_10-11-12.jpg",1,0,0,0,0,0,0,0,0,0,0,0,0,0,0,0,0,0,0,0,0,0,0,0
"Centennial_Park",2,"winter","deep","2025_01_27_10-11-24.jpg",0,0,0,0,0,0,1,0,0,0,0,0,0,0,0,0,0,0,0,0,0,0,0,0
"Centennial_Park",2,"winter","deep","2025_01_27_10-11-33.jpg",0,0,0,0,0,0,1,0,0,0,0,0,0,0,0,0,0,0,0,0,0,0,0,0
"Centennial_Park",2,"winter","deep","2025_01_27_10-11-45.jpg",0,0,0,0,0,0,0,0,0,0,0,0,0,0,0,0,0,0,0,0,0,0,0,0
"Centennial_Park",2,"winter","deep","2025_01_27_10-11-57.jpg",0,0,0,0,0,0,0,0,0,0,0,0,0,0,0,0,0,0,0,0,0,0,0,0
"Centennial_Park",2,"winter","deep","2025_01_27_10-12-09.jpg",0,0,0,0,0,0,0,0,0,0,0,0,0,0,0,0,0,0,0,0,0,0,0,0
"Centennial_Park",2,"winter","deep","2025_01_27_10-12-21.jpg",0,0,0,0,0,0,0,0,0,0,0,0,0,0,0,0,0,0,0,0,0,0,0,0
"Centennial_Park",2,"winter","deep","2025_01_27_10-12-33.jpg",0,0,0,0,1,0,0,0,0,0,0,0,0,0,0,0,0,0,0,0,0,0,0,0
"Centennial_Park",2,"winter","deep","2025_01_27_10-12-45.jpg",0,0,0,0,0,0,0,0,0,0,0,0,0,0,0,0,0,0,0,0,0,0,0,0
"Centennial_Park",2,"winter","deep","2025_01_27_10-13-00.jpg",0,0,0,0,0,0,0,0,0,0,0,0,0,0,0,0,0,0,0,0,0,0,0,0
"Centennial_Park",2,"winter","deep","2025_01_27_10-13-15.jpg",0,0,0,0,0,0,0,0,0,0,0,0,0,0,0,0,0,0,0,0,0,0,0,0
"Centennial_Park",2,"winter","deep","2025_01_27_10-13-30.jpg",0,0,0,0,0,0,0,0,0,0,0,0,0,0,0,0,0,0,0,0,0,0,0,0
"Centennial_Park",2,"winter","deep","2025_01_27_10-13-48.jpg",1,0,0,0,0,0,0,0,0,0,0,0,0,0,0,0,0,0,0,0,0,0,0,0
"Centennial_Park",2,"winter","deep","2025_01_27_10-14-03.jpg",2,0,0,0,0,0,0,0,0,0,0,0,0,0,0,0,0,0,0,0,0,0,0,0
"Centennial_Park",2,"winter","deep","2025_01_27_10-14-18.jpg",0,0,0,0,0,0,0,0,0,0,0,0,0,0,0,0,0,0,0,0,0,0,0,0
"Centennial_Park",2,"winter","deep","2025_01_27_10-14-30.jpg",0,0,0,0,0,0,0,0,0,0,0,0,0,0,0,0,0,0,0,0,0,0,0,0
"Centennial_Park",2,"winter","deep","2025_01_27_10-14-42.jpg",1,0,0,0,0,0,0,0,0,0,0,0,0,0,0,0,0,0,0,0,0,0,0,0
"Centennial_Park",2,"winter","deep","2025_01_27_10-14-51.jpg",3,0,0,0,0,0,0,0,0,0,0,0,0,0,0,0,0,0,0,0,0,0,0,0
"Centennial_Park",2,"winter","deep","2025_01_27_10-15-03.jpg",2,0,0,0,0,0,0,0,0,0,0,0,0,0,0,0,0,0,0,0,0,0,0,0
"Centennial_Park",2,"winter","deep","2025_01_27_10-15-15.jpg",3,0,0,0,0,0,0,0,0,0,0,0,0,0,0,0,0,0,0,0,0,0,0,0
"Centennial_Park",2,"winter","deep","2025_01_27_10-15-27.jpg",5,0,0,0,0,0,0,0,0,0,0,0,0,0,0,0,0,0,0,0,0,0,0,0
"Centennial_Park",2,"winter","deep","2025_01_27_10-15-39.jpg",2,0,0,0,0,0,0,0,0,0,0,0,0,0,0,0,0,0,0,0,0,0,0,0
"Centennial_Park",2,"winter","deep","2025_01_27_10-15-51.jpg",1,0,0,0,0,0,0,0,0,0,0,0,0,0,0,0,0,0,0,0,0,0,0,0
"Centennial_Park",2,"winter","deep","2025_01_27_10-16-03.jpg",3,0,0,0,0,0,0,0,0,0,0,0,0,0,0,0,0,0,0,0,0,0,0,0
"Centennial_Park",2,"winter","deep","2025_01_27_10-16-12.jpg",3,0,0,0,0,0,0,0,0,0,0,0,0,0,0,0,0,0,0,0,0,0,0,0
"Centennial_Park",2,"winter","deep","2025_01_27_10-16-24.jpg",0,0,0,0,0,0,0,0,0,0,0,0,0,0,0,0,0,0,0,0,0,0,0,0
"Centennial_Park",2,"winter","deep","2025_01_27_10-33-25.jpg",0,0,0,0,0,0,0,0,0,0,0,0,0,0,0,0,0,0,0,0,0,0,0,0
"Centennial_Park",2,"winter","deep","2025_01_27_10-33-37.jpg",0,0,0,0,0,0,0,0,0,0,0,0,0,0,0,0,0,0,0,0,0,0,0,0
"Centennial_Park",2,"winter","deep","2025_01_27_10-33-55.jpg",1,0,0,0,0,0,0,0,0,0,0,0,0,0,0,0,0,0,0,0,0,0,0,0
"Centennial_Park",2,"winter","deep","2025_01_27_10-34-10.jpg",0,0,0,0,0,0,0,0,0,0,0,0,0,0,0,0,0,0,0,0,0,0,0,0
"Centennial_Park",2,"winter","deep","2025_01_27_10-34-25.jpg",3,0,0,0,0,0,0,0,0,0,0,0,0,0,0,0,0,0,0,0,0,0,0,0
"Centennial_Park",2,"winter","deep","2025_01_27_10-34-37.jpg",0,0,0,0,0,0,0,0,0,0,0,0,0,0,0,0,0,0,0,0,0,0,0,0
"Centennial_Park",2,"winter","deep","2025_01_27_10-34-52.jpg",2,0,0,0,0,0,0,0,0,0,0,0,0,0,0,0,0,0,0,0,0,0,0,0
"Centennial_Park",2,"winter","deep","2025_01_27_10-35-07.jpg",3,0,0,0,0,0,0,0,0,0,0,0,0,0,0,0,0,0,0,0,0,0,0,0
"Centennial_Park",2,"winter","deep","2025_01_27_10-35-28.jpg",0,0,0,0,0,0,0,0,0,0,0,0,0,0,0,0,0,0,0,0,0,0,0,0
"Centennial_Park",2,"winter","deep","2025_01_27_10-35-46.jpg",1,0,0,0,0,0,0,0,0,0,0,0,0,0,0,0,0,0,0,0,0,0,0,0
"Centennial_Park",2,"winter","deep","2025_01_27_10-36-01.jpg",0,0,0,0,0,0,0,0,0,0,0,0,0,0,0,0,0,0,0,0,0,0,0,0
"Centennial_Park",2,"winter","deep","2025_01_27_10-36-13.jpg",0,0,0,0,0,0,0,0,0,0,0,0,0,0,0,0,0,0,0,0,0,0,0,0
"Centennial_Park",2,"winter","deep","2025_01_27_10-36-28.jpg",1,0,0,0,0,0,0,0,0,0,0,0,0,0,0,0,0,0,0,0,0,0,0,0
"Centennial_Park",2,"winter","deep","2025_01_27_10-36-40.jpg",0,0,0,0,0,0,0,0,0,0,0,0,0,0,0,0,0,0,0,0,0,0,0,0
"Centennial_Park",2,"winter","deep","2025_01_27_10-36-55.jpg",1,0,0,0,0,0,0,0,0,0,0,0,0,0,0,0,0,0,0,0,0,0,0,0
"Centennial_Park",2,"winter","deep","2025_01_27_10-37-07.jpg",0,0,0,0,0,0,0,0,0,0,0,0,0,0,0,0,0,0,0,0,0,0,0,0
"Centennial_Park",2,"winter","deep","2025_01_27_10-37-22.jpg",0,0,0,0,0,0,0,0,0,0,0,0,0,0,0,0,0,0,0,0,0,0,0,0
"Centennial_Park",2,"winter","deep","2025_01_27_10-37-34.jpg",0,0,0,0,0,0,0,0,0,0,0,0,0,0,0,0,0,0,0,0,0,0,0,0
"Centennial_Park",2,"winter","deep","2025_01_27_10-37-46.jpg",0,0,0,0,0,0,0,0,0,0,0,0,0,0,0,0,0,0,0,0,0,0,0,0
"Centennial_Park",2,"winter","deep","2025_01_27_10-37-58.jpg",0,0,0,0,0,0,0,0,0,0,0,0,0,0,0,0,0,0,0,0,0,0,0,0
"Centennial_Park",2,"winter","deep","2025_01_27_10-38-10.jpg",0,0,0,0,0,0,0,0,0,0,0,0,0,0,0,0,0,0,0,0,0,0,0,0
"Centennial_Park",2,"winter","deep","2025_01_27_10-38-19.jpg",0,0,0,0,0,0,0,0,0,0,0,0,0,0,0,0,0,0,0,0,0,0,0,0
"Centennial_Park",2,"winter","deep","2025_01_27_10-38-31.jpg",0,0,0,0,0,0,0,0,0,0,0,0,0,0,0,0,0,0,0,0,0,0,0,0
"Centennial_Park",2,"winter","deep","2025_01_27_10-38-40.jpg",0,0,0,0,0,0,0,0,0,0,0,0,0,0,0,0,0,0,0,0,0,0,0,0
"Centennial_Park",2,"winter","deep","2025_01_27_10-38-46.jpg",0,0,0,0,0,0,0,0,0,0,0,0,0,0,0,0,0,0,0,0,0,0,0,0
"Centennial_Park",2,"winter","deep","2025_01_27_10-38-55.jpg",1,0,0,0,0,0,0,0,0,0,0,0,0,0,0,0,0,0,0,0,0,0,0,0
"Centennial_Park",2,"winter","deep","2025_01_27_10-39-01.jpg",0,0,0,0,0,0,0,0,0,0,0,0,0,0,0,0,0,0,0,0,0,0,0,0
"Centennial_Park",2,"winter","deep","2025_01_27_10-39-07.jpg",0,0,0,0,0,0,0,0,0,0,0,0,0,0,0,0,0,0,0,0,0,0,0,0
"Centennial_Park",2,"winter","deep","2025_01_27_10-39-17.jpg",0,0,0,0,0,0,0,0,0,0,0,0,0,0,0,0,0,0,0,0,0,0,0,0
"Centennial_Park",2,"winter","deep","2025_01_27_10-39-26.jpg",0,0,0,0,0,0,0,0,0,0,0,0,0,0,0,0,0,0,0,0,0,0,0,0
"Centennial_Park",3,"winter","deep","2025_01_27_10-17-21.jpg",2,0,0,0,0,0,0,0,0,0,0,0,0,0,0,0,0,0,0,0,0,0,0,0
"Centennial_Park",3,"winter","deep","2025_01_27_10-17-30.jpg",0,0,0,0,0,0,0,0,0,0,0,0,0,0,0,0,0,0,0,0,0,0,0,0
"Centennial_Park",3,"winter","deep","2025_01_27_10-17-39.jpg",2,0,0,0,0,0,0,0,0,0,0,0,0,0,0,0,0,0,0,0,0,0,0,0
"Centennial_Park",3,"winter","deep","2025_01_27_10-17-45.jpg",3,0,0,0,0,0,0,0,0,0,0,0,0,0,0,0,0,0,0,0,0,0,0,0
"Centennial_Park",3,"winter","deep","2025_01_27_10-17-54.jpg",1,0,0,0,0,0,0,0,0,0,0,0,0,0,0,0,0,0,0,0,0,0,0,0
"Centennial_Park",3,"winter","deep","2025_01_27_10-18-03.jpg",1,0,0,0,0,0,0,0,0,0,0,0,0,0,0,0,0,0,0,0,0,0,0,0
"Centennial_Park",3,"winter","deep","2025_01_27_10-18-09.jpg",0,0,0,0,0,0,0,0,0,0,0,0,0,0,0,0,0,0,0,0,0,0,0,0
"Centennial_Park",3,"winter","deep","2025_01_27_10-18-18.jpg",0,0,0,0,0,0,0,0,0,0,0,0,0,0,0,0,0,0,0,0,0,0,0,0
"Centennial_Park",3,"winter","deep","2025_01_27_10-18-27.jpg",0,0,0,0,0,0,0,0,0,0,0,0,0,0,0,0,0,0,0,0,0,0,0,0
"Centennial_Park",3,"winter","deep","2025_01_27_10-18-39.jpg",0,0,0,0,0,0,0,0,0,0,0,0,0,0,0,0,0,0,0,0,0,0,0,0
"Centennial_Park",3,"winter","deep","2025_01_27_10-18-48.jpg",1,0,0,0,0,0,0,0,0,0,0,0,0,0,0,0,0,0,0,0,0,0,0,0
"Centennial_Park",3,"winter","deep","2025_01_27_10-18-57.jpg",1,0,0,0,0,0,0,0,0,0,0,0,0,0,0,0,0,0,0,0,0,0,0,0
"Centennial_Park",3,"winter","deep","2025_01_27_10-19-09.jpg",0,0,0,0,0,0,0,0,0,0,0,0,0,0,0,0,0,0,0,0,0,0,0,0
"Centennial_Park",3,"winter","deep","2025_01_27_10-19-21.jpg",0,0,0,0,0,0,0,0,0,0,0,0,0,0,0,0,0,0,0,0,0,0,0,0
"Centennial_Park",3,"winter","deep","2025_01_27_10-19-30.jpg",1,0,0,0,0,0,0,0,0,0,0,0,0,0,0,0,0,0,0,0,0,0,0,0
"Centennial_Park",3,"winter","deep","2025_01_27_10-19-42.jpg",1,0,0,0,0,0,0,0,0,0,0,0,0,0,0,0,0,0,0,0,0,0,0,0
"Centennial_Park",3,"winter","deep","2025_01_27_10-19-54.jpg",0,0,0,0,0,0,0,0,0,0,0,0,0,0,0,0,0,0,0,0,0,0,0,0
"Centennial_Park",3,"winter","deep","2025_01_27_10-20-03.jpg",0,0,0,0,0,0,0,0,0,0,0,0,0,0,0,0,0,0,0,0,0,0,0,0
"Centennial_Park",3,"winter","deep","2025_01_27_10-20-15.jpg",1,0,0,0,0,0,0,0,0,0,0,0,0,0,0,0,0,0,0,0,0,0,0,0
"Centennial_Park",3,"winter","deep","2025_01_27_10-20-24.jpg",0,0,0,0,0,0,0,0,0,0,0,0,0,0,0,0,0,0,0,0,0,0,0,0
"Centennial_Park",3,"winter","deep","2025_01_27_10-20-36.jpg",0,0,0,0,0,0,0,0,0,0,0,0,0,0,0,0,0,0,0,0,0,0,0,0
"Centennial_Park",3,"winter","deep","2025_01_27_10-20-51.jpg",0,0,0,0,0,0,0,0,0,0,0,0,0,0,0,0,0,0,0,0,0,0,0,0
"Centennial_Park",3,"winter","deep","2025_01_27_10-21-03.jpg",0,0,0,0,0,0,0,0,0,0,0,0,0,0,0,0,0,0,0,0,0,0,0,0
"Centennial_Park",3,"winter","deep","2025_01_27_10-21-15.jpg",0,0,0,0,0,0,0,0,0,0,0,0,0,0,0,0,0,0,0,0,0,0,0,0
"Centennial_Park",3,"winter","deep","2025_01_27_10-21-24.jpg",0,0,0,0,0,0,0,0,0,0,0,0,0,0,0,0,0,0,0,0,0,0,0,0
"Centennial_Park",3,"winter","deep","2025_01_27_10-21-33.jpg",1,0,0,0,0,0,0,0,0,0,0,0,0,0,0,0,0,0,0,0,0,0,0,0
"Centennial_Park",3,"winter","deep","2025_01_27_10-21-45.jpg",0,0,0,0,0,0,0,0,0,0,0,0,0,0,0,0,0,0,0,0,0,0,0,0
"Centennial_Park",3,"winter","deep","2025_01_27_10-21-54.jpg",0,0,0,0,0,0,0,0,0,0,0,0,0,0,0,0,0,0,0,0,0,0,0,0
"Centennial_Park",3,"winter","deep","2025_01_27_10-22-03.jpg",0,0,0,0,0,0,0,0,0,0,0,0,0,0,0,0,0,0,0,0,0,0,0,0
"Centennial_Park",3,"winter","deep","2025_01_27_10-22-27.jpg",0,0,0,0,0,0,0,0,0,0,0,0,0,0,0,0,0,0,0,0,0,0,0,0
"Centennial_Park",3,"winter","deep","2025_01_27_10-25-04.jpg",0,0,0,0,0,0,0,0,0,0,0,0,0,0,0,0,0,0,0,0,0,0,0,0
"Centennial_Park",3,"winter","deep","2025_01_27_10-25-34.jpg",0,0,0,0,0,0,0,0,0,0,0,0,0,0,0,0,0,0,0,0,0,0,0,0
"Centennial_Park",3,"winter","deep","2025_01_27_10-26-01.jpg",0,0,0,0,0,0,0,0,0,0,0,0,0,0,0,0,0,0,0,0,0,0,0,0
"Centennial_Park",3,"winter","deep","2025_01_27_10-26-22.jpg",0,0,0,0,0,0,0,0,0,0,0,0,0,0,0,0,0,0,0,0,0,0,0,0
"Centennial_Park",3,"winter","deep","2025_01_27_10-26-40.jpg",0,0,0,0,0,0,0,0,0,0,0,0,0,0,0,0,0,0,0,0,0,0,0,0
"Centennial_Park",3,"winter","deep","2025_01_27_10-26-52.jpg",0,0,0,0,0,0,0,0,0,0,0,0,0,0,0,0,0,0,0,0,0,0,0,0
"Centennial_Park",3,"winter","deep","2025_01_27_10-27-07.jpg",0,0,0,0,0,0,0,0,0,0,0,0,0,0,0,0,0,0,0,0,0,0,0,0
"Centennial_Park",3,"winter","deep","2025_01_27_10-27-25.jpg",0,0,0,0,0,0,0,0,0,0,0,0,0,0,0,0,0,0,0,0,0,0,0,0
"Centennial_Park",3,"winter","deep","2025_01_27_10-27-46.jpg",0,0,0,0,0,0,0,0,0,0,0,0,0,0,0,0,0,0,0,0,0,0,0,0
"Centennial_Park",3,"winter","deep","2025_01_27_10-28-01.jpg",0,0,0,0,0,0,0,0,0,0,0,0,0,0,0,0,0,0,0,0,0,0,0,0
"Centennial_Park",3,"winter","deep","2025_01_27_10-28-13.jpg",1,0,0,0,0,0,0,0,0,0,0,0,0,0,0,0,0,0,0,0,0,0,0,0
"Centennial_Park",3,"winter","deep","2025_01_27_10-28-22.jpg",0,0,0,0,0,0,0,0,0,0,0,0,0,0,0,0,0,0,0,0,0,0,0,0
"Centennial_Park",3,"winter","deep","2025_01_27_10-28-31.jpg",0,0,0,0,0,0,0,0,0,0,0,0,0,0,0,0,0,0,0,0,0,0,0,0
"Centennial_Park",3,"winter","deep","2025_01_27_10-28-43.jpg",0,0,0,0,0,0,0,0,0,0,0,0,0,0,0,0,0,0,0,0,0,0,0,0
"Centennial_Park",3,"winter","deep","2025_01_27_10-28-55.jpg",0,0,0,0,0,0,0,0,0,0,0,0,0,0,0,0,0,0,0,0,0,0,0,0
"Centennial_Park",3,"winter","deep","2025_01_27_10-29-07.jpg",0,0,0,0,0,0,0,0,0,0,0,0,0,0,0,0,0,0,0,0,0,0,0,0
"Centennial_Park",3,"winter","deep","2025_01_27_10-29-16.jpg",0,0,0,0,0,0,0,0,0,0,0,0,0,0,0,0,0,0,0,0,0,0,0,0
"Centennial_Park",3,"winter","deep","2025_01_27_10-29-28.jpg",0,0,0,0,0,0,0,0,0,0,0,0,0,0,0,0,0,0,0,0,0,0,0,0
"Centennial_Park",3,"winter","deep","2025_01_27_10-29-37.jpg",0,0,0,0,0,0,0,0,0,0,0,0,0,0,0,0,0,0,0,0,0,0,0,0
"Centennial_Park",3,"winter","deep","2025_01_27_10-29-52.jpg",0,0,0,0,0,0,0,0,0,0,0,0,0,0,0,0,0,0,0,0,0,0,0,0
"Centennial_Park",3,"winter","deep","2025_01_27_10-30-04.jpg",1,0,0,0,0,0,0,0,0,0,0,0,0,0,0,0,0,0,0,0,0,0,0,0
"Centennial_Park",3,"winter","deep","2025_01_27_10-30-19.jpg",0,0,0,0,0,0,0,0,0,0,0,0,0,0,0,0,0,0,0,0,0,0,0,0
"Centennial_Park",3,"winter","deep","2025_01_27_10-30-34.jpg",0,0,0,0,0,0,0,0,0,0,0,0,0,0,0,0,0,0,0,0,0,0,0,0
"Centennial_Park",3,"winter","deep","2025_01_27_10-30-52.jpg",0,0,0,0,0,0,0,0,0,0,0,0,0,0,0,0,0,0,0,0,0,0,0,0
"Centennial_Park",3,"winter","deep","2025_01_27_10-31-07.jpg",0,0,0,0,0,0,0,0,0,0,0,0,0,0,0,0,0,0,0,0,0,0,0,0
"Centennial_Park",3,"winter","deep","2025_01_27_10-31-25.jpg",1,0,0,0,0,0,0,0,0,0,0,0,0,0,0,0,0,0,0,0,0,0,0,0
"Centennial_Park",3,"winter","deep","2025_01_27_10-31-37.jpg",1,0,0,0,0,0,0,0,0,0,0,0,0,0,0,0,0,0,0,0,0,0,0,0
"Centennial_Park",3,"winter","deep","2025_01_27_10-31-49.jpg",0,0,0,0,0,0,0,0,0,0,0,0,0,0,0,0,0,0,0,0,0,0,0,0
"Centennial_Park",3,"winter","deep","2025_01_27_10-32-01.jpg",1,0,0,0,0,0,0,0,0,0,0,0,0,0,0,0,0,0,0,0,0,0,0,0
"Centennial_Park",3,"winter","deep","2025_01_27_10-32-13.jpg",2,0,0,0,0,0,0,0,0,0,0,0,0,0,0,0,0,0,0,0,0,0,0,0
"Centennial_Park",4,"winter","shallow","2025_01_27_11-38-49.jpg",0,0,0,0,0,0,0,0,0,0,0,0,0,0,0,0,0,0,0,0,0,0,0,0
"Centennial_Park",4,"winter","shallow","2025_01_27_11-38-55.jpg",0,0,0,0,0,0,0,0,0,0,0,0,0,0,0,0,0,0,0,0,0,0,0,0
"Centennial_Park",4,"winter","shallow","2025_01_27_11-39-04.jpg",0,0,0,0,0,0,0,0,0,0,0,0,0,0,0,0,0,0,0,0,0,0,0,0
"Centennial_Park",4,"winter","shallow","2025_01_27_11-39-10.jpg",0,0,0,0,0,0,0,0,0,0,0,0,0,0,0,0,0,0,0,0,0,0,0,0
"Centennial_Park",4,"winter","shallow","2025_01_27_11-39-19.jpg",0,0,0,0,0,0,0,0,0,0,0,0,0,0,0,0,0,0,0,0,0,0,0,0
"Centennial_Park",4,"winter","shallow","2025_01_27_11-39-28.jpg",1,0,0,0,0,0,0,0,0,0,0,0,0,0,0,0,0,0,0,0,0,0,0,0
"Centennial_Park",4,"winter","shallow","2025_01_27_11-39-34.jpg",0,0,0,0,0,0,0,0,0,0,0,0,0,0,0,0,0,0,0,0,0,0,0,0
"Centennial_Park",4,"winter","shallow","2025_01_27_11-39-43.jpg",0,0,0,0,0,0,0,0,0,0,0,0,0,0,0,0,0,0,0,0,0,0,0,0
"Centennial_Park",4,"winter","shallow","2025_01_27_11-39-49.jpg",0,0,0,0,0,0,0,0,0,0,0,0,0,0,0,0,0,0,0,0,0,0,0,0
"Centennial_Park",4,"winter","shallow","2025_01_27_11-39-58.jpg",0,0,0,0,0,0,0,0,0,0,0,0,0,0,0,0,0,0,0,0,0,0,0,0
"Centennial_Park",4,"winter","shallow","2025_01_27_11-40-04.jpg",1,0,0,0,0,0,0,0,0,0,0,0,0,0,0,0,0,0,0,0,0,0,0,0
"Centennial_Park",4,"winter","shallow","2025_01_27_11-40-10.jpg",1,0,0,0,0,0,0,0,0,0,0,0,0,0,0,0,0,0,0,0,0,0,0,0
"Centennial_Park",4,"winter","shallow","2025_01_27_11-40-16.jpg",1,0,0,0,0,0,0,0,0,0,0,0,0,0,0,0,0,0,0,0,0,0,0,0
"Centennial_Park",4,"winter","shallow","2025_01_27_11-40-22.jpg",0,0,0,0,0,0,0,0,0,0,0,0,0,0,0,0,0,0,0,0,0,0,0,0
"Centennial_Park",4,"winter","shallow","2025_01_27_11-40-28.jpg",1,0,0,0,0,0,0,0,0,0,0,0,0,0,0,0,0,0,0,0,0,0,0,0
"Centennial_Park",4,"winter","shallow","2025_01_27_11-40-34.jpg",1,0,0,0,0,0,0,0,0,0,0,0,0,0,0,0,0,0,0,0,0,0,0,0
"Centennial_Park",4,"winter","shallow","2025_01_27_11-40-37.jpg",1,0,0,0,0,0,0,0,0,0,0,0,0,0,0,0,0,0,0,0,0,0,0,0
"Centennial_Park",4,"winter","shallow","2025_01_27_11-40-43.jpg",1,0,0,0,0,0,0,0,0,0,0,0,0,0,0,0,0,0,0,0,0,0,0,0
"Centennial_Park",4,"winter","shallow","2025_01_27_11-40-49.jpg",0,0,0,0,0,0,0,0,0,0,0,0,0,0,0,0,0,0,0,0,0,0,0,0
"Centennial_Park",4,"winter","shallow","2025_01_27_11-40-55.jpg",0,0,0,0,0,0,0,0,0,0,0,0,0,0,0,0,0,0,0,0,0,0,0,0
"Centennial_Park",4,"winter","shallow","2025_01_27_11-41-01.jpg",0,0,0,0,0,0,0,0,0,0,0,0,0,0,0,0,0,0,0,0,0,0,0,0
"Centennial_Park",4,"winter","shallow","2025_01_27_11-41-07.jpg",0,0,0,0,0,0,0,0,0,0,0,0,0,0,0,0,0,0,0,0,0,0,0,0
"Centennial_Park",4,"winter","shallow","2025_01_27_11-41-13.jpg",1,0,0,0,0,0,0,0,0,0,0,0,0,0,0,0,0,0,0,0,0,0,0,0
"Centennial_Park",4,"winter","shallow","2025_01_27_11-41-22.jpg",1,0,0,0,0,0,0,0,0,0,0,0,0,0,0,0,0,0,0,0,0,0,0,0
"Centennial_Park",4,"winter","shallow","2025_01_27_11-41-31.jpg",0,0,0,0,0,0,0,0,0,0,0,0,0,0,0,0,0,0,0,0,0,0,0,0
"Centennial_Park",4,"winter","shallow","2025_01_27_11-41-40.jpg",0,0,0,0,0,0,0,0,0,0,0,0,0,0,0,0,0,0,0,0,0,0,0,0
"Centennial_Park",4,"winter","shallow","2025_01_27_11-41-52.jpg",2,0,0,0,0,0,0,0,0,0,0,0,0,0,0,0,0,0,0,0,0,0,0,0
"Centennial_Park",4,"winter","shallow","2025_01_27_11-42-04.jpg",0,0,0,0,0,0,0,0,0,0,0,0,0,0,0,0,0,0,0,0,0,0,0,0
"Centennial_Park",4,"winter","shallow","2025_01_27_11-42-13.jpg",1,0,0,0,0,0,0,0,0,0,0,0,0,0,0,0,0,0,0,0,0,0,0,0
"Centennial_Park",4,"winter","shallow","2025_01_27_11-42-25.jpg",1,0,0,0,0,0,0,0,0,0,0,0,0,0,0,0,0,0,0,0,0,0,0,0
"Centennial_Park",4,"winter","shallow","2025_01_27_11-42-37.jpg",0,0,0,0,0,0,0,0,0,0,0,0,0,0,0,0,0,0,0,0,0,0,0,0
"Centennial_Park",4,"winter","shallow","2025_01_27_11-42-46.jpg",1,0,0,0,0,0,0,0,0,0,0,0,0,0,0,0,0,0,0,0,0,0,0,0
"Centennial_Park",4,"winter","shallow","2025_01_27_11-42-58.jpg",1,0,0,0,0,0,0,0,0,0,0,0,0,0,0,0,0,0,0,0,0,0,0,0
"Centennial_Park",4,"winter","shallow","2025_01_27_11-43-10.jpg",0,0,0,0,0,0,0,0,0,0,0,0,0,0,0,0,0,0,0,0,0,0,0,0
"Centennial_Park",4,"winter","shallow","2025_01_27_11-43-22.jpg",0,0,0,0,0,0,0,0,0,0,0,0,0,0,0,0,0,0,0,0,0,0,0,0
"Centennial_Park",4,"winter","shallow","2025_01_27_11-43-43.jpg",0,0,0,0,0,0,0,0,0,0,0,0,0,0,0,0,0,0,0,0,0,0,0,0
"Centennial_Park",4,"winter","shallow","2025_01_27_11-44-07.jpg",0,0,0,0,0,0,0,0,0,0,0,0,0,0,0,0,0,0,0,0,0,0,0,0
"Centennial_Park",4,"winter","shallow","2025_01_27_11-44-19.jpg",0,0,0,0,1,0,0,0,0,0,0,0,0,0,0,0,0,0,0,0,0,0,0,0
"Centennial_Park",4,"winter","shallow","2025_01_27_11-44-37.jpg",0,0,0,0,0,0,0,0,0,0,0,0,0,0,0,0,0,0,0,0,0,0,0,0
"Centennial_Park",4,"winter","shallow","2025_01_27_11-44-46.jpg",0,0,0,0,0,0,0,0,0,0,0,0,0,0,0,0,0,0,0,0,0,0,0,0
"Centennial_Park",4,"winter","shallow","2025_01_27_11-44-58.jpg",1,0,0,0,0,0,0,0,0,0,0,0,0,0,0,0,0,0,0,0,0,0,0,0
"Centennial_Park",4,"winter","shallow","2025_01_27_11-45-13.jpg",1,0,0,0,0,0,0,0,0,0,0,0,0,0,0,0,0,0,0,0,0,0,0,0
"Centennial_Park",4,"winter","shallow","2025_01_27_11-45-31.jpg",1,0,0,0,0,0,0,0,0,0,0,0,0,0,0,0,0,0,0,0,0,0,0,0
"Centennial_Park",4,"winter","shallow","2025_01_27_11-45-46.jpg",0,0,0,0,0,0,0,0,0,0,0,0,0,0,0,0,0,0,0,0,0,0,0,0
"Centennial_Park",4,"winter","shallow","2025_01_27_11-45-58.jpg",0,0,0,0,0,0,0,0,0,0,0,0,0,0,0,0,0,0,0,0,0,0,0,0
"Centennial_Park",4,"winter","shallow","2025_01_27_11-46-13.jpg",0,0,0,0,0,0,0,0,0,0,0,0,0,0,0,0,0,0,0,0,0,0,0,0
"Centennial_Park",4,"winter","shallow","2025_01_27_11-46-28.jpg",2,0,0,0,0,0,0,0,0,0,0,0,0,0,0,0,0,0,0,0,0,0,0,0
"Centennial_Park",4,"winter","shallow","2025_01_27_11-46-40.jpg",0,0,0,0,1,0,0,0,0,0,0,0,0,0,0,0,0,0,0,0,0,0,0,0
"Centennial_Park",4,"winter","shallow","2025_01_27_11-46-52.jpg",1,0,0,0,0,0,0,0,0,0,0,0,0,0,0,0,0,0,0,0,0,0,0,0
"Centennial_Park",4,"winter","shallow","2025_01_27_11-47-04.jpg",0,0,0,0,0,0,0,0,0,0,0,0,0,0,0,0,0,0,0,0,0,0,0,0
"Centennial_Park",4,"winter","shallow","2025_01_27_11-47-16.jpg",1,0,0,0,0,0,0,0,0,0,0,0,0,0,0,0,0,0,0,0,0,0,0,0
"Centennial_Park",4,"winter","shallow","2025_01_27_11-47-31.jpg",0,0,0,0,0,0,0,0,0,0,0,0,0,0,0,0,0,0,0,0,0,0,0,0
"Centennial_Park",4,"winter","shallow","2025_01_27_11-47-43.jpg",0,0,0,0,0,0,0,0,0,0,0,0,0,0,0,0,0,0,0,0,0,0,0,0
"Centennial_Park",4,"winter","shallow","2025_01_27_11-47-58.jpg",0,0,0,0,0,0,0,0,0,0,0,0,0,0,0,0,0,0,0,0,0,0,0,0
"Centennial_Park",4,"winter","shallow","2025_01_27_11-48-10.jpg",0,0,0,0,0,0,1,0,0,0,0,0,0,0,0,0,0,0,0,0,0,0,0,0
"Centennial_Park",4,"winter","shallow","2025_01_27_11-48-22.jpg",1,0,0,0,0,0,0,0,0,0,0,0,0,0,0,0,0,0,0,0,0,0,0,0
"Centennial_Park",4,"winter","shallow","2025_01_27_11-48-34.jpg",0,0,0,0,0,0,0,0,0,0,0,0,0,0,0,0,0,0,0,0,0,0,0,0
"Centennial_Park",4,"winter","shallow","2025_01_27_11-48-43.jpg",0,0,0,0,0,0,0,0,0,0,0,0,0,0,0,0,0,0,0,0,0,0,0,0
"Centennial_Park",4,"winter","shallow","2025_01_27_11-48-52.jpg",0,0,0,0,0,0,0,0,0,0,0,0,0,0,0,0,0,0,0,0,0,0,0,0
"Centennial_Park",4,"winter","shallow","2025_01_27_11-49-04.jpg",0,0,0,0,0,0,0,0,0,0,0,0,0,0,0,0,0,0,0,0,0,0,0,0
"Centennial_Park",4,"winter","shallow","2025_01_27_11-49-10.jpg",0,0,0,0,0,0,0,0,0,0,0,0,0,0,0,0,0,0,0,0,0,0,0,0
"Centennial_Park",4,"winter","shallow","2025_01_27_11-49-25.jpg",2,0,0,0,0,0,0,0,0,0,0,0,0,0,0,0,0,0,0,0,0,0,0,0
"Centennial_Park",4,"winter","shallow","2025_01_27_11-49-40.jpg",0,0,0,0,0,0,0,0,0,0,0,0,0,0,0,0,0,0,0,0,0,0,0,0
"Centennial_Park",4,"winter","shallow","2025_01_27_11-49-52.jpg",1,0,0,0,0,0,0,0,0,0,0,0,0,0,0,0,0,0,0,0,0,0,0,0
"Centennial_Park",4,"winter","shallow","2025_01_27_11-50-04.jpg",2,0,0,0,0,0,0,0,0,0,0,0,0,0,0,0,0,0,0,0,0,0,0,0
"Centennial_Park",4,"winter","shallow","2025_01_27_11-50-16.jpg",0,0,0,0,0,0,0,0,0,0,0,0,0,0,0,0,0,0,0,0,0,0,0,0
"Centennial_Park",4,"winter","shallow","2025_01_27_11-50-25.jpg",2,0,0,0,0,0,0,0,0,0,0,0,0,0,0,0,0,0,0,0,0,0,0,0
"Centennial_Park",5,"winter","shallow","2025_01_27_11-31-30.jpg",0,0,0,0,0,0,0,0,0,0,0,0,0,0,0,0,0,0,0,0,0,0,0,0
"Centennial_Park",5,"winter","shallow","2025_01_27_11-31-42.jpg",0,0,0,0,0,0,0,0,0,0,0,0,0,0,0,0,0,0,0,0,0,0,0,0
"Centennial_Park",5,"winter","shallow","2025_01_27_11-31-54.jpg",1,0,0,0,0,0,0,0,0,0,0,0,0,0,0,0,0,0,0,0,0,0,0,0
"Centennial_Park",5,"winter","shallow","2025_01_27_11-32-06.jpg",0,0,0,0,0,0,0,0,0,0,0,0,0,0,0,0,0,0,0,0,0,0,0,0
"Centennial_Park",5,"winter","shallow","2025_01_27_11-32-18.jpg",2,0,0,0,0,0,0,0,0,0,0,0,0,0,0,0,0,0,0,0,0,0,0,0
"Centennial_Park",5,"winter","shallow","2025_01_27_11-32-30.jpg",0,0,0,0,0,0,0,0,0,0,0,0,0,0,0,0,0,0,0,0,0,0,0,0
"Centennial_Park",5,"winter","shallow","2025_01_27_11-32-39.jpg",0,0,0,0,0,0,0,0,0,0,0,0,0,0,0,0,0,0,0,0,0,0,0,0
"Centennial_Park",5,"winter","shallow","2025_01_27_11-32-51.jpg",0,0,0,0,0,0,0,0,0,0,0,0,0,0,0,0,0,0,0,0,0,0,0,0
"Centennial_Park",5,"winter","shallow","2025_01_27_11-33-03.jpg",0,0,0,0,0,0,0,0,0,0,0,0,0,0,0,0,0,0,0,0,0,0,0,0
"Centennial_Park",5,"winter","shallow","2025_01_27_11-33-18.jpg",0,0,0,0,0,0,0,0,0,0,0,0,0,0,0,0,0,0,0,0,0,0,0,0
"Centennial_Park",5,"winter","shallow","2025_01_27_11-33-27.jpg",0,0,0,0,0,0,0,0,0,0,0,0,0,0,0,0,0,0,0,0,0,0,0,0
"Centennial_Park",5,"winter","shallow","2025_01_27_11-33-39.jpg",1,0,0,0,0,0,0,0,0,0,0,0,0,0,0,0,0,0,0,0,0,0,0,0
"Centennial_Park",5,"winter","shallow","2025_01_27_11-33-51.jpg",1,0,0,0,0,0,0,0,0,0,0,0,0,0,0,0,0,0,0,0,0,0,0,0
"Centennial_Park",5,"winter","shallow","2025_01_27_11-34-03.jpg",0,0,0,0,0,0,0,0,0,0,0,0,0,0,0,0,0,0,0,0,0,0,0,0
"Centennial_Park",5,"winter","shallow","2025_01_27_11-34-12.jpg",0,0,0,0,0,0,0,0,0,0,0,0,0,0,0,0,0,0,0,0,0,0,0,0
"Centennial_Park",5,"winter","shallow","2025_01_27_11-34-24.jpg",2,0,0,0,1,0,0,0,0,0,0,0,0,0,0,0,0,0,0,0,0,0,0,0
"Centennial_Park",5,"winter","shallow","2025_01_27_11-34-33.jpg",0,0,0,0,0,0,0,0,0,0,0,0,0,0,0,0,0,0,0,0,0,0,0,0
"Centennial_Park",5,"winter","shallow","2025_01_27_11-34-45.jpg",0,0,0,0,0,0,0,0,0,0,0,0,0,0,0,0,0,0,0,0,0,0,0,0
"Centennial_Park",5,"winter","shallow","2025_01_27_11-34-54.jpg",0,0,0,0,0,0,0,0,0,0,0,0,0,0,0,0,0,0,0,0,0,0,0,0
"Centennial_Park",5,"winter","shallow","2025_01_27_11-35-03.jpg",0,0,0,0,0,0,0,0,0,0,0,0,0,0,0,0,0,0,0,0,0,0,0,0
"Centennial_Park",5,"winter","shallow","2025_01_27_11-35-15.jpg",0,0,0,0,0,0,0,0,0,0,0,0,0,0,0,0,0,0,0,0,0,0,0,0
"Centennial_Park",5,"winter","shallow","2025_01_27_11-35-24.jpg",0,0,0,0,0,0,0,0,0,0,0,0,0,0,0,0,0,0,0,0,0,0,0,0
"Centennial_Park",5,"winter","shallow","2025_01_27_11-35-33.jpg",0,0,0,0,0,0,0,0,0,0,0,0,0,0,0,0,0,0,0,0,0,0,0,0
"Centennial_Park",5,"winter","shallow","2025_01_27_11-35-45.jpg",0,0,0,0,1,0,0,0,1,0,0,0,0,0,0,0,0,0,0,0,0,0,0,0
"Centennial_Park",5,"winter","shallow","2025_01_27_11-36-00.jpg",4,0,0,0,0,0,0,0,0,0,0,0,0,0,0,0,0,0,0,0,0,0,0,0
"Centennial_Park",5,"winter","shallow","2025_01_27_11-36-12.jpg",3,0,0,0,0,0,0,0,0,0,0,0,0,0,0,0,0,0,0,0,0,0,0,0
"Centennial_Park",5,"winter","shallow","2025_01_27_11-36-21.jpg",1,0,0,0,0,0,0,0,0,0,0,0,0,0,0,0,0,0,0,0,0,0,0,0
"Centennial_Park",5,"winter","shallow","2025_01_27_11-36-33.jpg",1,0,0,0,0,0,0,0,0,0,0,0,0,0,0,0,0,0,0,0,0,0,0,0
"Centennial_Park",5,"winter","shallow","2025_01_27_11-36-42.jpg",3,0,0,0,0,0,1,0,0,0,0,0,0,0,0,0,0,0,0,0,0,0,0,0
"Centennial_Park",5,"winter","shallow","2025_01_27_11-36-51.jpg",0,0,0,0,0,0,0,0,0,0,0,0,0,0,0,0,0,0,0,0,0,0,0,0
"Centennial_Park",5,"winter","shallow","2025_01_27_11-37-01.jpg",2,0,0,0,0,0,0,0,0,0,0,0,0,0,0,0,0,0,0,0,0,0,0,0
"Centennial_Park",5,"winter","shallow","2025_01_27_11-37-10.jpg",2,0,0,0,0,0,0,0,0,0,0,0,0,0,0,0,0,0,0,0,0,0,0,0
"Centennial_Park",5,"winter","shallow","2025_01_27_11-37-22.jpg",1,0,0,0,0,0,0,0,0,0,0,0,0,0,0,0,0,0,0,0,0,0,0,0
"Centennial_Park",5,"winter","shallow","2025_01_27_11-37-34.jpg",2,0,0,0,0,0,0,0,0,0,0,0,0,0,0,0,0,0,0,0,0,0,0,0
"Centennial_Park",5,"winter","shallow","2025_01_27_11-37-46.jpg",2,0,0,0,0,0,0,0,0,0,0,0,0,0,0,0,0,0,0,0,0,0,0,0
"Centennial_Park",5,"winter","shallow","2025_01_27_11-37-58.jpg",0,0,0,0,0,0,0,0,0,0,0,0,0,0,0,0,0,0,0,0,0,0,0,0
"Centennial_Park",5,"winter","shallow","2025_01_27_11-51-37.jpg",1,0,0,0,0,0,0,0,0,0,0,0,0,0,0,0,0,0,0,0,0,0,0,0
"Centennial_Park",5,"winter","shallow","2025_01_27_11-51-49.jpg",3,0,0,0,0,0,0,0,0,0,0,0,0,0,0,0,0,0,0,0,0,0,0,0
"Centennial_Park",5,"winter","shallow","2025_01_27_11-52-01.jpg",0,0,0,0,0,0,0,0,0,0,0,0,0,0,0,0,0,0,0,0,0,0,0,0
"Centennial_Park",5,"winter","shallow","2025_01_27_11-52-13.jpg",1,0,0,0,0,0,0,0,0,0,0,0,0,0,0,0,0,0,0,0,0,0,0,0
"Centennial_Park",5,"winter","shallow","2025_01_27_11-52-22.jpg",1,0,0,0,0,0,0,0,0,0,0,0,0,0,0,0,0,0,0,0,0,0,0,0
"Centennial_Park",5,"winter","shallow","2025_01_27_11-52-34.jpg",3,0,0,0,0,0,0,0,0,0,0,0,0,0,0,0,0,0,0,0,0,0,0,0
"Centennial_Park",5,"winter","shallow","2025_01_27_11-52-46.jpg",1,0,0,0,0,0,0,0,0,0,0,0,0,0,0,0,0,0,0,0,0,0,0,0
"Centennial_Park",5,"winter","shallow","2025_01_27_11-52-58.jpg",0,0,0,0,0,0,0,0,0,0,0,0,0,0,0,0,0,0,0,0,0,0,0,0
"Centennial_Park",5,"winter","shallow","2025_01_27_11-53-13.jpg",0,0,0,0,0,0,0,0,0,0,0,0,0,0,0,0,0,0,0,0,0,0,0,0
"Centennial_Park",5,"winter","shallow","2025_01_27_11-53-22.jpg",0,0,0,0,0,0,0,0,0,0,0,0,0,0,0,0,0,0,0,0,0,0,0,0
"Centennial_Park",5,"winter","shallow","2025_01_27_11-53-34.jpg",1,0,0,0,0,0,0,0,0,0,0,0,0,0,0,0,0,0,0,0,0,0,0,0
"Centennial_Park",5,"winter","shallow","2025_01_27_11-53-47.jpg",2,0,0,1,0,0,0,0,0,0,0,0,0,0,0,0,0,0,0,0,0,0,0,0
"Centennial_Park",5,"winter","shallow","2025_01_27_11-53-56.jpg",0,0,0,0,0,0,0,0,0,0,0,0,0,0,0,0,0,0,0,0,0,0,0,0
"Centennial_Park",5,"winter","shallow","2025_01_27_11-54-08.jpg",0,0,0,0,0,0,0,0,0,0,0,0,0,0,0,0,0,0,0,0,0,0,0,0
"Centennial_Park",5,"winter","shallow","2025_01_27_11-54-17.jpg",0,0,0,0,0,0,0,0,0,0,0,0,0,0,0,0,0,0,0,0,0,0,0,0
"Centennial_Park",5,"winter","shallow","2025_01_27_11-54-26.jpg",0,0,0,0,0,0,0,0,0,0,0,0,0,0,0,0,0,0,0,0,0,0,0,0
"Centennial_Park",5,"winter","shallow","2025_01_27_11-54-38.jpg",0,0,0,0,0,0,0,0,0,0,0,0,0,0,0,0,0,0,0,0,0,0,0,0
"Centennial_Park",5,"winter","shallow","2025_01_27_11-54-50.jpg",0,0,0,0,0,0,0,0,0,0,0,0,0,0,0,0,0,0,0,0,0,0,0,0
"Centennial_Park",5,"winter","shallow","2025_01_27_11-54-59.jpg",1,0,0,0,0,0,0,0,0,0,0,0,0,0,0,0,0,0,0,0,0,0,0,0
"Centennial_Park",5,"winter","shallow","2025_01_27_11-55-14.jpg",1,0,0,0,0,1,0,0,0,0,0,0,0,0,0,0,0,0,0,0,0,0,0,0
"Centennial_Park",5,"winter","shallow","2025_01_27_11-55-23.jpg",1,0,0,0,0,0,0,0,0,0,0,0,0,0,0,0,0,0,0,0,0,0,0,0
"Centennial_Park",5,"winter","shallow","2025_01_27_11-55-35.jpg",0,0,0,0,0,0,0,0,0,0,0,0,0,0,0,0,0,0,0,0,0,0,0,0
"Centennial_Park",5,"winter","shallow","2025_01_27_11-55-47.jpg",3,0,0,0,0,0,0,0,0,0,0,0,0,0,0,0,0,0,0,0,0,0,0,0
"Centennial_Park",5,"winter","shallow","2025_01_27_11-55-59.jpg",1,0,0,0,0,0,0,0,0,0,0,0,0,0,0,0,0,0,0,0,0,0,0,0
"Centennial_Park",5,"winter","shallow","2025_01_27_11-56-11.jpg",1,0,0,0,0,0,0,0,0,0,0,0,0,0,0,0,0,0,0,0,0,0,0,0
"Centennial_Park",5,"winter","shallow","2025_01_27_11-56-23.jpg",0,0,0,0,0,0,0,0,0,0,0,0,0,0,0,0,0,0,0,0,0,0,0,0
"Centennial_Park",5,"winter","shallow","2025_01_27_11-56-32.jpg",1,0,0,0,0,0,1,0,0,0,1,0,0,0,0,0,0,0,0,0,0,0,0,0
"Centennial_Park",5,"winter","shallow","2025_01_27_11-56-47.jpg",1,0,0,0,1,0,0,0,0,0,0,0,0,0,0,0,0,0,0,0,0,0,0,0
"Centennial_Park",5,"winter","shallow","2025_01_27_11-56-59.jpg",3,0,0,0,0,0,0,0,0,0,0,0,0,0,0,0,0,0,0,0,0,0,0,0
"Centennial_Park",5,"winter","shallow","2025_01_27_11-57-11.jpg",1,0,0,0,0,0,0,0,0,0,0,0,0,0,0,0,0,0,0,0,0,0,0,0
"Centennial_Park",6,"winter","shallow","2025_01_27_11-23-54.jpg",0,0,0,0,0,0,0,0,0,0,0,0,0,0,0,0,0,0,0,0,0,0,0,0
"Centennial_Park",6,"winter","shallow","2025_01_27_11-24-09.jpg",0,0,0,0,0,0,0,0,0,0,0,0,0,0,0,0,0,0,0,0,0,0,0,0
"Centennial_Park",6,"winter","shallow","2025_01_27_11-24-27.jpg",0,0,0,0,0,0,0,0,0,0,0,0,0,0,0,0,0,0,0,0,0,0,0,0
"Centennial_Park",6,"winter","shallow","2025_01_27_11-24-39.jpg",1,0,0,0,0,0,0,0,0,0,0,0,0,0,0,0,0,0,0,0,0,0,0,0
"Centennial_Park",6,"winter","shallow","2025_01_27_11-24-54.jpg",1,0,0,0,0,0,0,0,0,0,0,0,0,0,0,0,0,0,0,0,0,0,0,0
"Centennial_Park",6,"winter","shallow","2025_01_27_11-25-03.jpg",0,0,0,0,0,0,0,0,0,0,0,0,0,0,0,0,0,0,0,0,0,0,0,0
"Centennial_Park",6,"winter","shallow","2025_01_27_11-25-15.jpg",0,0,0,0,0,0,0,0,0,0,0,0,0,0,0,0,0,0,0,0,0,0,0,0
"Centennial_Park",6,"winter","shallow","2025_01_27_11-25-18.jpg",0,0,0,0,0,0,0,0,0,0,0,0,0,0,0,0,0,0,0,0,0,0,0,0
"Centennial_Park",6,"winter","shallow","2025_01_27_11-25-27.jpg",0,0,0,0,0,0,0,0,0,0,0,0,0,0,0,0,0,0,0,0,0,0,0,0
"Centennial_Park",6,"winter","shallow","2025_01_27_11-25-33.jpg",0,0,0,0,0,0,0,0,0,0,0,0,0,0,0,0,0,0,0,0,0,0,0,0
"Centennial_Park",6,"winter","shallow","2025_01_27_11-25-39.jpg",0,0,0,0,0,0,0,0,0,0,0,0,0,0,0,0,0,0,0,0,0,0,0,0
"Centennial_Park",6,"winter","shallow","2025_01_27_11-25-45.jpg",0,0,0,0,0,0,0,0,0,0,0,0,0,0,0,0,0,0,0,0,0,0,0,0
"Centennial_Park",6,"winter","shallow","2025_01_27_11-25-51.jpg",0,0,0,0,0,0,0,0,0,0,0,0,0,0,0,0,0,0,0,0,0,0,0,0
"Centennial_Park",6,"winter","shallow","2025_01_27_11-25-57.jpg",0,0,0,0,0,0,0,0,0,0,0,0,0,0,0,0,0,0,0,0,0,0,0,0
"Centennial_Park",6,"winter","shallow","2025_01_27_11-26-21.jpg",0,0,0,0,0,0,0,0,0,0,0,0,0,0,0,0,0,0,0,0,0,0,0,0
"Centennial_Park",6,"winter","shallow","2025_01_27_11-26-27.jpg",1,0,0,0,0,0,0,0,0,0,0,0,0,0,0,0,0,0,0,0,0,0,0,0
"Centennial_Park",6,"winter","shallow","2025_01_27_11-26-36.jpg",0,0,0,0,0,0,0,0,0,0,0,0,0,0,0,0,0,0,0,0,0,0,0,0
"Centennial_Park",6,"winter","shallow","2025_01_27_11-26-45.jpg",0,0,0,0,0,0,0,0,0,0,0,0,0,0,0,0,0,0,0,0,0,0,0,0
"Centennial_Park",6,"winter","shallow","2025_01_27_11-26-54.jpg",1,0,0,0,0,0,0,0,0,0,0,0,0,0,0,0,0,0,0,0,0,0,0,0
"Centennial_Park",6,"winter","shallow","2025_01_27_11-27-03.jpg",1,0,0,0,0,0,0,0,0,0,0,0,0,0,0,0,0,0,0,0,0,0,0,0
"Centennial_Park",6,"winter","shallow","2025_01_27_11-27-12.jpg",2,0,0,0,0,0,1,0,0,0,0,0,0,0,0,0,0,0,0,0,0,0,0,0
"Centennial_Park",6,"winter","shallow","2025_01_27_11-27-21.jpg",3,0,0,0,0,0,0,0,0,0,0,0,0,0,0,0,0,0,0,0,0,0,0,0
"Centennial_Park",6,"winter","shallow","2025_01_27_11-27-30.jpg",1,0,0,0,0,0,0,0,0,0,0,0,0,0,0,0,0,0,0,0,0,0,0,0
"Centennial_Park",6,"winter","shallow","2025_01_27_11-27-39.jpg",0,0,0,0,0,0,0,0,0,0,0,0,0,0,0,0,0,0,0,0,0,0,0,0
"Centennial_Park",6,"winter","shallow","2025_01_27_11-27-48.jpg",0,0,0,0,0,0,0,0,0,0,0,0,0,0,0,0,0,0,0,0,0,0,0,0
"Centennial_Park",6,"winter","shallow","2025_01_27_11-27-57.jpg",2,0,0,0,0,0,0,0,0,0,0,0,0,0,0,0,0,0,0,0,0,0,0,0
"Centennial_Park",6,"winter","shallow","2025_01_27_11-28-06.jpg",0,0,0,0,0,0,0,0,0,0,0,0,0,0,0,0,0,0,0,0,0,0,0,0
"Centennial_Park",6,"winter","shallow","2025_01_27_11-28-15.jpg",1,0,0,0,0,0,0,0,0,0,0,0,0,0,0,0,0,0,0,0,0,0,0,0
"Centennial_Park",6,"winter","shallow","2025_01_27_11-28-24.jpg",0,0,0,0,0,0,0,0,0,0,0,0,0,0,0,0,0,0,0,0,0,0,0,0
"Centennial_Park",6,"winter","shallow","2025_01_27_11-28-48.jpg",2,0,0,0,0,0,0,0,0,0,0,0,0,0,0,0,0,0,0,0,0,0,0,0
"Centennial_Park",6,"winter","shallow","2025_01_27_11-29-33.jpg",0,0,0,0,0,0,1,0,0,0,0,0,0,0,0,0,0,0,0,0,0,0,0,0
"Centennial_Park",6,"winter","shallow","2025_01_27_11-29-45.jpg",1,0,0,0,0,0,0,0,0,0,0,0,0,0,0,0,0,0,0,0,0,0,0,0
"Centennial_Park",6,"winter","shallow","2025_01_27_11-29-57.jpg",1,0,0,0,0,0,0,0,0,0,0,0,0,0,0,0,0,0,0,0,0,0,0,0
"Centennial_Park",6,"winter","shallow","2025_01_27_11-30-06.jpg",1,0,0,0,0,0,0,0,0,0,0,0,0,0,0,0,0,0,0,0,0,0,0,0
"Centennial_Park",6,"winter","shallow","2025_01_27_11-58-26.jpg",1,0,0,0,0,0,0,0,0,0,0,0,0,0,0,0,0,0,0,0,0,0,0,0
"Centennial_Park",6,"winter","shallow","2025_01_27_11-58-38.jpg",1,0,0,0,0,0,0,0,0,0,0,0,0,0,0,0,0,0,0,0,0,0,0,0
"Centennial_Park",6,"winter","shallow","2025_01_27_11-58-47.jpg",0,0,0,0,0,0,0,0,0,0,0,0,0,0,0,0,0,0,0,0,0,0,0,0
"Centennial_Park",6,"winter","shallow","2025_01_27_11-58-59.jpg",2,0,0,0,0,0,0,0,0,0,0,0,0,0,0,0,0,0,0,0,0,0,0,0
"Centennial_Park",6,"winter","shallow","2025_01_27_11-59-11.jpg",2,0,0,0,0,0,0,0,0,0,0,1,0,0,0,0,0,0,0,0,0,0,0,0
"Centennial_Park",6,"winter","shallow","2025_01_27_11-59-20.jpg",0,0,0,0,0,0,0,0,0,0,0,0,0,0,0,0,0,0,0,0,0,0,0,0
"Centennial_Park",6,"winter","shallow","2025_01_27_11-59-32.jpg",0,0,0,0,0,0,0,0,0,0,0,0,0,0,0,0,0,0,0,0,0,0,0,0
"Centennial_Park",6,"winter","shallow","2025_01_27_11-59-41.jpg",1,0,0,0,0,0,0,0,0,0,0,0,0,0,0,0,0,0,0,0,0,0,0,0
"Centennial_Park",6,"winter","shallow","2025_01_27_11-59-53.jpg",0,0,0,0,0,0,0,0,0,0,0,0,0,0,0,0,0,0,0,0,0,0,0,0
"Centennial_Park",6,"winter","shallow","2025_01_27_12-00-02.jpg",0,0,0,0,0,0,0,0,0,0,0,0,0,0,0,0,0,0,0,0,0,0,0,0
"Centennial_Park",6,"winter","shallow","2025_01_27_12-00-14.jpg",1,0,0,0,0,0,1,0,0,0,0,0,0,0,0,0,0,0,0,0,0,0,0,0
"Centennial_Park",6,"winter","shallow","2025_01_27_12-00-23.jpg",1,0,0,0,0,0,0,0,0,0,0,0,0,0,0,0,0,0,0,0,0,0,0,0
"Centennial_Park",6,"winter","shallow","2025_01_27_12-00-32.jpg",0,0,0,0,0,0,0,0,0,0,0,0,0,0,0,0,0,0,0,0,0,0,0,0
"Centennial_Park",6,"winter","shallow","2025_01_27_12-00-44.jpg",1,0,0,0,0,0,0,0,0,0,0,0,0,0,0,0,0,0,0,0,0,0,0,0
"Centennial_Park",6,"winter","shallow","2025_01_27_12-00-53.jpg",0,0,0,0,0,0,0,0,0,0,0,0,0,0,0,0,0,0,0,0,0,0,0,0
"Centennial_Park",6,"winter","shallow","2025_01_27_12-01-08.jpg",0,0,0,0,0,0,0,0,0,0,0,0,0,0,0,0,0,0,0,0,0,0,0,0
"Centennial_Park",6,"winter","shallow","2025_01_27_12-01-20.jpg",0,0,0,0,0,0,0,0,0,0,0,0,0,0,0,0,0,0,0,0,0,0,0,0
"Centennial_Park",6,"winter","shallow","2025_01_27_12-01-29.jpg",0,0,0,0,0,0,0,0,0,0,0,0,0,0,0,0,0,0,0,0,0,0,0,0
"Centennial_Park",6,"winter","shallow","2025_01_27_12-01-38.jpg",1,0,0,0,0,0,0,0,0,0,0,0,0,0,0,0,0,0,0,0,0,0,0,0
"Centennial_Park",6,"winter","shallow","2025_01_27_12-01-47.jpg",0,0,0,0,0,0,0,0,0,0,0,0,0,0,0,0,0,0,0,0,0,0,0,0
"Centennial_Park",6,"winter","shallow","2025_01_27_12-01-59.jpg",1,0,0,0,0,0,0,0,0,0,0,0,0,0,0,0,0,0,0,0,0,0,0,0
"Centennial_Park",6,"winter","shallow","2025_01_27_12-02-11.jpg",0,0,0,0,0,0,0,0,0,0,0,0,0,0,0,0,0,0,0,0,0,0,0,0
"Centennial_Park",6,"winter","shallow","2025_01_27_12-02-20.jpg",0,0,0,0,0,0,0,0,0,0,0,0,0,0,0,0,0,0,0,0,0,0,0,0
"Centennial_Park",6,"winter","shallow","2025_01_27_12-02-29.jpg",1,0,0,0,0,0,0,0,0,0,0,0,0,0,0,0,0,0,0,0,0,0,0,0
"Centennial_Park",6,"winter","shallow","2025_01_27_12-02-41.jpg",0,0,0,0,0,0,0,0,0,0,0,0,0,0,0,0,0,0,0,0,0,0,0,0
"Centennial_Park",6,"winter","shallow","2025_01_27_12-02-50.jpg",1,0,0,0,0,0,0,0,0,0,0,0,0,0,0,0,0,0,0,0,0,0,0,0
"Centennial_Park",6,"winter","shallow","2025_01_27_12-02-59.jpg",1,0,0,0,0,0,0,0,0,0,0,0,0,0,0,0,0,0,0,0,0,0,0,0
"Centennial_Park",6,"winter","shallow","2025_01_27_12-03-08.jpg",1,0,0,0,0,0,0,0,0,0,0,0,0,0,0,0,0,0,0,0,0,0,0,0
"Centennial_Park",6,"winter","shallow","2025_01_27_12-03-20.jpg",0,0,0,0,0,0,0,0,0,0,0,0,0,0,0,0,0,0,0,0,0,0,0,0
"Centennial_Park",6,"winter","shallow","2025_01_27_12-03-32.jpg",0,0,0,0,0,0,0,0,0,0,0,0,0,0,0,0,0,0,0,0,0,0,0,0
"Elliott_Bay_Marina",1,"summer","deep","2024_10_09_10-12-02.jpg",0,0,0,0,0,0,0,0,0,0,0,0,0,0,0,0,0,0,0,0,0,0,0,0
"Elliott_Bay_Marina",1,"summer","deep","2024_10_09_10-12-17.jpg",0,0,0,1,0,0,0,0,0,0,0,0,0,0,0,0,0,0,0,0,0,0,0,0
"Elliott_Bay_Marina",1,"summer","deep","2024_10_09_10-12-26.jpg",0,0,0,0,0,0,0,0,0,0,0,0,0,0,0,0,0,0,0,0,0,0,0,0
"Elliott_Bay_Marina",1,"summer","deep","2024_10_09_10-12-41.jpg",1,0,0,1,0,0,0,0,0,0,0,0,0,0,0,0,0,0,0,0,0,0,0,0
"Elliott_Bay_Marina",1,"summer","deep","2024_10_09_10-12-56.jpg",0,0,0,0,0,0,0,0,0,0,0,0,0,0,0,0,0,0,0,0,0,0,0,0
"Elliott_Bay_Marina",1,"summer","deep","2024_10_09_10-13-11.jpg",0,0,0,0,0,0,0,0,0,0,0,0,0,0,0,0,0,0,0,0,0,0,0,0
"Elliott_Bay_Marina",1,"summer","deep","2024_10_09_10-13-23.jpg",0,0,0,0,0,0,0,0,0,0,0,0,0,0,0,0,0,0,0,0,0,0,0,0
"Elliott_Bay_Marina",1,"summer","deep","2024_10_09_10-13-35.jpg",0,0,0,0,0,0,0,1,0,0,0,0,0,0,0,0,0,0,0,0,0,0,0,0
"Elliott_Bay_Marina",1,"summer","deep","2024_10_09_10-13-50.jpg",0,0,0,0,0,0,0,0,0,0,0,0,0,0,0,0,0,0,0,0,0,0,0,0
"Elliott_Bay_Marina",1,"summer","deep","2024_10_09_10-14-02.jpg",0,0,0,0,0,0,0,0,0,0,0,0,0,0,0,0,0,0,0,0,0,0,0,0
"Elliott_Bay_Marina",1,"summer","deep","2024_10_09_10-14-11.jpg",0,0,0,0,0,0,0,0,0,0,0,1,0,0,0,0,0,0,0,0,0,0,0,0
"Elliott_Bay_Marina",1,"summer","deep","2024_10_09_10-14-35.jpg",0,0,0,0,0,0,0,0,0,0,0,0,0,0,0,0,0,0,0,0,0,0,0,0
"Elliott_Bay_Marina",1,"summer","deep","2024_10_09_10-14-56.jpg",2,0,0,0,0,0,0,0,0,0,0,0,0,0,0,0,0,0,0,0,0,0,0,0
"Elliott_Bay_Marina",1,"summer","deep","2024_10_09_10-15-11.jpg",0,0,0,0,0,0,0,0,0,0,0,0,0,0,0,0,0,0,0,0,0,0,0,0
"Elliott_Bay_Marina",1,"summer","deep","2024_10_09_10-15-29.jpg",0,0,0,0,0,0,0,0,0,0,0,0,0,0,0,0,0,0,0,0,0,0,0,0
"Elliott_Bay_Marina",1,"summer","deep","2024_10_09_10-15-44.jpg",0,0,0,0,0,0,0,0,0,0,0,0,0,0,0,0,0,0,0,0,0,0,0,0
"Elliott_Bay_Marina",1,"summer","deep","2024_10_09_10-15-56.jpg",1,0,0,0,0,0,0,0,0,0,0,0,0,0,0,0,0,0,0,0,0,0,0,0
"Elliott_Bay_Marina",1,"summer","deep","2024_10_09_10-16-08.jpg",1,0,0,0,0,0,0,0,0,0,0,0,0,0,0,0,0,0,0,0,0,0,0,0
"Elliott_Bay_Marina",1,"summer","deep","2024_10_09_10-16-17.jpg",5,1,0,0,0,0,0,0,0,0,0,0,1,0,0,0,0,0,0,0,0,0,0,0
"Elliott_Bay_Marina",1,"summer","deep","2024_10_09_10-16-26.jpg",0,0,0,0,0,0,0,0,0,0,0,0,0,0,0,0,0,0,0,0,0,0,0,0
"Elliott_Bay_Marina",1,"summer","deep","2024_10_09_10-16-32.jpg",1,0,0,0,0,0,0,0,0,0,0,0,0,0,0,0,0,0,0,0,0,0,0,0
"Elliott_Bay_Marina",1,"summer","deep","2024_10_09_10-16-38.jpg",0,0,0,0,0,0,0,0,0,0,0,0,0,0,0,0,0,0,0,0,0,0,0,0
"Elliott_Bay_Marina",1,"summer","deep","2024_10_09_10-16-47.jpg",0,0,0,0,0,0,0,0,0,0,0,0,0,0,0,0,0,0,0,0,0,0,0,0
"Elliott_Bay_Marina",1,"summer","deep","2024_10_09_10-16-53.jpg",0,0,0,0,0,0,0,0,0,0,0,0,0,0,0,0,0,0,0,0,0,0,0,0
"Elliott_Bay_Marina",1,"summer","deep","2024_10_09_10-17-02.jpg",0,0,0,0,0,0,0,0,0,0,0,0,0,0,0,0,0,0,0,0,0,0,0,0
"Elliott_Bay_Marina",1,"summer","deep","2024_10_09_10-17-11.jpg",0,0,0,0,0,0,0,0,0,0,0,0,0,0,0,0,0,0,0,0,0,0,0,0
"Elliott_Bay_Marina",1,"summer","deep","2024_10_09_10-17-20.jpg",0,0,0,0,0,0,0,0,0,0,0,0,0,0,0,0,0,0,0,0,0,0,0,0
"Elliott_Bay_Marina",1,"summer","deep","2024_10_09_10-17-26.jpg",0,0,0,0,0,0,0,0,0,0,0,0,0,0,0,0,0,0,0,0,0,0,0,0
"Elliott_Bay_Marina",2,"summer","deep","2024_10_09_10-17-38.jpg",0,0,0,1,0,0,0,0,0,0,0,0,0,0,0,0,0,0,0,0,0,0,0,0
"Elliott_Bay_Marina",2,"summer","deep","2024_10_09_10-17-56.jpg",0,0,1,0,0,0,0,0,0,0,0,0,0,0,0,0,0,0,0,0,0,0,0,0
"Elliott_Bay_Marina",2,"summer","deep","2024_10_09_10-18-08.jpg",0,0,0,3,0,0,0,0,0,0,0,0,0,0,0,0,0,0,0,0,0,0,0,0
"Elliott_Bay_Marina",2,"summer","deep","2024_10_09_10-18-14.jpg",0,0,0,0,0,0,0,0,0,0,0,0,0,0,0,0,0,0,0,0,0,0,0,0
"Elliott_Bay_Marina",2,"summer","deep","2024_10_09_10-18-23.jpg",0,0,0,0,0,0,0,0,0,0,0,0,0,0,0,0,0,0,0,0,0,0,0,0
"Elliott_Bay_Marina",2,"summer","deep","2024_10_09_10-18-39.jpg",0,0,0,0,0,0,0,0,0,0,0,0,0,0,0,0,0,0,0,0,0,0,0,0
"Elliott_Bay_Marina",2,"summer","deep","2024_10_09_10-18-48.jpg",0,0,0,0,0,0,0,1,0,0,0,0,0,0,0,0,0,0,0,0,0,0,0,0
"Elliott_Bay_Marina",2,"summer","deep","2024_10_09_10-18-57.jpg",0,0,0,0,0,0,0,0,0,0,0,0,0,0,0,0,0,0,0,0,0,0,0,0
"Elliott_Bay_Marina",2,"summer","deep","2024_10_09_10-19-06.jpg",0,0,0,0,0,0,0,0,0,0,0,0,0,0,0,0,0,0,0,0,0,0,0,0
"Elliott_Bay_Marina",2,"summer","deep","2024_10_09_10-19-15.jpg",2,0,0,0,0,0,0,0,0,0,0,0,0,0,0,0,0,0,0,0,0,0,0,0
"Elliott_Bay_Marina",2,"summer","deep","2024_10_09_10-19-24.jpg",0,0,0,0,0,0,0,0,0,0,0,0,0,1,0,0,0,0,0,0,0,0,0,0
"Elliott_Bay_Marina",2,"summer","deep","2024_10_09_10-19-33.jpg",2,0,0,0,0,0,0,0,0,0,0,0,0,0,0,0,0,0,0,0,0,0,0,0
"Elliott_Bay_Marina",2,"summer","deep","2024_10_09_10-19-42.jpg",0,0,0,0,0,0,0,0,0,0,0,0,0,0,0,0,0,0,0,0,0,0,0,0
"Elliott_Bay_Marina",2,"summer","deep","2024_10_09_10-19-51.jpg",0,0,0,0,0,0,0,0,0,0,0,0,0,0,0,0,0,0,0,0,0,0,0,0
"Elliott_Bay_Marina",2,"summer","deep","2024_10_09_10-20-00.jpg",0,0,0,0,0,0,0,0,0,0,0,0,0,0,0,0,0,0,0,0,0,0,0,0
"Elliott_Bay_Marina",2,"summer","deep","2024_10_09_10-20-12.jpg",0,0,0,0,0,0,0,0,0,0,0,0,0,0,0,0,0,0,0,0,0,0,0,0
"Elliott_Bay_Marina",2,"summer","deep","2024_10_09_10-20-24.jpg",0,0,0,0,0,0,0,0,0,0,0,0,0,0,1,0,0,0,0,0,0,0,0,0
"Elliott_Bay_Marina",2,"summer","deep","2024_10_09_10-20-45.jpg",1,0,0,0,0,0,0,0,0,0,0,0,0,0,0,0,0,0,0,0,0,0,0,0
"Elliott_Bay_Marina",2,"summer","deep","2024_10_09_10-21-00.jpg",0,0,0,0,0,0,0,0,0,0,0,0,0,0,0,0,0,0,0,0,0,0,0,0
"Elliott_Bay_Marina",2,"summer","deep","2024_10_09_10-21-12.jpg",0,0,0,0,0,0,0,0,0,0,0,0,0,0,0,0,0,0,0,0,0,0,0,0
"Elliott_Bay_Marina",2,"summer","deep","2024_10_09_10-21-21.jpg",0,0,0,0,0,0,0,0,0,0,0,0,0,0,0,0,0,0,0,0,0,0,0,0
"Elliott_Bay_Marina",2,"summer","deep","2024_10_09_10-21-30.jpg",0,0,0,0,0,0,0,0,0,0,0,0,0,0,0,0,0,0,0,0,0,0,0,0
"Elliott_Bay_Marina",2,"summer","deep","2024_10_09_10-21-42.jpg",0,0,0,0,0,0,0,0,0,0,0,0,0,0,0,0,0,0,0,0,0,0,0,0
"Elliott_Bay_Marina",2,"summer","deep","2024_10_09_10-21-51.jpg",2,0,0,0,0,0,0,0,0,0,0,0,0,0,0,0,0,0,0,0,0,0,0,0
"Elliott_Bay_Marina",2,"summer","deep","2024_10_09_10-22-00.jpg",1,0,0,0,0,0,0,0,0,0,0,0,0,0,0,0,0,0,0,0,0,0,0,0
"Elliott_Bay_Marina",2,"summer","deep","2024_10_09_10-22-12.jpg",0,0,0,0,0,0,0,0,0,0,0,0,0,0,0,0,0,0,0,0,0,0,0,0
"Elliott_Bay_Marina",2,"summer","deep","2024_10_09_10-22-30.jpg",0,0,0,0,0,0,0,0,0,0,0,0,0,0,0,0,0,0,0,0,0,0,0,0
"Elliott_Bay_Marina",2,"summer","deep","2024_10_09_10-22-51.jpg",0,0,0,0,0,0,0,0,0,0,0,0,0,0,0,0,0,0,0,0,0,0,0,0
"Elliott_Bay_Marina",3,"summer","deep","2024_10_09_10-23-33.jpg",0,0,1,0,0,0,0,0,0,0,0,0,0,0,0,0,0,0,0,0,0,0,0,0
"Elliott_Bay_Marina",3,"summer","deep","2024_10_09_10-23-51.jpg",0,0,0,1,0,0,0,0,0,0,0,0,0,0,0,0,0,0,0,0,0,0,0,0
"Elliott_Bay_Marina",3,"summer","deep","2024_10_09_10-24-06.jpg",0,0,1,0,0,0,0,0,0,0,0,0,0,0,0,0,0,0,0,0,0,0,0,0
"Elliott_Bay_Marina",3,"summer","deep","2024_10_09_10-24-15.jpg",2,0,0,0,0,0,0,0,0,0,0,0,0,0,0,0,0,0,0,0,0,0,0,0
"Elliott_Bay_Marina",3,"summer","deep","2024_10_09_10-24-24.jpg",0,0,0,0,0,0,0,0,0,0,0,0,0,0,0,0,0,0,0,0,0,0,0,0
"Elliott_Bay_Marina",3,"summer","deep","2024_10_09_10-24-33.jpg",0,0,0,0,0,0,0,0,0,0,0,0,0,0,0,0,0,0,0,0,0,0,0,0
"Elliott_Bay_Marina",3,"summer","deep","2024_10_09_10-24-45.jpg",1,0,0,0,0,0,0,0,0,0,0,0,0,0,0,0,0,0,0,0,0,0,0,0
"Elliott_Bay_Marina",3,"summer","deep","2024_10_09_10-24-57.jpg",0,0,1,0,0,0,0,0,0,0,0,0,0,0,1,0,0,0,0,0,0,0,0,0
"Elliott_Bay_Marina",3,"summer","deep","2024_10_09_10-25-06.jpg",0,0,0,0,0,0,0,0,0,0,0,0,0,0,0,1,0,0,0,0,0,0,0,0
"Elliott_Bay_Marina",3,"summer","deep","2024_10_09_10-25-15.jpg",0,0,0,0,0,0,0,0,0,0,0,0,0,0,0,0,0,0,0,0,0,0,0,0
"Elliott_Bay_Marina",3,"summer","deep","2024_10_09_10-25-27.jpg",1,0,0,0,0,0,0,0,0,0,0,0,0,0,0,0,0,0,0,0,0,0,0,0
"Elliott_Bay_Marina",3,"summer","deep","2024_10_09_10-25-39.jpg",1,0,0,0,0,0,0,0,0,0,0,0,0,0,0,0,0,0,0,0,0,0,0,0
"Elliott_Bay_Marina",3,"summer","deep","2024_10_09_10-25-54.jpg",0,0,0,0,0,0,0,0,0,0,0,0,0,0,0,0,0,0,0,0,0,0,0,0
"Elliott_Bay_Marina",3,"summer","deep","2024_10_09_10-26-06.jpg",0,0,0,0,0,0,0,0,0,0,0,0,0,0,0,0,0,0,0,0,0,0,0,0
"Elliott_Bay_Marina",3,"summer","deep","2024_10_09_10-26-12.jpg",0,0,0,0,0,0,0,0,0,0,0,0,0,0,1,0,1,0,0,0,0,0,0,0
"Elliott_Bay_Marina",3,"summer","deep","2024_10_09_10-26-21.jpg",0,0,0,0,0,0,0,0,0,0,0,0,0,0,0,0,0,0,0,0,0,0,0,0
"Elliott_Bay_Marina",3,"summer","deep","2024_10_09_10-26-33.jpg",0,0,0,0,0,0,0,0,0,0,0,0,0,0,0,0,0,0,0,0,0,0,0,0
"Elliott_Bay_Marina",3,"summer","deep","2024_10_09_10-26-42.jpg",0,0,0,0,0,0,0,0,0,0,0,0,0,0,0,0,0,0,0,0,0,0,0,0
"Elliott_Bay_Marina",3,"summer","deep","2024_10_09_10-26-51.jpg",0,0,0,0,0,0,0,0,0,0,0,0,0,0,0,0,0,0,0,0,0,0,0,0
"Elliott_Bay_Marina",3,"summer","deep","2024_10_09_10-27-03.jpg",0,0,0,0,0,0,0,0,0,0,0,0,0,0,0,0,0,0,0,0,0,0,0,0
"Elliott_Bay_Marina",3,"summer","deep","2024_10_09_10-27-12.jpg",0,0,0,0,0,0,0,0,0,0,0,0,0,0,0,0,0,0,0,0,0,0,0,0
"Elliott_Bay_Marina",3,"summer","deep","2024_10_09_10-27-24.jpg",2,0,0,0,0,0,0,0,0,0,0,0,0,0,0,0,0,0,0,0,0,0,0,0
"Elliott_Bay_Marina",3,"summer","deep","2024_10_09_10-27-39.jpg",3,0,0,0,0,0,0,0,0,0,0,0,0,0,0,0,0,1,0,0,0,0,0,0
"Elliott_Bay_Marina",3,"summer","deep","2024_10_09_10-27-51.jpg",0,0,0,0,0,0,0,0,0,0,0,0,0,0,0,0,0,0,0,0,0,0,0,0
"Elliott_Bay_Marina",3,"summer","deep","2024_10_09_10-27-57.jpg",0,0,0,0,0,0,0,0,0,0,0,0,0,0,0,0,0,0,0,0,0,0,0,0
"Elliott_Bay_Marina",3,"summer","deep","2024_10_09_10-28-36.jpg",0,0,0,0,0,0,0,0,0,0,0,0,0,0,0,0,0,0,0,0,0,0,0,0
"Elliott_Bay_Marina",3,"summer","deep","2024_10_09_10-29-09.jpg",0,0,0,0,0,0,0,0,0,0,0,0,0,0,0,0,0,0,0,0,0,0,0,0
"Elliott_Bay_Marina",3,"summer","deep","2024_10_09_10-29-27.jpg",0,0,0,0,0,0,0,0,0,0,0,0,0,0,0,0,0,0,0,0,0,0,0,0
"Elliott_Bay_Marina",3,"summer","deep","2024_10_09_10-29-42.jpg",2,0,1,0,0,0,0,0,0,0,0,0,0,0,0,0,0,0,0,0,0,0,0,0
"Elliott_Bay_Marina",3,"summer","deep","2024_10_09_10-29-57.jpg",1,0,0,0,0,0,0,0,0,0,0,0,0,0,0,0,0,0,0,0,0,0,0,0
"Elliott_Bay_Marina",3,"summer","deep","2024_10_09_10-30-15.jpg",0,0,0,0,0,0,0,0,0,0,0,0,0,0,0,0,0,0,0,0,0,0,0,0
"Elliott_Bay_Marina",3,"summer","deep","2024_10_09_10-30-30.jpg",0,0,0,0,0,0,0,0,0,0,0,0,0,0,0,0,0,0,0,0,0,0,0,0
"Elliott_Bay_Marina",3,"summer","deep","2024_10_09_10-30-42.jpg",0,0,1,0,0,0,0,0,0,0,0,0,0,0,0,0,0,0,0,0,0,0,0,0
"Elliott_Bay_Marina",3,"summer","deep","2024_10_09_10-30-48.jpg",1,0,0,0,0,0,0,0,0,0,0,0,0,0,0,0,0,0,0,0,0,0,0,0
"Elliott_Bay_Marina",3,"summer","deep","2024_10_09_10-30-57.jpg",0,0,0,0,0,0,0,0,0,0,0,0,0,0,0,0,0,0,0,0,0,0,0,0
"Elliott_Bay_Marina",3,"summer","deep","2024_10_09_10-31-09.jpg",0,0,0,0,0,0,0,0,0,0,0,0,0,0,0,0,1,0,0,0,0,0,0,0
"Elliott_Bay_Marina",3,"summer","deep","2024_10_09_10-31-18.jpg",0,0,0,0,0,0,0,0,0,0,0,0,0,0,0,0,0,0,0,0,0,0,0,0
"Elliott_Bay_Marina",3,"summer","deep","2024_10_09_10-31-30.jpg",0,0,0,0,0,0,0,0,0,0,0,0,0,0,0,0,1,0,0,0,0,0,0,0
"Elliott_Bay_Marina",3,"summer","deep","2024_10_09_10-31-39.jpg",0,0,0,0,0,0,0,0,0,0,0,0,0,0,0,0,0,0,0,0,0,0,0,0
"Elliott_Bay_Marina",3,"summer","deep","2024_10_09_10-31-48.jpg",1,0,0,0,0,0,0,0,0,0,0,0,0,0,0,0,0,0,0,0,0,0,0,0
"Elliott_Bay_Marina",3,"summer","deep","2024_10_09_10-32-03.jpg",2,0,0,0,0,0,0,0,0,0,0,0,0,0,1,0,0,0,0,0,0,0,0,0
"Elliott_Bay_Marina",3,"summer","deep","2024_10_09_10-32-15.jpg",0,0,1,0,0,0,0,0,0,0,0,0,0,0,0,0,0,0,0,0,0,0,0,0
"Elliott_Bay_Marina",3,"summer","deep","2024_10_09_10-32-24.jpg",1,0,0,0,0,0,0,0,0,0,0,0,0,0,0,1,0,0,0,0,0,0,0,0
"Elliott_Bay_Marina",3,"summer","deep","2024_10_09_10-32-33.jpg",1,0,0,0,0,0,0,0,0,0,0,1,0,0,0,0,0,0,0,0,0,0,0,0
"Elliott_Bay_Marina",3,"summer","deep","2024_10_09_10-32-42.jpg",0,0,0,0,0,0,0,0,0,0,0,0,0,0,0,0,0,0,0,0,0,0,0,0
"Elliott_Bay_Marina",3,"summer","deep","2024_10_09_10-32-51.jpg",0,0,0,0,0,0,0,0,0,0,0,0,0,0,0,0,0,0,0,0,0,0,0,0
"Elliott_Bay_Marina",3,"summer","deep","2024_10_09_10-33-03.jpg",1,0,0,0,0,0,0,0,0,0,0,0,0,0,0,0,0,0,0,0,0,0,0,0
"Elliott_Bay_Marina",3,"summer","deep","2024_10_09_10-33-18.jpg",0,0,0,0,0,0,0,0,0,0,0,0,0,0,0,0,0,0,0,0,0,0,0,0
"Elliott_Bay_Marina",4,"summer","shallow","2024_10_09_11-36-24.jpg",4,0,0,0,0,0,0,0,0,1,0,0,0,0,0,0,0,0,0,0,0,0,0,0
"Elliott_Bay_Marina",4,"summer","shallow","2024_10_09_11-36-36.jpg",0,0,0,0,0,0,0,0,0,1,0,0,0,0,0,0,0,0,0,0,0,0,0,0
"Elliott_Bay_Marina",4,"summer","shallow","2024_10_09_11-36-45.jpg",1,0,0,0,0,0,0,0,0,0,1,0,0,0,0,0,0,0,0,0,0,0,0,0
"Elliott_Bay_Marina",4,"summer","shallow","2024_10_09_11-36-54.jpg",0,0,0,0,0,0,0,0,0,0,0,0,0,0,0,0,0,0,0,0,0,0,0,0
"Elliott_Bay_Marina",4,"summer","shallow","2024_10_09_11-37-06.jpg",3,0,1,0,0,0,0,0,0,0,0,0,0,0,0,0,0,0,0,0,0,0,0,0
"Elliott_Bay_Marina",4,"summer","shallow","2024_10_09_11-37-18.jpg",4,0,0,0,0,0,0,2,0,0,0,0,0,0,0,0,0,0,0,0,0,0,0,0
"Elliott_Bay_Marina",4,"summer","shallow","2024_10_09_11-37-30.jpg",0,0,0,0,0,0,0,0,0,0,0,0,0,0,0,0,0,0,0,0,0,0,0,0
"Elliott_Bay_Marina",4,"summer","shallow","2024_10_09_11-37-36.jpg",3,0,0,0,0,0,0,0,0,0,0,0,0,0,0,0,0,0,0,0,0,0,0,0
"Elliott_Bay_Marina",4,"summer","shallow","2024_10_09_11-37-42.jpg",1,0,0,0,0,0,0,0,0,0,0,0,0,0,0,0,0,0,0,0,0,0,0,0
"Elliott_Bay_Marina",4,"summer","shallow","2024_10_09_11-37-51.jpg",5,0,0,0,0,0,0,0,0,1,0,0,0,0,0,0,0,0,0,0,0,0,0,0
"Elliott_Bay_Marina",4,"summer","shallow","2024_10_09_11-37-57.jpg",3,0,0,0,0,0,0,0,0,0,0,0,0,0,0,0,0,0,0,0,0,0,0,0
"Elliott_Bay_Marina",4,"summer","shallow","2024_10_09_11-38-03.jpg",4,0,0,0,0,0,0,0,0,0,0,0,0,0,0,0,0,0,0,0,0,0,0,0
"Elliott_Bay_Marina",4,"summer","shallow","2024_10_09_11-38-12.jpg",0,0,0,0,0,0,0,0,0,0,0,0,0,0,0,0,0,0,0,0,0,0,0,0
"Elliott_Bay_Marina",4,"summer","shallow","2024_10_09_11-38-21.jpg",0,0,0,0,0,0,0,0,0,0,0,0,0,0,0,0,0,0,0,0,0,0,0,0
"Elliott_Bay_Marina",4,"summer","shallow","2024_10_09_11-38-33.jpg",2,0,0,0,0,0,0,0,0,0,0,0,0,0,0,0,0,0,0,0,0,0,0,0
"Elliott_Bay_Marina",4,"summer","shallow","2024_10_09_11-38-45.jpg",3,0,0,0,0,0,0,1,0,0,1,0,0,0,0,0,0,0,0,0,0,0,0,0
"Elliott_Bay_Marina",4,"summer","shallow","2024_10_09_11-38-54.jpg",6,0,0,0,0,0,0,1,0,0,0,0,0,0,0,0,0,0,0,0,0,0,0,0
"Elliott_Bay_Marina",4,"summer","shallow","2024_10_09_11-39-06.jpg",9,0,0,0,0,0,0,0,0,1,0,0,0,0,0,0,0,0,2,0,0,0,0,0
"Elliott_Bay_Marina",4,"summer","shallow","2024_10_09_11-39-15.jpg",2,0,0,0,0,0,0,0,0,1,0,0,0,0,0,0,0,0,0,0,0,0,0,0
"Elliott_Bay_Marina",4,"summer","shallow","2024_10_09_11-39-30.jpg",4,0,0,0,0,0,0,1,0,0,0,0,0,0,0,0,0,0,0,1,0,0,0,0
"Elliott_Bay_Marina",4,"summer","shallow","2024_10_09_11-40-01.jpg",11,0,0,0,0,0,0,0,0,0,0,0,0,0,0,0,0,0,0,0,0,0,0,0
"Elliott_Bay_Marina",4,"summer","shallow","2024_10_09_11-40-16.jpg",8,0,0,0,0,0,0,0,0,0,0,0,0,0,0,0,0,0,0,0,0,0,0,0
"Elliott_Bay_Marina",4,"summer","shallow","2024_10_09_11-40-28.jpg",0,0,0,0,0,0,0,0,0,1,0,0,0,0,0,0,0,0,0,0,0,0,0,0
"Elliott_Bay_Marina",4,"summer","shallow","2024_10_09_11-40-40.jpg",2,0,0,0,0,0,0,0,0,0,0,0,0,0,0,0,0,0,0,0,0,0,0,0
"Elliott_Bay_Marina",4,"summer","shallow","2024_10_09_11-40-55.jpg",0,0,0,0,0,0,0,0,0,0,0,0,0,0,0,0,0,0,0,0,0,0,0,0
"Elliott_Bay_Marina",4,"summer","shallow","2024_10_09_11-41-07.jpg",1,0,0,0,0,0,0,0,0,0,0,0,0,0,0,0,0,0,0,0,0,0,0,0
"Elliott_Bay_Marina",4,"summer","shallow","2024_10_09_11-41-22.jpg",0,0,0,0,0,0,0,0,0,0,0,0,0,0,0,0,0,0,0,0,0,0,0,0
"Elliott_Bay_Marina",4,"summer","shallow","2024_10_09_12-06-05.jpg",1,0,0,0,0,0,0,0,0,1,0,0,0,0,0,0,0,0,0,4,0,0,0,0
"Elliott_Bay_Marina",4,"summer","shallow","2024_10_09_12-06-17.jpg",1,0,1,0,0,0,0,0,0,0,0,0,0,0,0,0,0,0,0,0,0,0,0,0
"Elliott_Bay_Marina",4,"summer","shallow","2024_10_09_12-06-32.jpg",2,0,0,0,0,0,0,0,0,0,0,0,0,0,0,0,0,0,0,1,0,0,0,0
"Elliott_Bay_Marina",4,"summer","shallow","2024_10_09_12-06-44.jpg",0,0,0,0,0,0,0,0,0,0,0,0,0,0,0,0,0,0,0,0,0,0,0,0
"Elliott_Bay_Marina",4,"summer","shallow","2024_10_09_12-06-59.jpg",1,0,0,0,0,0,0,0,0,0,0,0,0,0,0,0,0,0,0,0,0,0,0,0
"Elliott_Bay_Marina",4,"summer","shallow","2024_10_09_12-07-11.jpg",1,0,0,0,0,0,0,0,0,0,0,0,0,0,0,0,0,0,0,0,0,0,0,0
"Elliott_Bay_Marina",4,"summer","shallow","2024_10_09_12-07-23.jpg",1,0,1,0,0,0,0,1,0,0,0,0,0,0,0,0,0,0,0,1,0,0,0,0
"Elliott_Bay_Marina",4,"summer","shallow","2024_10_09_12-07-38.jpg",1,0,0,0,0,0,0,0,0,0,0,0,0,0,0,0,0,0,0,0,0,0,0,0
"Elliott_Bay_Marina",4,"summer","shallow","2024_10_09_12-07-47.jpg",5,0,1,0,0,0,0,2,0,0,0,0,0,0,0,0,0,0,0,0,0,0,0,0
"Elliott_Bay_Marina",4,"summer","shallow","2024_10_09_12-07-59.jpg",3,0,0,0,0,0,0,0,0,0,0,0,0,0,0,0,0,0,0,0,0,0,0,0
"Elliott_Bay_Marina",4,"summer","shallow","2024_10_09_12-08-08.jpg",2,0,0,0,0,0,0,0,0,0,0,0,0,0,0,0,0,0,0,0,0,0,0,0
"Elliott_Bay_Marina",4,"summer","shallow","2024_10_09_12-08-23.jpg",1,0,0,0,0,0,0,0,0,1,0,0,0,0,0,0,0,0,0,2,0,0,0,0
"Elliott_Bay_Marina",4,"summer","shallow","2024_10_09_12-08-35.jpg",1,0,0,0,0,0,0,0,0,0,0,0,0,0,0,0,0,0,0,0,0,0,0,0
"Elliott_Bay_Marina",4,"summer","shallow","2024_10_09_12-08-41.jpg",0,0,0,0,0,0,0,0,0,0,0,0,0,0,0,0,0,0,0,0,0,0,0,0
"Elliott_Bay_Marina",4,"summer","shallow","2024_10_09_12-08-53.jpg",1,0,0,0,0,0,0,0,0,0,0,0,0,0,0,0,0,0,0,0,0,0,0,0
"Elliott_Bay_Marina",4,"summer","shallow","2024_10_09_12-09-11.jpg",2,0,0,0,0,0,0,0,0,0,0,0,0,0,0,0,0,0,0,0,0,0,0,0
"Elliott_Bay_Marina",4,"summer","shallow","2024_10_09_12-09-23.jpg",0,0,0,0,0,0,0,0,0,0,1,0,0,0,0,0,0,0,0,0,0,0,0,0
"Elliott_Bay_Marina",4,"summer","shallow","2024_10_09_12-09-35.jpg",1,0,0,0,0,0,0,0,0,0,0,0,0,0,0,0,0,0,0,0,0,0,0,0
"Elliott_Bay_Marina",4,"summer","shallow","2024_10_09_12-09-44.jpg",1,0,0,0,0,0,0,0,0,1,0,0,0,0,0,0,0,0,0,0,0,0,0,0
"Elliott_Bay_Marina",4,"summer","shallow","2024_10_09_12-09-53.jpg",1,0,0,0,0,0,0,0,0,0,0,0,0,0,0,0,0,0,0,4,0,0,0,0
"Elliott_Bay_Marina",5,"summer","shallow","2024_10_09_11-42-22.jpg",0,0,0,0,0,0,0,0,0,1,0,0,0,0,0,0,0,0,0,0,0,0,0,0
"Elliott_Bay_Marina",5,"summer","shallow","2024_10_09_11-42-34.jpg",0,0,0,0,0,0,0,0,0,0,0,0,0,0,0,0,0,0,0,0,0,0,0,0
"Elliott_Bay_Marina",5,"summer","shallow","2024_10_09_11-42-40.jpg",0,0,0,0,0,0,0,0,0,0,0,0,0,0,0,0,0,0,1,0,0,0,0,0
"Elliott_Bay_Marina",5,"summer","shallow","2024_10_09_11-42-52.jpg",0,0,0,0,0,0,0,0,0,0,0,0,0,0,0,0,0,0,0,0,0,0,0,0
"Elliott_Bay_Marina",5,"summer","shallow","2024_10_09_11-43-07.jpg",0,0,0,0,0,0,0,0,0,0,0,0,0,0,0,0,0,0,0,0,0,0,0,0
"Elliott_Bay_Marina",5,"summer","shallow","2024_10_09_11-43-16.jpg",2,0,0,0,0,0,0,0,0,0,0,0,0,0,0,0,0,0,0,0,0,0,0,0
"Elliott_Bay_Marina",5,"summer","shallow","2024_10_09_11-43-28.jpg",0,0,0,0,0,0,0,0,0,0,0,0,0,0,0,0,0,0,0,0,0,0,0,0
"Elliott_Bay_Marina",5,"summer","shallow","2024_10_09_11-43-40.jpg",0,0,0,0,0,0,1,0,0,0,0,0,0,0,0,0,0,0,0,1,0,0,0,0
"Elliott_Bay_Marina",5,"summer","shallow","2024_10_09_11-43-49.jpg",1,0,0,0,0,0,0,1,0,2,0,0,0,0,0,0,1,0,0,0,0,0,0,0
"Elliott_Bay_Marina",5,"summer","shallow","2024_10_09_11-44-01.jpg",3,0,0,0,0,0,0,0,0,1,0,0,0,0,0,0,1,0,0,0,0,0,0,0
"Elliott_Bay_Marina",5,"summer","shallow","2024_10_09_11-44-07.jpg",2,0,0,0,0,0,0,1,0,0,0,0,0,0,0,0,0,0,0,0,0,0,0,0
"Elliott_Bay_Marina",5,"summer","shallow","2024_10_09_11-44-19.jpg",0,0,0,0,0,0,0,0,0,1,0,0,0,0,0,0,0,0,1,0,0,0,0,0
"Elliott_Bay_Marina",5,"summer","shallow","2024_10_09_11-44-28.jpg",0,0,1,0,0,0,0,0,0,1,0,0,0,0,0,0,0,0,0,0,0,0,0,0
"Elliott_Bay_Marina",5,"summer","shallow","2024_10_09_11-44-37.jpg",0,0,0,0,0,0,0,0,0,0,0,0,0,0,0,0,0,0,0,0,0,0,0,0
"Elliott_Bay_Marina",5,"summer","shallow","2024_10_09_11-44-49.jpg",0,0,0,0,0,0,0,0,0,0,0,0,0,0,0,0,0,0,0,0,0,0,0,0
"Elliott_Bay_Marina",5,"summer","shallow","2024_10_09_11-45-01.jpg",0,0,0,0,0,0,0,1,0,0,0,0,0,0,1,0,0,0,0,0,0,0,0,0
"Elliott_Bay_Marina",5,"summer","shallow","2024_10_09_11-45-16.jpg",0,0,0,0,0,0,0,0,0,0,0,0,0,0,0,0,0,0,0,0,0,0,0,0
"Elliott_Bay_Marina",5,"summer","shallow","2024_10_09_11-45-37.jpg",1,0,0,0,0,0,0,0,0,0,0,0,0,0,0,0,0,0,0,0,0,0,0,0
"Elliott_Bay_Marina",5,"summer","shallow","2024_10_09_11-45-52.jpg",0,0,0,0,0,0,0,0,0,0,0,0,0,0,0,0,0,0,0,0,0,0,0,0
"Elliott_Bay_Marina",5,"summer","shallow","2024_10_09_11-46-01.jpg",0,0,0,0,0,0,0,0,0,0,0,0,0,0,0,0,0,0,0,0,0,0,0,0
"Elliott_Bay_Marina",5,"summer","shallow","2024_10_09_11-46-07.jpg",0,0,0,0,0,0,0,0,0,0,0,0,0,0,0,0,0,0,0,0,0,0,0,0
"Elliott_Bay_Marina",5,"summer","shallow","2024_10_09_11-46-13.jpg",0,0,0,0,0,0,0,0,0,0,0,0,0,0,0,0,0,0,1,0,0,0,0,0
"Elliott_Bay_Marina",5,"summer","shallow","2024_10_09_11-46-22.jpg",2,0,0,0,0,0,0,0,0,0,0,0,0,0,0,0,0,0,0,0,0,0,0,0
"Elliott_Bay_Marina",5,"summer","shallow","2024_10_09_11-46-34.jpg",1,0,0,0,0,0,0,0,0,0,0,0,0,0,0,0,0,0,0,0,0,0,0,0
"Elliott_Bay_Marina",5,"summer","shallow","2024_10_09_11-46-43.jpg",1,0,0,0,0,0,0,0,0,0,0,0,0,0,0,0,0,0,0,0,0,0,0,0
"Elliott_Bay_Marina",5,"summer","shallow","2024_10_09_11-46-52.jpg",0,0,0,0,0,0,0,0,0,0,0,0,0,0,0,0,0,0,0,0,0,0,0,0
"Elliott_Bay_Marina",5,"summer","shallow","2024_10_09_11-47-04.jpg",1,0,0,0,0,0,0,0,0,0,0,0,0,0,0,0,0,0,0,0,0,0,0,0
"Elliott_Bay_Marina",5,"summer","shallow","2024_10_09_11-47-16.jpg",0,0,0,0,0,0,0,0,0,0,0,0,0,0,0,0,0,0,0,0,0,0,0,0
"Elliott_Bay_Marina",5,"summer","shallow","2024_10_09_12-10-50.jpg",0,0,0,0,0,0,0,0,0,1,0,0,0,0,0,0,0,0,0,2,0,0,0,0
"Elliott_Bay_Marina",5,"summer","shallow","2024_10_09_12-11-02.jpg",1,0,1,0,0,0,0,0,0,0,0,0,0,0,0,0,0,0,0,0,0,0,0,0
"Elliott_Bay_Marina",5,"summer","shallow","2024_10_09_12-11-08.jpg",2,0,0,0,0,0,0,0,0,0,0,0,0,0,0,0,0,0,0,0,0,0,0,0
"Elliott_Bay_Marina",5,"summer","shallow","2024_10_09_12-11-17.jpg",0,0,0,0,0,0,0,0,0,0,0,0,0,0,0,0,0,0,0,0,0,0,0,0
"Elliott_Bay_Marina",5,"summer","shallow","2024_10_09_12-11-26.jpg",1,0,0,0,0,0,0,0,0,0,0,0,0,0,0,0,0,0,0,0,0,0,0,0
"Elliott_Bay_Marina",5,"summer","shallow","2024_10_09_12-11-32.jpg",0,0,0,0,0,0,0,0,0,0,0,0,0,0,0,0,0,0,0,0,0,0,0,0
"Elliott_Bay_Marina",5,"summer","shallow","2024_10_09_12-11-41.jpg",0,0,0,0,0,0,0,0,0,0,0,0,0,0,0,0,0,0,0,0,0,0,0,0
"Elliott_Bay_Marina",5,"summer","shallow","2024_10_09_12-11-50.jpg",0,0,0,0,0,0,0,0,0,0,0,0,0,0,0,0,0,0,0,0,0,0,0,0
"Elliott_Bay_Marina",5,"summer","shallow","2024_10_09_12-11-59.jpg",0,0,0,0,0,0,0,0,0,0,0,0,0,0,0,0,0,0,0,0,0,0,0,0
"Elliott_Bay_Marina",5,"summer","shallow","2024_10_09_12-12-08.jpg",0,0,0,0,0,0,0,0,0,1,0,0,0,0,0,0,0,0,0,0,0,0,0,0
"Elliott_Bay_Marina",5,"summer","shallow","2024_10_09_12-12-17.jpg",0,0,0,0,0,0,0,0,0,0,0,0,0,0,0,0,0,0,0,0,0,0,0,0
"Elliott_Bay_Marina",5,"summer","shallow","2024_10_09_12-12-26.jpg",0,0,0,0,0,0,0,0,0,1,0,0,0,0,0,0,0,0,0,0,0,0,0,0
"Elliott_Bay_Marina",5,"summer","shallow","2024_10_09_12-12-38.jpg",0,0,0,0,0,0,0,0,0,0,0,0,0,0,0,0,0,0,0,0,0,0,0,0
"Elliott_Bay_Marina",5,"summer","shallow","2024_10_09_12-12-44.jpg",1,0,0,0,0,0,0,0,0,0,0,0,0,0,0,0,0,0,0,0,0,0,0,0
"Elliott_Bay_Marina",5,"summer","shallow","2024_10_09_12-12-53.jpg",1,0,0,0,0,0,0,0,0,0,0,0,0,0,0,0,0,0,0,0,0,0,0,0
"Elliott_Bay_Marina",5,"summer","shallow","2024_10_09_12-13-00.jpg",2,0,0,0,0,0,0,0,0,0,0,0,0,0,0,0,0,0,0,0,0,0,0,0
"Elliott_Bay_Marina",5,"summer","shallow","2024_10_09_12-13-09.jpg",0,0,0,0,0,0,0,0,0,0,0,0,0,0,0,0,0,0,0,0,0,0,0,0
"Elliott_Bay_Marina",5,"summer","shallow","2024_10_09_12-13-45.jpg",0,0,1,0,0,0,1,0,0,1,0,0,0,0,0,0,0,0,0,1,0,0,0,0
"Elliott_Bay_Marina",5,"summer","shallow","2024_10_09_12-13-54.jpg",1,0,0,0,0,0,1,0,0,2,3,0,0,0,0,0,1,0,0,0,0,0,0,0
"Elliott_Bay_Marina",5,"summer","shallow","2024_10_09_12-14-09.jpg",3,0,0,0,0,0,0,0,0,0,0,0,0,0,0,0,1,0,0,0,0,0,0,0
"Elliott_Bay_Marina",6,"summer","shallow","2024_10_09_11-48-19.jpg",0,0,0,0,0,0,0,0,0,0,0,0,0,0,0,0,0,0,0,0,0,0,0,0
"Elliott_Bay_Marina",6,"summer","shallow","2024_10_09_11-48-31.jpg",0,0,0,0,0,0,0,0,0,0,0,0,0,0,0,0,0,0,0,0,0,0,0,0
"Elliott_Bay_Marina",6,"summer","shallow","2024_10_09_11-48-40.jpg",1,0,0,0,0,0,0,0,0,0,0,0,0,0,0,0,0,0,0,0,0,0,0,0
"Elliott_Bay_Marina",6,"summer","shallow","2024_10_09_11-48-46.jpg",0,0,0,0,0,0,0,0,0,0,1,0,0,0,0,0,0,0,0,0,0,0,0,0
"Elliott_Bay_Marina",6,"summer","shallow","2024_10_09_11-48-55.jpg",0,0,0,0,0,0,0,0,0,1,0,0,0,0,0,0,0,0,0,0,0,0,0,0
"Elliott_Bay_Marina",6,"summer","shallow","2024_10_09_11-49-10.jpg",0,0,0,0,0,0,0,0,0,1,0,0,0,0,0,0,0,0,0,0,0,0,0,0
"Elliott_Bay_Marina",6,"summer","shallow","2024_10_09_11-49-25.jpg",1,0,0,0,0,0,0,0,0,0,0,0,0,0,0,0,0,0,0,0,0,0,0,0
"Elliott_Bay_Marina",6,"summer","shallow","2024_10_09_11-49-34.jpg",1,0,0,0,0,0,0,0,0,0,0,0,0,0,0,0,0,0,0,0,0,0,0,0
"Elliott_Bay_Marina",6,"summer","shallow","2024_10_09_11-49-43.jpg",0,0,0,0,0,0,0,0,0,2,0,0,0,0,0,0,0,0,0,0,0,0,0,0
"Elliott_Bay_Marina",6,"summer","shallow","2024_10_09_11-49-58.jpg",0,0,0,0,0,0,0,0,0,0,1,0,0,0,0,0,0,0,0,0,0,0,0,0
"Elliott_Bay_Marina",6,"summer","shallow","2024_10_09_11-50-13.jpg",0,0,0,0,0,0,0,0,0,0,0,0,0,0,0,0,0,0,0,0,0,0,0,0
"Elliott_Bay_Marina",6,"summer","shallow","2024_10_09_11-50-31.jpg",0,0,0,0,0,0,0,0,0,1,0,0,0,0,0,0,0,0,0,0,0,0,0,0
"Elliott_Bay_Marina",6,"summer","shallow","2024_10_09_11-50-40.jpg",0,0,0,0,0,0,0,0,0,0,0,0,0,0,0,0,0,0,0,0,0,0,0,0
"Elliott_Bay_Marina",6,"summer","shallow","2024_10_09_11-50-49.jpg",0,0,0,0,0,0,0,0,0,1,0,0,0,0,0,0,0,0,0,0,0,0,0,0
"Elliott_Bay_Marina",6,"summer","shallow","2024_10_09_11-50-55.jpg",1,0,0,0,0,0,0,1,0,0,0,0,0,0,0,0,0,0,0,0,0,0,0,0
"Elliott_Bay_Marina",6,"summer","shallow","2024_10_09_11-51-04.jpg",0,0,0,0,0,0,0,0,0,0,0,0,0,0,0,0,0,0,0,0,0,0,0,0
"Elliott_Bay_Marina",6,"summer","shallow","2024_10_09_11-51-13.jpg",0,0,0,0,0,0,0,0,0,0,1,0,0,0,0,0,0,0,0,0,0,0,0,0
"Elliott_Bay_Marina",6,"summer","shallow","2024_10_09_11-51-19.jpg",0,0,0,0,0,0,0,0,0,0,0,0,0,0,0,0,0,0,0,0,0,0,0,0
"Elliott_Bay_Marina",6,"summer","shallow","2024_10_09_11-51-31.jpg",0,0,0,0,0,0,0,0,0,0,0,0,0,0,0,0,0,0,0,0,0,0,0,0
"Elliott_Bay_Marina",6,"summer","shallow","2024_10_09_11-51-37.jpg",0,0,0,0,0,0,0,0,0,0,0,0,0,0,0,0,0,0,0,0,0,0,0,0
"Elliott_Bay_Marina",6,"summer","shallow","2024_10_09_11-51-49.jpg",0,0,0,0,0,0,0,0,0,0,3,0,0,0,1,0,0,0,0,0,0,0,0,0
"Elliott_Bay_Marina",6,"summer","shallow","2024_10_09_11-51-58.jpg",1,0,0,0,0,0,0,0,0,0,1,0,0,0,0,0,0,0,0,0,1,0,0,0
"Elliott_Bay_Marina",6,"summer","shallow","2024_10_09_11-52-16.jpg",0,0,0,0,0,0,0,0,0,0,0,0,0,0,0,0,0,0,0,0,0,0,0,0
"Elliott_Bay_Marina",6,"summer","shallow","2024_10_09_11-52-25.jpg",1,0,0,0,0,0,0,0,0,0,0,0,0,0,0,0,0,0,2,0,0,1,0,0
"Elliott_Bay_Marina",6,"summer","shallow","2024_10_09_11-52-46.jpg",0,0,0,0,0,0,0,0,0,0,0,0,0,0,0,0,0,0,0,0,0,0,0,0
"Elliott_Bay_Marina",6,"summer","shallow","2024_10_09_11-52-52.jpg",1,0,0,0,0,0,0,0,0,0,0,0,0,0,0,0,0,0,0,0,0,0,0,0
"Elliott_Bay_Marina",6,"summer","shallow","2024_10_09_11-53-04.jpg",0,0,0,0,0,0,0,0,0,0,0,0,0,0,0,0,0,0,0,0,0,0,0,0
"Elliott_Bay_Marina",6,"summer","shallow","2024_10_09_11-53-13.jpg",0,0,0,0,0,0,0,0,0,0,0,0,0,0,0,0,0,0,0,0,0,0,0,0
"Elliott_Bay_Marina",6,"summer","shallow","2024_10_09_12-20-03.jpg",0,0,0,0,0,0,0,0,0,0,0,0,0,0,0,0,0,0,0,0,0,0,0,0
"Elliott_Bay_Marina",6,"summer","shallow","2024_10_09_12-20-18.jpg",0,0,0,0,0,0,0,0,0,1,0,0,0,0,0,0,0,0,0,0,0,0,0,0
"Elliott_Bay_Marina",6,"summer","shallow","2024_10_09_12-20-30.jpg",0,0,0,0,0,0,0,0,0,0,0,0,0,0,0,0,0,0,0,0,0,0,0,0
"Elliott_Bay_Marina",6,"summer","shallow","2024_10_09_12-20-42.jpg",0,0,0,0,0,0,0,0,0,0,0,0,0,0,0,0,0,0,0,0,0,0,0,0
"Elliott_Bay_Marina",6,"summer","shallow","2024_10_09_12-20-54.jpg",0,0,0,0,0,0,0,0,0,0,0,0,0,0,0,0,0,0,0,0,0,0,0,0
"Elliott_Bay_Marina",6,"summer","shallow","2024_10_09_12-21-00.jpg",0,0,0,0,0,0,0,0,0,1,0,0,0,0,0,0,0,0,0,0,0,0,0,0
"Elliott_Bay_Marina",6,"summer","shallow","2024_10_09_12-21-06.jpg",0,0,0,0,0,0,0,0,0,0,2,0,0,0,0,0,0,0,0,0,0,0,0,0
"Elliott_Bay_Marina",6,"summer","shallow","2024_10_09_12-21-15.jpg",0,0,0,0,0,0,0,0,0,0,0,0,0,0,0,0,0,0,0,0,0,0,0,0
"Elliott_Bay_Marina",6,"summer","shallow","2024_10_09_12-21-24.jpg",1,0,0,0,0,0,0,0,0,0,0,0,0,0,0,0,0,0,0,0,0,0,0,0
"Elliott_Bay_Marina",6,"summer","shallow","2024_10_09_12-21-30.jpg",0,0,0,0,0,0,0,0,0,0,1,0,0,0,1,0,0,0,0,0,0,0,0,0
"Elliott_Bay_Marina",6,"summer","shallow","2024_10_09_12-21-39.jpg",0,0,0,0,0,0,0,0,0,0,0,0,0,0,0,0,0,0,0,0,0,0,0,0
"Elliott_Bay_Marina",6,"summer","shallow","2024_10_09_12-21-51.jpg",0,0,0,0,0,0,0,0,0,0,1,0,0,0,0,0,0,0,0,0,0,0,0,0
"Elliott_Bay_Marina",6,"summer","shallow","2024_10_09_12-22-00.jpg",0,0,0,0,0,0,0,0,0,0,0,0,0,0,0,0,0,0,0,0,0,0,0,0
"Elliott_Bay_Marina",6,"summer","shallow","2024_10_09_12-22-09.jpg",0,0,0,0,0,0,0,0,0,0,1,0,0,0,0,0,0,0,0,0,0,0,0,0
"Elliott_Bay_Marina",6,"summer","shallow","2024_10_09_12-22-15.jpg",0,0,0,0,0,0,0,0,0,0,1,0,0,0,0,0,0,0,0,0,0,0,0,0
"Elliott_Bay_Marina",6,"summer","shallow","2024_10_09_12-22-30.jpg",0,0,0,0,0,0,0,0,0,0,0,0,0,0,0,0,0,0,0,0,0,0,0,0
"Elliott_Bay_Marina",6,"summer","shallow","2024_10_09_12-22-42.jpg",0,0,0,0,0,0,0,0,0,0,0,0,0,0,0,0,0,0,0,0,0,0,0,0
"Elliott_Bay_Marina",6,"summer","shallow","2024_10_09_12-22-51.jpg",1,0,0,0,0,0,0,0,0,0,0,0,0,0,0,0,0,0,0,0,0,0,0,0
"Elliott_Bay_Marina",6,"summer","shallow","2024_10_09_12-23-03.jpg",0,0,0,0,0,0,0,0,0,0,0,0,0,0,0,0,0,0,0,0,0,0,0,0
"Elliott_Bay_Marina",6,"summer","shallow","2024_10_09_12-23-12.jpg",0,0,0,0,0,0,0,0,0,0,0,0,0,0,0,0,0,0,0,0,0,0,0,0
"Elliott_Bay_Marina",6,"summer","shallow","2024_10_09_12-23-21.jpg",0,0,0,0,0,0,0,0,0,0,0,0,0,0,0,0,0,0,0,0,0,0,0,0
"Elliott_Bay_Marina",6,"summer","shallow","2024_10_09_12-23-36.jpg",0,0,0,0,0,0,0,0,0,0,0,0,0,0,0,0,0,0,0,0,0,0,0,0
"Elliott_Bay_Marina",1,"winter","deep","2025_01_28_10-06-36.jpg",1,0,0,0,0,0,0,0,0,0,0,0,0,0,1,0,1,0,0,0,0,0,0,0
"Elliott_Bay_Marina",1,"winter","deep","2025_01_28_10-07-00.jpg",0,0,0,0,0,0,0,0,0,0,1,0,0,0,0,0,1,0,0,0,0,0,0,0
"Elliott_Bay_Marina",1,"winter","deep","2025_01_28_10-07-12.jpg",1,0,0,0,0,0,0,0,0,0,0,0,0,0,0,0,0,0,0,0,0,0,0,0
"Elliott_Bay_Marina",1,"winter","deep","2025_01_28_10-07-24.jpg",0,0,0,0,0,0,0,0,0,0,0,0,0,0,0,0,0,0,0,0,0,0,0,0
"Elliott_Bay_Marina",1,"winter","deep","2025_01_28_10-07-36.jpg",0,0,0,0,0,0,0,0,0,0,0,0,0,0,0,0,0,0,0,0,0,0,0,0
"Elliott_Bay_Marina",1,"winter","deep","2025_01_28_10-07-45.jpg",0,0,0,0,0,0,0,0,0,0,0,0,0,0,0,0,0,0,0,0,0,0,0,0
"Elliott_Bay_Marina",1,"winter","deep","2025_01_28_10-07-57.jpg",0,0,0,0,0,0,0,0,0,0,0,0,0,0,0,0,0,0,0,0,0,0,0,0
"Elliott_Bay_Marina",1,"winter","deep","2025_01_28_10-08-09.jpg",0,0,0,0,0,0,0,0,0,0,0,0,0,0,0,0,0,0,0,0,0,0,0,0
"Elliott_Bay_Marina",1,"winter","deep","2025_01_28_10-08-18.jpg",0,0,0,0,0,0,0,0,0,0,0,0,0,0,0,0,0,0,0,0,0,0,0,0
"Elliott_Bay_Marina",1,"winter","deep","2025_01_28_10-08-27.jpg",1,0,0,0,0,0,0,0,0,0,0,0,0,0,0,0,0,0,0,0,0,0,2,0
"Elliott_Bay_Marina",1,"winter","deep","2025_01_28_10-08-36.jpg",0,0,0,0,0,0,0,0,0,0,0,0,0,0,0,0,0,0,0,0,0,0,0,0
"Elliott_Bay_Marina",1,"winter","deep","2025_01_28_10-08-48.jpg",0,0,0,0,0,0,0,0,0,1,0,0,0,0,0,0,0,0,0,0,0,0,0,0
"Elliott_Bay_Marina",1,"winter","deep","2025_01_28_10-09-00.jpg",0,0,0,0,0,0,0,0,0,0,0,0,0,0,0,0,0,0,0,0,0,0,0,0
"Elliott_Bay_Marina",1,"winter","deep","2025_01_28_10-09-12.jpg",0,0,0,0,0,0,0,0,0,0,0,0,0,0,0,0,0,0,0,0,0,2,0,0
"Elliott_Bay_Marina",1,"winter","deep","2025_01_28_10-09-30.jpg",0,0,0,1,0,0,0,0,0,0,0,0,0,0,0,0,0,0,0,0,0,0,0,0
"Elliott_Bay_Marina",1,"winter","deep","2025_01_28_10-09-45.jpg",0,0,0,0,0,0,0,0,0,0,0,0,0,0,0,0,0,0,0,0,0,0,0,0
"Elliott_Bay_Marina",1,"winter","deep","2025_01_28_10-09-57.jpg",3,0,0,0,0,0,0,0,0,0,1,0,0,0,0,0,0,0,0,0,0,0,0,0
"Elliott_Bay_Marina",1,"winter","deep","2025_01_28_10-10-06.jpg",0,0,0,0,0,0,0,0,0,0,0,0,0,0,0,0,0,0,0,0,0,0,0,0
"Elliott_Bay_Marina",1,"winter","deep","2025_01_28_10-10-18.jpg",0,0,0,0,0,0,0,0,0,0,0,0,0,0,0,0,0,0,0,0,0,0,0,0
"Elliott_Bay_Marina",1,"winter","deep","2025_01_28_10-10-30.jpg",0,0,0,0,0,0,0,0,0,0,0,0,0,0,0,0,0,0,0,0,0,0,0,0
"Elliott_Bay_Marina",1,"winter","deep","2025_01_28_10-10-45.jpg",0,0,0,0,0,0,0,0,0,0,0,0,0,0,0,0,0,0,0,0,0,0,0,0
"Elliott_Bay_Marina",1,"winter","deep","2025_01_28_10-11-00.jpg",1,0,0,0,0,0,0,0,0,0,1,0,0,0,0,0,0,0,0,0,0,0,0,0
"Elliott_Bay_Marina",1,"winter","deep","2025_01_28_10-11-12.jpg",0,0,0,0,0,0,0,0,0,0,0,0,0,0,0,0,0,0,0,0,0,0,0,0
"Elliott_Bay_Marina",1,"winter","deep","2025_01_28_10-11-24.jpg",0,0,0,0,0,0,0,0,0,0,0,0,0,0,0,0,0,0,0,0,0,0,0,0
"Elliott_Bay_Marina",1,"winter","deep","2025_01_28_10-11-36.jpg",0,0,0,0,0,0,0,0,0,0,0,0,0,0,0,0,0,0,0,0,0,0,0,0
"Elliott_Bay_Marina",1,"winter","deep","2025_01_28_10-11-48.jpg",0,0,0,0,0,0,0,0,0,0,0,0,0,0,0,0,0,0,0,0,0,0,0,0
"Elliott_Bay_Marina",1,"winter","deep","2025_01_28_10-11-57.jpg",0,0,0,0,0,0,0,0,0,0,0,0,0,0,0,0,0,0,0,0,0,0,0,0
"Elliott_Bay_Marina",1,"winter","deep","2025_01_28_10-12-09.jpg",0,0,0,0,0,0,0,0,0,0,0,0,0,0,0,0,0,0,0,0,0,0,0,0
"Elliott_Bay_Marina",1,"winter","deep","2025_01_28_10-12-21.jpg",0,0,0,0,0,0,0,0,0,0,0,0,0,0,0,0,0,0,0,0,0,0,0,0
"Elliott_Bay_Marina",1,"winter","deep","2025_01_28_10-12-30.jpg",0,0,0,0,0,0,1,0,0,0,0,0,0,0,0,0,0,0,0,0,0,0,0,0
"Elliott_Bay_Marina",1,"winter","deep","2025_01_28_10-12-42.jpg",0,0,0,0,0,0,0,0,0,0,0,0,0,0,0,0,0,0,0,0,0,0,0,0
"Elliott_Bay_Marina",1,"winter","deep","2025_01_28_10-41-14.jpg",1,0,0,0,0,0,0,0,0,0,0,0,0,0,0,0,0,0,0,0,0,1,0,0
"Elliott_Bay_Marina",1,"winter","deep","2025_01_28_10-41-23.jpg",0,0,0,1,0,0,0,0,0,0,0,0,0,0,0,0,0,0,0,0,0,0,0,0
"Elliott_Bay_Marina",1,"winter","deep","2025_01_28_10-41-35.jpg",0,0,0,0,0,0,0,0,0,0,0,0,0,0,0,0,0,0,0,0,0,0,0,0
"Elliott_Bay_Marina",1,"winter","deep","2025_01_28_10-41-44.jpg",1,0,0,0,0,0,0,0,0,0,0,0,0,0,0,0,0,0,0,0,0,3,0,0
"Elliott_Bay_Marina",1,"winter","deep","2025_01_28_10-41-56.jpg",0,0,0,0,0,0,0,0,0,0,1,0,0,0,0,0,0,0,0,0,0,0,0,0
"Elliott_Bay_Marina",1,"winter","deep","2025_01_28_10-42-05.jpg",0,0,0,0,0,0,0,0,0,0,0,0,0,0,0,0,0,0,0,0,0,0,0,0
"Elliott_Bay_Marina",1,"winter","deep","2025_01_28_10-42-14.jpg",0,0,0,0,0,0,0,1,0,0,0,0,0,0,0,0,0,0,0,0,0,0,0,0
"Elliott_Bay_Marina",1,"winter","deep","2025_01_28_10-42-23.jpg",0,0,0,0,0,0,0,0,0,0,0,0,0,0,0,0,0,0,0,0,0,0,0,0
"Elliott_Bay_Marina",1,"winter","deep","2025_01_28_10-42-32.jpg",0,0,0,0,0,0,0,0,0,0,0,0,0,0,0,0,0,0,0,0,0,0,0,0
"Elliott_Bay_Marina",1,"winter","deep","2025_01_28_10-42-59.jpg",0,0,0,0,0,0,0,0,0,0,1,0,0,0,0,0,0,0,0,0,0,0,0,0
"Elliott_Bay_Marina",1,"winter","deep","2025_01_28_10-43-08.jpg",0,0,0,0,0,0,0,0,0,0,0,0,0,0,1,0,0,0,0,0,0,0,0,0
"Elliott_Bay_Marina",1,"winter","deep","2025_01_28_10-43-20.jpg",0,0,0,0,0,0,0,1,0,0,2,0,0,0,0,0,0,0,0,0,0,0,0,0
"Elliott_Bay_Marina",1,"winter","deep","2025_01_28_10-43-35.jpg",1,0,0,1,0,0,0,3,0,0,0,0,0,0,0,0,0,0,0,0,0,0,0,0
"Elliott_Bay_Marina",1,"winter","deep","2025_01_28_10-43-47.jpg",0,0,0,6,0,0,0,0,0,0,0,0,0,0,0,0,0,0,0,0,0,0,0,0
"Elliott_Bay_Marina",1,"winter","deep","2025_01_28_10-43-53.jpg",0,0,0,0,0,0,0,0,0,0,0,0,0,0,0,0,0,0,0,0,0,0,0,0
"Elliott_Bay_Marina",1,"winter","deep","2025_01_28_10-44-08.jpg",1,0,0,0,0,0,0,0,0,0,0,0,0,0,0,0,0,0,0,0,0,0,0,0
"Elliott_Bay_Marina",1,"winter","deep","2025_01_28_10-44-20.jpg",1,0,0,1,0,0,0,0,0,0,0,0,0,0,0,0,0,0,0,0,0,0,0,0
"Elliott_Bay_Marina",1,"winter","deep","2025_01_28_10-44-32.jpg",0,0,0,0,0,0,0,0,0,0,0,0,0,0,0,0,0,0,0,0,0,1,0,0
"Elliott_Bay_Marina",1,"winter","deep","2025_01_28_10-44-41.jpg",1,0,0,0,0,0,0,0,0,0,0,0,0,0,0,0,0,0,0,0,0,0,0,0
"Elliott_Bay_Marina",1,"winter","deep","2025_01_28_10-44-56.jpg",2,0,0,0,0,0,0,1,0,0,0,0,0,0,0,0,0,0,0,0,0,1,0,0
"Elliott_Bay_Marina",1,"winter","deep","2025_01_28_10-45-14.jpg",1,0,0,1,0,0,0,0,0,0,0,0,0,0,0,0,0,0,0,0,0,0,0,0
"Elliott_Bay_Marina",1,"winter","deep","2025_01_28_10-45-26.jpg",0,0,0,2,0,0,0,0,0,0,0,0,0,0,0,0,0,0,0,0,0,0,0,0
"Elliott_Bay_Marina",1,"winter","deep","2025_01_28_10-45-35.jpg",0,0,0,0,0,0,0,0,0,0,0,0,0,0,0,0,1,0,0,0,0,0,0,0
"Elliott_Bay_Marina",1,"winter","deep","2025_01_28_10-45-50.jpg",0,0,0,0,0,0,0,1,0,0,0,0,0,0,0,0,0,0,0,0,0,0,0,0
"Elliott_Bay_Marina",1,"winter","deep","2025_01_28_10-46-05.jpg",0,0,0,0,0,0,0,0,0,0,0,0,0,0,0,0,0,0,0,0,0,0,0,0
"Elliott_Bay_Marina",1,"winter","deep","2025_01_28_10-46-17.jpg",0,0,0,0,0,0,0,0,0,0,0,0,0,0,0,0,0,0,0,0,0,0,0,0
"Elliott_Bay_Marina",1,"winter","deep","2025_01_28_10-46-35.jpg",0,0,0,1,0,0,0,0,0,0,0,0,0,0,0,0,0,0,0,0,0,0,0,0
"Elliott_Bay_Marina",1,"winter","deep","2025_01_28_10-46-59.jpg",0,0,0,1,0,0,0,0,0,0,0,0,0,0,0,0,0,0,0,0,0,0,0,0
"Elliott_Bay_Marina",1,"winter","deep","2025_01_28_10-47-14.jpg",1,0,0,0,0,0,0,0,0,0,0,0,0,0,0,0,3,0,0,0,0,0,0,0
"Elliott_Bay_Marina",2,"winter","deep","2025_01_28_10-14-27.jpg",0,0,0,0,0,0,0,0,0,0,0,0,0,0,0,0,0,0,0,0,0,0,0,0
"Elliott_Bay_Marina",2,"winter","deep","2025_01_28_10-14-45.jpg",0,0,0,0,0,0,0,0,0,0,0,0,0,0,0,0,0,0,0,0,0,0,0,0
"Elliott_Bay_Marina",2,"winter","deep","2025_01_28_10-15-03.jpg",0,0,0,0,0,0,0,0,0,0,0,0,0,0,0,0,0,0,0,0,0,0,0,0
"Elliott_Bay_Marina",2,"winter","deep","2025_01_28_10-15-18.jpg",1,0,0,0,0,0,0,0,0,0,0,0,0,0,0,0,1,0,0,0,0,0,0,0
"Elliott_Bay_Marina",2,"winter","deep","2025_01_28_10-15-33.jpg",1,0,0,0,0,0,0,0,0,0,0,0,0,0,0,0,0,0,0,0,0,0,0,0
"Elliott_Bay_Marina",2,"winter","deep","2025_01_28_10-15-54.jpg",0,0,0,0,0,0,0,0,0,0,0,0,0,0,0,0,0,0,0,0,0,1,0,0
"Elliott_Bay_Marina",2,"winter","deep","2025_01_28_10-16-09.jpg",0,0,0,0,0,0,0,0,0,0,0,0,0,0,0,0,0,0,0,0,0,0,0,0
"Elliott_Bay_Marina",2,"winter","deep","2025_01_28_10-16-24.jpg",0,0,0,0,0,0,0,0,0,0,0,0,0,0,0,0,0,0,0,0,0,0,0,0
"Elliott_Bay_Marina",2,"winter","deep","2025_01_28_10-16-33.jpg",0,0,0,0,0,0,0,0,0,0,1,0,0,0,0,0,0,0,0,0,0,0,0,0
"Elliott_Bay_Marina",2,"winter","deep","2025_01_28_10-16-45.jpg",2,0,0,0,0,0,0,0,0,0,0,0,0,0,0,0,0,0,0,0,0,0,0,0
"Elliott_Bay_Marina",2,"winter","deep","2025_01_28_10-17-00.jpg",0,0,1,0,0,0,0,0,0,0,0,0,0,0,0,0,0,0,0,0,0,0,0,0
"Elliott_Bay_Marina",2,"winter","deep","2025_01_28_10-17-15.jpg",0,0,0,0,0,0,0,0,0,0,0,0,0,0,0,0,0,0,0,0,0,0,0,0
"Elliott_Bay_Marina",2,"winter","deep","2025_01_28_10-17-30.jpg",0,0,0,0,0,0,0,0,0,0,0,0,0,0,0,0,0,0,0,0,0,0,0,0
"Elliott_Bay_Marina",2,"winter","deep","2025_01_28_10-17-42.jpg",0,0,0,0,0,0,0,0,0,0,1,0,0,0,0,0,0,0,0,0,0,0,0,0
"Elliott_Bay_Marina",2,"winter","deep","2025_01_28_10-17-54.jpg",0,0,0,0,0,0,0,0,0,0,0,0,0,0,0,0,0,0,0,0,0,0,0,0
"Elliott_Bay_Marina",2,"winter","deep","2025_01_28_10-18-06.jpg",0,0,0,0,0,0,0,0,0,0,0,0,0,0,0,0,0,0,0,0,0,0,0,0
"Elliott_Bay_Marina",2,"winter","deep","2025_01_28_10-18-15.jpg",1,0,0,0,0,0,0,0,0,0,0,0,0,0,0,0,0,0,0,0,0,0,0,0
"Elliott_Bay_Marina",2,"winter","deep","2025_01_28_10-18-27.jpg",1,0,0,0,0,0,0,0,0,0,0,0,0,0,0,0,0,0,0,0,0,0,0,0
"Elliott_Bay_Marina",2,"winter","deep","2025_01_28_10-18-39.jpg",0,0,0,0,0,0,0,0,0,0,0,0,0,0,0,0,0,0,0,0,0,0,0,0
"Elliott_Bay_Marina",2,"winter","deep","2025_01_28_10-18-48.jpg",0,0,0,0,0,0,0,0,0,0,0,0,0,0,0,0,0,0,0,0,0,0,0,0
"Elliott_Bay_Marina",2,"winter","deep","2025_01_28_10-19-00.jpg",0,0,0,0,0,0,0,0,0,0,0,0,0,0,0,0,0,0,0,0,0,0,0,0
"Elliott_Bay_Marina",2,"winter","deep","2025_01_28_10-19-12.jpg",0,0,0,0,0,0,0,0,0,0,2,0,0,0,0,0,0,0,0,0,0,0,0,0
"Elliott_Bay_Marina",2,"winter","deep","2025_01_28_10-19-24.jpg",0,0,0,0,0,0,0,0,0,0,0,0,0,0,0,0,0,0,0,0,0,0,0,0
"Elliott_Bay_Marina",2,"winter","deep","2025_01_28_10-19-36.jpg",2,0,0,0,0,0,0,0,0,0,0,0,0,0,0,0,0,0,0,0,0,0,0,0
"Elliott_Bay_Marina",2,"winter","deep","2025_01_28_10-19-45.jpg",2,0,0,0,0,0,0,0,0,0,0,0,0,0,0,0,0,0,0,0,0,0,0,0
"Elliott_Bay_Marina",2,"winter","deep","2025_01_28_10-19-54.jpg",0,0,0,0,0,0,0,0,0,0,0,0,0,0,0,0,0,0,0,0,0,0,0,0
"Elliott_Bay_Marina",2,"winter","deep","2025_01_28_10-20-03.jpg",0,0,0,0,0,0,0,0,0,0,0,0,0,0,0,0,0,0,0,0,0,1,0,0
"Elliott_Bay_Marina",2,"winter","deep","2025_01_28_10-20-12.jpg",1,0,0,0,0,0,0,0,0,0,0,0,0,0,0,0,0,0,0,0,0,0,0,0
"Elliott_Bay_Marina",2,"winter","deep","2025_01_28_10-20-21.jpg",1,0,0,0,0,0,0,1,0,0,0,0,0,0,0,0,0,0,0,0,0,0,0,0
"Elliott_Bay_Marina",2,"winter","deep","2025_01_28_10-20-30.jpg",2,0,0,0,0,0,0,1,0,0,1,0,0,0,0,0,0,0,0,0,0,0,0,0
"Elliott_Bay_Marina",2,"winter","deep","2025_01_28_10-35-10.jpg",2,0,0,0,0,0,0,0,0,0,1,0,0,0,0,0,0,0,0,0,0,0,0,0
"Elliott_Bay_Marina",2,"winter","deep","2025_01_28_10-35-25.jpg",1,0,0,0,0,0,0,0,0,0,0,1,0,0,0,0,0,0,0,0,0,0,0,0
"Elliott_Bay_Marina",2,"winter","deep","2025_01_28_10-35-34.jpg",1,0,0,0,0,0,0,0,0,0,0,1,0,0,0,0,0,0,0,0,0,3,0,0
"Elliott_Bay_Marina",2,"winter","deep","2025_01_28_10-35-46.jpg",0,0,0,0,0,0,0,0,0,0,0,0,0,0,0,0,0,0,0,0,0,0,0,0
"Elliott_Bay_Marina",2,"winter","deep","2025_01_28_10-35-58.jpg",1,0,1,0,0,0,0,0,0,0,0,0,0,0,0,0,0,0,0,0,0,0,0,0
"Elliott_Bay_Marina",2,"winter","deep","2025_01_28_10-36-07.jpg",0,0,0,0,0,0,0,0,0,0,0,0,0,0,0,0,0,0,0,0,0,0,0,0
"Elliott_Bay_Marina",2,"winter","deep","2025_01_28_10-36-16.jpg",2,0,0,0,0,0,0,1,0,0,0,0,0,0,0,0,0,0,0,0,0,0,0,0
"Elliott_Bay_Marina",2,"winter","deep","2025_01_28_10-36-25.jpg",1,0,0,0,0,0,0,0,0,0,2,0,0,0,0,0,0,0,0,0,0,0,0,0
"Elliott_Bay_Marina",2,"winter","deep","2025_01_28_10-36-31.jpg",1,0,0,0,0,0,0,0,0,0,2,0,0,0,0,0,0,0,0,0,0,0,0,0
"Elliott_Bay_Marina",2,"winter","deep","2025_01_28_10-36-40.jpg",0,0,0,0,0,0,0,0,0,0,0,0,0,0,0,0,0,0,0,0,0,0,0,0
"Elliott_Bay_Marina",2,"winter","deep","2025_01_28_10-36-49.jpg",0,0,0,0,0,0,0,0,0,0,0,0,0,0,0,0,0,0,0,0,0,0,0,0
"Elliott_Bay_Marina",2,"winter","deep","2025_01_28_10-36-55.jpg",0,0,0,0,0,0,0,0,0,0,0,0,0,0,0,0,0,0,0,0,0,0,0,0
"Elliott_Bay_Marina",2,"winter","deep","2025_01_28_10-37-04.jpg",1,0,0,0,0,0,0,0,0,0,0,0,0,0,0,0,0,0,0,0,0,0,0,0
"Elliott_Bay_Marina",2,"winter","deep","2025_01_28_10-37-16.jpg",0,0,1,0,0,0,0,0,0,0,0,0,0,0,0,0,0,0,0,0,0,0,0,0
"Elliott_Bay_Marina",2,"winter","deep","2025_01_28_10-37-28.jpg",1,0,0,0,0,0,0,0,0,0,0,0,0,0,0,0,0,0,0,0,0,0,0,0
"Elliott_Bay_Marina",2,"winter","deep","2025_01_28_10-37-37.jpg",1,0,0,1,0,0,0,0,0,0,1,0,0,0,0,0,0,0,0,0,0,0,0,0
"Elliott_Bay_Marina",2,"winter","deep","2025_01_28_10-37-46.jpg",0,0,0,1,0,0,0,0,0,0,1,0,0,0,0,0,0,0,0,0,0,0,0,0
"Elliott_Bay_Marina",2,"winter","deep","2025_01_28_10-37-55.jpg",0,0,0,0,0,0,0,0,0,0,0,0,0,0,0,0,0,0,0,0,0,0,0,0
"Elliott_Bay_Marina",2,"winter","deep","2025_01_28_10-38-04.jpg",0,0,0,0,0,0,0,0,0,0,3,0,0,0,0,0,0,0,0,0,0,0,0,0
"Elliott_Bay_Marina",2,"winter","deep","2025_01_28_10-38-13.jpg",2,0,0,0,0,0,0,0,0,0,1,0,0,0,0,0,0,0,0,0,0,0,0,0
"Elliott_Bay_Marina",2,"winter","deep","2025_01_28_10-38-31.jpg",1,0,0,0,0,0,0,1,0,0,0,0,0,0,0,0,0,0,0,0,0,0,0,0
"Elliott_Bay_Marina",2,"winter","deep","2025_01_28_10-38-43.jpg",0,0,0,0,0,0,0,0,0,0,0,0,0,0,0,0,0,0,0,0,0,0,0,0
"Elliott_Bay_Marina",2,"winter","deep","2025_01_28_10-38-55.jpg",1,0,0,0,0,0,0,0,0,0,0,0,0,0,0,0,0,0,0,0,0,0,0,0
"Elliott_Bay_Marina",2,"winter","deep","2025_01_28_10-39-05.jpg",1,0,1,0,0,0,0,0,0,0,0,0,0,0,0,0,0,0,0,0,0,0,0,0
"Elliott_Bay_Marina",2,"winter","deep","2025_01_28_10-39-14.jpg",1,0,0,0,0,0,0,0,0,0,0,0,0,0,0,0,0,0,0,0,0,0,0,0
"Elliott_Bay_Marina",2,"winter","deep","2025_01_28_10-39-26.jpg",0,0,0,1,0,0,0,2,0,0,0,0,0,0,0,0,0,0,0,0,0,0,0,0
"Elliott_Bay_Marina",2,"winter","deep","2025_01_28_10-39-35.jpg",1,0,0,0,0,0,0,0,0,0,0,0,0,0,0,0,0,0,0,0,0,0,0,0
"Elliott_Bay_Marina",2,"winter","deep","2025_01_28_10-39-47.jpg",1,0,0,1,0,0,0,0,0,0,0,0,0,0,0,0,0,0,0,0,0,0,0,0
"Elliott_Bay_Marina",2,"winter","deep","2025_01_28_10-40-02.jpg",0,0,0,0,0,0,0,0,0,0,0,0,0,0,0,0,0,0,0,0,0,0,0,0
"Elliott_Bay_Marina",2,"winter","deep","2025_01_28_10-40-11.jpg",0,0,0,0,0,0,0,1,0,0,0,0,0,0,0,0,0,0,0,0,0,0,0,0
"Elliott_Bay_Marina",3,"winter","deep","2025_01_28_10-21-30.jpg",0,0,0,0,0,0,0,0,0,0,0,0,0,0,0,0,0,0,0,0,0,0,0,0
"Elliott_Bay_Marina",3,"winter","deep","2025_01_28_10-21-42.jpg",1,0,0,0,0,0,0,0,0,0,0,0,0,0,0,0,0,0,0,0,0,0,0,0
"Elliott_Bay_Marina",3,"winter","deep","2025_01_28_10-21-51.jpg",0,0,0,0,0,0,0,0,0,0,0,0,0,0,0,0,0,0,0,0,0,0,0,0
"Elliott_Bay_Marina",3,"winter","deep","2025_01_28_10-22-06.jpg",1,0,0,0,0,0,0,0,0,0,0,0,0,0,0,0,0,0,0,0,0,1,0,0
"Elliott_Bay_Marina",3,"winter","deep","2025_01_28_10-22-28.jpg",0,0,0,0,0,0,0,0,0,0,0,0,0,0,0,0,0,0,0,0,0,0,0,0
"Elliott_Bay_Marina",3,"winter","deep","2025_01_28_10-22-40.jpg",0,0,0,0,0,0,0,1,0,0,0,0,0,0,0,0,0,0,0,0,0,0,0,0
"Elliott_Bay_Marina",3,"winter","deep","2025_01_28_10-22-55.jpg",0,0,0,0,0,0,0,0,0,0,0,0,0,0,0,0,0,0,0,0,0,0,0,0
"Elliott_Bay_Marina",3,"winter","deep","2025_01_28_10-23-07.jpg",0,0,0,0,0,0,0,0,0,0,0,0,0,1,0,0,0,0,0,0,0,0,0,0
"Elliott_Bay_Marina",3,"winter","deep","2025_01_28_10-23-22.jpg",2,0,0,0,0,0,0,0,0,0,2,1,0,1,0,0,0,0,0,0,0,0,0,0
"Elliott_Bay_Marina",3,"winter","deep","2025_01_28_10-23-34.jpg",0,0,0,0,0,0,0,0,0,0,1,0,0,0,0,0,0,0,0,0,0,0,0,0
"Elliott_Bay_Marina",3,"winter","deep","2025_01_28_10-24-01.jpg",0,0,0,0,0,0,0,0,0,0,4,0,0,0,0,0,0,0,0,0,0,0,0,0
"Elliott_Bay_Marina",3,"winter","deep","2025_01_28_10-24-13.jpg",0,0,0,0,0,0,0,0,0,0,0,0,0,0,0,0,0,0,0,0,0,0,0,0
"Elliott_Bay_Marina",3,"winter","deep","2025_01_28_10-24-28.jpg",0,0,0,0,0,0,0,0,0,0,0,0,0,0,0,0,0,0,0,0,0,0,0,0
"Elliott_Bay_Marina",3,"winter","deep","2025_01_28_10-24-40.jpg",0,0,0,0,0,0,0,0,0,0,1,0,0,0,0,0,0,0,0,0,0,0,0,0
"Elliott_Bay_Marina",3,"winter","deep","2025_01_28_10-24-52.jpg",0,0,0,0,0,0,0,0,0,0,1,0,0,0,0,0,0,0,0,0,0,0,0,0
"Elliott_Bay_Marina",3,"winter","deep","2025_01_28_10-25-04.jpg",0,0,0,0,0,0,0,0,0,0,0,0,0,0,0,0,0,0,0,0,0,0,0,0
"Elliott_Bay_Marina",3,"winter","deep","2025_01_28_10-25-16.jpg",0,0,0,0,0,0,0,0,0,0,0,0,0,0,0,0,0,0,0,0,0,0,0,0
"Elliott_Bay_Marina",3,"winter","deep","2025_01_28_10-25-28.jpg",0,0,0,0,0,0,0,0,0,0,0,0,0,0,0,0,0,0,0,0,0,0,0,0
"Elliott_Bay_Marina",3,"winter","deep","2025_01_28_10-25-40.jpg",0,0,0,0,0,0,0,0,2,0,2,0,0,0,0,0,1,0,0,0,0,0,0,0
"Elliott_Bay_Marina",3,"winter","deep","2025_01_28_10-25-49.jpg",0,0,0,0,0,0,0,1,0,1,1,0,0,0,0,0,0,0,0,0,0,0,0,0
"Elliott_Bay_Marina",3,"winter","deep","2025_01_28_10-25-58.jpg",0,0,0,0,0,0,0,0,0,1,1,0,0,0,0,0,0,0,0,0,0,0,0,0
"Elliott_Bay_Marina",3,"winter","deep","2025_01_28_10-26-07.jpg",0,0,0,0,0,0,0,0,0,0,0,0,0,0,0,0,0,0,0,0,0,0,0,0
"Elliott_Bay_Marina",3,"winter","deep","2025_01_28_10-26-25.jpg",0,0,0,0,0,0,0,0,0,0,0,0,0,0,0,0,0,0,0,0,0,0,0,0
"Elliott_Bay_Marina",3,"winter","deep","2025_01_28_10-26-34.jpg",0,0,0,0,0,0,0,0,0,0,0,0,0,0,0,0,0,0,0,0,0,0,0,0
"Elliott_Bay_Marina",3,"winter","deep","2025_01_28_10-26-43.jpg",0,0,0,0,0,0,0,0,0,0,2,0,0,0,0,0,0,0,0,0,0,0,0,0
"Elliott_Bay_Marina",3,"winter","deep","2025_01_28_10-26-52.jpg",0,0,0,1,0,0,0,0,0,0,0,0,0,0,0,0,0,0,0,0,0,0,0,0
"Elliott_Bay_Marina",3,"winter","deep","2025_01_28_10-27-04.jpg",0,0,0,0,0,0,0,0,0,0,1,0,0,0,0,0,0,0,0,0,0,0,0,0
"Elliott_Bay_Marina",3,"winter","deep","2025_01_28_10-27-19.jpg",0,0,0,0,0,0,0,0,0,0,0,0,0,0,0,0,0,0,0,0,0,0,0,0
"Elliott_Bay_Marina",3,"winter","deep","2025_01_28_10-27-46.jpg",1,0,0,0,0,0,0,0,0,0,1,0,0,0,0,0,0,0,0,0,0,0,0,0
"Elliott_Bay_Marina",3,"winter","deep","2025_01_28_10-28-04.jpg",0,0,0,0,0,0,0,0,0,0,0,0,0,0,0,0,0,0,0,0,0,0,0,0
"Elliott_Bay_Marina",3,"winter","deep","2025_01_28_10-28-13.jpg",0,0,0,0,0,0,0,0,0,0,0,0,0,0,0,0,0,0,0,0,0,0,0,0
"Elliott_Bay_Marina",3,"winter","deep","2025_01_28_10-28-25.jpg",1,0,0,0,0,0,0,1,0,0,0,0,0,0,0,0,0,0,0,0,0,0,0,0
"Elliott_Bay_Marina",3,"winter","deep","2025_01_28_10-28-34.jpg",0,0,0,0,0,0,0,0,0,0,0,0,0,0,0,0,0,0,0,0,0,0,0,0
"Elliott_Bay_Marina",3,"winter","deep","2025_01_28_10-28-43.jpg",1,0,0,0,0,0,0,0,0,0,1,0,0,0,0,0,0,0,0,0,0,0,0,0
"Elliott_Bay_Marina",3,"winter","deep","2025_01_28_10-28-55.jpg",1,0,0,2,0,0,0,0,1,0,3,0,0,0,0,0,0,0,0,0,0,0,0,0
"Elliott_Bay_Marina",3,"winter","deep","2025_01_28_10-29-07.jpg",0,0,0,0,0,0,0,0,0,0,2,0,0,0,0,0,0,0,0,0,0,0,0,0
"Elliott_Bay_Marina",3,"winter","deep","2025_01_28_10-29-22.jpg",0,0,0,0,0,0,0,0,0,0,1,0,0,0,0,0,1,0,0,0,0,0,0,0
"Elliott_Bay_Marina",3,"winter","deep","2025_01_28_10-29-37.jpg",1,0,0,1,0,0,0,0,0,0,0,0,0,0,0,0,1,0,0,0,0,0,0,0
"Elliott_Bay_Marina",3,"winter","deep","2025_01_28_10-29-49.jpg",1,0,0,1,0,0,0,0,0,0,2,0,0,0,0,0,0,0,0,0,0,0,0,0
"Elliott_Bay_Marina",3,"winter","deep","2025_01_28_10-30-01.jpg",1,0,0,0,0,0,0,0,0,0,0,0,0,0,0,0,0,0,0,0,0,0,0,0
"Elliott_Bay_Marina",3,"winter","deep","2025_01_28_10-30-10.jpg",0,0,0,0,0,0,0,0,0,0,1,0,0,0,0,0,0,0,0,0,0,0,0,0
"Elliott_Bay_Marina",3,"winter","deep","2025_01_28_10-30-22.jpg",0,0,0,0,0,0,0,0,0,0,0,0,0,0,0,0,0,0,0,0,0,0,0,0
"Elliott_Bay_Marina",3,"winter","deep","2025_01_28_10-30-37.jpg",0,0,0,0,0,0,0,0,0,0,0,0,0,0,0,0,0,0,0,0,0,0,0,0
"Elliott_Bay_Marina",3,"winter","deep","2025_01_28_10-30-49.jpg",0,0,0,0,0,0,0,0,0,0,0,0,0,0,0,0,0,0,0,0,0,0,0,0
"Elliott_Bay_Marina",3,"winter","deep","2025_01_28_10-31-01.jpg",1,0,0,0,0,0,0,1,0,0,0,0,0,0,0,0,0,0,0,0,0,0,0,0
"Elliott_Bay_Marina",3,"winter","deep","2025_01_28_10-31-16.jpg",1,0,0,0,0,0,0,0,0,0,3,0,0,0,0,0,0,0,0,0,0,0,0,0
"Elliott_Bay_Marina",3,"winter","deep","2025_01_28_10-31-28.jpg",0,0,0,0,0,0,0,0,0,0,1,0,0,0,0,0,0,0,0,0,0,0,0,0
"Elliott_Bay_Marina",3,"winter","deep","2025_01_28_10-31-43.jpg",0,0,0,0,0,0,0,0,0,0,0,0,0,0,0,0,0,0,0,0,0,1,0,0
"Elliott_Bay_Marina",3,"winter","deep","2025_01_28_10-31-58.jpg",1,0,0,0,0,0,0,0,0,0,0,0,0,0,0,0,0,0,0,0,0,0,0,0
"Elliott_Bay_Marina",3,"winter","deep","2025_01_28_10-32-10.jpg",1,0,0,0,0,0,0,1,0,0,3,0,0,0,0,0,0,0,0,0,0,0,0,0
"Elliott_Bay_Marina",3,"winter","deep","2025_01_28_10-32-22.jpg",1,0,0,0,0,0,0,0,0,0,0,0,0,0,1,0,0,0,0,0,0,0,0,0
"Elliott_Bay_Marina",3,"winter","deep","2025_01_28_10-32-34.jpg",1,0,0,1,0,0,0,0,0,0,1,0,0,0,0,0,0,0,0,0,0,0,0,0
"Elliott_Bay_Marina",3,"winter","deep","2025_01_28_10-32-46.jpg",1,0,0,0,0,0,0,0,0,0,0,0,0,0,0,0,0,0,0,0,0,0,0,0
"Elliott_Bay_Marina",3,"winter","deep","2025_01_28_10-32-58.jpg",1,0,0,0,0,0,0,1,0,0,0,0,0,0,0,0,0,0,0,0,0,0,0,0
"Elliott_Bay_Marina",3,"winter","deep","2025_01_28_10-33-16.jpg",0,0,0,0,0,0,0,0,0,0,0,0,0,0,0,0,0,0,0,0,0,0,0,0
"Elliott_Bay_Marina",3,"winter","deep","2025_01_28_10-33-28.jpg",1,0,0,0,0,0,0,0,0,0,0,0,0,0,0,0,0,0,0,0,0,1,0,0
"Elliott_Bay_Marina",3,"winter","deep","2025_01_28_10-33-43.jpg",0,0,0,0,0,0,0,0,0,0,0,0,0,0,0,0,0,0,0,0,0,0,0,0
"Elliott_Bay_Marina",3,"winter","deep","2025_01_28_10-33-55.jpg",1,0,0,0,0,0,0,0,0,0,0,0,0,0,0,0,0,0,0,0,0,0,0,0
"Elliott_Bay_Marina",4,"winter","shallow","2025_01_28_11-20-43.jpg",0,1,0,0,0,0,0,0,0,0,0,0,0,0,0,0,0,0,0,0,0,0,0,0
"Elliott_Bay_Marina",4,"winter","shallow","2025_01_28_11-20-58.jpg",1,0,0,0,0,0,1,0,0,0,0,0,0,0,0,0,0,0,0,0,0,0,0,0
"Elliott_Bay_Marina",4,"winter","shallow","2025_01_28_11-21-10.jpg",0,0,0,0,0,0,0,0,0,0,0,0,0,0,0,0,0,0,0,0,0,0,0,0
"Elliott_Bay_Marina",4,"winter","shallow","2025_01_28_11-21-22.jpg",1,0,0,0,0,0,0,0,0,0,0,0,0,0,0,0,0,0,0,0,0,0,0,0
"Elliott_Bay_Marina",4,"winter","shallow","2025_01_28_11-21-37.jpg",0,0,0,0,0,0,0,0,0,0,0,0,0,0,0,0,0,0,0,0,0,0,0,0
"Elliott_Bay_Marina",4,"winter","shallow","2025_01_28_11-21-52.jpg",1,0,0,0,0,0,0,0,0,0,0,0,0,0,0,0,0,0,0,0,0,0,0,0
"Elliott_Bay_Marina",4,"winter","shallow","2025_01_28_11-22-07.jpg",2,0,0,0,0,0,0,0,0,0,0,0,0,0,0,0,0,0,0,0,0,0,0,0
"Elliott_Bay_Marina",4,"winter","shallow","2025_01_28_11-22-22.jpg",1,0,0,0,0,0,0,0,0,0,0,0,0,0,0,0,0,0,0,0,0,0,0,0
"Elliott_Bay_Marina",4,"winter","shallow","2025_01_28_11-22-37.jpg",1,0,0,0,0,0,0,0,0,0,0,0,0,0,0,0,0,0,0,0,0,0,0,0
"Elliott_Bay_Marina",4,"winter","shallow","2025_01_28_11-22-49.jpg",1,0,0,0,0,0,0,0,0,0,0,0,0,0,0,0,0,0,0,0,0,0,0,0
"Elliott_Bay_Marina",4,"winter","shallow","2025_01_28_11-23-04.jpg",0,0,0,0,0,0,0,0,0,0,0,1,0,0,0,0,0,0,0,0,0,0,0,0
"Elliott_Bay_Marina",4,"winter","shallow","2025_01_28_11-23-13.jpg",0,0,0,0,0,0,0,0,0,0,0,0,0,0,0,0,0,0,0,0,0,0,0,0
"Elliott_Bay_Marina",4,"winter","shallow","2025_01_28_11-23-25.jpg",0,0,0,0,0,0,0,0,0,0,4,0,0,0,0,0,1,0,0,0,0,0,0,0
"Elliott_Bay_Marina",4,"winter","shallow","2025_01_28_11-23-34.jpg",0,0,0,0,0,0,0,0,0,0,4,0,0,0,0,0,1,0,0,0,0,0,0,0
"Elliott_Bay_Marina",4,"winter","shallow","2025_01_28_11-23-43.jpg",2,0,0,0,0,0,0,0,0,0,2,0,0,0,0,0,0,0,0,0,0,0,0,0
"Elliott_Bay_Marina",4,"winter","shallow","2025_01_28_11-23-52.jpg",1,0,0,0,0,0,0,0,0,0,0,0,0,0,0,0,0,0,0,0,0,0,0,0
"Elliott_Bay_Marina",4,"winter","shallow","2025_01_28_11-24-01.jpg",1,0,0,0,0,0,0,0,0,0,2,0,0,0,0,0,0,0,0,0,0,0,0,0
"Elliott_Bay_Marina",4,"winter","shallow","2025_01_28_11-24-07.jpg",0,0,0,0,0,0,0,0,0,0,0,0,0,0,0,0,0,0,0,0,0,0,0,0
"Elliott_Bay_Marina",4,"winter","shallow","2025_01_28_11-24-16.jpg",0,0,0,0,0,0,0,0,0,0,0,0,0,0,0,0,0,0,0,0,0,0,0,0
"Elliott_Bay_Marina",4,"winter","shallow","2025_01_28_11-24-25.jpg",3,0,1,0,0,0,0,0,0,0,0,0,0,0,0,0,0,0,0,0,0,0,0,0
"Elliott_Bay_Marina",4,"winter","shallow","2025_01_28_11-24-37.jpg",2,0,0,0,0,0,0,0,0,0,0,0,0,0,0,0,0,0,0,0,0,0,0,0
"Elliott_Bay_Marina",4,"winter","shallow","2025_01_28_11-24-49.jpg",1,0,0,0,0,0,0,0,0,0,0,0,0,0,0,0,0,0,0,0,0,0,0,0
"Elliott_Bay_Marina",4,"winter","shallow","2025_01_28_11-25-04.jpg",1,1,0,0,0,0,1,0,0,0,0,0,0,0,0,0,0,0,0,0,0,0,0,0
"Elliott_Bay_Marina",4,"winter","shallow","2025_01_28_11-25-28.jpg",2,0,0,0,0,0,0,0,0,0,0,0,0,0,0,0,0,0,0,0,0,0,0,0
"Elliott_Bay_Marina",4,"winter","shallow","2025_01_28_11-25-49.jpg",2,0,0,0,0,0,0,0,0,0,0,0,0,0,0,0,0,0,0,0,0,0,0,0
"Elliott_Bay_Marina",4,"winter","shallow","2025_01_28_11-26-07.jpg",0,0,0,0,0,0,0,0,0,0,0,0,0,0,0,0,0,0,0,0,0,0,0,0
"Elliott_Bay_Marina",4,"winter","shallow","2025_01_28_11-26-37.jpg",1,0,0,0,0,0,0,0,0,1,0,0,0,0,0,0,0,0,0,0,0,0,0,0
"Elliott_Bay_Marina",4,"winter","shallow","2025_01_28_11-26-52.jpg",4,0,0,0,0,0,0,0,0,0,0,0,0,0,0,0,0,0,0,0,0,0,0,0
"Elliott_Bay_Marina",4,"winter","shallow","2025_01_28_11-58-42.jpg",1,0,0,0,0,0,0,0,0,1,0,0,0,0,0,0,0,0,0,0,0,0,0,0
"Elliott_Bay_Marina",4,"winter","shallow","2025_01_28_11-58-57.jpg",5,0,0,0,0,0,0,0,0,0,0,0,0,0,0,0,0,0,0,7,0,0,0,0
"Elliott_Bay_Marina",4,"winter","shallow","2025_01_28_11-59-09.jpg",1,0,0,0,0,0,0,0,0,0,0,0,0,0,0,0,0,0,0,0,0,0,0,0
"Elliott_Bay_Marina",4,"winter","shallow","2025_01_28_11-59-18.jpg",0,0,0,0,0,0,0,0,0,0,0,0,0,0,0,0,0,0,0,0,0,0,0,0
"Elliott_Bay_Marina",4,"winter","shallow","2025_01_28_11-59-30.jpg",1,0,0,0,0,0,0,0,0,0,0,0,0,0,0,0,0,0,0,1,0,0,0,0
"Elliott_Bay_Marina",4,"winter","shallow","2025_01_28_11-59-42.jpg",0,0,0,0,0,0,0,0,0,0,0,0,0,0,0,0,0,0,0,0,0,0,0,0
"Elliott_Bay_Marina",4,"winter","shallow","2025_01_28_11-59-54.jpg",1,0,0,0,0,0,0,0,0,0,0,0,0,0,0,0,0,0,0,0,0,0,0,0
"Elliott_Bay_Marina",4,"winter","shallow","2025_01_28_12-00-12.jpg",0,0,0,0,0,0,0,0,0,0,0,0,0,0,0,0,0,0,0,0,0,0,0,0
"Elliott_Bay_Marina",4,"winter","shallow","2025_01_28_12-00-30.jpg",1,0,0,0,0,0,0,0,0,0,0,0,0,0,0,0,0,0,0,0,0,0,0,0
"Elliott_Bay_Marina",4,"winter","shallow","2025_01_28_12-00-42.jpg",3,0,1,0,0,0,0,0,0,0,0,0,0,0,0,0,1,0,0,0,0,0,0,0
"Elliott_Bay_Marina",4,"winter","shallow","2025_01_28_12-00-57.jpg",1,0,0,0,0,0,0,0,0,0,0,0,0,0,0,0,1,0,0,0,0,0,0,0
"Elliott_Bay_Marina",4,"winter","shallow","2025_01_28_12-01-09.jpg",1,0,0,0,0,0,0,0,0,0,0,0,0,0,0,0,0,0,0,0,0,0,0,0
"Elliott_Bay_Marina",4,"winter","shallow","2025_01_28_12-01-21.jpg",1,0,0,0,0,0,0,0,0,0,0,0,0,0,0,0,0,0,0,0,0,0,0,0
"Elliott_Bay_Marina",4,"winter","shallow","2025_01_28_12-01-30.jpg",1,0,0,0,0,0,0,0,0,0,0,0,0,0,0,0,0,0,0,0,0,0,0,0
"Elliott_Bay_Marina",4,"winter","shallow","2025_01_28_12-01-42.jpg",0,0,0,0,0,0,0,0,0,0,0,0,0,0,0,0,0,0,0,1,0,0,0,0
"Elliott_Bay_Marina",4,"winter","shallow","2025_01_28_12-01-51.jpg",1,0,0,0,0,0,0,0,0,0,0,0,0,0,0,0,0,0,0,2,0,0,0,0
"Elliott_Bay_Marina",4,"winter","shallow","2025_01_28_12-02-06.jpg",4,0,0,0,0,0,0,0,0,0,0,1,0,0,0,0,0,0,0,0,0,0,0,0
"Elliott_Bay_Marina",4,"winter","shallow","2025_01_28_12-02-24.jpg",3,0,0,0,0,0,0,0,0,0,0,1,0,0,0,0,0,0,0,0,0,0,0,0
"Elliott_Bay_Marina",4,"winter","shallow","2025_01_28_12-02-42.jpg",2,0,0,0,0,0,0,1,0,0,0,0,0,0,0,0,0,0,0,0,0,0,0,0
"Elliott_Bay_Marina",4,"winter","shallow","2025_01_28_12-03-00.jpg",0,0,0,0,0,0,0,0,0,0,0,0,0,0,0,0,0,0,0,0,0,0,0,0
"Elliott_Bay_Marina",4,"winter","shallow","2025_01_28_12-03-15.jpg",1,0,0,0,0,0,0,0,0,0,0,0,0,0,0,0,0,0,0,0,0,0,0,0
"Elliott_Bay_Marina",4,"winter","shallow","2025_01_28_12-03-30.jpg",3,0,0,0,0,0,0,1,0,1,0,0,0,0,0,0,0,0,0,0,0,0,0,0
"Elliott_Bay_Marina",4,"winter","shallow","2025_01_28_12-04-10.jpg",4,0,1,0,0,0,0,1,0,0,0,0,0,0,0,0,0,0,0,0,0,0,0,0
"Elliott_Bay_Marina",4,"winter","shallow","2025_01_28_12-04-19.jpg",1,0,0,0,0,0,0,0,0,0,0,0,0,0,0,0,0,0,0,0,0,0,0,0
"Elliott_Bay_Marina",4,"winter","shallow","2025_01_28_12-04-31.jpg",0,0,0,0,0,0,0,0,0,0,0,0,0,0,0,0,0,0,0,0,0,0,0,0
"Elliott_Bay_Marina",4,"winter","shallow","2025_01_28_12-04-40.jpg",0,0,0,0,0,0,0,0,0,1,0,0,0,0,0,0,0,0,0,0,0,0,0,0
"Elliott_Bay_Marina",4,"winter","shallow","2025_01_28_12-04-52.jpg",0,0,0,0,0,0,0,0,0,0,0,0,0,0,0,0,0,0,0,0,0,0,0,0
"Elliott_Bay_Marina",4,"winter","shallow","2025_01_28_12-05-07.jpg",1,0,0,0,0,0,0,0,0,0,0,0,0,0,0,0,0,0,0,0,0,0,0,0
"Elliott_Bay_Marina",4,"winter","shallow","2025_01_28_12-05-19.jpg",0,0,0,0,0,0,0,0,0,0,0,0,0,0,0,0,0,0,0,0,0,0,0,0
"Elliott_Bay_Marina",4,"winter","shallow","2025_01_28_12-05-37.jpg",0,0,0,0,0,0,0,0,0,0,0,0,0,0,0,0,0,0,0,0,0,0,0,0
"Elliott_Bay_Marina",5,"winter","shallow","2025_01_28_11-28-01.jpg",1,0,0,0,0,0,0,1,0,0,0,0,0,0,0,0,1,0,0,0,0,0,0,0
"Elliott_Bay_Marina",5,"winter","shallow","2025_01_28_11-28-10.jpg",3,0,1,0,0,0,0,0,0,0,0,0,0,0,0,0,0,0,0,0,0,0,0,0
"Elliott_Bay_Marina",5,"winter","shallow","2025_01_28_11-28-19.jpg",1,0,0,0,0,0,0,0,0,0,0,0,0,0,0,0,0,0,0,0,0,0,0,0
"Elliott_Bay_Marina",5,"winter","shallow","2025_01_28_11-28-28.jpg",0,0,0,0,0,0,0,0,0,0,0,0,0,0,0,0,0,0,0,0,0,0,0,0
"Elliott_Bay_Marina",5,"winter","shallow","2025_01_28_11-28-37.jpg",1,0,0,0,0,0,0,0,0,0,0,0,0,0,0,0,0,0,0,0,0,0,0,0
"Elliott_Bay_Marina",5,"winter","shallow","2025_01_28_11-28-49.jpg",1,0,1,0,0,0,0,0,0,1,0,0,0,0,0,0,0,0,0,0,0,0,0,0
"Elliott_Bay_Marina",5,"winter","shallow","2025_01_28_11-28-58.jpg",0,0,0,0,0,0,0,0,0,1,0,0,0,0,0,0,0,0,0,0,0,0,0,0
"Elliott_Bay_Marina",5,"winter","shallow","2025_01_28_11-29-04.jpg",0,0,0,0,0,0,0,0,0,0,0,0,0,0,0,0,0,0,0,0,0,0,0,0
"Elliott_Bay_Marina",5,"winter","shallow","2025_01_28_11-29-13.jpg",1,0,0,0,0,0,0,0,0,0,0,0,0,0,0,0,0,0,0,0,0,0,0,0
"Elliott_Bay_Marina",5,"winter","shallow","2025_01_28_11-29-22.jpg",1,0,1,0,0,0,0,0,0,0,0,0,0,0,0,0,0,0,0,0,0,0,0,0
"Elliott_Bay_Marina",5,"winter","shallow","2025_01_28_11-29-31.jpg",1,0,0,0,0,0,0,0,0,0,0,0,0,0,0,0,0,0,0,0,0,0,0,0
"Elliott_Bay_Marina",5,"winter","shallow","2025_01_28_11-29-37.jpg",0,0,0,0,0,0,0,0,0,0,0,0,0,0,0,0,0,0,0,0,0,0,0,0
"Elliott_Bay_Marina",5,"winter","shallow","2025_01_28_11-29-46.jpg",0,0,0,0,0,0,0,0,0,0,0,0,0,0,0,0,0,0,0,0,0,0,0,0
"Elliott_Bay_Marina",5,"winter","shallow","2025_01_28_11-29-58.jpg",0,0,0,0,0,0,0,1,0,0,0,0,0,0,0,0,0,0,0,0,0,0,0,0
"Elliott_Bay_Marina",5,"winter","shallow","2025_01_28_11-30-19.jpg",0,0,0,0,0,0,0,0,0,0,2,0,0,0,0,0,0,0,0,0,0,0,0,0
"Elliott_Bay_Marina",5,"winter","shallow","2025_01_28_11-30-31.jpg",0,0,1,0,0,0,0,0,0,0,0,0,0,0,0,0,0,0,0,0,0,0,0,0
"Elliott_Bay_Marina",5,"winter","shallow","2025_01_28_11-30-44.jpg",1,0,0,0,0,0,0,0,0,1,0,0,0,0,0,0,0,0,0,0,0,0,0,0
"Elliott_Bay_Marina",5,"winter","shallow","2025_01_28_11-31-02.jpg",0,0,0,0,0,0,0,0,0,1,0,0,0,0,0,0,0,0,0,0,0,0,0,0
"Elliott_Bay_Marina",5,"winter","shallow","2025_01_28_11-31-35.jpg",0,0,0,0,0,0,0,0,0,0,0,0,0,0,0,0,0,0,0,0,0,0,0,0
"Elliott_Bay_Marina",5,"winter","shallow","2025_01_28_11-31-47.jpg",1,0,0,0,0,0,0,0,0,0,0,0,0,0,0,0,0,0,0,0,0,0,0,0
"Elliott_Bay_Marina",5,"winter","shallow","2025_01_28_11-31-59.jpg",1,0,0,0,0,0,0,0,0,1,0,0,0,0,0,0,0,0,0,0,0,0,0,0
"Elliott_Bay_Marina",5,"winter","shallow","2025_01_28_11-32-08.jpg",1,0,0,0,0,0,0,0,0,0,0,0,0,0,0,0,0,0,0,1,0,0,0,0
"Elliott_Bay_Marina",5,"winter","shallow","2025_01_28_11-32-20.jpg",2,0,0,0,0,0,0,0,0,0,0,0,0,0,0,0,0,0,0,3,0,0,0,0
"Elliott_Bay_Marina",5,"winter","shallow","2025_01_28_11-32-29.jpg",0,0,0,0,0,0,0,0,0,0,0,0,0,0,0,0,0,0,0,0,0,0,0,0
"Elliott_Bay_Marina",5,"winter","shallow","2025_01_28_11-32-38.jpg",4,0,0,0,0,0,0,0,0,0,0,0,0,0,0,0,0,0,0,0,0,0,0,0
"Elliott_Bay_Marina",5,"winter","shallow","2025_01_28_11-32-47.jpg",1,0,0,0,0,0,0,0,0,0,0,0,0,0,0,0,0,0,0,0,0,0,0,0
"Elliott_Bay_Marina",5,"winter","shallow","2025_01_28_11-32-59.jpg",0,0,0,0,0,0,0,0,0,0,0,0,0,0,0,0,0,0,0,0,0,0,0,0
"Elliott_Bay_Marina",5,"winter","shallow","2025_01_28_11-33-08.jpg",0,0,0,0,0,0,0,0,0,0,0,0,0,0,0,0,0,0,0,0,0,0,0,0
"Elliott_Bay_Marina",5,"winter","shallow","2025_01_28_11-51-00.jpg",1,0,0,0,0,0,0,0,0,0,0,0,0,0,0,0,0,0,0,0,0,0,0,0
"Elliott_Bay_Marina",5,"winter","shallow","2025_01_28_11-51-09.jpg",0,0,0,0,0,0,0,0,0,0,0,0,0,0,0,0,0,0,0,0,0,0,0,0
"Elliott_Bay_Marina",5,"winter","shallow","2025_01_28_11-51-21.jpg",3,0,0,0,0,0,0,0,0,0,0,0,0,0,0,0,0,0,0,0,0,0,0,0
"Elliott_Bay_Marina",5,"winter","shallow","2025_01_28_11-51-48.jpg",0,0,0,0,0,0,0,0,0,0,0,0,0,0,0,0,0,0,0,0,0,0,0,0
"Elliott_Bay_Marina",5,"winter","shallow","2025_01_28_11-52-00.jpg",0,0,0,0,0,0,0,0,0,0,0,0,0,0,0,0,0,0,0,0,0,0,0,0
"Elliott_Bay_Marina",5,"winter","shallow","2025_01_28_11-52-18.jpg",1,0,1,0,0,0,0,0,0,0,0,0,0,0,0,0,0,0,0,0,0,0,0,0
"Elliott_Bay_Marina",5,"winter","shallow","2025_01_28_11-52-36.jpg",1,0,0,1,0,0,0,0,0,0,0,0,0,0,0,0,0,0,0,0,0,0,0,0
"Elliott_Bay_Marina",5,"winter","shallow","2025_01_28_11-52-51.jpg",0,0,0,0,0,0,0,0,0,0,0,0,0,0,0,0,0,0,0,0,0,0,0,0
"Elliott_Bay_Marina",5,"winter","shallow","2025_01_28_11-53-03.jpg",1,0,1,0,0,0,0,0,0,0,0,0,0,0,0,0,0,0,0,0,0,0,0,0
"Elliott_Bay_Marina",5,"winter","shallow","2025_01_28_11-53-12.jpg",0,0,0,0,0,0,0,2,0,0,0,0,0,0,0,0,0,0,0,0,0,0,0,0
"Elliott_Bay_Marina",5,"winter","shallow","2025_01_28_11-53-24.jpg",0,0,0,0,0,0,0,0,0,0,0,0,0,0,0,0,1,0,0,0,0,0,0,0
"Elliott_Bay_Marina",5,"winter","shallow","2025_01_28_11-53-36.jpg",2,0,0,0,0,0,0,0,0,0,0,0,0,0,0,0,0,0,0,0,0,0,0,0
"Elliott_Bay_Marina",5,"winter","shallow","2025_01_28_11-53-48.jpg",1,0,1,0,0,0,0,0,0,0,0,0,0,0,0,0,0,0,0,0,0,0,0,0
"Elliott_Bay_Marina",5,"winter","shallow","2025_01_28_11-53-57.jpg",1,0,0,0,0,0,0,0,0,0,1,0,0,0,0,0,0,0,0,0,0,0,0,0
"Elliott_Bay_Marina",5,"winter","shallow","2025_01_28_11-54-09.jpg",0,0,0,0,0,0,0,0,0,0,0,0,0,0,0,0,0,0,0,0,0,0,0,0
"Elliott_Bay_Marina",5,"winter","shallow","2025_01_28_11-54-18.jpg",1,0,0,0,0,0,0,0,0,0,0,0,0,0,0,0,0,0,0,0,0,0,0,0
"Elliott_Bay_Marina",5,"winter","shallow","2025_01_28_11-54-33.jpg",0,0,0,0,0,0,0,0,0,0,0,0,0,0,0,0,0,0,0,0,0,0,0,0
"Elliott_Bay_Marina",5,"winter","shallow","2025_01_28_11-54-48.jpg",1,0,0,0,0,0,0,0,0,0,0,0,0,0,0,0,0,0,0,0,0,0,0,0
"Elliott_Bay_Marina",5,"winter","shallow","2025_01_28_11-55-00.jpg",0,0,0,0,0,0,0,0,0,0,0,0,0,0,0,0,0,0,0,0,0,0,0,0
"Elliott_Bay_Marina",5,"winter","shallow","2025_01_28_11-55-15.jpg",0,0,1,0,0,0,0,0,0,0,0,0,0,0,0,0,0,0,0,0,0,0,0,0
"Elliott_Bay_Marina",5,"winter","shallow","2025_01_28_11-55-27.jpg",0,0,0,0,0,0,0,0,0,0,0,0,0,0,0,0,0,0,0,0,0,0,0,0
"Elliott_Bay_Marina",5,"winter","shallow","2025_01_28_11-55-39.jpg",0,0,0,0,0,0,0,0,0,0,0,0,0,0,0,0,0,0,0,0,0,0,0,0
"Elliott_Bay_Marina",5,"winter","shallow","2025_01_28_11-55-51.jpg",2,0,0,0,0,0,0,0,0,0,0,0,0,0,0,0,0,0,0,0,0,0,0,0
"Elliott_Bay_Marina",5,"winter","shallow","2025_01_28_11-56-06.jpg",2,0,0,0,0,0,0,0,0,0,0,0,0,0,0,0,0,0,0,0,0,0,0,0
"Elliott_Bay_Marina",5,"winter","shallow","2025_01_28_11-56-21.jpg",0,0,0,0,0,0,0,0,0,0,0,0,0,0,0,0,0,0,0,0,0,0,0,0
"Elliott_Bay_Marina",5,"winter","shallow","2025_01_28_11-56-36.jpg",1,0,0,0,0,0,0,0,0,0,0,0,0,0,0,0,0,0,0,1,0,0,0,0
"Elliott_Bay_Marina",5,"winter","shallow","2025_01_28_11-57-03.jpg",0,0,0,0,0,0,0,0,0,0,0,0,0,0,0,0,0,0,0,0,0,0,0,0
"Elliott_Bay_Marina",5,"winter","shallow","2025_01_28_11-57-18.jpg",1,0,0,0,0,0,0,0,0,0,0,0,0,0,0,0,0,0,0,0,0,0,0,0
"Elliott_Bay_Marina",6,"winter","shallow","2025_01_28_11-34-11.jpg",1,0,0,0,0,0,0,0,0,0,0,0,0,0,0,0,0,0,0,0,0,0,0,0
"Elliott_Bay_Marina",6,"winter","shallow","2025_01_28_11-34-26.jpg",0,0,0,0,0,0,0,0,0,1,0,0,0,0,0,0,0,0,0,0,0,0,0,0
"Elliott_Bay_Marina",6,"winter","shallow","2025_01_28_11-34-41.jpg",2,0,0,0,0,0,0,0,0,1,0,0,0,0,0,0,0,0,0,0,0,0,0,0
"Elliott_Bay_Marina",6,"winter","shallow","2025_01_28_11-34-53.jpg",0,0,0,0,0,0,0,0,0,0,0,0,0,0,0,0,0,0,0,0,0,0,0,0
"Elliott_Bay_Marina",6,"winter","shallow","2025_01_28_11-35-08.jpg",2,0,0,0,0,0,0,0,0,0,0,0,0,0,0,0,0,0,0,0,0,0,0,0
"Elliott_Bay_Marina",6,"winter","shallow","2025_01_28_11-35-26.jpg",2,0,0,0,0,0,0,0,0,0,0,0,0,0,0,0,0,0,0,0,0,0,0,0
"Elliott_Bay_Marina",6,"winter","shallow","2025_01_28_11-35-38.jpg",2,0,0,0,0,0,0,0,0,0,0,0,0,0,0,0,0,0,0,0,0,0,0,0
"Elliott_Bay_Marina",6,"winter","shallow","2025_01_28_11-35-50.jpg",0,0,0,0,0,0,0,0,0,0,0,0,0,0,0,0,0,0,0,0,0,0,0,0
"Elliott_Bay_Marina",6,"winter","shallow","2025_01_28_11-36-05.jpg",1,0,0,0,0,0,0,0,0,0,0,0,0,0,0,0,0,0,0,0,0,0,0,0
"Elliott_Bay_Marina",6,"winter","shallow","2025_01_28_11-36-17.jpg",0,0,0,0,0,0,0,0,0,0,0,0,0,0,0,0,0,0,0,0,0,0,0,0
"Elliott_Bay_Marina",6,"winter","shallow","2025_01_28_11-36-29.jpg",0,0,0,0,0,0,0,0,0,0,0,0,0,0,0,0,0,0,0,0,0,0,0,0
"Elliott_Bay_Marina",6,"winter","shallow","2025_01_28_11-36-41.jpg",0,0,0,0,0,0,0,0,0,0,0,0,0,0,0,0,0,0,0,0,0,0,0,0
"Elliott_Bay_Marina",6,"winter","shallow","2025_01_28_11-36-56.jpg",1,0,0,0,0,0,0,0,0,0,0,0,0,0,0,0,0,0,0,0,0,0,0,0
"Elliott_Bay_Marina",6,"winter","shallow","2025_01_28_11-37-11.jpg",0,0,0,0,0,0,0,0,0,0,0,0,0,0,0,0,0,0,0,0,0,0,0,0
"Elliott_Bay_Marina",6,"winter","shallow","2025_01_28_11-37-26.jpg",3,0,0,0,0,0,0,0,0,0,0,0,0,0,0,0,0,0,0,0,0,0,0,0
"Elliott_Bay_Marina",6,"winter","shallow","2025_01_28_11-37-41.jpg",0,0,0,0,0,0,0,0,0,0,0,0,0,0,0,0,0,0,0,0,0,0,0,1
"Elliott_Bay_Marina",6,"winter","shallow","2025_01_28_11-38-17.jpg",1,0,0,0,0,0,0,0,0,0,0,0,0,0,0,0,0,0,0,0,0,0,0,0
"Elliott_Bay_Marina",6,"winter","shallow","2025_01_28_11-38-32.jpg",0,0,0,0,0,0,0,0,0,0,0,0,0,0,0,0,0,0,0,0,0,0,0,0
"Elliott_Bay_Marina",6,"winter","shallow","2025_01_28_11-38-47.jpg",0,0,0,0,0,0,0,0,0,0,0,0,0,0,0,0,0,0,0,0,0,0,0,0
"Elliott_Bay_Marina",6,"winter","shallow","2025_01_28_11-38-59.jpg",0,0,0,0,0,0,0,0,0,0,0,0,0,0,0,0,0,0,0,0,0,0,0,0
"Elliott_Bay_Marina",6,"winter","shallow","2025_01_28_11-39-11.jpg",0,0,0,0,0,0,0,0,0,0,0,0,0,0,0,0,0,0,0,0,0,0,0,0
"Elliott_Bay_Marina",6,"winter","shallow","2025_01_28_11-39-23.jpg",2,0,0,0,0,0,0,0,0,0,0,0,0,0,0,0,0,0,0,0,0,0,0,0
"Elliott_Bay_Marina",6,"winter","shallow","2025_01_28_11-39-35.jpg",0,0,0,0,0,0,1,0,0,0,0,0,0,0,0,0,0,0,0,0,0,0,0,0
"Elliott_Bay_Marina",6,"winter","shallow","2025_01_28_11-39-47.jpg",0,0,0,0,0,0,0,0,0,0,0,0,0,0,0,0,0,0,0,0,0,0,0,0
"Elliott_Bay_Marina",6,"winter","shallow","2025_01_28_11-39-59.jpg",0,0,1,0,0,0,0,0,0,1,0,0,0,0,0,0,0,0,0,0,0,0,0,0
"Elliott_Bay_Marina",6,"winter","shallow","2025_01_28_11-40-14.jpg",0,0,0,0,0,0,0,0,0,0,0,0,0,0,0,0,0,0,0,0,0,0,0,0
"Elliott_Bay_Marina",6,"winter","shallow","2025_01_28_11-40-26.jpg",1,0,0,0,0,0,0,0,0,0,0,0,0,0,0,0,0,0,0,0,0,0,0,0
"Elliott_Bay_Marina",6,"winter","shallow","2025_01_28_11-40-41.jpg",0,0,0,0,0,0,0,0,0,0,0,0,0,0,0,0,0,0,0,0,0,0,0,0
"Elliott_Bay_Marina",6,"winter","shallow","2025_01_28_11-40-56.jpg",0,0,0,0,0,0,0,0,0,0,0,0,0,0,0,0,0,0,0,0,0,0,0,0
"Elliott_Bay_Marina",6,"winter","shallow","2025_01_28_11-41-11.jpg",3,0,0,0,0,0,0,0,0,0,6,0,0,0,0,0,0,0,0,0,0,0,0,0
"Elliott_Bay_Marina",6,"winter","shallow","2025_01_28_11-41-32.jpg",0,0,0,0,0,0,0,0,0,0,3,0,0,0,0,0,0,0,0,0,0,0,0,0
"Elliott_Bay_Marina",6,"winter","shallow","2025_01_28_11-42-47.jpg",0,0,0,0,0,0,0,0,0,0,0,0,0,0,0,0,0,0,0,0,0,0,0,0
"Elliott_Bay_Marina",6,"winter","shallow","2025_01_28_11-43-08.jpg",0,0,0,0,0,0,0,0,0,0,0,0,0,0,0,0,0,0,0,0,0,0,0,0
"Elliott_Bay_Marina",6,"winter","shallow","2025_01_28_11-43-20.jpg",0,0,0,0,0,0,0,0,0,0,0,0,0,0,0,0,0,0,0,0,0,0,0,0
"Elliott_Bay_Marina",6,"winter","shallow","2025_01_28_11-43-29.jpg",0,0,0,0,0,0,0,0,0,0,0,0,0,0,0,0,1,0,0,0,0,0,0,0
"Elliott_Bay_Marina",6,"winter","shallow","2025_01_28_11-43-44.jpg",2,0,0,0,0,0,0,0,0,0,3,0,0,0,0,0,0,0,0,0,0,0,0,0
"Elliott_Bay_Marina",6,"winter","shallow","2025_01_28_11-43-56.jpg",0,0,0,0,0,0,0,0,0,0,0,0,0,0,0,0,0,0,0,0,0,0,0,0
"Elliott_Bay_Marina",6,"winter","shallow","2025_01_28_11-44-11.jpg",0,0,0,0,0,0,0,0,0,0,0,0,0,0,0,0,0,0,0,0,0,0,0,0
"Elliott_Bay_Marina",6,"winter","shallow","2025_01_28_11-44-23.jpg",0,0,0,0,0,0,0,0,0,0,0,0,0,0,0,0,0,0,0,0,0,0,0,0
"Elliott_Bay_Marina",6,"winter","shallow","2025_01_28_11-44-35.jpg",2,0,0,0,0,0,0,0,0,0,0,0,0,0,0,0,0,0,0,0,0,0,0,0
"Elliott_Bay_Marina",6,"winter","shallow","2025_01_28_11-44-50.jpg",1,0,0,0,0,0,0,0,0,0,0,0,0,0,0,0,0,0,0,0,0,0,0,0
"Elliott_Bay_Marina",6,"winter","shallow","2025_01_28_11-45-02.jpg",1,0,0,0,0,0,0,0,0,0,0,0,0,0,0,0,0,0,0,0,0,0,0,0
"Elliott_Bay_Marina",6,"winter","shallow","2025_01_28_11-45-11.jpg",1,0,0,0,0,0,0,0,0,0,0,0,0,0,0,0,0,0,0,2,0,1,0,0
"Elliott_Bay_Marina",6,"winter","shallow","2025_01_28_11-45-23.jpg",0,0,0,0,0,0,0,1,0,0,0,0,0,0,0,0,0,0,0,0,0,0,0,0
"Elliott_Bay_Marina",6,"winter","shallow","2025_01_28_11-45-35.jpg",0,0,0,0,0,0,0,0,0,0,0,0,0,0,0,0,0,0,0,0,0,0,0,0
"Elliott_Bay_Marina",6,"winter","shallow","2025_01_28_11-45-53.jpg",0,1,0,0,0,0,0,0,0,0,0,0,0,0,0,0,0,0,0,0,0,0,0,0
"Elliott_Bay_Marina",6,"winter","shallow","2025_01_28_11-46-08.jpg",1,0,0,0,0,0,0,0,0,0,0,0,0,0,0,0,0,0,0,0,0,0,0,0
"Elliott_Bay_Marina",6,"winter","shallow","2025_01_28_11-46-23.jpg",0,0,0,0,0,0,0,0,0,0,0,0,0,0,0,0,0,0,0,0,0,0,0,0
"Elliott_Bay_Marina",6,"winter","shallow","2025_01_28_11-46-35.jpg",0,0,0,0,0,0,0,0,0,0,0,0,0,0,0,0,0,0,0,0,0,0,0,0
"Elliott_Bay_Marina",6,"winter","shallow","2025_01_28_11-46-50.jpg",0,0,0,0,0,0,0,0,0,0,0,0,0,0,0,0,0,0,0,0,0,0,0,0
"Elliott_Bay_Marina",6,"winter","shallow","2025_01_28_11-47-05.jpg",0,0,0,0,0,0,0,0,0,0,0,0,0,0,0,0,1,0,0,0,0,0,0,0
"Elliott_Bay_Marina",6,"winter","shallow","2025_01_28_11-47-20.jpg",0,0,0,0,0,0,0,0,0,0,0,0,0,0,0,0,0,0,0,0,0,0,0,0
"Elliott_Bay_Marina",6,"winter","shallow","2025_01_28_11-47-36.jpg",1,0,0,2,0,0,0,0,0,0,0,0,0,0,0,0,0,0,0,0,0,0,0,0
"Elliott_Bay_Marina",6,"winter","shallow","2025_01_28_11-47-51.jpg",0,0,0,0,0,0,0,0,0,0,0,0,0,0,0,0,0,0,0,0,0,0,0,0
"Elliott_Bay_Marina",6,"winter","shallow","2025_01_28_11-48-06.jpg",1,0,0,0,0,0,0,0,0,0,0,0,0,0,0,0,0,0,0,0,0,0,0,0
"Elliott_Bay_Marina",6,"winter","shallow","2025_01_28_11-48-21.jpg",1,0,0,0,0,0,0,0,0,0,0,0,0,0,0,0,0,0,0,0,0,0,0,0
"Elliott_Bay_Marina",6,"winter","shallow","2025_01_28_11-48-36.jpg",0,0,0,0,0,0,0,0,0,1,0,0,0,0,0,0,0,0,0,0,0,0,0,0
"Elliott_Bay_Marina",6,"winter","shallow","2025_01_28_11-49-09.jpg",2,0,0,0,0,0,0,0,0,0,0,0,0,0,0,0,0,0,0,0,0,0,0,0
