image_name,midpoint_row,midpoint_column,left_column,right_column,top_row,bottom_row,patch_size,label_code,label_name,machine_prediction,confidence
image_1.jpg,312,312,200,424,200,424,224,GR_ulva,green_algae_ulva,GR_ulva,0.913
image_1.jpg,690,312,200,424,578,802,224,GR_ulva,green_algae_ulva,GR_ulva,0.946
image_1.jpg,1068,312,200,424,956,1180,224,GR_ulva,green_algae_ulva,GR_ulva,1
image_1.jpg,1447,312,200,424,1335,1559,224,SU_sand,sand_fine_shell,manual_update,1
image_1.jpg,1825,312,200,424,1713,1937,224,GR_ulva,green_algae_ulva,GR_ulva,0.993
image_1.jpg,2204,312,200,424,2092,2316,224,GR_ulva,green_algae_ulva,GR_ulva,1
image_1.jpg,2582,312,200,424,2470,2694,224,GR_ulva,green_algae_ulva,GR_ulva,1
image_1.jpg,2961,312,200,424,2849,3073,224,RE_leaf,red_algae_flat_leaf,manual_update,1
image_1.jpg,3339,312,200,424,3227,3451,224,RE_leaf,red_algae_flat_leaf,manual_update,1
image_1.jpg,3718,312,200,424,3606,3830,224,SU_peb,pebble,manual_update,1
image_1.jpg,312,754,642,866,200,424,224,GR_ulva,green_algae_ulva,GR_ulva,1
image_1.jpg,690,754,642,866,578,802,224,GR_ulva,green_algae_ulva,GR_ulva,1
image_1.jpg,1068,754,642,866,956,1180,224,GR_ulva,green_algae_ulva,GR_ulva,1
image_1.jpg,1447,754,642,866,1335,1559,224,SU_bould,boulder,manual_update,1
image_1.jpg,1825,754,642,866,1713,1937,224,GR_ulva,green_algae_ulva,GR_ulva,1
image_1.jpg,2204,754,642,866,2092,2316,224,GR_ulva,green_algae_ulva,GR_ulva,1
image_1.jpg,2582,754,642,866,2470,2694,224,GR_ulva,green_algae_ulva,GR_ulva,1
image_1.jpg,2961,754,642,866,2849,3073,224,GR_ulva,green_algae_ulva,GR_ulva,1
image_1.jpg,3339,754,642,866,3227,3451,224,GR_ulva,green_algae_ulva,GR_ulva,1
image_1.jpg,3718,754,642,866,3606,3830,224,GR_ulva,green_algae_ulva,GR_ulva,0.99
image_1.jpg,312,1196,1084,1308,200,424,224,GR_ulva,green_algae_ulva,GR_ulva,1
image_1.jpg,690,1196,1084,1308,578,802,224,GR_ulva,green_algae_ulva,GR_ulva,1
image_1.jpg,1068,1196,1084,1308,956,1180,224,RE_bush,red_algae_bushy,RE_bush,1
image_1.jpg,1447,1196,1084,1308,1335,1559,224,RE_bush,red_algae_bushy,RE_bush,1
image_1.jpg,1825,1196,1084,1308,1713,1937,224,RE_bush,red_algae_bushy,RE_bush,1
image_1.jpg,2204,1196,1084,1308,2092,2316,224,RE_bush,red_algae_bushy,RE_bush,1
image_1.jpg,2582,1196,1084,1308,2470,2694,224,RE_bush,red_algae_bushy,RE_bush,1
image_1.jpg,2961,1196,1084,1308,2849,3073,224,GR_ulva,green_algae_ulva,GR_ulva,0.998
image_1.jpg,3339,1196,1084,1308,3227,3451,224,GR_ulva,green_algae_ulva,GR_ulva,1
image_1.jpg,3718,1196,1084,1308,3606,3830,224,GR_ulva,green_algae_ulva,GR_ulva,1
image_1.jpg,312,1639,1527,1751,200,424,224,GR_ulva,green_algae_ulva,GR_ulva,1
image_1.jpg,690,1639,1527,1751,578,802,224,GR_ulva,green_algae_ulva,GR_ulva,1
image_1.jpg,1068,1639,1527,1751,956,1180,224,RE_bush,red_algae_bushy,RE_bush,1
image_1.jpg,1447,1639,1527,1751,1335,1559,224,RE_bush,red_algae_bushy,RE_bush,1
image_1.jpg,1825,1639,1527,1751,1713,1937,224,RE_bush,red_algae_bushy,RE_bush,1
image_1.jpg,2204,1639,1527,1751,2092,2316,224,RE_bush,red_algae_bushy,RE_bush,1
image_1.jpg,2582,1639,1527,1751,2470,2694,224,GR_ulva,green_algae_ulva,GR_ulva,1
image_1.jpg,2961,1639,1527,1751,2849,3073,224,GR_ulva,green_algae_ulva,GR_ulva,1
image_1.jpg,3339,1639,1527,1751,3227,3451,224,GR_ulva,green_algae_ulva,GR_ulva,1
image_1.jpg,3718,1639,1527,1751,3606,3830,224,RE_bush,red_algae_bushy,RE_bush,0.944
image_1.jpg,312,2081,1969,2193,200,424,224,SU_sand,sand_fine_shell,manual_update,1
image_1.jpg,690,2081,1969,2193,578,802,224,SU_silt,silt,SU_silt,0.98
image_1.jpg,1068,2081,1969,2193,956,1180,224,RE_bush,red_algae_bushy,RE_bush,1
image_1.jpg,1447,2081,1969,2193,1335,1559,224,RE_bush,red_algae_bushy,RE_bush,1
image_1.jpg,1825,2081,1969,2193,1713,1937,224,RE_bush,red_algae_bushy,RE_bush,1
image_1.jpg,2204,2081,1969,2193,2092,2316,224,RE_bush,red_algae_bushy,RE_bush,1
image_1.jpg,2582,2081,1969,2193,2470,2694,224,RE_bush,red_algae_bushy,RE_bush,1
image_1.jpg,2961,2081,1969,2193,2849,3073,224,GR_ulva,green_algae_ulva,GR_ulva,1
image_1.jpg,3339,2081,1969,2193,3227,3451,224,RE_bush,red_algae_bushy,RE_bush,1
image_1.jpg,3718,2081,1969,2193,3606,3830,224,GR_ulva,green_algae_ulva,manual_update,1
image_1.jpg,312,2524,2412,2636,200,424,224,GR_ulva,green_algae_ulva,GR_ulva,1
image_1.jpg,690,2524,2412,2636,578,802,224,GR_ulva,green_algae_ulva,GR_ulva,1
image_1.jpg,1068,2524,2412,2636,956,1180,224,RE_bush,red_algae_bushy,RE_bush,0.999
image_1.jpg,1447,2524,2412,2636,1335,1559,224,RE_bush,red_algae_bushy,RE_bush,1
image_1.jpg,1825,2524,2412,2636,1713,1937,224,RE_bush,red_algae_bushy,RE_bush,1
image_1.jpg,2204,2524,2412,2636,2092,2316,224,RE_bush,red_algae_bushy,RE_bush,1
image_1.jpg,2582,2524,2412,2636,2470,2694,224,RE_bush,red_algae_bushy,RE_bush,1
image_1.jpg,2961,2524,2412,2636,2849,3073,224,RE_bush,red_algae_bushy,RE_bush,1
image_1.jpg,3339,2524,2412,2636,3227,3451,224,RE_bush,red_algae_bushy,RE_bush,1
image_1.jpg,3718,2524,2412,2636,3606,3830,224,GR_ulva,green_algae_ulva,GR_ulva,1
image_1.jpg,312,2966,2854,3078,200,424,224,GR_ulva,green_algae_ulva,GR_ulva,1
image_1.jpg,690,2966,2854,3078,578,802,224,SU_sand,sand_fine_shell,manual_update,1
image_1.jpg,1068,2966,2854,3078,956,1180,224,RE_bush,red_algae_bushy,manual_update,1
image_1.jpg,1447,2966,2854,3078,1335,1559,224,GR_ulva,green_algae_ulva,GR_ulva,1
image_1.jpg,1825,2966,2854,3078,1713,1937,224,GR_ulva,green_algae_ulva,GR_ulva,1
image_1.jpg,2204,2966,2854,3078,2092,2316,224,GR_ulva,green_algae_ulva,GR_ulva,0.917
image_1.jpg,2582,2966,2854,3078,2470,2694,224,RE_bush,red_algae_bushy,RE_bush,1
image_1.jpg,2961,2966,2854,3078,2849,3073,224,RE_bush,red_algae_bushy,RE_bush,1
image_1.jpg,3339,2966,2854,3078,3227,3451,224,GR_ulva,green_algae_ulva,GR_ulva,1
image_1.jpg,3718,2966,2854,3078,3606,3830,224,GR_ulva,green_algae_ulva,GR_ulva,0.95
image_1.jpg,312,3409,3297,3521,200,424,224,KE_sugar,kelp_sugar,manual_update,1
image_1.jpg,690,3409,3297,3521,578,802,224,SU_silt,silt,SU_silt,0.92
image_1.jpg,1068,3409,3297,3521,956,1180,224,GR_ulva,green_algae_ulva,GR_ulva,1
image_1.jpg,1447,3409,3297,3521,1335,1559,224,GR_ulva,green_algae_ulva,GR_ulva,1
image_1.jpg,1825,3409,3297,3521,1713,1937,224,GR_ulva,green_algae_ulva,GR_ulva,1
image_1.jpg,2204,3409,3297,3521,2092,2316,224,RE_leaf,red_algae_flat_leaf,manual_update,1
image_1.jpg,2582,3409,3297,3521,2470,2694,224,RE_leaf,red_algae_flat_leaf,manual_update,1
image_1.jpg,2961,3409,3297,3521,2849,3073,224,RE_leaf,red_algae_flat_leaf,manual_update,1
image_1.jpg,3339,3409,3297,3521,3227,3451,224,RE_leaf,red_algae_flat_leaf,manual_update,1
image_1.jpg,3718,3409,3297,3521,3606,3830,224,SU_silt,silt,manual_update,1
image_1.jpg,312,3851,3739,3963,200,424,224,SU_silt,silt,manual_update,1
image_1.jpg,690,3851,3739,3963,578,802,224,SU_silt,silt,SU_silt,0.98
image_1.jpg,1068,3851,3739,3963,956,1180,224,GR_ulva,green_algae_ulva,GR_ulva,1
image_1.jpg,1447,3851,3739,3963,1335,1559,224,GR_ulva,green_algae_ulva,GR_ulva,1
image_1.jpg,1825,3851,3739,3963,1713,1937,224,GR_ulva,green_algae_ulva,GR_ulva,1
image_1.jpg,2204,3851,3739,3963,2092,2316,224,GR_ulva,green_algae_ulva,GR_ulva,0.995
image_1.jpg,2582,3851,3739,3963,2470,2694,224,GR_ulva,green_algae_ulva,manual_update,1
image_1.jpg,2961,3851,3739,3963,2849,3073,224,RE_leaf,red_algae_flat_leaf,manual_update,1
image_1.jpg,3339,3851,3739,3963,3227,3451,224,SU_silt,silt,SU_silt,1
image_1.jpg,3718,3851,3739,3963,3606,3830,224,SU_silt,silt,SU_silt,0.998
image_1.jpg,312,4294,4182,4406,200,424,224,KE_sugar,kelp_sugar,KE_sugar,0.945
image_1.jpg,690,4294,4182,4406,578,802,224,KE_sugar,kelp_sugar,manual_update,1
image_1.jpg,1068,4294,4182,4406,956,1180,224,GR_ulva,green_algae_ulva,GR_ulva,1
image_1.jpg,1447,4294,4182,4406,1335,1559,224,GR_ulva,green_algae_ulva,GR_ulva,1
image_1.jpg,1825,4294,4182,4406,1713,1937,224,GR_ulva,green_algae_ulva,manual_update,1
image_1.jpg,2204,4294,4182,4406,2092,2316,224,RE_leaf,red_algae_flat_leaf,manual_update,1
image_1.jpg,2582,4294,4182,4406,2470,2694,224,RE_leaf,red_algae_flat_leaf,RE_leaf,0.999
image_1.jpg,2961,4294,4182,4406,2849,3073,224,RE_leaf,red_algae_flat_leaf,manual_update,1
image_1.jpg,3339,4294,4182,4406,3227,3451,224,GR_ulva,green_algae_ulva,GR_ulva,0.999
image_1.jpg,3718,4294,4182,4406,3606,3830,224,GR_ulva,green_algae_ulva,GR_ulva,0.989
image_2.jpg,312,312,200,424,200,424,224,KE_sugar,kelp_sugar,KE_sugar,0.999
image_2.jpg,690,312,200,424,578,802,224,KE_sugar,kelp_sugar,KE_sugar,1
image_2.jpg,1068,312,200,424,956,1180,224,KE_sugar,kelp_sugar,manual_update,1
image_2.jpg,1447,312,200,424,1335,1559,224,KE_sugar,kelp_sugar,manual_update,1
image_2.jpg,1825,312,200,424,1713,1937,224,SU_bould,boulder,manual_update,1
image_2.jpg,2204,312,200,424,2092,2316,224,KE_sugar,kelp_sugar,KE_sugar,1
image_2.jpg,2582,312,200,424,2470,2694,224,KE_sugar,kelp_sugar,KE_sugar,0.992
image_2.jpg,2961,312,200,424,2849,3073,224,KE_sugar,kelp_sugar,KE_sugar,0.517
image_2.jpg,3339,312,200,424,3227,3451,224,KE_sugar,kelp_sugar,manual_update,1
image_2.jpg,3718,312,200,424,3606,3830,224,unknown,unknown_area,manual_update,1
image_2.jpg,312,754,642,866,200,424,224,KE_sugar,kelp_sugar,manual_update,1
image_2.jpg,690,754,642,866,578,802,224,KE_sugar,kelp_sugar,KE_sugar,0.557
image_2.jpg,1068,754,642,866,956,1180,224,KE_sugar,kelp_sugar,KE_sugar,1
image_2.jpg,1447,754,642,866,1335,1559,224,KE_sugar,kelp_sugar,KE_sugar,0.992
image_2.jpg,1825,754,642,866,1713,1937,224,GR_ulva,green_algae_ulva,GR_ulva,0.996
image_2.jpg,2204,754,642,866,2092,2316,224,KE_sugar,kelp_sugar,manual_update,1
image_2.jpg,2582,754,642,866,2470,2694,224,KE_sugar,kelp_sugar,KE_sugar,0.692
image_2.jpg,2961,754,642,866,2849,3073,224,KE_sugar,kelp_sugar,KE_sugar,0.644
image_2.jpg,3339,754,642,866,3227,3451,224,KE_sugar,kelp_sugar,manual_update,1
image_2.jpg,3718,754,642,866,3606,3830,224,GR_ulva,green_algae_ulva,manual_update,1
image_2.jpg,312,1196,1084,1308,200,424,224,KE_sugar,kelp_sugar,manual_update,1
image_2.jpg,690,1196,1084,1308,578,802,224,GR_ulva,green_algae_ulva,GR_ulva,1
image_2.jpg,1068,1196,1084,1308,956,1180,224,KE_sugar,kelp_sugar,manual_update,1
image_2.jpg,1447,1196,1084,1308,1335,1559,224,GR_ulva,green_algae_ulva,GR_ulva,1
image_2.jpg,1825,1196,1084,1308,1713,1937,224,GR_ulva,green_algae_ulva,GR_ulva,0.99
image_2.jpg,2204,1196,1084,1308,2092,2316,224,KE_sugar,kelp_sugar,manual_update,1
image_2.jpg,2582,1196,1084,1308,2470,2694,224,KE_sugar,kelp_sugar,KE_sugar,0.906
image_2.jpg,2961,1196,1084,1308,2849,3073,224,KE_sugar,kelp_sugar,KE_sugar,0.846
image_2.jpg,3339,1196,1084,1308,3227,3451,224,MS,mobile_species,manual_update,1
image_2.jpg,3718,1196,1084,1308,3606,3830,224,GR_ulva,green_algae_ulva,GR_ulva,0.981
image_2.jpg,312,1639,1527,1751,200,424,224,SU_bould,boulder,manual_update,1
image_2.jpg,690,1639,1527,1751,578,802,224,GR_ulva,green_algae_ulva,GR_ulva,1
image_2.jpg,1068,1639,1527,1751,956,1180,224,KE_sugar,kelp_sugar,KE_sugar,0.877
image_2.jpg,1447,1639,1527,1751,1335,1559,224,KE_sugar,kelp_sugar,KE_sugar,0.52
image_2.jpg,1825,1639,1527,1751,1713,1937,224,GR_ulva,green_algae_ulva,GR_ulva,0.726
image_2.jpg,2204,1639,1527,1751,2092,2316,224,KE_sugar,kelp_sugar,manual_update,1
image_2.jpg,2582,1639,1527,1751,2470,2694,224,SU_peb,pebble,SU_peb,0.574
image_2.jpg,2961,1639,1527,1751,2849,3073,224,KE_sugar,kelp_sugar,manual_update,1
image_2.jpg,3339,1639,1527,1751,3227,3451,224,SU_bould,boulder,SU_bould,0.865
image_2.jpg,3718,1639,1527,1751,3606,3830,224,RE_branch,red_algae_branching,manual_update,1
image_2.jpg,312,2081,1969,2193,200,424,224,KE_sugar,kelp_sugar,manual_update,1
image_2.jpg,690,2081,1969,2193,578,802,224,GR_ulva,green_algae_ulva,manual_update,1
image_2.jpg,1068,2081,1969,2193,956,1180,224,KE_sugar,kelp_sugar,KE_sugar,0.981
image_2.jpg,1447,2081,1969,2193,1335,1559,224,KE_sugar,kelp_sugar,KE_sugar,0.992
image_2.jpg,1825,2081,1969,2193,1713,1937,224,KE_sugar,kelp_sugar,KE_sugar,0.996
image_2.jpg,2204,2081,1969,2193,2092,2316,224,KE_holdfas,kelp_holdfast,KE_holdfas,1
image_2.jpg,2582,2081,1969,2193,2470,2694,224,KE_sugar,kelp_sugar,KE_sugar,0.993
image_2.jpg,2961,2081,1969,2193,2849,3073,224,KE_sugar,kelp_sugar,KE_sugar,0.999
image_2.jpg,3339,2081,1969,2193,3227,3451,224,KE_sugar,kelp_sugar,KE_sugar,0.997
image_2.jpg,3718,2081,1969,2193,3606,3830,224,RE_branch,red_algae_branching,manual_update,1
image_2.jpg,312,2524,2412,2636,200,424,224,KE_sugar,kelp_sugar,KE_sugar,0.999
image_2.jpg,690,2524,2412,2636,578,802,224,SU_peb,pebble,manual_update,1
image_2.jpg,1068,2524,2412,2636,956,1180,224,KE_sugar,kelp_sugar,manual_update,1
image_2.jpg,1447,2524,2412,2636,1335,1559,224,KE_sugar,kelp_sugar,KE_sugar,0.992
image_2.jpg,1825,2524,2412,2636,1713,1937,224,SU_bould,boulder,manual_update,1
image_2.jpg,2204,2524,2412,2636,2092,2316,224,SU_cob,cobble,manual_update,1
image_2.jpg,2582,2524,2412,2636,2470,2694,224,GR_ulva,green_algae_ulva,GR_ulva,1
image_2.jpg,2961,2524,2412,2636,2849,3073,224,GR_ulva,green_algae_ulva,GR_ulva,0.91
image_2.jpg,3339,2524,2412,2636,3227,3451,224,KE_sugar,kelp_sugar,KE_sugar,0.935
image_2.jpg,3718,2524,2412,2636,3606,3830,224,KE_sugar,kelp_sugar,KE_sugar,0.825
image_2.jpg,312,2966,2854,3078,200,424,224,KE_sugar,kelp_sugar,manual_update,1
image_2.jpg,690,2966,2854,3078,578,802,224,SU_peb,pebble,SU_peb,0.894
image_2.jpg,1068,2966,2854,3078,956,1180,224,SU_peb,pebble,SU_peb,0.99
image_2.jpg,1447,2966,2854,3078,1335,1559,224,KE_sugar,kelp_sugar,manual_update,1
image_2.jpg,1825,2966,2854,3078,1713,1937,224,KE_sugar,kelp_sugar,KE_sugar,1
image_2.jpg,2204,2966,2854,3078,2092,2316,224,KE_sugar,kelp_sugar,KE_sugar,0.974
image_2.jpg,2582,2966,2854,3078,2470,2694,224,KE_sugar,kelp_sugar,manual_update,1
image_2.jpg,2961,2966,2854,3078,2849,3073,224,KE_sugar,kelp_sugar,manual_update,1
image_2.jpg,3339,2966,2854,3078,3227,3451,224,KE_sugar,kelp_sugar,KE_sugar,0.744
image_2.jpg,3718,2966,2854,3078,3606,3830,224,KE_sugar,kelp_sugar,KE_sugar,0.921
image_2.jpg,312,3409,3297,3521,200,424,224,unknown,unknown_area,manual_update,1
image_2.jpg,690,3409,3297,3521,578,802,224,SU_peb,pebble,SU_peb,0.996
image_2.jpg,1068,3409,3297,3521,956,1180,224,SU_peb,pebble,SU_peb,0.939
image_2.jpg,1447,3409,3297,3521,1335,1559,224,SU_peb,pebble,SU_peb,0.658
image_2.jpg,1825,3409,3297,3521,1713,1937,224,KE_sugar,kelp_sugar,KE_sugar,0.809
image_2.jpg,2204,3409,3297,3521,2092,2316,224,KE_sugar,kelp_sugar,KE_sugar,1
image_2.jpg,2582,3409,3297,3521,2470,2694,224,KE_sugar,kelp_sugar,KE_sugar,0.603
image_2.jpg,2961,3409,3297,3521,2849,3073,224,KE_sugar,kelp_sugar,KE_sugar,0.971
image_2.jpg,3339,3409,3297,3521,3227,3451,224,KE_sugar,kelp_sugar,KE_sugar,0.998
image_2.jpg,3718,3409,3297,3521,3606,3830,224,KE_sugar,kelp_sugar,KE_sugar,0.926
image_2.jpg,312,3851,3739,3963,200,424,224,KE_sugar,kelp_sugar,KE_sugar,0.993
image_2.jpg,690,3851,3739,3963,578,802,224,SU_peb,pebble,SU_peb,0.986
image_2.jpg,1068,3851,3739,3963,956,1180,224,KE_sugar,kelp_sugar,KE_sugar,0.983
image_2.jpg,1447,3851,3739,3963,1335,1559,224,KE_sugar,kelp_sugar,KE_sugar,0.996
image_2.jpg,1825,3851,3739,3963,1713,1937,224,GR_ulva,green_algae_ulva,manual_update,1
image_2.jpg,2204,3851,3739,3963,2092,2316,224,GR_ulva,green_algae_ulva,manual_update,1
image_2.jpg,2582,3851,3739,3963,2470,2694,224,KE_sugar,kelp_sugar,KE_sugar,0.994
image_2.jpg,2961,3851,3739,3963,2849,3073,224,KE_sugar,kelp_sugar,KE_sugar,0.943
image_2.jpg,3339,3851,3739,3963,3227,3451,224,KE_sugar,kelp_sugar,KE_sugar,0.986
image_2.jpg,3718,3851,3739,3963,3606,3830,224,GR_ulva,green_algae_ulva,GR_ulva,1
image_2.jpg,312,4294,4182,4406,200,424,224,KE_sugar,kelp_sugar,manual_update,1
image_2.jpg,690,4294,4182,4406,578,802,224,RE_bush,red_algae_bushy,RE_bush,1
image_2.jpg,1068,4294,4182,4406,956,1180,224,KE_sugar,kelp_sugar,KE_sugar,0.709
image_2.jpg,1447,4294,4182,4406,1335,1559,224,unknown,unknown_area,manual_update,1
image_2.jpg,1825,4294,4182,4406,1713,1937,224,SU_bould,boulder,SU_bould,0.688
image_2.jpg,2204,4294,4182,4406,2092,2316,224,SU_bould,boulder,manual_update,1
image_2.jpg,2582,4294,4182,4406,2470,2694,224,KE_sugar,kelp_sugar,KE_sugar,0.999
image_2.jpg,2961,4294,4182,4406,2849,3073,224,KE_sugar,kelp_sugar,KE_sugar,1
image_2.jpg,3339,4294,4182,4406,3227,3451,224,GR_ulva,green_algae_ulva,manual_update,1
image_2.jpg,3718,4294,4182,4406,3606,3830,224,GR_ulva,green_algae_ulva,GR_ulva,1
image_3.jpg,312,312,200,424,200,424,224,GR_ulva,green_algae_ulva,GR_ulva,0.998
image_3.jpg,690,312,200,424,578,802,224,GR_ulva,green_algae_ulva,GR_ulva,1
image_3.jpg,1068,312,200,424,956,1180,224,GR_ulva,green_algae_ulva,GR_ulva,1
image_3.jpg,1447,312,200,424,1335,1559,224,SU_peb,pebble,manual_update,1
image_3.jpg,1825,312,200,424,1713,1937,224,GR_ulva,green_algae_ulva,GR_ulva,1
image_3.jpg,2204,312,200,424,2092,2316,224,GR_ulva,green_algae_ulva,GR_ulva,1
image_3.jpg,2582,312,200,424,2470,2694,224,RE_leaf,red_algae_flat_leaf,RE_leaf,0.998
image_3.jpg,2961,312,200,424,2849,3073,224,GR_ulva,green_algae_ulva,manual_update,1
image_3.jpg,3339,312,200,424,3227,3451,224,GR_ulva,green_algae_ulva,GR_ulva,0.998
image_3.jpg,3718,312,200,424,3606,3830,224,GR_ulva,green_algae_ulva,GR_ulva,0.996
image_3.jpg,312,754,642,866,200,424,224,GR_ulva,green_algae_ulva,GR_ulva,0.879
image_3.jpg,690,754,642,866,578,802,224,GR_ulva,green_algae_ulva,GR_ulva,1
image_3.jpg,1068,754,642,866,956,1180,224,SU_sand,sand_fine_shell,SU_sand,0.999
image_3.jpg,1447,754,642,866,1335,1559,224,SU_peb,pebble,manual_update,1
image_3.jpg,1825,754,642,866,1713,1937,224,GR_ulva,green_algae_ulva,GR_ulva,0.993
image_3.jpg,2204,754,642,866,2092,2316,224,GR_ulva,green_algae_ulva,GR_ulva,1
image_3.jpg,2582,754,642,866,2470,2694,224,SU_peb,pebble,manual_update,1
image_3.jpg,2961,754,642,866,2849,3073,224,GR_ulva,green_algae_ulva,GR_ulva,1
image_3.jpg,3339,754,642,866,3227,3451,224,GR_ulva,green_algae_ulva,GR_ulva,0.999
image_3.jpg,3718,754,642,866,3606,3830,224,GR_ulva,green_algae_ulva,GR_ulva,1
image_3.jpg,312,1196,1084,1308,200,424,224,GR_ulva,green_algae_ulva,GR_ulva,1
image_3.jpg,690,1196,1084,1308,578,802,224,GR_ulva,green_algae_ulva,GR_ulva,1
image_3.jpg,1068,1196,1084,1308,956,1180,224,GR_ulva,green_algae_ulva,GR_ulva,1
image_3.jpg,1447,1196,1084,1308,1335,1559,224,GR_ulva,green_algae_ulva,GR_ulva,1
image_3.jpg,1825,1196,1084,1308,1713,1937,224,GR_ulva,green_algae_ulva,GR_ulva,1
image_3.jpg,2204,1196,1084,1308,2092,2316,224,GR_ulva,green_algae_ulva,GR_ulva,0.995
image_3.jpg,2582,1196,1084,1308,2470,2694,224,SU_sand,sand_fine_shell,SU_sand,0.996
image_3.jpg,2961,1196,1084,1308,2849,3073,224,GR_ulva,green_algae_ulva,GR_ulva,0.969
image_3.jpg,3339,1196,1084,1308,3227,3451,224,SU_silt,silt,manual_update,1
image_3.jpg,3718,1196,1084,1308,3606,3830,224,KE_5rib,kelp_five_rib,manual_update,1
image_3.jpg,312,1639,1527,1751,200,424,224,RE_bush,red_algae_bushy,RE_bush,1
image_3.jpg,690,1639,1527,1751,578,802,224,GR_ulva,green_algae_ulva,GR_ulva,0.896
image_3.jpg,1068,1639,1527,1751,956,1180,224,GR_ulva,green_algae_ulva,GR_ulva,1
image_3.jpg,1447,1639,1527,1751,1335,1559,224,GR_ulva,green_algae_ulva,GR_ulva,1
image_3.jpg,1825,1639,1527,1751,1713,1937,224,SU_peb,pebble,manual_update,1
image_3.jpg,2204,1639,1527,1751,2092,2316,224,RE_bush,red_algae_bushy,RE_bush,1
image_3.jpg,2582,1639,1527,1751,2470,2694,224,KE_5rib,kelp_five_rib,manual_update,1
image_3.jpg,2961,1639,1527,1751,2849,3073,224,KE_5rib,kelp_five_rib,KE_5rib,1
image_3.jpg,3339,1639,1527,1751,3227,3451,224,KE_5rib,kelp_five_rib,KE_5rib,1
image_3.jpg,3718,1639,1527,1751,3606,3830,224,KE_5rib,kelp_five_rib,manual_update,1
image_3.jpg,312,2081,1969,2193,200,424,224,RE_bush,red_algae_bushy,RE_bush,0.984
image_3.jpg,690,2081,1969,2193,578,802,224,GR_ulva,green_algae_ulva,manual_update,1
image_3.jpg,1068,2081,1969,2193,956,1180,224,GR_ulva,green_algae_ulva,GR_ulva,1
image_3.jpg,1447,2081,1969,2193,1335,1559,224,SU_sand,sand_fine_shell,manual_update,1
image_3.jpg,1825,2081,1969,2193,1713,1937,224,SU_peb,pebble,manual_update,1
image_3.jpg,2204,2081,1969,2193,2092,2316,224,KE_5rib,kelp_five_rib,KE_5rib,1
image_3.jpg,2582,2081,1969,2193,2470,2694,224,KE_5rib,kelp_five_rib,KE_5rib,1
image_3.jpg,2961,2081,1969,2193,2849,3073,224,KE_5rib,kelp_five_rib,KE_5rib,0.998
image_3.jpg,3339,2081,1969,2193,3227,3451,224,GR_ulva,green_algae_ulva,GR_ulva,0.98
image_3.jpg,3718,2081,1969,2193,3606,3830,224,RE_fil,red_algae_filamentous,manual_update,1
image_3.jpg,312,2524,2412,2636,200,424,224,GR_ulva,green_algae_ulva,GR_ulva,1
image_3.jpg,690,2524,2412,2636,578,802,224,GR_ulva,green_algae_ulva,GR_ulva,1
image_3.jpg,1068,2524,2412,2636,956,1180,224,GR_ulva,green_algae_ulva,GR_ulva,1
image_3.jpg,1447,2524,2412,2636,1335,1559,224,RE_bush,red_algae_bushy,RE_bush,1
image_3.jpg,1825,2524,2412,2636,1713,1937,224,KE_5rib,kelp_five_rib,manual_update,1
image_3.jpg,2204,2524,2412,2636,2092,2316,224,KE_5rib,kelp_five_rib,KE_5rib,1
image_3.jpg,2582,2524,2412,2636,2470,2694,224,KE_5rib,kelp_five_rib,KE_5rib,0.995
image_3.jpg,2961,2524,2412,2636,2849,3073,224,GR_ulva,green_algae_ulva,GR_ulva,1
image_3.jpg,3339,2524,2412,2636,3227,3451,224,GR_ulva,green_algae_ulva,GR_ulva,1
image_3.jpg,3718,2524,2412,2636,3606,3830,224,SU_sand,sand_fine_shell,SU_sand,0.998
image_3.jpg,312,2966,2854,3078,200,424,224,GR_ulva,green_algae_ulva,GR_ulva,1
image_3.jpg,690,2966,2854,3078,578,802,224,RE_bush,red_algae_bushy,RE_bush,1
image_3.jpg,1068,2966,2854,3078,956,1180,224,GR_ulva,green_algae_ulva,GR_ulva,0.954
image_3.jpg,1447,2966,2854,3078,1335,1559,224,GR_ulva,green_algae_ulva,GR_ulva,1
image_3.jpg,1825,2966,2854,3078,1713,1937,224,KE_5rib,kelp_five_rib,KE_5rib,0.988
image_3.jpg,2204,2966,2854,3078,2092,2316,224,KE_sugar,kelp_sugar,KE_sugar,0.626
image_3.jpg,2582,2966,2854,3078,2470,2694,224,GR_ulva,green_algae_ulva,GR_ulva,1
image_3.jpg,2961,2966,2854,3078,2849,3073,224,GR_ulva,green_algae_ulva,GR_ulva,1
image_3.jpg,3339,2966,2854,3078,3227,3451,224,RE_fil,red_algae_filamentous,manual_update,1
image_3.jpg,3718,2966,2854,3078,3606,3830,224,KE_sugar,kelp_sugar,manual_update,1
image_3.jpg,312,3409,3297,3521,200,424,224,GR_ulva,green_algae_ulva,manual_update,1
image_3.jpg,690,3409,3297,3521,578,802,224,RE_bush,red_algae_bushy,RE_bush,1
image_3.jpg,1068,3409,3297,3521,956,1180,224,RE_bush,red_algae_bushy,RE_bush,0.995
image_3.jpg,1447,3409,3297,3521,1335,1559,224,KE_5rib,kelp_five_rib,manual_update,1
image_3.jpg,1825,3409,3297,3521,1713,1937,224,GR_ulva,green_algae_ulva,GR_ulva,1
image_3.jpg,2204,3409,3297,3521,2092,2316,224,GR_ulva,green_algae_ulva,GR_ulva,1
image_3.jpg,2582,3409,3297,3521,2470,2694,224,GR_ulva,green_algae_ulva,GR_ulva,0.999
image_3.jpg,2961,3409,3297,3521,2849,3073,224,BR_sarg,brown_algae_sargassum,manual_update,1
image_3.jpg,3339,3409,3297,3521,3227,3451,224,KE_sugar,kelp_sugar,manual_update,1
image_3.jpg,3718,3409,3297,3521,3606,3830,224,KE_sugar,kelp_sugar,manual_update,1
image_3.jpg,312,3851,3739,3963,200,424,224,GR_ulva,green_algae_ulva,GR_ulva,0.981
image_3.jpg,690,3851,3739,3963,578,802,224,GR_ulva,green_algae_ulva,manual_update,1
image_3.jpg,1068,3851,3739,3963,956,1180,224,GR_ulva,green_algae_ulva,GR_ulva,0.998
image_3.jpg,1447,3851,3739,3963,1335,1559,224,GR_ulva,green_algae_ulva,manual_update,1
image_3.jpg,1825,3851,3739,3963,1713,1937,224,KE_5rib,kelp_five_rib,manual_update,1
image_3.jpg,2204,3851,3739,3963,2092,2316,224,GR_ulva,green_algae_ulva,GR_ulva,1
image_3.jpg,2582,3851,3739,3963,2470,2694,224,BR_sarg,brown_algae_sargassum,manual_update,1
image_3.jpg,2961,3851,3739,3963,2849,3073,224,GR_ulva,green_algae_ulva,manual_update,1
image_3.jpg,3339,3851,3739,3963,3227,3451,224,SU_peb,pebble,manual_update,1
image_3.jpg,3718,3851,3739,3963,3606,3830,224,KE_sugar,kelp_sugar,manual_update,1
image_3.jpg,312,4294,4182,4406,200,424,224,GR_ulva,green_algae_ulva,GR_ulva,1
image_3.jpg,690,4294,4182,4406,578,802,224,GR_ulva,green_algae_ulva,manual_update,1
image_3.jpg,1068,4294,4182,4406,956,1180,224,GR_ulva,green_algae_ulva,manual_update,1
image_3.jpg,1447,4294,4182,4406,1335,1559,224,GR_ulva,green_algae_ulva,manual_update,1
image_3.jpg,1825,4294,4182,4406,1713,1937,224,KE_5rib,kelp_five_rib,manual_update,1
image_3.jpg,2204,4294,4182,4406,2092,2316,224,GR_ulva,green_algae_ulva,manual_update,1
image_3.jpg,2582,4294,4182,4406,2470,2694,224,BR_sarg,brown_algae_sargassum,manual_update,1
image_3.jpg,2961,4294,4182,4406,2849,3073,224,BR_sarg,brown_algae_sargassum,manual_update,1
image_3.jpg,3339,4294,4182,4406,3227,3451,224,unknown,unknown_area,manual_update,1
image_3.jpg,3718,4294,4182,4406,3606,3830,224,unknown,unknown_area,manual_update,1
image_4.jpg,312,312,200,424,200,424,224,GR_ulva,green_algae_ulva,GR_ulva,0.999
image_4.jpg,690,312,200,424,578,802,224,GR_ulva,green_algae_ulva,GR_ulva,1
image_4.jpg,1068,312,200,424,956,1180,224,GR_ulva,green_algae_ulva,GR_ulva,0.991
image_4.jpg,1447,312,200,424,1335,1559,224,RE_fil,red_algae_filamentous,RE_fil,1
image_4.jpg,1825,312,200,424,1713,1937,224,RE_leaf,red_algae_flat_leaf,RE_leaf,0.839
image_4.jpg,2204,312,200,424,2092,2316,224,GR_ulva,green_algae_ulva,GR_ulva,0.997
image_4.jpg,2582,312,200,424,2470,2694,224,GR_ulva,green_algae_ulva,GR_ulva,1
image_4.jpg,2961,312,200,424,2849,3073,224,GR_ulva,green_algae_ulva,GR_ulva,1
image_4.jpg,3339,312,200,424,3227,3451,224,GR_ulva,green_algae_ulva,GR_ulva,0.995
image_4.jpg,3718,312,200,424,3606,3830,224,SU_peb,pebble,SU_peb,0.996
image_4.jpg,312,754,642,866,200,424,224,GR_ulva,green_algae_ulva,GR_ulva,1
image_4.jpg,690,754,642,866,578,802,224,GR_ulva,green_algae_ulva,GR_ulva,1
image_4.jpg,1068,754,642,866,956,1180,224,GR_ulva,green_algae_ulva,GR_ulva,0.964
image_4.jpg,1447,754,642,866,1335,1559,224,RE_fil,red_algae_filamentous,RE_fil,1
image_4.jpg,1825,754,642,866,1713,1937,224,SU_bould,boulder,SU_bould,0.938
image_4.jpg,2204,754,642,866,2092,2316,224,KE_sugar,kelp_sugar,manual_update,1
image_4.jpg,2582,754,642,866,2470,2694,224,KE_sugar,kelp_sugar,manual_update,1
image_4.jpg,2961,754,642,866,2849,3073,224,KE_sugar,kelp_sugar,manual_update,1
image_4.jpg,3339,754,642,866,3227,3451,224,SU_peb,pebble,manual_update,1
image_4.jpg,3718,754,642,866,3606,3830,224,SU_silt,silt,SU_silt,0.928
image_4.jpg,312,1196,1084,1308,200,424,224,GR_ulva,green_algae_ulva,GR_ulva,1
image_4.jpg,690,1196,1084,1308,578,802,224,GR_ulva,green_algae_ulva,GR_ulva,1
image_4.jpg,1068,1196,1084,1308,956,1180,224,GR_ulva,green_algae_ulva,GR_ulva,1
image_4.jpg,1447,1196,1084,1308,1335,1559,224,RE_fil,red_algae_filamentous,RE_fil,0.569
image_4.jpg,1825,1196,1084,1308,1713,1937,224,RE_fil,red_algae_filamentous,manual_update,1
image_4.jpg,2204,1196,1084,1308,2092,2316,224,RE_fil,red_algae_filamentous,manual_update,1
image_4.jpg,2582,1196,1084,1308,2470,2694,224,RE_bush,red_algae_bushy,RE_bush,0.559
image_4.jpg,2961,1196,1084,1308,2849,3073,224,RE_bush,red_algae_bushy,RE_bush,0.999
image_4.jpg,3339,1196,1084,1308,3227,3451,224,KE_sugar,kelp_sugar,manual_update,1
image_4.jpg,3718,1196,1084,1308,3606,3830,224,SU_peb,pebble,SU_peb,1
image_4.jpg,312,1639,1527,1751,200,424,224,KE_sugar,kelp_sugar,manual_update,1
image_4.jpg,690,1639,1527,1751,578,802,224,RE_bush,red_algae_bushy,manual_update,1
image_4.jpg,1068,1639,1527,1751,956,1180,224,GR_ulva,green_algae_ulva,GR_ulva,1
image_4.jpg,1447,1639,1527,1751,1335,1559,224,RE_fil,red_algae_filamentous,RE_fil,1
image_4.jpg,1825,1639,1527,1751,1713,1937,224,RE_fil,red_algae_filamentous,RE_fil,1
image_4.jpg,2204,1639,1527,1751,2092,2316,224,RE_leaf,red_algae_flat_leaf,RE_leaf,1
image_4.jpg,2582,1639,1527,1751,2470,2694,224,RE_bush,red_algae_bushy,RE_bush,0.51
image_4.jpg,2961,1639,1527,1751,2849,3073,224,RE_bush,red_algae_bushy,RE_bush,0.789
image_4.jpg,3339,1639,1527,1751,3227,3451,224,RE_bush,red_algae_bushy,RE_bush,1
image_4.jpg,3718,1639,1527,1751,3606,3830,224,SU_peb,pebble,SU_peb,1
image_4.jpg,312,2081,1969,2193,200,424,224,KE_sugar,kelp_sugar,manual_update,1
image_4.jpg,690,2081,1969,2193,578,802,224,KE_sugar,kelp_sugar,manual_update,1
image_4.jpg,1068,2081,1969,2193,956,1180,224,RE_fil,red_algae_filamentous,RE_fil,0.575
image_4.jpg,1447,2081,1969,2193,1335,1559,224,RE_fil,red_algae_filamentous,RE_fil,0.993
image_4.jpg,1825,2081,1969,2193,1713,1937,224,KE_5rib,kelp_five_rib,KE_5rib,1
image_4.jpg,2204,2081,1969,2193,2092,2316,224,KE_5rib,kelp_five_rib,KE_5rib,0.902
image_4.jpg,2582,2081,1969,2193,2470,2694,224,RE_leaf,red_algae_flat_leaf,RE_leaf,1
image_4.jpg,2961,2081,1969,2193,2849,3073,224,RE_leaf,red_algae_flat_leaf,RE_leaf,1
image_4.jpg,3339,2081,1969,2193,3227,3451,224,SU_bould,boulder,manual_update,1
image_4.jpg,3718,2081,1969,2193,3606,3830,224,RE_branch,red_algae_branching,RE_branch,0.915
image_4.jpg,312,2524,2412,2636,200,424,224,KE_sugar,kelp_sugar,KE_sugar,0.998
image_4.jpg,690,2524,2412,2636,578,802,224,GR_ulva,green_algae_ulva,manual_update,1
image_4.jpg,1068,2524,2412,2636,956,1180,224,BR_sarg,brown_algae_sargassum,manual_update,1
image_4.jpg,1447,2524,2412,2636,1335,1559,224,RE_leaf,red_algae_flat_leaf,manual_update,1
image_4.jpg,1825,2524,2412,2636,1713,1937,224,KE_5rib,kelp_five_rib,KE_5rib,0.911
image_4.jpg,2204,2524,2412,2636,2092,2316,224,KE_5rib,kelp_five_rib,KE_5rib,0.925
image_4.jpg,2582,2524,2412,2636,2470,2694,224,KE_5rib,kelp_five_rib,manual_update,1
image_4.jpg,2961,2524,2412,2636,2849,3073,224,SU_bould,boulder,manual_update,1
image_4.jpg,3339,2524,2412,2636,3227,3451,224,SU_bould,boulder,manual_update,1
image_4.jpg,3718,2524,2412,2636,3606,3830,224,SU_peb,pebble,SU_peb,0.964
image_4.jpg,312,2966,2854,3078,200,424,224,SU_peb,pebble,SU_peb,0.976
image_4.jpg,690,2966,2854,3078,578,802,224,SU_peb,pebble,SU_peb,1
image_4.jpg,1068,2966,2854,3078,956,1180,224,GR_ulva,green_algae_ulva,GR_ulva,0.889
image_4.jpg,1447,2966,2854,3078,1335,1559,224,KE_stipe,kelp_stipe,KE_stipe,0.49
image_4.jpg,1825,2966,2854,3078,1713,1937,224,SU_peb,pebble,SU_peb,0.999
image_4.jpg,2204,2966,2854,3078,2092,2316,224,GR_ulva,green_algae_ulva,GR_ulva,1
image_4.jpg,2582,2966,2854,3078,2470,2694,224,GR_ulva,green_algae_ulva,GR_ulva,0.999
image_4.jpg,2961,2966,2854,3078,2849,3073,224,RE_leaf,red_algae_flat_leaf,RE_leaf,0.884
image_4.jpg,3339,2966,2854,3078,3227,3451,224,GR_ulva,green_algae_ulva,GR_ulva,1
image_4.jpg,3718,2966,2854,3078,3606,3830,224,SU_peb,pebble,SU_peb,1
image_4.jpg,312,3409,3297,3521,200,424,224,GR_ulva,green_algae_ulva,manual_update,1
image_4.jpg,690,3409,3297,3521,578,802,224,SU_cob,cobble,manual_update,1
image_4.jpg,1068,3409,3297,3521,956,1180,224,SU_peb,pebble,SU_peb,0.992
image_4.jpg,1447,3409,3297,3521,1335,1559,224,SU_bould,boulder,manual_update,1
image_4.jpg,1825,3409,3297,3521,1713,1937,224,SU_bould,boulder,manual_update,1
image_4.jpg,2204,3409,3297,3521,2092,2316,224,GR_ulva,green_algae_ulva,GR_ulva,1
image_4.jpg,2582,3409,3297,3521,2470,2694,224,GR_ulva,green_algae_ulva,GR_ulva,1
image_4.jpg,2961,3409,3297,3521,2849,3073,224,GR_ulva,green_algae_ulva,GR_ulva,1
image_4.jpg,3339,3409,3297,3521,3227,3451,224,GR_ulva,green_algae_ulva,GR_ulva,1
image_4.jpg,3718,3409,3297,3521,3606,3830,224,GR_ulva,green_algae_ulva,GR_ulva,0.618
image_4.jpg,312,3851,3739,3963,200,424,224,GR_ulva,green_algae_ulva,GR_ulva,1
image_4.jpg,690,3851,3739,3963,578,802,224,GR_ulva,green_algae_ulva,GR_ulva,1
image_4.jpg,1068,3851,3739,3963,956,1180,224,GR_ulva,green_algae_ulva,GR_ulva,0.958
image_4.jpg,1447,3851,3739,3963,1335,1559,224,RE_fil,red_algae_filamentous,RE_fil,0.77
image_4.jpg,1825,3851,3739,3963,1713,1937,224,RE_fil,red_algae_filamentous,RE_fil,0.728
image_4.jpg,2204,3851,3739,3963,2092,2316,224,GR_ulva,green_algae_ulva,manual_update,1
image_4.jpg,2582,3851,3739,3963,2470,2694,224,unknown,unknown_area,manual_update,1
image_4.jpg,2961,3851,3739,3963,2849,3073,224,MS,mobile_species,manual_update,1
image_4.jpg,3339,3851,3739,3963,3227,3451,224,GR_ulva,green_algae_ulva,GR_ulva,0.975
image_4.jpg,3718,3851,3739,3963,3606,3830,224,GR_ulva,green_algae_ulva,GR_ulva,1
image_4.jpg,312,4294,4182,4406,200,424,224,GR_ulva,green_algae_ulva,GR_ulva,0.995
image_4.jpg,690,4294,4182,4406,578,802,224,GR_ulva,green_algae_ulva,GR_ulva,0.987
image_4.jpg,1068,4294,4182,4406,956,1180,224,BR_sarg,brown_algae_sargassum,manual_update,1
image_4.jpg,1447,4294,4182,4406,1335,1559,224,BR_sarg,brown_algae_sargassum,BR_sarg,0.463
image_4.jpg,1825,4294,4182,4406,1713,1937,224,BR_sarg,brown_algae_sargassum,manual_update,1
image_4.jpg,2204,4294,4182,4406,2092,2316,224,RE_leaf,red_algae_flat_leaf,RE_leaf,0.997
image_4.jpg,2582,4294,4182,4406,2470,2694,224,GR_ulva,green_algae_ulva,GR_ulva,1
image_4.jpg,2961,4294,4182,4406,2849,3073,224,GR_ulva,green_algae_ulva,GR_ulva,0.634
image_4.jpg,3339,4294,4182,4406,3227,3451,224,GR_ulva,green_algae_ulva,GR_ulva,0.996
image_4.jpg,3718,4294,4182,4406,3606,3830,224,GR_ulva,green_algae_ulva,GR_ulva,0.999
image_5.jpg,312,312,200,424,200,424,224,GR_ulva,green_algae_ulva,GR_ulva,0.921
image_5.jpg,690,312,200,424,578,802,224,GR_ulva,green_algae_ulva,GR_ulva,0.995
image_5.jpg,1068,312,200,424,956,1180,224,GR_ulva,green_algae_ulva,GR_ulva,0.991
image_5.jpg,1447,312,200,424,1335,1559,224,GR_ulva,green_algae_ulva,GR_ulva,1
image_5.jpg,1825,312,200,424,1713,1937,224,GR_ulva,green_algae_ulva,GR_ulva,0.766
image_5.jpg,2204,312,200,424,2092,2316,224,KE_sugar,kelp_sugar,manual_update,1
image_5.jpg,2582,312,200,424,2470,2694,224,RE_bush,red_algae_bushy,RE_bush,1
image_5.jpg,2961,312,200,424,2849,3073,224,SU_peb,pebble,manual_update,1
image_5.jpg,3339,312,200,424,3227,3451,224,SU_sand,sand_fine_shell,manual_update,1
image_5.jpg,3718,312,200,424,3606,3830,224,SU_bould,boulder,manual_update,1
image_5.jpg,312,754,642,866,200,424,224,GR_ulva,green_algae_ulva,GR_ulva,1
image_5.jpg,690,754,642,866,578,802,224,GR_ulva,green_algae_ulva,GR_ulva,1
image_5.jpg,1068,754,642,866,956,1180,224,GR_ulva,green_algae_ulva,GR_ulva,1
image_5.jpg,1447,754,642,866,1335,1559,224,GR_ulva,green_algae_ulva,GR_ulva,1
image_5.jpg,1825,754,642,866,1713,1937,224,RE_leaf,red_algae_flat_leaf,RE_leaf,0.646
image_5.jpg,2204,754,642,866,2092,2316,224,KE_sugar,kelp_sugar,manual_update,1
image_5.jpg,2582,754,642,866,2470,2694,224,KE_sugar,kelp_sugar,manual_update,1
image_5.jpg,2961,754,642,866,2849,3073,224,SU_cob,cobble,manual_update,1
image_5.jpg,3339,754,642,866,3227,3451,224,SU_peb,pebble,SU_peb,0.611
image_5.jpg,3718,754,642,866,3606,3830,224,SU_peb,pebble,SU_peb,0.58
image_5.jpg,312,1196,1084,1308,200,424,224,BR_sarg,brown_algae_sargassum,BR_sarg,1
image_5.jpg,690,1196,1084,1308,578,802,224,RE_branch,red_algae_branching,RE_branch,1
image_5.jpg,1068,1196,1084,1308,956,1180,224,BR_sarg,brown_algae_sargassum,BR_sarg,0.933
image_5.jpg,1447,1196,1084,1308,1335,1559,224,RE_leaf,red_algae_flat_leaf,RE_leaf,1
image_5.jpg,1825,1196,1084,1308,1713,1937,224,RE_leaf,red_algae_flat_leaf,RE_leaf,1
image_5.jpg,2204,1196,1084,1308,2092,2316,224,BR_sarg,brown_algae_sargassum,BR_sarg,0.887
image_5.jpg,2582,1196,1084,1308,2470,2694,224,KE_sugar,kelp_sugar,KE_sugar,0.858
image_5.jpg,2961,1196,1084,1308,2849,3073,224,SU_peb,pebble,SU_peb,1
image_5.jpg,3339,1196,1084,1308,3227,3451,224,SU_sand,sand_fine_shell,SU_sand,0.999
image_5.jpg,3718,1196,1084,1308,3606,3830,224,SU_bould,boulder,manual_update,1
image_5.jpg,312,1639,1527,1751,200,424,224,BR_sarg,brown_algae_sargassum,manual_update,1
image_5.jpg,690,1639,1527,1751,578,802,224,BR_sarg,brown_algae_sargassum,BR_sarg,0.341
image_5.jpg,1068,1639,1527,1751,956,1180,224,BR_sarg,brown_algae_sargassum,BR_sarg,0.921
image_5.jpg,1447,1639,1527,1751,1335,1559,224,RE_branch,red_algae_branching,RE_branch,0.933
image_5.jpg,1825,1639,1527,1751,1713,1937,224,RE_fil,red_algae_filamentous,RE_fil,0.24
image_5.jpg,2204,1639,1527,1751,2092,2316,224,KE_sugar,kelp_sugar,KE_sugar,1
image_5.jpg,2582,1639,1527,1751,2470,2694,224,KE_sugar,kelp_sugar,KE_sugar,0.809
image_5.jpg,2961,1639,1527,1751,2849,3073,224,KE_sugar,kelp_sugar,manual_update,1
image_5.jpg,3339,1639,1527,1751,3227,3451,224,SU_peb,pebble,SU_peb,0.991
image_5.jpg,3718,1639,1527,1751,3606,3830,224,SU_bould,boulder,SU_bould,0.983
image_5.jpg,312,2081,1969,2193,200,424,224,GR_ulva,green_algae_ulva,GR_ulva,1
image_5.jpg,690,2081,1969,2193,578,802,224,BR_sarg,brown_algae_sargassum,BR_sarg,1
image_5.jpg,1068,2081,1969,2193,956,1180,224,BR_sarg,brown_algae_sargassum,BR_sarg,0.885
image_5.jpg,1447,2081,1969,2193,1335,1559,224,RE_fil,red_algae_filamentous,RE_fil,1
image_5.jpg,1825,2081,1969,2193,1713,1937,224,RE_fil,red_algae_filamentous,RE_fil,0.999
image_5.jpg,2204,2081,1969,2193,2092,2316,224,KE_sugar,kelp_sugar,KE_sugar,0.985
image_5.jpg,2582,2081,1969,2193,2470,2694,224,KE_sugar,kelp_sugar,manual_update,1
image_5.jpg,2961,2081,1969,2193,2849,3073,224,KE_sugar,kelp_sugar,manual_update,1
image_5.jpg,3339,2081,1969,2193,3227,3451,224,KE_sugar,kelp_sugar,KE_sugar,0.974
image_5.jpg,3718,2081,1969,2193,3606,3830,224,KE_sugar,kelp_sugar,manual_update,1
image_5.jpg,312,2524,2412,2636,200,424,224,BR_sarg,brown_algae_sargassum,BR_sarg,0.872
image_5.jpg,690,2524,2412,2636,578,802,224,BR_sarg,brown_algae_sargassum,BR_sarg,1
image_5.jpg,1068,2524,2412,2636,956,1180,224,RE_leaf,red_algae_flat_leaf,manual_update,1
image_5.jpg,1447,2524,2412,2636,1335,1559,224,RE_leaf,red_algae_flat_leaf,manual_update,1
image_5.jpg,1825,2524,2412,2636,1713,1937,224,KE_sugar,kelp_sugar,KE_sugar,0.999
image_5.jpg,2204,2524,2412,2636,2092,2316,224,KE_sugar,kelp_sugar,manual_update,1
image_5.jpg,2582,2524,2412,2636,2470,2694,224,SU_peb,pebble,SU_peb,1
image_5.jpg,2961,2524,2412,2636,2849,3073,224,SU_peb,pebble,SU_peb,1
image_5.jpg,3339,2524,2412,2636,3227,3451,224,SU_peb,pebble,manual_update,1
image_5.jpg,3718,2524,2412,2636,3606,3830,224,KE_sugar,kelp_sugar,manual_update,1
image_5.jpg,312,2966,2854,3078,200,424,224,BR_sarg,brown_algae_sargassum,BR_sarg,0.978
image_5.jpg,690,2966,2854,3078,578,802,224,BR_sarg,brown_algae_sargassum,BR_sarg,0.999
image_5.jpg,1068,2966,2854,3078,956,1180,224,RE_leaf,red_algae_flat_leaf,manual_update,1
image_5.jpg,1447,2966,2854,3078,1335,1559,224,RE_leaf,red_algae_flat_leaf,RE_leaf,0.999
image_5.jpg,1825,2966,2854,3078,1713,1937,224,RE_leaf,red_algae_flat_leaf,RE_leaf,0.911
image_5.jpg,2204,2966,2854,3078,2092,2316,224,SU_peb,pebble,SU_peb,0.992
image_5.jpg,2582,2966,2854,3078,2470,2694,224,SU_sand,sand_fine_shell,SU_sand,1
image_5.jpg,2961,2966,2854,3078,2849,3073,224,SI,sessile_invert,SI,1
image_5.jpg,3339,2966,2854,3078,3227,3451,224,SI,sessile_invert,SI,1
image_5.jpg,3718,2966,2854,3078,3606,3830,224,KE_sugar,kelp_sugar,manual_update,1
image_5.jpg,312,3409,3297,3521,200,424,224,BR_sarg,brown_algae_sargassum,BR_sarg,1
image_5.jpg,690,3409,3297,3521,578,802,224,SU_sand,sand_fine_shell,manual_update,1
image_5.jpg,1068,3409,3297,3521,956,1180,224,SU_sand,sand_fine_shell,manual_update,1
image_5.jpg,1447,3409,3297,3521,1335,1559,224,GR_ulva,green_algae_ulva,GR_ulva,1
image_5.jpg,1825,3409,3297,3521,1713,1937,224,SU_peb,pebble,SU_peb,0.966
image_5.jpg,2204,3409,3297,3521,2092,2316,224,GR_ulva,green_algae_ulva,GR_ulva,1
image_5.jpg,2582,3409,3297,3521,2470,2694,224,RE_leaf,red_algae_flat_leaf,manual_update,1
image_5.jpg,2961,3409,3297,3521,2849,3073,224,SU_peb,pebble,SU_peb,0.992
image_5.jpg,3339,3409,3297,3521,3227,3451,224,RE_fil,red_algae_filamentous,manual_update,1
image_5.jpg,3718,3409,3297,3521,3606,3830,224,RE_fil,red_algae_filamentous,RE_fil,0.998
image_5.jpg,312,3851,3739,3963,200,424,224,BR_sarg,brown_algae_sargassum,manual_update,1
image_5.jpg,690,3851,3739,3963,578,802,224,GR_ulva,green_algae_ulva,GR_ulva,1
image_5.jpg,1068,3851,3739,3963,956,1180,224,GR_ulva,green_algae_ulva,GR_ulva,1
image_5.jpg,1447,3851,3739,3963,1335,1559,224,GR_ulva,green_algae_ulva,GR_ulva,1
image_5.jpg,1825,3851,3739,3963,1713,1937,224,SU_peb,pebble,SU_peb,0.997
image_5.jpg,2204,3851,3739,3963,2092,2316,224,GR_ulva,green_algae_ulva,GR_ulva,1
image_5.jpg,2582,3851,3739,3963,2470,2694,224,RE_leaf,red_algae_flat_leaf,manual_update,1
image_5.jpg,2961,3851,3739,3963,2849,3073,224,RE_fil,red_algae_filamentous,manual_update,1
image_5.jpg,3339,3851,3739,3963,3227,3451,224,RE_fil,red_algae_filamentous,RE_fil,1
image_5.jpg,3718,3851,3739,3963,3606,3830,224,RE_branch,red_algae_branching,manual_update,1
image_5.jpg,312,4294,4182,4406,200,424,224,GR_ulva,green_algae_ulva,GR_ulva,1
image_5.jpg,690,4294,4182,4406,578,802,224,GR_ulva,green_algae_ulva,GR_ulva,1
image_5.jpg,1068,4294,4182,4406,956,1180,224,GR_ulva,green_algae_ulva,GR_ulva,1
image_5.jpg,1447,4294,4182,4406,1335,1559,224,GR_ulva,green_algae_ulva,GR_ulva,1
image_5.jpg,1825,4294,4182,4406,1713,1937,224,GR_ulva,green_algae_ulva,GR_ulva,0.998
image_5.jpg,2204,4294,4182,4406,2092,2316,224,GR_ulva,green_algae_ulva,GR_ulva,1
image_5.jpg,2582,4294,4182,4406,2470,2694,224,SU_sand,sand_fine_shell,SU_sand,1
image_5.jpg,2961,4294,4182,4406,2849,3073,224,SU_bould,boulder,manual_update,1
image_5.jpg,3339,4294,4182,4406,3227,3451,224,RE_fil,red_algae_filamentous,manual_update,1
image_5.jpg,3718,4294,4182,4406,3606,3830,224,RE_fil,red_algae_filamentous,manual_update,1
image_6.jpg,312,312,200,424,200,424,224,unknown,unknown_area,manual_update,1
image_6.jpg,733,312,200,424,621,845,224,unknown,unknown_area,unknown,0.986
image_6.jpg,1154,312,200,424,1042,1266,224,unknown,unknown_area,manual_update,1
image_6.jpg,1575,312,200,424,1463,1687,224,unknown,unknown_area,manual_update,1
image_6.jpg,1996,312,200,424,1884,2108,224,unknown,unknown_area,manual_update,1
image_6.jpg,2417,312,200,424,2305,2529,224,unknown,unknown_area,manual_update,1
image_6.jpg,2838,312,200,424,2726,2950,224,unknown,unknown_area,manual_update,1
image_6.jpg,3259,312,200,424,3147,3371,224,unknown,unknown_area,manual_update,1
image_6.jpg,3680,312,200,424,3568,3792,224,unknown,unknown_area,manual_update,1
image_6.jpg,4101,312,200,424,3989,4213,224,unknown,unknown_area,manual_update,1
image_6.jpg,312,803,691,915,200,424,224,KE_sieve,kelp_sieve,manual_update,1
image_6.jpg,733,803,691,915,621,845,224,unknown,unknown_area,manual_update,1
image_6.jpg,1154,803,691,915,1042,1266,224,unknown,unknown_area,unknown,0.503
image_6.jpg,1575,803,691,915,1463,1687,224,unknown,unknown_area,manual_update,1
image_6.jpg,1996,803,691,915,1884,2108,224,unknown,unknown_area,manual_update,1
image_6.jpg,2417,803,691,915,2305,2529,224,unknown,unknown_area,manual_update,1
image_6.jpg,2838,803,691,915,2726,2950,224,unknown,unknown_area,manual_update,1
image_6.jpg,3259,803,691,915,3147,3371,224,unknown,unknown_area,manual_update,1
image_6.jpg,3680,803,691,915,3568,3792,224,unknown,unknown_area,manual_update,1
image_6.jpg,4101,803,691,915,3989,4213,224,unknown,unknown_area,manual_update,1
image_6.jpg,312,1294,1182,1406,200,424,224,KE_sieve,kelp_sieve,manual_update,1
image_6.jpg,733,1294,1182,1406,621,845,224,KE_sieve,kelp_sieve,KE_sieve,0.415
image_6.jpg,1154,1294,1182,1406,1042,1266,224,KE_sieve,kelp_sieve,manual_update,1
image_6.jpg,1575,1294,1182,1406,1463,1687,224,unknown,unknown_area,manual_update,1
image_6.jpg,1996,1294,1182,1406,1884,2108,224,unknown,unknown_area,unknown,0.505
image_6.jpg,2417,1294,1182,1406,2305,2529,224,unknown,unknown_area,manual_update,1
image_6.jpg,2838,1294,1182,1406,2726,2950,224,unknown,unknown_area,manual_update,1
image_6.jpg,3259,1294,1182,1406,3147,3371,224,unknown,unknown_area,manual_update,1
image_6.jpg,3680,1294,1182,1406,3568,3792,224,unknown,unknown_area,manual_update,1
image_6.jpg,4101,1294,1182,1406,3989,4213,224,unknown,unknown_area,manual_update,1
image_6.jpg,312,1785,1673,1897,200,424,224,KE_sieve,kelp_sieve,KE_sieve,0.999
image_6.jpg,733,1785,1673,1897,621,845,224,KE_sieve,kelp_sieve,KE_sieve,0.982
image_6.jpg,1154,1785,1673,1897,1042,1266,224,KE_sieve,kelp_sieve,KE_sieve,1
image_6.jpg,1575,1785,1673,1897,1463,1687,224,KE_sieve,kelp_sieve,KE_sieve,0.999
image_6.jpg,1996,1785,1673,1897,1884,2108,224,KE_sieve,kelp_sieve,KE_sieve,0.314
image_6.jpg,2417,1785,1673,1897,2305,2529,224,SU_bould,boulder,SU_bould,0.864
image_6.jpg,2838,1785,1673,1897,2726,2950,224,SU_bould,boulder,manual_update,1
image_6.jpg,3259,1785,1673,1897,3147,3371,224,SU_bould,boulder,SU_bould,0.985
image_6.jpg,3680,1785,1673,1897,3568,3792,224,RE_fil,red_algae_filamentous,RE_fil,1
image_6.jpg,4101,1785,1673,1897,3989,4213,224,unknown,unknown_area,manual_update,1
image_6.jpg,312,2276,2164,2388,200,424,224,RE_fil,red_algae_filamentous,manual_update,1
image_6.jpg,733,2276,2164,2388,621,845,224,KE_sieve,kelp_sieve,KE_sieve,1
image_6.jpg,1154,2276,2164,2388,1042,1266,224,KE_sieve,kelp_sieve,KE_sieve,1
image_6.jpg,1575,2276,2164,2388,1463,1687,224,KE_sieve,kelp_sieve,manual_update,1
image_6.jpg,1996,2276,2164,2388,1884,2108,224,SU_bould,boulder,manual_update,1
image_6.jpg,2417,2276,2164,2388,2305,2529,224,RE_fil,red_algae_filamentous,RE_fil,0.974
image_6.jpg,2838,2276,2164,2388,2726,2950,224,SU_bould,boulder,manual_update,1
image_6.jpg,3259,2276,2164,2388,3147,3371,224,SU_bould,boulder,manual_update,1
image_6.jpg,3680,2276,2164,2388,3568,3792,224,SU_bould,boulder,SU_bould,0.996
image_6.jpg,4101,2276,2164,2388,3989,4213,224,KE_sieve,kelp_sieve,KE_sieve,0.859
image_6.jpg,312,2767,2655,2879,200,424,224,RE_fil,red_algae_filamentous,RE_fil,0.913
image_6.jpg,733,2767,2655,2879,621,845,224,SU_bould,boulder,SU_bould,0.986
image_6.jpg,1154,2767,2655,2879,1042,1266,224,KE_sieve,kelp_sieve,KE_sieve,1
image_6.jpg,1575,2767,2655,2879,1463,1687,224,KE_sieve,kelp_sieve,KE_sieve,0.998
image_6.jpg,1996,2767,2655,2879,1884,2108,224,KE_sieve,kelp_sieve,KE_sieve,0.443
image_6.jpg,2417,2767,2655,2879,2305,2529,224,KE_sieve,kelp_sieve,KE_sieve,0.952
image_6.jpg,2838,2767,2655,2879,2726,2950,224,RE_fil,red_algae_filamentous,RE_fil,1
image_6.jpg,3259,2767,2655,2879,3147,3371,224,SU_bould,boulder,manual_update,1
image_6.jpg,3680,2767,2655,2879,3568,3792,224,SU_bould,boulder,manual_update,1
image_6.jpg,4101,2767,2655,2879,3989,4213,224,KE_sieve,kelp_sieve,KE_sieve,1
image_6.jpg,312,3258,3146,3370,200,424,224,KE_sieve,kelp_sieve,KE_sieve,1
image_6.jpg,733,3258,3146,3370,621,845,224,KE_sieve,kelp_sieve,manual_update,1
image_6.jpg,1154,3258,3146,3370,1042,1266,224,KE_sieve,kelp_sieve,KE_sieve,0.987
image_6.jpg,1575,3258,3146,3370,1463,1687,224,KE_sieve,kelp_sieve,KE_sieve,1
image_6.jpg,1996,3258,3146,3370,1884,2108,224,KE_sieve,kelp_sieve,KE_sieve,1
image_6.jpg,2417,3258,3146,3370,2305,2529,224,KE_sieve,kelp_sieve,manual_update,1
image_6.jpg,2838,3258,3146,3370,2726,2950,224,RE_CCA,red_algae_encrusting_CCA,RE_CCA,0.824
image_6.jpg,3259,3258,3146,3370,3147,3371,224,KE_sieve,kelp_sieve,KE_sieve,0.999
image_6.jpg,3680,3258,3146,3370,3568,3792,224,KE_sieve,kelp_sieve,manual_update,1
image_6.jpg,4101,3258,3146,3370,3989,4213,224,RE_CCA,red_algae_encrusting_CCA,manual_update,1
image_6.jpg,312,3749,3637,3861,200,424,224,KE_sieve,kelp_sieve,KE_sieve,0.813
image_6.jpg,733,3749,3637,3861,621,845,224,BR_sarg,brown_algae_sargassum,BR_sarg,0.997
image_6.jpg,1154,3749,3637,3861,1042,1266,224,KE_sieve,kelp_sieve,KE_sieve,0.989
image_6.jpg,1575,3749,3637,3861,1463,1687,224,KE_sieve,kelp_sieve,KE_sieve,0.998
image_6.jpg,1996,3749,3637,3861,1884,2108,224,KE_sieve,kelp_sieve,KE_sieve,0.991
image_6.jpg,2417,3749,3637,3861,2305,2529,224,KE_sieve,kelp_sieve,KE_sieve,1
image_6.jpg,2838,3749,3637,3861,2726,2950,224,KE_sieve,kelp_sieve,manual_update,1
image_6.jpg,3259,3749,3637,3861,3147,3371,224,KE_sieve,kelp_sieve,KE_sieve,0.999
image_6.jpg,3680,3749,3637,3861,3568,3792,224,SU_bould,boulder,SU_bould,0.95
image_6.jpg,4101,3749,3637,3861,3989,4213,224,SU_bould,boulder,SU_bould,0.904
image_6.jpg,312,4240,4128,4352,200,424,224,KE_sieve,kelp_sieve,KE_sieve,1
image_6.jpg,733,4240,4128,4352,621,845,224,KE_sieve,kelp_sieve,KE_sieve,0.913
image_6.jpg,1154,4240,4128,4352,1042,1266,224,KE_sieve,kelp_sieve,KE_sieve,0.761
image_6.jpg,1575,4240,4128,4352,1463,1687,224,KE_5rib,kelp_five_rib,KE_5rib,0.756
image_6.jpg,1996,4240,4128,4352,1884,2108,224,KE_sieve,kelp_sieve,KE_sieve,0.998
image_6.jpg,2417,4240,4128,4352,2305,2529,224,KE_sieve,kelp_sieve,manual_update,1
image_6.jpg,2838,4240,4128,4352,2726,2950,224,SU_bould,boulder,manual_update,1
image_6.jpg,3259,4240,4128,4352,3147,3371,224,SU_bould,boulder,SU_bould,0.998
image_6.jpg,3680,4240,4128,4352,3568,3792,224,SU_bould,boulder,SU_bould,1
image_6.jpg,4101,4240,4128,4352,3989,4213,224,SU_bould,boulder,SU_bould,0.469
image_6.jpg,312,4732,4620,4844,200,424,224,unknown,unknown_area,manual_update,1
image_6.jpg,733,4732,4620,4844,621,845,224,unknown,unknown_area,manual_update,1
image_6.jpg,1154,4732,4620,4844,1042,1266,224,KE_sieve,kelp_sieve,manual_update,1
image_6.jpg,1575,4732,4620,4844,1463,1687,224,RE_CCA,red_algae_encrusting_CCA,manual_update,1
image_6.jpg,1996,4732,4620,4844,1884,2108,224,SU_bould,boulder,SU_bould,1
image_6.jpg,2417,4732,4620,4844,2305,2529,224,KE_sieve,kelp_sieve,KE_sieve,0.996
image_6.jpg,2838,4732,4620,4844,2726,2950,224,KE_sieve,kelp_sieve,manual_update,1
image_6.jpg,3259,4732,4620,4844,3147,3371,224,BR_encrust,brown_algae_encrusting,manual_update,1
image_6.jpg,3680,4732,4620,4844,3568,3792,224,SU_bould,boulder,manual_update,1
image_6.jpg,4101,4732,4620,4844,3989,4213,224,SU_bould,boulder,manual_update,1
image_7.jpg,312,312,200,424,200,424,224,unknown,unknown_area,manual_update,1
image_7.jpg,690,312,200,424,578,802,224,unknown,unknown_area,manual_update,1
image_7.jpg,1068,312,200,424,956,1180,224,unknown,unknown_area,unknown,0.931
image_7.jpg,1447,312,200,424,1335,1559,224,unknown,unknown_area,manual_update,1
image_7.jpg,1825,312,200,424,1713,1937,224,unknown,unknown_area,unknown,1
image_7.jpg,2204,312,200,424,2092,2316,224,unknown,unknown_area,unknown,0.996
image_7.jpg,2582,312,200,424,2470,2694,224,unknown,unknown_area,unknown,0.991
image_7.jpg,2961,312,200,424,2849,3073,224,unknown,unknown_area,unknown,1
image_7.jpg,3339,312,200,424,3227,3451,224,unknown,unknown_area,unknown,0.999
image_7.jpg,3718,312,200,424,3606,3830,224,unknown,unknown_area,unknown,0.997
image_7.jpg,312,754,642,866,200,424,224,unknown,unknown_area,manual_update,1
image_7.jpg,690,754,642,866,578,802,224,unknown,unknown_area,manual_update,1
image_7.jpg,1068,754,642,866,956,1180,224,unknown,unknown_area,manual_update,1
image_7.jpg,1447,754,642,866,1335,1559,224,unknown,unknown_area,manual_update,1
image_7.jpg,1825,754,642,866,1713,1937,224,unknown,unknown_area,unknown,0.83
image_7.jpg,2204,754,642,866,2092,2316,224,unknown,unknown_area,unknown,0.801
image_7.jpg,2582,754,642,866,2470,2694,224,unknown,unknown_area,unknown,0.987
image_7.jpg,2961,754,642,866,2849,3073,224,unknown,unknown_area,unknown,0.999
image_7.jpg,3339,754,642,866,3227,3451,224,unknown,unknown_area,unknown,0.913
image_7.jpg,3718,754,642,866,3606,3830,224,unknown,unknown_area,unknown,0.26
image_7.jpg,312,1196,1084,1308,200,424,224,unknown,unknown_area,manual_update,1
image_7.jpg,690,1196,1084,1308,578,802,224,unknown,unknown_area,manual_update,1
image_7.jpg,1068,1196,1084,1308,956,1180,224,unknown,unknown_area,manual_update,1
image_7.jpg,1447,1196,1084,1308,1335,1559,224,unknown,unknown_area,manual_update,1
image_7.jpg,1825,1196,1084,1308,1713,1937,224,unknown,unknown_area,manual_update,1
image_7.jpg,2204,1196,1084,1308,2092,2316,224,unknown,unknown_area,manual_update,1
image_7.jpg,2582,1196,1084,1308,2470,2694,224,unknown,unknown_area,manual_update,1
image_7.jpg,2961,1196,1084,1308,2849,3073,224,KE_sieve,kelp_sieve,KE_sieve,0.919
image_7.jpg,3339,1196,1084,1308,3227,3451,224,KE_sieve,kelp_sieve,KE_sieve,0.999
image_7.jpg,3718,1196,1084,1308,3606,3830,224,KE_sieve,kelp_sieve,KE_sieve,0.999
image_7.jpg,312,1639,1527,1751,200,424,224,SU_bould,boulder,SU_bould,1
image_7.jpg,690,1639,1527,1751,578,802,224,KE_sieve,kelp_sieve,KE_sieve,1
image_7.jpg,1068,1639,1527,1751,956,1180,224,KE_sieve,kelp_sieve,KE_sieve,0.996
image_7.jpg,1447,1639,1527,1751,1335,1559,224,KE_sieve,kelp_sieve,KE_sieve,0.797
image_7.jpg,1825,1639,1527,1751,1713,1937,224,KE_sieve,kelp_sieve,manual_update,1
image_7.jpg,2204,1639,1527,1751,2092,2316,224,KE_sieve,kelp_sieve,manual_update,1
image_7.jpg,2582,1639,1527,1751,2470,2694,224,KE_sieve,kelp_sieve,manual_update,1
image_7.jpg,2961,1639,1527,1751,2849,3073,224,KE_sieve,kelp_sieve,KE_sieve,1
image_7.jpg,3339,1639,1527,1751,3227,3451,224,KE_sieve,kelp_sieve,KE_sieve,0.998
image_7.jpg,3718,1639,1527,1751,3606,3830,224,KE_sieve,kelp_sieve,manual_update,1
image_7.jpg,312,2081,1969,2193,200,424,224,KE_sieve,kelp_sieve,manual_update,1
image_7.jpg,690,2081,1969,2193,578,802,224,KE_sieve,kelp_sieve,KE_sieve,1
image_7.jpg,1068,2081,1969,2193,956,1180,224,KE_sieve,kelp_sieve,KE_sieve,0.973
image_7.jpg,1447,2081,1969,2193,1335,1559,224,KE_sieve,kelp_sieve,KE_sieve,0.825
image_7.jpg,1825,2081,1969,2193,1713,1937,224,KE_sieve,kelp_sieve,KE_sieve,0.966
image_7.jpg,2204,2081,1969,2193,2092,2316,224,KE_sieve,kelp_sieve,KE_sieve,1
image_7.jpg,2582,2081,1969,2193,2470,2694,224,KE_sieve,kelp_sieve,KE_sieve,0.343
image_7.jpg,2961,2081,1969,2193,2849,3073,224,KE_sieve,kelp_sieve,manual_update,1
image_7.jpg,3339,2081,1969,2193,3227,3451,224,KE_sieve,kelp_sieve,KE_sieve,1
image_7.jpg,3718,2081,1969,2193,3606,3830,224,KE_sieve,kelp_sieve,KE_sieve,0.999
image_7.jpg,312,2524,2412,2636,200,424,224,KE_sieve,kelp_sieve,manual_update,1
image_7.jpg,690,2524,2412,2636,578,802,224,KE_sieve,kelp_sieve,KE_sieve,0.994
image_7.jpg,1068,2524,2412,2636,956,1180,224,KE_sieve,kelp_sieve,KE_sieve,1
image_7.jpg,1447,2524,2412,2636,1335,1559,224,KE_sieve,kelp_sieve,KE_sieve,1
image_7.jpg,1825,2524,2412,2636,1713,1937,224,KE_sieve,kelp_sieve,KE_sieve,1
image_7.jpg,2204,2524,2412,2636,2092,2316,224,KE_sieve,kelp_sieve,KE_sieve,0.998
image_7.jpg,2582,2524,2412,2636,2470,2694,224,KE_sieve,kelp_sieve,KE_sieve,1
image_7.jpg,2961,2524,2412,2636,2849,3073,224,KE_sieve,kelp_sieve,KE_sieve,0.997
image_7.jpg,3339,2524,2412,2636,3227,3451,224,KE_sugar,kelp_sugar,KE_sugar,0.353
image_7.jpg,3718,2524,2412,2636,3606,3830,224,KE_sieve,kelp_sieve,KE_sieve,0.984
image_7.jpg,312,2966,2854,3078,200,424,224,SU_bould,boulder,manual_update,1
image_7.jpg,690,2966,2854,3078,578,802,224,SU_bould,boulder,manual_update,1
image_7.jpg,1068,2966,2854,3078,956,1180,224,KE_sieve,kelp_sieve,KE_sieve,1
image_7.jpg,1447,2966,2854,3078,1335,1559,224,KE_sieve,kelp_sieve,KE_sieve,0.995
image_7.jpg,1825,2966,2854,3078,1713,1937,224,SU_bould,boulder,manual_update,1
image_7.jpg,2204,2966,2854,3078,2092,2316,224,MS,mobile_species,manual_update,1
image_7.jpg,2582,2966,2854,3078,2470,2694,224,KE_sieve,kelp_sieve,KE_sieve,1
image_7.jpg,2961,2966,2854,3078,2849,3073,224,KE_sieve,kelp_sieve,KE_sieve,0.821
image_7.jpg,3339,2966,2854,3078,3227,3451,224,KE_sieve,kelp_sieve,KE_sieve,0.991
image_7.jpg,3718,2966,2854,3078,3606,3830,224,KE_sieve,kelp_sieve,manual_update,1
image_7.jpg,312,3409,3297,3521,200,424,224,RE_CCA,red_algae_encrusting_CCA,RE_CCA,1
image_7.jpg,690,3409,3297,3521,578,802,224,RE_CCA,red_algae_encrusting_CCA,RE_CCA,0.998
image_7.jpg,1068,3409,3297,3521,956,1180,224,KE_sieve,kelp_sieve,KE_sieve,1
image_7.jpg,1447,3409,3297,3521,1335,1559,224,RE_CCA,red_algae_encrusting_CCA,RE_CCA,1
image_7.jpg,1825,3409,3297,3521,1713,1937,224,RE_CCA,red_algae_encrusting_CCA,RE_CCA,0.499
image_7.jpg,2204,3409,3297,3521,2092,2316,224,SU_bould,boulder,manual_update,1
image_7.jpg,2582,3409,3297,3521,2470,2694,224,KE_sieve,kelp_sieve,manual_update,1
image_7.jpg,2961,3409,3297,3521,2849,3073,224,SU_bould,boulder,manual_update,1
image_7.jpg,3339,3409,3297,3521,3227,3451,224,SU_bould,boulder,SU_bould,0.707
image_7.jpg,3718,3409,3297,3521,3606,3830,224,RE_branch,red_algae_branching,RE_branch,0.992
image_7.jpg,312,3851,3739,3963,200,424,224,SU_bould,boulder,SU_bould,0.959
image_7.jpg,690,3851,3739,3963,578,802,224,RE_CCA,red_algae_encrusting_CCA,RE_CCA,1
image_7.jpg,1068,3851,3739,3963,956,1180,224,KE_sieve,kelp_sieve,KE_sieve,1
image_7.jpg,1447,3851,3739,3963,1335,1559,224,KE_sieve,kelp_sieve,KE_sieve,1
image_7.jpg,1825,3851,3739,3963,1713,1937,224,KE_sieve,kelp_sieve,manual_update,1
image_7.jpg,2204,3851,3739,3963,2092,2316,224,RE_fil,red_algae_filamentous,RE_fil,0.997
image_7.jpg,2582,3851,3739,3963,2470,2694,224,KE_sieve,kelp_sieve,manual_update,1
image_7.jpg,2961,3851,3739,3963,2849,3073,224,RE_fil,red_algae_filamentous,RE_fil,1
image_7.jpg,3339,3851,3739,3963,3227,3451,224,RE_branch,red_algae_branching,RE_branch,0.998
image_7.jpg,3718,3851,3739,3963,3606,3830,224,KE_sieve,kelp_sieve,manual_update,1
image_7.jpg,312,4294,4182,4406,200,424,224,SU_bould,boulder,SU_bould,0.999
image_7.jpg,690,4294,4182,4406,578,802,224,SU_bould,boulder,manual_update,1
image_7.jpg,1068,4294,4182,4406,956,1180,224,SU_bould,boulder,manual_update,1
image_7.jpg,1447,4294,4182,4406,1335,1559,224,KE_sieve,kelp_sieve,KE_sieve,0.999
image_7.jpg,1825,4294,4182,4406,1713,1937,224,KE_sieve,kelp_sieve,manual_update,1
image_7.jpg,2204,4294,4182,4406,2092,2316,224,SU_bould,boulder,manual_update,1
image_7.jpg,2582,4294,4182,4406,2470,2694,224,RE_fil,red_algae_filamentous,manual_update,1
image_7.jpg,2961,4294,4182,4406,2849,3073,224,RE_fil,red_algae_filamentous,manual_update,1
image_7.jpg,3339,4294,4182,4406,3227,3451,224,SU_anth,anthropogenic,manual_update,1
image_7.jpg,3718,4294,4182,4406,3606,3830,224,SU_anth,anthropogenic,manual_update,1
image_8.jpg,312,312,200,424,200,424,224,SU_anth,anthropogenic,manual_update,1
image_8.jpg,690,312,200,424,578,802,224,unknown,unknown_area,manual_update,1
image_8.jpg,1068,312,200,424,956,1180,224,unknown,unknown_area,manual_update,1
image_8.jpg,1447,312,200,424,1335,1559,224,unknown,unknown_area,manual_update,1
image_8.jpg,1825,312,200,424,1713,1937,224,unknown,unknown_area,unknown,0.743
image_8.jpg,2204,312,200,424,2092,2316,224,unknown,unknown_area,unknown,0.977
image_8.jpg,2582,312,200,424,2470,2694,224,unknown,unknown_area,unknown,0.904
image_8.jpg,2961,312,200,424,2849,3073,224,unknown,unknown_area,manual_update,1
image_8.jpg,3339,312,200,424,3227,3451,224,unknown,unknown_area,unknown,0.954
image_8.jpg,3718,312,200,424,3606,3830,224,unknown,unknown_area,unknown,0.999
image_8.jpg,312,754,642,866,200,424,224,BR_sarg,brown_algae_sargassum,manual_update,1
image_8.jpg,690,754,642,866,578,802,224,unknown,unknown_area,manual_update,1
image_8.jpg,1068,754,642,866,956,1180,224,unknown,unknown_area,unknown,0.992
image_8.jpg,1447,754,642,866,1335,1559,224,unknown,unknown_area,manual_update,1
image_8.jpg,1825,754,642,866,1713,1937,224,unknown,unknown_area,manual_update,1
image_8.jpg,2204,754,642,866,2092,2316,224,unknown,unknown_area,manual_update,1
image_8.jpg,2582,754,642,866,2470,2694,224,unknown,unknown_area,unknown,0.99
image_8.jpg,2961,754,642,866,2849,3073,224,unknown,unknown_area,manual_update,1
image_8.jpg,3339,754,642,866,3227,3451,224,unknown,unknown_area,manual_update,1
image_8.jpg,3718,754,642,866,3606,3830,224,unknown,unknown_area,unknown,1
image_8.jpg,312,1196,1084,1308,200,424,224,BR_sarg,brown_algae_sargassum,manual_update,1
image_8.jpg,690,1196,1084,1308,578,802,224,BR_sarg,brown_algae_sargassum,BR_sarg,0.997
image_8.jpg,1068,1196,1084,1308,956,1180,224,RE_fil,red_algae_filamentous,manual_update,1
image_8.jpg,1447,1196,1084,1308,1335,1559,224,unknown,unknown_area,manual_update,1
image_8.jpg,1825,1196,1084,1308,1713,1937,224,unknown,unknown_area,manual_update,1
image_8.jpg,2204,1196,1084,1308,2092,2316,224,unknown,unknown_area,unknown,0.999
image_8.jpg,2582,1196,1084,1308,2470,2694,224,unknown,unknown_area,unknown,0.898
image_8.jpg,2961,1196,1084,1308,2849,3073,224,unknown,unknown_area,unknown,0.993
image_8.jpg,3339,1196,1084,1308,3227,3451,224,unknown,unknown_area,unknown,0.966
image_8.jpg,3718,1196,1084,1308,3606,3830,224,unknown,unknown_area,unknown,0.999
image_8.jpg,312,1639,1527,1751,200,424,224,BR_sarg,brown_algae_sargassum,manual_update,1
image_8.jpg,690,1639,1527,1751,578,802,224,SU_bould,boulder,SU_bould,0.982
image_8.jpg,1068,1639,1527,1751,956,1180,224,BR_sarg,brown_algae_sargassum,BR_sarg,1
image_8.jpg,1447,1639,1527,1751,1335,1559,224,GR_ulva,green_algae_ulva,manual_update,1
image_8.jpg,1825,1639,1527,1751,1713,1937,224,BR_sarg,brown_algae_sargassum,BR_sarg,1
image_8.jpg,2204,1639,1527,1751,2092,2316,224,RE_branch,red_algae_branching,RE_branch,1
image_8.jpg,2582,1639,1527,1751,2470,2694,224,RE_branch,red_algae_branching,manual_update,1
image_8.jpg,2961,1639,1527,1751,2849,3073,224,BR_sarg,brown_algae_sargassum,manual_update,1
image_8.jpg,3339,1639,1527,1751,3227,3451,224,unknown,unknown_area,manual_update,1
image_8.jpg,3718,1639,1527,1751,3606,3830,224,unknown,unknown_area,manual_update,1
image_8.jpg,312,2081,1969,2193,200,424,224,RE_CCA,red_algae_encrusting_CCA,RE_CCA,0.994
image_8.jpg,690,2081,1969,2193,578,802,224,GR_ulva,green_algae_ulva,GR_ulva,0.999
image_8.jpg,1068,2081,1969,2193,956,1180,224,GR_ulva,green_algae_ulva,GR_ulva,0.989
image_8.jpg,1447,2081,1969,2193,1335,1559,224,SU_bould,boulder,SU_bould,0.954
image_8.jpg,1825,2081,1969,2193,1713,1937,224,RE_branch,red_algae_branching,RE_branch,0.583
image_8.jpg,2204,2081,1969,2193,2092,2316,224,SU_bould,boulder,SU_bould,0.644
image_8.jpg,2582,2081,1969,2193,2470,2694,224,RE_branch,red_algae_branching,RE_branch,0.985
image_8.jpg,2961,2081,1969,2193,2849,3073,224,RE_leaf,red_algae_flat_leaf,RE_leaf,0.994
image_8.jpg,3339,2081,1969,2193,3227,3451,224,BR_sarg,brown_algae_sargassum,BR_sarg,1
image_8.jpg,3718,2081,1969,2193,3606,3830,224,BR_sarg,brown_algae_sargassum,BR_sarg,0.951
image_8.jpg,312,2524,2412,2636,200,424,224,RE_CCA,red_algae_encrusting_CCA,RE_CCA,1
image_8.jpg,690,2524,2412,2636,578,802,224,BR_sarg,brown_algae_sargassum,BR_sarg,0.999
image_8.jpg,1068,2524,2412,2636,956,1180,224,RE_CCA,red_algae_encrusting_CCA,RE_CCA,0.675
image_8.jpg,1447,2524,2412,2636,1335,1559,224,MS,mobile_species,MS,0.67
image_8.jpg,1825,2524,2412,2636,1713,1937,224,MS,mobile_species,MS,1
image_8.jpg,2204,2524,2412,2636,2092,2316,224,RE_branch,red_algae_branching,RE_branch,1
image_8.jpg,2582,2524,2412,2636,2470,2694,224,SU_bould,boulder,SU_bould,0.889
image_8.jpg,2961,2524,2412,2636,2849,3073,224,BR_sarg,brown_algae_sargassum,BR_sarg,0.977
image_8.jpg,3339,2524,2412,2636,3227,3451,224,BR_sarg,brown_algae_sargassum,BR_sarg,1
image_8.jpg,3718,2524,2412,2636,3606,3830,224,BR_sarg,brown_algae_sargassum,BR_sarg,1
image_8.jpg,312,2966,2854,3078,200,424,224,BR_sarg,brown_algae_sargassum,BR_sarg,0.979
image_8.jpg,690,2966,2854,3078,578,802,224,RE_CCA,red_algae_encrusting_CCA,RE_CCA,0.987
image_8.jpg,1068,2966,2854,3078,956,1180,224,RE_CCA,red_algae_encrusting_CCA,RE_CCA,0.999
image_8.jpg,1447,2966,2854,3078,1335,1559,224,RE_branch,red_algae_branching,RE_branch,0.934
image_8.jpg,1825,2966,2854,3078,1713,1937,224,RE_branch,red_algae_branching,manual_update,1
image_8.jpg,2204,2966,2854,3078,2092,2316,224,RE_branch,red_algae_branching,RE_branch,1
image_8.jpg,2582,2966,2854,3078,2470,2694,224,BR_sarg,brown_algae_sargassum,BR_sarg,0.997
image_8.jpg,2961,2966,2854,3078,2849,3073,224,BR_sarg,brown_algae_sargassum,BR_sarg,1
image_8.jpg,3339,2966,2854,3078,3227,3451,224,BR_sarg,brown_algae_sargassum,BR_sarg,1
image_8.jpg,3718,2966,2854,3078,3606,3830,224,unknown,unknown_area,manual_update,1
image_8.jpg,312,3409,3297,3521,200,424,224,RE_CCA,red_algae_encrusting_CCA,RE_CCA,1
image_8.jpg,690,3409,3297,3521,578,802,224,GR_ulva,green_algae_ulva,GR_ulva,1
image_8.jpg,1068,3409,3297,3521,956,1180,224,GR_ulva,green_algae_ulva,GR_ulva,1
image_8.jpg,1447,3409,3297,3521,1335,1559,224,RE_branch,red_algae_branching,RE_branch,0.451
image_8.jpg,1825,3409,3297,3521,1713,1937,224,RE_branch,red_algae_branching,RE_branch,1
image_8.jpg,2204,3409,3297,3521,2092,2316,224,RE_branch,red_algae_branching,RE_branch,0.986
image_8.jpg,2582,3409,3297,3521,2470,2694,224,RE_branch,red_algae_branching,RE_branch,0.983
image_8.jpg,2961,3409,3297,3521,2849,3073,224,RE_leaf,red_algae_flat_leaf,RE_leaf,1
image_8.jpg,3339,3409,3297,3521,3227,3451,224,RE_fil,red_algae_filamentous,RE_fil,0.999
image_8.jpg,3718,3409,3297,3521,3606,3830,224,unknown,unknown_area,manual_update,1
image_8.jpg,312,3851,3739,3963,200,424,224,GR_ulva,green_algae_ulva,GR_ulva,0.799
image_8.jpg,690,3851,3739,3963,578,802,224,GR_ulva,green_algae_ulva,manual_update,1
image_8.jpg,1068,3851,3739,3963,956,1180,224,RE_CCA,red_algae_encrusting_CCA,RE_CCA,1
image_8.jpg,1447,3851,3739,3963,1335,1559,224,RE_branch,red_algae_branching,manual_update,1
image_8.jpg,1825,3851,3739,3963,1713,1937,224,RE_CCA,red_algae_encrusting_CCA,manual_update,1
image_8.jpg,2204,3851,3739,3963,2092,2316,224,RE_branch,red_algae_branching,RE_branch,0.998
image_8.jpg,2582,3851,3739,3963,2470,2694,224,RE_CCA,red_algae_encrusting_CCA,RE_CCA,0.289
image_8.jpg,2961,3851,3739,3963,2849,3073,224,unknown,unknown_area,manual_update,1
image_8.jpg,3339,3851,3739,3963,3227,3451,224,unknown,unknown_area,manual_update,1
image_8.jpg,3718,3851,3739,3963,3606,3830,224,unknown,unknown_area,unknown,0.621
image_8.jpg,312,4294,4182,4406,200,424,224,GR_ulva,green_algae_ulva,GR_ulva,1
image_8.jpg,690,4294,4182,4406,578,802,224,RE_CCA,red_algae_encrusting_CCA,RE_CCA,1
image_8.jpg,1068,4294,4182,4406,956,1180,224,RE_branch,red_algae_branching,RE_branch,0.554
image_8.jpg,1447,4294,4182,4406,1335,1559,224,RE_branch,red_algae_branching,manual_update,1
image_8.jpg,1825,4294,4182,4406,1713,1937,224,GR_ulva,green_algae_ulva,manual_update,1
image_8.jpg,2204,4294,4182,4406,2092,2316,224,RE_branch,red_algae_branching,manual_update,1
image_8.jpg,2582,4294,4182,4406,2470,2694,224,RE_branch,red_algae_branching,manual_update,1
image_8.jpg,2961,4294,4182,4406,2849,3073,224,unknown,unknown_area,manual_update,1
image_8.jpg,3339,4294,4182,4406,3227,3451,224,unknown,unknown_area,manual_update,1
image_8.jpg,3718,4294,4182,4406,3606,3830,224,unknown,unknown_area,unknown,0.999
image_9.jpg,312,312,200,424,200,424,224,SU_bould,boulder,manual_update,1
image_9.jpg,690,312,200,424,578,802,224,SU_bould,boulder,manual_update,1
image_9.jpg,1068,312,200,424,956,1180,224,SU_bould,boulder,manual_update,1
image_9.jpg,1447,312,200,424,1335,1559,224,SU_peb,pebble,SU_peb,0.988
image_9.jpg,1825,312,200,424,1713,1937,224,SU_peb,pebble,SU_peb,0.809
image_9.jpg,2204,312,200,424,2092,2316,224,SU_peb,pebble,SU_peb,0.779
image_9.jpg,2582,312,200,424,2470,2694,224,GR_ulva,green_algae_ulva,manual_update,1
image_9.jpg,2961,312,200,424,2849,3073,224,SU_peb,pebble,SU_peb,0.995
image_9.jpg,3339,312,200,424,3227,3451,224,MS,mobile_species,MS,1
image_9.jpg,3718,312,200,424,3606,3830,224,MS,mobile_species,MS,1
image_9.jpg,312,754,642,866,200,424,224,SU_peb,pebble,SU_peb,1
image_9.jpg,690,754,642,866,578,802,224,SU_cob,cobble,manual_update,1
image_9.jpg,1068,754,642,866,956,1180,224,SU_peb,pebble,manual_update,1
image_9.jpg,1447,754,642,866,1335,1559,224,MS,mobile_species,MS,1
image_9.jpg,1825,754,642,866,1713,1937,224,SU_bould,boulder,manual_update,1
image_9.jpg,2204,754,642,866,2092,2316,224,SU_bould,boulder,manual_update,1
image_9.jpg,2582,754,642,866,2470,2694,224,SU_bould,boulder,SU_bould,0.415
image_9.jpg,2961,754,642,866,2849,3073,224,SU_bould,boulder,manual_update,1
image_9.jpg,3339,754,642,866,3227,3451,224,SU_peb,pebble,SU_peb,0.992
image_9.jpg,3718,754,642,866,3606,3830,224,SU_cob,cobble,SU_cob,0.907
image_9.jpg,312,1196,1084,1308,200,424,224,SU_cob,cobble,SU_cob,0.992
image_9.jpg,690,1196,1084,1308,578,802,224,SU_peb,pebble,SU_peb,0.892
image_9.jpg,1068,1196,1084,1308,956,1180,224,SU_cob,cobble,SU_cob,0.379
image_9.jpg,1447,1196,1084,1308,1335,1559,224,SU_cob,cobble,manual_update,1
image_9.jpg,1825,1196,1084,1308,1713,1937,224,SU_bould,boulder,manual_update,1
image_9.jpg,2204,1196,1084,1308,2092,2316,224,SU_sand,sand_fine_shell,manual_update,1
image_9.jpg,2582,1196,1084,1308,2470,2694,224,GR_ulva,green_algae_ulva,manual_update,1
image_9.jpg,2961,1196,1084,1308,2849,3073,224,SU_bould,boulder,SU_bould,0.81
image_9.jpg,3339,1196,1084,1308,3227,3451,224,SU_sand,sand_fine_shell,SU_sand,0.878
image_9.jpg,3718,1196,1084,1308,3606,3830,224,SU_bould,boulder,manual_update,1
image_9.jpg,312,1639,1527,1751,200,424,224,SU_peb,pebble,SU_peb,0.972
image_9.jpg,690,1639,1527,1751,578,802,224,SU_peb,pebble,SU_peb,1
image_9.jpg,1068,1639,1527,1751,956,1180,224,SU_peb,pebble,SU_peb,1
image_9.jpg,1447,1639,1527,1751,1335,1559,224,SU_peb,pebble,SU_peb,0.479
image_9.jpg,1825,1639,1527,1751,1713,1937,224,SU_peb,pebble,SU_peb,1
image_9.jpg,2204,1639,1527,1751,2092,2316,224,SU_sand,sand_fine_shell,SU_sand,0.566
image_9.jpg,2582,1639,1527,1751,2470,2694,224,GR_ulva,green_algae_ulva,GR_ulva,0.995
image_9.jpg,2961,1639,1527,1751,2849,3073,224,GR_ulva,green_algae_ulva,GR_ulva,1
image_9.jpg,3339,1639,1527,1751,3227,3451,224,GR_ulva,green_algae_ulva,GR_ulva,0.981
image_9.jpg,3718,1639,1527,1751,3606,3830,224,SU_bould,boulder,manual_update,1
image_9.jpg,312,2081,1969,2193,200,424,224,SU_sand,sand_fine_shell,SU_sand,0.499
image_9.jpg,690,2081,1969,2193,578,802,224,SU_sand,sand_fine_shell,SU_sand,0.666
image_9.jpg,1068,2081,1969,2193,956,1180,224,SU_peb,pebble,SU_peb,0.998
image_9.jpg,1447,2081,1969,2193,1335,1559,224,RE_bush,red_algae_bushy,RE_bush,1
image_9.jpg,1825,2081,1969,2193,1713,1937,224,SU_silt,silt,manual_update,1
image_9.jpg,2204,2081,1969,2193,2092,2316,224,SU_peb,pebble,SU_peb,0.998
image_9.jpg,2582,2081,1969,2193,2470,2694,224,SU_cob,cobble,manual_update,1
image_9.jpg,2961,2081,1969,2193,2849,3073,224,SU_sand,sand_fine_shell,manual_update,1
image_9.jpg,3339,2081,1969,2193,3227,3451,224,SU_peb,pebble,SU_peb,1
image_9.jpg,3718,2081,1969,2193,3606,3830,224,unknown,unknown_area,manual_update,1
image_9.jpg,312,2524,2412,2636,200,424,224,SU_cob,cobble,manual_update,1
image_9.jpg,690,2524,2412,2636,578,802,224,SU_silt,silt,SU_silt,1
image_9.jpg,1068,2524,2412,2636,956,1180,224,SU_peb,pebble,manual_update,1
image_9.jpg,1447,2524,2412,2636,1335,1559,224,SU_peb,pebble,SU_peb,0.921
image_9.jpg,1825,2524,2412,2636,1713,1937,224,SU_peb,pebble,SU_peb,1
image_9.jpg,2204,2524,2412,2636,2092,2316,224,SU_peb,pebble,SU_peb,0.998
image_9.jpg,2582,2524,2412,2636,2470,2694,224,SU_peb,pebble,SU_peb,0.49
image_9.jpg,2961,2524,2412,2636,2849,3073,224,SU_peb,pebble,SU_peb,1
image_9.jpg,3339,2524,2412,2636,3227,3451,224,SU_cob,cobble,SU_cob,0.75
image_9.jpg,3718,2524,2412,2636,3606,3830,224,SU_cob,cobble,manual_update,1
image_9.jpg,312,2966,2854,3078,200,424,224,SU_peb,pebble,manual_update,1
image_9.jpg,690,2966,2854,3078,578,802,224,SU_peb,pebble,SU_peb,0.977
image_9.jpg,1068,2966,2854,3078,956,1180,224,SU_peb,pebble,SU_peb,0.999
image_9.jpg,1447,2966,2854,3078,1335,1559,224,SU_peb,pebble,SU_peb,0.999
image_9.jpg,1825,2966,2854,3078,1713,1937,224,SU_peb,pebble,SU_peb,0.691
image_9.jpg,2204,2966,2854,3078,2092,2316,224,MS,mobile_species,MS,1
image_9.jpg,2582,2966,2854,3078,2470,2694,224,SU_peb,pebble,manual_update,1
image_9.jpg,2961,2966,2854,3078,2849,3073,224,SU_sand,sand_fine_shell,SU_sand,0.99
image_9.jpg,3339,2966,2854,3078,3227,3451,224,SU_bould,boulder,manual_update,1
image_9.jpg,3718,2966,2854,3078,3606,3830,224,SU_peb,pebble,manual_update,1
image_9.jpg,312,3409,3297,3521,200,424,224,SU_peb,pebble,SU_peb,0.951
image_9.jpg,690,3409,3297,3521,578,802,224,SU_peb,pebble,SU_peb,0.962
image_9.jpg,1068,3409,3297,3521,956,1180,224,SU_bould,boulder,SU_bould,0.853
image_9.jpg,1447,3409,3297,3521,1335,1559,224,SU_bould,boulder,manual_update,1
image_9.jpg,1825,3409,3297,3521,1713,1937,224,SU_bould,boulder,manual_update,1
image_9.jpg,2204,3409,3297,3521,2092,2316,224,MS,mobile_species,MS,1
image_9.jpg,2582,3409,3297,3521,2470,2694,224,MS,mobile_species,MS,0.984
image_9.jpg,2961,3409,3297,3521,2849,3073,224,SU_peb,pebble,manual_update,1
image_9.jpg,3339,3409,3297,3521,3227,3451,224,SU_cob,cobble,manual_update,1
image_9.jpg,3718,3409,3297,3521,3606,3830,224,SU_sand,sand_fine_shell,SU_sand,0.994
image_9.jpg,312,3851,3739,3963,200,424,224,SU_cob,cobble,SU_cob,0.856
image_9.jpg,690,3851,3739,3963,578,802,224,SU_cob,cobble,manual_update,1
image_9.jpg,1068,3851,3739,3963,956,1180,224,SU_silt,silt,SU_silt,0.975
image_9.jpg,1447,3851,3739,3963,1335,1559,224,SU_sand,sand_fine_shell,SU_sand,0.836
image_9.jpg,1825,3851,3739,3963,1713,1937,224,SU_silt,silt,SU_silt,0.999
image_9.jpg,2204,3851,3739,3963,2092,2316,224,SU_silt,silt,SU_silt,1
image_9.jpg,2582,3851,3739,3963,2470,2694,224,SU_silt,silt,SU_silt,0.565
image_9.jpg,2961,3851,3739,3963,2849,3073,224,SU_peb,pebble,SU_peb,0.732
image_9.jpg,3339,3851,3739,3963,3227,3451,224,SU_cob,cobble,manual_update,1
image_9.jpg,3718,3851,3739,3963,3606,3830,224,SU_cob,cobble,manual_update,1
image_9.jpg,312,4294,4182,4406,200,424,224,SU_bould,boulder,manual_update,1
image_9.jpg,690,4294,4182,4406,578,802,224,SU_silt,silt,manual_update,1
image_9.jpg,1068,4294,4182,4406,956,1180,224,SU_silt,silt,SU_silt,0.997
image_9.jpg,1447,4294,4182,4406,1335,1559,224,SU_cob,cobble,manual_update,1
image_9.jpg,1825,4294,4182,4406,1713,1937,224,SU_silt,silt,SU_silt,0.893
image_9.jpg,2204,4294,4182,4406,2092,2316,224,SU_silt,silt,SU_silt,0.998
image_9.jpg,2582,4294,4182,4406,2470,2694,224,SU_sand,sand_fine_shell,SU_sand,0.587
image_9.jpg,2961,4294,4182,4406,2849,3073,224,unknown,unknown_area,manual_update,1
image_9.jpg,3339,4294,4182,4406,3227,3451,224,SU_bould,boulder,SU_bould,0.929
image_9.jpg,3718,4294,4182,4406,3606,3830,224,SU_silt,silt,manual_update,1
image_10.jpg,312,312,200,424,200,424,224,SU_cob,cobble,manual_update,1
image_10.jpg,690,312,200,424,578,802,224,SU_cob,cobble,manual_update,1
image_10.jpg,1068,312,200,424,956,1180,224,SU_shell,shell_hash,SU_shell,0.751
image_10.jpg,1447,312,200,424,1335,1559,224,SU_sand,sand_fine_shell,SU_sand,0.996
image_10.jpg,1825,312,200,424,1713,1937,224,SU_sand,sand_fine_shell,SU_sand,0.536
image_10.jpg,2204,312,200,424,2092,2316,224,SU_cob,cobble,SU_cob,0.542
image_10.jpg,2582,312,200,424,2470,2694,224,SU_peb,pebble,SU_peb,1
image_10.jpg,2961,312,200,424,2849,3073,224,SU_cob,cobble,manual_update,1
image_10.jpg,3339,312,200,424,3227,3451,224,SU_peb,pebble,SU_peb,0.858
image_10.jpg,3718,312,200,424,3606,3830,224,SU_cob,cobble,SU_cob,0.918
image_10.jpg,312,754,642,866,200,424,224,SU_peb,pebble,SU_peb,0.999
image_10.jpg,690,754,642,866,578,802,224,SU_peb,pebble,SU_peb,1
image_10.jpg,1068,754,642,866,956,1180,224,SU_cob,cobble,SU_cob,0.543
image_10.jpg,1447,754,642,866,1335,1559,224,SU_silt,silt,SU_silt,0.826
image_10.jpg,1825,754,642,866,1713,1937,224,SU_peb,pebble,SU_peb,1
image_10.jpg,2204,754,642,866,2092,2316,224,SU_peb,pebble,SU_peb,1
image_10.jpg,2582,754,642,866,2470,2694,224,SU_peb,pebble,SU_peb,1
image_10.jpg,2961,754,642,866,2849,3073,224,SI,sessile_invert,manual_update,1
image_10.jpg,3339,754,642,866,3227,3451,224,SU_peb,pebble,SU_peb,0.999
image_10.jpg,3718,754,642,866,3606,3830,224,SU_sand,sand_fine_shell,SU_sand,0.996
image_10.jpg,312,1196,1084,1308,200,424,224,SU_cob,cobble,SU_cob,0.912
image_10.jpg,690,1196,1084,1308,578,802,224,SU_peb,pebble,manual_update,1
image_10.jpg,1068,1196,1084,1308,956,1180,224,SU_sand,sand_fine_shell,manual_update,1
image_10.jpg,1447,1196,1084,1308,1335,1559,224,SU_peb,pebble,SU_peb,0.999
image_10.jpg,1825,1196,1084,1308,1713,1937,224,SU_sand,sand_fine_shell,SU_sand,1
image_10.jpg,2204,1196,1084,1308,2092,2316,224,SU_cob,cobble,manual_update,1
image_10.jpg,2582,1196,1084,1308,2470,2694,224,SU_cob,cobble,manual_update,1
image_10.jpg,2961,1196,1084,1308,2849,3073,224,RE_branch,red_algae_branching,manual_update,1
image_10.jpg,3339,1196,1084,1308,3227,3451,224,SU_sand,sand_fine_shell,manual_update,1
image_10.jpg,3718,1196,1084,1308,3606,3830,224,SU_peb,pebble,SU_peb,0.906
image_10.jpg,312,1639,1527,1751,200,424,224,SU_sand,sand_fine_shell,SU_sand,0.995
image_10.jpg,690,1639,1527,1751,578,802,224,SU_peb,pebble,SU_peb,0.819
image_10.jpg,1068,1639,1527,1751,956,1180,224,SU_cob,cobble,manual_update,1
image_10.jpg,1447,1639,1527,1751,1335,1559,224,SU_peb,pebble,manual_update,1
image_10.jpg,1825,1639,1527,1751,1713,1937,224,SU_peb,pebble,SU_peb,0.622
image_10.jpg,2204,1639,1527,1751,2092,2316,224,SU_cob,cobble,manual_update,1
image_10.jpg,2582,1639,1527,1751,2470,2694,224,SU_sand,sand_fine_shell,SU_sand,0.993
image_10.jpg,2961,1639,1527,1751,2849,3073,224,SU_peb,pebble,SU_peb,1
image_10.jpg,3339,1639,1527,1751,3227,3451,224,SU_sand,sand_fine_shell,SU_sand,0.999
image_10.jpg,3718,1639,1527,1751,3606,3830,224,SU_peb,pebble,SU_peb,1
image_10.jpg,312,2081,1969,2193,200,424,224,SU_peb,pebble,SU_peb,0.828
image_10.jpg,690,2081,1969,2193,578,802,224,SU_peb,pebble,SU_peb,1
image_10.jpg,1068,2081,1969,2193,956,1180,224,SU_sand,sand_fine_shell,manual_update,1
image_10.jpg,1447,2081,1969,2193,1335,1559,224,SU_bould,boulder,manual_update,1
image_10.jpg,1825,2081,1969,2193,1713,1937,224,SU_cob,cobble,manual_update,1
image_10.jpg,2204,2081,1969,2193,2092,2316,224,SU_peb,pebble,SU_peb,0.99
image_10.jpg,2582,2081,1969,2193,2470,2694,224,SU_cob,cobble,manual_update,1
image_10.jpg,2961,2081,1969,2193,2849,3073,224,SU_sand,sand_fine_shell,SU_sand,0.99
image_10.jpg,3339,2081,1969,2193,3227,3451,224,SU_peb,pebble,SU_peb,1
image_10.jpg,3718,2081,1969,2193,3606,3830,224,SU_sand,sand_fine_shell,SU_sand,0.994
image_10.jpg,312,2524,2412,2636,200,424,224,SU_sand,sand_fine_shell,SU_sand,1
image_10.jpg,690,2524,2412,2636,578,802,224,SU_sand,sand_fine_shell,SU_sand,1
image_10.jpg,1068,2524,2412,2636,956,1180,224,SU_peb,pebble,SU_peb,0.488
image_10.jpg,1447,2524,2412,2636,1335,1559,224,SU_peb,pebble,SU_peb,1
image_10.jpg,1825,2524,2412,2636,1713,1937,224,SU_cob,cobble,manual_update,1
image_10.jpg,2204,2524,2412,2636,2092,2316,224,SU_peb,pebble,SU_peb,1
image_10.jpg,2582,2524,2412,2636,2470,2694,224,SU_sand,sand_fine_shell,SU_sand,0.732
image_10.jpg,2961,2524,2412,2636,2849,3073,224,SU_cob,cobble,SU_cob,0.741
image_10.jpg,3339,2524,2412,2636,3227,3451,224,SU_peb,pebble,SU_peb,1
image_10.jpg,3718,2524,2412,2636,3606,3830,224,SU_peb,pebble,SU_peb,0.982
image_10.jpg,312,2966,2854,3078,200,424,224,SU_cob,cobble,manual_update,1
image_10.jpg,690,2966,2854,3078,578,802,224,SU_peb,pebble,SU_peb,1
image_10.jpg,1068,2966,2854,3078,956,1180,224,SU_peb,pebble,SU_peb,0.995
image_10.jpg,1447,2966,2854,3078,1335,1559,224,SU_cob,cobble,manual_update,1
image_10.jpg,1825,2966,2854,3078,1713,1937,224,SU_cob,cobble,manual_update,1
image_10.jpg,2204,2966,2854,3078,2092,2316,224,SU_sand,sand_fine_shell,manual_update,1
image_10.jpg,2582,2966,2854,3078,2470,2694,224,SU_peb,pebble,SU_peb,1
image_10.jpg,2961,2966,2854,3078,2849,3073,224,SU_peb,pebble,SU_peb,0.996
image_10.jpg,3339,2966,2854,3078,3227,3451,224,SU_peb,pebble,SU_peb,0.999
image_10.jpg,3718,2966,2854,3078,3606,3830,224,SU_peb,pebble,SU_peb,1
image_10.jpg,312,3409,3297,3521,200,424,224,SU_cob,cobble,SU_cob,0.997
image_10.jpg,690,3409,3297,3521,578,802,224,MS,mobile_species,MS,1
image_10.jpg,1068,3409,3297,3521,956,1180,224,SU_peb,pebble,SU_peb,0.743
image_10.jpg,1447,3409,3297,3521,1335,1559,224,SU_cob,cobble,SU_cob,0.615
image_10.jpg,1825,3409,3297,3521,1713,1937,224,SU_cob,cobble,SU_cob,0.928
image_10.jpg,2204,3409,3297,3521,2092,2316,224,SU_peb,pebble,SU_peb,0.998
image_10.jpg,2582,3409,3297,3521,2470,2694,224,SU_peb,pebble,SU_peb,1
image_10.jpg,2961,3409,3297,3521,2849,3073,224,SU_peb,pebble,SU_peb,1
image_10.jpg,3339,3409,3297,3521,3227,3451,224,SU_peb,pebble,SU_peb,0.417
image_10.jpg,3718,3409,3297,3521,3606,3830,224,SU_sand,sand_fine_shell,manual_update,1
image_10.jpg,312,3851,3739,3963,200,424,224,SU_peb,pebble,manual_update,1
image_10.jpg,690,3851,3739,3963,578,802,224,SU_peb,pebble,SU_peb,0.96
image_10.jpg,1068,3851,3739,3963,956,1180,224,SU_peb,pebble,SU_peb,1
image_10.jpg,1447,3851,3739,3963,1335,1559,224,SU_cob,cobble,manual_update,1
image_10.jpg,1825,3851,3739,3963,1713,1937,224,SU_cob,cobble,manual_update,1
image_10.jpg,2204,3851,3739,3963,2092,2316,224,SU_peb,pebble,SU_peb,1
image_10.jpg,2582,3851,3739,3963,2470,2694,224,SU_peb,pebble,SU_peb,1
image_10.jpg,2961,3851,3739,3963,2849,3073,224,SU_peb,pebble,SU_peb,1
image_10.jpg,3339,3851,3739,3963,3227,3451,224,SU_cob,cobble,manual_update,1
image_10.jpg,3718,3851,3739,3963,3606,3830,224,SU_sand,sand_fine_shell,manual_update,1
image_10.jpg,312,4294,4182,4406,200,424,224,unknown,unknown_area,manual_update,1
image_10.jpg,690,4294,4182,4406,578,802,224,SU_peb,pebble,SU_peb,1
image_10.jpg,1068,4294,4182,4406,956,1180,224,SU_peb,pebble,SU_peb,1
image_10.jpg,1447,4294,4182,4406,1335,1559,224,SU_peb,pebble,SU_peb,0.958
image_10.jpg,1825,4294,4182,4406,1713,1937,224,SU_cob,cobble,SU_cob,0.906
image_10.jpg,2204,4294,4182,4406,2092,2316,224,SU_cob,cobble,SU_cob,0.981
image_10.jpg,2582,4294,4182,4406,2470,2694,224,SU_peb,pebble,SU_peb,1
image_10.jpg,2961,4294,4182,4406,2849,3073,224,SU_peb,pebble,SU_peb,1
image_10.jpg,3339,4294,4182,4406,3227,3451,224,SU_peb,pebble,SU_peb,0.94
image_10.jpg,3718,4294,4182,4406,3606,3830,224,SU_cob,cobble,manual_update,1
image_11.jpg,312,312,200,424,200,424,224,RE_CCA,red_algae_encrusting_CCA,RE_CCA,1
image_11.jpg,690,312,200,424,578,802,224,RE_CCA,red_algae_encrusting_CCA,RE_CCA,0.867
image_11.jpg,1068,312,200,424,956,1180,224,RE_CCA,red_algae_encrusting_CCA,RE_CCA,1
image_11.jpg,1447,312,200,424,1335,1559,224,RE_CCA,red_algae_encrusting_CCA,manual_update,1
image_11.jpg,1825,312,200,424,1713,1937,224,SU_bould,boulder,manual_update,1
image_11.jpg,2204,312,200,424,2092,2316,224,RE_CCA,red_algae_encrusting_CCA,RE_CCA,1
image_11.jpg,2582,312,200,424,2470,2694,224,RE_CCA,red_algae_encrusting_CCA,RE_CCA,1
image_11.jpg,2961,312,200,424,2849,3073,224,RE_CCA,red_algae_encrusting_CCA,RE_CCA,1
image_11.jpg,3339,312,200,424,3227,3451,224,RE_CCA,red_algae_encrusting_CCA,RE_CCA,0.793
image_11.jpg,3718,312,200,424,3606,3830,224,RE_CCA,red_algae_encrusting_CCA,RE_CCA,0.996
image_11.jpg,312,754,642,866,200,424,224,RE_CCA,red_algae_encrusting_CCA,RE_CCA,0.593
image_11.jpg,690,754,642,866,578,802,224,SU_bould,boulder,SU_bould,0.856
image_11.jpg,1068,754,642,866,956,1180,224,RE_fil,red_algae_filamentous,RE_fil,0.525
image_11.jpg,1447,754,642,866,1335,1559,224,RE_CCA,red_algae_encrusting_CCA,RE_CCA,0.706
image_11.jpg,1825,754,642,866,1713,1937,224,RE_CCA,red_algae_encrusting_CCA,RE_CCA,1
image_11.jpg,2204,754,642,866,2092,2316,224,RE_CCA,red_algae_encrusting_CCA,RE_CCA,1
image_11.jpg,2582,754,642,866,2470,2694,224,RE_CCA,red_algae_encrusting_CCA,RE_CCA,1
image_11.jpg,2961,754,642,866,2849,3073,224,RE_CCA,red_algae_encrusting_CCA,RE_CCA,1
image_11.jpg,3339,754,642,866,3227,3451,224,RE_CCA,red_algae_encrusting_CCA,RE_CCA,0.994
image_11.jpg,3718,754,642,866,3606,3830,224,RE_CCA,red_algae_encrusting_CCA,RE_CCA,0.995
image_11.jpg,312,1196,1084,1308,200,424,224,RE_CCA,red_algae_encrusting_CCA,RE_CCA,0.998
image_11.jpg,690,1196,1084,1308,578,802,224,SU_bould,boulder,SU_bould,0.999
image_11.jpg,1068,1196,1084,1308,956,1180,224,SU_bould,boulder,manual_update,1
image_11.jpg,1447,1196,1084,1308,1335,1559,224,SU_bould,boulder,manual_update,1
image_11.jpg,1825,1196,1084,1308,1713,1937,224,RE_branch,red_algae_branching,RE_branch,0.84
image_11.jpg,2204,1196,1084,1308,2092,2316,224,RE_fil,red_algae_filamentous,RE_fil,0.991
image_11.jpg,2582,1196,1084,1308,2470,2694,224,RE_CCA,red_algae_encrusting_CCA,RE_CCA,0.778
image_11.jpg,2961,1196,1084,1308,2849,3073,224,RE_CCA,red_algae_encrusting_CCA,RE_CCA,0.998
image_11.jpg,3339,1196,1084,1308,3227,3451,224,RE_CCA,red_algae_encrusting_CCA,RE_CCA,0.999
image_11.jpg,3718,1196,1084,1308,3606,3830,224,RE_CCA,red_algae_encrusting_CCA,RE_CCA,0.901
image_11.jpg,312,1639,1527,1751,200,424,224,SU_bould,boulder,SU_bould,0.998
image_11.jpg,690,1639,1527,1751,578,802,224,RE_CCA,red_algae_encrusting_CCA,RE_CCA,1
image_11.jpg,1068,1639,1527,1751,956,1180,224,SU_bould,boulder,SU_bould,1
image_11.jpg,1447,1639,1527,1751,1335,1559,224,SU_bould,boulder,SU_bould,0.997
image_11.jpg,1825,1639,1527,1751,1713,1937,224,SU_bould,boulder,manual_update,1
image_11.jpg,2204,1639,1527,1751,2092,2316,224,unknown,unknown_area,manual_update,1
image_11.jpg,2582,1639,1527,1751,2470,2694,224,RE_fil,red_algae_filamentous,manual_update,1
image_11.jpg,2961,1639,1527,1751,2849,3073,224,RE_fil,red_algae_filamentous,manual_update,1
image_11.jpg,3339,1639,1527,1751,3227,3451,224,RE_CCA,red_algae_encrusting_CCA,RE_CCA,1
image_11.jpg,3718,1639,1527,1751,3606,3830,224,RE_fil,red_algae_filamentous,manual_update,1
image_11.jpg,312,2081,1969,2193,200,424,224,SU_bould,boulder,SU_bould,0.728
image_11.jpg,690,2081,1969,2193,578,802,224,SU_bould,boulder,SU_bould,0.973
image_11.jpg,1068,2081,1969,2193,956,1180,224,RE_CCA,red_algae_encrusting_CCA,RE_CCA,1
image_11.jpg,1447,2081,1969,2193,1335,1559,224,RE_CCA,red_algae_encrusting_CCA,RE_CCA,1
image_11.jpg,1825,2081,1969,2193,1713,1937,224,SU_bould,boulder,SU_bould,0.998
image_11.jpg,2204,2081,1969,2193,2092,2316,224,RE_CCA,red_algae_encrusting_CCA,RE_CCA,1
image_11.jpg,2582,2081,1969,2193,2470,2694,224,RE_fil,red_algae_filamentous,RE_fil,0.993
image_11.jpg,2961,2081,1969,2193,2849,3073,224,RE_fil,red_algae_filamentous,RE_fil,0.633
image_11.jpg,3339,2081,1969,2193,3227,3451,224,RE_fil,red_algae_filamentous,RE_fil,0.582
image_11.jpg,3718,2081,1969,2193,3606,3830,224,RE_fil,red_algae_filamentous,RE_fil,0.998
image_11.jpg,312,2524,2412,2636,200,424,224,RE_CCA,red_algae_encrusting_CCA,RE_CCA,0.943
image_11.jpg,690,2524,2412,2636,578,802,224,RE_CCA,red_algae_encrusting_CCA,RE_CCA,1
image_11.jpg,1068,2524,2412,2636,956,1180,224,RE_CCA,red_algae_encrusting_CCA,RE_CCA,0.971
image_11.jpg,1447,2524,2412,2636,1335,1559,224,SU_bould,boulder,SU_bould,0.673
image_11.jpg,1825,2524,2412,2636,1713,1937,224,SU_bould,boulder,SU_bould,1
image_11.jpg,2204,2524,2412,2636,2092,2316,224,SU_bould,boulder,SU_bould,0.868
image_11.jpg,2582,2524,2412,2636,2470,2694,224,RE_fil,red_algae_filamentous,RE_fil,0.958
image_11.jpg,2961,2524,2412,2636,2849,3073,224,RE_fil,red_algae_filamentous,RE_fil,0.967
image_11.jpg,3339,2524,2412,2636,3227,3451,224,SU_bould,boulder,SU_bould,0.993
image_11.jpg,3718,2524,2412,2636,3606,3830,224,RE_fil,red_algae_filamentous,RE_fil,0.961
image_11.jpg,312,2966,2854,3078,200,424,224,SU_bould,boulder,SU_bould,0.848
image_11.jpg,690,2966,2854,3078,578,802,224,SU_bould,boulder,SU_bould,0.994
image_11.jpg,1068,2966,2854,3078,956,1180,224,RE_CCA,red_algae_encrusting_CCA,RE_CCA,0.91
image_11.jpg,1447,2966,2854,3078,1335,1559,224,RE_CCA,red_algae_encrusting_CCA,RE_CCA,0.991
image_11.jpg,1825,2966,2854,3078,1713,1937,224,RE_CCA,red_algae_encrusting_CCA,RE_CCA,0.95
image_11.jpg,2204,2966,2854,3078,2092,2316,224,SU_bould,boulder,SU_bould,0.886
image_11.jpg,2582,2966,2854,3078,2470,2694,224,RE_CCA,red_algae_encrusting_CCA,RE_CCA,0.61
image_11.jpg,2961,2966,2854,3078,2849,3073,224,SU_bould,boulder,SU_bould,0.997
image_11.jpg,3339,2966,2854,3078,3227,3451,224,unknown,unknown_area,manual_update,1
image_11.jpg,3718,2966,2854,3078,3606,3830,224,RE_fil,red_algae_filamentous,RE_fil,0.992
image_11.jpg,312,3409,3297,3521,200,424,224,SU_bould,boulder,SU_bould,0.997
image_11.jpg,690,3409,3297,3521,578,802,224,RE_CCA,red_algae_encrusting_CCA,RE_CCA,0.639
image_11.jpg,1068,3409,3297,3521,956,1180,224,SU_bould,boulder,SU_bould,0.975
image_11.jpg,1447,3409,3297,3521,1335,1559,224,RE_branch,red_algae_branching,RE_branch,0.699
image_11.jpg,1825,3409,3297,3521,1713,1937,224,RE_CCA,red_algae_encrusting_CCA,RE_CCA,1
image_11.jpg,2204,3409,3297,3521,2092,2316,224,RE_CCA,red_algae_encrusting_CCA,RE_CCA,0.747
image_11.jpg,2582,3409,3297,3521,2470,2694,224,RE_CCA,red_algae_encrusting_CCA,RE_CCA,0.905
image_11.jpg,2961,3409,3297,3521,2849,3073,224,SU_bould,boulder,SU_bould,0.683
image_11.jpg,3339,3409,3297,3521,3227,3451,224,SU_bould,boulder,SU_bould,0.944
image_11.jpg,3718,3409,3297,3521,3606,3830,224,SU_bould,boulder,manual_update,1
image_11.jpg,312,3851,3739,3963,200,424,224,SU_bould,boulder,manual_update,1
image_11.jpg,690,3851,3739,3963,578,802,224,SU_bould,boulder,SU_bould,0.991
image_11.jpg,1068,3851,3739,3963,956,1180,224,RE_CCA,red_algae_encrusting_CCA,manual_update,1
image_11.jpg,1447,3851,3739,3963,1335,1559,224,RE_CCA,red_algae_encrusting_CCA,RE_CCA,0.906
image_11.jpg,1825,3851,3739,3963,1713,1937,224,unknown,unknown_area,manual_update,1
image_11.jpg,2204,3851,3739,3963,2092,2316,224,SU_bould,boulder,SU_bould,0.959
image_11.jpg,2582,3851,3739,3963,2470,2694,224,SU_bould,boulder,SU_bould,0.958
image_11.jpg,2961,3851,3739,3963,2849,3073,224,SU_bould,boulder,SU_bould,0.99
image_11.jpg,3339,3851,3739,3963,3227,3451,224,SU_bould,boulder,SU_bould,0.98
image_11.jpg,3718,3851,3739,3963,3606,3830,224,RE_CCA,red_algae_encrusting_CCA,RE_CCA,0.997
image_11.jpg,312,4294,4182,4406,200,424,224,SU_bould,boulder,manual_update,1
image_11.jpg,690,4294,4182,4406,578,802,224,SU_bould,boulder,SU_bould,0.613
image_11.jpg,1068,4294,4182,4406,956,1180,224,SU_bould,boulder,manual_update,1
image_11.jpg,1447,4294,4182,4406,1335,1559,224,SU_bould,boulder,SU_bould,0.6
image_11.jpg,1825,4294,4182,4406,1713,1937,224,SU_bould,boulder,SU_bould,0.984
image_11.jpg,2204,4294,4182,4406,2092,2316,224,SU_bould,boulder,SU_bould,0.98
image_11.jpg,2582,4294,4182,4406,2470,2694,224,SU_bould,boulder,SU_bould,1
image_11.jpg,2961,4294,4182,4406,2849,3073,224,RE_leaf,red_algae_flat_leaf,RE_leaf,0.573
image_11.jpg,3339,4294,4182,4406,3227,3451,224,SU_bould,boulder,manual_update,1
image_11.jpg,3718,4294,4182,4406,3606,3830,224,unknown,unknown_area,manual_update,1
image_12.jpg,312,312,200,424,200,424,224,SU_sand,sand_fine_shell,SU_sand,0.999
image_12.jpg,690,312,200,424,578,802,224,SU_sand,sand_fine_shell,SU_sand,1
image_12.jpg,1068,312,200,424,956,1180,224,SU_peb,pebble,SU_peb,1
image_12.jpg,1447,312,200,424,1335,1559,224,SU_sand,sand_fine_shell,SU_sand,0.992
image_12.jpg,1825,312,200,424,1713,1937,224,SU_peb,pebble,SU_peb,0.959
image_12.jpg,2204,312,200,424,2092,2316,224,SU_peb,pebble,manual_update,1
image_12.jpg,2582,312,200,424,2470,2694,224,SU_peb,pebble,SU_peb,0.985
image_12.jpg,2961,312,200,424,2849,3073,224,SU_sand,sand_fine_shell,SU_sand,0.979
image_12.jpg,3339,312,200,424,3227,3451,224,SU_peb,pebble,SU_peb,0.896
image_12.jpg,3718,312,200,424,3606,3830,224,SU_peb,pebble,SU_peb,1
image_12.jpg,312,754,642,866,200,424,224,SU_peb,pebble,SU_peb,0.941
image_12.jpg,690,754,642,866,578,802,224,SU_peb,pebble,SU_peb,1
image_12.jpg,1068,754,642,866,956,1180,224,SU_sand,sand_fine_shell,SU_sand,1
image_12.jpg,1447,754,642,866,1335,1559,224,RE_branch,red_algae_branching,RE_branch,0.999
image_12.jpg,1825,754,642,866,1713,1937,224,RE_branch,red_algae_branching,RE_branch,0.995
image_12.jpg,2204,754,642,866,2092,2316,224,SU_peb,pebble,SU_peb,0.851
image_12.jpg,2582,754,642,866,2470,2694,224,SU_peb,pebble,SU_peb,1
image_12.jpg,2961,754,642,866,2849,3073,224,SU_sand,sand_fine_shell,SU_sand,1
image_12.jpg,3339,754,642,866,3227,3451,224,SU_bould,boulder,SU_bould,0.725
image_12.jpg,3718,754,642,866,3606,3830,224,SU_peb,pebble,SU_peb,0.897
image_12.jpg,312,1196,1084,1308,200,424,224,SU_peb,pebble,SU_peb,0.564
image_12.jpg,690,1196,1084,1308,578,802,224,SU_peb,pebble,SU_peb,0.999
image_12.jpg,1068,1196,1084,1308,956,1180,224,SU_peb,pebble,SU_peb,0.758
image_12.jpg,1447,1196,1084,1308,1335,1559,224,RE_branch,red_algae_branching,RE_branch,0.736
image_12.jpg,1825,1196,1084,1308,1713,1937,224,RE_branch,red_algae_branching,RE_branch,1
image_12.jpg,2204,1196,1084,1308,2092,2316,224,RE_branch,red_algae_branching,RE_branch,0.924
image_12.jpg,2582,1196,1084,1308,2470,2694,224,SU_peb,pebble,SU_peb,0.999
image_12.jpg,2961,1196,1084,1308,2849,3073,224,SU_peb,pebble,SU_peb,0.996
image_12.jpg,3339,1196,1084,1308,3227,3451,224,SU_peb,pebble,manual_update,1
image_12.jpg,3718,1196,1084,1308,3606,3830,224,RE_branch,red_algae_branching,manual_update,1
image_12.jpg,312,1639,1527,1751,200,424,224,SU_peb,pebble,SU_peb,0.972
image_12.jpg,690,1639,1527,1751,578,802,224,SU_peb,pebble,SU_peb,0.977
image_12.jpg,1068,1639,1527,1751,956,1180,224,SU_peb,pebble,SU_peb,1
image_12.jpg,1447,1639,1527,1751,1335,1559,224,RE_branch,red_algae_branching,RE_branch,0.997
image_12.jpg,1825,1639,1527,1751,1713,1937,224,RE_branch,red_algae_branching,manual_update,1
image_12.jpg,2204,1639,1527,1751,2092,2316,224,SU_cob,cobble,manual_update,1
image_12.jpg,2582,1639,1527,1751,2470,2694,224,SU_peb,pebble,SU_peb,0.999
image_12.jpg,2961,1639,1527,1751,2849,3073,224,RE_leaf,red_algae_flat_leaf,RE_leaf,0.999
image_12.jpg,3339,1639,1527,1751,3227,3451,224,RE_leaf,red_algae_flat_leaf,RE_leaf,0.907
image_12.jpg,3718,1639,1527,1751,3606,3830,224,SU_cob,cobble,manual_update,1
image_12.jpg,312,2081,1969,2193,200,424,224,SU_peb,pebble,SU_peb,1
image_12.jpg,690,2081,1969,2193,578,802,224,RE_bush,red_algae_bushy,RE_bush,0.864
image_12.jpg,1068,2081,1969,2193,956,1180,224,RE_bush,red_algae_bushy,manual_update,1
image_12.jpg,1447,2081,1969,2193,1335,1559,224,RE_branch,red_algae_branching,RE_branch,1
image_12.jpg,1825,2081,1969,2193,1713,1937,224,SU_bould,boulder,manual_update,1
image_12.jpg,2204,2081,1969,2193,2092,2316,224,SU_bould,boulder,SU_bould,0.996
image_12.jpg,2582,2081,1969,2193,2470,2694,224,SU_sand,sand_fine_shell,SU_sand,0.756
image_12.jpg,2961,2081,1969,2193,2849,3073,224,RE_leaf,red_algae_flat_leaf,manual_update,1
image_12.jpg,3339,2081,1969,2193,3227,3451,224,RE_branch,red_algae_branching,manual_update,1
image_12.jpg,3718,2081,1969,2193,3606,3830,224,SU_bould,boulder,SU_bould,0.921
image_12.jpg,312,2524,2412,2636,200,424,224,RE_leaf,red_algae_flat_leaf,RE_leaf,0.992
image_12.jpg,690,2524,2412,2636,578,802,224,SU_peb,pebble,SU_peb,0.999
image_12.jpg,1068,2524,2412,2636,956,1180,224,SU_sand,sand_fine_shell,SU_sand,0.823
image_12.jpg,1447,2524,2412,2636,1335,1559,224,SU_peb,pebble,SU_peb,1
image_12.jpg,1825,2524,2412,2636,1713,1937,224,SU_bould,boulder,manual_update,1
image_12.jpg,2204,2524,2412,2636,2092,2316,224,SU_bould,boulder,SU_bould,0.564
image_12.jpg,2582,2524,2412,2636,2470,2694,224,RE_leaf,red_algae_flat_leaf,manual_update,1
image_12.jpg,2961,2524,2412,2636,2849,3073,224,SU_bould,boulder,SU_bould,0.826
image_12.jpg,3339,2524,2412,2636,3227,3451,224,SU_bould,boulder,manual_update,1
image_12.jpg,3718,2524,2412,2636,3606,3830,224,SU_peb,pebble,SU_peb,1
image_12.jpg,312,2966,2854,3078,200,424,224,SU_peb,pebble,SU_peb,1
image_12.jpg,690,2966,2854,3078,578,802,224,SU_sand,sand_fine_shell,SU_sand,0.864
image_12.jpg,1068,2966,2854,3078,956,1180,224,RE_branch,red_algae_branching,RE_branch,0.945
image_12.jpg,1447,2966,2854,3078,1335,1559,224,RE_branch,red_algae_branching,manual_update,1
image_12.jpg,1825,2966,2854,3078,1713,1937,224,SU_sand,sand_fine_shell,SU_sand,0.995
image_12.jpg,2204,2966,2854,3078,2092,2316,224,SU_cob,cobble,manual_update,1
image_12.jpg,2582,2966,2854,3078,2470,2694,224,SU_bould,boulder,manual_update,1
image_12.jpg,2961,2966,2854,3078,2849,3073,224,SU_cob,cobble,manual_update,1
image_12.jpg,3339,2966,2854,3078,3227,3451,224,SU_bould,boulder,manual_update,1
image_12.jpg,3718,2966,2854,3078,3606,3830,224,SU_bould,boulder,manual_update,1
image_12.jpg,312,3409,3297,3521,200,424,224,SU_peb,pebble,SU_peb,0.538
image_12.jpg,690,3409,3297,3521,578,802,224,SU_sand,sand_fine_shell,manual_update,1
image_12.jpg,1068,3409,3297,3521,956,1180,224,SU_bould,boulder,manual_update,1
image_12.jpg,1447,3409,3297,3521,1335,1559,224,SU_bould,boulder,manual_update,1
image_12.jpg,1825,3409,3297,3521,1713,1937,224,SU_peb,pebble,SU_peb,0.994
image_12.jpg,2204,3409,3297,3521,2092,2316,224,SU_cob,cobble,manual_update,1
image_12.jpg,2582,3409,3297,3521,2470,2694,224,SU_peb,pebble,SU_peb,1
image_12.jpg,2961,3409,3297,3521,2849,3073,224,SU_peb,pebble,SU_peb,1
image_12.jpg,3339,3409,3297,3521,3227,3451,224,SU_peb,pebble,manual_update,1
image_12.jpg,3718,3409,3297,3521,3606,3830,224,SU_sand,sand_fine_shell,SU_sand,1
image_12.jpg,312,3851,3739,3963,200,424,224,SU_bould,boulder,SU_bould,0.854
image_12.jpg,690,3851,3739,3963,578,802,224,RE_CCA,red_algae_encrusting_CCA,manual_update,1
image_12.jpg,1068,3851,3739,3963,956,1180,224,SU_bould,boulder,manual_update,1
image_12.jpg,1447,3851,3739,3963,1335,1559,224,SU_bould,boulder,manual_update,1
image_12.jpg,1825,3851,3739,3963,1713,1937,224,RE_branch,red_algae_branching,manual_update,1
image_12.jpg,2204,3851,3739,3963,2092,2316,224,RE_branch,red_algae_branching,manual_update,1
image_12.jpg,2582,3851,3739,3963,2470,2694,224,SU_peb,pebble,manual_update,1
image_12.jpg,2961,3851,3739,3963,2849,3073,224,SU_peb,pebble,SU_peb,1
image_12.jpg,3339,3851,3739,3963,3227,3451,224,SU_peb,pebble,SU_peb,0.998
image_12.jpg,3718,3851,3739,3963,3606,3830,224,SU_sand,sand_fine_shell,SU_sand,1
image_12.jpg,312,4294,4182,4406,200,424,224,RE_branch,red_algae_branching,RE_branch,0.997
image_12.jpg,690,4294,4182,4406,578,802,224,SU_bould,boulder,SU_bould,0.965
image_12.jpg,1068,4294,4182,4406,956,1180,224,SU_bould,boulder,manual_update,1
image_12.jpg,1447,4294,4182,4406,1335,1559,224,SU_bould,boulder,SU_bould,0.537
image_12.jpg,1825,4294,4182,4406,1713,1937,224,RE_branch,red_algae_branching,RE_branch,0.903
image_12.jpg,2204,4294,4182,4406,2092,2316,224,RE_branch,red_algae_branching,RE_branch,0.999
image_12.jpg,2582,4294,4182,4406,2470,2694,224,SU_peb,pebble,SU_peb,0.999
image_12.jpg,2961,4294,4182,4406,2849,3073,224,SU_cob,cobble,manual_update,1
image_12.jpg,3339,4294,4182,4406,3227,3451,224,SU_sand,sand_fine_shell,SU_sand,0.993
image_12.jpg,3718,4294,4182,4406,3606,3830,224,SU_peb,pebble,SU_peb,0.997
image_13.jpg,312,312,200,424,200,424,224,SU_silt,silt,SU_silt,1
image_13.jpg,690,312,200,424,578,802,224,SU_sand,sand_fine_shell,SU_sand,1
image_13.jpg,1068,312,200,424,956,1180,224,SU_sand,sand_fine_shell,SU_sand,0.998
image_13.jpg,1447,312,200,424,1335,1559,224,SU_sand,sand_fine_shell,SU_sand,0.897
image_13.jpg,1825,312,200,424,1713,1937,224,RE_leaf,red_algae_flat_leaf,manual_update,1
image_13.jpg,2204,312,200,424,2092,2316,224,RE_leaf,red_algae_flat_leaf,RE_leaf,0.67
image_13.jpg,2582,312,200,424,2470,2694,224,SU_silt,silt,SU_silt,0.954
image_13.jpg,2961,312,200,424,2849,3073,224,SU_silt,silt,SU_silt,0.992
image_13.jpg,3339,312,200,424,3227,3451,224,SU_silt,silt,SU_silt,1
image_13.jpg,3718,312,200,424,3606,3830,224,SU_silt,silt,SU_silt,1
image_13.jpg,312,754,642,866,200,424,224,SU_sand,sand_fine_shell,SU_sand,0.981
image_13.jpg,690,754,642,866,578,802,224,SU_sand,sand_fine_shell,SU_sand,1
image_13.jpg,1068,754,642,866,956,1180,224,RE_bush,red_algae_bushy,RE_bush,0.594
image_13.jpg,1447,754,642,866,1335,1559,224,SU_bould,boulder,manual_update,1
image_13.jpg,1825,754,642,866,1713,1937,224,SU_bould,boulder,manual_update,1
image_13.jpg,2204,754,642,866,2092,2316,224,RE_branch,red_algae_branching,manual_update,1
image_13.jpg,2582,754,642,866,2470,2694,224,SU_silt,silt,SU_silt,1
image_13.jpg,2961,754,642,866,2849,3073,224,SU_sand,sand_fine_shell,SU_sand,0.588
image_13.jpg,3339,754,642,866,3227,3451,224,SU_silt,silt,SU_silt,0.999
image_13.jpg,3718,754,642,866,3606,3830,224,SU_silt,silt,SU_silt,1
image_13.jpg,312,1196,1084,1308,200,424,224,SU_sand,sand_fine_shell,manual_update,1
image_13.jpg,690,1196,1084,1308,578,802,224,RE_leaf,red_algae_flat_leaf,RE_leaf,0.422
image_13.jpg,1068,1196,1084,1308,956,1180,224,RE_branch,red_algae_branching,RE_branch,0.952
image_13.jpg,1447,1196,1084,1308,1335,1559,224,SU_bould,boulder,manual_update,1
image_13.jpg,1825,1196,1084,1308,1713,1937,224,SU_bould,boulder,manual_update,1
image_13.jpg,2204,1196,1084,1308,2092,2316,224,SU_bould,boulder,manual_update,1
image_13.jpg,2582,1196,1084,1308,2470,2694,224,SU_bould,boulder,manual_update,1
image_13.jpg,2961,1196,1084,1308,2849,3073,224,SU_bould,boulder,manual_update,1
image_13.jpg,3339,1196,1084,1308,3227,3451,224,SU_sand,sand_fine_shell,manual_update,1
image_13.jpg,3718,1196,1084,1308,3606,3830,224,RE_branch,red_algae_branching,manual_update,1
image_13.jpg,312,1639,1527,1751,200,424,224,SU_sand,sand_fine_shell,SU_sand,0.988
image_13.jpg,690,1639,1527,1751,578,802,224,SU_sand,sand_fine_shell,SU_sand,0.999
image_13.jpg,1068,1639,1527,1751,956,1180,224,SU_silt,silt,SU_silt,1
image_13.jpg,1447,1639,1527,1751,1335,1559,224,SU_bould,boulder,SU_bould,0.727
image_13.jpg,1825,1639,1527,1751,1713,1937,224,SU_bould,boulder,manual_update,1
image_13.jpg,2204,1639,1527,1751,2092,2316,224,SU_peb,pebble,SU_peb,0.822
image_13.jpg,2582,1639,1527,1751,2470,2694,224,SU_bould,boulder,manual_update,1
image_13.jpg,2961,1639,1527,1751,2849,3073,224,SU_bould,boulder,SU_bould,0.753
image_13.jpg,3339,1639,1527,1751,3227,3451,224,SU_silt,silt,manual_update,1
image_13.jpg,3718,1639,1527,1751,3606,3830,224,SU_silt,silt,SU_silt,0.995
image_13.jpg,312,2081,1969,2193,200,424,224,SU_sand,sand_fine_shell,SU_sand,0.743
image_13.jpg,690,2081,1969,2193,578,802,224,RE_branch,red_algae_branching,RE_branch,0.997
image_13.jpg,1068,2081,1969,2193,956,1180,224,RE_branch,red_algae_branching,RE_branch,0.983
image_13.jpg,1447,2081,1969,2193,1335,1559,224,SU_anth,anthropogenic,manual_update,1
image_13.jpg,1825,2081,1969,2193,1713,1937,224,RE_leaf,red_algae_flat_leaf,RE_leaf,0.501
image_13.jpg,2204,2081,1969,2193,2092,2316,224,RE_branch,red_algae_branching,RE_branch,0.98
image_13.jpg,2582,2081,1969,2193,2470,2694,224,RE_leaf,red_algae_flat_leaf,RE_leaf,1
image_13.jpg,2961,2081,1969,2193,2849,3073,224,RE_leaf,red_algae_flat_leaf,RE_leaf,0.975
image_13.jpg,3339,2081,1969,2193,3227,3451,224,SU_silt,silt,SU_silt,0.999
image_13.jpg,3718,2081,1969,2193,3606,3830,224,SU_sand,sand_fine_shell,SU_sand,0.842
image_13.jpg,312,2524,2412,2636,200,424,224,SU_sand,sand_fine_shell,SU_sand,1
image_13.jpg,690,2524,2412,2636,578,802,224,SU_sand,sand_fine_shell,SU_sand,0.929
image_13.jpg,1068,2524,2412,2636,956,1180,224,RE_branch,red_algae_branching,manual_update,1
image_13.jpg,1447,2524,2412,2636,1335,1559,224,RE_branch,red_algae_branching,RE_branch,0.994
image_13.jpg,1825,2524,2412,2636,1713,1937,224,SU_bould,boulder,SU_bould,0.923
image_13.jpg,2204,2524,2412,2636,2092,2316,224,SU_bould,boulder,manual_update,1
image_13.jpg,2582,2524,2412,2636,2470,2694,224,SU_bould,boulder,manual_update,1
image_13.jpg,2961,2524,2412,2636,2849,3073,224,RE_leaf,red_algae_flat_leaf,RE_leaf,0.943
image_13.jpg,3339,2524,2412,2636,3227,3451,224,RE_leaf,red_algae_flat_leaf,manual_update,1
image_13.jpg,3718,2524,2412,2636,3606,3830,224,SU_sand,sand_fine_shell,SU_sand,0.999
image_13.jpg,312,2966,2854,3078,200,424,224,SU_sand,sand_fine_shell,SU_sand,0.986
image_13.jpg,690,2966,2854,3078,578,802,224,SU_bould,boulder,manual_update,1
image_13.jpg,1068,2966,2854,3078,956,1180,224,RE_branch,red_algae_branching,manual_update,1
image_13.jpg,1447,2966,2854,3078,1335,1559,224,RE_branch,red_algae_branching,RE_branch,1
image_13.jpg,1825,2966,2854,3078,1713,1937,224,SU_bould,boulder,SU_bould,0.721
image_13.jpg,2204,2966,2854,3078,2092,2316,224,SU_bould,boulder,manual_update,1
image_13.jpg,2582,2966,2854,3078,2470,2694,224,SU_bould,boulder,manual_update,1
image_13.jpg,2961,2966,2854,3078,2849,3073,224,RE_branch,red_algae_branching,manual_update,1
image_13.jpg,3339,2966,2854,3078,3227,3451,224,RE_leaf,red_algae_flat_leaf,manual_update,1
image_13.jpg,3718,2966,2854,3078,3606,3830,224,SU_silt,silt,manual_update,1
image_13.jpg,312,3409,3297,3521,200,424,224,RE_branch,red_algae_branching,RE_branch,0.7
image_13.jpg,690,3409,3297,3521,578,802,224,SU_bould,boulder,manual_update,1
image_13.jpg,1068,3409,3297,3521,956,1180,224,SU_bould,boulder,SU_bould,0.814
image_13.jpg,1447,3409,3297,3521,1335,1559,224,SU_bould,boulder,manual_update,1
image_13.jpg,1825,3409,3297,3521,1713,1937,224,SU_bould,boulder,manual_update,1
image_13.jpg,2204,3409,3297,3521,2092,2316,224,SU_bould,boulder,manual_update,1
image_13.jpg,2582,3409,3297,3521,2470,2694,224,SU_sand,sand_fine_shell,SU_sand,0.999
image_13.jpg,2961,3409,3297,3521,2849,3073,224,SU_sand,sand_fine_shell,manual_update,1
image_13.jpg,3339,3409,3297,3521,3227,3451,224,SU_silt,silt,SU_silt,1
image_13.jpg,3718,3409,3297,3521,3606,3830,224,SU_sand,sand_fine_shell,SU_sand,0.983
image_13.jpg,312,3851,3739,3963,200,424,224,SU_sand,sand_fine_shell,SU_sand,0.917
image_13.jpg,690,3851,3739,3963,578,802,224,SU_bould,boulder,manual_update,1
image_13.jpg,1068,3851,3739,3963,956,1180,224,RE_branch,red_algae_branching,RE_branch,0.992
image_13.jpg,1447,3851,3739,3963,1335,1559,224,SU_bould,boulder,manual_update,1
image_13.jpg,1825,3851,3739,3963,1713,1937,224,SU_anth,anthropogenic,manual_update,1
image_13.jpg,2204,3851,3739,3963,2092,2316,224,SU_sand,sand_fine_shell,SU_sand,0.997
image_13.jpg,2582,3851,3739,3963,2470,2694,224,SU_sand,sand_fine_shell,SU_sand,1
image_13.jpg,2961,3851,3739,3963,2849,3073,224,SU_sand,sand_fine_shell,SU_sand,1
image_13.jpg,3339,3851,3739,3963,3227,3451,224,SU_sand,sand_fine_shell,SU_sand,1
image_13.jpg,3718,3851,3739,3963,3606,3830,224,SU_sand,sand_fine_shell,SU_sand,0.996
image_13.jpg,312,4294,4182,4406,200,424,224,SU_silt,silt,SU_silt,0.855
image_13.jpg,690,4294,4182,4406,578,802,224,SU_sand,sand_fine_shell,SU_sand,0.999
image_13.jpg,1068,4294,4182,4406,956,1180,224,SU_sand,sand_fine_shell,SU_sand,0.528
image_13.jpg,1447,4294,4182,4406,1335,1559,224,RE_branch,red_algae_branching,manual_update,1
image_13.jpg,1825,4294,4182,4406,1713,1937,224,SU_anth,anthropogenic,manual_update,1
image_13.jpg,2204,4294,4182,4406,2092,2316,224,SU_sand,sand_fine_shell,SU_sand,0.73
image_13.jpg,2582,4294,4182,4406,2470,2694,224,SU_sand,sand_fine_shell,SU_sand,0.848
image_13.jpg,2961,4294,4182,4406,2849,3073,224,SU_sand,sand_fine_shell,SU_sand,0.985
image_13.jpg,3339,4294,4182,4406,3227,3451,224,SU_silt,silt,SU_silt,1
image_13.jpg,3718,4294,4182,4406,3606,3830,224,SU_sand,sand_fine_shell,SU_sand,0.886
image_14.jpg,312,312,200,424,200,424,224,SU_peb,pebble,SU_peb,1
image_14.jpg,690,312,200,424,578,802,224,SU_peb,pebble,SU_peb,0.999
image_14.jpg,1068,312,200,424,956,1180,224,SU_peb,pebble,SU_peb,1
image_14.jpg,1447,312,200,424,1335,1559,224,SU_peb,pebble,SU_peb,1
image_14.jpg,1825,312,200,424,1713,1937,224,SU_peb,pebble,SU_peb,1
image_14.jpg,2204,312,200,424,2092,2316,224,SU_peb,pebble,SU_peb,0.999
image_14.jpg,2582,312,200,424,2470,2694,224,RE_bush,red_algae_bushy,RE_bush,0.481
image_14.jpg,2961,312,200,424,2849,3073,224,SU_peb,pebble,SU_peb,1
image_14.jpg,3339,312,200,424,3227,3451,224,SU_cob,cobble,SU_cob,0.591
image_14.jpg,3718,312,200,424,3606,3830,224,SU_peb,pebble,SU_peb,0.998
image_14.jpg,312,754,642,866,200,424,224,SU_peb,pebble,SU_peb,0.8
image_14.jpg,690,754,642,866,578,802,224,SU_peb,pebble,SU_peb,1
image_14.jpg,1068,754,642,866,956,1180,224,SU_peb,pebble,SU_peb,0.881
image_14.jpg,1447,754,642,866,1335,1559,224,SU_sand,sand_fine_shell,SU_sand,1
image_14.jpg,1825,754,642,866,1713,1937,224,SU_peb,pebble,SU_peb,0.995
image_14.jpg,2204,754,642,866,2092,2316,224,SU_peb,pebble,SU_peb,1
image_14.jpg,2582,754,642,866,2470,2694,224,SU_peb,pebble,SU_peb,0.999
image_14.jpg,2961,754,642,866,2849,3073,224,SU_peb,pebble,SU_peb,1
image_14.jpg,3339,754,642,866,3227,3451,224,SU_peb,pebble,SU_peb,0.997
image_14.jpg,3718,754,642,866,3606,3830,224,SU_peb,pebble,SU_peb,1
image_14.jpg,312,1196,1084,1308,200,424,224,SU_sand,sand_fine_shell,SU_sand,0.522
image_14.jpg,690,1196,1084,1308,578,802,224,SU_peb,pebble,SU_peb,0.701
image_14.jpg,1068,1196,1084,1308,956,1180,224,SU_peb,pebble,SU_peb,0.819
image_14.jpg,1447,1196,1084,1308,1335,1559,224,SU_peb,pebble,SU_peb,1
image_14.jpg,1825,1196,1084,1308,1713,1937,224,SU_peb,pebble,SU_peb,1
image_14.jpg,2204,1196,1084,1308,2092,2316,224,SU_peb,pebble,SU_peb,0.978
image_14.jpg,2582,1196,1084,1308,2470,2694,224,SU_peb,pebble,SU_peb,1
image_14.jpg,2961,1196,1084,1308,2849,3073,224,SU_cob,cobble,manual_update,1
image_14.jpg,3339,1196,1084,1308,3227,3451,224,SU_peb,pebble,SU_peb,1
image_14.jpg,3718,1196,1084,1308,3606,3830,224,SU_peb,pebble,SU_peb,1
image_14.jpg,312,1639,1527,1751,200,424,224,SU_silt,silt,SU_silt,0.87
image_14.jpg,690,1639,1527,1751,578,802,224,RE_leaf,red_algae_flat_leaf,manual_update,1
image_14.jpg,1068,1639,1527,1751,956,1180,224,SU_peb,pebble,SU_peb,1
image_14.jpg,1447,1639,1527,1751,1335,1559,224,SU_peb,pebble,SU_peb,1
image_14.jpg,1825,1639,1527,1751,1713,1937,224,KE_holdfas,kelp_holdfast,KE_holdfas,0.608
image_14.jpg,2204,1639,1527,1751,2092,2316,224,SU_peb,pebble,SU_peb,0.981
image_14.jpg,2582,1639,1527,1751,2470,2694,224,KE_sugar,kelp_sugar,manual_update,1
image_14.jpg,2961,1639,1527,1751,2849,3073,224,SU_cob,cobble,SU_cob,0.976
image_14.jpg,3339,1639,1527,1751,3227,3451,224,SU_peb,pebble,SU_peb,1
image_14.jpg,3718,1639,1527,1751,3606,3830,224,SU_peb,pebble,SU_peb,1
image_14.jpg,312,2081,1969,2193,200,424,224,SU_peb,pebble,SU_peb,1
image_14.jpg,690,2081,1969,2193,578,802,224,RE_leaf,red_algae_flat_leaf,manual_update,1
image_14.jpg,1068,2081,1969,2193,956,1180,224,SU_peb,pebble,SU_peb,1
image_14.jpg,1447,2081,1969,2193,1335,1559,224,SU_peb,pebble,SU_peb,0.998
image_14.jpg,1825,2081,1969,2193,1713,1937,224,SU_peb,pebble,SU_peb,1
image_14.jpg,2204,2081,1969,2193,2092,2316,224,SU_peb,pebble,SU_peb,1
image_14.jpg,2582,2081,1969,2193,2470,2694,224,KE_sugar,kelp_sugar,manual_update,1
image_14.jpg,2961,2081,1969,2193,2849,3073,224,KE_sugar,kelp_sugar,manual_update,1
image_14.jpg,3339,2081,1969,2193,3227,3451,224,SU_peb,pebble,SU_peb,0.939
image_14.jpg,3718,2081,1969,2193,3606,3830,224,SU_peb,pebble,SU_peb,0.992
image_14.jpg,312,2524,2412,2636,200,424,224,GR_ulva,green_algae_ulva,GR_ulva,1
image_14.jpg,690,2524,2412,2636,578,802,224,SU_peb,pebble,SU_peb,1
image_14.jpg,1068,2524,2412,2636,956,1180,224,SU_peb,pebble,SU_peb,1
image_14.jpg,1447,2524,2412,2636,1335,1559,224,SU_peb,pebble,SU_peb,1
image_14.jpg,1825,2524,2412,2636,1713,1937,224,SU_peb,pebble,SU_peb,0.993
image_14.jpg,2204,2524,2412,2636,2092,2316,224,SU_sand,sand_fine_shell,manual_update,1
image_14.jpg,2582,2524,2412,2636,2470,2694,224,SU_peb,pebble,SU_peb,0.995
image_14.jpg,2961,2524,2412,2636,2849,3073,224,SU_peb,pebble,SU_peb,0.533
image_14.jpg,3339,2524,2412,2636,3227,3451,224,SU_peb,pebble,SU_peb,0.908
image_14.jpg,3718,2524,2412,2636,3606,3830,224,SU_sand,sand_fine_shell,SU_sand,0.659
image_14.jpg,312,2966,2854,3078,200,424,224,GR_ulva,green_algae_ulva,manual_update,1
image_14.jpg,690,2966,2854,3078,578,802,224,SU_peb,pebble,SU_peb,1
image_14.jpg,1068,2966,2854,3078,956,1180,224,SU_peb,pebble,SU_peb,1
image_14.jpg,1447,2966,2854,3078,1335,1559,224,SU_peb,pebble,SU_peb,0.995
image_14.jpg,1825,2966,2854,3078,1713,1937,224,RE_branch,red_algae_branching,manual_update,1
image_14.jpg,2204,2966,2854,3078,2092,2316,224,SU_peb,pebble,SU_peb,0.998
image_14.jpg,2582,2966,2854,3078,2470,2694,224,SU_cob,cobble,manual_update,1
image_14.jpg,2961,2966,2854,3078,2849,3073,224,SU_peb,pebble,SU_peb,1
image_14.jpg,3339,2966,2854,3078,3227,3451,224,BR_fucus,brown_algae_fucus,BR_fucus,0.943
image_14.jpg,3718,2966,2854,3078,3606,3830,224,RE_leaf,red_algae_flat_leaf,manual_update,1
image_14.jpg,312,3409,3297,3521,200,424,224,SU_peb,pebble,SU_peb,0.999
image_14.jpg,690,3409,3297,3521,578,802,224,SU_peb,pebble,SU_peb,0.984
image_14.jpg,1068,3409,3297,3521,956,1180,224,SU_peb,pebble,SU_peb,1
image_14.jpg,1447,3409,3297,3521,1335,1559,224,SU_peb,pebble,SU_peb,0.998
image_14.jpg,1825,3409,3297,3521,1713,1937,224,KE_sugar,kelp_sugar,manual_update,1
image_14.jpg,2204,3409,3297,3521,2092,2316,224,SU_peb,pebble,SU_peb,0.982
image_14.jpg,2582,3409,3297,3521,2470,2694,224,SU_peb,pebble,SU_peb,1
image_14.jpg,2961,3409,3297,3521,2849,3073,224,KE_sugar,kelp_sugar,manual_update,1
image_14.jpg,3339,3409,3297,3521,3227,3451,224,SU_peb,pebble,SU_peb,1
image_14.jpg,3718,3409,3297,3521,3606,3830,224,SU_peb,pebble,SU_peb,1
image_14.jpg,312,3851,3739,3963,200,424,224,SU_peb,pebble,SU_peb,0.99
image_14.jpg,690,3851,3739,3963,578,802,224,SU_peb,pebble,SU_peb,0.997
image_14.jpg,1068,3851,3739,3963,956,1180,224,SU_peb,pebble,SU_peb,0.972
image_14.jpg,1447,3851,3739,3963,1335,1559,224,RE_fil,red_algae_filamentous,manual_update,1
image_14.jpg,1825,3851,3739,3963,1713,1937,224,BR_fucus,brown_algae_fucus,BR_fucus,0.896
image_14.jpg,2204,3851,3739,3963,2092,2316,224,BR_fucus,brown_algae_fucus,BR_fucus,0.694
image_14.jpg,2582,3851,3739,3963,2470,2694,224,KE_bull,kelp_bull_ blade,manual_update,1
image_14.jpg,2961,3851,3739,3963,2849,3073,224,unknown,unknown_area,manual_update,1
image_14.jpg,3339,3851,3739,3963,3227,3451,224,SU_peb,pebble,SU_peb,0.993
image_14.jpg,3718,3851,3739,3963,3606,3830,224,SU_peb,pebble,SU_peb,1
image_14.jpg,312,4294,4182,4406,200,424,224,GR_ulva,green_algae_ulva,manual_update,1
image_14.jpg,690,4294,4182,4406,578,802,224,unknown,unknown_area,manual_update,1
image_14.jpg,1068,4294,4182,4406,956,1180,224,SU_bould,boulder,manual_update,1
image_14.jpg,1447,4294,4182,4406,1335,1559,224,SU_bould,boulder,manual_update,1
image_14.jpg,1825,4294,4182,4406,1713,1937,224,SU_peb,pebble,SU_peb,0.829
image_14.jpg,2204,4294,4182,4406,2092,2316,224,RE_leaf,red_algae_flat_leaf,manual_update,1
image_14.jpg,2582,4294,4182,4406,2470,2694,224,unknown,unknown_area,manual_update,1
image_14.jpg,2961,4294,4182,4406,2849,3073,224,MS,mobile_species,MS,1
image_14.jpg,3339,4294,4182,4406,3227,3451,224,SU_peb,pebble,SU_peb,1
image_14.jpg,3718,4294,4182,4406,3606,3830,224,SU_peb,pebble,SU_peb,1
image_15.jpg,312,312,200,424,200,424,224,SU_bould,boulder,SU_bould,0.993
image_15.jpg,690,312,200,424,578,802,224,SU_bould,boulder,manual_update,1
image_15.jpg,1068,312,200,424,956,1180,224,SU_bould,boulder,manual_update,1
image_15.jpg,1447,312,200,424,1335,1559,224,RE_CCA,red_algae_encrusting_CCA,RE_CCA,0.692
image_15.jpg,1825,312,200,424,1713,1937,224,SU_bould,boulder,SU_bould,0.681
image_15.jpg,2204,312,200,424,2092,2316,224,RE_fil,red_algae_filamentous,RE_fil,0.793
image_15.jpg,2582,312,200,424,2470,2694,224,BR_encrust,brown_algae_encrusting,manual_update,1
image_15.jpg,2961,312,200,424,2849,3073,224,SU_bould,boulder,SU_bould,0.999
image_15.jpg,3339,312,200,424,3227,3451,224,SU_bould,boulder,SU_bould,0.585
image_15.jpg,3718,312,200,424,3606,3830,224,RE_leaf,red_algae_flat_leaf,RE_leaf,0.972
image_15.jpg,312,754,642,866,200,424,224,SU_bould,boulder,SU_bould,0.885
image_15.jpg,690,754,642,866,578,802,224,SU_bould,boulder,manual_update,1
image_15.jpg,1068,754,642,866,956,1180,224,RE_CCA,red_algae_encrusting_CCA,RE_CCA,0.686
image_15.jpg,1447,754,642,866,1335,1559,224,SU_bould,boulder,manual_update,1
image_15.jpg,1825,754,642,866,1713,1937,224,RE_CCA,red_algae_encrusting_CCA,RE_CCA,0.993
image_15.jpg,2204,754,642,866,2092,2316,224,SU_bould,boulder,manual_update,1
image_15.jpg,2582,754,642,866,2470,2694,224,SU_bould,boulder,SU_bould,0.992
image_15.jpg,2961,754,642,866,2849,3073,224,SU_bould,boulder,SU_bould,1
image_15.jpg,3339,754,642,866,3227,3451,224,SU_bould,boulder,SU_bould,0.999
image_15.jpg,3718,754,642,866,3606,3830,224,RE_leaf,red_algae_flat_leaf,manual_update,1
image_15.jpg,312,1196,1084,1308,200,424,224,SU_bould,boulder,SU_bould,0.953
image_15.jpg,690,1196,1084,1308,578,802,224,SU_bould,boulder,manual_update,1
image_15.jpg,1068,1196,1084,1308,956,1180,224,SU_bould,boulder,manual_update,1
image_15.jpg,1447,1196,1084,1308,1335,1559,224,SU_bould,boulder,manual_update,1
image_15.jpg,1825,1196,1084,1308,1713,1937,224,SU_bould,boulder,SU_bould,0.902
image_15.jpg,2204,1196,1084,1308,2092,2316,224,SU_bould,boulder,manual_update,1
image_15.jpg,2582,1196,1084,1308,2470,2694,224,SU_bould,boulder,SU_bould,0.725
image_15.jpg,2961,1196,1084,1308,2849,3073,224,RE_branch,red_algae_branching,manual_update,1
image_15.jpg,3339,1196,1084,1308,3227,3451,224,SU_bould,boulder,manual_update,1
image_15.jpg,3718,1196,1084,1308,3606,3830,224,SU_bould,boulder,manual_update,1
image_15.jpg,312,1639,1527,1751,200,424,224,RE_branch,red_algae_branching,manual_update,1
image_15.jpg,690,1639,1527,1751,578,802,224,RE_CCA,red_algae_encrusting_CCA,RE_CCA,0.673
image_15.jpg,1068,1639,1527,1751,956,1180,224,RE_branch,red_algae_branching,RE_branch,1
image_15.jpg,1447,1639,1527,1751,1335,1559,224,SU_bould,boulder,SU_bould,0.99
image_15.jpg,1825,1639,1527,1751,1713,1937,224,SU_bould,boulder,SU_bould,0.73
image_15.jpg,2204,1639,1527,1751,2092,2316,224,RE_leaf,red_algae_flat_leaf,manual_update,1
image_15.jpg,2582,1639,1527,1751,2470,2694,224,SU_bould,boulder,SU_bould,0.997
image_15.jpg,2961,1639,1527,1751,2849,3073,224,RE_branch,red_algae_branching,RE_branch,0.901
image_15.jpg,3339,1639,1527,1751,3227,3451,224,RE_branch,red_algae_branching,RE_branch,0.967
image_15.jpg,3718,1639,1527,1751,3606,3830,224,SU_bould,boulder,manual_update,1
image_15.jpg,312,2081,1969,2193,200,424,224,RE_fil,red_algae_filamentous,manual_update,1
image_15.jpg,690,2081,1969,2193,578,802,224,SU_bould,boulder,manual_update,1
image_15.jpg,1068,2081,1969,2193,956,1180,224,RE_fil,red_algae_filamentous,RE_fil,1
image_15.jpg,1447,2081,1969,2193,1335,1559,224,RE_CCA,red_algae_encrusting_CCA,RE_CCA,0.999
image_15.jpg,1825,2081,1969,2193,1713,1937,224,BR_encrust,brown_algae_encrusting,manual_update,1
image_15.jpg,2204,2081,1969,2193,2092,2316,224,BR_encrust,brown_algae_encrusting,manual_update,1
image_15.jpg,2582,2081,1969,2193,2470,2694,224,RE_fil,red_algae_filamentous,RE_fil,0.997
image_15.jpg,2961,2081,1969,2193,2849,3073,224,SU_bould,boulder,SU_bould,0.99
image_15.jpg,3339,2081,1969,2193,3227,3451,224,SU_bould,boulder,manual_update,1
image_15.jpg,3718,2081,1969,2193,3606,3830,224,SU_bould,boulder,manual_update,1
image_15.jpg,312,2524,2412,2636,200,424,224,SU_bould,boulder,manual_update,1
image_15.jpg,690,2524,2412,2636,578,802,224,RE_branch,red_algae_branching,RE_branch,0.903
image_15.jpg,1068,2524,2412,2636,956,1180,224,RE_branch,red_algae_branching,manual_update,1
image_15.jpg,1447,2524,2412,2636,1335,1559,224,SU_bould,boulder,SU_bould,0.811
image_15.jpg,1825,2524,2412,2636,1713,1937,224,SU_bould,boulder,SU_bould,0.978
image_15.jpg,2204,2524,2412,2636,2092,2316,224,SU_bould,boulder,manual_update,1
image_15.jpg,2582,2524,2412,2636,2470,2694,224,SU_bould,boulder,SU_bould,0.987
image_15.jpg,2961,2524,2412,2636,2849,3073,224,SU_bould,boulder,SU_bould,1
image_15.jpg,3339,2524,2412,2636,3227,3451,224,SU_bould,boulder,SU_bould,0.829
image_15.jpg,3718,2524,2412,2636,3606,3830,224,SU_bould,boulder,manual_update,1
image_15.jpg,312,2966,2854,3078,200,424,224,RE_CCA,red_algae_encrusting_CCA,manual_update,1
image_15.jpg,690,2966,2854,3078,578,802,224,RE_fil,red_algae_filamentous,RE_fil,0.956
image_15.jpg,1068,2966,2854,3078,956,1180,224,SU_bould,boulder,manual_update,1
image_15.jpg,1447,2966,2854,3078,1335,1559,224,RE_branch,red_algae_branching,manual_update,1
image_15.jpg,1825,2966,2854,3078,1713,1937,224,RE_CCA,red_algae_encrusting_CCA,RE_CCA,1
image_15.jpg,2204,2966,2854,3078,2092,2316,224,SU_bould,boulder,SU_bould,0.97
image_15.jpg,2582,2966,2854,3078,2470,2694,224,SU_bould,boulder,SU_bould,0.946
image_15.jpg,2961,2966,2854,3078,2849,3073,224,RE_branch,red_algae_branching,manual_update,1
image_15.jpg,3339,2966,2854,3078,3227,3451,224,SU_bould,boulder,manual_update,1
image_15.jpg,3718,2966,2854,3078,3606,3830,224,RE_CCA,red_algae_encrusting_CCA,RE_CCA,0.981
image_15.jpg,312,3409,3297,3521,200,424,224,RE_fil,red_algae_filamentous,RE_fil,0.792
image_15.jpg,690,3409,3297,3521,578,802,224,RE_fil,red_algae_filamentous,RE_fil,0.69
image_15.jpg,1068,3409,3297,3521,956,1180,224,RE_fil,red_algae_filamentous,manual_update,1
image_15.jpg,1447,3409,3297,3521,1335,1559,224,RE_branch,red_algae_branching,manual_update,1
image_15.jpg,1825,3409,3297,3521,1713,1937,224,RE_leaf,red_algae_flat_leaf,manual_update,1
image_15.jpg,2204,3409,3297,3521,2092,2316,224,RE_CCA,red_algae_encrusting_CCA,RE_CCA,0.996
image_15.jpg,2582,3409,3297,3521,2470,2694,224,SU_bould,boulder,manual_update,1
image_15.jpg,2961,3409,3297,3521,2849,3073,224,SU_bould,boulder,SU_bould,0.685
image_15.jpg,3339,3409,3297,3521,3227,3451,224,SU_bould,boulder,SU_bould,0.901
image_15.jpg,3718,3409,3297,3521,3606,3830,224,RE_CCA,red_algae_encrusting_CCA,RE_CCA,0.998
image_15.jpg,312,3851,3739,3963,200,424,224,unknown,unknown_area,unknown,0.906
image_15.jpg,690,3851,3739,3963,578,802,224,unknown,unknown_area,unknown,0.955
image_15.jpg,1068,3851,3739,3963,956,1180,224,unknown,unknown_area,manual_update,1
image_15.jpg,1447,3851,3739,3963,1335,1559,224,unknown,unknown_area,unknown,0.633
image_15.jpg,1825,3851,3739,3963,1713,1937,224,unknown,unknown_area,manual_update,1
image_15.jpg,2204,3851,3739,3963,2092,2316,224,SU_bould,boulder,manual_update,1
image_15.jpg,2582,3851,3739,3963,2470,2694,224,unknown,unknown_area,manual_update,1
image_15.jpg,2961,3851,3739,3963,2849,3073,224,unknown,unknown_area,unknown,0.637
image_15.jpg,3339,3851,3739,3963,3227,3451,224,unknown,unknown_area,manual_update,1
image_15.jpg,3718,3851,3739,3963,3606,3830,224,unknown,unknown_area,unknown,0.919
image_15.jpg,312,4294,4182,4406,200,424,224,unknown,unknown_area,unknown,1
image_15.jpg,690,4294,4182,4406,578,802,224,unknown,unknown_area,unknown,0.999
image_15.jpg,1068,4294,4182,4406,956,1180,224,unknown,unknown_area,unknown,0.971
image_15.jpg,1447,4294,4182,4406,1335,1559,224,unknown,unknown_area,unknown,1
image_15.jpg,1825,4294,4182,4406,1713,1937,224,unknown,unknown_area,unknown,1
image_15.jpg,2204,4294,4182,4406,2092,2316,224,unknown,unknown_area,unknown,0.999
image_15.jpg,2582,4294,4182,4406,2470,2694,224,unknown,unknown_area,unknown,1
image_15.jpg,2961,4294,4182,4406,2849,3073,224,unknown,unknown_area,unknown,0.997
image_15.jpg,3339,4294,4182,4406,3227,3451,224,unknown,unknown_area,unknown,1
image_15.jpg,3718,4294,4182,4406,3606,3830,224,unknown,unknown_area,unknown,1
image_16.jpg,312,312,200,424,200,424,224,unknown,unknown_area,manual_update,1
image_16.jpg,690,312,200,424,578,802,224,unknown,unknown_area,manual_update,1
image_16.jpg,1068,312,200,424,956,1180,224,KE_sugar,kelp_sugar,KE_sugar,0.925
image_16.jpg,1447,312,200,424,1335,1559,224,KE_sugar,kelp_sugar,manual_update,1
image_16.jpg,1825,312,200,424,1713,1937,224,GR_ulva,green_algae_ulva,GR_ulva,0.966
image_16.jpg,2204,312,200,424,2092,2316,224,KE_sugar,kelp_sugar,KE_sugar,1
image_16.jpg,2582,312,200,424,2470,2694,224,KE_sugar,kelp_sugar,KE_sugar,0.936
image_16.jpg,2961,312,200,424,2849,3073,224,KE_sugar,kelp_sugar,KE_sugar,0.998
image_16.jpg,3339,312,200,424,3227,3451,224,KE_sugar,kelp_sugar,manual_update,1
image_16.jpg,3718,312,200,424,3606,3830,224,KE_sugar,kelp_sugar,KE_sugar,0.661
image_16.jpg,312,754,642,866,200,424,224,KE_sugar,kelp_sugar,KE_sugar,1
image_16.jpg,690,754,642,866,578,802,224,KE_sugar,kelp_sugar,KE_sugar,0.999
image_16.jpg,1068,754,642,866,956,1180,224,KE_sugar,kelp_sugar,KE_sugar,1
image_16.jpg,1447,754,642,866,1335,1559,224,KE_sugar,kelp_sugar,KE_sugar,1
image_16.jpg,1825,754,642,866,1713,1937,224,KE_sugar,kelp_sugar,KE_sugar,1
image_16.jpg,2204,754,642,866,2092,2316,224,KE_sugar,kelp_sugar,KE_sugar,1
image_16.jpg,2582,754,642,866,2470,2694,224,KE_sugar,kelp_sugar,KE_sugar,1
image_16.jpg,2961,754,642,866,2849,3073,224,KE_sugar,kelp_sugar,KE_sugar,0.886
image_16.jpg,3339,754,642,866,3227,3451,224,KE_sugar,kelp_sugar,KE_sugar,0.995
image_16.jpg,3718,754,642,866,3606,3830,224,unknown,unknown_area,unknown,0.773
image_16.jpg,312,1196,1084,1308,200,424,224,KE_sugar,kelp_sugar,KE_sugar,1
image_16.jpg,690,1196,1084,1308,578,802,224,KE_sugar,kelp_sugar,KE_sugar,1
image_16.jpg,1068,1196,1084,1308,956,1180,224,KE_sugar,kelp_sugar,KE_sugar,1
image_16.jpg,1447,1196,1084,1308,1335,1559,224,KE_sugar,kelp_sugar,KE_sugar,1
image_16.jpg,1825,1196,1084,1308,1713,1937,224,KE_sugar,kelp_sugar,KE_sugar,1
image_16.jpg,2204,1196,1084,1308,2092,2316,224,KE_sugar,kelp_sugar,KE_sugar,1
image_16.jpg,2582,1196,1084,1308,2470,2694,224,KE_sugar,kelp_sugar,KE_sugar,1
image_16.jpg,2961,1196,1084,1308,2849,3073,224,KE_sugar,kelp_sugar,KE_sugar,1
image_16.jpg,3339,1196,1084,1308,3227,3451,224,KE_sugar,kelp_sugar,KE_sugar,1
image_16.jpg,3718,1196,1084,1308,3606,3830,224,KE_sugar,kelp_sugar,manual_update,1
image_16.jpg,312,1639,1527,1751,200,424,224,KE_sugar,kelp_sugar,KE_sugar,0.997
image_16.jpg,690,1639,1527,1751,578,802,224,KE_sugar,kelp_sugar,KE_sugar,0.999
image_16.jpg,1068,1639,1527,1751,956,1180,224,KE_sugar,kelp_sugar,KE_sugar,0.626
image_16.jpg,1447,1639,1527,1751,1335,1559,224,KE_sugar,kelp_sugar,KE_sugar,1
image_16.jpg,1825,1639,1527,1751,1713,1937,224,KE_sugar,kelp_sugar,KE_sugar,0.998
image_16.jpg,2204,1639,1527,1751,2092,2316,224,KE_sugar,kelp_sugar,KE_sugar,1
image_16.jpg,2582,1639,1527,1751,2470,2694,224,KE_sugar,kelp_sugar,KE_sugar,1
image_16.jpg,2961,1639,1527,1751,2849,3073,224,KE_sugar,kelp_sugar,KE_sugar,1
image_16.jpg,3339,1639,1527,1751,3227,3451,224,KE_sugar,kelp_sugar,KE_sugar,0.999
image_16.jpg,3718,1639,1527,1751,3606,3830,224,KE_sugar,kelp_sugar,KE_sugar,1
image_16.jpg,312,2081,1969,2193,200,424,224,KE_sugar,kelp_sugar,KE_sugar,0.987
image_16.jpg,690,2081,1969,2193,578,802,224,KE_sugar,kelp_sugar,KE_sugar,1
image_16.jpg,1068,2081,1969,2193,956,1180,224,KE_sugar,kelp_sugar,manual_update,1
image_16.jpg,1447,2081,1969,2193,1335,1559,224,KE_sugar,kelp_sugar,KE_sugar,1
image_16.jpg,1825,2081,1969,2193,1713,1937,224,KE_sugar,kelp_sugar,KE_sugar,1
image_16.jpg,2204,2081,1969,2193,2092,2316,224,KE_sugar,kelp_sugar,KE_sugar,1
image_16.jpg,2582,2081,1969,2193,2470,2694,224,KE_sugar,kelp_sugar,KE_sugar,1
image_16.jpg,2961,2081,1969,2193,2849,3073,224,KE_sugar,kelp_sugar,KE_sugar,0.995
image_16.jpg,3339,2081,1969,2193,3227,3451,224,KE_sugar,kelp_sugar,KE_sugar,1
image_16.jpg,3718,2081,1969,2193,3606,3830,224,KE_sugar,kelp_sugar,KE_sugar,1
image_16.jpg,312,2524,2412,2636,200,424,224,KE_sugar,kelp_sugar,KE_sugar,0.585
image_16.jpg,690,2524,2412,2636,578,802,224,KE_sugar,kelp_sugar,manual_update,1
image_16.jpg,1068,2524,2412,2636,956,1180,224,KE_sugar,kelp_sugar,manual_update,1
image_16.jpg,1447,2524,2412,2636,1335,1559,224,KE_sugar,kelp_sugar,KE_sugar,1
image_16.jpg,1825,2524,2412,2636,1713,1937,224,KE_sugar,kelp_sugar,manual_update,1
image_16.jpg,2204,2524,2412,2636,2092,2316,224,KE_sugar,kelp_sugar,KE_sugar,0.545
image_16.jpg,2582,2524,2412,2636,2470,2694,224,KE_sugar,kelp_sugar,KE_sugar,1
image_16.jpg,2961,2524,2412,2636,2849,3073,224,KE_sugar,kelp_sugar,KE_sugar,1
image_16.jpg,3339,2524,2412,2636,3227,3451,224,KE_sugar,kelp_sugar,KE_sugar,1
image_16.jpg,3718,2524,2412,2636,3606,3830,224,KE_sugar,kelp_sugar,KE_sugar,1
image_16.jpg,312,2966,2854,3078,200,424,224,KE_sugar,kelp_sugar,KE_sugar,1
image_16.jpg,690,2966,2854,3078,578,802,224,KE_sugar,kelp_sugar,KE_sugar,0.999
image_16.jpg,1068,2966,2854,3078,956,1180,224,KE_sugar,kelp_sugar,KE_sugar,1
image_16.jpg,1447,2966,2854,3078,1335,1559,224,KE_sugar,kelp_sugar,KE_sugar,0.999
image_16.jpg,1825,2966,2854,3078,1713,1937,224,KE_sugar,kelp_sugar,KE_sugar,0.97
image_16.jpg,2204,2966,2854,3078,2092,2316,224,KE_sugar,kelp_sugar,KE_sugar,1
image_16.jpg,2582,2966,2854,3078,2470,2694,224,KE_sugar,kelp_sugar,KE_sugar,1
image_16.jpg,2961,2966,2854,3078,2849,3073,224,KE_sugar,kelp_sugar,KE_sugar,1
image_16.jpg,3339,2966,2854,3078,3227,3451,224,KE_sugar,kelp_sugar,KE_sugar,0.95
image_16.jpg,3718,2966,2854,3078,3606,3830,224,KE_sugar,kelp_sugar,KE_sugar,0.996
image_16.jpg,312,3409,3297,3521,200,424,224,KE_sugar,kelp_sugar,KE_sugar,1
image_16.jpg,690,3409,3297,3521,578,802,224,KE_sugar,kelp_sugar,KE_sugar,1
image_16.jpg,1068,3409,3297,3521,956,1180,224,KE_sugar,kelp_sugar,KE_sugar,1
image_16.jpg,1447,3409,3297,3521,1335,1559,224,KE_sugar,kelp_sugar,KE_sugar,0.998
image_16.jpg,1825,3409,3297,3521,1713,1937,224,KE_sugar,kelp_sugar,KE_sugar,1
image_16.jpg,2204,3409,3297,3521,2092,2316,224,KE_sugar,kelp_sugar,KE_sugar,1
image_16.jpg,2582,3409,3297,3521,2470,2694,224,KE_sugar,kelp_sugar,KE_sugar,1
image_16.jpg,2961,3409,3297,3521,2849,3073,224,KE_sugar,kelp_sugar,KE_sugar,0.913
image_16.jpg,3339,3409,3297,3521,3227,3451,224,RE_CCA,red_algae_encrusting_CCA,RE_CCA,0.884
image_16.jpg,3718,3409,3297,3521,3606,3830,224,KE_sugar,kelp_sugar,KE_sugar,0.841
image_16.jpg,312,3851,3739,3963,200,424,224,KE_sugar,kelp_sugar,KE_sugar,0.706
image_16.jpg,690,3851,3739,3963,578,802,224,KE_sugar,kelp_sugar,manual_update,1
image_16.jpg,1068,3851,3739,3963,956,1180,224,KE_sugar,kelp_sugar,KE_sugar,0.999
image_16.jpg,1447,3851,3739,3963,1335,1559,224,KE_sugar,kelp_sugar,KE_sugar,1
image_16.jpg,1825,3851,3739,3963,1713,1937,224,KE_sugar,kelp_sugar,KE_sugar,1
image_16.jpg,2204,3851,3739,3963,2092,2316,224,KE_sugar,kelp_sugar,KE_sugar,0.82
image_16.jpg,2582,3851,3739,3963,2470,2694,224,KE_sugar,kelp_sugar,KE_sugar,0.994
image_16.jpg,2961,3851,3739,3963,2849,3073,224,KE_sugar,kelp_sugar,KE_sugar,1
image_16.jpg,3339,3851,3739,3963,3227,3451,224,KE_sugar,kelp_sugar,KE_sugar,0.814
image_16.jpg,3718,3851,3739,3963,3606,3830,224,KE_sugar,kelp_sugar,KE_sugar,0.975
image_16.jpg,312,4294,4182,4406,200,424,224,KE_sugar,kelp_sugar,KE_sugar,0.624
image_16.jpg,690,4294,4182,4406,578,802,224,KE_sugar,kelp_sugar,KE_sugar,0.722
image_16.jpg,1068,4294,4182,4406,956,1180,224,KE_sugar,kelp_sugar,KE_sugar,1
image_16.jpg,1447,4294,4182,4406,1335,1559,224,KE_sugar,kelp_sugar,KE_sugar,1
image_16.jpg,1825,4294,4182,4406,1713,1937,224,KE_sugar,kelp_sugar,KE_sugar,0.932
image_16.jpg,2204,4294,4182,4406,2092,2316,224,KE_sugar,kelp_sugar,KE_sugar,0.994
image_16.jpg,2582,4294,4182,4406,2470,2694,224,KE_sugar,kelp_sugar,KE_sugar,0.924
image_16.jpg,2961,4294,4182,4406,2849,3073,224,KE_sugar,kelp_sugar,KE_sugar,1
image_16.jpg,3339,4294,4182,4406,3227,3451,224,KE_sugar,kelp_sugar,KE_sugar,0.913
image_16.jpg,3718,4294,4182,4406,3606,3830,224,KE_sugar,kelp_sugar,manual_update,1
image_17.jpg,312,312,200,424,200,424,224,SU_peb,pebble,SU_peb,0.774
image_17.jpg,690,312,200,424,578,802,224,SU_anth,anthropogenic,manual_update,1
image_17.jpg,1068,312,200,424,956,1180,224,SU_anth,anthropogenic,manual_update,1
image_17.jpg,1447,312,200,424,1335,1559,224,RE_leaf,red_algae_flat_leaf,RE_leaf,0.923
image_17.jpg,1825,312,200,424,1713,1937,224,GR_ulva,green_algae_ulva,GR_ulva,0.729
image_17.jpg,2204,312,200,424,2092,2316,224,GR_ulva,green_algae_ulva,GR_ulva,0.897
image_17.jpg,2582,312,200,424,2470,2694,224,SU_cob,cobble,manual_update,1
image_17.jpg,2961,312,200,424,2849,3073,224,SU_silt,silt,SU_silt,0.995
image_17.jpg,3339,312,200,424,3227,3451,224,GR_ulva,green_algae_ulva,manual_update,1
image_17.jpg,3718,312,200,424,3606,3830,224,RE_leaf,red_algae_flat_leaf,RE_leaf,0.693
image_17.jpg,312,754,642,866,200,424,224,RE_leaf,red_algae_flat_leaf,manual_update,1
image_17.jpg,690,754,642,866,578,802,224,RE_leaf,red_algae_flat_leaf,RE_leaf,1
image_17.jpg,1068,754,642,866,956,1180,224,RE_leaf,red_algae_flat_leaf,RE_leaf,0.997
image_17.jpg,1447,754,642,866,1335,1559,224,BR_sarg,brown_algae_sargassum,manual_update,1
image_17.jpg,1825,754,642,866,1713,1937,224,GR_ulva,green_algae_ulva,GR_ulva,1
image_17.jpg,2204,754,642,866,2092,2316,224,GR_ulva,green_algae_ulva,GR_ulva,0.996
image_17.jpg,2582,754,642,866,2470,2694,224,SU_silt,silt,manual_update,1
image_17.jpg,2961,754,642,866,2849,3073,224,RE_leaf,red_algae_flat_leaf,manual_update,1
image_17.jpg,3339,754,642,866,3227,3451,224,SU_silt,silt,SU_silt,0.998
image_17.jpg,3718,754,642,866,3606,3830,224,RE_leaf,red_algae_flat_leaf,RE_leaf,0.508
image_17.jpg,312,1196,1084,1308,200,424,224,GR_ulva,green_algae_ulva,GR_ulva,1
image_17.jpg,690,1196,1084,1308,578,802,224,RE_branch,red_algae_branching,manual_update,1
image_17.jpg,1068,1196,1084,1308,956,1180,224,RE_branch,red_algae_branching,manual_update,1
image_17.jpg,1447,1196,1084,1308,1335,1559,224,GR_ulva,green_algae_ulva,GR_ulva,1
image_17.jpg,1825,1196,1084,1308,1713,1937,224,GR_ulva,green_algae_ulva,GR_ulva,0.991
image_17.jpg,2204,1196,1084,1308,2092,2316,224,SU_silt,silt,manual_update,1
image_17.jpg,2582,1196,1084,1308,2470,2694,224,SU_silt,silt,SU_silt,1
image_17.jpg,2961,1196,1084,1308,2849,3073,224,SU_silt,silt,SU_silt,0.999
image_17.jpg,3339,1196,1084,1308,3227,3451,224,RE_leaf,red_algae_flat_leaf,manual_update,1
image_17.jpg,3718,1196,1084,1308,3606,3830,224,RE_fil,red_algae_filamentous,RE_fil,0.725
image_17.jpg,312,1639,1527,1751,200,424,224,GR_ulva,green_algae_ulva,GR_ulva,0.961
image_17.jpg,690,1639,1527,1751,578,802,224,GR_ulva,green_algae_ulva,GR_ulva,1
image_17.jpg,1068,1639,1527,1751,956,1180,224,GR_ulva,green_algae_ulva,GR_ulva,1
image_17.jpg,1447,1639,1527,1751,1335,1559,224,RE_leaf,red_algae_flat_leaf,RE_leaf,0.922
image_17.jpg,1825,1639,1527,1751,1713,1937,224,GR_ulva,green_algae_ulva,GR_ulva,0.921
image_17.jpg,2204,1639,1527,1751,2092,2316,224,GR_ulva,green_algae_ulva,GR_ulva,0.996
image_17.jpg,2582,1639,1527,1751,2470,2694,224,BR_sarg,brown_algae_sargassum,BR_sarg,1
image_17.jpg,2961,1639,1527,1751,2849,3073,224,BR_sarg,brown_algae_sargassum,BR_sarg,1
image_17.jpg,3339,1639,1527,1751,3227,3451,224,RE_fil,red_algae_filamentous,RE_fil,0.998
image_17.jpg,3718,1639,1527,1751,3606,3830,224,RE_fil,red_algae_filamentous,RE_fil,0.815
image_17.jpg,312,2081,1969,2193,200,424,224,GR_ulva,green_algae_ulva,GR_ulva,1
image_17.jpg,690,2081,1969,2193,578,802,224,GR_ulva,green_algae_ulva,GR_ulva,1
image_17.jpg,1068,2081,1969,2193,956,1180,224,GR_ulva,green_algae_ulva,GR_ulva,1
image_17.jpg,1447,2081,1969,2193,1335,1559,224,RE_fil,red_algae_filamentous,RE_fil,0.993
image_17.jpg,1825,2081,1969,2193,1713,1937,224,RE_leaf,red_algae_flat_leaf,RE_leaf,0.84
image_17.jpg,2204,2081,1969,2193,2092,2316,224,RE_leaf,red_algae_flat_leaf,RE_leaf,1
image_17.jpg,2582,2081,1969,2193,2470,2694,224,RE_leaf,red_algae_flat_leaf,RE_leaf,0.998
image_17.jpg,2961,2081,1969,2193,2849,3073,224,RE_leaf,red_algae_flat_leaf,RE_leaf,0.995
image_17.jpg,3339,2081,1969,2193,3227,3451,224,RE_leaf,red_algae_flat_leaf,RE_leaf,1
image_17.jpg,3718,2081,1969,2193,3606,3830,224,RE_fil,red_algae_filamentous,RE_fil,1
image_17.jpg,312,2524,2412,2636,200,424,224,GR_ulva,green_algae_ulva,GR_ulva,1
image_17.jpg,690,2524,2412,2636,578,802,224,SU_silt,silt,SU_silt,0.425
image_17.jpg,1068,2524,2412,2636,956,1180,224,GR_ulva,green_algae_ulva,GR_ulva,1
image_17.jpg,1447,2524,2412,2636,1335,1559,224,GR_ulva,green_algae_ulva,GR_ulva,0.996
image_17.jpg,1825,2524,2412,2636,1713,1937,224,RE_fil,red_algae_filamentous,RE_fil,0.823
image_17.jpg,2204,2524,2412,2636,2092,2316,224,RE_leaf,red_algae_flat_leaf,RE_leaf,1
image_17.jpg,2582,2524,2412,2636,2470,2694,224,RE_branch,red_algae_branching,RE_branch,1
image_17.jpg,2961,2524,2412,2636,2849,3073,224,RE_leaf,red_algae_flat_leaf,RE_leaf,1
image_17.jpg,3339,2524,2412,2636,3227,3451,224,MS,mobile_species,MS,1
image_17.jpg,3718,2524,2412,2636,3606,3830,224,unknown,unknown_area,manual_update,1
image_17.jpg,312,2966,2854,3078,200,424,224,GR_ulva,green_algae_ulva,GR_ulva,1
image_17.jpg,690,2966,2854,3078,578,802,224,RE_fil,red_algae_filamentous,RE_fil,0.974
image_17.jpg,1068,2966,2854,3078,956,1180,224,GR_ulva,green_algae_ulva,GR_ulva,1
image_17.jpg,1447,2966,2854,3078,1335,1559,224,GR_ulva,green_algae_ulva,GR_ulva,0.995
image_17.jpg,1825,2966,2854,3078,1713,1937,224,GR_ulva,green_algae_ulva,GR_ulva,0.999
image_17.jpg,2204,2966,2854,3078,2092,2316,224,GR_ulva,green_algae_ulva,manual_update,1
image_17.jpg,2582,2966,2854,3078,2470,2694,224,RE_fil,red_algae_filamentous,manual_update,1
image_17.jpg,2961,2966,2854,3078,2849,3073,224,RE_branch,red_algae_branching,RE_branch,0.999
image_17.jpg,3339,2966,2854,3078,3227,3451,224,RE_branch,red_algae_branching,manual_update,1
image_17.jpg,3718,2966,2854,3078,3606,3830,224,GR_ulva,green_algae_ulva,GR_ulva,1
image_17.jpg,312,3409,3297,3521,200,424,224,GR_ulva,green_algae_ulva,GR_ulva,0.992
image_17.jpg,690,3409,3297,3521,578,802,224,GR_ulva,green_algae_ulva,GR_ulva,1
image_17.jpg,1068,3409,3297,3521,956,1180,224,GR_ulva,green_algae_ulva,GR_ulva,1
image_17.jpg,1447,3409,3297,3521,1335,1559,224,GR_ulva,green_algae_ulva,GR_ulva,1
image_17.jpg,1825,3409,3297,3521,1713,1937,224,GR_ulva,green_algae_ulva,GR_ulva,1
image_17.jpg,2204,3409,3297,3521,2092,2316,224,RE_branch,red_algae_branching,RE_branch,1
image_17.jpg,2582,3409,3297,3521,2470,2694,224,RE_leaf,red_algae_flat_leaf,RE_leaf,0.999
image_17.jpg,2961,3409,3297,3521,2849,3073,224,RE_leaf,red_algae_flat_leaf,RE_leaf,1
image_17.jpg,3339,3409,3297,3521,3227,3451,224,RE_branch,red_algae_branching,RE_branch,0.998
image_17.jpg,3718,3409,3297,3521,3606,3830,224,BR_sarg,brown_algae_sargassum,BR_sarg,0.947
image_17.jpg,312,3851,3739,3963,200,424,224,GR_ulva,green_algae_ulva,GR_ulva,0.999
image_17.jpg,690,3851,3739,3963,578,802,224,GR_ulva,green_algae_ulva,GR_ulva,1
image_17.jpg,1068,3851,3739,3963,956,1180,224,RE_leaf,red_algae_flat_leaf,manual_update,1
image_17.jpg,1447,3851,3739,3963,1335,1559,224,RE_branch,red_algae_branching,manual_update,1
image_17.jpg,1825,3851,3739,3963,1713,1937,224,RE_branch,red_algae_branching,RE_branch,0.999
image_17.jpg,2204,3851,3739,3963,2092,2316,224,RE_leaf,red_algae_flat_leaf,RE_leaf,0.999
image_17.jpg,2582,3851,3739,3963,2470,2694,224,RE_branch,red_algae_branching,RE_branch,0.995
image_17.jpg,2961,3851,3739,3963,2849,3073,224,RE_leaf,red_algae_flat_leaf,RE_leaf,0.974
image_17.jpg,3339,3851,3739,3963,3227,3451,224,GR_ulva,green_algae_ulva,GR_ulva,1
image_17.jpg,3718,3851,3739,3963,3606,3830,224,GR_ulva,green_algae_ulva,GR_ulva,1
image_17.jpg,312,4294,4182,4406,200,424,224,GR_ulva,green_algae_ulva,GR_ulva,0.999
image_17.jpg,690,4294,4182,4406,578,802,224,GR_ulva,green_algae_ulva,manual_update,1
image_17.jpg,1068,4294,4182,4406,956,1180,224,RE_leaf,red_algae_flat_leaf,RE_leaf,0.956
image_17.jpg,1447,4294,4182,4406,1335,1559,224,RE_leaf,red_algae_flat_leaf,RE_leaf,1
image_17.jpg,1825,4294,4182,4406,1713,1937,224,RE_leaf,red_algae_flat_leaf,RE_leaf,1
image_17.jpg,2204,4294,4182,4406,2092,2316,224,RE_leaf,red_algae_flat_leaf,RE_leaf,1
image_17.jpg,2582,4294,4182,4406,2470,2694,224,GR_ulva,green_algae_ulva,GR_ulva,0.997
image_17.jpg,2961,4294,4182,4406,2849,3073,224,GR_ulva,green_algae_ulva,GR_ulva,1
image_17.jpg,3339,4294,4182,4406,3227,3451,224,GR_ulva,green_algae_ulva,manual_update,1
image_17.jpg,3718,4294,4182,4406,3606,3830,224,GR_ulva,green_algae_ulva,GR_ulva,1
image_18.jpg,312,312,200,424,200,424,224,GR_ulva,green_algae_ulva,GR_ulva,1
image_18.jpg,733,312,200,424,621,845,224,unknown,unknown_area,manual_update,1
image_18.jpg,1154,312,200,424,1042,1266,224,KE_sugar,kelp_sugar,KE_sugar,0.848
image_18.jpg,1575,312,200,424,1463,1687,224,KE_sugar,kelp_sugar,KE_sugar,0.826
image_18.jpg,1996,312,200,424,1884,2108,224,KE_sugar,kelp_sugar,KE_sugar,0.967
image_18.jpg,2417,312,200,424,2305,2529,224,KE_sugar,kelp_sugar,manual_update,1
image_18.jpg,2838,312,200,424,2726,2950,224,SU_bould,boulder,SU_bould,0.859
image_18.jpg,3259,312,200,424,3147,3371,224,KE_sugar,kelp_sugar,KE_sugar,1
image_18.jpg,3680,312,200,424,3568,3792,224,KE_sugar,kelp_sugar,KE_sugar,0.366
image_18.jpg,4102,312,200,424,3990,4214,224,unknown,unknown_area,unknown,0.77
image_18.jpg,312,803,691,915,200,424,224,GR_ulva,green_algae_ulva,GR_ulva,1
image_18.jpg,733,803,691,915,621,845,224,GR_ulva,green_algae_ulva,GR_ulva,0.996
image_18.jpg,1154,803,691,915,1042,1266,224,GR_ulva,green_algae_ulva,GR_ulva,0.274
image_18.jpg,1575,803,691,915,1463,1687,224,KE_sugar,kelp_sugar,manual_update,1
image_18.jpg,1996,803,691,915,1884,2108,224,KE_sugar,kelp_sugar,KE_sugar,1
image_18.jpg,2417,803,691,915,2305,2529,224,KE_sugar,kelp_sugar,KE_sugar,0.811
image_18.jpg,2838,803,691,915,2726,2950,224,unknown,unknown_area,manual_update,1
image_18.jpg,3259,803,691,915,3147,3371,224,KE_sugar,kelp_sugar,manual_update,1
image_18.jpg,3680,803,691,915,3568,3792,224,KE_sugar,kelp_sugar,manual_update,1
image_18.jpg,4102,803,691,915,3990,4214,224,SU_bould,boulder,SU_bould,0.875
image_18.jpg,312,1294,1182,1406,200,424,224,GR_ulva,green_algae_ulva,GR_ulva,0.999
image_18.jpg,733,1294,1182,1406,621,845,224,GR_ulva,green_algae_ulva,GR_ulva,0.814
image_18.jpg,1154,1294,1182,1406,1042,1266,224,KE_sugar,kelp_sugar,KE_sugar,0.987
image_18.jpg,1575,1294,1182,1406,1463,1687,224,KE_sugar,kelp_sugar,manual_update,1
image_18.jpg,1996,1294,1182,1406,1884,2108,224,KE_sugar,kelp_sugar,KE_sugar,0.808
image_18.jpg,2417,1294,1182,1406,2305,2529,224,KE_sugar,kelp_sugar,KE_sugar,0.995
image_18.jpg,2838,1294,1182,1406,2726,2950,224,KE_sugar,kelp_sugar,KE_sugar,0.782
image_18.jpg,3259,1294,1182,1406,3147,3371,224,SU_shell,shell_hash,SU_shell,0.922
image_18.jpg,3680,1294,1182,1406,3568,3792,224,KE_sugar,kelp_sugar,KE_sugar,0.986
image_18.jpg,4102,1294,1182,1406,3990,4214,224,SU_cob,cobble,manual_update,1
image_18.jpg,312,1785,1673,1897,200,424,224,GR_ulva,green_algae_ulva,GR_ulva,0.999
image_18.jpg,733,1785,1673,1897,621,845,224,KE_sugar,kelp_sugar,manual_update,1
image_18.jpg,1154,1785,1673,1897,1042,1266,224,KE_sugar,kelp_sugar,KE_sugar,1
image_18.jpg,1575,1785,1673,1897,1463,1687,224,KE_sugar,kelp_sugar,KE_sugar,0.99
image_18.jpg,1996,1785,1673,1897,1884,2108,224,KE_sugar,kelp_sugar,manual_update,1
image_18.jpg,2417,1785,1673,1897,2305,2529,224,KE_sugar,kelp_sugar,KE_sugar,0.639
image_18.jpg,2838,1785,1673,1897,2726,2950,224,KE_sugar,kelp_sugar,KE_sugar,1
image_18.jpg,3259,1785,1673,1897,3147,3371,224,GR_ulva,green_algae_ulva,manual_update,1
image_18.jpg,3680,1785,1673,1897,3568,3792,224,KE_sugar,kelp_sugar,KE_sugar,1
image_18.jpg,4102,1785,1673,1897,3990,4214,224,KE_sugar,kelp_sugar,KE_sugar,0.985
image_18.jpg,312,2276,2164,2388,200,424,224,KE_sugar,kelp_sugar,KE_sugar,0.645
image_18.jpg,733,2276,2164,2388,621,845,224,KE_sugar,kelp_sugar,KE_sugar,0.984
image_18.jpg,1154,2276,2164,2388,1042,1266,224,KE_sugar,kelp_sugar,KE_sugar,1
image_18.jpg,1575,2276,2164,2388,1463,1687,224,KE_sugar,kelp_sugar,manual_update,1
image_18.jpg,1996,2276,2164,2388,1884,2108,224,KE_sugar,kelp_sugar,KE_sugar,1
image_18.jpg,2417,2276,2164,2388,2305,2529,224,KE_sugar,kelp_sugar,KE_sugar,0.99
image_18.jpg,2838,2276,2164,2388,2726,2950,224,KE_sugar,kelp_sugar,KE_sugar,0.66
image_18.jpg,3259,2276,2164,2388,3147,3371,224,KE_sugar,kelp_sugar,manual_update,1
image_18.jpg,3680,2276,2164,2388,3568,3792,224,GR_ulva,green_algae_ulva,GR_ulva,0.741
image_18.jpg,4102,2276,2164,2388,3990,4214,224,KE_sugar,kelp_sugar,KE_sugar,1
image_18.jpg,312,2767,2655,2879,200,424,224,MS,mobile_species,manual_update,1
image_18.jpg,733,2767,2655,2879,621,845,224,KE_sugar,kelp_sugar,KE_sugar,1
image_18.jpg,1154,2767,2655,2879,1042,1266,224,KE_sugar,kelp_sugar,KE_sugar,1
image_18.jpg,1575,2767,2655,2879,1463,1687,224,KE_sugar,kelp_sugar,KE_sugar,0.999
image_18.jpg,1996,2767,2655,2879,1884,2108,224,KE_sugar,kelp_sugar,KE_sugar,0.972
image_18.jpg,2417,2767,2655,2879,2305,2529,224,MS,mobile_species,MS,1
image_18.jpg,2838,2767,2655,2879,2726,2950,224,MS,mobile_species,MS,0.999
image_18.jpg,3259,2767,2655,2879,3147,3371,224,GR_ulva,green_algae_ulva,GR_ulva,0.606
image_18.jpg,3680,2767,2655,2879,3568,3792,224,GR_ulva,green_algae_ulva,GR_ulva,0.773
image_18.jpg,4102,2767,2655,2879,3990,4214,224,KE_sugar,kelp_sugar,KE_sugar,0.94
image_18.jpg,312,3258,3146,3370,200,424,224,KE_sugar,kelp_sugar,KE_sugar,1
image_18.jpg,733,3258,3146,3370,621,845,224,KE_sugar,kelp_sugar,KE_sugar,0.965
image_18.jpg,1154,3258,3146,3370,1042,1266,224,KE_sugar,kelp_sugar,KE_sugar,0.999
image_18.jpg,1575,3258,3146,3370,1463,1687,224,KE_sugar,kelp_sugar,KE_sugar,1
image_18.jpg,1996,3258,3146,3370,1884,2108,224,KE_sugar,kelp_sugar,KE_sugar,0.994
image_18.jpg,2417,3258,3146,3370,2305,2529,224,MS,mobile_species,MS,1
image_18.jpg,2838,3258,3146,3370,2726,2950,224,KE_sugar,kelp_sugar,KE_sugar,1
image_18.jpg,3259,3258,3146,3370,3147,3371,224,SU_peb,pebble,manual_update,1
image_18.jpg,3680,3258,3146,3370,3568,3792,224,SU_peb,pebble,SU_peb,0.771
image_18.jpg,4102,3258,3146,3370,3990,4214,224,SU_peb,pebble,SU_peb,0.953
image_18.jpg,312,3749,3637,3861,200,424,224,KE_sugar,kelp_sugar,KE_sugar,1
image_18.jpg,733,3749,3637,3861,621,845,224,KE_sugar,kelp_sugar,KE_sugar,0.805
image_18.jpg,1154,3749,3637,3861,1042,1266,224,KE_sugar,kelp_sugar,KE_sugar,0.987
image_18.jpg,1575,3749,3637,3861,1463,1687,224,KE_sugar,kelp_sugar,KE_sugar,0.994
image_18.jpg,1996,3749,3637,3861,1884,2108,224,KE_sugar,kelp_sugar,KE_sugar,1
image_18.jpg,2417,3749,3637,3861,2305,2529,224,KE_sugar,kelp_sugar,KE_sugar,0.999
image_18.jpg,2838,3749,3637,3861,2726,2950,224,KE_sugar,kelp_sugar,KE_sugar,0.992
image_18.jpg,3259,3749,3637,3861,3147,3371,224,SU_peb,pebble,manual_update,1
image_18.jpg,3680,3749,3637,3861,3568,3792,224,SU_peb,pebble,SU_peb,1
image_18.jpg,4102,3749,3637,3861,3990,4214,224,SU_silt,silt,SU_silt,0.595
image_18.jpg,312,4240,4128,4352,200,424,224,KE_sugar,kelp_sugar,manual_update,1
image_18.jpg,733,4240,4128,4352,621,845,224,KE_sugar,kelp_sugar,KE_sugar,1
image_18.jpg,1154,4240,4128,4352,1042,1266,224,KE_sugar,kelp_sugar,KE_sugar,0.848
image_18.jpg,1575,4240,4128,4352,1463,1687,224,KE_sugar,kelp_sugar,KE_sugar,1
image_18.jpg,1996,4240,4128,4352,1884,2108,224,KE_sugar,kelp_sugar,KE_sugar,0.717
image_18.jpg,2417,4240,4128,4352,2305,2529,224,GR_ulva,green_algae_ulva,manual_update,1
image_18.jpg,2838,4240,4128,4352,2726,2950,224,SU_cob,cobble,SU_cob,0.997
image_18.jpg,3259,4240,4128,4352,3147,3371,224,SU_peb,pebble,manual_update,1
image_18.jpg,3680,4240,4128,4352,3568,3792,224,SU_peb,pebble,SU_peb,0.994
image_18.jpg,4102,4240,4128,4352,3990,4214,224,SU_peb,pebble,manual_update,1
image_18.jpg,312,4732,4620,4844,200,424,224,unknown,unknown_area,manual_update,1
image_18.jpg,733,4732,4620,4844,621,845,224,unknown,unknown_area,manual_update,1
image_18.jpg,1154,4732,4620,4844,1042,1266,224,unknown,unknown_area,manual_update,1
image_18.jpg,1575,4732,4620,4844,1463,1687,224,KE_sugar,kelp_sugar,manual_update,1
image_18.jpg,1996,4732,4620,4844,1884,2108,224,GR_ulva,green_algae_ulva,GR_ulva,0.596
image_18.jpg,2417,4732,4620,4844,2305,2529,224,GR_ulva,green_algae_ulva,manual_update,1
image_18.jpg,2838,4732,4620,4844,2726,2950,224,GR_ulva,green_algae_ulva,GR_ulva,0.973
image_18.jpg,3259,4732,4620,4844,3147,3371,224,GR_ulva,green_algae_ulva,manual_update,1
image_18.jpg,3680,4732,4620,4844,3568,3792,224,SU_peb,pebble,SU_peb,0.969
image_18.jpg,4102,4732,4620,4844,3990,4214,224,SU_peb,pebble,manual_update,1
image_19.jpg,312,312,200,424,200,424,224,unknown,unknown_area,unknown,1
image_19.jpg,690,312,200,424,578,802,224,unknown,unknown_area,unknown,1
image_19.jpg,1068,312,200,424,956,1180,224,unknown,unknown_area,unknown,1
image_19.jpg,1447,312,200,424,1335,1559,224,unknown,unknown_area,unknown,0.66
image_19.jpg,1825,312,200,424,1713,1937,224,unknown,unknown_area,unknown,0.447
image_19.jpg,2204,312,200,424,2092,2316,224,unknown,unknown_area,unknown,0.991
image_19.jpg,2582,312,200,424,2470,2694,224,unknown,unknown_area,unknown,0.956
image_19.jpg,2961,312,200,424,2849,3073,224,unknown,unknown_area,unknown,0.934
image_19.jpg,3339,312,200,424,3227,3451,224,unknown,unknown_area,unknown,0.978
image_19.jpg,3718,312,200,424,3606,3830,224,unknown,unknown_area,unknown,1
image_19.jpg,312,754,642,866,200,424,224,unknown,unknown_area,unknown,1
image_19.jpg,690,754,642,866,578,802,224,unknown,unknown_area,unknown,0.999
image_19.jpg,1068,754,642,866,956,1180,224,unknown,unknown_area,unknown,0.996
image_19.jpg,1447,754,642,866,1335,1559,224,unknown,unknown_area,unknown,0.987
image_19.jpg,1825,754,642,866,1713,1937,224,unknown,unknown_area,manual_update,1
image_19.jpg,2204,754,642,866,2092,2316,224,RE_fil,red_algae_filamentous,manual_update,1
image_19.jpg,2582,754,642,866,2470,2694,224,RE_fil,red_algae_filamentous,RE_fil,0.959
image_19.jpg,2961,754,642,866,2849,3073,224,RE_fil,red_algae_filamentous,RE_fil,0.518
image_19.jpg,3339,754,642,866,3227,3451,224,unknown,unknown_area,unknown,0.81
image_19.jpg,3718,754,642,866,3606,3830,224,unknown,unknown_area,manual_update,1
image_19.jpg,312,1196,1084,1308,200,424,224,KE_sieve,kelp_sieve,KE_sieve,0.965
image_19.jpg,690,1196,1084,1308,578,802,224,KE_sieve,kelp_sieve,KE_sieve,0.501
image_19.jpg,1068,1196,1084,1308,956,1180,224,unknown,unknown_area,manual_update,1
image_19.jpg,1447,1196,1084,1308,1335,1559,224,unknown,unknown_area,manual_update,1
image_19.jpg,1825,1196,1084,1308,1713,1937,224,RE_fil,red_algae_filamentous,RE_fil,0.944
image_19.jpg,2204,1196,1084,1308,2092,2316,224,RE_fil,red_algae_filamentous,RE_fil,0.998
image_19.jpg,2582,1196,1084,1308,2470,2694,224,RE_fil,red_algae_filamentous,RE_fil,1
image_19.jpg,2961,1196,1084,1308,2849,3073,224,RE_fil,red_algae_filamentous,RE_fil,0.998
image_19.jpg,3339,1196,1084,1308,3227,3451,224,RE_fil,red_algae_filamentous,RE_fil,0.511
image_19.jpg,3718,1196,1084,1308,3606,3830,224,unknown,unknown_area,manual_update,1
image_19.jpg,312,1639,1527,1751,200,424,224,KE_sieve,kelp_sieve,manual_update,1
image_19.jpg,690,1639,1527,1751,578,802,224,KE_sieve,kelp_sieve,KE_sieve,0.904
image_19.jpg,1068,1639,1527,1751,956,1180,224,KE_sieve,kelp_sieve,KE_sieve,0.56
image_19.jpg,1447,1639,1527,1751,1335,1559,224,KE_stipe,kelp_stipe,KE_stipe,0.701
image_19.jpg,1825,1639,1527,1751,1713,1937,224,RE_fil,red_algae_filamentous,RE_fil,1
image_19.jpg,2204,1639,1527,1751,2092,2316,224,RE_fil,red_algae_filamentous,RE_fil,1
image_19.jpg,2582,1639,1527,1751,2470,2694,224,RE_fil,red_algae_filamentous,RE_fil,1
image_19.jpg,2961,1639,1527,1751,2849,3073,224,SU_bould,boulder,manual_update,1
image_19.jpg,3339,1639,1527,1751,3227,3451,224,RE_fil,red_algae_filamentous,RE_fil,1
image_19.jpg,3718,1639,1527,1751,3606,3830,224,unknown,unknown_area,manual_update,1
image_19.jpg,312,2081,1969,2193,200,424,224,KE_sieve,kelp_sieve,manual_update,1
image_19.jpg,690,2081,1969,2193,578,802,224,SU_bould,boulder,SU_bould,0.47
image_19.jpg,1068,2081,1969,2193,956,1180,224,KE_sieve,kelp_sieve,KE_sieve,1
image_19.jpg,1447,2081,1969,2193,1335,1559,224,KE_sieve,kelp_sieve,KE_sieve,0.969
image_19.jpg,1825,2081,1969,2193,1713,1937,224,RE_fil,red_algae_filamentous,RE_fil,1
image_19.jpg,2204,2081,1969,2193,2092,2316,224,RE_fil,red_algae_filamentous,RE_fil,1
image_19.jpg,2582,2081,1969,2193,2470,2694,224,RE_fil,red_algae_filamentous,RE_fil,1
image_19.jpg,2961,2081,1969,2193,2849,3073,224,MS,mobile_species,MS,0.826
image_19.jpg,3339,2081,1969,2193,3227,3451,224,SU_bould,boulder,SU_bould,0.984
image_19.jpg,3718,2081,1969,2193,3606,3830,224,RE_fil,red_algae_filamentous,manual_update,1
image_19.jpg,312,2524,2412,2636,200,424,224,unknown,unknown_area,manual_update,1
image_19.jpg,690,2524,2412,2636,578,802,224,SU_bould,boulder,SU_bould,0.919
image_19.jpg,1068,2524,2412,2636,956,1180,224,SU_bould,boulder,manual_update,1
image_19.jpg,1447,2524,2412,2636,1335,1559,224,RE_branch,red_algae_branching,RE_branch,1
image_19.jpg,1825,2524,2412,2636,1713,1937,224,RE_fil,red_algae_filamentous,RE_fil,1
image_19.jpg,2204,2524,2412,2636,2092,2316,224,RE_fil,red_algae_filamentous,RE_fil,1
image_19.jpg,2582,2524,2412,2636,2470,2694,224,SU_bould,boulder,manual_update,1
image_19.jpg,2961,2524,2412,2636,2849,3073,224,RE_fil,red_algae_filamentous,RE_fil,1
image_19.jpg,3339,2524,2412,2636,3227,3451,224,SU_bould,boulder,manual_update,1
image_19.jpg,3718,2524,2412,2636,3606,3830,224,SU_bould,boulder,manual_update,1
image_19.jpg,312,2966,2854,3078,200,424,224,unknown,unknown_area,manual_update,1
image_19.jpg,690,2966,2854,3078,578,802,224,SU_bould,boulder,SU_bould,1
image_19.jpg,1068,2966,2854,3078,956,1180,224,SU_bould,boulder,manual_update,1
image_19.jpg,1447,2966,2854,3078,1335,1559,224,SU_bould,boulder,manual_update,1
image_19.jpg,1825,2966,2854,3078,1713,1937,224,SU_bould,boulder,manual_update,1
image_19.jpg,2204,2966,2854,3078,2092,2316,224,RE_fil,red_algae_filamentous,RE_fil,1
image_19.jpg,2582,2966,2854,3078,2470,2694,224,RE_fil,red_algae_filamentous,RE_fil,0.999
image_19.jpg,2961,2966,2854,3078,2849,3073,224,RE_fil,red_algae_filamentous,RE_fil,1
image_19.jpg,3339,2966,2854,3078,3227,3451,224,RE_branch,red_algae_branching,manual_update,1
image_19.jpg,3718,2966,2854,3078,3606,3830,224,RE_branch,red_algae_branching,manual_update,1
image_19.jpg,312,3409,3297,3521,200,424,224,unknown,unknown_area,manual_update,1
image_19.jpg,690,3409,3297,3521,578,802,224,SU_bould,boulder,SU_bould,0.999
image_19.jpg,1068,3409,3297,3521,956,1180,224,SU_bould,boulder,SU_bould,0.922
image_19.jpg,1447,3409,3297,3521,1335,1559,224,SU_bould,boulder,manual_update,1
image_19.jpg,1825,3409,3297,3521,1713,1937,224,SU_bould,boulder,SU_bould,0.675
image_19.jpg,2204,3409,3297,3521,2092,2316,224,RE_fil,red_algae_filamentous,RE_fil,1
image_19.jpg,2582,3409,3297,3521,2470,2694,224,RE_fil,red_algae_filamentous,RE_fil,1
image_19.jpg,2961,3409,3297,3521,2849,3073,224,RE_fil,red_algae_filamentous,RE_fil,1
image_19.jpg,3339,3409,3297,3521,3227,3451,224,SU_bould,boulder,manual_update,1
image_19.jpg,3718,3409,3297,3521,3606,3830,224,SU_bould,boulder,SU_bould,0.994
image_19.jpg,312,3851,3739,3963,200,424,224,unknown,unknown_area,manual_update,1
image_19.jpg,690,3851,3739,3963,578,802,224,KE_sieve,kelp_sieve,KE_sieve,0.991
image_19.jpg,1068,3851,3739,3963,956,1180,224,SU_bould,boulder,SU_bould,0.905
image_19.jpg,1447,3851,3739,3963,1335,1559,224,SU_bould,boulder,SU_bould,0.708
image_19.jpg,1825,3851,3739,3963,1713,1937,224,SU_bould,boulder,manual_update,1
image_19.jpg,2204,3851,3739,3963,2092,2316,224,SU_bould,boulder,SU_bould,0.662
image_19.jpg,2582,3851,3739,3963,2470,2694,224,RE_fil,red_algae_filamentous,manual_update,1
image_19.jpg,2961,3851,3739,3963,2849,3073,224,RE_fil,red_algae_filamentous,RE_fil,1
image_19.jpg,3339,3851,3739,3963,3227,3451,224,RE_fil,red_algae_filamentous,RE_fil,0.999
image_19.jpg,3718,3851,3739,3963,3606,3830,224,SU_bould,boulder,SU_bould,0.983
image_19.jpg,312,4294,4182,4406,200,424,224,KE_sieve,kelp_sieve,KE_sieve,1
image_19.jpg,690,4294,4182,4406,578,802,224,KE_sieve,kelp_sieve,KE_sieve,1
image_19.jpg,1068,4294,4182,4406,956,1180,224,SU_bould,boulder,SU_bould,0.607
image_19.jpg,1447,4294,4182,4406,1335,1559,224,SU_bould,boulder,SU_bould,0.995
image_19.jpg,1825,4294,4182,4406,1713,1937,224,RE_branch,red_algae_branching,RE_branch,0.926
image_19.jpg,2204,4294,4182,4406,2092,2316,224,SU_bould,boulder,SU_bould,0.931
image_19.jpg,2582,4294,4182,4406,2470,2694,224,SU_bould,boulder,SU_bould,0.999
image_19.jpg,2961,4294,4182,4406,2849,3073,224,RE_fil,red_algae_filamentous,RE_fil,0.996
image_19.jpg,3339,4294,4182,4406,3227,3451,224,KE_sieve,kelp_sieve,KE_sieve,0.994
image_19.jpg,3718,4294,4182,4406,3606,3830,224,KE_sieve,kelp_sieve,KE_sieve,0.475
image_20.jpg,312,312,200,424,200,424,224,unknown,unknown_area,unknown,0.927
image_20.jpg,690,312,200,424,578,802,224,unknown,unknown_area,unknown,0.989
image_20.jpg,1068,312,200,424,956,1180,224,unknown,unknown_area,manual_update,1
image_20.jpg,1447,312,200,424,1335,1559,224,unknown,unknown_area,unknown,0.69
image_20.jpg,1825,312,200,424,1713,1937,224,unknown,unknown_area,unknown,0.929
image_20.jpg,2204,312,200,424,2092,2316,224,unknown,unknown_area,manual_update,1
image_20.jpg,2582,312,200,424,2470,2694,224,unknown,unknown_area,manual_update,1
image_20.jpg,2961,312,200,424,2849,3073,224,unknown,unknown_area,manual_update,1
image_20.jpg,3339,312,200,424,3227,3451,224,unknown,unknown_area,manual_update,1
image_20.jpg,3718,312,200,424,3606,3830,224,unknown,unknown_area,manual_update,1
image_20.jpg,312,754,642,866,200,424,224,unknown,unknown_area,manual_update,1
image_20.jpg,690,754,642,866,578,802,224,unknown,unknown_area,manual_update,1
image_20.jpg,1068,754,642,866,956,1180,224,SU_bould,boulder,SU_bould,0.635
image_20.jpg,1447,754,642,866,1335,1559,224,SU_bould,boulder,manual_update,1
image_20.jpg,1825,754,642,866,1713,1937,224,unknown,unknown_area,manual_update,1
image_20.jpg,2204,754,642,866,2092,2316,224,unknown,unknown_area,manual_update,1
image_20.jpg,2582,754,642,866,2470,2694,224,unknown,unknown_area,manual_update,1
image_20.jpg,2961,754,642,866,2849,3073,224,unknown,unknown_area,manual_update,1
image_20.jpg,3339,754,642,866,3227,3451,224,KE_sieve,kelp_sieve,KE_sieve,0.437
image_20.jpg,3718,754,642,866,3606,3830,224,KE_sieve,kelp_sieve,manual_update,1
image_20.jpg,312,1196,1084,1308,200,424,224,unknown,unknown_area,manual_update,1
image_20.jpg,690,1196,1084,1308,578,802,224,SU_bould,boulder,manual_update,1
image_20.jpg,1068,1196,1084,1308,956,1180,224,SU_bould,boulder,manual_update,1
image_20.jpg,1447,1196,1084,1308,1335,1559,224,SU_bould,boulder,manual_update,1
image_20.jpg,1825,1196,1084,1308,1713,1937,224,SU_bould,boulder,manual_update,1
image_20.jpg,2204,1196,1084,1308,2092,2316,224,SU_bould,boulder,manual_update,1
image_20.jpg,2582,1196,1084,1308,2470,2694,224,RE_CCA,red_algae_encrusting_CCA,RE_CCA,1
image_20.jpg,2961,1196,1084,1308,2849,3073,224,SU_bould,boulder,manual_update,1
image_20.jpg,3339,1196,1084,1308,3227,3451,224,KE_sieve,kelp_sieve,KE_sieve,0.959
image_20.jpg,3718,1196,1084,1308,3606,3830,224,KE_sieve,kelp_sieve,KE_sieve,0.969
image_20.jpg,312,1639,1527,1751,200,424,224,SU_bould,boulder,SU_bould,0.949
image_20.jpg,690,1639,1527,1751,578,802,224,SU_bould,boulder,manual_update,1
image_20.jpg,1068,1639,1527,1751,956,1180,224,SU_bould,boulder,manual_update,1
image_20.jpg,1447,1639,1527,1751,1335,1559,224,SU_bould,boulder,SU_bould,0.527
image_20.jpg,1825,1639,1527,1751,1713,1937,224,SU_bould,boulder,SU_bould,0.915
image_20.jpg,2204,1639,1527,1751,2092,2316,224,SU_bould,boulder,SU_bould,1
image_20.jpg,2582,1639,1527,1751,2470,2694,224,RE_CCA,red_algae_encrusting_CCA,RE_CCA,1
image_20.jpg,2961,1639,1527,1751,2849,3073,224,SU_bould,boulder,SU_bould,1
image_20.jpg,3339,1639,1527,1751,3227,3451,224,SU_bould,boulder,SU_bould,1
image_20.jpg,3718,1639,1527,1751,3606,3830,224,KE_sieve,kelp_sieve,KE_sieve,1
image_20.jpg,312,2081,1969,2193,200,424,224,unknown,unknown_area,manual_update,1
image_20.jpg,690,2081,1969,2193,578,802,224,SU_bould,boulder,SU_bould,0.909
image_20.jpg,1068,2081,1969,2193,956,1180,224,SU_bould,boulder,SU_bould,1
image_20.jpg,1447,2081,1969,2193,1335,1559,224,SU_bould,boulder,SU_bould,1
image_20.jpg,1825,2081,1969,2193,1713,1937,224,SU_bould,boulder,SU_bould,0.999
image_20.jpg,2204,2081,1969,2193,2092,2316,224,RE_CCA,red_algae_encrusting_CCA,RE_CCA,0.981
image_20.jpg,2582,2081,1969,2193,2470,2694,224,SU_bould,boulder,SU_bould,0.69
image_20.jpg,2961,2081,1969,2193,2849,3073,224,SU_bould,boulder,SU_bould,0.726
image_20.jpg,3339,2081,1969,2193,3227,3451,224,SU_bould,boulder,manual_update,1
image_20.jpg,3718,2081,1969,2193,3606,3830,224,unknown,unknown_area,manual_update,1
image_20.jpg,312,2524,2412,2636,200,424,224,KE_sieve,kelp_sieve,KE_sieve,1
image_20.jpg,690,2524,2412,2636,578,802,224,SU_bould,boulder,SU_bould,1
image_20.jpg,1068,2524,2412,2636,956,1180,224,SU_bould,boulder,manual_update,1
image_20.jpg,1447,2524,2412,2636,1335,1559,224,SU_bould,boulder,manual_update,1
image_20.jpg,1825,2524,2412,2636,1713,1937,224,SU_bould,boulder,SU_bould,0.948
image_20.jpg,2204,2524,2412,2636,2092,2316,224,SU_bould,boulder,SU_bould,0.809
image_20.jpg,2582,2524,2412,2636,2470,2694,224,RE_fil,red_algae_filamentous,RE_fil,0.555
image_20.jpg,2961,2524,2412,2636,2849,3073,224,RE_fil,red_algae_filamentous,RE_fil,1
image_20.jpg,3339,2524,2412,2636,3227,3451,224,RE_fil,red_algae_filamentous,RE_fil,1
image_20.jpg,3718,2524,2412,2636,3606,3830,224,RE_leaf,red_algae_flat_leaf,RE_leaf,0.845
image_20.jpg,312,2966,2854,3078,200,424,224,KE_sieve,kelp_sieve,manual_update,1
image_20.jpg,690,2966,2854,3078,578,802,224,RE_branch,red_algae_branching,manual_update,1
image_20.jpg,1068,2966,2854,3078,956,1180,224,SU_bould,boulder,manual_update,1
image_20.jpg,1447,2966,2854,3078,1335,1559,224,SU_bould,boulder,SU_bould,1
image_20.jpg,1825,2966,2854,3078,1713,1937,224,RE_branch,red_algae_branching,RE_branch,0.959
image_20.jpg,2204,2966,2854,3078,2092,2316,224,SU_bould,boulder,SU_bould,0.911
image_20.jpg,2582,2966,2854,3078,2470,2694,224,SU_bould,boulder,SU_bould,0.827
image_20.jpg,2961,2966,2854,3078,2849,3073,224,SU_bould,boulder,SU_bould,0.76
image_20.jpg,3339,2966,2854,3078,3227,3451,224,SU_bould,boulder,SU_bould,0.993
image_20.jpg,3718,2966,2854,3078,3606,3830,224,SU_bould,boulder,SU_bould,0.973
image_20.jpg,312,3409,3297,3521,200,424,224,KE_sieve,kelp_sieve,KE_sieve,0.951
image_20.jpg,690,3409,3297,3521,578,802,224,SU_bould,boulder,SU_bould,0.55
image_20.jpg,1068,3409,3297,3521,956,1180,224,RE_CCA,red_algae_encrusting_CCA,RE_CCA,0.563
image_20.jpg,1447,3409,3297,3521,1335,1559,224,SU_bould,boulder,SU_bould,0.925
image_20.jpg,1825,3409,3297,3521,1713,1937,224,unknown,unknown_area,manual_update,1
image_20.jpg,2204,3409,3297,3521,2092,2316,224,SU_bould,boulder,manual_update,1
image_20.jpg,2582,3409,3297,3521,2470,2694,224,SU_bould,boulder,SU_bould,0.975
image_20.jpg,2961,3409,3297,3521,2849,3073,224,SU_bould,boulder,SU_bould,0.991
image_20.jpg,3339,3409,3297,3521,3227,3451,224,SU_bould,boulder,manual_update,1
image_20.jpg,3718,3409,3297,3521,3606,3830,224,SU_bould,boulder,SU_bould,1
image_20.jpg,312,3851,3739,3963,200,424,224,KE_sieve,kelp_sieve,KE_sieve,0.953
image_20.jpg,690,3851,3739,3963,578,802,224,unknown,unknown_area,manual_update,1
image_20.jpg,1068,3851,3739,3963,956,1180,224,KE_sieve,kelp_sieve,KE_sieve,0.999
image_20.jpg,1447,3851,3739,3963,1335,1559,224,KE_sieve,kelp_sieve,KE_sieve,0.99
image_20.jpg,1825,3851,3739,3963,1713,1937,224,SU_bould,boulder,manual_update,1
image_20.jpg,2204,3851,3739,3963,2092,2316,224,RE_CCA,red_algae_encrusting_CCA,RE_CCA,0.838
image_20.jpg,2582,3851,3739,3963,2470,2694,224,RE_branch,red_algae_branching,RE_branch,1
image_20.jpg,2961,3851,3739,3963,2849,3073,224,RE_leaf,red_algae_flat_leaf,RE_leaf,1
image_20.jpg,3339,3851,3739,3963,3227,3451,224,SU_bould,boulder,SU_bould,0.923
image_20.jpg,3718,3851,3739,3963,3606,3830,224,SU_bould,boulder,SU_bould,1
image_20.jpg,312,4294,4182,4406,200,424,224,KE_sieve,kelp_sieve,KE_sieve,0.936
image_20.jpg,690,4294,4182,4406,578,802,224,KE_sieve,kelp_sieve,KE_sieve,1
image_20.jpg,1068,4294,4182,4406,956,1180,224,KE_sieve,kelp_sieve,KE_sieve,1
image_20.jpg,1447,4294,4182,4406,1335,1559,224,KE_sieve,kelp_sieve,KE_sieve,0.999
image_20.jpg,1825,4294,4182,4406,1713,1937,224,unknown,unknown_area,manual_update,1
image_20.jpg,2204,4294,4182,4406,2092,2316,224,SU_bould,boulder,SU_bould,0.808
image_20.jpg,2582,4294,4182,4406,2470,2694,224,SU_bould,boulder,SU_bould,0.999
image_20.jpg,2961,4294,4182,4406,2849,3073,224,RE_CCA,red_algae_encrusting_CCA,RE_CCA,0.99
image_20.jpg,3339,4294,4182,4406,3227,3451,224,SU_bould,boulder,SU_bould,1
image_20.jpg,3718,4294,4182,4406,3606,3830,224,SU_bould,boulder,SU_bould,0.999
image_21.jpg,312,312,200,424,200,424,224,SU_bould,boulder,manual_update,1
image_21.jpg,690,312,200,424,578,802,224,SU_bould,boulder,SU_bould,0.967
image_21.jpg,1068,312,200,424,956,1180,224,SU_bould,boulder,manual_update,1
image_21.jpg,1447,312,200,424,1335,1559,224,RE_branch,red_algae_branching,manual_update,1
image_21.jpg,1825,312,200,424,1713,1937,224,SU_bould,boulder,manual_update,1
image_21.jpg,2204,312,200,424,2092,2316,224,BR_sarg,brown_algae_sargassum,manual_update,1
image_21.jpg,2582,312,200,424,2470,2694,224,BR_sarg,brown_algae_sargassum,BR_sarg,0.628
image_21.jpg,2961,312,200,424,2849,3073,224,RE_branch,red_algae_branching,RE_branch,0.921
image_21.jpg,3339,312,200,424,3227,3451,224,BR_sarg,brown_algae_sargassum,BR_sarg,0.995
image_21.jpg,3718,312,200,424,3606,3830,224,unknown,unknown_area,manual_update,1
image_21.jpg,312,754,642,866,200,424,224,SU_bould,boulder,SU_bould,0.567
image_21.jpg,690,754,642,866,578,802,224,SU_bould,boulder,SU_bould,0.459
image_21.jpg,1068,754,642,866,956,1180,224,RE_branch,red_algae_branching,RE_branch,0.749
image_21.jpg,1447,754,642,866,1335,1559,224,BR_sarg,brown_algae_sargassum,BR_sarg,0.966
image_21.jpg,1825,754,642,866,1713,1937,224,SU_bould,boulder,manual_update,1
image_21.jpg,2204,754,642,866,2092,2316,224,BR_sarg,brown_algae_sargassum,BR_sarg,0.852
image_21.jpg,2582,754,642,866,2470,2694,224,BR_sarg,brown_algae_sargassum,BR_sarg,1
image_21.jpg,2961,754,642,866,2849,3073,224,BR_sarg,brown_algae_sargassum,BR_sarg,0.813
image_21.jpg,3339,754,642,866,3227,3451,224,SU_bould,boulder,manual_update,1
image_21.jpg,3718,754,642,866,3606,3830,224,unknown,unknown_area,manual_update,1
image_21.jpg,312,1196,1084,1308,200,424,224,SU_bould,boulder,manual_update,1
image_21.jpg,690,1196,1084,1308,578,802,224,RE_leaf,red_algae_flat_leaf,RE_leaf,0.996
image_21.jpg,1068,1196,1084,1308,956,1180,224,BR_sarg,brown_algae_sargassum,BR_sarg,0.981
image_21.jpg,1447,1196,1084,1308,1335,1559,224,RE_CCA,red_algae_encrusting_CCA,RE_CCA,0.998
image_21.jpg,1825,1196,1084,1308,1713,1937,224,BR_sarg,brown_algae_sargassum,BR_sarg,0.998
image_21.jpg,2204,1196,1084,1308,2092,2316,224,BR_sarg,brown_algae_sargassum,BR_sarg,1
image_21.jpg,2582,1196,1084,1308,2470,2694,224,BR_sarg,brown_algae_sargassum,BR_sarg,1
image_21.jpg,2961,1196,1084,1308,2849,3073,224,SU_bould,boulder,SU_bould,0.969
image_21.jpg,3339,1196,1084,1308,3227,3451,224,BR_sarg,brown_algae_sargassum,BR_sarg,1
image_21.jpg,3718,1196,1084,1308,3606,3830,224,BR_sarg,brown_algae_sargassum,BR_sarg,1
image_21.jpg,312,1639,1527,1751,200,424,224,RE_branch,red_algae_branching,manual_update,1
image_21.jpg,690,1639,1527,1751,578,802,224,BR_sarg,brown_algae_sargassum,BR_sarg,0.413
image_21.jpg,1068,1639,1527,1751,956,1180,224,BR_sarg,brown_algae_sargassum,BR_sarg,1
image_21.jpg,1447,1639,1527,1751,1335,1559,224,BR_sarg,brown_algae_sargassum,BR_sarg,0.995
image_21.jpg,1825,1639,1527,1751,1713,1937,224,BR_sarg,brown_algae_sargassum,BR_sarg,0.933
image_21.jpg,2204,1639,1527,1751,2092,2316,224,BR_sarg,brown_algae_sargassum,BR_sarg,0.999
image_21.jpg,2582,1639,1527,1751,2470,2694,224,SU_bould,boulder,SU_bould,0.953
image_21.jpg,2961,1639,1527,1751,2849,3073,224,SU_bould,boulder,manual_update,1
image_21.jpg,3339,1639,1527,1751,3227,3451,224,RE_fil,red_algae_filamentous,RE_fil,0.76
image_21.jpg,3718,1639,1527,1751,3606,3830,224,SU_bould,boulder,SU_bould,0.978
image_21.jpg,312,2081,1969,2193,200,424,224,unknown,unknown_area,manual_update,1
image_21.jpg,690,2081,1969,2193,578,802,224,unknown,unknown_area,manual_update,1
image_21.jpg,1068,2081,1969,2193,956,1180,224,BR_sarg,brown_algae_sargassum,manual_update,1
image_21.jpg,1447,2081,1969,2193,1335,1559,224,BR_sarg,brown_algae_sargassum,BR_sarg,0.842
image_21.jpg,1825,2081,1969,2193,1713,1937,224,BR_sarg,brown_algae_sargassum,BR_sarg,1
image_21.jpg,2204,2081,1969,2193,2092,2316,224,RE_CCA,red_algae_encrusting_CCA,RE_CCA,1
image_21.jpg,2582,2081,1969,2193,2470,2694,224,BR_sarg,brown_algae_sargassum,manual_update,1
image_21.jpg,2961,2081,1969,2193,2849,3073,224,RE_branch,red_algae_branching,manual_update,1
image_21.jpg,3339,2081,1969,2193,3227,3451,224,RE_branch,red_algae_branching,manual_update,1
image_21.jpg,3718,2081,1969,2193,3606,3830,224,RE_branch,red_algae_branching,manual_update,1
image_21.jpg,312,2524,2412,2636,200,424,224,unknown,unknown_area,manual_update,1
image_21.jpg,690,2524,2412,2636,578,802,224,unknown,unknown_area,manual_update,1
image_21.jpg,1068,2524,2412,2636,956,1180,224,BR_sarg,brown_algae_sargassum,manual_update,1
image_21.jpg,1447,2524,2412,2636,1335,1559,224,BR_sarg,brown_algae_sargassum,BR_sarg,1
image_21.jpg,1825,2524,2412,2636,1713,1937,224,unknown,unknown_area,manual_update,1
image_21.jpg,2204,2524,2412,2636,2092,2316,224,BR_sarg,brown_algae_sargassum,BR_sarg,1
image_21.jpg,2582,2524,2412,2636,2470,2694,224,BR_sarg,brown_algae_sargassum,BR_sarg,1
image_21.jpg,2961,2524,2412,2636,2849,3073,224,RE_branch,red_algae_branching,RE_branch,0.937
image_21.jpg,3339,2524,2412,2636,3227,3451,224,BR_sarg,brown_algae_sargassum,manual_update,1
image_21.jpg,3718,2524,2412,2636,3606,3830,224,BR_sarg,brown_algae_sargassum,manual_update,1
image_21.jpg,312,2966,2854,3078,200,424,224,BR_sarg,brown_algae_sargassum,manual_update,1
image_21.jpg,690,2966,2854,3078,578,802,224,BR_sarg,brown_algae_sargassum,manual_update,1
image_21.jpg,1068,2966,2854,3078,956,1180,224,BR_sarg,brown_algae_sargassum,BR_sarg,0.869
image_21.jpg,1447,2966,2854,3078,1335,1559,224,BR_sarg,brown_algae_sargassum,BR_sarg,1
image_21.jpg,1825,2966,2854,3078,1713,1937,224,SU_bould,boulder,manual_update,1
image_21.jpg,2204,2966,2854,3078,2092,2316,224,BR_sarg,brown_algae_sargassum,BR_sarg,1
image_21.jpg,2582,2966,2854,3078,2470,2694,224,BR_sarg,brown_algae_sargassum,BR_sarg,0.999
image_21.jpg,2961,2966,2854,3078,2849,3073,224,RE_branch,red_algae_branching,RE_branch,0.976
image_21.jpg,3339,2966,2854,3078,3227,3451,224,BR_sarg,brown_algae_sargassum,manual_update,1
image_21.jpg,3718,2966,2854,3078,3606,3830,224,RE_branch,red_algae_branching,manual_update,1
image_21.jpg,312,3409,3297,3521,200,424,224,unknown,unknown_area,manual_update,1
image_21.jpg,690,3409,3297,3521,578,802,224,unknown,unknown_area,manual_update,1
image_21.jpg,1068,3409,3297,3521,956,1180,224,BR_sarg,brown_algae_sargassum,manual_update,1
image_21.jpg,1447,3409,3297,3521,1335,1559,224,BR_sarg,brown_algae_sargassum,manual_update,1
image_21.jpg,1825,3409,3297,3521,1713,1937,224,BR_sarg,brown_algae_sargassum,BR_sarg,0.972
image_21.jpg,2204,3409,3297,3521,2092,2316,224,BR_sarg,brown_algae_sargassum,BR_sarg,1
image_21.jpg,2582,3409,3297,3521,2470,2694,224,BR_sarg,brown_algae_sargassum,BR_sarg,1
image_21.jpg,2961,3409,3297,3521,2849,3073,224,BR_sarg,brown_algae_sargassum,BR_sarg,0.592
image_21.jpg,3339,3409,3297,3521,3227,3451,224,SU_bould,boulder,manual_update,1
image_21.jpg,3718,3409,3297,3521,3606,3830,224,SU_bould,boulder,manual_update,1
image_21.jpg,312,3851,3739,3963,200,424,224,unknown,unknown_area,manual_update,1
image_21.jpg,690,3851,3739,3963,578,802,224,unknown,unknown_area,manual_update,1
image_21.jpg,1068,3851,3739,3963,956,1180,224,unknown,unknown_area,manual_update,1
image_21.jpg,1447,3851,3739,3963,1335,1559,224,unknown,unknown_area,manual_update,1
image_21.jpg,1825,3851,3739,3963,1713,1937,224,unknown,unknown_area,manual_update,1
image_21.jpg,2204,3851,3739,3963,2092,2316,224,BR_sarg,brown_algae_sargassum,BR_sarg,1
image_21.jpg,2582,3851,3739,3963,2470,2694,224,BR_sarg,brown_algae_sargassum,BR_sarg,0.994
image_21.jpg,2961,3851,3739,3963,2849,3073,224,BR_sarg,brown_algae_sargassum,manual_update,1
image_21.jpg,3339,3851,3739,3963,3227,3451,224,SU_bould,boulder,SU_bould,0.831
image_21.jpg,3718,3851,3739,3963,3606,3830,224,BR_sarg,brown_algae_sargassum,BR_sarg,1
image_21.jpg,312,4294,4182,4406,200,424,224,unknown,unknown_area,manual_update,1
image_21.jpg,690,4294,4182,4406,578,802,224,unknown,unknown_area,manual_update,1
image_21.jpg,1068,4294,4182,4406,956,1180,224,unknown,unknown_area,manual_update,1
image_21.jpg,1447,4294,4182,4406,1335,1559,224,unknown,unknown_area,manual_update,1
image_21.jpg,1825,4294,4182,4406,1713,1937,224,unknown,unknown_area,manual_update,1
image_21.jpg,2204,4294,4182,4406,2092,2316,224,BR_sarg,brown_algae_sargassum,manual_update,1
image_21.jpg,2582,4294,4182,4406,2470,2694,224,BR_sarg,brown_algae_sargassum,manual_update,1
image_21.jpg,2961,4294,4182,4406,2849,3073,224,BR_sarg,brown_algae_sargassum,manual_update,1
image_21.jpg,3339,4294,4182,4406,3227,3451,224,BR_sarg,brown_algae_sargassum,BR_sarg,0.998
image_21.jpg,3718,4294,4182,4406,3606,3830,224,unknown,unknown_area,manual_update,1
image_22.jpg,312,312,200,424,200,424,224,unknown,unknown_area,manual_update,1
image_22.jpg,690,312,200,424,578,802,224,unknown,unknown_area,manual_update,1
image_22.jpg,1068,312,200,424,956,1180,224,unknown,unknown_area,manual_update,1
image_22.jpg,1447,312,200,424,1335,1559,224,BR_sarg,brown_algae_sargassum,BR_sarg,1
image_22.jpg,1825,312,200,424,1713,1937,224,BR_sarg,brown_algae_sargassum,manual_update,1
image_22.jpg,2204,312,200,424,2092,2316,224,RE_leaf,red_algae_flat_leaf,RE_leaf,0.664
image_22.jpg,2582,312,200,424,2470,2694,224,SU_bould,boulder,SU_bould,0.596
image_22.jpg,2961,312,200,424,2849,3073,224,RE_branch,red_algae_branching,RE_branch,0.752
image_22.jpg,3339,312,200,424,3227,3451,224,RE_branch,red_algae_branching,manual_update,1
image_22.jpg,3718,312,200,424,3606,3830,224,SU_bould,boulder,manual_update,1
image_22.jpg,312,754,642,866,200,424,224,unknown,unknown_area,manual_update,1
image_22.jpg,690,754,642,866,578,802,224,unknown,unknown_area,manual_update,1
image_22.jpg,1068,754,642,866,956,1180,224,RE_branch,red_algae_branching,RE_branch,1
image_22.jpg,1447,754,642,866,1335,1559,224,BR_sarg,brown_algae_sargassum,manual_update,1
image_22.jpg,1825,754,642,866,1713,1937,224,KE_sugar,kelp_sugar,manual_update,1
image_22.jpg,2204,754,642,866,2092,2316,224,RE_leaf,red_algae_flat_leaf,RE_leaf,0.995
image_22.jpg,2582,754,642,866,2470,2694,224,RE_branch,red_algae_branching,RE_branch,1
image_22.jpg,2961,754,642,866,2849,3073,224,RE_leaf,red_algae_flat_leaf,RE_leaf,0.984
image_22.jpg,3339,754,642,866,3227,3451,224,unknown,unknown_area,manual_update,1
image_22.jpg,3718,754,642,866,3606,3830,224,unknown,unknown_area,manual_update,1
image_22.jpg,312,1196,1084,1308,200,424,224,unknown,unknown_area,manual_update,1
image_22.jpg,690,1196,1084,1308,578,802,224,RE_CCA,red_algae_encrusting_CCA,manual_update,1
image_22.jpg,1068,1196,1084,1308,956,1180,224,SU_bould,boulder,manual_update,1
image_22.jpg,1447,1196,1084,1308,1335,1559,224,SU_bould,boulder,manual_update,1
image_22.jpg,1825,1196,1084,1308,1713,1937,224,BR_sarg,brown_algae_sargassum,BR_sarg,1
image_22.jpg,2204,1196,1084,1308,2092,2316,224,RE_CCA,red_algae_encrusting_CCA,RE_CCA,0.863
image_22.jpg,2582,1196,1084,1308,2470,2694,224,RE_leaf,red_algae_flat_leaf,RE_leaf,0.998
image_22.jpg,2961,1196,1084,1308,2849,3073,224,RE_leaf,red_algae_flat_leaf,RE_leaf,0.939
image_22.jpg,3339,1196,1084,1308,3227,3451,224,SU_bould,boulder,manual_update,1
image_22.jpg,3718,1196,1084,1308,3606,3830,224,unknown,unknown_area,manual_update,1
image_22.jpg,312,1639,1527,1751,200,424,224,RE_CCA,red_algae_encrusting_CCA,RE_CCA,0.999
image_22.jpg,690,1639,1527,1751,578,802,224,RE_CCA,red_algae_encrusting_CCA,RE_CCA,1
image_22.jpg,1068,1639,1527,1751,956,1180,224,SU_bould,boulder,manual_update,1
image_22.jpg,1447,1639,1527,1751,1335,1559,224,SU_bould,boulder,SU_bould,0.998
image_22.jpg,1825,1639,1527,1751,1713,1937,224,GR_ulva,green_algae_ulva,GR_ulva,1
image_22.jpg,2204,1639,1527,1751,2092,2316,224,GR_ulva,green_algae_ulva,GR_ulva,0.985
image_22.jpg,2582,1639,1527,1751,2470,2694,224,GR_ulva,green_algae_ulva,GR_ulva,1
image_22.jpg,2961,1639,1527,1751,2849,3073,224,RE_leaf,red_algae_flat_leaf,RE_leaf,0.997
image_22.jpg,3339,1639,1527,1751,3227,3451,224,SU_bould,boulder,manual_update,1
image_22.jpg,3718,1639,1527,1751,3606,3830,224,unknown,unknown_area,manual_update,1
image_22.jpg,312,2081,1969,2193,200,424,224,unknown,unknown_area,manual_update,1
image_22.jpg,690,2081,1969,2193,578,802,224,RE_CCA,red_algae_encrusting_CCA,RE_CCA,0.966
image_22.jpg,1068,2081,1969,2193,956,1180,224,RE_branch,red_algae_branching,manual_update,1
image_22.jpg,1447,2081,1969,2193,1335,1559,224,RE_branch,red_algae_branching,RE_branch,0.859
image_22.jpg,1825,2081,1969,2193,1713,1937,224,SU_bould,boulder,manual_update,1
image_22.jpg,2204,2081,1969,2193,2092,2316,224,SU_bould,boulder,SU_bould,0.984
image_22.jpg,2582,2081,1969,2193,2470,2694,224,GR_ulva,green_algae_ulva,GR_ulva,1
image_22.jpg,2961,2081,1969,2193,2849,3073,224,RE_branch,red_algae_branching,RE_branch,0.874
image_22.jpg,3339,2081,1969,2193,3227,3451,224,RE_branch,red_algae_branching,RE_branch,0.501
image_22.jpg,3718,2081,1969,2193,3606,3830,224,unknown,unknown_area,manual_update,1
image_22.jpg,312,2524,2412,2636,200,424,224,unknown,unknown_area,manual_update,1
image_22.jpg,690,2524,2412,2636,578,802,224,RE_leaf,red_algae_flat_leaf,manual_update,1
image_22.jpg,1068,2524,2412,2636,956,1180,224,RE_leaf,red_algae_flat_leaf,manual_update,1
image_22.jpg,1447,2524,2412,2636,1335,1559,224,RE_branch,red_algae_branching,RE_branch,0.836
image_22.jpg,1825,2524,2412,2636,1713,1937,224,RE_branch,red_algae_branching,RE_branch,1
image_22.jpg,2204,2524,2412,2636,2092,2316,224,RE_branch,red_algae_branching,RE_branch,0.997
image_22.jpg,2582,2524,2412,2636,2470,2694,224,RE_branch,red_algae_branching,manual_update,1
image_22.jpg,2961,2524,2412,2636,2849,3073,224,RE_leaf,red_algae_flat_leaf,RE_leaf,0.991
image_22.jpg,3339,2524,2412,2636,3227,3451,224,RE_leaf,red_algae_flat_leaf,RE_leaf,1
image_22.jpg,3718,2524,2412,2636,3606,3830,224,unknown,unknown_area,manual_update,1
image_22.jpg,312,2966,2854,3078,200,424,224,unknown,unknown_area,manual_update,1
image_22.jpg,690,2966,2854,3078,578,802,224,unknown,unknown_area,manual_update,1
image_22.jpg,1068,2966,2854,3078,956,1180,224,RE_branch,red_algae_branching,RE_branch,0.997
image_22.jpg,1447,2966,2854,3078,1335,1559,224,SI,sessile_invert,SI,0.408
image_22.jpg,1825,2966,2854,3078,1713,1937,224,RE_branch,red_algae_branching,manual_update,1
image_22.jpg,2204,2966,2854,3078,2092,2316,224,RE_branch,red_algae_branching,RE_branch,0.998
image_22.jpg,2582,2966,2854,3078,2470,2694,224,RE_branch,red_algae_branching,RE_branch,0.93
image_22.jpg,2961,2966,2854,3078,2849,3073,224,RE_leaf,red_algae_flat_leaf,manual_update,1
image_22.jpg,3339,2966,2854,3078,3227,3451,224,RE_leaf,red_algae_flat_leaf,manual_update,1
image_22.jpg,3718,2966,2854,3078,3606,3830,224,unknown,unknown_area,manual_update,1
image_22.jpg,312,3409,3297,3521,200,424,224,unknown,unknown_area,manual_update,1
image_22.jpg,690,3409,3297,3521,578,802,224,unknown,unknown_area,manual_update,1
image_22.jpg,1068,3409,3297,3521,956,1180,224,SU_bould,boulder,manual_update,1
image_22.jpg,1447,3409,3297,3521,1335,1559,224,SU_bould,boulder,manual_update,1
image_22.jpg,1825,3409,3297,3521,1713,1937,224,SU_bould,boulder,manual_update,1
image_22.jpg,2204,3409,3297,3521,2092,2316,224,unknown,unknown_area,manual_update,1
image_22.jpg,2582,3409,3297,3521,2470,2694,224,RE_branch,red_algae_branching,manual_update,1
image_22.jpg,2961,3409,3297,3521,2849,3073,224,RE_fil,red_algae_filamentous,manual_update,1
image_22.jpg,3339,3409,3297,3521,3227,3451,224,unknown,unknown_area,manual_update,1
image_22.jpg,3718,3409,3297,3521,3606,3830,224,unknown,unknown_area,manual_update,1
image_22.jpg,312,3851,3739,3963,200,424,224,unknown,unknown_area,manual_update,1
image_22.jpg,690,3851,3739,3963,578,802,224,unknown,unknown_area,manual_update,1
image_22.jpg,1068,3851,3739,3963,956,1180,224,RE_CCA,red_algae_encrusting_CCA,RE_CCA,0.979
image_22.jpg,1447,3851,3739,3963,1335,1559,224,MS,mobile_species,manual_update,1
image_22.jpg,1825,3851,3739,3963,1713,1937,224,SU_bould,boulder,manual_update,1
image_22.jpg,2204,3851,3739,3963,2092,2316,224,RE_leaf,red_algae_flat_leaf,manual_update,1
image_22.jpg,2582,3851,3739,3963,2470,2694,224,unknown,unknown_area,manual_update,1
image_22.jpg,2961,3851,3739,3963,2849,3073,224,unknown,unknown_area,manual_update,1
image_22.jpg,3339,3851,3739,3963,3227,3451,224,unknown,unknown_area,manual_update,1
image_22.jpg,3718,3851,3739,3963,3606,3830,224,unknown,unknown_area,manual_update,1
image_22.jpg,312,4294,4182,4406,200,424,224,unknown,unknown_area,unknown,0.997
image_22.jpg,690,4294,4182,4406,578,802,224,unknown,unknown_area,manual_update,1
image_22.jpg,1068,4294,4182,4406,956,1180,224,unknown,unknown_area,manual_update,1
image_22.jpg,1447,4294,4182,4406,1335,1559,224,SU_bould,boulder,manual_update,1
image_22.jpg,1825,4294,4182,4406,1713,1937,224,SU_bould,boulder,manual_update,1
image_22.jpg,2204,4294,4182,4406,2092,2316,224,unknown,unknown_area,manual_update,1
image_22.jpg,2582,4294,4182,4406,2470,2694,224,unknown,unknown_area,manual_update,1
image_22.jpg,2961,4294,4182,4406,2849,3073,224,unknown,unknown_area,manual_update,1
image_22.jpg,3339,4294,4182,4406,3227,3451,224,unknown,unknown_area,manual_update,1
image_22.jpg,3718,4294,4182,4406,3606,3830,224,unknown,unknown_area,unknown,0.954
image_23.jpg,312,312,200,424,200,424,224,SU_peb,pebble,manual_update,1
image_23.jpg,690,312,200,424,578,802,224,SU_peb,pebble,SU_peb,0.999
image_23.jpg,1068,312,200,424,956,1180,224,SU_peb,pebble,manual_update,1
image_23.jpg,1447,312,200,424,1335,1559,224,SU_peb,pebble,manual_update,1
image_23.jpg,1825,312,200,424,1713,1937,224,SU_peb,pebble,manual_update,1
image_23.jpg,2204,312,200,424,2092,2316,224,SU_peb,pebble,manual_update,1
image_23.jpg,2582,312,200,424,2470,2694,224,SU_peb,pebble,manual_update,1
image_23.jpg,2961,312,200,424,2849,3073,224,SU_peb,pebble,manual_update,1
image_23.jpg,3339,312,200,424,3227,3451,224,SU_peb,pebble,manual_update,1
image_23.jpg,3718,312,200,424,3606,3830,224,SU_peb,pebble,manual_update,1
image_23.jpg,312,754,642,866,200,424,224,SU_peb,pebble,manual_update,1
image_23.jpg,690,754,642,866,578,802,224,SU_peb,pebble,manual_update,1
image_23.jpg,1068,754,642,866,956,1180,224,GR_ulva,green_algae_ulva,manual_update,1
image_23.jpg,1447,754,642,866,1335,1559,224,GR_ulva,green_algae_ulva,manual_update,1
image_23.jpg,1825,754,642,866,1713,1937,224,SU_peb,pebble,SU_peb,0.968
image_23.jpg,2204,754,642,866,2092,2316,224,SU_peb,pebble,SU_peb,0.542
image_23.jpg,2582,754,642,866,2470,2694,224,SU_peb,pebble,SU_peb,0.868
image_23.jpg,2961,754,642,866,2849,3073,224,SU_peb,pebble,manual_update,1
image_23.jpg,3339,754,642,866,3227,3451,224,SU_silt,silt,SU_silt,0.984
image_23.jpg,3718,754,642,866,3606,3830,224,SU_peb,pebble,manual_update,1
image_23.jpg,312,1196,1084,1308,200,424,224,BR_fucus,brown_algae_fucus,manual_update,1
image_23.jpg,690,1196,1084,1308,578,802,224,BR_fucus,brown_algae_fucus,manual_update,1
image_23.jpg,1068,1196,1084,1308,956,1180,224,KE_sugar,kelp_sugar,KE_sugar,0.771
image_23.jpg,1447,1196,1084,1308,1335,1559,224,SU_peb,pebble,manual_update,1
image_23.jpg,1825,1196,1084,1308,1713,1937,224,GR_ulva,green_algae_ulva,GR_ulva,0.999
image_23.jpg,2204,1196,1084,1308,2092,2316,224,SU_peb,pebble,manual_update,1
image_23.jpg,2582,1196,1084,1308,2470,2694,224,SU_peb,pebble,manual_update,1
image_23.jpg,2961,1196,1084,1308,2849,3073,224,SU_cob,cobble,manual_update,1
image_23.jpg,3339,1196,1084,1308,3227,3451,224,SU_cob,cobble,SU_cob,0.72
image_23.jpg,3718,1196,1084,1308,3606,3830,224,SU_cob,cobble,manual_update,1
image_23.jpg,312,1639,1527,1751,200,424,224,SU_peb,pebble,manual_update,1
image_23.jpg,690,1639,1527,1751,578,802,224,SU_peb,pebble,manual_update,1
image_23.jpg,1068,1639,1527,1751,956,1180,224,SU_peb,pebble,SU_peb,0.695
image_23.jpg,1447,1639,1527,1751,1335,1559,224,KE_sugar,kelp_sugar,KE_sugar,0.872
image_23.jpg,1825,1639,1527,1751,1713,1937,224,KE_sugar,kelp_sugar,manual_update,1
image_23.jpg,2204,1639,1527,1751,2092,2316,224,SU_peb,pebble,manual_update,1
image_23.jpg,2582,1639,1527,1751,2470,2694,224,SU_peb,pebble,SU_peb,0.799
image_23.jpg,2961,1639,1527,1751,2849,3073,224,SU_cob,cobble,SU_cob,0.525
image_23.jpg,3339,1639,1527,1751,3227,3451,224,SU_peb,pebble,manual_update,1
image_23.jpg,3718,1639,1527,1751,3606,3830,224,SU_peb,pebble,manual_update,1
image_23.jpg,312,2081,1969,2193,200,424,224,SU_peb,pebble,manual_update,1
image_23.jpg,690,2081,1969,2193,578,802,224,RE_leaf,red_algae_flat_leaf,manual_update,1
image_23.jpg,1068,2081,1969,2193,956,1180,224,SU_peb,pebble,manual_update,1
image_23.jpg,1447,2081,1969,2193,1335,1559,224,RE_leaf,red_algae_flat_leaf,RE_leaf,1
image_23.jpg,1825,2081,1969,2193,1713,1937,224,SU_peb,pebble,SU_peb,0.506
image_23.jpg,2204,2081,1969,2193,2092,2316,224,KE_sugar,kelp_sugar,manual_update,1
image_23.jpg,2582,2081,1969,2193,2470,2694,224,SU_peb,pebble,SU_peb,0.998
image_23.jpg,2961,2081,1969,2193,2849,3073,224,SU_shell,shell_hash,manual_update,1
image_23.jpg,3339,2081,1969,2193,3227,3451,224,SU_peb,pebble,SU_peb,0.743
image_23.jpg,3718,2081,1969,2193,3606,3830,224,SU_peb,pebble,SU_peb,0.889
image_23.jpg,312,2524,2412,2636,200,424,224,SU_peb,pebble,manual_update,1
image_23.jpg,690,2524,2412,2636,578,802,224,SU_peb,pebble,manual_update,1
image_23.jpg,1068,2524,2412,2636,956,1180,224,SU_peb,pebble,SU_peb,0.952
image_23.jpg,1447,2524,2412,2636,1335,1559,224,SU_peb,pebble,manual_update,1
image_23.jpg,1825,2524,2412,2636,1713,1937,224,SU_peb,pebble,SU_peb,0.818
image_23.jpg,2204,2524,2412,2636,2092,2316,224,SU_peb,pebble,SU_peb,0.434
image_23.jpg,2582,2524,2412,2636,2470,2694,224,SU_peb,pebble,manual_update,1
image_23.jpg,2961,2524,2412,2636,2849,3073,224,SU_peb,pebble,manual_update,1
image_23.jpg,3339,2524,2412,2636,3227,3451,224,SU_peb,pebble,SU_peb,0.728
image_23.jpg,3718,2524,2412,2636,3606,3830,224,SU_peb,pebble,manual_update,1
image_23.jpg,312,2966,2854,3078,200,424,224,SU_peb,pebble,manual_update,1
image_23.jpg,690,2966,2854,3078,578,802,224,SU_peb,pebble,manual_update,1
image_23.jpg,1068,2966,2854,3078,956,1180,224,SU_peb,pebble,SU_peb,0.982
image_23.jpg,1447,2966,2854,3078,1335,1559,224,SU_cob,cobble,manual_update,1
image_23.jpg,1825,2966,2854,3078,1713,1937,224,SU_peb,pebble,SU_peb,0.943
image_23.jpg,2204,2966,2854,3078,2092,2316,224,SU_peb,pebble,SU_peb,1
image_23.jpg,2582,2966,2854,3078,2470,2694,224,SU_peb,pebble,SU_peb,0.997
image_23.jpg,2961,2966,2854,3078,2849,3073,224,SU_peb,pebble,manual_update,1
image_23.jpg,3339,2966,2854,3078,3227,3451,224,SU_peb,pebble,SU_peb,0.977
image_23.jpg,3718,2966,2854,3078,3606,3830,224,SU_cob,cobble,SU_cob,0.971
image_23.jpg,312,3409,3297,3521,200,424,224,RE_leaf,red_algae_flat_leaf,manual_update,1
image_23.jpg,690,3409,3297,3521,578,802,224,SU_cob,cobble,manual_update,1
image_23.jpg,1068,3409,3297,3521,956,1180,224,SU_peb,pebble,manual_update,1
image_23.jpg,1447,3409,3297,3521,1335,1559,224,SU_peb,pebble,SU_peb,0.708
image_23.jpg,1825,3409,3297,3521,1713,1937,224,SU_peb,pebble,SU_peb,1
image_23.jpg,2204,3409,3297,3521,2092,2316,224,SU_peb,pebble,SU_peb,1
image_23.jpg,2582,3409,3297,3521,2470,2694,224,SU_peb,pebble,SU_peb,1
image_23.jpg,2961,3409,3297,3521,2849,3073,224,SU_peb,pebble,SU_peb,0.723
image_23.jpg,3339,3409,3297,3521,3227,3451,224,SU_peb,pebble,manual_update,1
image_23.jpg,3718,3409,3297,3521,3606,3830,224,SU_peb,pebble,manual_update,1
image_23.jpg,312,3851,3739,3963,200,424,224,SU_peb,pebble,manual_update,1
image_23.jpg,690,3851,3739,3963,578,802,224,SU_peb,pebble,manual_update,1
image_23.jpg,1068,3851,3739,3963,956,1180,224,KE_sugar,kelp_sugar,manual_update,1
image_23.jpg,1447,3851,3739,3963,1335,1559,224,SU_peb,pebble,SU_peb,0.997
image_23.jpg,1825,3851,3739,3963,1713,1937,224,SU_peb,pebble,SU_peb,0.845
image_23.jpg,2204,3851,3739,3963,2092,2316,224,SU_peb,pebble,manual_update,1
image_23.jpg,2582,3851,3739,3963,2470,2694,224,SU_cob,cobble,SU_cob,0.943
image_23.jpg,2961,3851,3739,3963,2849,3073,224,SU_peb,pebble,SU_peb,0.677
image_23.jpg,3339,3851,3739,3963,3227,3451,224,SU_peb,pebble,manual_update,1
image_23.jpg,3718,3851,3739,3963,3606,3830,224,SU_peb,pebble,manual_update,1
image_23.jpg,312,4294,4182,4406,200,424,224,unknown,unknown_area,manual_update,1
image_23.jpg,690,4294,4182,4406,578,802,224,unknown,unknown_area,manual_update,1
image_23.jpg,1068,4294,4182,4406,956,1180,224,unknown,unknown_area,manual_update,1
image_23.jpg,1447,4294,4182,4406,1335,1559,224,SU_cob,cobble,manual_update,1
image_23.jpg,1825,4294,4182,4406,1713,1937,224,SU_silt,silt,manual_update,1
image_23.jpg,2204,4294,4182,4406,2092,2316,224,BR_fucus,brown_algae_fucus,manual_update,1
image_23.jpg,2582,4294,4182,4406,2470,2694,224,BR_fucus,brown_algae_fucus,manual_update,1
image_23.jpg,2961,4294,4182,4406,2849,3073,224,SU_peb,pebble,manual_update,1
image_23.jpg,3339,4294,4182,4406,3227,3451,224,unknown,unknown_area,manual_update,1
image_23.jpg,3718,4294,4182,4406,3606,3830,224,GR_ulva,green_algae_ulva,manual_update,1
image_24.jpg,312,312,200,424,200,424,224,SU_peb,pebble,manual_update,1
image_24.jpg,690,312,200,424,578,802,224,SU_sand,sand_fine_shell,SU_sand,0.899
image_24.jpg,1068,312,200,424,956,1180,224,SU_silt,silt,SU_silt,0.999
image_24.jpg,1447,312,200,424,1335,1559,224,SU_silt,silt,SU_silt,1
image_24.jpg,1825,312,200,424,1713,1937,224,SU_silt,silt,SU_silt,0.553
image_24.jpg,2204,312,200,424,2092,2316,224,SU_silt,silt,SU_silt,1
image_24.jpg,2582,312,200,424,2470,2694,224,SU_silt,silt,SU_silt,1
image_24.jpg,2961,312,200,424,2849,3073,224,SU_silt,silt,SU_silt,0.967
image_24.jpg,3339,312,200,424,3227,3451,224,SU_silt,silt,SU_silt,1
image_24.jpg,3718,312,200,424,3606,3830,224,SU_silt,silt,SU_silt,1
image_24.jpg,312,754,642,866,200,424,224,SU_sand,sand_fine_shell,SU_sand,1
image_24.jpg,690,754,642,866,578,802,224,SU_sand,sand_fine_shell,SU_sand,1
image_24.jpg,1068,754,642,866,956,1180,224,SU_silt,silt,SU_silt,0.986
image_24.jpg,1447,754,642,866,1335,1559,224,SU_silt,silt,SU_silt,1
image_24.jpg,1825,754,642,866,1713,1937,224,SU_sand,sand_fine_shell,SU_sand,0.973
image_24.jpg,2204,754,642,866,2092,2316,224,SU_silt,silt,SU_silt,1
image_24.jpg,2582,754,642,866,2470,2694,224,SU_silt,silt,SU_silt,1
image_24.jpg,2961,754,642,866,2849,3073,224,SU_peb,pebble,SU_peb,0.949
image_24.jpg,3339,754,642,866,3227,3451,224,SU_silt,silt,SU_silt,1
image_24.jpg,3718,754,642,866,3606,3830,224,SU_silt,silt,SU_silt,1
image_24.jpg,312,1196,1084,1308,200,424,224,SU_sand,sand_fine_shell,SU_sand,0.997
image_24.jpg,690,1196,1084,1308,578,802,224,SU_silt,silt,SU_silt,0.997
image_24.jpg,1068,1196,1084,1308,956,1180,224,SU_sand,sand_fine_shell,SU_sand,0.739
image_24.jpg,1447,1196,1084,1308,1335,1559,224,SU_sand,sand_fine_shell,SU_sand,0.852
image_24.jpg,1825,1196,1084,1308,1713,1937,224,SU_sand,sand_fine_shell,SU_sand,0.874
image_24.jpg,2204,1196,1084,1308,2092,2316,224,SU_sand,sand_fine_shell,SU_sand,0.667
image_24.jpg,2582,1196,1084,1308,2470,2694,224,SU_silt,silt,SU_silt,1
image_24.jpg,2961,1196,1084,1308,2849,3073,224,SU_sand,sand_fine_shell,SU_sand,0.938
image_24.jpg,3339,1196,1084,1308,3227,3451,224,SU_silt,silt,SU_silt,1
image_24.jpg,3718,1196,1084,1308,3606,3830,224,SU_silt,silt,SU_silt,1
image_24.jpg,312,1639,1527,1751,200,424,224,SU_silt,silt,SU_silt,1
image_24.jpg,690,1639,1527,1751,578,802,224,SU_sand,sand_fine_shell,SU_sand,1
image_24.jpg,1068,1639,1527,1751,956,1180,224,SU_sand,sand_fine_shell,SU_sand,0.937
image_24.jpg,1447,1639,1527,1751,1335,1559,224,SU_silt,silt,SU_silt,0.634
image_24.jpg,1825,1639,1527,1751,1713,1937,224,SU_silt,silt,SU_silt,0.997
image_24.jpg,2204,1639,1527,1751,2092,2316,224,SU_silt,silt,SU_silt,0.995
image_24.jpg,2582,1639,1527,1751,2470,2694,224,SU_sand,sand_fine_shell,SU_sand,0.99
image_24.jpg,2961,1639,1527,1751,2849,3073,224,SU_silt,silt,SU_silt,0.999
image_24.jpg,3339,1639,1527,1751,3227,3451,224,SU_silt,silt,SU_silt,1
image_24.jpg,3718,1639,1527,1751,3606,3830,224,SU_silt,silt,SU_silt,1
image_24.jpg,312,2081,1969,2193,200,424,224,SU_silt,silt,SU_silt,0.988
image_24.jpg,690,2081,1969,2193,578,802,224,SU_sand,sand_fine_shell,SU_sand,0.999
image_24.jpg,1068,2081,1969,2193,956,1180,224,SU_silt,silt,SU_silt,0.998
image_24.jpg,1447,2081,1969,2193,1335,1559,224,SU_silt,silt,SU_silt,0.998
image_24.jpg,1825,2081,1969,2193,1713,1937,224,SU_peb,pebble,manual_update,1
image_24.jpg,2204,2081,1969,2193,2092,2316,224,SU_silt,silt,SU_silt,0.998
image_24.jpg,2582,2081,1969,2193,2470,2694,224,SU_silt,silt,SU_silt,0.588
image_24.jpg,2961,2081,1969,2193,2849,3073,224,SU_sand,sand_fine_shell,SU_sand,0.99
image_24.jpg,3339,2081,1969,2193,3227,3451,224,SU_silt,silt,SU_silt,1
image_24.jpg,3718,2081,1969,2193,3606,3830,224,SU_silt,silt,SU_silt,1
image_24.jpg,312,2524,2412,2636,200,424,224,SU_silt,silt,SU_silt,0.994
image_24.jpg,690,2524,2412,2636,578,802,224,SU_silt,silt,SU_silt,1
image_24.jpg,1068,2524,2412,2636,956,1180,224,SU_silt,silt,SU_silt,1
image_24.jpg,1447,2524,2412,2636,1335,1559,224,SU_silt,silt,SU_silt,1
image_24.jpg,1825,2524,2412,2636,1713,1937,224,SU_peb,pebble,SU_peb,0.608
image_24.jpg,2204,2524,2412,2636,2092,2316,224,SU_silt,silt,SU_silt,0.836
image_24.jpg,2582,2524,2412,2636,2470,2694,224,SU_silt,silt,SU_silt,0.628
image_24.jpg,2961,2524,2412,2636,2849,3073,224,SU_silt,silt,SU_silt,1
image_24.jpg,3339,2524,2412,2636,3227,3451,224,SU_sand,sand_fine_shell,SU_sand,0.698
image_24.jpg,3718,2524,2412,2636,3606,3830,224,SU_silt,silt,SU_silt,1
image_24.jpg,312,2966,2854,3078,200,424,224,SU_sand,sand_fine_shell,SU_sand,0.989
image_24.jpg,690,2966,2854,3078,578,802,224,SU_silt,silt,SU_silt,1
image_24.jpg,1068,2966,2854,3078,956,1180,224,SU_sand,sand_fine_shell,SU_sand,1
image_24.jpg,1447,2966,2854,3078,1335,1559,224,SU_peb,pebble,SU_peb,0.548
image_24.jpg,1825,2966,2854,3078,1713,1937,224,SU_sand,sand_fine_shell,SU_sand,0.994
image_24.jpg,2204,2966,2854,3078,2092,2316,224,SU_peb,pebble,manual_update,1
image_24.jpg,2582,2966,2854,3078,2470,2694,224,SU_silt,silt,SU_silt,0.904
image_24.jpg,2961,2966,2854,3078,2849,3073,224,SU_sand,sand_fine_shell,SU_sand,0.522
image_24.jpg,3339,2966,2854,3078,3227,3451,224,SU_silt,silt,SU_silt,0.999
image_24.jpg,3718,2966,2854,3078,3606,3830,224,SU_silt,silt,SU_silt,0.995
image_24.jpg,312,3409,3297,3521,200,424,224,SU_silt,silt,SU_silt,1
image_24.jpg,690,3409,3297,3521,578,802,224,SU_silt,silt,SU_silt,0.996
image_24.jpg,1068,3409,3297,3521,956,1180,224,SU_silt,silt,SU_silt,0.938
image_24.jpg,1447,3409,3297,3521,1335,1559,224,SU_silt,silt,SU_silt,0.999
image_24.jpg,1825,3409,3297,3521,1713,1937,224,SU_silt,silt,SU_silt,0.989
image_24.jpg,2204,3409,3297,3521,2092,2316,224,SU_silt,silt,SU_silt,0.996
image_24.jpg,2582,3409,3297,3521,2470,2694,224,SU_silt,silt,SU_silt,1
image_24.jpg,2961,3409,3297,3521,2849,3073,224,SU_silt,silt,SU_silt,0.961
image_24.jpg,3339,3409,3297,3521,3227,3451,224,SU_silt,silt,SU_silt,1
image_24.jpg,3718,3409,3297,3521,3606,3830,224,SU_silt,silt,SU_silt,0.957
image_24.jpg,312,3851,3739,3963,200,424,224,SU_silt,silt,SU_silt,1
image_24.jpg,690,3851,3739,3963,578,802,224,SU_peb,pebble,manual_update,1
image_24.jpg,1068,3851,3739,3963,956,1180,224,SU_sand,sand_fine_shell,SU_sand,0.941
image_24.jpg,1447,3851,3739,3963,1335,1559,224,SU_sand,sand_fine_shell,SU_sand,0.976
image_24.jpg,1825,3851,3739,3963,1713,1937,224,SU_sand,sand_fine_shell,SU_sand,0.999
image_24.jpg,2204,3851,3739,3963,2092,2316,224,SU_sand,sand_fine_shell,SU_sand,1
image_24.jpg,2582,3851,3739,3963,2470,2694,224,SU_peb,pebble,SU_peb,0.997
image_24.jpg,2961,3851,3739,3963,2849,3073,224,SU_silt,silt,SU_silt,0.997
image_24.jpg,3339,3851,3739,3963,3227,3451,224,SU_silt,silt,SU_silt,1
image_24.jpg,3718,3851,3739,3963,3606,3830,224,SU_silt,silt,SU_silt,0.998
image_24.jpg,312,4294,4182,4406,200,424,224,SU_sand,sand_fine_shell,manual_update,1
image_24.jpg,690,4294,4182,4406,578,802,224,SU_peb,pebble,SU_peb,0.816
image_24.jpg,1068,4294,4182,4406,956,1180,224,SU_sand,sand_fine_shell,SU_sand,1
image_24.jpg,1447,4294,4182,4406,1335,1559,224,SU_sand,sand_fine_shell,SU_sand,1
image_24.jpg,1825,4294,4182,4406,1713,1937,224,SU_peb,pebble,SU_peb,0.909
image_24.jpg,2204,4294,4182,4406,2092,2316,224,SU_sand,sand_fine_shell,SU_sand,0.975
image_24.jpg,2582,4294,4182,4406,2470,2694,224,SU_sand,sand_fine_shell,manual_update,1
image_24.jpg,2961,4294,4182,4406,2849,3073,224,SU_silt,silt,SU_silt,1
image_24.jpg,3339,4294,4182,4406,3227,3451,224,SU_silt,silt,SU_silt,0.999
image_24.jpg,3718,4294,4182,4406,3606,3830,224,SU_silt,silt,SU_silt,0.991
image_25.jpg,312,312,200,424,200,424,224,unknown,unknown_area,manual_update,1
image_25.jpg,690,312,200,424,578,802,224,SU_peb,pebble,SU_peb,1
image_25.jpg,1068,312,200,424,956,1180,224,SU_peb,pebble,SU_peb,1
image_25.jpg,1447,312,200,424,1335,1559,224,SU_silt,silt,SU_silt,0.999
image_25.jpg,1825,312,200,424,1713,1937,224,SU_cob,cobble,SU_cob,0.959
image_25.jpg,2204,312,200,424,2092,2316,224,SU_silt,silt,SU_silt,0.941
image_25.jpg,2582,312,200,424,2470,2694,224,SU_sand,sand_fine_shell,SU_sand,0.955
image_25.jpg,2961,312,200,424,2849,3073,224,SU_sand,sand_fine_shell,SU_sand,1
image_25.jpg,3339,312,200,424,3227,3451,224,SU_silt,silt,SU_silt,0.997
image_25.jpg,3718,312,200,424,3606,3830,224,SU_sand,sand_fine_shell,SU_sand,0.987
image_25.jpg,312,754,642,866,200,424,224,SU_silt,silt,SU_silt,0.753
image_25.jpg,690,754,642,866,578,802,224,SU_sand,sand_fine_shell,SU_sand,0.986
image_25.jpg,1068,754,642,866,956,1180,224,SU_sand,sand_fine_shell,SU_sand,1
image_25.jpg,1447,754,642,866,1335,1559,224,SU_sand,sand_fine_shell,SU_sand,1
image_25.jpg,1825,754,642,866,1713,1937,224,SU_sand,sand_fine_shell,SU_sand,0.994
image_25.jpg,2204,754,642,866,2092,2316,224,SU_sand,sand_fine_shell,SU_sand,1
image_25.jpg,2582,754,642,866,2470,2694,224,SU_sand,sand_fine_shell,SU_sand,1
image_25.jpg,2961,754,642,866,2849,3073,224,SU_sand,sand_fine_shell,SU_sand,1
image_25.jpg,3339,754,642,866,3227,3451,224,SU_silt,silt,SU_silt,0.558
image_25.jpg,3718,754,642,866,3606,3830,224,SU_peb,pebble,SU_peb,0.982
image_25.jpg,312,1196,1084,1308,200,424,224,SU_sand,sand_fine_shell,SU_sand,1
image_25.jpg,690,1196,1084,1308,578,802,224,SU_sand,sand_fine_shell,SU_sand,1
image_25.jpg,1068,1196,1084,1308,956,1180,224,SU_sand,sand_fine_shell,SU_sand,1
image_25.jpg,1447,1196,1084,1308,1335,1559,224,SU_silt,silt,SU_silt,0.84
image_25.jpg,1825,1196,1084,1308,1713,1937,224,SU_peb,pebble,manual_update,1
image_25.jpg,2204,1196,1084,1308,2092,2316,224,SU_sand,sand_fine_shell,SU_sand,0.988
image_25.jpg,2582,1196,1084,1308,2470,2694,224,SU_sand,sand_fine_shell,SU_sand,1
image_25.jpg,2961,1196,1084,1308,2849,3073,224,SU_sand,sand_fine_shell,SU_sand,1
image_25.jpg,3339,1196,1084,1308,3227,3451,224,SU_sand,sand_fine_shell,SU_sand,0.934
image_25.jpg,3718,1196,1084,1308,3606,3830,224,SU_sand,sand_fine_shell,SU_sand,0.997
image_25.jpg,312,1639,1527,1751,200,424,224,GR_ulva,green_algae_ulva,manual_update,1
image_25.jpg,690,1639,1527,1751,578,802,224,GR_ulva,green_algae_ulva,manual_update,1
image_25.jpg,1068,1639,1527,1751,956,1180,224,RE_branch,red_algae_branching,RE_branch,0.997
image_25.jpg,1447,1639,1527,1751,1335,1559,224,SU_sand,sand_fine_shell,manual_update,1
image_25.jpg,1825,1639,1527,1751,1713,1937,224,GR_ulva,green_algae_ulva,manual_update,1
image_25.jpg,2204,1639,1527,1751,2092,2316,224,SU_silt,silt,SU_silt,0.932
image_25.jpg,2582,1639,1527,1751,2470,2694,224,RE_CCA,red_algae_encrusting_CCA,manual_update,1
image_25.jpg,2961,1639,1527,1751,2849,3073,224,RE_branch,red_algae_branching,manual_update,1
image_25.jpg,3339,1639,1527,1751,3227,3451,224,RE_branch,red_algae_branching,manual_update,1
image_25.jpg,3718,1639,1527,1751,3606,3830,224,SU_sand,sand_fine_shell,SU_sand,1
image_25.jpg,312,2081,1969,2193,200,424,224,RE_branch,red_algae_branching,RE_branch,0.704
image_25.jpg,690,2081,1969,2193,578,802,224,RE_leaf,red_algae_flat_leaf,manual_update,1
image_25.jpg,1068,2081,1969,2193,956,1180,224,RE_branch,red_algae_branching,manual_update,1
image_25.jpg,1447,2081,1969,2193,1335,1559,224,RE_branch,red_algae_branching,RE_branch,0.853
image_25.jpg,1825,2081,1969,2193,1713,1937,224,KE_sugar,kelp_sugar,manual_update,1
image_25.jpg,2204,2081,1969,2193,2092,2316,224,RE_branch,red_algae_branching,manual_update,1
image_25.jpg,2582,2081,1969,2193,2470,2694,224,RE_branch,red_algae_branching,RE_branch,0.965
image_25.jpg,2961,2081,1969,2193,2849,3073,224,RE_branch,red_algae_branching,RE_branch,0.808
image_25.jpg,3339,2081,1969,2193,3227,3451,224,RE_branch,red_algae_branching,manual_update,1
image_25.jpg,3718,2081,1969,2193,3606,3830,224,RE_branch,red_algae_branching,manual_update,1
image_25.jpg,312,2524,2412,2636,200,424,224,RE_branch,red_algae_branching,RE_branch,0.943
image_25.jpg,690,2524,2412,2636,578,802,224,RE_leaf,red_algae_flat_leaf,manual_update,1
image_25.jpg,1068,2524,2412,2636,956,1180,224,RE_leaf,red_algae_flat_leaf,RE_leaf,0.937
image_25.jpg,1447,2524,2412,2636,1335,1559,224,SU_bould,boulder,manual_update,1
image_25.jpg,1825,2524,2412,2636,1713,1937,224,RE_fil,red_algae_filamentous,manual_update,1
image_25.jpg,2204,2524,2412,2636,2092,2316,224,RE_fil,red_algae_filamentous,manual_update,1
image_25.jpg,2582,2524,2412,2636,2470,2694,224,SU_bould,boulder,manual_update,1
image_25.jpg,2961,2524,2412,2636,2849,3073,224,RE_branch,red_algae_branching,manual_update,1
image_25.jpg,3339,2524,2412,2636,3227,3451,224,RE_branch,red_algae_branching,RE_branch,0.894
image_25.jpg,3718,2524,2412,2636,3606,3830,224,GR_ulva,green_algae_ulva,GR_ulva,1
image_25.jpg,312,2966,2854,3078,200,424,224,RE_leaf,red_algae_flat_leaf,RE_leaf,0.97
image_25.jpg,690,2966,2854,3078,578,802,224,RE_leaf,red_algae_flat_leaf,manual_update,1
image_25.jpg,1068,2966,2854,3078,956,1180,224,RE_leaf,red_algae_flat_leaf,RE_leaf,0.999
image_25.jpg,1447,2966,2854,3078,1335,1559,224,SU_bould,boulder,SU_bould,0.738
image_25.jpg,1825,2966,2854,3078,1713,1937,224,SU_bould,boulder,manual_update,1
image_25.jpg,2204,2966,2854,3078,2092,2316,224,SU_sand,sand_fine_shell,SU_sand,1
image_25.jpg,2582,2966,2854,3078,2470,2694,224,SU_sand,sand_fine_shell,manual_update,1
image_25.jpg,2961,2966,2854,3078,2849,3073,224,RE_fil,red_algae_filamentous,manual_update,1
image_25.jpg,3339,2966,2854,3078,3227,3451,224,RE_leaf,red_algae_flat_leaf,RE_leaf,0.814
image_25.jpg,3718,2966,2854,3078,3606,3830,224,RE_leaf,red_algae_flat_leaf,RE_leaf,0.909
image_25.jpg,312,3409,3297,3521,200,424,224,RE_leaf,red_algae_flat_leaf,manual_update,1
image_25.jpg,690,3409,3297,3521,578,802,224,RE_leaf,red_algae_flat_leaf,manual_update,1
image_25.jpg,1068,3409,3297,3521,956,1180,224,RE_branch,red_algae_branching,manual_update,1
image_25.jpg,1447,3409,3297,3521,1335,1559,224,RE_leaf,red_algae_flat_leaf,RE_leaf,0.967
image_25.jpg,1825,3409,3297,3521,1713,1937,224,RE_fil,red_algae_filamentous,RE_fil,0.527
image_25.jpg,2204,3409,3297,3521,2092,2316,224,SU_sand,sand_fine_shell,SU_sand,1
image_25.jpg,2582,3409,3297,3521,2470,2694,224,SU_sand,sand_fine_shell,SU_sand,0.831
image_25.jpg,2961,3409,3297,3521,2849,3073,224,SU_sand,sand_fine_shell,SU_sand,0.725
image_25.jpg,3339,3409,3297,3521,3227,3451,224,GR_ulva,green_algae_ulva,GR_ulva,1
image_25.jpg,3718,3409,3297,3521,3606,3830,224,SU_peb,pebble,SU_peb,0.955
image_25.jpg,312,3851,3739,3963,200,424,224,SU_peb,pebble,manual_update,1
image_25.jpg,690,3851,3739,3963,578,802,224,RE_branch,red_algae_branching,RE_branch,0.745
image_25.jpg,1068,3851,3739,3963,956,1180,224,RE_branch,red_algae_branching,RE_branch,0.72
image_25.jpg,1447,3851,3739,3963,1335,1559,224,RE_fil,red_algae_filamentous,manual_update,1
image_25.jpg,1825,3851,3739,3963,1713,1937,224,RE_fil,red_algae_filamentous,manual_update,1
image_25.jpg,2204,3851,3739,3963,2092,2316,224,RE_fil,red_algae_filamentous,manual_update,1
image_25.jpg,2582,3851,3739,3963,2470,2694,224,RE_leaf,red_algae_flat_leaf,RE_leaf,0.725
image_25.jpg,2961,3851,3739,3963,2849,3073,224,RE_branch,red_algae_branching,RE_branch,0.851
image_25.jpg,3339,3851,3739,3963,3227,3451,224,RE_fil,red_algae_filamentous,manual_update,1
image_25.jpg,3718,3851,3739,3963,3606,3830,224,RE_leaf,red_algae_flat_leaf,manual_update,1
image_25.jpg,312,4294,4182,4406,200,424,224,RE_leaf,red_algae_flat_leaf,RE_leaf,1
image_25.jpg,690,4294,4182,4406,578,802,224,RE_fil,red_algae_filamentous,manual_update,1
image_25.jpg,1068,4294,4182,4406,956,1180,224,RE_fil,red_algae_filamentous,manual_update,1
image_25.jpg,1447,4294,4182,4406,1335,1559,224,SU_bould,boulder,manual_update,1
image_25.jpg,1825,4294,4182,4406,1713,1937,224,RE_leaf,red_algae_flat_leaf,RE_leaf,0.979
image_25.jpg,2204,4294,4182,4406,2092,2316,224,SU_bould,boulder,manual_update,1
image_25.jpg,2582,4294,4182,4406,2470,2694,224,SU_bould,boulder,SU_bould,0.452
image_25.jpg,2961,4294,4182,4406,2849,3073,224,RE_CCA,red_algae_encrusting_CCA,manual_update,1
image_25.jpg,3339,4294,4182,4406,3227,3451,224,RE_branch,red_algae_branching,RE_branch,0.893
image_25.jpg,3718,4294,4182,4406,3606,3830,224,RE_branch,red_algae_branching,RE_branch,0.394
