"Site ID","Transect ID","Name","Date","season","pass","pass_source","site","transect","depth","Transect_ID","Time","ochre_mottled_star","burrowing_sea_cucumber","cancer_crab","green_white_urchin","kelp_crab","leather_star","plumose_anemone","california_sea_cucumber","blood_star","large_anemone","clam_siphon","scallop","brown_rockfish","creeping_pedal_sea_cucumber","flat_fish","gunnel_fish","helmet_crab","kelp_perch","lingcod","other_large_sculpin","painted_greenling","pile_perch","sharpnose_crab","shiner_perch","striped_seaperch"
"Centennial","T1","2024_10_08_10-08-11.jpg",2024-10-08,"summer","out","inferred_time","Centennial_Park",1,"deep","CNL_S24_T1","10:08:11",1,0,0,0,0,0,0,0,0,0,0,0,0,0,0,0,0,0,0,0,0,0,0,0,0
"Centennial","T1","2024_10_08_10-08-35.jpg",2024-10-08,"summer","out","matched","Centennial_Park",1,"deep","CNL_S24_T1","10:08:35",1,0,0,0,0,0,0,0,0,0,0,0,0,0,0,0,0,0,0,0,0,0,0,0,0
"Centennial","T1","2024_10_08_10-09-17.jpg",2024-10-08,"summer","out","inferred_time","Centennial_Park",1,"deep","CNL_S24_T1","10:09:17",2,0,0,0,0,0,0,0,0,0,0,0,0,0,0,0,0,0,0,0,0,0,0,0,0
"Centennial","T1","2024_10_08_10-09-53.jpg",2024-10-08,"summer","out","inferred_time","Centennial_Park",1,"deep","CNL_S24_T1","10:09:53",0,0,0,0,0,0,0,0,0,0,0,0,0,0,0,0,0,0,0,1,0,0,0,0,0
"Centennial","T1","2024_10_08_10-10-23.jpg",2024-10-08,"summer","out","matched","Centennial_Park",1,"deep","CNL_S24_T1","10:10:23",0,0,0,0,0,0,0,0,0,0,0,0,0,0,0,0,0,0,0,1,0,0,0,0,0
"Centennial","T1","2024_10_08_10-11-53.jpg",2024-10-08,"summer","out","matched","Centennial_Park",1,"deep","CNL_S24_T1","10:11:53",1,0,0,0,0,0,0,0,0,0,0,0,0,0,0,0,0,0,0,0,0,0,0,0,0
"Centennial","T1","2024_10_08_10-12-02.jpg",2024-10-08,"summer","out","matched","Centennial_Park",1,"deep","CNL_S24_T1","10:12:02",1,0,0,0,0,0,0,0,0,0,0,0,0,0,0,0,0,0,0,0,0,0,0,0,0
"Centennial","T1","2024_10_08_10-12-11.jpg",2024-10-08,"summer","out","matched","Centennial_Park",1,"deep","CNL_S24_T1","10:12:11",2,0,0,0,0,0,0,0,0,0,0,0,0,0,0,0,0,0,0,0,0,0,0,0,0
"Centennial","T1","2024_10_08_10-12-20.jpg",2024-10-08,"summer","out","matched","Centennial_Park",1,"deep","CNL_S24_T1","10:12:20",2,0,0,0,0,0,0,0,0,0,0,0,0,0,0,0,0,0,0,0,0,0,0,0,0
"Centennial","T1","2024_10_08_10-12-56.jpg",2024-10-08,"summer","out","matched","Centennial_Park",1,"deep","CNL_S24_T1","10:12:56",0,0,0,0,1,0,0,0,0,0,0,0,0,0,0,0,0,0,0,0,0,0,0,0,0
"Centennial","T1","2024_10_08_10-13-08.jpg",2024-10-08,"summer","out","inferred_time","Centennial_Park",1,"deep","CNL_S24_T1","10:13:08",1,0,0,0,0,0,0,0,0,0,0,0,0,0,0,0,0,0,0,0,0,0,0,0,0
"Centennial","T1","2024_10_08_10-13-17.jpg",2024-10-08,"summer","out","inferred_time","Centennial_Park",1,"deep","CNL_S24_T1","10:13:17",0,0,0,0,0,0,1,0,0,0,0,0,0,0,0,0,0,0,0,0,0,0,0,0,0
"Centennial","T1","2024_10_08_10-13-44.jpg",2024-10-08,"summer","out","inferred_time","Centennial_Park",1,"deep","CNL_S24_T1","10:13:44",3,0,0,0,0,0,0,0,0,0,0,0,0,0,0,0,0,0,0,0,0,0,0,0,0
"Centennial","T2","2024_10_08_10-36-34.jpg",2024-10-08,"summer","return","matched","Centennial_Park",1,"deep","CNL_S24_T1","10:36:34",0,0,0,0,0,0,0,0,0,0,0,0,0,0,0,0,0,0,0,0,0,0,1,0,0
"Centennial","T2","2024_10_08_10-36-49.jpg",2024-10-08,"summer","return","inferred_time","Centennial_Park",1,"deep","CNL_S24_T1","10:36:49",0,0,0,0,0,0,0,0,0,0,0,0,0,0,0,0,0,0,0,1,0,0,0,0,0
"Centennial","T2","2024_10_08_10-36-55.jpg",2024-10-08,"summer","return","inferred_time","Centennial_Park",1,"deep","CNL_S24_T1","10:36:55",1,0,0,0,0,0,0,0,0,0,0,0,0,0,0,0,0,0,0,0,0,0,0,0,0
"Centennial","T2","2024_10_08_10-37-10.jpg",2024-10-08,"summer","return","matched","Centennial_Park",1,"deep","CNL_S24_T1","10:37:10",1,0,0,0,0,0,0,0,0,0,0,0,0,0,0,0,0,0,0,0,0,0,0,0,0
"Centennial","T2","2024_10_08_10-37-19.jpg",2024-10-08,"summer","return","matched","Centennial_Park",1,"deep","CNL_S24_T1","10:37:19",0,0,1,0,0,0,0,0,0,0,0,0,0,0,0,0,0,0,0,0,0,0,0,0,0
"Centennial","T2","2024_10_08_10-38-04.jpg",2024-10-08,"summer","return","matched","Centennial_Park",1,"deep","CNL_S24_T1","10:38:04",0,0,0,0,0,0,0,0,0,0,0,0,0,0,1,0,0,0,0,0,0,0,0,0,0
"Centennial","T2","2024_10_08_10-38-13.jpg",2024-10-08,"summer","return","matched","Centennial_Park",1,"deep","CNL_S24_T1","10:38:13",1,0,0,0,0,0,0,0,0,0,0,0,0,0,0,0,0,0,0,0,0,0,0,0,0
"Centennial","T2","2024_10_08_10-38-31.jpg",2024-10-08,"summer","return","matched","Centennial_Park",1,"deep","CNL_S24_T1","10:38:31",1,0,0,0,0,0,0,0,0,0,0,0,0,0,0,0,0,0,0,0,0,0,0,0,0
"Centennial","T2","2024_10_08_10-39-04.jpg",2024-10-08,"summer","return","inferred_time","Centennial_Park",1,"deep","CNL_S24_T1","10:39:04",1,0,0,0,0,0,0,0,0,0,0,0,0,0,0,0,0,0,0,0,0,0,0,0,0
"Centennial","T2","2024_10_08_10-39-13.jpg",2024-10-08,"summer","return","inferred_time","Centennial_Park",1,"deep","CNL_S24_T1","10:39:13",1,0,0,0,0,0,0,0,0,0,0,0,0,0,0,0,0,0,0,0,0,0,0,0,0
"Centennial","T2","2024_10_08_10-39-46.jpg",2024-10-08,"summer","return","inferred_time","Centennial_Park",1,"deep","CNL_S24_T1","10:39:46",0,0,0,0,0,0,0,0,0,0,0,0,0,0,0,0,0,0,0,1,0,0,0,0,0
"Centennial","T2","2024_10_08_10-39-52.jpg",2024-10-08,"summer","return","matched","Centennial_Park",1,"deep","CNL_S24_T1","10:39:52",0,0,0,0,0,0,0,0,0,0,0,0,0,0,1,0,0,0,0,0,0,0,0,0,0
"Centennial","T3","2024_10_08_10-15-05.jpg",2024-10-08,"summer","out","matched","Centennial_Park",2,"deep","CNL_S24_T2","10:15:05",1,0,0,0,0,0,0,0,0,0,0,0,0,0,0,0,0,0,0,0,0,0,0,0,0
"Centennial","T3","2024_10_08_10-15-29.jpg",2024-10-08,"summer","out","inferred_time","Centennial_Park",2,"deep","CNL_S24_T2","10:15:29",1,0,0,0,0,0,0,0,0,0,0,0,0,0,0,0,0,0,0,0,0,0,0,0,0
"Centennial","T3","2024_10_08_10-16-17.jpg",2024-10-08,"summer","out","matched","Centennial_Park",2,"deep","CNL_S24_T2","10:16:17",1,0,0,0,0,0,0,0,0,0,0,0,0,0,0,0,0,0,0,0,0,0,0,0,0
"Centennial","T2","2024_10_08_10-16-29.jpg",2024-10-08,"summer","out","inferred_time","Centennial_Park",2,"deep","CNL_S24_T2","10:16:29",0,0,0,0,0,0,0,0,0,0,0,0,0,0,0,0,0,0,0,1,0,0,0,0,0
"Centennial","T3","2024_10_08_10-16-38.jpg",2024-10-08,"summer","out","inferred_time","Centennial_Park",2,"deep","CNL_S24_T2","10:16:38",1,0,0,0,0,0,0,0,0,0,0,0,0,0,0,0,0,0,0,0,0,0,0,0,0
"Centennial","T3","2024_10_08_10-16-47.jpg",2024-10-08,"summer","out","inferred_time","Centennial_Park",2,"deep","CNL_S24_T2","10:16:47",1,0,0,0,0,0,0,0,0,0,0,0,0,0,0,0,0,0,0,0,0,0,0,0,0
"Centennial","T3","2024_10_08_10-16-56.jpg",2024-10-08,"summer","out","inferred_time","Centennial_Park",2,"deep","CNL_S24_T2","10:16:56",2,0,0,0,0,0,0,0,0,0,0,0,0,0,0,0,0,0,0,0,0,0,0,0,0
"Centennial","T3","2024_10_08_10-17-08.jpg",2024-10-08,"summer","out","inferred_time","Centennial_Park",2,"deep","CNL_S24_T2","10:17:08",1,0,0,0,0,0,0,0,0,0,0,0,0,0,0,0,0,0,0,0,0,0,0,0,0
"Centennial","T3","2024_10_08_10-17-18.jpg",2024-10-08,"summer","out","inferred_time","Centennial_Park",2,"deep","CNL_S24_T2","10:17:18",1,0,0,0,0,0,0,0,0,0,0,0,0,0,0,0,0,0,0,0,0,0,0,0,0
"Centennial","T2","2024_10_08_10-19-24.jpg",2024-10-08,"summer","out","inferred_time","Centennial_Park",2,"deep","CNL_S24_T2","10:19:24",0,0,0,0,0,0,0,0,0,0,1,0,0,0,1,0,0,0,0,0,0,0,0,0,0
"Centennial","T2","2024_10_08_10-19-36.jpg",2024-10-08,"summer","out","matched","Centennial_Park",2,"deep","CNL_S24_T2","10:19:36",0,0,0,0,0,0,0,0,0,0,0,0,0,0,1,0,0,0,0,0,0,0,0,0,0
"Centennial","T2","2024_10_08_10-19-42.jpg",2024-10-08,"summer","out","inferred_time","Centennial_Park",2,"deep","CNL_S24_T2","10:19:42",1,0,0,0,0,0,0,0,0,0,0,0,0,0,1,0,0,0,0,0,0,0,0,0,0
"Centennial","T3","2024_10_08_10-30-24.jpg",2024-10-08,"summer","out","matched","Centennial_Park",2,"deep","CNL_S24_T2","10:30:24",1,0,0,0,0,0,0,0,0,0,0,0,0,0,0,0,0,0,0,0,0,0,0,0,0
"Centennial","T3","2024_10_08_10-30-45.jpg",2024-10-08,"summer","return","inferred_time","Centennial_Park",2,"deep","CNL_S24_T2","10:30:45",1,0,0,0,0,0,0,0,0,0,0,0,0,0,0,0,0,0,0,0,0,0,0,0,0
"Centennial","T3","2024_10_08_10-31-24.jpg",2024-10-08,"summer","return","inferred_time","Centennial_Park",2,"deep","CNL_S24_T2","10:31:24",1,0,0,0,0,0,0,0,0,0,0,0,0,0,0,0,0,0,0,0,0,0,0,0,0
"Centennial","T3","2024_10_08_10-31-33.jpg",2024-10-08,"summer","return","inferred_time","Centennial_Park",2,"deep","CNL_S24_T2","10:31:33",1,0,1,0,0,0,0,0,0,0,0,0,0,0,0,0,0,0,0,0,0,0,0,0,0
"Centennial","T3","2024_10_08_10-32-06.jpg",2024-10-08,"summer","return","inferred_time","Centennial_Park",2,"deep","CNL_S24_T2","10:32:06",0,0,1,0,0,0,0,0,0,0,0,0,0,0,0,0,0,0,0,0,0,0,0,0,0
"Centennial","T3","2024_10_08_10-32-33.jpg",2024-10-08,"summer","return","inferred_time","Centennial_Park",2,"deep","CNL_S24_T2","10:32:33",0,0,1,0,0,0,0,0,0,0,0,0,0,0,0,0,0,0,0,0,0,0,0,0,0
"Centennial","T3","2024_10_08_10-34-19.jpg",2024-10-08,"summer","return","matched","Centennial_Park",2,"deep","CNL_S24_T2","10:34:19",1,0,0,0,0,0,0,0,0,0,0,0,0,0,0,0,0,0,0,0,0,0,0,0,0
"Centennial","T3","2024_10_08_10-35-01.jpg",2024-10-08,"summer","return","inferred_time","Centennial_Park",2,"deep","CNL_S24_T2","10:35:01",1,0,0,0,0,0,0,0,0,0,0,0,0,0,0,0,0,0,0,0,0,0,0,0,0
"Centennial","T3","2024_10_08_10-22-03.jpg",2024-10-08,"summer","out","inferred_time","Centennial_Park",3,"deep","CNL_S24_T3","10:22:03",1,0,0,0,0,0,0,0,0,0,0,0,0,0,0,0,0,0,0,0,0,0,0,0,0
"Centennial","T3","2024_10_08_10-22-09.jpg",2024-10-08,"summer","out","inferred_time","Centennial_Park",3,"deep","CNL_S24_T3","10:22:09",1,0,0,0,0,0,0,0,0,0,0,0,0,0,0,0,0,0,0,0,0,0,0,0,0
"Centennial","T3","2024_10_08_10-22-18.jpg",2024-10-08,"summer","out","inferred_time","Centennial_Park",3,"deep","CNL_S24_T3","10:22:18",1,0,0,0,0,0,0,0,0,0,0,0,0,0,0,0,0,0,0,0,0,0,0,0,0
"Centennial","T3","2024_10_08_10-22-42.jpg",2024-10-08,"summer","out","matched","Centennial_Park",3,"deep","CNL_S24_T3","10:22:42",1,0,0,0,0,0,0,0,0,0,0,0,0,0,0,0,0,0,0,0,0,0,0,0,0
"Centennial","T1","2024_10_08_10-22-51.jpg",2024-10-08,"summer","out","matched","Centennial_Park",3,"deep","CNL_S24_T3","10:22:51",3,0,0,0,0,0,0,0,0,0,0,0,0,0,0,0,0,0,0,0,0,0,0,0,0
"Centennial","T3","2024_10_08_10-23-00.jpg",2024-10-08,"summer","out","matched","Centennial_Park",3,"deep","CNL_S24_T3","10:23:00",1,0,0,0,0,0,0,0,0,0,0,0,0,0,0,0,0,0,0,0,0,0,0,0,0
"Centennial","T3","2024_10_08_10-23-06.jpg",2024-10-08,"summer","out","inferred_time","Centennial_Park",3,"deep","CNL_S24_T3","10:23:06",1,0,0,0,0,0,0,0,0,0,0,0,0,0,0,0,0,0,0,0,0,0,0,0,0
"Centennial","T2","2024_10_08_10-23-15.jpg",2024-10-08,"summer","out","inferred_time","Centennial_Park",3,"deep","CNL_S24_T3","10:23:15",3,0,0,0,0,0,0,0,0,0,0,0,0,0,0,0,0,0,0,0,0,0,0,0,0
"Centennial","T2","2024_10_08_10-23-24.jpg",2024-10-08,"summer","out","inferred_time","Centennial_Park",3,"deep","CNL_S24_T3","10:23:24",1,0,0,0,0,0,0,0,0,0,0,0,0,0,0,0,0,0,0,0,0,0,0,0,0
"Centennial","T2","2024_10_08_10-23-30.jpg",2024-10-08,"summer","out","inferred_time","Centennial_Park",3,"deep","CNL_S24_T3","10:23:30",2,0,0,0,0,0,0,0,0,0,0,0,0,0,0,0,0,0,0,0,0,0,0,0,0
"Centennial","T2","2024_10_08_10-23-48.jpg",2024-10-08,"summer","out","inferred_time","Centennial_Park",3,"deep","CNL_S24_T3","10:23:48",1,0,0,0,0,0,0,0,0,0,0,0,0,0,0,0,0,0,0,0,0,0,0,0,0
"Centennial","T2","2024_10_08_10-24-12.jpg",2024-10-08,"summer","out","matched","Centennial_Park",3,"deep","CNL_S24_T3","10:24:12",1,0,0,0,0,0,0,0,0,0,0,0,0,0,0,0,0,0,0,0,0,0,0,0,0
"Centennial","T2","2024_10_08_10-24-21.jpg",2024-10-08,"summer","out","matched","Centennial_Park",3,"deep","CNL_S24_T3","10:24:21",1,0,1,0,0,0,0,0,0,0,0,0,0,0,0,0,0,0,0,0,0,0,0,0,0
"Centennial","T2","2024_10_08_10-24-27.jpg",2024-10-08,"summer","out","inferred_time","Centennial_Park",3,"deep","CNL_S24_T3","10:24:27",1,0,0,0,0,0,0,0,0,0,0,0,0,0,0,0,0,0,0,0,0,0,0,0,0
"Centennial","T2","2024_10_08_10-24-42.jpg",2024-10-08,"summer","out","inferred_time","Centennial_Park",3,"deep","CNL_S24_T3","10:24:42",1,0,0,0,0,0,0,0,0,0,0,0,0,0,0,0,0,0,0,0,0,0,0,0,0
"Centennial","T2","2024_10_08_10-24-57.jpg",2024-10-08,"summer","out","matched","Centennial_Park",3,"deep","CNL_S24_T3","10:24:57",1,0,0,0,0,0,0,0,0,0,0,0,0,0,0,0,0,0,0,0,0,0,0,0,0
"Centennial","T1","2024_10_08_10-25-06.jpg",2024-10-08,"summer","out","matched","Centennial_Park",3,"deep","CNL_S24_T3","10:25:06",3,0,0,0,0,0,0,0,0,0,0,0,0,0,0,0,0,0,0,0,0,0,0,0,0
"Centennial","T1","2024_10_08_10-25-54.jpg",2024-10-08,"summer","out","inferred_time","Centennial_Park",3,"deep","CNL_S24_T3","10:25:54",1,0,0,0,0,0,0,0,0,0,0,0,0,0,0,0,0,0,0,0,0,0,0,0,0
"Centennial","T1","2024_10_08_10-26-51.jpg",2024-10-08,"summer","return","matched","Centennial_Park",3,"deep","CNL_S24_T3","10:26:51",1,0,0,0,0,0,0,0,0,0,0,0,0,0,0,0,0,0,0,0,0,0,0,0,0
"Centennial","T1","2024_10_08_10-27-12.jpg",2024-10-08,"summer","return","inferred_time","Centennial_Park",3,"deep","CNL_S24_T3","10:27:12",1,0,0,0,0,0,0,0,0,0,0,0,0,0,0,0,0,0,0,0,0,0,0,0,0
"Centennial","T1","2024_10_08_10-27-33.jpg",2024-10-08,"summer","return","inferred_time","Centennial_Park",3,"deep","CNL_S24_T3","10:27:33",2,0,0,0,0,0,0,0,0,0,0,0,0,0,0,0,0,0,0,0,0,0,0,0,0
"Centennial","T1","2024_10_08_10-27-42.jpg",2024-10-08,"summer","return","inferred_time","Centennial_Park",3,"deep","CNL_S24_T3","10:27:42",1,0,0,0,0,0,0,0,0,0,0,0,0,0,0,0,0,0,0,0,0,0,0,0,0
"Centennial","T1","2024_10_08_10-28-00.jpg",2024-10-08,"summer","return","inferred_time","Centennial_Park",3,"deep","CNL_S24_T3","10:28:00",1,0,0,0,0,0,0,0,0,0,0,0,0,0,0,0,0,0,0,0,0,0,0,0,0
"Centennial","T1","2024_10_08_10-28-24.jpg",2024-10-08,"summer","return","inferred_time","Centennial_Park",3,"deep","CNL_S24_T3","10:28:24",1,0,0,0,0,0,0,0,0,0,0,0,0,0,0,0,0,0,0,0,0,0,0,0,0
"Centennial","T1","2024_10_08_10-28-39.jpg",2024-10-08,"summer","return","matched","Centennial_Park",3,"deep","CNL_S24_T3","10:28:39",1,0,0,0,0,0,0,0,0,0,0,0,0,0,0,0,0,0,0,0,0,0,0,0,0
"Centennial","T1","2024_10_08_10-28-48.jpg",2024-10-08,"summer","return","matched","Centennial_Park",3,"deep","CNL_S24_T3","10:28:48",0,0,1,0,0,0,0,0,0,0,0,0,0,0,0,0,0,0,0,0,0,0,0,0,0
"Centennial","T1","2024_10_08_10-28-54.jpg",2024-10-08,"summer","return","inferred_time","Centennial_Park",3,"deep","CNL_S24_T3","10:28:54",0,0,1,0,0,0,0,0,0,0,0,0,0,0,0,0,0,0,0,0,0,0,0,0,0
"Centennial","T1","2024_10_08_10-29-27.jpg",2024-10-08,"summer","return","inferred_time","Centennial_Park",3,"deep","CNL_S24_T3","10:29:27",1,0,0,0,0,0,0,0,0,0,0,0,0,0,0,0,0,0,0,0,0,0,0,0,0
"Centennial","T4","2024_10_08_11-32-32.jpg",2024-10-08,"summer","out","matched","Centennial_Park",4,"shallow","CNL_S24_T4","11:32:32",1,0,0,0,0,0,0,0,0,0,0,0,0,0,0,0,0,0,0,0,0,0,0,0,0
"Centennial","T4","2024_10_08_11-32-53.jpg",2024-10-08,"summer","out","inferred_time","Centennial_Park",4,"shallow","CNL_S24_T4","11:32:53",0,0,1,0,0,0,0,0,0,0,0,0,0,0,0,0,0,0,0,0,0,0,0,0,0
"Centennial","T4","2024_10_08_11-33-26.jpg",2024-10-08,"summer","out","matched","Centennial_Park",4,"shallow","CNL_S24_T4","11:33:26",1,0,0,0,0,0,0,0,0,0,0,0,0,0,0,0,0,0,0,0,0,0,0,0,0
"Centennial","T4","2024_10_08_11-33-41.jpg",2024-10-08,"summer","out","inferred_time","Centennial_Park",4,"shallow","CNL_S24_T4","11:33:41",1,0,0,0,0,0,0,0,0,0,0,0,0,0,0,0,0,0,0,0,0,0,0,0,0
"Centennial","T4","2024_10_08_11-34-08.jpg",2024-10-08,"summer","out","inferred_time","Centennial_Park",4,"shallow","CNL_S24_T4","11:34:08",1,0,0,0,0,0,0,0,0,0,0,0,0,0,0,0,0,0,0,0,0,0,0,0,0
"Centennial","T4","2024_10_08_11-34-26.jpg",2024-10-08,"summer","out","inferred_time","Centennial_Park",4,"shallow","CNL_S24_T4","11:34:26",1,0,0,0,0,0,0,0,0,0,0,0,0,0,0,0,0,0,0,0,0,0,0,0,0
"Centennial","T4","2024_10_08_11-35-02.jpg",2024-10-08,"summer","out","inferred_time","Centennial_Park",4,"shallow","CNL_S24_T4","11:35:02",1,0,0,0,0,0,0,0,0,0,0,0,0,0,0,0,0,0,0,0,0,0,0,0,0
"Centennial","T4","2024_10_08_11-35-11.jpg",2024-10-08,"summer","out","inferred_time","Centennial_Park",4,"shallow","CNL_S24_T4","11:35:11",4,0,0,0,0,0,0,0,0,0,0,0,0,0,0,0,0,0,0,0,0,0,0,0,0
"Centennial","T4","2024_10_08_11-36-26.jpg",2024-10-08,"summer","out","matched","Centennial_Park",4,"shallow","CNL_S24_T4","11:36:26",1,0,0,0,0,0,0,0,0,0,0,0,0,0,0,0,0,0,0,0,0,0,0,0,0
"Centennial","T5","2024_10_08_12-03-46.jpg",2024-10-08,"summer","out","inferred_time","Centennial_Park",4,"shallow","CNL_S24_T4","12:03:46",1,0,0,0,0,0,0,0,0,0,0,0,0,0,0,0,0,0,0,0,0,0,0,0,0
"Centennial","T5","2024_10_08_12-03-58.jpg",2024-10-08,"summer","out","inferred_time","Centennial_Park",4,"shallow","CNL_S24_T4","12:03:58",1,0,0,0,0,0,0,0,0,0,0,0,0,0,0,0,0,0,0,0,0,0,0,0,0
"Centennial","T5","2024_10_08_12-04-19.jpg",2024-10-08,"summer","return","matched","Centennial_Park",4,"shallow","CNL_S24_T4","12:04:19",1,0,0,0,0,0,0,0,0,0,0,0,0,0,0,0,0,0,0,0,0,0,0,0,0
"Centennial","T5","2024_10_08_12-04-28.jpg",2024-10-08,"summer","return","matched","Centennial_Park",4,"shallow","CNL_S24_T4","12:04:28",0,0,0,0,1,0,0,0,0,0,0,0,0,0,0,0,0,0,0,0,0,0,0,0,0
"Centennial","T5","2024_10_08_12-04-37.jpg",2024-10-08,"summer","return","matched","Centennial_Park",4,"shallow","CNL_S24_T4","12:04:37",1,0,0,0,1,0,0,0,0,0,0,0,0,0,0,0,0,0,0,0,0,0,0,0,0
"Centennial","T5","2024_10_08_12-04-46.jpg",2024-10-08,"summer","return","matched","Centennial_Park",4,"shallow","CNL_S24_T4","12:04:46",1,0,0,0,1,0,0,0,0,0,0,0,0,0,0,0,0,0,0,0,0,0,0,0,0
"Centennial","T5","2024_10_08_12-04-52.jpg",2024-10-08,"summer","return","inferred_time","Centennial_Park",4,"shallow","CNL_S24_T4","12:04:52",2,0,0,0,0,0,0,0,0,0,0,0,0,0,0,0,0,0,0,0,0,0,0,0,0
"Centennial","T5","2024_10_08_12-05-01.jpg",2024-10-08,"summer","return","inferred_time","Centennial_Park",4,"shallow","CNL_S24_T4","12:05:01",2,0,0,0,0,0,0,0,0,0,0,0,0,0,0,0,0,0,0,0,0,0,0,0,0
"Centennial","T5","2024_10_08_12-05-07.jpg",2024-10-08,"summer","return","inferred_time","Centennial_Park",4,"shallow","CNL_S24_T4","12:05:07",1,0,0,0,0,0,0,0,0,0,0,0,0,0,0,0,0,0,0,0,0,0,0,0,0
"Centennial","T5","2024_10_08_12-05-19.jpg",2024-10-08,"summer","return","inferred_time","Centennial_Park",4,"shallow","CNL_S24_T4","12:05:19",0,0,0,0,0,0,0,0,0,0,0,0,0,0,0,0,0,0,0,1,0,0,0,0,0
"Centennial","T5","2024_10_08_12-05-25.jpg",2024-10-08,"summer","return","inferred_time","Centennial_Park",4,"shallow","CNL_S24_T4","12:05:25",0,0,1,0,0,0,0,0,0,0,0,0,0,0,0,0,0,0,0,0,0,0,0,0,0
"Centennial","T5","2024_10_08_12-05-43.jpg",2024-10-08,"summer","return","inferred_time","Centennial_Park",4,"shallow","CNL_S24_T4","12:05:43",1,0,0,0,0,0,0,0,0,0,0,0,0,0,0,0,0,0,0,0,0,0,0,0,0
"Centennial","T5","2024_10_08_12-05-52.jpg",2024-10-08,"summer","return","inferred_time","Centennial_Park",4,"shallow","CNL_S24_T4","12:05:52",0,0,0,0,0,0,1,0,0,0,0,0,0,0,0,0,0,0,0,0,0,0,0,0,0
"Centennial","T5","2024_10_08_12-06-37.jpg",2024-10-08,"summer","return","inferred_time","Centennial_Park",4,"shallow","CNL_S24_T4","12:06:37",1,0,0,0,0,0,0,0,0,0,0,0,0,0,0,0,0,0,0,0,0,0,0,0,0
"Centennial","T5","2024_10_08_12-07-01.jpg",2024-10-08,"summer","return","matched","Centennial_Park",4,"shallow","CNL_S24_T4","12:07:01",1,0,0,0,0,0,0,0,0,0,0,0,0,0,0,0,0,0,0,0,0,0,0,0,0
"Centennial","T5","2024_10_08_12-07-22.jpg",2024-10-08,"summer","return","inferred_time","Centennial_Park",4,"shallow","CNL_S24_T4","12:07:22",1,0,0,0,0,0,0,0,0,0,0,0,0,0,0,0,0,0,0,0,0,0,0,0,0
"Centennial","T5","2024_10_08_12-07-31.jpg",2024-10-08,"summer","return","inferred_time","Centennial_Park",4,"shallow","CNL_S24_T4","12:07:31",1,0,0,0,0,0,0,0,0,0,0,0,0,0,0,0,0,0,0,0,0,0,0,0,0
"Centennial","T6","2024_10_08_12-07-40.jpg",2024-10-08,"summer","return","inferred_time","Centennial_Park",4,"shallow","CNL_S24_T4","12:07:40",2,0,0,0,0,0,0,0,0,0,0,0,0,0,0,0,0,0,0,0,0,0,0,0,0
"Centennial","T6","2024_10_08_11-38-42.jpg",2024-10-08,"summer","out","matched","Centennial_Park",5,"shallow","CNL_S24_T5","11:38:42",1,0,0,0,0,0,0,0,0,0,0,0,0,0,0,0,0,0,0,0,0,0,0,0,0
"Centennial","T6","2024_10_08_11-38-57.jpg",2024-10-08,"summer","out","inferred_time","Centennial_Park",5,"shallow","CNL_S24_T5","11:38:57",0,0,0,0,1,0,0,0,0,0,0,0,0,0,0,0,0,0,0,0,0,0,0,0,0
"Centennial","T6","2024_10_08_11-39-27.jpg",2024-10-08,"summer","out","matched","Centennial_Park",5,"shallow","CNL_S24_T5","11:39:27",1,0,0,0,0,0,0,0,0,0,0,0,0,0,0,0,0,0,0,0,0,0,0,0,0
"Centennial","T6","2024_10_08_11-40-15.jpg",2024-10-08,"summer","out","inferred_time","Centennial_Park",5,"shallow","CNL_S24_T5","11:40:15",1,0,0,0,0,0,0,0,0,0,0,0,0,0,0,0,0,0,0,0,0,0,0,0,0
"Centennial","T6","2024_10_08_11-41-21.jpg",2024-10-08,"summer","out","inferred_time","Centennial_Park",5,"shallow","CNL_S24_T5","11:41:21",1,0,1,0,0,0,0,0,0,0,0,0,0,0,0,0,0,0,0,0,0,0,0,0,0
"Centennial","T6","2024_10_08_11-42-06.jpg",2024-10-08,"summer","out","inferred_time","Centennial_Park",5,"shallow","CNL_S24_T5","11:42:06",0,0,0,0,1,0,0,0,0,0,0,0,0,0,0,0,0,0,0,0,0,0,0,0,0
"Centennial","T6","2024_10_08_11-42-21.jpg",2024-10-08,"summer","out","inferred_time","Centennial_Park",5,"shallow","CNL_S24_T5","11:42:21",0,0,0,0,0,0,1,0,0,0,0,0,0,0,0,0,0,0,0,0,0,0,0,0,0
"Centennial","T6","2024_10_08_11-43-15.jpg",2024-10-08,"summer","out","inferred_time","Centennial_Park",5,"shallow","CNL_S24_T5","11:43:15",0,0,0,0,1,0,0,0,0,0,0,0,0,0,0,0,0,0,0,0,0,0,0,0,0
"Centennial","T6","2024_10_08_11-43-57.jpg",2024-10-08,"summer","out","matched","Centennial_Park",5,"shallow","CNL_S24_T5","11:43:57",1,0,0,0,0,0,0,0,0,0,0,0,0,0,0,0,0,0,0,0,0,0,0,0,0
"Centennial","T6","2024_10_08_11-44-09.jpg",2024-10-08,"summer","out","inferred_time","Centennial_Park",5,"shallow","CNL_S24_T5","11:44:09",2,0,0,0,0,0,0,0,0,0,0,0,0,0,0,0,0,0,0,0,0,0,0,0,0
"Centennial","T6","2024_10_08_11-57-52.jpg",2024-10-08,"summer","out","inferred_time","Centennial_Park",5,"shallow","CNL_S24_T5","11:57:52",0,0,0,0,0,0,1,0,0,0,0,0,0,0,0,0,0,0,0,0,0,0,0,0,0
"Centennial","T6","2024_10_08_11-58-04.jpg",2024-10-08,"summer","out","inferred_time","Centennial_Park",5,"shallow","CNL_S24_T5","11:58:04",0,0,0,0,1,0,0,0,0,0,0,0,0,0,0,0,0,0,0,0,0,0,0,0,0
"Centennial","T6","2024_10_08_11-58-16.jpg",2024-10-08,"summer","out","matched","Centennial_Park",5,"shallow","CNL_S24_T5","11:58:16",1,0,0,0,0,0,0,0,0,0,0,0,0,0,0,0,0,0,0,0,0,0,0,0,0
"Centennial","T6","2024_10_08_11-58-49.jpg",2024-10-08,"summer","return","inferred_time","Centennial_Park",5,"shallow","CNL_S24_T5","11:58:49",2,0,0,0,0,0,0,0,0,0,0,0,0,0,0,0,0,0,0,0,0,0,0,0,0
"Centennial","T6","2024_10_08_11-59-22.jpg",2024-10-08,"summer","return","inferred_time","Centennial_Park",5,"shallow","CNL_S24_T5","11:59:22",1,0,0,0,0,0,0,0,0,0,0,0,0,0,0,0,0,0,0,0,0,0,0,0,0
"Centennial","T6","2024_10_08_11-59-55.jpg",2024-10-08,"summer","return","matched","Centennial_Park",5,"shallow","CNL_S24_T5","11:59:55",0,1,0,0,0,0,0,0,0,0,0,0,0,0,0,0,0,0,0,0,0,0,0,0,0
"Centennial","T6","2024_10_08_12-00-07.jpg",2024-10-08,"summer","return","inferred_time","Centennial_Park",5,"shallow","CNL_S24_T5","12:00:07",0,0,1,0,0,0,0,0,0,0,0,0,0,0,0,0,0,0,0,0,0,0,0,0,0
"Centennial","T6","2024_10_08_12-00-19.jpg",2024-10-08,"summer","return","inferred_time","Centennial_Park",5,"shallow","CNL_S24_T5","12:00:19",2,0,0,0,0,0,0,0,0,0,0,0,0,0,0,0,0,0,0,0,0,0,0,0,0
"Centennial","T5","2024_10_08_12-00-52.jpg",2024-10-08,"summer","return","inferred_time","Centennial_Park",5,"shallow","CNL_S24_T5","12:00:52",0,0,0,0,1,0,0,0,0,0,0,0,0,0,0,0,0,0,0,0,0,0,0,0,0
"Centennial","T5","2024_10_08_12-01-37.jpg",2024-10-08,"summer","return","inferred_time","Centennial_Park",5,"shallow","CNL_S24_T5","12:01:37",3,0,0,0,0,0,0,0,0,0,0,0,0,0,0,0,0,0,0,0,0,0,0,0,0
"Centennial","T5","2024_10_08_12-01-52.jpg",2024-10-08,"summer","return","matched","Centennial_Park",5,"shallow","CNL_S24_T5","12:01:52",0,0,0,0,0,0,1,0,0,0,0,0,0,0,0,0,0,0,0,0,0,0,0,0,0
"Centennial","T5","2024_10_08_12-02-43.jpg",2024-10-08,"summer","return","inferred_time","Centennial_Park",5,"shallow","CNL_S24_T5","12:02:43",1,0,0,0,0,0,0,0,0,0,0,0,0,0,0,0,0,0,0,0,0,0,0,0,0
"Centennial","T5","2024_10_08_12-02-58.jpg",2024-10-08,"summer","return","inferred_time","Centennial_Park",5,"shallow","CNL_S24_T5","12:02:58",2,0,0,0,0,0,0,0,0,0,0,0,0,0,0,0,0,0,0,0,0,0,0,0,0
"Centennial","T5","2024_10_08_11-46-45.jpg",2024-10-08,"summer","out","inferred_time","Centennial_Park",6,"shallow","CNL_S24_T6","11:46:45",1,0,0,0,0,0,0,0,0,0,0,0,0,0,0,0,0,0,0,0,0,0,0,0,0
"Centennial","T5","2024_10_08_11-47-12.jpg",2024-10-08,"summer","out","inferred_time","Centennial_Park",6,"shallow","CNL_S24_T6","11:47:12",1,0,0,0,1,0,0,0,0,0,0,0,0,0,0,0,0,0,0,0,0,0,0,0,0
"Centennial","T5","2024_10_08_11-47-42.jpg",2024-10-08,"summer","out","matched","Centennial_Park",6,"shallow","CNL_S24_T6","11:47:42",0,0,0,0,0,0,1,0,0,0,0,0,0,0,0,0,0,0,0,0,0,0,0,0,0
"Centennial","T5","2024_10_08_11-48-09.jpg",2024-10-08,"summer","out","matched","Centennial_Park",6,"shallow","CNL_S24_T6","11:48:09",0,0,0,0,0,0,0,0,0,1,0,0,0,0,0,0,0,0,0,0,0,0,0,0,0
"Centennial","T5","2024_10_08_11-48-51.jpg",2024-10-08,"summer","out","inferred_time","Centennial_Park",6,"shallow","CNL_S24_T6","11:48:51",0,0,0,0,1,0,0,0,0,0,0,0,0,0,0,0,0,0,0,0,0,0,0,0,0
"Centennial","T5","2024_10_08_11-49-30.jpg",2024-10-08,"summer","out","matched","Centennial_Park",6,"shallow","CNL_S24_T6","11:49:30",1,0,0,0,0,0,0,0,0,0,0,0,0,0,0,0,0,0,0,0,0,0,0,0,0
"Centennial","T4","2024_10_08_11-52-15.jpg",2024-10-08,"summer","out","inferred_time","Centennial_Park",6,"shallow","CNL_S24_T6","11:52:15",0,0,0,0,1,0,0,0,0,0,0,0,0,0,0,0,0,0,0,0,0,0,0,0,0
"Centennial","T4","2024_10_08_11-53-03.jpg",2024-10-08,"summer","return","inferred_time","Centennial_Park",6,"shallow","CNL_S24_T6","11:53:03",2,0,0,0,0,0,0,0,0,0,0,0,0,0,0,0,0,0,0,0,0,0,0,0,0
"Centennial","T4","2024_10_08_11-53-24.jpg",2024-10-08,"summer","return","inferred_time","Centennial_Park",6,"shallow","CNL_S24_T6","11:53:24",1,0,0,0,1,0,0,0,0,0,0,0,0,0,0,0,0,0,0,0,0,0,0,0,0
"Centennial","T4","2024_10_08_11-53-37.jpg",2024-10-08,"summer","return","matched","Centennial_Park",6,"shallow","CNL_S24_T6","11:53:37",0,0,0,0,1,0,0,0,0,0,0,0,0,0,0,0,0,0,0,0,0,0,0,0,0
"Centennial","T4","2024_10_08_11-54-28.jpg",2024-10-08,"summer","return","inferred_time","Centennial_Park",6,"shallow","CNL_S24_T6","11:54:28",0,0,1,0,0,0,0,0,0,0,0,0,0,0,0,0,0,0,0,0,0,0,0,0,0
"Centennial","T4","2024_10_08_11-54-34.jpg",2024-10-08,"summer","return","inferred_time","Centennial_Park",6,"shallow","CNL_S24_T6","11:54:34",0,0,1,0,0,0,0,0,0,0,0,0,0,0,0,0,0,0,0,0,0,0,0,0,0
"Centennial","T4","2024_10_08_11-54-55.jpg",2024-10-08,"summer","return","inferred_time","Centennial_Park",6,"shallow","CNL_S24_T6","11:54:55",1,0,0,0,0,0,0,0,0,0,0,0,0,0,0,0,0,0,0,0,0,0,0,0,0
"Centennial","T4","2024_10_08_11-55-04.jpg",2024-10-08,"summer","return","inferred_time","Centennial_Park",6,"shallow","CNL_S24_T6","11:55:04",1,0,0,0,0,0,0,0,0,0,0,0,0,0,0,0,0,0,0,0,0,0,0,0,0
"Centennial","T4","2024_10_08_11-55-16.jpg",2024-10-08,"summer","return","matched","Centennial_Park",6,"shallow","CNL_S24_T6","11:55:16",0,0,0,0,0,0,0,0,0,0,1,0,0,0,0,0,0,0,0,0,0,0,0,0,0
"Centennial","T4","2024_10_08_11-55-34.jpg",2024-10-08,"summer","return","matched","Centennial_Park",6,"shallow","CNL_S24_T6","11:55:34",1,0,0,0,0,0,0,0,0,0,0,0,0,0,0,0,0,0,0,0,0,0,0,0,0
"Centennial","T4","2024_10_08_11-56-07.jpg",2024-10-08,"summer","return","inferred_time","Centennial_Park",6,"shallow","CNL_S24_T6","11:56:07",0,0,0,0,0,1,0,0,0,0,0,0,0,0,0,0,0,0,0,0,0,0,0,0,0
"Centennial","T4","2024_10_08_11-56-19.jpg",2024-10-08,"summer","return","matched","Centennial_Park",6,"shallow","CNL_S24_T6","11:56:19",1,0,0,0,0,0,0,0,0,0,0,0,0,0,0,0,0,0,0,0,0,0,0,0,0
"Centennial","T4","2024_10_08_11-56-37.jpg",2024-10-08,"summer","return","matched","Centennial_Park",6,"shallow","CNL_S24_T6","11:56:37",0,0,0,0,0,0,0,0,0,1,1,0,0,0,0,0,0,0,0,0,0,0,0,0,0
"Centennial","T1","2025_01_27_10-02-44_enhanced.jpg",2025-01-27,"winter","out","matched","Centennial_Park",1,"deep","CNL_W25_T1","10:02:44",1,0,0,0,0,0,0,0,0,0,0,0,0,0,0,0,0,0,0,0,0,0,0,0,0
"Centennial","T1","2025_01_27_10-02-59_enhanced.jpg",2025-01-27,"winter","out","matched","Centennial_Park",1,"deep","CNL_W25_T1","10:02:59",1,0,0,0,0,0,0,0,0,0,0,0,0,0,0,0,0,0,0,0,0,0,0,0,0
"Centennial","T1","2025_01_27_10-03-38_enhanced.jpg",2025-01-27,"winter","out","matched","Centennial_Park",1,"deep","CNL_W25_T1","10:03:38",1,0,0,0,0,0,0,0,0,0,0,0,0,0,0,0,0,0,0,0,0,0,0,0,0
"Centennial","T1","2025_01_27_10-03-53_enhanced.jpg",2025-01-27,"winter","out","matched","Centennial_Park",1,"deep","CNL_W25_T1","10:03:53",0,0,1,0,0,0,0,0,0,0,0,0,0,0,0,0,0,0,0,0,0,0,0,0,0
"Centennial","T1","2025_01_27_10-04-08_enhanced.jpg",2025-01-27,"winter","out","matched","Centennial_Park",1,"deep","CNL_W25_T1","10:04:08",2,0,1,0,0,0,0,0,0,0,0,0,0,0,0,0,0,0,0,0,0,0,0,0,0
"Centennial","T1","2025_01_27_10-04-20_enhanced.jpg",2025-01-27,"winter","out","matched","Centennial_Park",1,"deep","CNL_W25_T1","10:04:20",1,0,0,0,0,0,0,0,0,0,0,0,0,0,0,0,0,0,0,0,0,0,0,0,0
"Centennial","T1","2025_01_27_10-04-32_enhanced.jpg",2025-01-27,"winter","out","matched","Centennial_Park",1,"deep","CNL_W25_T1","10:04:32",2,0,1,0,0,0,0,0,0,0,0,0,0,0,0,0,0,0,0,0,0,0,0,0,0
"Centennial","T1","2025_01_27_10-04-47_enhanced.jpg",2025-01-27,"winter","out","matched","Centennial_Park",1,"deep","CNL_W25_T1","10:04:47",0,0,1,0,0,0,0,0,0,0,0,0,0,0,0,0,0,0,0,0,0,0,0,0,0
"Centennial","T1","2025_01_27_10-05-17_enhanced.jpg",2025-01-27,"winter","out","matched","Centennial_Park",1,"deep","CNL_W25_T1","10:05:17",0,0,2,0,0,0,0,0,0,0,0,0,0,0,0,0,0,0,0,0,0,0,0,0,0
"Centennial","T1","2025_01_27_10-05-32_enhanced.jpg",2025-01-27,"winter","out","matched","Centennial_Park",1,"deep","CNL_W25_T1","10:05:32",0,0,1,0,0,0,0,0,0,0,0,0,0,0,0,0,0,0,0,0,0,0,0,0,0
"Centennial","T1","2025_01_27_10-05-47_enhanced.jpg",2025-01-27,"winter","out","matched","Centennial_Park",1,"deep","CNL_W25_T1","10:05:47",0,0,4,0,0,0,0,0,0,0,0,0,0,0,0,0,0,0,0,0,0,0,0,0,0
"Centennial","T1","2025_01_27_10-06-00_enhanced.jpg",2025-01-27,"winter","out","matched","Centennial_Park",1,"deep","CNL_W25_T1","10:06:00",0,0,3,0,0,0,0,0,0,0,0,0,0,0,0,0,0,0,0,0,0,0,0,0,0
"Centennial","T1","2025_01_27_10-06-12_enhanced.jpg",2025-01-27,"winter","out","matched","Centennial_Park",1,"deep","CNL_W25_T1","10:06:12",0,0,9,0,0,0,0,0,0,0,0,0,0,0,0,0,0,0,0,0,0,0,0,0,0
"Centennial","T1","2025_01_27_10-06-27_enhanced.jpg",2025-01-27,"winter","out","matched","Centennial_Park",1,"deep","CNL_W25_T1","10:06:27",0,0,5,0,0,0,0,0,0,0,0,0,0,0,0,0,0,0,0,0,0,0,0,0,0
"Centennial","T1","2025_01_27_10-06-42_enhanced.jpg",2025-01-27,"winter","out","matched","Centennial_Park",1,"deep","CNL_W25_T1","10:06:42",1,0,4,0,0,0,0,0,0,0,0,0,0,0,0,0,0,0,0,0,0,0,0,0,0
"Centennial","T1","2025_01_27_10-07-00_enhanced.jpg",2025-01-27,"winter","out","matched","Centennial_Park",1,"deep","CNL_W25_T1","10:07:00",3,0,3,0,0,0,0,0,0,0,0,0,0,0,0,0,0,0,0,0,0,0,0,0,0
"Centennial","T1","2025_01_27_10-07-15_enhanced.jpg",2025-01-27,"winter","out","matched","Centennial_Park",1,"deep","CNL_W25_T1","10:07:15",0,0,3,0,0,0,0,0,0,0,0,0,0,0,0,0,0,0,0,0,0,0,0,0,0
"Centennial","T1","2025_01_27_10-07-30_enhanced.jpg",2025-01-27,"winter","out","matched","Centennial_Park",1,"deep","CNL_W25_T1","10:07:30",0,0,2,0,0,0,0,0,0,0,0,0,0,0,0,0,0,0,0,0,0,0,0,0,0
"Centennial","T1","2025_01_27_10-07-45_enhanced.jpg",2025-01-27,"winter","out","matched","Centennial_Park",1,"deep","CNL_W25_T1","10:07:45",0,0,1,0,0,0,0,0,0,0,0,0,0,0,0,0,0,0,0,0,0,0,0,0,0
"Centennial","T1","2025_01_27_10-07-57_enhanced.jpg",2025-01-27,"winter","out","matched","Centennial_Park",1,"deep","CNL_W25_T1","10:07:57",0,0,2,0,0,0,0,0,0,0,0,0,0,0,0,0,0,0,0,0,0,0,0,0,0
"Centennial","T1","2025_01_27_10-08-09_enhanced.jpg",2025-01-27,"winter","out","matched","Centennial_Park",1,"deep","CNL_W25_T1","10:08:09",1,0,2,0,0,0,0,0,0,0,0,0,0,0,0,0,0,0,0,0,0,0,0,0,0
"Centennial","T1","2025_01_27_10-08-21_enhanced.jpg",2025-01-27,"winter","out","matched","Centennial_Park",1,"deep","CNL_W25_T1","10:08:21",1,0,0,0,0,0,0,0,0,0,0,0,0,0,0,0,0,0,0,0,0,0,0,0,0
"Centennial","T1","2025_01_27_10-08-36_enhanced.jpg",2025-01-27,"winter","out","matched","Centennial_Park",1,"deep","CNL_W25_T1","10:08:36",1,0,1,0,0,0,0,0,0,0,0,0,0,0,0,0,0,0,0,0,0,0,0,0,0
"Centennial","T1","2025_01_27_10-08-51_enhanced.jpg",2025-01-27,"winter","out","matched","Centennial_Park",1,"deep","CNL_W25_T1","10:08:51",1,0,2,0,0,0,0,0,0,0,0,0,0,0,0,0,0,0,0,0,0,0,0,0,0
"Centennial","T2","2025_01_27_10-40-26_enhanced.jpg",2025-01-27,"winter","return","matched","Centennial_Park",1,"deep","CNL_W25_T1","10:40:26",0,0,1,0,0,0,0,0,0,0,0,0,0,0,0,0,0,0,0,0,0,0,0,0,0
"Centennial","T2","2025_01_27_10-40-38_enhanced.jpg",2025-01-27,"winter","return","matched","Centennial_Park",1,"deep","CNL_W25_T1","10:40:38",0,0,1,0,0,0,0,0,0,0,0,0,0,0,0,0,0,0,0,0,0,0,0,0,0
"Centennial","T2","2025_01_27_10-40-50_enhanced.jpg",2025-01-27,"winter","return","matched","Centennial_Park",1,"deep","CNL_W25_T1","10:40:50",0,0,1,0,0,0,0,0,0,0,0,0,0,0,0,0,0,0,0,0,0,0,0,0,0
"Centennial","T2","2025_01_27_10-40-59_enhanced.jpg",2025-01-27,"winter","return","matched","Centennial_Park",1,"deep","CNL_W25_T1","10:40:59",1,0,0,0,0,0,0,0,0,0,0,0,0,0,0,0,0,0,0,0,0,0,0,0,0
"Centennial","T2","2025_01_27_10-41-08_enhanced.jpg",2025-01-27,"winter","return","matched","Centennial_Park",1,"deep","CNL_W25_T1","10:41:08",1,0,0,0,0,0,0,0,0,0,0,0,0,0,0,0,0,0,0,0,0,0,0,0,0
"Centennial","T2","2025_01_27_10-41-17_enhanced.jpg",2025-01-27,"winter","return","matched","Centennial_Park",1,"deep","CNL_W25_T1","10:41:17",0,0,2,0,0,0,0,0,0,0,0,0,0,0,0,0,0,0,0,0,0,0,0,0,0
"Centennial","T2","2025_01_27_10-41-29_enhanced.jpg",2025-01-27,"winter","return","matched","Centennial_Park",1,"deep","CNL_W25_T1","10:41:29",3,0,3,0,0,0,0,0,0,0,0,0,0,0,0,0,0,0,0,0,0,0,0,0,0
"Centennial","T2","2025_01_27_10-41-38_enhanced.jpg",2025-01-27,"winter","return","matched","Centennial_Park",1,"deep","CNL_W25_T1","10:41:38",2,0,4,0,0,0,0,0,0,0,0,0,0,0,0,0,0,0,0,0,0,0,0,0,0
"Centennial","T2","2025_01_27_10-41-47_enhanced.jpg",2025-01-27,"winter","return","matched","Centennial_Park",1,"deep","CNL_W25_T1","10:41:47",1,0,4,0,0,0,0,0,0,0,0,0,0,0,0,0,0,0,0,0,0,0,0,0,0
"Centennial","T2","2025_01_27_10-42-08_enhanced.jpg",2025-01-27,"winter","return","matched","Centennial_Park",1,"deep","CNL_W25_T1","10:42:08",0,0,5,0,0,0,0,0,0,0,0,0,0,0,0,0,0,0,0,0,0,0,0,0,0
"Centennial","T2","2025_01_27_10-42-20_enhanced.jpg",2025-01-27,"winter","return","matched","Centennial_Park",1,"deep","CNL_W25_T1","10:42:20",0,0,9,0,0,0,0,0,0,0,0,0,0,0,0,0,0,0,0,0,0,0,0,0,0
"Centennial","T2","2025_01_27_10-42-32_enhanced.jpg",2025-01-27,"winter","return","matched","Centennial_Park",1,"deep","CNL_W25_T1","10:42:32",1,0,8,0,0,0,0,0,0,0,0,0,0,0,0,0,0,0,0,0,0,0,0,0,0
"Centennial","T2","2025_01_27_10-42-44_enhanced.jpg",2025-01-27,"winter","return","matched","Centennial_Park",1,"deep","CNL_W25_T1","10:42:44",1,0,6,0,0,0,0,0,0,0,0,0,0,0,0,0,0,0,0,0,0,0,0,0,0
"Centennial","T2","2025_01_27_10-42-56_enhanced.jpg",2025-01-27,"winter","return","matched","Centennial_Park",1,"deep","CNL_W25_T1","10:42:56",2,0,9,0,0,0,0,0,0,0,0,0,0,0,0,0,0,0,0,0,0,0,0,0,0
"Centennial","T2","2025_01_27_10-43-05_enhanced.jpg",2025-01-27,"winter","return","matched","Centennial_Park",1,"deep","CNL_W25_T1","10:43:05",1,0,8,0,0,0,0,0,0,0,0,0,0,0,0,0,0,0,0,0,0,0,0,0,0
"Centennial","T2","2025_01_27_10-43-17_enhanced.jpg",2025-01-27,"winter","return","matched","Centennial_Park",1,"deep","CNL_W25_T1","10:43:17",0,0,4,0,0,0,0,0,0,0,0,0,0,0,0,0,0,0,0,0,0,0,0,0,0
"Centennial","T3","2025_01_27_10-43-29_enhanced.jpg",2025-01-27,"winter","return","matched","Centennial_Park",1,"deep","CNL_W25_T1","10:43:29",0,0,1,0,0,0,0,0,0,0,0,0,0,0,0,0,0,0,0,0,0,0,0,0,0
"Centennial","T3","2025_01_27_10-43-41_enhanced.jpg",2025-01-27,"winter","return","matched","Centennial_Park",1,"deep","CNL_W25_T1","10:43:41",0,0,5,0,0,0,0,0,0,0,0,0,0,0,0,0,0,0,0,0,0,0,0,0,0
"Centennial","T3","2025_01_27_10-43-53_enhanced.jpg",2025-01-27,"winter","return","matched","Centennial_Park",1,"deep","CNL_W25_T1","10:43:53",0,0,5,0,0,0,0,0,0,0,0,0,0,0,0,0,0,0,0,0,0,0,0,0,0
"Centennial","T3","2025_01_27_10-44-05_enhanced.jpg",2025-01-27,"winter","return","matched","Centennial_Park",1,"deep","CNL_W25_T1","10:44:05",1,0,3,0,0,0,0,0,0,0,0,0,0,0,0,0,0,0,0,0,0,0,0,0,0
"Centennial","T3","2025_01_27_10-44-32_enhanced.jpg",2025-01-27,"winter","return","matched","Centennial_Park",1,"deep","CNL_W25_T1","10:44:32",1,0,2,0,0,0,0,0,0,0,0,0,0,0,0,0,0,0,0,0,0,0,0,0,0
"Centennial","T3","2025_01_27_10-44-56_enhanced.jpg",2025-01-27,"winter","return","matched","Centennial_Park",1,"deep","CNL_W25_T1","10:44:56",1,0,0,0,0,0,0,0,0,0,0,0,0,0,0,0,0,0,0,0,0,0,0,0,0
"Centennial","T3","2025_01_27_10-45-11_enhanced.jpg",2025-01-27,"winter","return","matched","Centennial_Park",1,"deep","CNL_W25_T1","10:45:11",0,0,1,0,0,0,0,0,0,0,0,0,0,0,0,0,0,0,0,0,0,0,0,0,0
"Centennial","T3","2025_01_27_10-45-26_enhanced.jpg",2025-01-27,"winter","return","matched","Centennial_Park",1,"deep","CNL_W25_T1","10:45:26",1,0,0,0,0,0,0,0,0,0,0,0,0,0,0,0,0,0,0,0,0,0,0,0,0
"Centennial","T3","2025_01_27_10-45-53_enhanced.jpg",2025-01-27,"winter","return","matched","Centennial_Park",1,"deep","CNL_W25_T1","10:45:53",1,0,0,0,0,0,0,0,0,0,0,0,0,0,0,0,0,0,0,0,0,0,0,0,0
"Centennial","T3","2025_01_27_10-46-02_enhanced.jpg",2025-01-27,"winter","return","matched","Centennial_Park",1,"deep","CNL_W25_T1","10:46:02",3,0,0,0,0,0,0,0,0,0,0,0,0,0,0,0,0,0,0,0,0,0,0,0,0
"Centennial","T3","2025_01_27_10-10-54_enhanced.jpg",2025-01-27,"winter","out","matched","Centennial_Park",2,"deep","CNL_W25_T2","10:10:54",1,0,0,0,0,0,0,0,0,0,0,0,0,0,0,0,0,0,0,0,0,0,0,0,0
"Centennial","T3","2025_01_27_10-11-12_enhanced.jpg",2025-01-27,"winter","out","matched","Centennial_Park",2,"deep","CNL_W25_T2","10:11:12",1,0,0,0,0,0,0,0,0,0,0,0,0,0,0,0,0,0,0,0,0,0,0,0,0
"Centennial","T3","2025_01_27_10-11-24_enhanced.jpg",2025-01-27,"winter","out","matched","Centennial_Park",2,"deep","CNL_W25_T2","10:11:24",0,0,1,0,0,0,0,0,0,0,0,0,0,0,0,0,0,0,0,0,0,0,0,0,0
"Centennial","T3","2025_01_27_10-11-33_enhanced.jpg",2025-01-27,"winter","out","matched","Centennial_Park",2,"deep","CNL_W25_T2","10:11:33",0,0,1,0,0,0,0,0,0,0,0,0,0,0,0,0,0,0,0,0,0,0,0,0,0
"Centennial","T3","2025_01_27_10-12-33_enhanced.jpg",2025-01-27,"winter","out","matched","Centennial_Park",2,"deep","CNL_W25_T2","10:12:33",0,0,0,0,0,0,0,0,0,0,1,0,0,0,0,0,0,0,0,0,0,0,0,0,0
"Centennial","T3","2025_01_27_10-13-48_enhanced.jpg",2025-01-27,"winter","out","matched","Centennial_Park",2,"deep","CNL_W25_T2","10:13:48",1,0,0,0,0,0,0,0,0,0,0,0,0,0,0,0,0,0,0,0,0,0,0,0,0
"Centennial","T3","2025_01_27_10-14-03_enhanced.jpg",2025-01-27,"winter","out","matched","Centennial_Park",2,"deep","CNL_W25_T2","10:14:03",2,0,0,0,0,0,0,0,0,0,0,0,0,0,0,0,0,0,0,0,0,0,0,0,0
"Centennial","T2","2025_01_27_10-14-42_enhanced.jpg",2025-01-27,"winter","out","matched","Centennial_Park",2,"deep","CNL_W25_T2","10:14:42",1,0,0,0,0,0,0,0,0,0,0,0,0,0,0,0,0,0,0,0,0,0,0,0,0
"Centennial","T2","2025_01_27_10-14-51_enhanced.jpg",2025-01-27,"winter","out","matched","Centennial_Park",2,"deep","CNL_W25_T2","10:14:51",3,0,0,0,0,0,0,0,0,0,0,0,0,0,0,0,0,0,0,0,0,0,0,0,0
"Centennial","T2","2025_01_27_10-15-03_enhanced.jpg",2025-01-27,"winter","out","matched","Centennial_Park",2,"deep","CNL_W25_T2","10:15:03",2,0,0,0,0,0,0,0,0,0,0,0,0,0,0,0,0,0,0,0,0,0,0,0,0
"Centennial","T2","2025_01_27_10-15-15_enhanced.jpg",2025-01-27,"winter","out","matched","Centennial_Park",2,"deep","CNL_W25_T2","10:15:15",3,0,0,0,0,0,0,0,0,0,0,0,0,0,0,0,0,0,0,0,0,0,0,0,0
"Centennial","T2","2025_01_27_10-15-27_enhanced.jpg",2025-01-27,"winter","out","matched","Centennial_Park",2,"deep","CNL_W25_T2","10:15:27",5,0,0,0,0,0,0,0,0,0,0,0,0,0,0,0,0,0,0,0,0,0,0,0,0
"Centennial","T2","2025_01_27_10-15-39_enhanced.jpg",2025-01-27,"winter","out","matched","Centennial_Park",2,"deep","CNL_W25_T2","10:15:39",2,0,0,0,0,0,0,0,0,0,0,0,0,0,0,0,0,0,0,0,0,0,0,0,0
"Centennial","T2","2025_01_27_10-15-51_enhanced.jpg",2025-01-27,"winter","out","matched","Centennial_Park",2,"deep","CNL_W25_T2","10:15:51",1,0,0,0,0,0,0,0,0,0,0,0,0,0,0,0,0,0,0,0,0,0,0,0,0
"Centennial","T2","2025_01_27_10-16-03_enhanced.jpg",2025-01-27,"winter","out","matched","Centennial_Park",2,"deep","CNL_W25_T2","10:16:03",3,0,0,0,0,0,0,0,0,0,0,0,0,0,0,0,0,0,0,0,0,0,0,0,0
"Centennial","T1","2025_01_27_10-16-12_enhanced.jpg",2025-01-27,"winter","out","matched","Centennial_Park",2,"deep","CNL_W25_T2","10:16:12",3,0,0,0,0,0,0,0,0,0,0,0,0,0,0,0,0,0,0,0,0,0,0,0,0
"Centennial","T1","2025_01_27_10-33-55_enhanced.jpg",2025-01-27,"winter","return","matched","Centennial_Park",2,"deep","CNL_W25_T2","10:33:55",1,0,0,0,0,0,0,0,0,0,0,0,0,0,0,0,0,0,0,0,0,0,0,0,0
"Centennial","T1","2025_01_27_10-34-25_enhanced.jpg",2025-01-27,"winter","return","matched","Centennial_Park",2,"deep","CNL_W25_T2","10:34:25",3,0,0,0,0,0,0,0,0,0,0,0,0,0,0,0,0,0,0,0,0,0,0,0,0
"Centennial","T1","2025_01_27_10-34-52_enhanced.jpg",2025-01-27,"winter","return","matched","Centennial_Park",2,"deep","CNL_W25_T2","10:34:52",2,0,0,0,0,0,0,0,0,0,0,0,0,0,0,0,0,0,0,0,0,0,0,0,0
"Centennial","T1","2025_01_27_10-35-07_enhanced.jpg",2025-01-27,"winter","return","matched","Centennial_Park",2,"deep","CNL_W25_T2","10:35:07",3,0,0,0,0,0,0,0,0,0,0,0,0,0,0,0,0,0,0,0,0,0,0,0,0
"Centennial","T1","2025_01_27_10-35-46_enhanced.jpg",2025-01-27,"winter","return","matched","Centennial_Park",2,"deep","CNL_W25_T2","10:35:46",1,0,0,0,0,0,0,0,0,0,0,0,0,0,0,0,0,0,0,0,0,0,0,0,0
"Centennial","T1","2025_01_27_10-36-28_enhanced.jpg",2025-01-27,"winter","return","matched","Centennial_Park",2,"deep","CNL_W25_T2","10:36:28",1,0,0,0,0,0,0,0,0,0,0,0,0,0,0,0,0,0,0,0,0,0,0,0,0
"Centennial","T1","2025_01_27_10-36-55_enhanced.jpg",2025-01-27,"winter","return","matched","Centennial_Park",2,"deep","CNL_W25_T2","10:36:55",1,0,0,0,0,0,0,0,0,0,0,0,0,0,0,0,0,0,0,0,0,0,0,0,0
"Centennial","T1","2025_01_27_10-38-55_enhanced.jpg",2025-01-27,"winter","return","matched","Centennial_Park",2,"deep","CNL_W25_T2","10:38:55",1,0,0,0,0,0,0,0,0,0,0,0,0,0,0,0,0,0,0,0,0,0,0,0,0
"Centennial","T1","2025_01_27_10-17-21_enhanced.jpg",2025-01-27,"winter","out","matched","Centennial_Park",3,"deep","CNL_W25_T3","10:17:21",2,0,0,0,0,0,0,0,0,0,0,0,0,0,0,0,0,0,0,0,0,0,0,0,0
"Centennial","T1","2025_01_27_10-17-39_enhanced.jpg",2025-01-27,"winter","out","matched","Centennial_Park",3,"deep","CNL_W25_T3","10:17:39",2,0,0,0,0,0,0,0,0,0,0,0,0,0,0,0,0,0,0,0,0,0,0,0,0
"Centennial","T1","2025_01_27_10-17-45_enhanced.jpg",2025-01-27,"winter","out","matched","Centennial_Park",3,"deep","CNL_W25_T3","10:17:45",3,0,0,0,0,0,0,0,0,0,0,0,0,0,0,0,0,0,0,0,0,0,0,0,0
"Centennial","T1","2025_01_27_10-17-54_enhanced.jpg",2025-01-27,"winter","out","matched","Centennial_Park",3,"deep","CNL_W25_T3","10:17:54",1,0,0,0,0,0,0,0,0,0,0,0,0,0,0,0,0,0,0,0,0,0,0,0,0
"Centennial","T1","2025_01_27_10-18-03_enhanced.jpg",2025-01-27,"winter","out","matched","Centennial_Park",3,"deep","CNL_W25_T3","10:18:03",1,0,0,0,0,0,0,0,0,0,0,0,0,0,0,0,0,0,0,0,0,0,0,0,0
"Centennial","T1","2025_01_27_10-18-48_enhanced.jpg",2025-01-27,"winter","out","matched","Centennial_Park",3,"deep","CNL_W25_T3","10:18:48",1,0,0,0,0,0,0,0,0,0,0,0,0,0,0,0,0,0,0,0,0,0,0,0,0
"Centennial","T1","2025_01_27_10-18-57_enhanced.jpg",2025-01-27,"winter","out","matched","Centennial_Park",3,"deep","CNL_W25_T3","10:18:57",1,0,0,0,0,0,0,0,0,0,0,0,0,0,0,0,0,0,0,0,0,0,0,0,0
"Centennial","T1","2025_01_27_10-19-30_enhanced.jpg",2025-01-27,"winter","out","matched","Centennial_Park",3,"deep","CNL_W25_T3","10:19:30",1,0,0,0,0,0,0,0,0,0,0,0,0,0,0,0,0,0,0,0,0,0,0,0,0
"Centennial","T1","2025_01_27_10-19-42_enhanced.jpg",2025-01-27,"winter","out","matched","Centennial_Park",3,"deep","CNL_W25_T3","10:19:42",1,0,0,0,0,0,0,0,0,0,0,0,0,0,0,0,0,0,0,0,0,0,0,0,0
"Centennial","T1","2025_01_27_10-20-15_enhanced.jpg",2025-01-27,"winter","out","matched","Centennial_Park",3,"deep","CNL_W25_T3","10:20:15",1,0,0,0,0,0,0,0,0,0,0,0,0,0,0,0,0,0,0,0,0,0,0,0,0
"Centennial","T1","2025_01_27_10-21-33_enhanced.jpg",2025-01-27,"winter","out","matched","Centennial_Park",3,"deep","CNL_W25_T3","10:21:33",1,0,0,0,0,0,0,0,0,0,0,0,0,0,0,0,0,0,0,0,0,0,0,0,0
"Centennial","T1","2025_01_27_10-28-13_enhanced.jpg",2025-01-27,"winter","return","matched","Centennial_Park",3,"deep","CNL_W25_T3","10:28:13",1,0,0,0,0,0,0,0,0,0,0,0,0,0,0,0,0,0,0,0,0,0,0,0,0
"Centennial","T1","2025_01_27_10-30-04_enhanced.jpg",2025-01-27,"winter","return","matched","Centennial_Park",3,"deep","CNL_W25_T3","10:30:04",1,0,0,0,0,0,0,0,0,0,0,0,0,0,0,0,0,0,0,0,0,0,0,0,0
"Centennial","T1","2025_01_27_10-31-25_enhanced.jpg",2025-01-27,"winter","return","matched","Centennial_Park",3,"deep","CNL_W25_T3","10:31:25",1,0,0,0,0,0,0,0,0,0,0,0,0,0,0,0,0,0,0,0,0,0,0,0,0
"Centennial","T1","2025_01_27_10-31-37_enhanced.jpg",2025-01-27,"winter","return","matched","Centennial_Park",3,"deep","CNL_W25_T3","10:31:37",1,0,0,0,0,0,0,0,0,0,0,0,0,0,0,0,0,0,0,0,0,0,0,0,0
"Centennial","T1","2025_01_27_10-32-01_enhanced.jpg",2025-01-27,"winter","return","matched","Centennial_Park",3,"deep","CNL_W25_T3","10:32:01",1,0,0,0,0,0,0,0,0,0,0,0,0,0,0,0,0,0,0,0,0,0,0,0,0
"Centennial","T1","2025_01_27_10-32-13_enhanced.jpg",2025-01-27,"winter","return","matched","Centennial_Park",3,"deep","CNL_W25_T3","10:32:13",2,0,0,0,0,0,0,0,0,0,0,0,0,0,0,0,0,0,0,0,0,0,0,0,0
"Centennial","T6","2025_01_27_11-39-28.jpg",2025-01-27,"winter","out","matched","Centennial_Park",4,"shallow","CNL_W25_T4","11:39:28",1,0,0,0,0,0,0,0,0,0,0,0,0,0,0,0,0,0,0,0,0,0,0,0,0
"Centennial","T6","2025_01_27_11-40-04.jpg",2025-01-27,"winter","out","matched","Centennial_Park",4,"shallow","CNL_W25_T4","11:40:04",1,0,0,0,0,0,0,0,0,0,0,0,0,0,0,0,0,0,0,0,0,0,0,0,0
"Centennial","T6","2025_01_27_11-40-10.jpg",2025-01-27,"winter","out","matched","Centennial_Park",4,"shallow","CNL_W25_T4","11:40:10",1,0,0,0,0,0,0,0,0,0,0,0,0,0,0,0,0,0,0,0,0,0,0,0,0
"Centennial","T6","2025_01_27_11-40-16.jpg",2025-01-27,"winter","out","matched","Centennial_Park",4,"shallow","CNL_W25_T4","11:40:16",1,0,0,0,0,0,0,0,0,0,0,0,0,0,0,0,0,0,0,0,0,0,0,0,0
"Centennial","T6","2025_01_27_11-40-28.jpg",2025-01-27,"winter","out","matched","Centennial_Park",4,"shallow","CNL_W25_T4","11:40:28",1,0,0,0,0,0,0,0,0,0,0,0,0,0,0,0,0,0,0,0,0,0,0,0,0
"Centennial","T6","2025_01_27_11-40-34.jpg",2025-01-27,"winter","out","matched","Centennial_Park",4,"shallow","CNL_W25_T4","11:40:34",1,0,0,0,0,0,0,0,0,0,0,0,0,0,0,0,0,0,0,0,0,0,0,0,0
"Centennial","T6","2025_01_27_11-40-37.jpg",2025-01-27,"winter","out","matched","Centennial_Park",4,"shallow","CNL_W25_T4","11:40:37",1,0,0,0,0,0,0,0,0,0,0,0,0,0,0,0,0,0,0,0,0,0,0,0,0
"Centennial","T6","2025_01_27_11-40-43.jpg",2025-01-27,"winter","out","matched","Centennial_Park",4,"shallow","CNL_W25_T4","11:40:43",1,0,0,0,0,0,0,0,0,0,0,0,0,0,0,0,0,0,0,0,0,0,0,0,0
"Centennial","T6","2025_01_27_11-41-13.jpg",2025-01-27,"winter","return","matched","Centennial_Park",4,"shallow","CNL_W25_T4","11:41:13",1,0,0,0,0,0,0,0,0,0,0,0,0,0,0,0,0,0,0,0,0,0,0,0,0
"Centennial","T6","2025_01_27_11-41-22.jpg",2025-01-27,"winter","return","matched","Centennial_Park",4,"shallow","CNL_W25_T4","11:41:22",1,0,0,0,0,0,0,0,0,0,0,0,0,0,0,0,0,0,0,0,0,0,0,0,0
"Centennial","T6","2025_01_27_11-41-52.jpg",2025-01-27,"winter","return","matched","Centennial_Park",4,"shallow","CNL_W25_T4","11:41:52",2,0,0,0,0,0,0,0,0,0,0,0,0,0,0,0,0,0,0,0,0,0,0,0,0
"Centennial","T6","2025_01_27_11-42-13.jpg",2025-01-27,"winter","return","matched","Centennial_Park",4,"shallow","CNL_W25_T4","11:42:13",1,0,0,0,0,0,0,0,0,0,0,0,0,0,0,0,0,0,0,0,0,0,0,0,0
"Centennial","T6","2025_01_27_11-42-25.jpg",2025-01-27,"winter","return","matched","Centennial_Park",4,"shallow","CNL_W25_T4","11:42:25",1,0,0,0,0,0,0,0,0,0,0,0,0,0,0,0,0,0,0,0,0,0,0,0,0
"Centennial","T6","2025_01_27_11-42-46.jpg",2025-01-27,"winter","return","matched","Centennial_Park",4,"shallow","CNL_W25_T4","11:42:46",1,0,0,0,0,0,0,0,0,0,0,0,0,0,0,0,0,0,0,0,0,0,0,0,0
"Centennial","T6","2025_01_27_11-42-58.jpg",2025-01-27,"winter","return","matched","Centennial_Park",4,"shallow","CNL_W25_T4","11:42:58",1,0,0,0,0,0,0,0,0,0,0,0,0,0,0,0,0,0,0,0,0,0,0,0,0
"Centennial","T5","2025_01_27_11-44-19.jpg",2025-01-27,"winter","return","inferred_time","Centennial_Park",4,"shallow","CNL_W25_T4","11:44:19",0,0,0,0,0,0,0,0,0,0,1,0,0,0,0,0,0,0,0,0,0,0,0,0,0
"Centennial","T5","2025_01_27_11-44-58.jpg",2025-01-27,"winter","return","matched","Centennial_Park",4,"shallow","CNL_W25_T4","11:44:58",1,0,0,0,0,0,0,0,0,0,0,0,0,0,0,0,0,0,0,0,0,0,0,0,0
"Centennial","T5","2025_01_27_11-45-13.jpg",2025-01-27,"winter","return","matched","Centennial_Park",4,"shallow","CNL_W25_T4","11:45:13",1,0,0,0,0,0,0,0,0,0,0,0,0,0,0,0,0,0,0,0,0,0,0,0,0
"Centennial","T5","2025_01_27_11-45-31.jpg",2025-01-27,"winter","return","matched","Centennial_Park",4,"shallow","CNL_W25_T4","11:45:31",1,0,0,0,0,0,0,0,0,0,0,0,0,0,0,0,0,0,0,0,0,0,0,0,0
"Centennial","T5","2025_01_27_11-46-28.jpg",2025-01-27,"winter","return","matched","Centennial_Park",4,"shallow","CNL_W25_T4","11:46:28",2,0,0,0,0,0,0,0,0,0,0,0,0,0,0,0,0,0,0,0,0,0,0,0,0
"Centennial","T5","2025_01_27_11-46-40.jpg",2025-01-27,"winter","return","matched","Centennial_Park",4,"shallow","CNL_W25_T4","11:46:40",0,0,0,0,0,0,0,0,0,0,1,0,0,0,0,0,0,0,0,0,0,0,0,0,0
"Centennial","T5","2025_01_27_11-46-52.jpg",2025-01-27,"winter","return","matched","Centennial_Park",4,"shallow","CNL_W25_T4","11:46:52",1,0,0,0,0,0,0,0,0,0,0,0,0,0,0,0,0,0,0,0,0,0,0,0,0
"Centennial","T5","2025_01_27_11-47-16.jpg",2025-01-27,"winter","return","matched","Centennial_Park",4,"shallow","CNL_W25_T4","11:47:16",1,0,0,0,0,0,0,0,0,0,0,0,0,0,0,0,0,0,0,0,0,0,0,0,0
"Centennial","T5","2025_01_27_11-48-10.jpg",2025-01-27,"winter","return","matched","Centennial_Park",4,"shallow","CNL_W25_T4","11:48:10",0,0,1,0,0,0,0,0,0,0,0,0,0,0,0,0,0,0,0,0,0,0,0,0,0
"Centennial","T5","2025_01_27_11-48-22.jpg",2025-01-27,"winter","return","matched","Centennial_Park",4,"shallow","CNL_W25_T4","11:48:22",1,0,0,0,0,0,0,0,0,0,0,0,0,0,0,0,0,0,0,0,0,0,0,0,0
"Centennial","T5","2025_01_27_11-49-25.jpg",2025-01-27,"winter","return","matched","Centennial_Park",4,"shallow","CNL_W25_T4","11:49:25",2,0,0,0,0,0,0,0,0,0,0,0,0,0,0,0,0,0,0,0,0,0,0,0,0
"Centennial","T5","2025_01_27_11-49-52.jpg",2025-01-27,"winter","return","matched","Centennial_Park",4,"shallow","CNL_W25_T4","11:49:52",1,0,0,0,0,0,0,0,0,0,0,0,0,0,0,0,0,0,0,0,0,0,0,0,0
"Centennial","T5","2025_01_27_11-50-04.jpg",2025-01-27,"winter","return","matched","Centennial_Park",4,"shallow","CNL_W25_T4","11:50:04",2,0,0,0,0,0,0,0,0,0,0,0,0,0,0,0,0,0,0,0,0,0,0,0,0
"Centennial","T5","2025_01_27_11-50-25.jpg",2025-01-27,"winter","return","matched","Centennial_Park",4,"shallow","CNL_W25_T4","11:50:25",2,0,0,0,0,0,0,0,0,0,0,0,0,0,0,0,0,0,0,0,0,0,0,0,0
"Centennial","T5","2025_01_27_11-31-54.jpg",2025-01-27,"winter","out","matched","Centennial_Park",5,"shallow","CNL_W25_T5","11:31:54",1,0,0,0,0,0,0,0,0,0,0,0,0,0,0,0,0,0,0,0,0,0,0,0,0
"Centennial","T5","2025_01_27_11-32-18.jpg",2025-01-27,"winter","out","matched","Centennial_Park",5,"shallow","CNL_W25_T5","11:32:18",2,0,0,0,0,0,0,0,0,0,0,0,0,0,0,0,0,0,0,0,0,0,0,0,0
"Centennial","T4","2025_01_27_11-33-39.jpg",2025-01-27,"winter","out","matched","Centennial_Park",5,"shallow","CNL_W25_T5","11:33:39",1,0,0,0,0,0,0,0,0,0,0,0,0,0,0,0,0,0,0,0,0,0,0,0,0
"Centennial","T4","2025_01_27_11-33-51.jpg",2025-01-27,"winter","out","matched","Centennial_Park",5,"shallow","CNL_W25_T5","11:33:51",1,0,0,0,0,0,0,0,0,0,0,0,0,0,0,0,0,0,0,0,0,0,0,0,0
"Centennial","T4","2025_01_27_11-34-24.jpg",2025-01-27,"winter","out","matched","Centennial_Park",5,"shallow","CNL_W25_T5","11:34:24",2,0,0,0,0,0,0,0,0,0,1,0,0,0,0,0,0,0,0,0,0,0,0,0,0
"Centennial","T4","2025_01_27_11-35-45.jpg",2025-01-27,"winter","out","matched","Centennial_Park",5,"shallow","CNL_W25_T5","11:35:45",0,0,0,0,0,0,0,0,0,1,1,0,0,0,0,0,0,0,0,0,0,0,0,0,0
"Centennial","T4","2025_01_27_11-36-00.jpg",2025-01-27,"winter","out","matched","Centennial_Park",5,"shallow","CNL_W25_T5","11:36:00",4,0,0,0,0,0,0,0,0,0,0,0,0,0,0,0,0,0,0,0,0,0,0,0,0
"Centennial","T4","2025_01_27_11-36-12.jpg",2025-01-27,"winter","out","matched","Centennial_Park",5,"shallow","CNL_W25_T5","11:36:12",3,0,0,0,0,0,0,0,0,0,0,0,0,0,0,0,0,0,0,0,0,0,0,0,0
"Centennial","T4","2025_01_27_11-36-21.jpg",2025-01-27,"winter","out","matched","Centennial_Park",5,"shallow","CNL_W25_T5","11:36:21",1,0,0,0,0,0,0,0,0,0,0,0,0,0,0,0,0,0,0,0,0,0,0,0,0
"Centennial","T4","2025_01_27_11-36-33.jpg",2025-01-27,"winter","out","matched","Centennial_Park",5,"shallow","CNL_W25_T5","11:36:33",1,0,0,0,0,0,0,0,0,0,0,0,0,0,0,0,0,0,0,0,0,0,0,0,0
"Centennial","T4","2025_01_27_11-36-42.jpg",2025-01-27,"winter","out","matched","Centennial_Park",5,"shallow","CNL_W25_T5","11:36:42",3,0,1,0,0,0,0,0,0,0,0,0,0,0,0,0,0,0,0,0,0,0,0,0,0
"Centennial","T4","2025_01_27_11-37-01.jpg",2025-01-27,"winter","out","matched","Centennial_Park",5,"shallow","CNL_W25_T5","11:37:01",2,0,0,0,0,0,0,0,0,0,0,0,0,0,0,0,0,0,0,0,0,0,0,0,0
"Centennial","T4","2025_01_27_11-37-10.jpg",2025-01-27,"winter","return","matched","Centennial_Park",5,"shallow","CNL_W25_T5","11:37:10",2,0,0,0,0,0,0,0,0,0,0,0,0,0,0,0,0,0,0,0,0,0,0,0,0
"Centennial","T4","2025_01_27_11-37-22.jpg",2025-01-27,"winter","return","matched","Centennial_Park",5,"shallow","CNL_W25_T5","11:37:22",1,0,0,0,0,0,0,0,0,0,0,0,0,0,0,0,0,0,0,0,0,0,0,0,0
"Centennial","T4","2025_01_27_11-37-34.jpg",2025-01-27,"winter","return","matched","Centennial_Park",5,"shallow","CNL_W25_T5","11:37:34",2,0,0,0,0,0,0,0,0,0,0,0,0,0,0,0,0,0,0,0,0,0,0,0,0
"Centennial","T4","2025_01_27_11-37-46.jpg",2025-01-27,"winter","return","matched","Centennial_Park",5,"shallow","CNL_W25_T5","11:37:46",2,0,0,0,0,0,0,0,0,0,0,0,0,0,0,0,0,0,0,0,0,0,0,0,0
"Centennial","T4","2025_01_27_11-51-37.jpg",2025-01-27,"winter","return","matched","Centennial_Park",5,"shallow","CNL_W25_T5","11:51:37",1,0,0,0,0,0,0,0,0,0,0,0,0,0,0,0,0,0,0,0,0,0,0,0,0
"Centennial","T4","2025_01_27_11-51-49.jpg",2025-01-27,"winter","return","matched","Centennial_Park",5,"shallow","CNL_W25_T5","11:51:49",3,0,0,0,0,0,0,0,0,0,0,0,0,0,0,0,0,0,0,0,0,0,0,0,0
"Centennial","T4","2025_01_27_11-52-13.jpg",2025-01-27,"winter","return","matched","Centennial_Park",5,"shallow","CNL_W25_T5","11:52:13",1,0,0,0,0,0,0,0,0,0,0,0,0,0,0,0,0,0,0,0,0,0,0,0,0
"Centennial","T4","2025_01_27_11-52-22.jpg",2025-01-27,"winter","return","matched","Centennial_Park",5,"shallow","CNL_W25_T5","11:52:22",1,0,0,0,0,0,0,0,0,0,0,0,0,0,0,0,0,0,0,0,0,0,0,0,0
"Centennial","T4","2025_01_27_11-52-34.jpg",2025-01-27,"winter","return","matched","Centennial_Park",5,"shallow","CNL_W25_T5","11:52:34",3,0,0,0,0,0,0,0,0,0,0,0,0,0,0,0,0,0,0,0,0,0,0,0,0
"Centennial","T4","2025_01_27_11-52-46.jpg",2025-01-27,"winter","return","matched","Centennial_Park",5,"shallow","CNL_W25_T5","11:52:46",1,0,0,0,0,0,0,0,0,0,0,0,0,0,0,0,0,0,0,0,0,0,0,0,0
"Centennial","T4","2025_01_27_11-53-34.jpg",2025-01-27,"winter","return","matched","Centennial_Park",5,"shallow","CNL_W25_T5","11:53:34",1,0,0,0,0,0,0,0,0,0,0,0,0,0,0,0,0,0,0,0,0,0,0,0,0
"Centennial","T4","2025_01_27_11-53-47.jpg",2025-01-27,"winter","return","matched","Centennial_Park",5,"shallow","CNL_W25_T5","11:53:47",2,0,0,0,0,0,1,0,0,0,0,0,0,0,0,0,0,0,0,0,0,0,0,0,0
"Centennial","T4","2025_01_27_11-54-59.jpg",2025-01-27,"winter","return","matched","Centennial_Park",5,"shallow","CNL_W25_T5","11:54:59",1,0,0,0,0,0,0,0,0,0,0,0,0,0,0,0,0,0,0,0,0,0,0,0,0
"Centennial","T4","2025_01_27_11-55-14.jpg",2025-01-27,"winter","return","matched","Centennial_Park",5,"shallow","CNL_W25_T5","11:55:14",1,0,0,0,0,0,0,0,0,0,0,0,0,0,1,0,0,0,0,0,0,0,0,0,0
"Centennial","T4","2025_01_27_11-55-23.jpg",2025-01-27,"winter","return","matched","Centennial_Park",5,"shallow","CNL_W25_T5","11:55:23",1,0,0,0,0,0,0,0,0,0,0,0,0,0,0,0,0,0,0,0,0,0,0,0,0
"Centennial","T4","2025_01_27_11-55-47.jpg",2025-01-27,"winter","return","matched","Centennial_Park",5,"shallow","CNL_W25_T5","11:55:47",3,0,0,0,0,0,0,0,0,0,0,0,0,0,0,0,0,0,0,0,0,0,0,0,0
"Centennial","T4","2025_01_27_11-55-59.jpg",2025-01-27,"winter","return","matched","Centennial_Park",5,"shallow","CNL_W25_T5","11:55:59",1,0,0,0,0,0,0,0,0,0,0,0,0,0,0,0,0,0,0,0,0,0,0,0,0
"Centennial","T4","2025_01_27_11-56-11.jpg",2025-01-27,"winter","return","matched","Centennial_Park",5,"shallow","CNL_W25_T5","11:56:11",1,0,0,0,0,0,0,0,0,0,0,0,0,0,0,0,0,0,0,0,0,0,0,0,0
"Centennial","T4","2025_01_27_11-56-32.jpg",2025-01-27,"winter","return","matched","Centennial_Park",5,"shallow","CNL_W25_T5","11:56:32",1,1,1,0,0,0,0,0,0,0,0,0,0,0,0,0,0,0,0,0,0,0,0,0,0
"Centennial","T5","2025_01_27_11-56-47.jpg",2025-01-27,"winter","return","matched","Centennial_Park",5,"shallow","CNL_W25_T5","11:56:47",1,0,0,0,0,0,0,0,0,0,1,0,0,0,0,0,0,0,0,0,0,0,0,0,0
"Centennial","T5","2025_01_27_11-56-59.jpg",2025-01-27,"winter","return","matched","Centennial_Park",5,"shallow","CNL_W25_T5","11:56:59",3,0,0,0,0,0,0,0,0,0,0,0,0,0,0,0,0,0,0,0,0,0,0,0,0
"Centennial","T5","2025_01_27_11-57-11.jpg",2025-01-27,"winter","return","matched","Centennial_Park",5,"shallow","CNL_W25_T5","11:57:11",1,0,0,0,0,0,0,0,0,0,0,0,0,0,0,0,0,0,0,0,0,0,0,0,0
"Centennial","T5","2025_01_27_11-24-39.jpg",2025-01-27,"winter","out","matched","Centennial_Park",6,"shallow","CNL_W25_T6","11:24:39",1,0,0,0,0,0,0,0,0,0,0,0,0,0,0,0,0,0,0,0,0,0,0,0,0
"Centennial","T5","2025_01_27_11-24-54.jpg",2025-01-27,"winter","out","matched","Centennial_Park",6,"shallow","CNL_W25_T6","11:24:54",1,0,0,0,0,0,0,0,0,0,0,0,0,0,0,0,0,0,0,0,0,0,0,0,0
"Centennial","T5","2025_01_27_11-26-27.jpg",2025-01-27,"winter","out","matched","Centennial_Park",6,"shallow","CNL_W25_T6","11:26:27",1,0,0,0,0,0,0,0,0,0,0,0,0,0,0,0,0,0,0,0,0,0,0,0,0
"Centennial","T5","2025_01_27_11-26-54.jpg",2025-01-27,"winter","out","matched","Centennial_Park",6,"shallow","CNL_W25_T6","11:26:54",1,0,0,0,0,0,0,0,0,0,0,0,0,0,0,0,0,0,0,0,0,0,0,0,0
"Centennial","T5","2025_01_27_11-27-03.jpg",2025-01-27,"winter","out","matched","Centennial_Park",6,"shallow","CNL_W25_T6","11:27:03",1,0,0,0,0,0,0,0,0,0,0,0,0,0,0,0,0,0,0,0,0,0,0,0,0
"Centennial","T5","2025_01_27_11-27-12.jpg",2025-01-27,"winter","out","matched","Centennial_Park",6,"shallow","CNL_W25_T6","11:27:12",2,0,1,0,0,0,0,0,0,0,0,0,0,0,0,0,0,0,0,0,0,0,0,0,0
"Centennial","T5","2025_01_27_11-27-21.jpg",2025-01-27,"winter","out","matched","Centennial_Park",6,"shallow","CNL_W25_T6","11:27:21",3,0,0,0,0,0,0,0,0,0,0,0,0,0,0,0,0,0,0,0,0,0,0,0,0
"Centennial","T5","2025_01_27_11-27-30.jpg",2025-01-27,"winter","out","matched","Centennial_Park",6,"shallow","CNL_W25_T6","11:27:30",1,0,0,0,0,0,0,0,0,0,0,0,0,0,0,0,0,0,0,0,0,0,0,0,0
"Centennial","T5","2025_01_27_11-27-57.jpg",2025-01-27,"winter","out","matched","Centennial_Park",6,"shallow","CNL_W25_T6","11:27:57",2,0,0,0,0,0,0,0,0,0,0,0,0,0,0,0,0,0,0,0,0,0,0,0,0
"Centennial","T5","2025_01_27_11-28-15.jpg",2025-01-27,"winter","out","matched","Centennial_Park",6,"shallow","CNL_W25_T6","11:28:15",1,0,0,0,0,0,0,0,0,0,0,0,0,0,0,0,0,0,0,0,0,0,0,0,0
"Centennial","T5","2025_01_27_11-28-48.jpg",2025-01-27,"winter","out","matched","Centennial_Park",6,"shallow","CNL_W25_T6","11:28:48",2,0,0,0,0,0,0,0,0,0,0,0,0,0,0,0,0,0,0,0,0,0,0,0,0
"Centennial","T5","2025_01_27_11-29-33.jpg",2025-01-27,"winter","out","matched","Centennial_Park",6,"shallow","CNL_W25_T6","11:29:33",0,0,1,0,0,0,0,0,0,0,0,0,0,0,0,0,0,0,0,0,0,0,0,0,0
"Centennial","T6","2025_01_27_11-29-45.jpg",2025-01-27,"winter","out","matched","Centennial_Park",6,"shallow","CNL_W25_T6","11:29:45",1,0,0,0,0,0,0,0,0,0,0,0,0,0,0,0,0,0,0,0,0,0,0,0,0
"Centennial","T6","2025_01_27_11-29-57.jpg",2025-01-27,"winter","out","matched","Centennial_Park",6,"shallow","CNL_W25_T6","11:29:57",1,0,0,0,0,0,0,0,0,0,0,0,0,0,0,0,0,0,0,0,0,0,0,0,0
"Centennial","T6","2025_01_27_11-30-06.jpg",2025-01-27,"winter","out","matched","Centennial_Park",6,"shallow","CNL_W25_T6","11:30:06",1,0,0,0,0,0,0,0,0,0,0,0,0,0,0,0,0,0,0,0,0,0,0,0,0
"Centennial","T6","2025_01_27_11-58-26.jpg",2025-01-27,"winter","return","matched","Centennial_Park",6,"shallow","CNL_W25_T6","11:58:26",1,0,0,0,0,0,0,0,0,0,0,0,0,0,0,0,0,0,0,0,0,0,0,0,0
"Centennial","T5","2025_01_27_11-58-38.jpg",2025-01-27,"winter","return","matched","Centennial_Park",6,"shallow","CNL_W25_T6","11:58:38",1,0,0,0,0,0,0,0,0,0,0,0,0,0,0,0,0,0,0,0,0,0,0,0,0
"Centennial","T5","2025_01_27_11-58-59.jpg",2025-01-27,"winter","return","matched","Centennial_Park",6,"shallow","CNL_W25_T6","11:58:59",2,0,0,0,0,0,0,0,0,0,0,0,0,0,0,0,0,0,0,0,0,0,0,0,0
"Centennial","T5","2025_01_27_11-59-11.jpg",2025-01-27,"winter","return","matched","Centennial_Park",6,"shallow","CNL_W25_T6","11:59:11",2,0,0,0,0,0,0,0,1,0,0,0,0,0,0,0,0,0,0,0,0,0,0,0,0
"Centennial","T6","2025_01_27_11-59-41.jpg",2025-01-27,"winter","return","matched","Centennial_Park",6,"shallow","CNL_W25_T6","11:59:41",1,0,0,0,0,0,0,0,0,0,0,0,0,0,0,0,0,0,0,0,0,0,0,0,0
"Centennial","T6","2025_01_27_12-00-14.jpg",2025-01-27,"winter","return","matched","Centennial_Park",6,"shallow","CNL_W25_T6","12:00:14",1,0,1,0,0,0,0,0,0,0,0,0,0,0,0,0,0,0,0,0,0,0,0,0,0
"Centennial","T6","2025_01_27_12-00-23.jpg",2025-01-27,"winter","return","matched","Centennial_Park",6,"shallow","CNL_W25_T6","12:00:23",1,0,0,0,0,0,0,0,0,0,0,0,0,0,0,0,0,0,0,0,0,0,0,0,0
"Centennial","T6","2025_01_27_12-00-44.jpg",2025-01-27,"winter","return","matched","Centennial_Park",6,"shallow","CNL_W25_T6","12:00:44",1,0,0,0,0,0,0,0,0,0,0,0,0,0,0,0,0,0,0,0,0,0,0,0,0
"Centennial","T6","2025_01_27_12-01-38.jpg",2025-01-27,"winter","return","matched","Centennial_Park",6,"shallow","CNL_W25_T6","12:01:38",1,0,0,0,0,0,0,0,0,0,0,0,0,0,0,0,0,0,0,0,0,0,0,0,0
"Centennial","T6","2025_01_27_12-01-59.jpg",2025-01-27,"winter","return","matched","Centennial_Park",6,"shallow","CNL_W25_T6","12:01:59",1,0,0,0,0,0,0,0,0,0,0,0,0,0,0,0,0,0,0,0,0,0,0,0,0
"Centennial","T6","2025_01_27_12-02-29.jpg",2025-01-27,"winter","return","matched","Centennial_Park",6,"shallow","CNL_W25_T6","12:02:29",1,0,0,0,0,0,0,0,0,0,0,0,0,0,0,0,0,0,0,0,0,0,0,0,0
"Centennial","T6","2025_01_27_12-02-50.jpg",2025-01-27,"winter","return","matched","Centennial_Park",6,"shallow","CNL_W25_T6","12:02:50",1,0,0,0,0,0,0,0,0,0,0,0,0,0,0,0,0,0,0,0,0,0,0,0,0
"Centennial","T6","2025_01_27_12-02-59.jpg",2025-01-27,"winter","return","matched","Centennial_Park",6,"shallow","CNL_W25_T6","12:02:59",1,0,0,0,0,0,0,0,0,0,0,0,0,0,0,0,0,0,0,0,0,0,0,0,0
"Centennial","T6","2025_01_27_12-03-08.jpg",2025-01-27,"winter","return","matched","Centennial_Park",6,"shallow","CNL_W25_T6","12:03:08",1,0,0,0,0,0,0,0,0,0,0,0,0,0,0,0,0,0,0,0,0,0,0,0,0
"EBM","T1","2024_10_09_10-12-17.jpg",2024-10-09,"summer","out","inferred_time","Elliott_Bay_Marina",1,"deep","EBM_S24_T1","10:12:17",0,0,0,0,0,0,1,0,0,0,0,0,0,0,0,0,0,0,0,0,0,0,0,0,0
"EBM","T1","2024_10_09_10-12-41.jpg",2024-10-09,"summer","out","inferred_time","Elliott_Bay_Marina",1,"deep","EBM_S24_T1","10:12:41",1,0,0,0,0,0,1,0,0,0,0,0,0,0,0,0,0,0,0,0,0,0,0,0,0
"EBM","T1","2024_10_09_10-13-35.jpg",2024-10-09,"summer","out","inferred_time","Elliott_Bay_Marina",1,"deep","EBM_S24_T1","10:13:35",1,0,0,0,0,0,0,0,0,0,0,0,0,0,0,0,0,0,0,0,0,0,0,0,0
"EBM","T1","2024_10_09_10-14-11.jpg",2024-10-09,"summer","out","inferred_time","Elliott_Bay_Marina",1,"deep","EBM_S24_T1","10:14:11",0,0,0,0,0,0,0,0,1,0,0,0,0,0,0,0,0,0,0,0,0,0,0,0,0
"EBM","T1","2024_10_09_10-14-56.jpg",2024-10-09,"summer","out","inferred_time","Elliott_Bay_Marina",1,"deep","EBM_S24_T1","10:14:56",1,0,0,0,0,0,0,0,0,0,0,0,0,0,0,0,0,0,0,0,0,0,0,0,0
"EBM","T1","2024_10_09_10-15-56.jpg",2024-10-09,"summer","out","matched","Elliott_Bay_Marina",1,"deep","EBM_S24_T1","10:15:56",1,0,0,0,0,0,0,0,0,0,0,0,0,0,0,0,0,0,0,0,0,0,0,0,0
"EBM","T1","2024_10_09_10-16-17.jpg",2024-10-09,"summer","out","inferred_time","Elliott_Bay_Marina",1,"deep","EBM_S24_T1","10:16:17",3,0,0,0,0,0,0,0,0,0,0,0,0,0,0,0,0,0,0,1,0,0,0,0,0
"EBM","T1","2024_10_09_10-16-26.jpg",2024-10-09,"summer","out","inferred_time","Elliott_Bay_Marina",1,"deep","EBM_S24_T1","10:16:26",0,0,0,0,0,0,0,0,0,0,0,0,0,1,0,0,0,0,0,0,0,0,0,0,0
"EBM","T1","2024_10_09_10-16-32.jpg",2024-10-09,"summer","out","matched","Elliott_Bay_Marina",1,"deep","EBM_S24_T1","10:16:32",1,0,0,0,0,0,0,0,0,0,0,0,0,0,0,0,0,0,0,0,0,0,0,0,0
"EBM","T1","2024_10_09_10-17-20.jpg",2024-10-09,"summer","out","inferred_time","Elliott_Bay_Marina",1,"deep","EBM_S24_T1","10:17:20",1,0,0,0,0,0,0,0,0,0,0,0,0,0,0,0,0,0,0,0,0,0,0,0,0
"EBM","T2","2024_10_09_10-17-38.jpg",2024-10-09,"summer","out","matched","Elliott_Bay_Marina",2,"deep","EBM_S24_T2","10:17:38",0,0,0,0,0,0,1,0,0,0,0,0,0,0,0,0,0,0,0,0,0,0,0,0,0
"EBM","T2","2024_10_09_10-17-56.jpg",2024-10-09,"summer","out","matched","Elliott_Bay_Marina",2,"deep","EBM_S24_T2","10:17:56",0,0,0,0,1,0,0,0,0,0,0,0,0,0,0,0,0,0,0,0,0,0,0,0,0
"EBM","T2","2024_10_09_10-18-08.jpg",2024-10-09,"summer","out","inferred_time","Elliott_Bay_Marina",2,"deep","EBM_S24_T2","10:18:08",0,0,0,0,0,0,3,0,0,0,0,0,0,0,0,0,0,0,0,0,0,0,0,0,0
"EBM","T2","2024_10_09_10-18-48.jpg",2024-10-09,"summer","out","inferred_time","Elliott_Bay_Marina",2,"deep","EBM_S24_T2","10:18:48",0,0,0,0,0,0,0,0,0,0,0,0,0,0,0,0,0,0,0,0,0,0,1,0,0
"EBM","T2","2024_10_09_10-19-15.jpg",2024-10-09,"summer","out","inferred_time","Elliott_Bay_Marina",2,"deep","EBM_S24_T2","10:19:15",2,0,0,0,0,0,0,0,0,0,0,0,0,0,0,0,0,0,0,0,0,0,0,0,0
"EBM","T2","2024_10_09_10-19-24.jpg",2024-10-09,"summer","out","inferred_time","Elliott_Bay_Marina",2,"deep","EBM_S24_T2","10:19:24",0,0,0,0,0,0,0,0,0,0,0,0,1,0,0,0,0,0,0,0,0,0,0,0,0
"EBM","T2","2024_10_09_10-19-33.jpg",2024-10-09,"summer","out","inferred_time","Elliott_Bay_Marina",2,"deep","EBM_S24_T2","10:19:33",2,0,0,0,0,0,0,0,0,0,0,0,0,0,0,0,0,0,0,0,0,0,0,0,0
"EBM","T2","2024_10_09_10-20-24.jpg",2024-10-09,"summer","out","inferred_time","Elliott_Bay_Marina",2,"deep","EBM_S24_T2","10:20:24",0,0,0,0,0,0,0,0,0,0,0,0,0,0,0,0,0,0,0,0,0,0,0,0,1
"EBM","T2","2024_10_09_10-20-45.jpg",2024-10-09,"summer","out","inferred_time","Elliott_Bay_Marina",2,"deep","EBM_S24_T2","10:20:45",1,0,0,0,0,0,0,0,0,0,0,0,0,0,0,0,0,0,0,0,0,0,0,0,0
"EBM","T2","2024_10_09_10-21-51.jpg",2024-10-09,"summer","out","matched","Elliott_Bay_Marina",2,"deep","EBM_S24_T2","10:21:51",2,0,0,0,0,0,0,0,0,0,0,0,0,0,0,0,0,0,0,0,0,0,0,0,0
"EBM","T2","2024_10_09_10-22-00.jpg",2024-10-09,"summer","out","matched","Elliott_Bay_Marina",2,"deep","EBM_S24_T2","10:22:00",1,0,0,0,0,0,0,0,0,0,0,0,0,0,0,0,0,0,0,0,0,0,0,0,0
"EBM","T3","2024_10_09_10-23-33.jpg",2024-10-09,"summer","out","matched","Elliott_Bay_Marina",3,"deep","EBM_S24_T3","10:23:33",0,0,0,0,1,0,0,0,0,0,0,0,0,0,0,0,0,0,0,0,0,0,0,0,0
"EBM","T3","2024_10_09_10-23-51.jpg",2024-10-09,"summer","out","matched","Elliott_Bay_Marina",3,"deep","EBM_S24_T3","10:23:51",0,0,0,0,0,0,1,0,0,0,0,0,0,0,0,0,0,0,0,0,0,0,0,0,0
"EBM","T3","2024_10_09_10-24-06.jpg",2024-10-09,"summer","out","inferred_time","Elliott_Bay_Marina",3,"deep","EBM_S24_T3","10:24:06",0,0,0,0,1,0,0,0,0,0,0,0,0,0,0,0,0,0,0,0,0,0,0,0,0
"EBM","T3","2024_10_09_10-24-15.jpg",2024-10-09,"summer","out","inferred_time","Elliott_Bay_Marina",3,"deep","EBM_S24_T3","10:24:15",2,0,0,0,0,0,0,0,0,0,0,0,0,0,0,0,0,0,0,0,0,0,0,0,0
"EBM","T3","2024_10_09_10-24-45.jpg",2024-10-09,"summer","out","matched","Elliott_Bay_Marina",3,"deep","EBM_S24_T3","10:24:45",1,0,0,0,0,0,0,0,0,0,0,0,0,0,0,0,0,0,0,0,0,0,0,0,0
"EBM","T3","2024_10_09_10-24-57.jpg",2024-10-09,"summer","out","inferred_time","Elliott_Bay_Marina",3,"deep","EBM_S24_T3","10:24:57",0,0,0,0,1,0,0,0,0,0,0,0,0,0,0,0,0,0,0,0,0,0,0,0,1
"EBM","T3","2024_10_09_10-25-06.jpg",2024-10-09,"summer","out","inferred_time","Elliott_Bay_Marina",3,"deep","EBM_S24_T3","10:25:06",0,0,0,0,0,0,0,0,0,0,0,0,0,0,0,0,0,0,0,0,1,0,0,0,0
"EBM","T3","2024_10_09_10-25-27.jpg",2024-10-09,"summer","out","inferred_time","Elliott_Bay_Marina",3,"deep","EBM_S24_T3","10:25:27",1,0,0,0,0,0,0,0,0,0,0,0,0,0,0,0,0,0,0,0,0,0,0,0,0
"EBM","T3","2024_10_09_10-25-39.jpg",2024-10-09,"summer","out","matched","Elliott_Bay_Marina",3,"deep","EBM_S24_T3","10:25:39",1,0,0,0,0,0,0,0,0,0,0,0,0,0,0,0,0,0,0,0,0,0,0,0,0
"EBM","T3","2024_10_09_10-26-12.jpg",2024-10-09,"summer","out","inferred_time","Elliott_Bay_Marina",3,"deep","EBM_S24_T3","10:26:12",0,0,0,0,0,0,0,1,0,0,0,0,0,0,0,0,0,0,0,0,0,0,0,0,1
"EBM","T3","2024_10_09_10-27-24.jpg",2024-10-09,"summer","out","inferred_time","Elliott_Bay_Marina",3,"deep","EBM_S24_T3","10:27:24",2,0,0,0,0,0,0,0,0,0,0,0,0,0,0,0,0,0,0,0,0,0,0,0,0
"EBM","T3","2024_10_09_10-27-39.jpg",2024-10-09,"summer","out","inferred_time","Elliott_Bay_Marina",3,"deep","EBM_S24_T3","10:27:39",3,0,0,0,0,0,0,0,0,0,0,0,0,0,0,0,1,0,0,0,0,0,0,0,0
"EBM","T3","2024_10_09_10-29-42.jpg",2024-10-09,"summer","return","inferred_time","Elliott_Bay_Marina",3,"deep","EBM_S24_T3","10:29:42",2,0,0,0,1,0,0,0,0,0,0,0,0,0,0,0,0,0,0,0,0,0,0,0,0
"EBM","T3","2024_10_09_10-29-57.jpg",2024-10-09,"summer","return","matched","Elliott_Bay_Marina",3,"deep","EBM_S24_T3","10:29:57",1,0,0,0,0,0,0,0,0,0,0,0,0,0,0,0,0,0,0,0,0,0,0,0,0
"EBM","T3","2024_10_09_10-30-42.jpg",2024-10-09,"summer","return","matched","Elliott_Bay_Marina",3,"deep","EBM_S24_T3","10:30:42",0,0,0,0,1,0,0,0,0,0,0,0,0,0,0,0,0,0,0,0,0,0,0,0,0
"EBM","T3","2024_10_09_10-30-48.jpg",2024-10-09,"summer","return","inferred_time","Elliott_Bay_Marina",3,"deep","EBM_S24_T3","10:30:48",1,0,0,0,0,0,0,0,0,0,0,0,0,0,0,0,0,0,0,0,0,0,0,0,0
"EBM","T3","2024_10_09_10-31-09.jpg",2024-10-09,"summer","return","matched","Elliott_Bay_Marina",3,"deep","EBM_S24_T3","10:31:09",0,0,0,0,0,0,0,1,0,0,0,0,0,0,0,0,0,0,0,0,0,0,0,0,0
"EBM","T3","2024_10_09_10-31-30.jpg",2024-10-09,"summer","return","inferred_time","Elliott_Bay_Marina",3,"deep","EBM_S24_T3","10:31:30",0,0,0,0,0,0,0,1,0,0,0,0,0,0,0,0,0,0,0,0,0,0,0,0,0
"EBM","T3","2024_10_09_10-31-48.jpg",2024-10-09,"summer","return","inferred_time","Elliott_Bay_Marina",3,"deep","EBM_S24_T3","10:31:48",1,0,0,0,0,0,0,0,0,0,0,0,0,0,0,0,0,0,0,0,0,0,0,0,0
"EBM","T3","2024_10_09_10-32-03.jpg",2024-10-09,"summer","return","matched","Elliott_Bay_Marina",3,"deep","EBM_S24_T3","10:32:03",2,0,0,0,0,0,0,0,0,0,0,0,0,0,0,0,0,0,0,0,0,0,0,0,1
"EBM","T3","2024_10_09_10-32-15.jpg",2024-10-09,"summer","return","inferred_time","Elliott_Bay_Marina",3,"deep","EBM_S24_T3","10:32:15",0,0,0,0,1,0,0,0,0,0,0,0,0,0,0,0,0,0,0,0,0,0,0,0,0
"EBM","T3","2024_10_09_10-32-24.jpg",2024-10-09,"summer","return","inferred_time","Elliott_Bay_Marina",3,"deep","EBM_S24_T3","10:32:24",1,0,0,0,0,0,0,0,0,0,0,0,0,0,0,0,0,0,0,0,1,0,0,0,0
"EBM","T3","2024_10_09_10-32-33.jpg",2024-10-09,"summer","return","inferred_time","Elliott_Bay_Marina",3,"deep","EBM_S24_T3","10:32:33",1,0,0,0,0,0,0,0,1,0,0,0,0,0,0,0,0,0,0,0,0,0,0,0,0
"EBM","T3","2024_10_09_10-33-03.jpg",2024-10-09,"summer","return","inferred_time","Elliott_Bay_Marina",3,"deep","EBM_S24_T3","10:33:03",1,0,0,0,0,0,0,0,0,0,0,0,0,0,0,0,0,0,0,0,0,0,0,0,0
"EBM","T4","2024_10_09_11-36-24.jpg",2024-10-09,"summer","out","matched","Elliott_Bay_Marina",4,"shallow","EBM_S24_T4","11:36:24",4,0,0,0,0,1,0,0,0,0,0,0,0,0,0,0,0,0,0,0,0,0,0,0,0
"EBM","T4","2024_10_09_11-36-36.jpg",2024-10-09,"summer","out","inferred_time","Elliott_Bay_Marina",4,"shallow","EBM_S24_T4","11:36:36",0,0,0,0,0,1,0,0,0,0,0,0,0,0,0,0,0,0,0,0,0,0,0,0,0
"EBM","T4","2024_10_09_11-36-45.jpg",2024-10-09,"summer","out","inferred_time","Elliott_Bay_Marina",4,"shallow","EBM_S24_T4","11:36:45",1,1,0,0,0,0,0,0,0,0,0,0,0,0,0,0,0,0,0,0,0,0,0,0,0
"EBM","T4","2024_10_09_11-37-06.jpg",2024-10-09,"summer","out","inferred_time","Elliott_Bay_Marina",4,"shallow","EBM_S24_T4","11:37:06",3,0,0,0,1,0,0,0,0,0,0,0,0,0,0,0,0,0,0,0,0,0,0,0,0
"EBM","T4","2024_10_09_11-37-18.jpg",2024-10-09,"summer","out","matched","Elliott_Bay_Marina",4,"shallow","EBM_S24_T4","11:37:18",4,0,0,0,0,0,0,0,0,0,0,0,0,0,0,0,0,0,0,0,0,0,2,0,0
"EBM","T4","2024_10_09_11-37-36.jpg",2024-10-09,"summer","out","matched","Elliott_Bay_Marina",4,"shallow","EBM_S24_T4","11:37:36",3,0,0,0,0,0,0,0,0,0,0,0,0,0,0,0,0,0,0,0,0,0,0,0,0
"EBM","T4","2024_10_09_11-37-42.jpg",2024-10-09,"summer","out","inferred_time","Elliott_Bay_Marina",4,"shallow","EBM_S24_T4","11:37:42",1,0,0,0,0,0,0,0,0,0,0,0,0,0,0,0,0,0,0,0,0,0,0,0,0
"EBM","T4","2024_10_09_11-37-51.jpg",2024-10-09,"summer","out","inferred_time","Elliott_Bay_Marina",4,"shallow","EBM_S24_T4","11:37:51",5,0,0,0,0,1,0,0,0,0,0,0,0,0,0,0,0,0,0,0,0,0,0,0,0
"EBM","T4","2024_10_09_11-37-57.jpg",2024-10-09,"summer","out","inferred_time","Elliott_Bay_Marina",4,"shallow","EBM_S24_T4","11:37:57",3,0,0,0,0,0,0,0,0,0,0,0,0,0,0,0,0,0,0,0,0,0,0,0,0
"EBM","T4","2024_10_09_11-38-03.jpg",2024-10-09,"summer","out","matched","Elliott_Bay_Marina",4,"shallow","EBM_S24_T4","11:38:03",4,0,0,0,0,0,0,0,0,0,0,0,0,0,0,0,0,0,0,0,0,0,0,0,0
"EBM","T4","2024_10_09_11-38-33.jpg",2024-10-09,"summer","out","inferred_time","Elliott_Bay_Marina",4,"shallow","EBM_S24_T4","11:38:33",2,0,0,0,0,0,0,0,0,0,0,0,0,0,0,0,0,0,0,0,0,0,0,0,0
"EBM","T4","2024_10_09_11-38-45.jpg",2024-10-09,"summer","out","inferred_time","Elliott_Bay_Marina",4,"shallow","EBM_S24_T4","11:38:45",3,1,0,0,0,0,0,0,0,0,0,0,0,0,0,0,0,0,0,0,0,0,1,0,0
"EBM","T4","2024_10_09_11-38-54.jpg",2024-10-09,"summer","out","inferred_time","Elliott_Bay_Marina",4,"shallow","EBM_S24_T4","11:38:54",6,0,0,0,0,0,0,0,0,0,0,0,0,0,0,0,0,0,0,0,0,0,1,0,0
"EBM","T4","2024_10_09_11-39-06.jpg",2024-10-09,"summer","out","matched","Elliott_Bay_Marina",4,"shallow","EBM_S24_T4","11:39:06",9,0,0,0,0,1,0,0,0,0,0,0,0,0,0,0,0,0,0,0,0,2,0,0,0
"EBM","T4","2024_10_09_11-39-15.jpg",2024-10-09,"summer","out","matched","Elliott_Bay_Marina",4,"shallow","EBM_S24_T4","11:39:15",2,0,0,0,0,1,0,0,0,0,0,0,0,0,0,0,0,0,0,0,0,0,0,0,0
"EBM","T4","2024_10_09_11-39-30.jpg",2024-10-09,"summer","out","inferred_time","Elliott_Bay_Marina",4,"shallow","EBM_S24_T4","11:39:30",4,0,0,1,0,0,0,0,0,0,0,0,0,0,0,0,0,0,0,0,0,0,1,0,0
"EBM","T4","2024_10_09_11-40-01.jpg",2024-10-09,"summer","out","matched","Elliott_Bay_Marina",4,"shallow","EBM_S24_T4","11:40:01",11,0,0,0,0,0,0,0,0,0,0,0,0,0,0,0,0,0,0,0,0,0,0,0,0
"EBM","T4","2024_10_09_11-40-16.jpg",2024-10-09,"summer","out","inferred_time","Elliott_Bay_Marina",4,"shallow","EBM_S24_T4","11:40:16",8,0,0,0,0,0,0,0,0,0,0,0,0,0,0,0,0,0,0,0,0,0,0,0,0
"EBM","T4","2024_10_09_11-40-28.jpg",2024-10-09,"summer","out","matched","Elliott_Bay_Marina",4,"shallow","EBM_S24_T4","11:40:28",0,0,0,0,0,1,0,0,0,0,0,0,0,0,0,0,0,0,0,0,0,0,0,0,0
"EBM","T4","2024_10_09_11-40-40.jpg",2024-10-09,"summer","out","inferred_time","Elliott_Bay_Marina",4,"shallow","EBM_S24_T4","11:40:40",2,0,0,0,0,0,0,0,0,0,0,0,0,0,0,0,0,0,0,0,0,0,0,0,0
"EBM","T4","2024_10_09_11-41-07.jpg",2024-10-09,"summer","out","inferred_time","Elliott_Bay_Marina",4,"shallow","EBM_S24_T4","11:41:07",1,0,0,0,0,0,0,0,0,0,0,0,0,0,0,0,0,0,0,0,0,0,0,0,0
"EBM","T5","2024_10_09_12-06-05.jpg",2024-10-09,"summer","out","inferred_time","Elliott_Bay_Marina",4,"shallow","EBM_S24_T4","12:06:05",1,0,0,4,0,1,0,0,0,0,0,0,0,0,0,0,0,0,0,0,0,0,0,0,0
"EBM","T5","2024_10_09_12-06-17.jpg",2024-10-09,"summer","return","matched","Elliott_Bay_Marina",4,"shallow","EBM_S24_T4","12:06:17",1,0,0,0,1,0,0,0,0,0,0,0,0,0,0,0,0,0,0,0,0,0,0,0,0
"EBM","T5","2024_10_09_12-06-32.jpg",2024-10-09,"summer","return","inferred_time","Elliott_Bay_Marina",4,"shallow","EBM_S24_T4","12:06:32",2,0,0,1,0,0,0,0,0,0,0,0,0,0,0,0,0,0,0,0,0,0,0,0,0
"EBM","T5","2024_10_09_12-06-59.jpg",2024-10-09,"summer","return","inferred_time","Elliott_Bay_Marina",4,"shallow","EBM_S24_T4","12:06:59",1,0,0,0,0,0,0,0,0,0,0,0,0,0,0,0,0,0,0,0,0,0,0,0,0
"EBM","T5","2024_10_09_12-07-11.jpg",2024-10-09,"summer","return","matched","Elliott_Bay_Marina",4,"shallow","EBM_S24_T4","12:07:11",1,0,0,0,0,0,0,0,0,0,0,0,0,0,0,0,0,0,0,0,0,0,0,0,0
"EBM","T5","2024_10_09_12-07-23.jpg",2024-10-09,"summer","return","inferred_time","Elliott_Bay_Marina",4,"shallow","EBM_S24_T4","12:07:23",1,0,0,1,1,0,0,0,0,0,0,0,0,0,0,0,0,0,0,0,0,0,1,0,0
"EBM","T5","2024_10_09_12-07-38.jpg",2024-10-09,"summer","return","matched","Elliott_Bay_Marina",4,"shallow","EBM_S24_T4","12:07:38",1,0,0,0,0,0,0,0,0,0,0,0,0,0,0,0,0,0,0,0,0,0,0,0,0
"EBM","T5","2024_10_09_12-07-47.jpg",2024-10-09,"summer","return","matched","Elliott_Bay_Marina",4,"shallow","EBM_S24_T4","12:07:47",5,0,0,0,1,0,0,0,0,0,0,0,0,0,0,0,0,0,0,0,0,0,2,0,0
"EBM","T5","2024_10_09_12-07-59.jpg",2024-10-09,"summer","return","inferred_time","Elliott_Bay_Marina",4,"shallow","EBM_S24_T4","12:07:59",3,0,0,0,0,0,0,0,0,0,0,0,0,0,0,0,0,0,0,0,0,0,0,0,0
"EBM","T5","2024_10_09_12-08-08.jpg",2024-10-09,"summer","return","inferred_time","Elliott_Bay_Marina",4,"shallow","EBM_S24_T4","12:08:08",2,0,0,0,0,0,0,0,0,0,0,0,0,0,0,0,0,0,0,0,0,0,0,0,0
"EBM","T5","2024_10_09_12-08-23.jpg",2024-10-09,"summer","return","matched","Elliott_Bay_Marina",4,"shallow","EBM_S24_T4","12:08:23",1,0,0,2,0,1,0,0,0,0,0,0,0,0,0,0,0,0,0,0,0,0,0,0,0
"EBM","T5","2024_10_09_12-08-35.jpg",2024-10-09,"summer","return","inferred_time","Elliott_Bay_Marina",4,"shallow","EBM_S24_T4","12:08:35",1,0,0,0,0,0,0,0,0,0,0,0,0,0,0,0,0,0,0,0,0,0,0,0,0
"EBM","T5","2024_10_09_12-08-53.jpg",2024-10-09,"summer","return","inferred_time","Elliott_Bay_Marina",4,"shallow","EBM_S24_T4","12:08:53",1,0,0,0,0,0,0,0,0,0,0,0,0,0,0,0,0,0,0,0,0,0,0,0,0
"EBM","T5","2024_10_09_12-09-11.jpg",2024-10-09,"summer","return","inferred_time","Elliott_Bay_Marina",4,"shallow","EBM_S24_T4","12:09:11",2,0,0,0,0,0,0,0,0,0,0,0,0,0,0,0,0,0,0,0,0,0,0,0,0
"EBM","T6","2024_10_09_12-09-23.jpg",2024-10-09,"summer","return","inferred_time","Elliott_Bay_Marina",4,"shallow","EBM_S24_T4","12:09:23",0,1,0,0,0,0,0,0,0,0,0,0,0,0,0,0,0,0,0,0,0,0,0,0,0
"EBM","T6","2024_10_09_12-09-35.jpg",2024-10-09,"summer","return","matched","Elliott_Bay_Marina",4,"shallow","EBM_S24_T4","12:09:35",1,0,0,0,0,0,0,0,0,0,0,0,0,0,0,0,0,0,0,0,0,0,0,0,0
"EBM","T6","2024_10_09_12-09-44.jpg",2024-10-09,"summer","return","matched","Elliott_Bay_Marina",4,"shallow","EBM_S24_T4","12:09:44",1,0,0,0,0,1,0,0,0,0,0,0,0,0,0,0,0,0,0,0,0,0,0,0,0
"EBM","T6","2024_10_09_12-09-53.jpg",2024-10-09,"summer","return","matched","Elliott_Bay_Marina",4,"shallow","EBM_S24_T4","12:09:53",1,0,0,4,0,0,0,0,0,0,0,0,0,0,0,0,0,0,0,0,0,0,0,0,0
"EBM","T6","2024_10_09_11-42-22.jpg",2024-10-09,"summer","out","matched","Elliott_Bay_Marina",5,"shallow","EBM_S24_T5","11:42:22",0,0,0,0,0,1,0,0,0,0,0,0,0,0,0,0,0,0,0,0,0,0,0,0,0
"EBM","T6","2024_10_09_11-42-40.jpg",2024-10-09,"summer","out","matched","Elliott_Bay_Marina",5,"shallow","EBM_S24_T5","11:42:40",0,0,0,0,0,0,0,0,0,0,0,0,0,0,0,0,0,0,0,0,0,1,0,0,0
"EBM","T6","2024_10_09_11-43-16.jpg",2024-10-09,"summer","out","matched","Elliott_Bay_Marina",5,"shallow","EBM_S24_T5","11:43:16",2,0,0,0,0,0,0,0,0,0,0,0,0,0,0,0,0,0,0,0,0,0,0,0,0
"EBM","T6","2024_10_09_11-43-40.jpg",2024-10-09,"summer","out","inferred_time","Elliott_Bay_Marina",5,"shallow","EBM_S24_T5","11:43:40",0,0,1,1,0,0,0,0,0,0,0,0,0,0,0,0,0,0,0,0,0,0,0,0,0
"EBM","T6","2024_10_09_11-43-49.jpg",2024-10-09,"summer","out","inferred_time","Elliott_Bay_Marina",5,"shallow","EBM_S24_T5","11:43:49",1,0,0,0,0,2,0,1,0,0,0,0,0,0,0,0,0,0,0,0,0,0,1,0,0
"EBM","T6","2024_10_09_11-44-01.jpg",2024-10-09,"summer","out","matched","Elliott_Bay_Marina",5,"shallow","EBM_S24_T5","11:44:01",3,0,0,0,0,1,0,1,0,0,0,0,0,0,0,0,0,0,0,0,0,0,0,0,0
"EBM","T6","2024_10_09_11-44-07.jpg",2024-10-09,"summer","out","inferred_time","Elliott_Bay_Marina",5,"shallow","EBM_S24_T5","11:44:07",2,0,0,0,0,0,0,0,0,0,0,0,0,0,0,0,0,0,0,0,0,0,1,0,0
"EBM","T6","2024_10_09_11-44-19.jpg",2024-10-09,"summer","out","matched","Elliott_Bay_Marina",5,"shallow","EBM_S24_T5","11:44:19",0,0,0,0,0,1,0,0,0,0,0,0,0,0,0,0,0,0,0,0,0,1,0,0,0
"EBM","T6","2024_10_09_11-44-28.jpg",2024-10-09,"summer","out","matched","Elliott_Bay_Marina",5,"shallow","EBM_S24_T5","11:44:28",0,0,0,0,1,1,0,0,0,0,0,0,0,0,0,0,0,0,0,0,0,0,0,0,0
"EBM","T6","2024_10_09_11-45-01.jpg",2024-10-09,"summer","out","inferred_time","Elliott_Bay_Marina",5,"shallow","EBM_S24_T5","11:45:01",0,0,0,0,0,0,0,0,0,0,0,0,0,0,0,0,0,0,0,0,0,0,1,0,1
"EBM","T6","2024_10_09_11-45-37.jpg",2024-10-09,"summer","out","inferred_time","Elliott_Bay_Marina",5,"shallow","EBM_S24_T5","11:45:37",1,0,0,0,0,0,0,0,0,0,0,0,0,0,0,0,0,0,0,0,0,0,0,0,0
"EBM","T6","2024_10_09_11-46-13.jpg",2024-10-09,"summer","out","inferred_time","Elliott_Bay_Marina",5,"shallow","EBM_S24_T5","11:46:13",0,0,0,0,0,0,0,0,0,0,0,0,0,0,0,0,0,0,0,0,0,1,0,0,0
"EBM","T6","2024_10_09_11-46-22.jpg",2024-10-09,"summer","out","inferred_time","Elliott_Bay_Marina",5,"shallow","EBM_S24_T5","11:46:22",2,0,0,0,0,0,0,0,0,0,0,0,0,0,0,0,0,0,0,0,0,0,0,0,0
"EBM","T4","2024_10_09_11-46-34.jpg",2024-10-09,"summer","out","matched","Elliott_Bay_Marina",5,"shallow","EBM_S24_T5","11:46:34",1,0,0,0,0,0,0,0,0,0,0,0,0,0,0,0,0,0,0,0,0,0,0,0,0
"EBM","T4","2024_10_09_11-46-43.jpg",2024-10-09,"summer","out","matched","Elliott_Bay_Marina",5,"shallow","EBM_S24_T5","11:46:43",1,0,0,0,0,0,0,0,0,0,0,0,0,0,0,0,0,0,0,0,0,0,0,0,0
"EBM","T4","2024_10_09_11-47-04.jpg",2024-10-09,"summer","out","inferred_time","Elliott_Bay_Marina",5,"shallow","EBM_S24_T5","11:47:04",1,0,0,0,0,0,0,0,0,0,0,0,0,0,0,0,0,0,0,0,0,0,0,0,0
"EBM","T4","2024_10_09_12-10-50.jpg",2024-10-09,"summer","return","matched","Elliott_Bay_Marina",5,"shallow","EBM_S24_T5","12:10:50",0,0,0,2,0,1,0,0,0,0,0,0,0,0,0,0,0,0,0,0,0,0,0,0,0
"EBM","T4","2024_10_09_12-11-02.jpg",2024-10-09,"summer","return","inferred_time","Elliott_Bay_Marina",5,"shallow","EBM_S24_T5","12:11:02",1,0,0,0,1,0,0,0,0,0,0,0,0,0,0,0,0,0,0,0,0,0,0,0,0
"EBM","T4","2024_10_09_12-11-08.jpg",2024-10-09,"summer","return","matched","Elliott_Bay_Marina",5,"shallow","EBM_S24_T5","12:11:08",2,0,0,0,0,0,0,0,0,0,0,0,0,0,0,0,0,0,0,0,0,0,0,0,0
"EBM","T4","2024_10_09_12-11-26.jpg",2024-10-09,"summer","return","matched","Elliott_Bay_Marina",5,"shallow","EBM_S24_T5","12:11:26",1,0,0,0,0,0,0,0,0,0,0,0,0,0,0,0,0,0,0,0,0,0,0,0,0
"EBM","T4","2024_10_09_12-12-08.jpg",2024-10-09,"summer","return","inferred_time","Elliott_Bay_Marina",5,"shallow","EBM_S24_T5","12:12:08",0,0,0,0,0,1,0,0,0,0,0,0,0,0,0,0,0,0,0,0,0,0,0,0,0
"EBM","T4","2024_10_09_12-12-26.jpg",2024-10-09,"summer","return","inferred_time","Elliott_Bay_Marina",5,"shallow","EBM_S24_T5","12:12:26",0,0,0,0,0,1,0,0,0,0,0,0,0,0,0,0,0,0,0,0,0,0,0,0,0
"EBM","T4","2024_10_09_12-12-44.jpg",2024-10-09,"summer","return","inferred_time","Elliott_Bay_Marina",5,"shallow","EBM_S24_T5","12:12:44",1,0,0,0,0,0,0,0,0,0,0,0,0,0,0,0,0,0,0,0,0,0,0,0,0
"EBM","T4","2024_10_09_12-12-53.jpg",2024-10-09,"summer","return","inferred_time","Elliott_Bay_Marina",5,"shallow","EBM_S24_T5","12:12:53",1,0,0,0,0,0,0,0,0,0,0,0,0,0,0,0,0,0,0,0,0,0,0,0,0
"EBM","T4","2024_10_09_12-13-00.jpg",2024-10-09,"summer","return","inferred_time","Elliott_Bay_Marina",5,"shallow","EBM_S24_T5","12:13:00",2,0,0,0,0,0,0,0,0,0,0,0,0,0,0,0,0,0,0,0,0,0,0,0,0
"EBM","T4","2024_10_09_12-13-45.jpg",2024-10-09,"summer","return","matched","Elliott_Bay_Marina",5,"shallow","EBM_S24_T5","12:13:45",0,0,1,1,1,1,0,0,0,0,0,0,0,0,0,0,0,0,0,0,0,0,0,0,0
"EBM","T4","2024_10_09_12-13-54.jpg",2024-10-09,"summer","return","matched","Elliott_Bay_Marina",5,"shallow","EBM_S24_T5","12:13:54",1,3,1,0,0,2,0,1,0,0,0,0,0,0,0,0,0,0,0,0,0,0,0,0,0
"EBM","T4","2024_10_09_12-14-09.jpg",2024-10-09,"summer","return","inferred_time","Elliott_Bay_Marina",5,"shallow","EBM_S24_T5","12:14:09",3,0,0,0,0,0,0,1,0,0,0,0,0,0,0,0,0,0,0,0,0,0,0,0,0
"EBM","T4","2024_10_09_11-48-40.jpg",2024-10-09,"summer","out","inferred_time","Elliott_Bay_Marina",6,"shallow","EBM_S24_T6","11:48:40",1,0,0,0,0,0,0,0,0,0,0,0,0,0,0,0,0,0,0,0,0,0,0,0,0
"EBM","T4","2024_10_09_11-48-46.jpg",2024-10-09,"summer","out","matched","Elliott_Bay_Marina",6,"shallow","EBM_S24_T6","11:48:46",0,1,0,0,0,0,0,0,0,0,0,0,0,0,0,0,0,0,0,0,0,0,0,0,0
"EBM","T4","2024_10_09_11-48-55.jpg",2024-10-09,"summer","out","matched","Elliott_Bay_Marina",6,"shallow","EBM_S24_T6","11:48:55",0,0,0,0,0,1,0,0,0,0,0,0,0,0,0,0,0,0,0,0,0,0,0,0,0
"EBM","T4","2024_10_09_11-49-10.jpg",2024-10-09,"summer","out","inferred_time","Elliott_Bay_Marina",6,"shallow","EBM_S24_T6","11:49:10",0,0,0,0,0,1,0,0,0,0,0,0,0,0,0,0,0,0,0,0,0,0,0,0,0
"EBM","T4","2024_10_09_11-49-25.jpg",2024-10-09,"summer","out","inferred_time","Elliott_Bay_Marina",6,"shallow","EBM_S24_T6","11:49:25",1,0,0,0,0,0,0,0,0,0,0,0,0,0,0,0,0,0,0,0,0,0,0,0,0
"EBM","T4","2024_10_09_11-49-34.jpg",2024-10-09,"summer","out","inferred_time","Elliott_Bay_Marina",6,"shallow","EBM_S24_T6","11:49:34",1,0,0,0,0,0,0,0,0,0,0,0,0,0,0,0,0,0,0,0,0,0,0,0,0
"EBM","T4","2024_10_09_11-49-43.jpg",2024-10-09,"summer","out","inferred_time","Elliott_Bay_Marina",6,"shallow","EBM_S24_T6","11:49:43",0,0,0,0,0,2,0,0,0,0,0,0,0,0,0,0,0,0,0,0,0,0,0,0,0
"EBM","T6","2024_10_09_11-49-58.jpg",2024-10-09,"summer","out","matched","Elliott_Bay_Marina",6,"shallow","EBM_S24_T6","11:49:58",0,1,0,0,0,0,0,0,0,0,0,0,0,0,0,0,0,0,0,0,0,0,0,0,0
"EBM","T4","2024_10_09_11-50-31.jpg",2024-10-09,"summer","out","inferred_time","Elliott_Bay_Marina",6,"shallow","EBM_S24_T6","11:50:31",0,0,0,0,0,1,0,0,0,0,0,0,0,0,0,0,0,0,0,0,0,0,0,0,0
"EBM","T4","2024_10_09_11-50-49.jpg",2024-10-09,"summer","out","inferred_time","Elliott_Bay_Marina",6,"shallow","EBM_S24_T6","11:50:49",0,0,0,0,0,1,0,0,0,0,0,0,0,0,0,0,0,0,0,0,0,0,0,0,0
"EBM","T4","2024_10_09_11-50-55.jpg",2024-10-09,"summer","out","inferred_time","Elliott_Bay_Marina",6,"shallow","EBM_S24_T6","11:50:55",1,0,0,0,0,0,0,0,0,0,0,0,0,0,0,0,0,0,0,0,0,0,1,0,0
"EBM","T5","2024_10_09_11-51-13.jpg",2024-10-09,"summer","out","inferred_time","Elliott_Bay_Marina",6,"shallow","EBM_S24_T6","11:51:13",0,1,0,0,0,0,0,0,0,0,0,0,0,0,0,0,0,0,0,0,0,0,0,0,0
"EBM","T5","2024_10_09_11-51-49.jpg",2024-10-09,"summer","out","inferred_time","Elliott_Bay_Marina",6,"shallow","EBM_S24_T6","11:51:49",0,3,0,0,0,0,0,0,0,0,0,0,0,0,0,0,0,0,0,0,0,0,0,0,1
"EBM","T5","2024_10_09_11-51-58.jpg",2024-10-09,"summer","out","inferred_time","Elliott_Bay_Marina",6,"shallow","EBM_S24_T6","11:51:58",1,1,0,0,0,0,0,0,0,0,0,0,0,0,0,0,0,0,1,0,0,0,0,0,0
"EBM","T5","2024_10_09_11-52-25.jpg",2024-10-09,"summer","out","inferred_time","Elliott_Bay_Marina",6,"shallow","EBM_S24_T6","11:52:25",1,0,0,0,0,0,0,0,0,0,0,0,0,0,0,0,0,1,0,0,0,2,0,0,0
"EBM","T5","2024_10_09_11-52-52.jpg",2024-10-09,"summer","out","inferred_time","Elliott_Bay_Marina",6,"shallow","EBM_S24_T6","11:52:52",1,0,0,0,0,0,0,0,0,0,0,0,0,0,0,0,0,0,0,0,0,0,0,0,0
"EBM","T5","2024_10_09_12-20-18.jpg",2024-10-09,"summer","return","matched","Elliott_Bay_Marina",6,"shallow","EBM_S24_T6","12:20:18",0,0,0,0,0,1,0,0,0,0,0,0,0,0,0,0,0,0,0,0,0,0,0,0,0
"EBM","T6","2024_10_09_12-21-00.jpg",2024-10-09,"summer","return","inferred_time","Elliott_Bay_Marina",6,"shallow","EBM_S24_T6","12:21:00",0,0,0,0,0,1,0,0,0,0,0,0,0,0,0,0,0,0,0,0,0,0,0,0,0
"EBM","T6","2024_10_09_12-21-06.jpg",2024-10-09,"summer","return","inferred_time","Elliott_Bay_Marina",6,"shallow","EBM_S24_T6","12:21:06",0,2,0,0,0,0,0,0,0,0,0,0,0,0,0,0,0,0,0,0,0,0,0,0,0
"EBM","T6","2024_10_09_12-21-24.jpg",2024-10-09,"summer","return","inferred_time","Elliott_Bay_Marina",6,"shallow","EBM_S24_T6","12:21:24",1,0,0,0,0,0,0,0,0,0,0,0,0,0,0,0,0,0,0,0,0,0,0,0,0
"EBM","T6","2024_10_09_12-21-30.jpg",2024-10-09,"summer","return","matched","Elliott_Bay_Marina",6,"shallow","EBM_S24_T6","12:21:30",0,1,0,0,0,0,0,0,0,0,0,0,0,0,0,0,0,0,0,0,0,0,0,0,1
"EBM","T6","2024_10_09_12-21-51.jpg",2024-10-09,"summer","return","inferred_time","Elliott_Bay_Marina",6,"shallow","EBM_S24_T6","12:21:51",0,1,0,0,0,0,0,0,0,0,0,0,0,0,0,0,0,0,0,0,0,0,0,0,0
"EBM","T6","2024_10_09_12-22-09.jpg",2024-10-09,"summer","return","inferred_time","Elliott_Bay_Marina",6,"shallow","EBM_S24_T6","12:22:09",0,1,0,0,0,0,0,0,0,0,0,0,0,0,0,0,0,0,0,0,0,0,0,0,0
"EBM","T6","2024_10_09_12-22-15.jpg",2024-10-09,"summer","return","matched","Elliott_Bay_Marina",6,"shallow","EBM_S24_T6","12:22:15",0,1,0,0,0,0,0,0,0,0,0,0,0,0,0,0,0,0,0,0,0,0,0,0,0
"EBM","T6","2024_10_09_12-22-51.jpg",2024-10-09,"summer","return","matched","Elliott_Bay_Marina",6,"shallow","EBM_S24_T6","12:22:51",1,0,0,0,0,0,0,0,0,0,0,0,0,0,0,0,0,0,0,0,0,0,0,0,0
"EBM","T1","2025_01_28_10-06-36.jpg",2025-01-28,"winter","out","matched","Elliott_Bay_Marina",1,"deep","EBM_W25_T1","10:06:36",1,0,0,0,0,0,0,1,0,0,0,0,0,0,0,0,0,0,0,0,0,0,0,0,1
"EBM","T1","2025_01_28_10-07-00.jpg",2025-01-28,"winter","out","matched","Elliott_Bay_Marina",1,"deep","EBM_W25_T1","10:07:00",0,1,0,0,0,0,0,1,0,0,0,0,0,0,0,0,0,0,0,0,0,0,0,0,0
"EBM","T1","2025_01_28_10-07-12.jpg",2025-01-28,"winter","out","matched","Elliott_Bay_Marina",1,"deep","EBM_W25_T1","10:07:12",1,0,0,0,0,0,0,0,0,0,0,0,0,0,0,0,0,0,0,0,0,0,0,0,0
"EBM","T1","2025_01_28_10-08-27.jpg",2025-01-28,"winter","out","matched","Elliott_Bay_Marina",1,"deep","EBM_W25_T1","10:08:27",1,0,0,0,0,0,0,0,0,0,0,0,0,0,0,0,0,0,0,0,0,0,0,2,0
"EBM","T1","2025_01_28_10-08-48.jpg",2025-01-28,"winter","out","matched","Elliott_Bay_Marina",1,"deep","EBM_W25_T1","10:08:48",0,0,0,0,0,1,0,0,0,0,0,0,0,0,0,0,0,0,0,0,0,0,0,0,0
"EBM","T1","2025_01_28_10-09-12.jpg",2025-01-28,"winter","out","matched","Elliott_Bay_Marina",1,"deep","EBM_W25_T1","10:09:12",0,0,0,0,0,0,0,0,0,0,0,0,0,0,0,0,0,2,0,0,0,0,0,0,0
"EBM","T1","2025_01_28_10-09-30.jpg",2025-01-28,"winter","out","matched","Elliott_Bay_Marina",1,"deep","EBM_W25_T1","10:09:30",0,0,0,0,0,0,1,0,0,0,0,0,0,0,0,0,0,0,0,0,0,0,0,0,0
"EBM","T1","2025_01_28_10-09-57.jpg",2025-01-28,"winter","out","matched","Elliott_Bay_Marina",1,"deep","EBM_W25_T1","10:09:57",3,1,0,0,0,0,0,0,0,0,0,0,0,0,0,0,0,0,0,0,0,0,0,0,0
"EBM","T1","2025_01_28_10-11-00.jpg",2025-01-28,"winter","out","matched","Elliott_Bay_Marina",1,"deep","EBM_W25_T1","10:11:00",1,1,0,0,0,0,0,0,0,0,0,0,0,0,0,0,0,0,0,0,0,0,0,0,0
"EBM","T1","2025_01_28_10-12-30.jpg",2025-01-28,"winter","out","matched","Elliott_Bay_Marina",1,"deep","EBM_W25_T1","10:12:30",0,0,1,0,0,0,0,0,0,0,0,0,0,0,0,0,0,0,0,0,0,0,0,0,0
"EBM","T2","2025_01_28_10-41-14.jpg",2025-01-28,"winter","out","matched","Elliott_Bay_Marina",1,"deep","EBM_W25_T1","10:41:14",1,0,0,0,0,0,0,0,0,0,0,0,0,0,0,0,0,1,0,0,0,0,0,0,0
"EBM","T2","2025_01_28_10-41-23.jpg",2025-01-28,"winter","return","matched","Elliott_Bay_Marina",1,"deep","EBM_W25_T1","10:41:23",0,0,0,0,0,0,1,0,0,0,0,0,0,0,0,0,0,0,0,0,0,0,0,0,0
"EBM","T2","2025_01_28_10-41-44.jpg",2025-01-28,"winter","return","matched","Elliott_Bay_Marina",1,"deep","EBM_W25_T1","10:41:44",1,0,0,0,0,0,0,0,0,0,0,0,0,0,0,0,0,3,0,0,0,0,0,0,0
"EBM","T2","2025_01_28_10-41-56.jpg",2025-01-28,"winter","return","matched","Elliott_Bay_Marina",1,"deep","EBM_W25_T1","10:41:56",0,1,0,0,0,0,0,0,0,0,0,0,0,0,0,0,0,0,0,0,0,0,0,0,0
"EBM","T2","2025_01_28_10-42-14.jpg",2025-01-28,"winter","return","matched","Elliott_Bay_Marina",1,"deep","EBM_W25_T1","10:42:14",0,0,0,0,0,0,0,0,0,0,0,0,0,0,0,0,0,0,0,0,0,0,1,0,0
"EBM","T2","2025_01_28_10-42-59.jpg",2025-01-28,"winter","return","matched","Elliott_Bay_Marina",1,"deep","EBM_W25_T1","10:42:59",0,1,0,0,0,0,0,0,0,0,0,0,0,0,0,0,0,0,0,0,0,0,0,0,0
"EBM","T2","2025_01_28_10-43-08.jpg",2025-01-28,"winter","return","matched","Elliott_Bay_Marina",1,"deep","EBM_W25_T1","10:43:08",0,0,0,0,0,0,0,0,0,0,0,0,0,0,0,0,0,0,0,0,0,0,0,0,1
"EBM","T2","2025_01_28_10-43-20.jpg",2025-01-28,"winter","return","matched","Elliott_Bay_Marina",1,"deep","EBM_W25_T1","10:43:20",0,2,0,0,0,0,0,0,0,0,0,0,0,0,0,0,0,0,0,0,0,0,1,0,0
"EBM","T2","2025_01_28_10-43-35.jpg",2025-01-28,"winter","return","matched","Elliott_Bay_Marina",1,"deep","EBM_W25_T1","10:43:35",1,0,0,0,0,0,1,0,0,0,0,0,0,0,0,0,0,0,0,0,0,0,3,0,0
"EBM","T2","2025_01_28_10-43-47.jpg",2025-01-28,"winter","return","matched","Elliott_Bay_Marina",1,"deep","EBM_W25_T1","10:43:47",0,0,0,0,0,0,6,0,0,0,0,0,0,0,0,0,0,0,0,0,0,0,0,0,0
"EBM","T2","2025_01_28_10-44-08.jpg",2025-01-28,"winter","return","matched","Elliott_Bay_Marina",1,"deep","EBM_W25_T1","10:44:08",1,0,0,0,0,0,0,0,0,0,0,0,0,0,0,0,0,0,0,0,0,0,0,0,0
"EBM","T2","2025_01_28_10-44-20.jpg",2025-01-28,"winter","return","matched","Elliott_Bay_Marina",1,"deep","EBM_W25_T1","10:44:20",1,0,0,0,0,0,1,0,0,0,0,0,0,0,0,0,0,0,0,0,0,0,0,0,0
"EBM","T2","2025_01_28_10-44-32.jpg",2025-01-28,"winter","return","matched","Elliott_Bay_Marina",1,"deep","EBM_W25_T1","10:44:32",0,0,0,0,0,0,0,0,0,0,0,0,0,0,0,0,0,1,0,0,0,0,0,0,0
"EBM","T2","2025_01_28_10-44-41.jpg",2025-01-28,"winter","return","matched","Elliott_Bay_Marina",1,"deep","EBM_W25_T1","10:44:41",1,0,0,0,0,0,0,0,0,0,0,0,0,0,0,0,0,0,0,0,0,0,0,0,0
"EBM","T2","2025_01_28_10-44-56.jpg",2025-01-28,"winter","return","matched","Elliott_Bay_Marina",1,"deep","EBM_W25_T1","10:44:56",2,0,0,0,0,0,0,0,0,0,0,0,0,0,0,0,0,1,0,0,0,0,1,0,0
"EBM","T2","2025_01_28_10-45-14.jpg",2025-01-28,"winter","return","matched","Elliott_Bay_Marina",1,"deep","EBM_W25_T1","10:45:14",1,0,0,0,0,0,1,0,0,0,0,0,0,0,0,0,0,0,0,0,0,0,0,0,0
"EBM","T3","2025_01_28_10-45-26.jpg",2025-01-28,"winter","return","matched","Elliott_Bay_Marina",1,"deep","EBM_W25_T1","10:45:26",0,0,0,0,0,0,2,0,0,0,0,0,0,0,0,0,0,0,0,0,0,0,0,0,0
"EBM","T3","2025_01_28_10-45-35.jpg",2025-01-28,"winter","return","matched","Elliott_Bay_Marina",1,"deep","EBM_W25_T1","10:45:35",0,0,0,0,0,0,0,1,0,0,0,0,0,0,0,0,0,0,0,0,0,0,0,0,0
"EBM","T3","2025_01_28_10-45-50.jpg",2025-01-28,"winter","return","matched","Elliott_Bay_Marina",1,"deep","EBM_W25_T1","10:45:50",0,0,0,0,0,0,0,0,0,0,0,0,0,0,0,0,0,0,0,0,0,0,1,0,0
"EBM","T3","2025_01_28_10-46-35.jpg",2025-01-28,"winter","return","matched","Elliott_Bay_Marina",1,"deep","EBM_W25_T1","10:46:35",0,0,0,0,0,0,1,0,0,0,0,0,0,0,0,0,0,0,0,0,0,0,0,0,0
"EBM","T3","2025_01_28_10-46-59.jpg",2025-01-28,"winter","return","matched","Elliott_Bay_Marina",1,"deep","EBM_W25_T1","10:46:59",0,0,0,0,0,0,1,0,0,0,0,0,0,0,0,0,0,0,0,0,0,0,0,0,0
"EBM","T3","2025_01_28_10-47-14.jpg",2025-01-28,"winter","return","matched","Elliott_Bay_Marina",1,"deep","EBM_W25_T1","10:47:14",1,0,0,0,0,0,0,3,0,0,0,0,0,0,0,0,0,0,0,0,0,0,0,0,0
"EBM","T3","2025_01_28_10-15-18.jpg",2025-01-28,"winter","out","matched","Elliott_Bay_Marina",2,"deep","EBM_W25_T2","10:15:18",1,0,0,0,0,0,0,1,0,0,0,0,0,0,0,0,0,0,0,0,0,0,0,0,0
"EBM","T3","2025_01_28_10-15-33.jpg",2025-01-28,"winter","out","matched","Elliott_Bay_Marina",2,"deep","EBM_W25_T2","10:15:33",1,0,0,0,0,0,0,0,0,0,0,0,0,0,0,0,0,0,0,0,0,0,0,0,0
"EBM","T3","2025_01_28_10-15-54.jpg",2025-01-28,"winter","out","matched","Elliott_Bay_Marina",2,"deep","EBM_W25_T2","10:15:54",0,0,0,0,0,0,0,0,0,0,0,0,0,0,0,0,0,1,0,0,0,0,0,0,0
"EBM","T3","2025_01_28_10-16-33.jpg",2025-01-28,"winter","out","matched","Elliott_Bay_Marina",2,"deep","EBM_W25_T2","10:16:33",0,1,0,0,0,0,0,0,0,0,0,0,0,0,0,0,0,0,0,0,0,0,0,0,0
"EBM","T3","2025_01_28_10-16-45.jpg",2025-01-28,"winter","out","matched","Elliott_Bay_Marina",2,"deep","EBM_W25_T2","10:16:45",2,0,0,0,0,0,0,0,0,0,0,0,0,0,0,0,0,0,0,0,0,0,0,0,0
"EBM","T3","2025_01_28_10-17-00.jpg",2025-01-28,"winter","out","matched","Elliott_Bay_Marina",2,"deep","EBM_W25_T2","10:17:00",0,0,0,0,1,0,0,0,0,0,0,0,0,0,0,0,0,0,0,0,0,0,0,0,0
"EBM","T3","2025_01_28_10-17-42.jpg",2025-01-28,"winter","out","matched","Elliott_Bay_Marina",2,"deep","EBM_W25_T2","10:17:42",0,1,0,0,0,0,0,0,0,0,0,0,0,0,0,0,0,0,0,0,0,0,0,0,0
"EBM","T3","2025_01_28_10-18-15.jpg",2025-01-28,"winter","out","matched","Elliott_Bay_Marina",2,"deep","EBM_W25_T2","10:18:15",1,0,0,0,0,0,0,0,0,0,0,0,0,0,0,0,0,0,0,0,0,0,0,0,0
"EBM","T3","2025_01_28_10-18-27.jpg",2025-01-28,"winter","out","matched","Elliott_Bay_Marina",2,"deep","EBM_W25_T2","10:18:27",1,0,0,0,0,0,0,0,0,0,0,0,0,0,0,0,0,0,0,0,0,0,0,0,0
"EBM","T3","2025_01_28_10-19-12.jpg",2025-01-28,"winter","out","matched","Elliott_Bay_Marina",2,"deep","EBM_W25_T2","10:19:12",0,2,0,0,0,0,0,0,0,0,0,0,0,0,0,0,0,0,0,0,0,0,0,0,0
"EBM","T3","2025_01_28_10-19-36.jpg",2025-01-28,"winter","out","matched","Elliott_Bay_Marina",2,"deep","EBM_W25_T2","10:19:36",2,0,0,0,0,0,0,0,0,0,0,0,0,0,0,0,0,0,0,0,0,0,0,0,0
"EBM","T3","2025_01_28_10-19-45.jpg",2025-01-28,"winter","out","matched","Elliott_Bay_Marina",2,"deep","EBM_W25_T2","10:19:45",2,0,0,0,0,0,0,0,0,0,0,0,0,0,0,0,0,0,0,0,0,0,0,0,0
"EBM","T2","2025_01_28_10-20-03.jpg",2025-01-28,"winter","out","matched","Elliott_Bay_Marina",2,"deep","EBM_W25_T2","10:20:03",0,0,0,0,0,0,0,0,0,0,0,0,0,0,0,0,0,1,0,0,0,0,0,0,0
"EBM","T3","2025_01_28_10-20-12.jpg",2025-01-28,"winter","out","matched","Elliott_Bay_Marina",2,"deep","EBM_W25_T2","10:20:12",1,0,0,0,0,0,0,0,0,0,0,0,0,0,0,0,0,0,0,0,0,0,0,0,0
"EBM","T3","2025_01_28_10-20-21.jpg",2025-01-28,"winter","out","matched","Elliott_Bay_Marina",2,"deep","EBM_W25_T2","10:20:21",1,0,0,0,0,0,0,0,0,0,0,0,0,0,0,0,0,0,0,0,0,0,1,0,0
"EBM","T3","2025_01_28_10-20-30.jpg",2025-01-28,"winter","out","matched","Elliott_Bay_Marina",2,"deep","EBM_W25_T2","10:20:30",2,1,0,0,0,0,0,0,0,0,0,0,0,0,0,0,0,0,0,0,0,0,1,0,0
"EBM","T3","2025_01_28_10-35-10.jpg",2025-01-28,"winter","out","matched","Elliott_Bay_Marina",2,"deep","EBM_W25_T2","10:35:10",2,1,0,0,0,0,0,0,0,0,0,0,0,0,0,0,0,0,0,0,0,0,0,0,0
"EBM","T3","2025_01_28_10-35-25.jpg",2025-01-28,"winter","return","matched","Elliott_Bay_Marina",2,"deep","EBM_W25_T2","10:35:25",1,0,0,0,0,0,0,0,1,0,0,0,0,0,0,0,0,0,0,0,0,0,0,0,0
"EBM","T3","2025_01_28_10-35-34.jpg",2025-01-28,"winter","return","matched","Elliott_Bay_Marina",2,"deep","EBM_W25_T2","10:35:34",1,0,0,0,0,0,0,0,1,0,0,0,0,0,0,0,0,3,0,0,0,0,0,0,0
"EBM","T3","2025_01_28_10-35-58.jpg",2025-01-28,"winter","return","matched","Elliott_Bay_Marina",2,"deep","EBM_W25_T2","10:35:58",1,0,0,0,1,0,0,0,0,0,0,0,0,0,0,0,0,0,0,0,0,0,0,0,0
"EBM","T3","2025_01_28_10-36-16.jpg",2025-01-28,"winter","return","matched","Elliott_Bay_Marina",2,"deep","EBM_W25_T2","10:36:16",2,0,0,0,0,0,0,0,0,0,0,0,0,0,0,0,0,0,0,0,0,0,1,0,0
"EBM","T3","2025_01_28_10-36-25.jpg",2025-01-28,"winter","return","matched","Elliott_Bay_Marina",2,"deep","EBM_W25_T2","10:36:25",1,2,0,0,0,0,0,0,0,0,0,0,0,0,0,0,0,0,0,0,0,0,0,0,0
"EBM","T3","2025_01_28_10-36-31.jpg",2025-01-28,"winter","return","matched","Elliott_Bay_Marina",2,"deep","EBM_W25_T2","10:36:31",1,2,0,0,0,0,0,0,0,0,0,0,0,0,0,0,0,0,0,0,0,0,0,0,0
"EBM","T3","2025_01_28_10-37-04.jpg",2025-01-28,"winter","return","matched","Elliott_Bay_Marina",2,"deep","EBM_W25_T2","10:37:04",1,0,0,0,0,0,0,0,0,0,0,0,0,0,0,0,0,0,0,0,0,0,0,0,0
"EBM","T3","2025_01_28_10-37-16.jpg",2025-01-28,"winter","return","matched","Elliott_Bay_Marina",2,"deep","EBM_W25_T2","10:37:16",0,0,0,0,1,0,0,0,0,0,0,0,0,0,0,0,0,0,0,0,0,0,0,0,0
"EBM","T3","2025_01_28_10-37-28.jpg",2025-01-28,"winter","return","matched","Elliott_Bay_Marina",2,"deep","EBM_W25_T2","10:37:28",1,0,0,0,0,0,0,0,0,0,0,0,0,0,0,0,0,0,0,0,0,0,0,0,0
"EBM","T3","2025_01_28_10-37-37.jpg",2025-01-28,"winter","return","matched","Elliott_Bay_Marina",2,"deep","EBM_W25_T2","10:37:37",1,1,0,0,0,0,1,0,0,0,0,0,0,0,0,0,0,0,0,0,0,0,0,0,0
"EBM","T3","2025_01_28_10-37-46.jpg",2025-01-28,"winter","return","matched","Elliott_Bay_Marina",2,"deep","EBM_W25_T2","10:37:46",0,1,0,0,0,0,1,0,0,0,0,0,0,0,0,0,0,0,0,0,0,0,0,0,0
"EBM","T3","2025_01_28_10-38-04.jpg",2025-01-28,"winter","return","matched","Elliott_Bay_Marina",2,"deep","EBM_W25_T2","10:38:04",0,3,0,0,0,0,0,0,0,0,0,0,0,0,0,0,0,0,0,0,0,0,0,0,0
"EBM","T3","2025_01_28_10-38-13.jpg",2025-01-28,"winter","return","matched","Elliott_Bay_Marina",2,"deep","EBM_W25_T2","10:38:13",2,1,0,0,0,0,0,0,0,0,0,0,0,0,0,0,0,0,0,0,0,0,0,0,0
"EBM","T3","2025_01_28_10-38-31.jpg",2025-01-28,"winter","return","matched","Elliott_Bay_Marina",2,"deep","EBM_W25_T2","10:38:31",1,0,0,0,0,0,0,0,0,0,0,0,0,0,0,0,0,0,0,0,0,0,1,0,0
"EBM","T3","2025_01_28_10-38-55.jpg",2025-01-28,"winter","return","matched","Elliott_Bay_Marina",2,"deep","EBM_W25_T2","10:38:55",1,0,0,0,0,0,0,0,0,0,0,0,0,0,0,0,0,0,0,0,0,0,0,0,0
"EBM","T2","2025_01_28_10-39-05.jpg",2025-01-28,"winter","return","matched","Elliott_Bay_Marina",2,"deep","EBM_W25_T2","10:39:05",1,0,0,0,1,0,0,0,0,0,0,0,0,0,0,0,0,0,0,0,0,0,0,0,0
"EBM","T2","2025_01_28_10-39-14.jpg",2025-01-28,"winter","return","matched","Elliott_Bay_Marina",2,"deep","EBM_W25_T2","10:39:14",1,0,0,0,0,0,0,0,0,0,0,0,0,0,0,0,0,0,0,0,0,0,0,0,0
"EBM","T2","2025_01_28_10-39-26.jpg",2025-01-28,"winter","return","matched","Elliott_Bay_Marina",2,"deep","EBM_W25_T2","10:39:26",0,0,0,0,0,0,1,0,0,0,0,0,0,0,0,0,0,0,0,0,0,0,2,0,0
"EBM","T2","2025_01_28_10-39-35.jpg",2025-01-28,"winter","return","matched","Elliott_Bay_Marina",2,"deep","EBM_W25_T2","10:39:35",1,0,0,0,0,0,0,0,0,0,0,0,0,0,0,0,0,0,0,0,0,0,0,0,0
"EBM","T2","2025_01_28_10-39-47.jpg",2025-01-28,"winter","return","matched","Elliott_Bay_Marina",2,"deep","EBM_W25_T2","10:39:47",1,0,0,0,0,0,1,0,0,0,0,0,0,0,0,0,0,0,0,0,0,0,0,0,0
"EBM","T2","2025_01_28_10-40-11.jpg",2025-01-28,"winter","return","matched","Elliott_Bay_Marina",2,"deep","EBM_W25_T2","10:40:11",0,0,0,0,0,0,0,0,0,0,0,0,0,0,0,0,0,0,0,0,0,0,1,0,0
"EBM","T2","2025_01_28_10-21-42.jpg",2025-01-28,"winter","out","matched","Elliott_Bay_Marina",3,"deep","EBM_W25_T3","10:21:42",1,0,0,0,0,0,0,0,0,0,0,0,0,0,0,0,0,0,0,0,0,0,0,0,0
"EBM","T2","2025_01_28_10-22-06.jpg",2025-01-28,"winter","out","matched","Elliott_Bay_Marina",3,"deep","EBM_W25_T3","10:22:06",1,0,0,0,0,0,0,0,0,0,0,0,0,0,0,0,0,1,0,0,0,0,0,0,0
"EBM","T2","2025_01_28_10-22-40.jpg",2025-01-28,"winter","out","matched","Elliott_Bay_Marina",3,"deep","EBM_W25_T3","10:22:40",0,0,0,0,0,0,0,0,0,0,0,0,0,0,0,0,0,0,0,0,0,0,1,0,0
"EBM","T2","2025_01_28_10-23-07.jpg",2025-01-28,"winter","out","matched","Elliott_Bay_Marina",3,"deep","EBM_W25_T3","10:23:07",0,0,0,0,0,0,0,0,0,0,0,0,1,0,0,0,0,0,0,0,0,0,0,0,0
"EBM","T2","2025_01_28_10-23-22.jpg",2025-01-28,"winter","out","matched","Elliott_Bay_Marina",3,"deep","EBM_W25_T3","10:23:22",2,2,0,0,0,0,0,0,1,0,0,0,1,0,0,0,0,0,0,0,0,0,0,0,0
"EBM","T2","2025_01_28_10-23-34.jpg",2025-01-28,"winter","out","matched","Elliott_Bay_Marina",3,"deep","EBM_W25_T3","10:23:34",0,1,0,0,0,0,0,0,0,0,0,0,0,0,0,0,0,0,0,0,0,0,0,0,0
"EBM","T2","2025_01_28_10-24-01.jpg",2025-01-28,"winter","out","matched","Elliott_Bay_Marina",3,"deep","EBM_W25_T3","10:24:01",0,4,0,0,0,0,0,0,0,0,0,0,0,0,0,0,0,0,0,0,0,0,0,0,0
"EBM","T2","2025_01_28_10-24-40.jpg",2025-01-28,"winter","out","matched","Elliott_Bay_Marina",3,"deep","EBM_W25_T3","10:24:40",0,1,0,0,0,0,0,0,0,0,0,0,0,0,0,0,0,0,0,0,0,0,0,0,0
"EBM","T2","2025_01_28_10-24-52.jpg",2025-01-28,"winter","out","matched","Elliott_Bay_Marina",3,"deep","EBM_W25_T3","10:24:52",0,1,0,0,0,0,0,0,0,0,0,0,0,0,0,0,0,0,0,0,0,0,0,0,0
"EBM","T2","2025_01_28_10-25-40.jpg",2025-01-28,"winter","out","matched","Elliott_Bay_Marina",3,"deep","EBM_W25_T3","10:25:40",0,2,0,0,0,0,0,1,0,2,0,0,0,0,0,0,0,0,0,0,0,0,0,0,0
"EBM","T2","2025_01_28_10-25-49.jpg",2025-01-28,"winter","out","matched","Elliott_Bay_Marina",3,"deep","EBM_W25_T3","10:25:49",0,1,0,0,0,1,0,0,0,0,0,0,0,0,0,0,0,0,0,0,0,0,1,0,0
"EBM","T2","2025_01_28_10-25-58.jpg",2025-01-28,"winter","out","matched","Elliott_Bay_Marina",3,"deep","EBM_W25_T3","10:25:58",0,1,0,0,0,1,0,0,0,0,0,0,0,0,0,0,0,0,0,0,0,0,0,0,0
"EBM","T2","2025_01_28_10-26-43.jpg",2025-01-28,"winter","out","matched","Elliott_Bay_Marina",3,"deep","EBM_W25_T3","10:26:43",0,2,0,0,0,0,0,0,0,0,0,0,0,0,0,0,0,0,0,0,0,0,0,0,0
"EBM","T2","2025_01_28_10-26-52.jpg",2025-01-28,"winter","out","matched","Elliott_Bay_Marina",3,"deep","EBM_W25_T3","10:26:52",0,0,0,0,0,0,1,0,0,0,0,0,0,0,0,0,0,0,0,0,0,0,0,0,0
"EBM","T2","2025_01_28_10-27-04.jpg",2025-01-28,"winter","out","matched","Elliott_Bay_Marina",3,"deep","EBM_W25_T3","10:27:04",0,1,0,0,0,0,0,0,0,0,0,0,0,0,0,0,0,0,0,0,0,0,0,0,0
"EBM","T1","2025_01_28_10-27-46.jpg",2025-01-28,"winter","return","matched","Elliott_Bay_Marina",3,"deep","EBM_W25_T3","10:27:46",1,1,0,0,0,0,0,0,0,0,0,0,0,0,0,0,0,0,0,0,0,0,0,0,0
"EBM","T1","2025_01_28_10-28-25.jpg",2025-01-28,"winter","return","matched","Elliott_Bay_Marina",3,"deep","EBM_W25_T3","10:28:25",1,0,0,0,0,0,0,0,0,0,0,0,0,0,0,0,0,0,0,0,0,0,1,0,0
"EBM","T1","2025_01_28_10-28-43.jpg",2025-01-28,"winter","return","matched","Elliott_Bay_Marina",3,"deep","EBM_W25_T3","10:28:43",1,1,0,0,0,0,0,0,0,0,0,0,0,0,0,0,0,0,0,0,0,0,0,0,0
"EBM","T1","2025_01_28_10-28-55.jpg",2025-01-28,"winter","return","matched","Elliott_Bay_Marina",3,"deep","EBM_W25_T3","10:28:55",1,3,0,0,0,0,2,0,0,1,0,0,0,0,0,0,0,0,0,0,0,0,0,0,0
"EBM","T1","2025_01_28_10-29-07.jpg",2025-01-28,"winter","return","matched","Elliott_Bay_Marina",3,"deep","EBM_W25_T3","10:29:07",0,2,0,0,0,0,0,0,0,0,0,0,0,0,0,0,0,0,0,0,0,0,0,0,0
"EBM","T1","2025_01_28_10-29-22.jpg",2025-01-28,"winter","return","matched","Elliott_Bay_Marina",3,"deep","EBM_W25_T3","10:29:22",0,1,0,0,0,0,0,1,0,0,0,0,0,0,0,0,0,0,0,0,0,0,0,0,0
"EBM","T1","2025_01_28_10-29-37.jpg",2025-01-28,"winter","return","matched","Elliott_Bay_Marina",3,"deep","EBM_W25_T3","10:29:37",1,0,0,0,0,0,1,1,0,0,0,0,0,0,0,0,0,0,0,0,0,0,0,0,0
"EBM","T1","2025_01_28_10-29-49.jpg",2025-01-28,"winter","return","matched","Elliott_Bay_Marina",3,"deep","EBM_W25_T3","10:29:49",1,2,0,0,0,0,1,0,0,0,0,0,0,0,0,0,0,0,0,0,0,0,0,0,0
"EBM","T1","2025_01_28_10-30-01.jpg",2025-01-28,"winter","return","matched","Elliott_Bay_Marina",3,"deep","EBM_W25_T3","10:30:01",1,0,0,0,0,0,0,0,0,0,0,0,0,0,0,0,0,0,0,0,0,0,0,0,0
"EBM","T1","2025_01_28_10-30-10.jpg",2025-01-28,"winter","return","matched","Elliott_Bay_Marina",3,"deep","EBM_W25_T3","10:30:10",0,1,0,0,0,0,0,0,0,0,0,0,0,0,0,0,0,0,0,0,0,0,0,0,0
"EBM","T1","2025_01_28_10-31-01.jpg",2025-01-28,"winter","return","matched","Elliott_Bay_Marina",3,"deep","EBM_W25_T3","10:31:01",1,0,0,0,0,0,0,0,0,0,0,0,0,0,0,0,0,0,0,0,0,0,1,0,0
"EBM","T1","2025_01_28_10-31-16.jpg",2025-01-28,"winter","return","matched","Elliott_Bay_Marina",3,"deep","EBM_W25_T3","10:31:16",1,3,0,0,0,0,0,0,0,0,0,0,0,0,0,0,0,0,0,0,0,0,0,0,0
"EBM","T1","2025_01_28_10-31-28.jpg",2025-01-28,"winter","return","matched","Elliott_Bay_Marina",3,"deep","EBM_W25_T3","10:31:28",0,1,0,0,0,0,0,0,0,0,0,0,0,0,0,0,0,0,0,0,0,0,0,0,0
"EBM","T1","2025_01_28_10-31-43.jpg",2025-01-28,"winter","return","matched","Elliott_Bay_Marina",3,"deep","EBM_W25_T3","10:31:43",0,0,0,0,0,0,0,0,0,0,0,0,0,0,0,0,0,1,0,0,0,0,0,0,0
"EBM","T1","2025_01_28_10-31-58.jpg",2025-01-28,"winter","return","matched","Elliott_Bay_Marina",3,"deep","EBM_W25_T3","10:31:58",1,0,0,0,0,0,0,0,0,0,0,0,0,0,0,0,0,0,0,0,0,0,0,0,0
"EBM","T1","2025_01_28_10-32-10.jpg",2025-01-28,"winter","return","matched","Elliott_Bay_Marina",3,"deep","EBM_W25_T3","10:32:10",1,3,0,0,0,0,0,0,0,0,0,0,0,0,0,0,0,0,0,0,0,0,1,0,0
"EBM","T1","2025_01_28_10-32-22.jpg",2025-01-28,"winter","return","matched","Elliott_Bay_Marina",3,"deep","EBM_W25_T3","10:32:22",1,0,0,0,0,0,0,0,0,0,0,0,0,0,0,0,0,0,0,0,0,0,0,0,1
"EBM","T1","2025_01_28_10-32-34.jpg",2025-01-28,"winter","return","matched","Elliott_Bay_Marina",3,"deep","EBM_W25_T3","10:32:34",1,1,0,0,0,0,1,0,0,0,0,0,0,0,0,0,0,0,0,0,0,0,0,0,0
"EBM","T1","2025_01_28_10-32-46.jpg",2025-01-28,"winter","return","matched","Elliott_Bay_Marina",3,"deep","EBM_W25_T3","10:32:46",1,0,0,0,0,0,0,0,0,0,0,0,0,0,0,0,0,0,0,0,0,0,0,0,0
"EBM","T1","2025_01_28_10-32-58.jpg",2025-01-28,"winter","return","matched","Elliott_Bay_Marina",3,"deep","EBM_W25_T3","10:32:58",1,0,0,0,0,0,0,0,0,0,0,0,0,0,0,0,0,0,0,0,0,0,1,0,0
"EBM","T1","2025_01_28_10-33-28.jpg",2025-01-28,"winter","return","matched","Elliott_Bay_Marina",3,"deep","EBM_W25_T3","10:33:28",1,0,0,0,0,0,0,0,0,0,0,0,0,0,0,0,0,1,0,0,0,0,0,0,0
"EBM","T1","2025_01_28_10-33-55.jpg",2025-01-28,"winter","return","matched","Elliott_Bay_Marina",3,"deep","EBM_W25_T3","10:33:55",1,0,0,0,0,0,0,0,0,0,0,0,0,0,0,0,0,0,0,0,0,0,0,0,0
"EBM","T4","2025_01_28_11-20-43.jpg",2025-01-28,"winter","out","matched","Elliott_Bay_Marina",4,"shallow","EBM_W25_T4","11:20:43",0,0,0,0,0,0,0,0,0,0,0,0,0,0,0,0,0,0,0,1,0,0,0,0,0
"EBM","T4","2025_01_28_11-20-58.jpg",2025-01-28,"winter","out","matched","Elliott_Bay_Marina",4,"shallow","EBM_W25_T4","11:20:58",1,0,1,0,0,0,0,0,0,0,0,0,0,0,0,0,0,0,0,0,0,0,0,0,0
"EBM","T4","2025_01_28_11-21-22.jpg",2025-01-28,"winter","out","matched","Elliott_Bay_Marina",4,"shallow","EBM_W25_T4","11:21:22",1,0,0,0,0,0,0,0,0,0,0,0,0,0,0,0,0,0,0,0,0,0,0,0,0
"EBM","T4","2025_01_28_11-21-52.jpg",2025-01-28,"winter","out","matched","Elliott_Bay_Marina",4,"shallow","EBM_W25_T4","11:21:52",1,0,0,0,0,0,0,0,0,0,0,0,0,0,0,0,0,0,0,0,0,0,0,0,0
"EBM","T4","2025_01_28_11-22-07.jpg",2025-01-28,"winter","out","matched","Elliott_Bay_Marina",4,"shallow","EBM_W25_T4","11:22:07",2,0,0,0,0,0,0,0,0,0,0,0,0,0,0,0,0,0,0,0,0,0,0,0,0
"EBM","T4","2025_01_28_11-22-22.jpg",2025-01-28,"winter","out","matched","Elliott_Bay_Marina",4,"shallow","EBM_W25_T4","11:22:22",1,0,0,0,0,0,0,0,0,0,0,0,0,0,0,0,0,0,0,0,0,0,0,0,0
"EBM","T4","2025_01_28_11-22-37.jpg",2025-01-28,"winter","out","matched","Elliott_Bay_Marina",4,"shallow","EBM_W25_T4","11:22:37",1,0,0,0,0,0,0,0,0,0,0,0,0,0,0,0,0,0,0,0,0,0,0,0,0
"EBM","T4","2025_01_28_11-22-49.jpg",2025-01-28,"winter","out","matched","Elliott_Bay_Marina",4,"shallow","EBM_W25_T4","11:22:49",1,0,0,0,0,0,0,0,0,0,0,0,0,0,0,0,0,0,0,0,0,0,0,0,0
"EBM","T4","2025_01_28_11-23-04.jpg",2025-01-28,"winter","out","matched","Elliott_Bay_Marina",4,"shallow","EBM_W25_T4","11:23:04",0,0,0,0,0,0,0,0,1,0,0,0,0,0,0,0,0,0,0,0,0,0,0,0,0
"EBM","T4","2025_01_28_11-23-25.jpg",2025-01-28,"winter","out","matched","Elliott_Bay_Marina",4,"shallow","EBM_W25_T4","11:23:25",0,4,0,0,0,0,0,1,0,0,0,0,0,0,0,0,0,0,0,0,0,0,0,0,0
"EBM","T4","2025_01_28_11-23-34.jpg",2025-01-28,"winter","out","matched","Elliott_Bay_Marina",4,"shallow","EBM_W25_T4","11:23:34",0,4,0,0,0,0,0,1,0,0,0,0,0,0,0,0,0,0,0,0,0,0,0,0,0
"EBM","T4","2025_01_28_11-23-43.jpg",2025-01-28,"winter","out","matched","Elliott_Bay_Marina",4,"shallow","EBM_W25_T4","11:23:43",2,2,0,0,0,0,0,0,0,0,0,0,0,0,0,0,0,0,0,0,0,0,0,0,0
"EBM","T4","2025_01_28_11-23-52.jpg",2025-01-28,"winter","out","matched","Elliott_Bay_Marina",4,"shallow","EBM_W25_T4","11:23:52",1,0,0,0,0,0,0,0,0,0,0,0,0,0,0,0,0,0,0,0,0,0,0,0,0
"EBM","T4","2025_01_28_11-24-01.jpg",2025-01-28,"winter","out","matched","Elliott_Bay_Marina",4,"shallow","EBM_W25_T4","11:24:01",1,2,0,0,0,0,0,0,0,0,0,0,0,0,0,0,0,0,0,0,0,0,0,0,0
"EBM","T4","2025_01_28_11-24-25.jpg",2025-01-28,"winter","out","matched","Elliott_Bay_Marina",4,"shallow","EBM_W25_T4","11:24:25",3,0,0,0,1,0,0,0,0,0,0,0,0,0,0,0,0,0,0,0,0,0,0,0,0
"EBM","T4","2025_01_28_11-24-37.jpg",2025-01-28,"winter","out","matched","Elliott_Bay_Marina",4,"shallow","EBM_W25_T4","11:24:37",2,0,0,0,0,0,0,0,0,0,0,0,0,0,0,0,0,0,0,0,0,0,0,0,0
"EBM","T4","2025_01_28_11-24-49.jpg",2025-01-28,"winter","out","matched","Elliott_Bay_Marina",4,"shallow","EBM_W25_T4","11:24:49",1,0,0,0,0,0,0,0,0,0,0,0,0,0,0,0,0,0,0,0,0,0,0,0,0
"EBM","T4","2025_01_28_11-25-04.jpg",2025-01-28,"winter","out","matched","Elliott_Bay_Marina",4,"shallow","EBM_W25_T4","11:25:04",1,0,1,0,0,0,0,0,0,0,0,0,0,0,0,0,0,0,0,1,0,0,0,0,0
"EBM","T4","2025_01_28_11-25-28.jpg",2025-01-28,"winter","out","matched","Elliott_Bay_Marina",4,"shallow","EBM_W25_T4","11:25:28",2,0,0,0,0,0,0,0,0,0,0,0,0,0,0,0,0,0,0,0,0,0,0,0,0
"EBM","T4","2025_01_28_11-25-49.jpg",2025-01-28,"winter","out","matched","Elliott_Bay_Marina",4,"shallow","EBM_W25_T4","11:25:49",2,0,0,0,0,0,0,0,0,0,0,0,0,0,0,0,0,0,0,0,0,0,0,0,0
"EBM","T4","2025_01_28_11-26-37.jpg",2025-01-28,"winter","out","matched","Elliott_Bay_Marina",4,"shallow","EBM_W25_T4","11:26:37",1,0,0,0,0,1,0,0,0,0,0,0,0,0,0,0,0,0,0,0,0,0,0,0,0
"EBM","T4","2025_01_28_11-26-52.jpg",2025-01-28,"winter","out","matched","Elliott_Bay_Marina",4,"shallow","EBM_W25_T4","11:26:52",4,0,0,0,0,0,0,0,0,0,0,0,0,0,0,0,0,0,0,0,0,0,0,0,0
"EBM","T5","2025_01_28_11-58-42.jpg",2025-01-28,"winter","return","matched","Elliott_Bay_Marina",4,"shallow","EBM_W25_T4","11:58:42",1,0,0,0,0,1,0,0,0,0,0,0,0,0,0,0,0,0,0,0,0,0,0,0,0
"EBM","T5","2025_01_28_11-58-57.jpg",2025-01-28,"winter","return","matched","Elliott_Bay_Marina",4,"shallow","EBM_W25_T4","11:58:57",5,0,0,7,0,0,0,0,0,0,0,0,0,0,0,0,0,0,0,0,0,0,0,0,0
"EBM","T5","2025_01_28_11-59-09.jpg",2025-01-28,"winter","return","matched","Elliott_Bay_Marina",4,"shallow","EBM_W25_T4","11:59:09",1,0,0,0,0,0,0,0,0,0,0,0,0,0,0,0,0,0,0,0,0,0,0,0,0
"EBM","T5","2025_01_28_11-59-30.jpg",2025-01-28,"winter","return","matched","Elliott_Bay_Marina",4,"shallow","EBM_W25_T4","11:59:30",1,0,0,1,0,0,0,0,0,0,0,0,0,0,0,0,0,0,0,0,0,0,0,0,0
"EBM","T5","2025_01_28_11-59-54.jpg",2025-01-28,"winter","return","matched","Elliott_Bay_Marina",4,"shallow","EBM_W25_T4","11:59:54",1,0,0,0,0,0,0,0,0,0,0,0,0,0,0,0,0,0,0,0,0,0,0,0,0
"EBM","T5","2025_01_28_12-00-30.jpg",2025-01-28,"winter","return","matched","Elliott_Bay_Marina",4,"shallow","EBM_W25_T4","12:00:30",1,0,0,0,0,0,0,0,0,0,0,0,0,0,0,0,0,0,0,0,0,0,0,0,0
"EBM","T5","2025_01_28_12-00-42.jpg",2025-01-28,"winter","return","matched","Elliott_Bay_Marina",4,"shallow","EBM_W25_T4","12:00:42",3,0,0,0,1,0,0,1,0,0,0,0,0,0,0,0,0,0,0,0,0,0,0,0,0
"EBM","T5","2025_01_28_12-00-57.jpg",2025-01-28,"winter","return","matched","Elliott_Bay_Marina",4,"shallow","EBM_W25_T4","12:00:57",1,0,0,0,0,0,0,1,0,0,0,0,0,0,0,0,0,0,0,0,0,0,0,0,0
"EBM","T5","2025_01_28_12-01-09.jpg",2025-01-28,"winter","return","matched","Elliott_Bay_Marina",4,"shallow","EBM_W25_T4","12:01:09",1,0,0,0,0,0,0,0,0,0,0,0,0,0,0,0,0,0,0,0,0,0,0,0,0
"EBM","T5","2025_01_28_12-01-21.jpg",2025-01-28,"winter","return","matched","Elliott_Bay_Marina",4,"shallow","EBM_W25_T4","12:01:21",1,0,0,0,0,0,0,0,0,0,0,0,0,0,0,0,0,0,0,0,0,0,0,0,0
"EBM","T5","2025_01_28_12-01-30.jpg",2025-01-28,"winter","return","matched","Elliott_Bay_Marina",4,"shallow","EBM_W25_T4","12:01:30",1,0,0,0,0,0,0,0,0,0,0,0,0,0,0,0,0,0,0,0,0,0,0,0,0
"EBM","T5","2025_01_28_12-01-42.jpg",2025-01-28,"winter","return","matched","Elliott_Bay_Marina",4,"shallow","EBM_W25_T4","12:01:42",0,0,0,1,0,0,0,0,0,0,0,0,0,0,0,0,0,0,0,0,0,0,0,0,0
"EBM","T5","2025_01_28_12-01-51.jpg",2025-01-28,"winter","return","matched","Elliott_Bay_Marina",4,"shallow","EBM_W25_T4","12:01:51",1,0,0,2,0,0,0,0,0,0,0,0,0,0,0,0,0,0,0,0,0,0,0,0,0
"EBM","T5","2025_01_28_12-02-06.jpg",2025-01-28,"winter","return","matched","Elliott_Bay_Marina",4,"shallow","EBM_W25_T4","12:02:06",4,0,0,0,0,0,0,0,1,0,0,0,0,0,0,0,0,0,0,0,0,0,0,0,0
"EBM","T5","2025_01_28_12-02-24.jpg",2025-01-28,"winter","return","matched","Elliott_Bay_Marina",4,"shallow","EBM_W25_T4","12:02:24",3,0,0,0,0,0,0,0,1,0,0,0,0,0,0,0,0,0,0,0,0,0,0,0,0
"EBM","T5","2025_01_28_12-02-42.jpg",2025-01-28,"winter","return","matched","Elliott_Bay_Marina",4,"shallow","EBM_W25_T4","12:02:42",2,0,0,0,0,0,0,0,0,0,0,0,0,0,0,0,0,0,0,0,0,0,1,0,0
"EBM","T5","2025_01_28_12-03-15.jpg",2025-01-28,"winter","return","matched","Elliott_Bay_Marina",4,"shallow","EBM_W25_T4","12:03:15",1,0,0,0,0,0,0,0,0,0,0,0,0,0,0,0,0,0,0,0,0,0,0,0,0
"EBM","T5","2025_01_28_12-03-30.jpg",2025-01-28,"winter","return","matched","Elliott_Bay_Marina",4,"shallow","EBM_W25_T4","12:03:30",3,0,0,0,0,1,0,0,0,0,0,0,0,0,0,0,0,0,0,0,0,0,1,0,0
"EBM","T5","2025_01_28_12-04-10.jpg",2025-01-28,"winter","return","matched","Elliott_Bay_Marina",4,"shallow","EBM_W25_T4","12:04:10",4,0,0,0,1,0,0,0,0,0,0,0,0,0,0,0,0,0,0,0,0,0,1,0,0
"EBM","T5","2025_01_28_12-04-19.jpg",2025-01-28,"winter","return","matched","Elliott_Bay_Marina",4,"shallow","EBM_W25_T4","12:04:19",1,0,0,0,0,0,0,0,0,0,0,0,0,0,0,0,0,0,0,0,0,0,0,0,0
"EBM","T6","2025_01_28_12-04-40.jpg",2025-01-28,"winter","return","matched","Elliott_Bay_Marina",4,"shallow","EBM_W25_T4","12:04:40",0,0,0,0,0,1,0,0,0,0,0,0,0,0,0,0,0,0,0,0,0,0,0,0,0
"EBM","T6","2025_01_28_12-05-07.jpg",2025-01-28,"winter","return","matched","Elliott_Bay_Marina",4,"shallow","EBM_W25_T4","12:05:07",1,0,0,0,0,0,0,0,0,0,0,0,0,0,0,0,0,0,0,0,0,0,0,0,0
"EBM","T6","2025_01_28_11-28-01.jpg",2025-01-28,"winter","out","matched","Elliott_Bay_Marina",5,"shallow","EBM_W25_T5","11:28:01",1,0,0,0,0,0,0,1,0,0,0,0,0,0,0,0,0,0,0,0,0,0,1,0,0
"EBM","T6","2025_01_28_11-28-10.jpg",2025-01-28,"winter","out","matched","Elliott_Bay_Marina",5,"shallow","EBM_W25_T5","11:28:10",3,0,0,0,1,0,0,0,0,0,0,0,0,0,0,0,0,0,0,0,0,0,0,0,0
"EBM","T6","2025_01_28_11-28-19.jpg",2025-01-28,"winter","out","matched","Elliott_Bay_Marina",5,"shallow","EBM_W25_T5","11:28:19",1,0,0,0,0,0,0,0,0,0,0,0,0,0,0,0,0,0,0,0,0,0,0,0,0
"EBM","T6","2025_01_28_11-28-37.jpg",2025-01-28,"winter","out","matched","Elliott_Bay_Marina",5,"shallow","EBM_W25_T5","11:28:37",1,0,0,0,0,0,0,0,0,0,0,0,0,0,0,0,0,0,0,0,0,0,0,0,0
"EBM","T6","2025_01_28_11-28-49.jpg",2025-01-28,"winter","out","matched","Elliott_Bay_Marina",5,"shallow","EBM_W25_T5","11:28:49",1,0,0,0,1,1,0,0,0,0,0,0,0,0,0,0,0,0,0,0,0,0,0,0,0
"EBM","T6","2025_01_28_11-28-58.jpg",2025-01-28,"winter","out","matched","Elliott_Bay_Marina",5,"shallow","EBM_W25_T5","11:28:58",0,0,0,0,0,1,0,0,0,0,0,0,0,0,0,0,0,0,0,0,0,0,0,0,0
"EBM","T6","2025_01_28_11-29-13.jpg",2025-01-28,"winter","out","matched","Elliott_Bay_Marina",5,"shallow","EBM_W25_T5","11:29:13",1,0,0,0,0,0,0,0,0,0,0,0,0,0,0,0,0,0,0,0,0,0,0,0,0
"EBM","T6","2025_01_28_11-29-22.jpg",2025-01-28,"winter","out","matched","Elliott_Bay_Marina",5,"shallow","EBM_W25_T5","11:29:22",1,0,0,0,1,0,0,0,0,0,0,0,0,0,0,0,0,0,0,0,0,0,0,0,0
"EBM","T6","2025_01_28_11-29-31.jpg",2025-01-28,"winter","out","matched","Elliott_Bay_Marina",5,"shallow","EBM_W25_T5","11:29:31",1,0,0,0,0,0,0,0,0,0,0,0,0,0,0,0,0,0,0,0,0,0,0,0,0
"EBM","T6","2025_01_28_11-29-58.jpg",2025-01-28,"winter","out","matched","Elliott_Bay_Marina",5,"shallow","EBM_W25_T5","11:29:58",0,0,0,0,0,0,0,0,0,0,0,0,0,0,0,0,0,0,0,0,0,0,1,0,0
"EBM","T6","2025_01_28_11-30-19.jpg",2025-01-28,"winter","out","matched","Elliott_Bay_Marina",5,"shallow","EBM_W25_T5","11:30:19",0,2,0,0,0,0,0,0,0,0,0,0,0,0,0,0,0,0,0,0,0,0,0,0,0
"EBM","T6","2025_01_28_11-30-31.jpg",2025-01-28,"winter","out","matched","Elliott_Bay_Marina",5,"shallow","EBM_W25_T5","11:30:31",0,0,0,0,1,0,0,0,0,0,0,0,0,0,0,0,0,0,0,0,0,0,0,0,0
"EBM","T6","2025_01_28_11-30-44.jpg",2025-01-28,"winter","out","matched","Elliott_Bay_Marina",5,"shallow","EBM_W25_T5","11:30:44",1,0,0,0,0,1,0,0,0,0,0,0,0,0,0,0,0,0,0,0,0,0,0,0,0
"EBM","T6","2025_01_28_11-31-02.jpg",2025-01-28,"winter","out","matched","Elliott_Bay_Marina",5,"shallow","EBM_W25_T5","11:31:02",0,0,0,0,0,1,0,0,0,0,0,0,0,0,0,0,0,0,0,0,0,0,0,0,0
"EBM","T6","2025_01_28_11-31-47.jpg",2025-01-28,"winter","out","matched","Elliott_Bay_Marina",5,"shallow","EBM_W25_T5","11:31:47",1,0,0,0,0,0,0,0,0,0,0,0,0,0,0,0,0,0,0,0,0,0,0,0,0
"EBM","T6","2025_01_28_11-31-59.jpg",2025-01-28,"winter","out","matched","Elliott_Bay_Marina",5,"shallow","EBM_W25_T5","11:31:59",1,0,0,0,0,1,0,0,0,0,0,0,0,0,0,0,0,0,0,0,0,0,0,0,0
"EBM","T6","2025_01_28_11-32-08.jpg",2025-01-28,"winter","out","matched","Elliott_Bay_Marina",5,"shallow","EBM_W25_T5","11:32:08",1,0,0,1,0,0,0,0,0,0,0,0,0,0,0,0,0,0,0,0,0,0,0,0,0
"EBM","T6","2025_01_28_11-32-20.jpg",2025-01-28,"winter","out","matched","Elliott_Bay_Marina",5,"shallow","EBM_W25_T5","11:32:20",2,0,0,3,0,0,0,0,0,0,0,0,0,0,0,0,0,0,0,0,0,0,0,0,0
"EBM","T6","2025_01_28_11-32-38.jpg",2025-01-28,"winter","out","matched","Elliott_Bay_Marina",5,"shallow","EBM_W25_T5","11:32:38",4,0,0,0,0,0,0,0,0,0,0,0,0,0,0,0,0,0,0,0,0,0,0,0,0
"EBM","T6","2025_01_28_11-32-47.jpg",2025-01-28,"winter","out","matched","Elliott_Bay_Marina",5,"shallow","EBM_W25_T5","11:32:47",1,0,0,0,0,0,0,0,0,0,0,0,0,0,0,0,0,0,0,0,0,0,0,0,0
"EBM","T6","2025_01_28_11-51-00.jpg",2025-01-28,"winter","out","matched","Elliott_Bay_Marina",5,"shallow","EBM_W25_T5","11:51:00",1,0,0,0,0,0,0,0,0,0,0,0,0,0,0,0,0,0,0,0,0,0,0,0,0
"EBM","T6","2025_01_28_11-51-21.jpg",2025-01-28,"winter","return","matched","Elliott_Bay_Marina",5,"shallow","EBM_W25_T5","11:51:21",3,0,0,0,0,0,0,0,0,0,0,0,0,0,0,0,0,0,0,0,0,0,0,0,0
"EBM","T6","2025_01_28_11-52-18.jpg",2025-01-28,"winter","return","matched","Elliott_Bay_Marina",5,"shallow","EBM_W25_T5","11:52:18",1,0,0,0,1,0,0,0,0,0,0,0,0,0,0,0,0,0,0,0,0,0,0,0,0
"EBM","T6","2025_01_28_11-52-36.jpg",2025-01-28,"winter","return","matched","Elliott_Bay_Marina",5,"shallow","EBM_W25_T5","11:52:36",1,0,0,0,0,0,1,0,0,0,0,0,0,0,0,0,0,0,0,0,0,0,0,0,0
"EBM","T6","2025_01_28_11-53-03.jpg",2025-01-28,"winter","return","matched","Elliott_Bay_Marina",5,"shallow","EBM_W25_T5","11:53:03",1,0,0,0,1,0,0,0,0,0,0,0,0,0,0,0,0,0,0,0,0,0,0,0,0
"EBM","T6","2025_01_28_11-53-12.jpg",2025-01-28,"winter","return","matched","Elliott_Bay_Marina",5,"shallow","EBM_W25_T5","11:53:12",0,0,0,0,0,0,0,0,0,0,0,0,0,0,0,0,0,0,0,0,0,0,2,0,0
"EBM","T6","2025_01_28_11-53-24.jpg",2025-01-28,"winter","return","matched","Elliott_Bay_Marina",5,"shallow","EBM_W25_T5","11:53:24",0,0,0,0,0,0,0,1,0,0,0,0,0,0,0,0,0,0,0,0,0,0,0,0,0
"EBM","T5","2025_01_28_11-53-36.jpg",2025-01-28,"winter","return","matched","Elliott_Bay_Marina",5,"shallow","EBM_W25_T5","11:53:36",2,0,0,0,0,0,0,0,0,0,0,0,0,0,0,0,0,0,0,0,0,0,0,0,0
"EBM","T5","2025_01_28_11-53-48.jpg",2025-01-28,"winter","return","matched","Elliott_Bay_Marina",5,"shallow","EBM_W25_T5","11:53:48",1,0,0,0,1,0,0,0,0,0,0,0,0,0,0,0,0,0,0,0,0,0,0,0,0
"EBM","T6","2025_01_28_11-53-57.jpg",2025-01-28,"winter","return","matched","Elliott_Bay_Marina",5,"shallow","EBM_W25_T5","11:53:57",1,1,0,0,0,0,0,0,0,0,0,0,0,0,0,0,0,0,0,0,0,0,0,0,0
"EBM","T6","2025_01_28_11-54-18.jpg",2025-01-28,"winter","return","matched","Elliott_Bay_Marina",5,"shallow","EBM_W25_T5","11:54:18",1,0,0,0,0,0,0,0,0,0,0,0,0,0,0,0,0,0,0,0,0,0,0,0,0
"EBM","T6","2025_01_28_11-54-48.jpg",2025-01-28,"winter","return","matched","Elliott_Bay_Marina",5,"shallow","EBM_W25_T5","11:54:48",1,0,0,0,0,0,0,0,0,0,0,0,0,0,0,0,0,0,0,0,0,0,0,0,0
"EBM","T5","2025_01_28_11-55-15.jpg",2025-01-28,"winter","return","matched","Elliott_Bay_Marina",5,"shallow","EBM_W25_T5","11:55:15",0,0,0,0,1,0,0,0,0,0,0,0,0,0,0,0,0,0,0,0,0,0,0,0,0
"EBM","T5","2025_01_28_11-55-51.jpg",2025-01-28,"winter","return","matched","Elliott_Bay_Marina",5,"shallow","EBM_W25_T5","11:55:51",2,0,0,0,0,0,0,0,0,0,0,0,0,0,0,0,0,0,0,0,0,0,0,0,0
"EBM","T5","2025_01_28_11-56-06.jpg",2025-01-28,"winter","return","matched","Elliott_Bay_Marina",5,"shallow","EBM_W25_T5","11:56:06",2,0,0,0,0,0,0,0,0,0,0,0,0,0,0,0,0,0,0,0,0,0,0,0,0
"EBM","T5","2025_01_28_11-56-36.jpg",2025-01-28,"winter","return","matched","Elliott_Bay_Marina",5,"shallow","EBM_W25_T5","11:56:36",1,0,0,1,0,0,0,0,0,0,0,0,0,0,0,0,0,0,0,0,0,0,0,0,0
"EBM","T5","2025_01_28_11-57-18.jpg",2025-01-28,"winter","return","matched","Elliott_Bay_Marina",5,"shallow","EBM_W25_T5","11:57:18",1,0,0,0,0,0,0,0,0,0,0,0,0,0,0,0,0,0,0,0,0,0,0,0,0
"EBM","T5","2025_01_28_11-34-11.jpg",2025-01-28,"winter","out","matched","Elliott_Bay_Marina",6,"shallow","EBM_W25_T6","11:34:11",1,0,0,0,0,0,0,0,0,0,0,0,0,0,0,0,0,0,0,0,0,0,0,0,0
"EBM","T5","2025_01_28_11-34-26.jpg",2025-01-28,"winter","out","matched","Elliott_Bay_Marina",6,"shallow","EBM_W25_T6","11:34:26",0,0,0,0,0,1,0,0,0,0,0,0,0,0,0,0,0,0,0,0,0,0,0,0,0
"EBM","T5","2025_01_28_11-34-41.jpg",2025-01-28,"winter","out","matched","Elliott_Bay_Marina",6,"shallow","EBM_W25_T6","11:34:41",2,0,0,0,0,1,0,0,0,0,0,0,0,0,0,0,0,0,0,0,0,0,0,0,0
"EBM","T5","2025_01_28_11-35-08.jpg",2025-01-28,"winter","out","matched","Elliott_Bay_Marina",6,"shallow","EBM_W25_T6","11:35:08",2,0,0,0,0,0,0,0,0,0,0,0,0,0,0,0,0,0,0,0,0,0,0,0,0
"EBM","T5","2025_01_28_11-35-26.jpg",2025-01-28,"winter","out","matched","Elliott_Bay_Marina",6,"shallow","EBM_W25_T6","11:35:26",2,0,0,0,0,0,0,0,0,0,0,0,0,0,0,0,0,0,0,0,0,0,0,0,0
"EBM","T4","2025_01_28_11-35-38.jpg",2025-01-28,"winter","out","matched","Elliott_Bay_Marina",6,"shallow","EBM_W25_T6","11:35:38",2,0,0,0,0,0,0,0,0,0,0,0,0,0,0,0,0,0,0,0,0,0,0,0,0
"EBM","T5","2025_01_28_11-36-05.jpg",2025-01-28,"winter","out","matched","Elliott_Bay_Marina",6,"shallow","EBM_W25_T6","11:36:05",1,0,0,0,0,0,0,0,0,0,0,0,0,0,0,0,0,0,0,0,0,0,0,0,0
"EBM","T5","2025_01_28_11-36-56.jpg",2025-01-28,"winter","out","matched","Elliott_Bay_Marina",6,"shallow","EBM_W25_T6","11:36:56",1,0,0,0,0,0,0,0,0,0,0,0,0,0,0,0,0,0,0,0,0,0,0,0,0
"EBM","T5","2025_01_28_11-37-26.jpg",2025-01-28,"winter","out","matched","Elliott_Bay_Marina",6,"shallow","EBM_W25_T6","11:37:26",3,0,0,0,0,0,0,0,0,0,0,0,0,0,0,0,0,0,0,0,0,0,0,0,0
"EBM","T5","2025_01_28_11-37-41.jpg",2025-01-28,"winter","out","matched","Elliott_Bay_Marina",6,"shallow","EBM_W25_T6","11:37:41",0,0,0,0,0,0,0,0,0,0,0,0,0,0,0,1,0,0,0,0,0,0,0,0,0
"EBM","T5","2025_01_28_11-38-17.jpg",2025-01-28,"winter","out","matched","Elliott_Bay_Marina",6,"shallow","EBM_W25_T6","11:38:17",1,0,0,0,0,0,0,0,0,0,0,0,0,0,0,0,0,0,0,0,0,0,0,0,0
"EBM","T4","2025_01_28_11-39-23.jpg",2025-01-28,"winter","out","matched","Elliott_Bay_Marina",6,"shallow","EBM_W25_T6","11:39:23",2,0,0,0,0,0,0,0,0,0,0,0,0,0,0,0,0,0,0,0,0,0,0,0,0
"EBM","T4","2025_01_28_11-39-35.jpg",2025-01-28,"winter","out","matched","Elliott_Bay_Marina",6,"shallow","EBM_W25_T6","11:39:35",0,0,1,0,0,0,0,0,0,0,0,0,0,0,0,0,0,0,0,0,0,0,0,0,0
"EBM","T4","2025_01_28_11-39-59.jpg",2025-01-28,"winter","out","matched","Elliott_Bay_Marina",6,"shallow","EBM_W25_T6","11:39:59",0,0,0,0,1,1,0,0,0,0,0,0,0,0,0,0,0,0,0,0,0,0,0,0,0
"EBM","T4","2025_01_28_11-40-26.jpg",2025-01-28,"winter","out","matched","Elliott_Bay_Marina",6,"shallow","EBM_W25_T6","11:40:26",1,0,0,0,0,0,0,0,0,0,0,0,0,0,0,0,0,0,0,0,0,0,0,0,0
"EBM","T4","2025_01_28_11-41-11.jpg",2025-01-28,"winter","out","matched","Elliott_Bay_Marina",6,"shallow","EBM_W25_T6","11:41:11",3,6,0,0,0,0,0,0,0,0,0,0,0,0,0,0,0,0,0,0,0,0,0,0,0
"EBM","T4","2025_01_28_11-41-32.jpg",2025-01-28,"winter","out","matched","Elliott_Bay_Marina",6,"shallow","EBM_W25_T6","11:41:32",0,3,0,0,0,0,0,0,0,0,0,0,0,0,0,0,0,0,0,0,0,0,0,0,0
"EBM","T4","2025_01_28_11-43-29.jpg",2025-01-28,"winter","return","matched","Elliott_Bay_Marina",6,"shallow","EBM_W25_T6","11:43:29",0,0,0,0,0,0,0,1,0,0,0,0,0,0,0,0,0,0,0,0,0,0,0,0,0
"EBM","T4","2025_01_28_11-43-44.jpg",2025-01-28,"winter","return","matched","Elliott_Bay_Marina",6,"shallow","EBM_W25_T6","11:43:44",2,3,0,0,0,0,0,0,0,0,0,0,0,0,0,0,0,0,0,0,0,0,0,0,0
"EBM","T4","2025_01_28_11-44-35.jpg",2025-01-28,"winter","return","matched","Elliott_Bay_Marina",6,"shallow","EBM_W25_T6","11:44:35",2,0,0,0,0,0,0,0,0,0,0,0,0,0,0,0,0,0,0,0,0,0,0,0,0
"EBM","T4","2025_01_28_11-44-50.jpg",2025-01-28,"winter","return","matched","Elliott_Bay_Marina",6,"shallow","EBM_W25_T6","11:44:50",1,0,0,0,0,0,0,0,0,0,0,0,0,0,0,0,0,0,0,0,0,0,0,0,0
"EBM","T4","2025_01_28_11-45-02.jpg",2025-01-28,"winter","return","matched","Elliott_Bay_Marina",6,"shallow","EBM_W25_T6","11:45:02",1,0,0,0,0,0,0,0,0,0,0,0,0,0,0,0,0,0,0,0,0,0,0,0,0
"EBM","T4","2025_01_28_11-45-11.jpg",2025-01-28,"winter","return","matched","Elliott_Bay_Marina",6,"shallow","EBM_W25_T6","11:45:11",1,0,0,2,0,0,0,0,0,0,0,0,0,0,0,0,0,1,0,0,0,0,0,0,0
"EBM","T4","2025_01_28_11-45-23.jpg",2025-01-28,"winter","return","matched","Elliott_Bay_Marina",6,"shallow","EBM_W25_T6","11:45:23",0,0,0,0,0,0,0,0,0,0,0,0,0,0,0,0,0,0,0,0,0,0,1,0,0
"EBM","T4","2025_01_28_11-45-53.jpg",2025-01-28,"winter","return","matched","Elliott_Bay_Marina",6,"shallow","EBM_W25_T6","11:45:53",0,0,0,0,0,0,0,0,0,0,0,0,0,0,0,0,0,0,0,1,0,0,0,0,0
"EBM","T4","2025_01_28_11-46-08.jpg",2025-01-28,"winter","return","matched","Elliott_Bay_Marina",6,"shallow","EBM_W25_T6","11:46:08",1,0,0,0,0,0,0,0,0,0,0,0,0,0,0,0,0,0,0,0,0,0,0,0,0
"EBM","T4","2025_01_28_11-47-05.jpg",2025-01-28,"winter","return","matched","Elliott_Bay_Marina",6,"shallow","EBM_W25_T6","11:47:05",0,0,0,0,0,0,0,1,0,0,0,0,0,0,0,0,0,0,0,0,0,0,0,0,0
"EBM","T4","2025_01_28_11-47-36.jpg",2025-01-28,"winter","return","matched","Elliott_Bay_Marina",6,"shallow","EBM_W25_T6","11:47:36",1,0,0,0,0,0,2,0,0,0,0,0,0,0,0,0,0,0,0,0,0,0,0,0,0
"EBM","T4","2025_01_28_11-48-06.jpg",2025-01-28,"winter","return","matched","Elliott_Bay_Marina",6,"shallow","EBM_W25_T6","11:48:06",1,0,0,0,0,0,0,0,0,0,0,0,0,0,0,0,0,0,0,0,0,0,0,0,0
"EBM","T4","2025_01_28_11-48-21.jpg",2025-01-28,"winter","return","matched","Elliott_Bay_Marina",6,"shallow","EBM_W25_T6","11:48:21",1,0,0,0,0,0,0,0,0,0,0,0,0,0,0,0,0,0,0,0,0,0,0,0,0
"EBM","T4","2025_01_28_11-48-36.jpg",2025-01-28,"winter","return","matched","Elliott_Bay_Marina",6,"shallow","EBM_W25_T6","11:48:36",0,0,0,0,0,1,0,0,0,0,0,0,0,0,0,0,0,0,0,0,0,0,0,0,0
"EBM","T4","2025_01_28_11-49-09.jpg",2025-01-28,"winter","return","matched","Elliott_Bay_Marina",6,"shallow","EBM_W25_T6","11:49:09",2,0,0,0,0,0,0,0,0,0,0,0,0,0,0,0,0,0,0,0,0,0,0,0,0
