Name,Row,Column,Label,Long Label,Verified,Patch Size,Machine confidence 1,Machine suggestion 1,Machine confidence 2,Machine suggestion 2,Machine confidence 3,Machine suggestion 3,Machine confidence 4,Machine suggestion 4,Machine confidence 5,Machine suggestion 5
2024_10_08_11-38-24.jpg,215,2036,KE_sugar,kelp_sugar,TRUE,224,0.998,KE_sugar,0.002,SU_bould,0,SU_cob,0,KE_sieve,0,RE_leaf
2024_10_08_11-38-24.jpg,1285,2885,Review,Review,TRUE,224,0.611,GR_ulva,0.387,KE_bull,0.002,KE_sugar,0,KE_stipe,0,MS
2024_10_08_11-38-24.jpg,2515,3115,GR_ulva,green_algae_ulva,TRUE,224,0.99,GR_ulva,0.01,KE_bull,0,KE_stipe,0,RE_CCA,0,RE_fil
2024_10_08_11-38-24.jpg,3451,1300,Review,Review,TRUE,224,0.545,RE_fil,0.251,RE_bush,0.08,MS,0.053,SU_cob,0.038,SU_bould
2024_10_08_11-38-24.jpg,2557,1132,GR_ulva,green_algae_ulva,TRUE,224,1,GR_ulva,0,KE_5rib,0,RE_leaf,0,KE_sugar,0,KE_sieve
2024_10_08_11-38-24.jpg,140,3171,Review,Review,TRUE,224,0.603,SU_bould,0.376,SU_cob,0.01,KE_stipe,0.006,SU_sand,0.003,SU_peb
2024_10_08_11-38-24.jpg,3492,1130,Review,Review,TRUE,224,0.51,SU_bould,0.308,SU_peb,0.074,SU_cob,0.043,KE_stipe,0.026,RE_fil
2024_10_08_11-38-24.jpg,3803,3424,SU_bould,boulder,TRUE,224,0.951,SU_bould,0.04,SU_cob,0.009,SU_peb,0,KE_sieve,0,KE_stipe
2024_10_08_11-38-24.jpg,3341,3548,SU_sand,sand_fine_shell,TRUE,224,0.999,SU_sand,0.001,MS,0,SU_cob,0,SU_bould,0,SU_peb
2024_10_08_11-38-24.jpg,3316,4469,Review,Review,TRUE,224,0.526,GR_ulva,0.47,unknown,0.002,KE_5rib,0.001,KE_sugar,0,SI
2024_10_08_11-38-24.jpg,1477,2487,GR_ulva,green_algae_ulva,TRUE,224,1,GR_ulva,0,KE_bull,0,RE_leaf,0,SU_peb,0,KE_stipe
2024_10_08_11-38-24.jpg,812,1015,Review,Review,TRUE,224,0.752,SU_cob,0.194,SU_shell,0.022,SU_bould,0.02,KE_sugar,0.005,SU_peb
2024_10_08_11-38-24.jpg,1808,2561,GR_ulva,green_algae_ulva,TRUE,224,0.951,GR_ulva,0.046,RE_leaf,0.002,KE_bull,0,MS,0,RE_branch
2024_10_08_11-38-24.jpg,1406,825,RE_leaf,red_algae_flat_leaf,TRUE,224,0.982,RE_leaf,0.014,KE_sugar,0.003,KE_stipe,0.002,RE_bush,0,MS
2024_10_08_11-38-24.jpg,2558,422,Review,Review,TRUE,224,0.648,GR_ulva,0.207,KE_stipe,0.06,MS,0.038,BR_fucus,0.034,SU_bould
2024_10_08_11-38-24.jpg,1530,691,Review,Review,TRUE,224,0.537,KE_sieve,0.336,RE_leaf,0.092,KE_5rib,0.015,KE_sugar,0.011,GR_ulva
2024_10_08_11-38-24.jpg,2331,4314,Review,Review,TRUE,224,0.526,GR_ulva,0.322,KE_sugar,0.144,SU_bould,0.004,KE_sieve,0.002,unknown
2024_10_08_11-38-24.jpg,1673,1458,GR_ulva,green_algae_ulva,TRUE,224,1,GR_ulva,0,unknown,0,KE_sugar,0,BR_sarg,0,KE_sieve
2024_10_08_11-38-24.jpg,1230,3023,Review,Review,TRUE,224,0.427,SU_peb,0.375,MS,0.059,KE_sugar,0.057,KE_bull,0.025,RE_fil
2024_10_08_11-38-24.jpg,130,4351,GR_ulva,green_algae_ulva,TRUE,224,0.999,GR_ulva,0,MS,0,KE_stipe,0,KE_sieve,0,unknown
2024_10_08_11-38-24.jpg,3237,2020,SU_peb,pebble,TRUE,224,1,SU_peb,0,KE_stipe,0,SU_sand,0,KE_bull,0,SU_shell
2024_10_08_11-38-24.jpg,3873,575,SU_peb,pebble,TRUE,224,0.919,SU_peb,0.049,SU_shell,0.018,MS,0.01,SU_sand,0.003,SU_silt
2024_10_08_11-38-24.jpg,2661,4408,Review,Review,TRUE,224,0.524,KE_5rib,0.448,KE_stipe,0.027,KE_sugar,0,KE_sieve,0,RE_leaf
2024_10_08_11-38-24.jpg,1928,291,MS,mobile_species,TRUE,224,0.993,MS,0.007,KE_stipe,0,RE_bush,0,SU_peb,0,RE_fil
2024_10_08_11-38-24.jpg,986,829,KE_sugar,kelp_sugar,TRUE,224,0.945,KE_sugar,0.032,RE_leaf,0.022,RE_bush,0,SU_silt,0,RE_fil
2024_10_08_11-38-24.jpg,1846,120,Review,Review,TRUE,224,0.792,RE_leaf,0.128,RE_bush,0.036,RE_fil,0.032,MS,0.007,KE_5rib
2024_10_08_11-38-24.jpg,305,2342,Review,Review,TRUE,224,0.878,KE_sugar,0.102,KE_sieve,0.017,SU_bould,0.002,RE_fil,0.001,BR_sarg
2024_10_08_11-38-24.jpg,3799,1892,Review,Review,TRUE,224,0.663,SU_peb,0.245,SU_sand,0.085,SU_silt,0.006,SU_shell,0.001,MS
2024_10_08_11-38-24.jpg,614,4226,unknown,unknown_area,TRUE,224,0.983,unknown,0.017,GR_ulva,0,KE_5rib,0,SU_silt,0,SU_bould
2024_10_08_11-38-24.jpg,959,969,KE_sugar,kelp_sugar,TRUE,224,0.983,KE_sugar,0.01,RE_bush,0.006,RE_leaf,0,SU_silt,0,RE_fil
2024_10_08_11-38-24.jpg,2913,1991,Review,Review,TRUE,224,0.812,GR_ulva,0.15,KE_5rib,0.02,KE_sugar,0.014,RE_leaf,0.003,KE_sieve
2024_10_08_11-38-24.jpg,2515,2120,KE_sugar,kelp_sugar,TRUE,224,0.983,KE_sugar,0.016,KE_5rib,0.001,GR_ulva,0,KE_sieve,0,RE_leaf
2024_10_08_11-38-24.jpg,1897,1034,GR_ulva,green_algae_ulva,TRUE,224,0.999,GR_ulva,0.001,KE_stipe,0,RE_bush,0,BR_sarg,0,MS
2024_10_08_11-38-24.jpg,2312,2542,Review,Review,TRUE,224,0.831,RE_leaf,0.144,RE_fil,0.01,RE_branch,0.004,KE_stipe,0.003,MS
2024_10_08_11-38-24.jpg,398,2080,RE_leaf,red_algae_flat_leaf,TRUE,224,0.915,RE_leaf,0.046,RE_fil,0.034,KE_sugar,0.004,MS,0.001,KE_stipe
2024_10_08_11-38-24.jpg,2772,3297,Review,Review,TRUE,224,0.651,KE_stipe,0.342,GR_ulva,0.006,KE_bull,0,BR_sarg,0,MS
2024_10_08_11-38-24.jpg,1569,3038,GR_ulva,green_algae_ulva,TRUE,224,1,GR_ulva,0,KE_bull,0,SU_peb,0,KE_sugar,0,KE_5rib
2024_10_08_11-38-24.jpg,2646,1335,GR_ulva,green_algae_ulva,TRUE,224,1,GR_ulva,0,KE_bull,0,KE_sieve,0,RE_leaf,0,BR_sarg
2024_10_08_11-38-24.jpg,2564,1720,GR_ulva,green_algae_ulva,TRUE,224,1,GR_ulva,0,KE_bull,0,KE_sieve,0,BR_sarg,0,KE_stipe
2024_10_08_11-38-24.jpg,1520,1846,RE_leaf,red_algae_flat_leaf,TRUE,224,0.983,RE_leaf,0.017,SU_peb,0,KE_5rib,0,KE_bull,0,RE_fil
2024_10_08_11-38-24.jpg,1967,417,Review,Review,TRUE,224,0.402,MS,0.398,KE_stipe,0.1,RE_bush,0.039,SU_bould,0.037,BR_fucus
2024_10_08_11-38-24.jpg,763,2343,SU_peb,pebble,TRUE,224,0.997,SU_peb,0.003,SU_sand,0,SU_cob,0,KE_stipe,0,SU_shell
2024_10_08_11-38-24.jpg,2198,1861,GR_ulva,green_algae_ulva,TRUE,224,1,GR_ulva,0,KE_sieve,0,KE_bull,0,KE_5rib,0,BR_sarg
2024_10_08_11-38-24.jpg,1739,922,GR_ulva,green_algae_ulva,TRUE,224,0.999,GR_ulva,0,BR_sarg,0,BR_fucus,0,KE_sugar,0,KE_sieve
2024_10_08_11-38-24.jpg,3624,4112,GR_ulva,green_algae_ulva,TRUE,224,0.991,GR_ulva,0.008,KE_sieve,0.001,unknown,0,KE_stipe,0,MS
2024_10_08_11-38-24.jpg,3495,508,Review,Review,TRUE,224,0.578,KE_sieve,0.153,KE_5rib,0.104,RE_leaf,0.066,KE_stipe,0.065,RE_bush
2024_10_08_11-38-24.jpg,1074,255,Review,Review,TRUE,224,0.803,KE_stipe,0.165,MS,0.03,KE_sugar,0.001,SU_bould,0,RE_leaf
2024_10_08_11-38-24.jpg,3850,290,GR_ulva,green_algae_ulva,TRUE,224,0.986,GR_ulva,0.012,SU_peb,0.002,KE_stipe,0,MS,0,SU_shell
2024_10_08_11-38-24.jpg,700,288,KE_stipe,kelp_stipe,TRUE,224,0.998,KE_stipe,0.001,MS,0,SI,0,KE_sugar,0,GR_ulva
2024_10_08_11-38-24.jpg,3110,603,GR_ulva,green_algae_ulva,TRUE,224,1,GR_ulva,0,RE_leaf,0,KE_stipe,0,MS,0,unknown
2024_10_08_11-38-33.jpg,2024,3271,GR_ulva,green_algae_ulva,TRUE,224,0.998,GR_ulva,0.001,RE_leaf,0,KE_sieve,0,KE_bull,0,KE_5rib
2024_10_08_11-38-33.jpg,2334,4224,MS,mobile_species,TRUE,224,0.999,MS,0.001,GR_ulva,0,KE_stipe,0,RE_bush,0,SU_peb
2024_10_08_11-38-33.jpg,1236,2689,KE_5rib,kelp_five_rib,TRUE,224,1,KE_5rib,0,KE_sugar,0,KE_stipe,0,RE_leaf,0,GR_ulva
2024_10_08_11-38-33.jpg,344,469,SU_bould,boulder,TRUE,224,0.942,SU_bould,0.04,BR_sarg,0.01,KE_stipe,0.006,RE_fil,0,SU_peb
2024_10_08_11-38-33.jpg,634,3036,GR_ulva,green_algae_ulva,TRUE,224,1,GR_ulva,0,KE_sieve,0,SU_bould,0,KE_stipe,0,BR_sarg
2024_10_08_11-38-33.jpg,3571,3253,Review,Review,TRUE,224,0.628,SU_bould,0.3,SU_cob,0.046,BR_sarg,0.025,SU_shell,0,SU_peb
2024_10_08_11-38-33.jpg,3211,2455,SU_peb,pebble,TRUE,224,0.998,SU_peb,0.002,SU_shell,0,GR_ulva,0,KE_bull,0,SI
2024_10_08_11-38-33.jpg,338,1100,GR_ulva,green_algae_ulva,TRUE,224,0.995,GR_ulva,0.003,KE_stipe,0.002,MS,0,RE_leaf,0,unknown
2024_10_08_11-38-33.jpg,708,2106,Review,Review,TRUE,224,0.832,RE_leaf,0.15,RE_fil,0.016,RE_branch,0.001,KE_sieve,0.001,MS
2024_10_08_11-38-33.jpg,1067,152,RE_bush,red_algae_bushy,TRUE,224,0.999,RE_bush,0,KE_stipe,0,RE_fil,0,SU_cob,0,BR_fucus
2024_10_08_11-38-33.jpg,671,3954,Review,Review,TRUE,224,0.769,SU_peb,0.196,SU_sand,0.018,SU_cob,0.009,MS,0.006,KE_stipe
2024_10_08_11-38-33.jpg,3157,4212,GR_ulva,green_algae_ulva,TRUE,224,0.998,GR_ulva,0.002,unknown,0,KE_sieve,0,KE_stipe,0,BR_fucus
2024_10_08_11-38-33.jpg,1619,1768,Review,Review,TRUE,224,0.434,RE_branch,0.369,RE_bush,0.151,RE_fil,0.044,BR_sarg,0.001,KE_holdfas
2024_10_08_11-38-33.jpg,892,2324,KE_5rib,kelp_five_rib,TRUE,224,0.943,KE_5rib,0.04,RE_fil,0.01,KE_sieve,0.002,RE_leaf,0.002,RE_bush
2024_10_08_11-38-33.jpg,968,1042,SU_bould,boulder,TRUE,224,0.972,SU_bould,0.021,SU_peb,0.002,SU_cob,0.002,RE_fil,0.001,KE_sugar
2024_10_08_11-38-33.jpg,3018,424,RE_bush,red_algae_bushy,TRUE,224,1,RE_bush,0,MS,0,RE_branch,0,KE_holdfas,0,BR_sarg
2024_10_08_11-38-33.jpg,138,2898,Review,Review,TRUE,224,0.884,SU_bould,0.105,KE_stipe,0.002,RE_bush,0.002,RE_CCA,0.001,BR_fucus
2024_10_08_11-38-33.jpg,2589,2714,Review,Review,TRUE,224,0.251,SU_bould,0.224,MS,0.218,KE_sugar,0.13,RE_fil,0.061,SU_shell
2024_10_08_11-38-33.jpg,3316,1917,SU_peb,pebble,TRUE,224,0.998,SU_peb,0.001,SU_cob,0,SU_sand,0,SI,0,KE_stipe
2024_10_08_11-38-33.jpg,2207,2478,RE_leaf,red_algae_flat_leaf,TRUE,224,0.964,RE_leaf,0.018,RE_branch,0.015,MS,0.001,KE_sieve,0.001,SI
2024_10_08_11-38-33.jpg,1617,3525,GR_ulva,green_algae_ulva,TRUE,224,0.999,GR_ulva,0,KE_bull,0,RE_leaf,0,KE_sieve,0,SI
2024_10_08_11-38-33.jpg,3048,4360,GR_ulva,green_algae_ulva,TRUE,224,0.931,GR_ulva,0.068,unknown,0,KE_5rib,0,SU_silt,0,KE_sieve
2024_10_08_11-38-33.jpg,2595,4186,GR_ulva,green_algae_ulva,TRUE,224,0.999,GR_ulva,0.001,KE_5rib,0,KE_stipe,0,KE_sieve,0,unknown
2024_10_08_11-38-33.jpg,2532,3031,Review,Review,TRUE,224,0.744,GR_ulva,0.184,KE_stipe,0.072,KE_bull,0,RE_leaf,0,KE_sieve
2024_10_08_11-38-33.jpg,570,2603,Review,Review,TRUE,224,0.575,RE_bush,0.425,RE_fil,0,RE_branch,0,KE_holdfas,0,RE_CCA
2024_10_08_11-38-33.jpg,2227,2976,Review,Review,TRUE,224,0.393,SU_cob,0.178,KE_sieve,0.089,KE_holdfas,0.089,KE_sugar,0.083,MS
2024_10_08_11-38-33.jpg,2386,617,GR_ulva,green_algae_ulva,TRUE,224,0.991,GR_ulva,0.003,BR_fucus,0.002,SU_bould,0.002,BR_sarg,0.002,KE_holdfas
2024_10_08_11-38-33.jpg,3644,1372,SU_peb,pebble,TRUE,224,1,SU_peb,0,GR_ulva,0,KE_stipe,0,KE_bull,0,SU_sand
2024_10_08_11-38-33.jpg,3027,3449,SU_peb,pebble,TRUE,224,0.999,SU_peb,0.001,SU_cob,0,SU_bould,0,KE_stipe,0,GR_ulva
2024_10_08_11-38-33.jpg,1816,2379,RE_leaf,red_algae_flat_leaf,TRUE,224,1,RE_leaf,0,MS,0,RE_bush,0,KE_sieve,0,KE_stipe
2024_10_08_11-38-33.jpg,1884,4399,Review,Review,TRUE,224,0.84,unknown,0.156,GR_ulva,0.002,KE_sieve,0.001,MS,0,RE_leaf
2024_10_08_11-38-33.jpg,1429,2652,KE_5rib,kelp_five_rib,TRUE,224,0.997,KE_5rib,0.003,KE_sugar,0,GR_ulva,0,RE_fil,0,KE_sieve
2024_10_08_11-38-33.jpg,1128,3839,SU_bould,boulder,TRUE,224,0.948,SU_bould,0.052,GR_ulva,0,KE_stipe,0,BR_sarg,0,SU_cob
2024_10_08_11-38-33.jpg,2822,4342,GR_ulva,green_algae_ulva,TRUE,224,0.988,GR_ulva,0.007,unknown,0.005,KE_sieve,0,KE_stipe,0,MS
2024_10_08_11-38-33.jpg,1526,1547,RE_fil,red_algae_filamentous,TRUE,224,1,RE_fil,0,RE_branch,0,RE_bush,0,RE_leaf,0,KE_sieve
2024_10_08_11-38-33.jpg,2603,2395,RE_fil,red_algae_filamentous,TRUE,224,0.952,RE_fil,0.022,SU_bould,0.021,RE_bush,0.003,KE_stipe,0.001,SU_shell
2024_10_08_11-38-33.jpg,173,2206,RE_leaf,red_algae_flat_leaf,TRUE,224,0.968,RE_leaf,0.03,MS,0.001,RE_bush,0,KE_stipe,0,GR_ulva
2024_10_08_11-38-33.jpg,3477,151,Review,Review,TRUE,224,0.729,BR_sarg,0.131,SU_bould,0.035,RE_bush,0.034,KE_stipe,0.031,KE_holdfas
2024_10_08_11-38-33.jpg,1571,1212,KE_sugar,kelp_sugar,TRUE,224,0.954,KE_sugar,0.022,KE_sieve,0.013,SU_bould,0.003,RE_bush,0.002,MS
2024_10_08_11-38-33.jpg,2792,2743,Review,Review,TRUE,224,0.76,MS,0.17,SU_cob,0.032,SU_shell,0.014,KE_stipe,0.007,SU_bould
2024_10_08_11-38-33.jpg,2140,1377,RE_bush,red_algae_bushy,TRUE,224,1,RE_bush,0,RE_leaf,0,RE_branch,0,MS,0,SU_bould
2024_10_08_11-38-33.jpg,2991,115,Review,Review,TRUE,224,0.795,RE_bush,0.108,BR_sarg,0.083,RE_branch,0.012,MS,0.001,KE_holdfas
2024_10_08_11-38-33.jpg,2796,3839,GR_ulva,green_algae_ulva,TRUE,224,1,GR_ulva,0,unknown,0,KE_sieve,0,KE_sugar,0,KE_5rib
2024_10_08_11-38-33.jpg,860,3955,Review,Review,TRUE,224,0.577,GR_ulva,0.162,KE_sugar,0.113,SU_bould,0.032,SI,0.024,MS
2024_10_08_11-38-33.jpg,837,2762,RE_leaf,red_algae_flat_leaf,TRUE,224,1,RE_leaf,0,KE_stipe,0,KE_bull,0,SI,0,MS
2024_10_08_11-38-33.jpg,248,1910,GR_ulva,green_algae_ulva,TRUE,224,1,GR_ulva,0,unknown,0,KE_5rib,0,KE_sugar,0,KE_stipe
2024_10_08_11-38-33.jpg,3311,3519,Review,Review,TRUE,224,0.833,KE_5rib,0.069,RE_bush,0.042,RE_leaf,0.018,KE_stipe,0.012,SU_peb
2024_10_08_11-38-33.jpg,1478,1839,Review,Review,TRUE,224,0.768,RE_fil,0.226,RE_branch,0.004,RE_bush,0.002,RE_leaf,0,MS
2024_10_08_11-38-33.jpg,1630,2792,RE_leaf,red_algae_flat_leaf,TRUE,224,1,RE_leaf,0,GR_ulva,0,KE_bull,0,KE_5rib,0,KE_sieve
2024_10_08_11-38-33.jpg,680,4377,GR_ulva,green_algae_ulva,TRUE,224,0.945,GR_ulva,0.025,RE_leaf,0.016,KE_sieve,0.003,KE_stipe,0.003,KE_sugar
2024_10_08_11-38-42.jpg,1588,1588,GR_ulva,green_algae_ulva,TRUE,224,1,GR_ulva,0,KE_stipe,0,SU_bould,0,BR_sarg,0,KE_bull
2024_10_08_11-38-42.jpg,2449,2371,KE_sugar,kelp_sugar,TRUE,224,0.986,KE_sugar,0.011,KE_5rib,0.003,GR_ulva,0,RE_leaf,0,KE_sieve
2024_10_08_11-38-42.jpg,2867,3549,Review,Review,TRUE,224,0.747,GR_ulva,0.222,KE_sugar,0.03,KE_stipe,0.001,RE_leaf,0,RE_bush
2024_10_08_11-38-42.jpg,1091,1791,Review,Review,TRUE,224,0.816,KE_stipe,0.08,GR_ulva,0.035,BR_sarg,0.017,RE_CCA,0.017,RE_leaf
2024_10_08_11-38-42.jpg,2768,3669,Review,Review,TRUE,224,0.861,KE_holdfas,0.123,BR_sarg,0.01,RE_bush,0.004,KE_sugar,0.002,RE_fil
2024_10_08_11-38-42.jpg,777,311,Review,Review,TRUE,224,0.712,KE_sugar,0.186,KE_5rib,0.029,RE_fil,0.029,MS,0.025,RE_leaf
2024_10_08_11-38-42.jpg,834,1573,Review,Review,TRUE,224,0.747,KE_sugar,0.215,KE_sieve,0.038,SU_bould,0,GR_ulva,0,KE_5rib
2024_10_08_11-38-42.jpg,2817,4305,Review,Review,TRUE,224,0.578,KE_sugar,0.228,GR_ulva,0.177,KE_5rib,0.007,KE_stipe,0.005,SI
2024_10_08_11-38-42.jpg,246,1098,Review,Review,TRUE,224,0.829,KE_5rib,0.171,KE_sugar,0,RE_leaf,0,MS,0,GR_ulva
2024_10_08_11-38-42.jpg,1021,4023,SU_peb,pebble,TRUE,224,0.95,SU_peb,0.02,SU_cob,0.016,KE_stipe,0.004,SU_bould,0.002,RE_fil
2024_10_08_11-38-42.jpg,389,4329,Review,Review,TRUE,224,0.62,KE_5rib,0.237,SU_bould,0.108,RE_fil,0.024,KE_sugar,0.005,KE_stipe
2024_10_08_11-38-42.jpg,1961,3989,RE_leaf,red_algae_flat_leaf,TRUE,224,0.999,RE_leaf,0.001,RE_fil,0,KE_sugar,0,MS,0,KE_5rib
2024_10_08_11-38-42.jpg,257,2580,KE_sugar,kelp_sugar,TRUE,224,0.957,KE_sugar,0.042,SU_silt,0.001,SU_cob,0,RE_leaf,0,SU_bould
2024_10_08_11-38-42.jpg,687,973,GR_ulva,green_algae_ulva,TRUE,224,1,GR_ulva,0,SU_peb,0,KE_5rib,0,BR_sarg,0,KE_bull
2024_10_08_11-38-42.jpg,1463,517,Review,Review,TRUE,224,0.896,SU_peb,0.1,BR_sarg,0.003,KE_5rib,0,GR_ulva,0,KE_sieve
2024_10_08_11-38-42.jpg,2390,4118,RE_fil,red_algae_filamentous,TRUE,224,0.988,RE_fil,0.011,KE_5rib,0.001,RE_leaf,0,KE_sieve,0,GR_ulva
2024_10_08_11-38-42.jpg,3474,1985,Review,Review,TRUE,224,0.444,KE_stipe,0.275,MS,0.264,RE_bush,0.006,RE_fil,0.005,BR_sarg
2024_10_08_11-38-42.jpg,3270,3553,GR_ulva,green_algae_ulva,TRUE,224,0.999,GR_ulva,0.001,KE_stipe,0,BR_fucus,0,KE_bull,0,SU_bould
2024_10_08_11-38-42.jpg,2162,431,RE_fil,red_algae_filamentous,TRUE,224,0.954,RE_fil,0.017,KE_5rib,0.01,RE_leaf,0.009,SU_bould,0.005,KE_sugar
2024_10_08_11-38-42.jpg,3808,199,Review,Review,TRUE,224,0.492,RE_fil,0.264,RE_bush,0.209,MS,0.028,KE_stipe,0.005,BR_sarg
2024_10_08_11-38-42.jpg,1933,3864,KE_5rib,kelp_five_rib,TRUE,224,0.94,KE_5rib,0.041,RE_leaf,0.015,KE_sugar,0.004,GR_ulva,0,RE_fil
2024_10_08_11-38-42.jpg,2028,952,GR_ulva,green_algae_ulva,TRUE,224,1,GR_ulva,0,KE_5rib,0,RE_leaf,0,unknown,0,KE_sugar
2024_10_08_11-38-42.jpg,1500,2466,GR_ulva,green_algae_ulva,TRUE,224,1,GR_ulva,0,KE_bull,0,KE_stipe,0,SI,0,SU_bould
2024_10_08_11-38-42.jpg,2393,3890,Review,Review,TRUE,224,0.37,SU_cob,0.217,SU_peb,0.124,RE_bush,0.112,SU_bould,0.061,MS
2024_10_08_11-38-42.jpg,3714,4175,Review,Review,TRUE,224,0.371,KE_5rib,0.269,MS,0.146,RE_fil,0.115,RE_leaf,0.039,KE_stipe
2024_10_08_11-38-42.jpg,3769,736,Review,Review,TRUE,224,0.815,RE_bush,0.147,MS,0.023,RE_fil,0.012,KE_stipe,0.002,RE_leaf
2024_10_08_11-38-42.jpg,553,341,KE_sugar,kelp_sugar,TRUE,224,0.937,KE_sugar,0.048,RE_leaf,0.008,KE_5rib,0.002,KE_stipe,0.001,BR_sarg
2024_10_08_11-38-42.jpg,2155,4102,Review,Review,TRUE,224,0.851,RE_fil,0.149,KE_5rib,0,KE_sieve,0,GR_ulva,0,KE_stipe
2024_10_08_11-38-42.jpg,2450,1459,Review,Review,TRUE,224,0.799,RE_CCA,0.065,MS,0.05,GR_ulva,0.04,RE_fil,0.014,RE_branch
2024_10_08_11-38-42.jpg,1211,404,SU_peb,pebble,TRUE,224,1,SU_peb,0,MS,0,BR_sarg,0,KE_stipe,0,BR_fucus
2024_10_08_11-38-42.jpg,2482,2487,KE_sugar,kelp_sugar,TRUE,224,0.972,KE_sugar,0.028,KE_5rib,0,GR_ulva,0,RE_leaf,0,KE_sieve
2024_10_08_11-38-42.jpg,2041,1086,GR_ulva,green_algae_ulva,TRUE,224,1,GR_ulva,0,KE_sugar,0,RE_leaf,0,KE_5rib,0,unknown
2024_10_08_11-38-42.jpg,1885,3087,MS,mobile_species,TRUE,224,1,MS,0,RE_bush,0,KE_stipe,0,RE_leaf,0,GR_ulva
2024_10_08_11-38-42.jpg,3900,903,RE_leaf,red_algae_flat_leaf,TRUE,224,0.992,RE_leaf,0.005,GR_ulva,0.002,MS,0.001,RE_fil,0,KE_stipe
2024_10_08_11-38-42.jpg,3356,2676,SU_peb,pebble,TRUE,224,0.975,SU_peb,0.025,SU_cob,0,SU_bould,0,MS,0,KE_stipe
2024_10_08_11-38-42.jpg,820,4153,Review,Review,TRUE,224,0.513,SU_cob,0.458,SU_peb,0.026,SU_bould,0.002,GR_ulva,0.001,KE_stipe
2024_10_08_11-38-42.jpg,557,2376,KE_sugar,kelp_sugar,TRUE,224,0.999,KE_sugar,0,KE_sieve,0,BR_sarg,0,SU_bould,0,KE_5rib
2024_10_08_11-38-42.jpg,1098,1403,SU_peb,pebble,TRUE,224,0.998,SU_peb,0.001,SU_bould,0.001,BR_sarg,0,SU_cob,0,KE_5rib
2024_10_08_11-38-42.jpg,1003,3840,SU_peb,pebble,TRUE,224,1,SU_peb,0,MS,0,BR_fucus,0,KE_stipe,0,SI_kelpBry
2024_10_08_11-38-42.jpg,3481,3951,Review,Review,TRUE,224,0.746,GR_ulva,0.253,KE_stipe,0,MS,0,SU_bould,0,RE_leaf
2024_10_08_11-38-42.jpg,112,3957,Review,Review,TRUE,224,0.665,GR_ulva,0.163,SU_peb,0.09,SU_bould,0.078,KE_stipe,0.001,SU_cob
2024_10_08_11-38-42.jpg,612,4027,SU_peb,pebble,TRUE,224,1,SU_peb,0,SU_bould,0,SU_cob,0,GR_ulva,0,BR_sarg
2024_10_08_11-38-42.jpg,770,3265,Review,Review,TRUE,224,0.712,SU_silt,0.18,SU_sand,0.105,SU_peb,0.003,SU_shell,0,RE_CCA
2024_10_08_11-38-42.jpg,3295,784,Review,Review,TRUE,224,0.536,GR_ulva,0.131,KE_sieve,0.13,KE_bull,0.05,BR_fucus,0.049,SU_peb
2024_10_08_11-38-42.jpg,3688,3351,GR_ulva,green_algae_ulva,TRUE,224,0.998,GR_ulva,0.002,KE_stipe,0,SU_bould,0,SU_peb,0,KE_sieve
2024_10_08_11-38-42.jpg,1868,2646,Review,Review,TRUE,224,0.547,KE_stipe,0.155,MS,0.099,KE_sugar,0.086,GR_ulva,0.061,SU_peb
2024_10_08_11-38-42.jpg,3327,627,Review,Review,TRUE,224,0.75,MS,0.191,KE_sugar,0.032,RE_leaf,0.011,KE_stipe,0.005,KE_bull
2024_10_08_11-38-42.jpg,3415,3557,Review,Review,TRUE,224,0.748,RE_fil,0.247,KE_stipe,0.005,RE_bush,0.001,RE_CCA,0,MS
2024_10_08_11-38-42.jpg,3882,2485,Review,Review,TRUE,224,0.572,RE_bush,0.409,SU_peb,0.013,SU_cob,0.002,SU_sand,0.001,MS
2024_10_08_11-38-42.jpg,1731,2944,Review,Review,TRUE,224,0.814,MS,0.135,KE_stipe,0.042,RE_bush,0.008,RE_fil,0,SU_peb
2024_10_08_11-38-51.jpg,381,3451,Review,Review,TRUE,224,0.548,RE_leaf,0.43,MS,0.018,RE_fil,0.003,KE_stipe,0.001,SU_bould
2024_10_08_11-38-51.jpg,1303,2194,GR_ulva,green_algae_ulva,TRUE,224,1,GR_ulva,0,KE_sieve,0,BR_sarg,0,RE_leaf,0,KE_bull
2024_10_08_11-38-51.jpg,1502,1006,RE_leaf,red_algae_flat_leaf,TRUE,224,0.995,RE_leaf,0.004,MS,0,RE_fil,0,RE_branch,0,KE_sieve
2024_10_08_11-38-51.jpg,514,3090,RE_leaf,red_algae_flat_leaf,TRUE,224,0.996,RE_leaf,0.004,KE_sugar,0,SU_silt,0,KE_sieve,0,KE_5rib
2024_10_08_11-38-51.jpg,1631,1534,RE_leaf,red_algae_flat_leaf,TRUE,224,1,RE_leaf,0,MS,0,RE_fil,0,SI_kelpBry,0,KE_sieve
2024_10_08_11-38-51.jpg,2282,4059,Review,Review,TRUE,224,0.688,RE_bush,0.178,KE_5rib,0.083,SU_peb,0.028,KE_sugar,0.009,BR_fucus
2024_10_08_11-38-51.jpg,1563,3519,RE_leaf,red_algae_flat_leaf,TRUE,224,1,RE_leaf,0,KE_5rib,0,RE_fil,0,KE_sugar,0,MS
2024_10_08_11-38-51.jpg,2605,2984,SU_bould,boulder,TRUE,224,0.981,SU_bould,0.019,RE_fil,0,RE_bush,0,SU_peb,0,MS
2024_10_08_11-38-51.jpg,873,4194,Review,Review,TRUE,224,0.515,KE_holdfas,0.209,KE_sugar,0.176,RE_bush,0.059,KE_stipe,0.014,RE_leaf
2024_10_08_11-38-51.jpg,965,2910,Review,Review,TRUE,224,0.623,SU_cob,0.256,SU_bould,0.059,SU_peb,0.036,RE_leaf,0.007,RE_bush
2024_10_08_11-38-51.jpg,343,961,RE_branch,red_algae_branching,TRUE,224,0.995,RE_branch,0.005,RE_leaf,0,RE_bush,0,MS,0,RE_CCA
2024_10_08_11-38-51.jpg,2229,230,RE_leaf,red_algae_flat_leaf,TRUE,224,1,RE_leaf,0,MS,0,KE_sieve,0,KE_5rib,0,GR_ulva
2024_10_08_11-38-51.jpg,1725,2255,GR_ulva,green_algae_ulva,TRUE,224,1,GR_ulva,0,KE_bull,0,RE_leaf,0,KE_5rib,0,BR_sarg
2024_10_08_11-38-51.jpg,714,3702,Review,Review,TRUE,224,0.525,SU_bould,0.441,SU_cob,0.023,RE_fil,0.01,KE_sugar,0,BR_sarg
2024_10_08_11-38-51.jpg,3194,328,GR_ulva,green_algae_ulva,TRUE,224,1,GR_ulva,0,KE_5rib,0,RE_leaf,0,BR_sarg,0,KE_bull
2024_10_08_11-38-51.jpg,3391,3282,RE_bush,red_algae_bushy,TRUE,224,0.917,RE_bush,0.059,RE_fil,0.011,SU_peb,0.006,MS,0.003,KE_holdfas
2024_10_08_11-38-51.jpg,3581,1314,GR_ulva,green_algae_ulva,TRUE,224,1,GR_ulva,0,KE_bull,0,KE_sieve,0,RE_leaf,0,KE_stipe
2024_10_08_11-38-51.jpg,960,1495,RE_branch,red_algae_branching,TRUE,224,0.956,RE_branch,0.042,RE_fil,0.001,RE_leaf,0,SU_peb,0,MS
2024_10_08_11-38-51.jpg,3528,1787,GR_ulva,green_algae_ulva,TRUE,224,1,GR_ulva,0,KE_stipe,0,KE_bull,0,SU_bould,0,BR_sarg
2024_10_08_11-38-51.jpg,2406,2365,KE_sugar,kelp_sugar,TRUE,224,0.992,KE_sugar,0.004,RE_fil,0.003,RE_leaf,0.001,GR_ulva,0,SU_bould
2024_10_08_11-38-51.jpg,769,3090,GR_ulva,green_algae_ulva,TRUE,224,0.996,GR_ulva,0.003,BR_sarg,0.001,KE_bull,0,RE_fil,0,KE_sieve
2024_10_08_11-38-51.jpg,530,2688,RE_fil,red_algae_filamentous,TRUE,224,0.909,RE_fil,0.091,RE_leaf,0,RE_CCA,0,MS,0,SU_bould
2024_10_08_11-38-51.jpg,1706,4422,Review,Review,TRUE,224,0.897,RE_leaf,0.064,unknown,0.038,KE_sugar,0,RE_fil,0,KE_5rib
2024_10_08_11-38-51.jpg,502,4320,Review,Review,TRUE,224,0.822,RE_bush,0.045,RE_branch,0.043,BR_fucus,0.039,BR_sarg,0.021,SU_peb
2024_10_08_11-38-51.jpg,118,3689,RE_fil,red_algae_filamentous,TRUE,224,0.954,RE_fil,0.026,RE_branch,0.013,RE_leaf,0.006,RE_bush,0,MS
2024_10_08_11-38-51.jpg,1055,1368,Review,Review,TRUE,224,0.418,BR_fucus,0.271,RE_leaf,0.228,RE_branch,0.022,BR_sarg,0.022,KE_stipe
2024_10_08_11-38-51.jpg,1350,664,RE_leaf,red_algae_flat_leaf,TRUE,224,1,RE_leaf,0,RE_fil,0,KE_5rib,0,unknown,0,MS
2024_10_08_11-38-51.jpg,3497,862,Review,Review,TRUE,224,0.597,KE_sugar,0.247,RE_fil,0.074,KE_sieve,0.06,KE_5rib,0.013,unknown
2024_10_08_11-38-51.jpg,2353,3100,Review,Review,TRUE,224,0.528,SU_bould,0.204,SU_sand,0.158,KE_sugar,0.049,SU_peb,0.017,MS
2024_10_08_11-38-51.jpg,2727,209,RE_leaf,red_algae_flat_leaf,TRUE,224,1,RE_leaf,0,RE_branch,0,MS,0,GR_ulva,0,unknown
2024_10_08_11-38-51.jpg,150,1711,RE_leaf,red_algae_flat_leaf,TRUE,224,1,RE_leaf,0,RE_branch,0,KE_sieve,0,MS,0,RE_fil
2024_10_08_11-38-51.jpg,1517,1615,RE_leaf,red_algae_flat_leaf,TRUE,224,0.997,RE_leaf,0.001,RE_fil,0.001,MS,0,KE_sugar,0,RE_bush
2024_10_08_11-38-51.jpg,1452,333,RE_leaf,red_algae_flat_leaf,TRUE,224,0.997,RE_leaf,0.001,RE_fil,0.001,KE_5rib,0.001,KE_sugar,0,GR_ulva
2024_10_08_11-38-51.jpg,1693,4022,RE_leaf,red_algae_flat_leaf,TRUE,224,1,RE_leaf,0,MS,0,KE_5rib,0,GR_ulva,0,KE_sugar
2024_10_08_11-38-51.jpg,486,1510,Review,Review,TRUE,224,0.727,RE_fil,0.268,RE_leaf,0.002,RE_branch,0.002,MS,0,GR_ulva
2024_10_08_11-38-51.jpg,2151,1139,RE_leaf,red_algae_flat_leaf,TRUE,224,1,RE_leaf,0,KE_sieve,0,RE_branch,0,KE_sugar,0,GR_ulva
2024_10_08_11-38-51.jpg,3634,333,KE_stipe,kelp_stipe,TRUE,224,0.962,KE_stipe,0.028,RE_bush,0.005,KE_5rib,0.002,SU_bould,0.001,KE_holdfas
2024_10_08_11-38-51.jpg,2445,4081,KE_sugar,kelp_sugar,TRUE,224,0.994,KE_sugar,0.004,SU_cob,0.001,SU_bould,0,RE_bush,0,KE_5rib
2024_10_08_11-38-51.jpg,1340,2317,GR_ulva,green_algae_ulva,TRUE,224,1,GR_ulva,0,RE_leaf,0,BR_sarg,0,KE_bull,0,KE_5rib
2024_10_08_11-38-51.jpg,605,3588,Review,Review,TRUE,224,0.441,RE_fil,0.418,KE_stipe,0.084,MS,0.039,RE_leaf,0.017,GR_ulva
2024_10_08_11-38-51.jpg,1785,1386,RE_leaf,red_algae_flat_leaf,TRUE,224,1,RE_leaf,0,RE_fil,0,MS,0,RE_bush,0,KE_sugar
2024_10_08_11-38-51.jpg,1138,2419,GR_ulva,green_algae_ulva,TRUE,224,1,GR_ulva,0,BR_sarg,0,RE_leaf,0,KE_bull,0,MS
2024_10_08_11-38-51.jpg,3485,1457,Review,Review,TRUE,224,0.582,GR_ulva,0.35,KE_sugar,0.046,KE_sieve,0.012,KE_stipe,0.007,KE_5rib
2024_10_08_11-38-51.jpg,2696,2155,Review,Review,TRUE,224,0.878,KE_sugar,0.1,SU_silt,0.006,SU_bould,0.005,RE_leaf,0.002,unknown
2024_10_08_11-38-51.jpg,2986,1205,MS,mobile_species,TRUE,224,0.934,MS,0.064,KE_sugar,0.001,RE_leaf,0.001,SU_silt,0.001,SU_cob
2024_10_08_11-38-51.jpg,1873,3284,SU_peb,pebble,TRUE,224,0.996,SU_peb,0.004,RE_leaf,0,MS,0,SU_sand,0,KE_stipe
2024_10_08_11-38-51.jpg,601,894,RE_branch,red_algae_branching,TRUE,224,0.942,RE_branch,0.051,MS,0.004,KE_stipe,0.002,BR_sarg,0.001,RE_bush
2024_10_08_11-38-51.jpg,3616,3343,SU_peb,pebble,TRUE,224,0.998,SU_peb,0.001,BR_fucus,0.001,RE_bush,0,SU_cob,0,MS
2024_10_08_11-38-51.jpg,2434,4294,Review,Review,TRUE,224,0.387,KE_sieve,0.297,KE_sugar,0.113,KE_5rib,0.098,GR_ulva,0.056,RE_leaf
2024_10_08_11-38-51.jpg,2216,1630,RE_leaf,red_algae_flat_leaf,TRUE,224,1,RE_leaf,0,KE_bull,0,MS,0,GR_ulva,0,KE_5rib
2024_10_08_11-39-00.jpg,2819,517,GR_ulva,green_algae_ulva,TRUE,224,1,GR_ulva,0,KE_bull,0,KE_sieve,0,unknown,0,KE_stipe
2024_10_08_11-39-00.jpg,3468,4487,Review,Review,TRUE,224,0.612,unknown,0.387,GR_ulva,0,KE_5rib,0,KE_sugar,0,MS
2024_10_08_11-39-00.jpg,861,823,Review,Review,TRUE,224,0.365,SU_peb,0.243,SU_bould,0.227,GR_ulva,0.134,KE_stipe,0.017,KE_sugar
2024_10_08_11-39-00.jpg,3192,635,RE_branch,red_algae_branching,TRUE,224,1,RE_branch,0,BR_sarg,0,RE_fil,0,RE_bush,0,RE_leaf
2024_10_08_11-39-00.jpg,2649,3133,KE_sugar,kelp_sugar,TRUE,224,0.95,KE_sugar,0.026,GR_ulva,0.019,RE_leaf,0.005,MS,0,KE_5rib
2024_10_08_11-39-00.jpg,890,3289,SU_cob,cobble,TRUE,224,0.996,SU_cob,0.002,SU_shell,0.001,SU_bould,0,SU_sand,0,SU_peb
2024_10_08_11-39-00.jpg,3574,1599,Review,Review,TRUE,224,0.835,RE_branch,0.094,SU_silt,0.02,MS,0.018,RE_fil,0.015,RE_leaf
2024_10_08_11-39-00.jpg,2290,3927,GR_ulva,green_algae_ulva,TRUE,224,1,GR_ulva,0,unknown,0,KE_sieve,0,SU_bould,0,KE_sugar
2024_10_08_11-39-00.jpg,1919,2337,RE_fil,red_algae_filamentous,TRUE,224,0.997,RE_fil,0.003,KE_stipe,0,BR_sarg,0,RE_leaf,0,MS
2024_10_08_11-39-00.jpg,993,4440,Review,Review,TRUE,224,0.845,KE_sieve,0.145,KE_5rib,0.01,MS,0,RE_fil,0,KE_sugar
2024_10_08_11-39-00.jpg,3553,530,RE_branch,red_algae_branching,TRUE,224,0.999,RE_branch,0,BR_sarg,0,RE_fil,0,RE_leaf,0,RE_CCA
2024_10_08_11-39-00.jpg,233,4314,unknown,unknown_area,TRUE,224,0.959,unknown,0.013,MS,0.013,GR_ulva,0.009,RE_leaf,0.002,KE_sieve
2024_10_08_11-39-00.jpg,2634,2658,Review,Review,TRUE,224,0.432,GR_ulva,0.429,RE_fil,0.06,RE_leaf,0.038,MS,0.023,KE_sieve
2024_10_08_11-39-00.jpg,1332,2357,GR_ulva,green_algae_ulva,TRUE,224,1,GR_ulva,0,KE_bull,0,KE_stipe,0,RE_leaf,0,BR_sarg
2024_10_08_11-39-00.jpg,1090,1873,GR_ulva,green_algae_ulva,TRUE,224,0.93,GR_ulva,0.016,BR_sarg,0.012,RE_bush,0.012,KE_stipe,0.011,MS
2024_10_08_11-39-00.jpg,2366,1640,SU_peb,pebble,TRUE,224,0.997,SU_peb,0.003,KE_stipe,0,SU_bould,0,BR_sarg,0,KE_bull
2024_10_08_11-39-00.jpg,2845,3561,Review,Review,TRUE,224,0.655,KE_sugar,0.16,MS,0.108,KE_stipe,0.03,KE_holdfas,0.018,KE_5rib
2024_10_08_11-39-00.jpg,1269,309,GR_ulva,green_algae_ulva,TRUE,224,0.999,GR_ulva,0.001,unknown,0,KE_5rib,0,KE_stipe,0,SU_bould
2024_10_08_11-39-00.jpg,1439,1917,GR_ulva,green_algae_ulva,TRUE,224,1,GR_ulva,0,KE_bull,0,KE_stipe,0,SU_bould,0,BR_sarg
2024_10_08_11-39-00.jpg,594,224,GR_ulva,green_algae_ulva,TRUE,224,0.936,GR_ulva,0.064,SU_peb,0,SU_cob,0,KE_stipe,0,MS
2024_10_08_11-39-00.jpg,353,3863,Review,Review,TRUE,224,0.887,GR_ulva,0.112,unknown,0.001,KE_sugar,0,KE_5rib,0,KE_sieve
2024_10_08_11-39-00.jpg,3794,4116,RE_leaf,red_algae_flat_leaf,TRUE,224,0.991,RE_leaf,0.007,MS,0,KE_5rib,0,RE_fil,0,KE_sugar
2024_10_08_11-39-00.jpg,894,4049,Review,Review,TRUE,224,0.7,KE_holdfas,0.128,SU_cob,0.043,KE_sugar,0.039,RE_CCA,0.021,KE_sieve
2024_10_08_11-39-00.jpg,709,2475,Review,Review,TRUE,224,0.782,RE_leaf,0.139,KE_5rib,0.048,KE_sugar,0.029,GR_ulva,0.001,KE_bull
2024_10_08_11-39-00.jpg,378,2375,Review,Review,TRUE,224,0.696,GR_ulva,0.302,KE_5rib,0.001,RE_leaf,0,KE_sieve,0,KE_bull
2024_10_08_11-39-00.jpg,566,1524,Review,Review,TRUE,224,0.758,BR_sarg,0.093,MS,0.072,KE_bull,0.027,KE_holdfas,0.021,SU_bould
2024_10_08_11-39-00.jpg,1449,298,GR_ulva,green_algae_ulva,TRUE,224,1,GR_ulva,0,RE_leaf,0,SI,0,MS,0,SU_cob
2024_10_08_11-39-00.jpg,1535,4039,GR_ulva,green_algae_ulva,TRUE,224,0.996,GR_ulva,0.002,unknown,0.001,MS,0.001,KE_5rib,0,KE_sugar
2024_10_08_11-39-00.jpg,301,190,GR_ulva,green_algae_ulva,TRUE,224,1,GR_ulva,0,KE_stipe,0,SU_cob,0,KE_5rib,0,MS
2024_10_08_11-39-00.jpg,2967,2538,RE_fil,red_algae_filamentous,TRUE,224,1,RE_fil,0,RE_leaf,0,RE_bush,0,BR_sarg,0,SU_bould
2024_10_08_11-39-00.jpg,1008,3561,Review,Review,TRUE,224,0.67,RE_fil,0.095,RE_leaf,0.051,BR_sarg,0.05,KE_sugar,0.049,RE_branch
2024_10_08_11-39-00.jpg,3191,4302,Review,Review,TRUE,224,0.885,KE_5rib,0.076,GR_ulva,0.018,unknown,0.018,MS,0.002,RE_leaf
2024_10_08_11-39-00.jpg,1256,4432,Review,Review,TRUE,224,0.522,KE_sugar,0.245,GR_ulva,0.11,unknown,0.071,KE_5rib,0.039,RE_fil
2024_10_08_11-39-00.jpg,2049,1017,Review,Review,TRUE,224,0.671,GR_ulva,0.227,BR_sarg,0.097,SU_bould,0.002,KE_stipe,0.002,KE_sugar
2024_10_08_11-39-00.jpg,1797,1371,SU_peb,pebble,TRUE,224,0.995,SU_peb,0.004,SU_cob,0.001,SU_sand,0.001,SU_bould,0,KE_stipe
2024_10_08_11-39-00.jpg,3669,1054,RE_fil,red_algae_filamentous,TRUE,224,1,RE_fil,0,RE_leaf,0,KE_5rib,0,KE_sugar,0,GR_ulva
2024_10_08_11-39-00.jpg,244,2557,GR_ulva,green_algae_ulva,TRUE,224,0.993,GR_ulva,0.004,KE_sieve,0.002,KE_bull,0,SU_bould,0,RE_leaf
2024_10_08_11-39-00.jpg,3013,3553,BR_sarg,brown_algae_sargassum,TRUE,224,0.983,BR_sarg,0.016,RE_branch,0,BR_fucus,0,KE_5rib,0,KE_stipe
2024_10_08_11-39-00.jpg,2745,1236,Review,Review,TRUE,224,0.864,SU_bould,0.049,KE_sugar,0.022,RE_fil,0.022,SU_cob,0.011,MS
2024_10_08_11-39-00.jpg,2180,3379,Review,Review,TRUE,224,0.317,GR_ulva,0.315,KE_sieve,0.108,KE_sugar,0.103,KE_5rib,0.068,RE_leaf
2024_10_08_11-39-00.jpg,3076,172,RE_leaf,red_algae_flat_leaf,TRUE,224,0.908,RE_leaf,0.092,RE_branch,0,RE_bush,0,RE_fil,0,RE_CCA
2024_10_08_11-39-00.jpg,1142,2824,RE_leaf,red_algae_flat_leaf,TRUE,224,1,RE_leaf,0,RE_branch,0,MS,0,KE_bull,0,GR_ulva
2024_10_08_11-39-00.jpg,1468,3114,RE_leaf,red_algae_flat_leaf,TRUE,224,0.907,RE_leaf,0.057,RE_branch,0.026,GR_ulva,0.008,KE_bull,0.002,MS
2024_10_08_11-39-00.jpg,1487,2807,RE_leaf,red_algae_flat_leaf,TRUE,224,0.996,RE_leaf,0.003,RE_fil,0,RE_branch,0,RE_CCA,0,KE_sieve
2024_10_08_11-39-00.jpg,1787,3098,Review,Review,TRUE,224,0.375,KE_holdfas,0.289,RE_branch,0.283,RE_bush,0.049,RE_fil,0.004,BR_sarg
2024_10_08_11-39-00.jpg,2389,1878,Review,Review,TRUE,224,0.826,KE_sugar,0.088,KE_5rib,0.022,RE_leaf,0.016,RE_fil,0.015,KE_holdfas
2024_10_08_11-39-00.jpg,3591,841,RE_fil,red_algae_filamentous,TRUE,224,0.937,RE_fil,0.033,RE_leaf,0.029,RE_branch,0,RE_CCA,0,BR_sarg
2024_10_08_11-39-00.jpg,3383,4149,Review,Review,TRUE,224,0.486,KE_5rib,0.311,RE_leaf,0.103,RE_fil,0.089,GR_ulva,0.006,KE_sugar
2024_10_08_11-39-00.jpg,720,1530,SU_bould,boulder,TRUE,224,0.982,SU_bould,0.01,SU_cob,0.004,RE_fil,0.001,SU_peb,0.001,KE_stipe
2024_10_08_11-39-00.jpg,2219,408,SU_peb,pebble,TRUE,224,0.994,SU_peb,0.005,SU_cob,0,GR_ulva,0,SU_bould,0,KE_stipe
2024_10_08_11-39-09.jpg,1542,176,Review,Review,TRUE,224,0.855,SU_cob,0.122,SU_bould,0.009,KE_5rib,0.006,KE_sieve,0.004,KE_sugar
2024_10_08_11-39-09.jpg,1029,1419,RE_bush,red_algae_bushy,TRUE,224,1,RE_bush,0,RE_branch,0,KE_sugar,0,BR_sarg,0,RE_fil
2024_10_08_11-39-09.jpg,1894,2470,Review,Review,TRUE,224,0.575,KE_sugar,0.39,SU_bould,0.008,KE_5rib,0.006,RE_fil,0.005,RE_leaf
2024_10_08_11-39-09.jpg,524,4480,GR_ulva,green_algae_ulva,TRUE,224,1,GR_ulva,0,unknown,0,KE_stipe,0,MS,0,KE_sieve
2024_10_08_11-39-09.jpg,347,969,KE_sugar,kelp_sugar,TRUE,224,1,KE_sugar,0,KE_5rib,0,SU_bould,0,RE_fil,0,SU_silt
2024_10_08_11-39-09.jpg,3165,1730,Review,Review,TRUE,224,0.611,MS,0.111,KE_stipe,0.07,BR_sarg,0.055,SU_peb,0.045,RE_bush
2024_10_08_11-39-09.jpg,167,1424,KE_stipe,kelp_stipe,TRUE,224,0.98,KE_stipe,0.011,GR_ulva,0.007,RE_fil,0.001,KE_bull,0.001,BR_sarg
2024_10_08_11-39-09.jpg,1956,1781,Review,Review,TRUE,224,0.516,RE_fil,0.475,KE_sugar,0.003,KE_sieve,0.002,MS,0.001,RE_CCA
2024_10_08_11-39-09.jpg,3654,2095,Review,Review,TRUE,224,0.607,SU_bould,0.237,KE_sugar,0.087,BR_sarg,0.04,SU_cob,0.013,KE_sieve
2024_10_08_11-39-09.jpg,2091,133,KE_sugar,kelp_sugar,TRUE,224,1,KE_sugar,0,SU_bould,0,MS,0,RE_leaf,0,RE_bush
2024_10_08_11-39-09.jpg,1399,1418,Review,Review,TRUE,224,0.797,SU_cob,0.2,SU_bould,0.001,SU_peb,0.001,KE_stipe,0.001,KE_sugar
2024_10_08_11-39-09.jpg,2671,1502,SU_bould,boulder,TRUE,224,0.921,SU_bould,0.068,GR_ulva,0.011,SU_peb,0,KE_stipe,0,BR_sarg
2024_10_08_11-39-09.jpg,1839,1861,RE_fil,red_algae_filamentous,TRUE,224,0.991,RE_fil,0.005,SU_bould,0.002,SU_cob,0.002,RE_CCA,0,KE_sieve
2024_10_08_11-39-09.jpg,1763,4090,SU_cob,cobble,TRUE,224,0.969,SU_cob,0.023,SU_silt,0.003,SU_peb,0.002,KE_sugar,0.001,SU_bould
2024_10_08_11-39-09.jpg,3062,2189,Review,Review,TRUE,224,0.435,KE_stipe,0.292,MS,0.209,RE_fil,0.052,RE_leaf,0.005,RE_branch
2024_10_08_11-39-09.jpg,3136,2427,KE_sugar,kelp_sugar,TRUE,224,0.995,KE_sugar,0.005,KE_5rib,0,RE_leaf,0,GR_ulva,0,MS
2024_10_08_11-39-09.jpg,2830,2942,Review,Review,TRUE,224,0.889,KE_sugar,0.075,RE_leaf,0.034,KE_5rib,0.001,GR_ulva,0.001,MS
2024_10_08_11-39-09.jpg,224,1132,Review,Review,TRUE,224,0.831,RE_leaf,0.157,KE_sugar,0.005,RE_fil,0.005,BR_sarg,0.002,KE_sieve
2024_10_08_11-39-09.jpg,2567,2735,Review,Review,TRUE,224,0.708,KE_sugar,0.248,MS,0.038,RE_leaf,0.002,SI_kelpBry,0.002,KE_5rib
2024_10_08_11-39-09.jpg,2674,1009,SU_peb,pebble,TRUE,224,1,SU_peb,0,SU_cob,0,BR_sarg,0,KE_sieve,0,KE_stipe
2024_10_08_11-39-09.jpg,3914,2059,Review,Review,TRUE,224,0.5,RE_fil,0.275,RE_bush,0.213,SU_bould,0.008,KE_stipe,0.003,KE_sieve
2024_10_08_11-39-09.jpg,1291,1039,Review,Review,TRUE,224,0.409,SU_bould,0.297,SU_cob,0.066,MS,0.06,SU_sand,0.059,RE_fil
2024_10_08_11-39-09.jpg,1229,1802,RE_fil,red_algae_filamentous,TRUE,224,1,RE_fil,0,RE_leaf,0,SU_bould,0,RE_CCA,0,KE_stipe
2024_10_08_11-39-09.jpg,194,4036,KE_sugar,kelp_sugar,TRUE,224,0.993,KE_sugar,0.003,KE_5rib,0.002,unknown,0.001,GR_ulva,0,RE_leaf
2024_10_08_11-39-09.jpg,2080,3488,Review,Review,TRUE,224,0.804,KE_sugar,0.182,KE_5rib,0.009,SU_peb,0.001,SU_bould,0.001,SI_kelpBry
2024_10_08_11-39-09.jpg,3142,981,SU_peb,pebble,TRUE,224,0.948,SU_peb,0.047,SU_bould,0.003,SU_cob,0.001,BR_sarg,0,KE_5rib
2024_10_08_11-39-09.jpg,3912,2685,Review,Review,TRUE,224,0.67,KE_stipe,0.233,BR_sarg,0.079,RE_fil,0.007,KE_holdfas,0.004,RE_branch
2024_10_08_11-39-09.jpg,3883,2918,Review,Review,TRUE,224,0.884,MS,0.1,KE_stipe,0.007,RE_leaf,0.006,RE_fil,0.002,GR_ulva
2024_10_08_11-39-09.jpg,1914,3228,GR_ulva,green_algae_ulva,TRUE,224,0.997,GR_ulva,0.002,KE_sieve,0.001,KE_sugar,0.001,SU_peb,0,BR_fucus
2024_10_08_11-39-09.jpg,1378,3736,KE_sugar,kelp_sugar,TRUE,224,0.999,KE_sugar,0.001,KE_5rib,0,GR_ulva,0,KE_sieve,0,SU_bould
2024_10_08_11-39-09.jpg,2412,929,Review,Review,TRUE,224,0.375,SU_bould,0.339,GR_ulva,0.195,SU_peb,0.065,SU_cob,0.01,SU_shell
2024_10_08_11-39-09.jpg,3752,121,SU_sand,sand_fine_shell,TRUE,224,1,SU_sand,0,MS,0,SU_silt,0,RE_CCA,0,SU_cob
2024_10_08_11-39-09.jpg,510,2010,KE_sugar,kelp_sugar,TRUE,224,0.979,KE_sugar,0.013,KE_bull,0.008,KE_stipe,0,RE_fil,0,RE_leaf
2024_10_08_11-39-09.jpg,1219,3718,KE_sugar,kelp_sugar,TRUE,224,0.998,KE_sugar,0.002,KE_5rib,0,RE_leaf,0,MS,0,RE_bush
2024_10_08_11-39-09.jpg,2213,212,Review,Review,TRUE,224,0.791,SU_sand,0.159,MS,0.022,RE_leaf,0.021,KE_sugar,0.003,KE_stipe
2024_10_08_11-39-09.jpg,1049,2909,KE_sugar,kelp_sugar,TRUE,224,1,KE_sugar,0,KE_sieve,0,KE_stipe,0,SU_bould,0,MS
2024_10_08_11-39-09.jpg,129,3426,Review,Review,TRUE,224,0.623,GR_ulva,0.29,unknown,0.045,KE_5rib,0.034,KE_sugar,0.007,MS
2024_10_08_11-39-09.jpg,2354,1843,Review,Review,TRUE,224,0.796,SU_peb,0.16,SU_bould,0.023,BR_sarg,0.007,RE_branch,0.005,KE_stipe
2024_10_08_11-39-09.jpg,2341,1090,SU_peb,pebble,TRUE,224,0.998,SU_peb,0.001,SU_bould,0,KE_sieve,0,SU_cob,0,SU_sand
2024_10_08_11-39-09.jpg,2574,2604,Review,Review,TRUE,224,0.49,KE_5rib,0.35,RE_leaf,0.158,KE_sugar,0.001,RE_fil,0,MS
2024_10_08_11-39-09.jpg,3728,1630,Review,Review,TRUE,224,0.89,BR_sarg,0.058,KE_stipe,0.034,GR_ulva,0.018,SU_bould,0,RE_fil
2024_10_08_11-39-09.jpg,2852,4444,GR_ulva,green_algae_ulva,TRUE,224,1,GR_ulva,0,unknown,0,KE_sieve,0,MS,0,KE_stipe
2024_10_08_11-39-09.jpg,1256,3340,KE_sugar,kelp_sugar,TRUE,224,0.994,KE_sugar,0.003,SU_bould,0.001,SU_silt,0.001,KE_5rib,0.001,SU_cob
2024_10_08_11-39-09.jpg,1359,4400,Review,Review,TRUE,224,0.277,SU_peb,0.261,SU_sand,0.225,RE_bush,0.219,SU_silt,0.009,MS
2024_10_08_11-39-09.jpg,3692,2957,Review,Review,TRUE,224,0.662,RE_fil,0.325,KE_stipe,0.007,MS,0.003,SU_bould,0.003,KE_holdfas
2024_10_08_11-39-09.jpg,1326,212,Review,Review,TRUE,224,0.43,SU_peb,0.225,SU_cob,0.223,SU_bould,0.095,SU_shell,0.012,KE_sieve
2024_10_08_11-39-09.jpg,1285,1548,SU_bould,boulder,TRUE,224,0.924,SU_bould,0.057,SU_cob,0.01,SU_sand,0.004,BR_sarg,0.003,RE_bush
2024_10_08_11-39-09.jpg,3074,1159,Review,Review,TRUE,224,0.38,SU_shell,0.358,MS,0.149,SU_sand,0.092,SU_bould,0.02,SU_cob
2024_10_08_11-39-09.jpg,2447,1712,GR_ulva,green_algae_ulva,TRUE,224,0.992,GR_ulva,0.003,KE_stipe,0.002,SU_bould,0.001,KE_bull,0.001,BR_sarg
2024_10_08_11-39-09.jpg,3544,2383,Review,Review,TRUE,224,0.82,KE_sugar,0.176,RE_fil,0.002,KE_holdfas,0.001,KE_5rib,0,RE_leaf
2024_10_08_11-39-18.jpg,2290,1427,GR_ulva,green_algae_ulva,TRUE,224,1,GR_ulva,0,SU_bould,0,MS,0,KE_stipe,0,KE_5rib
2024_10_08_11-39-18.jpg,1355,2866,RE_leaf,red_algae_flat_leaf,TRUE,224,1,RE_leaf,0,KE_sugar,0,MS,0,unknown,0,SI_kelpBry
2024_10_08_11-39-18.jpg,1307,3034,RE_leaf,red_algae_flat_leaf,TRUE,224,1,RE_leaf,0,GR_ulva,0,KE_5rib,0,KE_sugar,0,RE_fil
2024_10_08_11-39-18.jpg,3457,4246,Review,Review,TRUE,224,0.767,MS,0.172,KE_stipe,0.038,GR_ulva,0.01,SU_peb,0.008,KE_5rib
2024_10_08_11-39-18.jpg,3660,1633,Review,Review,TRUE,224,0.869,SU_bould,0.063,KE_sieve,0.052,KE_stipe,0.01,SU_cob,0.003,RE_bush
2024_10_08_11-39-18.jpg,612,129,SU_sand,sand_fine_shell,TRUE,224,1,SU_sand,0,SU_silt,0,SU_peb,0,SU_shell,0,SU_cob
2024_10_08_11-39-18.jpg,351,2771,Review,Review,TRUE,224,0.898,RE_branch,0.101,RE_bush,0,KE_stipe,0,RE_leaf,0,BR_sarg
2024_10_08_11-39-18.jpg,1347,1668,RE_leaf,red_algae_flat_leaf,TRUE,224,1,RE_leaf,0,KE_sugar,0,MS,0,RE_bush,0,SI_kelpBry
2024_10_08_11-39-18.jpg,2871,623,GR_ulva,green_algae_ulva,TRUE,224,1,GR_ulva,0,SU_bould,0,SU_peb,0,KE_bull,0,SI
2024_10_08_11-39-18.jpg,1552,1429,RE_leaf,red_algae_flat_leaf,TRUE,224,1,RE_leaf,0,RE_fil,0,KE_sugar,0,KE_5rib,0,unknown
2024_10_08_11-39-18.jpg,1047,2345,RE_leaf,red_algae_flat_leaf,TRUE,224,1,RE_leaf,0,KE_sugar,0,unknown,0,SI_kelpBry,0,MS
2024_10_08_11-39-18.jpg,976,3550,Review,Review,TRUE,224,0.346,SU_bould,0.211,KE_stipe,0.199,RE_leaf,0.093,RE_fil,0.078,RE_CCA
2024_10_08_11-39-18.jpg,925,983,BR_sarg,brown_algae_sargassum,TRUE,224,1,BR_sarg,0,RE_branch,0,SI,0,RE_leaf,0,MS
2024_10_08_11-39-18.jpg,3398,2482,GR_ulva,green_algae_ulva,TRUE,224,1,GR_ulva,0,BR_sarg,0,KE_sieve,0,MS,0,KE_bull
2024_10_08_11-39-18.jpg,2100,4290,KE_sugar,kelp_sugar,TRUE,224,0.999,KE_sugar,0.001,GR_ulva,0,SU_silt,0,KE_sieve,0,KE_5rib
2024_10_08_11-39-18.jpg,1517,1134,Review,Review,TRUE,224,0.598,GR_ulva,0.381,BR_sarg,0.019,KE_stipe,0,BR_fucus,0,RE_bush
2024_10_08_11-39-18.jpg,2528,3654,GR_ulva,green_algae_ulva,TRUE,224,1,GR_ulva,0,KE_sugar,0,SU_peb,0,SU_cob,0,KE_bull
2024_10_08_11-39-18.jpg,3403,434,Review,Review,TRUE,224,0.542,SU_bould,0.166,SU_peb,0.069,KE_sieve,0.066,RE_branch,0.038,KE_stipe
2024_10_08_11-39-18.jpg,3058,2135,KE_sieve,kelp_sieve,TRUE,224,0.977,KE_sieve,0.023,KE_sugar,0,GR_ulva,0,KE_5rib,0,SU_cob
2024_10_08_11-39-18.jpg,3893,3267,KE_5rib,kelp_five_rib,TRUE,224,0.939,KE_5rib,0.056,GR_ulva,0.003,KE_sugar,0.001,RE_leaf,0,KE_bull
2024_10_08_11-39-18.jpg,431,3750,Review,Review,TRUE,224,0.655,SU_bould,0.344,GR_ulva,0.001,KE_bull,0,KE_stipe,0,unknown
2024_10_08_11-39-18.jpg,3359,2342,GR_ulva,green_algae_ulva,TRUE,224,0.914,GR_ulva,0.086,RE_leaf,0,KE_bull,0,MS,0,KE_stipe
2024_10_08_11-39-18.jpg,3226,3306,KE_sugar,kelp_sugar,TRUE,224,0.942,KE_sugar,0.058,KE_5rib,0,GR_ulva,0,unknown,0,KE_stipe
2024_10_08_11-39-18.jpg,3848,3433,Review,Review,TRUE,224,0.817,GR_ulva,0.101,KE_sugar,0.063,RE_leaf,0.011,KE_5rib,0.005,KE_sieve
2024_10_08_11-39-18.jpg,596,2296,RE_leaf,red_algae_flat_leaf,TRUE,224,1,RE_leaf,0,GR_ulva,0,KE_5rib,0,KE_bull,0,SI
2024_10_08_11-39-18.jpg,2777,1880,KE_sugar,kelp_sugar,TRUE,224,0.999,KE_sugar,0,GR_ulva,0,KE_sieve,0,KE_5rib,0,MS
2024_10_08_11-39-18.jpg,2750,812,GR_ulva,green_algae_ulva,TRUE,224,1,GR_ulva,0,SU_bould,0,SU_cob,0,MS,0,SU_peb
2024_10_08_11-39-18.jpg,3058,1739,Review,Review,TRUE,224,0.818,KE_sugar,0.089,RE_fil,0.075,KE_5rib,0.013,RE_leaf,0.004,SU_bould
2024_10_08_11-39-18.jpg,1973,1803,RE_leaf,red_algae_flat_leaf,TRUE,224,1,RE_leaf,0,RE_fil,0,RE_branch,0,KE_5rib,0,KE_bull
2024_10_08_11-39-18.jpg,2916,2684,KE_sugar,kelp_sugar,TRUE,224,1,KE_sugar,0,KE_5rib,0,KE_sieve,0,GR_ulva,0,SI_kelpBry
2024_10_08_11-39-18.jpg,2612,1000,GR_ulva,green_algae_ulva,TRUE,224,1,GR_ulva,0,SU_bould,0,KE_stipe,0,SU_peb,0,BR_sarg
2024_10_08_11-39-18.jpg,3343,3032,KE_sugar,kelp_sugar,TRUE,224,0.998,KE_sugar,0.001,KE_5rib,0,unknown,0,RE_leaf,0,GR_ulva
2024_10_08_11-39-18.jpg,3801,4332,Review,Review,TRUE,224,0.837,SU_peb,0.105,SU_silt,0.038,SU_cob,0.012,SU_bould,0.006,MS
2024_10_08_11-39-18.jpg,1208,2506,RE_leaf,red_algae_flat_leaf,TRUE,224,1,RE_leaf,0,KE_sugar,0,MS,0,RE_fil,0,SI_kelpBry
2024_10_08_11-39-18.jpg,2404,4396,Review,Review,TRUE,224,0.563,KE_sugar,0.209,GR_ulva,0.111,KE_5rib,0.053,MS,0.039,KE_sieve
2024_10_08_11-39-18.jpg,2844,4411,GR_ulva,green_algae_ulva,TRUE,224,0.999,GR_ulva,0,KE_5rib,0,KE_sugar,0,unknown,0,RE_leaf
2024_10_08_11-39-18.jpg,2871,2199,Review,Review,TRUE,224,0.618,KE_sugar,0.366,KE_5rib,0.015,GR_ulva,0.001,KE_sieve,0,RE_fil
2024_10_08_11-39-18.jpg,2079,607,KE_sugar,kelp_sugar,TRUE,224,0.94,KE_sugar,0.027,KE_stipe,0.021,SU_peb,0.004,SU_bould,0.003,KE_sieve
2024_10_08_11-39-18.jpg,3196,1407,KE_5rib,kelp_five_rib,TRUE,224,0.915,KE_5rib,0.083,KE_sugar,0.001,GR_ulva,0.001,RE_leaf,0,RE_fil
2024_10_08_11-39-18.jpg,3911,494,GR_ulva,green_algae_ulva,TRUE,224,1,GR_ulva,0,unknown,0,KE_sieve,0,KE_5rib,0,KE_stipe
2024_10_08_11-39-18.jpg,1524,4045,Review,Review,TRUE,224,0.829,SU_cob,0.127,SU_sand,0.021,MS,0.018,SU_peb,0.002,KE_stipe
2024_10_08_11-39-18.jpg,1079,1991,RE_leaf,red_algae_flat_leaf,TRUE,224,1,RE_leaf,0,KE_sugar,0,RE_fil,0,MS,0,RE_bush
2024_10_08_11-39-18.jpg,3822,2714,SU_bould,boulder,TRUE,224,0.909,SU_bould,0.058,GR_ulva,0.017,KE_stipe,0.013,KE_holdfas,0.002,KE_sieve
2024_10_08_11-39-18.jpg,2514,2493,Review,Review,TRUE,224,0.56,KE_sieve,0.426,KE_sugar,0.007,GR_ulva,0.006,KE_5rib,0,RE_leaf
2024_10_08_11-39-18.jpg,3164,4184,GR_ulva,green_algae_ulva,TRUE,224,1,GR_ulva,0,KE_stipe,0,KE_bull,0,unknown,0,KE_sieve
2024_10_08_11-39-18.jpg,1588,1732,RE_leaf,red_algae_flat_leaf,TRUE,224,1,RE_leaf,0,KE_sugar,0,unknown,0,RE_fil,0,RE_bush
2024_10_08_11-39-18.jpg,714,824,Review,Review,TRUE,224,0.782,RE_leaf,0.198,KE_5rib,0.013,RE_fil,0.005,GR_ulva,0.001,MS
2024_10_08_11-39-18.jpg,184,4413,Review,Review,TRUE,224,0.7,RE_leaf,0.295,MS,0.003,KE_sieve,0.002,KE_sugar,0.001,SI_kelpBry
2024_10_08_11-39-18.jpg,2866,1320,Review,Review,TRUE,224,0.863,SU_cob,0.053,RE_CCA,0.052,SU_peb,0.022,SU_bould,0.004,KE_stipe
2024_10_08_11-39-18.jpg,3725,514,Review,Review,TRUE,224,0.803,KE_stipe,0.191,GR_ulva,0.006,KE_sieve,0,unknown,0,SU_bould
2024_10_08_11-39-27.jpg,1261,948,Review,Review,TRUE,224,0.877,RE_bush,0.108,RE_branch,0.008,BR_sarg,0.003,SU_bould,0.001,MS
2024_10_08_11-39-27.jpg,3691,848,GR_ulva,green_algae_ulva,TRUE,224,1,GR_ulva,0,KE_5rib,0,MS,0,RE_leaf,0,KE_stipe
2024_10_08_11-39-27.jpg,1631,3233,GR_ulva,green_algae_ulva,TRUE,224,1,GR_ulva,0,unknown,0,RE_leaf,0,KE_sugar,0,KE_bull
2024_10_08_11-39-27.jpg,3309,702,GR_ulva,green_algae_ulva,TRUE,224,1,GR_ulva,0,unknown,0,KE_stipe,0,KE_5rib,0,KE_sugar
2024_10_08_11-39-27.jpg,859,2679,SU_shell,shell_hash,TRUE,224,0.999,SU_shell,0.001,SU_cob,0,SU_bould,0,KE_holdfas,0,SI
2024_10_08_11-39-27.jpg,121,2356,RE_leaf,red_algae_flat_leaf,TRUE,224,1,RE_leaf,0,RE_fil,0,RE_CCA,0,KE_sugar,0,SU_bould
2024_10_08_11-39-27.jpg,3160,738,GR_ulva,green_algae_ulva,TRUE,224,1,GR_ulva,0,unknown,0,KE_stipe,0,KE_5rib,0,KE_sieve
2024_10_08_11-39-27.jpg,364,2052,RE_branch,red_algae_branching,TRUE,224,0.954,RE_branch,0.041,RE_leaf,0.004,MS,0,BR_sarg,0,RE_CCA
2024_10_08_11-39-27.jpg,3115,3894,KE_sugar,kelp_sugar,TRUE,224,0.908,KE_sugar,0.084,SU_shell,0.005,KE_sieve,0.001,GR_ulva,0.001,BR_fucus
2024_10_08_11-39-27.jpg,2952,1730,Review,Review,TRUE,224,0.875,KE_sugar,0.096,KE_5rib,0.028,KE_sieve,0.001,GR_ulva,0,unknown
2024_10_08_11-39-27.jpg,2349,2419,Review,Review,TRUE,224,0.49,SI_kelpBry,0.221,SU_shell,0.196,KE_sugar,0.054,SU_bould,0.028,KE_stipe
2024_10_08_11-39-27.jpg,1526,1578,RE_bush,red_algae_bushy,TRUE,224,1,RE_bush,0,MS,0,KE_sugar,0,KE_holdfas,0,KE_stipe
2024_10_08_11-39-27.jpg,1935,495,Review,Review,TRUE,224,0.69,KE_stipe,0.229,GR_ulva,0.04,SU_cob,0.031,SU_bould,0.008,SU_peb
2024_10_08_11-39-27.jpg,3740,1859,SU_bould,boulder,TRUE,224,0.975,SU_bould,0.012,MS,0.009,RE_CCA,0.002,KE_stipe,0.001,SU_cob
2024_10_08_11-39-27.jpg,3673,2556,Review,Review,TRUE,224,0.79,SU_peb,0.057,RE_leaf,0.054,RE_fil,0.034,KE_stipe,0.031,MS
2024_10_08_11-39-27.jpg,3774,2378,RE_fil,red_algae_filamentous,TRUE,224,0.985,RE_fil,0.015,KE_sugar,0,RE_leaf,0,KE_sieve,0,KE_stipe
2024_10_08_11-39-27.jpg,359,3616,RE_bush,red_algae_bushy,TRUE,224,0.978,RE_bush,0.01,MS,0.004,RE_branch,0.002,KE_5rib,0.002,KE_stipe
2024_10_08_11-39-27.jpg,3306,1296,GR_ulva,green_algae_ulva,TRUE,224,0.987,GR_ulva,0.013,unknown,0,KE_5rib,0,KE_sugar,0,KE_stipe
2024_10_08_11-39-27.jpg,973,773,Review,Review,TRUE,224,0.807,SU_peb,0.125,RE_branch,0.038,SU_bould,0.014,SU_cob,0.01,RE_bush
2024_10_08_11-39-27.jpg,1425,291,Review,Review,TRUE,224,0.632,SU_cob,0.252,SU_peb,0.104,SU_bould,0.007,SU_shell,0.003,SU_sand
2024_10_08_11-39-27.jpg,3771,2796,RE_leaf,red_algae_flat_leaf,TRUE,224,1,RE_leaf,0,RE_fil,0,MS,0,KE_5rib,0,SU_peb
2024_10_08_11-39-27.jpg,3113,1521,KE_5rib,kelp_five_rib,TRUE,224,0.931,KE_5rib,0.034,KE_sugar,0.03,GR_ulva,0.004,RE_leaf,0,KE_stipe
2024_10_08_11-39-27.jpg,685,1134,Review,Review,TRUE,224,0.553,RE_fil,0.364,RE_bush,0.048,BR_sarg,0.03,SU_bould,0.002,RE_branch
2024_10_08_11-39-27.jpg,920,1425,KE_sugar,kelp_sugar,TRUE,224,1,KE_sugar,0,SU_bould,0,RE_fil,0,BR_sarg,0,MS
2024_10_08_11-39-27.jpg,1809,4256,Review,Review,TRUE,224,0.55,RE_fil,0.399,RE_leaf,0.042,KE_sugar,0.007,GR_ulva,0.002,KE_stipe
2024_10_08_11-39-27.jpg,1254,2340,KE_sugar,kelp_sugar,TRUE,224,0.964,KE_sugar,0.032,KE_5rib,0.002,RE_leaf,0.001,KE_sieve,0,SU_bould
2024_10_08_11-39-27.jpg,1684,3102,Review,Review,TRUE,224,0.739,GR_ulva,0.144,KE_sugar,0.089,KE_bull,0.011,KE_5rib,0.009,MS
2024_10_08_11-39-27.jpg,222,1198,Review,Review,TRUE,224,0.494,RE_fil,0.348,RE_bush,0.052,KE_stipe,0.046,KE_holdfas,0.04,SU_bould
2024_10_08_11-39-27.jpg,2870,610,GR_ulva,green_algae_ulva,TRUE,224,1,GR_ulva,0,KE_5rib,0,SI,0,RE_leaf,0,SI_kelpBry
2024_10_08_11-39-27.jpg,2587,2640,KE_sugar,kelp_sugar,TRUE,224,0.908,KE_sugar,0.053,SU_bould,0.034,SU_peb,0.002,GR_ulva,0.002,SI
2024_10_08_11-39-27.jpg,1291,1966,KE_sugar,kelp_sugar,TRUE,224,0.997,KE_sugar,0.002,KE_5rib,0.001,RE_fil,0,KE_sieve,0,RE_leaf
2024_10_08_11-39-27.jpg,3510,3976,GR_ulva,green_algae_ulva,TRUE,224,1,GR_ulva,0,KE_5rib,0,KE_stipe,0,unknown,0,MS
2024_10_08_11-39-27.jpg,1218,4139,Review,Review,TRUE,224,0.434,KE_sugar,0.195,GR_ulva,0.163,KE_5rib,0.088,unknown,0.08,RE_leaf
2024_10_08_11-39-27.jpg,3683,3874,GR_ulva,green_algae_ulva,TRUE,224,0.996,GR_ulva,0.002,unknown,0.002,KE_5rib,0,MS,0,KE_sugar
2024_10_08_11-39-27.jpg,3767,332,Review,Review,TRUE,224,0.47,RE_fil,0.468,KE_stipe,0.057,RE_leaf,0.002,GR_ulva,0.001,RE_bush
2024_10_08_11-39-27.jpg,594,949,Review,Review,TRUE,224,0.466,RE_fil,0.351,KE_sugar,0.101,SU_bould,0.057,KE_5rib,0.008,SU_cob
2024_10_08_11-39-27.jpg,1247,1640,KE_sugar,kelp_sugar,TRUE,224,0.999,KE_sugar,0,KE_5rib,0,RE_leaf,0,KE_sieve,0,RE_bush
2024_10_08_11-39-27.jpg,560,601,Review,Review,TRUE,224,0.706,RE_leaf,0.258,RE_fil,0.027,KE_5rib,0.005,KE_stipe,0.002,KE_sugar
2024_10_08_11-39-27.jpg,3005,3456,KE_sugar,kelp_sugar,TRUE,224,1,KE_sugar,0,KE_5rib,0,RE_leaf,0,SU_cob,0,KE_stipe
2024_10_08_11-39-27.jpg,3238,3779,SU_sand,sand_fine_shell,TRUE,224,1,SU_sand,0,MS,0,SU_cob,0,SU_peb,0,SU_silt
2024_10_08_11-39-27.jpg,834,1559,KE_sugar,kelp_sugar,TRUE,224,1,KE_sugar,0,KE_5rib,0,RE_leaf,0,SU_cob,0,RE_fil
2024_10_08_11-39-27.jpg,2173,2654,Review,Review,TRUE,224,0.49,SU_peb,0.219,SU_cob,0.1,SU_shell,0.092,SU_sand,0.035,KE_stipe
2024_10_08_11-39-27.jpg,3805,1056,Review,Review,TRUE,224,0.667,GR_ulva,0.247,MS,0.039,KE_holdfas,0.027,KE_stipe,0.015,RE_fil
2024_10_08_11-39-27.jpg,1899,1969,Review,Review,TRUE,224,0.344,SU_cob,0.255,RE_CCA,0.076,SI_kelpBry,0.065,KE_sieve,0.056,RE_branch
2024_10_08_11-39-27.jpg,2727,329,KE_stipe,kelp_stipe,TRUE,224,0.999,KE_stipe,0.001,RE_bush,0,GR_ulva,0,MS,0,RE_leaf
2024_10_08_11-39-27.jpg,2974,1843,KE_sugar,kelp_sugar,TRUE,224,0.999,KE_sugar,0.001,KE_5rib,0,GR_ulva,0,KE_sieve,0,RE_leaf
2024_10_08_11-39-27.jpg,1507,555,Review,Review,TRUE,224,0.759,BR_fucus,0.131,GR_ulva,0.066,SU_cob,0.021,SU_peb,0.014,BR_sarg
2024_10_08_11-39-27.jpg,3052,1109,GR_ulva,green_algae_ulva,TRUE,224,1,GR_ulva,0,KE_5rib,0,KE_sugar,0,unknown,0,RE_leaf
2024_10_08_11-39-27.jpg,1131,1557,KE_sugar,kelp_sugar,TRUE,224,1,KE_sugar,0,RE_leaf,0,RE_bush,0,KE_5rib,0,MS
2024_10_08_11-39-27.jpg,747,3163,SU_bould,boulder,TRUE,224,0.96,SU_bould,0.018,GR_ulva,0.013,KE_stipe,0.005,SU_peb,0.003,SU_shell
2024_10_08_11-39-36.jpg,2398,3529,SU_silt,silt,TRUE,224,0.972,SU_silt,0.027,SU_cob,0,SU_shell,0,SU_peb,0,SI_kelpBry
2024_10_08_11-39-36.jpg,713,1198,GR_ulva,green_algae_ulva,TRUE,224,1,GR_ulva,0,KE_sugar,0,BR_sarg,0,KE_stipe,0,unknown
2024_10_08_11-39-36.jpg,1920,3154,GR_ulva,green_algae_ulva,TRUE,224,0.992,GR_ulva,0.008,SU_peb,0,BR_sarg,0,SU_bould,0,KE_stipe
2024_10_08_11-39-36.jpg,850,2772,GR_ulva,green_algae_ulva,TRUE,224,1,GR_ulva,0,KE_sieve,0,KE_stipe,0,unknown,0,BR_fucus
2024_10_08_11-39-36.jpg,1729,3658,Review,Review,TRUE,224,0.691,SU_peb,0.261,MS,0.022,SU_sand,0.021,GR_ulva,0.003,KE_stipe
2024_10_08_11-39-36.jpg,3796,2822,RE_bush,red_algae_bushy,TRUE,224,0.973,RE_bush,0.009,SU_bould,0.009,RE_branch,0.002,KE_sieve,0.002,RE_fil
2024_10_08_11-39-36.jpg,659,2855,GR_ulva,green_algae_ulva,TRUE,224,0.999,GR_ulva,0.001,KE_bull,0,BR_fucus,0,KE_stipe,0,KE_sugar
2024_10_08_11-39-36.jpg,1903,996,GR_ulva,green_algae_ulva,TRUE,224,1,GR_ulva,0,KE_sieve,0,unknown,0,SU_bould,0,BR_sarg
2024_10_08_11-39-36.jpg,1707,1430,GR_ulva,green_algae_ulva,TRUE,224,1,GR_ulva,0,KE_sugar,0,SI,0,KE_stipe,0,KE_holdfas
2024_10_08_11-39-36.jpg,3573,3764,SU_silt,silt,TRUE,224,1,SU_silt,0,MS,0,SU_shell,0,SU_sand,0,KE_sugar
2024_10_08_11-39-36.jpg,426,2061,GR_ulva,green_algae_ulva,TRUE,224,1,GR_ulva,0,SU_bould,0,KE_sieve,0,KE_stipe,0,KE_sugar
2024_10_08_11-39-36.jpg,3054,1775,GR_ulva,green_algae_ulva,TRUE,224,1,GR_ulva,0,SU_peb,0,KE_stipe,0,BR_sarg,0,MS
2024_10_08_11-39-36.jpg,3315,1067,RE_fil,red_algae_filamentous,TRUE,224,1,RE_fil,0,KE_sugar,0,RE_leaf,0,SU_cob,0,SU_bould
2024_10_08_11-39-36.jpg,2734,1321,Review,Review,TRUE,224,0.818,SU_peb,0.182,SU_cob,0,SU_shell,0,SU_bould,0,SI
2024_10_08_11-39-36.jpg,1622,1222,GR_ulva,green_algae_ulva,TRUE,224,1,GR_ulva,0,KE_bull,0,KE_stipe,0,KE_sugar,0,RE_leaf
2024_10_08_11-39-36.jpg,999,3452,Review,Review,TRUE,224,0.619,RE_fil,0.297,KE_sugar,0.03,KE_5rib,0.028,SU_bould,0.01,SU_cob
2024_10_08_11-39-36.jpg,3634,1547,GR_ulva,green_algae_ulva,TRUE,224,1,GR_ulva,0,KE_stipe,0,MS,0,KE_5rib,0,BR_sarg
2024_10_08_11-39-36.jpg,2358,1506,GR_ulva,green_algae_ulva,TRUE,224,1,GR_ulva,0,KE_bull,0,RE_leaf,0,KE_sugar,0,KE_stipe
2024_10_08_11-39-36.jpg,3704,3345,RE_leaf,red_algae_flat_leaf,TRUE,224,0.94,RE_leaf,0.056,KE_stipe,0.003,RE_bush,0,MS,0,RE_fil
2024_10_08_11-39-36.jpg,1664,703,GR_ulva,green_algae_ulva,TRUE,224,1,GR_ulva,0,KE_5rib,0,BR_sarg,0,KE_stipe,0,KE_sieve
2024_10_08_11-39-36.jpg,443,2626,GR_ulva,green_algae_ulva,TRUE,224,1,GR_ulva,0,BR_fucus,0,KE_stipe,0,KE_sieve,0,KE_bull
2024_10_08_11-39-36.jpg,1343,3148,SU_peb,pebble,TRUE,224,0.998,SU_peb,0.002,SU_bould,0,SU_cob,0,KE_stipe,0,SU_sand
2024_10_08_11-39-36.jpg,880,1794,GR_ulva,green_algae_ulva,TRUE,224,1,GR_ulva,0,MS,0,KE_5rib,0,RE_leaf,0,KE_sugar
2024_10_08_11-39-36.jpg,3187,3368,SU_silt,silt,TRUE,224,0.905,SU_silt,0.036,MS,0.025,SU_peb,0.022,RE_bush,0.008,SU_sand
2024_10_08_11-39-36.jpg,900,805,GR_ulva,green_algae_ulva,TRUE,224,1,GR_ulva,0,SU_bould,0,KE_stipe,0,SU_peb,0,BR_sarg
2024_10_08_11-39-36.jpg,1695,2775,SU_silt,silt,TRUE,224,0.991,SU_silt,0.006,SU_sand,0.003,SU_shell,0,RE_CCA,0,SU_peb
2024_10_08_11-39-36.jpg,868,4258,Review,Review,TRUE,224,0.73,KE_sugar,0.178,KE_5rib,0.059,SU_silt,0.01,SU_cob,0.009,KE_sieve
2024_10_08_11-39-36.jpg,367,3763,KE_sugar,kelp_sugar,TRUE,224,0.997,KE_sugar,0.002,GR_ulva,0,SU_silt,0,KE_sieve,0,KE_5rib
2024_10_08_11-39-36.jpg,3910,855,RE_leaf,red_algae_flat_leaf,TRUE,224,0.983,RE_leaf,0.017,RE_fil,0,RE_bush,0,KE_holdfas,0,BR_sarg
2024_10_08_11-39-36.jpg,122,501,GR_ulva,green_algae_ulva,TRUE,224,0.999,GR_ulva,0,SU_bould,0,KE_stipe,0,MS,0,unknown
2024_10_08_11-39-36.jpg,855,2267,GR_ulva,green_algae_ulva,TRUE,224,1,GR_ulva,0,KE_sieve,0,KE_sugar,0,BR_sarg,0,KE_bull
2024_10_08_11-39-36.jpg,612,736,GR_ulva,green_algae_ulva,TRUE,224,1,GR_ulva,0,BR_sarg,0,RE_leaf,0,unknown,0,KE_5rib
2024_10_08_11-39-36.jpg,2667,4124,Review,Review,TRUE,224,0.781,SU_cob,0.159,MS,0.026,SU_bould,0.013,SU_peb,0.012,KE_stipe
2024_10_08_11-39-36.jpg,3727,2369,GR_ulva,green_algae_ulva,TRUE,224,1,GR_ulva,0,RE_leaf,0,KE_bull,0,KE_sugar,0,MS
2024_10_08_11-39-36.jpg,2037,3379,Review,Review,TRUE,224,0.491,GR_ulva,0.312,RE_fil,0.186,KE_stipe,0.002,SU_cob,0.002,KE_sugar
2024_10_08_11-39-36.jpg,2607,4248,Review,Review,TRUE,224,0.498,SU_cob,0.404,MS,0.045,GR_ulva,0.032,SU_silt,0.016,KE_stipe
2024_10_08_11-39-36.jpg,2779,1673,Review,Review,TRUE,224,0.254,SU_bould,0.235,GR_ulva,0.169,KE_sugar,0.158,SU_peb,0.103,SU_sand
2024_10_08_11-39-36.jpg,977,2646,GR_ulva,green_algae_ulva,TRUE,224,1,GR_ulva,0,KE_sieve,0,SU_bould,0,KE_bull,0,RE_leaf
2024_10_08_11-39-36.jpg,1286,4363,Review,Review,TRUE,224,0.426,GR_ulva,0.271,KE_sieve,0.136,SU_peb,0.129,KE_5rib,0.032,SU_cob
2024_10_08_11-39-36.jpg,3238,1623,GR_ulva,green_algae_ulva,TRUE,224,1,GR_ulva,0,SU_peb,0,SU_cob,0,KE_bull,0,KE_5rib
2024_10_08_11-39-36.jpg,2589,649,Review,Review,TRUE,224,0.799,KE_sugar,0.186,GR_ulva,0.007,KE_stipe,0.002,KE_5rib,0.002,SU_cob
2024_10_08_11-39-36.jpg,884,1505,GR_ulva,green_algae_ulva,TRUE,224,1,GR_ulva,0,SU_cob,0,BR_sarg,0,RE_leaf,0,unknown
2024_10_08_11-39-36.jpg,3543,2671,Review,Review,TRUE,224,0.625,RE_bush,0.37,BR_sarg,0.003,RE_branch,0.001,SU_bould,0,KE_sieve
2024_10_08_11-39-36.jpg,288,3423,Review,Review,TRUE,224,0.334,RE_leaf,0.292,KE_sugar,0.211,KE_5rib,0.143,KE_stipe,0.009,GR_ulva
2024_10_08_11-39-36.jpg,3637,1755,GR_ulva,green_algae_ulva,TRUE,224,1,GR_ulva,0,KE_5rib,0,RE_leaf,0,unknown,0,BR_sarg
2024_10_08_11-39-36.jpg,3414,1890,GR_ulva,green_algae_ulva,TRUE,224,1,GR_ulva,0,BR_sarg,0,RE_fil,0,KE_bull,0,KE_sieve
2024_10_08_11-39-36.jpg,675,3265,GR_ulva,green_algae_ulva,TRUE,224,1,GR_ulva,0,KE_sieve,0,KE_stipe,0,BR_fucus,0,BR_sarg
2024_10_08_11-39-36.jpg,2204,3659,SU_silt,silt,TRUE,224,0.998,SU_silt,0.001,SU_cob,0.001,SU_sand,0,MS,0,SU_shell
2024_10_08_11-39-36.jpg,1201,3392,SU_peb,pebble,TRUE,224,0.98,SU_peb,0.014,SU_bould,0.004,SU_cob,0.001,BR_sarg,0,SU_silt
2024_10_08_11-39-36.jpg,3673,3524,Review,Review,TRUE,224,0.281,SU_peb,0.263,KE_stipe,0.135,RE_leaf,0.073,SU_silt,0.068,KE_sugar
2024_10_08_11-39-45.jpg,1736,1236,GR_ulva,green_algae_ulva,TRUE,224,1,GR_ulva,0,KE_5rib,0,RE_leaf,0,unknown,0,KE_sugar
2024_10_08_11-39-45.jpg,1965,3003,SU_peb,pebble,TRUE,224,0.995,SU_peb,0.005,RE_bush,0,MS,0,KE_stipe,0,RE_branch
2024_10_08_11-39-45.jpg,740,3369,Review,Review,TRUE,224,0.469,BR_sarg,0.436,GR_ulva,0.047,SU_peb,0.033,SU_bould,0.011,KE_stipe
2024_10_08_11-39-45.jpg,291,1041,GR_ulva,green_algae_ulva,TRUE,224,1,GR_ulva,0,BR_sarg,0,KE_stipe,0,SU_peb,0,SU_cob
2024_10_08_11-39-45.jpg,1757,2034,Review,Review,TRUE,224,0.777,KE_sugar,0.131,RE_fil,0.074,RE_leaf,0.011,RE_bush,0.002,SU_bould
2024_10_08_11-39-45.jpg,1953,381,SU_bould,boulder,TRUE,224,0.904,SU_bould,0.076,RE_bush,0.006,MS,0.005,RE_fil,0.003,RE_leaf
2024_10_08_11-39-45.jpg,3668,3582,Review,Review,TRUE,224,0.71,SU_silt,0.198,MS,0.032,SU_shell,0.028,SU_peb,0.012,RE_bush
2024_10_08_11-39-45.jpg,3394,4025,Review,Review,TRUE,224,0.403,SU_peb,0.375,SU_silt,0.155,MS,0.049,RE_bush,0.015,SU_sand
2024_10_08_11-39-45.jpg,3032,190,SU_peb,pebble,TRUE,224,0.997,SU_peb,0.002,SU_cob,0,SU_shell,0,SU_silt,0,MS
2024_10_08_11-39-45.jpg,287,1481,GR_ulva,green_algae_ulva,TRUE,224,1,GR_ulva,0,BR_sarg,0,KE_stipe,0,SU_bould,0,MS
2024_10_08_11-39-45.jpg,2148,1381,GR_ulva,green_algae_ulva,TRUE,224,1,GR_ulva,0,KE_bull,0,BR_sarg,0,KE_stipe,0,SU_peb
2024_10_08_11-39-45.jpg,591,3300,Review,Review,TRUE,224,0.739,SU_bould,0.188,SU_cob,0.04,SU_peb,0.018,RE_CCA,0.004,BR_sarg
2024_10_08_11-39-45.jpg,416,1186,GR_ulva,green_algae_ulva,TRUE,224,1,GR_ulva,0,KE_stipe,0,SU_cob,0,SU_peb,0,BR_fucus
2024_10_08_11-39-45.jpg,3555,1665,RE_leaf,red_algae_flat_leaf,TRUE,224,1,RE_leaf,0,MS,0,GR_ulva,0,KE_5rib,0,RE_fil
2024_10_08_11-39-45.jpg,3271,747,Review,Review,TRUE,224,0.797,KE_stipe,0.157,GR_ulva,0.044,SU_peb,0.002,SU_cob,0,SU_bould
2024_10_08_11-39-45.jpg,3055,2886,RE_bush,red_algae_bushy,TRUE,224,1,RE_bush,0,RE_branch,0,BR_sarg,0,SU_bould,0,KE_sugar
2024_10_08_11-39-45.jpg,3120,3728,RE_bush,red_algae_bushy,TRUE,224,0.996,RE_bush,0.002,RE_fil,0.001,BR_sarg,0,RE_branch,0,RE_leaf
2024_10_08_11-39-45.jpg,521,900,GR_ulva,green_algae_ulva,TRUE,224,1,GR_ulva,0,SU_peb,0,KE_stipe,0,MS,0,SU_bould
2024_10_08_11-39-45.jpg,2547,1612,Review,Review,TRUE,224,0.454,RE_bush,0.34,SU_peb,0.174,GR_ulva,0.023,SU_sand,0.003,MS
2024_10_08_11-39-45.jpg,1377,3761,Review,Review,TRUE,224,0.613,KE_sugar,0.367,KE_bull,0.009,GR_ulva,0.006,KE_stipe,0.003,MS
2024_10_08_11-39-45.jpg,140,1826,GR_ulva,green_algae_ulva,TRUE,224,1,GR_ulva,0,KE_5rib,0,KE_sugar,0,unknown,0,RE_leaf
2024_10_08_11-39-45.jpg,2522,2573,Review,Review,TRUE,224,0.468,SU_cob,0.314,GR_ulva,0.181,SU_bould,0.03,SU_peb,0.003,KE_stipe
2024_10_08_11-39-45.jpg,1072,2642,SU_silt,silt,TRUE,224,0.974,SU_silt,0.022,KE_bull,0.001,KE_sugar,0.001,GR_ulva,0.001,SU_shell
2024_10_08_11-39-45.jpg,1989,2440,KE_bull,kelp_bull_ blade,TRUE,224,0.997,KE_bull,0.002,SU_peb,0.001,GR_ulva,0.001,BR_sarg,0,SU_shell
2024_10_08_11-39-45.jpg,3288,2019,SU_sand,sand_fine_shell,TRUE,224,0.95,SU_sand,0.037,SU_cob,0.011,SU_shell,0.002,SU_bould,0,KE_sugar
2024_10_08_11-39-45.jpg,3877,3104,Review,Review,TRUE,224,0.716,RE_leaf,0.263,KE_5rib,0.014,RE_bush,0.003,MS,0.002,KE_sugar
2024_10_08_11-39-45.jpg,3239,2638,RE_leaf,red_algae_flat_leaf,TRUE,224,1,RE_leaf,0,RE_bush,0,SU_peb,0,MS,0,KE_5rib
2024_10_08_11-39-45.jpg,414,2209,SU_sand,sand_fine_shell,TRUE,224,0.99,SU_sand,0.005,SU_peb,0.004,SU_silt,0,SU_cob,0,SU_shell
2024_10_08_11-39-45.jpg,3880,2391,Review,Review,TRUE,224,0.445,RE_leaf,0.361,MS,0.184,GR_ulva,0.006,KE_bull,0.002,KE_5rib
2024_10_08_11-39-45.jpg,3472,123,GR_ulva,green_algae_ulva,TRUE,224,1,GR_ulva,0,SU_peb,0,SU_cob,0,KE_stipe,0,BR_sarg
2024_10_08_11-39-45.jpg,2337,4007,Review,Review,TRUE,224,0.756,SU_cob,0.113,SU_peb,0.049,SU_sand,0.042,SU_bould,0.019,MS
2024_10_08_11-39-45.jpg,389,1826,GR_ulva,green_algae_ulva,TRUE,224,0.998,GR_ulva,0.002,SU_peb,0,KE_sugar,0,SU_silt,0,SU_shell
2024_10_08_11-39-45.jpg,2398,2540,Review,Review,TRUE,224,0.793,GR_ulva,0.058,MS,0.051,SU_peb,0.038,SU_cob,0.032,KE_stipe
2024_10_08_11-39-45.jpg,3659,2247,RE_fil,red_algae_filamentous,TRUE,224,0.987,RE_fil,0.006,SU_bould,0.005,MS,0.001,KE_sieve,0,KE_stipe
2024_10_08_11-39-45.jpg,1103,3550,GR_ulva,green_algae_ulva,TRUE,224,1,GR_ulva,0,KE_sieve,0,KE_5rib,0,unknown,0,RE_leaf
2024_10_08_11-39-45.jpg,826,2886,Review,Review,TRUE,224,0.504,SU_peb,0.489,GR_ulva,0.004,KE_bull,0.002,KE_stipe,0.001,SU_cob
2024_10_08_11-39-45.jpg,2426,1854,GR_ulva,green_algae_ulva,TRUE,224,1,GR_ulva,0,BR_sarg,0,SU_bould,0,KE_sieve,0,KE_stipe
2024_10_08_11-39-45.jpg,656,804,GR_ulva,green_algae_ulva,TRUE,224,0.978,GR_ulva,0.022,SU_peb,0,KE_stipe,0,MS,0,SU_cob
2024_10_08_11-39-45.jpg,2103,3962,GR_ulva,green_algae_ulva,TRUE,224,0.937,GR_ulva,0.025,SU_bould,0.019,SU_cob,0.018,KE_stipe,0.001,SU_peb
2024_10_08_11-39-45.jpg,2505,1184,GR_ulva,green_algae_ulva,TRUE,224,1,GR_ulva,0,BR_sarg,0,KE_sugar,0,KE_sieve,0,RE_leaf
2024_10_08_11-39-45.jpg,3309,357,Review,Review,TRUE,224,0.899,SU_peb,0.084,SU_cob,0.007,MS,0.004,KE_stipe,0.002,RE_CCA
2024_10_08_11-39-45.jpg,3218,3078,RE_bush,red_algae_bushy,TRUE,224,0.991,RE_bush,0.006,RE_branch,0.002,SU_bould,0,KE_sieve,0,RE_fil
2024_10_08_11-39-45.jpg,1870,1932,Review,Review,TRUE,224,0.824,RE_fil,0.171,RE_bush,0.003,KE_stipe,0.001,BR_sarg,0.001,RE_leaf
2024_10_08_11-39-45.jpg,427,3956,Review,Review,TRUE,224,0.777,GR_ulva,0.102,MS,0.057,KE_stipe,0.035,RE_leaf,0.008,BR_fucus
2024_10_08_11-39-45.jpg,529,1552,GR_ulva,green_algae_ulva,TRUE,224,1,GR_ulva,0,BR_sarg,0,SU_bould,0,KE_stipe,0,SU_peb
2024_10_08_11-39-45.jpg,1293,2845,GR_ulva,green_algae_ulva,TRUE,224,1,GR_ulva,0,KE_bull,0,KE_stipe,0,KE_sieve,0,RE_leaf
2024_10_08_11-39-45.jpg,320,458,SU_peb,pebble,TRUE,224,0.941,SU_peb,0.057,SU_silt,0.001,SU_cob,0,RE_bush,0,SU_shell
2024_10_08_11-39-45.jpg,139,2328,GR_ulva,green_algae_ulva,TRUE,224,1,GR_ulva,0,SU_peb,0,KE_stipe,0,BR_sarg,0,KE_bull
2024_10_08_11-39-45.jpg,2687,2841,Review,Review,TRUE,224,0.683,RE_bush,0.238,SU_peb,0.075,SU_cob,0.001,KE_sugar,0.001,SU_bould
2024_10_08_11-39-45.jpg,2645,3296,RE_bush,red_algae_bushy,TRUE,224,0.976,RE_bush,0.024,KE_holdfas,0,RE_fil,0,RE_branch,0,BR_sarg
2024_10_08_11-39-54.jpg,1368,2923,GR_ulva,green_algae_ulva,TRUE,224,1,GR_ulva,0,SU_peb,0,MS,0,KE_bull,0,RE_leaf
2024_10_08_11-39-54.jpg,3874,2931,GR_ulva,green_algae_ulva,TRUE,224,0.999,GR_ulva,0.001,unknown,0,KE_5rib,0,KE_sieve,0,RE_fil
2024_10_08_11-39-54.jpg,248,3512,GR_ulva,green_algae_ulva,TRUE,224,1,GR_ulva,0,KE_5rib,0,unknown,0,KE_stipe,0,KE_sugar
2024_10_08_11-39-54.jpg,3172,4492,SU_silt,silt,TRUE,224,1,SU_silt,0,SU_peb,0,SU_shell,0,SU_sand,0,RE_bush
2024_10_08_11-39-54.jpg,2001,556,GR_ulva,green_algae_ulva,TRUE,224,1,GR_ulva,0,KE_5rib,0,KE_sieve,0,RE_leaf,0,unknown
2024_10_08_11-39-54.jpg,473,685,Review,Review,TRUE,224,0.731,BR_fucus,0.269,GR_ulva,0,KE_stipe,0,unknown,0,BR_sarg
2024_10_08_11-39-54.jpg,298,1346,RE_bush,red_algae_bushy,TRUE,224,0.998,RE_bush,0.001,MS,0.001,GR_ulva,0,KE_stipe,0,SU_peb
2024_10_08_11-39-54.jpg,1956,1491,GR_ulva,green_algae_ulva,TRUE,224,1,GR_ulva,0,RE_leaf,0,KE_5rib,0,KE_sieve,0,KE_bull
2024_10_08_11-39-54.jpg,574,4232,GR_ulva,green_algae_ulva,TRUE,224,0.922,GR_ulva,0.052,KE_stipe,0.017,KE_5rib,0.005,SU_bould,0.002,RE_leaf
2024_10_08_11-39-54.jpg,1751,4101,SU_silt,silt,TRUE,224,0.977,SU_silt,0.018,SU_sand,0.002,SU_cob,0.001,MS,0,SU_peb
2024_10_08_11-39-54.jpg,822,545,GR_ulva,green_algae_ulva,TRUE,224,1,GR_ulva,0,unknown,0,RE_leaf,0,BR_sarg,0,MS
2024_10_08_11-39-54.jpg,2572,1143,GR_ulva,green_algae_ulva,TRUE,224,1,GR_ulva,0,MS,0,RE_leaf,0,KE_bull,0,KE_stipe
2024_10_08_11-39-54.jpg,2151,3886,GR_ulva,green_algae_ulva,TRUE,224,1,GR_ulva,0,unknown,0,KE_5rib,0,KE_sugar,0,SU_bould
2024_10_08_11-39-54.jpg,2874,3445,SU_silt,silt,TRUE,224,0.997,SU_silt,0.003,SU_shell,0,MS,0,SU_sand,0,SU_peb
2024_10_08_11-39-54.jpg,2212,1112,GR_ulva,green_algae_ulva,TRUE,224,1,GR_ulva,0,RE_leaf,0,KE_sieve,0,KE_bull,0,KE_stipe
2024_10_08_11-39-54.jpg,3612,403,SU_sand,sand_fine_shell,TRUE,224,0.996,SU_sand,0.003,MS,0,SU_cob,0,SU_shell,0,SU_bould
2024_10_08_11-39-54.jpg,2142,2044,GR_ulva,green_algae_ulva,TRUE,224,0.993,GR_ulva,0.006,RE_bush,0,MS,0,BR_sarg,0,KE_stipe
2024_10_08_11-39-54.jpg,3232,2109,SU_silt,silt,TRUE,224,0.991,SU_silt,0.004,KE_sugar,0.002,MS,0.001,SU_sand,0.001,RE_leaf
2024_10_08_11-39-54.jpg,2594,273,GR_ulva,green_algae_ulva,TRUE,224,0.997,GR_ulva,0.001,MS,0.001,KE_stipe,0,RE_leaf,0,RE_fil
2024_10_08_11-39-54.jpg,3420,738,SU_sand,sand_fine_shell,TRUE,224,1,SU_sand,0,SU_peb,0,SU_silt,0,SU_cob,0,RE_bush
2024_10_08_11-39-54.jpg,3862,933,Review,Review,TRUE,224,0.81,SU_peb,0.132,GR_ulva,0.044,SU_bould,0.01,KE_stipe,0.003,SU_sand
2024_10_08_11-39-54.jpg,3205,670,Review,Review,TRUE,224,0.501,SU_sand,0.477,SU_peb,0.02,SU_cob,0.002,SU_silt,0,KE_stipe
2024_10_08_11-39-54.jpg,133,3221,GR_ulva,green_algae_ulva,TRUE,224,1,GR_ulva,0,unknown,0,RE_leaf,0,KE_5rib,0,KE_sugar
2024_10_08_11-39-54.jpg,3247,1427,SU_silt,silt,TRUE,224,0.978,SU_silt,0.015,SU_cob,0.004,SU_peb,0.002,SU_shell,0,KE_sieve
2024_10_08_11-39-54.jpg,3505,2140,GR_ulva,green_algae_ulva,TRUE,224,0.995,GR_ulva,0.004,KE_stipe,0.001,KE_sugar,0,KE_bull,0,unknown
2024_10_08_11-39-54.jpg,3588,3618,GR_ulva,green_algae_ulva,TRUE,224,1,GR_ulva,0,unknown,0,KE_5rib,0,MS,0,KE_sugar
2024_10_08_11-39-54.jpg,870,742,GR_ulva,green_algae_ulva,TRUE,224,1,GR_ulva,0,KE_stipe,0,unknown,0,BR_fucus,0,RE_leaf
2024_10_08_11-39-54.jpg,2734,2537,Review,Review,TRUE,224,0.666,SU_shell,0.135,MS,0.046,KE_sugar,0.034,GR_ulva,0.03,SU_silt
2024_10_08_11-39-54.jpg,3599,1831,GR_ulva,green_algae_ulva,TRUE,224,1,GR_ulva,0,KE_5rib,0,SU_cob,0,unknown,0,KE_sugar
2024_10_08_11-39-54.jpg,1254,3579,GR_ulva,green_algae_ulva,TRUE,224,1,GR_ulva,0,SU_peb,0,SU_silt,0,SU_cob,0,SU_bould
2024_10_08_11-39-54.jpg,2558,2730,Review,Review,TRUE,224,0.824,SU_peb,0.066,GR_ulva,0.043,MS,0.043,SU_sand,0.014,KE_bull
2024_10_08_11-39-54.jpg,1790,544,GR_ulva,green_algae_ulva,TRUE,224,0.998,GR_ulva,0.001,MS,0,RE_branch,0,KE_stipe,0,BR_sarg
2024_10_08_11-39-54.jpg,3131,4141,SU_sand,sand_fine_shell,TRUE,224,0.959,SU_sand,0.04,SU_peb,0.001,SU_cob,0,SU_silt,0,MS
2024_10_08_11-39-54.jpg,2384,1534,GR_ulva,green_algae_ulva,TRUE,224,1,GR_ulva,0,KE_5rib,0,BR_sarg,0,RE_leaf,0,KE_stipe
2024_10_08_11-39-54.jpg,999,1813,BR_sarg,brown_algae_sargassum,TRUE,224,1,BR_sarg,0,RE_branch,0,KE_5rib,0,BR_fucus,0,RE_bush
2024_10_08_11-39-54.jpg,1468,3779,Review,Review,TRUE,224,0.6,SU_silt,0.389,SU_peb,0.006,SU_cob,0.003,SU_sand,0.001,RE_bush
2024_10_08_11-39-54.jpg,2316,938,GR_ulva,green_algae_ulva,TRUE,224,1,GR_ulva,0,MS,0,SI_kelpBry,0,RE_leaf,0,KE_stipe
2024_10_08_11-39-54.jpg,3488,297,Review,Review,TRUE,224,0.59,KE_stipe,0.27,GR_ulva,0.127,MS,0.004,SU_bould,0.003,KE_5rib
2024_10_08_11-39-54.jpg,1795,4311,GR_ulva,green_algae_ulva,TRUE,224,1,GR_ulva,0,KE_stipe,0,RE_leaf,0,KE_5rib,0,unknown
2024_10_08_11-39-54.jpg,182,2789,Review,Review,TRUE,224,0.832,SU_peb,0.116,SU_cob,0.036,KE_sugar,0.01,SU_shell,0.002,GR_ulva
2024_10_08_11-39-54.jpg,476,1427,Review,Review,TRUE,224,0.701,RE_bush,0.258,RE_branch,0.038,RE_fil,0.003,SU_bould,0,KE_holdfas
2024_10_08_11-39-54.jpg,1746,1726,GR_ulva,green_algae_ulva,TRUE,224,1,GR_ulva,0,KE_stipe,0,MS,0,RE_leaf,0,KE_bull
2024_10_08_11-39-54.jpg,1026,4375,SU_peb,pebble,TRUE,224,0.975,SU_peb,0.014,GR_ulva,0.006,RE_bush,0.003,SU_bould,0.002,SU_cob
2024_10_08_11-39-54.jpg,2560,4237,GR_ulva,green_algae_ulva,TRUE,224,0.934,GR_ulva,0.064,KE_stipe,0.001,SU_peb,0,BR_fucus,0,BR_sarg
2024_10_08_11-39-54.jpg,3269,425,SU_sand,sand_fine_shell,TRUE,224,0.98,SU_sand,0.02,SU_silt,0,SU_peb,0,SU_shell,0,RE_bush
2024_10_08_11-39-54.jpg,666,3700,GR_ulva,green_algae_ulva,TRUE,224,1,GR_ulva,0,KE_5rib,0,BR_sarg,0,SU_cob,0,RE_leaf
2024_10_08_11-39-54.jpg,1992,4362,GR_ulva,green_algae_ulva,TRUE,224,1,GR_ulva,0,SU_peb,0,KE_stipe,0,BR_sarg,0,RE_leaf
2024_10_08_11-39-54.jpg,3159,1306,Review,Review,TRUE,224,0.529,GR_ulva,0.445,SU_bould,0.025,SU_cob,0,KE_stipe,0,BR_fucus
2024_10_08_11-39-54.jpg,2733,1872,SU_silt,silt,TRUE,224,1,SU_silt,0,MS,0,SU_shell,0,SU_sand,0,RE_CCA
2024_10_08_11-39-54.jpg,982,3203,Review,Review,TRUE,224,0.613,GR_ulva,0.313,MS,0.052,SU_peb,0.015,KE_stipe,0.002,SU_cob
2024_10_08_11-40-03.jpg,274,1368,SU_silt,silt,TRUE,224,0.998,SU_silt,0.002,MS,0,SU_shell,0,SU_sand,0,SU_peb
2024_10_08_11-40-03.jpg,3079,515,RE_bush,red_algae_bushy,TRUE,224,0.998,RE_bush,0.001,MS,0,GR_ulva,0,SU_peb,0,KE_stipe
2024_10_08_11-40-03.jpg,1015,620,GR_ulva,green_algae_ulva,TRUE,224,0.998,GR_ulva,0.001,SU_bould,0,KE_stipe,0,SU_peb,0,BR_sarg
2024_10_08_11-40-03.jpg,461,533,GR_ulva,green_algae_ulva,TRUE,224,0.922,GR_ulva,0.05,RE_bush,0.014,KE_stipe,0.008,BR_sarg,0.003,MS
2024_10_08_11-40-03.jpg,2158,835,GR_ulva,green_algae_ulva,TRUE,224,1,GR_ulva,0,KE_5rib,0,RE_leaf,0,BR_sarg,0,unknown
2024_10_08_11-40-03.jpg,1913,3031,GR_ulva,green_algae_ulva,TRUE,224,1,GR_ulva,0,KE_stipe,0,BR_sarg,0,KE_bull,0,SU_bould
2024_10_08_11-40-03.jpg,3107,3963,Review,Review,TRUE,224,0.761,SU_silt,0.162,KE_5rib,0.054,RE_bush,0.011,KE_sieve,0.004,SU_peb
2024_10_08_11-40-03.jpg,2110,2959,GR_ulva,green_algae_ulva,TRUE,224,1,GR_ulva,0,KE_bull,0,RE_CCA,0,RE_leaf,0,SU_bould
2024_10_08_11-40-03.jpg,2935,3165,GR_ulva,green_algae_ulva,TRUE,224,1,GR_ulva,0,KE_bull,0,KE_stipe,0,MS,0,SU_peb
2024_10_08_11-40-03.jpg,2219,2534,GR_ulva,green_algae_ulva,TRUE,224,0.999,GR_ulva,0.001,SU_silt,0,KE_bull,0,SU_cob,0,RE_CCA
2024_10_08_11-40-03.jpg,2669,3637,GR_ulva,green_algae_ulva,TRUE,224,1,GR_ulva,0,KE_bull,0,KE_stipe,0,unknown,0,BR_sarg
2024_10_08_11-40-03.jpg,3447,494,SU_cob,cobble,TRUE,224,0.997,SU_cob,0.003,SU_peb,0,MS,0,GR_ulva,0,SU_shell
2024_10_08_11-40-03.jpg,541,4045,SU_bould,boulder,TRUE,224,0.996,SU_bould,0.002,RE_fil,0.001,KE_sugar,0,KE_sieve,0,KE_5rib
2024_10_08_11-40-03.jpg,3649,4001,Review,Review,TRUE,224,0.822,RE_bush,0.114,KE_sugar,0.045,RE_fil,0.008,KE_5rib,0.003,KE_stipe
2024_10_08_11-40-03.jpg,2698,1209,GR_ulva,green_algae_ulva,TRUE,224,1,GR_ulva,0,BR_sarg,0,KE_sieve,0,MS,0,SU_peb
2024_10_08_11-40-03.jpg,872,285,GR_ulva,green_algae_ulva,TRUE,224,1,GR_ulva,0,BR_sarg,0,SU_cob,0,SU_peb,0,KE_stipe
2024_10_08_11-40-03.jpg,157,3536,GR_ulva,green_algae_ulva,TRUE,224,0.995,GR_ulva,0.004,KE_sieve,0,KE_stipe,0,unknown,0,MS
2024_10_08_11-40-03.jpg,750,2709,RE_fil,red_algae_filamentous,TRUE,224,0.964,RE_fil,0.014,KE_stipe,0.012,SU_bould,0.007,KE_sieve,0.003,MS
2024_10_08_11-40-03.jpg,1377,2882,Review,Review,TRUE,224,0.48,RE_bush,0.268,RE_fil,0.067,RE_leaf,0.058,GR_ulva,0.049,BR_sarg
2024_10_08_11-40-03.jpg,1403,756,Review,Review,TRUE,224,0.638,GR_ulva,0.198,SU_peb,0.158,KE_stipe,0.003,SU_shell,0.002,KE_bull
2024_10_08_11-40-03.jpg,779,3684,RE_leaf,red_algae_flat_leaf,TRUE,224,0.989,RE_leaf,0.01,RE_fil,0.001,KE_stipe,0,SU_peb,0,MS
2024_10_08_11-40-03.jpg,2008,1612,GR_ulva,green_algae_ulva,TRUE,224,1,GR_ulva,0,RE_leaf,0,KE_bull,0,KE_sieve,0,SI
2024_10_08_11-40-03.jpg,3261,1307,RE_fil,red_algae_filamentous,TRUE,224,0.998,RE_fil,0,SU_bould,0,RE_leaf,0,RE_bush,0,RE_branch
2024_10_08_11-40-03.jpg,2189,3212,GR_ulva,green_algae_ulva,TRUE,224,0.995,GR_ulva,0.004,KE_stipe,0.001,KE_bull,0,MS,0,BR_sarg
2024_10_08_11-40-03.jpg,3828,2636,GR_ulva,green_algae_ulva,TRUE,224,1,GR_ulva,0,RE_leaf,0,KE_bull,0,KE_stipe,0,KE_5rib
2024_10_08_11-40-03.jpg,1946,4099,GR_ulva,green_algae_ulva,TRUE,224,1,GR_ulva,0,unknown,0,KE_sieve,0,KE_5rib,0,RE_fil
2024_10_08_11-40-03.jpg,2090,1194,GR_ulva,green_algae_ulva,TRUE,224,1,GR_ulva,0,unknown,0,RE_leaf,0,KE_sieve,0,KE_stipe
2024_10_08_11-40-03.jpg,1057,3786,Review,Review,TRUE,224,0.756,RE_fil,0.244,RE_leaf,0,MS,0,SU_bould,0,KE_sugar
2024_10_08_11-40-03.jpg,2423,3578,GR_ulva,green_algae_ulva,TRUE,224,0.978,GR_ulva,0.021,unknown,0,KE_5rib,0,RE_leaf,0,KE_sieve
2024_10_08_11-40-03.jpg,259,2182,GR_ulva,green_algae_ulva,TRUE,224,1,GR_ulva,0,BR_sarg,0,MS,0,SU_peb,0,KE_stipe
2024_10_08_11-40-03.jpg,3121,3846,SU_silt,silt,TRUE,224,1,SU_silt,0,SU_sand,0,SU_shell,0,RE_bush,0,SU_peb
2024_10_08_11-40-03.jpg,175,1241,SU_silt,silt,TRUE,224,0.966,SU_silt,0.02,SU_peb,0.014,MS,0,RE_bush,0,SU_sand
2024_10_08_11-40-03.jpg,2455,4243,GR_ulva,green_algae_ulva,TRUE,224,1,GR_ulva,0,KE_5rib,0,unknown,0,KE_stipe,0,SU_bould
2024_10_08_11-40-03.jpg,2698,4438,RE_fil,red_algae_filamentous,TRUE,224,0.995,RE_fil,0.005,RE_leaf,0.001,KE_sugar,0,RE_CCA,0,GR_ulva
2024_10_08_11-40-03.jpg,1249,888,Review,Review,TRUE,224,0.448,SU_peb,0.185,MS,0.177,GR_ulva,0.128,KE_stipe,0.049,RE_leaf
2024_10_08_11-40-03.jpg,666,3165,GR_ulva,green_algae_ulva,TRUE,224,1,GR_ulva,0,KE_bull,0,RE_leaf,0,MS,0,SU_cob
2024_10_08_11-40-03.jpg,1734,2229,GR_ulva,green_algae_ulva,TRUE,224,1,GR_ulva,0,RE_leaf,0,KE_5rib,0,KE_bull,0,KE_sugar
2024_10_08_11-40-03.jpg,3033,163,RE_bush,red_algae_bushy,TRUE,224,0.992,RE_bush,0.004,SU_sand,0.001,KE_5rib,0.001,SU_silt,0,SU_peb
2024_10_08_11-40-03.jpg,553,1853,Review,Review,TRUE,224,0.815,GR_ulva,0.149,KE_sugar,0.033,SU_silt,0.001,SU_peb,0.001,SU_cob
2024_10_08_11-40-03.jpg,1341,1710,GR_ulva,green_algae_ulva,TRUE,224,1,GR_ulva,0,SU_peb,0,RE_leaf,0,KE_5rib,0,KE_stipe
2024_10_08_11-40-03.jpg,358,2842,Review,Review,TRUE,224,0.544,KE_stipe,0.18,KE_bull,0.171,MS,0.054,RE_fil,0.02,SU_peb
2024_10_08_11-40-03.jpg,180,3940,KE_sieve,kelp_sieve,TRUE,224,0.945,KE_sieve,0.019,GR_ulva,0.017,KE_5rib,0.012,unknown,0.002,KE_stipe
2024_10_08_11-40-03.jpg,2129,2112,GR_ulva,green_algae_ulva,TRUE,224,1,GR_ulva,0,BR_sarg,0,KE_stipe,0,KE_bull,0,SU_bould
2024_10_08_11-40-03.jpg,3570,4247,Review,Review,TRUE,224,0.807,KE_sieve,0.191,GR_ulva,0.002,KE_stipe,0,KE_5rib,0,unknown
2024_10_08_11-40-03.jpg,3801,3332,GR_ulva,green_algae_ulva,TRUE,224,0.998,GR_ulva,0.002,KE_sieve,0,KE_stipe,0,KE_5rib,0,SU_bould
2024_10_08_11-40-03.jpg,2024,658,GR_ulva,green_algae_ulva,TRUE,224,1,GR_ulva,0,RE_leaf,0,KE_5rib,0,BR_sarg,0,SU_peb
2024_10_08_11-40-03.jpg,964,1859,Review,Review,TRUE,224,0.49,KE_stipe,0.173,SU_cob,0.15,KE_sugar,0.139,MS,0.013,SU_silt
2024_10_08_11-40-03.jpg,2000,2330,GR_ulva,green_algae_ulva,TRUE,224,1,GR_ulva,0,SU_bould,0,KE_stipe,0,KE_bull,0,BR_sarg
2024_10_08_11-40-03.jpg,652,1718,SU_silt,silt,TRUE,224,0.979,SU_silt,0.012,SU_peb,0.004,KE_sieve,0.002,KE_sugar,0.001,MS
2024_10_08_11-40-03.jpg,1699,4314,GR_ulva,green_algae_ulva,TRUE,224,1,GR_ulva,0,KE_sieve,0,unknown,0,KE_stipe,0,KE_5rib
2024_10_08_11-40-12.jpg,469,3485,KE_sugar,kelp_sugar,TRUE,224,0.97,KE_sugar,0.027,MS,0.002,KE_5rib,0.001,SU_silt,0,RE_leaf
2024_10_08_11-40-12.jpg,2522,3931,Review,Review,TRUE,224,0.735,SU_sand,0.14,SU_silt,0.055,KE_sugar,0.029,RE_bush,0.011,SU_shell
2024_10_08_11-40-12.jpg,3383,2640,GR_ulva,green_algae_ulva,TRUE,224,1,GR_ulva,0,RE_leaf,0,KE_sieve,0,KE_bull,0,MS
2024_10_08_11-40-12.jpg,3747,3479,Review,Review,TRUE,224,0.881,SU_bould,0.038,KE_holdfas,0.036,SU_cob,0.025,BR_sarg,0.007,KE_sugar
2024_10_08_11-40-12.jpg,3826,1127,Review,Review,TRUE,224,0.884,GR_ulva,0.113,SU_bould,0.003,KE_stipe,0,MS,0,SU_cob
2024_10_08_11-40-12.jpg,3476,4067,RE_bush,red_algae_bushy,TRUE,224,0.996,RE_bush,0.004,KE_sugar,0,KE_stipe,0,KE_5rib,0,SU_bould
2024_10_08_11-40-12.jpg,3685,4274,Review,Review,TRUE,224,0.564,KE_stipe,0.277,KE_5rib,0.057,SU_cob,0.05,SU_peb,0.018,MS
2024_10_08_11-40-12.jpg,340,3148,GR_ulva,green_algae_ulva,TRUE,224,1,GR_ulva,0,KE_5rib,0,KE_sugar,0,unknown,0,KE_sieve
2024_10_08_11-40-12.jpg,247,1399,KE_sugar,kelp_sugar,TRUE,224,0.947,KE_sugar,0.053,KE_5rib,0,KE_stipe,0,SU_bould,0,MS
2024_10_08_11-40-12.jpg,1085,3471,Review,Review,TRUE,224,0.719,SU_peb,0.268,GR_ulva,0.008,MS,0.002,KE_stipe,0.001,SU_cob
2024_10_08_11-40-12.jpg,172,3402,GR_ulva,green_algae_ulva,TRUE,224,1,GR_ulva,0,KE_5rib,0,unknown,0,KE_sieve,0,SU_cob
2024_10_08_11-40-12.jpg,491,3744,KE_5rib,kelp_five_rib,TRUE,224,0.959,KE_5rib,0.027,KE_sugar,0.006,KE_sieve,0.004,MS,0.002,RE_leaf
2024_10_08_11-40-12.jpg,3651,2020,Review,Review,TRUE,224,0.788,SU_sand,0.119,MS,0.058,SU_peb,0.021,SU_bould,0.007,SU_cob
2024_10_08_11-40-12.jpg,3426,2391,Review,Review,TRUE,224,0.738,RE_bush,0.146,GR_ulva,0.056,MS,0.045,KE_stipe,0.009,KE_bull
2024_10_08_11-40-12.jpg,726,1084,KE_5rib,kelp_five_rib,TRUE,224,0.994,KE_5rib,0.005,KE_sieve,0.001,KE_sugar,0,KE_stipe,0,SU_bould
2024_10_08_11-40-12.jpg,3801,851,Review,Review,TRUE,224,0.325,BR_sarg,0.264,SU_bould,0.186,SU_cob,0.085,SU_sand,0.065,SU_shell
2024_10_08_11-40-12.jpg,1277,4341,GR_ulva,green_algae_ulva,TRUE,224,0.998,GR_ulva,0.002,unknown,0,KE_sieve,0,KE_5rib,0,KE_stipe
2024_10_08_11-40-12.jpg,2414,2981,RE_fil,red_algae_filamentous,TRUE,224,0.906,RE_fil,0.077,SU_bould,0.006,RE_bush,0.004,BR_sarg,0.003,KE_stipe
2024_10_08_11-40-12.jpg,2940,2009,Review,Review,TRUE,224,0.734,RE_fil,0.211,KE_sugar,0.036,RE_leaf,0.01,KE_stipe,0.005,MS
2024_10_08_11-40-12.jpg,301,2561,GR_ulva,green_algae_ulva,TRUE,224,1,GR_ulva,0,KE_sugar,0,unknown,0,RE_fil,0,KE_5rib
2024_10_08_11-40-12.jpg,319,1546,KE_sugar,kelp_sugar,TRUE,224,0.998,KE_sugar,0.001,SU_bould,0,RE_leaf,0,KE_sieve,0,RE_fil
2024_10_08_11-40-12.jpg,2978,3371,BR_sarg,brown_algae_sargassum,TRUE,224,0.929,BR_sarg,0.064,RE_branch,0.007,RE_bush,0,SU_bould,0,KE_sieve
2024_10_08_11-40-12.jpg,2764,813,GR_ulva,green_algae_ulva,TRUE,224,1,GR_ulva,0,KE_stipe,0,SU_bould,0,KE_holdfas,0,KE_bull
2024_10_08_11-40-12.jpg,450,4332,GR_ulva,green_algae_ulva,TRUE,224,0.916,GR_ulva,0.071,KE_sugar,0.008,MS,0.002,unknown,0.001,KE_sieve
2024_10_08_11-40-12.jpg,1453,3761,Review,Review,TRUE,224,0.729,GR_ulva,0.16,KE_sugar,0.049,BR_sarg,0.028,RE_fil,0.013,KE_stipe
2024_10_08_11-40-12.jpg,3387,1015,Review,Review,TRUE,224,0.491,BR_sarg,0.236,RE_branch,0.19,KE_5rib,0.064,RE_fil,0.014,KE_sugar
2024_10_08_11-40-12.jpg,449,866,Review,Review,TRUE,224,0.808,KE_stipe,0.072,MS,0.045,KE_sugar,0.018,SU_cob,0.017,SI_kelpBry
2024_10_08_11-40-12.jpg,553,3307,KE_sugar,kelp_sugar,TRUE,224,0.998,KE_sugar,0.001,KE_bull,0,KE_stipe,0,GR_ulva,0,RE_leaf
2024_10_08_11-40-12.jpg,2119,1191,GR_ulva,green_algae_ulva,TRUE,224,0.994,GR_ulva,0.003,RE_leaf,0.002,KE_bull,0,KE_5rib,0,KE_stipe
2024_10_08_11-40-12.jpg,2424,2091,RE_bush,red_algae_bushy,TRUE,224,0.992,RE_bush,0.005,SU_sand,0.002,SI,0.001,RE_branch,0.001,SU_peb
2024_10_08_11-40-12.jpg,335,1005,KE_sugar,kelp_sugar,TRUE,224,0.918,KE_sugar,0.038,KE_5rib,0.021,RE_branch,0.014,BR_sarg,0.002,KE_stipe
2024_10_08_11-40-12.jpg,3162,4219,KE_sugar,kelp_sugar,TRUE,224,0.985,KE_sugar,0.007,KE_5rib,0.004,RE_leaf,0.003,SI_kelpBry,0,BR_fucus
2024_10_08_11-40-12.jpg,2600,3040,RE_fil,red_algae_filamentous,TRUE,224,0.946,RE_fil,0.033,MS,0.01,GR_ulva,0.004,KE_sugar,0.003,KE_stipe
2024_10_08_11-40-12.jpg,411,1425,KE_sugar,kelp_sugar,TRUE,224,0.999,KE_sugar,0.001,KE_5rib,0,KE_sieve,0,SU_silt,0,KE_stipe
2024_10_08_11-40-12.jpg,3514,2154,RE_bush,red_algae_bushy,TRUE,224,0.984,RE_bush,0.011,GR_ulva,0.003,MS,0.001,KE_stipe,0,KE_bull
2024_10_08_11-40-12.jpg,861,3529,Review,Review,TRUE,224,0.648,SU_silt,0.25,MS,0.076,SU_cob,0.013,SU_peb,0.006,KE_sugar
2024_10_08_11-40-12.jpg,3570,4301,KE_5rib,kelp_five_rib,TRUE,224,0.909,KE_5rib,0.044,KE_sieve,0.02,KE_stipe,0.012,RE_bush,0.008,KE_sugar
2024_10_08_11-40-12.jpg,150,3558,Review,Review,TRUE,224,0.419,SU_cob,0.207,GR_ulva,0.159,SU_peb,0.113,SI,0.091,KE_bull
2024_10_08_11-40-12.jpg,2393,986,GR_ulva,green_algae_ulva,TRUE,224,1,GR_ulva,0,KE_5rib,0,BR_sarg,0,KE_holdfas,0,SU_cob
2024_10_08_11-40-12.jpg,1592,2451,GR_ulva,green_algae_ulva,TRUE,224,1,GR_ulva,0,SU_peb,0,KE_stipe,0,MS,0,SI_kelpBry
2024_10_08_11-40-12.jpg,1428,2663,SU_sand,sand_fine_shell,TRUE,224,0.993,SU_sand,0.003,SU_silt,0.003,SU_peb,0.002,SU_shell,0,RE_bush
2024_10_08_11-40-12.jpg,3150,4349,Review,Review,TRUE,224,0.434,RE_leaf,0.399,KE_sugar,0.054,SI_kelpBry,0.041,KE_stipe,0.027,KE_5rib
2024_10_08_11-40-12.jpg,2026,2706,Review,Review,TRUE,224,0.337,SU_silt,0.315,SU_sand,0.191,SU_peb,0.098,RE_bush,0.021,SI
2024_10_08_11-40-12.jpg,179,1716,KE_sugar,kelp_sugar,TRUE,224,1,KE_sugar,0,SU_silt,0,RE_fil,0,RE_leaf,0,KE_sieve
2024_10_08_11-40-12.jpg,1759,315,Review,Review,TRUE,224,0.788,SU_sand,0.212,SU_silt,0,MS,0,SU_cob,0,SU_shell
2024_10_08_11-40-12.jpg,540,1827,Review,Review,TRUE,224,0.773,SU_sand,0.195,SU_bould,0.028,BR_sarg,0.004,SU_shell,0,RE_CCA
2024_10_08_11-40-12.jpg,448,3999,Review,Review,TRUE,224,0.886,KE_sugar,0.089,KE_5rib,0.012,SU_silt,0.008,GR_ulva,0.002,SU_bould
2024_10_08_11-40-12.jpg,751,4169,SU_silt,silt,TRUE,224,0.946,SU_silt,0.049,SU_cob,0.003,KE_sugar,0.002,SU_peb,0,KE_5rib
2024_10_08_11-40-12.jpg,3174,686,RE_fil,red_algae_filamentous,TRUE,224,0.952,RE_fil,0.024,KE_stipe,0.011,SU_bould,0.007,RE_branch,0.003,RE_bush
2024_10_08_11-40-12.jpg,1502,4360,GR_ulva,green_algae_ulva,TRUE,224,0.996,GR_ulva,0.004,unknown,0,KE_sieve,0,KE_stipe,0,KE_sugar
2024_10_08_11-40-21.jpg,661,1851,GR_ulva,green_algae_ulva,TRUE,224,1,GR_ulva,0,KE_5rib,0,RE_leaf,0,unknown,0,SU_cob
2024_10_08_11-40-21.jpg,137,2187,GR_ulva,green_algae_ulva,TRUE,224,1,GR_ulva,0,KE_stipe,0,MS,0,RE_bush,0,KE_bull
2024_10_08_11-40-21.jpg,3435,4089,GR_ulva,green_algae_ulva,TRUE,224,1,GR_ulva,0,unknown,0,KE_sieve,0,KE_stipe,0,BR_fucus
2024_10_08_11-40-21.jpg,3246,1708,GR_ulva,green_algae_ulva,TRUE,224,1,GR_ulva,0,unknown,0,KE_sugar,0,KE_5rib,0,KE_bull
2024_10_08_11-40-21.jpg,3453,2870,Review,Review,TRUE,224,0.824,KE_bull,0.169,KE_sugar,0.007,KE_stipe,0,SU_cob,0,SU_silt
2024_10_08_11-40-21.jpg,241,4230,GR_ulva,green_algae_ulva,TRUE,224,0.999,GR_ulva,0.001,unknown,0,KE_sieve,0,KE_5rib,0,SU_bould
2024_10_08_11-40-21.jpg,2775,598,SU_silt,silt,TRUE,224,1,SU_silt,0,MS,0,SU_cob,0,SU_peb,0,SU_shell
2024_10_08_11-40-21.jpg,1718,4238,SU_silt,silt,TRUE,224,1,SU_silt,0,SU_sand,0,SU_shell,0,SI_kelpBry,0,RE_CCA
2024_10_08_11-40-21.jpg,1381,2071,GR_ulva,green_algae_ulva,TRUE,224,1,GR_ulva,0,RE_leaf,0,KE_sieve,0,BR_sarg,0,KE_bull
2024_10_08_11-40-21.jpg,1075,1494,GR_ulva,green_algae_ulva,TRUE,224,1,GR_ulva,0,KE_5rib,0,BR_sarg,0,RE_leaf,0,MS
2024_10_08_11-40-21.jpg,843,2475,RE_bush,red_algae_bushy,TRUE,224,1,RE_bush,0,MS,0,GR_ulva,0,SU_sand,0,RE_branch
2024_10_08_11-40-21.jpg,1014,2154,GR_ulva,green_algae_ulva,TRUE,224,1,GR_ulva,0,KE_bull,0,KE_stipe,0,RE_bush,0,MS
2024_10_08_11-40-21.jpg,1638,2991,GR_ulva,green_algae_ulva,TRUE,224,1,GR_ulva,0,KE_sieve,0,RE_leaf,0,BR_sarg,0,unknown
2024_10_08_11-40-21.jpg,3585,3408,KE_sugar,kelp_sugar,TRUE,224,0.905,KE_sugar,0.073,KE_5rib,0.012,SU_silt,0.004,SU_cob,0.003,SU_bould
2024_10_08_11-40-21.jpg,456,2681,RE_bush,red_algae_bushy,TRUE,224,1,RE_bush,0,SU_sand,0,KE_holdfas,0,MS,0,SU_peb
2024_10_08_11-40-21.jpg,2584,2818,KE_sugar,kelp_sugar,TRUE,224,1,KE_sugar,0,RE_leaf,0,RE_fil,0,RE_bush,0,MS
2024_10_08_11-40-21.jpg,1151,667,Review,Review,TRUE,224,0.597,KE_sugar,0.127,SU_peb,0.098,KE_stipe,0.049,KE_5rib,0.038,MS
2024_10_08_11-40-21.jpg,2316,2815,SU_silt,silt,TRUE,224,1,SU_silt,0,KE_sugar,0,SI_kelpBry,0,RE_CCA,0,GR_ulva
2024_10_08_11-40-21.jpg,2568,1582,GR_ulva,green_algae_ulva,TRUE,224,1,GR_ulva,0,RE_leaf,0,unknown,0,KE_sugar,0,SI_kelpBry
2024_10_08_11-40-21.jpg,169,1588,RE_bush,red_algae_bushy,TRUE,224,0.953,RE_bush,0.047,GR_ulva,0,MS,0,SU_peb,0,SU_sand
2024_10_08_11-40-21.jpg,3527,4405,GR_ulva,green_algae_ulva,TRUE,224,1,GR_ulva,0,SU_silt,0,MS,0,KE_stipe,0,KE_sieve
2024_10_08_11-40-21.jpg,2266,4210,SU_silt,silt,TRUE,224,0.946,SU_silt,0.024,SU_sand,0.013,SU_shell,0.009,SI_kelpBry,0.005,SU_peb
2024_10_08_11-40-21.jpg,501,2144,GR_ulva,green_algae_ulva,TRUE,224,1,GR_ulva,0,MS,0,SU_cob,0,SU_peb,0,KE_stipe
2024_10_08_11-40-21.jpg,1263,3097,GR_ulva,green_algae_ulva,TRUE,224,0.994,GR_ulva,0.005,RE_bush,0.001,MS,0,KE_sugar,0,RE_leaf
2024_10_08_11-40-21.jpg,1994,3542,GR_ulva,green_algae_ulva,TRUE,224,1,GR_ulva,0,KE_bull,0,SU_peb,0,MS,0,BR_sarg
2024_10_08_11-40-21.jpg,1269,3947,Review,Review,TRUE,224,0.727,KE_stipe,0.103,RE_bush,0.091,RE_fil,0.038,KE_bull,0.023,KE_5rib
2024_10_08_11-40-21.jpg,2202,649,Review,Review,TRUE,224,0.669,GR_ulva,0.329,KE_bull,0.001,KE_sugar,0,unknown,0,KE_stipe
2024_10_08_11-40-21.jpg,3052,4346,GR_ulva,green_algae_ulva,TRUE,224,1,GR_ulva,0,SU_cob,0,KE_5rib,0,MS,0,KE_stipe
2024_10_08_11-40-21.jpg,3083,1874,GR_ulva,green_algae_ulva,TRUE,224,0.999,GR_ulva,0,unknown,0,RE_leaf,0,KE_5rib,0,KE_sugar
2024_10_08_11-40-21.jpg,3338,4218,GR_ulva,green_algae_ulva,TRUE,224,1,GR_ulva,0,RE_leaf,0,KE_sugar,0,KE_sieve,0,MS
2024_10_08_11-40-21.jpg,2485,3470,GR_ulva,green_algae_ulva,TRUE,224,1,GR_ulva,0,RE_leaf,0,KE_5rib,0,unknown,0,KE_bull
2024_10_08_11-40-21.jpg,3917,3014,GR_ulva,green_algae_ulva,TRUE,224,0.998,GR_ulva,0.002,SU_peb,0,MS,0,KE_stipe,0,SU_silt
2024_10_08_11-40-21.jpg,2534,1866,GR_ulva,green_algae_ulva,TRUE,224,1,GR_ulva,0,RE_leaf,0,BR_sarg,0,KE_5rib,0,KE_sieve
2024_10_08_11-40-21.jpg,656,3946,Review,Review,TRUE,224,0.832,RE_bush,0.165,KE_5rib,0.002,RE_fil,0.001,SU_silt,0,MS
2024_10_08_11-40-21.jpg,2877,3177,KE_sieve,kelp_sieve,TRUE,224,0.999,KE_sieve,0.001,KE_sugar,0,RE_fil,0,KE_5rib,0,RE_leaf
2024_10_08_11-40-21.jpg,1679,2639,GR_ulva,green_algae_ulva,TRUE,224,0.998,GR_ulva,0.001,KE_sieve,0,KE_stipe,0,RE_leaf,0,KE_bull
2024_10_08_11-40-21.jpg,1490,3305,GR_ulva,green_algae_ulva,TRUE,224,1,GR_ulva,0,MS,0,KE_stipe,0,RE_leaf,0,RE_bush
2024_10_08_11-40-21.jpg,2335,4382,SU_silt,silt,TRUE,224,1,SU_silt,0,SU_sand,0,SU_shell,0,MS,0,RE_CCA
2024_10_08_11-40-21.jpg,1029,1995,GR_ulva,green_algae_ulva,TRUE,224,1,GR_ulva,0,RE_leaf,0,KE_bull,0,MS,0,KE_5rib
2024_10_08_11-40-21.jpg,1202,2890,Review,Review,TRUE,224,0.692,RE_bush,0.301,GR_ulva,0.007,MS,0.001,RE_leaf,0,BR_sarg
2024_10_08_11-40-21.jpg,3514,1956,GR_ulva,green_algae_ulva,TRUE,224,1,GR_ulva,0,KE_5rib,0,KE_sugar,0,unknown,0,RE_leaf
2024_10_08_11-40-21.jpg,808,2114,GR_ulva,green_algae_ulva,TRUE,224,1,GR_ulva,0,RE_leaf,0,MS,0,KE_5rib,0,KE_sieve
2024_10_08_11-40-21.jpg,3687,2103,KE_stipe,kelp_stipe,TRUE,224,0.988,KE_stipe,0.003,KE_holdfas,0.003,SU_cob,0.003,RE_fil,0.002,MS
2024_10_08_11-40-21.jpg,1413,3599,GR_ulva,green_algae_ulva,TRUE,224,1,GR_ulva,0,BR_sarg,0,KE_stipe,0,RE_leaf,0,KE_bull
2024_10_08_11-40-21.jpg,1304,571,KE_sugar,kelp_sugar,TRUE,224,0.939,KE_sugar,0.035,RE_fil,0.011,RE_leaf,0.008,KE_5rib,0.003,KE_sieve
2024_10_08_11-40-21.jpg,1479,1456,Review,Review,TRUE,224,0.346,KE_sugar,0.269,RE_fil,0.199,KE_5rib,0.108,MS,0.061,KE_stipe
2024_10_08_11-40-21.jpg,2781,2263,GR_ulva,green_algae_ulva,TRUE,224,1,GR_ulva,0,KE_bull,0,RE_leaf,0,KE_sugar,0,KE_5rib
2024_10_08_11-40-21.jpg,3161,1397,Review,Review,TRUE,224,0.596,KE_stipe,0.235,KE_sugar,0.108,MS,0.031,RE_fil,0.017,KE_5rib
2024_10_08_11-40-21.jpg,2599,4464,GR_ulva,green_algae_ulva,TRUE,224,1,GR_ulva,0,SU_peb,0,KE_sugar,0,unknown,0,KE_5rib
2024_10_08_11-40-21.jpg,3486,3693,KE_sugar,kelp_sugar,TRUE,224,1,KE_sugar,0,KE_5rib,0,MS,0,RE_leaf,0,SU_silt
2024_10_08_11-40-30.jpg,1677,277,Review,Review,TRUE,224,0.73,SU_sand,0.123,SU_bould,0.079,SU_cob,0.054,MS,0.009,SI_kelpBry
2024_10_08_11-40-30.jpg,2496,2024,RE_bush,red_algae_bushy,TRUE,224,1,RE_bush,0,RE_branch,0,MS,0,KE_holdfas,0,SI
2024_10_08_11-40-30.jpg,2339,1808,RE_bush,red_algae_bushy,TRUE,224,0.999,RE_bush,0.001,MS,0,SU_silt,0,SU_sand,0,RE_branch
2024_10_08_11-40-30.jpg,3425,273,GR_ulva,green_algae_ulva,TRUE,224,1,GR_ulva,0,BR_sarg,0,KE_5rib,0,MS,0,unknown
2024_10_08_11-40-30.jpg,3019,1557,RE_bush,red_algae_bushy,TRUE,224,1,RE_bush,0,RE_branch,0,RE_fil,0,BR_sarg,0,RE_leaf
2024_10_08_11-40-30.jpg,891,1806,RE_bush,red_algae_bushy,TRUE,224,1,RE_bush,0,SU_sand,0,SU_peb,0,MS,0,RE_branch
2024_10_08_11-40-30.jpg,413,3744,GR_ulva,green_algae_ulva,TRUE,224,1,GR_ulva,0,KE_5rib,0,SU_cob,0,unknown,0,MS
2024_10_08_11-40-30.jpg,3604,826,RE_bush,red_algae_bushy,TRUE,224,1,RE_bush,0,BR_sarg,0,RE_branch,0,RE_fil,0,RE_leaf
2024_10_08_11-40-30.jpg,2294,1670,RE_bush,red_algae_bushy,TRUE,224,1,RE_bush,0,MS,0,RE_branch,0,SU_sand,0,KE_holdfas
2024_10_08_11-40-30.jpg,1851,4374,Review,Review,TRUE,224,0.845,RE_fil,0.155,RE_leaf,0,KE_sugar,0,RE_CCA,0,KE_5rib
2024_10_08_11-40-30.jpg,624,665,GR_ulva,green_algae_ulva,TRUE,224,1,GR_ulva,0,MS,0,SU_peb,0,KE_stipe,0,RE_bush
2024_10_08_11-40-30.jpg,3383,3329,GR_ulva,green_algae_ulva,TRUE,224,0.998,GR_ulva,0.002,SU_bould,0,KE_stipe,0,KE_bull,0,RE_leaf
2024_10_08_11-40-30.jpg,3643,1967,RE_bush,red_algae_bushy,TRUE,224,0.992,RE_bush,0.007,RE_leaf,0.001,RE_branch,0,RE_fil,0,BR_sarg
2024_10_08_11-40-30.jpg,1760,2375,GR_ulva,green_algae_ulva,TRUE,224,1,GR_ulva,0,RE_leaf,0,BR_sarg,0,BR_fucus,0,KE_5rib
2024_10_08_11-40-30.jpg,3297,2131,RE_bush,red_algae_bushy,TRUE,224,1,RE_bush,0,RE_branch,0,RE_leaf,0,BR_sarg,0,MS
2024_10_08_11-40-30.jpg,214,2792,Review,Review,TRUE,224,0.892,SU_bould,0.101,SU_cob,0.004,BR_sarg,0.001,KE_stipe,0.001,SU_peb
2024_10_08_11-40-30.jpg,2418,265,GR_ulva,green_algae_ulva,TRUE,224,1,GR_ulva,0,SI,0,unknown,0,RE_leaf,0,SI_kelpBry
2024_10_08_11-40-30.jpg,1681,736,GR_ulva,green_algae_ulva,TRUE,224,1,GR_ulva,0,SU_peb,0,KE_stipe,0,KE_bull,0,KE_sugar
2024_10_08_11-40-30.jpg,1856,2572,GR_ulva,green_algae_ulva,TRUE,224,0.915,GR_ulva,0.036,SU_silt,0.022,MS,0.011,KE_bull,0.008,SU_shell
2024_10_08_11-40-30.jpg,122,3300,Review,Review,TRUE,224,0.588,GR_ulva,0.266,SU_silt,0.104,MS,0.04,SU_peb,0.002,SU_bould
2024_10_08_11-40-30.jpg,2681,966,RE_bush,red_algae_bushy,TRUE,224,1,RE_bush,0,RE_branch,0,RE_leaf,0,SU_sand,0,MS
2024_10_08_11-40-30.jpg,2581,3914,GR_ulva,green_algae_ulva,TRUE,224,1,GR_ulva,0,unknown,0,KE_sieve,0,SU_bould,0,KE_5rib
2024_10_08_11-40-30.jpg,635,2659,Review,Review,TRUE,224,0.781,GR_ulva,0.095,SU_sand,0.084,SU_peb,0.016,SU_silt,0.014,MS
2024_10_08_11-40-30.jpg,334,2338,GR_ulva,green_algae_ulva,TRUE,224,1,GR_ulva,0,BR_sarg,0,KE_bull,0,KE_sieve,0,SU_bould
2024_10_08_11-40-30.jpg,2356,3441,GR_ulva,green_algae_ulva,TRUE,224,1,GR_ulva,0,KE_stipe,0,unknown,0,RE_leaf,0,MS
2024_10_08_11-40-30.jpg,1991,4067,SU_peb,pebble,TRUE,224,0.964,SU_peb,0.009,RE_bush,0.009,RE_leaf,0.005,KE_stipe,0.004,MS
2024_10_08_11-40-30.jpg,3393,1470,RE_bush,red_algae_bushy,TRUE,224,0.999,RE_bush,0,RE_fil,0,BR_sarg,0,RE_branch,0,RE_leaf
2024_10_08_11-40-30.jpg,3307,2901,KE_holdfas,kelp_holdfast,TRUE,224,0.995,KE_holdfas,0.003,SU_cob,0.001,RE_leaf,0,KE_sugar,0,RE_fil
2024_10_08_11-40-30.jpg,2361,3193,GR_ulva,green_algae_ulva,TRUE,224,1,GR_ulva,0,KE_5rib,0,KE_bull,0,RE_leaf,0,KE_sugar
2024_10_08_11-40-30.jpg,2409,2728,RE_bush,red_algae_bushy,TRUE,224,1,RE_bush,0,MS,0,RE_fil,0,KE_stipe,0,RE_branch
2024_10_08_11-40-30.jpg,1701,4067,Review,Review,TRUE,224,0.728,RE_leaf,0.272,KE_sugar,0,RE_bush,0,MS,0,KE_stipe
2024_10_08_11-40-30.jpg,573,2032,Review,Review,TRUE,224,0.355,SU_bould,0.224,KE_stipe,0.145,RE_fil,0.139,KE_sugar,0.088,BR_sarg
2024_10_08_11-40-30.jpg,384,1407,RE_bush,red_algae_bushy,TRUE,224,1,RE_bush,0,MS,0,GR_ulva,0,BR_sarg,0,KE_stipe
2024_10_08_11-40-30.jpg,1223,3887,KE_sugar,kelp_sugar,TRUE,224,0.955,KE_sugar,0.026,KE_5rib,0.017,RE_bush,0.001,RE_branch,0,RE_fil
2024_10_08_11-40-30.jpg,1834,958,GR_ulva,green_algae_ulva,TRUE,224,1,GR_ulva,0,unknown,0,BR_sarg,0,KE_5rib,0,RE_leaf
2024_10_08_11-40-30.jpg,636,2881,SU_cob,cobble,TRUE,224,0.963,SU_cob,0.014,SU_silt,0.012,SU_peb,0.009,SU_shell,0.002,RE_CCA
2024_10_08_11-40-30.jpg,3290,2285,RE_bush,red_algae_bushy,TRUE,224,1,RE_bush,0,RE_fil,0,RE_branch,0,RE_leaf,0,SU_bould
2024_10_08_11-40-30.jpg,1369,3120,KE_sugar,kelp_sugar,TRUE,224,0.979,KE_sugar,0.01,GR_ulva,0.005,RE_leaf,0.004,KE_5rib,0.001,SU_silt
2024_10_08_11-40-30.jpg,1534,725,SU_silt,silt,TRUE,224,0.988,SU_silt,0.009,MS,0.002,SU_sand,0,SU_shell,0,KE_sugar
2024_10_08_11-40-30.jpg,2757,3591,GR_ulva,green_algae_ulva,TRUE,224,1,GR_ulva,0,MS,0,RE_leaf,0,KE_5rib,0,KE_stipe
2024_10_08_11-40-30.jpg,1738,3820,Review,Review,TRUE,224,0.493,KE_sugar,0.132,SI_kelpBry,0.094,RE_branch,0.086,SU_peb,0.037,SU_sand
2024_10_08_11-40-30.jpg,2117,3457,GR_ulva,green_algae_ulva,TRUE,224,1,GR_ulva,0,SU_peb,0,SU_cob,0,KE_stipe,0,KE_5rib
2024_10_08_11-40-30.jpg,2704,279,GR_ulva,green_algae_ulva,TRUE,224,1,GR_ulva,0,unknown,0,KE_sugar,0,KE_5rib,0,MS
2024_10_08_11-40-30.jpg,167,1577,SU_cob,cobble,TRUE,224,0.957,SU_cob,0.017,KE_stipe,0.008,SU_shell,0.006,RE_fil,0.005,MS
2024_10_08_11-40-30.jpg,1440,2540,KE_sugar,kelp_sugar,TRUE,224,0.999,KE_sugar,0.001,KE_5rib,0,RE_leaf,0,KE_stipe,0,KE_sieve
2024_10_08_11-40-30.jpg,2364,1474,RE_bush,red_algae_bushy,TRUE,224,1,RE_bush,0,RE_branch,0,KE_holdfas,0,MS,0,SU_sand
2024_10_08_11-40-30.jpg,1641,3136,Review,Review,TRUE,224,0.472,SU_sand,0.248,RE_bush,0.172,MS,0.062,SU_silt,0.014,SU_peb
2024_10_08_11-40-30.jpg,3110,2559,GR_ulva,green_algae_ulva,TRUE,224,1,GR_ulva,0,BR_sarg,0,RE_leaf,0,KE_bull,0,KE_5rib
2024_10_08_11-40-30.jpg,1037,3899,KE_sugar,kelp_sugar,TRUE,224,0.995,KE_sugar,0.003,RE_bush,0.001,KE_5rib,0,RE_leaf,0,SU_silt
2024_10_08_11-40-30.jpg,428,1611,RE_bush,red_algae_bushy,TRUE,224,0.952,RE_bush,0.045,GR_ulva,0.003,MS,0,KE_stipe,0,KE_holdfas
2024_10_08_11-40-39.jpg,163,4193,Review,Review,TRUE,224,0.425,GR_ulva,0.416,RE_bush,0.121,unknown,0.018,SU_bould,0.01,MS
2024_10_08_11-40-39.jpg,2212,2160,GR_ulva,green_algae_ulva,TRUE,224,0.93,GR_ulva,0.056,KE_bull,0.01,MS,0.002,RE_leaf,0.001,KE_sugar
2024_10_08_11-40-39.jpg,355,2838,GR_ulva,green_algae_ulva,TRUE,224,1,GR_ulva,0,SU_peb,0,KE_sugar,0,MS,0,RE_leaf
2024_10_08_11-40-39.jpg,666,3915,GR_ulva,green_algae_ulva,TRUE,224,1,GR_ulva,0,KE_5rib,0,unknown,0,KE_stipe,0,KE_sugar
2024_10_08_11-40-39.jpg,3047,1802,Review,Review,TRUE,224,0.789,SU_cob,0.078,SU_peb,0.059,RE_leaf,0.046,SU_sand,0.012,RE_bush
2024_10_08_11-40-39.jpg,409,3045,GR_ulva,green_algae_ulva,TRUE,224,1,GR_ulva,0,SU_peb,0,MS,0,BR_sarg,0,KE_stipe
2024_10_08_11-40-39.jpg,1887,713,BR_sarg,brown_algae_sargassum,TRUE,224,1,BR_sarg,0,RE_branch,0,KE_sieve,0,GR_ulva,0,MS
2024_10_08_11-40-39.jpg,883,4109,GR_ulva,green_algae_ulva,TRUE,224,1,GR_ulva,0,unknown,0,KE_5rib,0,RE_leaf,0,KE_sugar
2024_10_08_11-40-39.jpg,1313,2800,Review,Review,TRUE,224,0.526,KE_sugar,0.353,GR_ulva,0.072,KE_5rib,0.027,KE_sieve,0.02,RE_leaf
2024_10_08_11-40-39.jpg,2941,2767,Review,Review,TRUE,224,0.522,GR_ulva,0.313,BR_sarg,0.106,SU_peb,0.021,SU_bould,0.018,SU_cob
2024_10_08_11-40-39.jpg,335,3591,GR_ulva,green_algae_ulva,TRUE,224,1,GR_ulva,0,KE_5rib,0,SU_peb,0,unknown,0,MS
2024_10_08_11-40-39.jpg,1115,3712,GR_ulva,green_algae_ulva,TRUE,224,1,GR_ulva,0,unknown,0,KE_5rib,0,KE_sieve,0,KE_stipe
2024_10_08_11-40-39.jpg,1858,3683,SU_peb,pebble,TRUE,224,0.99,SU_peb,0.004,KE_stipe,0.002,BR_fucus,0.001,SU_cob,0.001,MS
2024_10_08_11-40-39.jpg,3174,1459,Review,Review,TRUE,224,0.575,KE_stipe,0.354,MS,0.057,GR_ulva,0.007,RE_bush,0.004,SU_bould
2024_10_08_11-40-39.jpg,3761,2299,GR_ulva,green_algae_ulva,TRUE,224,1,GR_ulva,0,SU_peb,0,MS,0,RE_leaf,0,KE_5rib
2024_10_08_11-40-39.jpg,1695,1305,Review,Review,TRUE,224,0.889,RE_branch,0.066,RE_bush,0.025,RE_fil,0.01,SU_bould,0.007,BR_sarg
2024_10_08_11-40-39.jpg,916,3074,GR_ulva,green_algae_ulva,TRUE,224,1,GR_ulva,0,KE_stipe,0,RE_leaf,0,KE_bull,0,MS
2024_10_08_11-40-39.jpg,2245,796,RE_bush,red_algae_bushy,TRUE,224,1,RE_bush,0,RE_branch,0,BR_sarg,0,KE_holdfas,0,MS
2024_10_08_11-40-39.jpg,825,939,SU_peb,pebble,TRUE,224,0.992,SU_peb,0.004,SU_cob,0.002,SU_silt,0.001,KE_5rib,0.001,KE_sieve
2024_10_08_11-40-39.jpg,2159,539,Review,Review,TRUE,224,0.661,SU_sand,0.191,RE_bush,0.09,SU_peb,0.033,MS,0.009,SU_cob
2024_10_08_11-40-39.jpg,3630,1936,GR_ulva,green_algae_ulva,TRUE,224,1,GR_ulva,0,KE_stipe,0,KE_bull,0,BR_sarg,0,SU_peb
2024_10_08_11-40-39.jpg,374,4230,Review,Review,TRUE,224,0.269,GR_ulva,0.217,SU_peb,0.205,SU_silt,0.153,KE_5rib,0.137,KE_stipe
2024_10_08_11-40-39.jpg,3655,3399,GR_ulva,green_algae_ulva,TRUE,224,0.997,GR_ulva,0.002,unknown,0,RE_fil,0,KE_sieve,0,KE_sugar
2024_10_08_11-40-39.jpg,3537,2984,GR_ulva,green_algae_ulva,TRUE,224,1,GR_ulva,0,KE_5rib,0,KE_bull,0,MS,0,RE_leaf
2024_10_08_11-40-39.jpg,3624,1415,RE_bush,red_algae_bushy,TRUE,224,1,RE_bush,0,SU_peb,0,RE_branch,0,MS,0,BR_sarg
2024_10_08_11-40-39.jpg,515,3862,GR_ulva,green_algae_ulva,TRUE,224,1,GR_ulva,0,KE_stipe,0,KE_5rib,0,SU_cob,0,MS
2024_10_08_11-40-39.jpg,2888,3139,GR_ulva,green_algae_ulva,TRUE,224,0.976,GR_ulva,0.016,MS,0.005,SU_silt,0.002,KE_bull,0.001,KE_stipe
2024_10_08_11-40-39.jpg,1321,3343,KE_sieve,kelp_sieve,TRUE,224,0.908,KE_sieve,0.074,KE_sugar,0.013,GR_ulva,0.002,SU_bould,0.002,SU_cob
2024_10_08_11-40-39.jpg,2671,3004,SU_peb,pebble,TRUE,224,0.909,SU_peb,0.063,SU_silt,0.022,SU_sand,0.003,SU_shell,0.001,KE_sieve
2024_10_08_11-40-39.jpg,1824,2086,Review,Review,TRUE,224,0.788,KE_sugar,0.092,KE_sieve,0.054,KE_5rib,0.045,KE_stipe,0.013,RE_leaf
2024_10_08_11-40-39.jpg,3766,1790,GR_ulva,green_algae_ulva,TRUE,224,0.912,GR_ulva,0.033,SU_bould,0.022,KE_stipe,0.013,SU_peb,0.01,SU_cob
2024_10_08_11-40-39.jpg,1465,3712,Review,Review,TRUE,224,0.795,GR_ulva,0.193,KE_stipe,0.011,KE_sugar,0.001,KE_5rib,0,RE_leaf
2024_10_08_11-40-39.jpg,1718,1008,BR_sarg,brown_algae_sargassum,TRUE,224,1,BR_sarg,0,KE_stipe,0,SU_bould,0,BR_fucus,0,KE_sieve
2024_10_08_11-40-39.jpg,2996,3555,RE_bush,red_algae_bushy,TRUE,224,0.999,RE_bush,0.001,RE_branch,0,SU_peb,0,SU_sand,0,SU_silt
2024_10_08_11-40-39.jpg,3868,611,SU_bould,boulder,TRUE,224,0.978,SU_bould,0.018,KE_stipe,0.003,GR_ulva,0,BR_sarg,0,KE_bull
2024_10_08_11-40-39.jpg,2515,3811,Review,Review,TRUE,224,0.747,SU_sand,0.253,SU_peb,0,MS,0,SU_cob,0,SU_silt
2024_10_08_11-40-39.jpg,2303,4122,SU_peb,pebble,TRUE,224,0.999,SU_peb,0.001,SU_silt,0,SU_sand,0,SU_cob,0,SU_shell
2024_10_08_11-40-39.jpg,916,1858,RE_bush,red_algae_bushy,TRUE,224,1,RE_bush,0,RE_fil,0,RE_branch,0,RE_leaf,0,SU_bould
2024_10_08_11-40-39.jpg,3010,398,RE_bush,red_algae_bushy,TRUE,224,1,RE_bush,0,GR_ulva,0,MS,0,KE_stipe,0,SU_sand
2024_10_08_11-40-39.jpg,2072,2118,GR_ulva,green_algae_ulva,TRUE,224,0.941,GR_ulva,0.044,KE_sugar,0.008,BR_sarg,0.005,KE_bull,0.002,SI
2024_10_08_11-40-39.jpg,1564,1537,BR_sarg,brown_algae_sargassum,TRUE,224,1,BR_sarg,0,RE_branch,0,RE_fil,0,KE_stipe,0,GR_ulva
2024_10_08_11-40-39.jpg,1087,1438,RE_bush,red_algae_bushy,TRUE,224,1,RE_bush,0,RE_fil,0,SU_peb,0,MS,0,KE_stipe
2024_10_08_11-40-39.jpg,3596,2163,GR_ulva,green_algae_ulva,TRUE,224,1,GR_ulva,0,SU_peb,0,KE_stipe,0,BR_sarg,0,KE_bull
2024_10_08_11-40-39.jpg,1979,3300,Review,Review,TRUE,224,0.66,KE_sugar,0.325,SU_sand,0.01,MS,0.001,SU_peb,0.001,KE_stipe
2024_10_08_11-40-39.jpg,505,3430,GR_ulva,green_algae_ulva,TRUE,224,1,GR_ulva,0,KE_5rib,0,unknown,0,KE_stipe,0,MS
2024_10_08_11-40-39.jpg,346,2683,GR_ulva,green_algae_ulva,TRUE,224,1,GR_ulva,0,SU_peb,0,MS,0,KE_stipe,0,KE_bull
2024_10_08_11-40-39.jpg,3427,3155,GR_ulva,green_algae_ulva,TRUE,224,0.99,GR_ulva,0.005,MS,0.002,KE_sugar,0.002,KE_stipe,0.001,KE_bull
2024_10_08_11-40-39.jpg,3476,143,GR_ulva,green_algae_ulva,TRUE,224,1,GR_ulva,0,BR_sarg,0,unknown,0,KE_stipe,0,SU_bould
2024_10_08_11-40-39.jpg,1469,1982,KE_sugar,kelp_sugar,TRUE,224,0.913,KE_sugar,0.069,MS,0.014,KE_stipe,0.001,RE_leaf,0.001,SU_sand
2024_10_08_11-40-39.jpg,3505,1098,GR_ulva,green_algae_ulva,TRUE,224,0.949,GR_ulva,0.022,SU_bould,0.015,SU_cob,0.008,MS,0.004,SU_peb
2024_10_08_11-40-48.jpg,3682,1595,SU_silt,silt,TRUE,224,1,SU_silt,0,SU_peb,0,SU_cob,0,SU_shell,0,GR_ulva
2024_10_08_11-40-48.jpg,1249,1264,GR_ulva,green_algae_ulva,TRUE,224,1,GR_ulva,0,SU_cob,0,SI_kelpBry,0,SU_peb,0,MS
2024_10_08_11-40-48.jpg,2461,1271,SU_silt,silt,TRUE,224,0.921,SU_silt,0.075,SU_shell,0.002,MS,0.001,KE_sugar,0.001,SU_sand
2024_10_08_11-40-48.jpg,1687,2322,GR_ulva,green_algae_ulva,TRUE,224,1,GR_ulva,0,KE_bull,0,KE_5rib,0,BR_sarg,0,RE_leaf
2024_10_08_11-40-48.jpg,1078,1967,GR_ulva,green_algae_ulva,TRUE,224,0.988,GR_ulva,0.012,KE_bull,0,KE_sieve,0,SU_peb,0,BR_sarg
2024_10_08_11-40-48.jpg,824,4264,GR_ulva,green_algae_ulva,TRUE,224,0.999,GR_ulva,0.001,KE_stipe,0,SU_bould,0,BR_fucus,0,RE_bush
2024_10_08_11-40-48.jpg,1793,1494,Review,Review,TRUE,224,0.496,RE_fil,0.162,RE_CCA,0.132,MS,0.098,SU_bould,0.045,BR_sarg
2024_10_08_11-40-48.jpg,599,3928,GR_ulva,green_algae_ulva,TRUE,224,1,GR_ulva,0,SU_cob,0,MS,0,KE_stipe,0,KE_5rib
2024_10_08_11-40-48.jpg,3863,559,RE_bush,red_algae_bushy,TRUE,224,1,RE_bush,0,SU_silt,0,SU_shell,0,RE_branch,0,SU_cob
2024_10_08_11-40-48.jpg,894,3024,SU_silt,silt,TRUE,224,0.996,SU_silt,0.003,KE_stipe,0.001,SU_sand,0,RE_bush,0,SU_peb
2024_10_08_11-40-48.jpg,1019,680,SU_silt,silt,TRUE,224,0.999,SU_silt,0,SU_shell,0,MS,0,SU_sand,0,RE_bush
2024_10_08_11-40-48.jpg,179,2504,GR_ulva,green_algae_ulva,TRUE,224,1,GR_ulva,0,unknown,0,KE_5rib,0,KE_stipe,0,KE_sugar
2024_10_08_11-40-48.jpg,2553,1508,SU_peb,pebble,TRUE,224,0.974,SU_peb,0.006,SU_sand,0.005,SU_silt,0.005,SU_shell,0.002,RE_bush
2024_10_08_11-40-48.jpg,685,2498,SU_silt,silt,TRUE,224,0.996,SU_silt,0.002,KE_sieve,0.001,SU_bould,0,SU_cob,0,KE_sugar
2024_10_08_11-40-48.jpg,526,2613,Review,Review,TRUE,224,0.866,KE_sugar,0.066,SU_bould,0.046,KE_sieve,0.009,SU_silt,0.006,RE_bush
2024_10_08_11-40-48.jpg,2156,1186,GR_ulva,green_algae_ulva,TRUE,224,1,GR_ulva,0,SU_cob,0,RE_leaf,0,MS,0,KE_5rib
2024_10_08_11-40-48.jpg,3060,3703,Review,Review,TRUE,224,0.65,GR_ulva,0.35,SU_peb,0,SU_cob,0,KE_sugar,0,KE_stipe
2024_10_08_11-40-48.jpg,3611,276,Review,Review,TRUE,224,0.815,SU_peb,0.158,MS,0.022,SU_silt,0.004,RE_bush,0.001,SU_shell
2024_10_08_11-40-48.jpg,2936,2377,SU_silt,silt,TRUE,224,1,SU_silt,0,KE_sugar,0,RE_leaf,0,SU_sand,0,RE_CCA
2024_10_08_11-40-48.jpg,985,4399,GR_ulva,green_algae_ulva,TRUE,224,0.998,GR_ulva,0.002,KE_stipe,0,RE_bush,0,KE_sugar,0,unknown
2024_10_08_11-40-48.jpg,3871,2098,GR_ulva,green_algae_ulva,TRUE,224,1,GR_ulva,0,BR_sarg,0,KE_5rib,0,KE_sugar,0,unknown
2024_10_08_11-40-48.jpg,2267,427,GR_ulva,green_algae_ulva,TRUE,224,1,GR_ulva,0,RE_leaf,0,KE_sugar,0,KE_stipe,0,unknown
2024_10_08_11-40-48.jpg,2215,2195,Review,Review,TRUE,224,0.613,MS,0.327,KE_bull,0.022,KE_sugar,0.013,KE_stipe,0.006,GR_ulva
2024_10_08_11-40-48.jpg,2889,3170,Review,Review,TRUE,224,0.608,SU_peb,0.233,SU_sand,0.108,RE_bush,0.05,SU_cob,0.001,KE_sugar
2024_10_08_11-40-48.jpg,2615,3560,Review,Review,TRUE,224,0.429,SU_bould,0.336,SU_sand,0.19,SU_cob,0.029,SU_peb,0.008,MS
2024_10_08_11-40-48.jpg,1423,4160,RE_bush,red_algae_bushy,TRUE,224,1,RE_bush,0,KE_holdfas,0,RE_fil,0,BR_sarg,0,RE_leaf
2024_10_08_11-40-48.jpg,2625,4097,SU_silt,silt,TRUE,224,0.993,SU_silt,0.005,SU_sand,0.001,MS,0.001,RE_bush,0,SU_shell
2024_10_08_11-40-48.jpg,3282,2163,SU_silt,silt,TRUE,224,1,SU_silt,0,RE_CCA,0,SU_sand,0,KE_sugar,0,SU_cob
2024_10_08_11-40-48.jpg,3347,3262,RE_bush,red_algae_bushy,TRUE,224,1,RE_bush,0,SU_silt,0,SU_peb,0,SU_sand,0,KE_stipe
2024_10_08_11-40-48.jpg,1254,3429,SU_silt,silt,TRUE,224,1,SU_silt,0,RE_CCA,0,MS,0,SU_shell,0,SI_kelpBry
2024_10_08_11-40-48.jpg,2579,3343,SU_peb,pebble,TRUE,224,0.992,SU_peb,0.005,SU_sand,0.002,GR_ulva,0,BR_sarg,0,SU_bould
2024_10_08_11-40-48.jpg,1504,2917,SU_silt,silt,TRUE,224,1,SU_silt,0,SU_shell,0,SU_sand,0,KE_sugar,0,MS
2024_10_08_11-40-48.jpg,3493,884,RE_bush,red_algae_bushy,TRUE,224,0.955,RE_bush,0.034,MS,0.011,GR_ulva,0,KE_stipe,0,BR_sarg
2024_10_08_11-40-48.jpg,2771,251,Review,Review,TRUE,224,0.85,SU_peb,0.109,GR_ulva,0.036,MS,0.003,SU_shell,0.002,KE_sugar
2024_10_08_11-40-48.jpg,1973,2669,GR_ulva,green_algae_ulva,TRUE,224,1,GR_ulva,0,KE_sugar,0,KE_bull,0,RE_leaf,0,KE_stipe
2024_10_08_11-40-48.jpg,493,2331,SU_silt,silt,TRUE,224,1,SU_silt,0,SU_cob,0,SU_peb,0,SU_bould,0,SU_sand
2024_10_08_11-40-48.jpg,658,152,GR_ulva,green_algae_ulva,TRUE,224,1,GR_ulva,0,KE_stipe,0,SU_cob,0,MS,0,BR_sarg
2024_10_08_11-40-48.jpg,3533,1151,GR_ulva,green_algae_ulva,TRUE,224,1,GR_ulva,0,KE_stipe,0,BR_sarg,0,SU_bould,0,KE_bull
2024_10_08_11-40-48.jpg,511,1110,KE_sugar,kelp_sugar,TRUE,224,1,KE_sugar,0,KE_5rib,0,RE_leaf,0,SU_cob,0,SU_peb
2024_10_08_11-40-48.jpg,603,289,GR_ulva,green_algae_ulva,TRUE,224,1,GR_ulva,0,SU_cob,0,KE_stipe,0,KE_5rib,0,unknown
2024_10_08_11-40-48.jpg,1661,4316,RE_bush,red_algae_bushy,TRUE,224,1,RE_bush,0,RE_leaf,0,RE_branch,0,RE_fil,0,SU_silt
2024_10_08_11-40-48.jpg,272,757,Review,Review,TRUE,224,0.842,SU_cob,0.102,KE_stipe,0.024,SU_bould,0.017,MS,0.006,SU_silt
2024_10_08_11-40-48.jpg,1903,723,Review,Review,TRUE,224,0.573,SU_sand,0.31,SU_shell,0.109,SU_silt,0.008,MS,0.001,SI_kelpBry
2024_10_08_11-40-48.jpg,1975,2174,GR_ulva,green_algae_ulva,TRUE,224,1,GR_ulva,0,BR_sarg,0,KE_bull,0,RE_leaf,0,RE_CCA
2024_10_08_11-40-48.jpg,2585,2657,GR_ulva,green_algae_ulva,TRUE,224,1,GR_ulva,0,SU_bould,0,KE_stipe,0,KE_bull,0,BR_sarg
2024_10_08_11-40-48.jpg,954,2292,GR_ulva,green_algae_ulva,TRUE,224,0.981,GR_ulva,0.017,KE_sugar,0.002,KE_bull,0,KE_stipe,0,RE_leaf
2024_10_08_11-40-48.jpg,2750,3553,SU_cob,cobble,TRUE,224,0.988,SU_cob,0.01,SU_bould,0.001,KE_sieve,0,SU_peb,0,KE_sugar
2024_10_08_11-40-48.jpg,3731,277,SU_peb,pebble,TRUE,224,1,SU_peb,0,GR_ulva,0,BR_sarg,0,SU_cob,0,RE_bush
2024_10_08_11-40-48.jpg,2954,2665,Review,Review,TRUE,224,0.682,GR_ulva,0.311,SU_peb,0.003,SU_shell,0.003,KE_stipe,0.001,KE_bull
2024_10_08_11-40-48.jpg,3309,2382,GR_ulva,green_algae_ulva,TRUE,224,1,GR_ulva,0,KE_sugar,0,RE_leaf,0,SU_peb,0,KE_5rib
2024_10_08_11-40-57.jpg,3080,2331,GR_ulva,green_algae_ulva,TRUE,224,1,GR_ulva,0,KE_bull,0,KE_sieve,0,BR_sarg,0,RE_leaf
2024_10_08_11-40-57.jpg,436,2743,GR_ulva,green_algae_ulva,TRUE,224,0.995,GR_ulva,0.005,KE_5rib,0,KE_bull,0,SU_bould,0,unknown
2024_10_08_11-40-57.jpg,3843,1967,Review,Review,TRUE,224,0.831,KE_sieve,0.106,KE_sugar,0.058,KE_stipe,0.003,MS,0,RE_leaf
2024_10_08_11-40-57.jpg,1182,4331,RE_bush,red_algae_bushy,TRUE,224,0.994,RE_bush,0.006,SU_peb,0,RE_branch,0,KE_sieve,0,SU_silt
2024_10_08_11-40-57.jpg,154,1614,KE_sugar,kelp_sugar,TRUE,224,0.945,KE_sugar,0.055,KE_5rib,0,GR_ulva,0,RE_leaf,0,unknown
2024_10_08_11-40-57.jpg,343,4085,GR_ulva,green_algae_ulva,TRUE,224,0.939,GR_ulva,0.054,unknown,0.004,KE_5rib,0.001,RE_fil,0,MS
2024_10_08_11-40-57.jpg,2555,3427,GR_ulva,green_algae_ulva,TRUE,224,1,GR_ulva,0,unknown,0,KE_sieve,0,RE_leaf,0,KE_stipe
2024_10_08_11-40-57.jpg,1699,3813,RE_bush,red_algae_bushy,TRUE,224,1,RE_bush,0,SU_sand,0,SU_silt,0,SU_peb,0,MS
2024_10_08_11-40-57.jpg,1355,1824,GR_ulva,green_algae_ulva,TRUE,224,1,GR_ulva,0,KE_sieve,0,KE_bull,0,SU_bould,0,KE_stipe
2024_10_08_11-40-57.jpg,2633,3550,GR_ulva,green_algae_ulva,TRUE,224,0.999,GR_ulva,0,unknown,0,KE_sieve,0,RE_leaf,0,RE_fil
2024_10_08_11-40-57.jpg,3078,1880,GR_ulva,green_algae_ulva,TRUE,224,1,GR_ulva,0,KE_stipe,0,BR_sarg,0,KE_bull,0,SU_bould
2024_10_08_11-40-57.jpg,2854,379,BR_sarg,brown_algae_sargassum,TRUE,224,1,BR_sarg,0,RE_bush,0,RE_fil,0,SU_bould,0,KE_stipe
2024_10_08_11-40-57.jpg,3313,3978,GR_ulva,green_algae_ulva,TRUE,224,0.995,GR_ulva,0.005,unknown,0,MS,0,KE_sugar,0,KE_5rib
2024_10_08_11-40-57.jpg,750,4110,Review,Review,TRUE,224,0.568,SU_cob,0.385,GR_ulva,0.046,KE_5rib,0,MS,0,KE_stipe
2024_10_08_11-40-57.jpg,1750,2838,GR_ulva,green_algae_ulva,TRUE,224,0.974,GR_ulva,0.018,RE_leaf,0.004,KE_stipe,0.003,RE_bush,0.001,KE_bull
2024_10_08_11-40-57.jpg,977,900,KE_sugar,kelp_sugar,TRUE,224,0.999,KE_sugar,0.001,KE_5rib,0,KE_sieve,0,KE_stipe,0,BR_sarg
2024_10_08_11-40-57.jpg,1831,575,Review,Review,TRUE,224,0.666,SU_sand,0.298,SU_silt,0.03,MS,0.004,SU_shell,0.001,SU_cob
2024_10_08_11-40-57.jpg,2106,3910,GR_ulva,green_algae_ulva,TRUE,224,1,GR_ulva,0,SU_peb,0,MS,0,KE_sieve,0,KE_stipe
2024_10_08_11-40-57.jpg,2234,2005,GR_ulva,green_algae_ulva,TRUE,224,0.992,GR_ulva,0.006,KE_bull,0.001,SU_cob,0,SU_peb,0,KE_stipe
2024_10_08_11-40-57.jpg,3445,1883,GR_ulva,green_algae_ulva,TRUE,224,1,GR_ulva,0,KE_stipe,0,KE_bull,0,MS,0,RE_leaf
2024_10_08_11-40-57.jpg,2816,619,BR_sarg,brown_algae_sargassum,TRUE,224,1,BR_sarg,0,RE_fil,0,RE_leaf,0,RE_bush,0,KE_sugar
2024_10_08_11-40-57.jpg,1278,2264,GR_ulva,green_algae_ulva,TRUE,224,1,GR_ulva,0,KE_bull,0,RE_leaf,0,KE_sieve,0,KE_5rib
2024_10_08_11-40-57.jpg,1690,2247,GR_ulva,green_algae_ulva,TRUE,224,1,GR_ulva,0,KE_bull,0,RE_leaf,0,KE_stipe,0,KE_sieve
2024_10_08_11-40-57.jpg,789,4408,GR_ulva,green_algae_ulva,TRUE,224,0.998,GR_ulva,0.001,KE_sieve,0.001,KE_stipe,0,KE_5rib,0,unknown
2024_10_08_11-40-57.jpg,419,3873,SU_bould,boulder,TRUE,224,0.919,SU_bould,0.058,RE_bush,0.009,unknown,0.004,KE_stipe,0.004,GR_ulva
2024_10_08_11-40-57.jpg,2522,3910,GR_ulva,green_algae_ulva,TRUE,224,1,GR_ulva,0,KE_stipe,0,KE_bull,0,SU_peb,0,KE_sugar
2024_10_08_11-40-57.jpg,2999,2534,GR_ulva,green_algae_ulva,TRUE,224,1,GR_ulva,0,SU_bould,0,KE_bull,0,BR_sarg,0,KE_stipe
2024_10_08_11-40-57.jpg,487,853,GR_ulva,green_algae_ulva,TRUE,224,1,GR_ulva,0,SU_peb,0,RE_bush,0,SU_cob,0,BR_sarg
2024_10_08_11-40-57.jpg,2433,1066,BR_sarg,brown_algae_sargassum,TRUE,224,1,BR_sarg,0,RE_bush,0,KE_holdfas,0,KE_5rib,0,KE_sugar
2024_10_08_11-40-57.jpg,1216,3918,SU_silt,silt,TRUE,224,0.98,SU_silt,0.018,SU_cob,0.002,SU_peb,0,SU_shell,0,GR_ulva
2024_10_08_11-40-57.jpg,1396,3839,Review,Review,TRUE,224,0.433,SU_peb,0.253,KE_bull,0.097,RE_CCA,0.086,SU_sand,0.023,KE_sieve
2024_10_08_11-40-57.jpg,1089,3425,GR_ulva,green_algae_ulva,TRUE,224,0.999,GR_ulva,0,SU_peb,0,KE_sieve,0,KE_bull,0,MS
2024_10_08_11-40-57.jpg,921,2098,KE_5rib,kelp_five_rib,TRUE,224,0.987,KE_5rib,0.008,GR_ulva,0.005,KE_sugar,0,RE_leaf,0,SI
2024_10_08_11-40-57.jpg,1365,2001,GR_ulva,green_algae_ulva,TRUE,224,1,GR_ulva,0,RE_leaf,0,KE_bull,0,KE_sieve,0,KE_5rib
2024_10_08_11-40-57.jpg,618,2858,GR_ulva,green_algae_ulva,TRUE,224,1,GR_ulva,0,KE_stipe,0,unknown,0,KE_sugar,0,RE_leaf
2024_10_08_11-40-57.jpg,240,1814,Review,Review,TRUE,224,0.866,KE_5rib,0.133,KE_sugar,0.001,GR_ulva,0,KE_sieve,0,RE_leaf
2024_10_08_11-40-57.jpg,992,706,KE_stipe,kelp_stipe,TRUE,224,0.998,KE_stipe,0.001,GR_ulva,0,KE_bull,0,KE_sugar,0,MS
2024_10_08_11-40-57.jpg,3274,3714,KE_5rib,kelp_five_rib,TRUE,224,0.986,KE_5rib,0.014,GR_ulva,0,SU_bould,0,SU_cob,0,unknown
2024_10_08_11-40-57.jpg,768,2471,GR_ulva,green_algae_ulva,TRUE,224,1,GR_ulva,0,KE_bull,0,SU_peb,0,KE_stipe,0,BR_sarg
2024_10_08_11-40-57.jpg,494,3399,GR_ulva,green_algae_ulva,TRUE,224,1,GR_ulva,0,SU_bould,0,KE_bull,0,KE_5rib,0,MS
2024_10_08_11-40-57.jpg,744,3440,GR_ulva,green_algae_ulva,TRUE,224,1,GR_ulva,0,MS,0,unknown,0,KE_stipe,0,KE_bull
2024_10_08_11-40-57.jpg,2978,319,BR_sarg,brown_algae_sargassum,TRUE,224,1,BR_sarg,0,RE_bush,0,KE_stipe,0,RE_branch,0,RE_fil
2024_10_08_11-40-57.jpg,1916,4392,GR_ulva,green_algae_ulva,TRUE,224,0.989,GR_ulva,0.005,KE_sieve,0.004,KE_sugar,0,RE_bush,0,SU_silt
2024_10_08_11-40-57.jpg,2078,2224,GR_ulva,green_algae_ulva,TRUE,224,1,GR_ulva,0,BR_sarg,0,KE_bull,0,RE_leaf,0,BR_fucus
2024_10_08_11-40-57.jpg,761,498,GR_ulva,green_algae_ulva,TRUE,224,0.975,GR_ulva,0.024,SU_shell,0.001,SU_peb,0,KE_stipe,0,MS
2024_10_08_11-40-57.jpg,3719,2483,Review,Review,TRUE,224,0.767,KE_sugar,0.229,KE_bull,0.003,GR_ulva,0.001,KE_stipe,0,RE_leaf
2024_10_08_11-40-57.jpg,374,1242,Review,Review,TRUE,224,0.496,BR_sarg,0.227,RE_fil,0.119,RE_bush,0.112,KE_sugar,0.027,KE_stipe
2024_10_08_11-40-57.jpg,1413,3436,GR_ulva,green_algae_ulva,TRUE,224,1,GR_ulva,0,KE_5rib,0,KE_bull,0,RE_leaf,0,KE_sugar
2024_10_08_11-40-57.jpg,429,624,Review,Review,TRUE,224,0.677,GR_ulva,0.318,SU_peb,0.004,KE_stipe,0,MS,0,SU_cob
2024_10_08_11-40-57.jpg,1739,2583,GR_ulva,green_algae_ulva,TRUE,224,1,GR_ulva,0,KE_bull,0,RE_bush,0,KE_stipe,0,BR_sarg
2024_10_08_11-41-06.jpg,1149,785,Review,Review,TRUE,224,0.862,KE_sugar,0.138,KE_5rib,0,GR_ulva,0,SU_peb,0,KE_stipe
2024_10_08_11-41-06.jpg,766,1062,GR_ulva,green_algae_ulva,TRUE,224,1,GR_ulva,0,KE_bull,0,KE_stipe,0,KE_5rib,0,MS
2024_10_08_11-41-06.jpg,1783,3970,Review,Review,TRUE,224,0.835,RE_bush,0.147,GR_ulva,0.011,MS,0.004,KE_stipe,0.002,RE_leaf
2024_10_08_11-41-06.jpg,1233,4150,KE_sieve,kelp_sieve,TRUE,224,0.93,KE_sieve,0.047,GR_ulva,0.016,KE_5rib,0.003,KE_stipe,0.002,BR_fucus
2024_10_08_11-41-06.jpg,805,3618,RE_leaf,red_algae_flat_leaf,TRUE,224,0.999,RE_leaf,0.001,KE_stipe,0,RE_bush,0,MS,0,RE_fil
2024_10_08_11-41-06.jpg,3364,1955,GR_ulva,green_algae_ulva,TRUE,224,1,GR_ulva,0,BR_sarg,0,BR_fucus,0,KE_bull,0,MS
2024_10_08_11-41-06.jpg,1870,398,GR_ulva,green_algae_ulva,TRUE,224,0.99,GR_ulva,0.005,SU_peb,0.004,MS,0.001,SU_cob,0,KE_stipe
2024_10_08_11-41-06.jpg,2582,3813,GR_ulva,green_algae_ulva,TRUE,224,1,GR_ulva,0,SU_peb,0,KE_bull,0,KE_stipe,0,KE_sugar
2024_10_08_11-41-06.jpg,3334,1258,GR_ulva,green_algae_ulva,TRUE,224,0.999,GR_ulva,0.001,SU_peb,0,BR_sarg,0,KE_stipe,0,MS
2024_10_08_11-41-06.jpg,1113,2305,Review,Review,TRUE,224,0.768,SU_bould,0.106,BR_sarg,0.05,GR_ulva,0.043,SU_peb,0.021,KE_stipe
2024_10_08_11-41-06.jpg,3157,2144,GR_ulva,green_algae_ulva,TRUE,224,1,GR_ulva,0,KE_bull,0,BR_sarg,0,KE_stipe,0,RE_leaf
2024_10_08_11-41-06.jpg,3366,573,GR_ulva,green_algae_ulva,TRUE,224,1,GR_ulva,0,SU_cob,0,unknown,0,SU_bould,0,SU_peb
2024_10_08_11-41-06.jpg,923,2516,KE_sugar,kelp_sugar,TRUE,224,0.985,KE_sugar,0.015,KE_5rib,0,KE_sieve,0,unknown,0,GR_ulva
2024_10_08_11-41-06.jpg,666,2866,KE_sugar,kelp_sugar,TRUE,224,0.998,KE_sugar,0.002,KE_5rib,0,RE_leaf,0,unknown,0,RE_fil
2024_10_08_11-41-06.jpg,898,1943,Review,Review,TRUE,224,0.508,KE_5rib,0.492,KE_sugar,0,GR_ulva,0,RE_leaf,0,KE_bull
2024_10_08_11-41-06.jpg,3478,412,GR_ulva,green_algae_ulva,TRUE,224,1,GR_ulva,0,MS,0,SU_cob,0,SU_peb,0,SU_bould
2024_10_08_11-41-06.jpg,3244,3317,Review,Review,TRUE,224,0.6,RE_fil,0.256,RE_leaf,0.136,RE_bush,0.007,RE_branch,0.001,BR_sarg
2024_10_08_11-41-06.jpg,234,168,RE_fil,red_algae_filamentous,TRUE,224,0.995,RE_fil,0.005,RE_leaf,0.001,SU_cob,0,KE_stipe,0,RE_CCA
2024_10_08_11-41-06.jpg,551,1025,GR_ulva,green_algae_ulva,TRUE,224,1,GR_ulva,0,BR_sarg,0,unknown,0,SU_peb,0,SU_bould
2024_10_08_11-41-06.jpg,3174,3618,Review,Review,TRUE,224,0.607,RE_leaf,0.39,GR_ulva,0.002,MS,0,KE_5rib,0,unknown
2024_10_08_11-41-06.jpg,1217,323,Review,Review,TRUE,224,0.64,SU_peb,0.122,SU_sand,0.104,SU_silt,0.094,MS,0.036,GR_ulva
2024_10_08_11-41-06.jpg,3532,2508,GR_ulva,green_algae_ulva,TRUE,224,1,GR_ulva,0,BR_sarg,0,KE_sieve,0,BR_fucus,0,KE_stipe
2024_10_08_11-41-06.jpg,247,3309,Review,Review,TRUE,224,0.646,KE_sugar,0.353,KE_5rib,0,RE_leaf,0,unknown,0,GR_ulva
2024_10_08_11-41-06.jpg,1695,2004,KE_sugar,kelp_sugar,TRUE,224,0.998,KE_sugar,0.002,KE_sieve,0,KE_5rib,0,GR_ulva,0,KE_stipe
2024_10_08_11-41-06.jpg,1619,3156,GR_ulva,green_algae_ulva,TRUE,224,1,GR_ulva,0,BR_sarg,0,SU_bould,0,MS,0,unknown
2024_10_08_11-41-06.jpg,2300,2652,Review,Review,TRUE,224,0.613,SU_silt,0.304,KE_sugar,0.06,SU_shell,0.016,KE_sieve,0.002,MS
2024_10_08_11-41-06.jpg,1685,250,GR_ulva,green_algae_ulva,TRUE,224,1,GR_ulva,0,BR_sarg,0,KE_sugar,0,SU_cob,0,BR_fucus
2024_10_08_11-41-06.jpg,1292,2276,Review,Review,TRUE,224,0.863,KE_sieve,0.033,KE_stipe,0.029,GR_ulva,0.02,KE_sugar,0.019,BR_sarg
2024_10_08_11-41-06.jpg,2897,2756,GR_ulva,green_algae_ulva,TRUE,224,0.999,GR_ulva,0.001,KE_sugar,0,SU_peb,0,KE_bull,0,SU_silt
2024_10_08_11-41-06.jpg,3365,3043,GR_ulva,green_algae_ulva,TRUE,224,0.999,GR_ulva,0.001,RE_leaf,0,KE_stipe,0,KE_bull,0,BR_sarg
2024_10_08_11-41-06.jpg,1157,1376,KE_sugar,kelp_sugar,TRUE,224,1,KE_sugar,0,KE_sieve,0,KE_5rib,0,GR_ulva,0,unknown
2024_10_08_11-41-06.jpg,970,303,SU_silt,silt,TRUE,224,0.995,SU_silt,0.005,SU_sand,0,SU_peb,0,SU_shell,0,RE_bush
2024_10_08_11-41-06.jpg,2850,190,GR_ulva,green_algae_ulva,TRUE,224,1,GR_ulva,0,KE_5rib,0,BR_sarg,0,SU_cob,0,unknown
2024_10_08_11-41-06.jpg,485,3790,GR_ulva,green_algae_ulva,TRUE,224,1,GR_ulva,0,unknown,0,RE_leaf,0,MS,0,KE_sugar
2024_10_08_11-41-06.jpg,3309,2074,GR_ulva,green_algae_ulva,TRUE,224,1,GR_ulva,0,KE_bull,0,BR_sarg,0,RE_branch,0,BR_fucus
2024_10_08_11-41-06.jpg,2452,420,GR_ulva,green_algae_ulva,TRUE,224,0.99,GR_ulva,0.01,SU_cob,0,KE_sugar,0,RE_leaf,0,BR_sarg
2024_10_08_11-41-06.jpg,155,1378,GR_ulva,green_algae_ulva,TRUE,224,1,GR_ulva,0,unknown,0,KE_5rib,0,RE_leaf,0,KE_sugar
2024_10_08_11-41-06.jpg,2388,2058,SU_silt,silt,TRUE,224,1,SU_silt,0,SU_shell,0,KE_sugar,0,SU_sand,0,KE_sieve
2024_10_08_11-41-06.jpg,736,645,GR_ulva,green_algae_ulva,TRUE,224,1,GR_ulva,0,SU_peb,0,KE_stipe,0,SU_cob,0,KE_5rib
2024_10_08_11-41-06.jpg,3316,2353,GR_ulva,green_algae_ulva,TRUE,224,1,GR_ulva,0,BR_sarg,0,RE_leaf,0,unknown,0,KE_stipe
2024_10_08_11-41-06.jpg,638,3628,GR_ulva,green_algae_ulva,TRUE,224,0.981,GR_ulva,0.016,SU_peb,0.003,MS,0,RE_leaf,0,KE_stipe
2024_10_08_11-41-06.jpg,809,2847,Review,Review,TRUE,224,0.821,GR_ulva,0.175,KE_sugar,0.003,KE_5rib,0,unknown,0,KE_stipe
2024_10_08_11-41-06.jpg,1941,4470,Review,Review,TRUE,224,0.42,SU_silt,0.341,MS,0.115,RE_bush,0.108,KE_sieve,0.01,RE_leaf
2024_10_08_11-41-06.jpg,1742,1237,KE_sugar,kelp_sugar,TRUE,224,0.999,KE_sugar,0.001,KE_5rib,0,GR_ulva,0,RE_leaf,0,KE_sieve
2024_10_08_11-41-06.jpg,3441,1439,GR_ulva,green_algae_ulva,TRUE,224,1,GR_ulva,0,SU_bould,0,BR_sarg,0,KE_stipe,0,SU_peb
2024_10_08_11-41-06.jpg,939,688,SU_peb,pebble,TRUE,224,0.959,SU_peb,0.02,SU_cob,0.016,SU_silt,0.002,GR_ulva,0.001,SU_sand
2024_10_08_11-41-06.jpg,2042,687,Review,Review,TRUE,224,0.859,KE_sugar,0.09,KE_5rib,0.031,KE_sieve,0.016,MS,0.002,RE_leaf
2024_10_08_11-41-06.jpg,3755,1524,Review,Review,TRUE,224,0.704,GR_ulva,0.205,MS,0.074,KE_stipe,0.015,SU_peb,0.002,SU_cob
2024_10_08_11-41-06.jpg,2544,2743,Review,Review,TRUE,224,0.461,MS,0.351,SU_silt,0.127,SU_sand,0.048,SU_shell,0.005,RE_bush
2024_10_08_11-41-06.jpg,626,424,GR_ulva,green_algae_ulva,TRUE,224,1,GR_ulva,0,SU_cob,0,KE_stipe,0,MS,0,SU_peb
2024_10_08_11-41-15.jpg,504,1578,RE_bush,red_algae_bushy,TRUE,224,0.998,RE_bush,0.001,KE_stipe,0.001,SU_sand,0,SU_peb,0,KE_holdfas
2024_10_08_11-41-15.jpg,2127,3789,RE_leaf,red_algae_flat_leaf,TRUE,224,0.999,RE_leaf,0.001,RE_fil,0,KE_sugar,0,KE_5rib,0,SU_peb
2024_10_08_11-41-15.jpg,1341,311,SU_peb,pebble,TRUE,224,0.983,SU_peb,0.011,SU_silt,0.005,SU_sand,0.001,GR_ulva,0,SU_shell
2024_10_08_11-41-15.jpg,2421,2219,GR_ulva,green_algae_ulva,TRUE,224,1,GR_ulva,0,KE_bull,0,KE_stipe,0,BR_sarg,0,RE_bush
2024_10_08_11-41-15.jpg,3257,3129,GR_ulva,green_algae_ulva,TRUE,224,1,GR_ulva,0,KE_sugar,0,RE_leaf,0,MS,0,unknown
2024_10_08_11-41-15.jpg,1199,2576,RE_bush,red_algae_bushy,TRUE,224,1,RE_bush,0,RE_branch,0,SU_peb,0,SI,0,KE_holdfas
2024_10_08_11-41-15.jpg,3517,4060,Review,Review,TRUE,224,0.619,RE_fil,0.379,RE_leaf,0.002,KE_5rib,0,unknown,0,RE_bush
2024_10_08_11-41-15.jpg,3702,1446,GR_ulva,green_algae_ulva,TRUE,224,1,GR_ulva,0,BR_sarg,0,unknown,0,KE_5rib,0,SU_peb
2024_10_08_11-41-15.jpg,2216,778,GR_ulva,green_algae_ulva,TRUE,224,1,GR_ulva,0,BR_sarg,0,MS,0,SU_peb,0,unknown
2024_10_08_11-41-15.jpg,1526,4353,GR_ulva,green_algae_ulva,TRUE,224,0.997,GR_ulva,0.001,KE_sieve,0.001,unknown,0.001,KE_sugar,0,KE_5rib
2024_10_08_11-41-15.jpg,1372,2365,RE_bush,red_algae_bushy,TRUE,224,0.988,RE_bush,0.006,MS,0.005,KE_sugar,0,RE_leaf,0,SI_kelpBry
2024_10_08_11-41-15.jpg,1499,1532,GR_ulva,green_algae_ulva,TRUE,224,1,GR_ulva,0,KE_sieve,0,KE_5rib,0,BR_sarg,0,RE_leaf
2024_10_08_11-41-15.jpg,730,3668,SU_silt,silt,TRUE,224,0.999,SU_silt,0,SU_peb,0,SU_sand,0,RE_bush,0,SU_shell
2024_10_08_11-41-15.jpg,667,2917,RE_bush,red_algae_bushy,TRUE,224,1,RE_bush,0,SU_cob,0,SU_bould,0,SU_silt,0,KE_sugar
2024_10_08_11-41-15.jpg,2700,3595,Review,Review,TRUE,224,0.768,RE_bush,0.219,SU_sand,0.012,SU_silt,0,RE_branch,0,SI
2024_10_08_11-41-15.jpg,164,2186,RE_bush,red_algae_bushy,TRUE,224,0.987,RE_bush,0.01,SU_sand,0.002,SU_silt,0,RE_branch,0,SU_peb
2024_10_08_11-41-15.jpg,1776,2046,Review,Review,TRUE,224,0.66,RE_bush,0.265,RE_fil,0.069,RE_branch,0.005,KE_stipe,0,KE_holdfas
2024_10_08_11-41-15.jpg,927,708,GR_ulva,green_algae_ulva,TRUE,224,0.989,GR_ulva,0.004,SU_bould,0.003,unknown,0.003,KE_sugar,0,SU_silt
2024_10_08_11-41-15.jpg,2670,2332,GR_ulva,green_algae_ulva,TRUE,224,1,GR_ulva,0,KE_bull,0,SU_bould,0,KE_stipe,0,RE_leaf
2024_10_08_11-41-15.jpg,3478,1814,GR_ulva,green_algae_ulva,TRUE,224,0.999,GR_ulva,0,KE_sugar,0,BR_sarg,0,KE_sieve,0,RE_leaf
2024_10_08_11-41-15.jpg,1166,3230,RE_leaf,red_algae_flat_leaf,TRUE,224,0.999,RE_leaf,0,SU_peb,0,KE_5rib,0,KE_sugar,0,MS
2024_10_08_11-41-15.jpg,995,2064,GR_ulva,green_algae_ulva,TRUE,224,1,GR_ulva,0,KE_5rib,0,RE_leaf,0,KE_stipe,0,MS
2024_10_08_11-41-15.jpg,721,1293,GR_ulva,green_algae_ulva,TRUE,224,1,GR_ulva,0,KE_bull,0,KE_stipe,0,KE_5rib,0,unknown
2024_10_08_11-41-15.jpg,1528,815,GR_ulva,green_algae_ulva,TRUE,224,1,GR_ulva,0,unknown,0,KE_sugar,0,SU_bould,0,KE_5rib
2024_10_08_11-41-15.jpg,3195,2498,GR_ulva,green_algae_ulva,TRUE,224,1,GR_ulva,0,KE_bull,0,RE_leaf,0,BR_sarg,0,SI_kelpBry
2024_10_08_11-41-15.jpg,2670,1009,GR_ulva,green_algae_ulva,TRUE,224,0.999,GR_ulva,0.001,RE_leaf,0,BR_sarg,0,KE_stipe,0,BR_fucus
2024_10_08_11-41-15.jpg,1408,926,GR_ulva,green_algae_ulva,TRUE,224,0.998,GR_ulva,0.001,MS,0.001,KE_stipe,0,KE_5rib,0,RE_leaf
2024_10_08_11-41-15.jpg,3611,3637,RE_bush,red_algae_bushy,TRUE,224,0.995,RE_bush,0.002,SU_bould,0.001,KE_stipe,0,SU_silt,0,RE_fil
2024_10_08_11-41-15.jpg,3594,1995,GR_ulva,green_algae_ulva,TRUE,224,0.998,GR_ulva,0.001,BR_sarg,0,RE_leaf,0,KE_bull,0,MS
2024_10_08_11-41-15.jpg,2093,3017,RE_leaf,red_algae_flat_leaf,TRUE,224,0.987,RE_leaf,0.013,RE_fil,0,KE_sugar,0,MS,0,RE_bush
2024_10_08_11-41-15.jpg,1177,1542,GR_ulva,green_algae_ulva,TRUE,224,1,GR_ulva,0,KE_sieve,0,unknown,0,RE_leaf,0,KE_stipe
2024_10_08_11-41-15.jpg,556,4440,SU_silt,silt,TRUE,224,0.993,SU_silt,0.004,RE_bush,0.001,SU_bould,0.001,SU_peb,0,SU_cob
2024_10_08_11-41-15.jpg,2791,3812,GR_ulva,green_algae_ulva,TRUE,224,0.992,GR_ulva,0.008,SU_peb,0,SU_cob,0,SU_shell,0,RE_bush
2024_10_08_11-41-15.jpg,2116,4289,Review,Review,TRUE,224,0.385,KE_stipe,0.338,RE_fil,0.265,RE_bush,0.007,GR_ulva,0.003,RE_leaf
2024_10_08_11-41-15.jpg,2667,3202,RE_leaf,red_algae_flat_leaf,TRUE,224,1,RE_leaf,0,RE_bush,0,KE_sugar,0,RE_fil,0,KE_5rib
2024_10_08_11-41-15.jpg,3521,3469,GR_ulva,green_algae_ulva,TRUE,224,1,GR_ulva,0,KE_sieve,0,RE_leaf,0,KE_stipe,0,MS
2024_10_08_11-41-15.jpg,2618,253,GR_ulva,green_algae_ulva,TRUE,224,1,GR_ulva,0,KE_stipe,0,SU_peb,0,SU_bould,0,BR_sarg
2024_10_08_11-41-15.jpg,3204,2822,GR_ulva,green_algae_ulva,TRUE,224,1,GR_ulva,0,SU_peb,0,KE_stipe,0,BR_fucus,0,BR_sarg
2024_10_08_11-41-15.jpg,137,4200,Review,Review,TRUE,224,0.499,KE_5rib,0.223,RE_bush,0.186,KE_sieve,0.028,KE_sugar,0.02,SU_silt
2024_10_08_11-41-15.jpg,270,4338,SU_silt,silt,TRUE,224,0.952,SU_silt,0.04,RE_bush,0.008,KE_5rib,0,SU_peb,0,SU_bould
2024_10_08_11-41-15.jpg,3374,2959,GR_ulva,green_algae_ulva,TRUE,224,0.992,GR_ulva,0.003,SU_bould,0.002,RE_leaf,0.001,KE_sugar,0.001,unknown
2024_10_08_11-41-15.jpg,2865,734,GR_ulva,green_algae_ulva,TRUE,224,1,GR_ulva,0,unknown,0,KE_stipe,0,BR_sarg,0,BR_fucus
2024_10_08_11-41-15.jpg,230,2990,RE_bush,red_algae_bushy,TRUE,224,0.977,RE_bush,0.012,SU_sand,0.009,SU_silt,0,MS,0,SU_peb
2024_10_08_11-41-15.jpg,3178,2940,GR_ulva,green_algae_ulva,TRUE,224,1,GR_ulva,0,RE_leaf,0,BR_sarg,0,KE_sugar,0,KE_5rib
2024_10_08_11-41-15.jpg,3901,2397,GR_ulva,green_algae_ulva,TRUE,224,1,GR_ulva,0,KE_bull,0,KE_5rib,0,MS,0,KE_stipe
2024_10_08_11-41-15.jpg,1241,4167,GR_ulva,green_algae_ulva,TRUE,224,1,GR_ulva,0,KE_stipe,0,SU_peb,0,MS,0,BR_sarg
2024_10_08_11-41-15.jpg,1961,3245,RE_leaf,red_algae_flat_leaf,TRUE,224,1,RE_leaf,0,RE_fil,0,MS,0,KE_sugar,0,SI_kelpBry
2024_10_08_11-41-15.jpg,3391,3384,GR_ulva,green_algae_ulva,TRUE,224,0.979,GR_ulva,0.02,KE_5rib,0,MS,0,SU_bould,0,KE_sugar
2024_10_08_11-41-15.jpg,758,377,GR_ulva,green_algae_ulva,TRUE,224,1,GR_ulva,0,SU_bould,0,KE_stipe,0,SU_peb,0,MS
2024_10_08_11-41-15.jpg,2866,1781,GR_ulva,green_algae_ulva,TRUE,224,1,GR_ulva,0,KE_bull,0,RE_leaf,0,KE_5rib,0,BR_sarg
2024_10_08_11-41-24.jpg,2154,1042,Review,Review,TRUE,224,0.627,RE_bush,0.316,MS,0.048,SU_silt,0.003,SI_kelpBry,0.002,SU_cob
2024_10_08_11-41-24.jpg,2410,2948,GR_ulva,green_algae_ulva,TRUE,224,0.999,GR_ulva,0,RE_leaf,0,BR_sarg,0,KE_sugar,0,KE_sieve
2024_10_08_11-41-24.jpg,3339,1294,RE_bush,red_algae_bushy,TRUE,224,1,RE_bush,0,RE_branch,0,SU_sand,0,MS,0,BR_sarg
2024_10_08_11-41-24.jpg,3052,4256,RE_bush,red_algae_bushy,TRUE,224,1,RE_bush,0,KE_sugar,0,RE_fil,0,SU_bould,0,RE_branch
2024_10_08_11-41-24.jpg,887,2675,SU_sand,sand_fine_shell,TRUE,224,0.995,SU_sand,0.005,SU_silt,0,SU_peb,0,SU_shell,0,MS
2024_10_08_11-41-24.jpg,3525,1630,Review,Review,TRUE,224,0.854,RE_bush,0.061,MS,0.058,RE_fil,0.013,KE_stipe,0.011,SU_bould
2024_10_08_11-41-24.jpg,2550,2421,GR_ulva,green_algae_ulva,TRUE,224,1,GR_ulva,0,KE_stipe,0,SU_peb,0,KE_bull,0,BR_sarg
2024_10_08_11-41-24.jpg,3867,2947,Review,Review,TRUE,224,0.687,SU_silt,0.283,SU_peb,0.02,SU_cob,0.005,RE_bush,0.002,SU_sand
2024_10_08_11-41-24.jpg,1719,1809,SU_sand,sand_fine_shell,TRUE,224,1,SU_sand,0,RE_bush,0,SU_silt,0,SU_shell,0,SU_peb
2024_10_08_11-41-24.jpg,3462,1263,RE_bush,red_algae_bushy,TRUE,224,1,RE_bush,0,RE_branch,0,SU_sand,0,MS,0,SU_silt
2024_10_08_11-41-24.jpg,3139,2554,Review,Review,TRUE,224,0.753,GR_ulva,0.157,SU_silt,0.061,MS,0.008,SU_peb,0.007,KE_bull
2024_10_08_11-41-24.jpg,3359,4018,RE_bush,red_algae_bushy,TRUE,224,1,RE_bush,0,KE_stipe,0,BR_fucus,0,KE_5rib,0,RE_fil
2024_10_08_11-41-24.jpg,2720,2627,GR_ulva,green_algae_ulva,TRUE,224,1,GR_ulva,0,BR_sarg,0,SU_bould,0,KE_sugar,0,SU_cob
2024_10_08_11-41-24.jpg,1698,3689,GR_ulva,green_algae_ulva,TRUE,224,1,GR_ulva,0,SU_peb,0,MS,0,SU_silt,0,KE_stipe
2024_10_08_11-41-24.jpg,2464,971,MS,mobile_species,TRUE,224,1,MS,0,SU_silt,0,RE_bush,0,SI_kelpBry,0,SU_shell
2024_10_08_11-41-24.jpg,1145,4459,Review,Review,TRUE,224,0.705,KE_stipe,0.17,SU_peb,0.061,SU_bould,0.048,BR_fucus,0.013,KE_5rib
2024_10_08_11-41-24.jpg,576,3896,Review,Review,TRUE,224,0.867,SU_bould,0.123,RE_bush,0.005,KE_sugar,0.001,RE_branch,0.001,KE_stipe
2024_10_08_11-41-24.jpg,2685,3830,RE_bush,red_algae_bushy,TRUE,224,0.996,RE_bush,0.004,RE_leaf,0,MS,0,RE_fil,0,KE_stipe
2024_10_08_11-41-24.jpg,680,916,Review,Review,TRUE,224,0.827,SU_sand,0.153,SU_silt,0.018,SU_shell,0.001,SU_peb,0.001,SU_cob
2024_10_08_11-41-24.jpg,1106,4064,SU_silt,silt,TRUE,224,0.983,SU_silt,0.007,RE_bush,0.004,KE_sieve,0.003,SU_bould,0.001,KE_5rib
2024_10_08_11-41-24.jpg,2848,640,RE_bush,red_algae_bushy,TRUE,224,1,RE_bush,0,MS,0,GR_ulva,0,BR_sarg,0,RE_leaf
2024_10_08_11-41-24.jpg,2472,3331,GR_ulva,green_algae_ulva,TRUE,224,1,GR_ulva,0,SU_cob,0,SU_bould,0,BR_sarg,0,SU_peb
2024_10_08_11-41-24.jpg,177,1342,RE_leaf,red_algae_flat_leaf,TRUE,224,0.998,RE_leaf,0.002,RE_fil,0,KE_5rib,0,KE_sugar,0,SU_bould
2024_10_08_11-41-24.jpg,1881,137,Review,Review,TRUE,224,0.551,SU_silt,0.447,SU_sand,0.001,SU_shell,0.001,MS,0,SU_cob
2024_10_08_11-41-24.jpg,3598,3039,Review,Review,TRUE,224,0.764,GR_ulva,0.133,SU_peb,0.053,SU_cob,0.045,SU_silt,0.002,MS
2024_10_08_11-41-24.jpg,1032,3938,Review,Review,TRUE,224,0.574,KE_5rib,0.259,KE_sugar,0.058,SU_silt,0.051,RE_fil,0.016,RE_leaf
2024_10_08_11-41-24.jpg,3259,2759,Review,Review,TRUE,224,0.896,SU_silt,0.102,SU_sand,0.001,SU_peb,0,SU_shell,0,RE_bush
2024_10_08_11-41-24.jpg,1543,680,SU_silt,silt,TRUE,224,1,SU_silt,0,MS,0,SU_shell,0,SU_sand,0,RE_bush
2024_10_08_11-41-24.jpg,3337,1822,Review,Review,TRUE,224,0.716,SU_cob,0.251,SU_peb,0.011,KE_sugar,0.011,MS,0.003,SU_bould
2024_10_08_11-41-24.jpg,3553,695,RE_bush,red_algae_bushy,TRUE,224,1,RE_bush,0,RE_fil,0,RE_leaf,0,RE_branch,0,BR_sarg
2024_10_08_11-41-24.jpg,154,2518,SU_silt,silt,TRUE,224,0.936,SU_silt,0.054,SU_sand,0.009,SU_shell,0,RE_bush,0,RE_CCA
2024_10_08_11-41-24.jpg,3275,4277,RE_bush,red_algae_bushy,TRUE,224,0.995,RE_bush,0.005,KE_5rib,0,RE_branch,0,BR_fucus,0,KE_sugar
2024_10_08_11-41-24.jpg,1730,2572,SU_silt,silt,TRUE,224,0.999,SU_silt,0,SU_peb,0,SU_bould,0,SU_shell,0,SU_cob
2024_10_08_11-41-24.jpg,955,903,Review,Review,TRUE,224,0.78,SU_silt,0.091,MS,0.066,KE_sugar,0.027,SU_cob,0.022,SU_peb
2024_10_08_11-41-24.jpg,2735,1598,Review,Review,TRUE,224,0.785,RE_leaf,0.133,SU_peb,0.03,KE_stipe,0.024,RE_fil,0.013,KE_5rib
2024_10_08_11-41-24.jpg,128,3116,GR_ulva,green_algae_ulva,TRUE,224,1,GR_ulva,0,unknown,0,KE_sugar,0,KE_5rib,0,KE_bull
2024_10_08_11-41-24.jpg,2298,2358,Review,Review,TRUE,224,0.819,SU_peb,0.074,SU_shell,0.042,GR_ulva,0.024,SI,0.015,SI_kelpBry
2024_10_08_11-41-24.jpg,3619,2807,Review,Review,TRUE,224,0.774,GR_ulva,0.226,SU_bould,0,KE_stipe,0,KE_sieve,0,BR_sarg
2024_10_08_11-41-24.jpg,410,990,Review,Review,TRUE,224,0.509,SU_shell,0.48,SU_sand,0.008,SU_silt,0.002,SU_cob,0,RE_bush
2024_10_08_11-41-24.jpg,2008,1447,RE_bush,red_algae_bushy,TRUE,224,1,RE_bush,0,MS,0,RE_leaf,0,RE_branch,0,SU_sand
2024_10_08_11-41-24.jpg,587,3477,Review,Review,TRUE,224,0.627,RE_bush,0.175,BR_sarg,0.066,KE_holdfas,0.059,KE_sugar,0.052,RE_fil
2024_10_08_11-41-24.jpg,3111,3815,Review,Review,TRUE,224,0.761,RE_bush,0.227,KE_sugar,0.013,KE_5rib,0,RE_leaf,0,RE_fil
2024_10_08_11-41-24.jpg,286,2073,SU_sand,sand_fine_shell,TRUE,224,0.97,SU_sand,0.028,SU_peb,0.001,SU_cob,0,RE_bush,0,MS
2024_10_08_11-41-24.jpg,1383,3168,Review,Review,TRUE,224,0.738,GR_ulva,0.242,SU_peb,0.011,SU_cob,0.003,SU_bould,0.003,MS
2024_10_08_11-41-24.jpg,297,2711,SU_silt,silt,TRUE,224,0.922,SU_silt,0.075,SU_sand,0.001,SU_peb,0.001,SU_shell,0,SU_cob
2024_10_08_11-41-24.jpg,3005,2239,SU_silt,silt,TRUE,224,0.922,SU_silt,0.065,SU_sand,0.007,SU_shell,0.005,MS,0.001,RE_bush
2024_10_08_11-41-24.jpg,788,3535,Review,Review,TRUE,224,0.334,KE_sugar,0.332,RE_fil,0.26,RE_bush,0.051,SU_bould,0.011,BR_sarg
2024_10_08_11-41-24.jpg,1434,933,SU_silt,silt,TRUE,224,1,SU_silt,0,SU_shell,0,SU_sand,0,KE_sugar,0,SU_cob
2024_10_08_11-41-24.jpg,3906,4143,RE_bush,red_algae_bushy,TRUE,224,0.997,RE_bush,0.001,SU_silt,0.001,RE_leaf,0,RE_branch,0,BR_sarg
2024_10_08_11-41-24.jpg,3599,996,RE_bush,red_algae_bushy,TRUE,224,0.976,RE_bush,0.022,SU_peb,0.001,RE_branch,0,SU_bould,0,SU_silt
2024_10_08_11-41-33.jpg,2049,2465,KE_sugar,kelp_sugar,TRUE,224,0.999,KE_sugar,0.001,KE_5rib,0,RE_leaf,0,GR_ulva,0,KE_sieve
2024_10_08_11-41-33.jpg,440,2411,RE_bush,red_algae_bushy,TRUE,224,0.979,RE_bush,0.019,SU_bould,0.002,RE_fil,0,BR_sarg,0,MS
2024_10_08_11-41-33.jpg,1984,2742,Review,Review,TRUE,224,0.848,KE_sugar,0.116,KE_sieve,0.018,RE_leaf,0.013,KE_5rib,0.002,RE_fil
2024_10_08_11-41-33.jpg,1797,4477,KE_sugar,kelp_sugar,TRUE,224,0.997,KE_sugar,0.002,SU_bould,0.001,KE_5rib,0,MS,0,KE_sieve
2024_10_08_11-41-33.jpg,3473,366,Review,Review,TRUE,224,0.871,SU_silt,0.104,SU_sand,0.016,SU_peb,0.005,RE_bush,0.002,SU_cob
2024_10_08_11-41-33.jpg,3380,3100,Review,Review,TRUE,224,0.432,RE_branch,0.281,BR_sarg,0.195,RE_fil,0.087,RE_bush,0.003,RE_leaf
2024_10_08_11-41-33.jpg,793,3436,Review,Review,TRUE,224,0.463,KE_stipe,0.447,MS,0.033,KE_sugar,0.023,KE_bull,0.018,BR_fucus
2024_10_08_11-41-33.jpg,2972,2338,GR_ulva,green_algae_ulva,TRUE,224,1,GR_ulva,0,KE_bull,0,KE_stipe,0,RE_leaf,0,SU_peb
2024_10_08_11-41-33.jpg,706,2989,GR_ulva,green_algae_ulva,TRUE,224,1,GR_ulva,0,KE_stipe,0,SU_bould,0,KE_sieve,0,KE_5rib
2024_10_08_11-41-33.jpg,1315,2950,RE_bush,red_algae_bushy,TRUE,224,0.998,RE_bush,0.002,RE_fil,0,RE_leaf,0,RE_branch,0,BR_sarg
2024_10_08_11-41-33.jpg,1935,2197,KE_sugar,kelp_sugar,TRUE,224,0.999,KE_sugar,0.001,KE_5rib,0,KE_sieve,0,GR_ulva,0,RE_leaf
2024_10_08_11-41-33.jpg,2687,673,Review,Review,TRUE,224,0.486,RE_bush,0.343,SU_sand,0.125,BR_sarg,0.021,RE_branch,0.012,RE_leaf
2024_10_08_11-41-33.jpg,477,3410,Review,Review,TRUE,224,0.585,KE_sugar,0.249,GR_ulva,0.11,MS,0.033,KE_stipe,0.022,KE_bull
2024_10_08_11-41-33.jpg,3281,4113,GR_ulva,green_algae_ulva,TRUE,224,1,GR_ulva,0,KE_sieve,0,unknown,0,KE_stipe,0,KE_5rib
2024_10_08_11-41-33.jpg,1677,1174,KE_sugar,kelp_sugar,TRUE,224,0.983,KE_sugar,0.017,KE_5rib,0,unknown,0,RE_leaf,0,GR_ulva
2024_10_08_11-41-33.jpg,2817,369,RE_leaf,red_algae_flat_leaf,TRUE,224,1,RE_leaf,0,RE_fil,0,KE_sugar,0,RE_bush,0,MS
2024_10_08_11-41-33.jpg,2231,3791,Review,Review,TRUE,224,0.476,SU_bould,0.398,SU_cob,0.06,SU_silt,0.049,GR_ulva,0.013,SU_peb
2024_10_08_11-41-33.jpg,1489,587,SU_sand,sand_fine_shell,TRUE,224,0.994,SU_sand,0.006,SU_peb,0,KE_sieve,0,KE_stipe,0,KE_5rib
2024_10_08_11-41-33.jpg,950,2384,SU_cob,cobble,TRUE,224,0.936,SU_cob,0.061,RE_bush,0.002,KE_sugar,0.001,SU_peb,0,KE_sieve
2024_10_08_11-41-33.jpg,1337,3657,Review,Review,TRUE,224,0.858,KE_sugar,0.058,KE_sieve,0.033,SU_peb,0.023,KE_5rib,0.01,SU_bould
2024_10_08_11-41-33.jpg,875,358,Review,Review,TRUE,224,0.867,SU_silt,0.133,SU_sand,0,SU_shell,0,RE_bush,0,SU_peb
2024_10_08_11-41-33.jpg,2215,375,RE_leaf,red_algae_flat_leaf,TRUE,224,0.932,RE_leaf,0.042,SU_peb,0.018,RE_fil,0.004,SU_cob,0.001,RE_branch
2024_10_08_11-41-33.jpg,3714,3848,Review,Review,TRUE,224,0.694,SU_bould,0.131,SU_peb,0.06,KE_5rib,0.051,RE_bush,0.023,SU_cob
2024_10_08_11-41-33.jpg,1107,2881,Review,Review,TRUE,224,0.758,MS,0.152,KE_stipe,0.06,RE_bush,0.028,RE_leaf,0.001,KE_bull
2024_10_08_11-41-33.jpg,2779,1060,RE_bush,red_algae_bushy,TRUE,224,1,RE_bush,0,RE_branch,0,RE_leaf,0,RE_fil,0,KE_holdfas
2024_10_08_11-41-33.jpg,752,3817,KE_sugar,kelp_sugar,TRUE,224,0.964,KE_sugar,0.022,SI_kelpBry,0.01,KE_5rib,0.001,RE_CCA,0.001,SU_bould
2024_10_08_11-41-33.jpg,3172,3275,RE_bush,red_algae_bushy,TRUE,224,0.999,RE_bush,0,SU_peb,0,RE_branch,0,KE_sugar,0,SU_bould
2024_10_08_11-41-33.jpg,498,1105,MS,mobile_species,TRUE,224,0.979,MS,0.006,SU_cob,0.005,SU_shell,0.005,SU_silt,0.003,SU_peb
2024_10_08_11-41-33.jpg,3268,4396,GR_ulva,green_algae_ulva,TRUE,224,0.907,GR_ulva,0.073,KE_stipe,0.016,SU_cob,0.003,MS,0.001,SU_bould
2024_10_08_11-41-33.jpg,3755,1938,SU_silt,silt,TRUE,224,0.999,SU_silt,0,SU_peb,0,SU_sand,0,MS,0,SU_shell
2024_10_08_11-41-33.jpg,3365,1253,GR_ulva,green_algae_ulva,TRUE,224,1,GR_ulva,0,SU_cob,0,SU_bould,0,SU_peb,0,KE_stipe
2024_10_08_11-41-33.jpg,2664,1673,Review,Review,TRUE,224,0.827,MS,0.173,RE_bush,0,SU_sand,0,KE_stipe,0,BR_sarg
2024_10_08_11-41-33.jpg,3588,1525,GR_ulva,green_algae_ulva,TRUE,224,0.998,GR_ulva,0.001,SU_peb,0,SU_cob,0,KE_stipe,0,SU_silt
2024_10_08_11-41-33.jpg,1618,527,SU_peb,pebble,TRUE,224,0.943,SU_peb,0.042,KE_5rib,0.006,SU_cob,0.005,RE_bush,0.004,RE_leaf
2024_10_08_11-41-33.jpg,375,745,SU_sand,sand_fine_shell,TRUE,224,0.921,SU_sand,0.078,SU_peb,0.001,SU_silt,0,SU_shell,0,MS
2024_10_08_11-41-33.jpg,1522,3221,Review,Review,TRUE,224,0.425,KE_sieve,0.359,KE_sugar,0.127,MS,0.032,RE_leaf,0.022,RE_branch
2024_10_08_11-41-33.jpg,2189,1657,Review,Review,TRUE,224,0.623,RE_leaf,0.127,KE_sugar,0.082,GR_ulva,0.066,RE_fil,0.038,KE_stipe
2024_10_08_11-41-33.jpg,263,1342,Review,Review,TRUE,224,0.73,SU_peb,0.227,SU_sand,0.038,RE_bush,0.004,SU_shell,0.001,SU_silt
2024_10_08_11-41-33.jpg,2745,1216,RE_bush,red_algae_bushy,TRUE,224,0.996,RE_bush,0.003,SU_bould,0.001,RE_fil,0,SU_cob,0,SU_peb
2024_10_08_11-41-33.jpg,581,3681,Review,Review,TRUE,224,0.553,SU_silt,0.392,MS,0.025,KE_5rib,0.023,SU_bould,0.002,KE_sugar
2024_10_08_11-41-33.jpg,1515,2838,RE_bush,red_algae_bushy,TRUE,224,0.999,RE_bush,0.001,RE_branch,0,RE_leaf,0,RE_fil,0,BR_sarg
2024_10_08_11-41-33.jpg,1494,2083,Review,Review,TRUE,224,0.556,RE_fil,0.318,RE_bush,0.119,RE_leaf,0.005,RE_branch,0.001,BR_sarg
2024_10_08_11-41-33.jpg,754,2268,Review,Review,TRUE,224,0.829,GR_ulva,0.116,KE_stipe,0.024,RE_fil,0.024,BR_sarg,0.001,MS
2024_10_08_11-41-33.jpg,2586,3426,KE_stipe,kelp_stipe,TRUE,224,1,KE_stipe,0,BR_sarg,0,KE_bull,0,GR_ulva,0,KE_holdfas
2024_10_08_11-41-33.jpg,2703,3582,GR_ulva,green_algae_ulva,TRUE,224,1,GR_ulva,0,KE_5rib,0,unknown,0,KE_sugar,0,MS
2024_10_08_11-41-33.jpg,2541,2023,RE_leaf,red_algae_flat_leaf,TRUE,224,0.934,RE_leaf,0.066,SU_peb,0,RE_fil,0,KE_5rib,0,KE_sugar
2024_10_08_11-41-33.jpg,3768,1754,SU_silt,silt,TRUE,224,1,SU_silt,0,SU_shell,0,SU_sand,0,RE_bush,0,SU_peb
2024_10_08_11-41-33.jpg,1864,1809,KE_sugar,kelp_sugar,TRUE,224,0.996,KE_sugar,0.004,KE_5rib,0,KE_sieve,0,RE_leaf,0,GR_ulva
2024_10_08_11-41-33.jpg,3845,2749,GR_ulva,green_algae_ulva,TRUE,224,1,GR_ulva,0,RE_leaf,0,unknown,0,KE_sieve,0,KE_stipe
2024_10_08_11-41-33.jpg,1550,4053,Review,Review,TRUE,224,0.743,KE_5rib,0.071,BR_fucus,0.051,KE_sieve,0.046,KE_sugar,0.044,KE_stipe
2024_10_08_11-41-42.jpg,3211,203,SU_peb,pebble,TRUE,224,1,SU_peb,0,SU_cob,0,SU_shell,0,GR_ulva,0,SU_silt
2024_10_08_11-41-42.jpg,2802,3533,Review,Review,TRUE,224,0.498,MS,0.311,KE_stipe,0.127,SU_bould,0.048,SU_cob,0.009,RE_fil
2024_10_08_11-41-42.jpg,119,2526,SU_peb,pebble,TRUE,224,0.989,SU_peb,0.005,SU_silt,0.003,SU_cob,0.002,SU_sand,0.001,SU_bould
2024_10_08_11-41-42.jpg,2589,4181,RE_fil,red_algae_filamentous,TRUE,224,0.905,RE_fil,0.087,RE_leaf,0.005,MS,0.001,RE_bush,0.001,KE_stipe
2024_10_08_11-41-42.jpg,883,4166,GR_ulva,green_algae_ulva,TRUE,224,1,GR_ulva,0,MS,0,KE_sieve,0,KE_stipe,0,KE_5rib
2024_10_08_11-41-42.jpg,3142,1201,GR_ulva,green_algae_ulva,TRUE,224,1,GR_ulva,0,SU_cob,0,SU_bould,0,SU_peb,0,MS
2024_10_08_11-41-42.jpg,424,3233,Review,Review,TRUE,224,0.716,SU_bould,0.177,MS,0.038,SU_peb,0.022,SU_sand,0.02,RE_leaf
2024_10_08_11-41-42.jpg,2653,2704,SU_silt,silt,TRUE,224,0.998,SU_silt,0.002,SU_sand,0.001,SU_shell,0,SU_peb,0,GR_ulva
2024_10_08_11-41-42.jpg,2510,3253,GR_ulva,green_algae_ulva,TRUE,224,1,GR_ulva,0,KE_bull,0,BR_sarg,0,SU_bould,0,RE_leaf
2024_10_08_11-41-42.jpg,2111,1862,Review,Review,TRUE,224,0.365,RE_fil,0.257,KE_stipe,0.164,MS,0.129,SU_bould,0.076,RE_bush
2024_10_08_11-41-42.jpg,3872,2554,GR_ulva,green_algae_ulva,TRUE,224,1,GR_ulva,0,MS,0,KE_stipe,0,RE_leaf,0,KE_bull
2024_10_08_11-41-42.jpg,1240,513,SU_sand,sand_fine_shell,TRUE,224,0.983,SU_sand,0.017,SU_peb,0,SU_silt,0,SU_shell,0,MS
2024_10_08_11-41-42.jpg,3205,527,Review,Review,TRUE,224,0.577,GR_ulva,0.314,KE_stipe,0.102,SU_peb,0.006,MS,0.001,SU_sand
2024_10_08_11-41-42.jpg,2086,1117,Review,Review,TRUE,224,0.788,KE_sugar,0.174,SU_bould,0.019,KE_sieve,0.008,KE_5rib,0.005,MS
2024_10_08_11-41-42.jpg,174,808,Review,Review,TRUE,224,0.654,RE_leaf,0.261,RE_bush,0.076,RE_fil,0.007,RE_branch,0.002,KE_5rib
2024_10_08_11-41-42.jpg,3232,3437,GR_ulva,green_algae_ulva,TRUE,224,1,GR_ulva,0,unknown,0,MS,0,KE_stipe,0,RE_fil
2024_10_08_11-41-42.jpg,1488,4099,RE_leaf,red_algae_flat_leaf,TRUE,224,1,RE_leaf,0,RE_fil,0,RE_bush,0,MS,0,KE_sugar
2024_10_08_11-41-42.jpg,3492,3202,Review,Review,TRUE,224,0.359,BR_fucus,0.313,GR_ulva,0.257,SU_peb,0.057,SU_cob,0.009,KE_stipe
2024_10_08_11-41-42.jpg,1192,2448,GR_ulva,green_algae_ulva,TRUE,224,1,GR_ulva,0,RE_leaf,0,KE_5rib,0,BR_sarg,0,KE_holdfas
2024_10_08_11-41-42.jpg,3341,3974,Review,Review,TRUE,224,0.808,MS,0.152,RE_bush,0.029,SU_peb,0.003,SU_bould,0.003,BR_fucus
2024_10_08_11-41-42.jpg,829,4031,GR_ulva,green_algae_ulva,TRUE,224,1,GR_ulva,0,MS,0,KE_bull,0,KE_holdfas,0,unknown
2024_10_08_11-41-42.jpg,1433,1057,SU_silt,silt,TRUE,224,0.999,SU_silt,0.001,SU_sand,0,SU_shell,0,SU_peb,0,RE_CCA
2024_10_08_11-41-42.jpg,2414,1822,Review,Review,TRUE,224,0.636,KE_stipe,0.196,KE_sugar,0.088,SU_sand,0.073,SU_peb,0.002,SU_bould
2024_10_08_11-41-42.jpg,181,1980,Review,Review,TRUE,224,0.79,SU_sand,0.21,SU_peb,0,SU_cob,0,SU_silt,0,SU_shell
2024_10_08_11-41-42.jpg,2681,926,Review,Review,TRUE,224,0.724,KE_sugar,0.161,BR_sarg,0.066,KE_sieve,0.017,SU_silt,0.014,SU_sand
2024_10_08_11-41-42.jpg,1689,3028,SU_silt,silt,TRUE,224,0.96,SU_silt,0.031,SU_sand,0.008,SU_shell,0,SU_peb,0,KE_stipe
2024_10_08_11-41-42.jpg,463,667,KE_sugar,kelp_sugar,TRUE,224,0.985,KE_sugar,0.008,RE_leaf,0.006,RE_fil,0.001,KE_5rib,0,RE_bush
2024_10_08_11-41-42.jpg,3557,2311,GR_ulva,green_algae_ulva,TRUE,224,0.999,GR_ulva,0,KE_stipe,0,MS,0,SU_cob,0,BR_sarg
2024_10_08_11-41-42.jpg,1288,3237,SU_sand,sand_fine_shell,TRUE,224,1,SU_sand,0,SU_silt,0,SU_shell,0,SU_peb,0,SU_cob
2024_10_08_11-41-42.jpg,313,1545,SU_silt,silt,TRUE,224,1,SU_silt,0,SU_peb,0,SU_sand,0,SU_shell,0,SU_cob
2024_10_08_11-41-42.jpg,2435,1507,SU_sand,sand_fine_shell,TRUE,224,0.999,SU_sand,0,SU_peb,0,MS,0,SU_cob,0,SU_shell
2024_10_08_11-41-42.jpg,1644,3456,RE_leaf,red_algae_flat_leaf,TRUE,224,0.998,RE_leaf,0.002,RE_fil,0.001,KE_sugar,0,RE_bush,0,unknown
2024_10_08_11-41-42.jpg,485,803,Review,Review,TRUE,224,0.884,KE_sugar,0.052,RE_fil,0.046,KE_5rib,0.012,RE_leaf,0.005,RE_bush
2024_10_08_11-41-42.jpg,668,2884,SU_shell,shell_hash,TRUE,224,0.982,SU_shell,0.009,SU_silt,0.004,SU_bould,0.003,SU_cob,0.001,KE_sugar
2024_10_08_11-41-42.jpg,2031,1367,Review,Review,TRUE,224,0.872,KE_stipe,0.043,MS,0.042,GR_ulva,0.018,KE_sugar,0.007,SU_bould
2024_10_08_11-41-42.jpg,879,4413,GR_ulva,green_algae_ulva,TRUE,224,1,GR_ulva,0,KE_sieve,0,RE_leaf,0,KE_stipe,0,unknown
2024_10_08_11-41-42.jpg,1028,3892,GR_ulva,green_algae_ulva,TRUE,224,0.987,GR_ulva,0.01,SU_peb,0.001,MS,0.001,BR_sarg,0.001,KE_stipe
2024_10_08_11-41-42.jpg,1110,3062,SU_sand,sand_fine_shell,TRUE,224,1,SU_sand,0,SU_silt,0,SU_shell,0,SU_peb,0,RE_bush
2024_10_08_11-41-42.jpg,991,3237,Review,Review,TRUE,224,0.668,SU_silt,0.199,SU_sand,0.133,SU_peb,0,SU_shell,0,SU_cob
2024_10_08_11-41-42.jpg,2995,3491,Review,Review,TRUE,224,0.323,SU_bould,0.29,RE_CCA,0.197,RE_fil,0.097,BR_sarg,0.024,SU_cob
2024_10_08_11-41-42.jpg,660,4189,GR_ulva,green_algae_ulva,TRUE,224,0.996,GR_ulva,0.004,KE_sieve,0,unknown,0,KE_stipe,0,RE_leaf
2024_10_08_11-41-42.jpg,219,212,RE_leaf,red_algae_flat_leaf,TRUE,224,0.998,RE_leaf,0.001,KE_sugar,0,KE_5rib,0,RE_fil,0,SU_silt
2024_10_08_11-41-42.jpg,3031,4057,GR_ulva,green_algae_ulva,TRUE,224,1,GR_ulva,0,KE_sieve,0,KE_stipe,0,unknown,0,BR_fucus
2024_10_08_11-41-42.jpg,3438,1252,GR_ulva,green_algae_ulva,TRUE,224,1,GR_ulva,0,SU_peb,0,KE_bull,0,KE_stipe,0,MS
2024_10_08_11-41-42.jpg,2315,3142,Review,Review,TRUE,224,0.652,GR_ulva,0.34,SU_peb,0.004,KE_sugar,0.002,MS,0.001,BR_sarg
2024_10_08_11-41-42.jpg,3438,4445,GR_ulva,green_algae_ulva,TRUE,224,1,GR_ulva,0,KE_stipe,0,MS,0,KE_sugar,0,RE_leaf
2024_10_08_11-41-42.jpg,1937,4034,RE_leaf,red_algae_flat_leaf,TRUE,224,1,RE_leaf,0,MS,0,RE_bush,0,RE_fil,0,KE_stipe
2024_10_08_11-41-42.jpg,781,1061,RE_leaf,red_algae_flat_leaf,TRUE,224,1,RE_leaf,0,KE_sugar,0,KE_5rib,0,SU_silt,0,MS
2024_10_08_11-41-42.jpg,3056,2801,Review,Review,TRUE,224,0.603,KE_sieve,0.286,KE_sugar,0.066,RE_fil,0.032,RE_leaf,0.009,SU_bould
2024_10_08_11-41-42.jpg,520,2484,GR_ulva,green_algae_ulva,TRUE,224,1,GR_ulva,0,SU_peb,0,KE_stipe,0,SU_bould,0,BR_sarg
2024_10_08_11-41-51.jpg,1601,613,MS,mobile_species,TRUE,224,0.917,MS,0.049,SU_bould,0.018,SU_peb,0.013,BR_sarg,0.001,SU_sand
2024_10_08_11-41-51.jpg,3133,541,Review,Review,TRUE,224,0.599,SU_sand,0.396,SU_silt,0.003,MS,0.001,SU_peb,0,RE_bush
2024_10_08_11-41-51.jpg,997,4398,SU_silt,silt,TRUE,224,1,SU_silt,0,MS,0,SU_shell,0,SU_peb,0,SU_cob
2024_10_08_11-41-51.jpg,3137,1150,SU_sand,sand_fine_shell,TRUE,224,0.973,SU_sand,0.011,SU_silt,0.009,BR_sarg,0.004,SU_peb,0.001,RE_bush
2024_10_08_11-41-51.jpg,2846,930,Review,Review,TRUE,224,0.777,SU_silt,0.147,RE_bush,0.074,SU_sand,0.001,SU_shell,0,MS
2024_10_08_11-41-51.jpg,350,1451,RE_leaf,red_algae_flat_leaf,TRUE,224,0.999,RE_leaf,0,MS,0,KE_5rib,0,GR_ulva,0,RE_branch
2024_10_08_11-41-51.jpg,1073,2874,GR_ulva,green_algae_ulva,TRUE,224,0.996,GR_ulva,0.003,SU_bould,0,BR_sarg,0,KE_sieve,0,KE_bull
2024_10_08_11-41-51.jpg,2790,1986,BR_sarg,brown_algae_sargassum,TRUE,224,0.977,BR_sarg,0.022,RE_branch,0.001,RE_bush,0,BR_fucus,0,KE_holdfas
2024_10_08_11-41-51.jpg,2961,2727,Review,Review,TRUE,224,0.553,KE_sugar,0.324,RE_leaf,0.038,KE_5rib,0.032,RE_fil,0.028,SU_bould
2024_10_08_11-41-51.jpg,1629,843,Review,Review,TRUE,224,0.705,RE_fil,0.202,RE_leaf,0.036,RE_branch,0.017,SU_bould,0.015,MS
2024_10_08_11-41-51.jpg,663,2766,SU_silt,silt,TRUE,224,0.925,SU_silt,0.075,SU_peb,0,SU_sand,0,SU_shell,0,KE_sieve
2024_10_08_11-41-51.jpg,683,3174,SU_silt,silt,TRUE,224,1,SU_silt,0,SU_shell,0,RE_bush,0,SU_sand,0,MS
2024_10_08_11-41-51.jpg,1646,1862,SU_sand,sand_fine_shell,TRUE,224,0.998,SU_sand,0.001,SU_silt,0.001,SU_shell,0,SU_peb,0,SU_bould
2024_10_08_11-41-51.jpg,2450,1332,RE_fil,red_algae_filamentous,TRUE,224,1,RE_fil,0,SU_cob,0,KE_sugar,0,KE_sieve,0,KE_stipe
2024_10_08_11-41-51.jpg,1046,1112,Review,Review,TRUE,224,0.575,RE_branch,0.424,RE_bush,0.001,BR_sarg,0,SU_sand,0,SU_silt
2024_10_08_11-41-51.jpg,1273,2858,RE_bush,red_algae_bushy,TRUE,224,1,RE_bush,0,KE_stipe,0,RE_branch,0,KE_sieve,0,MS
2024_10_08_11-41-51.jpg,2679,1802,BR_sarg,brown_algae_sargassum,TRUE,224,1,BR_sarg,0,RE_branch,0,SU_bould,0,KE_sieve,0,RE_bush
2024_10_08_11-41-51.jpg,302,522,Review,Review,TRUE,224,0.668,RE_leaf,0.331,RE_branch,0.001,MS,0,KE_stipe,0,RE_bush
2024_10_08_11-41-51.jpg,3347,2081,BR_sarg,brown_algae_sargassum,TRUE,224,1,BR_sarg,0,RE_branch,0,RE_bush,0,KE_sugar,0,BR_fucus
2024_10_08_11-41-51.jpg,1408,889,SU_peb,pebble,TRUE,224,1,SU_peb,0,KE_stipe,0,RE_CCA,0,SU_sand,0,SU_cob
2024_10_08_11-41-51.jpg,2825,1629,BR_sarg,brown_algae_sargassum,TRUE,224,1,BR_sarg,0,RE_branch,0,BR_fucus,0,KE_stipe,0,SU_bould
2024_10_08_11-41-51.jpg,3371,3848,GR_ulva,green_algae_ulva,TRUE,224,1,GR_ulva,0,KE_5rib,0,KE_sieve,0,KE_stipe,0,unknown
2024_10_08_11-41-51.jpg,2535,2238,RE_bush,red_algae_bushy,TRUE,224,1,RE_bush,0,MS,0,RE_fil,0,KE_sieve,0,RE_branch
2024_10_08_11-41-51.jpg,1490,3307,RE_bush,red_algae_bushy,TRUE,224,1,RE_bush,0,RE_fil,0,RE_leaf,0,RE_branch,0,MS
2024_10_08_11-41-51.jpg,2116,2373,RE_bush,red_algae_bushy,TRUE,224,1,RE_bush,0,RE_branch,0,KE_sieve,0,RE_fil,0,SU_sand
2024_10_08_11-41-51.jpg,1930,2585,RE_bush,red_algae_bushy,TRUE,224,1,RE_bush,0,RE_branch,0,SU_sand,0,KE_holdfas,0,SU_peb
2024_10_08_11-41-51.jpg,3822,1378,SU_silt,silt,TRUE,224,0.973,SU_silt,0.008,SU_sand,0.005,KE_sieve,0.004,SU_shell,0.003,RE_bush
2024_10_08_11-41-51.jpg,1647,3384,RE_bush,red_algae_bushy,TRUE,224,1,RE_bush,0,MS,0,RE_branch,0,RE_leaf,0,SU_sand
2024_10_08_11-41-51.jpg,3532,3165,GR_ulva,green_algae_ulva,TRUE,224,1,GR_ulva,0,KE_stipe,0,RE_leaf,0,KE_sieve,0,SU_bould
2024_10_08_11-41-51.jpg,206,776,RE_leaf,red_algae_flat_leaf,TRUE,224,0.953,RE_leaf,0.028,RE_fil,0.018,RE_branch,0,MS,0,KE_sieve
2024_10_08_11-41-51.jpg,2525,4268,GR_ulva,green_algae_ulva,TRUE,224,1,GR_ulva,0,KE_sieve,0,KE_stipe,0,KE_5rib,0,MS
2024_10_08_11-41-51.jpg,3827,3330,Review,Review,TRUE,224,0.785,KE_stipe,0.117,RE_bush,0.057,SU_peb,0.033,MS,0.002,RE_branch
2024_10_08_11-41-51.jpg,480,134,Review,Review,TRUE,224,0.42,RE_bush,0.128,BR_sarg,0.125,KE_stipe,0.116,BR_fucus,0.108,RE_fil
2024_10_08_11-41-51.jpg,2280,300,GR_ulva,green_algae_ulva,TRUE,224,1,GR_ulva,0,BR_sarg,0,RE_leaf,0,unknown,0,SU_cob
2024_10_08_11-41-51.jpg,2294,2815,SU_peb,pebble,TRUE,224,0.997,SU_peb,0.001,SU_bould,0.001,GR_ulva,0,MS,0,KE_bull
2024_10_08_11-41-51.jpg,2545,3467,GR_ulva,green_algae_ulva,TRUE,224,1,GR_ulva,0,KE_bull,0,KE_stipe,0,KE_sugar,0,SU_bould
2024_10_08_11-41-51.jpg,246,2530,SU_silt,silt,TRUE,224,0.999,SU_silt,0.001,SU_sand,0,SU_shell,0,SU_peb,0,RE_CCA
2024_10_08_11-41-51.jpg,1148,3141,RE_bush,red_algae_bushy,TRUE,224,0.982,RE_bush,0.018,GR_ulva,0,MS,0,BR_sarg,0,BR_fucus
2024_10_08_11-41-51.jpg,1449,1564,SU_sand,sand_fine_shell,TRUE,224,0.983,SU_sand,0.01,SU_silt,0.006,SU_shell,0.001,SU_peb,0,RE_bush
2024_10_08_11-41-51.jpg,2333,1151,Review,Review,TRUE,224,0.691,RE_fil,0.208,KE_stipe,0.052,KE_sieve,0.018,KE_sugar,0.01,KE_5rib
2024_10_08_11-41-51.jpg,1234,4137,RE_leaf,red_algae_flat_leaf,TRUE,224,1,RE_leaf,0,KE_5rib,0,KE_sugar,0,KE_sieve,0,MS
2024_10_08_11-41-51.jpg,877,3819,SU_silt,silt,TRUE,224,0.905,SU_silt,0.041,RE_bush,0.013,MS,0.013,SU_peb,0.008,SU_shell
2024_10_08_11-41-51.jpg,1070,1656,Review,Review,TRUE,224,0.606,SU_sand,0.356,SU_silt,0.038,SU_shell,0,SU_peb,0,MS
2024_10_08_11-41-51.jpg,3505,3870,GR_ulva,green_algae_ulva,TRUE,224,1,GR_ulva,0,KE_5rib,0,unknown,0,MS,0,SU_bould
2024_10_08_11-41-51.jpg,1321,2178,SU_peb,pebble,TRUE,224,0.994,SU_peb,0.003,SU_sand,0.001,SU_silt,0.001,KE_stipe,0,SU_bould
2024_10_08_11-41-51.jpg,2646,2059,RE_bush,red_algae_bushy,TRUE,224,1,RE_bush,0,RE_branch,0,SU_sand,0,KE_holdfas,0,KE_sieve
2024_10_08_11-41-51.jpg,3312,2459,RE_fil,red_algae_filamentous,TRUE,224,0.966,RE_fil,0.022,RE_leaf,0.008,RE_bush,0.003,RE_branch,0.001,KE_stipe
2024_10_08_11-41-51.jpg,2028,1678,Review,Review,TRUE,224,0.514,GR_ulva,0.141,SU_silt,0.102,MS,0.054,RE_leaf,0.052,SU_cob
2024_10_08_11-41-51.jpg,510,3268,Review,Review,TRUE,224,0.524,SU_bould,0.306,SU_silt,0.137,SU_cob,0.006,SU_peb,0.006,SU_sand
2024_10_08_11-41-51.jpg,3366,2883,RE_leaf,red_algae_flat_leaf,TRUE,224,0.986,RE_leaf,0.014,RE_fil,0,KE_5rib,0,MS,0,RE_branch
2024_10_08_11-42-00.jpg,207,1116,GR_ulva,green_algae_ulva,TRUE,224,1,GR_ulva,0,KE_stipe,0,BR_sarg,0,KE_bull,0,MS
2024_10_08_11-42-00.jpg,2305,2661,Review,Review,TRUE,224,0.811,MS,0.06,SU_silt,0.033,SI,0.028,SU_peb,0.021,RE_leaf
2024_10_08_11-42-00.jpg,3613,1488,Review,Review,TRUE,224,0.889,SU_sand,0.101,RE_bush,0.009,SU_silt,0.001,SU_peb,0,MS
2024_10_08_11-42-00.jpg,391,2242,Review,Review,TRUE,224,0.567,SU_bould,0.256,BR_sarg,0.129,KE_sugar,0.038,KE_stipe,0.006,KE_sieve
2024_10_08_11-42-00.jpg,2036,2019,Review,Review,TRUE,224,0.748,RE_fil,0.234,RE_leaf,0.016,RE_branch,0.001,RE_bush,0,KE_5rib
2024_10_08_11-42-00.jpg,1849,1598,RE_leaf,red_algae_flat_leaf,TRUE,224,1,RE_leaf,0,KE_sugar,0,KE_bull,0,GR_ulva,0,RE_branch
2024_10_08_11-42-00.jpg,1146,3620,SU_sand,sand_fine_shell,TRUE,224,0.999,SU_sand,0.001,SU_silt,0,SU_peb,0,SU_shell,0,SU_cob
2024_10_08_11-42-00.jpg,1922,2666,SU_bould,boulder,TRUE,224,0.959,SU_bould,0.029,RE_fil,0.008,KE_5rib,0.002,SU_peb,0.001,KE_sugar
2024_10_08_11-42-00.jpg,3871,3859,SU_silt,silt,TRUE,224,0.95,SU_silt,0.037,MS,0.011,SU_cob,0.002,KE_stipe,0.001,SU_peb
2024_10_08_11-42-00.jpg,3789,4196,Review,Review,TRUE,224,0.857,SU_silt,0.133,SU_cob,0.005,SU_peb,0.004,MS,0,KE_5rib
2024_10_08_11-42-00.jpg,2412,369,GR_ulva,green_algae_ulva,TRUE,224,1,GR_ulva,0,SU_peb,0,SU_cob,0,KE_5rib,0,SU_bould
2024_10_08_11-42-00.jpg,2565,2983,RE_branch,red_algae_branching,TRUE,224,0.983,RE_branch,0.015,RE_bush,0.001,BR_sarg,0.001,RE_leaf,0,SU_peb
2024_10_08_11-42-00.jpg,2148,683,Review,Review,TRUE,224,0.523,KE_stipe,0.236,SU_peb,0.159,KE_5rib,0.039,RE_leaf,0.026,RE_fil
2024_10_08_11-42-00.jpg,143,1323,Review,Review,TRUE,224,0.804,RE_fil,0.122,MS,0.033,RE_branch,0.015,BR_sarg,0.015,RE_bush
2024_10_08_11-42-00.jpg,180,3584,KE_5rib,kelp_five_rib,TRUE,224,0.958,KE_5rib,0.04,KE_sugar,0.001,KE_stipe,0,RE_leaf,0,KE_sieve
2024_10_08_11-42-00.jpg,2875,549,Review,Review,TRUE,224,0.68,SU_sand,0.098,MS,0.095,KE_sugar,0.057,RE_bush,0.026,SU_peb
2024_10_08_11-42-00.jpg,864,2658,GR_ulva,green_algae_ulva,TRUE,224,1,GR_ulva,0,KE_bull,0,SU_peb,0,KE_stipe,0,SU_cob
2024_10_08_11-42-00.jpg,3587,2401,Review,Review,TRUE,224,0.808,SU_cob,0.152,SU_bould,0.026,SU_silt,0.006,SU_shell,0.003,MS
2024_10_08_11-42-00.jpg,2100,3670,GR_ulva,green_algae_ulva,TRUE,224,0.999,GR_ulva,0.001,KE_stipe,0,BR_sarg,0,KE_bull,0,KE_sieve
2024_10_08_11-42-00.jpg,251,3910,Review,Review,TRUE,224,0.596,SU_sand,0.403,SU_silt,0,SU_peb,0,RE_bush,0,SU_shell
2024_10_08_11-42-00.jpg,1521,2286,KE_sieve,kelp_sieve,TRUE,224,0.995,KE_sieve,0.002,RE_branch,0.001,GR_ulva,0.001,KE_sugar,0,SU_bould
2024_10_08_11-42-00.jpg,246,4403,Review,Review,TRUE,224,0.826,SU_sand,0.163,SU_silt,0.009,MS,0.001,SU_shell,0,SU_peb
2024_10_08_11-42-00.jpg,412,1987,Review,Review,TRUE,224,0.843,KE_sieve,0.157,KE_sugar,0,BR_sarg,0,SU_cob,0,SU_bould
2024_10_08_11-42-00.jpg,3643,1981,SU_silt,silt,TRUE,224,0.995,SU_silt,0.004,SU_sand,0,SU_shell,0,RE_CCA,0,KE_sieve
2024_10_08_11-42-00.jpg,1450,461,Review,Review,TRUE,224,0.257,KE_sugar,0.229,KE_holdfas,0.218,BR_sarg,0.208,GR_ulva,0.076,SU_bould
2024_10_08_11-42-00.jpg,2500,2479,Review,Review,TRUE,224,0.896,RE_fil,0.093,RE_leaf,0.004,KE_stipe,0.003,MS,0.001,RE_CCA
2024_10_08_11-42-00.jpg,2451,2073,RE_leaf,red_algae_flat_leaf,TRUE,224,1,RE_leaf,0,RE_fil,0,RE_bush,0,KE_bull,0,RE_branch
2024_10_08_11-42-00.jpg,1884,724,RE_leaf,red_algae_flat_leaf,TRUE,224,0.956,RE_leaf,0.022,KE_stipe,0.019,KE_5rib,0.002,KE_sugar,0,RE_fil
2024_10_08_11-42-00.jpg,3053,3007,RE_leaf,red_algae_flat_leaf,TRUE,224,1,RE_leaf,0,RE_branch,0,MS,0,KE_5rib,0,GR_ulva
2024_10_08_11-42-00.jpg,312,3192,Review,Review,TRUE,224,0.571,RE_fil,0.361,RE_bush,0.048,SU_bould,0.014,KE_sugar,0.002,BR_sarg
2024_10_08_11-42-00.jpg,3510,1747,SU_silt,silt,TRUE,224,1,SU_silt,0,SU_shell,0,SU_sand,0,RE_CCA,0,MS
2024_10_08_11-42-00.jpg,884,2103,Review,Review,TRUE,224,0.873,SU_peb,0.117,SU_shell,0.007,SU_sand,0.002,MS,0,SU_cob
2024_10_08_11-42-00.jpg,3264,1616,SU_peb,pebble,TRUE,224,0.914,SU_peb,0.086,SU_sand,0,SU_silt,0,SU_shell,0,MS
2024_10_08_11-42-00.jpg,712,2286,SU_cob,cobble,TRUE,224,0.995,SU_cob,0.003,SU_shell,0.001,KE_sieve,0.001,KE_stipe,0,KE_sugar
2024_10_08_11-42-00.jpg,2152,3975,Review,Review,TRUE,224,0.833,GR_ulva,0.056,SU_bould,0.056,MS,0.023,KE_bull,0.013,KE_stipe
2024_10_08_11-42-00.jpg,2762,1530,MS,mobile_species,TRUE,224,0.91,MS,0.06,RE_fil,0.016,RE_branch,0.005,RE_leaf,0.004,KE_stipe
2024_10_08_11-42-00.jpg,2839,4459,Review,Review,TRUE,224,0.677,SU_silt,0.32,RE_bush,0.001,SU_sand,0.001,SU_peb,0,RE_branch
2024_10_08_11-42-00.jpg,2519,2743,Review,Review,TRUE,224,0.821,SU_bould,0.116,SU_cob,0.053,SU_peb,0.003,RE_fil,0.002,BR_sarg
2024_10_08_11-42-00.jpg,1153,1483,Review,Review,TRUE,224,0.696,SU_bould,0.245,SU_cob,0.039,RE_bush,0.011,KE_sugar,0.004,SU_silt
2024_10_08_11-42-00.jpg,2755,3105,RE_branch,red_algae_branching,TRUE,224,0.999,RE_branch,0,RE_bush,0,RE_leaf,0,BR_sarg,0,MS
2024_10_08_11-42-00.jpg,3700,2935,Review,Review,TRUE,224,0.602,SU_sand,0.31,SU_silt,0.073,RE_bush,0.004,MS,0.003,KE_sieve
2024_10_08_11-42-00.jpg,2656,255,GR_ulva,green_algae_ulva,TRUE,224,1,GR_ulva,0,KE_5rib,0,unknown,0,RE_leaf,0,KE_sugar
2024_10_08_11-42-00.jpg,3769,2714,SU_silt,silt,TRUE,224,0.975,SU_silt,0.013,SU_bould,0.006,MS,0.003,KE_sieve,0.001,RE_bush
2024_10_08_11-42-00.jpg,3491,4104,SU_silt,silt,TRUE,224,0.93,SU_silt,0.064,MS,0.004,RE_bush,0.001,SU_peb,0,SU_shell
2024_10_08_11-42-00.jpg,2263,4240,Review,Review,TRUE,224,0.768,GR_ulva,0.119,unknown,0.085,KE_sugar,0.017,KE_sieve,0.008,SU_silt
2024_10_08_11-42-00.jpg,3435,2334,Review,Review,TRUE,224,0.728,SU_silt,0.22,KE_sieve,0.02,SU_peb,0.015,SU_sand,0.012,SU_shell
2024_10_08_11-42-00.jpg,3528,3835,Review,Review,TRUE,224,0.827,MS,0.088,SU_peb,0.04,SU_shell,0.038,SU_silt,0.006,KE_sieve
2024_10_08_11-42-00.jpg,2948,2556,SU_sand,sand_fine_shell,TRUE,224,0.999,SU_sand,0.001,SU_cob,0,SU_shell,0,SU_silt,0,KE_sieve
2024_10_08_11-42-00.jpg,266,3343,Review,Review,TRUE,224,0.78,KE_stipe,0.177,MS,0.032,RE_leaf,0.006,KE_sugar,0.003,KE_bull
2024_10_08_11-42-00.jpg,750,1549,Review,Review,TRUE,224,0.396,KE_stipe,0.346,GR_ulva,0.249,KE_bull,0.004,MS,0.001,SI
2024_10_08_11-42-09.jpg,2244,1495,Review,Review,TRUE,224,0.358,RE_leaf,0.346,GR_ulva,0.144,RE_fil,0.122,MS,0.011,KE_bull
2024_10_08_11-42-09.jpg,3519,1181,GR_ulva,green_algae_ulva,TRUE,224,1,GR_ulva,0,MS,0,KE_stipe,0,BR_sarg,0,KE_bull
2024_10_08_11-42-09.jpg,1344,2557,MS,mobile_species,TRUE,224,0.919,MS,0.077,KE_sugar,0.003,KE_sieve,0,KE_bull,0,SI_kelpBry
2024_10_08_11-42-09.jpg,2422,1122,GR_ulva,green_algae_ulva,TRUE,224,1,GR_ulva,0,KE_5rib,0,KE_sieve,0,RE_fil,0,BR_sarg
2024_10_08_11-42-09.jpg,3502,1955,GR_ulva,green_algae_ulva,TRUE,224,1,GR_ulva,0,KE_bull,0,KE_stipe,0,MS,0,BR_sarg
2024_10_08_11-42-09.jpg,2526,173,GR_ulva,green_algae_ulva,TRUE,224,1,GR_ulva,0,SU_peb,0,SU_cob,0,KE_stipe,0,SU_bould
2024_10_08_11-42-09.jpg,1073,608,GR_ulva,green_algae_ulva,TRUE,224,1,GR_ulva,0,SU_cob,0,MS,0,SU_bould,0,KE_5rib
2024_10_08_11-42-09.jpg,2384,3242,GR_ulva,green_algae_ulva,TRUE,224,1,GR_ulva,0,KE_sieve,0,KE_stipe,0,BR_fucus,0,unknown
2024_10_08_11-42-09.jpg,1859,638,Review,Review,TRUE,224,0.71,SU_peb,0.276,RE_leaf,0.003,KE_sieve,0.002,KE_stipe,0.002,SU_sand
2024_10_08_11-42-09.jpg,2558,606,SU_peb,pebble,TRUE,224,0.934,SU_peb,0.064,SU_sand,0.001,SU_bould,0,GR_ulva,0,MS
2024_10_08_11-42-09.jpg,1883,773,Review,Review,TRUE,224,0.792,RE_leaf,0.192,RE_fil,0.011,SU_peb,0.004,SU_cob,0,RE_CCA
2024_10_08_11-42-09.jpg,3499,482,GR_ulva,green_algae_ulva,TRUE,224,1,GR_ulva,0,MS,0,KE_sieve,0,unknown,0,RE_leaf
2024_10_08_11-42-09.jpg,981,1645,RE_branch,red_algae_branching,TRUE,224,0.992,RE_branch,0.008,RE_fil,0,BR_sarg,0,RE_bush,0,RE_leaf
2024_10_08_11-42-09.jpg,3584,915,GR_ulva,green_algae_ulva,TRUE,224,1,GR_ulva,0,BR_sarg,0,KE_sieve,0,KE_stipe,0,KE_5rib
2024_10_08_11-42-09.jpg,3213,3057,Review,Review,TRUE,224,0.898,KE_sieve,0.046,KE_5rib,0.042,KE_sugar,0.01,RE_leaf,0.002,RE_branch
2024_10_08_11-42-09.jpg,691,1061,GR_ulva,green_algae_ulva,TRUE,224,0.946,GR_ulva,0.054,KE_stipe,0,MS,0,RE_leaf,0,RE_fil
2024_10_08_11-42-09.jpg,259,3176,RE_branch,red_algae_branching,TRUE,224,1,RE_branch,0,RE_fil,0,RE_leaf,0,BR_sarg,0,RE_bush
2024_10_08_11-42-09.jpg,3622,2247,GR_ulva,green_algae_ulva,TRUE,224,1,GR_ulva,0,KE_sieve,0,BR_sarg,0,KE_bull,0,KE_sugar
2024_10_08_11-42-09.jpg,191,2933,GR_ulva,green_algae_ulva,TRUE,224,0.999,GR_ulva,0,KE_bull,0,KE_stipe,0,MS,0,BR_fucus
2024_10_08_11-42-09.jpg,3493,4085,Review,Review,TRUE,224,0.711,unknown,0.241,KE_sugar,0.025,RE_leaf,0.015,GR_ulva,0.007,KE_5rib
2024_10_08_11-42-09.jpg,3088,227,GR_ulva,green_algae_ulva,TRUE,224,0.999,GR_ulva,0.001,MS,0,KE_stipe,0,RE_leaf,0,SU_bould
2024_10_08_11-42-09.jpg,2813,1703,GR_ulva,green_algae_ulva,TRUE,224,1,GR_ulva,0,RE_leaf,0,KE_sugar,0,KE_bull,0,KE_5rib
2024_10_08_11-42-09.jpg,671,2747,GR_ulva,green_algae_ulva,TRUE,224,1,GR_ulva,0,RE_leaf,0,KE_5rib,0,unknown,0,KE_sugar
2024_10_08_11-42-09.jpg,3627,2585,KE_sugar,kelp_sugar,TRUE,224,0.948,KE_sugar,0.027,KE_sieve,0.02,MS,0.002,KE_stipe,0.002,RE_leaf
2024_10_08_11-42-09.jpg,3642,4058,Review,Review,TRUE,224,0.532,unknown,0.273,KE_sugar,0.176,GR_ulva,0.013,KE_5rib,0.004,KE_sieve
2024_10_08_11-42-09.jpg,1440,1866,RE_leaf,red_algae_flat_leaf,TRUE,224,0.991,RE_leaf,0.009,KE_sugar,0,MS,0,KE_5rib,0,KE_sieve
2024_10_08_11-42-09.jpg,780,1729,Review,Review,TRUE,224,0.476,RE_fil,0.395,RE_branch,0.04,KE_stipe,0.03,GR_ulva,0.02,RE_CCA
2024_10_08_11-42-09.jpg,1711,1559,Review,Review,TRUE,224,0.838,RE_leaf,0.161,RE_fil,0,RE_branch,0,MS,0,KE_stipe
2024_10_08_11-42-09.jpg,3762,720,GR_ulva,green_algae_ulva,TRUE,224,1,GR_ulva,0,KE_stipe,0,unknown,0,SU_bould,0,BR_sarg
2024_10_08_11-42-09.jpg,1385,3521,Review,Review,TRUE,224,0.821,KE_sugar,0.137,KE_5rib,0.018,RE_leaf,0.008,GR_ulva,0.006,RE_bush
2024_10_08_11-42-09.jpg,869,2229,RE_branch,red_algae_branching,TRUE,224,1,RE_branch,0,RE_bush,0,BR_sarg,0,KE_holdfas,0,RE_fil
2024_10_08_11-42-09.jpg,141,2284,Review,Review,TRUE,224,0.759,BR_fucus,0.102,KE_stipe,0.037,BR_sarg,0.032,RE_bush,0.027,SU_bould
2024_10_08_11-42-09.jpg,3396,2886,KE_sugar,kelp_sugar,TRUE,224,1,KE_sugar,0,KE_sieve,0,KE_5rib,0,MS,0,SU_bould
2024_10_08_11-42-09.jpg,428,4493,Review,Review,TRUE,224,0.823,GR_ulva,0.176,unknown,0.001,KE_sugar,0,KE_5rib,0,MS
2024_10_08_11-42-09.jpg,1220,3507,KE_sugar,kelp_sugar,TRUE,224,1,KE_sugar,0,RE_leaf,0,KE_5rib,0,KE_sieve,0,SI_kelpBry
2024_10_08_11-42-09.jpg,484,4378,GR_ulva,green_algae_ulva,TRUE,224,0.989,GR_ulva,0.004,KE_5rib,0.003,MS,0.002,unknown,0.002,KE_sugar
2024_10_08_11-42-09.jpg,955,603,GR_ulva,green_algae_ulva,TRUE,224,1,GR_ulva,0,SU_peb,0,SU_cob,0,SI_kelpBry,0,BR_sarg
2024_10_08_11-42-09.jpg,2271,2464,Review,Review,TRUE,224,0.683,KE_sieve,0.193,RE_leaf,0.067,KE_5rib,0.056,KE_sugar,0.001,KE_bull
2024_10_08_11-42-09.jpg,1448,3636,KE_sugar,kelp_sugar,TRUE,224,0.95,KE_sugar,0.015,RE_leaf,0.015,KE_sieve,0.013,KE_5rib,0.006,GR_ulva
2024_10_08_11-42-09.jpg,2527,1817,GR_ulva,green_algae_ulva,TRUE,224,1,GR_ulva,0,KE_sieve,0,KE_bull,0,RE_leaf,0,KE_stipe
2024_10_08_11-42-09.jpg,288,1518,GR_ulva,green_algae_ulva,TRUE,224,0.985,GR_ulva,0.009,KE_stipe,0.006,MS,0,RE_leaf,0,KE_sieve
2024_10_08_11-42-09.jpg,2358,926,GR_ulva,green_algae_ulva,TRUE,224,1,GR_ulva,0,KE_stipe,0,SU_bould,0,SU_cob,0,KE_bull
2024_10_08_11-42-09.jpg,240,1928,GR_ulva,green_algae_ulva,TRUE,224,1,GR_ulva,0,KE_sieve,0,BR_sarg,0,RE_fil,0,BR_fucus
2024_10_08_11-42-09.jpg,1351,1059,GR_ulva,green_algae_ulva,TRUE,224,1,GR_ulva,0,KE_stipe,0,BR_sarg,0,RE_leaf,0,MS
2024_10_08_11-42-09.jpg,2125,3343,GR_ulva,green_algae_ulva,TRUE,224,1,GR_ulva,0,KE_sieve,0,BR_sarg,0,KE_bull,0,KE_stipe
2024_10_08_11-42-09.jpg,1415,3333,GR_ulva,green_algae_ulva,TRUE,224,1,GR_ulva,0,KE_sieve,0,KE_sugar,0,KE_stipe,0,SU_bould
2024_10_08_11-42-09.jpg,2519,2349,GR_ulva,green_algae_ulva,TRUE,224,0.994,GR_ulva,0.006,RE_leaf,0,KE_bull,0,KE_5rib,0,KE_sieve
2024_10_08_11-42-09.jpg,2553,4129,Review,Review,TRUE,224,0.659,KE_sieve,0.143,GR_ulva,0.072,unknown,0.071,KE_5rib,0.037,KE_sugar
2024_10_08_11-42-09.jpg,1859,4418,GR_ulva,green_algae_ulva,TRUE,224,0.948,GR_ulva,0.051,KE_sieve,0.001,unknown,0,KE_stipe,0,KE_5rib
2024_10_08_11-42-09.jpg,253,2544,GR_ulva,green_algae_ulva,TRUE,224,1,GR_ulva,0,BR_sarg,0,KE_sieve,0,SU_bould,0,RE_branch
2024_10_08_11-42-18.jpg,1546,2706,GR_ulva,green_algae_ulva,TRUE,224,1,GR_ulva,0,KE_bull,0,RE_leaf,0,SI_kelpBry,0,BR_sarg
2024_10_08_11-42-18.jpg,773,1173,RE_fil,red_algae_filamentous,TRUE,224,0.997,RE_fil,0.002,RE_branch,0,BR_sarg,0,RE_leaf,0,KE_5rib
2024_10_08_11-42-18.jpg,2514,613,KE_stipe,kelp_stipe,TRUE,224,0.938,KE_stipe,0.061,GR_ulva,0,KE_holdfas,0,MS,0,RE_fil
2024_10_08_11-42-18.jpg,2657,2489,GR_ulva,green_algae_ulva,TRUE,224,1,GR_ulva,0,KE_sieve,0,RE_leaf,0,KE_bull,0,KE_5rib
2024_10_08_11-42-18.jpg,2931,3939,SU_cob,cobble,TRUE,224,0.995,SU_cob,0.002,RE_fil,0.002,SU_bould,0,KE_holdfas,0,BR_fucus
2024_10_08_11-42-18.jpg,314,4128,SU_sand,sand_fine_shell,TRUE,224,0.934,SU_sand,0.035,SU_silt,0.007,SU_cob,0.006,MS,0.006,SU_peb
2024_10_08_11-42-18.jpg,2905,2772,GR_ulva,green_algae_ulva,TRUE,224,1,GR_ulva,0,KE_sieve,0,SU_bould,0,RE_leaf,0,unknown
2024_10_08_11-42-18.jpg,555,4461,Review,Review,TRUE,224,0.652,SU_peb,0.217,SU_bould,0.114,GR_ulva,0.008,KE_stipe,0.005,SU_cob
2024_10_08_11-42-18.jpg,3887,2363,RE_leaf,red_algae_flat_leaf,TRUE,224,0.982,RE_leaf,0.016,MS,0.001,RE_branch,0.001,SI,0,SU_peb
2024_10_08_11-42-18.jpg,1116,2000,GR_ulva,green_algae_ulva,TRUE,224,0.999,GR_ulva,0,RE_fil,0,unknown,0,KE_sieve,0,KE_sugar
2024_10_08_11-42-18.jpg,2831,3156,GR_ulva,green_algae_ulva,TRUE,224,1,GR_ulva,0,KE_sieve,0,KE_bull,0,KE_5rib,0,RE_leaf
2024_10_08_11-42-18.jpg,2276,3236,GR_ulva,green_algae_ulva,TRUE,224,1,GR_ulva,0,KE_bull,0,KE_stipe,0,SU_bould,0,BR_sarg
2024_10_08_11-42-18.jpg,854,2926,RE_fil,red_algae_filamentous,TRUE,224,1,RE_fil,0,BR_sarg,0,RE_leaf,0,RE_branch,0,RE_bush
2024_10_08_11-42-18.jpg,2694,1909,GR_ulva,green_algae_ulva,TRUE,224,0.998,GR_ulva,0.002,KE_bull,0,SU_bould,0,KE_stipe,0,BR_sarg
2024_10_08_11-42-18.jpg,979,4022,KE_stipe,kelp_stipe,TRUE,224,0.979,KE_stipe,0.02,KE_sugar,0.001,GR_ulva,0,MS,0,KE_bull
2024_10_08_11-42-18.jpg,2520,3833,Review,Review,TRUE,224,0.587,RE_fil,0.304,RE_bush,0.066,RE_branch,0.016,SU_bould,0.013,MS
2024_10_08_11-42-18.jpg,2283,2001,GR_ulva,green_algae_ulva,TRUE,224,1,GR_ulva,0,KE_bull,0,SU_bould,0,BR_sarg,0,KE_stipe
2024_10_08_11-42-18.jpg,2376,1682,Review,Review,TRUE,224,0.887,RE_branch,0.052,SU_peb,0.046,RE_bush,0.013,MS,0.001,RE_fil
2024_10_08_11-42-18.jpg,3411,1337,GR_ulva,green_algae_ulva,TRUE,224,1,GR_ulva,0,KE_5rib,0,KE_sieve,0,RE_leaf,0,unknown
2024_10_08_11-42-18.jpg,128,1677,GR_ulva,green_algae_ulva,TRUE,224,1,GR_ulva,0,KE_stipe,0,SU_peb,0,RE_leaf,0,KE_sugar
2024_10_08_11-42-18.jpg,1466,3439,RE_bush,red_algae_bushy,TRUE,224,0.997,RE_bush,0.003,KE_holdfas,0,RE_branch,0,BR_sarg,0,KE_sugar
2024_10_08_11-42-18.jpg,1540,2508,GR_ulva,green_algae_ulva,TRUE,224,0.998,GR_ulva,0.002,KE_bull,0,RE_leaf,0,KE_sieve,0,BR_sarg
2024_10_08_11-42-18.jpg,2865,756,GR_ulva,green_algae_ulva,TRUE,224,1,GR_ulva,0,MS,0,RE_leaf,0,KE_stipe,0,unknown
2024_10_08_11-42-18.jpg,3521,3792,GR_ulva,green_algae_ulva,TRUE,224,0.998,GR_ulva,0.001,unknown,0.001,KE_sugar,0,MS,0,RE_leaf
2024_10_08_11-42-18.jpg,1507,1693,GR_ulva,green_algae_ulva,TRUE,224,1,GR_ulva,0,KE_sieve,0,RE_leaf,0,KE_sugar,0,KE_stipe
2024_10_08_11-42-18.jpg,1726,923,RE_branch,red_algae_branching,TRUE,224,1,RE_branch,0,RE_fil,0,RE_leaf,0,BR_sarg,0,RE_CCA
2024_10_08_11-42-18.jpg,3813,2106,Review,Review,TRUE,224,0.778,GR_ulva,0.201,KE_bull,0.012,RE_leaf,0.004,KE_stipe,0.004,MS
2024_10_08_11-42-18.jpg,2767,2893,GR_ulva,green_algae_ulva,TRUE,224,0.999,GR_ulva,0.001,KE_sieve,0,unknown,0,RE_fil,0,KE_stipe
2024_10_08_11-42-18.jpg,3100,398,Review,Review,TRUE,224,0.869,BR_sarg,0.124,KE_stipe,0.007,GR_ulva,0,BR_fucus,0,RE_bush
2024_10_08_11-42-18.jpg,2125,3693,RE_branch,red_algae_branching,TRUE,224,0.996,RE_branch,0.002,RE_leaf,0.001,RE_bush,0.001,KE_5rib,0,RE_fil
2024_10_08_11-42-18.jpg,3592,2756,Review,Review,TRUE,224,0.707,RE_leaf,0.226,KE_5rib,0.04,KE_sieve,0.022,MS,0.002,KE_sugar
2024_10_08_11-42-18.jpg,1479,2386,GR_ulva,green_algae_ulva,TRUE,224,1,GR_ulva,0,KE_bull,0,SU_bould,0,SU_peb,0,RE_CCA
2024_10_08_11-42-18.jpg,689,356,GR_ulva,green_algae_ulva,TRUE,224,1,GR_ulva,0,unknown,0,KE_stipe,0,RE_leaf,0,MS
2024_10_08_11-42-18.jpg,3568,1218,GR_ulva,green_algae_ulva,TRUE,224,1,GR_ulva,0,RE_leaf,0,KE_5rib,0,unknown,0,MS
2024_10_08_11-42-18.jpg,2600,2981,GR_ulva,green_algae_ulva,TRUE,224,1,GR_ulva,0,KE_sieve,0,KE_stipe,0,unknown,0,SU_bould
2024_10_08_11-42-18.jpg,1662,2131,GR_ulva,green_algae_ulva,TRUE,224,1,GR_ulva,0,KE_sieve,0,RE_leaf,0,KE_bull,0,KE_sugar
2024_10_08_11-42-18.jpg,1043,1351,Review,Review,TRUE,224,0.485,RE_branch,0.246,MS,0.214,BR_sarg,0.032,RE_bush,0.018,KE_stipe
2024_10_08_11-42-18.jpg,3264,2999,GR_ulva,green_algae_ulva,TRUE,224,0.98,GR_ulva,0.008,RE_fil,0.005,MS,0.004,KE_stipe,0.002,KE_bull
2024_10_08_11-42-18.jpg,1044,4340,Review,Review,TRUE,224,0.448,GR_ulva,0.277,KE_stipe,0.152,RE_leaf,0.037,KE_holdfas,0.037,MS
2024_10_08_11-42-18.jpg,3484,925,GR_ulva,green_algae_ulva,TRUE,224,1,GR_ulva,0,unknown,0,KE_5rib,0,KE_stipe,0,SI
2024_10_08_11-42-18.jpg,2207,761,Review,Review,TRUE,224,0.85,RE_branch,0.051,MS,0.047,BR_sarg,0.04,RE_fil,0.007,RE_bush
2024_10_08_11-42-18.jpg,3538,1762,GR_ulva,green_algae_ulva,TRUE,224,1,GR_ulva,0,unknown,0,KE_sugar,0,RE_leaf,0,KE_sieve
2024_10_08_11-42-18.jpg,1992,2903,GR_ulva,green_algae_ulva,TRUE,224,1,GR_ulva,0,RE_leaf,0,KE_sugar,0,KE_5rib,0,KE_bull
2024_10_08_11-42-18.jpg,3254,746,GR_ulva,green_algae_ulva,TRUE,224,0.997,GR_ulva,0.003,unknown,0,SI,0,RE_leaf,0,KE_5rib
2024_10_08_11-42-18.jpg,157,4410,Review,Review,TRUE,224,0.726,GR_ulva,0.272,unknown,0.001,KE_sieve,0.001,KE_5rib,0,KE_sugar
2024_10_08_11-42-18.jpg,2062,3388,GR_ulva,green_algae_ulva,TRUE,224,0.999,GR_ulva,0.001,SU_bould,0,BR_sarg,0,KE_stipe,0,KE_bull
2024_10_08_11-42-18.jpg,537,3956,SU_cob,cobble,TRUE,224,0.991,SU_cob,0.005,GR_ulva,0.002,SU_peb,0.001,SU_silt,0,SU_shell
2024_10_08_11-42-18.jpg,1456,4444,RE_leaf,red_algae_flat_leaf,TRUE,224,0.995,RE_leaf,0.004,RE_fil,0.001,RE_bush,0,KE_sugar,0,MS
2024_10_08_11-42-18.jpg,2821,2574,GR_ulva,green_algae_ulva,TRUE,224,1,GR_ulva,0,KE_sieve,0,unknown,0,KE_bull,0,SU_bould
2024_10_08_11-42-18.jpg,264,2889,Review,Review,TRUE,224,0.748,KE_stipe,0.14,GR_ulva,0.059,MS,0.028,SU_peb,0.011,RE_fil
2024_10_08_11-42-27.jpg,1129,3619,RE_branch,red_algae_branching,TRUE,224,1,RE_branch,0,RE_CCA,0,RE_leaf,0,MS,0,BR_sarg
2024_10_08_11-42-27.jpg,2433,1215,Review,Review,TRUE,224,0.86,GR_ulva,0.091,KE_bull,0.032,MS,0.008,KE_sugar,0.005,BR_sarg
2024_10_08_11-42-27.jpg,835,2449,Review,Review,TRUE,224,0.873,RE_bush,0.118,RE_branch,0.007,SU_peb,0.001,SU_sand,0,BR_sarg
2024_10_08_11-42-27.jpg,3009,1270,SU_silt,silt,TRUE,224,0.994,SU_silt,0.005,SU_peb,0.001,SU_sand,0.001,SU_shell,0,MS
2024_10_08_11-42-27.jpg,1828,1178,GR_ulva,green_algae_ulva,TRUE,224,1,GR_ulva,0,KE_sugar,0,MS,0,KE_bull,0,KE_stipe
2024_10_08_11-42-27.jpg,1269,547,Review,Review,TRUE,224,0.824,RE_branch,0.172,RE_fil,0.004,BR_sarg,0,KE_5rib,0,RE_bush
2024_10_08_11-42-27.jpg,1581,2842,Review,Review,TRUE,224,0.565,RE_branch,0.434,RE_fil,0,RE_leaf,0,BR_sarg,0,RE_CCA
2024_10_08_11-42-27.jpg,2925,3687,RE_branch,red_algae_branching,TRUE,224,0.984,RE_branch,0.016,RE_bush,0,RE_fil,0,KE_holdfas,0,BR_sarg
2024_10_08_11-42-27.jpg,3711,1517,GR_ulva,green_algae_ulva,TRUE,224,1,GR_ulva,0,SU_peb,0,KE_sugar,0,KE_5rib,0,KE_bull
2024_10_08_11-42-27.jpg,2044,2852,Review,Review,TRUE,224,0.846,RE_branch,0.152,RE_fil,0.001,BR_sarg,0,RE_bush,0,RE_leaf
2024_10_08_11-42-27.jpg,3034,2225,Review,Review,TRUE,224,0.737,GR_ulva,0.236,KE_bull,0.023,BR_sarg,0.003,KE_stipe,0,RE_CCA
2024_10_08_11-42-27.jpg,2139,1551,GR_ulva,green_algae_ulva,TRUE,224,1,GR_ulva,0,KE_sieve,0,KE_bull,0,RE_leaf,0,KE_sugar
2024_10_08_11-42-27.jpg,160,1517,GR_ulva,green_algae_ulva,TRUE,224,0.948,GR_ulva,0.028,KE_sugar,0.007,SU_bould,0.007,KE_bull,0.006,KE_holdfas
2024_10_08_11-42-27.jpg,3326,2961,RE_bush,red_algae_bushy,TRUE,224,0.983,RE_bush,0.016,RE_branch,0.001,BR_sarg,0,MS,0,SU_bould
2024_10_08_11-42-27.jpg,1848,1765,GR_ulva,green_algae_ulva,TRUE,224,1,GR_ulva,0,SU_bould,0,KE_sieve,0,KE_bull,0,RE_leaf
2024_10_08_11-42-27.jpg,1754,3568,Review,Review,TRUE,224,0.756,RE_branch,0.15,BR_sarg,0.078,RE_bush,0.014,KE_holdfas,0.002,RE_fil
2024_10_08_11-42-27.jpg,2494,3344,RE_leaf,red_algae_flat_leaf,TRUE,224,1,RE_leaf,0,RE_fil,0,KE_sugar,0,MS,0,KE_5rib
2024_10_08_11-42-27.jpg,3725,606,GR_ulva,green_algae_ulva,TRUE,224,1,GR_ulva,0,SU_peb,0,KE_stipe,0,SU_cob,0,MS
2024_10_08_11-42-27.jpg,1109,573,Review,Review,TRUE,224,0.741,RE_branch,0.189,BR_sarg,0.062,RE_bush,0.003,RE_fil,0.003,MS
2024_10_08_11-42-27.jpg,2303,3447,Review,Review,TRUE,224,0.423,MS,0.341,KE_stipe,0.073,GR_ulva,0.042,SU_silt,0.041,KE_sieve
2024_10_08_11-42-27.jpg,2839,740,KE_sugar,kelp_sugar,TRUE,224,0.991,KE_sugar,0.009,RE_bush,0,RE_leaf,0,SU_bould,0,MS
2024_10_08_11-42-27.jpg,3140,2991,Review,Review,TRUE,224,0.871,SU_peb,0.119,GR_ulva,0.006,KE_stipe,0.003,MS,0,KE_bull
2024_10_08_11-42-27.jpg,1449,2734,Review,Review,TRUE,224,0.738,RE_branch,0.253,RE_fil,0.008,RE_leaf,0.001,RE_bush,0,BR_sarg
2024_10_08_11-42-27.jpg,2619,3835,RE_branch,red_algae_branching,TRUE,224,0.973,RE_branch,0.021,RE_bush,0.003,RE_fil,0.002,BR_sarg,0,RE_leaf
2024_10_08_11-42-27.jpg,3881,907,Review,Review,TRUE,224,0.565,SU_cob,0.331,RE_bush,0.076,RE_fil,0.01,KE_stipe,0.007,SU_peb
2024_10_08_11-42-27.jpg,1245,816,Review,Review,TRUE,224,0.825,GR_ulva,0.11,MS,0.06,KE_stipe,0.004,BR_sarg,0.001,RE_leaf
2024_10_08_11-42-27.jpg,3665,1942,GR_ulva,green_algae_ulva,TRUE,224,1,GR_ulva,0,KE_stipe,0,BR_sarg,0,KE_bull,0,SU_peb
2024_10_08_11-42-27.jpg,832,433,GR_ulva,green_algae_ulva,TRUE,224,1,GR_ulva,0,KE_stipe,0,BR_sarg,0,unknown,0,KE_sieve
2024_10_08_11-42-27.jpg,3129,317,Review,Review,TRUE,224,0.798,KE_5rib,0.08,SU_peb,0.054,KE_stipe,0.023,SU_bould,0.02,KE_sieve
2024_10_08_11-42-27.jpg,517,2767,RE_branch,red_algae_branching,TRUE,224,1,RE_branch,0,BR_sarg,0,RE_bush,0,RE_leaf,0,RE_CCA
2024_10_08_11-42-27.jpg,264,3302,RE_fil,red_algae_filamentous,TRUE,224,0.974,RE_fil,0.018,SU_bould,0.007,RE_bush,0,KE_stipe,0,RE_leaf
2024_10_08_11-42-27.jpg,556,1158,RE_fil,red_algae_filamentous,TRUE,224,0.937,RE_fil,0.041,RE_CCA,0.008,BR_sarg,0.006,RE_leaf,0.005,MS
2024_10_08_11-42-27.jpg,3331,1333,SU_bould,boulder,TRUE,224,0.986,SU_bould,0.008,KE_stipe,0.002,MS,0.002,KE_sieve,0.001,RE_fil
2024_10_08_11-42-27.jpg,2574,4327,Review,Review,TRUE,224,0.387,RE_fil,0.153,KE_5rib,0.152,SU_cob,0.086,GR_ulva,0.066,SU_peb
2024_10_08_11-42-27.jpg,2187,1729,GR_ulva,green_algae_ulva,TRUE,224,1,GR_ulva,0,KE_sieve,0,KE_bull,0,KE_sugar,0,RE_leaf
2024_10_08_11-42-27.jpg,3640,3690,KE_stipe,kelp_stipe,TRUE,224,1,KE_stipe,0,KE_bull,0,GR_ulva,0,MS,0,SU_cob
2024_10_08_11-42-27.jpg,888,3268,Review,Review,TRUE,224,0.782,RE_branch,0.185,RE_fil,0.031,SU_bould,0.001,RE_bush,0,RE_leaf
2024_10_08_11-42-27.jpg,3275,3547,RE_bush,red_algae_bushy,TRUE,224,0.928,RE_bush,0.07,BR_fucus,0.002,KE_holdfas,0,RE_branch,0,RE_fil
2024_10_08_11-42-27.jpg,1327,3460,Review,Review,TRUE,224,0.899,RE_branch,0.1,RE_fil,0.001,RE_CCA,0,RE_bush,0,MS
2024_10_08_11-42-27.jpg,3912,2670,RE_fil,red_algae_filamentous,TRUE,224,1,RE_fil,0,RE_leaf,0,KE_5rib,0,KE_stipe,0,KE_bull
2024_10_08_11-42-27.jpg,3356,3351,Review,Review,TRUE,224,0.675,SU_peb,0.289,SU_bould,0.031,GR_ulva,0.003,KE_stipe,0.002,SU_cob
2024_10_08_11-42-27.jpg,3051,676,Review,Review,TRUE,224,0.888,KE_sugar,0.058,KE_5rib,0.026,RE_branch,0.015,KE_sieve,0.006,RE_leaf
2024_10_08_11-42-27.jpg,1820,2598,RE_branch,red_algae_branching,TRUE,224,0.982,RE_branch,0.015,RE_fil,0.003,BR_sarg,0,RE_bush,0,RE_CCA
2024_10_08_11-42-27.jpg,387,3668,Review,Review,TRUE,224,0.827,RE_branch,0.169,RE_bush,0.003,SU_bould,0.001,RE_fil,0,BR_sarg
2024_10_08_11-42-27.jpg,2225,472,GR_ulva,green_algae_ulva,TRUE,224,0.994,GR_ulva,0.004,RE_leaf,0.001,KE_bull,0,MS,0,unknown
2024_10_08_11-42-27.jpg,219,3617,Review,Review,TRUE,224,0.866,GR_ulva,0.126,KE_stipe,0.005,SU_bould,0.001,KE_bull,0.001,BR_sarg
2024_10_08_11-42-27.jpg,2397,775,GR_ulva,green_algae_ulva,TRUE,224,1,GR_ulva,0,unknown,0,SU_cob,0,KE_stipe,0,MS
2024_10_08_11-42-27.jpg,2425,2634,Review,Review,TRUE,224,0.77,RE_leaf,0.194,RE_branch,0.035,RE_fil,0,MS,0,SI
2024_10_08_11-42-27.jpg,3318,2636,SU_peb,pebble,TRUE,224,0.903,SU_peb,0.057,SU_cob,0.017,SU_bould,0.009,MS,0.006,SU_sand
2024_10_08_11-42-27.jpg,1946,3166,Review,Review,TRUE,224,0.715,RE_branch,0.267,RE_fil,0.017,BR_sarg,0,RE_bush,0,RE_CCA
2024_10_08_11-42-36.jpg,2498,1722,Review,Review,TRUE,224,0.641,RE_leaf,0.181,RE_fil,0.17,MS,0.004,RE_branch,0.001,KE_sieve
2024_10_08_11-42-36.jpg,2710,1120,Review,Review,TRUE,224,0.687,SU_bould,0.3,SU_cob,0.005,BR_sarg,0.003,SU_peb,0.003,SU_sand
2024_10_08_11-42-36.jpg,2073,921,Review,Review,TRUE,224,0.46,KE_sugar,0.192,KE_holdfas,0.153,BR_sarg,0.075,MS,0.056,BR_fucus
2024_10_08_11-42-36.jpg,692,3689,GR_ulva,green_algae_ulva,TRUE,224,0.999,GR_ulva,0,RE_leaf,0,KE_5rib,0,KE_sieve,0,unknown
2024_10_08_11-42-36.jpg,2401,2297,GR_ulva,green_algae_ulva,TRUE,224,0.948,GR_ulva,0.052,KE_bull,0,BR_fucus,0,RE_leaf,0,BR_sarg
2024_10_08_11-42-36.jpg,430,2995,RE_fil,red_algae_filamentous,TRUE,224,0.959,RE_fil,0.034,RE_leaf,0.006,RE_branch,0.001,BR_sarg,0,RE_bush
2024_10_08_11-42-36.jpg,3727,883,GR_ulva,green_algae_ulva,TRUE,224,1,GR_ulva,0,KE_5rib,0,RE_leaf,0,SI,0,SI_kelpBry
2024_10_08_11-42-36.jpg,949,3146,KE_stipe,kelp_stipe,TRUE,224,0.999,KE_stipe,0.001,RE_fil,0,MS,0,KE_bull,0,GR_ulva
2024_10_08_11-42-36.jpg,738,1149,RE_fil,red_algae_filamentous,TRUE,224,1,RE_fil,0,SU_bould,0,RE_bush,0,RE_branch,0,SU_cob
2024_10_08_11-42-36.jpg,131,212,RE_bush,red_algae_bushy,TRUE,224,0.967,RE_bush,0.029,KE_stipe,0.002,SU_peb,0.001,SU_cob,0,RE_fil
2024_10_08_11-42-36.jpg,2905,3517,GR_ulva,green_algae_ulva,TRUE,224,0.997,GR_ulva,0.001,RE_leaf,0.001,KE_5rib,0.001,KE_sieve,0,unknown
2024_10_08_11-42-36.jpg,2872,329,GR_ulva,green_algae_ulva,TRUE,224,0.997,GR_ulva,0.003,KE_stipe,0,MS,0,unknown,0,BR_sarg
2024_10_08_11-42-36.jpg,2220,2281,Review,Review,TRUE,224,0.873,RE_branch,0.107,GR_ulva,0.006,RE_CCA,0.004,SU_bould,0.004,KE_bull
2024_10_08_11-42-36.jpg,3372,406,Review,Review,TRUE,224,0.822,MS,0.166,KE_stipe,0.004,RE_leaf,0.004,RE_fil,0.002,GR_ulva
2024_10_08_11-42-36.jpg,416,4081,GR_ulva,green_algae_ulva,TRUE,224,0.995,GR_ulva,0.003,KE_5rib,0.002,unknown,0,MS,0,RE_fil
2024_10_08_11-42-36.jpg,535,1111,Review,Review,TRUE,224,0.75,MS,0.162,SU_peb,0.065,KE_stipe,0.016,RE_fil,0.006,RE_leaf
2024_10_08_11-42-36.jpg,1061,4116,GR_ulva,green_algae_ulva,TRUE,224,0.911,GR_ulva,0.088,unknown,0,KE_sieve,0,SU_bould,0,KE_sugar
2024_10_08_11-42-36.jpg,759,1705,GR_ulva,green_algae_ulva,TRUE,224,1,GR_ulva,0,unknown,0,RE_leaf,0,KE_sugar,0,KE_5rib
2024_10_08_11-42-36.jpg,895,2368,GR_ulva,green_algae_ulva,TRUE,224,1,GR_ulva,0,KE_bull,0,KE_sieve,0,RE_leaf,0,BR_sarg
2024_10_08_11-42-36.jpg,2809,3851,GR_ulva,green_algae_ulva,TRUE,224,0.982,GR_ulva,0.016,unknown,0.001,MS,0.001,KE_sieve,0,KE_stipe
2024_10_08_11-42-36.jpg,1718,3248,Review,Review,TRUE,224,0.456,KE_stipe,0.376,KE_bull,0.142,GR_ulva,0.025,BR_sarg,0.001,RE_fil
2024_10_08_11-42-36.jpg,2367,992,Review,Review,TRUE,224,0.624,SU_bould,0.316,BR_sarg,0.033,SU_sand,0.025,SU_cob,0.001,SU_peb
2024_10_08_11-42-36.jpg,1338,2545,GR_ulva,green_algae_ulva,TRUE,224,1,GR_ulva,0,BR_sarg,0,KE_sieve,0,RE_leaf,0,RE_fil
2024_10_08_11-42-36.jpg,1628,876,MS,mobile_species,TRUE,224,0.931,MS,0.041,KE_stipe,0.025,SU_bould,0.001,SI,0.001,SU_shell
2024_10_08_11-42-36.jpg,1907,1011,Review,Review,TRUE,224,0.43,MS,0.318,KE_sugar,0.229,RE_leaf,0.021,SI_kelpBry,0.001,KE_sieve
2024_10_08_11-42-36.jpg,3630,3791,SU_bould,boulder,TRUE,224,0.906,SU_bould,0.061,KE_sugar,0.012,RE_bush,0.011,SU_silt,0.003,KE_holdfas
2024_10_08_11-42-36.jpg,3207,219,GR_ulva,green_algae_ulva,TRUE,224,1,GR_ulva,0,BR_sarg,0,KE_sieve,0,KE_stipe,0,unknown
2024_10_08_11-42-36.jpg,2204,2077,RE_leaf,red_algae_flat_leaf,TRUE,224,0.986,RE_leaf,0.01,RE_fil,0.003,RE_branch,0,RE_CCA,0,BR_sarg
2024_10_08_11-42-36.jpg,3379,3915,Review,Review,TRUE,224,0.877,RE_fil,0.112,RE_bush,0.005,RE_leaf,0.004,KE_sugar,0.001,KE_5rib
2024_10_08_11-42-36.jpg,1350,2209,GR_ulva,green_algae_ulva,TRUE,224,1,GR_ulva,0,KE_bull,0,RE_leaf,0,KE_sieve,0,BR_sarg
2024_10_08_11-42-36.jpg,3745,3228,Review,Review,TRUE,224,0.397,RE_leaf,0.347,RE_branch,0.174,RE_bush,0.043,RE_fil,0.035,MS
2024_10_08_11-42-36.jpg,3415,3771,Review,Review,TRUE,224,0.602,RE_bush,0.283,KE_5rib,0.107,RE_leaf,0.007,KE_sugar,0.001,RE_fil
2024_10_08_11-42-36.jpg,3736,2657,GR_ulva,green_algae_ulva,TRUE,224,1,GR_ulva,0,KE_sieve,0,BR_fucus,0,BR_sarg,0,KE_bull
2024_10_08_11-42-36.jpg,3122,1275,SU_sand,sand_fine_shell,TRUE,224,0.985,SU_sand,0.015,SU_silt,0,SU_peb,0,RE_branch,0,SU_cob
2024_10_08_11-42-36.jpg,2435,3447,Review,Review,TRUE,224,0.846,RE_branch,0.145,RE_fil,0.008,RE_bush,0,BR_sarg,0,KE_holdfas
2024_10_08_11-42-36.jpg,290,305,RE_bush,red_algae_bushy,TRUE,224,1,RE_bush,0,BR_sarg,0,RE_branch,0,KE_stipe,0,RE_leaf
2024_10_08_11-42-36.jpg,1819,2693,GR_ulva,green_algae_ulva,TRUE,224,0.999,GR_ulva,0.001,KE_bull,0,RE_leaf,0,KE_sieve,0,RE_CCA
2024_10_08_11-42-36.jpg,3821,2856,GR_ulva,green_algae_ulva,TRUE,224,0.994,GR_ulva,0.005,unknown,0.001,RE_leaf,0,KE_sugar,0,KE_bull
2024_10_08_11-42-36.jpg,3557,3454,Review,Review,TRUE,224,0.628,RE_leaf,0.215,RE_fil,0.133,KE_5rib,0.019,MS,0.003,GR_ulva
2024_10_08_11-42-36.jpg,2133,1351,Review,Review,TRUE,224,0.811,RE_branch,0.094,KE_holdfas,0.043,KE_sugar,0.029,BR_sarg,0.008,KE_sieve
2024_10_08_11-42-36.jpg,1227,2003,GR_ulva,green_algae_ulva,TRUE,224,1,GR_ulva,0,KE_bull,0,KE_sieve,0,RE_leaf,0,KE_stipe
2024_10_08_11-42-36.jpg,551,613,RE_leaf,red_algae_flat_leaf,TRUE,224,0.999,RE_leaf,0,KE_sugar,0,RE_fil,0,KE_5rib,0,RE_CCA
2024_10_08_11-42-36.jpg,2511,3642,Review,Review,TRUE,224,0.687,SU_bould,0.16,RE_fil,0.146,KE_holdfas,0.005,SI,0.002,KE_stipe
2024_10_08_11-42-36.jpg,1770,609,Review,Review,TRUE,224,0.631,GR_ulva,0.348,BR_sarg,0.015,KE_stipe,0.002,SU_bould,0.001,RE_leaf
2024_10_08_11-42-36.jpg,368,2863,Review,Review,TRUE,224,0.352,RE_leaf,0.31,KE_bull,0.173,MS,0.112,KE_stipe,0.038,RE_fil
2024_10_08_11-42-36.jpg,659,1270,RE_fil,red_algae_filamentous,TRUE,224,0.999,RE_fil,0.001,RE_branch,0,RE_CCA,0,RE_leaf,0,RE_bush
2024_10_08_11-42-36.jpg,3323,3135,GR_ulva,green_algae_ulva,TRUE,224,1,GR_ulva,0,MS,0,KE_stipe,0,BR_sarg,0,unknown
2024_10_08_11-42-36.jpg,721,2556,GR_ulva,green_algae_ulva,TRUE,224,1,GR_ulva,0,KE_sieve,0,unknown,0,RE_leaf,0,RE_fil
2024_10_08_11-42-36.jpg,958,4370,Review,Review,TRUE,224,0.81,GR_ulva,0.172,KE_sieve,0.017,unknown,0.001,KE_5rib,0,MS
2024_10_08_11-42-36.jpg,2613,436,GR_ulva,green_algae_ulva,TRUE,224,1,GR_ulva,0,KE_stipe,0,KE_sugar,0,RE_fil,0,KE_bull
2024_10_08_11-42-45.jpg,3366,488,GR_ulva,green_algae_ulva,TRUE,224,1,GR_ulva,0,KE_stipe,0,SU_bould,0,unknown,0,BR_sarg
2024_10_08_11-42-45.jpg,333,287,Review,Review,TRUE,224,0.76,SU_cob,0.119,SU_sand,0.09,SU_shell,0.025,SU_bould,0.005,SU_peb
2024_10_08_11-42-45.jpg,559,168,Review,Review,TRUE,224,0.887,SU_cob,0.044,SU_bould,0.035,SU_peb,0.014,SU_shell,0.012,MS
2024_10_08_11-42-45.jpg,3407,4188,KE_5rib,kelp_five_rib,TRUE,224,0.928,KE_5rib,0.054,RE_leaf,0.01,RE_bush,0.006,RE_fil,0.001,KE_sugar
2024_10_08_11-42-45.jpg,1918,1112,GR_ulva,green_algae_ulva,TRUE,224,1,GR_ulva,0,KE_5rib,0,RE_leaf,0,BR_sarg,0,KE_bull
2024_10_08_11-42-45.jpg,979,1092,RE_branch,red_algae_branching,TRUE,224,0.994,RE_branch,0.004,RE_bush,0.002,BR_sarg,0,RE_fil,0,SU_bould
2024_10_08_11-42-45.jpg,525,3014,GR_ulva,green_algae_ulva,TRUE,224,1,GR_ulva,0,BR_fucus,0,KE_sieve,0,KE_bull,0,KE_stipe
2024_10_08_11-42-45.jpg,3544,714,Review,Review,TRUE,224,0.756,SU_sand,0.238,MS,0.006,SU_silt,0,SU_shell,0,SU_peb
2024_10_08_11-42-45.jpg,207,4277,Review,Review,TRUE,224,0.767,KE_5rib,0.189,RE_fil,0.028,RE_leaf,0.009,SU_cob,0.002,KE_stipe
2024_10_08_11-42-45.jpg,3416,2349,GR_ulva,green_algae_ulva,TRUE,224,1,GR_ulva,0,KE_bull,0,RE_leaf,0,BR_sarg,0,KE_5rib
2024_10_08_11-42-45.jpg,2040,4164,Review,Review,TRUE,224,0.829,RE_CCA,0.062,RE_bush,0.054,RE_branch,0.027,RE_fil,0.011,SU_bould
2024_10_08_11-42-45.jpg,486,2726,Review,Review,TRUE,224,0.898,RE_fil,0.084,RE_branch,0.01,BR_sarg,0.002,RE_CCA,0.001,RE_leaf
2024_10_08_11-42-45.jpg,938,3105,GR_ulva,green_algae_ulva,TRUE,224,0.994,GR_ulva,0.005,SU_peb,0.001,KE_bull,0,BR_fucus,0,KE_stipe
2024_10_08_11-42-45.jpg,1130,3535,Review,Review,TRUE,224,0.892,GR_ulva,0.096,SU_peb,0.009,SU_cob,0.002,KE_stipe,0.001,SU_bould
2024_10_08_11-42-45.jpg,3201,2297,GR_ulva,green_algae_ulva,TRUE,224,1,GR_ulva,0,BR_sarg,0,KE_bull,0,SU_bould,0,BR_fucus
2024_10_08_11-42-45.jpg,158,2389,Review,Review,TRUE,224,0.775,RE_fil,0.065,SU_bould,0.054,RE_CCA,0.051,SU_cob,0.034,KE_holdfas
2024_10_08_11-42-45.jpg,2752,692,RE_leaf,red_algae_flat_leaf,TRUE,224,1,RE_leaf,0,RE_branch,0,RE_CCA,0,GR_ulva,0,SI_kelpBry
2024_10_08_11-42-45.jpg,711,4252,RE_leaf,red_algae_flat_leaf,TRUE,224,0.937,RE_leaf,0.061,RE_fil,0.002,RE_branch,0,RE_CCA,0,RE_bush
2024_10_08_11-42-45.jpg,2240,2111,GR_ulva,green_algae_ulva,TRUE,224,1,GR_ulva,0,RE_leaf,0,KE_bull,0,KE_sieve,0,KE_stipe
2024_10_08_11-42-45.jpg,2411,4029,Review,Review,TRUE,224,0.893,SU_peb,0.04,KE_holdfas,0.028,MS,0.025,SI_kelpBry,0.008,SU_cob
2024_10_08_11-42-45.jpg,1735,1720,Review,Review,TRUE,224,0.842,RE_leaf,0.135,KE_bull,0.015,MS,0.003,KE_sugar,0.002,RE_CCA
2024_10_08_11-42-45.jpg,883,161,Review,Review,TRUE,224,0.824,GR_ulva,0.155,SU_peb,0.019,SU_bould,0.002,KE_stipe,0,BR_sarg
2024_10_08_11-42-45.jpg,2747,3737,SU_peb,pebble,TRUE,224,0.999,SU_peb,0,KE_stipe,0,SU_bould,0,SU_cob,0,MS
2024_10_08_11-42-45.jpg,237,3780,Review,Review,TRUE,224,0.778,GR_ulva,0.093,KE_sieve,0.091,KE_stipe,0.03,SU_bould,0.004,RE_bush
2024_10_08_11-42-45.jpg,655,1672,RE_branch,red_algae_branching,TRUE,224,1,RE_branch,0,RE_fil,0,RE_leaf,0,RE_bush,0,BR_sarg
2024_10_08_11-42-45.jpg,712,4399,Review,Review,TRUE,224,0.815,unknown,0.118,GR_ulva,0.029,RE_leaf,0.024,KE_5rib,0.012,KE_sugar
2024_10_08_11-42-45.jpg,1033,115,GR_ulva,green_algae_ulva,TRUE,224,0.998,GR_ulva,0.002,SU_cob,0,KE_5rib,0,KE_stipe,0,KE_sieve
2024_10_08_11-42-45.jpg,2747,2711,GR_ulva,green_algae_ulva,TRUE,224,1,GR_ulva,0,KE_sieve,0,BR_sarg,0,KE_bull,0,KE_5rib
2024_10_08_11-42-45.jpg,1283,2681,Review,Review,TRUE,224,0.862,RE_branch,0.135,RE_fil,0.003,RE_bush,0,BR_sarg,0,RE_CCA
2024_10_08_11-42-45.jpg,1337,883,GR_ulva,green_algae_ulva,TRUE,224,1,GR_ulva,0,MS,0,BR_sarg,0,SU_bould,0,KE_stipe
2024_10_08_11-42-45.jpg,3612,2938,Review,Review,TRUE,224,0.711,GR_ulva,0.144,KE_sugar,0.056,KE_5rib,0.044,MS,0.035,KE_sieve
2024_10_08_11-42-45.jpg,3060,1994,Review,Review,TRUE,224,0.587,GR_ulva,0.355,KE_stipe,0.017,BR_sarg,0.011,RE_fil,0.009,RE_bush
2024_10_08_11-42-45.jpg,3269,3897,Review,Review,TRUE,224,0.722,GR_ulva,0.133,MS,0.061,SU_peb,0.046,SU_bould,0.035,KE_stipe
2024_10_08_11-42-45.jpg,3732,1895,SU_peb,pebble,TRUE,224,1,SU_peb,0,GR_ulva,0,SU_cob,0,SU_bould,0,KE_stipe
2024_10_08_11-42-45.jpg,3839,2998,GR_ulva,green_algae_ulva,TRUE,224,0.959,GR_ulva,0.033,SU_bould,0.005,KE_holdfas,0.002,KE_stipe,0,SI
2024_10_08_11-42-45.jpg,2487,1628,GR_ulva,green_algae_ulva,TRUE,224,1,GR_ulva,0,KE_bull,0,BR_sarg,0,MS,0,SU_bould
2024_10_08_11-42-45.jpg,3264,4376,RE_fil,red_algae_filamentous,TRUE,224,0.954,RE_fil,0.037,KE_5rib,0.004,RE_leaf,0.003,RE_bush,0.001,unknown
2024_10_08_11-42-45.jpg,719,2324,GR_ulva,green_algae_ulva,TRUE,224,1,GR_ulva,0,KE_sieve,0,KE_5rib,0,RE_fil,0,SU_bould
2024_10_08_11-42-45.jpg,303,1239,RE_branch,red_algae_branching,TRUE,224,0.939,RE_branch,0.041,BR_sarg,0.015,KE_stipe,0.002,RE_bush,0.001,RE_fil
2024_10_08_11-42-45.jpg,985,290,Review,Review,TRUE,224,0.85,MS,0.068,SU_cob,0.061,SU_peb,0.017,KE_stipe,0.002,GR_ulva
2024_10_08_11-42-45.jpg,2265,4217,SU_peb,pebble,TRUE,224,0.922,SU_peb,0.057,KE_holdfas,0.011,KE_sugar,0.004,KE_stipe,0.002,RE_branch
2024_10_08_11-42-45.jpg,1931,1864,GR_ulva,green_algae_ulva,TRUE,224,1,GR_ulva,0,BR_sarg,0,KE_sieve,0,KE_bull,0,KE_stipe
2024_10_08_11-42-45.jpg,499,1859,RE_branch,red_algae_branching,TRUE,224,1,RE_branch,0,RE_leaf,0,KE_5rib,0,BR_sarg,0,KE_sieve
2024_10_08_11-42-45.jpg,1663,2551,RE_branch,red_algae_branching,TRUE,224,1,RE_branch,0,RE_leaf,0,BR_sarg,0,RE_fil,0,RE_CCA
2024_10_08_11-42-45.jpg,2093,3581,Review,Review,TRUE,224,0.826,BR_sarg,0.091,KE_sugar,0.079,KE_holdfas,0.001,RE_leaf,0.001,KE_stipe
2024_10_08_11-42-45.jpg,3443,1453,Review,Review,TRUE,224,0.564,GR_ulva,0.422,KE_stipe,0.013,MS,0.001,SU_peb,0.001,SU_bould
2024_10_08_11-42-45.jpg,2316,2959,GR_ulva,green_algae_ulva,TRUE,224,0.951,GR_ulva,0.029,SU_bould,0.01,BR_sarg,0.005,RE_branch,0.003,RE_fil
2024_10_08_11-42-45.jpg,1665,4233,Review,Review,TRUE,224,0.84,RE_branch,0.114,KE_holdfas,0.014,RE_bush,0.012,RE_leaf,0.007,KE_5rib
2024_10_08_11-42-45.jpg,3444,1869,Review,Review,TRUE,224,0.444,KE_bull,0.29,GR_ulva,0.233,KE_stipe,0.032,SU_peb,0,BR_sarg
2024_10_08_11-42-45.jpg,2632,2705,GR_ulva,green_algae_ulva,TRUE,224,1,GR_ulva,0,KE_bull,0,KE_sieve,0,BR_sarg,0,RE_leaf
2024_10_08_11-42-54.jpg,2370,876,Review,Review,TRUE,224,0.683,GR_ulva,0.096,RE_fil,0.078,KE_stipe,0.054,RE_CCA,0.047,KE_bull
2024_10_08_11-42-54.jpg,2692,1648,Review,Review,TRUE,224,0.431,KE_stipe,0.346,MS,0.119,KE_holdfas,0.025,KE_bull,0.016,RE_fil
2024_10_08_11-42-54.jpg,3917,1305,Review,Review,TRUE,224,0.743,MS,0.12,KE_stipe,0.079,SU_bould,0.027,SU_peb,0.018,RE_leaf
2024_10_08_11-42-54.jpg,1047,1955,SU_peb,pebble,TRUE,224,1,SU_peb,0,KE_bull,0,SU_bould,0,KE_stipe,0,KE_5rib
2024_10_08_11-42-54.jpg,1366,2095,Review,Review,TRUE,224,0.548,KE_stipe,0.274,KE_bull,0.093,GR_ulva,0.046,KE_sugar,0.016,SU_peb
2024_10_08_11-42-54.jpg,807,697,Review,Review,TRUE,224,0.76,RE_branch,0.111,BR_sarg,0.093,RE_fil,0.032,RE_bush,0.001,KE_5rib
2024_10_08_11-42-54.jpg,2983,2157,GR_ulva,green_algae_ulva,TRUE,224,1,GR_ulva,0,RE_fil,0,BR_sarg,0,KE_sugar,0,KE_sieve
2024_10_08_11-42-54.jpg,1106,1737,SU_peb,pebble,TRUE,224,1,SU_peb,0,SU_bould,0,SU_cob,0,KE_stipe,0,KE_sieve
2024_10_08_11-42-54.jpg,2475,714,Review,Review,TRUE,224,0.85,GR_ulva,0.077,KE_stipe,0.04,BR_sarg,0.03,RE_CCA,0.001,KE_bull
2024_10_08_11-42-54.jpg,2061,3808,Review,Review,TRUE,224,0.498,SU_peb,0.468,MS,0.03,KE_stipe,0.001,GR_ulva,0,KE_5rib
2024_10_08_11-42-54.jpg,3417,1702,GR_ulva,green_algae_ulva,TRUE,224,1,GR_ulva,0,KE_5rib,0,MS,0,unknown,0,RE_fil
2024_10_08_11-42-54.jpg,647,2073,GR_ulva,green_algae_ulva,TRUE,224,1,GR_ulva,0,SU_peb,0,SU_bould,0,KE_bull,0,KE_stipe
2024_10_08_11-42-54.jpg,264,981,SU_peb,pebble,TRUE,224,0.948,SU_peb,0.039,MS,0.012,RE_bush,0.001,GR_ulva,0,SU_bould
2024_10_08_11-42-54.jpg,3895,1760,GR_ulva,green_algae_ulva,TRUE,224,1,GR_ulva,0,KE_stipe,0,BR_sarg,0,KE_bull,0,SU_peb
2024_10_08_11-42-54.jpg,932,3595,Review,Review,TRUE,224,0.874,RE_leaf,0.124,RE_fil,0.002,RE_branch,0,BR_sarg,0,MS
2024_10_08_11-42-54.jpg,3731,4401,Review,Review,TRUE,224,0.691,KE_5rib,0.111,SU_bould,0.082,RE_bush,0.059,RE_branch,0.022,MS
2024_10_08_11-42-54.jpg,1864,323,GR_ulva,green_algae_ulva,TRUE,224,0.996,GR_ulva,0.002,BR_fucus,0.002,KE_stipe,0,KE_bull,0,SU_bould
2024_10_08_11-42-54.jpg,2447,1424,GR_ulva,green_algae_ulva,TRUE,224,1,GR_ulva,0,MS,0,BR_sarg,0,RE_leaf,0,KE_stipe
2024_10_08_11-42-54.jpg,3709,2256,GR_ulva,green_algae_ulva,TRUE,224,1,GR_ulva,0,RE_leaf,0,KE_sieve,0,SI_kelpBry,0,KE_bull
2024_10_08_11-42-54.jpg,3128,1949,GR_ulva,green_algae_ulva,TRUE,224,0.999,GR_ulva,0,BR_sarg,0,KE_sieve,0,KE_bull,0,KE_stipe
2024_10_08_11-42-54.jpg,1656,267,GR_ulva,green_algae_ulva,TRUE,224,0.959,GR_ulva,0.036,BR_sarg,0.002,SU_peb,0.001,SU_bould,0.001,RE_branch
2024_10_08_11-42-54.jpg,884,2896,RE_leaf,red_algae_flat_leaf,TRUE,224,1,RE_leaf,0,RE_fil,0,KE_sugar,0,RE_CCA,0,MS
2024_10_08_11-42-54.jpg,1716,2485,GR_ulva,green_algae_ulva,TRUE,224,1,GR_ulva,0,KE_bull,0,KE_5rib,0,RE_leaf,0,MS
2024_10_08_11-42-54.jpg,2720,4256,GR_ulva,green_algae_ulva,TRUE,224,0.964,GR_ulva,0.015,KE_5rib,0.008,MS,0.006,unknown,0.003,RE_leaf
2024_10_08_11-42-54.jpg,1375,540,GR_ulva,green_algae_ulva,TRUE,224,1,GR_ulva,0,KE_sieve,0,BR_sarg,0,BR_fucus,0,MS
2024_10_08_11-42-54.jpg,2783,1456,GR_ulva,green_algae_ulva,TRUE,224,1,GR_ulva,0,KE_5rib,0,SI,0,MS,0,KE_stipe
2024_10_08_11-42-54.jpg,3418,2910,GR_ulva,green_algae_ulva,TRUE,224,1,GR_ulva,0,KE_5rib,0,RE_leaf,0,KE_stipe,0,KE_sieve
2024_10_08_11-42-54.jpg,2687,2730,GR_ulva,green_algae_ulva,TRUE,224,1,GR_ulva,0,BR_sarg,0,KE_sieve,0,RE_fil,0,KE_5rib
2024_10_08_11-42-54.jpg,3108,873,GR_ulva,green_algae_ulva,TRUE,224,1,GR_ulva,0,SU_bould,0,unknown,0,BR_sarg,0,BR_fucus
2024_10_08_11-42-54.jpg,2074,2411,GR_ulva,green_algae_ulva,TRUE,224,1,GR_ulva,0,KE_sieve,0,KE_bull,0,RE_leaf,0,BR_sarg
2024_10_08_11-42-54.jpg,3312,1872,GR_ulva,green_algae_ulva,TRUE,224,1,GR_ulva,0,KE_sieve,0,BR_sarg,0,KE_bull,0,KE_5rib
2024_10_08_11-42-54.jpg,165,4485,GR_ulva,green_algae_ulva,TRUE,224,0.948,GR_ulva,0.035,MS,0.011,unknown,0.002,KE_sugar,0.002,RE_fil
2024_10_08_11-42-54.jpg,3322,311,Review,Review,TRUE,224,0.678,GR_ulva,0.286,BR_sarg,0.023,SU_bould,0.007,KE_stipe,0.004,BR_fucus
2024_10_08_11-42-54.jpg,3795,2388,GR_ulva,green_algae_ulva,TRUE,224,1,GR_ulva,0,RE_leaf,0,KE_bull,0,KE_sieve,0,KE_stipe
2024_10_08_11-42-54.jpg,514,1316,SU_peb,pebble,TRUE,224,1,SU_peb,0,SU_shell,0,SI,0,KE_stipe,0,SU_sand
2024_10_08_11-42-54.jpg,823,4157,GR_ulva,green_algae_ulva,TRUE,224,0.942,GR_ulva,0.046,RE_leaf,0.008,KE_stipe,0.003,KE_bull,0.002,KE_sieve
2024_10_08_11-42-54.jpg,1393,3792,Review,Review,TRUE,224,0.345,SU_peb,0.273,SU_cob,0.166,SU_bould,0.157,MS,0.027,RE_bush
2024_10_08_11-42-54.jpg,913,1617,SU_peb,pebble,TRUE,224,0.997,SU_peb,0.002,KE_5rib,0.001,GR_ulva,0,MS,0,KE_bull
2024_10_08_11-42-54.jpg,2072,1206,GR_ulva,green_algae_ulva,TRUE,224,1,GR_ulva,0,RE_fil,0,KE_sugar,0,BR_sarg,0,unknown
2024_10_08_11-42-54.jpg,1755,3597,GR_ulva,green_algae_ulva,TRUE,224,1,GR_ulva,0,SU_bould,0,SI,0,KE_sugar,0,KE_stipe
2024_10_08_11-42-54.jpg,2833,974,GR_ulva,green_algae_ulva,TRUE,224,1,GR_ulva,0,BR_sarg,0,SU_bould,0,RE_branch,0,KE_stipe
2024_10_08_11-42-54.jpg,3212,2545,GR_ulva,green_algae_ulva,TRUE,224,1,GR_ulva,0,KE_sieve,0,unknown,0,RE_leaf,0,KE_5rib
2024_10_08_11-42-54.jpg,1058,4398,GR_ulva,green_algae_ulva,TRUE,224,1,GR_ulva,0,KE_sieve,0,unknown,0,KE_sugar,0,KE_stipe
2024_10_08_11-42-54.jpg,2328,1671,GR_ulva,green_algae_ulva,TRUE,224,1,GR_ulva,0,KE_bull,0,BR_sarg,0,RE_leaf,0,RE_branch
2024_10_08_11-42-54.jpg,181,3078,SU_bould,boulder,TRUE,224,0.994,SU_bould,0.003,BR_sarg,0.002,KE_stipe,0.001,MS,0,SU_cob
2024_10_08_11-42-54.jpg,2252,973,GR_ulva,green_algae_ulva,TRUE,224,1,GR_ulva,0,MS,0,KE_sieve,0,BR_sarg,0,RE_leaf
2024_10_08_11-42-54.jpg,3098,1373,GR_ulva,green_algae_ulva,TRUE,224,1,GR_ulva,0,KE_stipe,0,BR_sarg,0,SU_bould,0,KE_bull
2024_10_08_11-42-54.jpg,2756,1769,GR_ulva,green_algae_ulva,TRUE,224,1,GR_ulva,0,KE_bull,0,BR_sarg,0,SU_bould,0,KE_sieve
2024_10_08_11-42-54.jpg,2233,3209,KE_bull,kelp_bull_ blade,TRUE,224,0.964,KE_bull,0.021,KE_stipe,0.01,MS,0.003,SU_peb,0.001,RE_branch
2024_10_08_11-42-54.jpg,2514,4409,Review,Review,TRUE,224,0.613,unknown,0.385,GR_ulva,0.001,KE_sugar,0,KE_sieve,0,SU_silt
2024_10_08_11-43-03.jpg,928,3202,GR_ulva,green_algae_ulva,TRUE,224,0.997,GR_ulva,0.003,unknown,0,KE_5rib,0,RE_leaf,0,KE_sieve
2024_10_08_11-43-03.jpg,2598,258,GR_ulva,green_algae_ulva,TRUE,224,1,GR_ulva,0,unknown,0,KE_stipe,0,KE_5rib,0,BR_sarg
2024_10_08_11-43-03.jpg,3119,3582,Review,Review,TRUE,224,0.668,KE_sugar,0.177,RE_fil,0.113,SU_bould,0.031,SU_cob,0.003,MS
2024_10_08_11-43-03.jpg,3548,3463,Review,Review,TRUE,224,0.383,SU_bould,0.341,BR_sarg,0.105,SU_peb,0.046,MS,0.035,RE_branch
2024_10_08_11-43-03.jpg,2314,4008,RE_bush,red_algae_bushy,TRUE,224,0.901,RE_bush,0.091,RE_branch,0.004,RE_CCA,0.002,RE_fil,0.001,KE_holdfas
2024_10_08_11-43-03.jpg,3273,640,GR_ulva,green_algae_ulva,TRUE,224,1,GR_ulva,0,KE_stipe,0,BR_sarg,0,MS,0,KE_bull
2024_10_08_11-43-03.jpg,3132,464,Review,Review,TRUE,224,0.717,SU_peb,0.277,BR_sarg,0.006,GR_ulva,0,SU_cob,0,MS
2024_10_08_11-43-03.jpg,862,418,RE_fil,red_algae_filamentous,TRUE,224,1,RE_fil,0,RE_leaf,0,SU_bould,0,RE_branch,0,RE_CCA
2024_10_08_11-43-03.jpg,3032,244,Review,Review,TRUE,224,0.535,BR_sarg,0.389,RE_fil,0.029,KE_5rib,0.017,RE_bush,0.016,KE_stipe
2024_10_08_11-43-03.jpg,466,2151,KE_bull,kelp_bull_ blade,TRUE,224,0.923,KE_bull,0.06,GR_ulva,0.009,KE_5rib,0.007,KE_sugar,0,MS
2024_10_08_11-43-03.jpg,2863,210,Review,Review,TRUE,224,0.591,RE_fil,0.354,RE_leaf,0.038,MS,0.005,RE_bush,0.005,KE_stipe
2024_10_08_11-43-03.jpg,2574,3491,GR_ulva,green_algae_ulva,TRUE,224,1,GR_ulva,0,SU_bould,0,KE_sieve,0,KE_stipe,0,unknown
2024_10_08_11-43-03.jpg,2809,2732,Review,Review,TRUE,224,0.85,RE_leaf,0.04,MS,0.023,BR_sarg,0.022,RE_branch,0.015,KE_sieve
2024_10_08_11-43-03.jpg,2001,1813,Review,Review,TRUE,224,0.858,RE_branch,0.129,RE_bush,0.006,BR_sarg,0.006,RE_fil,0,KE_holdfas
2024_10_08_11-43-03.jpg,3201,2058,GR_ulva,green_algae_ulva,TRUE,224,0.964,GR_ulva,0.034,KE_stipe,0.001,RE_fil,0,KE_bull,0,MS
2024_10_08_11-43-03.jpg,3020,2456,Review,Review,TRUE,224,0.626,RE_fil,0.283,SU_bould,0.081,SU_peb,0.004,SU_cob,0.003,KE_stipe
2024_10_08_11-43-03.jpg,495,1137,Review,Review,TRUE,224,0.356,MS,0.242,RE_fil,0.166,KE_5rib,0.123,KE_sieve,0.068,KE_sugar
2024_10_08_11-43-03.jpg,2504,2088,Review,Review,TRUE,224,0.569,SU_peb,0.38,SU_bould,0.016,KE_stipe,0.015,RE_CCA,0.006,SU_cob
2024_10_08_11-43-03.jpg,2538,1374,Review,Review,TRUE,224,0.634,KE_stipe,0.272,MS,0.094,KE_holdfas,0,SU_bould,0,SI
2024_10_08_11-43-03.jpg,1278,445,SU_sand,sand_fine_shell,TRUE,224,1,SU_sand,0,SU_cob,0,MS,0,SU_silt,0,RE_CCA
2024_10_08_11-43-03.jpg,710,3113,GR_ulva,green_algae_ulva,TRUE,224,1,GR_ulva,0,KE_bull,0,MS,0,RE_leaf,0,KE_5rib
2024_10_08_11-43-03.jpg,3737,388,SU_peb,pebble,TRUE,224,0.998,SU_peb,0.001,SU_bould,0,SU_cob,0,BR_sarg,0,KE_stipe
2024_10_08_11-43-03.jpg,1621,2483,GR_ulva,green_algae_ulva,TRUE,224,0.971,GR_ulva,0.018,SU_bould,0.003,RE_CCA,0.002,RE_fil,0.002,RE_branch
2024_10_08_11-43-03.jpg,3121,3193,RE_fil,red_algae_filamentous,TRUE,224,0.907,RE_fil,0.042,SU_cob,0.023,KE_holdfas,0.016,SI,0.008,KE_sugar
2024_10_08_11-43-03.jpg,3406,1823,GR_ulva,green_algae_ulva,TRUE,224,1,GR_ulva,0,KE_sieve,0,RE_leaf,0,BR_sarg,0,KE_bull
2024_10_08_11-43-03.jpg,785,3680,RE_fil,red_algae_filamentous,TRUE,224,0.925,RE_fil,0.038,KE_holdfas,0.035,RE_bush,0.001,RE_CCA,0,KE_stipe
2024_10_08_11-43-03.jpg,2997,2734,RE_branch,red_algae_branching,TRUE,224,0.966,RE_branch,0.017,BR_sarg,0.006,MS,0.006,RE_leaf,0.003,KE_bull
2024_10_08_11-43-03.jpg,3004,1175,GR_ulva,green_algae_ulva,TRUE,224,1,GR_ulva,0,SU_bould,0,KE_bull,0,KE_stipe,0,MS
2024_10_08_11-43-03.jpg,2619,3287,Review,Review,TRUE,224,0.672,RE_fil,0.107,KE_stipe,0.104,KE_5rib,0.04,RE_bush,0.03,BR_fucus
2024_10_08_11-43-03.jpg,1063,4302,Review,Review,TRUE,224,0.793,GR_ulva,0.204,SU_peb,0.002,SU_bould,0,KE_stipe,0,KE_bull
2024_10_08_11-43-03.jpg,977,721,RE_fil,red_algae_filamentous,TRUE,224,0.979,RE_fil,0.015,RE_leaf,0.003,RE_CCA,0.002,RE_branch,0.001,RE_bush
2024_10_08_11-43-03.jpg,3827,1763,GR_ulva,green_algae_ulva,TRUE,224,0.996,GR_ulva,0.003,BR_sarg,0.001,KE_bull,0,KE_stipe,0,KE_sieve
2024_10_08_11-43-03.jpg,2757,1871,GR_ulva,green_algae_ulva,TRUE,224,1,GR_ulva,0,KE_5rib,0,RE_fil,0,KE_sieve,0,KE_sugar
2024_10_08_11-43-03.jpg,3278,2511,KE_stipe,kelp_stipe,TRUE,224,0.97,KE_stipe,0.013,MS,0.012,KE_bull,0.002,BR_sarg,0.001,RE_leaf
2024_10_08_11-43-03.jpg,867,1300,KE_sieve,kelp_sieve,TRUE,224,0.96,KE_sieve,0.019,SU_bould,0.017,RE_fil,0.002,RE_bush,0.001,RE_branch
2024_10_08_11-43-03.jpg,3898,3813,GR_ulva,green_algae_ulva,TRUE,224,0.992,GR_ulva,0.008,KE_sieve,0,unknown,0,KE_5rib,0,RE_leaf
2024_10_08_11-43-03.jpg,3660,1745,GR_ulva,green_algae_ulva,TRUE,224,1,GR_ulva,0,BR_sarg,0,RE_fil,0,unknown,0,RE_leaf
2024_10_08_11-43-03.jpg,1837,3528,GR_ulva,green_algae_ulva,TRUE,224,0.956,GR_ulva,0.041,KE_5rib,0.003,KE_stipe,0,KE_sieve,0,SU_bould
2024_10_08_11-43-03.jpg,2271,963,RE_branch,red_algae_branching,TRUE,224,1,RE_branch,0,RE_bush,0,BR_sarg,0,RE_fil,0,RE_leaf
2024_10_08_11-43-03.jpg,879,1103,KE_stipe,kelp_stipe,TRUE,224,1,KE_stipe,0,MS,0,KE_holdfas,0,SU_bould,0,SU_shell
2024_10_08_11-43-03.jpg,2166,3446,GR_ulva,green_algae_ulva,TRUE,224,0.999,GR_ulva,0,unknown,0,RE_fil,0,KE_5rib,0,KE_sieve
2024_10_08_11-43-03.jpg,2106,2531,GR_ulva,green_algae_ulva,TRUE,224,1,GR_ulva,0,RE_leaf,0,BR_sarg,0,KE_bull,0,BR_fucus
2024_10_08_11-43-03.jpg,1466,3491,GR_ulva,green_algae_ulva,TRUE,224,1,GR_ulva,0,KE_5rib,0,unknown,0,MS,0,KE_sieve
2024_10_08_11-43-03.jpg,2054,2718,GR_ulva,green_algae_ulva,TRUE,224,1,GR_ulva,0,RE_leaf,0,KE_bull,0,KE_5rib,0,KE_sieve
2024_10_08_11-43-03.jpg,2649,1557,RE_branch,red_algae_branching,TRUE,224,0.973,RE_branch,0.02,RE_fil,0.007,RE_leaf,0,RE_bush,0,MS
2024_10_08_11-43-03.jpg,179,3748,RE_bush,red_algae_bushy,TRUE,224,0.961,RE_bush,0.016,BR_fucus,0.006,SU_bould,0.003,RE_branch,0.003,GR_ulva
2024_10_08_11-43-03.jpg,1376,4427,SU_silt,silt,TRUE,224,1,SU_silt,0,SU_shell,0,MS,0,KE_sugar,0,SU_cob
2024_10_08_11-43-03.jpg,1667,207,GR_ulva,green_algae_ulva,TRUE,224,0.945,GR_ulva,0.054,SU_peb,0,KE_stipe,0,SU_bould,0,SU_cob
2024_10_08_11-43-03.jpg,2780,1990,GR_ulva,green_algae_ulva,TRUE,224,1,GR_ulva,0,KE_5rib,0,KE_sugar,0,MS,0,SI
2024_10_08_11-43-03.jpg,2741,4184,Review,Review,TRUE,224,0.589,RE_bush,0.134,RE_fil,0.091,KE_5rib,0.042,GR_ulva,0.04,BR_fucus
2024_10_08_11-43-12.jpg,3570,1242,Review,Review,TRUE,224,0.407,SU_bould,0.36,SU_peb,0.164,SU_cob,0.026,MS,0.02,GR_ulva
2024_10_08_11-43-12.jpg,1845,2249,RE_fil,red_algae_filamentous,TRUE,224,0.936,RE_fil,0.037,RE_branch,0.026,BR_sarg,0,MS,0,KE_stipe
2024_10_08_11-43-12.jpg,1853,2552,GR_ulva,green_algae_ulva,TRUE,224,0.997,GR_ulva,0.003,BR_sarg,0,KE_stipe,0,RE_branch,0,KE_bull
2024_10_08_11-43-12.jpg,957,2018,GR_ulva,green_algae_ulva,TRUE,224,1,GR_ulva,0,KE_stipe,0,KE_bull,0,unknown,0,KE_5rib
2024_10_08_11-43-12.jpg,973,367,GR_ulva,green_algae_ulva,TRUE,224,1,GR_ulva,0,KE_5rib,0,KE_stipe,0,SI,0,MS
2024_10_08_11-43-12.jpg,1529,2713,KE_sugar,kelp_sugar,TRUE,224,0.988,KE_sugar,0.006,RE_leaf,0.005,KE_5rib,0.001,RE_fil,0,KE_stipe
2024_10_08_11-43-12.jpg,830,3508,Review,Review,TRUE,224,0.538,RE_branch,0.262,RE_fil,0.136,RE_bush,0.049,BR_sarg,0.007,RE_CCA
2024_10_08_11-43-12.jpg,3531,885,Review,Review,TRUE,224,0.457,SU_sand,0.173,SU_bould,0.157,SU_peb,0.139,SU_cob,0.064,BR_sarg
2024_10_08_11-43-12.jpg,2835,1553,RE_fil,red_algae_filamentous,TRUE,224,1,RE_fil,0,RE_leaf,0,RE_branch,0,BR_sarg,0,KE_5rib
2024_10_08_11-43-12.jpg,3225,763,Review,Review,TRUE,224,0.733,BR_sarg,0.119,SU_peb,0.077,SU_bould,0.07,GR_ulva,0,SU_cob
2024_10_08_11-43-12.jpg,3472,1646,Review,Review,TRUE,224,0.574,SU_peb,0.205,BR_fucus,0.071,SU_cob,0.048,KE_stipe,0.027,BR_sarg
2024_10_08_11-43-12.jpg,3421,2948,Review,Review,TRUE,224,0.591,RE_fil,0.299,RE_leaf,0.086,MS,0.021,KE_stipe,0.002,GR_ulva
2024_10_08_11-43-12.jpg,3581,2879,GR_ulva,green_algae_ulva,TRUE,224,1,GR_ulva,0,RE_leaf,0,BR_sarg,0,MS,0,BR_fucus
2024_10_08_11-43-12.jpg,2527,665,Review,Review,TRUE,224,0.534,BR_sarg,0.437,SU_bould,0.02,SU_cob,0.004,MS,0.002,RE_branch
2024_10_08_11-43-12.jpg,719,137,Review,Review,TRUE,224,0.852,GR_ulva,0.09,KE_stipe,0.057,MS,0.001,SI,0,SU_shell
2024_10_08_11-43-12.jpg,274,1251,RE_fil,red_algae_filamentous,TRUE,224,0.999,RE_fil,0.001,RE_branch,0,BR_sarg,0,RE_leaf,0,KE_5rib
2024_10_08_11-43-12.jpg,2685,2985,RE_branch,red_algae_branching,TRUE,224,1,RE_branch,0,RE_leaf,0,BR_sarg,0,RE_fil,0,RE_bush
2024_10_08_11-43-12.jpg,2231,4386,GR_ulva,green_algae_ulva,TRUE,224,1,GR_ulva,0,KE_stipe,0,SU_peb,0,KE_bull,0,KE_sugar
2024_10_08_11-43-12.jpg,3147,4078,Review,Review,TRUE,224,0.445,BR_sarg,0.397,RE_branch,0.11,KE_stipe,0.036,RE_bush,0.008,BR_fucus
2024_10_08_11-43-12.jpg,253,759,GR_ulva,green_algae_ulva,TRUE,224,1,GR_ulva,0,RE_leaf,0,KE_5rib,0,SI,0,KE_stipe
2024_10_08_11-43-12.jpg,3195,2627,RE_fil,red_algae_filamentous,TRUE,224,0.981,RE_fil,0.019,RE_leaf,0,RE_branch,0,RE_bush,0,BR_sarg
2024_10_08_11-43-12.jpg,1896,1418,GR_ulva,green_algae_ulva,TRUE,224,1,GR_ulva,0,KE_bull,0,RE_leaf,0,MS,0,KE_stipe
2024_10_08_11-43-12.jpg,2699,415,Review,Review,TRUE,224,0.738,GR_ulva,0.222,SU_cob,0.021,MS,0.012,SI,0.003,SU_peb
2024_10_08_11-43-12.jpg,3473,4026,Review,Review,TRUE,224,0.822,RE_branch,0.126,RE_bush,0.023,KE_5rib,0.013,RE_fil,0.011,BR_sarg
2024_10_08_11-43-12.jpg,711,1069,GR_ulva,green_algae_ulva,TRUE,224,0.998,GR_ulva,0.001,KE_sieve,0,KE_5rib,0,unknown,0,KE_stipe
2024_10_08_11-43-12.jpg,1211,3565,GR_ulva,green_algae_ulva,TRUE,224,0.935,GR_ulva,0.027,RE_leaf,0.025,RE_bush,0.008,KE_sieve,0.002,MS
2024_10_08_11-43-12.jpg,1775,4118,GR_ulva,green_algae_ulva,TRUE,224,1,GR_ulva,0,RE_leaf,0,KE_sugar,0,SI,0,KE_5rib
2024_10_08_11-43-12.jpg,3844,253,GR_ulva,green_algae_ulva,TRUE,224,1,GR_ulva,0,KE_stipe,0,KE_sieve,0,SU_cob,0,KE_5rib
2024_10_08_11-43-12.jpg,3627,364,Review,Review,TRUE,224,0.527,SU_bould,0.218,SU_cob,0.15,GR_ulva,0.081,SU_peb,0.014,BR_sarg
2024_10_08_11-43-12.jpg,1014,1061,GR_ulva,green_algae_ulva,TRUE,224,1,GR_ulva,0,unknown,0,KE_stipe,0,KE_5rib,0,KE_sieve
2024_10_08_11-43-12.jpg,329,3870,GR_ulva,green_algae_ulva,TRUE,224,0.998,GR_ulva,0.002,unknown,0,KE_sieve,0,KE_5rib,0,KE_sugar
2024_10_08_11-43-12.jpg,1214,2520,Review,Review,TRUE,224,0.711,GR_ulva,0.278,RE_leaf,0.011,KE_bull,0,KE_stipe,0,RE_fil
2024_10_08_11-43-12.jpg,2983,417,GR_ulva,green_algae_ulva,TRUE,224,1,GR_ulva,0,SU_cob,0,MS,0,KE_stipe,0,SI
2024_10_08_11-43-12.jpg,2165,3137,RE_branch,red_algae_branching,TRUE,224,1,RE_branch,0,BR_sarg,0,RE_fil,0,RE_bush,0,RE_leaf
2024_10_08_11-43-12.jpg,3730,2948,GR_ulva,green_algae_ulva,TRUE,224,1,GR_ulva,0,KE_5rib,0,unknown,0,KE_sieve,0,KE_sugar
2024_10_08_11-43-12.jpg,2657,2029,RE_branch,red_algae_branching,TRUE,224,0.978,RE_branch,0.009,RE_bush,0.006,MS,0.005,BR_sarg,0,KE_stipe
2024_10_08_11-43-12.jpg,2348,4166,Review,Review,TRUE,224,0.779,KE_stipe,0.214,KE_bull,0.007,GR_ulva,0,KE_holdfas,0,SI
2024_10_08_11-43-12.jpg,1271,4094,GR_ulva,green_algae_ulva,TRUE,224,1,GR_ulva,0,SI,0,RE_leaf,0,KE_sugar,0,unknown
2024_10_08_11-43-12.jpg,371,3128,Review,Review,TRUE,224,0.888,RE_branch,0.062,BR_sarg,0.022,RE_CCA,0.008,SU_bould,0.006,RE_fil
2024_10_08_11-43-12.jpg,1716,2066,Review,Review,TRUE,224,0.583,RE_branch,0.417,RE_fil,0,BR_sarg,0,RE_bush,0,RE_CCA
2024_10_08_11-43-12.jpg,3436,756,Review,Review,TRUE,224,0.607,SU_sand,0.219,SU_peb,0.102,SU_bould,0.068,SU_cob,0.002,SU_shell
2024_10_08_11-43-12.jpg,729,456,GR_ulva,green_algae_ulva,TRUE,224,0.95,GR_ulva,0.018,unknown,0.01,BR_sarg,0.005,SU_bould,0.003,RE_fil
2024_10_08_11-43-12.jpg,3268,3059,Review,Review,TRUE,224,0.814,RE_branch,0.181,RE_fil,0.002,KE_sugar,0.002,RE_leaf,0.001,GR_ulva
2024_10_08_11-43-12.jpg,3435,2432,RE_leaf,red_algae_flat_leaf,TRUE,224,1,RE_leaf,0,RE_branch,0,RE_fil,0,GR_ulva,0,MS
2024_10_08_11-43-12.jpg,778,765,GR_ulva,green_algae_ulva,TRUE,224,0.991,GR_ulva,0.009,KE_sieve,0,unknown,0,KE_5rib,0,KE_stipe
2024_10_08_11-43-12.jpg,2288,3266,RE_branch,red_algae_branching,TRUE,224,0.996,RE_branch,0.004,RE_leaf,0,RE_fil,0,BR_sarg,0,RE_bush
2024_10_08_11-43-12.jpg,889,3366,Review,Review,TRUE,224,0.566,KE_stipe,0.211,GR_ulva,0.145,KE_bull,0.029,SU_bould,0.027,RE_fil
2024_10_08_11-43-12.jpg,1068,1602,RE_fil,red_algae_filamentous,TRUE,224,1,RE_fil,0,KE_holdfas,0,BR_sarg,0,SI,0,KE_sugar
2024_10_08_11-43-12.jpg,1349,3662,GR_ulva,green_algae_ulva,TRUE,224,1,GR_ulva,0,MS,0,SU_bould,0,KE_stipe,0,KE_5rib
2024_10_08_11-43-12.jpg,2075,2206,RE_branch,red_algae_branching,TRUE,224,1,RE_branch,0,BR_sarg,0,RE_fil,0,RE_leaf,0,RE_CCA
2024_10_08_11-43-21.jpg,1843,3815,Review,Review,TRUE,224,0.856,RE_branch,0.103,SU_peb,0.033,RE_bush,0.005,SU_cob,0.001,BR_sarg
2024_10_08_11-43-21.jpg,833,3957,RE_branch,red_algae_branching,TRUE,224,1,RE_branch,0,RE_fil,0,BR_sarg,0,RE_bush,0,RE_CCA
2024_10_08_11-43-21.jpg,2811,3329,GR_ulva,green_algae_ulva,TRUE,224,1,GR_ulva,0,MS,0,KE_bull,0,BR_sarg,0,KE_stipe
2024_10_08_11-43-21.jpg,2073,1456,Review,Review,TRUE,224,0.612,SU_peb,0.245,SU_cob,0.096,RE_bush,0.039,MS,0.004,SU_sand
2024_10_08_11-43-21.jpg,2286,4102,Review,Review,TRUE,224,0.689,RE_branch,0.173,SU_bould,0.088,SU_peb,0.032,SU_cob,0.01,KE_stipe
2024_10_08_11-43-21.jpg,267,3277,GR_ulva,green_algae_ulva,TRUE,224,0.996,GR_ulva,0.002,KE_5rib,0.001,unknown,0.001,KE_sieve,0,RE_fil
2024_10_08_11-43-21.jpg,1090,2831,GR_ulva,green_algae_ulva,TRUE,224,0.999,GR_ulva,0.001,KE_5rib,0,RE_leaf,0,KE_sieve,0,KE_sugar
2024_10_08_11-43-21.jpg,3586,3873,Review,Review,TRUE,224,0.791,unknown,0.152,GR_ulva,0.054,MS,0.001,KE_5rib,0.001,RE_leaf
2024_10_08_11-43-21.jpg,2615,1995,GR_ulva,green_algae_ulva,TRUE,224,0.977,GR_ulva,0.023,SU_peb,0,KE_stipe,0,KE_bull,0,SU_cob
2024_10_08_11-43-21.jpg,1939,990,GR_ulva,green_algae_ulva,TRUE,224,1,GR_ulva,0,BR_sarg,0,KE_5rib,0,SU_peb,0,RE_leaf
2024_10_08_11-43-21.jpg,1776,4186,RE_fil,red_algae_filamentous,TRUE,224,0.943,RE_fil,0.049,RE_bush,0.003,RE_branch,0.002,SU_peb,0.001,KE_5rib
2024_10_08_11-43-21.jpg,1009,3586,RE_branch,red_algae_branching,TRUE,224,0.964,RE_branch,0.018,RE_fil,0.016,BR_sarg,0.001,SU_bould,0.001,RE_bush
2024_10_08_11-43-21.jpg,3056,2797,SU_peb,pebble,TRUE,224,0.956,SU_peb,0.034,BR_fucus,0.01,KE_stipe,0,SU_bould,0,RE_bush
2024_10_08_11-43-21.jpg,3630,1317,Review,Review,TRUE,224,0.373,RE_fil,0.205,KE_holdfas,0.188,BR_sarg,0.076,KE_stipe,0.07,KE_5rib
2024_10_08_11-43-21.jpg,2857,870,RE_leaf,red_algae_flat_leaf,TRUE,224,1,RE_leaf,0,KE_5rib,0,RE_fil,0,KE_sugar,0,unknown
2024_10_08_11-43-21.jpg,2673,3780,GR_ulva,green_algae_ulva,TRUE,224,1,GR_ulva,0,RE_leaf,0,MS,0,KE_sieve,0,SI_kelpBry
2024_10_08_11-43-21.jpg,3332,2569,GR_ulva,green_algae_ulva,TRUE,224,1,GR_ulva,0,KE_5rib,0,RE_leaf,0,KE_bull,0,BR_sarg
2024_10_08_11-43-21.jpg,283,2185,GR_ulva,green_algae_ulva,TRUE,224,0.997,GR_ulva,0.001,SU_bould,0,KE_sieve,0,unknown,0,RE_fil
2024_10_08_11-43-21.jpg,3781,2861,RE_bush,red_algae_bushy,TRUE,224,0.965,RE_bush,0.035,KE_holdfas,0,RE_fil,0,MS,0,RE_branch
2024_10_08_11-43-21.jpg,3530,2693,GR_ulva,green_algae_ulva,TRUE,224,1,GR_ulva,0,KE_bull,0,RE_leaf,0,KE_sieve,0,KE_stipe
2024_10_08_11-43-21.jpg,1756,539,GR_ulva,green_algae_ulva,TRUE,224,1,GR_ulva,0,unknown,0,KE_stipe,0,RE_leaf,0,BR_sarg
2024_10_08_11-43-21.jpg,3312,4350,KE_stipe,kelp_stipe,TRUE,224,0.922,KE_stipe,0.039,KE_5rib,0.03,GR_ulva,0.002,SU_peb,0.002,KE_sieve
2024_10_08_11-43-21.jpg,1877,1591,Review,Review,TRUE,224,0.466,SU_sand,0.336,SU_cob,0.117,SU_peb,0.053,KE_sieve,0.007,KE_sugar
2024_10_08_11-43-21.jpg,1158,112,GR_ulva,green_algae_ulva,TRUE,224,1,GR_ulva,0,unknown,0,KE_stipe,0,KE_5rib,0,MS
2024_10_08_11-43-21.jpg,1068,1216,GR_ulva,green_algae_ulva,TRUE,224,1,GR_ulva,0,RE_leaf,0,KE_sieve,0,KE_bull,0,KE_5rib
2024_10_08_11-43-21.jpg,1567,1770,Review,Review,TRUE,224,0.718,RE_fil,0.134,SU_bould,0.107,RE_bush,0.013,SU_peb,0.011,RE_CCA
2024_10_08_11-43-21.jpg,3661,387,Review,Review,TRUE,224,0.749,RE_fil,0.191,RE_branch,0.023,SU_cob,0.015,BR_sarg,0.013,RE_bush
2024_10_08_11-43-21.jpg,636,3152,Review,Review,TRUE,224,0.862,RE_bush,0.105,BR_fucus,0.016,SU_bould,0.005,BR_sarg,0.004,RE_branch
2024_10_08_11-43-21.jpg,204,1310,Review,Review,TRUE,224,0.852,GR_ulva,0.142,SU_bould,0.004,KE_stipe,0,MS,0,SU_cob
2024_10_08_11-43-21.jpg,1704,3063,GR_ulva,green_algae_ulva,TRUE,224,1,GR_ulva,0,KE_bull,0,SU_peb,0,KE_stipe,0,BR_sarg
2024_10_08_11-43-21.jpg,455,2234,GR_ulva,green_algae_ulva,TRUE,224,0.995,GR_ulva,0.003,KE_sieve,0.001,KE_sugar,0.001,SU_bould,0,RE_CCA
2024_10_08_11-43-21.jpg,967,424,GR_ulva,green_algae_ulva,TRUE,224,1,GR_ulva,0,unknown,0,BR_fucus,0,KE_sieve,0,KE_stipe
2024_10_08_11-43-21.jpg,3563,1492,Review,Review,TRUE,224,0.597,KE_holdfas,0.17,KE_5rib,0.103,RE_fil,0.083,SU_cob,0.03,RE_CCA
2024_10_08_11-43-21.jpg,1527,3497,Review,Review,TRUE,224,0.495,RE_branch,0.476,RE_bush,0.023,RE_leaf,0.005,BR_sarg,0.001,RE_fil
2024_10_08_11-43-21.jpg,774,2846,GR_ulva,green_algae_ulva,TRUE,224,1,GR_ulva,0,KE_bull,0,KE_stipe,0,BR_sarg,0,SU_bould
2024_10_08_11-43-21.jpg,3410,753,Review,Review,TRUE,224,0.718,RE_fil,0.177,RE_branch,0.102,RE_leaf,0.001,KE_5rib,0,RE_bush
2024_10_08_11-43-21.jpg,496,3828,RE_bush,red_algae_bushy,TRUE,224,0.972,RE_bush,0.012,KE_stipe,0.011,BR_sarg,0.002,BR_fucus,0.002,RE_branch
2024_10_08_11-43-21.jpg,442,3157,GR_ulva,green_algae_ulva,TRUE,224,0.94,GR_ulva,0.03,RE_leaf,0.021,KE_sieve,0.007,KE_stipe,0.001,KE_holdfas
2024_10_08_11-43-21.jpg,409,4267,RE_branch,red_algae_branching,TRUE,224,0.997,RE_branch,0.002,RE_bush,0,KE_stipe,0,BR_sarg,0,RE_leaf
2024_10_08_11-43-21.jpg,526,324,GR_ulva,green_algae_ulva,TRUE,224,1,GR_ulva,0,unknown,0,KE_5rib,0,KE_sugar,0,RE_leaf
2024_10_08_11-43-21.jpg,3391,3632,GR_ulva,green_algae_ulva,TRUE,224,0.924,GR_ulva,0.039,KE_stipe,0.023,RE_leaf,0.009,KE_5rib,0.002,RE_fil
2024_10_08_11-43-21.jpg,2151,4428,Review,Review,TRUE,224,0.54,KE_5rib,0.376,RE_bush,0.044,RE_leaf,0.018,RE_branch,0.016,RE_fil
2024_10_08_11-43-21.jpg,2798,1218,Review,Review,TRUE,224,0.695,SU_peb,0.269,MS,0.034,KE_stipe,0.001,RE_leaf,0,KE_bull
2024_10_08_11-43-21.jpg,1993,1940,Review,Review,TRUE,224,0.72,RE_fil,0.101,RE_leaf,0.075,BR_sarg,0.028,MS,0.026,RE_CCA
2024_10_08_11-43-21.jpg,788,1574,GR_ulva,green_algae_ulva,TRUE,224,0.972,GR_ulva,0.026,KE_bull,0.002,KE_5rib,0,KE_stipe,0,BR_fucus
2024_10_08_11-43-21.jpg,2467,3185,GR_ulva,green_algae_ulva,TRUE,224,1,GR_ulva,0,BR_sarg,0,KE_sieve,0,KE_bull,0,BR_fucus
2024_10_08_11-43-21.jpg,1623,3749,Review,Review,TRUE,224,0.841,SU_peb,0.082,GR_ulva,0.051,BR_sarg,0.022,SU_bould,0.003,KE_stipe
2024_10_08_11-43-21.jpg,2646,1606,Review,Review,TRUE,224,0.504,RE_bush,0.304,SU_bould,0.075,MS,0.053,KE_stipe,0.027,RE_fil
2024_10_08_11-43-21.jpg,1260,1363,GR_ulva,green_algae_ulva,TRUE,224,1,GR_ulva,0,KE_5rib,0,RE_leaf,0,KE_bull,0,KE_sieve
2024_10_08_11-43-21.jpg,3884,340,Review,Review,TRUE,224,0.636,RE_branch,0.356,RE_bush,0.006,BR_sarg,0.001,RE_leaf,0,BR_fucus
2024_10_08_11-43-30.jpg,3722,1977,RE_fil,red_algae_filamentous,TRUE,224,0.903,RE_fil,0.062,MS,0.03,KE_stipe,0.003,KE_5rib,0.002,KE_bull
2024_10_08_11-43-30.jpg,1472,1874,RE_branch,red_algae_branching,TRUE,224,0.992,RE_branch,0.004,RE_leaf,0.003,BR_sarg,0,MS,0,RE_fil
2024_10_08_11-43-30.jpg,1168,3199,Review,Review,TRUE,224,0.573,RE_bush,0.375,BR_fucus,0.029,KE_stipe,0.009,MS,0.007,RE_branch
2024_10_08_11-43-30.jpg,1409,2955,GR_ulva,green_algae_ulva,TRUE,224,1,GR_ulva,0,SU_bould,0,BR_sarg,0,KE_bull,0,RE_branch
2024_10_08_11-43-30.jpg,2522,2627,GR_ulva,green_algae_ulva,TRUE,224,1,GR_ulva,0,KE_bull,0,KE_sieve,0,BR_sarg,0,RE_leaf
2024_10_08_11-43-30.jpg,882,3833,GR_ulva,green_algae_ulva,TRUE,224,0.999,GR_ulva,0.001,RE_leaf,0,KE_stipe,0,MS,0,unknown
2024_10_08_11-43-30.jpg,3543,350,GR_ulva,green_algae_ulva,TRUE,224,0.998,GR_ulva,0.001,BR_fucus,0,unknown,0,KE_stipe,0,BR_sarg
2024_10_08_11-43-30.jpg,2319,2965,GR_ulva,green_algae_ulva,TRUE,224,1,GR_ulva,0,KE_bull,0,KE_stipe,0,BR_sarg,0,RE_leaf
2024_10_08_11-43-30.jpg,2942,1150,GR_ulva,green_algae_ulva,TRUE,224,1,GR_ulva,0,KE_sieve,0,BR_fucus,0,KE_stipe,0,unknown
2024_10_08_11-43-30.jpg,338,1397,RE_branch,red_algae_branching,TRUE,224,1,RE_branch,0,RE_leaf,0,RE_CCA,0,RE_bush,0,MS
2024_10_08_11-43-30.jpg,1194,840,RE_branch,red_algae_branching,TRUE,224,1,RE_branch,0,BR_sarg,0,RE_CCA,0,MS,0,SI_kelpBry
2024_10_08_11-43-30.jpg,2609,4051,KE_stipe,kelp_stipe,TRUE,224,0.998,KE_stipe,0.002,GR_ulva,0,MS,0,KE_bull,0,KE_sieve
2024_10_08_11-43-30.jpg,1709,893,RE_branch,red_algae_branching,TRUE,224,0.963,RE_branch,0.035,BR_sarg,0.001,GR_ulva,0,BR_fucus,0,RE_leaf
2024_10_08_11-43-30.jpg,1360,3606,GR_ulva,green_algae_ulva,TRUE,224,1,GR_ulva,0,KE_5rib,0,RE_leaf,0,SI,0,MS
2024_10_08_11-43-30.jpg,2807,4251,MS,mobile_species,TRUE,224,0.944,MS,0.033,RE_fil,0.015,RE_branch,0.003,BR_sarg,0.003,RE_bush
2024_10_08_11-43-30.jpg,1265,337,GR_ulva,green_algae_ulva,TRUE,224,0.992,GR_ulva,0.007,KE_bull,0.001,BR_fucus,0,KE_stipe,0,KE_5rib
2024_10_08_11-43-30.jpg,2417,1779,GR_ulva,green_algae_ulva,TRUE,224,1,GR_ulva,0,KE_bull,0,SU_bould,0,KE_stipe,0,MS
2024_10_08_11-43-30.jpg,2349,3214,GR_ulva,green_algae_ulva,TRUE,224,1,GR_ulva,0,KE_sieve,0,RE_leaf,0,KE_bull,0,KE_5rib
2024_10_08_11-43-30.jpg,2460,3554,GR_ulva,green_algae_ulva,TRUE,224,0.979,GR_ulva,0.015,KE_bull,0.004,RE_leaf,0.001,KE_stipe,0,RE_CCA
2024_10_08_11-43-30.jpg,3779,3536,Review,Review,TRUE,224,0.548,GR_ulva,0.444,MS,0.008,KE_sugar,0,RE_leaf,0,unknown
2024_10_08_11-43-30.jpg,3679,1276,GR_ulva,green_algae_ulva,TRUE,224,0.992,GR_ulva,0.006,MS,0.001,KE_sugar,0,KE_5rib,0,SI_kelpBry
2024_10_08_11-43-30.jpg,3129,4456,Review,Review,TRUE,224,0.689,RE_branch,0.288,KE_5rib,0.012,RE_fil,0.005,RE_CCA,0.002,KE_sugar
2024_10_08_11-43-30.jpg,2160,2596,GR_ulva,green_algae_ulva,TRUE,224,0.999,GR_ulva,0.001,KE_bull,0,RE_leaf,0,BR_sarg,0,KE_stipe
2024_10_08_11-43-30.jpg,3604,3905,GR_ulva,green_algae_ulva,TRUE,224,0.997,GR_ulva,0.002,unknown,0.001,KE_sieve,0,KE_5rib,0,KE_sugar
2024_10_08_11-43-30.jpg,1924,2221,Review,Review,TRUE,224,0.719,RE_branch,0.241,KE_bull,0.039,BR_sarg,0.001,GR_ulva,0,RE_CCA
2024_10_08_11-43-30.jpg,1251,1020,RE_branch,red_algae_branching,TRUE,224,1,RE_branch,0,BR_sarg,0,MS,0,RE_bush,0,KE_holdfas
2024_10_08_11-43-30.jpg,1477,1169,RE_branch,red_algae_branching,TRUE,224,1,RE_branch,0,BR_sarg,0,RE_leaf,0,RE_bush,0,RE_fil
2024_10_08_11-43-30.jpg,2138,3814,RE_branch,red_algae_branching,TRUE,224,0.999,RE_branch,0.001,MS,0,RE_bush,0,RE_fil,0,KE_holdfas
2024_10_08_11-43-30.jpg,1498,382,GR_ulva,green_algae_ulva,TRUE,224,1,GR_ulva,0,MS,0,BR_sarg,0,SU_peb,0,SU_cob
2024_10_08_11-43-30.jpg,2392,1432,Review,Review,TRUE,224,0.645,KE_sugar,0.216,GR_ulva,0.061,KE_stipe,0.036,KE_5rib,0.014,KE_sieve
2024_10_08_11-43-30.jpg,2700,1636,RE_leaf,red_algae_flat_leaf,TRUE,224,0.922,RE_leaf,0.06,GR_ulva,0.018,KE_bull,0.001,KE_5rib,0,RE_fil
2024_10_08_11-43-30.jpg,3845,2671,GR_ulva,green_algae_ulva,TRUE,224,0.999,GR_ulva,0.001,KE_5rib,0,RE_leaf,0,SI,0,MS
2024_10_08_11-43-30.jpg,3524,2726,Review,Review,TRUE,224,0.668,GR_ulva,0.108,KE_sugar,0.1,KE_bull,0.034,KE_stipe,0.028,BR_fucus
2024_10_08_11-43-30.jpg,3518,4279,unknown,unknown_area,TRUE,224,0.996,unknown,0.004,GR_ulva,0,KE_sugar,0,MS,0,SU_bould
2024_10_08_11-43-30.jpg,1955,3758,Review,Review,TRUE,224,0.681,KE_bull,0.119,BR_sarg,0.056,BR_fucus,0.04,RE_leaf,0.032,GR_ulva
2024_10_08_11-43-30.jpg,1187,2038,RE_branch,red_algae_branching,TRUE,224,1,RE_branch,0,BR_sarg,0,RE_leaf,0,MS,0,RE_bush
2024_10_08_11-43-30.jpg,1641,3850,GR_ulva,green_algae_ulva,TRUE,224,0.955,GR_ulva,0.042,KE_stipe,0.002,MS,0,KE_bull,0,BR_sarg
2024_10_08_11-43-30.jpg,2702,385,RE_fil,red_algae_filamentous,TRUE,224,0.999,RE_fil,0.001,MS,0,RE_leaf,0,RE_CCA,0,RE_branch
2024_10_08_11-43-30.jpg,3096,4309,Review,Review,TRUE,224,0.676,RE_fil,0.301,RE_branch,0.019,RE_bush,0.003,RE_leaf,0.001,BR_sarg
2024_10_08_11-43-30.jpg,1259,2480,RE_branch,red_algae_branching,TRUE,224,0.978,RE_branch,0.01,KE_bull,0.005,RE_fil,0.003,GR_ulva,0.002,RE_CCA
2024_10_08_11-43-30.jpg,2130,3480,GR_ulva,green_algae_ulva,TRUE,224,0.985,GR_ulva,0.015,KE_bull,0,SU_bould,0,KE_stipe,0,MS
2024_10_08_11-43-30.jpg,1898,1795,RE_branch,red_algae_branching,TRUE,224,1,RE_branch,0,BR_sarg,0,RE_leaf,0,MS,0,RE_bush
2024_10_08_11-43-30.jpg,1972,3255,GR_ulva,green_algae_ulva,TRUE,224,1,GR_ulva,0,KE_stipe,0,KE_bull,0,KE_sieve,0,BR_sarg
2024_10_08_11-43-30.jpg,261,3348,GR_ulva,green_algae_ulva,TRUE,224,1,GR_ulva,0,MS,0,RE_leaf,0,KE_sugar,0,KE_holdfas
2024_10_08_11-43-30.jpg,573,3608,GR_ulva,green_algae_ulva,TRUE,224,1,GR_ulva,0,MS,0,BR_fucus,0,BR_sarg,0,RE_fil
2024_10_08_11-43-30.jpg,280,839,RE_branch,red_algae_branching,TRUE,224,1,RE_branch,0,BR_sarg,0,MS,0,RE_bush,0,RE_leaf
2024_10_08_11-43-30.jpg,3082,2562,GR_ulva,green_algae_ulva,TRUE,224,1,GR_ulva,0,KE_sieve,0,BR_sarg,0,unknown,0,KE_5rib
2024_10_08_11-43-30.jpg,1954,3468,GR_ulva,green_algae_ulva,TRUE,224,1,GR_ulva,0,KE_bull,0,BR_fucus,0,SU_bould,0,BR_sarg
2024_10_08_11-43-30.jpg,1712,2267,RE_branch,red_algae_branching,TRUE,224,1,RE_branch,0,RE_fil,0,BR_sarg,0,MS,0,RE_leaf
2024_10_08_11-43-30.jpg,497,213,Review,Review,TRUE,224,0.825,GR_ulva,0.153,KE_bull,0.011,MS,0.01,KE_stipe,0,BR_sarg
2024_10_08_11-43-39.jpg,607,3599,GR_ulva,green_algae_ulva,TRUE,224,1,GR_ulva,0,KE_sieve,0,unknown,0,KE_stipe,0,KE_5rib
2024_10_08_11-43-39.jpg,888,4413,Review,Review,TRUE,224,0.842,unknown,0.157,GR_ulva,0,KE_sieve,0,MS,0,SU_silt
2024_10_08_11-43-39.jpg,2434,1993,GR_ulva,green_algae_ulva,TRUE,224,0.96,GR_ulva,0.03,KE_bull,0.008,BR_sarg,0.002,KE_sieve,0,KE_stipe
2024_10_08_11-43-39.jpg,3543,1440,RE_branch,red_algae_branching,TRUE,224,1,RE_branch,0,BR_sarg,0,RE_leaf,0,SU_bould,0,RE_bush
2024_10_08_11-43-39.jpg,884,1844,RE_leaf,red_algae_flat_leaf,TRUE,224,1,RE_leaf,0,MS,0,KE_sugar,0,SI_kelpBry,0,RE_CCA
2024_10_08_11-43-39.jpg,3408,4145,Review,Review,TRUE,224,0.485,RE_bush,0.376,KE_sieve,0.131,KE_stipe,0.005,SU_peb,0.001,SU_silt
2024_10_08_11-43-39.jpg,3056,678,RE_leaf,red_algae_flat_leaf,TRUE,224,0.959,RE_leaf,0.021,RE_branch,0.012,RE_fil,0.004,MS,0.002,SU_cob
2024_10_08_11-43-39.jpg,2117,129,GR_ulva,green_algae_ulva,TRUE,224,0.989,GR_ulva,0.009,KE_sieve,0.001,unknown,0,BR_sarg,0,BR_fucus
2024_10_08_11-43-39.jpg,924,1052,RE_branch,red_algae_branching,TRUE,224,1,RE_branch,0,BR_sarg,0,RE_leaf,0,KE_5rib,0,SI_kelpBry
2024_10_08_11-43-39.jpg,309,1728,RE_fil,red_algae_filamentous,TRUE,224,0.919,RE_fil,0.057,MS,0.009,RE_leaf,0.008,SU_bould,0.003,SU_cob
2024_10_08_11-43-39.jpg,233,2928,Review,Review,TRUE,224,0.387,RE_branch,0.308,RE_bush,0.299,KE_holdfas,0.003,BR_sarg,0.002,SU_peb
2024_10_08_11-43-39.jpg,669,1636,RE_leaf,red_algae_flat_leaf,TRUE,224,1,RE_leaf,0,MS,0,RE_branch,0,KE_stipe,0,RE_fil
2024_10_08_11-43-39.jpg,1634,1872,Review,Review,TRUE,224,0.607,RE_bush,0.376,RE_leaf,0.017,RE_fil,0,MS,0,KE_sugar
2024_10_08_11-43-39.jpg,3380,3413,GR_ulva,green_algae_ulva,TRUE,224,0.982,GR_ulva,0.01,KE_5rib,0.003,unknown,0.002,KE_sugar,0.001,MS
2024_10_08_11-43-39.jpg,197,3322,RE_bush,red_algae_bushy,TRUE,224,0.978,RE_bush,0.02,KE_stipe,0.001,KE_sugar,0,BR_sarg,0,RE_fil
2024_10_08_11-43-39.jpg,2282,747,GR_ulva,green_algae_ulva,TRUE,224,0.996,GR_ulva,0.002,KE_bull,0.001,KE_sugar,0,BR_sarg,0,RE_leaf
2024_10_08_11-43-39.jpg,194,3737,RE_leaf,red_algae_flat_leaf,TRUE,224,0.995,RE_leaf,0.004,RE_fil,0.001,RE_bush,0,RE_branch,0,KE_5rib
2024_10_08_11-43-39.jpg,3583,2658,GR_ulva,green_algae_ulva,TRUE,224,0.997,GR_ulva,0.003,KE_sieve,0,unknown,0,KE_sugar,0,RE_leaf
2024_10_08_11-43-39.jpg,2113,3832,GR_ulva,green_algae_ulva,TRUE,224,0.976,GR_ulva,0.023,unknown,0.001,KE_5rib,0,KE_sugar,0,MS
2024_10_08_11-43-39.jpg,1166,812,Review,Review,TRUE,224,0.734,RE_bush,0.166,SU_bould,0.057,KE_holdfas,0.035,RE_branch,0.004,BR_sarg
2024_10_08_11-43-39.jpg,780,2423,RE_leaf,red_algae_flat_leaf,TRUE,224,1,RE_leaf,0,MS,0,SI,0,KE_stipe,0,RE_branch
2024_10_08_11-43-39.jpg,801,2097,Review,Review,TRUE,224,0.833,RE_leaf,0.114,RE_branch,0.051,RE_fil,0.001,MS,0,KE_sugar
2024_10_08_11-43-39.jpg,1603,975,GR_ulva,green_algae_ulva,TRUE,224,1,GR_ulva,0,SU_peb,0,KE_stipe,0,KE_bull,0,SU_bould
2024_10_08_11-43-39.jpg,2489,592,Review,Review,TRUE,224,0.795,RE_leaf,0.186,GR_ulva,0.012,KE_stipe,0.004,MS,0.001,KE_bull
2024_10_08_11-43-39.jpg,1174,3212,GR_ulva,green_algae_ulva,TRUE,224,0.96,GR_ulva,0.018,KE_sugar,0.014,unknown,0.004,KE_5rib,0.002,RE_fil
2024_10_08_11-43-39.jpg,329,3185,GR_ulva,green_algae_ulva,TRUE,224,1,GR_ulva,0,KE_bull,0,KE_stipe,0,BR_fucus,0,MS
2024_10_08_11-43-39.jpg,1554,358,GR_ulva,green_algae_ulva,TRUE,224,0.961,GR_ulva,0.015,BR_fucus,0.014,KE_sugar,0.004,MS,0.001,SU_silt
2024_10_08_11-43-39.jpg,2255,3690,GR_ulva,green_algae_ulva,TRUE,224,0.955,GR_ulva,0.041,unknown,0.002,KE_5rib,0.001,MS,0,KE_sugar
2024_10_08_11-43-39.jpg,398,3984,Review,Review,TRUE,224,0.379,RE_leaf,0.316,GR_ulva,0.157,KE_stipe,0.071,unknown,0.055,MS
2024_10_08_11-43-39.jpg,725,2292,RE_leaf,red_algae_flat_leaf,TRUE,224,1,RE_leaf,0,MS,0,KE_bull,0,KE_sugar,0,KE_sieve
2024_10_08_11-43-39.jpg,2455,169,GR_ulva,green_algae_ulva,TRUE,224,0.995,GR_ulva,0.002,BR_fucus,0.001,unknown,0.001,KE_sieve,0,KE_stipe
2024_10_08_11-43-39.jpg,1090,4288,GR_ulva,green_algae_ulva,TRUE,224,0.927,GR_ulva,0.067,unknown,0.003,KE_5rib,0.001,MS,0.001,KE_sugar
2024_10_08_11-43-39.jpg,1352,2851,GR_ulva,green_algae_ulva,TRUE,224,0.997,GR_ulva,0.003,KE_sieve,0,KE_sugar,0,KE_stipe,0,SU_bould
2024_10_08_11-43-39.jpg,2934,4199,unknown,unknown_area,TRUE,224,0.949,unknown,0.047,GR_ulva,0.002,SU_bould,0.001,KE_sugar,0,KE_5rib
2024_10_08_11-43-39.jpg,1845,1865,RE_fil,red_algae_filamentous,TRUE,224,0.994,RE_fil,0.003,RE_branch,0.002,BR_sarg,0.001,KE_stipe,0,RE_bush
2024_10_08_11-43-39.jpg,984,1447,RE_branch,red_algae_branching,TRUE,224,0.999,RE_branch,0.001,BR_sarg,0,RE_bush,0,RE_fil,0,KE_holdfas
2024_10_08_11-43-39.jpg,375,3461,Review,Review,TRUE,224,0.436,RE_fil,0.168,BR_sarg,0.111,KE_stipe,0.057,GR_ulva,0.055,RE_CCA
2024_10_08_11-43-39.jpg,1193,2229,RE_leaf,red_algae_flat_leaf,TRUE,224,1,RE_leaf,0,KE_sugar,0,MS,0,RE_fil,0,unknown
2024_10_08_11-43-39.jpg,3258,1024,RE_branch,red_algae_branching,TRUE,224,1,RE_branch,0,RE_leaf,0,MS,0,BR_sarg,0,RE_CCA
2024_10_08_11-43-39.jpg,1703,2254,Review,Review,TRUE,224,0.579,KE_bull,0.42,GR_ulva,0.001,KE_stipe,0,MS,0,SI
2024_10_08_11-43-39.jpg,3755,3221,GR_ulva,green_algae_ulva,TRUE,224,0.998,GR_ulva,0.001,unknown,0,KE_sugar,0,MS,0,KE_5rib
2024_10_08_11-43-39.jpg,354,899,Review,Review,TRUE,224,0.538,RE_branch,0.458,RE_bush,0.003,KE_holdfas,0,BR_sarg,0,RE_fil
2024_10_08_11-43-39.jpg,1038,1712,RE_leaf,red_algae_flat_leaf,TRUE,224,0.983,RE_leaf,0.016,RE_fil,0,KE_stipe,0,RE_CCA,0,BR_sarg
2024_10_08_11-43-39.jpg,1539,603,Review,Review,TRUE,224,0.691,RE_bush,0.141,GR_ulva,0.05,RE_branch,0.041,SU_cob,0.036,BR_sarg
2024_10_08_11-43-39.jpg,3854,2804,GR_ulva,green_algae_ulva,TRUE,224,0.999,GR_ulva,0.001,BR_fucus,0,KE_sieve,0,MS,0,BR_sarg
2024_10_08_11-43-39.jpg,1597,3112,GR_ulva,green_algae_ulva,TRUE,224,1,GR_ulva,0,KE_sieve,0,RE_fil,0,SU_bould,0,unknown
2024_10_08_11-43-39.jpg,2043,2708,GR_ulva,green_algae_ulva,TRUE,224,1,GR_ulva,0,KE_bull,0,SU_bould,0,BR_sarg,0,KE_stipe
2024_10_08_11-43-39.jpg,3406,748,RE_branch,red_algae_branching,TRUE,224,0.999,RE_branch,0,BR_sarg,0,RE_leaf,0,RE_fil,0,MS
2024_10_08_11-43-39.jpg,1076,2389,RE_leaf,red_algae_flat_leaf,TRUE,224,0.996,RE_leaf,0.003,GR_ulva,0,MS,0,KE_stipe,0,KE_bull
2024_10_08_11-43-39.jpg,299,2762,Review,Review,TRUE,224,0.824,KE_holdfas,0.132,RE_bush,0.037,RE_branch,0.006,BR_sarg,0,KE_stipe
2024_10_08_11-43-48.jpg,871,2713,Review,Review,TRUE,224,0.68,GR_ulva,0.274,SU_bould,0.025,RE_fil,0.014,RE_branch,0.004,KE_sieve
2024_10_08_11-43-48.jpg,866,482,SU_peb,pebble,TRUE,224,1,SU_peb,0,SU_bould,0,KE_stipe,0,SU_cob,0,SU_silt
2024_10_08_11-43-48.jpg,694,2802,Review,Review,TRUE,224,0.721,RE_fil,0.2,RE_bush,0.076,RE_leaf,0.001,MS,0.001,KE_holdfas
2024_10_08_11-43-48.jpg,973,4066,SU_peb,pebble,TRUE,224,0.987,SU_peb,0.007,SU_bould,0.004,SU_cob,0.002,SU_sand,0,MS
2024_10_08_11-43-48.jpg,284,2779,Review,Review,TRUE,224,0.793,GR_ulva,0.165,SU_bould,0.02,KE_stipe,0.011,BR_fucus,0.004,RE_bush
2024_10_08_11-43-48.jpg,2616,3976,GR_ulva,green_algae_ulva,TRUE,224,0.995,GR_ulva,0.005,KE_sieve,0,KE_stipe,0,SU_bould,0,BR_sarg
2024_10_08_11-43-48.jpg,1546,1952,GR_ulva,green_algae_ulva,TRUE,224,1,GR_ulva,0,KE_bull,0,RE_leaf,0,MS,0,KE_5rib
2024_10_08_11-43-48.jpg,794,2042,GR_ulva,green_algae_ulva,TRUE,224,1,GR_ulva,0,BR_sarg,0,KE_sieve,0,KE_stipe,0,KE_bull
2024_10_08_11-43-48.jpg,1102,2539,GR_ulva,green_algae_ulva,TRUE,224,1,GR_ulva,0,KE_sieve,0,KE_bull,0,SU_bould,0,KE_stipe
2024_10_08_11-43-48.jpg,3855,2702,GR_ulva,green_algae_ulva,TRUE,224,0.999,GR_ulva,0.001,unknown,0,KE_sieve,0,SU_bould,0,MS
2024_10_08_11-43-48.jpg,512,4113,GR_ulva,green_algae_ulva,TRUE,224,0.985,GR_ulva,0.015,unknown,0,KE_sugar,0,KE_stipe,0,MS
2024_10_08_11-43-48.jpg,3600,1392,Review,Review,TRUE,224,0.767,BR_fucus,0.147,SU_bould,0.04,SU_peb,0.018,KE_stipe,0.007,GR_ulva
2024_10_08_11-43-48.jpg,1761,4084,GR_ulva,green_algae_ulva,TRUE,224,0.998,GR_ulva,0.002,unknown,0,KE_sieve,0,KE_5rib,0,KE_stipe
2024_10_08_11-43-48.jpg,3114,685,SU_peb,pebble,TRUE,224,0.994,SU_peb,0.005,SU_cob,0,MS,0,SI_kelpBry,0,SU_shell
2024_10_08_11-43-48.jpg,1171,4060,GR_ulva,green_algae_ulva,TRUE,224,0.989,GR_ulva,0.006,KE_stipe,0.004,SU_bould,0,RE_fil,0,KE_sugar
2024_10_08_11-43-48.jpg,3486,3656,GR_ulva,green_algae_ulva,TRUE,224,1,GR_ulva,0,KE_stipe,0,SU_bould,0,SU_peb,0,KE_bull
2024_10_08_11-43-48.jpg,163,1146,RE_fil,red_algae_filamentous,TRUE,224,0.986,RE_fil,0.011,RE_leaf,0.002,MS,0.001,RE_bush,0,RE_branch
2024_10_08_11-43-48.jpg,1913,3970,GR_ulva,green_algae_ulva,TRUE,224,0.983,GR_ulva,0.01,MS,0.007,KE_5rib,0,KE_bull,0,KE_sugar
2024_10_08_11-43-48.jpg,2132,998,Review,Review,TRUE,224,0.495,BR_sarg,0.234,SU_peb,0.13,KE_stipe,0.118,SU_bould,0.013,MS
2024_10_08_11-43-48.jpg,3301,570,SU_peb,pebble,TRUE,224,1,SU_peb,0,KE_stipe,0,SU_cob,0,SU_shell,0,SU_bould
2024_10_08_11-43-48.jpg,2584,879,Review,Review,TRUE,224,0.539,SU_bould,0.401,SU_cob,0.029,SU_shell,0.015,SU_sand,0.011,BR_sarg
2024_10_08_11-43-48.jpg,492,1845,GR_ulva,green_algae_ulva,TRUE,224,1,GR_ulva,0,KE_bull,0,KE_stipe,0,BR_sarg,0,SI
2024_10_08_11-43-48.jpg,3820,3838,Review,Review,TRUE,224,0.398,RE_leaf,0.199,MS,0.158,KE_5rib,0.113,RE_fil,0.054,KE_sieve
2024_10_08_11-43-48.jpg,1264,119,Review,Review,TRUE,224,0.414,SU_shell,0.358,SU_sand,0.152,SU_silt,0.061,SU_peb,0.009,MS
2024_10_08_11-43-48.jpg,2826,1726,RE_bush,red_algae_bushy,TRUE,224,0.998,RE_bush,0.001,RE_fil,0,RE_branch,0,MS,0,SU_bould
2024_10_08_11-43-48.jpg,373,4198,Review,Review,TRUE,224,0.617,unknown,0.164,RE_fil,0.127,GR_ulva,0.065,KE_sugar,0.016,SU_bould
2024_10_08_11-43-48.jpg,3211,262,SU_peb,pebble,TRUE,224,1,SU_peb,0,SU_shell,0,SU_sand,0,MS,0,GR_ulva
2024_10_08_11-43-48.jpg,2150,114,Review,Review,TRUE,224,0.791,SU_shell,0.103,SU_bould,0.101,SU_peb,0.003,MS,0,BR_sarg
2024_10_08_11-43-48.jpg,507,1259,MS,mobile_species,TRUE,224,0.94,MS,0.058,GR_ulva,0.001,KE_stipe,0,KE_bull,0,RE_fil
2024_10_08_11-43-48.jpg,277,4014,Review,Review,TRUE,224,0.869,SU_cob,0.128,SU_bould,0.002,KE_sugar,0.001,SU_silt,0,MS
2024_10_08_11-43-48.jpg,1114,3503,Review,Review,TRUE,224,0.57,SU_peb,0.388,SU_cob,0.036,GR_ulva,0.003,SU_bould,0.002,KE_stipe
2024_10_08_11-43-48.jpg,1714,1253,Review,Review,TRUE,224,0.396,SU_bould,0.253,SU_sand,0.233,SU_cob,0.057,SU_peb,0.024,KE_holdfas
2024_10_08_11-43-48.jpg,808,2462,GR_ulva,green_algae_ulva,TRUE,224,0.998,GR_ulva,0.001,KE_bull,0,KE_sieve,0,KE_sugar,0,SU_bould
2024_10_08_11-43-48.jpg,730,3143,RE_fil,red_algae_filamentous,TRUE,224,0.989,RE_fil,0.011,RE_branch,0,BR_sarg,0,RE_CCA,0,RE_bush
2024_10_08_11-43-48.jpg,2895,2525,Review,Review,TRUE,224,0.508,RE_leaf,0.49,GR_ulva,0.001,KE_bull,0,KE_stipe,0,MS
2024_10_08_11-43-48.jpg,712,2967,Review,Review,TRUE,224,0.558,RE_fil,0.426,RE_bush,0.009,RE_leaf,0.003,RE_branch,0.002,MS
2024_10_08_11-43-48.jpg,308,3625,GR_ulva,green_algae_ulva,TRUE,224,1,GR_ulva,0,SU_peb,0,KE_5rib,0,SU_bould,0,SU_cob
2024_10_08_11-43-48.jpg,303,3887,Review,Review,TRUE,224,0.713,SU_bould,0.179,SU_cob,0.063,KE_sugar,0.033,SU_silt,0.003,MS
2024_10_08_11-43-48.jpg,2276,785,GR_ulva,green_algae_ulva,TRUE,224,0.938,GR_ulva,0.062,SU_cob,0,SU_peb,0,SU_bould,0,KE_stipe
2024_10_08_11-43-48.jpg,2436,236,Review,Review,TRUE,224,0.822,BR_sarg,0.103,RE_CCA,0.039,SU_cob,0.021,SU_bould,0.009,RE_branch
2024_10_08_11-43-48.jpg,1043,3282,GR_ulva,green_algae_ulva,TRUE,224,1,GR_ulva,0,SU_peb,0,SU_bould,0,KE_stipe,0,KE_sugar
2024_10_08_11-43-48.jpg,477,1470,GR_ulva,green_algae_ulva,TRUE,224,0.998,GR_ulva,0.002,KE_5rib,0,unknown,0,KE_sugar,0,KE_sieve
2024_10_08_11-43-48.jpg,2836,182,GR_ulva,green_algae_ulva,TRUE,224,0.929,GR_ulva,0.071,SU_peb,0,KE_stipe,0,SU_cob,0,SU_bould
2024_10_08_11-43-48.jpg,1763,3027,GR_ulva,green_algae_ulva,TRUE,224,1,GR_ulva,0,KE_bull,0,RE_leaf,0,KE_5rib,0,BR_sarg
2024_10_08_11-43-48.jpg,1643,3503,SU_peb,pebble,TRUE,224,0.979,SU_peb,0.008,SU_bould,0.004,SU_cob,0.003,GR_ulva,0.003,KE_stipe
2024_10_08_11-43-48.jpg,1033,129,Review,Review,TRUE,224,0.44,SU_cob,0.304,SU_peb,0.156,SU_silt,0.056,KE_holdfas,0.02,SU_sand
2024_10_08_11-43-48.jpg,3453,3895,GR_ulva,green_algae_ulva,TRUE,224,1,GR_ulva,0,unknown,0,MS,0,KE_stipe,0,KE_sieve
2024_10_08_11-43-48.jpg,3519,482,SU_peb,pebble,TRUE,224,0.989,SU_peb,0.011,SU_shell,0,SU_cob,0,SU_bould,0,GR_ulva
2024_10_08_11-43-48.jpg,3165,1607,Review,Review,TRUE,224,0.848,RE_fil,0.128,SU_cob,0.01,SU_bould,0.007,KE_stipe,0.003,SU_peb
2024_10_08_11-43-48.jpg,3412,1486,Review,Review,TRUE,224,0.559,KE_sugar,0.252,KE_5rib,0.072,KE_stipe,0.066,RE_fil,0.028,KE_sieve
2024_10_08_11-43-57.jpg,1709,3999,GR_ulva,green_algae_ulva,TRUE,224,1,GR_ulva,0,KE_sugar,0,KE_5rib,0,RE_leaf,0,KE_stipe
2024_10_08_11-43-57.jpg,943,1757,RE_bush,red_algae_bushy,TRUE,224,0.999,RE_bush,0,SU_cob,0,RE_fil,0,MS,0,SU_bould
2024_10_08_11-43-57.jpg,127,1449,RE_leaf,red_algae_flat_leaf,TRUE,224,0.999,RE_leaf,0.001,MS,0,RE_fil,0,KE_holdfas,0,SU_peb
2024_10_08_11-43-57.jpg,2081,251,RE_fil,red_algae_filamentous,TRUE,224,0.942,RE_fil,0.058,RE_branch,0,RE_leaf,0,RE_bush,0,RE_CCA
2024_10_08_11-43-57.jpg,1278,3475,Review,Review,TRUE,224,0.833,SU_silt,0.147,SU_cob,0.013,SU_peb,0.002,KE_sugar,0.002,SU_shell
2024_10_08_11-43-57.jpg,2976,1518,RE_leaf,red_algae_flat_leaf,TRUE,224,0.995,RE_leaf,0.002,KE_5rib,0.001,RE_bush,0.001,KE_sieve,0,MS
2024_10_08_11-43-57.jpg,1673,3812,Review,Review,TRUE,224,0.799,SU_peb,0.104,KE_stipe,0.066,GR_ulva,0.028,MS,0.001,SU_shell
2024_10_08_11-43-57.jpg,3409,912,RE_leaf,red_algae_flat_leaf,TRUE,224,1,RE_leaf,0,GR_ulva,0,KE_5rib,0,RE_branch,0,MS
2024_10_08_11-43-57.jpg,1135,3178,Review,Review,TRUE,224,0.853,SU_silt,0.144,SU_peb,0.002,SU_shell,0,SU_cob,0,SU_sand
2024_10_08_11-43-57.jpg,1147,4177,GR_ulva,green_algae_ulva,TRUE,224,0.998,GR_ulva,0.001,KE_stipe,0,SU_peb,0,KE_bull,0,KE_sugar
2024_10_08_11-43-57.jpg,569,2232,Review,Review,TRUE,224,0.888,GR_ulva,0.073,KE_stipe,0.039,KE_bull,0,BR_fucus,0,MS
2024_10_08_11-43-57.jpg,277,2512,GR_ulva,green_algae_ulva,TRUE,224,1,GR_ulva,0,SU_bould,0,KE_bull,0,RE_leaf,0,KE_sieve
2024_10_08_11-43-57.jpg,215,2631,GR_ulva,green_algae_ulva,TRUE,224,0.998,GR_ulva,0.001,RE_leaf,0.001,KE_sieve,0,KE_bull,0,MS
2024_10_08_11-43-57.jpg,394,3672,SU_peb,pebble,TRUE,224,0.933,SU_peb,0.03,RE_bush,0.015,GR_ulva,0.007,SU_bould,0.005,SU_sand
2024_10_08_11-43-57.jpg,2401,1447,RE_branch,red_algae_branching,TRUE,224,0.976,RE_branch,0.017,RE_leaf,0.004,SU_peb,0.002,BR_sarg,0.001,RE_bush
2024_10_08_11-43-57.jpg,3839,1066,RE_leaf,red_algae_flat_leaf,TRUE,224,1,RE_leaf,0,MS,0,RE_branch,0,RE_fil,0,BR_sarg
2024_10_08_11-43-57.jpg,2938,3152,RE_bush,red_algae_bushy,TRUE,224,0.998,RE_bush,0.001,RE_branch,0,BR_sarg,0,MS,0,KE_holdfas
2024_10_08_11-43-57.jpg,1236,1309,RE_bush,red_algae_bushy,TRUE,224,1,RE_bush,0,RE_branch,0,KE_holdfas,0,SU_peb,0,MS
2024_10_08_11-43-57.jpg,2247,1990,RE_fil,red_algae_filamentous,TRUE,224,1,RE_fil,0,RE_branch,0,RE_leaf,0,RE_bush,0,BR_sarg
2024_10_08_11-43-57.jpg,2433,2499,RE_fil,red_algae_filamentous,TRUE,224,0.936,RE_fil,0.026,RE_branch,0.02,BR_sarg,0.014,RE_bush,0.002,KE_stipe
2024_10_08_11-43-57.jpg,727,534,RE_bush,red_algae_bushy,TRUE,224,1,RE_bush,0,KE_holdfas,0,RE_branch,0,RE_fil,0,KE_stipe
2024_10_08_11-43-57.jpg,3195,3592,RE_bush,red_algae_bushy,TRUE,224,0.97,RE_bush,0.014,SU_sand,0.008,SU_peb,0.006,SU_silt,0.001,KE_holdfas
2024_10_08_11-43-57.jpg,150,4330,Review,Review,TRUE,224,0.731,SU_peb,0.18,SU_cob,0.085,SU_bould,0.001,SU_silt,0.001,MS
2024_10_08_11-43-57.jpg,2215,143,Review,Review,TRUE,224,0.695,RE_branch,0.304,RE_fil,0.001,RE_leaf,0,RE_bush,0,MS
2024_10_08_11-43-57.jpg,3056,2581,Review,Review,TRUE,224,0.861,RE_bush,0.128,RE_branch,0.008,RE_leaf,0.001,MS,0.001,RE_fil
2024_10_08_11-43-57.jpg,3319,1582,RE_leaf,red_algae_flat_leaf,TRUE,224,1,RE_leaf,0,SU_peb,0,GR_ulva,0,SI,0,SU_shell
2024_10_08_11-43-57.jpg,2683,344,RE_leaf,red_algae_flat_leaf,TRUE,224,1,RE_leaf,0,MS,0,SI_kelpBry,0,RE_branch,0,RE_CCA
2024_10_08_11-43-57.jpg,219,3395,Review,Review,TRUE,224,0.807,SU_sand,0.153,RE_bush,0.014,MS,0.008,SU_peb,0.008,SU_cob
2024_10_08_11-43-57.jpg,3788,1791,GR_ulva,green_algae_ulva,TRUE,224,1,GR_ulva,0,KE_5rib,0,RE_leaf,0,KE_sieve,0,unknown
2024_10_08_11-43-57.jpg,2740,3950,SU_peb,pebble,TRUE,224,0.95,SU_peb,0.039,RE_bush,0.005,RE_fil,0.002,RE_leaf,0.001,KE_5rib
2024_10_08_11-43-57.jpg,2952,163,RE_leaf,red_algae_flat_leaf,TRUE,224,1,RE_leaf,0,MS,0,RE_branch,0,KE_sugar,0,RE_CCA
2024_10_08_11-43-57.jpg,289,359,Review,Review,TRUE,224,0.869,RE_bush,0.13,RE_branch,0.001,RE_fil,0,RE_leaf,0,BR_sarg
2024_10_08_11-43-57.jpg,769,689,Review,Review,TRUE,224,0.803,RE_bush,0.197,RE_branch,0,RE_fil,0,BR_sarg,0,RE_leaf
2024_10_08_11-43-57.jpg,3672,2994,RE_leaf,red_algae_flat_leaf,TRUE,224,1,RE_leaf,0,MS,0,GR_ulva,0,RE_fil,0,RE_branch
2024_10_08_11-43-57.jpg,974,902,Review,Review,TRUE,224,0.734,RE_bush,0.263,RE_branch,0.002,MS,0.001,RE_leaf,0,KE_sieve
2024_10_08_11-43-57.jpg,3643,2010,GR_ulva,green_algae_ulva,TRUE,224,1,GR_ulva,0,KE_5rib,0,KE_stipe,0,SU_bould,0,MS
2024_10_08_11-43-57.jpg,744,2973,GR_ulva,green_algae_ulva,TRUE,224,1,GR_ulva,0,KE_stipe,0,SU_peb,0,MS,0,SU_cob
2024_10_08_11-43-57.jpg,2888,4033,Review,Review,TRUE,224,0.67,RE_leaf,0.147,RE_bush,0.086,MS,0.039,KE_sugar,0.03,RE_fil
2024_10_08_11-43-57.jpg,3152,1678,Review,Review,TRUE,224,0.527,RE_leaf,0.473,RE_fil,0,RE_CCA,0,KE_sugar,0,MS
2024_10_08_11-43-57.jpg,1067,308,Review,Review,TRUE,224,0.647,RE_branch,0.349,RE_bush,0.003,RE_fil,0,BR_sarg,0,SU_bould
2024_10_08_11-43-57.jpg,2740,3019,Review,Review,TRUE,224,0.846,RE_bush,0.099,RE_fil,0.054,RE_branch,0,KE_holdfas,0,BR_sarg
2024_10_08_11-43-57.jpg,595,448,Review,Review,TRUE,224,0.568,RE_branch,0.429,RE_bush,0.003,RE_fil,0,BR_sarg,0,RE_leaf
2024_10_08_11-43-57.jpg,2328,871,RE_leaf,red_algae_flat_leaf,TRUE,224,1,RE_leaf,0,MS,0,RE_bush,0,KE_sugar,0,RE_fil
2024_10_08_11-43-57.jpg,328,3968,GR_ulva,green_algae_ulva,TRUE,224,0.999,GR_ulva,0,KE_5rib,0,unknown,0,KE_sugar,0,MS
2024_10_08_11-43-57.jpg,2762,3271,RE_bush,red_algae_bushy,TRUE,224,1,RE_bush,0,RE_branch,0,KE_holdfas,0,KE_stipe,0,RE_leaf
2024_10_08_11-43-57.jpg,859,949,RE_bush,red_algae_bushy,TRUE,224,1,RE_bush,0,RE_branch,0,MS,0,SU_peb,0,SU_bould
2024_10_08_11-43-57.jpg,3719,2632,RE_bush,red_algae_bushy,TRUE,224,0.992,RE_bush,0.005,SU_silt,0.003,RE_leaf,0,SU_bould,0,SU_cob
2024_10_08_11-43-57.jpg,283,835,Review,Review,TRUE,224,0.893,RE_bush,0.06,SU_bould,0.018,RE_branch,0.008,KE_sugar,0.008,KE_stipe
2024_10_08_11-43-57.jpg,3336,2256,RE_leaf,red_algae_flat_leaf,TRUE,224,0.999,RE_leaf,0,RE_bush,0,MS,0,RE_branch,0,KE_stipe
2024_10_08_11-43-57.jpg,867,2723,SU_peb,pebble,TRUE,224,0.975,SU_peb,0.025,GR_ulva,0,KE_bull,0,KE_stipe,0,SU_bould
2024_10_08_11-44-06.jpg,2014,2162,RE_branch,red_algae_branching,TRUE,224,0.995,RE_branch,0.003,RE_bush,0.001,RE_fil,0,BR_sarg,0,KE_stipe
2024_10_08_11-44-06.jpg,2895,2977,Review,Review,TRUE,224,0.596,MS,0.311,SU_peb,0.038,KE_bull,0.036,SU_shell,0.014,SU_cob
2024_10_08_11-44-06.jpg,2964,3432,RE_bush,red_algae_bushy,TRUE,224,0.966,RE_bush,0.033,MS,0.001,RE_branch,0,RE_fil,0,KE_holdfas
2024_10_08_11-44-06.jpg,3106,399,GR_ulva,green_algae_ulva,TRUE,224,0.963,GR_ulva,0.035,KE_sugar,0.001,unknown,0.001,SU_silt,0,KE_sieve
2024_10_08_11-44-06.jpg,3019,2914,GR_ulva,green_algae_ulva,TRUE,224,0.985,GR_ulva,0.015,KE_bull,0,KE_stipe,0,SU_peb,0,RE_CCA
2024_10_08_11-44-06.jpg,665,2931,RE_branch,red_algae_branching,TRUE,224,1,RE_branch,0,RE_fil,0,RE_bush,0,BR_sarg,0,RE_leaf
2024_10_08_11-44-06.jpg,3598,2362,Review,Review,TRUE,224,0.49,SU_peb,0.35,GR_ulva,0.15,KE_stipe,0.007,KE_bull,0.002,SU_cob
2024_10_08_11-44-06.jpg,1875,547,RE_fil,red_algae_filamentous,TRUE,224,0.903,RE_fil,0.08,RE_branch,0.007,RE_leaf,0.003,BR_sarg,0.003,KE_holdfas
2024_10_08_11-44-06.jpg,2414,156,SU_shell,shell_hash,TRUE,224,0.978,SU_shell,0.01,SU_bould,0.005,SI,0.002,KE_stipe,0.002,BR_fucus
2024_10_08_11-44-06.jpg,785,2586,GR_ulva,green_algae_ulva,TRUE,224,1,GR_ulva,0,BR_sarg,0,KE_bull,0,BR_fucus,0,KE_sugar
2024_10_08_11-44-06.jpg,3557,967,SU_silt,silt,TRUE,224,1,SU_silt,0,SU_shell,0,RE_bush,0,SU_sand,0,MS
2024_10_08_11-44-06.jpg,589,4298,GR_ulva,green_algae_ulva,TRUE,224,0.991,GR_ulva,0.007,KE_stipe,0.001,RE_leaf,0.001,MS,0,KE_bull
2024_10_08_11-44-06.jpg,1068,2932,RE_branch,red_algae_branching,TRUE,224,0.999,RE_branch,0,BR_sarg,0,RE_bush,0,MS,0,RE_fil
2024_10_08_11-44-06.jpg,1817,3831,Review,Review,TRUE,224,0.504,KE_bull,0.478,GR_ulva,0.017,SU_bould,0.001,KE_stipe,0,SI
2024_10_08_11-44-06.jpg,786,615,GR_ulva,green_algae_ulva,TRUE,224,0.981,GR_ulva,0.012,MS,0.002,RE_fil,0.002,KE_stipe,0.001,RE_leaf
2024_10_08_11-44-06.jpg,2103,1949,GR_ulva,green_algae_ulva,TRUE,224,0.998,GR_ulva,0.002,BR_sarg,0,KE_stipe,0,RE_leaf,0,KE_bull
2024_10_08_11-44-06.jpg,2103,880,RE_leaf,red_algae_flat_leaf,TRUE,224,0.998,RE_leaf,0.001,MS,0.001,RE_fil,0,RE_branch,0,KE_sugar
2024_10_08_11-44-06.jpg,2240,3585,KE_stipe,kelp_stipe,TRUE,224,0.958,KE_stipe,0.018,RE_fil,0.015,KE_bull,0.006,MS,0.001,RE_leaf
2024_10_08_11-44-06.jpg,3155,4481,Review,Review,TRUE,224,0.705,KE_stipe,0.234,MS,0.06,GR_ulva,0,KE_bull,0,RE_leaf
2024_10_08_11-44-06.jpg,1570,1042,Review,Review,TRUE,224,0.787,RE_leaf,0.184,MS,0.028,RE_branch,0,GR_ulva,0,KE_sugar
2024_10_08_11-44-06.jpg,660,3407,Review,Review,TRUE,224,0.83,RE_branch,0.166,BR_sarg,0.001,MS,0.001,GR_ulva,0,RE_bush
2024_10_08_11-44-06.jpg,1559,2048,GR_ulva,green_algae_ulva,TRUE,224,0.965,GR_ulva,0.016,RE_fil,0.012,BR_sarg,0.002,RE_branch,0.002,MS
2024_10_08_11-44-06.jpg,2427,1793,Review,Review,TRUE,224,0.372,RE_branch,0.272,RE_leaf,0.141,RE_bush,0.083,KE_stipe,0.046,RE_fil
2024_10_08_11-44-06.jpg,1821,2180,Review,Review,TRUE,224,0.589,SU_sand,0.217,KE_stipe,0.121,SU_peb,0.016,SU_cob,0.014,GR_ulva
2024_10_08_11-44-06.jpg,1847,1558,Review,Review,TRUE,224,0.61,RE_branch,0.373,RE_fil,0.006,SU_peb,0.005,SU_bould,0.003,RE_leaf
2024_10_08_11-44-06.jpg,1824,3633,GR_ulva,green_algae_ulva,TRUE,224,1,GR_ulva,0,RE_leaf,0,KE_bull,0,MS,0,KE_stipe
2024_10_08_11-44-06.jpg,2646,3027,Review,Review,TRUE,224,0.341,SU_peb,0.305,KE_stipe,0.204,SU_shell,0.081,GR_ulva,0.035,KE_bull
2024_10_08_11-44-06.jpg,997,1126,GR_ulva,green_algae_ulva,TRUE,224,1,GR_ulva,0,KE_bull,0,KE_stipe,0,KE_sugar,0,unknown
2024_10_08_11-44-06.jpg,1239,2360,Review,Review,TRUE,224,0.796,KE_sugar,0.201,SU_bould,0.001,RE_fil,0,GR_ulva,0,RE_CCA
2024_10_08_11-44-06.jpg,1726,1427,Review,Review,TRUE,224,0.715,SU_bould,0.182,SU_peb,0.057,KE_stipe,0.014,MS,0.008,BR_sarg
2024_10_08_11-44-06.jpg,1780,2589,RE_bush,red_algae_bushy,TRUE,224,0.944,RE_bush,0.027,KE_stipe,0.011,RE_leaf,0.008,RE_fil,0.005,MS
2024_10_08_11-44-06.jpg,1576,3586,Review,Review,TRUE,224,0.613,SU_bould,0.336,GR_ulva,0.033,SI,0.017,KE_bull,0.001,RE_fil
2024_10_08_11-44-06.jpg,575,2013,GR_ulva,green_algae_ulva,TRUE,224,1,GR_ulva,0,KE_5rib,0,BR_fucus,0,BR_sarg,0,KE_sieve
2024_10_08_11-44-06.jpg,2286,1934,GR_ulva,green_algae_ulva,TRUE,224,1,GR_ulva,0,BR_sarg,0,KE_stipe,0,SU_bould,0,MS
2024_10_08_11-44-06.jpg,1910,2902,Review,Review,TRUE,224,0.827,GR_ulva,0.057,RE_leaf,0.039,KE_bull,0.037,KE_sugar,0.022,KE_stipe
2024_10_08_11-44-06.jpg,2451,3653,Review,Review,TRUE,224,0.838,SU_cob,0.063,SU_peb,0.051,RE_bush,0.045,SU_bould,0.002,RE_branch
2024_10_08_11-44-06.jpg,2691,4293,GR_ulva,green_algae_ulva,TRUE,224,0.975,GR_ulva,0.023,unknown,0.001,KE_5rib,0,KE_sugar,0,SU_silt
2024_10_08_11-44-06.jpg,3106,199,Review,Review,TRUE,224,0.715,KE_stipe,0.169,MS,0.054,SI,0.039,SI_kelpBry,0.012,SU_shell
2024_10_08_11-44-06.jpg,2931,792,GR_ulva,green_algae_ulva,TRUE,224,1,GR_ulva,0,MS,0,KE_sugar,0,RE_leaf,0,KE_5rib
2024_10_08_11-44-06.jpg,1189,2115,Review,Review,TRUE,224,0.841,SU_bould,0.158,GR_ulva,0.001,BR_sarg,0,SU_cob,0,RE_bush
2024_10_08_11-44-06.jpg,314,1175,GR_ulva,green_algae_ulva,TRUE,224,1,GR_ulva,0,unknown,0,RE_leaf,0,KE_sugar,0,KE_5rib
2024_10_08_11-44-06.jpg,3818,1614,RE_fil,red_algae_filamentous,TRUE,224,0.998,RE_fil,0.002,RE_leaf,0,KE_sieve,0,RE_branch,0,KE_5rib
2024_10_08_11-44-06.jpg,2550,2175,GR_ulva,green_algae_ulva,TRUE,224,0.998,GR_ulva,0.001,KE_bull,0,MS,0,SU_peb,0,RE_leaf
2024_10_08_11-44-06.jpg,3221,2595,GR_ulva,green_algae_ulva,TRUE,224,1,GR_ulva,0,KE_bull,0,SU_peb,0,KE_stipe,0,KE_sugar
2024_10_08_11-44-06.jpg,1357,2820,RE_branch,red_algae_branching,TRUE,224,0.995,RE_branch,0.004,RE_bush,0,RE_fil,0,RE_leaf,0,MS
2024_10_08_11-44-06.jpg,2952,2480,GR_ulva,green_algae_ulva,TRUE,224,1,GR_ulva,0,KE_stipe,0,KE_bull,0,SU_bould,0,RE_leaf
2024_10_08_11-44-06.jpg,1069,2005,Review,Review,TRUE,224,0.583,GR_ulva,0.404,SU_bould,0.006,SU_cob,0.004,BR_sarg,0.001,KE_sugar
2024_10_08_11-44-06.jpg,1234,3272,RE_branch,red_algae_branching,TRUE,224,1,RE_branch,0,RE_leaf,0,RE_bush,0,RE_fil,0,BR_sarg
2024_10_08_11-44-06.jpg,1889,4332,RE_bush,red_algae_bushy,TRUE,224,0.917,RE_bush,0.066,RE_branch,0.005,BR_sarg,0.005,KE_stipe,0.004,RE_fil
2024_10_08_11-44-06.jpg,613,3840,Review,Review,TRUE,224,0.671,RE_fil,0.114,KE_5rib,0.103,MS,0.068,KE_holdfas,0.04,KE_stipe
2024_10_08_11-44-15.jpg,1239,826,GR_ulva,green_algae_ulva,TRUE,224,1,GR_ulva,0,KE_stipe,0,KE_sieve,0,BR_sarg,0,KE_bull
2024_10_08_11-44-15.jpg,1848,4125,Review,Review,TRUE,224,0.529,RE_leaf,0.226,KE_sugar,0.176,KE_5rib,0.05,MS,0.015,GR_ulva
2024_10_08_11-44-15.jpg,1438,3572,GR_ulva,green_algae_ulva,TRUE,224,1,GR_ulva,0,KE_bull,0,RE_leaf,0,MS,0,KE_sugar
2024_10_08_11-44-15.jpg,1160,1672,Review,Review,TRUE,224,0.853,SU_shell,0.08,SU_bould,0.039,MS,0.01,KE_sugar,0.009,SI
2024_10_08_11-44-15.jpg,2813,860,KE_holdfas,kelp_holdfast,TRUE,224,1,KE_holdfas,0,BR_sarg,0,RE_bush,0,BR_fucus,0,MS
2024_10_08_11-44-15.jpg,1254,1836,MS,mobile_species,TRUE,224,0.996,MS,0.003,KE_stipe,0.001,SU_bould,0,SU_shell,0,RE_leaf
2024_10_08_11-44-15.jpg,1749,2882,GR_ulva,green_algae_ulva,TRUE,224,1,GR_ulva,0,KE_bull,0,RE_leaf,0,KE_5rib,0,KE_sugar
2024_10_08_11-44-15.jpg,1856,1931,RE_fil,red_algae_filamentous,TRUE,224,0.976,RE_fil,0.017,RE_branch,0.001,KE_sugar,0.001,RE_bush,0.001,SU_peb
2024_10_08_11-44-15.jpg,2446,3302,GR_ulva,green_algae_ulva,TRUE,224,1,GR_ulva,0,KE_bull,0,RE_leaf,0,KE_stipe,0,KE_sieve
2024_10_08_11-44-15.jpg,957,575,RE_leaf,red_algae_flat_leaf,TRUE,224,0.924,RE_leaf,0.075,RE_branch,0,GR_ulva,0,KE_bull,0,KE_5rib
2024_10_08_11-44-15.jpg,256,2654,Review,Review,TRUE,224,0.887,GR_ulva,0.076,KE_sieve,0.033,KE_sugar,0.002,SU_bould,0,SU_silt
2024_10_08_11-44-15.jpg,3024,3449,Review,Review,TRUE,224,0.543,RE_fil,0.28,KE_5rib,0.13,RE_leaf,0.016,RE_branch,0.013,KE_stipe
2024_10_08_11-44-15.jpg,1787,987,GR_ulva,green_algae_ulva,TRUE,224,1,GR_ulva,0,BR_sarg,0,KE_stipe,0,SU_peb,0,KE_bull
2024_10_08_11-44-15.jpg,298,2417,GR_ulva,green_algae_ulva,TRUE,224,0.987,GR_ulva,0.005,SU_bould,0.004,unknown,0.003,KE_sugar,0,RE_fil
2024_10_08_11-44-15.jpg,583,1609,Review,Review,TRUE,224,0.766,SU_shell,0.207,MS,0.017,KE_stipe,0.01,BR_fucus,0,SI_kelpBry
2024_10_08_11-44-15.jpg,1124,1111,GR_ulva,green_algae_ulva,TRUE,224,1,GR_ulva,0,KE_sieve,0,KE_5rib,0,KE_sugar,0,KE_stipe
2024_10_08_11-44-15.jpg,3715,3358,RE_fil,red_algae_filamentous,TRUE,224,0.998,RE_fil,0.002,RE_leaf,0,MS,0,RE_CCA,0,GR_ulva
2024_10_08_11-44-15.jpg,2357,1890,GR_ulva,green_algae_ulva,TRUE,224,1,GR_ulva,0,MS,0,KE_sugar,0,KE_sieve,0,KE_bull
2024_10_08_11-44-15.jpg,816,321,RE_branch,red_algae_branching,TRUE,224,1,RE_branch,0,RE_leaf,0,BR_sarg,0,MS,0,RE_bush
2024_10_08_11-44-15.jpg,3020,522,SU_peb,pebble,TRUE,224,0.994,SU_peb,0.004,MS,0.001,SU_sand,0,RE_bush,0,SU_shell
2024_10_08_11-44-15.jpg,518,1880,RE_branch,red_algae_branching,TRUE,224,1,RE_branch,0,BR_sarg,0,MS,0,KE_holdfas,0,RE_fil
2024_10_08_11-44-15.jpg,2680,2654,GR_ulva,green_algae_ulva,TRUE,224,1,GR_ulva,0,unknown,0,RE_leaf,0,KE_bull,0,KE_sugar
2024_10_08_11-44-15.jpg,2536,1958,GR_ulva,green_algae_ulva,TRUE,224,1,GR_ulva,0,MS,0,KE_sugar,0,RE_leaf,0,KE_bull
2024_10_08_11-44-15.jpg,1463,2254,RE_fil,red_algae_filamentous,TRUE,224,1,RE_fil,0,BR_sarg,0,RE_leaf,0,RE_branch,0,KE_bull
2024_10_08_11-44-15.jpg,1623,2399,Review,Review,TRUE,224,0.728,KE_bull,0.145,RE_leaf,0.063,RE_fil,0.051,KE_5rib,0.009,MS
2024_10_08_11-44-15.jpg,1384,1164,GR_ulva,green_algae_ulva,TRUE,224,1,GR_ulva,0,KE_stipe,0,KE_bull,0,BR_sarg,0,BR_fucus
2024_10_08_11-44-15.jpg,427,2376,GR_ulva,green_algae_ulva,TRUE,224,0.993,GR_ulva,0.004,SU_bould,0.003,RE_fil,0,BR_sarg,0,KE_sieve
2024_10_08_11-44-15.jpg,1270,2625,Review,Review,TRUE,224,0.35,RE_fil,0.345,KE_bull,0.201,KE_stipe,0.036,MS,0.023,BR_sarg
2024_10_08_11-44-15.jpg,2231,342,RE_branch,red_algae_branching,TRUE,224,1,RE_branch,0,RE_bush,0,MS,0,SU_bould,0,BR_sarg
2024_10_08_11-44-15.jpg,2351,3050,GR_ulva,green_algae_ulva,TRUE,224,1,GR_ulva,0,KE_bull,0,BR_sarg,0,KE_stipe,0,RE_leaf
2024_10_08_11-44-15.jpg,2646,2503,GR_ulva,green_algae_ulva,TRUE,224,1,GR_ulva,0,KE_bull,0,RE_leaf,0,KE_5rib,0,BR_sarg
2024_10_08_11-44-15.jpg,1224,3019,GR_ulva,green_algae_ulva,TRUE,224,1,GR_ulva,0,KE_bull,0,SU_bould,0,KE_stipe,0,BR_sarg
2024_10_08_11-44-15.jpg,1877,3235,GR_ulva,green_algae_ulva,TRUE,224,1,GR_ulva,0,KE_sieve,0,RE_leaf,0,KE_bull,0,KE_stipe
2024_10_08_11-44-15.jpg,1030,920,GR_ulva,green_algae_ulva,TRUE,224,1,GR_ulva,0,KE_sieve,0,RE_leaf,0,MS,0,BR_sarg
2024_10_08_11-44-15.jpg,1878,2450,GR_ulva,green_algae_ulva,TRUE,224,0.999,GR_ulva,0.001,RE_leaf,0,KE_bull,0,KE_5rib,0,KE_sugar
2024_10_08_11-44-15.jpg,3331,3349,Review,Review,TRUE,224,0.84,MS,0.039,KE_sugar,0.032,KE_stipe,0.029,BR_sarg,0.02,RE_branch
2024_10_08_11-44-15.jpg,3676,1788,Review,Review,TRUE,224,0.404,KE_stipe,0.191,SI_kelpBry,0.152,MS,0.139,SU_shell,0.049,KE_sugar
2024_10_08_11-44-15.jpg,1341,2298,RE_fil,red_algae_filamentous,TRUE,224,1,RE_fil,0,RE_leaf,0,KE_sugar,0,BR_sarg,0,SI
2024_10_08_11-44-15.jpg,2967,2294,GR_ulva,green_algae_ulva,TRUE,224,0.998,GR_ulva,0.002,KE_bull,0,KE_stipe,0,RE_leaf,0,KE_5rib
2024_10_08_11-44-15.jpg,1713,2145,RE_fil,red_algae_filamentous,TRUE,224,0.951,RE_fil,0.04,RE_leaf,0.004,RE_bush,0.002,MS,0.001,SU_bould
2024_10_08_11-44-15.jpg,1907,1401,KE_sugar,kelp_sugar,TRUE,224,0.993,KE_sugar,0.002,SU_cob,0.002,KE_sieve,0.001,MS,0.001,KE_stipe
2024_10_08_11-44-15.jpg,2771,2837,GR_ulva,green_algae_ulva,TRUE,224,1,GR_ulva,0,unknown,0,KE_5rib,0,KE_sugar,0,RE_leaf
2024_10_08_11-44-15.jpg,204,3377,Review,Review,TRUE,224,0.596,GR_ulva,0.202,KE_sugar,0.182,RE_leaf,0.013,MS,0.002,RE_fil
2024_10_08_11-44-15.jpg,889,4457,Review,Review,TRUE,224,0.886,KE_sieve,0.033,GR_ulva,0.02,RE_bush,0.018,BR_fucus,0.012,SU_bould
2024_10_08_11-44-15.jpg,203,1701,SU_shell,shell_hash,TRUE,224,0.987,SU_shell,0.005,KE_stipe,0.003,BR_fucus,0.002,SU_bould,0.002,MS
2024_10_08_11-44-15.jpg,3852,2822,Review,Review,TRUE,224,0.468,SU_bould,0.215,KE_stipe,0.206,SU_cob,0.087,MS,0.014,KE_sieve
2024_10_08_11-44-15.jpg,1186,648,GR_ulva,green_algae_ulva,TRUE,224,0.995,GR_ulva,0.005,KE_5rib,0,KE_sieve,0,RE_leaf,0,BR_sarg
2024_10_08_11-44-15.jpg,2902,1243,Review,Review,TRUE,224,0.768,KE_sugar,0.217,KE_sieve,0.015,KE_5rib,0,RE_leaf,0,GR_ulva
2024_10_08_11-44-15.jpg,2606,809,KE_holdfas,kelp_holdfast,TRUE,224,0.902,KE_holdfas,0.057,MS,0.02,RE_bush,0.014,BR_sarg,0.005,KE_stipe
2024_10_08_11-44-15.jpg,847,3111,RE_branch,red_algae_branching,TRUE,224,0.997,RE_branch,0.003,RE_bush,0,RE_leaf,0,RE_fil,0,BR_sarg
2024_10_08_11-57-58.jpg,550,2950,Review,Review,TRUE,224,0.498,BR_fucus,0.43,KE_sugar,0.027,KE_sieve,0.027,SU_bould,0.01,KE_stipe
2024_10_08_11-57-58.jpg,2439,1391,GR_ulva,green_algae_ulva,TRUE,224,0.993,GR_ulva,0.007,RE_leaf,0,unknown,0,KE_bull,0,BR_fucus
2024_10_08_11-57-58.jpg,869,1338,Review,Review,TRUE,224,0.884,GR_ulva,0.085,KE_bull,0.03,MS,0,KE_stipe,0,BR_fucus
2024_10_08_11-57-58.jpg,2628,391,KE_stipe,kelp_stipe,TRUE,224,1,KE_stipe,0,MS,0,RE_leaf,0,KE_bull,0,RE_bush
2024_10_08_11-57-58.jpg,1732,2464,RE_leaf,red_algae_flat_leaf,TRUE,224,1,RE_leaf,0,RE_fil,0,GR_ulva,0,MS,0,RE_CCA
2024_10_08_11-57-58.jpg,3775,746,GR_ulva,green_algae_ulva,TRUE,224,1,GR_ulva,0,unknown,0,MS,0,SI,0,RE_leaf
2024_10_08_11-57-58.jpg,3803,500,Review,Review,TRUE,224,0.783,GR_ulva,0.216,unknown,0,KE_stipe,0,KE_sugar,0,SU_bould
2024_10_08_11-57-58.jpg,3176,2575,GR_ulva,green_algae_ulva,TRUE,224,1,GR_ulva,0,RE_leaf,0,KE_5rib,0,unknown,0,KE_sugar
2024_10_08_11-57-58.jpg,3125,1119,Review,Review,TRUE,224,0.893,GR_ulva,0.06,KE_bull,0.029,MS,0.013,KE_stipe,0.005,RE_leaf
2024_10_08_11-57-58.jpg,423,409,RE_bush,red_algae_bushy,TRUE,224,0.931,RE_bush,0.048,RE_leaf,0.009,RE_fil,0.008,unknown,0.003,MS
2024_10_08_11-57-58.jpg,1937,2466,RE_fil,red_algae_filamentous,TRUE,224,0.985,RE_fil,0.015,RE_leaf,0,MS,0,RE_CCA,0,SU_peb
2024_10_08_11-57-58.jpg,1226,4150,Review,Review,TRUE,224,0.577,GR_ulva,0.406,SU_bould,0.01,KE_stipe,0.004,KE_sieve,0.001,MS
2024_10_08_11-57-58.jpg,2168,3413,RE_fil,red_algae_filamentous,TRUE,224,1,RE_fil,0,RE_branch,0,RE_leaf,0,BR_sarg,0,RE_CCA
2024_10_08_11-57-58.jpg,246,3922,Review,Review,TRUE,224,0.797,GR_ulva,0.169,KE_bull,0.014,KE_sugar,0.01,MS,0.003,KE_stipe
2024_10_08_11-57-58.jpg,2353,886,GR_ulva,green_algae_ulva,TRUE,224,1,GR_ulva,0,BR_sarg,0,RE_leaf,0,KE_sieve,0,unknown
2024_10_08_11-57-58.jpg,1071,3937,RE_branch,red_algae_branching,TRUE,224,0.993,RE_branch,0.004,BR_sarg,0.001,MS,0.001,KE_stipe,0.001,RE_bush
2024_10_08_11-57-58.jpg,2757,3044,GR_ulva,green_algae_ulva,TRUE,224,1,GR_ulva,0,RE_leaf,0,KE_bull,0,BR_sarg,0,KE_sieve
2024_10_08_11-57-58.jpg,1295,2160,GR_ulva,green_algae_ulva,TRUE,224,1,GR_ulva,0,RE_leaf,0,KE_bull,0,KE_sieve,0,BR_fucus
2024_10_08_11-57-58.jpg,3373,3834,GR_ulva,green_algae_ulva,TRUE,224,1,GR_ulva,0,KE_stipe,0,BR_sarg,0,BR_fucus,0,SU_cob
2024_10_08_11-57-58.jpg,306,1078,GR_ulva,green_algae_ulva,TRUE,224,1,GR_ulva,0,unknown,0,KE_5rib,0,KE_stipe,0,SU_bould
2024_10_08_11-57-58.jpg,477,2041,Review,Review,TRUE,224,0.834,SU_cob,0.158,SU_sand,0.006,SU_shell,0.001,SU_peb,0,RE_CCA
2024_10_08_11-57-58.jpg,2525,1948,GR_ulva,green_algae_ulva,TRUE,224,1,GR_ulva,0,RE_leaf,0,unknown,0,KE_5rib,0,KE_sugar
2024_10_08_11-57-58.jpg,2977,1119,GR_ulva,green_algae_ulva,TRUE,224,1,GR_ulva,0,KE_bull,0,RE_leaf,0,MS,0,KE_5rib
2024_10_08_11-57-58.jpg,2520,3654,MS,mobile_species,TRUE,224,0.904,MS,0.056,BR_sarg,0.02,SU_shell,0.009,SU_peb,0.004,RE_leaf
2024_10_08_11-57-58.jpg,2075,4273,GR_ulva,green_algae_ulva,TRUE,224,0.995,GR_ulva,0.005,MS,0,SU_bould,0,KE_stipe,0,RE_leaf
2024_10_08_11-57-58.jpg,655,4456,Review,Review,TRUE,224,0.793,GR_ulva,0.157,RE_branch,0.023,KE_stipe,0.012,MS,0.006,RE_leaf
2024_10_08_11-57-58.jpg,2559,2886,RE_leaf,red_algae_flat_leaf,TRUE,224,0.997,RE_leaf,0.003,GR_ulva,0,MS,0,KE_5rib,0,KE_stipe
2024_10_08_11-57-58.jpg,553,3532,GR_ulva,green_algae_ulva,TRUE,224,1,GR_ulva,0,BR_fucus,0,KE_stipe,0,KE_sieve,0,BR_sarg
2024_10_08_11-57-58.jpg,2003,953,GR_ulva,green_algae_ulva,TRUE,224,1,GR_ulva,0,RE_leaf,0,unknown,0,KE_5rib,0,KE_stipe
2024_10_08_11-57-58.jpg,1842,2261,RE_leaf,red_algae_flat_leaf,TRUE,224,1,RE_leaf,0,GR_ulva,0,KE_5rib,0,KE_sieve,0,RE_fil
2024_10_08_11-57-58.jpg,3003,3470,KE_stipe,kelp_stipe,TRUE,224,0.972,KE_stipe,0.028,GR_ulva,0,SU_peb,0,BR_sarg,0,KE_bull
2024_10_08_11-57-58.jpg,3288,169,RE_leaf,red_algae_flat_leaf,TRUE,224,0.987,RE_leaf,0.005,MS,0.005,GR_ulva,0.001,unknown,0.001,RE_fil
2024_10_08_11-57-58.jpg,2573,3205,RE_leaf,red_algae_flat_leaf,TRUE,224,0.996,RE_leaf,0.002,MS,0.002,GR_ulva,0,KE_bull,0,SU_peb
2024_10_08_11-57-58.jpg,2821,1968,GR_ulva,green_algae_ulva,TRUE,224,1,GR_ulva,0,RE_leaf,0,unknown,0,SI_kelpBry,0,KE_sieve
2024_10_08_11-57-58.jpg,375,769,Review,Review,TRUE,224,0.453,KE_stipe,0.279,RE_bush,0.223,RE_leaf,0.032,MS,0.009,RE_fil
2024_10_08_11-57-58.jpg,461,2473,RE_fil,red_algae_filamentous,TRUE,224,0.999,RE_fil,0,RE_bush,0,SU_bould,0,RE_leaf,0,KE_stipe
2024_10_08_11-57-58.jpg,3289,3477,GR_ulva,green_algae_ulva,TRUE,224,1,GR_ulva,0,KE_stipe,0,BR_sarg,0,BR_fucus,0,SU_peb
2024_10_08_11-57-58.jpg,2359,3399,RE_leaf,red_algae_flat_leaf,TRUE,224,1,RE_leaf,0,MS,0,SU_peb,0,GR_ulva,0,KE_sieve
2024_10_08_11-57-58.jpg,301,1553,RE_bush,red_algae_bushy,TRUE,224,0.963,RE_bush,0.036,RE_fil,0,BR_sarg,0,GR_ulva,0,SU_bould
2024_10_08_11-57-58.jpg,3768,4435,MS,mobile_species,TRUE,224,0.91,MS,0.033,KE_5rib,0.016,RE_leaf,0.015,KE_stipe,0.014,RE_fil
2024_10_08_11-57-58.jpg,2324,2352,Review,Review,TRUE,224,0.795,KE_bull,0.204,GR_ulva,0.001,BR_sarg,0,RE_leaf,0,KE_stipe
2024_10_08_11-57-58.jpg,3087,4143,GR_ulva,green_algae_ulva,TRUE,224,1,GR_ulva,0,KE_stipe,0,KE_bull,0,BR_sarg,0,SU_peb
2024_10_08_11-57-58.jpg,3569,2349,GR_ulva,green_algae_ulva,TRUE,224,1,GR_ulva,0,RE_leaf,0,KE_bull,0,KE_sieve,0,MS
2024_10_08_11-57-58.jpg,1403,1515,GR_ulva,green_algae_ulva,TRUE,224,1,GR_ulva,0,SU_bould,0,RE_leaf,0,KE_stipe,0,KE_bull
2024_10_08_11-57-58.jpg,2803,2444,GR_ulva,green_algae_ulva,TRUE,224,1,GR_ulva,0,RE_leaf,0,BR_sarg,0,unknown,0,KE_sieve
2024_10_08_11-57-58.jpg,1403,3802,Review,Review,TRUE,224,0.82,MS,0.1,RE_branch,0.062,SU_bould,0.008,RE_fil,0.003,RE_bush
2024_10_08_11-57-58.jpg,2213,798,GR_ulva,green_algae_ulva,TRUE,224,1,GR_ulva,0,unknown,0,RE_leaf,0,BR_sarg,0,KE_sieve
2024_10_08_11-57-58.jpg,3679,433,GR_ulva,green_algae_ulva,TRUE,224,0.936,GR_ulva,0.061,unknown,0.002,SU_silt,0.001,SU_bould,0,KE_stipe
2024_10_08_11-57-58.jpg,3072,2825,GR_ulva,green_algae_ulva,TRUE,224,1,GR_ulva,0,RE_leaf,0,KE_sugar,0,KE_bull,0,MS
2024_10_08_11-57-58.jpg,3586,1859,KE_stipe,kelp_stipe,TRUE,224,0.962,KE_stipe,0.038,GR_ulva,0,MS,0,RE_leaf,0,BR_sarg
2024_10_08_11-58-07.jpg,1622,4068,GR_ulva,green_algae_ulva,TRUE,224,1,GR_ulva,0,KE_stipe,0,unknown,0,SU_bould,0,BR_sarg
2024_10_08_11-58-07.jpg,2394,2639,GR_ulva,green_algae_ulva,TRUE,224,0.998,GR_ulva,0.001,KE_bull,0.001,BR_sarg,0,BR_fucus,0,KE_sieve
2024_10_08_11-58-07.jpg,1188,3164,RE_branch,red_algae_branching,TRUE,224,0.993,RE_branch,0.007,RE_bush,0,KE_holdfas,0,BR_sarg,0,RE_fil
2024_10_08_11-58-07.jpg,1045,953,GR_ulva,green_algae_ulva,TRUE,224,0.992,GR_ulva,0.004,KE_sugar,0.002,unknown,0.001,KE_5rib,0,SU_silt
2024_10_08_11-58-07.jpg,1647,483,GR_ulva,green_algae_ulva,TRUE,224,1,GR_ulva,0,RE_leaf,0,RE_branch,0,KE_sieve,0,KE_bull
2024_10_08_11-58-07.jpg,2965,528,SU_cob,cobble,TRUE,224,0.963,SU_cob,0.018,SU_bould,0.014,KE_holdfas,0.002,SU_peb,0.001,SU_silt
2024_10_08_11-58-07.jpg,1423,4254,GR_ulva,green_algae_ulva,TRUE,224,1,GR_ulva,0,RE_leaf,0,KE_sieve,0,KE_bull,0,KE_5rib
2024_10_08_11-58-07.jpg,743,1957,Review,Review,TRUE,224,0.515,RE_leaf,0.34,KE_stipe,0.145,RE_fil,0,MS,0,RE_bush
2024_10_08_11-58-07.jpg,2585,1010,RE_fil,red_algae_filamentous,TRUE,224,0.982,RE_fil,0.018,RE_branch,0,MS,0,RE_leaf,0,RE_CCA
2024_10_08_11-58-07.jpg,1738,218,GR_ulva,green_algae_ulva,TRUE,224,1,GR_ulva,0,unknown,0,KE_5rib,0,RE_leaf,0,KE_stipe
2024_10_08_11-58-07.jpg,3575,3223,RE_branch,red_algae_branching,TRUE,224,1,RE_branch,0,RE_bush,0,BR_sarg,0,RE_fil,0,RE_leaf
2024_10_08_11-58-07.jpg,2615,1309,GR_ulva,green_algae_ulva,TRUE,224,1,GR_ulva,0,KE_bull,0,KE_stipe,0,RE_leaf,0,KE_sugar
2024_10_08_11-58-07.jpg,3500,666,Review,Review,TRUE,224,0.363,SU_cob,0.339,SU_bould,0.284,SU_peb,0.006,RE_bush,0.005,SU_shell
2024_10_08_11-58-07.jpg,2911,3570,GR_ulva,green_algae_ulva,TRUE,224,1,GR_ulva,0,KE_5rib,0,KE_bull,0,MS,0,KE_stipe
2024_10_08_11-58-07.jpg,1298,2666,RE_leaf,red_algae_flat_leaf,TRUE,224,1,RE_leaf,0,RE_branch,0,MS,0,KE_sugar,0,KE_sieve
2024_10_08_11-58-07.jpg,256,4470,GR_ulva,green_algae_ulva,TRUE,224,1,GR_ulva,0,SU_cob,0,KE_stipe,0,KE_5rib,0,SU_peb
2024_10_08_11-58-07.jpg,218,2015,GR_ulva,green_algae_ulva,TRUE,224,0.994,GR_ulva,0.006,unknown,0,KE_stipe,0,KE_sieve,0,KE_5rib
2024_10_08_11-58-07.jpg,1808,573,GR_ulva,green_algae_ulva,TRUE,224,1,GR_ulva,0,KE_sieve,0,RE_leaf,0,KE_5rib,0,KE_bull
2024_10_08_11-58-07.jpg,471,3797,SU_silt,silt,TRUE,224,0.996,SU_silt,0.004,SU_shell,0,SU_sand,0,MS,0,RE_CCA
2024_10_08_11-58-07.jpg,979,1863,RE_leaf,red_algae_flat_leaf,TRUE,224,1,RE_leaf,0,MS,0,RE_branch,0,KE_sieve,0,KE_5rib
2024_10_08_11-58-07.jpg,3764,1660,GR_ulva,green_algae_ulva,TRUE,224,0.998,GR_ulva,0,SU_silt,0,KE_5rib,0,KE_bull,0,SU_bould
2024_10_08_11-58-07.jpg,261,1408,GR_ulva,green_algae_ulva,TRUE,224,1,GR_ulva,0,unknown,0,KE_5rib,0,RE_leaf,0,KE_sieve
2024_10_08_11-58-07.jpg,1153,2611,RE_leaf,red_algae_flat_leaf,TRUE,224,1,RE_leaf,0,MS,0,KE_sieve,0,RE_branch,0,KE_5rib
2024_10_08_11-58-07.jpg,1325,1619,RE_fil,red_algae_filamentous,TRUE,224,0.917,RE_fil,0.082,RE_leaf,0,RE_bush,0,KE_stipe,0,KE_sugar
2024_10_08_11-58-07.jpg,3764,2907,RE_branch,red_algae_branching,TRUE,224,1,RE_branch,0,MS,0,RE_CCA,0,RE_leaf,0,RE_bush
2024_10_08_11-58-07.jpg,621,4297,GR_ulva,green_algae_ulva,TRUE,224,0.996,GR_ulva,0.004,unknown,0,KE_sieve,0,KE_5rib,0,MS
2024_10_08_11-58-07.jpg,2790,1012,RE_fil,red_algae_filamentous,TRUE,224,0.992,RE_fil,0.007,RE_bush,0.001,RE_branch,0,KE_holdfas,0,BR_sarg
2024_10_08_11-58-07.jpg,2225,4000,GR_ulva,green_algae_ulva,TRUE,224,1,GR_ulva,0,KE_sieve,0,RE_leaf,0,KE_sugar,0,KE_5rib
2024_10_08_11-58-07.jpg,207,2162,Review,Review,TRUE,224,0.8,GR_ulva,0.185,KE_stipe,0.015,KE_bull,0,SU_bould,0,RE_fil
2024_10_08_11-58-07.jpg,1440,3442,RE_leaf,red_algae_flat_leaf,TRUE,224,0.998,RE_leaf,0.002,RE_branch,0,KE_bull,0,RE_fil,0,MS
2024_10_08_11-58-07.jpg,1329,875,GR_ulva,green_algae_ulva,TRUE,224,1,GR_ulva,0,KE_sugar,0,MS,0,unknown,0,KE_bull
2024_10_08_11-58-07.jpg,2790,3290,GR_ulva,green_algae_ulva,TRUE,224,1,GR_ulva,0,RE_leaf,0,unknown,0,KE_bull,0,KE_sugar
2024_10_08_11-58-07.jpg,3072,4444,GR_ulva,green_algae_ulva,TRUE,224,1,GR_ulva,0,RE_leaf,0,MS,0,KE_stipe,0,KE_sieve
2024_10_08_11-58-07.jpg,2023,3831,GR_ulva,green_algae_ulva,TRUE,224,1,GR_ulva,0,RE_fil,0,unknown,0,BR_sarg,0,KE_sieve
2024_10_08_11-58-07.jpg,3909,3065,RE_branch,red_algae_branching,TRUE,224,1,RE_branch,0,RE_bush,0,RE_fil,0,BR_sarg,0,SU_bould
2024_10_08_11-58-07.jpg,490,2606,GR_ulva,green_algae_ulva,TRUE,224,1,GR_ulva,0,BR_sarg,0,KE_bull,0,KE_stipe,0,RE_leaf
2024_10_08_11-58-07.jpg,2609,2751,GR_ulva,green_algae_ulva,TRUE,224,1,GR_ulva,0,KE_sieve,0,KE_bull,0,RE_leaf,0,BR_sarg
2024_10_08_11-58-07.jpg,2161,351,GR_ulva,green_algae_ulva,TRUE,224,1,GR_ulva,0,unknown,0,KE_sieve,0,KE_stipe,0,RE_fil
2024_10_08_11-58-07.jpg,3116,2194,GR_ulva,green_algae_ulva,TRUE,224,0.999,GR_ulva,0.001,KE_bull,0,RE_leaf,0,KE_5rib,0,KE_stipe
2024_10_08_11-58-07.jpg,493,2843,RE_branch,red_algae_branching,TRUE,224,0.998,RE_branch,0.001,KE_bull,0.001,KE_stipe,0,RE_CCA,0,BR_sarg
2024_10_08_11-58-07.jpg,920,2425,RE_leaf,red_algae_flat_leaf,TRUE,224,1,RE_leaf,0,RE_branch,0,MS,0,KE_sieve,0,KE_sugar
2024_10_08_11-58-07.jpg,3592,502,Review,Review,TRUE,224,0.771,SU_cob,0.16,SU_sand,0.036,SU_shell,0.019,SU_peb,0.006,SU_bould
2024_10_08_11-58-07.jpg,1607,747,GR_ulva,green_algae_ulva,TRUE,224,1,GR_ulva,0,unknown,0,KE_sieve,0,RE_leaf,0,KE_sugar
2024_10_08_11-58-07.jpg,1663,3730,GR_ulva,green_algae_ulva,TRUE,224,1,GR_ulva,0,unknown,0,BR_sarg,0,RE_leaf,0,KE_5rib
2024_10_08_11-58-07.jpg,502,4194,GR_ulva,green_algae_ulva,TRUE,224,0.955,GR_ulva,0.038,unknown,0.003,SU_silt,0.001,KE_stipe,0.001,SU_bould
2024_10_08_11-58-07.jpg,1490,331,GR_ulva,green_algae_ulva,TRUE,224,1,GR_ulva,0,RE_leaf,0,unknown,0,KE_sieve,0,KE_stipe
2024_10_08_11-58-07.jpg,908,3419,GR_ulva,green_algae_ulva,TRUE,224,1,GR_ulva,0,KE_stipe,0,KE_bull,0,BR_sarg,0,RE_leaf
2024_10_08_11-58-07.jpg,2453,2818,GR_ulva,green_algae_ulva,TRUE,224,0.998,GR_ulva,0.002,KE_bull,0,RE_leaf,0,KE_5rib,0,MS
2024_10_08_11-58-07.jpg,3374,3841,GR_ulva,green_algae_ulva,TRUE,224,0.992,GR_ulva,0.007,KE_sieve,0,KE_stipe,0,BR_fucus,0,unknown
2024_10_08_11-58-07.jpg,2934,3050,GR_ulva,green_algae_ulva,TRUE,224,1,GR_ulva,0,KE_sieve,0,SU_bould,0,RE_leaf,0,KE_bull
2024_10_08_11-58-16.jpg,1275,1804,Review,Review,TRUE,224,0.36,KE_sugar,0.31,MS,0.27,SU_cob,0.047,SU_silt,0.009,RE_leaf
2024_10_08_11-58-16.jpg,2476,2859,GR_ulva,green_algae_ulva,TRUE,224,1,GR_ulva,0,KE_sieve,0,BR_sarg,0,SU_bould,0,KE_bull
2024_10_08_11-58-16.jpg,1857,4003,GR_ulva,green_algae_ulva,TRUE,224,1,GR_ulva,0,KE_bull,0,SU_bould,0,MS,0,SU_shell
2024_10_08_11-58-16.jpg,693,4143,Review,Review,TRUE,224,0.832,RE_bush,0.092,SU_bould,0.029,KE_sieve,0.021,RE_fil,0.013,KE_sugar
2024_10_08_11-58-16.jpg,2090,499,Review,Review,TRUE,224,0.383,MS,0.239,KE_stipe,0.087,SU_bould,0.075,GR_ulva,0.064,SU_sand
2024_10_08_11-58-16.jpg,1375,2767,GR_ulva,green_algae_ulva,TRUE,224,1,GR_ulva,0,KE_bull,0,RE_leaf,0,BR_sarg,0,KE_stipe
2024_10_08_11-58-16.jpg,354,3942,Review,Review,TRUE,224,0.869,RE_fil,0.031,SU_bould,0.028,KE_5rib,0.026,KE_stipe,0.024,SU_peb
2024_10_08_11-58-16.jpg,2244,4262,GR_ulva,green_algae_ulva,TRUE,224,1,GR_ulva,0,KE_5rib,0,SU_cob,0,KE_stipe,0,unknown
2024_10_08_11-58-16.jpg,1204,4172,GR_ulva,green_algae_ulva,TRUE,224,1,GR_ulva,0,MS,0,BR_sarg,0,KE_stipe,0,unknown
2024_10_08_11-58-16.jpg,2680,4023,GR_ulva,green_algae_ulva,TRUE,224,1,GR_ulva,0,KE_5rib,0,KE_sieve,0,unknown,0,RE_fil
2024_10_08_11-58-16.jpg,1983,3426,GR_ulva,green_algae_ulva,TRUE,224,0.918,GR_ulva,0.079,BR_sarg,0.001,BR_fucus,0,KE_stipe,0,KE_bull
2024_10_08_11-58-16.jpg,3677,1467,GR_ulva,green_algae_ulva,TRUE,224,1,GR_ulva,0,KE_sieve,0,KE_stipe,0,BR_fucus,0,BR_sarg
2024_10_08_11-58-16.jpg,2655,1440,Review,Review,TRUE,224,0.856,RE_fil,0.131,SU_bould,0.007,BR_sarg,0.003,KE_stipe,0.001,RE_CCA
2024_10_08_11-58-16.jpg,2328,1986,BR_sarg,brown_algae_sargassum,TRUE,224,0.981,BR_sarg,0.019,RE_branch,0,KE_bull,0,RE_leaf,0,BR_fucus
2024_10_08_11-58-16.jpg,223,2453,SU_cob,cobble,TRUE,224,0.987,SU_cob,0.009,SU_sand,0.002,SU_peb,0.001,MS,0,SU_shell
2024_10_08_11-58-16.jpg,155,1812,GR_ulva,green_algae_ulva,TRUE,224,0.989,GR_ulva,0.009,RE_leaf,0.001,KE_sugar,0.001,MS,0,SU_peb
2024_10_08_11-58-16.jpg,845,3533,GR_ulva,green_algae_ulva,TRUE,224,0.943,GR_ulva,0.03,KE_5rib,0.009,RE_leaf,0.007,KE_sugar,0.003,RE_fil
2024_10_08_11-58-16.jpg,1431,1774,Review,Review,TRUE,224,0.886,SU_peb,0.072,KE_sugar,0.032,SI_kelpBry,0.003,MS,0.003,KE_stipe
2024_10_08_11-58-16.jpg,789,2430,GR_ulva,green_algae_ulva,TRUE,224,1,GR_ulva,0,RE_leaf,0,KE_stipe,0,MS,0,KE_bull
2024_10_08_11-58-16.jpg,1627,486,Review,Review,TRUE,224,0.782,SU_cob,0.139,KE_sugar,0.039,MS,0.027,GR_ulva,0.007,SU_bould
2024_10_08_11-58-16.jpg,2745,2925,GR_ulva,green_algae_ulva,TRUE,224,1,GR_ulva,0,KE_sieve,0,SU_bould,0,unknown,0,KE_stipe
2024_10_08_11-58-16.jpg,485,3029,Review,Review,TRUE,224,0.768,RE_leaf,0.231,RE_fil,0.001,KE_5rib,0,KE_sugar,0,GR_ulva
2024_10_08_11-58-16.jpg,1072,139,GR_ulva,green_algae_ulva,TRUE,224,1,GR_ulva,0,BR_sarg,0,BR_fucus,0,unknown,0,KE_stipe
2024_10_08_11-58-16.jpg,1330,446,GR_ulva,green_algae_ulva,TRUE,224,0.949,GR_ulva,0.03,KE_stipe,0.011,RE_leaf,0.006,RE_fil,0.002,KE_bull
2024_10_08_11-58-16.jpg,1511,179,GR_ulva,green_algae_ulva,TRUE,224,1,GR_ulva,0,KE_stipe,0,KE_5rib,0,MS,0,BR_sarg
2024_10_08_11-58-16.jpg,217,385,Review,Review,TRUE,224,0.547,RE_fil,0.444,RE_leaf,0.006,RE_branch,0.003,KE_5rib,0,MS
2024_10_08_11-58-16.jpg,1219,209,GR_ulva,green_algae_ulva,TRUE,224,1,GR_ulva,0,KE_stipe,0,unknown,0,MS,0,BR_sarg
2024_10_08_11-58-16.jpg,372,3707,Review,Review,TRUE,224,0.753,MS,0.168,SU_peb,0.044,RE_leaf,0.03,RE_fil,0.003,RE_branch
2024_10_08_11-58-16.jpg,2825,1433,SU_cob,cobble,TRUE,224,0.995,SU_cob,0.004,SU_bould,0,KE_sieve,0,SU_peb,0,GR_ulva
2024_10_08_11-58-16.jpg,3657,4478,GR_ulva,green_algae_ulva,TRUE,224,0.974,GR_ulva,0.014,BR_fucus,0.011,KE_sieve,0.001,SU_peb,0,BR_sarg
2024_10_08_11-58-16.jpg,3712,1015,GR_ulva,green_algae_ulva,TRUE,224,0.998,GR_ulva,0,KE_sieve,0,BR_fucus,0,SU_peb,0,BR_sarg
2024_10_08_11-58-16.jpg,587,3551,GR_ulva,green_algae_ulva,TRUE,224,0.988,GR_ulva,0.01,KE_stipe,0.002,SU_bould,0,SU_cob,0,MS
2024_10_08_11-58-16.jpg,3649,2022,RE_leaf,red_algae_flat_leaf,TRUE,224,1,RE_leaf,0,SU_peb,0,SU_shell,0,RE_fil,0,SU_sand
2024_10_08_11-58-16.jpg,3248,4165,GR_ulva,green_algae_ulva,TRUE,224,1,GR_ulva,0,KE_sieve,0,SU_cob,0,unknown,0,KE_stipe
2024_10_08_11-58-16.jpg,1972,1602,GR_ulva,green_algae_ulva,TRUE,224,1,GR_ulva,0,KE_sieve,0,KE_stipe,0,RE_branch,0,BR_sarg
2024_10_08_11-58-16.jpg,2507,4403,GR_ulva,green_algae_ulva,TRUE,224,1,GR_ulva,0,RE_leaf,0,MS,0,KE_bull,0,unknown
2024_10_08_11-58-16.jpg,724,2878,GR_ulva,green_algae_ulva,TRUE,224,1,GR_ulva,0,KE_stipe,0,SU_peb,0,MS,0,KE_bull
2024_10_08_11-58-16.jpg,340,1502,GR_ulva,green_algae_ulva,TRUE,224,1,GR_ulva,0,SU_peb,0,BR_fucus,0,KE_sieve,0,KE_stipe
2024_10_08_11-58-16.jpg,3009,2499,GR_ulva,green_algae_ulva,TRUE,224,1,GR_ulva,0,SU_bould,0,KE_bull,0,KE_sieve,0,BR_sarg
2024_10_08_11-58-16.jpg,3352,1183,GR_ulva,green_algae_ulva,TRUE,224,1,GR_ulva,0,KE_stipe,0,BR_sarg,0,SU_bould,0,KE_sieve
2024_10_08_11-58-16.jpg,1073,1914,Review,Review,TRUE,224,0.393,RE_fil,0.371,SU_bould,0.094,SU_cob,0.07,SU_peb,0.045,KE_stipe
2024_10_08_11-58-16.jpg,1722,2536,GR_ulva,green_algae_ulva,TRUE,224,0.998,GR_ulva,0.002,RE_leaf,0,KE_5rib,0,KE_bull,0,KE_sieve
2024_10_08_11-58-16.jpg,1138,3293,GR_ulva,green_algae_ulva,TRUE,224,0.997,GR_ulva,0.002,MS,0,KE_bull,0,KE_stipe,0,BR_sarg
2024_10_08_11-58-16.jpg,2557,341,GR_ulva,green_algae_ulva,TRUE,224,1,GR_ulva,0,SU_bould,0,BR_sarg,0,KE_stipe,0,RE_leaf
2024_10_08_11-58-16.jpg,542,1856,SU_silt,silt,TRUE,224,1,SU_silt,0,SU_peb,0,SU_shell,0,GR_ulva,0,SU_sand
2024_10_08_11-58-16.jpg,901,791,Review,Review,TRUE,224,0.652,MS,0.32,RE_branch,0.012,BR_sarg,0.008,RE_leaf,0.006,RE_fil
2024_10_08_11-58-16.jpg,117,1037,SU_bould,boulder,TRUE,224,0.905,SU_bould,0.065,KE_5rib,0.018,KE_sugar,0.005,MS,0.003,RE_leaf
2024_10_08_11-58-16.jpg,3542,1532,GR_ulva,green_algae_ulva,TRUE,224,0.977,GR_ulva,0.009,SU_peb,0.008,SU_bould,0.005,KE_bull,0,KE_stipe
2024_10_08_11-58-16.jpg,2848,1654,SU_bould,boulder,TRUE,224,0.917,SU_bould,0.055,SU_peb,0.011,MS,0.006,KE_stipe,0.004,SU_shell
2024_10_08_11-58-16.jpg,3001,1314,SU_sand,sand_fine_shell,TRUE,224,0.982,SU_sand,0.009,SU_silt,0.004,MS,0.002,SU_peb,0.002,SU_shell
2024_10_08_11-58-25.jpg,1077,572,Review,Review,TRUE,224,0.678,SU_peb,0.303,SU_cob,0.014,SU_bould,0.006,GR_ulva,0,KE_sugar
2024_10_08_11-58-25.jpg,2444,4360,GR_ulva,green_algae_ulva,TRUE,224,1,GR_ulva,0,MS,0,KE_sieve,0,RE_leaf,0,KE_bull
2024_10_08_11-58-25.jpg,3845,3668,GR_ulva,green_algae_ulva,TRUE,224,0.911,GR_ulva,0.051,MS,0.018,KE_stipe,0.014,RE_leaf,0.003,KE_bull
2024_10_08_11-58-25.jpg,1766,595,Review,Review,TRUE,224,0.547,RE_bush,0.428,RE_leaf,0.015,MS,0.008,RE_fil,0.001,RE_CCA
2024_10_08_11-58-25.jpg,3890,1630,BR_sarg,brown_algae_sargassum,TRUE,224,0.998,BR_sarg,0.001,SU_cob,0,SU_sand,0,KE_holdfas,0,RE_CCA
2024_10_08_11-58-25.jpg,2954,347,Review,Review,TRUE,224,0.642,KE_5rib,0.088,KE_stipe,0.078,SU_peb,0.061,GR_ulva,0.03,RE_fil
2024_10_08_11-58-25.jpg,3564,1934,RE_branch,red_algae_branching,TRUE,224,1,RE_branch,0,BR_sarg,0,RE_bush,0,RE_leaf,0,MS
2024_10_08_11-58-25.jpg,3617,1542,Review,Review,TRUE,224,0.712,RE_bush,0.225,BR_sarg,0.038,RE_branch,0.01,MS,0.01,BR_fucus
2024_10_08_11-58-25.jpg,239,1116,GR_ulva,green_algae_ulva,TRUE,224,1,GR_ulva,0,KE_stipe,0,SU_peb,0,BR_sarg,0,MS
2024_10_08_11-58-25.jpg,2430,2030,SU_silt,silt,TRUE,224,1,SU_silt,0,SU_sand,0,KE_sugar,0,SU_peb,0,SU_shell
2024_10_08_11-58-25.jpg,1134,2898,SU_silt,silt,TRUE,224,1,SU_silt,0,SU_shell,0,SU_sand,0,RE_leaf,0,GR_ulva
2024_10_08_11-58-25.jpg,185,628,SU_silt,silt,TRUE,224,0.999,SU_silt,0.001,SU_shell,0,SU_sand,0,SU_peb,0,GR_ulva
2024_10_08_11-58-25.jpg,3574,2316,Review,Review,TRUE,224,0.612,RE_bush,0.092,RE_leaf,0.073,KE_sugar,0.046,RE_branch,0.046,BR_sarg
2024_10_08_11-58-25.jpg,2415,1142,RE_fil,red_algae_filamentous,TRUE,224,0.978,RE_fil,0.011,KE_sugar,0.006,KE_5rib,0.002,KE_stipe,0.001,SU_peb
2024_10_08_11-58-25.jpg,2376,1747,Review,Review,TRUE,224,0.601,SU_sand,0.381,SU_cob,0.017,SU_peb,0,BR_sarg,0,SU_bould
2024_10_08_11-58-25.jpg,602,3238,SU_bould,boulder,TRUE,224,0.962,SU_bould,0.022,GR_ulva,0.007,KE_stipe,0.005,SU_cob,0.002,RE_fil
2024_10_08_11-58-25.jpg,1272,3707,RE_fil,red_algae_filamentous,TRUE,224,1,RE_fil,0,RE_branch,0,BR_sarg,0,RE_bush,0,RE_leaf
2024_10_08_11-58-25.jpg,3135,931,KE_sugar,kelp_sugar,TRUE,224,0.92,KE_sugar,0.061,KE_5rib,0.016,RE_leaf,0.001,MS,0,RE_CCA
2024_10_08_11-58-25.jpg,1319,4311,Review,Review,TRUE,224,0.587,RE_fil,0.29,RE_CCA,0.12,RE_branch,0.001,RE_leaf,0.001,BR_sarg
2024_10_08_11-58-25.jpg,617,2458,SU_peb,pebble,TRUE,224,1,SU_peb,0,SU_shell,0,SU_silt,0,SU_sand,0,KE_bull
2024_10_08_11-58-25.jpg,995,2528,SU_silt,silt,TRUE,224,1,SU_silt,0,SU_sand,0,SU_shell,0,SU_peb,0,GR_ulva
2024_10_08_11-58-25.jpg,3421,3647,RE_branch,red_algae_branching,TRUE,224,1,RE_branch,0,RE_bush,0,BR_sarg,0,MS,0,RE_CCA
2024_10_08_11-58-25.jpg,1562,2426,SU_peb,pebble,TRUE,224,1,SU_peb,0,SU_sand,0,SU_bould,0,SU_shell,0,RE_bush
2024_10_08_11-58-25.jpg,1422,2920,RE_branch,red_algae_branching,TRUE,224,0.949,RE_branch,0.041,RE_fil,0.009,RE_leaf,0,KE_sieve,0,MS
2024_10_08_11-58-25.jpg,1666,3712,GR_ulva,green_algae_ulva,TRUE,224,0.998,GR_ulva,0.001,MS,0,SU_bould,0,SU_cob,0,RE_leaf
2024_10_08_11-58-25.jpg,1038,3174,Review,Review,TRUE,224,0.863,GR_ulva,0.126,KE_bull,0.011,RE_leaf,0,MS,0,KE_stipe
2024_10_08_11-58-25.jpg,1882,1157,Review,Review,TRUE,224,0.476,SU_cob,0.466,SU_peb,0.049,SU_silt,0.003,SU_sand,0.003,SU_bould
2024_10_08_11-58-25.jpg,2330,1602,Review,Review,TRUE,224,0.611,SU_peb,0.225,SU_cob,0.161,SU_sand,0.001,BR_sarg,0.001,SU_bould
2024_10_08_11-58-25.jpg,1216,3401,RE_fil,red_algae_filamentous,TRUE,224,0.982,RE_fil,0.017,RE_bush,0,RE_branch,0,RE_leaf,0,RE_CCA
2024_10_08_11-58-25.jpg,2259,3872,Review,Review,TRUE,224,0.759,GR_ulva,0.184,KE_stipe,0.046,RE_fil,0.005,KE_bull,0.003,MS
2024_10_08_11-58-25.jpg,3617,2065,Review,Review,TRUE,224,0.528,BR_sarg,0.472,RE_branch,0.001,SU_bould,0,RE_bush,0,MS
2024_10_08_11-58-25.jpg,373,1495,GR_ulva,green_algae_ulva,TRUE,224,1,GR_ulva,0,unknown,0,KE_sieve,0,KE_5rib,0,BR_sarg
2024_10_08_11-58-25.jpg,2819,1024,Review,Review,TRUE,224,0.83,RE_leaf,0.161,RE_fil,0.007,KE_5rib,0.001,KE_stipe,0.001,KE_sugar
2024_10_08_11-58-25.jpg,1000,2386,SU_silt,silt,TRUE,224,1,SU_silt,0,SU_peb,0,SU_shell,0,SU_sand,0,KE_sieve
2024_10_08_11-58-25.jpg,606,3386,SU_bould,boulder,TRUE,224,0.975,SU_bould,0.009,RE_bush,0.007,BR_sarg,0.006,RE_fil,0.001,KE_holdfas
2024_10_08_11-58-25.jpg,162,3717,GR_ulva,green_algae_ulva,TRUE,224,1,GR_ulva,0,KE_stipe,0,KE_bull,0,KE_sieve,0,MS
2024_10_08_11-58-25.jpg,2250,2208,GR_ulva,green_algae_ulva,TRUE,224,0.953,GR_ulva,0.039,KE_bull,0.005,SU_peb,0.001,KE_stipe,0.001,SU_bould
2024_10_08_11-58-25.jpg,442,3381,Review,Review,TRUE,224,0.828,SU_cob,0.17,SU_bould,0.001,SU_peb,0,KE_stipe,0,KE_sieve
2024_10_08_11-58-25.jpg,1755,1028,Review,Review,TRUE,224,0.517,SU_peb,0.168,SU_cob,0.145,SU_bould,0.102,SU_silt,0.06,SU_sand
2024_10_08_11-58-25.jpg,2033,1514,SU_silt,silt,TRUE,224,1,SU_silt,0,SU_shell,0,KE_sugar,0,SU_sand,0,RE_CCA
2024_10_08_11-58-25.jpg,1750,3979,GR_ulva,green_algae_ulva,TRUE,224,0.999,GR_ulva,0.001,RE_leaf,0,KE_sugar,0,KE_sieve,0,KE_5rib
2024_10_08_11-58-25.jpg,191,2177,GR_ulva,green_algae_ulva,TRUE,224,1,GR_ulva,0,KE_5rib,0,KE_bull,0,unknown,0,RE_leaf
2024_10_08_11-58-25.jpg,3340,3003,Review,Review,TRUE,224,0.649,RE_bush,0.338,RE_branch,0.009,BR_sarg,0.004,SU_bould,0,RE_fil
2024_10_08_11-58-25.jpg,1887,3734,Review,Review,TRUE,224,0.474,GR_ulva,0.221,KE_sieve,0.121,RE_leaf,0.12,KE_sugar,0.024,KE_5rib
2024_10_08_11-58-25.jpg,1946,2502,GR_ulva,green_algae_ulva,TRUE,224,1,GR_ulva,0,KE_sugar,0,SU_peb,0,KE_bull,0,RE_leaf
2024_10_08_11-58-25.jpg,2803,1415,Review,Review,TRUE,224,0.652,SI,0.348,KE_holdfas,0,KE_sugar,0,RE_fil,0,SU_bould
2024_10_08_11-58-25.jpg,934,517,Review,Review,TRUE,224,0.641,SU_bould,0.221,SU_cob,0.136,SU_peb,0.002,GR_ulva,0,SU_silt
2024_10_08_11-58-25.jpg,2974,1705,RE_branch,red_algae_branching,TRUE,224,1,RE_branch,0,RE_bush,0,BR_sarg,0,RE_leaf,0,MS
2024_10_08_11-58-25.jpg,488,2794,SU_silt,silt,TRUE,224,0.916,SU_silt,0.051,SU_sand,0.023,MS,0.003,SU_shell,0.002,RE_CCA
2024_10_08_11-58-25.jpg,3321,2099,RE_branch,red_algae_branching,TRUE,224,1,RE_branch,0,RE_bush,0,MS,0,BR_sarg,0,KE_holdfas
2024_10_08_11-58-34.jpg,713,2194,GR_ulva,green_algae_ulva,TRUE,224,1,GR_ulva,0,KE_sieve,0,unknown,0,KE_sugar,0,KE_5rib
2024_10_08_11-58-34.jpg,3613,3575,GR_ulva,green_algae_ulva,TRUE,224,1,GR_ulva,0,BR_fucus,0,BR_sarg,0,MS,0,KE_sugar
2024_10_08_11-58-34.jpg,912,3033,GR_ulva,green_algae_ulva,TRUE,224,0.998,GR_ulva,0.001,MS,0.001,SI_kelpBry,0,RE_leaf,0,BR_fucus
2024_10_08_11-58-34.jpg,338,393,GR_ulva,green_algae_ulva,TRUE,224,1,GR_ulva,0,KE_5rib,0,KE_stipe,0,KE_sugar,0,SU_peb
2024_10_08_11-58-34.jpg,1242,3474,GR_ulva,green_algae_ulva,TRUE,224,1,GR_ulva,0,RE_leaf,0,MS,0,BR_sarg,0,unknown
2024_10_08_11-58-34.jpg,1562,987,GR_ulva,green_algae_ulva,TRUE,224,1,GR_ulva,0,BR_sarg,0,BR_fucus,0,KE_sieve,0,unknown
2024_10_08_11-58-34.jpg,2220,1357,GR_ulva,green_algae_ulva,TRUE,224,1,GR_ulva,0,RE_leaf,0,KE_bull,0,MS,0,BR_sarg
2024_10_08_11-58-34.jpg,2913,700,GR_ulva,green_algae_ulva,TRUE,224,1,GR_ulva,0,BR_sarg,0,RE_leaf,0,MS,0,KE_bull
2024_10_08_11-58-34.jpg,2697,1981,GR_ulva,green_algae_ulva,TRUE,224,1,GR_ulva,0,KE_bull,0,RE_leaf,0,SI_kelpBry,0,BR_fucus
2024_10_08_11-58-34.jpg,1288,1274,GR_ulva,green_algae_ulva,TRUE,224,1,GR_ulva,0,KE_sieve,0,KE_5rib,0,RE_leaf,0,KE_stipe
2024_10_08_11-58-34.jpg,419,562,GR_ulva,green_algae_ulva,TRUE,224,1,GR_ulva,0,KE_5rib,0,SU_cob,0,KE_stipe,0,unknown
2024_10_08_11-58-34.jpg,1690,412,GR_ulva,green_algae_ulva,TRUE,224,1,GR_ulva,0,KE_stipe,0,RE_leaf,0,KE_bull,0,unknown
2024_10_08_11-58-34.jpg,3081,1876,GR_ulva,green_algae_ulva,TRUE,224,1,GR_ulva,0,KE_bull,0,RE_leaf,0,KE_stipe,0,MS
2024_10_08_11-58-34.jpg,3658,4284,GR_ulva,green_algae_ulva,TRUE,224,1,GR_ulva,0,MS,0,KE_stipe,0,BR_sarg,0,SU_peb
2024_10_08_11-58-34.jpg,2583,2046,GR_ulva,green_algae_ulva,TRUE,224,1,GR_ulva,0,RE_leaf,0,KE_bull,0,KE_5rib,0,KE_sieve
2024_10_08_11-58-34.jpg,3115,3435,GR_ulva,green_algae_ulva,TRUE,224,1,GR_ulva,0,BR_sarg,0,RE_leaf,0,KE_bull,0,KE_holdfas
2024_10_08_11-58-34.jpg,2429,2487,GR_ulva,green_algae_ulva,TRUE,224,1,GR_ulva,0,RE_leaf,0,BR_sarg,0,KE_bull,0,KE_sieve
2024_10_08_11-58-34.jpg,781,4313,GR_ulva,green_algae_ulva,TRUE,224,1,GR_ulva,0,unknown,0,KE_stipe,0,BR_sarg,0,BR_fucus
2024_10_08_11-58-34.jpg,1073,1621,GR_ulva,green_algae_ulva,TRUE,224,1,GR_ulva,0,RE_leaf,0,KE_5rib,0,KE_stipe,0,unknown
2024_10_08_11-58-34.jpg,3005,1399,GR_ulva,green_algae_ulva,TRUE,224,1,GR_ulva,0,KE_5rib,0,RE_leaf,0,KE_sugar,0,KE_bull
2024_10_08_11-58-34.jpg,2156,587,GR_ulva,green_algae_ulva,TRUE,224,1,GR_ulva,0,RE_leaf,0,KE_5rib,0,unknown,0,KE_sugar
2024_10_08_11-58-34.jpg,1404,579,GR_ulva,green_algae_ulva,TRUE,224,1,GR_ulva,0,RE_leaf,0,KE_bull,0,KE_5rib,0,KE_sugar
2024_10_08_11-58-34.jpg,3735,2830,GR_ulva,green_algae_ulva,TRUE,224,0.986,GR_ulva,0.004,KE_bull,0.003,BR_fucus,0.002,MS,0.002,BR_sarg
2024_10_08_11-58-34.jpg,486,821,GR_ulva,green_algae_ulva,TRUE,224,1,GR_ulva,0,SU_peb,0,KE_stipe,0,SU_cob,0,MS
2024_10_08_11-58-34.jpg,3139,3732,GR_ulva,green_algae_ulva,TRUE,224,1,GR_ulva,0,KE_5rib,0,BR_sarg,0,KE_sieve,0,RE_leaf
2024_10_08_11-58-34.jpg,1027,1443,GR_ulva,green_algae_ulva,TRUE,224,1,GR_ulva,0,KE_stipe,0,KE_bull,0,RE_leaf,0,RE_fil
2024_10_08_11-58-34.jpg,2403,3152,GR_ulva,green_algae_ulva,TRUE,224,1,GR_ulva,0,RE_leaf,0,KE_bull,0,KE_sieve,0,SI_kelpBry
2024_10_08_11-58-34.jpg,2187,1091,GR_ulva,green_algae_ulva,TRUE,224,1,GR_ulva,0,RE_leaf,0,KE_bull,0,KE_stipe,0,MS
2024_10_08_11-58-34.jpg,1183,1816,GR_ulva,green_algae_ulva,TRUE,224,1,GR_ulva,0,KE_bull,0,KE_stipe,0,MS,0,BR_fucus
2024_10_08_11-58-34.jpg,2081,460,GR_ulva,green_algae_ulva,TRUE,224,1,GR_ulva,0,KE_sugar,0,unknown,0,RE_leaf,0,KE_5rib
2024_10_08_11-58-34.jpg,3729,969,GR_ulva,green_algae_ulva,TRUE,224,1,GR_ulva,0,unknown,0,RE_leaf,0,KE_sugar,0,KE_stipe
2024_10_08_11-58-34.jpg,3209,2488,GR_ulva,green_algae_ulva,TRUE,224,1,GR_ulva,0,BR_sarg,0,KE_stipe,0,KE_bull,0,MS
2024_10_08_11-58-34.jpg,3532,1246,GR_ulva,green_algae_ulva,TRUE,224,0.996,GR_ulva,0.003,unknown,0,KE_stipe,0,KE_5rib,0,KE_sugar
2024_10_08_11-58-34.jpg,1946,1264,GR_ulva,green_algae_ulva,TRUE,224,1,GR_ulva,0,KE_stipe,0,RE_leaf,0,KE_bull,0,MS
2024_10_08_11-58-34.jpg,3508,1466,GR_ulva,green_algae_ulva,TRUE,224,1,GR_ulva,0,unknown,0,MS,0,RE_leaf,0,KE_sieve
2024_10_08_11-58-34.jpg,3058,4482,GR_ulva,green_algae_ulva,TRUE,224,1,GR_ulva,0,unknown,0,KE_stipe,0,BR_sarg,0,BR_fucus
2024_10_08_11-58-34.jpg,1820,4044,GR_ulva,green_algae_ulva,TRUE,224,1,GR_ulva,0,RE_leaf,0,KE_sieve,0,KE_5rib,0,MS
2024_10_08_11-58-34.jpg,2540,180,GR_ulva,green_algae_ulva,TRUE,224,1,GR_ulva,0,RE_leaf,0,MS,0,unknown,0,KE_stipe
2024_10_08_11-58-34.jpg,1521,4319,GR_ulva,green_algae_ulva,TRUE,224,1,GR_ulva,0,BR_sarg,0,RE_leaf,0,KE_sieve,0,BR_fucus
2024_10_08_11-58-34.jpg,646,3028,GR_ulva,green_algae_ulva,TRUE,224,1,GR_ulva,0,BR_sarg,0,KE_stipe,0,BR_fucus,0,KE_sieve
2024_10_08_11-58-34.jpg,762,1723,GR_ulva,green_algae_ulva,TRUE,224,0.997,GR_ulva,0.003,unknown,0,KE_sugar,0,KE_5rib,0,RE_leaf
2024_10_08_11-58-34.jpg,1854,278,GR_ulva,green_algae_ulva,TRUE,224,0.976,GR_ulva,0.021,KE_stipe,0.003,BR_sarg,0,SU_bould,0,KE_bull
2024_10_08_11-58-34.jpg,1149,675,GR_ulva,green_algae_ulva,TRUE,224,0.998,GR_ulva,0.001,BR_sarg,0.001,KE_bull,0,KE_stipe,0,MS
2024_10_08_11-58-34.jpg,1909,2180,GR_ulva,green_algae_ulva,TRUE,224,1,GR_ulva,0,KE_bull,0,RE_leaf,0,BR_sarg,0,KE_sieve
2024_10_08_11-58-34.jpg,1211,4345,GR_ulva,green_algae_ulva,TRUE,224,1,GR_ulva,0,MS,0,unknown,0,KE_stipe,0,BR_fucus
2024_10_08_11-58-34.jpg,3427,4269,GR_ulva,green_algae_ulva,TRUE,224,1,GR_ulva,0,KE_sieve,0,MS,0,unknown,0,BR_sarg
2024_10_08_11-58-34.jpg,3369,1430,GR_ulva,green_algae_ulva,TRUE,224,1,GR_ulva,0,RE_leaf,0,KE_sugar,0,KE_5rib,0,unknown
2024_10_08_11-58-34.jpg,3624,2543,GR_ulva,green_algae_ulva,TRUE,224,1,GR_ulva,0,BR_sarg,0,KE_stipe,0,KE_bull,0,KE_holdfas
2024_10_08_11-58-34.jpg,2682,3882,GR_ulva,green_algae_ulva,TRUE,224,1,GR_ulva,0,RE_leaf,0,KE_bull,0,unknown,0,SI_kelpBry
2024_10_08_11-58-34.jpg,3812,3687,GR_ulva,green_algae_ulva,TRUE,224,1,GR_ulva,0,KE_bull,0,BR_fucus,0,RE_leaf,0,KE_stipe
2024_10_08_11-58-43.jpg,2924,1931,GR_ulva,green_algae_ulva,TRUE,224,1,GR_ulva,0,KE_sieve,0,KE_5rib,0,unknown,0,KE_sugar
2024_10_08_11-58-43.jpg,3901,1662,GR_ulva,green_algae_ulva,TRUE,224,0.983,GR_ulva,0.012,KE_bull,0.002,SU_bould,0.002,MS,0.001,KE_stipe
2024_10_08_11-58-43.jpg,2238,2663,GR_ulva,green_algae_ulva,TRUE,224,0.998,GR_ulva,0.002,KE_bull,0,KE_sugar,0,MS,0,KE_stipe
2024_10_08_11-58-43.jpg,3246,176,Review,Review,TRUE,224,0.867,GR_ulva,0.113,unknown,0.019,KE_sieve,0.001,MS,0,KE_stipe
2024_10_08_11-58-43.jpg,1131,1423,GR_ulva,green_algae_ulva,TRUE,224,1,GR_ulva,0,KE_bull,0,MS,0,KE_stipe,0,BR_sarg
2024_10_08_11-58-43.jpg,314,397,Review,Review,TRUE,224,0.658,GR_ulva,0.325,unknown,0.009,KE_sieve,0.005,KE_sugar,0.001,RE_leaf
2024_10_08_11-58-43.jpg,260,3795,RE_leaf,red_algae_flat_leaf,TRUE,224,1,RE_leaf,0,MS,0,RE_fil,0,SI_kelpBry,0,KE_sieve
2024_10_08_11-58-43.jpg,1515,4285,SU_sand,sand_fine_shell,TRUE,224,0.991,SU_sand,0.008,SU_bould,0.001,SU_cob,0,MS,0,SU_silt
2024_10_08_11-58-43.jpg,349,3259,SU_sand,sand_fine_shell,TRUE,224,0.963,SU_sand,0.022,SU_cob,0.014,SU_peb,0,MS,0,KE_stipe
2024_10_08_11-58-43.jpg,2601,1830,GR_ulva,green_algae_ulva,TRUE,224,1,GR_ulva,0,KE_sieve,0,SU_bould,0,KE_bull,0,KE_stipe
2024_10_08_11-58-43.jpg,2441,2052,GR_ulva,green_algae_ulva,TRUE,224,1,GR_ulva,0,KE_sieve,0,KE_bull,0,RE_leaf,0,SU_bould
2024_10_08_11-58-43.jpg,417,2779,SU_shell,shell_hash,TRUE,224,0.939,SU_shell,0.041,SU_bould,0.009,SU_cob,0.004,MS,0.003,SU_peb
2024_10_08_11-58-43.jpg,726,1296,RE_branch,red_algae_branching,TRUE,224,0.909,RE_branch,0.091,BR_sarg,0,RE_bush,0,RE_fil,0,BR_fucus
2024_10_08_11-58-43.jpg,659,2456,Review,Review,TRUE,224,0.663,BR_sarg,0.324,RE_branch,0.008,RE_bush,0.002,SU_bould,0.001,RE_fil
2024_10_08_11-58-43.jpg,2056,4017,GR_ulva,green_algae_ulva,TRUE,224,1,GR_ulva,0,KE_5rib,0,KE_sieve,0,KE_sugar,0,MS
2024_10_08_11-58-43.jpg,2000,641,RE_fil,red_algae_filamentous,TRUE,224,0.925,RE_fil,0.067,RE_branch,0.006,RE_bush,0.001,RE_CCA,0.001,RE_leaf
2024_10_08_11-58-43.jpg,309,4394,SU_peb,pebble,TRUE,224,0.999,SU_peb,0.001,SU_shell,0,SU_sand,0,SU_bould,0,SU_cob
2024_10_08_11-58-43.jpg,1258,186,GR_ulva,green_algae_ulva,TRUE,224,1,GR_ulva,0,SU_peb,0,KE_sugar,0,KE_stipe,0,KE_5rib
2024_10_08_11-58-43.jpg,1831,1714,GR_ulva,green_algae_ulva,TRUE,224,0.999,GR_ulva,0,KE_bull,0,BR_sarg,0,KE_stipe,0,RE_leaf
2024_10_08_11-58-43.jpg,1282,3799,GR_ulva,green_algae_ulva,TRUE,224,1,GR_ulva,0,MS,0,KE_5rib,0,KE_sugar,0,RE_leaf
2024_10_08_11-58-43.jpg,1470,2576,GR_ulva,green_algae_ulva,TRUE,224,1,GR_ulva,0,BR_sarg,0,RE_leaf,0,KE_sieve,0,KE_bull
2024_10_08_11-58-43.jpg,401,996,Review,Review,TRUE,224,0.714,RE_leaf,0.136,RE_fil,0.074,GR_ulva,0.041,KE_stipe,0.007,KE_holdfas
2024_10_08_11-58-43.jpg,1572,989,Review,Review,TRUE,224,0.838,RE_branch,0.118,RE_leaf,0.045,RE_fil,0,BR_sarg,0,SU_peb
2024_10_08_11-58-43.jpg,3067,1475,GR_ulva,green_algae_ulva,TRUE,224,1,GR_ulva,0,KE_bull,0,RE_leaf,0,KE_sugar,0,KE_stipe
2024_10_08_11-58-43.jpg,2628,4231,Review,Review,TRUE,224,0.533,GR_ulva,0.377,SU_bould,0.086,KE_stipe,0.003,MS,0.001,KE_bull
2024_10_08_11-58-43.jpg,3727,3449,Review,Review,TRUE,224,0.496,RE_branch,0.33,MS,0.165,SU_bould,0.006,RE_fil,0.002,RE_CCA
2024_10_08_11-58-43.jpg,3058,2716,Review,Review,TRUE,224,0.695,MS,0.287,GR_ulva,0.011,RE_fil,0.005,BR_sarg,0.001,RE_CCA
2024_10_08_11-58-43.jpg,118,4146,RE_leaf,red_algae_flat_leaf,TRUE,224,0.993,RE_leaf,0.007,MS,0,RE_branch,0,RE_bush,0,SU_peb
2024_10_08_11-58-43.jpg,2037,404,GR_ulva,green_algae_ulva,TRUE,224,0.964,GR_ulva,0.024,SU_bould,0.005,KE_stipe,0.003,RE_branch,0.002,KE_bull
2024_10_08_11-58-43.jpg,2118,3822,Review,Review,TRUE,224,0.744,GR_ulva,0.156,KE_stipe,0.074,RE_fil,0.019,SU_bould,0.004,KE_sieve
2024_10_08_11-58-43.jpg,2866,589,GR_ulva,green_algae_ulva,TRUE,224,0.985,GR_ulva,0.007,BR_fucus,0.004,SU_bould,0.002,KE_stipe,0.001,KE_sieve
2024_10_08_11-58-43.jpg,1149,3279,Review,Review,TRUE,224,0.855,SU_bould,0.098,BR_sarg,0.018,SU_sand,0.017,SU_peb,0.011,SU_cob
2024_10_08_11-58-43.jpg,1297,2811,SU_cob,cobble,TRUE,224,0.978,SU_cob,0.017,SU_sand,0.004,SU_shell,0.001,SU_bould,0,SU_peb
2024_10_08_11-58-43.jpg,2277,398,Review,Review,TRUE,224,0.882,RE_fil,0.09,RE_branch,0.016,RE_bush,0.007,RE_CCA,0.004,SU_bould
2024_10_08_11-58-43.jpg,538,4253,Review,Review,TRUE,224,0.882,SU_peb,0.101,SU_sand,0.016,SU_silt,0.001,SU_shell,0,MS
2024_10_08_11-58-43.jpg,3620,1206,Review,Review,TRUE,224,0.635,KE_sieve,0.34,SU_bould,0.022,RE_fil,0.002,KE_sugar,0.001,MS
2024_10_08_11-58-43.jpg,3249,1766,GR_ulva,green_algae_ulva,TRUE,224,1,GR_ulva,0,KE_bull,0,SU_bould,0,KE_stipe,0,MS
2024_10_08_11-58-43.jpg,3714,418,Review,Review,TRUE,224,0.796,unknown,0.203,GR_ulva,0.001,KE_sugar,0,KE_5rib,0,KE_sieve
2024_10_08_11-58-43.jpg,2483,3082,RE_fil,red_algae_filamentous,TRUE,224,1,RE_fil,0,BR_sarg,0,RE_leaf,0,KE_sugar,0,SI
2024_10_08_11-58-43.jpg,3025,2341,GR_ulva,green_algae_ulva,TRUE,224,1,GR_ulva,0,BR_sarg,0,KE_bull,0,KE_sieve,0,RE_fil
2024_10_08_11-58-43.jpg,799,3442,RE_bush,red_algae_bushy,TRUE,224,0.926,RE_bush,0.03,RE_fil,0.019,BR_sarg,0.014,MS,0.003,RE_branch
2024_10_08_11-58-43.jpg,1019,1391,GR_ulva,green_algae_ulva,TRUE,224,0.967,GR_ulva,0.026,KE_bull,0.003,BR_sarg,0.002,KE_stipe,0.001,BR_fucus
2024_10_08_11-58-43.jpg,2873,3209,RE_fil,red_algae_filamentous,TRUE,224,1,RE_fil,0,RE_leaf,0,BR_sarg,0,RE_branch,0,RE_bush
2024_10_08_11-58-43.jpg,1159,1005,RE_branch,red_algae_branching,TRUE,224,1,RE_branch,0,BR_sarg,0,RE_leaf,0,RE_CCA,0,MS
2024_10_08_11-58-43.jpg,3335,3324,Review,Review,TRUE,224,0.788,SU_peb,0.172,RE_leaf,0.023,SU_cob,0.008,RE_fil,0.004,RE_branch
2024_10_08_11-58-43.jpg,559,533,RE_fil,red_algae_filamentous,TRUE,224,0.998,RE_fil,0.001,MS,0,RE_CCA,0,RE_leaf,0,KE_stipe
2024_10_08_11-58-43.jpg,3633,4133,RE_branch,red_algae_branching,TRUE,224,1,RE_branch,0,RE_CCA,0,BR_sarg,0,RE_bush,0,MS
2024_10_08_11-58-43.jpg,566,271,Review,Review,TRUE,224,0.471,RE_bush,0.395,RE_fil,0.071,unknown,0.053,RE_leaf,0.003,KE_stipe
2024_10_08_11-58-43.jpg,1738,4351,Review,Review,TRUE,224,0.522,SU_bould,0.378,SU_peb,0.072,MS,0.023,GR_ulva,0.005,SU_sand
2024_10_08_11-58-43.jpg,3292,4382,RE_branch,red_algae_branching,TRUE,224,1,RE_branch,0,RE_leaf,0,BR_sarg,0,RE_CCA,0,RE_fil
2024_10_08_11-58-52.jpg,3547,1103,RE_leaf,red_algae_flat_leaf,TRUE,224,1,RE_leaf,0,KE_sugar,0,KE_5rib,0,MS,0,SI_kelpBry
2024_10_08_11-58-52.jpg,2246,3900,GR_ulva,green_algae_ulva,TRUE,224,1,GR_ulva,0,KE_sieve,0,RE_leaf,0,KE_stipe,0,MS
2024_10_08_11-58-52.jpg,2861,1411,GR_ulva,green_algae_ulva,TRUE,224,1,GR_ulva,0,KE_sieve,0,BR_sarg,0,KE_bull,0,KE_stipe
2024_10_08_11-58-52.jpg,1842,887,KE_sugar,kelp_sugar,TRUE,224,1,KE_sugar,0,MS,0,RE_leaf,0,KE_stipe,0,SI
2024_10_08_11-58-52.jpg,1648,1115,Review,Review,TRUE,224,0.639,RE_CCA,0.126,RE_fil,0.118,RE_leaf,0.076,KE_sugar,0.02,RE_branch
2024_10_08_11-58-52.jpg,1271,3966,RE_branch,red_algae_branching,TRUE,224,0.979,RE_branch,0.021,RE_fil,0,RE_leaf,0,BR_sarg,0,RE_CCA
2024_10_08_11-58-52.jpg,1020,130,Review,Review,TRUE,224,0.885,KE_stipe,0.044,RE_bush,0.041,RE_fil,0.017,MS,0.01,GR_ulva
2024_10_08_11-58-52.jpg,306,4409,GR_ulva,green_algae_ulva,TRUE,224,0.988,GR_ulva,0.011,unknown,0.001,BR_fucus,0,KE_stipe,0,MS
2024_10_08_11-58-52.jpg,182,1340,Review,Review,TRUE,224,0.863,KE_sugar,0.083,SI_kelpBry,0.031,SU_cob,0.006,KE_bull,0.006,SU_bould
2024_10_08_11-58-52.jpg,1728,457,GR_ulva,green_algae_ulva,TRUE,224,0.974,GR_ulva,0.011,unknown,0.009,BR_fucus,0.002,SI,0.001,KE_stipe
2024_10_08_11-58-52.jpg,2480,2027,Review,Review,TRUE,224,0.434,GR_ulva,0.276,BR_sarg,0.111,KE_stipe,0.093,RE_fil,0.057,KE_bull
2024_10_08_11-58-52.jpg,3800,144,Review,Review,TRUE,224,0.879,SU_bould,0.042,SU_silt,0.035,RE_bush,0.019,MS,0.007,KE_sieve
2024_10_08_11-58-52.jpg,1167,2177,GR_ulva,green_algae_ulva,TRUE,224,1,GR_ulva,0,RE_leaf,0,unknown,0,KE_5rib,0,KE_sieve
2024_10_08_11-58-52.jpg,2807,3768,GR_ulva,green_algae_ulva,TRUE,224,1,GR_ulva,0,KE_sieve,0,unknown,0,KE_stipe,0,KE_5rib
2024_10_08_11-58-52.jpg,2183,1931,GR_ulva,green_algae_ulva,TRUE,224,1,GR_ulva,0,RE_leaf,0,KE_bull,0,KE_sugar,0,KE_5rib
2024_10_08_11-58-52.jpg,2177,3502,GR_ulva,green_algae_ulva,TRUE,224,1,GR_ulva,0,BR_sarg,0,RE_leaf,0,KE_bull,0,KE_sugar
2024_10_08_11-58-52.jpg,248,1623,GR_ulva,green_algae_ulva,TRUE,224,0.998,GR_ulva,0.001,SU_bould,0,SU_peb,0,SU_cob,0,KE_stipe
2024_10_08_11-58-52.jpg,2480,1533,Review,Review,TRUE,224,0.686,BR_sarg,0.304,KE_stipe,0.004,RE_fil,0.003,KE_bull,0.003,GR_ulva
2024_10_08_11-58-52.jpg,2183,1206,GR_ulva,green_algae_ulva,TRUE,224,0.986,GR_ulva,0.014,KE_bull,0,KE_stipe,0,MS,0,RE_leaf
2024_10_08_11-58-52.jpg,2248,881,Review,Review,TRUE,224,0.5,RE_branch,0.5,RE_fil,0,RE_leaf,0,RE_bush,0,BR_sarg
2024_10_08_11-58-52.jpg,3466,2822,BR_sarg,brown_algae_sargassum,TRUE,224,0.986,BR_sarg,0.01,KE_holdfas,0.002,RE_branch,0.002,KE_stipe,0,RE_bush
2024_10_08_11-58-52.jpg,1942,4150,RE_fil,red_algae_filamentous,TRUE,224,0.995,RE_fil,0.004,RE_bush,0.001,MS,0,RE_leaf,0,RE_branch
2024_10_08_11-58-52.jpg,152,809,GR_ulva,green_algae_ulva,TRUE,224,1,GR_ulva,0,unknown,0,KE_stipe,0,MS,0,KE_sieve
2024_10_08_11-58-52.jpg,2343,3172,GR_ulva,green_algae_ulva,TRUE,224,1,GR_ulva,0,RE_leaf,0,BR_sarg,0,KE_bull,0,KE_sieve
2024_10_08_11-58-52.jpg,2695,684,Review,Review,TRUE,224,0.711,BR_sarg,0.093,KE_holdfas,0.075,RE_bush,0.034,RE_fil,0.029,KE_5rib
2024_10_08_11-58-52.jpg,2182,213,Review,Review,TRUE,224,0.8,RE_fil,0.155,RE_leaf,0.028,KE_stipe,0.007,RE_bush,0.005,KE_sugar
2024_10_08_11-58-52.jpg,3372,1394,RE_leaf,red_algae_flat_leaf,TRUE,224,1,RE_leaf,0,MS,0,KE_sieve,0,SI_kelpBry,0,KE_sugar
2024_10_08_11-58-52.jpg,2518,3720,GR_ulva,green_algae_ulva,TRUE,224,1,GR_ulva,0,RE_leaf,0,KE_bull,0,MS,0,BR_sarg
2024_10_08_11-58-52.jpg,3845,1267,RE_leaf,red_algae_flat_leaf,TRUE,224,0.95,RE_leaf,0.027,RE_fil,0.012,KE_5rib,0.005,MS,0.003,KE_sugar
2024_10_08_11-58-52.jpg,1894,4274,RE_fil,red_algae_filamentous,TRUE,224,0.999,RE_fil,0.001,RE_bush,0,RE_leaf,0,MS,0,KE_stipe
2024_10_08_11-58-52.jpg,2195,2881,GR_ulva,green_algae_ulva,TRUE,224,1,GR_ulva,0,RE_leaf,0,KE_bull,0,BR_sarg,0,KE_stipe
2024_10_08_11-58-52.jpg,205,669,Review,Review,TRUE,224,0.591,RE_leaf,0.404,RE_fil,0.005,MS,0,KE_5rib,0,GR_ulva
2024_10_08_11-58-52.jpg,3420,3234,GR_ulva,green_algae_ulva,TRUE,224,1,GR_ulva,0,SU_bould,0,KE_stipe,0,MS,0,KE_bull
2024_10_08_11-58-52.jpg,1172,737,GR_ulva,green_algae_ulva,TRUE,224,0.985,GR_ulva,0.014,unknown,0,RE_leaf,0,KE_sugar,0,SU_silt
2024_10_08_11-58-52.jpg,3620,530,Review,Review,TRUE,224,0.477,KE_stipe,0.271,SU_bould,0.211,SU_peb,0.02,SU_cob,0.01,RE_fil
2024_10_08_11-58-52.jpg,3111,1736,BR_sarg,brown_algae_sargassum,TRUE,224,0.998,BR_sarg,0.002,RE_branch,0,KE_holdfas,0,RE_fil,0,KE_stipe
2024_10_08_11-58-52.jpg,205,3756,GR_ulva,green_algae_ulva,TRUE,224,1,GR_ulva,0,unknown,0,KE_5rib,0,KE_sieve,0,KE_stipe
2024_10_08_11-58-52.jpg,361,2193,GR_ulva,green_algae_ulva,TRUE,224,0.963,GR_ulva,0.033,KE_bull,0.003,KE_stipe,0,MS,0,KE_5rib
2024_10_08_11-58-52.jpg,734,3633,GR_ulva,green_algae_ulva,TRUE,224,1,GR_ulva,0,KE_sieve,0,KE_5rib,0,RE_leaf,0,RE_fil
2024_10_08_11-58-52.jpg,1597,4403,RE_fil,red_algae_filamentous,TRUE,224,1,RE_fil,0,RE_leaf,0,RE_branch,0,RE_CCA,0,KE_sugar
2024_10_08_11-58-52.jpg,1584,869,GR_ulva,green_algae_ulva,TRUE,224,0.996,GR_ulva,0.004,unknown,0,KE_stipe,0,KE_5rib,0,KE_sugar
2024_10_08_11-58-52.jpg,1560,2061,GR_ulva,green_algae_ulva,TRUE,224,1,GR_ulva,0,KE_5rib,0,KE_sieve,0,unknown,0,RE_leaf
2024_10_08_11-58-52.jpg,1652,3000,GR_ulva,green_algae_ulva,TRUE,224,1,GR_ulva,0,RE_leaf,0,KE_bull,0,KE_sieve,0,RE_branch
2024_10_08_11-58-52.jpg,2454,4478,GR_ulva,green_algae_ulva,TRUE,224,0.973,GR_ulva,0.019,MS,0.003,RE_leaf,0.002,SI_kelpBry,0.001,SI
2024_10_08_11-58-52.jpg,1478,1340,Review,Review,TRUE,224,0.56,RE_leaf,0.234,RE_fil,0.171,KE_stipe,0.032,RE_CCA,0.001,MS
2024_10_08_11-58-52.jpg,1053,2945,Review,Review,TRUE,224,0.345,KE_stipe,0.318,RE_branch,0.103,KE_bull,0.101,GR_ulva,0.06,RE_fil
2024_10_08_11-58-52.jpg,3907,4301,GR_ulva,green_algae_ulva,TRUE,224,1,GR_ulva,0,KE_stipe,0,KE_5rib,0,KE_bull,0,MS
2024_10_08_11-58-52.jpg,564,365,SU_peb,pebble,TRUE,224,0.989,SU_peb,0.004,GR_ulva,0.003,MS,0.002,SU_shell,0.001,SU_silt
2024_10_08_11-58-52.jpg,657,722,Review,Review,TRUE,224,0.611,RE_fil,0.179,RE_leaf,0.177,MS,0.026,RE_bush,0.003,KE_stipe
2024_10_08_11-58-52.jpg,1063,1816,GR_ulva,green_algae_ulva,TRUE,224,1,GR_ulva,0,unknown,0,RE_leaf,0,SU_bould,0,KE_5rib
2024_10_08_11-59-01.jpg,1068,611,RE_bush,red_algae_bushy,TRUE,224,0.962,RE_bush,0.037,BR_fucus,0.001,KE_5rib,0,RE_branch,0,KE_sugar
2024_10_08_11-59-01.jpg,359,1334,Review,Review,TRUE,224,0.645,SU_cob,0.211,SU_shell,0.09,MS,0.042,KE_stipe,0.005,RE_fil
2024_10_08_11-59-01.jpg,3497,1301,GR_ulva,green_algae_ulva,TRUE,224,0.999,GR_ulva,0.001,MS,0,KE_sugar,0,RE_leaf,0,KE_holdfas
2024_10_08_11-59-01.jpg,1795,4452,GR_ulva,green_algae_ulva,TRUE,224,1,GR_ulva,0,MS,0,KE_stipe,0,KE_bull,0,KE_5rib
2024_10_08_11-59-01.jpg,904,2612,SU_peb,pebble,TRUE,224,1,SU_peb,0,KE_stipe,0,GR_ulva,0,SU_bould,0,SU_shell
2024_10_08_11-59-01.jpg,214,1131,Review,Review,TRUE,224,0.616,GR_ulva,0.263,RE_fil,0.048,SU_bould,0.025,KE_stipe,0.024,MS
2024_10_08_11-59-01.jpg,2474,2399,SU_peb,pebble,TRUE,224,0.995,SU_peb,0.002,SU_cob,0.001,SU_bould,0.001,RE_bush,0,RE_fil
2024_10_08_11-59-01.jpg,2964,2792,Review,Review,TRUE,224,0.577,SU_peb,0.401,SU_cob,0.017,SU_shell,0.002,KE_stipe,0.001,SU_bould
2024_10_08_11-59-01.jpg,596,3728,Review,Review,TRUE,224,0.647,SU_bould,0.216,SU_cob,0.11,SU_peb,0.013,SU_shell,0.007,BR_sarg
2024_10_08_11-59-01.jpg,3707,313,GR_ulva,green_algae_ulva,TRUE,224,1,GR_ulva,0,unknown,0,KE_5rib,0,MS,0,KE_stipe
2024_10_08_11-59-01.jpg,2650,4474,RE_branch,red_algae_branching,TRUE,224,0.976,RE_branch,0.016,MS,0.005,RE_leaf,0.001,RE_bush,0.001,BR_sarg
2024_10_08_11-59-01.jpg,2274,1080,GR_ulva,green_algae_ulva,TRUE,224,0.957,GR_ulva,0.034,KE_sugar,0.005,KE_sieve,0.001,KE_5rib,0.001,SU_bould
2024_10_08_11-59-01.jpg,1957,372,GR_ulva,green_algae_ulva,TRUE,224,1,GR_ulva,0,KE_stipe,0,KE_bull,0,MS,0,SI
2024_10_08_11-59-01.jpg,2535,1617,RE_branch,red_algae_branching,TRUE,224,1,RE_branch,0,RE_bush,0,BR_sarg,0,RE_leaf,0,RE_CCA
2024_10_08_11-59-01.jpg,293,1813,Review,Review,TRUE,224,0.54,KE_sieve,0.333,SU_bould,0.101,SU_cob,0.023,KE_stipe,0.002,SU_peb
2024_10_08_11-59-01.jpg,1838,3689,GR_ulva,green_algae_ulva,TRUE,224,0.999,GR_ulva,0,RE_leaf,0,KE_5rib,0,KE_sugar,0,unknown
2024_10_08_11-59-01.jpg,167,499,Review,Review,TRUE,224,0.895,unknown,0.104,GR_ulva,0,KE_5rib,0,KE_stipe,0,SU_silt
2024_10_08_11-59-01.jpg,3207,1853,GR_ulva,green_algae_ulva,TRUE,224,0.995,GR_ulva,0.004,KE_stipe,0,KE_bull,0,BR_sarg,0,BR_fucus
2024_10_08_11-59-01.jpg,2747,2510,SU_peb,pebble,TRUE,224,1,SU_peb,0,SU_bould,0,SU_cob,0,SU_shell,0,MS
2024_10_08_11-59-01.jpg,563,4016,Review,Review,TRUE,224,0.558,SU_cob,0.236,SU_bould,0.154,RE_fil,0.024,BR_sarg,0.014,KE_stipe
2024_10_08_11-59-01.jpg,1977,958,Review,Review,TRUE,224,0.653,GR_ulva,0.206,KE_sugar,0.126,MS,0.009,SI,0.001,BR_sarg
2024_10_08_11-59-01.jpg,710,3201,Review,Review,TRUE,224,0.722,SU_bould,0.238,SU_cob,0.026,BR_sarg,0.012,SU_sand,0.001,KE_holdfas
2024_10_08_11-59-01.jpg,2519,1988,RE_branch,red_algae_branching,TRUE,224,0.997,RE_branch,0.003,RE_bush,0,BR_sarg,0,RE_fil,0,MS
2024_10_08_11-59-01.jpg,2595,3151,SU_peb,pebble,TRUE,224,0.999,SU_peb,0.001,SU_bould,0,KE_bull,0,SU_cob,0,RE_CCA
2024_10_08_11-59-01.jpg,2287,3984,GR_ulva,green_algae_ulva,TRUE,224,1,GR_ulva,0,KE_bull,0,KE_5rib,0,MS,0,KE_sugar
2024_10_08_11-59-01.jpg,496,667,Review,Review,TRUE,224,0.817,GR_ulva,0.18,unknown,0.002,KE_sugar,0,MS,0,RE_fil
2024_10_08_11-59-01.jpg,455,410,GR_ulva,green_algae_ulva,TRUE,224,0.994,GR_ulva,0.006,unknown,0,KE_sieve,0,KE_5rib,0,KE_stipe
2024_10_08_11-59-01.jpg,586,3471,Review,Review,TRUE,224,0.634,SU_bould,0.198,SU_cob,0.161,SU_shell,0.003,BR_sarg,0.002,SU_sand
2024_10_08_11-59-01.jpg,1258,4265,GR_ulva,green_algae_ulva,TRUE,224,1,GR_ulva,0,KE_stipe,0,unknown,0,BR_fucus,0,KE_sieve
2024_10_08_11-59-01.jpg,3773,2666,GR_ulva,green_algae_ulva,TRUE,224,1,GR_ulva,0,KE_sieve,0,BR_sarg,0,unknown,0,MS
2024_10_08_11-59-01.jpg,1530,1225,Review,Review,TRUE,224,0.503,RE_bush,0.299,KE_holdfas,0.09,KE_stipe,0.053,SU_bould,0.02,SU_peb
2024_10_08_11-59-01.jpg,146,1543,Review,Review,TRUE,224,0.423,BR_fucus,0.216,KE_stipe,0.187,KE_sieve,0.06,RE_bush,0.047,SU_bould
2024_10_08_11-59-01.jpg,3686,2289,GR_ulva,green_algae_ulva,TRUE,224,0.976,GR_ulva,0.01,BR_sarg,0.004,SU_bould,0.002,RE_fil,0.002,KE_sugar
2024_10_08_11-59-01.jpg,3447,2188,GR_ulva,green_algae_ulva,TRUE,224,1,GR_ulva,0,KE_bull,0,RE_leaf,0,KE_sieve,0,KE_5rib
2024_10_08_11-59-01.jpg,2867,2967,Review,Review,TRUE,224,0.741,SU_peb,0.215,SU_cob,0.023,MS,0.013,SU_shell,0.004,KE_stipe
2024_10_08_11-59-01.jpg,2952,3593,SU_peb,pebble,TRUE,224,0.999,SU_peb,0.001,KE_bull,0,RE_bush,0,KE_stipe,0,MS
2024_10_08_11-59-01.jpg,2480,3327,Review,Review,TRUE,224,0.679,SU_shell,0.32,SU_peb,0,GR_ulva,0,SI,0,KE_bull
2024_10_08_11-59-01.jpg,3380,2969,Review,Review,TRUE,224,0.561,SU_peb,0.435,SU_cob,0.002,KE_stipe,0,MS,0,SU_shell
2024_10_08_11-59-01.jpg,2820,3489,SU_peb,pebble,TRUE,224,0.998,SU_peb,0.001,SI,0,RE_branch,0,KE_bull,0,RE_bush
2024_10_08_11-59-01.jpg,227,2660,Review,Review,TRUE,224,0.354,GR_ulva,0.204,SU_bould,0.19,RE_fil,0.078,KE_sieve,0.07,BR_sarg
2024_10_08_11-59-01.jpg,906,1339,Review,Review,TRUE,224,0.65,RE_fil,0.285,KE_stipe,0.053,RE_leaf,0.003,KE_sugar,0.003,MS
2024_10_08_11-59-01.jpg,1183,2298,SU_peb,pebble,TRUE,224,1,SU_peb,0,SU_shell,0,KE_stipe,0,SU_cob,0,GR_ulva
2024_10_08_11-59-01.jpg,3195,607,GR_ulva,green_algae_ulva,TRUE,224,0.971,GR_ulva,0.025,KE_stipe,0.002,RE_leaf,0,unknown,0,SU_cob
2024_10_08_11-59-01.jpg,2162,245,GR_ulva,green_algae_ulva,TRUE,224,1,GR_ulva,0,KE_stipe,0,KE_sugar,0,RE_leaf,0,SU_peb
2024_10_08_11-59-01.jpg,3217,2285,RE_branch,red_algae_branching,TRUE,224,0.999,RE_branch,0.001,BR_sarg,0,RE_bush,0,RE_fil,0,RE_leaf
2024_10_08_11-59-01.jpg,371,3693,Review,Review,TRUE,224,0.516,BR_sarg,0.456,SU_bould,0.012,SU_shell,0.01,SU_cob,0.003,KE_sugar
2024_10_08_11-59-01.jpg,1819,2221,Review,Review,TRUE,224,0.481,SU_cob,0.411,SU_bould,0.09,SU_peb,0.014,KE_sieve,0.003,RE_fil
2024_10_08_11-59-01.jpg,2432,757,SU_cob,cobble,TRUE,224,0.951,SU_cob,0.049,SU_bould,0,SU_peb,0,SU_silt,0,MS
2024_10_08_11-59-01.jpg,1498,3662,GR_ulva,green_algae_ulva,TRUE,224,1,GR_ulva,0,MS,0,RE_leaf,0,KE_5rib,0,KE_bull
2024_10_08_11-59-01.jpg,3767,1552,GR_ulva,green_algae_ulva,TRUE,224,1,GR_ulva,0,RE_leaf,0,KE_5rib,0,unknown,0,KE_sieve
2024_10_08_11-59-10.jpg,1920,2769,Review,Review,TRUE,224,0.864,GR_ulva,0.081,MS,0.055,SU_bould,0.001,KE_bull,0,SI
2024_10_08_11-59-10.jpg,3581,3451,RE_branch,red_algae_branching,TRUE,224,0.932,RE_branch,0.038,RE_fil,0.016,RE_leaf,0.014,RE_bush,0,RE_CCA
2024_10_08_11-59-10.jpg,2673,3648,RE_branch,red_algae_branching,TRUE,224,0.998,RE_branch,0.001,RE_leaf,0,RE_fil,0,RE_CCA,0,MS
2024_10_08_11-59-10.jpg,2452,3083,RE_branch,red_algae_branching,TRUE,224,1,RE_branch,0,RE_CCA,0,BR_sarg,0,RE_leaf,0,RE_fil
2024_10_08_11-59-10.jpg,234,2709,Review,Review,TRUE,224,0.335,RE_CCA,0.33,KE_bull,0.137,KE_sugar,0.104,SU_bould,0.077,KE_stipe
2024_10_08_11-59-10.jpg,943,2216,RE_leaf,red_algae_flat_leaf,TRUE,224,1,RE_leaf,0,RE_fil,0,MS,0,KE_sugar,0,KE_stipe
2024_10_08_11-59-10.jpg,1737,2605,GR_ulva,green_algae_ulva,TRUE,224,1,GR_ulva,0,KE_bull,0,RE_leaf,0,KE_stipe,0,SI
2024_10_08_11-59-10.jpg,2707,1355,GR_ulva,green_algae_ulva,TRUE,224,0.955,GR_ulva,0.033,KE_bull,0.008,RE_leaf,0.004,KE_stipe,0,MS
2024_10_08_11-59-10.jpg,1342,2804,Review,Review,TRUE,224,0.789,KE_bull,0.208,KE_stipe,0.003,MS,0,GR_ulva,0,RE_fil
2024_10_08_11-59-10.jpg,2326,2243,GR_ulva,green_algae_ulva,TRUE,224,1,GR_ulva,0,RE_leaf,0,KE_bull,0,BR_sarg,0,MS
2024_10_08_11-59-10.jpg,1982,2643,GR_ulva,green_algae_ulva,TRUE,224,0.993,GR_ulva,0.007,KE_bull,0,SU_bould,0,MS,0,SI
2024_10_08_11-59-10.jpg,2819,3083,RE_branch,red_algae_branching,TRUE,224,1,RE_branch,0,MS,0,RE_fil,0,RE_leaf,0,BR_sarg
2024_10_08_11-59-10.jpg,2380,685,Review,Review,TRUE,224,0.412,RE_branch,0.247,RE_bush,0.202,RE_leaf,0.12,RE_fil,0.009,KE_holdfas
2024_10_08_11-59-10.jpg,3150,1308,Review,Review,TRUE,224,0.306,RE_fil,0.304,RE_branch,0.26,MS,0.097,RE_bush,0.011,BR_fucus
2024_10_08_11-59-10.jpg,988,3827,GR_ulva,green_algae_ulva,TRUE,224,1,GR_ulva,0,KE_stipe,0,KE_bull,0,MS,0,BR_sarg
2024_10_08_11-59-10.jpg,2127,1582,GR_ulva,green_algae_ulva,TRUE,224,1,GR_ulva,0,RE_fil,0,BR_sarg,0,MS,0,KE_stipe
2024_10_08_11-59-10.jpg,1805,905,GR_ulva,green_algae_ulva,TRUE,224,1,GR_ulva,0,KE_sieve,0,KE_sugar,0,RE_leaf,0,unknown
2024_10_08_11-59-10.jpg,605,3161,Review,Review,TRUE,224,0.603,GR_ulva,0.368,BR_fucus,0.027,KE_bull,0,KE_sieve,0,KE_holdfas
2024_10_08_11-59-10.jpg,1427,1812,GR_ulva,green_algae_ulva,TRUE,224,1,GR_ulva,0,RE_leaf,0,KE_5rib,0,KE_bull,0,unknown
2024_10_08_11-59-10.jpg,764,2267,Review,Review,TRUE,224,0.876,KE_stipe,0.066,GR_ulva,0.058,KE_bull,0.001,SU_bould,0,RE_fil
2024_10_08_11-59-10.jpg,3315,121,GR_ulva,green_algae_ulva,TRUE,224,0.971,GR_ulva,0.013,KE_stipe,0.007,RE_leaf,0.003,BR_fucus,0.001,KE_sugar
2024_10_08_11-59-10.jpg,1515,3990,GR_ulva,green_algae_ulva,TRUE,224,1,GR_ulva,0,KE_5rib,0,KE_sieve,0,RE_leaf,0,BR_sarg
2024_10_08_11-59-10.jpg,1205,4414,GR_ulva,green_algae_ulva,TRUE,224,1,GR_ulva,0,unknown,0,MS,0,KE_stipe,0,RE_leaf
2024_10_08_11-59-10.jpg,3552,3290,Review,Review,TRUE,224,0.859,RE_fil,0.122,RE_leaf,0.01,RE_bush,0.009,RE_branch,0,BR_sarg
2024_10_08_11-59-10.jpg,2256,2602,Review,Review,TRUE,224,0.338,KE_bull,0.195,MS,0.139,RE_fil,0.132,RE_branch,0.112,RE_leaf
2024_10_08_11-59-10.jpg,3003,3392,RE_branch,red_algae_branching,TRUE,224,0.941,RE_branch,0.056,RE_fil,0.004,RE_leaf,0,BR_sarg,0,RE_CCA
2024_10_08_11-59-10.jpg,1265,1717,Review,Review,TRUE,224,0.735,GR_ulva,0.247,RE_leaf,0.006,RE_fil,0.005,KE_bull,0.003,KE_stipe
2024_10_08_11-59-10.jpg,3389,902,Review,Review,TRUE,224,0.452,RE_branch,0.303,RE_fil,0.244,RE_bush,0,RE_CCA,0,BR_sarg
2024_10_08_11-59-10.jpg,2699,3113,Review,Review,TRUE,224,0.729,RE_branch,0.27,RE_leaf,0.001,MS,0,BR_sarg,0,KE_sieve
2024_10_08_11-59-10.jpg,227,2153,RE_leaf,red_algae_flat_leaf,TRUE,224,0.979,RE_leaf,0.008,RE_branch,0.005,KE_stipe,0.004,RE_fil,0.003,MS
2024_10_08_11-59-10.jpg,2393,3406,RE_branch,red_algae_branching,TRUE,224,1,RE_branch,0,MS,0,RE_leaf,0,RE_fil,0,RE_CCA
2024_10_08_11-59-10.jpg,3576,740,Review,Review,TRUE,224,0.692,RE_branch,0.291,RE_bush,0.014,RE_fil,0.002,BR_sarg,0,RE_CCA
2024_10_08_11-59-10.jpg,2126,4057,Review,Review,TRUE,224,0.572,GR_ulva,0.419,RE_leaf,0.007,KE_bull,0.001,MS,0.001,RE_branch
2024_10_08_11-59-10.jpg,3431,2674,RE_branch,red_algae_branching,TRUE,224,1,RE_branch,0,RE_leaf,0,RE_CCA,0,RE_fil,0,BR_sarg
2024_10_08_11-59-10.jpg,617,4038,Review,Review,TRUE,224,0.809,RE_fil,0.114,RE_branch,0.042,MS,0.033,RE_leaf,0.002,RE_CCA
2024_10_08_11-59-10.jpg,3598,2100,RE_branch,red_algae_branching,TRUE,224,0.986,RE_branch,0.014,RE_leaf,0,MS,0,SU_cob,0,GR_ulva
2024_10_08_11-59-10.jpg,1161,4042,GR_ulva,green_algae_ulva,TRUE,224,1,GR_ulva,0,BR_sarg,0,RE_leaf,0,MS,0,KE_sugar
2024_10_08_11-59-10.jpg,3812,3293,Review,Review,TRUE,224,0.4,SU_peb,0.371,MS,0.103,RE_branch,0.087,RE_fil,0.011,SU_cob
2024_10_08_11-59-10.jpg,3812,2726,RE_branch,red_algae_branching,TRUE,224,1,RE_branch,0,RE_fil,0,RE_leaf,0,BR_sarg,0,RE_CCA
2024_10_08_11-59-10.jpg,3052,854,RE_leaf,red_algae_flat_leaf,TRUE,224,1,RE_leaf,0,KE_5rib,0,KE_stipe,0,MS,0,RE_fil
2024_10_08_11-59-10.jpg,2827,1642,GR_ulva,green_algae_ulva,TRUE,224,1,GR_ulva,0,RE_leaf,0,KE_sugar,0,KE_5rib,0,KE_bull
2024_10_08_11-59-10.jpg,2235,3741,RE_branch,red_algae_branching,TRUE,224,1,RE_branch,0,RE_leaf,0,RE_bush,0,BR_sarg,0,RE_CCA
2024_10_08_11-59-10.jpg,816,357,Review,Review,TRUE,224,0.782,GR_ulva,0.086,MS,0.055,RE_bush,0.046,unknown,0.018,SU_bould
2024_10_08_11-59-10.jpg,2533,2801,RE_branch,red_algae_branching,TRUE,224,1,RE_branch,0,RE_fil,0,BR_sarg,0,RE_CCA,0,RE_leaf
2024_10_08_11-59-10.jpg,2641,1158,Review,Review,TRUE,224,0.831,RE_leaf,0.155,KE_bull,0.006,KE_stipe,0.005,GR_ulva,0.002,MS
2024_10_08_11-59-10.jpg,3131,3404,Review,Review,TRUE,224,0.54,RE_leaf,0.458,RE_fil,0.001,RE_branch,0,SU_bould,0,BR_sarg
2024_10_08_11-59-10.jpg,1630,861,GR_ulva,green_algae_ulva,TRUE,224,1,GR_ulva,0,MS,0,KE_bull,0,RE_leaf,0,KE_sugar
2024_10_08_11-59-10.jpg,2237,2417,Review,Review,TRUE,224,0.819,RE_branch,0.161,KE_bull,0.015,GR_ulva,0.002,MS,0.002,BR_sarg
2024_10_08_11-59-10.jpg,1809,4433,GR_ulva,green_algae_ulva,TRUE,224,1,GR_ulva,0,MS,0,KE_stipe,0,BR_sarg,0,RE_leaf
2024_10_08_11-59-10.jpg,1794,653,Review,Review,TRUE,224,0.603,unknown,0.397,GR_ulva,0,RE_leaf,0,KE_sugar,0,MS
2024_10_08_11-59-19.jpg,597,3161,GR_ulva,green_algae_ulva,TRUE,224,1,GR_ulva,0,KE_stipe,0,SU_peb,0,KE_bull,0,MS
2024_10_08_11-59-19.jpg,2128,325,RE_branch,red_algae_branching,TRUE,224,0.988,RE_branch,0.012,RE_bush,0,KE_holdfas,0,BR_sarg,0,RE_CCA
2024_10_08_11-59-19.jpg,773,2419,Review,Review,TRUE,224,0.499,BR_fucus,0.487,KE_stipe,0.012,MS,0.001,KE_bull,0,RE_fil
2024_10_08_11-59-19.jpg,2886,339,KE_sugar,kelp_sugar,TRUE,224,1,KE_sugar,0,RE_leaf,0,KE_5rib,0,SU_silt,0,RE_bush
2024_10_08_11-59-19.jpg,2113,3047,GR_ulva,green_algae_ulva,TRUE,224,1,GR_ulva,0,RE_leaf,0,unknown,0,KE_sugar,0,KE_5rib
2024_10_08_11-59-19.jpg,335,1254,RE_leaf,red_algae_flat_leaf,TRUE,224,0.951,RE_leaf,0.048,MS,0.001,GR_ulva,0,KE_5rib,0,RE_fil
2024_10_08_11-59-19.jpg,1817,465,GR_ulva,green_algae_ulva,TRUE,224,0.996,GR_ulva,0.003,KE_sieve,0.001,BR_sarg,0,RE_leaf,0,KE_stipe
2024_10_08_11-59-19.jpg,3115,2275,GR_ulva,green_algae_ulva,TRUE,224,1,GR_ulva,0,KE_bull,0,unknown,0,KE_sieve,0,RE_leaf
2024_10_08_11-59-19.jpg,3469,1465,RE_branch,red_algae_branching,TRUE,224,1,RE_branch,0,BR_sarg,0,RE_fil,0,RE_CCA,0,BR_fucus
2024_10_08_11-59-19.jpg,3102,3047,GR_ulva,green_algae_ulva,TRUE,224,1,GR_ulva,0,KE_bull,0,RE_leaf,0,unknown,0,KE_stipe
2024_10_08_11-59-19.jpg,3209,1843,GR_ulva,green_algae_ulva,TRUE,224,1,GR_ulva,0,KE_bull,0,KE_sugar,0,RE_leaf,0,KE_sieve
2024_10_08_11-59-19.jpg,3312,3017,GR_ulva,green_algae_ulva,TRUE,224,1,GR_ulva,0,unknown,0,RE_leaf,0,KE_sieve,0,KE_5rib
2024_10_08_11-59-19.jpg,2554,2838,GR_ulva,green_algae_ulva,TRUE,224,1,GR_ulva,0,RE_leaf,0,KE_5rib,0,KE_bull,0,KE_sugar
2024_10_08_11-59-19.jpg,1490,2938,GR_ulva,green_algae_ulva,TRUE,224,1,GR_ulva,0,KE_5rib,0,RE_leaf,0,KE_sieve,0,RE_fil
2024_10_08_11-59-19.jpg,323,3859,GR_ulva,green_algae_ulva,TRUE,224,1,GR_ulva,0,MS,0,BR_sarg,0,unknown,0,KE_5rib
2024_10_08_11-59-19.jpg,2959,3827,GR_ulva,green_algae_ulva,TRUE,224,1,GR_ulva,0,KE_sieve,0,RE_leaf,0,KE_sugar,0,MS
2024_10_08_11-59-19.jpg,170,2180,Review,Review,TRUE,224,0.606,KE_sugar,0.264,RE_fil,0.082,unknown,0.019,RE_leaf,0.014,GR_ulva
2024_10_08_11-59-19.jpg,480,1347,Review,Review,TRUE,224,0.458,RE_fil,0.175,RE_leaf,0.171,KE_bull,0.094,MS,0.052,KE_stipe
2024_10_08_11-59-19.jpg,890,4400,SU_sand,sand_fine_shell,TRUE,224,0.918,SU_sand,0.049,MS,0.017,SU_cob,0.008,SU_shell,0.003,SU_bould
2024_10_08_11-59-19.jpg,2694,3037,GR_ulva,green_algae_ulva,TRUE,224,1,GR_ulva,0,RE_leaf,0,unknown,0,KE_5rib,0,BR_sarg
2024_10_08_11-59-19.jpg,155,946,RE_fil,red_algae_filamentous,TRUE,224,0.93,RE_fil,0.07,RE_leaf,0,RE_CCA,0,KE_5rib,0,GR_ulva
2024_10_08_11-59-19.jpg,807,1656,Review,Review,TRUE,224,0.791,SU_peb,0.147,SU_cob,0.058,SU_bould,0.005,SU_sand,0,BR_sarg
2024_10_08_11-59-19.jpg,351,440,Review,Review,TRUE,224,0.552,RE_fil,0.264,RE_leaf,0.072,KE_stipe,0.041,KE_5rib,0.019,GR_ulva
2024_10_08_11-59-19.jpg,1495,1280,Review,Review,TRUE,224,0.768,MS,0.152,KE_sugar,0.075,GR_ulva,0.003,KE_stipe,0.002,KE_5rib
2024_10_08_11-59-19.jpg,3780,2769,GR_ulva,green_algae_ulva,TRUE,224,1,GR_ulva,0,RE_leaf,0,unknown,0,KE_5rib,0,KE_sugar
2024_10_08_11-59-19.jpg,3456,4396,GR_ulva,green_algae_ulva,TRUE,224,1,GR_ulva,0,MS,0,KE_sieve,0,unknown,0,KE_5rib
2024_10_08_11-59-19.jpg,2544,3434,GR_ulva,green_algae_ulva,TRUE,224,0.997,GR_ulva,0.002,KE_bull,0.001,MS,0,KE_sugar,0,RE_leaf
2024_10_08_11-59-19.jpg,1772,2711,GR_ulva,green_algae_ulva,TRUE,224,1,GR_ulva,0,KE_bull,0,RE_leaf,0,KE_5rib,0,KE_sugar
2024_10_08_11-59-19.jpg,2173,1021,Review,Review,TRUE,224,0.876,GR_ulva,0.122,unknown,0.001,SU_bould,0,KE_sieve,0,KE_sugar
2024_10_08_11-59-19.jpg,3667,674,GR_ulva,green_algae_ulva,TRUE,224,0.927,GR_ulva,0.071,unknown,0.001,RE_leaf,0,MS,0,KE_sugar
2024_10_08_11-59-19.jpg,968,360,Review,Review,TRUE,224,0.67,unknown,0.329,GR_ulva,0,KE_sieve,0,SU_silt,0,MS
2024_10_08_11-59-19.jpg,3833,4332,GR_ulva,green_algae_ulva,TRUE,224,0.99,GR_ulva,0.006,MS,0.002,BR_sarg,0.001,KE_sieve,0.001,BR_fucus
2024_10_08_11-59-19.jpg,343,3217,Review,Review,TRUE,224,0.826,SU_sand,0.169,SU_peb,0.002,GR_ulva,0.002,BR_sarg,0,SU_cob
2024_10_08_11-59-19.jpg,1996,930,GR_ulva,green_algae_ulva,TRUE,224,0.997,GR_ulva,0.002,KE_sieve,0.001,unknown,0.001,SU_bould,0,RE_fil
2024_10_08_11-59-19.jpg,2378,2501,GR_ulva,green_algae_ulva,TRUE,224,1,GR_ulva,0,KE_sieve,0,KE_stipe,0,BR_sarg,0,RE_leaf
2024_10_08_11-59-19.jpg,2456,2332,GR_ulva,green_algae_ulva,TRUE,224,1,GR_ulva,0,KE_sieve,0,BR_sarg,0,RE_fil,0,KE_sugar
2024_10_08_11-59-19.jpg,1064,3803,GR_ulva,green_algae_ulva,TRUE,224,1,GR_ulva,0,RE_leaf,0,BR_sarg,0,MS,0,SI_kelpBry
2024_10_08_11-59-19.jpg,1623,615,GR_ulva,green_algae_ulva,TRUE,224,1,GR_ulva,0,KE_sugar,0,RE_leaf,0,unknown,0,KE_5rib
2024_10_08_11-59-19.jpg,2815,546,Review,Review,TRUE,224,0.663,RE_leaf,0.279,KE_sugar,0.029,KE_5rib,0.012,RE_fil,0.01,MS
2024_10_08_11-59-19.jpg,532,3929,GR_ulva,green_algae_ulva,TRUE,224,1,GR_ulva,0,MS,0,SU_cob,0,RE_leaf,0,KE_stipe
2024_10_08_11-59-19.jpg,3825,2645,GR_ulva,green_algae_ulva,TRUE,224,1,GR_ulva,0,unknown,0,RE_leaf,0,BR_fucus,0,KE_stipe
2024_10_08_11-59-19.jpg,1967,3897,Review,Review,TRUE,224,0.845,SU_peb,0.152,GR_ulva,0.002,KE_bull,0,KE_stipe,0,SU_shell
2024_10_08_11-59-19.jpg,3510,1016,GR_ulva,green_algae_ulva,TRUE,224,0.998,GR_ulva,0.001,RE_leaf,0,KE_stipe,0,KE_bull,0,MS
2024_10_08_11-59-19.jpg,3907,2453,GR_ulva,green_algae_ulva,TRUE,224,0.997,GR_ulva,0.002,KE_sieve,0,unknown,0,RE_leaf,0,KE_stipe
2024_10_08_11-59-19.jpg,3590,3427,GR_ulva,green_algae_ulva,TRUE,224,1,GR_ulva,0,RE_leaf,0,KE_bull,0,KE_sieve,0,MS
2024_10_08_11-59-19.jpg,2501,804,RE_leaf,red_algae_flat_leaf,TRUE,224,0.945,RE_leaf,0.048,KE_stipe,0.004,MS,0.001,RE_fil,0.001,KE_bull
2024_10_08_11-59-19.jpg,816,3436,GR_ulva,green_algae_ulva,TRUE,224,1,GR_ulva,0,KE_stipe,0,unknown,0,KE_5rib,0,RE_leaf
2024_10_08_11-59-19.jpg,1223,2113,GR_ulva,green_algae_ulva,TRUE,224,1,GR_ulva,0,unknown,0,RE_fil,0,KE_sugar,0,RE_leaf
2024_10_08_11-59-19.jpg,932,1004,GR_ulva,green_algae_ulva,TRUE,224,0.999,GR_ulva,0.001,unknown,0,KE_5rib,0,KE_sugar,0,KE_stipe
2024_10_08_11-59-19.jpg,1668,978,GR_ulva,green_algae_ulva,TRUE,224,0.998,GR_ulva,0.001,MS,0,KE_5rib,0,RE_leaf,0,KE_sugar
2024_10_08_11-59-28.jpg,2672,3423,Review,Review,TRUE,224,0.74,SU_shell,0.196,SU_sand,0.049,SU_bould,0.009,SU_cob,0.003,MS
2024_10_08_11-59-28.jpg,2193,3263,Review,Review,TRUE,224,0.815,KE_stipe,0.135,SU_peb,0.05,KE_bull,0,GR_ulva,0,SU_shell
2024_10_08_11-59-28.jpg,1042,3796,GR_ulva,green_algae_ulva,TRUE,224,1,GR_ulva,0,RE_leaf,0,KE_sugar,0,KE_sieve,0,KE_bull
2024_10_08_11-59-28.jpg,3724,3388,GR_ulva,green_algae_ulva,TRUE,224,1,GR_ulva,0,KE_sieve,0,BR_sarg,0,BR_fucus,0,RE_leaf
2024_10_08_11-59-28.jpg,2651,2993,Review,Review,TRUE,224,0.485,SU_peb,0.397,SU_bould,0.068,MS,0.014,SU_sand,0.012,SU_shell
2024_10_08_11-59-28.jpg,2352,4363,Review,Review,TRUE,224,0.454,KE_stipe,0.283,MS,0.169,GR_ulva,0.059,BR_sarg,0.034,RE_bush
2024_10_08_11-59-28.jpg,548,3940,GR_ulva,green_algae_ulva,TRUE,224,1,GR_ulva,0,SI_kelpBry,0,unknown,0,KE_stipe,0,MS
2024_10_08_11-59-28.jpg,3170,4059,GR_ulva,green_algae_ulva,TRUE,224,0.999,GR_ulva,0,KE_stipe,0,KE_sieve,0,SU_bould,0,RE_bush
2024_10_08_11-59-28.jpg,1588,1235,SU_peb,pebble,TRUE,224,0.996,SU_peb,0.003,SU_shell,0,SU_cob,0,BR_fucus,0,SI
2024_10_08_11-59-28.jpg,2952,828,Review,Review,TRUE,224,0.673,GR_ulva,0.327,SU_peb,0,SU_cob,0,KE_stipe,0,BR_sarg
2024_10_08_11-59-28.jpg,3540,1566,Review,Review,TRUE,224,0.76,GR_ulva,0.153,SU_bould,0.063,KE_stipe,0.02,SU_peb,0.003,KE_bull
2024_10_08_11-59-28.jpg,1258,2321,Review,Review,TRUE,224,0.763,KE_bull,0.235,GR_ulva,0.001,KE_stipe,0,MS,0,RE_leaf
2024_10_08_11-59-28.jpg,1846,2468,RE_bush,red_algae_bushy,TRUE,224,0.996,RE_bush,0.002,SU_peb,0.002,SU_sand,0,GR_ulva,0,BR_sarg
2024_10_08_11-59-28.jpg,2899,4363,GR_ulva,green_algae_ulva,TRUE,224,0.997,GR_ulva,0.003,SU_peb,0,KE_stipe,0,BR_sarg,0,MS
2024_10_08_11-59-28.jpg,531,474,GR_ulva,green_algae_ulva,TRUE,224,1,GR_ulva,0,MS,0,KE_sugar,0,unknown,0,RE_leaf
2024_10_08_11-59-28.jpg,807,142,GR_ulva,green_algae_ulva,TRUE,224,1,GR_ulva,0,KE_sieve,0,unknown,0,RE_leaf,0,KE_stipe
2024_10_08_11-59-28.jpg,636,2339,GR_ulva,green_algae_ulva,TRUE,224,1,GR_ulva,0,KE_bull,0,KE_sieve,0,KE_stipe,0,BR_sarg
2024_10_08_11-59-28.jpg,1260,928,GR_ulva,green_algae_ulva,TRUE,224,0.995,GR_ulva,0.002,KE_sieve,0.001,SU_bould,0.001,KE_stipe,0,SU_cob
2024_10_08_11-59-28.jpg,3688,2972,RE_fil,red_algae_filamentous,TRUE,224,1,RE_fil,0,RE_bush,0,RE_branch,0,SU_bould,0,MS
2024_10_08_11-59-28.jpg,3422,1033,RE_fil,red_algae_filamentous,TRUE,224,0.995,RE_fil,0.002,KE_sugar,0.002,RE_bush,0.001,BR_sarg,0,RE_branch
2024_10_08_11-59-28.jpg,2627,4189,Review,Review,TRUE,224,0.807,SU_peb,0.118,SU_bould,0.062,KE_stipe,0.012,GR_ulva,0,MS
2024_10_08_11-59-28.jpg,3089,1241,Review,Review,TRUE,224,0.558,SU_shell,0.42,SU_peb,0.021,MS,0,KE_stipe,0,SU_cob
2024_10_08_11-59-28.jpg,1800,1177,SU_peb,pebble,TRUE,224,0.986,SU_peb,0.014,SU_cob,0,SU_shell,0,KE_stipe,0,GR_ulva
2024_10_08_11-59-28.jpg,952,1877,GR_ulva,green_algae_ulva,TRUE,224,1,GR_ulva,0,KE_sieve,0,BR_fucus,0,RE_branch,0,BR_sarg
2024_10_08_11-59-28.jpg,2819,2638,Review,Review,TRUE,224,0.806,GR_ulva,0.146,KE_bull,0.043,KE_stipe,0.001,RE_CCA,0.001,RE_fil
2024_10_08_11-59-28.jpg,608,2522,GR_ulva,green_algae_ulva,TRUE,224,1,GR_ulva,0,KE_bull,0,BR_sarg,0,KE_sugar,0,KE_stipe
2024_10_08_11-59-28.jpg,3697,4026,GR_ulva,green_algae_ulva,TRUE,224,1,GR_ulva,0,unknown,0,KE_stipe,0,MS,0,SU_silt
2024_10_08_11-59-28.jpg,1290,2117,GR_ulva,green_algae_ulva,TRUE,224,0.999,GR_ulva,0,KE_sieve,0,SU_bould,0,KE_bull,0,KE_stipe
2024_10_08_11-59-28.jpg,644,4288,GR_ulva,green_algae_ulva,TRUE,224,1,GR_ulva,0,KE_bull,0,SI_kelpBry,0,MS,0,SI
2024_10_08_11-59-28.jpg,382,3481,GR_ulva,green_algae_ulva,TRUE,224,1,GR_ulva,0,RE_leaf,0,unknown,0,KE_sugar,0,SU_cob
2024_10_08_11-59-28.jpg,466,4196,GR_ulva,green_algae_ulva,TRUE,224,1,GR_ulva,0,KE_bull,0,SI,0,KE_stipe,0,MS
2024_10_08_11-59-28.jpg,393,1733,GR_ulva,green_algae_ulva,TRUE,224,1,GR_ulva,0,BR_fucus,0,BR_sarg,0,SU_bould,0,KE_bull
2024_10_08_11-59-28.jpg,2496,4435,Review,Review,TRUE,224,0.401,SU_cob,0.37,SU_bould,0.17,SU_peb,0.017,RE_bush,0.013,MS
2024_10_08_11-59-28.jpg,644,3649,GR_ulva,green_algae_ulva,TRUE,224,1,GR_ulva,0,KE_sieve,0,unknown,0,RE_leaf,0,BR_sarg
2024_10_08_11-59-28.jpg,754,2829,GR_ulva,green_algae_ulva,TRUE,224,0.998,GR_ulva,0.002,KE_bull,0,KE_5rib,0,MS,0,RE_leaf
2024_10_08_11-59-28.jpg,2286,2695,GR_ulva,green_algae_ulva,TRUE,224,0.997,GR_ulva,0.003,KE_stipe,0,KE_bull,0,SU_peb,0,KE_sugar
2024_10_08_11-59-28.jpg,3538,625,RE_branch,red_algae_branching,TRUE,224,0.918,RE_branch,0.055,RE_fil,0.02,BR_sarg,0.006,RE_bush,0.001,RE_leaf
2024_10_08_11-59-28.jpg,880,2793,GR_ulva,green_algae_ulva,TRUE,224,1,GR_ulva,0,KE_bull,0,KE_5rib,0,RE_leaf,0,KE_sieve
2024_10_08_11-59-28.jpg,501,586,GR_ulva,green_algae_ulva,TRUE,224,1,GR_ulva,0,MS,0,RE_leaf,0,unknown,0,KE_sieve
2024_10_08_11-59-28.jpg,588,2988,GR_ulva,green_algae_ulva,TRUE,224,1,GR_ulva,0,KE_sieve,0,KE_bull,0,RE_leaf,0,KE_5rib
2024_10_08_11-59-28.jpg,609,744,GR_ulva,green_algae_ulva,TRUE,224,0.999,GR_ulva,0,KE_sieve,0,unknown,0,MS,0,KE_5rib
2024_10_08_11-59-28.jpg,1566,4022,GR_ulva,green_algae_ulva,TRUE,224,1,GR_ulva,0,KE_5rib,0,RE_leaf,0,MS,0,SI
2024_10_08_11-59-28.jpg,2088,3774,GR_ulva,green_algae_ulva,TRUE,224,1,GR_ulva,0,RE_leaf,0,KE_5rib,0,BR_sarg,0,MS
2024_10_08_11-59-28.jpg,1201,2600,GR_ulva,green_algae_ulva,TRUE,224,1,GR_ulva,0,KE_sieve,0,KE_bull,0,KE_sugar,0,BR_sarg
2024_10_08_11-59-28.jpg,303,2153,Review,Review,TRUE,224,0.791,GR_ulva,0.123,KE_bull,0.041,BR_fucus,0.017,KE_stipe,0.012,RE_leaf
2024_10_08_11-59-28.jpg,3360,236,Review,Review,TRUE,224,0.383,SU_shell,0.356,MS,0.2,SU_peb,0.048,SU_silt,0.007,SU_cob
2024_10_08_11-59-28.jpg,3660,2149,SU_cob,cobble,TRUE,224,0.905,SU_cob,0.069,SU_bould,0.011,KE_stipe,0.005,RE_fil,0.004,SU_peb
2024_10_08_11-59-28.jpg,3298,3225,SU_cob,cobble,TRUE,224,0.992,SU_cob,0.005,SU_bould,0.002,SU_shell,0.001,MS,0,RE_CCA
2024_10_08_11-59-28.jpg,3528,1769,Review,Review,TRUE,224,0.459,SU_cob,0.424,BR_sarg,0.11,SU_bould,0.005,SU_sand,0.001,SU_peb
2024_10_08_11-59-28.jpg,997,2023,GR_ulva,green_algae_ulva,TRUE,224,1,GR_ulva,0,KE_sugar,0,KE_sieve,0,KE_bull,0,BR_sarg
2024_10_08_11-59-37.jpg,2470,114,RE_leaf,red_algae_flat_leaf,TRUE,224,0.969,RE_leaf,0.022,MS,0.004,GR_ulva,0.002,RE_branch,0.001,unknown
2024_10_08_11-59-37.jpg,1742,3254,RE_leaf,red_algae_flat_leaf,TRUE,224,0.999,RE_leaf,0.001,RE_fil,0,RE_CCA,0,SU_peb,0,RE_branch
2024_10_08_11-59-37.jpg,3165,179,GR_ulva,green_algae_ulva,TRUE,224,0.982,GR_ulva,0.018,unknown,0,KE_sieve,0,KE_stipe,0,KE_5rib
2024_10_08_11-59-37.jpg,1679,3095,Review,Review,TRUE,224,0.573,RE_branch,0.315,RE_fil,0.109,RE_leaf,0.001,RE_CCA,0.001,SU_peb
2024_10_08_11-59-37.jpg,1647,3401,RE_branch,red_algae_branching,TRUE,224,0.923,RE_branch,0.07,RE_leaf,0.003,MS,0.002,BR_sarg,0.001,RE_fil
2024_10_08_11-59-37.jpg,2489,1454,GR_ulva,green_algae_ulva,TRUE,224,0.999,GR_ulva,0.001,KE_bull,0,RE_leaf,0,KE_5rib,0,KE_sugar
2024_10_08_11-59-37.jpg,3358,304,Review,Review,TRUE,224,0.661,GR_ulva,0.338,unknown,0,KE_stipe,0,KE_sieve,0,MS
2024_10_08_11-59-37.jpg,2040,1000,GR_ulva,green_algae_ulva,TRUE,224,1,GR_ulva,0,MS,0,KE_bull,0,KE_sugar,0,unknown
2024_10_08_11-59-37.jpg,3877,3670,Review,Review,TRUE,224,0.803,KE_5rib,0.048,MS,0.041,KE_sugar,0.039,RE_leaf,0.036,SU_cob
2024_10_08_11-59-37.jpg,2265,3250,RE_fil,red_algae_filamentous,TRUE,224,1,RE_fil,0,RE_leaf,0,RE_branch,0,RE_CCA,0,KE_sieve
2024_10_08_11-59-37.jpg,2966,3478,Review,Review,TRUE,224,0.845,RE_branch,0.12,RE_bush,0.032,RE_fil,0.001,MS,0.001,SU_bould
2024_10_08_11-59-37.jpg,1814,1957,GR_ulva,green_algae_ulva,TRUE,224,0.955,GR_ulva,0.029,KE_bull,0.015,SI,0,KE_sieve,0,BR_fucus
2024_10_08_11-59-37.jpg,3204,1083,RE_bush,red_algae_bushy,TRUE,224,0.982,RE_bush,0.007,RE_branch,0.004,RE_fil,0.004,RE_leaf,0.002,MS
2024_10_08_11-59-37.jpg,770,1154,Review,Review,TRUE,224,0.547,KE_sugar,0.311,KE_5rib,0.078,BR_sarg,0.057,RE_bush,0.003,KE_stipe
2024_10_08_11-59-37.jpg,1067,3314,RE_branch,red_algae_branching,TRUE,224,1,RE_branch,0,RE_fil,0,BR_sarg,0,RE_bush,0,RE_leaf
2024_10_08_11-59-37.jpg,1984,2690,RE_branch,red_algae_branching,TRUE,224,0.995,RE_branch,0.005,BR_sarg,0,RE_fil,0,RE_leaf,0,RE_CCA
2024_10_08_11-59-37.jpg,3706,491,RE_leaf,red_algae_flat_leaf,TRUE,224,0.998,RE_leaf,0.002,KE_5rib,0,RE_fil,0,KE_stipe,0,MS
2024_10_08_11-59-37.jpg,3313,2121,GR_ulva,green_algae_ulva,TRUE,224,1,GR_ulva,0,RE_leaf,0,KE_bull,0,KE_5rib,0,unknown
2024_10_08_11-59-37.jpg,3408,1970,RE_leaf,red_algae_flat_leaf,TRUE,224,1,RE_leaf,0,GR_ulva,0,KE_bull,0,KE_5rib,0,MS
2024_10_08_11-59-37.jpg,2845,305,Review,Review,TRUE,224,0.693,GR_ulva,0.305,unknown,0.001,KE_sieve,0,MS,0,KE_stipe
2024_10_08_11-59-37.jpg,1647,3931,Review,Review,TRUE,224,0.836,KE_stipe,0.083,KE_bull,0.07,GR_ulva,0.004,SU_cob,0.003,SU_bould
2024_10_08_11-59-37.jpg,929,195,GR_ulva,green_algae_ulva,TRUE,224,0.999,GR_ulva,0,KE_stipe,0,unknown,0,KE_sieve,0,RE_leaf
2024_10_08_11-59-37.jpg,2436,2236,GR_ulva,green_algae_ulva,TRUE,224,1,GR_ulva,0,RE_leaf,0,KE_5rib,0,KE_sugar,0,SI_kelpBry
2024_10_08_11-59-37.jpg,3591,2272,GR_ulva,green_algae_ulva,TRUE,224,1,GR_ulva,0,RE_leaf,0,BR_sarg,0,BR_fucus,0,SI_kelpBry
2024_10_08_11-59-37.jpg,1101,1173,Review,Review,TRUE,224,0.615,SU_cob,0.252,KE_stipe,0.103,GR_ulva,0.012,SU_peb,0.009,RE_fil
2024_10_08_11-59-37.jpg,342,616,RE_branch,red_algae_branching,TRUE,224,0.944,RE_branch,0.053,RE_bush,0.002,RE_fil,0,BR_sarg,0,RE_CCA
2024_10_08_11-59-37.jpg,3786,1056,RE_leaf,red_algae_flat_leaf,TRUE,224,1,RE_leaf,0,RE_branch,0,MS,0,KE_5rib,0,GR_ulva
2024_10_08_11-59-37.jpg,269,3971,GR_ulva,green_algae_ulva,TRUE,224,0.999,GR_ulva,0.001,SI,0,RE_leaf,0,BR_sarg,0,BR_fucus
2024_10_08_11-59-37.jpg,3916,2233,Review,Review,TRUE,224,0.899,GR_ulva,0.096,KE_stipe,0.003,KE_bull,0.001,BR_sarg,0,KE_holdfas
2024_10_08_11-59-37.jpg,2912,3649,GR_ulva,green_algae_ulva,TRUE,224,1,GR_ulva,0,BR_fucus,0,MS,0,KE_stipe,0,KE_bull
2024_10_08_11-59-37.jpg,885,2869,RE_branch,red_algae_branching,TRUE,224,1,RE_branch,0,RE_fil,0,RE_leaf,0,BR_sarg,0,MS
2024_10_08_11-59-37.jpg,3623,1656,Review,Review,TRUE,224,0.804,GR_ulva,0.178,RE_leaf,0.017,SI,0.001,KE_bull,0,MS
2024_10_08_11-59-37.jpg,2905,1393,RE_leaf,red_algae_flat_leaf,TRUE,224,1,RE_leaf,0,KE_sugar,0,RE_fil,0,MS,0,RE_CCA
2024_10_08_11-59-37.jpg,2766,2361,GR_ulva,green_algae_ulva,TRUE,224,1,GR_ulva,0,RE_leaf,0,KE_5rib,0,KE_sugar,0,unknown
2024_10_08_11-59-37.jpg,601,4100,GR_ulva,green_algae_ulva,TRUE,224,0.978,GR_ulva,0.008,unknown,0.005,KE_sugar,0.002,RE_leaf,0.002,BR_sarg
2024_10_08_11-59-37.jpg,1276,1847,GR_ulva,green_algae_ulva,TRUE,224,0.934,GR_ulva,0.063,SU_bould,0.001,KE_stipe,0.001,KE_bull,0,BR_sarg
2024_10_08_11-59-37.jpg,2510,1931,GR_ulva,green_algae_ulva,TRUE,224,0.991,GR_ulva,0.009,KE_stipe,0,KE_bull,0,BR_sarg,0,RE_leaf
2024_10_08_11-59-37.jpg,3301,2955,Review,Review,TRUE,224,0.306,MS,0.239,SU_peb,0.23,SU_sand,0.142,SU_cob,0.021,SU_shell
2024_10_08_11-59-37.jpg,3468,3491,Review,Review,TRUE,224,0.864,RE_bush,0.12,RE_leaf,0.011,KE_stipe,0.003,RE_fil,0.001,SU_bould
2024_10_08_11-59-37.jpg,1650,465,GR_ulva,green_algae_ulva,TRUE,224,1,GR_ulva,0,unknown,0,BR_sarg,0,SU_bould,0,KE_stipe
2024_10_08_11-59-37.jpg,916,2236,GR_ulva,green_algae_ulva,TRUE,224,0.985,GR_ulva,0.013,KE_bull,0.001,RE_leaf,0,KE_sugar,0,RE_CCA
2024_10_08_11-59-37.jpg,2234,591,GR_ulva,green_algae_ulva,TRUE,224,1,GR_ulva,0,KE_stipe,0,KE_bull,0,KE_5rib,0,RE_fil
2024_10_08_11-59-37.jpg,2667,2136,GR_ulva,green_algae_ulva,TRUE,224,1,GR_ulva,0,RE_leaf,0,unknown,0,KE_5rib,0,KE_sugar
2024_10_08_11-59-37.jpg,570,390,Review,Review,TRUE,224,0.877,KE_sugar,0.072,RE_fil,0.019,RE_leaf,0.013,GR_ulva,0.008,KE_stipe
2024_10_08_11-59-37.jpg,3872,275,Review,Review,TRUE,224,0.472,GR_ulva,0.302,RE_leaf,0.224,MS,0.001,KE_stipe,0,unknown
2024_10_08_11-59-37.jpg,707,3434,Review,Review,TRUE,224,0.867,RE_fil,0.105,MS,0.015,GR_ulva,0.004,RE_leaf,0.003,RE_branch
2024_10_08_11-59-37.jpg,117,2065,GR_ulva,green_algae_ulva,TRUE,224,0.993,GR_ulva,0.006,KE_bull,0,KE_stipe,0,SI,0,KE_sieve
2024_10_08_11-59-37.jpg,2024,4482,GR_ulva,green_algae_ulva,TRUE,224,1,GR_ulva,0,KE_5rib,0,unknown,0,KE_stipe,0,RE_leaf
2024_10_08_11-59-37.jpg,2899,869,RE_leaf,red_algae_flat_leaf,TRUE,224,1,RE_leaf,0,RE_branch,0,RE_fil,0,MS,0,RE_CCA
2024_10_08_11-59-37.jpg,2135,335,GR_ulva,green_algae_ulva,TRUE,224,0.955,GR_ulva,0.018,unknown,0.011,RE_leaf,0.006,KE_sugar,0.006,KE_stipe
2024_10_08_11-59-46.jpg,2789,3381,RE_branch,red_algae_branching,TRUE,224,1,RE_branch,0,BR_sarg,0,RE_leaf,0,MS,0,RE_CCA
2024_10_08_11-59-46.jpg,3186,239,GR_ulva,green_algae_ulva,TRUE,224,0.99,GR_ulva,0.008,unknown,0.001,KE_stipe,0,KE_sieve,0,MS
2024_10_08_11-59-46.jpg,2403,930,GR_ulva,green_algae_ulva,TRUE,224,0.999,GR_ulva,0.001,KE_bull,0,SU_peb,0,BR_sarg,0,KE_5rib
2024_10_08_11-59-46.jpg,1698,1238,Review,Review,TRUE,224,0.573,SU_peb,0.363,SU_sand,0.055,SU_cob,0.006,GR_ulva,0.002,MS
2024_10_08_11-59-46.jpg,1356,2087,Review,Review,TRUE,224,0.659,SU_peb,0.256,RE_bush,0.081,GR_ulva,0.003,KE_bull,0.001,KE_stipe
2024_10_08_11-59-46.jpg,902,2238,Review,Review,TRUE,224,0.458,RE_bush,0.228,SU_peb,0.141,SU_sand,0.077,SU_shell,0.077,SU_cob
2024_10_08_11-59-46.jpg,2036,167,GR_ulva,green_algae_ulva,TRUE,224,0.998,GR_ulva,0.001,unknown,0,KE_sugar,0,KE_sieve,0,RE_fil
2024_10_08_11-59-46.jpg,2257,4256,GR_ulva,green_algae_ulva,TRUE,224,1,GR_ulva,0,KE_sugar,0,KE_sieve,0,MS,0,RE_fil
2024_10_08_11-59-46.jpg,1888,4386,RE_branch,red_algae_branching,TRUE,224,0.976,RE_branch,0.024,RE_fil,0,RE_bush,0,RE_CCA,0,BR_sarg
2024_10_08_11-59-46.jpg,2643,3099,Review,Review,TRUE,224,0.51,BR_sarg,0.232,RE_branch,0.121,MS,0.103,RE_bush,0.012,KE_bull
2024_10_08_11-59-46.jpg,3155,1297,GR_ulva,green_algae_ulva,TRUE,224,1,GR_ulva,0,RE_leaf,0,KE_5rib,0,KE_bull,0,BR_sarg
2024_10_08_11-59-46.jpg,2098,3430,GR_ulva,green_algae_ulva,TRUE,224,1,GR_ulva,0,KE_bull,0,RE_leaf,0,KE_sugar,0,KE_sieve
2024_10_08_11-59-46.jpg,2036,1943,RE_branch,red_algae_branching,TRUE,224,0.968,RE_branch,0.028,RE_bush,0.002,RE_leaf,0.001,MS,0,KE_stipe
2024_10_08_11-59-46.jpg,2179,2204,Review,Review,TRUE,224,0.54,SU_peb,0.322,SU_bould,0.098,SU_cob,0.028,GR_ulva,0.008,KE_stipe
2024_10_08_11-59-46.jpg,1579,3199,GR_ulva,green_algae_ulva,TRUE,224,1,GR_ulva,0,KE_bull,0,KE_5rib,0,KE_sieve,0,RE_leaf
2024_10_08_11-59-46.jpg,3629,4483,GR_ulva,green_algae_ulva,TRUE,224,0.999,GR_ulva,0,MS,0,KE_stipe,0,RE_leaf,0,KE_bull
2024_10_08_11-59-46.jpg,3141,3998,RE_fil,red_algae_filamentous,TRUE,224,0.966,RE_fil,0.022,MS,0.005,SU_cob,0.005,KE_stipe,0.001,KE_holdfas
2024_10_08_11-59-46.jpg,370,3319,SU_peb,pebble,TRUE,224,0.947,SU_peb,0.039,SU_shell,0.015,SU_sand,0,SU_cob,0,MS
2024_10_08_11-59-46.jpg,654,1730,RE_fil,red_algae_filamentous,TRUE,224,0.994,RE_fil,0.004,RE_CCA,0.001,SU_bould,0.001,RE_bush,0,KE_sugar
2024_10_08_11-59-46.jpg,255,328,GR_ulva,green_algae_ulva,TRUE,224,0.979,GR_ulva,0.021,unknown,0,MS,0,RE_leaf,0,KE_5rib
2024_10_08_11-59-46.jpg,1558,2606,GR_ulva,green_algae_ulva,TRUE,224,1,GR_ulva,0,SU_peb,0,KE_5rib,0,KE_bull,0,SI
2024_10_08_11-59-46.jpg,951,3964,GR_ulva,green_algae_ulva,TRUE,224,1,GR_ulva,0,KE_sieve,0,unknown,0,BR_sarg,0,KE_5rib
2024_10_08_11-59-46.jpg,692,245,GR_ulva,green_algae_ulva,TRUE,224,0.99,GR_ulva,0.01,unknown,0,MS,0,KE_sugar,0,RE_leaf
2024_10_08_11-59-46.jpg,1048,2616,SU_peb,pebble,TRUE,224,0.964,SU_peb,0.03,GR_ulva,0.006,KE_bull,0,KE_stipe,0,SU_bould
2024_10_08_11-59-46.jpg,2443,1306,Review,Review,TRUE,224,0.864,SU_peb,0.133,SU_cob,0.001,GR_ulva,0.001,KE_stipe,0,MS
2024_10_08_11-59-46.jpg,1862,3643,GR_ulva,green_algae_ulva,TRUE,224,1,GR_ulva,0,KE_sieve,0,KE_stipe,0,RE_fil,0,BR_sarg
2024_10_08_11-59-46.jpg,3405,802,GR_ulva,green_algae_ulva,TRUE,224,0.992,GR_ulva,0.005,KE_stipe,0.003,MS,0,KE_bull,0,RE_branch
2024_10_08_11-59-46.jpg,143,794,GR_ulva,green_algae_ulva,TRUE,224,0.999,GR_ulva,0,unknown,0,KE_stipe,0,KE_5rib,0,SU_bould
2024_10_08_11-59-46.jpg,380,1430,Review,Review,TRUE,224,0.711,RE_branch,0.286,RE_bush,0.001,RE_CCA,0.001,RE_fil,0,KE_holdfas
2024_10_08_11-59-46.jpg,1907,3504,GR_ulva,green_algae_ulva,TRUE,224,1,GR_ulva,0,RE_fil,0,MS,0,unknown,0,KE_stipe
2024_10_08_11-59-46.jpg,935,3691,GR_ulva,green_algae_ulva,TRUE,224,1,GR_ulva,0,KE_sieve,0,BR_fucus,0,BR_sarg,0,KE_stipe
2024_10_08_11-59-46.jpg,3620,4231,MS,mobile_species,TRUE,224,0.993,MS,0.007,GR_ulva,0,KE_stipe,0,RE_leaf,0,KE_bull
2024_10_08_11-59-46.jpg,1572,3377,GR_ulva,green_algae_ulva,TRUE,224,1,GR_ulva,0,MS,0,KE_sieve,0,unknown,0,KE_sugar
2024_10_08_11-59-46.jpg,1764,3790,GR_ulva,green_algae_ulva,TRUE,224,0.962,GR_ulva,0.03,unknown,0.003,KE_sugar,0.001,MS,0.001,SU_bould
2024_10_08_11-59-46.jpg,3413,1488,RE_fil,red_algae_filamentous,TRUE,224,0.999,RE_fil,0.001,RE_branch,0,RE_bush,0,BR_sarg,0,RE_leaf
2024_10_08_11-59-46.jpg,568,3533,Review,Review,TRUE,224,0.457,KE_bull,0.198,KE_stipe,0.178,GR_ulva,0.116,BR_fucus,0.04,BR_sarg
2024_10_08_11-59-46.jpg,2712,1873,RE_fil,red_algae_filamentous,TRUE,224,1,RE_fil,0,RE_branch,0,MS,0,BR_sarg,0,RE_CCA
2024_10_08_11-59-46.jpg,2031,2623,Review,Review,TRUE,224,0.768,SU_cob,0.202,SU_shell,0.02,SU_peb,0.007,GR_ulva,0.001,KE_sugar
2024_10_08_11-59-46.jpg,1593,4040,GR_ulva,green_algae_ulva,TRUE,224,1,GR_ulva,0,RE_leaf,0,MS,0,KE_stipe,0,SU_peb
2024_10_08_11-59-46.jpg,1989,758,GR_ulva,green_algae_ulva,TRUE,224,1,GR_ulva,0,KE_stipe,0,unknown,0,KE_sieve,0,SU_bould
2024_10_08_11-59-46.jpg,1900,2519,SU_peb,pebble,TRUE,224,0.999,SU_peb,0.001,GR_ulva,0,KE_bull,0,KE_stipe,0,KE_5rib
2024_10_08_11-59-46.jpg,1622,552,GR_ulva,green_algae_ulva,TRUE,224,1,GR_ulva,0,unknown,0,KE_stipe,0,KE_sugar,0,KE_5rib
2024_10_08_11-59-46.jpg,2926,2709,GR_ulva,green_algae_ulva,TRUE,224,1,GR_ulva,0,KE_bull,0,KE_stipe,0,RE_leaf,0,MS
2024_10_08_11-59-46.jpg,258,966,GR_ulva,green_algae_ulva,TRUE,224,0.975,GR_ulva,0.021,BR_fucus,0.002,KE_stipe,0.001,RE_fil,0.001,RE_bush
2024_10_08_11-59-46.jpg,1842,1486,Review,Review,TRUE,224,0.532,GR_ulva,0.21,KE_stipe,0.188,SU_bould,0.023,RE_fil,0.019,BR_sarg
2024_10_08_11-59-46.jpg,1366,3052,GR_ulva,green_algae_ulva,TRUE,224,1,GR_ulva,0,KE_5rib,0,RE_leaf,0,KE_sugar,0,MS
2024_10_08_11-59-46.jpg,3546,177,unknown,unknown_area,TRUE,224,0.994,unknown,0.006,GR_ulva,0,KE_stipe,0,MS,0,KE_5rib
2024_10_08_11-59-46.jpg,1281,924,Review,Review,TRUE,224,0.572,KE_sugar,0.152,KE_sieve,0.138,SU_bould,0.051,SU_cob,0.026,BR_fucus
2024_10_08_11-59-46.jpg,3056,166,Review,Review,TRUE,224,0.419,BR_fucus,0.402,GR_ulva,0.083,KE_sugar,0.039,KE_sieve,0.015,RE_bush
2024_10_08_11-59-46.jpg,2855,3165,RE_branch,red_algae_branching,TRUE,224,1,RE_branch,0,RE_bush,0,KE_holdfas,0,BR_sarg,0,MS
2024_10_08_11-59-55.jpg,1905,3847,GR_ulva,green_algae_ulva,TRUE,224,1,GR_ulva,0,KE_sieve,0,BR_sarg,0,SU_peb,0,KE_stipe
2024_10_08_11-59-55.jpg,2490,2477,RE_leaf,red_algae_flat_leaf,TRUE,224,0.998,RE_leaf,0.002,MS,0,KE_bull,0,RE_fil,0,SU_peb
2024_10_08_11-59-55.jpg,1807,375,GR_ulva,green_algae_ulva,TRUE,224,1,GR_ulva,0,BR_sarg,0,KE_stipe,0,BR_fucus,0,KE_sieve
2024_10_08_11-59-55.jpg,1330,3961,GR_ulva,green_algae_ulva,TRUE,224,1,GR_ulva,0,BR_fucus,0,unknown,0,KE_holdfas,0,RE_leaf
2024_10_08_11-59-55.jpg,3252,3060,RE_branch,red_algae_branching,TRUE,224,1,RE_branch,0,BR_sarg,0,RE_bush,0,MS,0,SU_bould
2024_10_08_11-59-55.jpg,264,730,GR_ulva,green_algae_ulva,TRUE,224,1,GR_ulva,0,unknown,0,RE_leaf,0,KE_5rib,0,MS
2024_10_08_11-59-55.jpg,1477,244,GR_ulva,green_algae_ulva,TRUE,224,1,GR_ulva,0,KE_stipe,0,KE_bull,0,MS,0,SU_peb
2024_10_08_11-59-55.jpg,211,3256,Review,Review,TRUE,224,0.745,RE_fil,0.175,KE_5rib,0.031,KE_stipe,0.022,RE_leaf,0.012,GR_ulva
2024_10_08_11-59-55.jpg,3110,1374,GR_ulva,green_algae_ulva,TRUE,224,0.926,GR_ulva,0.044,KE_stipe,0.011,BR_sarg,0.008,MS,0.006,SU_bould
2024_10_08_11-59-55.jpg,3796,3346,RE_branch,red_algae_branching,TRUE,224,0.995,RE_branch,0.003,RE_bush,0.001,BR_sarg,0,RE_leaf,0,MS
2024_10_08_11-59-55.jpg,1433,696,GR_ulva,green_algae_ulva,TRUE,224,1,GR_ulva,0,unknown,0,KE_stipe,0,KE_sugar,0,RE_fil
2024_10_08_11-59-55.jpg,1673,840,GR_ulva,green_algae_ulva,TRUE,224,0.98,GR_ulva,0.007,KE_stipe,0.007,KE_bull,0.003,RE_branch,0.001,BR_sarg
2024_10_08_11-59-55.jpg,3862,978,Review,Review,TRUE,224,0.624,SU_peb,0.367,KE_stipe,0.004,GR_ulva,0.002,MS,0.001,SU_bould
2024_10_08_11-59-55.jpg,1571,1190,RE_branch,red_algae_branching,TRUE,224,0.999,RE_branch,0.001,RE_fil,0,RE_bush,0,BR_sarg,0,SU_bould
2024_10_08_11-59-55.jpg,2115,3861,Review,Review,TRUE,224,0.579,SU_bould,0.194,GR_ulva,0.188,RE_branch,0.015,SU_cob,0.009,KE_stipe
2024_10_08_11-59-55.jpg,657,964,GR_ulva,green_algae_ulva,TRUE,224,1,GR_ulva,0,unknown,0,KE_sieve,0,KE_stipe,0,BR_fucus
2024_10_08_11-59-55.jpg,3709,511,Review,Review,TRUE,224,0.637,SU_cob,0.34,SU_bould,0.01,MS,0.004,SU_peb,0.002,SU_shell
2024_10_08_11-59-55.jpg,731,141,Review,Review,TRUE,224,0.709,RE_bush,0.173,KE_stipe,0.052,GR_ulva,0.032,KE_5rib,0.022,MS
2024_10_08_11-59-55.jpg,1856,1550,GR_ulva,green_algae_ulva,TRUE,224,1,GR_ulva,0,KE_sieve,0,KE_stipe,0,KE_bull,0,MS
2024_10_08_11-59-55.jpg,3660,1524,MS,mobile_species,TRUE,224,0.984,MS,0.005,RE_CCA,0.004,SU_cob,0.003,RE_branch,0.002,SU_peb
2024_10_08_11-59-55.jpg,547,1796,GR_ulva,green_algae_ulva,TRUE,224,1,GR_ulva,0,RE_leaf,0,KE_bull,0,KE_5rib,0,KE_stipe
2024_10_08_11-59-55.jpg,3598,259,SU_silt,silt,TRUE,224,0.957,SU_silt,0.032,MS,0.004,SU_shell,0.003,RE_bush,0.002,SU_cob
2024_10_08_11-59-55.jpg,3847,2698,GR_ulva,green_algae_ulva,TRUE,224,1,GR_ulva,0,KE_bull,0,SU_bould,0,SI,0,MS
2024_10_08_11-59-55.jpg,1684,985,RE_branch,red_algae_branching,TRUE,224,0.975,RE_branch,0.013,RE_bush,0.009,BR_sarg,0.001,KE_holdfas,0,BR_fucus
2024_10_08_11-59-55.jpg,1302,363,GR_ulva,green_algae_ulva,TRUE,224,0.999,GR_ulva,0.001,unknown,0,RE_leaf,0,KE_5rib,0,KE_sugar
2024_10_08_11-59-55.jpg,2397,1088,GR_ulva,green_algae_ulva,TRUE,224,1,GR_ulva,0,BR_sarg,0,BR_fucus,0,KE_stipe,0,SU_bould
2024_10_08_11-59-55.jpg,2856,2804,Review,Review,TRUE,224,0.66,RE_branch,0.264,RE_leaf,0.033,MS,0.031,RE_fil,0.007,KE_stipe
2024_10_08_11-59-55.jpg,1692,1735,Review,Review,TRUE,224,0.629,SU_bould,0.163,KE_stipe,0.129,RE_fil,0.049,MS,0.011,BR_sarg
2024_10_08_11-59-55.jpg,1637,2911,RE_leaf,red_algae_flat_leaf,TRUE,224,0.989,RE_leaf,0.011,RE_fil,0,KE_sugar,0,MS,0,SU_bould
2024_10_08_11-59-55.jpg,2717,1342,GR_ulva,green_algae_ulva,TRUE,224,1,GR_ulva,0,KE_sieve,0,KE_sugar,0,KE_5rib,0,RE_fil
2024_10_08_11-59-55.jpg,883,740,GR_ulva,green_algae_ulva,TRUE,224,0.998,GR_ulva,0.001,unknown,0,KE_stipe,0,KE_sieve,0,RE_leaf
2024_10_08_11-59-55.jpg,3138,401,Review,Review,TRUE,224,0.612,SU_silt,0.136,RE_bush,0.132,SU_bould,0.062,SU_peb,0.042,MS
2024_10_08_11-59-55.jpg,2346,3994,RE_branch,red_algae_branching,TRUE,224,0.925,RE_branch,0.062,BR_sarg,0.013,RE_bush,0,RE_fil,0,SU_cob
2024_10_08_11-59-55.jpg,3870,679,Review,Review,TRUE,224,0.813,SU_bould,0.173,SU_cob,0.007,SU_peb,0.006,SU_silt,0.001,SU_shell
2024_10_08_11-59-55.jpg,1467,1670,RE_fil,red_algae_filamentous,TRUE,224,0.998,RE_fil,0.002,RE_branch,0,BR_sarg,0,KE_sieve,0,RE_bush
2024_10_08_11-59-55.jpg,411,1510,GR_ulva,green_algae_ulva,TRUE,224,0.999,GR_ulva,0.001,unknown,0,KE_sieve,0,RE_leaf,0,KE_stipe
2024_10_08_11-59-55.jpg,2547,2165,SU_peb,pebble,TRUE,224,1,SU_peb,0,GR_ulva,0,KE_bull,0,RE_bush,0,SU_bould
2024_10_08_11-59-55.jpg,903,2450,SU_peb,pebble,TRUE,224,0.997,SU_peb,0.001,SU_shell,0.001,KE_bull,0,SU_cob,0,SU_silt
2024_10_08_11-59-55.jpg,3537,4423,MS,mobile_species,TRUE,224,0.937,MS,0.031,RE_leaf,0.025,GR_ulva,0.002,KE_stipe,0.001,RE_fil
2024_10_08_11-59-55.jpg,1719,2564,RE_leaf,red_algae_flat_leaf,TRUE,224,0.971,RE_leaf,0.029,RE_fil,0,RE_bush,0,KE_sugar,0,RE_branch
2024_10_08_11-59-55.jpg,788,3192,Review,Review,TRUE,224,0.883,RE_leaf,0.049,SU_cob,0.026,KE_sugar,0.018,KE_stipe,0.016,MS
2024_10_08_11-59-55.jpg,1516,509,GR_ulva,green_algae_ulva,TRUE,224,0.997,GR_ulva,0.003,unknown,0,KE_sieve,0,KE_5rib,0,KE_sugar
2024_10_08_11-59-55.jpg,3081,915,SU_peb,pebble,TRUE,224,0.995,SU_peb,0.004,SU_cob,0.001,SU_sand,0,GR_ulva,0,SU_bould
2024_10_08_11-59-55.jpg,3163,1904,GR_ulva,green_algae_ulva,TRUE,224,1,GR_ulva,0,KE_sieve,0,KE_bull,0,RE_leaf,0,KE_5rib
2024_10_08_11-59-55.jpg,669,681,GR_ulva,green_algae_ulva,TRUE,224,1,GR_ulva,0,unknown,0,KE_sieve,0,KE_stipe,0,RE_leaf
2024_10_08_11-59-55.jpg,1364,2249,BR_sarg,brown_algae_sargassum,TRUE,224,0.926,BR_sarg,0.056,SU_bould,0.012,KE_holdfas,0.004,SU_sand,0.002,SU_cob
2024_10_08_11-59-55.jpg,272,609,GR_ulva,green_algae_ulva,TRUE,224,0.998,GR_ulva,0.001,unknown,0,KE_5rib,0,SI,0,MS
2024_10_08_11-59-55.jpg,2550,3876,RE_branch,red_algae_branching,TRUE,224,1,RE_branch,0,BR_sarg,0,RE_leaf,0,RE_CCA,0,MS
2024_10_08_11-59-55.jpg,3109,2686,RE_leaf,red_algae_flat_leaf,TRUE,224,0.981,RE_leaf,0.012,MS,0.006,KE_5rib,0,GR_ulva,0,RE_fil
2024_10_08_11-59-55.jpg,311,3524,GR_ulva,green_algae_ulva,TRUE,224,1,GR_ulva,0,MS,0,KE_sieve,0,RE_leaf,0,unknown
2024_10_08_12-00-04.jpg,521,2808,SU_peb,pebble,TRUE,224,0.998,SU_peb,0.001,KE_stipe,0.001,SU_bould,0,RE_leaf,0,SU_sand
2024_10_08_12-00-04.jpg,1600,3203,SU_silt,silt,TRUE,224,0.999,SU_silt,0.001,SU_shell,0.001,SU_sand,0,SU_peb,0,SU_bould
2024_10_08_12-00-04.jpg,1607,1599,Review,Review,TRUE,224,0.885,SU_peb,0.029,RE_fil,0.029,KE_stipe,0.024,RE_leaf,0.011,SU_cob
2024_10_08_12-00-04.jpg,3593,3169,GR_ulva,green_algae_ulva,TRUE,224,0.999,GR_ulva,0,KE_5rib,0,unknown,0,KE_sieve,0,KE_sugar
2024_10_08_12-00-04.jpg,1174,4256,RE_leaf,red_algae_flat_leaf,TRUE,224,0.938,RE_leaf,0.062,RE_branch,0,MS,0,SU_peb,0,KE_sugar
2024_10_08_12-00-04.jpg,3775,700,Review,Review,TRUE,224,0.549,SU_cob,0.3,SU_silt,0.064,SU_bould,0.029,SU_peb,0.026,MS
2024_10_08_12-00-04.jpg,2495,1419,RE_branch,red_algae_branching,TRUE,224,0.997,RE_branch,0.003,BR_sarg,0,RE_bush,0,KE_holdfas,0,KE_sugar
2024_10_08_12-00-04.jpg,3685,3556,Review,Review,TRUE,224,0.736,MS,0.255,RE_leaf,0.008,RE_fil,0,SU_bould,0,KE_sugar
2024_10_08_12-00-04.jpg,1757,4011,RE_leaf,red_algae_flat_leaf,TRUE,224,1,RE_leaf,0,KE_sugar,0,MS,0,GR_ulva,0,RE_branch
2024_10_08_12-00-04.jpg,1477,4270,Review,Review,TRUE,224,0.58,MS,0.167,KE_stipe,0.09,RE_leaf,0.054,RE_fil,0.034,KE_holdfas
2024_10_08_12-00-04.jpg,2744,3154,RE_leaf,red_algae_flat_leaf,TRUE,224,0.937,RE_leaf,0.035,RE_branch,0.027,MS,0.001,RE_bush,0,RE_fil
2024_10_08_12-00-04.jpg,3414,1452,GR_ulva,green_algae_ulva,TRUE,224,0.969,GR_ulva,0.031,KE_stipe,0,SU_bould,0,BR_sarg,0,SI
2024_10_08_12-00-04.jpg,2371,1369,RE_branch,red_algae_branching,TRUE,224,0.999,RE_branch,0.001,BR_sarg,0,RE_bush,0,RE_leaf,0,KE_5rib
2024_10_08_12-00-04.jpg,1268,1862,Review,Review,TRUE,224,0.628,SU_peb,0.312,MS,0.038,SU_cob,0.011,SU_shell,0.006,KE_bull
2024_10_08_12-00-04.jpg,3519,520,SU_peb,pebble,TRUE,224,0.999,SU_peb,0.001,SU_cob,0,GR_ulva,0,SU_sand,0,KE_stipe
2024_10_08_12-00-04.jpg,2358,2438,Review,Review,TRUE,224,0.519,MS,0.272,KE_stipe,0.2,SU_shell,0.004,KE_holdfas,0.001,RE_fil
2024_10_08_12-00-04.jpg,1618,1246,GR_ulva,green_algae_ulva,TRUE,224,0.991,GR_ulva,0.009,SU_peb,0,SU_cob,0,SU_shell,0,KE_bull
2024_10_08_12-00-04.jpg,3020,3979,Review,Review,TRUE,224,0.496,RE_leaf,0.275,RE_bush,0.227,MS,0.001,RE_fil,0.001,RE_branch
2024_10_08_12-00-04.jpg,2011,4461,RE_leaf,red_algae_flat_leaf,TRUE,224,1,RE_leaf,0,MS,0,RE_fil,0,RE_CCA,0,GR_ulva
2024_10_08_12-00-04.jpg,2286,2184,Review,Review,TRUE,224,0.555,SU_shell,0.303,KE_sugar,0.055,MS,0.028,SU_peb,0.022,SU_bould
2024_10_08_12-00-04.jpg,3105,2746,RE_leaf,red_algae_flat_leaf,TRUE,224,0.922,RE_leaf,0.071,SU_peb,0.002,SI,0.002,SU_cob,0.001,KE_sugar
2024_10_08_12-00-04.jpg,1978,1992,RE_bush,red_algae_bushy,TRUE,224,0.968,RE_bush,0.015,RE_fil,0.011,RE_leaf,0.005,RE_branch,0.001,KE_sugar
2024_10_08_12-00-04.jpg,1793,4459,RE_branch,red_algae_branching,TRUE,224,1,RE_branch,0,RE_bush,0,RE_fil,0,BR_sarg,0,RE_CCA
2024_10_08_12-00-04.jpg,2259,3849,RE_branch,red_algae_branching,TRUE,224,1,RE_branch,0,MS,0,SU_peb,0,RE_bush,0,BR_sarg
2024_10_08_12-00-04.jpg,629,4304,GR_ulva,green_algae_ulva,TRUE,224,0.901,GR_ulva,0.088,KE_stipe,0.005,MS,0.005,SI,0,KE_sieve
2024_10_08_12-00-04.jpg,2481,3991,RE_leaf,red_algae_flat_leaf,TRUE,224,1,RE_leaf,0,MS,0,KE_sugar,0,KE_sieve,0,GR_ulva
2024_10_08_12-00-04.jpg,2639,3713,Review,Review,TRUE,224,0.875,RE_leaf,0.049,MS,0.044,RE_fil,0.021,RE_bush,0.011,RE_branch
2024_10_08_12-00-04.jpg,1838,4234,RE_leaf,red_algae_flat_leaf,TRUE,224,0.968,RE_leaf,0.03,RE_branch,0.001,RE_fil,0,RE_CCA,0,MS
2024_10_08_12-00-04.jpg,980,922,SU_peb,pebble,TRUE,224,0.999,SU_peb,0.001,SU_cob,0,GR_ulva,0,KE_stipe,0,SU_bould
2024_10_08_12-00-04.jpg,2980,3086,RE_leaf,red_algae_flat_leaf,TRUE,224,1,RE_leaf,0,MS,0,SU_peb,0,RE_fil,0,GR_ulva
2024_10_08_12-00-04.jpg,3741,1908,GR_ulva,green_algae_ulva,TRUE,224,1,GR_ulva,0,RE_leaf,0,MS,0,KE_5rib,0,unknown
2024_10_08_12-00-04.jpg,2011,2347,Review,Review,TRUE,224,0.451,SU_peb,0.369,RE_bush,0.103,SU_shell,0.029,SU_sand,0.009,KE_stipe
2024_10_08_12-00-04.jpg,3097,1044,GR_ulva,green_algae_ulva,TRUE,224,0.989,GR_ulva,0.006,KE_stipe,0.004,MS,0,KE_bull,0,BR_sarg
2024_10_08_12-00-04.jpg,1006,382,Review,Review,TRUE,224,0.763,GR_ulva,0.237,SU_peb,0.001,SU_cob,0,MS,0,KE_5rib
2024_10_08_12-00-04.jpg,522,3328,Review,Review,TRUE,224,0.559,RE_fil,0.158,SU_cob,0.147,SU_bould,0.11,RE_branch,0.011,BR_sarg
2024_10_08_12-00-04.jpg,1812,2687,SU_sand,sand_fine_shell,TRUE,224,0.989,SU_sand,0.008,SU_silt,0.001,SU_shell,0.001,RE_CCA,0,SU_bould
2024_10_08_12-00-04.jpg,2174,1069,RE_branch,red_algae_branching,TRUE,224,0.999,RE_branch,0.001,RE_bush,0,RE_leaf,0,BR_sarg,0,RE_fil
2024_10_08_12-00-04.jpg,1303,4265,Review,Review,TRUE,224,0.508,RE_branch,0.491,RE_leaf,0,BR_sarg,0,KE_sugar,0,KE_bull
2024_10_08_12-00-04.jpg,3814,1705,GR_ulva,green_algae_ulva,TRUE,224,1,GR_ulva,0,SU_peb,0,KE_stipe,0,KE_bull,0,MS
2024_10_08_12-00-04.jpg,2761,954,Review,Review,TRUE,224,0.898,RE_branch,0.101,RE_bush,0,BR_sarg,0,KE_holdfas,0,RE_leaf
2024_10_08_12-00-04.jpg,2908,431,RE_bush,red_algae_bushy,TRUE,224,1,RE_bush,0,MS,0,SU_peb,0,RE_branch,0,SU_silt
2024_10_08_12-00-04.jpg,785,1240,SU_peb,pebble,TRUE,224,0.999,SU_peb,0.001,SU_shell,0,SU_sand,0,GR_ulva,0,SU_cob
2024_10_08_12-00-04.jpg,1754,1409,Review,Review,TRUE,224,0.64,RE_branch,0.353,BR_sarg,0.006,RE_bush,0,KE_bull,0,MS
2024_10_08_12-00-04.jpg,3092,4173,RE_leaf,red_algae_flat_leaf,TRUE,224,0.972,RE_leaf,0.028,MS,0,RE_fil,0,RE_CCA,0,KE_sieve
2024_10_08_12-00-04.jpg,2669,2301,Review,Review,TRUE,224,0.504,SU_sand,0.417,SU_shell,0.053,SU_bould,0.011,BR_sarg,0.008,KE_sugar
2024_10_08_12-00-04.jpg,2730,717,Review,Review,TRUE,224,0.807,RE_bush,0.071,BR_fucus,0.046,BR_sarg,0.046,MS,0.017,RE_branch
2024_10_08_12-00-04.jpg,2817,2470,Review,Review,TRUE,224,0.549,SU_shell,0.24,SU_cob,0.143,SU_bould,0.05,SU_sand,0.011,KE_sugar
2024_10_08_12-00-04.jpg,1045,2340,SU_silt,silt,TRUE,224,0.998,SU_silt,0.001,GR_ulva,0.001,BR_fucus,0,SI,0,KE_sieve
2024_10_08_12-00-04.jpg,2891,954,RE_branch,red_algae_branching,TRUE,224,1,RE_branch,0,BR_sarg,0,RE_leaf,0,RE_bush,0,KE_holdfas
2024_10_08_12-00-04.jpg,347,1190,Review,Review,TRUE,224,0.496,SU_bould,0.363,SU_peb,0.098,SU_cob,0.028,GR_ulva,0.009,MS
2024_10_08_12-00-13.jpg,3458,3154,GR_ulva,green_algae_ulva,TRUE,224,1,GR_ulva,0,KE_bull,0,KE_5rib,0,KE_stipe,0,BR_sarg
2024_10_08_12-00-13.jpg,3562,2738,GR_ulva,green_algae_ulva,TRUE,224,1,GR_ulva,0,KE_stipe,0,SU_bould,0,KE_bull,0,MS
2024_10_08_12-00-13.jpg,1971,2566,Review,Review,TRUE,224,0.477,RE_branch,0.471,RE_fil,0.042,RE_leaf,0.007,MS,0.002,KE_stipe
2024_10_08_12-00-13.jpg,480,1979,GR_ulva,green_algae_ulva,TRUE,224,1,GR_ulva,0,KE_stipe,0,SU_peb,0,BR_sarg,0,MS
2024_10_08_12-00-13.jpg,2163,2158,GR_ulva,green_algae_ulva,TRUE,224,1,GR_ulva,0,KE_bull,0,RE_leaf,0,KE_5rib,0,KE_sugar
2024_10_08_12-00-13.jpg,1119,1485,GR_ulva,green_algae_ulva,TRUE,224,0.992,GR_ulva,0.004,KE_sugar,0.003,KE_stipe,0,BR_sarg,0,RE_fil
2024_10_08_12-00-13.jpg,1558,1570,Review,Review,TRUE,224,0.721,SU_peb,0.202,SU_cob,0.062,SU_sand,0.014,SU_bould,0,BR_sarg
2024_10_08_12-00-13.jpg,634,3538,RE_fil,red_algae_filamentous,TRUE,224,0.907,RE_fil,0.085,RE_bush,0.003,KE_stipe,0.002,BR_sarg,0.001,RE_leaf
2024_10_08_12-00-13.jpg,2557,2660,RE_fil,red_algae_filamentous,TRUE,224,1,RE_fil,0,GR_ulva,0,MS,0,RE_CCA,0,BR_sarg
2024_10_08_12-00-13.jpg,253,3129,Review,Review,TRUE,224,0.791,GR_ulva,0.111,RE_fil,0.021,RE_branch,0.019,SU_bould,0.018,RE_leaf
2024_10_08_12-00-13.jpg,384,2891,Review,Review,TRUE,224,0.47,GR_ulva,0.158,KE_stipe,0.095,BR_fucus,0.095,RE_fil,0.047,RE_bush
2024_10_08_12-00-13.jpg,336,1694,SU_peb,pebble,TRUE,224,0.938,SU_peb,0.037,SU_bould,0.011,SU_cob,0.011,SU_sand,0.002,MS
2024_10_08_12-00-13.jpg,871,2673,GR_ulva,green_algae_ulva,TRUE,224,0.999,GR_ulva,0.001,SU_bould,0,KE_bull,0,SU_peb,0,KE_stipe
2024_10_08_12-00-13.jpg,3895,3148,GR_ulva,green_algae_ulva,TRUE,224,1,GR_ulva,0,BR_sarg,0,MS,0,RE_leaf,0,unknown
2024_10_08_12-00-13.jpg,1811,2166,GR_ulva,green_algae_ulva,TRUE,224,1,GR_ulva,0,RE_leaf,0,KE_5rib,0,KE_bull,0,unknown
2024_10_08_12-00-13.jpg,3377,3611,GR_ulva,green_algae_ulva,TRUE,224,1,GR_ulva,0,KE_5rib,0,RE_leaf,0,SI,0,unknown
2024_10_08_12-00-13.jpg,2683,1228,GR_ulva,green_algae_ulva,TRUE,224,1,GR_ulva,0,unknown,0,SU_bould,0,MS,0,KE_stipe
2024_10_08_12-00-13.jpg,2486,359,Review,Review,TRUE,224,0.525,GR_ulva,0.154,KE_stipe,0.147,MS,0.107,KE_bull,0.047,RE_leaf
2024_10_08_12-00-13.jpg,2018,548,RE_branch,red_algae_branching,TRUE,224,0.981,RE_branch,0.018,BR_sarg,0.001,RE_bush,0,KE_holdfas,0,KE_stipe
2024_10_08_12-00-13.jpg,3703,816,Review,Review,TRUE,224,0.684,SU_peb,0.176,SU_bould,0.081,SU_cob,0.021,KE_sieve,0.017,SU_silt
2024_10_08_12-00-13.jpg,3334,2280,RE_branch,red_algae_branching,TRUE,224,0.995,RE_branch,0.003,RE_fil,0.001,MS,0.001,KE_bull,0.001,RE_leaf
2024_10_08_12-00-13.jpg,3617,1092,GR_ulva,green_algae_ulva,TRUE,224,1,GR_ulva,0,KE_stipe,0,BR_sarg,0,BR_fucus,0,RE_leaf
2024_10_08_12-00-13.jpg,3300,223,SU_peb,pebble,TRUE,224,0.93,SU_peb,0.027,MS,0.025,GR_ulva,0.008,SU_cob,0.005,SU_sand
2024_10_08_12-00-13.jpg,2313,2719,RE_fil,red_algae_filamentous,TRUE,224,1,RE_fil,0,BR_sarg,0,MS,0,RE_leaf,0,GR_ulva
2024_10_08_12-00-13.jpg,1560,2773,Review,Review,TRUE,224,0.685,RE_branch,0.315,RE_fil,0,RE_bush,0,RE_CCA,0,BR_sarg
2024_10_08_12-00-13.jpg,2748,1582,GR_ulva,green_algae_ulva,TRUE,224,1,GR_ulva,0,SU_bould,0,KE_sugar,0,KE_sieve,0,KE_bull
2024_10_08_12-00-13.jpg,426,3896,KE_stipe,kelp_stipe,TRUE,224,0.999,KE_stipe,0.001,MS,0,RE_bush,0,RE_leaf,0,RE_fil
2024_10_08_12-00-13.jpg,2068,214,Review,Review,TRUE,224,0.545,RE_branch,0.444,RE_bush,0.01,RE_fil,0,SU_bould,0,RE_leaf
2024_10_08_12-00-13.jpg,2531,694,GR_ulva,green_algae_ulva,TRUE,224,0.996,GR_ulva,0.001,unknown,0.001,KE_5rib,0,KE_sieve,0,SU_silt
2024_10_08_12-00-13.jpg,862,2085,GR_ulva,green_algae_ulva,TRUE,224,0.999,GR_ulva,0.001,SU_peb,0,KE_stipe,0,MS,0,SU_sand
2024_10_08_12-00-13.jpg,2975,4445,GR_ulva,green_algae_ulva,TRUE,224,1,GR_ulva,0,KE_5rib,0,RE_leaf,0,unknown,0,KE_stipe
2024_10_08_12-00-13.jpg,1324,3886,Review,Review,TRUE,224,0.82,RE_fil,0.173,RE_leaf,0.005,RE_CCA,0.001,RE_branch,0,MS
2024_10_08_12-00-13.jpg,3056,1821,GR_ulva,green_algae_ulva,TRUE,224,1,GR_ulva,0,KE_bull,0,RE_leaf,0,BR_sarg,0,BR_fucus
2024_10_08_12-00-13.jpg,2824,4313,GR_ulva,green_algae_ulva,TRUE,224,1,GR_ulva,0,unknown,0,KE_sieve,0,KE_stipe,0,MS
2024_10_08_12-00-13.jpg,834,3364,GR_ulva,green_algae_ulva,TRUE,224,0.999,GR_ulva,0.001,unknown,0,KE_sieve,0,KE_5rib,0,KE_sugar
2024_10_08_12-00-13.jpg,3905,1013,Review,Review,TRUE,224,0.738,SU_silt,0.217,SU_sand,0.024,MS,0.016,SU_peb,0.005,SU_shell
2024_10_08_12-00-13.jpg,377,1250,Review,Review,TRUE,224,0.861,GR_ulva,0.108,SU_peb,0.029,SU_cob,0.001,KE_sieve,0.001,MS
2024_10_08_12-00-13.jpg,1496,2021,GR_ulva,green_algae_ulva,TRUE,224,1,GR_ulva,0,KE_bull,0,KE_stipe,0,SU_peb,0,KE_5rib
2024_10_08_12-00-13.jpg,1830,4258,GR_ulva,green_algae_ulva,TRUE,224,1,GR_ulva,0,SU_bould,0,BR_sarg,0,KE_sugar,0,unknown
2024_10_08_12-00-13.jpg,2775,404,GR_ulva,green_algae_ulva,TRUE,224,0.995,GR_ulva,0.004,BR_sarg,0.001,KE_stipe,0,KE_sugar,0,MS
2024_10_08_12-00-13.jpg,1270,3287,RE_branch,red_algae_branching,TRUE,224,1,RE_branch,0,RE_leaf,0,RE_CCA,0,RE_bush,0,BR_sarg
2024_10_08_12-00-13.jpg,666,3839,Review,Review,TRUE,224,0.801,SU_bould,0.147,RE_bush,0.035,KE_stipe,0.012,BR_sarg,0.004,RE_fil
2024_10_08_12-00-13.jpg,467,4465,Review,Review,TRUE,224,0.57,RE_fil,0.276,MS,0.071,GR_ulva,0.039,KE_stipe,0.024,KE_holdfas
2024_10_08_12-00-13.jpg,3432,2870,Review,Review,TRUE,224,0.896,MS,0.044,KE_stipe,0.033,BR_sarg,0.017,GR_ulva,0.007,KE_bull
2024_10_08_12-00-13.jpg,1355,4126,RE_leaf,red_algae_flat_leaf,TRUE,224,1,RE_leaf,0,RE_branch,0,RE_fil,0,MS,0,KE_5rib
2024_10_08_12-00-13.jpg,2320,418,KE_bull,kelp_bull_ blade,TRUE,224,0.979,KE_bull,0.019,GR_ulva,0.001,KE_stipe,0.001,SU_bould,0,SI
2024_10_08_12-00-13.jpg,2205,266,RE_branch,red_algae_branching,TRUE,224,0.999,RE_branch,0.001,RE_bush,0,RE_fil,0,KE_holdfas,0,BR_sarg
2024_10_08_12-00-13.jpg,3069,2776,GR_ulva,green_algae_ulva,TRUE,224,0.992,GR_ulva,0.008,KE_bull,0,SU_bould,0,BR_sarg,0,KE_stipe
2024_10_08_12-00-13.jpg,712,3290,GR_ulva,green_algae_ulva,TRUE,224,0.999,GR_ulva,0.001,KE_5rib,0,unknown,0,KE_sieve,0,RE_leaf
2024_10_08_12-00-13.jpg,450,422,GR_ulva,green_algae_ulva,TRUE,224,0.993,GR_ulva,0.007,unknown,0,RE_leaf,0,KE_5rib,0,KE_stipe
2024_10_08_12-00-22.jpg,2189,4193,GR_ulva,green_algae_ulva,TRUE,224,0.971,GR_ulva,0.026,KE_stipe,0.002,KE_bull,0.001,MS,0,RE_leaf
2024_10_08_12-00-22.jpg,809,3338,GR_ulva,green_algae_ulva,TRUE,224,1,GR_ulva,0,KE_sieve,0,KE_sugar,0,RE_leaf,0,MS
2024_10_08_12-00-22.jpg,174,1683,RE_fil,red_algae_filamentous,TRUE,224,0.948,RE_fil,0.047,RE_leaf,0.003,KE_5rib,0.001,KE_stipe,0.001,KE_bull
2024_10_08_12-00-22.jpg,2088,428,SU_peb,pebble,TRUE,224,0.925,SU_peb,0.075,GR_ulva,0,BR_sarg,0,SU_bould,0,SU_cob
2024_10_08_12-00-22.jpg,3419,2915,RE_branch,red_algae_branching,TRUE,224,0.997,RE_branch,0.003,MS,0,RE_CCA,0,KE_bull,0,RE_fil
2024_10_08_12-00-22.jpg,2009,4047,RE_branch,red_algae_branching,TRUE,224,0.999,RE_branch,0.001,BR_sarg,0,RE_leaf,0,RE_fil,0,MS
2024_10_08_12-00-22.jpg,3820,634,Review,Review,TRUE,224,0.409,KE_5rib,0.349,RE_leaf,0.097,RE_branch,0.081,RE_CCA,0.041,MS
2024_10_08_12-00-22.jpg,130,736,Review,Review,TRUE,224,0.864,unknown,0.136,GR_ulva,0,KE_stipe,0,KE_sugar,0,KE_5rib
2024_10_08_12-00-22.jpg,2091,4472,Review,Review,TRUE,224,0.748,MS,0.24,KE_stipe,0.01,RE_leaf,0.001,RE_branch,0,SI
2024_10_08_12-00-22.jpg,2300,548,Review,Review,TRUE,224,0.449,RE_fil,0.198,RE_leaf,0.158,RE_branch,0.127,BR_sarg,0.033,RE_bush
2024_10_08_12-00-22.jpg,2812,1286,Review,Review,TRUE,224,0.864,GR_ulva,0.134,KE_stipe,0.001,BR_fucus,0,KE_bull,0,MS
2024_10_08_12-00-22.jpg,3860,2703,GR_ulva,green_algae_ulva,TRUE,224,1,GR_ulva,0,KE_sieve,0,RE_leaf,0,BR_fucus,0,KE_bull
2024_10_08_12-00-22.jpg,2341,242,Review,Review,TRUE,224,0.53,GR_ulva,0.456,SU_peb,0.006,KE_stipe,0.003,BR_sarg,0.003,BR_fucus
2024_10_08_12-00-22.jpg,2273,3861,GR_ulva,green_algae_ulva,TRUE,224,1,GR_ulva,0,BR_sarg,0,KE_stipe,0,MS,0,KE_bull
2024_10_08_12-00-22.jpg,486,736,GR_ulva,green_algae_ulva,TRUE,224,0.94,GR_ulva,0.059,unknown,0,KE_stipe,0,MS,0,SU_cob
2024_10_08_12-00-22.jpg,3576,3956,GR_ulva,green_algae_ulva,TRUE,224,1,GR_ulva,0,KE_stipe,0,MS,0,RE_leaf,0,KE_sieve
2024_10_08_12-00-22.jpg,2938,802,RE_branch,red_algae_branching,TRUE,224,0.999,RE_branch,0.001,RE_bush,0,RE_fil,0,RE_CCA,0,BR_sarg
2024_10_08_12-00-22.jpg,1213,2324,GR_ulva,green_algae_ulva,TRUE,224,1,GR_ulva,0,KE_bull,0,KE_sieve,0,RE_leaf,0,KE_5rib
2024_10_08_12-00-22.jpg,950,3537,GR_ulva,green_algae_ulva,TRUE,224,1,GR_ulva,0,BR_sarg,0,KE_bull,0,KE_stipe,0,SI_kelpBry
2024_10_08_12-00-22.jpg,2252,1268,RE_fil,red_algae_filamentous,TRUE,224,1,RE_fil,0,KE_sugar,0,KE_stipe,0,RE_branch,0,RE_bush
2024_10_08_12-00-22.jpg,3112,4253,Review,Review,TRUE,224,0.737,MS,0.15,KE_sieve,0.069,RE_branch,0.021,RE_CCA,0.009,RE_fil
2024_10_08_12-00-22.jpg,447,504,Review,Review,TRUE,224,0.823,GR_ulva,0.177,unknown,0,KE_stipe,0,KE_sieve,0,MS
2024_10_08_12-00-22.jpg,989,571,Review,Review,TRUE,224,0.855,GR_ulva,0.145,unknown,0,KE_sugar,0,RE_leaf,0,KE_5rib
2024_10_08_12-00-22.jpg,2794,455,RE_fil,red_algae_filamentous,TRUE,224,0.991,RE_fil,0.004,MS,0.002,KE_stipe,0.001,RE_branch,0.001,KE_holdfas
2024_10_08_12-00-22.jpg,1658,661,GR_ulva,green_algae_ulva,TRUE,224,1,GR_ulva,0,KE_5rib,0,SI,0,BR_sarg,0,RE_leaf
2024_10_08_12-00-22.jpg,3602,4464,Review,Review,TRUE,224,0.295,GR_ulva,0.292,KE_5rib,0.25,KE_sieve,0.14,MS,0.019,KE_stipe
2024_10_08_12-00-22.jpg,3892,976,Review,Review,TRUE,224,0.701,RE_fil,0.285,BR_sarg,0.008,RE_branch,0.003,RE_bush,0.002,KE_5rib
2024_10_08_12-00-22.jpg,254,3061,GR_ulva,green_algae_ulva,TRUE,224,1,GR_ulva,0,KE_5rib,0,KE_stipe,0,SU_peb,0,KE_sugar
2024_10_08_12-00-22.jpg,1265,1764,GR_ulva,green_algae_ulva,TRUE,224,0.996,GR_ulva,0.002,MS,0.001,RE_leaf,0.001,KE_sugar,0,KE_5rib
2024_10_08_12-00-22.jpg,1464,1019,GR_ulva,green_algae_ulva,TRUE,224,0.999,GR_ulva,0,KE_stipe,0,KE_bull,0,BR_sarg,0,RE_leaf
2024_10_08_12-00-22.jpg,2041,1297,Review,Review,TRUE,224,0.755,SU_peb,0.208,RE_bush,0.014,SU_bould,0.012,SU_cob,0.01,RE_fil
2024_10_08_12-00-22.jpg,2746,3893,GR_ulva,green_algae_ulva,TRUE,224,1,GR_ulva,0,MS,0,BR_sarg,0,KE_stipe,0,unknown
2024_10_08_12-00-22.jpg,2574,3433,GR_ulva,green_algae_ulva,TRUE,224,1,GR_ulva,0,RE_leaf,0,KE_sugar,0,unknown,0,KE_sieve
2024_10_08_12-00-22.jpg,1696,3469,GR_ulva,green_algae_ulva,TRUE,224,1,GR_ulva,0,RE_leaf,0,KE_5rib,0,KE_sieve,0,RE_fil
2024_10_08_12-00-22.jpg,1019,2840,GR_ulva,green_algae_ulva,TRUE,224,1,GR_ulva,0,BR_sarg,0,KE_sieve,0,SU_bould,0,KE_bull
2024_10_08_12-00-22.jpg,2620,2007,GR_ulva,green_algae_ulva,TRUE,224,1,GR_ulva,0,KE_bull,0,BR_sarg,0,RE_leaf,0,KE_stipe
2024_10_08_12-00-22.jpg,3011,3368,GR_ulva,green_algae_ulva,TRUE,224,1,GR_ulva,0,RE_leaf,0,unknown,0,KE_sieve,0,KE_5rib
2024_10_08_12-00-22.jpg,1632,3836,GR_ulva,green_algae_ulva,TRUE,224,1,GR_ulva,0,MS,0,RE_leaf,0,KE_stipe,0,SI
2024_10_08_12-00-22.jpg,3259,3703,GR_ulva,green_algae_ulva,TRUE,224,1,GR_ulva,0,BR_sarg,0,RE_leaf,0,unknown,0,MS
2024_10_08_12-00-22.jpg,556,2304,GR_ulva,green_algae_ulva,TRUE,224,0.998,GR_ulva,0.001,RE_leaf,0.001,unknown,0,RE_fil,0,KE_sugar
2024_10_08_12-00-22.jpg,2156,823,Review,Review,TRUE,224,0.711,RE_branch,0.127,BR_sarg,0.056,RE_bush,0.043,KE_5rib,0.035,RE_fil
2024_10_08_12-00-22.jpg,3770,4129,Review,Review,TRUE,224,0.397,MS,0.361,GR_ulva,0.227,RE_leaf,0.01,KE_stipe,0.004,KE_bull
2024_10_08_12-00-22.jpg,3744,473,Review,Review,TRUE,224,0.866,MS,0.06,KE_stipe,0.032,RE_leaf,0.023,RE_CCA,0.018,RE_fil
2024_10_08_12-00-22.jpg,3535,3329,Review,Review,TRUE,224,0.425,RE_fil,0.257,KE_stipe,0.18,KE_bull,0.122,GR_ulva,0.013,MS
2024_10_08_12-00-22.jpg,550,2505,GR_ulva,green_algae_ulva,TRUE,224,1,GR_ulva,0,KE_bull,0,KE_stipe,0,RE_leaf,0,SU_bould
2024_10_08_12-00-22.jpg,423,1560,GR_ulva,green_algae_ulva,TRUE,224,1,GR_ulva,0,KE_stipe,0,BR_fucus,0,MS,0,BR_sarg
2024_10_08_12-00-22.jpg,2536,4157,KE_stipe,kelp_stipe,TRUE,224,0.996,KE_stipe,0.004,GR_ulva,0,KE_bull,0,BR_sarg,0,MS
2024_10_08_12-00-22.jpg,291,4338,GR_ulva,green_algae_ulva,TRUE,224,0.996,GR_ulva,0.003,unknown,0,KE_sieve,0,BR_fucus,0,SI
2024_10_08_12-00-22.jpg,423,3242,GR_ulva,green_algae_ulva,TRUE,224,1,GR_ulva,0,KE_stipe,0,SU_cob,0,KE_5rib,0,SU_peb
2024_10_08_12-00-22.jpg,3699,3304,Review,Review,TRUE,224,0.728,MS,0.152,KE_bull,0.048,KE_stipe,0.036,GR_ulva,0.03,BR_sarg
2024_10_08_12-00-31.jpg,2482,3961,GR_ulva,green_algae_ulva,TRUE,224,1,GR_ulva,0,KE_sieve,0,RE_leaf,0,KE_5rib,0,BR_sarg
2024_10_08_12-00-31.jpg,2968,4458,GR_ulva,green_algae_ulva,TRUE,224,0.996,GR_ulva,0.002,KE_stipe,0.001,BR_sarg,0,MS,0,SU_peb
2024_10_08_12-00-31.jpg,619,2558,Review,Review,TRUE,224,0.729,GR_ulva,0.183,KE_bull,0.073,BR_fucus,0.004,SU_bould,0.004,KE_stipe
2024_10_08_12-00-31.jpg,2818,2390,RE_leaf,red_algae_flat_leaf,TRUE,224,1,RE_leaf,0,RE_branch,0,GR_ulva,0,MS,0,KE_bull
2024_10_08_12-00-31.jpg,1498,2329,RE_branch,red_algae_branching,TRUE,224,1,RE_branch,0,RE_leaf,0,BR_sarg,0,KE_5rib,0,KE_sieve
2024_10_08_12-00-31.jpg,1478,198,GR_ulva,green_algae_ulva,TRUE,224,1,GR_ulva,0,unknown,0,KE_stipe,0,BR_sarg,0,SU_bould
2024_10_08_12-00-31.jpg,1239,2862,Review,Review,TRUE,224,0.873,GR_ulva,0.113,KE_bull,0.008,KE_stipe,0.005,RE_leaf,0.002,BR_sarg
2024_10_08_12-00-31.jpg,308,370,GR_ulva,green_algae_ulva,TRUE,224,1,GR_ulva,0,KE_stipe,0,RE_leaf,0,BR_sarg,0,KE_bull
2024_10_08_12-00-31.jpg,3705,1437,RE_branch,red_algae_branching,TRUE,224,1,RE_branch,0,RE_fil,0,RE_leaf,0,RE_CCA,0,BR_sarg
2024_10_08_12-00-31.jpg,3048,931,RE_leaf,red_algae_flat_leaf,TRUE,224,1,RE_leaf,0,MS,0,RE_fil,0,RE_CCA,0,RE_branch
2024_10_08_12-00-31.jpg,3710,1679,RE_branch,red_algae_branching,TRUE,224,1,RE_branch,0,RE_leaf,0,RE_fil,0,MS,0,BR_sarg
2024_10_08_12-00-31.jpg,333,3753,SU_peb,pebble,TRUE,224,0.994,SU_peb,0.003,GR_ulva,0.002,SU_sand,0,SU_shell,0,MS
2024_10_08_12-00-31.jpg,396,1348,GR_ulva,green_algae_ulva,TRUE,224,1,GR_ulva,0,unknown,0,KE_stipe,0,KE_sugar,0,BR_sarg
2024_10_08_12-00-31.jpg,2365,1306,Review,Review,TRUE,224,0.739,RE_leaf,0.061,SU_bould,0.044,MS,0.04,RE_CCA,0.023,GR_ulva
2024_10_08_12-00-31.jpg,2574,1038,RE_leaf,red_algae_flat_leaf,TRUE,224,1,RE_leaf,0,RE_bush,0,RE_fil,0,MS,0,KE_stipe
2024_10_08_12-00-31.jpg,1433,4154,SU_sand,sand_fine_shell,TRUE,224,1,SU_sand,0,SU_cob,0,SU_silt,0,SU_peb,0,RE_CCA
2024_10_08_12-00-31.jpg,1582,1234,GR_ulva,green_algae_ulva,TRUE,224,1,GR_ulva,0,KE_5rib,0,RE_leaf,0,KE_sieve,0,KE_bull
2024_10_08_12-00-31.jpg,1427,719,GR_ulva,green_algae_ulva,TRUE,224,1,GR_ulva,0,MS,0,KE_bull,0,RE_leaf,0,KE_stipe
2024_10_08_12-00-31.jpg,2088,2061,GR_ulva,green_algae_ulva,TRUE,224,0.999,GR_ulva,0.001,BR_sarg,0,KE_sieve,0,KE_stipe,0,RE_branch
2024_10_08_12-00-31.jpg,3029,1414,RE_leaf,red_algae_flat_leaf,TRUE,224,1,RE_leaf,0,MS,0,RE_fil,0,RE_CCA,0,SI_kelpBry
2024_10_08_12-00-31.jpg,1619,145,GR_ulva,green_algae_ulva,TRUE,224,1,GR_ulva,0,KE_bull,0,KE_sieve,0,SU_peb,0,KE_stipe
2024_10_08_12-00-31.jpg,1844,2909,Review,Review,TRUE,224,0.34,SU_bould,0.252,RE_fil,0.143,GR_ulva,0.101,KE_bull,0.062,KE_sieve
2024_10_08_12-00-31.jpg,318,4261,Review,Review,TRUE,224,0.509,RE_fil,0.347,RE_CCA,0.122,RE_leaf,0.013,RE_branch,0.01,MS
2024_10_08_12-00-31.jpg,3797,3722,BR_sarg,brown_algae_sargassum,TRUE,224,1,BR_sarg,0,KE_stipe,0,SU_bould,0,MS,0,RE_fil
2024_10_08_12-00-31.jpg,3409,230,GR_ulva,green_algae_ulva,TRUE,224,1,GR_ulva,0,KE_stipe,0,MS,0,RE_leaf,0,SI
2024_10_08_12-00-31.jpg,3156,3220,GR_ulva,green_algae_ulva,TRUE,224,1,GR_ulva,0,RE_leaf,0,SU_cob,0,BR_sarg,0,KE_stipe
2024_10_08_12-00-31.jpg,561,4201,RE_fil,red_algae_filamentous,TRUE,224,1,RE_fil,0,RE_leaf,0,BR_sarg,0,RE_branch,0,KE_5rib
2024_10_08_12-00-31.jpg,2763,3256,GR_ulva,green_algae_ulva,TRUE,224,1,GR_ulva,0,KE_5rib,0,KE_sugar,0,RE_leaf,0,KE_bull
2024_10_08_12-00-31.jpg,3538,2121,GR_ulva,green_algae_ulva,TRUE,224,1,GR_ulva,0,KE_bull,0,RE_leaf,0,KE_stipe,0,BR_sarg
2024_10_08_12-00-31.jpg,1490,3393,GR_ulva,green_algae_ulva,TRUE,224,1,GR_ulva,0,KE_5rib,0,SU_cob,0,RE_leaf,0,BR_fucus
2024_10_08_12-00-31.jpg,385,1761,GR_ulva,green_algae_ulva,TRUE,224,1,GR_ulva,0,BR_sarg,0,BR_fucus,0,KE_stipe,0,unknown
2024_10_08_12-00-31.jpg,1863,1345,GR_ulva,green_algae_ulva,TRUE,224,1,GR_ulva,0,KE_sugar,0,SU_bould,0,KE_sieve,0,BR_sarg
2024_10_08_12-00-31.jpg,2446,2141,KE_stipe,kelp_stipe,TRUE,224,0.912,KE_stipe,0.065,BR_sarg,0.008,RE_branch,0.006,GR_ulva,0.005,MS
2024_10_08_12-00-31.jpg,3489,2762,GR_ulva,green_algae_ulva,TRUE,224,1,GR_ulva,0,RE_leaf,0,KE_bull,0,KE_5rib,0,unknown
2024_10_08_12-00-31.jpg,1653,1532,GR_ulva,green_algae_ulva,TRUE,224,0.999,GR_ulva,0,RE_fil,0,unknown,0,MS,0,KE_sugar
2024_10_08_12-00-31.jpg,2679,1878,RE_branch,red_algae_branching,TRUE,224,0.998,RE_branch,0.002,RE_bush,0,BR_sarg,0,RE_fil,0,RE_leaf
2024_10_08_12-00-31.jpg,3890,4216,GR_ulva,green_algae_ulva,TRUE,224,0.984,GR_ulva,0.008,MS,0.007,KE_stipe,0.001,BR_fucus,0,KE_holdfas
2024_10_08_12-00-31.jpg,1927,3375,Review,Review,TRUE,224,0.622,RE_branch,0.375,RE_bush,0.001,BR_sarg,0.001,MS,0.001,RE_leaf
2024_10_08_12-00-31.jpg,3345,4306,GR_ulva,green_algae_ulva,TRUE,224,1,GR_ulva,0,MS,0,KE_stipe,0,BR_sarg,0,unknown
2024_10_08_12-00-31.jpg,2214,1802,RE_branch,red_algae_branching,TRUE,224,1,RE_branch,0,RE_fil,0,BR_sarg,0,RE_leaf,0,RE_CCA
2024_10_08_12-00-31.jpg,3492,1584,RE_fil,red_algae_filamentous,TRUE,224,0.994,RE_fil,0.005,RE_branch,0.001,RE_leaf,0,MS,0,KE_bull
2024_10_08_12-00-31.jpg,2069,4019,Review,Review,TRUE,224,0.612,RE_fil,0.132,RE_leaf,0.129,BR_sarg,0.054,RE_CCA,0.019,KE_stipe
2024_10_08_12-00-31.jpg,3113,4305,GR_ulva,green_algae_ulva,TRUE,224,0.992,GR_ulva,0.007,BR_sarg,0,MS,0,KE_sieve,0,RE_leaf
2024_10_08_12-00-31.jpg,1220,3149,GR_ulva,green_algae_ulva,TRUE,224,1,GR_ulva,0,BR_sarg,0,RE_leaf,0,MS,0,KE_sieve
2024_10_08_12-00-31.jpg,1772,2146,RE_branch,red_algae_branching,TRUE,224,0.985,RE_branch,0.009,KE_stipe,0.002,RE_fil,0.001,GR_ulva,0.001,KE_bull
2024_10_08_12-00-31.jpg,1662,2277,RE_branch,red_algae_branching,TRUE,224,0.979,RE_branch,0.007,RE_fil,0.006,BR_sarg,0.005,RE_leaf,0.001,KE_sieve
2024_10_08_12-00-31.jpg,2900,3571,GR_ulva,green_algae_ulva,TRUE,224,1,GR_ulva,0,KE_bull,0,KE_stipe,0,MS,0,KE_5rib
2024_10_08_12-00-31.jpg,352,820,RE_fil,red_algae_filamentous,TRUE,224,0.902,RE_fil,0.097,RE_leaf,0.001,MS,0,RE_bush,0,KE_stipe
2024_10_08_12-00-31.jpg,2352,3602,GR_ulva,green_algae_ulva,TRUE,224,0.991,GR_ulva,0.006,BR_fucus,0.003,KE_bull,0,KE_sieve,0,KE_stipe
2024_10_08_12-00-31.jpg,2063,1898,RE_branch,red_algae_branching,TRUE,224,0.985,RE_branch,0.011,GR_ulva,0.002,RE_fil,0.001,SU_bould,0,RE_leaf
2024_10_08_12-00-40.jpg,3741,377,GR_ulva,green_algae_ulva,TRUE,224,0.972,GR_ulva,0.012,BR_fucus,0.007,unknown,0.003,KE_stipe,0.002,MS
2024_10_08_12-00-40.jpg,2848,1437,Review,Review,TRUE,224,0.545,GR_ulva,0.455,RE_leaf,0,KE_sieve,0,KE_bull,0,MS
2024_10_08_12-00-40.jpg,325,1757,GR_ulva,green_algae_ulva,TRUE,224,1,GR_ulva,0,KE_stipe,0,KE_bull,0,RE_leaf,0,KE_holdfas
2024_10_08_12-00-40.jpg,2336,330,Review,Review,TRUE,224,0.794,SU_cob,0.094,RE_leaf,0.043,KE_sugar,0.026,SU_silt,0.025,MS
2024_10_08_12-00-40.jpg,2886,975,GR_ulva,green_algae_ulva,TRUE,224,1,GR_ulva,0,MS,0,BR_sarg,0,KE_stipe,0,SU_bould
2024_10_08_12-00-40.jpg,2898,638,RE_branch,red_algae_branching,TRUE,224,1,RE_branch,0,MS,0,BR_sarg,0,RE_leaf,0,RE_bush
2024_10_08_12-00-40.jpg,3154,1494,GR_ulva,green_algae_ulva,TRUE,224,1,GR_ulva,0,RE_leaf,0,KE_bull,0,KE_5rib,0,MS
2024_10_08_12-00-40.jpg,3236,1913,GR_ulva,green_algae_ulva,TRUE,224,1,GR_ulva,0,KE_bull,0,BR_sarg,0,SU_peb,0,MS
2024_10_08_12-00-40.jpg,503,189,GR_ulva,green_algae_ulva,TRUE,224,0.922,GR_ulva,0.024,KE_5rib,0.023,SU_peb,0.018,unknown,0.007,SU_cob
2024_10_08_12-00-40.jpg,231,4136,Review,Review,TRUE,224,0.747,GR_ulva,0.251,unknown,0.001,KE_5rib,0,MS,0,SU_silt
2024_10_08_12-00-40.jpg,872,1655,GR_ulva,green_algae_ulva,TRUE,224,1,GR_ulva,0,KE_bull,0,KE_stipe,0,RE_leaf,0,BR_sarg
2024_10_08_12-00-40.jpg,2924,1767,GR_ulva,green_algae_ulva,TRUE,224,0.98,GR_ulva,0.02,RE_leaf,0,KE_bull,0,KE_sieve,0,KE_stipe
2024_10_08_12-00-40.jpg,1152,718,RE_branch,red_algae_branching,TRUE,224,1,RE_branch,0,BR_sarg,0,MS,0,RE_leaf,0,RE_bush
2024_10_08_12-00-40.jpg,2408,1208,RE_branch,red_algae_branching,TRUE,224,1,RE_branch,0,BR_sarg,0,RE_bush,0,KE_holdfas,0,RE_fil
2024_10_08_12-00-40.jpg,2507,3794,KE_sieve,kelp_sieve,TRUE,224,0.966,KE_sieve,0.033,GR_ulva,0,KE_stipe,0,RE_leaf,0,KE_sugar
2024_10_08_12-00-40.jpg,1308,3236,GR_ulva,green_algae_ulva,TRUE,224,1,GR_ulva,0,SU_peb,0,SU_cob,0,KE_bull,0,KE_stipe
2024_10_08_12-00-40.jpg,3899,1102,RE_leaf,red_algae_flat_leaf,TRUE,224,0.965,RE_leaf,0.023,MS,0.009,RE_fil,0.001,KE_5rib,0.001,RE_branch
2024_10_08_12-00-40.jpg,2523,4390,Review,Review,TRUE,224,0.84,GR_ulva,0.101,BR_fucus,0.024,MS,0.012,RE_bush,0.01,BR_sarg
2024_10_08_12-00-40.jpg,589,1487,GR_ulva,green_algae_ulva,TRUE,224,1,GR_ulva,0,unknown,0,KE_stipe,0,KE_bull,0,KE_sieve
2024_10_08_12-00-40.jpg,2210,1079,Review,Review,TRUE,224,0.576,RE_branch,0.325,RE_bush,0.09,KE_holdfas,0.008,BR_sarg,0.001,RE_fil
2024_10_08_12-00-40.jpg,1176,4201,GR_ulva,green_algae_ulva,TRUE,224,0.997,GR_ulva,0.002,unknown,0,RE_leaf,0,KE_stipe,0,KE_sieve
2024_10_08_12-00-40.jpg,424,3015,GR_ulva,green_algae_ulva,TRUE,224,1,GR_ulva,0,unknown,0,RE_leaf,0,RE_fil,0,KE_sieve
2024_10_08_12-00-40.jpg,169,191,Review,Review,TRUE,224,0.545,MS,0.159,RE_bush,0.158,KE_stipe,0.035,SU_cob,0.024,GR_ulva
2024_10_08_12-00-40.jpg,2812,454,Review,Review,TRUE,224,0.768,RE_CCA,0.057,KE_holdfas,0.05,RE_fil,0.045,KE_sugar,0.021,RE_branch
2024_10_08_12-00-40.jpg,1901,3263,GR_ulva,green_algae_ulva,TRUE,224,1,GR_ulva,0,SU_bould,0,KE_bull,0,KE_stipe,0,BR_sarg
2024_10_08_12-00-40.jpg,2703,3097,GR_ulva,green_algae_ulva,TRUE,224,0.921,GR_ulva,0.017,RE_bush,0.016,MS,0.012,KE_stipe,0.011,BR_sarg
2024_10_08_12-00-40.jpg,1016,819,RE_branch,red_algae_branching,TRUE,224,0.998,RE_branch,0.001,BR_sarg,0.001,RE_bush,0,KE_holdfas,0,RE_fil
2024_10_08_12-00-40.jpg,3887,235,Review,Review,TRUE,224,0.845,GR_ulva,0.154,unknown,0.001,BR_fucus,0,KE_sieve,0,KE_stipe
2024_10_08_12-00-40.jpg,2823,2270,GR_ulva,green_algae_ulva,TRUE,224,0.999,GR_ulva,0.001,RE_leaf,0,KE_5rib,0,unknown,0,KE_sugar
2024_10_08_12-00-40.jpg,1410,3064,SU_sand,sand_fine_shell,TRUE,224,0.989,SU_sand,0.007,SU_cob,0.003,SU_peb,0,MS,0,SU_shell
2024_10_08_12-00-40.jpg,593,622,GR_ulva,green_algae_ulva,TRUE,224,0.976,GR_ulva,0.021,KE_sieve,0.002,KE_stipe,0,RE_leaf,0,MS
2024_10_08_12-00-40.jpg,1993,1566,GR_ulva,green_algae_ulva,TRUE,224,1,GR_ulva,0,KE_bull,0,KE_sieve,0,RE_branch,0,BR_sarg
2024_10_08_12-00-40.jpg,215,3725,GR_ulva,green_algae_ulva,TRUE,224,0.993,GR_ulva,0.003,MS,0.002,unknown,0.001,KE_5rib,0,KE_sugar
2024_10_08_12-00-40.jpg,1324,1251,GR_ulva,green_algae_ulva,TRUE,224,0.999,GR_ulva,0.001,RE_leaf,0,KE_bull,0,KE_stipe,0,KE_5rib
2024_10_08_12-00-40.jpg,2170,693,RE_branch,red_algae_branching,TRUE,224,0.999,RE_branch,0.001,MS,0,KE_holdfas,0,RE_bush,0,BR_fucus
2024_10_08_12-00-40.jpg,2635,1409,Review,Review,TRUE,224,0.657,BR_sarg,0.301,RE_branch,0.032,KE_bull,0.005,MS,0.003,KE_holdfas
2024_10_08_12-00-40.jpg,3243,3570,GR_ulva,green_algae_ulva,TRUE,224,1,GR_ulva,0,SU_bould,0,KE_bull,0,KE_stipe,0,MS
2024_10_08_12-00-40.jpg,166,3179,GR_ulva,green_algae_ulva,TRUE,224,1,GR_ulva,0,KE_5rib,0,KE_bull,0,KE_stipe,0,unknown
2024_10_08_12-00-40.jpg,1065,1766,RE_branch,red_algae_branching,TRUE,224,0.98,RE_branch,0.015,KE_bull,0.002,RE_fil,0.002,BR_sarg,0,MS
2024_10_08_12-00-40.jpg,931,208,SU_peb,pebble,TRUE,224,0.911,SU_peb,0.085,BR_sarg,0.002,SU_bould,0.002,GR_ulva,0,MS
2024_10_08_12-00-40.jpg,3619,2183,Review,Review,TRUE,224,0.424,SU_shell,0.31,KE_stipe,0.09,GR_ulva,0.053,BR_fucus,0.049,MS
2024_10_08_12-00-40.jpg,1904,2467,Review,Review,TRUE,224,0.553,SU_peb,0.247,KE_bull,0.155,GR_ulva,0.042,KE_stipe,0.001,SU_bould
2024_10_08_12-00-40.jpg,3436,3372,RE_leaf,red_algae_flat_leaf,TRUE,224,1,RE_leaf,0,MS,0,RE_fil,0,RE_bush,0,SI_kelpBry
2024_10_08_12-00-40.jpg,3272,3291,GR_ulva,green_algae_ulva,TRUE,224,0.916,GR_ulva,0.045,SU_peb,0.02,KE_stipe,0.017,MS,0.001,SU_sand
2024_10_08_12-00-40.jpg,2199,3364,GR_ulva,green_algae_ulva,TRUE,224,0.997,GR_ulva,0.003,KE_sieve,0,BR_sarg,0,KE_stipe,0,RE_branch
2024_10_08_12-00-40.jpg,3728,3756,SU_peb,pebble,TRUE,224,0.986,SU_peb,0.013,SU_shell,0,SI_kelpBry,0,MS,0,SU_cob
2024_10_08_12-00-40.jpg,198,1780,Review,Review,TRUE,224,0.812,GR_ulva,0.116,KE_bull,0.035,SU_peb,0.025,MS,0.009,KE_stipe
2024_10_08_12-00-40.jpg,1775,2687,Review,Review,TRUE,224,0.781,BR_sarg,0.087,SU_bould,0.085,MS,0.022,RE_fil,0.01,KE_stipe
2024_10_08_12-00-40.jpg,2918,3913,GR_ulva,green_algae_ulva,TRUE,224,0.997,GR_ulva,0.002,KE_sieve,0,KE_sugar,0,unknown,0,KE_5rib
2024_10_08_12-00-40.jpg,2316,4155,GR_ulva,green_algae_ulva,TRUE,224,0.999,GR_ulva,0.001,KE_sieve,0,unknown,0,KE_stipe,0,BR_fucus
2024_10_08_12-00-49.jpg,800,1964,GR_ulva,green_algae_ulva,TRUE,224,1,GR_ulva,0,BR_sarg,0,BR_fucus,0,RE_fil,0,KE_bull
2024_10_08_12-00-49.jpg,2902,1177,GR_ulva,green_algae_ulva,TRUE,224,1,GR_ulva,0,unknown,0,KE_sieve,0,RE_leaf,0,KE_5rib
2024_10_08_12-00-49.jpg,949,1240,RE_branch,red_algae_branching,TRUE,224,0.989,RE_branch,0.01,RE_fil,0.001,BR_sarg,0,RE_bush,0,KE_stipe
2024_10_08_12-00-49.jpg,3415,1060,GR_ulva,green_algae_ulva,TRUE,224,0.998,GR_ulva,0.001,RE_leaf,0.001,KE_sieve,0,BR_sarg,0,unknown
2024_10_08_12-00-49.jpg,2920,2719,GR_ulva,green_algae_ulva,TRUE,224,1,GR_ulva,0,BR_sarg,0,KE_bull,0,RE_fil,0,KE_stipe
2024_10_08_12-00-49.jpg,1382,3238,GR_ulva,green_algae_ulva,TRUE,224,0.999,GR_ulva,0,SU_bould,0,KE_bull,0,unknown,0,KE_sieve
2024_10_08_12-00-49.jpg,606,3123,SU_bould,boulder,TRUE,224,0.935,SU_bould,0.031,KE_stipe,0.019,KE_bull,0.014,GR_ulva,0.001,SI
2024_10_08_12-00-49.jpg,3361,3133,Review,Review,TRUE,224,0.522,KE_stipe,0.317,GR_ulva,0.072,KE_bull,0.037,SU_peb,0.029,MS
2024_10_08_12-00-49.jpg,1869,1784,GR_ulva,green_algae_ulva,TRUE,224,1,GR_ulva,0,KE_5rib,0,RE_leaf,0,unknown,0,SI_kelpBry
2024_10_08_12-00-49.jpg,2687,1242,GR_ulva,green_algae_ulva,TRUE,224,0.999,GR_ulva,0,KE_sugar,0,KE_5rib,0,RE_leaf,0,unknown
2024_10_08_12-00-49.jpg,2249,1325,SU_peb,pebble,TRUE,224,0.948,SU_peb,0.052,SU_shell,0,GR_ulva,0,SI,0,KE_bull
2024_10_08_12-00-49.jpg,724,3057,Review,Review,TRUE,224,0.497,SU_bould,0.393,KE_stipe,0.053,GR_ulva,0.038,RE_CCA,0.017,KE_bull
2024_10_08_12-00-49.jpg,1832,2279,GR_ulva,green_algae_ulva,TRUE,224,1,GR_ulva,0,KE_bull,0,RE_leaf,0,SI_kelpBry,0,BR_sarg
2024_10_08_12-00-49.jpg,347,4491,GR_ulva,green_algae_ulva,TRUE,224,0.994,GR_ulva,0.003,unknown,0.002,MS,0.001,KE_sugar,0.001,KE_sieve
2024_10_08_12-00-49.jpg,2546,676,GR_ulva,green_algae_ulva,TRUE,224,0.999,GR_ulva,0.001,unknown,0,RE_leaf,0,KE_5rib,0,KE_sugar
2024_10_08_12-00-49.jpg,1366,551,RE_fil,red_algae_filamentous,TRUE,224,1,RE_fil,0,RE_leaf,0,KE_5rib,0,BR_sarg,0,SU_bould
2024_10_08_12-00-49.jpg,2684,3931,GR_ulva,green_algae_ulva,TRUE,224,0.998,GR_ulva,0.002,unknown,0,KE_5rib,0,RE_leaf,0,KE_sieve
2024_10_08_12-00-49.jpg,2354,4033,Review,Review,TRUE,224,0.822,GR_ulva,0.114,KE_stipe,0.039,SU_peb,0.015,BR_sarg,0.009,KE_bull
2024_10_08_12-00-49.jpg,2412,3280,GR_ulva,green_algae_ulva,TRUE,224,1,GR_ulva,0,KE_sieve,0,BR_sarg,0,RE_CCA,0,KE_bull
2024_10_08_12-00-49.jpg,2909,429,Review,Review,TRUE,224,0.76,GR_ulva,0.239,unknown,0,SU_bould,0,KE_stipe,0,RE_fil
2024_10_08_12-00-49.jpg,3836,3592,Review,Review,TRUE,224,0.789,KE_stipe,0.136,RE_bush,0.036,RE_leaf,0.015,GR_ulva,0.014,MS
2024_10_08_12-00-49.jpg,492,4351,Review,Review,TRUE,224,0.895,unknown,0.102,GR_ulva,0.001,SI,0.001,MS,0,RE_fil
2024_10_08_12-00-49.jpg,869,4303,GR_ulva,green_algae_ulva,TRUE,224,0.99,GR_ulva,0.01,unknown,0,SU_silt,0,KE_sugar,0,KE_sieve
2024_10_08_12-00-49.jpg,3192,4120,GR_ulva,green_algae_ulva,TRUE,224,1,GR_ulva,0,SI,0,KE_5rib,0,KE_bull,0,unknown
2024_10_08_12-00-49.jpg,796,3403,Review,Review,TRUE,224,0.547,GR_ulva,0.437,KE_stipe,0.008,RE_fil,0.003,BR_sarg,0.002,RE_bush
2024_10_08_12-00-49.jpg,1916,1556,Review,Review,TRUE,224,0.851,GR_ulva,0.139,SU_peb,0.01,KE_bull,0,KE_stipe,0,KE_sugar
2024_10_08_12-00-49.jpg,142,2226,GR_ulva,green_algae_ulva,TRUE,224,1,GR_ulva,0,KE_sieve,0,BR_fucus,0,BR_sarg,0,RE_branch
2024_10_08_12-00-49.jpg,137,4084,Review,Review,TRUE,224,0.898,GR_ulva,0.101,unknown,0,KE_sieve,0,MS,0,KE_sugar
2024_10_08_12-00-49.jpg,1088,4397,GR_ulva,green_algae_ulva,TRUE,224,0.997,GR_ulva,0.002,unknown,0,KE_sieve,0,KE_stipe,0,SU_silt
2024_10_08_12-00-49.jpg,3347,2457,RE_branch,red_algae_branching,TRUE,224,0.999,RE_branch,0.001,BR_sarg,0,MS,0,SI,0,RE_bush
2024_10_08_12-00-49.jpg,755,1072,Review,Review,TRUE,224,0.815,GR_ulva,0.118,KE_stipe,0.063,KE_bull,0.002,SU_bould,0.001,BR_fucus
2024_10_08_12-00-49.jpg,161,2761,GR_ulva,green_algae_ulva,TRUE,224,1,GR_ulva,0,unknown,0,RE_fil,0,KE_sieve,0,RE_bush
2024_10_08_12-00-49.jpg,2198,2203,GR_ulva,green_algae_ulva,TRUE,224,0.989,GR_ulva,0.007,KE_bull,0.002,KE_stipe,0.001,RE_branch,0.001,RE_CCA
2024_10_08_12-00-49.jpg,1957,3054,GR_ulva,green_algae_ulva,TRUE,224,1,GR_ulva,0,KE_sieve,0,BR_sarg,0,KE_bull,0,RE_leaf
2024_10_08_12-00-49.jpg,2073,1377,SU_peb,pebble,TRUE,224,1,SU_peb,0,GR_ulva,0,KE_bull,0,MS,0,KE_stipe
2024_10_08_12-00-49.jpg,3134,3179,RE_branch,red_algae_branching,TRUE,224,1,RE_branch,0,MS,0,RE_leaf,0,RE_bush,0,BR_sarg
2024_10_08_12-00-49.jpg,148,883,GR_ulva,green_algae_ulva,TRUE,224,0.997,GR_ulva,0.003,unknown,0,KE_sieve,0,RE_leaf,0,KE_5rib
2024_10_08_12-00-49.jpg,350,4030,GR_ulva,green_algae_ulva,TRUE,224,1,GR_ulva,0,unknown,0,KE_5rib,0,MS,0,KE_sugar
2024_10_08_12-00-49.jpg,1967,2212,GR_ulva,green_algae_ulva,TRUE,224,1,GR_ulva,0,KE_bull,0,RE_leaf,0,KE_5rib,0,SU_peb
2024_10_08_12-00-49.jpg,3198,2630,RE_branch,red_algae_branching,TRUE,224,0.94,RE_branch,0.031,MS,0.018,RE_bush,0.011,BR_sarg,0,KE_stipe
2024_10_08_12-00-49.jpg,1118,1024,Review,Review,TRUE,224,0.766,BR_sarg,0.147,RE_branch,0.054,GR_ulva,0.011,MS,0.005,RE_leaf
2024_10_08_12-00-49.jpg,446,3389,RE_fil,red_algae_filamentous,TRUE,224,0.998,RE_fil,0.001,RE_leaf,0,MS,0,KE_stipe,0,KE_5rib
2024_10_08_12-00-49.jpg,1796,237,RE_fil,red_algae_filamentous,TRUE,224,0.997,RE_fil,0.003,RE_bush,0,RE_branch,0,RE_CCA,0,RE_leaf
2024_10_08_12-00-49.jpg,2393,1467,SU_peb,pebble,TRUE,224,0.99,SU_peb,0.01,GR_ulva,0,KE_bull,0,SU_shell,0,SU_cob
2024_10_08_12-00-49.jpg,3336,669,GR_ulva,green_algae_ulva,TRUE,224,0.999,GR_ulva,0,SU_silt,0,KE_stipe,0,BR_fucus,0,SU_bould
2024_10_08_12-00-49.jpg,2195,3522,GR_ulva,green_algae_ulva,TRUE,224,1,GR_ulva,0,KE_bull,0,KE_stipe,0,BR_sarg,0,KE_sugar
2024_10_08_12-00-49.jpg,3491,3517,RE_branch,red_algae_branching,TRUE,224,0.963,RE_branch,0.027,RE_fil,0.006,SU_bould,0.003,RE_bush,0,MS
2024_10_08_12-00-49.jpg,1489,1472,GR_ulva,green_algae_ulva,TRUE,224,1,GR_ulva,0,KE_bull,0,RE_leaf,0,KE_sieve,0,MS
2024_10_08_12-00-49.jpg,3205,2832,RE_branch,red_algae_branching,TRUE,224,1,RE_branch,0,BR_sarg,0,RE_leaf,0,MS,0,RE_bush
2024_10_08_12-00-49.jpg,2078,348,GR_ulva,green_algae_ulva,TRUE,224,0.999,GR_ulva,0,SU_silt,0,KE_sugar,0,unknown,0,BR_fucus
2024_10_08_12-00-58.jpg,179,1302,RE_leaf,red_algae_flat_leaf,TRUE,224,1,RE_leaf,0,RE_fil,0,RE_bush,0,KE_5rib,0,unknown
2024_10_08_12-00-58.jpg,3025,1949,SU_peb,pebble,TRUE,224,0.937,SU_peb,0.028,GR_ulva,0.019,SU_bould,0.016,KE_bull,0,KE_stipe
2024_10_08_12-00-58.jpg,3131,2301,SU_peb,pebble,TRUE,224,1,SU_peb,0,SU_shell,0,SU_sand,0,SU_cob,0,SU_bould
2024_10_08_12-00-58.jpg,3104,785,Review,Review,TRUE,224,0.855,GR_ulva,0.145,SU_peb,0,KE_stipe,0,SI_kelpBry,0,MS
2024_10_08_12-00-58.jpg,2570,1877,KE_sugar,kelp_sugar,TRUE,224,1,KE_sugar,0,RE_leaf,0,SU_silt,0,KE_bull,0,GR_ulva
2024_10_08_12-00-58.jpg,1509,1803,Review,Review,TRUE,224,0.834,RE_leaf,0.078,RE_fil,0.056,RE_CCA,0.032,MS,0,KE_stipe
2024_10_08_12-00-58.jpg,2251,1664,SU_bould,boulder,TRUE,224,0.999,SU_bould,0.001,KE_sugar,0,KE_sieve,0,SU_silt,0,GR_ulva
2024_10_08_12-00-58.jpg,3747,112,Review,Review,TRUE,224,0.843,unknown,0.157,GR_ulva,0,KE_stipe,0,MS,0,KE_5rib
2024_10_08_12-00-58.jpg,699,3165,Review,Review,TRUE,224,0.592,KE_stipe,0.201,KE_5rib,0.087,SU_bould,0.047,KE_sugar,0.031,KE_holdfas
2024_10_08_12-00-58.jpg,2381,640,GR_ulva,green_algae_ulva,TRUE,224,1,GR_ulva,0,unknown,0,KE_sugar,0,RE_leaf,0,SU_bould
2024_10_08_12-00-58.jpg,3276,730,GR_ulva,green_algae_ulva,TRUE,224,1,GR_ulva,0,KE_stipe,0,BR_sarg,0,KE_5rib,0,SU_peb
2024_10_08_12-00-58.jpg,282,806,GR_ulva,green_algae_ulva,TRUE,224,1,GR_ulva,0,KE_stipe,0,unknown,0,MS,0,RE_leaf
2024_10_08_12-00-58.jpg,1212,4174,GR_ulva,green_algae_ulva,TRUE,224,1,GR_ulva,0,SU_bould,0,unknown,0,MS,0,KE_stipe
2024_10_08_12-00-58.jpg,533,783,GR_ulva,green_algae_ulva,TRUE,224,0.983,GR_ulva,0.009,KE_stipe,0.007,SU_bould,0,SU_peb,0,KE_bull
2024_10_08_12-00-58.jpg,2143,485,GR_ulva,green_algae_ulva,TRUE,224,1,GR_ulva,0,SU_peb,0,SU_cob,0,BR_sarg,0,SU_bould
2024_10_08_12-00-58.jpg,2569,3490,SU_peb,pebble,TRUE,224,0.999,SU_peb,0.001,SU_cob,0,KE_holdfas,0,MS,0,KE_stipe
2024_10_08_12-00-58.jpg,399,3076,RE_fil,red_algae_filamentous,TRUE,224,0.926,RE_fil,0.059,SU_bould,0.009,KE_stipe,0.004,RE_CCA,0.001,MS
2024_10_08_12-00-58.jpg,2502,1533,Review,Review,TRUE,224,0.886,KE_sugar,0.091,KE_sieve,0.022,SU_bould,0.001,RE_leaf,0,MS
2024_10_08_12-00-58.jpg,3059,521,SU_sand,sand_fine_shell,TRUE,224,0.981,SU_sand,0.009,SU_peb,0.009,SU_shell,0,SU_bould,0,SU_cob
2024_10_08_12-00-58.jpg,543,2050,RE_leaf,red_algae_flat_leaf,TRUE,224,0.958,RE_leaf,0.037,KE_sugar,0.004,MS,0,GR_ulva,0,RE_CCA
2024_10_08_12-00-58.jpg,2910,817,SU_peb,pebble,TRUE,224,0.991,SU_peb,0.007,SU_sand,0.002,SU_shell,0,SU_bould,0,GR_ulva
2024_10_08_12-00-58.jpg,3000,2775,KE_stipe,kelp_stipe,TRUE,224,1,KE_stipe,0,KE_bull,0,SU_peb,0,SU_shell,0,KE_holdfas
2024_10_08_12-00-58.jpg,2710,2556,SU_peb,pebble,TRUE,224,0.967,SU_peb,0.013,KE_stipe,0.012,SU_bould,0.002,MS,0.002,KE_sieve
2024_10_08_12-00-58.jpg,3204,3112,Review,Review,TRUE,224,0.824,RE_branch,0.131,MS,0.037,RE_bush,0.006,BR_fucus,0.001,KE_stipe
2024_10_08_12-00-58.jpg,3015,3974,SU_peb,pebble,TRUE,224,0.98,SU_peb,0.02,GR_ulva,0,MS,0,KE_stipe,0,SU_cob
2024_10_08_12-00-58.jpg,2434,2514,Review,Review,TRUE,224,0.787,SU_bould,0.113,KE_sugar,0.06,GR_ulva,0.03,KE_sieve,0.003,KE_bull
2024_10_08_12-00-58.jpg,3125,3389,Review,Review,TRUE,224,0.863,SU_bould,0.078,KE_holdfas,0.045,KE_stipe,0.006,SI,0.006,MS
2024_10_08_12-00-58.jpg,3344,3058,Review,Review,TRUE,224,0.509,GR_ulva,0.437,KE_bull,0.026,KE_stipe,0.024,MS,0.003,RE_leaf
2024_10_08_12-00-58.jpg,3335,1555,GR_ulva,green_algae_ulva,TRUE,224,1,GR_ulva,0,BR_sarg,0,KE_sieve,0,SU_bould,0,BR_fucus
2024_10_08_12-00-58.jpg,1382,1000,Review,Review,TRUE,224,0.827,MS,0.153,SU_shell,0.011,KE_stipe,0.005,RE_leaf,0.003,SU_peb
2024_10_08_12-00-58.jpg,738,4444,GR_ulva,green_algae_ulva,TRUE,224,1,GR_ulva,0,KE_5rib,0,unknown,0,SU_bould,0,MS
2024_10_08_12-00-58.jpg,2785,933,SU_peb,pebble,TRUE,224,1,SU_peb,0,GR_ulva,0,SU_shell,0,SU_bould,0,SU_cob
2024_10_08_12-00-58.jpg,1468,835,Review,Review,TRUE,224,0.83,SU_peb,0.134,KE_sieve,0.02,BR_sarg,0.008,KE_sugar,0.004,KE_stipe
2024_10_08_12-00-58.jpg,1884,3852,GR_ulva,green_algae_ulva,TRUE,224,0.969,GR_ulva,0.03,KE_sieve,0.001,KE_5rib,0,RE_fil,0,unknown
2024_10_08_12-00-58.jpg,3476,3345,GR_ulva,green_algae_ulva,TRUE,224,1,GR_ulva,0,BR_sarg,0,KE_stipe,0,SU_bould,0,KE_5rib
2024_10_08_12-00-58.jpg,988,3338,KE_sugar,kelp_sugar,TRUE,224,1,KE_sugar,0,RE_leaf,0,SU_cob,0,KE_sieve,0,SU_silt
2024_10_08_12-00-58.jpg,1112,3958,GR_ulva,green_algae_ulva,TRUE,224,0.922,GR_ulva,0.078,SU_bould,0,SU_cob,0,KE_stipe,0,unknown
2024_10_08_12-00-58.jpg,671,2951,RE_fil,red_algae_filamentous,TRUE,224,0.997,RE_fil,0.002,SU_bould,0.001,RE_bush,0,KE_stipe,0,RE_branch
2024_10_08_12-00-58.jpg,1356,2614,SU_peb,pebble,TRUE,224,1,SU_peb,0,SU_shell,0,KE_bull,0,KE_stipe,0,SI_kelpBry
2024_10_08_12-00-58.jpg,3706,3587,GR_ulva,green_algae_ulva,TRUE,224,1,GR_ulva,0,BR_sarg,0,RE_leaf,0,KE_stipe,0,KE_5rib
2024_10_08_12-00-58.jpg,2515,2673,KE_sieve,kelp_sieve,TRUE,224,0.962,KE_sieve,0.016,SU_bould,0.012,RE_branch,0.008,GR_ulva,0.001,KE_bull
2024_10_08_12-00-58.jpg,2879,2751,KE_stipe,kelp_stipe,TRUE,224,1,KE_stipe,0,KE_holdfas,0,KE_bull,0,SU_peb,0,MS
2024_10_08_12-00-58.jpg,3905,685,GR_ulva,green_algae_ulva,TRUE,224,1,GR_ulva,0,KE_stipe,0,unknown,0,KE_sieve,0,KE_5rib
2024_10_08_12-00-58.jpg,843,510,Review,Review,TRUE,224,0.515,GR_ulva,0.256,BR_fucus,0.07,BR_sarg,0.056,SU_silt,0.031,SU_cob
2024_10_08_12-00-58.jpg,147,3917,GR_ulva,green_algae_ulva,TRUE,224,1,GR_ulva,0,unknown,0,KE_sieve,0,MS,0,KE_5rib
2024_10_08_12-00-58.jpg,262,1567,RE_leaf,red_algae_flat_leaf,TRUE,224,1,RE_leaf,0,RE_fil,0,RE_bush,0,KE_sugar,0,KE_5rib
2024_10_08_12-00-58.jpg,1061,280,KE_sugar,kelp_sugar,TRUE,224,1,KE_sugar,0,SU_cob,0,RE_leaf,0,SU_silt,0,KE_5rib
2024_10_08_12-00-58.jpg,3066,3855,Review,Review,TRUE,224,0.692,SU_peb,0.236,RE_bush,0.047,KE_stipe,0.013,MS,0.01,SU_sand
2024_10_08_12-00-58.jpg,3500,3002,Review,Review,TRUE,224,0.887,RE_fil,0.102,MS,0.004,RE_bush,0.004,RE_branch,0.001,SU_bould
2024_10_08_12-00-58.jpg,3895,3489,GR_ulva,green_algae_ulva,TRUE,224,1,GR_ulva,0,MS,0,RE_leaf,0,unknown,0,KE_5rib
2024_10_08_12-01-07.jpg,827,3880,GR_ulva,green_algae_ulva,TRUE,224,0.999,GR_ulva,0.001,unknown,0,SU_bould,0,RE_leaf,0,KE_stipe
2024_10_08_12-01-07.jpg,1614,208,GR_ulva,green_algae_ulva,TRUE,224,0.999,GR_ulva,0.001,unknown,0,KE_sugar,0,SU_silt,0,KE_stipe
2024_10_08_12-01-07.jpg,3363,3954,GR_ulva,green_algae_ulva,TRUE,224,0.973,GR_ulva,0.013,SU_bould,0.01,KE_sieve,0.002,MS,0.001,RE_leaf
2024_10_08_12-01-07.jpg,1023,2049,Review,Review,TRUE,224,0.518,SU_peb,0.418,RE_leaf,0.022,KE_bull,0.012,SI,0.009,KE_stipe
2024_10_08_12-01-07.jpg,1021,1191,GR_ulva,green_algae_ulva,TRUE,224,0.993,GR_ulva,0.007,KE_stipe,0,SU_bould,0,SI,0,KE_bull
2024_10_08_12-01-07.jpg,3304,3389,Review,Review,TRUE,224,0.648,GR_ulva,0.259,KE_stipe,0.087,SU_bould,0.004,KE_bull,0,SI
2024_10_08_12-01-07.jpg,178,3842,GR_ulva,green_algae_ulva,TRUE,224,0.998,GR_ulva,0.002,KE_5rib,0,KE_sieve,0,unknown,0,BR_fucus
2024_10_08_12-01-07.jpg,560,4462,GR_ulva,green_algae_ulva,TRUE,224,1,GR_ulva,0,KE_stipe,0,KE_bull,0,MS,0,BR_sarg
2024_10_08_12-01-07.jpg,2618,682,Review,Review,TRUE,224,0.573,RE_bush,0.287,BR_sarg,0.115,RE_branch,0.019,RE_fil,0.004,KE_holdfas
2024_10_08_12-01-07.jpg,3773,2124,KE_5rib,kelp_five_rib,TRUE,224,0.994,KE_5rib,0.002,MS,0.001,KE_bull,0.001,RE_fil,0,RE_leaf
2024_10_08_12-01-07.jpg,3208,929,RE_fil,red_algae_filamentous,TRUE,224,1,RE_fil,0,RE_leaf,0,RE_bush,0,SU_cob,0,BR_sarg
2024_10_08_12-01-07.jpg,2481,1376,BR_sarg,brown_algae_sargassum,TRUE,224,0.981,BR_sarg,0.016,RE_branch,0.001,SU_bould,0.001,RE_fil,0.001,KE_sugar
2024_10_08_12-01-07.jpg,1371,4240,GR_ulva,green_algae_ulva,TRUE,224,1,GR_ulva,0,KE_sieve,0,KE_stipe,0,unknown,0,BR_sarg
2024_10_08_12-01-07.jpg,2686,2844,GR_ulva,green_algae_ulva,TRUE,224,0.999,GR_ulva,0,unknown,0,RE_fil,0,KE_sieve,0,KE_bull
2024_10_08_12-01-07.jpg,630,3953,GR_ulva,green_algae_ulva,TRUE,224,1,GR_ulva,0,unknown,0,BR_sarg,0,SI,0,RE_leaf
2024_10_08_12-01-07.jpg,1399,2247,GR_ulva,green_algae_ulva,TRUE,224,1,GR_ulva,0,KE_5rib,0,RE_leaf,0,BR_sarg,0,SI_kelpBry
2024_10_08_12-01-07.jpg,3898,2883,Review,Review,TRUE,224,0.728,RE_fil,0.225,SU_cob,0.025,SU_bould,0.009,RE_leaf,0.008,MS
2024_10_08_12-01-07.jpg,3555,2522,RE_bush,red_algae_bushy,TRUE,224,1,RE_bush,0,RE_branch,0,MS,0,SU_peb,0,SU_sand
2024_10_08_12-01-07.jpg,1650,2033,GR_ulva,green_algae_ulva,TRUE,224,1,GR_ulva,0,KE_5rib,0,MS,0,SU_peb,0,SI_kelpBry
2024_10_08_12-01-07.jpg,3038,3065,GR_ulva,green_algae_ulva,TRUE,224,1,GR_ulva,0,RE_leaf,0,KE_bull,0,BR_sarg,0,KE_5rib
2024_10_08_12-01-07.jpg,398,2198,Review,Review,TRUE,224,0.517,SU_peb,0.349,SU_silt,0.102,KE_sieve,0.014,SU_bould,0.005,KE_stipe
2024_10_08_12-01-07.jpg,1117,449,GR_ulva,green_algae_ulva,TRUE,224,1,GR_ulva,0,KE_5rib,0,KE_sieve,0,unknown,0,KE_stipe
2024_10_08_12-01-07.jpg,1221,2446,GR_ulva,green_algae_ulva,TRUE,224,1,GR_ulva,0,KE_bull,0,KE_5rib,0,unknown,0,MS
2024_10_08_12-01-07.jpg,2679,1569,GR_ulva,green_algae_ulva,TRUE,224,0.987,GR_ulva,0.011,SU_peb,0.002,KE_stipe,0,KE_bull,0,BR_sarg
2024_10_08_12-01-07.jpg,2079,3391,GR_ulva,green_algae_ulva,TRUE,224,0.999,GR_ulva,0.001,KE_bull,0,MS,0,KE_stipe,0,RE_fil
2024_10_08_12-01-07.jpg,1207,1551,GR_ulva,green_algae_ulva,TRUE,224,1,GR_ulva,0,SU_peb,0,BR_sarg,0,SU_bould,0,KE_sugar
2024_10_08_12-01-07.jpg,3370,2856,GR_ulva,green_algae_ulva,TRUE,224,1,GR_ulva,0,SI,0,KE_stipe,0,SU_peb,0,SU_cob
2024_10_08_12-01-07.jpg,2258,1988,RE_fil,red_algae_filamentous,TRUE,224,1,RE_fil,0,RE_leaf,0,BR_sarg,0,KE_5rib,0,KE_sugar
2024_10_08_12-01-07.jpg,3849,2333,GR_ulva,green_algae_ulva,TRUE,224,0.996,GR_ulva,0.004,BR_sarg,0,MS,0,KE_bull,0,SU_peb
2024_10_08_12-01-07.jpg,2390,2792,GR_ulva,green_algae_ulva,TRUE,224,1,GR_ulva,0,unknown,0,KE_5rib,0,BR_sarg,0,RE_leaf
2024_10_08_12-01-07.jpg,894,2231,GR_ulva,green_algae_ulva,TRUE,224,0.974,GR_ulva,0.012,SU_silt,0.004,SU_peb,0.003,KE_bull,0.002,SI_kelpBry
2024_10_08_12-01-07.jpg,737,4175,GR_ulva,green_algae_ulva,TRUE,224,1,GR_ulva,0,MS,0,SU_peb,0,KE_5rib,0,BR_sarg
2024_10_08_12-01-07.jpg,3753,4303,Review,Review,TRUE,224,0.843,MS,0.084,RE_bush,0.036,RE_leaf,0.025,KE_stipe,0.007,KE_sugar
2024_10_08_12-01-07.jpg,2237,1419,RE_branch,red_algae_branching,TRUE,224,0.99,RE_branch,0.006,BR_sarg,0.001,KE_stipe,0.001,MS,0.001,RE_fil
2024_10_08_12-01-07.jpg,1749,833,GR_ulva,green_algae_ulva,TRUE,224,1,GR_ulva,0,RE_leaf,0,KE_stipe,0,KE_bull,0,BR_sarg
2024_10_08_12-01-07.jpg,1658,714,GR_ulva,green_algae_ulva,TRUE,224,1,GR_ulva,0,unknown,0,MS,0,SU_peb,0,KE_sieve
2024_10_08_12-01-07.jpg,1455,3963,GR_ulva,green_algae_ulva,TRUE,224,0.998,GR_ulva,0.001,unknown,0.001,KE_sieve,0,KE_stipe,0,MS
2024_10_08_12-01-07.jpg,1245,3664,GR_ulva,green_algae_ulva,TRUE,224,1,GR_ulva,0,RE_leaf,0,KE_sugar,0,MS,0,unknown
2024_10_08_12-01-07.jpg,2478,3654,GR_ulva,green_algae_ulva,TRUE,224,1,GR_ulva,0,KE_sieve,0,KE_stipe,0,unknown,0,RE_leaf
2024_10_08_12-01-07.jpg,2880,3648,GR_ulva,green_algae_ulva,TRUE,224,1,GR_ulva,0,SU_bould,0,KE_stipe,0,SU_cob,0,BR_sarg
2024_10_08_12-01-07.jpg,1021,863,GR_ulva,green_algae_ulva,TRUE,224,0.999,GR_ulva,0.001,unknown,0,KE_5rib,0,KE_sieve,0,RE_leaf
2024_10_08_12-01-07.jpg,1209,659,GR_ulva,green_algae_ulva,TRUE,224,1,GR_ulva,0,MS,0,KE_sugar,0,KE_sieve,0,RE_leaf
2024_10_08_12-01-07.jpg,1237,3004,GR_ulva,green_algae_ulva,TRUE,224,1,GR_ulva,0,SU_peb,0,KE_bull,0,RE_CCA,0,SU_cob
2024_10_08_12-01-07.jpg,1992,2694,GR_ulva,green_algae_ulva,TRUE,224,1,GR_ulva,0,RE_leaf,0,BR_sarg,0,RE_fil,0,KE_5rib
2024_10_08_12-01-07.jpg,3299,2179,GR_ulva,green_algae_ulva,TRUE,224,1,GR_ulva,0,RE_leaf,0,KE_5rib,0,KE_bull,0,KE_stipe
2024_10_08_12-01-07.jpg,2175,1630,GR_ulva,green_algae_ulva,TRUE,224,0.995,GR_ulva,0.004,SU_peb,0.001,KE_bull,0.001,BR_sarg,0,RE_branch
2024_10_08_12-01-07.jpg,2023,1062,Review,Review,TRUE,224,0.518,RE_bush,0.341,RE_branch,0.12,BR_sarg,0.016,GR_ulva,0.002,KE_holdfas
2024_10_08_12-01-07.jpg,2238,2956,GR_ulva,green_algae_ulva,TRUE,224,0.999,GR_ulva,0,RE_fil,0,RE_leaf,0,KE_sugar,0,unknown
2024_10_08_12-01-07.jpg,1873,2735,GR_ulva,green_algae_ulva,TRUE,224,1,GR_ulva,0,RE_leaf,0,KE_bull,0,BR_sarg,0,SI_kelpBry
2024_10_08_12-01-07.jpg,3808,1703,RE_leaf,red_algae_flat_leaf,TRUE,224,1,RE_leaf,0,MS,0,RE_fil,0,KE_stipe,0,SU_peb
2024_10_08_12-01-16.jpg,274,1837,Review,Review,TRUE,224,0.587,RE_bush,0.136,GR_ulva,0.097,MS,0.048,BR_fucus,0.035,RE_branch
2024_10_08_12-01-16.jpg,3627,4421,GR_ulva,green_algae_ulva,TRUE,224,0.993,GR_ulva,0.004,KE_stipe,0.002,MS,0.001,SU_peb,0,unknown
2024_10_08_12-01-16.jpg,3470,1471,Review,Review,TRUE,224,0.736,GR_ulva,0.217,KE_bull,0.045,BR_fucus,0.001,KE_stipe,0,BR_sarg
2024_10_08_12-01-16.jpg,1513,3459,GR_ulva,green_algae_ulva,TRUE,224,0.989,GR_ulva,0.011,unknown,0,KE_sugar,0,RE_leaf,0,KE_stipe
2024_10_08_12-01-16.jpg,229,3769,GR_ulva,green_algae_ulva,TRUE,224,1,GR_ulva,0,unknown,0,MS,0,KE_stipe,0,KE_5rib
2024_10_08_12-01-16.jpg,788,2939,GR_ulva,green_algae_ulva,TRUE,224,1,GR_ulva,0,KE_sieve,0,RE_leaf,0,BR_sarg,0,KE_holdfas
2024_10_08_12-01-16.jpg,2147,2168,GR_ulva,green_algae_ulva,TRUE,224,1,GR_ulva,0,RE_leaf,0,KE_5rib,0,KE_bull,0,BR_sarg
2024_10_08_12-01-16.jpg,2203,2581,GR_ulva,green_algae_ulva,TRUE,224,1,GR_ulva,0,RE_leaf,0,KE_bull,0,unknown,0,KE_sugar
2024_10_08_12-01-16.jpg,3759,1940,GR_ulva,green_algae_ulva,TRUE,224,1,GR_ulva,0,KE_5rib,0,RE_leaf,0,KE_bull,0,SI
2024_10_08_12-01-16.jpg,3290,3288,SU_peb,pebble,TRUE,224,0.999,SU_peb,0.001,MS,0,KE_stipe,0,SU_cob,0,SU_bould
2024_10_08_12-01-16.jpg,3882,4406,Review,Review,TRUE,224,0.739,GR_ulva,0.258,KE_sieve,0.003,unknown,0,KE_stipe,0,MS
2024_10_08_12-01-16.jpg,3823,645,Review,Review,TRUE,224,0.674,SU_peb,0.119,MS,0.106,SU_cob,0.091,KE_stipe,0.003,KE_bull
2024_10_08_12-01-16.jpg,2576,827,GR_ulva,green_algae_ulva,TRUE,224,1,GR_ulva,0,unknown,0,KE_stipe,0,SU_cob,0,KE_5rib
2024_10_08_12-01-16.jpg,3557,3023,GR_ulva,green_algae_ulva,TRUE,224,1,GR_ulva,0,KE_stipe,0,SU_peb,0,BR_sarg,0,KE_bull
2024_10_08_12-01-16.jpg,3046,990,GR_ulva,green_algae_ulva,TRUE,224,0.986,GR_ulva,0.013,unknown,0,RE_leaf,0,MS,0,RE_fil
2024_10_08_12-01-16.jpg,3410,2445,GR_ulva,green_algae_ulva,TRUE,224,1,GR_ulva,0,RE_leaf,0,KE_5rib,0,unknown,0,KE_sieve
2024_10_08_12-01-16.jpg,963,530,GR_ulva,green_algae_ulva,TRUE,224,0.997,GR_ulva,0.002,unknown,0,MS,0,KE_stipe,0,KE_sugar
2024_10_08_12-01-16.jpg,3884,795,Review,Review,TRUE,224,0.467,KE_stipe,0.359,MS,0.076,GR_ulva,0.057,RE_bush,0.016,RE_leaf
2024_10_08_12-01-16.jpg,164,1105,GR_ulva,green_algae_ulva,TRUE,224,1,GR_ulva,0,KE_stipe,0,KE_sieve,0,unknown,0,BR_sarg
2024_10_08_12-01-16.jpg,2457,3021,GR_ulva,green_algae_ulva,TRUE,224,1,GR_ulva,0,RE_leaf,0,KE_bull,0,BR_sarg,0,KE_sieve
2024_10_08_12-01-16.jpg,2867,3089,Review,Review,TRUE,224,0.765,SU_peb,0.097,SU_shell,0.059,MS,0.038,GR_ulva,0.012,KE_bull
2024_10_08_12-01-16.jpg,1686,585,GR_ulva,green_algae_ulva,TRUE,224,1,GR_ulva,0,unknown,0,KE_stipe,0,SU_silt,0,KE_sieve
2024_10_08_12-01-16.jpg,506,3114,GR_ulva,green_algae_ulva,TRUE,224,1,GR_ulva,0,RE_leaf,0,unknown,0,KE_sugar,0,KE_sieve
2024_10_08_12-01-16.jpg,1596,1218,GR_ulva,green_algae_ulva,TRUE,224,1,GR_ulva,0,KE_sieve,0,KE_bull,0,KE_5rib,0,RE_leaf
2024_10_08_12-01-16.jpg,2826,417,Review,Review,TRUE,224,0.768,SU_peb,0.231,GR_ulva,0.001,KE_bull,0,KE_stipe,0,SU_shell
2024_10_08_12-01-16.jpg,232,574,GR_ulva,green_algae_ulva,TRUE,224,0.973,GR_ulva,0.026,unknown,0,RE_leaf,0,KE_sieve,0,KE_5rib
2024_10_08_12-01-16.jpg,3288,3605,SU_peb,pebble,TRUE,224,1,SU_peb,0,SU_shell,0,SI,0,SU_sand,0,SU_cob
2024_10_08_12-01-16.jpg,1612,1385,GR_ulva,green_algae_ulva,TRUE,224,1,GR_ulva,0,KE_5rib,0,KE_bull,0,KE_sieve,0,RE_leaf
2024_10_08_12-01-16.jpg,521,2818,GR_ulva,green_algae_ulva,TRUE,224,0.999,GR_ulva,0.001,unknown,0,RE_leaf,0,KE_5rib,0,KE_sieve
2024_10_08_12-01-16.jpg,3620,291,Review,Review,TRUE,224,0.666,GR_ulva,0.269,MS,0.036,unknown,0.022,KE_stipe,0.002,BR_fucus
2024_10_08_12-01-16.jpg,2815,3869,SU_peb,pebble,TRUE,224,0.978,SU_peb,0.021,SU_cob,0,SU_bould,0,SU_sand,0,GR_ulva
2024_10_08_12-01-16.jpg,2524,2680,GR_ulva,green_algae_ulva,TRUE,224,1,GR_ulva,0,RE_leaf,0,KE_bull,0,BR_sarg,0,MS
2024_10_08_12-01-16.jpg,1657,2816,GR_ulva,green_algae_ulva,TRUE,224,1,GR_ulva,0,RE_leaf,0,KE_sieve,0,unknown,0,BR_sarg
2024_10_08_12-01-16.jpg,1764,830,GR_ulva,green_algae_ulva,TRUE,224,0.999,GR_ulva,0.001,unknown,0,KE_sieve,0,KE_5rib,0,KE_stipe
2024_10_08_12-01-16.jpg,1602,4331,GR_ulva,green_algae_ulva,TRUE,224,1,GR_ulva,0,KE_5rib,0,KE_stipe,0,KE_bull,0,unknown
2024_10_08_12-01-16.jpg,1373,1029,GR_ulva,green_algae_ulva,TRUE,224,1,GR_ulva,0,unknown,0,KE_sieve,0,KE_stipe,0,KE_5rib
2024_10_08_12-01-16.jpg,1961,3444,GR_ulva,green_algae_ulva,TRUE,224,0.999,GR_ulva,0.001,unknown,0,RE_leaf,0,KE_stipe,0,KE_sieve
2024_10_08_12-01-16.jpg,384,3013,GR_ulva,green_algae_ulva,TRUE,224,1,GR_ulva,0,RE_leaf,0,KE_sieve,0,unknown,0,KE_bull
2024_10_08_12-01-16.jpg,1731,3285,GR_ulva,green_algae_ulva,TRUE,224,1,GR_ulva,0,KE_bull,0,RE_leaf,0,unknown,0,KE_stipe
2024_10_08_12-01-16.jpg,129,850,Review,Review,TRUE,224,0.616,GR_ulva,0.248,MS,0.08,SU_silt,0.039,KE_stipe,0.008,unknown
2024_10_08_12-01-16.jpg,772,996,GR_ulva,green_algae_ulva,TRUE,224,1,GR_ulva,0,KE_bull,0,SI,0,KE_sugar,0,SU_bould
2024_10_08_12-01-16.jpg,1554,2699,GR_ulva,green_algae_ulva,TRUE,224,1,GR_ulva,0,RE_leaf,0,unknown,0,KE_bull,0,BR_sarg
2024_10_08_12-01-16.jpg,2785,2386,Review,Review,TRUE,224,0.845,GR_ulva,0.144,KE_bull,0.007,SU_bould,0.003,KE_stipe,0.001,SI
2024_10_08_12-01-16.jpg,3238,2065,GR_ulva,green_algae_ulva,TRUE,224,1,GR_ulva,0,KE_5rib,0,RE_leaf,0,KE_bull,0,BR_sarg
2024_10_08_12-01-16.jpg,3816,2240,GR_ulva,green_algae_ulva,TRUE,224,0.999,GR_ulva,0.001,KE_bull,0,KE_5rib,0,RE_leaf,0,SU_peb
2024_10_08_12-01-16.jpg,648,1634,GR_ulva,green_algae_ulva,TRUE,224,1,GR_ulva,0,BR_fucus,0,BR_sarg,0,KE_sieve,0,RE_branch
2024_10_08_12-01-16.jpg,3348,862,RE_fil,red_algae_filamentous,TRUE,224,0.993,RE_fil,0.004,KE_5rib,0.002,GR_ulva,0,KE_sieve,0,KE_sugar
2024_10_08_12-01-16.jpg,1619,409,GR_ulva,green_algae_ulva,TRUE,224,0.999,GR_ulva,0.001,unknown,0,KE_stipe,0,KE_sugar,0,SU_bould
2024_10_08_12-01-16.jpg,3537,790,RE_leaf,red_algae_flat_leaf,TRUE,224,1,RE_leaf,0,MS,0,KE_stipe,0,SU_peb,0,RE_branch
2024_10_08_12-01-16.jpg,2230,3455,GR_ulva,green_algae_ulva,TRUE,224,1,GR_ulva,0,RE_leaf,0,KE_bull,0,unknown,0,KE_sieve
2024_10_08_12-01-25.jpg,606,2265,GR_ulva,green_algae_ulva,TRUE,224,1,GR_ulva,0,KE_bull,0,BR_fucus,0,BR_sarg,0,KE_stipe
2024_10_08_12-01-25.jpg,2134,4240,RE_fil,red_algae_filamentous,TRUE,224,0.994,RE_fil,0.002,RE_bush,0.002,MS,0.002,RE_CCA,0,KE_stipe
2024_10_08_12-01-25.jpg,1768,1485,Review,Review,TRUE,224,0.762,SU_peb,0.209,SU_sand,0.02,GR_ulva,0.007,SU_shell,0.001,KE_bull
2024_10_08_12-01-25.jpg,1465,529,GR_ulva,green_algae_ulva,TRUE,224,0.999,GR_ulva,0.001,unknown,0,RE_leaf,0,KE_stipe,0,RE_fil
2024_10_08_12-01-25.jpg,3057,762,RE_fil,red_algae_filamentous,TRUE,224,0.903,RE_fil,0.045,GR_ulva,0.011,RE_leaf,0.009,KE_stipe,0.009,KE_holdfas
2024_10_08_12-01-25.jpg,620,1007,Review,Review,TRUE,224,0.264,SU_peb,0.244,SU_silt,0.231,BR_fucus,0.141,SU_cob,0.059,KE_stipe
2024_10_08_12-01-25.jpg,3245,3467,GR_ulva,green_algae_ulva,TRUE,224,0.997,GR_ulva,0.003,KE_5rib,0,RE_leaf,0,MS,0,unknown
2024_10_08_12-01-25.jpg,3815,1191,GR_ulva,green_algae_ulva,TRUE,224,0.993,GR_ulva,0.006,unknown,0,KE_sieve,0,RE_leaf,0,KE_stipe
2024_10_08_12-01-25.jpg,527,444,KE_sugar,kelp_sugar,TRUE,224,0.946,KE_sugar,0.018,GR_ulva,0.015,RE_leaf,0.01,SU_peb,0.005,MS
2024_10_08_12-01-25.jpg,2106,3972,Review,Review,TRUE,224,0.497,RE_leaf,0.36,RE_fil,0.08,KE_stipe,0.02,RE_branch,0.011,BR_sarg
2024_10_08_12-01-25.jpg,1552,2907,GR_ulva,green_algae_ulva,TRUE,224,0.998,GR_ulva,0.001,RE_leaf,0,BR_sarg,0,KE_bull,0,KE_sieve
2024_10_08_12-01-25.jpg,1238,1311,Review,Review,TRUE,224,0.869,SU_bould,0.066,SU_cob,0.034,GR_ulva,0.012,SU_peb,0.009,RE_CCA
2024_10_08_12-01-25.jpg,2800,2329,Review,Review,TRUE,224,0.6,GR_ulva,0.381,RE_leaf,0.017,KE_bull,0.001,KE_stipe,0,BR_sarg
2024_10_08_12-01-25.jpg,1392,3790,Review,Review,TRUE,224,0.591,BR_sarg,0.371,RE_fil,0.015,KE_stipe,0.008,RE_bush,0.006,MS
2024_10_08_12-01-25.jpg,3890,1023,GR_ulva,green_algae_ulva,TRUE,224,0.989,GR_ulva,0.007,unknown,0.003,MS,0,RE_leaf,0,KE_sugar
2024_10_08_12-01-25.jpg,1133,4170,Review,Review,TRUE,224,0.441,KE_stipe,0.278,RE_fil,0.105,RE_CCA,0.061,KE_5rib,0.054,MS
2024_10_08_12-01-25.jpg,823,534,RE_leaf,red_algae_flat_leaf,TRUE,224,0.998,RE_leaf,0.001,RE_fil,0.001,KE_5rib,0,GR_ulva,0,KE_sugar
2024_10_08_12-01-25.jpg,750,1276,Review,Review,TRUE,224,0.438,MS,0.327,SU_peb,0.063,KE_sieve,0.058,SU_cob,0.035,SI_kelpBry
2024_10_08_12-01-25.jpg,2760,1806,RE_leaf,red_algae_flat_leaf,TRUE,224,0.995,RE_leaf,0.005,RE_fil,0.001,RE_bush,0,MS,0,RE_branch
2024_10_08_12-01-25.jpg,1615,3568,GR_ulva,green_algae_ulva,TRUE,224,1,GR_ulva,0,SU_bould,0,unknown,0,KE_stipe,0,KE_sieve
2024_10_08_12-01-25.jpg,1163,2153,GR_ulva,green_algae_ulva,TRUE,224,1,GR_ulva,0,KE_bull,0,KE_stipe,0,KE_sugar,0,unknown
2024_10_08_12-01-25.jpg,1477,894,GR_ulva,green_algae_ulva,TRUE,224,0.993,GR_ulva,0.003,RE_leaf,0.002,KE_5rib,0.001,KE_stipe,0.001,RE_fil
2024_10_08_12-01-25.jpg,2802,1566,GR_ulva,green_algae_ulva,TRUE,224,1,GR_ulva,0,RE_leaf,0,KE_bull,0,KE_stipe,0,KE_sugar
2024_10_08_12-01-25.jpg,2080,1700,GR_ulva,green_algae_ulva,TRUE,224,1,GR_ulva,0,KE_bull,0,RE_leaf,0,BR_sarg,0,KE_5rib
2024_10_08_12-01-25.jpg,2900,2733,GR_ulva,green_algae_ulva,TRUE,224,1,GR_ulva,0,SU_cob,0,RE_leaf,0,KE_5rib,0,SU_peb
2024_10_08_12-01-25.jpg,1517,3417,GR_ulva,green_algae_ulva,TRUE,224,1,GR_ulva,0,BR_sarg,0,SU_bould,0,KE_stipe,0,BR_fucus
2024_10_08_12-01-25.jpg,3782,240,Review,Review,TRUE,224,0.74,unknown,0.258,GR_ulva,0.001,SI,0,RE_leaf,0,MS
2024_10_08_12-01-25.jpg,1728,3402,GR_ulva,green_algae_ulva,TRUE,224,0.998,GR_ulva,0.001,BR_sarg,0,SU_bould,0,KE_sieve,0,RE_leaf
2024_10_08_12-01-25.jpg,475,1149,Review,Review,TRUE,224,0.824,RE_fil,0.176,RE_leaf,0,MS,0,RE_bush,0,KE_stipe
2024_10_08_12-01-25.jpg,1535,1608,Review,Review,TRUE,224,0.9,SU_peb,0.08,GR_ulva,0.02,SU_cob,0.001,SU_bould,0,SU_silt
2024_10_08_12-01-25.jpg,376,3813,GR_ulva,green_algae_ulva,TRUE,224,0.989,GR_ulva,0.011,unknown,0,KE_sieve,0,KE_sugar,0,KE_5rib
2024_10_08_12-01-25.jpg,3115,2007,Review,Review,TRUE,224,0.575,KE_bull,0.389,RE_leaf,0.018,KE_stipe,0.014,MS,0.002,KE_holdfas
2024_10_08_12-01-25.jpg,1952,457,Review,Review,TRUE,224,0.713,unknown,0.286,GR_ulva,0,SU_silt,0,KE_sieve,0,RE_leaf
2024_10_08_12-01-25.jpg,3524,3497,GR_ulva,green_algae_ulva,TRUE,224,1,GR_ulva,0,RE_leaf,0,KE_5rib,0,MS,0,SI_kelpBry
2024_10_08_12-01-25.jpg,1353,4288,GR_ulva,green_algae_ulva,TRUE,224,0.999,GR_ulva,0,KE_stipe,0,SU_bould,0,MS,0,RE_fil
2024_10_08_12-01-25.jpg,2909,2214,Review,Review,TRUE,224,0.866,RE_leaf,0.132,RE_fil,0.001,KE_5rib,0,MS,0,KE_stipe
2024_10_08_12-01-25.jpg,883,3438,GR_ulva,green_algae_ulva,TRUE,224,1,GR_ulva,0,RE_leaf,0,KE_stipe,0,unknown,0,MS
2024_10_08_12-01-25.jpg,2986,1601,RE_leaf,red_algae_flat_leaf,TRUE,224,0.997,RE_leaf,0.002,KE_stipe,0,KE_bull,0,MS,0,RE_fil
2024_10_08_12-01-25.jpg,1522,3978,Review,Review,TRUE,224,0.678,MS,0.211,KE_stipe,0.04,SU_bould,0.027,GR_ulva,0.021,BR_sarg
2024_10_08_12-01-25.jpg,3125,3488,GR_ulva,green_algae_ulva,TRUE,224,1,GR_ulva,0,KE_5rib,0,unknown,0,RE_leaf,0,KE_sugar
2024_10_08_12-01-25.jpg,3714,2117,Review,Review,TRUE,224,0.451,RE_leaf,0.308,RE_bush,0.191,MS,0.019,KE_stipe,0.018,KE_holdfas
2024_10_08_12-01-25.jpg,143,1140,RE_fil,red_algae_filamentous,TRUE,224,1,RE_fil,0,MS,0,RE_bush,0,KE_5rib,0,RE_branch
2024_10_08_12-01-25.jpg,1221,1458,Review,Review,TRUE,224,0.812,SU_bould,0.186,BR_sarg,0.001,KE_sugar,0.001,SU_sand,0,RE_CCA
2024_10_08_12-01-25.jpg,3360,1161,GR_ulva,green_algae_ulva,TRUE,224,1,GR_ulva,0,KE_5rib,0,unknown,0,KE_stipe,0,BR_sarg
2024_10_08_12-01-25.jpg,2803,208,unknown,unknown_area,TRUE,224,0.923,unknown,0.076,GR_ulva,0,KE_5rib,0,KE_sieve,0,KE_sugar
2024_10_08_12-01-25.jpg,1857,1893,GR_ulva,green_algae_ulva,TRUE,224,1,GR_ulva,0,KE_bull,0,RE_leaf,0,KE_stipe,0,SI
2024_10_08_12-01-25.jpg,227,690,RE_leaf,red_algae_flat_leaf,TRUE,224,1,RE_leaf,0,RE_branch,0,RE_fil,0,MS,0,KE_5rib
2024_10_08_12-01-25.jpg,2464,4282,RE_leaf,red_algae_flat_leaf,TRUE,224,0.998,RE_leaf,0.001,RE_branch,0,RE_fil,0,RE_CCA,0,MS
2024_10_08_12-01-25.jpg,3233,1799,RE_leaf,red_algae_flat_leaf,TRUE,224,1,RE_leaf,0,KE_sugar,0,KE_5rib,0,MS,0,KE_stipe
2024_10_08_12-01-25.jpg,574,3309,GR_ulva,green_algae_ulva,TRUE,224,1,GR_ulva,0,KE_5rib,0,RE_leaf,0,KE_sugar,0,KE_bull
2024_10_08_12-01-34.jpg,1060,1404,GR_ulva,green_algae_ulva,TRUE,224,1,GR_ulva,0,SU_peb,0,KE_bull,0,KE_stipe,0,RE_leaf
2024_10_08_12-01-34.jpg,1274,902,GR_ulva,green_algae_ulva,TRUE,224,1,GR_ulva,0,SU_peb,0,KE_stipe,0,KE_5rib,0,SU_cob
2024_10_08_12-01-34.jpg,1254,466,Review,Review,TRUE,224,0.804,KE_stipe,0.191,RE_fil,0.002,MS,0.002,RE_leaf,0.001,GR_ulva
2024_10_08_12-01-34.jpg,2799,1047,RE_fil,red_algae_filamentous,TRUE,224,1,RE_fil,0,RE_bush,0,RE_leaf,0,MS,0,KE_5rib
2024_10_08_12-01-34.jpg,2180,3184,Review,Review,TRUE,224,0.783,GR_ulva,0.207,KE_stipe,0.007,KE_bull,0.003,BR_sarg,0,SU_bould
2024_10_08_12-01-34.jpg,342,822,GR_ulva,green_algae_ulva,TRUE,224,0.992,GR_ulva,0.007,KE_stipe,0,unknown,0,RE_leaf,0,MS
2024_10_08_12-01-34.jpg,302,3998,RE_branch,red_algae_branching,TRUE,224,0.93,RE_branch,0.069,RE_leaf,0.001,RE_fil,0,MS,0,RE_CCA
2024_10_08_12-01-34.jpg,3596,269,KE_5rib,kelp_five_rib,TRUE,224,0.992,KE_5rib,0.007,RE_fil,0.001,RE_leaf,0,KE_sugar,0,KE_stipe
2024_10_08_12-01-34.jpg,3200,3741,Review,Review,TRUE,224,0.824,SU_bould,0.112,SU_cob,0.057,SU_peb,0.004,SU_sand,0.001,RE_CCA
2024_10_08_12-01-34.jpg,3566,1779,Review,Review,TRUE,224,0.581,KE_stipe,0.402,MS,0.007,SU_peb,0.004,BR_sarg,0.002,BR_fucus
2024_10_08_12-01-34.jpg,1361,3902,GR_ulva,green_algae_ulva,TRUE,224,1,GR_ulva,0,KE_stipe,0,SU_bould,0,KE_bull,0,MS
2024_10_08_12-01-34.jpg,2366,1233,GR_ulva,green_algae_ulva,TRUE,224,1,GR_ulva,0,RE_leaf,0,KE_bull,0,KE_stipe,0,KE_5rib
2024_10_08_12-01-34.jpg,621,4079,GR_ulva,green_algae_ulva,TRUE,224,1,GR_ulva,0,unknown,0,SU_bould,0,KE_stipe,0,MS
2024_10_08_12-01-34.jpg,2363,2368,Review,Review,TRUE,224,0.867,MS,0.06,SU_peb,0.033,KE_stipe,0.019,SU_cob,0.01,GR_ulva
2024_10_08_12-01-34.jpg,3886,4342,MS,mobile_species,TRUE,224,0.967,MS,0.031,GR_ulva,0.001,RE_leaf,0,KE_stipe,0,RE_bush
2024_10_08_12-01-34.jpg,1250,229,MS,mobile_species,TRUE,224,0.999,MS,0.001,KE_stipe,0,SU_bould,0,SU_cob,0,unknown
2024_10_08_12-01-34.jpg,3611,1326,RE_fil,red_algae_filamentous,TRUE,224,0.994,RE_fil,0.006,KE_5rib,0,RE_leaf,0,SU_bould,0,GR_ulva
2024_10_08_12-01-34.jpg,3331,1173,RE_fil,red_algae_filamentous,TRUE,224,1,RE_fil,0,RE_bush,0,RE_leaf,0,RE_branch,0,KE_5rib
2024_10_08_12-01-34.jpg,3878,684,GR_ulva,green_algae_ulva,TRUE,224,0.995,GR_ulva,0.005,KE_stipe,0,SU_peb,0,SU_bould,0,MS
2024_10_08_12-01-34.jpg,930,313,GR_ulva,green_algae_ulva,TRUE,224,0.999,GR_ulva,0,MS,0,unknown,0,RE_leaf,0,SI
2024_10_08_12-01-34.jpg,3163,2007,GR_ulva,green_algae_ulva,TRUE,224,1,GR_ulva,0,RE_leaf,0,BR_sarg,0,KE_stipe,0,KE_bull
2024_10_08_12-01-34.jpg,2104,3724,GR_ulva,green_algae_ulva,TRUE,224,0.99,GR_ulva,0.003,RE_fil,0.002,SU_bould,0.002,MS,0.001,unknown
2024_10_08_12-01-34.jpg,1221,2827,Review,Review,TRUE,224,0.724,RE_leaf,0.276,RE_branch,0,RE_bush,0,MS,0,BR_sarg
2024_10_08_12-01-34.jpg,2746,3101,GR_ulva,green_algae_ulva,TRUE,224,1,GR_ulva,0,BR_sarg,0,SU_bould,0,KE_sugar,0,KE_bull
2024_10_08_12-01-34.jpg,2513,3330,GR_ulva,green_algae_ulva,TRUE,224,1,GR_ulva,0,KE_sugar,0,SU_bould,0,KE_bull,0,RE_fil
2024_10_08_12-01-34.jpg,2067,685,Review,Review,TRUE,224,0.678,SU_silt,0.306,SU_sand,0.012,MS,0.001,RE_leaf,0.001,SU_shell
2024_10_08_12-01-34.jpg,3101,3354,GR_ulva,green_algae_ulva,TRUE,224,1,GR_ulva,0,BR_sarg,0,KE_stipe,0,SU_peb,0,MS
2024_10_08_12-01-34.jpg,2971,2641,GR_ulva,green_algae_ulva,TRUE,224,1,GR_ulva,0,BR_sarg,0,RE_leaf,0,KE_5rib,0,KE_sieve
2024_10_08_12-01-34.jpg,852,1893,RE_leaf,red_algae_flat_leaf,TRUE,224,1,RE_leaf,0,KE_sugar,0,RE_branch,0,KE_5rib,0,SI
2024_10_08_12-01-34.jpg,2896,2066,GR_ulva,green_algae_ulva,TRUE,224,1,GR_ulva,0,KE_stipe,0,RE_leaf,0,MS,0,KE_bull
2024_10_08_12-01-34.jpg,405,376,GR_ulva,green_algae_ulva,TRUE,224,1,GR_ulva,0,KE_stipe,0,MS,0,SU_cob,0,unknown
2024_10_08_12-01-34.jpg,3916,1233,RE_fil,red_algae_filamentous,TRUE,224,1,RE_fil,0,KE_stipe,0,SU_cob,0,SU_bould,0,MS
2024_10_08_12-01-34.jpg,2682,2714,GR_ulva,green_algae_ulva,TRUE,224,1,GR_ulva,0,KE_5rib,0,KE_bull,0,RE_leaf,0,BR_sarg
2024_10_08_12-01-34.jpg,1242,3924,GR_ulva,green_algae_ulva,TRUE,224,1,GR_ulva,0,BR_sarg,0,KE_bull,0,KE_stipe,0,RE_leaf
2024_10_08_12-01-34.jpg,1872,4152,GR_ulva,green_algae_ulva,TRUE,224,0.944,GR_ulva,0.029,BR_sarg,0.023,KE_stipe,0.003,SU_bould,0.001,MS
2024_10_08_12-01-34.jpg,1151,859,GR_ulva,green_algae_ulva,TRUE,224,0.998,GR_ulva,0.001,KE_sugar,0.001,KE_stipe,0,KE_bull,0,KE_5rib
2024_10_08_12-01-34.jpg,2719,2042,Review,Review,TRUE,224,0.557,GR_ulva,0.234,KE_stipe,0.061,KE_bull,0.054,RE_leaf,0.037,MS
2024_10_08_12-01-34.jpg,2818,4239,Review,Review,TRUE,224,0.891,SU_silt,0.105,SU_sand,0.001,SU_shell,0.001,SU_peb,0.001,MS
2024_10_08_12-01-34.jpg,1032,977,GR_ulva,green_algae_ulva,TRUE,224,1,GR_ulva,0,unknown,0,KE_stipe,0,KE_sugar,0,KE_5rib
2024_10_08_12-01-34.jpg,573,3167,BR_fucus,brown_algae_fucus,TRUE,224,0.998,BR_fucus,0.001,KE_bull,0,RE_CCA,0,BR_sarg,0,SU_bould
2024_10_08_12-01-34.jpg,2705,1860,GR_ulva,green_algae_ulva,TRUE,224,0.974,GR_ulva,0.025,KE_bull,0.001,KE_stipe,0,RE_leaf,0,MS
2024_10_08_12-01-34.jpg,3751,2352,Review,Review,TRUE,224,0.756,KE_stipe,0.155,GR_ulva,0.03,KE_bull,0.03,SU_cob,0.009,RE_CCA
2024_10_08_12-01-34.jpg,1624,529,SU_cob,cobble,TRUE,224,0.979,SU_cob,0.006,MS,0.005,SU_peb,0.002,RE_CCA,0.002,GR_ulva
2024_10_08_12-01-34.jpg,420,3716,RE_leaf,red_algae_flat_leaf,TRUE,224,0.973,RE_leaf,0.026,RE_fil,0.001,MS,0,RE_branch,0,KE_5rib
2024_10_08_12-01-34.jpg,3286,4328,GR_ulva,green_algae_ulva,TRUE,224,1,GR_ulva,0,unknown,0,KE_stipe,0,BR_sarg,0,MS
2024_10_08_12-01-34.jpg,3584,2643,GR_ulva,green_algae_ulva,TRUE,224,1,GR_ulva,0,KE_bull,0,KE_5rib,0,RE_leaf,0,BR_fucus
2024_10_08_12-01-34.jpg,1927,651,SU_silt,silt,TRUE,224,0.992,SU_silt,0.006,SU_sand,0.001,KE_sugar,0,SU_shell,0,MS
2024_10_08_12-01-34.jpg,3851,1753,Review,Review,TRUE,224,0.554,SU_bould,0.411,KE_stipe,0.03,SU_cob,0.003,KE_sieve,0,SU_peb
2024_10_08_12-01-34.jpg,3751,1413,Review,Review,TRUE,224,0.754,SU_bould,0.13,RE_fil,0.041,KE_5rib,0.03,RE_leaf,0.023,RE_bush
2024_10_08_12-01-34.jpg,1368,1841,BR_sarg,brown_algae_sargassum,TRUE,224,1,BR_sarg,0,RE_branch,0,RE_leaf,0,KE_bull,0,BR_fucus
2024_10_08_12-01-43.jpg,3481,314,SU_silt,silt,TRUE,224,0.952,SU_silt,0.043,SU_shell,0.004,SU_sand,0.001,SU_peb,0.001,MS
2024_10_08_12-01-43.jpg,2471,2489,Review,Review,TRUE,224,0.8,SU_cob,0.19,GR_ulva,0.005,SU_bould,0.002,KE_sugar,0.001,SU_shell
2024_10_08_12-01-43.jpg,2034,467,Review,Review,TRUE,224,0.736,SU_cob,0.092,SU_peb,0.089,SU_bould,0.038,MS,0.037,BR_fucus
2024_10_08_12-01-43.jpg,3159,4030,RE_branch,red_algae_branching,TRUE,224,1,RE_branch,0,RE_CCA,0,BR_sarg,0,RE_bush,0,MS
2024_10_08_12-01-43.jpg,172,3342,GR_ulva,green_algae_ulva,TRUE,224,1,GR_ulva,0,BR_sarg,0,BR_fucus,0,KE_stipe,0,KE_sieve
2024_10_08_12-01-43.jpg,2249,3986,GR_ulva,green_algae_ulva,TRUE,224,1,GR_ulva,0,KE_bull,0,RE_leaf,0,KE_stipe,0,BR_sarg
2024_10_08_12-01-43.jpg,3154,2298,RE_fil,red_algae_filamentous,TRUE,224,0.965,RE_fil,0.032,KE_stipe,0.001,RE_bush,0,RE_leaf,0,MS
2024_10_08_12-01-43.jpg,2797,2032,Review,Review,TRUE,224,0.382,SU_sand,0.248,RE_CCA,0.16,BR_sarg,0.111,SU_silt,0.045,SU_peb
2024_10_08_12-01-43.jpg,831,991,Review,Review,TRUE,224,0.467,MS,0.43,SU_peb,0.055,KE_stipe,0.033,RE_bush,0.005,SU_sand
2024_10_08_12-01-43.jpg,1718,1284,Review,Review,TRUE,224,0.579,RE_leaf,0.188,RE_fil,0.135,RE_bush,0.059,RE_branch,0.021,KE_stipe
2024_10_08_12-01-43.jpg,2536,3124,GR_ulva,green_algae_ulva,TRUE,224,1,GR_ulva,0,RE_leaf,0,BR_sarg,0,KE_sugar,0,KE_sieve
2024_10_08_12-01-43.jpg,3704,309,Review,Review,TRUE,224,0.838,MS,0.157,KE_stipe,0.001,SI,0.001,unknown,0.001,SU_peb
2024_10_08_12-01-43.jpg,664,3877,Review,Review,TRUE,224,0.883,RE_leaf,0.108,RE_branch,0.008,RE_fil,0.001,BR_sarg,0,MS
2024_10_08_12-01-43.jpg,520,1607,RE_bush,red_algae_bushy,TRUE,224,0.932,RE_bush,0.05,RE_fil,0.018,RE_leaf,0,KE_stipe,0,MS
2024_10_08_12-01-43.jpg,245,3655,Review,Review,TRUE,224,0.357,MS,0.231,RE_branch,0.191,GR_ulva,0.13,BR_sarg,0.046,RE_bush
2024_10_08_12-01-43.jpg,1462,2619,Review,Review,TRUE,224,0.421,GR_ulva,0.258,SU_peb,0.117,SU_shell,0.088,SU_silt,0.064,KE_bull
2024_10_08_12-01-43.jpg,388,3507,RE_leaf,red_algae_flat_leaf,TRUE,224,0.997,RE_leaf,0.001,MS,0.001,RE_fil,0.001,RE_CCA,0,SU_peb
2024_10_08_12-01-43.jpg,1347,549,Review,Review,TRUE,224,0.695,SU_peb,0.117,MS,0.099,SU_silt,0.082,SU_sand,0.003,SU_cob
2024_10_08_12-01-43.jpg,465,1072,Review,Review,TRUE,224,0.58,SU_peb,0.277,KE_stipe,0.049,BR_sarg,0.049,BR_fucus,0.009,KE_5rib
2024_10_08_12-01-43.jpg,553,1855,Review,Review,TRUE,224,0.439,SU_peb,0.181,KE_stipe,0.136,RE_leaf,0.075,RE_bush,0.055,KE_sugar
2024_10_08_12-01-43.jpg,377,621,Review,Review,TRUE,224,0.46,SU_cob,0.435,SU_peb,0.094,SU_bould,0.01,GR_ulva,0,KE_stipe
2024_10_08_12-01-43.jpg,1296,2993,GR_ulva,green_algae_ulva,TRUE,224,1,GR_ulva,0,KE_5rib,0,RE_leaf,0,unknown,0,KE_sugar
2024_10_08_12-01-43.jpg,3609,3475,GR_ulva,green_algae_ulva,TRUE,224,1,GR_ulva,0,BR_sarg,0,KE_sugar,0,unknown,0,KE_5rib
2024_10_08_12-01-43.jpg,1544,2822,GR_ulva,green_algae_ulva,TRUE,224,1,GR_ulva,0,KE_sugar,0,SU_peb,0,KE_bull,0,MS
2024_10_08_12-01-43.jpg,1572,1454,Review,Review,TRUE,224,0.417,RE_branch,0.332,BR_sarg,0.186,RE_fil,0.025,RE_leaf,0.019,SU_bould
2024_10_08_12-01-43.jpg,1789,1491,RE_fil,red_algae_filamentous,TRUE,224,0.936,RE_fil,0.062,SU_bould,0.002,RE_branch,0,KE_stipe,0,RE_CCA
2024_10_08_12-01-43.jpg,2723,645,Review,Review,TRUE,224,0.498,SU_peb,0.433,RE_leaf,0.035,KE_5rib,0.027,GR_ulva,0.006,MS
2024_10_08_12-01-43.jpg,997,3271,GR_ulva,green_algae_ulva,TRUE,224,0.998,GR_ulva,0.001,KE_bull,0,KE_stipe,0,BR_sarg,0,RE_leaf
2024_10_08_12-01-43.jpg,729,3374,Review,Review,TRUE,224,0.742,RE_fil,0.231,RE_branch,0.011,RE_bush,0.007,BR_sarg,0.006,SU_bould
2024_10_08_12-01-43.jpg,3323,3350,GR_ulva,green_algae_ulva,TRUE,224,1,GR_ulva,0,unknown,0,KE_sugar,0,MS,0,RE_leaf
2024_10_08_12-01-43.jpg,2306,4451,Review,Review,TRUE,224,0.433,KE_stipe,0.23,BR_fucus,0.116,RE_branch,0.081,GR_ulva,0.06,BR_sarg
2024_10_08_12-01-43.jpg,1243,3109,GR_ulva,green_algae_ulva,TRUE,224,1,GR_ulva,0,KE_5rib,0,MS,0,RE_leaf,0,KE_bull
2024_10_08_12-01-43.jpg,3359,1780,GR_ulva,green_algae_ulva,TRUE,224,1,GR_ulva,0,KE_stipe,0,SU_peb,0,SU_bould,0,SU_cob
2024_10_08_12-01-43.jpg,361,1517,SU_peb,pebble,TRUE,224,0.936,SU_peb,0.032,SU_bould,0.017,SU_cob,0.005,KE_stipe,0.004,RE_bush
2024_10_08_12-01-43.jpg,731,4063,Review,Review,TRUE,224,0.492,RE_fil,0.269,RE_branch,0.238,RE_leaf,0.001,RE_bush,0,KE_stipe
2024_10_08_12-01-43.jpg,955,2961,GR_ulva,green_algae_ulva,TRUE,224,1,GR_ulva,0,KE_5rib,0,BR_sarg,0,KE_sieve,0,SU_bould
2024_10_08_12-01-43.jpg,1904,2079,Review,Review,TRUE,224,0.794,SU_peb,0.09,RE_fil,0.035,RE_bush,0.03,KE_sieve,0.018,SU_sand
2024_10_08_12-01-43.jpg,1753,3580,GR_ulva,green_algae_ulva,TRUE,224,1,GR_ulva,0,BR_sarg,0,KE_stipe,0,KE_sugar,0,KE_bull
2024_10_08_12-01-43.jpg,1941,4453,GR_ulva,green_algae_ulva,TRUE,224,1,GR_ulva,0,KE_stipe,0,KE_sieve,0,SU_bould,0,BR_fucus
2024_10_08_12-01-43.jpg,2318,3005,GR_ulva,green_algae_ulva,TRUE,224,0.986,GR_ulva,0.006,KE_stipe,0.003,KE_bull,0.002,RE_leaf,0.001,RE_fil
2024_10_08_12-01-43.jpg,3184,1342,GR_ulva,green_algae_ulva,TRUE,224,1,GR_ulva,0,KE_sieve,0,KE_stipe,0,BR_sarg,0,KE_bull
2024_10_08_12-01-43.jpg,1582,4163,GR_ulva,green_algae_ulva,TRUE,224,1,GR_ulva,0,KE_bull,0,RE_leaf,0,KE_sugar,0,MS
2024_10_08_12-01-43.jpg,2650,1146,Review,Review,TRUE,224,0.607,MS,0.181,SU_shell,0.139,SU_peb,0.049,KE_stipe,0.007,SU_sand
2024_10_08_12-01-43.jpg,1955,3601,GR_ulva,green_algae_ulva,TRUE,224,1,GR_ulva,0,unknown,0,KE_sieve,0,KE_5rib,0,RE_leaf
2024_10_08_12-01-43.jpg,371,3108,GR_ulva,green_algae_ulva,TRUE,224,1,GR_ulva,0,KE_sieve,0,BR_sarg,0,SU_cob,0,BR_fucus
2024_10_08_12-01-43.jpg,937,1480,RE_bush,red_algae_bushy,TRUE,224,0.971,RE_bush,0.014,BR_sarg,0.009,RE_branch,0.003,KE_stipe,0.002,MS
2024_10_08_12-01-43.jpg,940,1265,RE_bush,red_algae_bushy,TRUE,224,1,RE_bush,0,RE_branch,0,SU_sand,0,SU_peb,0,SU_silt
2024_10_08_12-01-43.jpg,1157,4491,RE_fil,red_algae_filamentous,TRUE,224,0.979,RE_fil,0.011,KE_5rib,0.009,RE_leaf,0,KE_sugar,0,KE_stipe
2024_10_08_12-01-43.jpg,3806,3163,KE_stipe,kelp_stipe,TRUE,224,0.998,KE_stipe,0.002,MS,0,RE_fil,0,BR_sarg,0,GR_ulva
2024_10_08_12-01-43.jpg,165,1744,Review,Review,TRUE,224,0.478,RE_fil,0.338,RE_CCA,0.102,KE_5rib,0.05,SU_bould,0.017,KE_sugar
2024_10_08_12-01-52.jpg,3547,1223,KE_stipe,kelp_stipe,TRUE,224,0.972,KE_stipe,0.023,MS,0.004,SU_shell,0.001,SU_bould,0,KE_holdfas
2024_10_08_12-01-52.jpg,3034,4196,Review,Review,TRUE,224,0.865,RE_fil,0.135,RE_leaf,0,MS,0,RE_branch,0,RE_bush
2024_10_08_12-01-52.jpg,2217,2323,Review,Review,TRUE,224,0.513,GR_ulva,0.225,RE_leaf,0.21,KE_bull,0.048,KE_5rib,0.003,KE_stipe
2024_10_08_12-01-52.jpg,707,4184,Review,Review,TRUE,224,0.506,RE_fil,0.406,RE_bush,0.071,RE_branch,0.01,RE_leaf,0.004,BR_sarg
2024_10_08_12-01-52.jpg,2013,550,Review,Review,TRUE,224,0.766,SU_peb,0.16,KE_5rib,0.031,KE_sugar,0.014,RE_bush,0.007,RE_leaf
2024_10_08_12-01-52.jpg,2603,897,Review,Review,TRUE,224,0.53,KE_stipe,0.229,KE_sugar,0.152,KE_holdfas,0.037,RE_leaf,0.016,KE_5rib
2024_10_08_12-01-52.jpg,1959,2761,Review,Review,TRUE,224,0.553,RE_fil,0.132,BR_sarg,0.129,GR_ulva,0.07,SU_bould,0.062,RE_branch
2024_10_08_12-01-52.jpg,3349,1986,GR_ulva,green_algae_ulva,TRUE,224,1,GR_ulva,0,KE_bull,0,RE_leaf,0,BR_sarg,0,KE_5rib
2024_10_08_12-01-52.jpg,1228,3950,MS,mobile_species,TRUE,224,0.905,MS,0.054,RE_bush,0.017,RE_CCA,0.011,RE_branch,0.004,RE_leaf
2024_10_08_12-01-52.jpg,620,375,SU_silt,silt,TRUE,224,1,SU_silt,0,SU_sand,0,SU_shell,0,SU_peb,0,MS
2024_10_08_12-01-52.jpg,2226,2084,Review,Review,TRUE,224,0.503,RE_fil,0.195,RE_leaf,0.125,SU_peb,0.058,GR_ulva,0.035,KE_stipe
2024_10_08_12-01-52.jpg,615,4384,RE_bush,red_algae_bushy,TRUE,224,0.918,RE_bush,0.069,RE_branch,0.006,RE_fil,0.006,BR_sarg,0.001,SU_bould
2024_10_08_12-01-52.jpg,1554,4164,Review,Review,TRUE,224,0.797,SU_peb,0.102,SU_sand,0.079,SU_cob,0.012,MS,0.004,KE_stipe
2024_10_08_12-01-52.jpg,3056,1579,RE_leaf,red_algae_flat_leaf,TRUE,224,0.974,RE_leaf,0.026,RE_fil,0,KE_5rib,0,KE_stipe,0,RE_bush
2024_10_08_12-01-52.jpg,3098,3327,Review,Review,TRUE,224,0.565,GR_ulva,0.202,BR_sarg,0.154,MS,0.054,RE_leaf,0.014,RE_fil
2024_10_08_12-01-52.jpg,3125,4403,KE_stipe,kelp_stipe,TRUE,224,0.973,KE_stipe,0.021,GR_ulva,0.006,RE_bush,0,RE_leaf,0,BR_fucus
2024_10_08_12-01-52.jpg,994,3504,Review,Review,TRUE,224,0.749,RE_branch,0.146,RE_leaf,0.079,RE_fil,0.026,RE_bush,0,MS
2024_10_08_12-01-52.jpg,3161,3729,RE_fil,red_algae_filamentous,TRUE,224,1,RE_fil,0,RE_leaf,0,KE_stipe,0,MS,0,RE_bush
2024_10_08_12-01-52.jpg,1420,1491,GR_ulva,green_algae_ulva,TRUE,224,1,GR_ulva,0,KE_stipe,0,KE_bull,0,RE_leaf,0,KE_sugar
2024_10_08_12-01-52.jpg,2423,3716,RE_fil,red_algae_filamentous,TRUE,224,1,RE_fil,0,RE_leaf,0,RE_branch,0,RE_CCA,0,MS
2024_10_08_12-01-52.jpg,572,3529,Review,Review,TRUE,224,0.559,KE_stipe,0.212,GR_ulva,0.07,MS,0.061,RE_fil,0.056,KE_bull
2024_10_08_12-01-52.jpg,2158,1941,Review,Review,TRUE,224,0.797,RE_fil,0.131,RE_leaf,0.055,KE_stipe,0.008,MS,0.002,SI
2024_10_08_12-01-52.jpg,3858,2065,Review,Review,TRUE,224,0.831,KE_stipe,0.151,KE_sieve,0.008,SU_cob,0.007,RE_fil,0.002,SU_peb
2024_10_08_12-01-52.jpg,2479,3444,GR_ulva,green_algae_ulva,TRUE,224,1,GR_ulva,0,KE_sieve,0,RE_leaf,0,BR_sarg,0,KE_5rib
2024_10_08_12-01-52.jpg,1739,750,SU_silt,silt,TRUE,224,1,SU_silt,0,SU_shell,0,SU_sand,0,KE_sugar,0,SU_cob
2024_10_08_12-01-52.jpg,2472,2821,RE_bush,red_algae_bushy,TRUE,224,1,RE_bush,0,RE_branch,0,BR_sarg,0,RE_fil,0,BR_fucus
2024_10_08_12-01-52.jpg,2845,3354,GR_ulva,green_algae_ulva,TRUE,224,1,GR_ulva,0,RE_leaf,0,MS,0,KE_stipe,0,KE_sieve
2024_10_08_12-01-52.jpg,557,1641,Review,Review,TRUE,224,0.543,SI,0.211,SU_shell,0.131,RE_leaf,0.042,KE_bull,0.025,MS
2024_10_08_12-01-52.jpg,1673,3556,Review,Review,TRUE,224,0.835,SU_sand,0.158,SU_peb,0.003,SU_bould,0.003,RE_bush,0.001,SU_cob
2024_10_08_12-01-52.jpg,1824,3275,GR_ulva,green_algae_ulva,TRUE,224,0.999,GR_ulva,0.001,KE_bull,0,KE_stipe,0,MS,0,BR_sarg
2024_10_08_12-01-52.jpg,3758,2530,Review,Review,TRUE,224,0.751,RE_leaf,0.214,KE_stipe,0.013,KE_sugar,0.009,SU_peb,0.007,RE_fil
2024_10_08_12-01-52.jpg,1702,3297,GR_ulva,green_algae_ulva,TRUE,224,1,GR_ulva,0,KE_5rib,0,KE_stipe,0,SU_cob,0,RE_leaf
2024_10_08_12-01-52.jpg,3005,3115,RE_bush,red_algae_bushy,TRUE,224,0.953,RE_bush,0.04,BR_sarg,0.004,RE_branch,0.002,SU_bould,0,BR_fucus
2024_10_08_12-01-52.jpg,3378,2182,Review,Review,TRUE,224,0.861,KE_stipe,0.099,BR_sarg,0.026,GR_ulva,0.009,RE_CCA,0.005,KE_bull
2024_10_08_12-01-52.jpg,775,1887,GR_ulva,green_algae_ulva,TRUE,224,1,GR_ulva,0,KE_5rib,0,BR_sarg,0,KE_sugar,0,BR_fucus
2024_10_08_12-01-52.jpg,3633,2695,RE_bush,red_algae_bushy,TRUE,224,0.989,RE_bush,0.006,KE_stipe,0.002,RE_leaf,0.002,RE_branch,0.001,KE_sieve
2024_10_08_12-01-52.jpg,950,2333,RE_leaf,red_algae_flat_leaf,TRUE,224,0.999,RE_leaf,0.001,RE_fil,0,MS,0,SI,0,KE_bull
2024_10_08_12-01-52.jpg,2727,128,Review,Review,TRUE,224,0.869,SU_silt,0.121,SU_cob,0.004,RE_bush,0.003,RE_CCA,0.002,MS
2024_10_08_12-01-52.jpg,1816,2558,GR_ulva,green_algae_ulva,TRUE,224,0.984,GR_ulva,0.009,KE_bull,0.007,BR_sarg,0.001,KE_stipe,0,KE_sieve
2024_10_08_12-01-52.jpg,806,3800,Review,Review,TRUE,224,0.482,RE_fil,0.231,KE_stipe,0.114,SU_cob,0.079,MS,0.036,BR_sarg
2024_10_08_12-01-52.jpg,962,1664,KE_stipe,kelp_stipe,TRUE,224,0.972,KE_stipe,0.016,GR_ulva,0.004,RE_fil,0.004,RE_leaf,0.001,KE_bull
2024_10_08_12-01-52.jpg,178,1022,GR_ulva,green_algae_ulva,TRUE,224,1,GR_ulva,0,KE_bull,0,KE_stipe,0,unknown,0,RE_leaf
2024_10_08_12-01-52.jpg,3133,3099,RE_bush,red_algae_bushy,TRUE,224,0.998,RE_bush,0.002,BR_sarg,0,SU_bould,0,KE_holdfas,0,MS
2024_10_08_12-01-52.jpg,424,3818,Review,Review,TRUE,224,0.489,RE_fil,0.267,BR_sarg,0.104,RE_leaf,0.066,RE_branch,0.042,MS
2024_10_08_12-01-52.jpg,3260,3257,RE_fil,red_algae_filamentous,TRUE,224,1,RE_fil,0,BR_sarg,0,RE_leaf,0,RE_bush,0,MS
2024_10_08_12-01-52.jpg,2399,2148,Review,Review,TRUE,224,0.544,RE_fil,0.193,KE_stipe,0.106,SI,0.067,MS,0.045,SU_peb
2024_10_08_12-01-52.jpg,2974,3371,GR_ulva,green_algae_ulva,TRUE,224,1,GR_ulva,0,BR_sarg,0,RE_leaf,0,KE_sieve,0,MS
2024_10_08_12-01-52.jpg,2335,2481,GR_ulva,green_algae_ulva,TRUE,224,0.999,GR_ulva,0.001,BR_sarg,0.001,KE_bull,0,KE_stipe,0,KE_sieve
2024_10_08_12-01-52.jpg,2911,2645,RE_bush,red_algae_bushy,TRUE,224,0.985,RE_bush,0.01,RE_fil,0.003,BR_sarg,0.001,RE_branch,0.001,MS
2024_10_08_12-01-52.jpg,549,2554,RE_branch,red_algae_branching,TRUE,224,0.991,RE_branch,0.009,RE_bush,0,RE_fil,0,BR_sarg,0,MS
2024_10_08_12-02-01.jpg,2435,910,GR_ulva,green_algae_ulva,TRUE,224,1,GR_ulva,0,SU_peb,0,MS,0,KE_stipe,0,SU_cob
2024_10_08_12-02-01.jpg,463,3579,SU_silt,silt,TRUE,224,0.996,SU_silt,0.002,MS,0.002,SU_peb,0,SU_shell,0,SU_sand
2024_10_08_12-02-01.jpg,408,1485,GR_ulva,green_algae_ulva,TRUE,224,1,GR_ulva,0,SI_kelpBry,0,SU_cob,0,RE_leaf,0,MS
2024_10_08_12-02-01.jpg,3734,1647,Review,Review,TRUE,224,0.808,RE_fil,0.192,RE_leaf,0,KE_stipe,0,MS,0,KE_bull
2024_10_08_12-02-01.jpg,3099,1581,SU_silt,silt,TRUE,224,0.996,SU_silt,0.003,SU_sand,0.001,SU_shell,0,KE_sieve,0,SU_peb
2024_10_08_12-02-01.jpg,3563,1438,Review,Review,TRUE,224,0.889,SU_silt,0.059,SU_shell,0.035,SU_cob,0.014,SU_bould,0.002,MS
2024_10_08_12-02-01.jpg,3110,4332,GR_ulva,green_algae_ulva,TRUE,224,1,GR_ulva,0,unknown,0,RE_leaf,0,KE_5rib,0,KE_sieve
2024_10_08_12-02-01.jpg,2926,3202,RE_leaf,red_algae_flat_leaf,TRUE,224,1,RE_leaf,0,KE_5rib,0,RE_bush,0,RE_branch,0,MS
2024_10_08_12-02-01.jpg,1014,281,Review,Review,TRUE,224,0.667,RE_fil,0.316,RE_leaf,0.012,KE_5rib,0.003,SI,0.001,GR_ulva
2024_10_08_12-02-01.jpg,465,2684,SU_silt,silt,TRUE,224,1,SU_silt,0,SU_sand,0,SU_shell,0,RE_bush,0,SU_peb
2024_10_08_12-02-01.jpg,313,1773,GR_ulva,green_algae_ulva,TRUE,224,1,GR_ulva,0,RE_leaf,0,BR_sarg,0,unknown,0,MS
2024_10_08_12-02-01.jpg,2279,3782,KE_sugar,kelp_sugar,TRUE,224,0.997,KE_sugar,0.002,RE_leaf,0,RE_fil,0,KE_sieve,0,SU_bould
2024_10_08_12-02-01.jpg,1591,1078,GR_ulva,green_algae_ulva,TRUE,224,1,GR_ulva,0,RE_leaf,0,MS,0,SU_peb,0,KE_sugar
2024_10_08_12-02-01.jpg,1187,3940,Review,Review,TRUE,224,0.616,SU_bould,0.383,BR_sarg,0.001,RE_fil,0,KE_sugar,0,SU_cob
2024_10_08_12-02-01.jpg,1432,4038,Review,Review,TRUE,224,0.895,RE_fil,0.1,SU_bould,0.002,RE_bush,0.002,BR_sarg,0,KE_holdfas
2024_10_08_12-02-01.jpg,1874,1635,GR_ulva,green_algae_ulva,TRUE,224,1,GR_ulva,0,KE_5rib,0,unknown,0,RE_leaf,0,KE_sugar
2024_10_08_12-02-01.jpg,2004,1377,GR_ulva,green_algae_ulva,TRUE,224,1,GR_ulva,0,RE_leaf,0,MS,0,BR_sarg,0,KE_bull
2024_10_08_12-02-01.jpg,2077,3469,MS,mobile_species,TRUE,224,1,MS,0,RE_leaf,0,KE_sieve,0,KE_stipe,0,SI_kelpBry
2024_10_08_12-02-01.jpg,1176,241,RE_leaf,red_algae_flat_leaf,TRUE,224,0.983,RE_leaf,0.015,MS,0.001,KE_5rib,0.001,KE_stipe,0,RE_branch
2024_10_08_12-02-01.jpg,3026,3479,RE_leaf,red_algae_flat_leaf,TRUE,224,1,RE_leaf,0,RE_fil,0,KE_5rib,0,MS,0,KE_sugar
2024_10_08_12-02-01.jpg,2268,1237,SU_peb,pebble,TRUE,224,0.971,SU_peb,0.025,GR_ulva,0.002,SU_sand,0.001,MS,0.001,BR_sarg
2024_10_08_12-02-01.jpg,1823,1905,GR_ulva,green_algae_ulva,TRUE,224,0.999,GR_ulva,0.001,KE_stipe,0,MS,0,SI,0,KE_bull
2024_10_08_12-02-01.jpg,472,2209,SU_silt,silt,TRUE,224,0.999,SU_silt,0.001,SU_sand,0,SU_shell,0,MS,0,GR_ulva
2024_10_08_12-02-01.jpg,2235,2104,Review,Review,TRUE,224,0.397,KE_stipe,0.324,SU_sand,0.122,SU_shell,0.116,MS,0.027,SU_peb
2024_10_08_12-02-01.jpg,3215,3138,RE_leaf,red_algae_flat_leaf,TRUE,224,0.98,RE_leaf,0.01,KE_sugar,0.009,RE_bush,0.001,KE_5rib,0,RE_fil
2024_10_08_12-02-01.jpg,3284,3306,Review,Review,TRUE,224,0.466,KE_sugar,0.307,KE_5rib,0.223,RE_leaf,0.003,SU_cob,0.001,MS
2024_10_08_12-02-01.jpg,1218,1959,SU_silt,silt,TRUE,224,1,SU_silt,0,SU_shell,0,SU_sand,0,KE_sugar,0,RE_CCA
2024_10_08_12-02-01.jpg,3169,1885,SU_silt,silt,TRUE,224,0.904,SU_silt,0.05,SU_shell,0.039,MS,0.005,SU_peb,0.001,GR_ulva
2024_10_08_12-02-01.jpg,649,4333,Review,Review,TRUE,224,0.759,GR_ulva,0.231,SU_silt,0.004,MS,0.003,SU_cob,0.002,SU_peb
2024_10_08_12-02-01.jpg,866,1518,SU_silt,silt,TRUE,224,0.95,SU_silt,0.047,SU_peb,0.001,SU_shell,0.001,MS,0,GR_ulva
2024_10_08_12-02-01.jpg,1737,950,RE_bush,red_algae_bushy,TRUE,224,0.945,RE_bush,0.051,MS,0.002,SU_cob,0.001,SU_silt,0,SU_sand
2024_10_08_12-02-01.jpg,1451,438,RE_leaf,red_algae_flat_leaf,TRUE,224,1,RE_leaf,0,SU_peb,0,MS,0,KE_stipe,0,KE_5rib
2024_10_08_12-02-01.jpg,1839,3567,Review,Review,TRUE,224,0.457,SU_bould,0.199,MS,0.165,GR_ulva,0.126,SU_peb,0.024,RE_bush
2024_10_08_12-02-01.jpg,2555,3165,RE_leaf,red_algae_flat_leaf,TRUE,224,1,RE_leaf,0,RE_fil,0,RE_bush,0,MS,0,KE_5rib
2024_10_08_12-02-01.jpg,3856,3822,Review,Review,TRUE,224,0.752,BR_sarg,0.112,SU_bould,0.097,KE_sieve,0.019,RE_branch,0.005,RE_fil
2024_10_08_12-02-01.jpg,1484,1878,Review,Review,TRUE,224,0.829,MS,0.159,KE_stipe,0.007,GR_ulva,0.003,SU_peb,0.001,KE_bull
2024_10_08_12-02-01.jpg,2452,4389,Review,Review,TRUE,224,0.843,RE_bush,0.156,RE_branch,0,RE_fil,0,BR_sarg,0,RE_leaf
2024_10_08_12-02-01.jpg,2704,1504,Review,Review,TRUE,224,0.531,SU_cob,0.437,SU_bould,0.013,GR_ulva,0.008,BR_sarg,0.005,KE_sugar
2024_10_08_12-02-01.jpg,667,1879,SU_peb,pebble,TRUE,224,0.944,SU_peb,0.056,SU_silt,0.001,SU_shell,0,GR_ulva,0,KE_5rib
2024_10_08_12-02-01.jpg,1127,704,Review,Review,TRUE,224,0.608,SU_peb,0.337,MS,0.044,RE_leaf,0.006,KE_stipe,0.004,RE_bush
2024_10_08_12-02-01.jpg,1184,2402,SU_silt,silt,TRUE,224,1,SU_silt,0,SU_shell,0,SU_sand,0,KE_sugar,0,SI_kelpBry
2024_10_08_12-02-01.jpg,1515,1200,GR_ulva,green_algae_ulva,TRUE,224,1,GR_ulva,0,RE_leaf,0,BR_sarg,0,RE_CCA,0,KE_bull
2024_10_08_12-02-01.jpg,3198,112,GR_ulva,green_algae_ulva,TRUE,224,1,GR_ulva,0,SU_peb,0,MS,0,SU_cob,0,KE_5rib
2024_10_08_12-02-01.jpg,2947,2349,SU_silt,silt,TRUE,224,0.988,SU_silt,0.012,SU_shell,0,MS,0,KE_stipe,0,KE_sugar
2024_10_08_12-02-01.jpg,2471,1385,SU_peb,pebble,TRUE,224,1,SU_peb,0,GR_ulva,0,SU_sand,0,BR_sarg,0,MS
2024_10_08_12-02-01.jpg,589,1427,Review,Review,TRUE,224,0.898,GR_ulva,0.051,SU_peb,0.045,SU_silt,0.003,SU_cob,0.002,MS
2024_10_08_12-02-01.jpg,2982,1807,MS,mobile_species,TRUE,224,0.908,MS,0.063,SU_shell,0.021,SU_peb,0.005,SU_cob,0.001,KE_bull
2024_10_08_12-02-01.jpg,3059,697,GR_ulva,green_algae_ulva,TRUE,224,1,GR_ulva,0,SU_peb,0,MS,0,BR_sarg,0,KE_stipe
2024_10_08_12-02-01.jpg,2004,975,Review,Review,TRUE,224,0.892,SU_silt,0.087,SU_sand,0.01,SU_peb,0.007,MS,0.003,RE_bush
2024_10_08_12-02-01.jpg,1387,600,Review,Review,TRUE,224,0.726,RE_leaf,0.242,SU_peb,0.021,KE_stipe,0.004,MS,0.001,RE_CCA
2024_10_08_12-02-10.jpg,1385,3987,SU_silt,silt,TRUE,224,1,SU_silt,0,SU_shell,0,SU_sand,0,RE_CCA,0,MS
2024_10_08_12-02-10.jpg,1262,2721,SU_peb,pebble,TRUE,224,0.98,SU_peb,0.014,GR_ulva,0.004,SU_sand,0.001,SU_silt,0.001,SU_shell
2024_10_08_12-02-10.jpg,2620,1244,GR_ulva,green_algae_ulva,TRUE,224,0.996,GR_ulva,0.003,unknown,0,KE_stipe,0,BR_fucus,0,BR_sarg
2024_10_08_12-02-10.jpg,2756,1937,GR_ulva,green_algae_ulva,TRUE,224,1,GR_ulva,0,KE_bull,0,KE_stipe,0,SU_peb,0,SU_shell
2024_10_08_12-02-10.jpg,2020,2206,GR_ulva,green_algae_ulva,TRUE,224,1,GR_ulva,0,RE_leaf,0,unknown,0,KE_sugar,0,MS
2024_10_08_12-02-10.jpg,2520,1397,GR_ulva,green_algae_ulva,TRUE,224,0.973,GR_ulva,0.027,unknown,0,KE_sugar,0,RE_leaf,0,SU_bould
2024_10_08_12-02-10.jpg,3733,646,GR_ulva,green_algae_ulva,TRUE,224,1,GR_ulva,0,KE_stipe,0,unknown,0,KE_bull,0,BR_sarg
2024_10_08_12-02-10.jpg,3009,2445,GR_ulva,green_algae_ulva,TRUE,224,0.998,GR_ulva,0.002,RE_leaf,0,unknown,0,KE_5rib,0,KE_sugar
2024_10_08_12-02-10.jpg,2532,519,GR_ulva,green_algae_ulva,TRUE,224,0.998,GR_ulva,0.001,unknown,0,RE_leaf,0,BR_sarg,0,KE_stipe
2024_10_08_12-02-10.jpg,325,3065,Review,Review,TRUE,224,0.899,SU_silt,0.099,SU_sand,0.002,SU_shell,0,MS,0,SU_peb
2024_10_08_12-02-10.jpg,1867,3299,SU_peb,pebble,TRUE,224,0.989,SU_peb,0.01,SU_silt,0,GR_ulva,0,SU_cob,0,SU_shell
2024_10_08_12-02-10.jpg,349,4395,GR_ulva,green_algae_ulva,TRUE,224,0.93,GR_ulva,0.039,SU_cob,0.016,KE_stipe,0.009,MS,0.001,SU_peb
2024_10_08_12-02-10.jpg,1096,1194,GR_ulva,green_algae_ulva,TRUE,224,1,GR_ulva,0,RE_leaf,0,KE_5rib,0,KE_bull,0,SI_kelpBry
2024_10_08_12-02-10.jpg,3312,1202,GR_ulva,green_algae_ulva,TRUE,224,1,GR_ulva,0,unknown,0,RE_leaf,0,SI_kelpBry,0,MS
2024_10_08_12-02-10.jpg,3918,1967,GR_ulva,green_algae_ulva,TRUE,224,1,GR_ulva,0,RE_leaf,0,MS,0,unknown,0,KE_holdfas
2024_10_08_12-02-10.jpg,2814,672,GR_ulva,green_algae_ulva,TRUE,224,1,GR_ulva,0,KE_5rib,0,RE_leaf,0,unknown,0,KE_sugar
2024_10_08_12-02-10.jpg,3400,4286,SU_silt,silt,TRUE,224,1,SU_silt,0,SU_cob,0,SU_shell,0,MS,0,KE_5rib
2024_10_08_12-02-10.jpg,2713,2238,GR_ulva,green_algae_ulva,TRUE,224,0.999,GR_ulva,0.001,RE_leaf,0,unknown,0,KE_sugar,0,KE_5rib
2024_10_08_12-02-10.jpg,489,2549,Review,Review,TRUE,224,0.847,SU_silt,0.055,SU_peb,0.051,GR_ulva,0.016,SU_cob,0.011,SU_shell
2024_10_08_12-02-10.jpg,2254,1248,GR_ulva,green_algae_ulva,TRUE,224,1,GR_ulva,0,RE_leaf,0,unknown,0,KE_5rib,0,MS
2024_10_08_12-02-10.jpg,328,2591,SU_silt,silt,TRUE,224,1,SU_silt,0,SU_sand,0,SU_shell,0,RE_CCA,0,unknown
2024_10_08_12-02-10.jpg,1797,3142,SU_silt,silt,TRUE,224,1,SU_silt,0,RE_CCA,0,SU_shell,0,SU_bould,0,SU_sand
2024_10_08_12-02-10.jpg,2731,3928,SU_silt,silt,TRUE,224,1,SU_silt,0,SU_shell,0,SU_sand,0,RE_CCA,0,SI_kelpBry
2024_10_08_12-02-10.jpg,3133,2156,GR_ulva,green_algae_ulva,TRUE,224,1,GR_ulva,0,RE_leaf,0,KE_bull,0,SI_kelpBry,0,KE_sieve
2024_10_08_12-02-10.jpg,558,115,GR_ulva,green_algae_ulva,TRUE,224,0.919,GR_ulva,0.078,unknown,0.001,KE_stipe,0.001,KE_5rib,0.001,RE_leaf
2024_10_08_12-02-10.jpg,1953,1613,GR_ulva,green_algae_ulva,TRUE,224,1,GR_ulva,0,RE_leaf,0,BR_sarg,0,SU_bould,0,RE_CCA
2024_10_08_12-02-10.jpg,575,2813,GR_ulva,green_algae_ulva,TRUE,224,1,GR_ulva,0,SU_peb,0,SU_silt,0,MS,0,SU_cob
2024_10_08_12-02-10.jpg,2383,3620,Review,Review,TRUE,224,0.672,SU_shell,0.243,SU_silt,0.037,MS,0.019,SU_peb,0.012,SU_sand
2024_10_08_12-02-10.jpg,1056,4275,SU_silt,silt,TRUE,224,0.954,SU_silt,0.042,SU_peb,0.002,SU_shell,0.001,SU_sand,0,MS
2024_10_08_12-02-10.jpg,1131,3930,SU_silt,silt,TRUE,224,0.989,SU_silt,0.009,MS,0.001,RE_CCA,0,SU_shell,0,SI_kelpBry
2024_10_08_12-02-10.jpg,2581,226,GR_ulva,green_algae_ulva,TRUE,224,1,GR_ulva,0,unknown,0,SU_bould,0,SU_peb,0,SI
2024_10_08_12-02-10.jpg,3577,414,GR_ulva,green_algae_ulva,TRUE,224,1,GR_ulva,0,unknown,0,KE_stipe,0,MS,0,RE_leaf
2024_10_08_12-02-10.jpg,3014,3324,RE_leaf,red_algae_flat_leaf,TRUE,224,1,RE_leaf,0,KE_sugar,0,KE_5rib,0,KE_bull,0,GR_ulva
2024_10_08_12-02-10.jpg,3322,1429,GR_ulva,green_algae_ulva,TRUE,224,1,GR_ulva,0,RE_leaf,0,unknown,0,SU_cob,0,KE_5rib
2024_10_08_12-02-10.jpg,2398,3128,SU_silt,silt,TRUE,224,0.999,SU_silt,0,RE_CCA,0,SU_shell,0,GR_ulva,0,SU_bould
2024_10_08_12-02-10.jpg,2838,4419,RE_bush,red_algae_bushy,TRUE,224,1,RE_bush,0,SU_silt,0,SU_sand,0,MS,0,RE_branch
2024_10_08_12-02-10.jpg,3532,192,GR_ulva,green_algae_ulva,TRUE,224,1,GR_ulva,0,KE_stipe,0,BR_sarg,0,SU_peb,0,MS
2024_10_08_12-02-10.jpg,3461,1260,GR_ulva,green_algae_ulva,TRUE,224,1,GR_ulva,0,KE_5rib,0,RE_leaf,0,unknown,0,SU_cob
2024_10_08_12-02-10.jpg,2319,2731,GR_ulva,green_algae_ulva,TRUE,224,1,GR_ulva,0,RE_leaf,0,unknown,0,KE_sieve,0,KE_bull
2024_10_08_12-02-10.jpg,1474,259,GR_ulva,green_algae_ulva,TRUE,224,0.995,GR_ulva,0.004,unknown,0,RE_leaf,0,KE_stipe,0,KE_sieve
2024_10_08_12-02-10.jpg,3545,532,GR_ulva,green_algae_ulva,TRUE,224,1,GR_ulva,0,unknown,0,KE_5rib,0,MS,0,KE_stipe
2024_10_08_12-02-10.jpg,3103,955,GR_ulva,green_algae_ulva,TRUE,224,1,GR_ulva,0,KE_5rib,0,RE_leaf,0,unknown,0,KE_sugar
2024_10_08_12-02-10.jpg,2859,2856,GR_ulva,green_algae_ulva,TRUE,224,1,GR_ulva,0,RE_leaf,0,unknown,0,KE_sugar,0,KE_5rib
2024_10_08_12-02-10.jpg,973,867,GR_ulva,green_algae_ulva,TRUE,224,0.998,GR_ulva,0.002,unknown,0,KE_stipe,0,RE_leaf,0,KE_5rib
2024_10_08_12-02-10.jpg,2286,1997,GR_ulva,green_algae_ulva,TRUE,224,1,GR_ulva,0,RE_CCA,0,KE_bull,0,KE_sugar,0,SU_cob
2024_10_08_12-02-10.jpg,3679,2587,GR_ulva,green_algae_ulva,TRUE,224,1,GR_ulva,0,RE_leaf,0,SU_peb,0,KE_stipe,0,KE_5rib
2024_10_08_12-02-10.jpg,2005,2871,GR_ulva,green_algae_ulva,TRUE,224,1,GR_ulva,0,RE_leaf,0,SI_kelpBry,0,SI,0,KE_bull
2024_10_08_12-02-10.jpg,1760,2853,GR_ulva,green_algae_ulva,TRUE,224,0.989,GR_ulva,0.006,SU_silt,0.002,KE_bull,0.001,KE_stipe,0.001,SU_shell
2024_10_08_12-02-10.jpg,194,212,Review,Review,TRUE,224,0.771,GR_ulva,0.209,unknown,0.016,KE_5rib,0.002,RE_leaf,0.001,KE_sugar
2024_10_08_12-02-10.jpg,328,726,GR_ulva,green_algae_ulva,TRUE,224,0.995,GR_ulva,0.005,unknown,0,KE_stipe,0,SU_bould,0,KE_sieve
2024_10_08_12-02-19.jpg,3735,3100,RE_bush,red_algae_bushy,TRUE,224,1,RE_bush,0,KE_sieve,0,RE_leaf,0,RE_branch,0,SU_peb
2024_10_08_12-02-19.jpg,510,1345,Review,Review,TRUE,224,0.386,SU_peb,0.259,SU_silt,0.245,KE_sugar,0.092,SU_cob,0.007,MS
2024_10_08_12-02-19.jpg,3297,1023,GR_ulva,green_algae_ulva,TRUE,224,1,GR_ulva,0,BR_sarg,0,SU_peb,0,SU_cob,0,BR_fucus
2024_10_08_12-02-19.jpg,1224,1905,Review,Review,TRUE,224,0.687,SU_peb,0.205,KE_sugar,0.077,SU_cob,0.012,SU_bould,0.006,KE_5rib
2024_10_08_12-02-19.jpg,1615,4439,Review,Review,TRUE,224,0.531,SU_cob,0.171,SU_silt,0.149,SU_sand,0.127,SU_peb,0.011,SU_bould
2024_10_08_12-02-19.jpg,1437,2329,SU_silt,silt,TRUE,224,0.995,SU_silt,0.003,SU_shell,0.001,SU_sand,0.001,SU_peb,0,KE_sieve
2024_10_08_12-02-19.jpg,1386,2643,Review,Review,TRUE,224,0.655,SU_bould,0.117,SU_cob,0.07,KE_sugar,0.056,SU_silt,0.044,RE_fil
2024_10_08_12-02-19.jpg,879,4134,Review,Review,TRUE,224,0.435,KE_sieve,0.206,GR_ulva,0.085,RE_leaf,0.078,KE_5rib,0.067,KE_stipe
2024_10_08_12-02-19.jpg,3123,2817,RE_bush,red_algae_bushy,TRUE,224,1,RE_bush,0,KE_stipe,0,MS,0,KE_holdfas,0,SU_cob
2024_10_08_12-02-19.jpg,2135,975,GR_ulva,green_algae_ulva,TRUE,224,1,GR_ulva,0,SU_peb,0,MS,0,KE_sugar,0,RE_leaf
2024_10_08_12-02-19.jpg,1834,2730,Review,Review,TRUE,224,0.637,SU_bould,0.324,KE_sugar,0.033,RE_fil,0.001,MS,0.001,RE_leaf
2024_10_08_12-02-19.jpg,1388,1488,Review,Review,TRUE,224,0.64,SU_silt,0.116,KE_sugar,0.102,SU_bould,0.083,SU_cob,0.022,RE_fil
2024_10_08_12-02-19.jpg,3231,1858,GR_ulva,green_algae_ulva,TRUE,224,0.961,GR_ulva,0.018,KE_stipe,0.012,KE_bull,0.007,SU_bould,0,SI
2024_10_08_12-02-19.jpg,745,2593,Review,Review,TRUE,224,0.753,SU_peb,0.188,KE_sugar,0.031,SU_shell,0.011,KE_bull,0.007,KE_sieve
2024_10_08_12-02-19.jpg,1016,1360,KE_sugar,kelp_sugar,TRUE,224,0.991,KE_sugar,0.004,SU_peb,0.003,SU_silt,0.001,SU_shell,0.001,KE_5rib
2024_10_08_12-02-19.jpg,1683,881,SU_silt,silt,TRUE,224,1,SU_silt,0,SU_shell,0,SU_cob,0,RE_CCA,0,KE_sugar
2024_10_08_12-02-19.jpg,1258,3268,Review,Review,TRUE,224,0.421,SU_bould,0.182,KE_sugar,0.149,BR_sarg,0.097,KE_sieve,0.064,KE_5rib
2024_10_08_12-02-19.jpg,2990,2438,RE_bush,red_algae_bushy,TRUE,224,0.937,RE_bush,0.047,SU_peb,0.012,GR_ulva,0.001,SU_sand,0.001,BR_fucus
2024_10_08_12-02-19.jpg,1625,654,SU_silt,silt,TRUE,224,1,SU_silt,0,KE_sugar,0,RE_CCA,0,SU_cob,0,SI_kelpBry
2024_10_08_12-02-19.jpg,2786,4312,GR_ulva,green_algae_ulva,TRUE,224,1,GR_ulva,0,BR_sarg,0,SU_bould,0,KE_stipe,0,SU_peb
2024_10_08_12-02-19.jpg,3540,2843,RE_bush,red_algae_bushy,TRUE,224,1,RE_bush,0,MS,0,RE_fil,0,RE_branch,0,KE_stipe
2024_10_08_12-02-19.jpg,2745,2948,Review,Review,TRUE,224,0.746,GR_ulva,0.188,SU_peb,0.032,SU_silt,0.016,SU_cob,0.01,SU_shell
2024_10_08_12-02-19.jpg,1013,468,GR_ulva,green_algae_ulva,TRUE,224,0.999,GR_ulva,0.001,unknown,0,KE_stipe,0,KE_5rib,0,KE_sugar
2024_10_08_12-02-19.jpg,1018,2062,Review,Review,TRUE,224,0.353,MS,0.247,KE_stipe,0.129,SU_bould,0.084,SU_cob,0.082,GR_ulva
2024_10_08_12-02-19.jpg,1502,1519,SU_silt,silt,TRUE,224,0.981,SU_silt,0.012,KE_sugar,0.003,SU_sand,0.002,SU_shell,0.001,RE_bush
2024_10_08_12-02-19.jpg,2952,3332,KE_sugar,kelp_sugar,TRUE,224,0.987,KE_sugar,0.012,KE_sieve,0,SU_bould,0,KE_5rib,0,GR_ulva
2024_10_08_12-02-19.jpg,184,3169,SU_sand,sand_fine_shell,TRUE,224,0.988,SU_sand,0.011,SU_silt,0.001,SU_shell,0,MS,0,SU_cob
2024_10_08_12-02-19.jpg,2405,4077,KE_sieve,kelp_sieve,TRUE,224,0.968,KE_sieve,0.013,GR_ulva,0.012,KE_5rib,0.003,KE_stipe,0.003,KE_sugar
2024_10_08_12-02-19.jpg,2139,1321,RE_bush,red_algae_bushy,TRUE,224,1,RE_bush,0,RE_branch,0,MS,0,KE_holdfas,0,SI
2024_10_08_12-02-19.jpg,1476,2895,Review,Review,TRUE,224,0.715,RE_fil,0.128,SU_bould,0.102,KE_sugar,0.033,SU_silt,0.011,MS
2024_10_08_12-02-19.jpg,2039,768,SU_silt,silt,TRUE,224,0.996,SU_silt,0.002,MS,0.001,SU_shell,0.001,SU_sand,0,SI_kelpBry
2024_10_08_12-02-19.jpg,3812,3839,GR_ulva,green_algae_ulva,TRUE,224,1,GR_ulva,0,KE_stipe,0,KE_sieve,0,MS,0,BR_fucus
2024_10_08_12-02-19.jpg,1141,2703,Review,Review,TRUE,224,0.684,KE_sugar,0.264,SU_silt,0.028,SU_sand,0.01,SU_shell,0.006,RE_leaf
2024_10_08_12-02-19.jpg,2420,3567,Review,Review,TRUE,224,0.707,SU_peb,0.284,RE_bush,0.002,SU_cob,0.002,SU_sand,0.002,RE_branch
2024_10_08_12-02-19.jpg,2386,976,GR_ulva,green_algae_ulva,TRUE,224,1,GR_ulva,0,BR_sarg,0,unknown,0,KE_stipe,0,MS
2024_10_08_12-02-19.jpg,468,2536,Review,Review,TRUE,224,0.803,SU_shell,0.129,SU_peb,0.035,SU_sand,0.015,SU_silt,0.015,SU_cob
2024_10_08_12-02-19.jpg,3779,1766,Review,Review,TRUE,224,0.372,KE_sieve,0.302,KE_sugar,0.197,SU_bould,0.054,RE_fil,0.048,RE_leaf
2024_10_08_12-02-19.jpg,577,3014,SU_silt,silt,TRUE,224,0.985,SU_silt,0.005,SU_shell,0.004,SU_peb,0.002,KE_sugar,0.002,SU_sand
2024_10_08_12-02-19.jpg,2463,313,GR_ulva,green_algae_ulva,TRUE,224,1,GR_ulva,0,MS,0,SU_peb,0,RE_leaf,0,SU_cob
2024_10_08_12-02-19.jpg,1715,2668,Review,Review,TRUE,224,0.813,SU_bould,0.156,SU_silt,0.013,KE_sugar,0.007,RE_fil,0.002,SU_cob
2024_10_08_12-02-19.jpg,2108,3692,Review,Review,TRUE,224,0.684,RE_bush,0.155,MS,0.067,BR_sarg,0.033,RE_branch,0.016,SU_peb
2024_10_08_12-02-19.jpg,3063,1973,Review,Review,TRUE,224,0.59,SU_cob,0.304,SU_sand,0.09,SU_peb,0.01,RE_CCA,0.002,SU_bould
2024_10_08_12-02-19.jpg,743,1544,Review,Review,TRUE,224,0.419,SU_shell,0.332,SU_cob,0.18,SU_peb,0.05,KE_stipe,0.015,SU_sand
2024_10_08_12-02-19.jpg,3092,274,KE_sugar,kelp_sugar,TRUE,224,0.981,KE_sugar,0.007,KE_5rib,0.005,MS,0.002,GR_ulva,0.002,RE_leaf
2024_10_08_12-02-19.jpg,3078,2305,Review,Review,TRUE,224,0.77,KE_stipe,0.187,GR_ulva,0.034,MS,0.005,SU_bould,0.002,SI
2024_10_08_12-02-19.jpg,3523,3004,Review,Review,TRUE,224,0.629,RE_bush,0.143,KE_stipe,0.092,RE_fil,0.057,KE_holdfas,0.04,MS
2024_10_08_12-02-19.jpg,1713,1856,SU_silt,silt,TRUE,224,0.977,SU_silt,0.017,SU_peb,0.002,SU_sand,0.002,SU_shell,0.001,SI
2024_10_08_12-02-19.jpg,188,3054,SU_cob,cobble,TRUE,224,0.951,SU_cob,0.025,KE_stipe,0.011,SU_shell,0.008,SU_sand,0.003,SU_bould
2024_10_08_12-02-19.jpg,2116,4000,Review,Review,TRUE,224,0.356,KE_5rib,0.242,KE_sieve,0.138,KE_sugar,0.127,MS,0.03,RE_branch
2024_10_08_12-02-19.jpg,2474,657,GR_ulva,green_algae_ulva,TRUE,224,1,GR_ulva,0,KE_sugar,0,SU_bould,0,MS,0,BR_sarg
2024_10_08_12-02-28.jpg,2298,3060,Review,Review,TRUE,224,0.898,GR_ulva,0.043,KE_stipe,0.015,BR_sarg,0.011,KE_bull,0.006,RE_CCA
2024_10_08_12-02-28.jpg,1223,3995,SU_silt,silt,TRUE,224,1,SU_silt,0,MS,0,SU_shell,0,SU_sand,0,RE_bush
2024_10_08_12-02-28.jpg,3336,855,KE_5rib,kelp_five_rib,TRUE,224,0.926,KE_5rib,0.024,BR_fucus,0.021,SU_bould,0.019,KE_sieve,0.007,KE_sugar
2024_10_08_12-02-28.jpg,931,3568,GR_ulva,green_algae_ulva,TRUE,224,0.901,GR_ulva,0.095,SU_peb,0.002,SU_silt,0.001,SU_shell,0.001,KE_bull
2024_10_08_12-02-28.jpg,2755,2345,Review,Review,TRUE,224,0.581,RE_bush,0.412,GR_ulva,0.005,MS,0.001,RE_leaf,0,RE_branch
2024_10_08_12-02-28.jpg,3324,137,GR_ulva,green_algae_ulva,TRUE,224,0.998,GR_ulva,0.001,MS,0,KE_stipe,0,SU_peb,0,RE_leaf
2024_10_08_12-02-28.jpg,3707,1067,KE_sieve,kelp_sieve,TRUE,224,0.979,KE_sieve,0.009,SU_bould,0.005,GR_ulva,0.005,KE_stipe,0.002,KE_5rib
2024_10_08_12-02-28.jpg,1111,3939,SU_silt,silt,TRUE,224,1,SU_silt,0,SU_shell,0,RE_CCA,0,SU_sand,0,MS
2024_10_08_12-02-28.jpg,3167,2262,GR_ulva,green_algae_ulva,TRUE,224,1,GR_ulva,0,KE_stipe,0,RE_leaf,0,KE_sieve,0,RE_bush
2024_10_08_12-02-28.jpg,1028,789,Review,Review,TRUE,224,0.578,SU_peb,0.255,GR_ulva,0.161,SU_bould,0.006,SU_cob,0,SU_sand
2024_10_08_12-02-28.jpg,908,1955,SU_peb,pebble,TRUE,224,0.953,SU_peb,0.046,SU_cob,0.001,SU_shell,0,KE_stipe,0,GR_ulva
2024_10_08_12-02-28.jpg,3634,2265,GR_ulva,green_algae_ulva,TRUE,224,1,GR_ulva,0,BR_sarg,0,BR_fucus,0,KE_stipe,0,RE_branch
2024_10_08_12-02-28.jpg,3614,4435,GR_ulva,green_algae_ulva,TRUE,224,1,GR_ulva,0,SU_peb,0,SU_cob,0,KE_stipe,0,unknown
2024_10_08_12-02-28.jpg,1544,2659,GR_ulva,green_algae_ulva,TRUE,224,1,GR_ulva,0,RE_leaf,0,KE_bull,0,unknown,0,KE_sugar
2024_10_08_12-02-28.jpg,635,1423,GR_ulva,green_algae_ulva,TRUE,224,1,GR_ulva,0,BR_sarg,0,KE_stipe,0,unknown,0,MS
2024_10_08_12-02-28.jpg,238,1774,GR_ulva,green_algae_ulva,TRUE,224,1,GR_ulva,0,KE_5rib,0,BR_sarg,0,KE_holdfas,0,SU_peb
2024_10_08_12-02-28.jpg,1413,2884,RE_bush,red_algae_bushy,TRUE,224,1,RE_bush,0,GR_ulva,0,MS,0,KE_stipe,0,BR_sarg
2024_10_08_12-02-28.jpg,3714,3731,Review,Review,TRUE,224,0.565,SU_cob,0.104,SU_bould,0.101,MS,0.068,SU_silt,0.038,SU_peb
2024_10_08_12-02-28.jpg,1562,1601,GR_ulva,green_algae_ulva,TRUE,224,1,GR_ulva,0,RE_leaf,0,KE_sugar,0,unknown,0,KE_5rib
2024_10_08_12-02-28.jpg,2669,171,Review,Review,TRUE,224,0.506,RE_bush,0.494,RE_fil,0,KE_stipe,0,KE_holdfas,0,RE_leaf
2024_10_08_12-02-28.jpg,2370,1044,RE_bush,red_algae_bushy,TRUE,224,1,RE_bush,0,MS,0,GR_ulva,0,KE_holdfas,0,KE_stipe
2024_10_08_12-02-28.jpg,3777,138,GR_ulva,green_algae_ulva,TRUE,224,0.987,GR_ulva,0.008,KE_sieve,0.003,unknown,0.002,KE_stipe,0,BR_fucus
2024_10_08_12-02-28.jpg,3099,2102,GR_ulva,green_algae_ulva,TRUE,224,1,GR_ulva,0,KE_bull,0,KE_stipe,0,BR_sarg,0,RE_leaf
2024_10_08_12-02-28.jpg,3317,2849,GR_ulva,green_algae_ulva,TRUE,224,0.999,GR_ulva,0.001,RE_leaf,0,KE_bull,0,unknown,0,KE_5rib
2024_10_08_12-02-28.jpg,2476,898,RE_bush,red_algae_bushy,TRUE,224,0.972,RE_bush,0.023,GR_ulva,0.005,MS,0,RE_leaf,0,KE_stipe
2024_10_08_12-02-28.jpg,2142,3693,Review,Review,TRUE,224,0.733,MS,0.127,RE_bush,0.072,KE_stipe,0.055,SU_peb,0.01,KE_holdfas
2024_10_08_12-02-28.jpg,3047,2608,GR_ulva,green_algae_ulva,TRUE,224,1,GR_ulva,0,SU_peb,0,MS,0,RE_CCA,0,SU_sand
2024_10_08_12-02-28.jpg,3532,2455,GR_ulva,green_algae_ulva,TRUE,224,1,GR_ulva,0,KE_stipe,0,KE_bull,0,BR_fucus,0,SU_peb
2024_10_08_12-02-28.jpg,2625,3382,GR_ulva,green_algae_ulva,TRUE,224,1,GR_ulva,0,RE_leaf,0,MS,0,BR_sarg,0,KE_sugar
2024_10_08_12-02-28.jpg,2346,3521,RE_bush,red_algae_bushy,TRUE,224,1,RE_bush,0,MS,0,RE_fil,0,RE_leaf,0,GR_ulva
2024_10_08_12-02-28.jpg,2336,2525,GR_ulva,green_algae_ulva,TRUE,224,1,GR_ulva,0,RE_leaf,0,KE_bull,0,SI_kelpBry,0,BR_sarg
2024_10_08_12-02-28.jpg,1919,1997,GR_ulva,green_algae_ulva,TRUE,224,1,GR_ulva,0,RE_leaf,0,unknown,0,KE_5rib,0,KE_sugar
2024_10_08_12-02-28.jpg,1915,2581,GR_ulva,green_algae_ulva,TRUE,224,1,GR_ulva,0,RE_leaf,0,unknown,0,KE_sugar,0,KE_5rib
2024_10_08_12-02-28.jpg,1524,3772,Review,Review,TRUE,224,0.794,RE_leaf,0.127,SU_peb,0.065,RE_fil,0.011,SU_cob,0.002,MS
2024_10_08_12-02-28.jpg,248,3619,GR_ulva,green_algae_ulva,TRUE,224,1,GR_ulva,0,KE_stipe,0,BR_sarg,0,unknown,0,MS
2024_10_08_12-02-28.jpg,2494,1096,RE_bush,red_algae_bushy,TRUE,224,0.997,RE_bush,0.003,GR_ulva,0,MS,0,RE_branch,0,BR_fucus
2024_10_08_12-02-28.jpg,3228,3027,GR_ulva,green_algae_ulva,TRUE,224,0.997,GR_ulva,0.003,unknown,0,RE_leaf,0,RE_fil,0,KE_sugar
2024_10_08_12-02-28.jpg,3280,2533,GR_ulva,green_algae_ulva,TRUE,224,1,GR_ulva,0,KE_5rib,0,BR_sarg,0,RE_leaf,0,KE_sieve
2024_10_08_12-02-28.jpg,1701,3058,RE_bush,red_algae_bushy,TRUE,224,1,RE_bush,0,RE_fil,0,MS,0,RE_leaf,0,BR_sarg
2024_10_08_12-02-28.jpg,1166,728,Review,Review,TRUE,224,0.376,SU_bould,0.24,RE_fil,0.136,SU_cob,0.077,BR_sarg,0.051,GR_ulva
2024_10_08_12-02-28.jpg,2267,611,Review,Review,TRUE,224,0.486,BR_sarg,0.461,GR_ulva,0.029,SU_bould,0.011,KE_stipe,0.009,KE_sugar
2024_10_08_12-02-28.jpg,1070,4152,Review,Review,TRUE,224,0.681,GR_ulva,0.187,SU_bould,0.113,SU_silt,0.007,KE_sieve,0.006,SU_peb
2024_10_08_12-02-28.jpg,3850,1620,SU_peb,pebble,TRUE,224,0.995,SU_peb,0.003,GR_ulva,0.001,SU_silt,0,SU_shell,0,MS
2024_10_08_12-02-28.jpg,2721,1768,GR_ulva,green_algae_ulva,TRUE,224,0.999,GR_ulva,0.001,SU_peb,0,SU_cob,0,MS,0,KE_bull
2024_10_08_12-02-28.jpg,2630,3779,GR_ulva,green_algae_ulva,TRUE,224,1,GR_ulva,0,SU_peb,0,MS,0,KE_bull,0,KE_stipe
2024_10_08_12-02-28.jpg,3160,1626,RE_bush,red_algae_bushy,TRUE,224,1,RE_bush,0,SU_sand,0,RE_branch,0,MS,0,SU_peb
2024_10_08_12-02-28.jpg,3149,3834,Review,Review,TRUE,224,0.511,SU_silt,0.337,SU_cob,0.08,GR_ulva,0.032,MS,0.024,SU_shell
2024_10_08_12-02-28.jpg,2327,1873,GR_ulva,green_algae_ulva,TRUE,224,1,GR_ulva,0,KE_5rib,0,RE_leaf,0,SU_cob,0,SU_peb
2024_10_08_12-02-28.jpg,116,1372,GR_ulva,green_algae_ulva,TRUE,224,1,GR_ulva,0,unknown,0,KE_5rib,0,KE_sugar,0,SU_cob
2024_10_08_12-02-28.jpg,3087,3298,Review,Review,TRUE,224,0.389,SU_peb,0.373,GR_ulva,0.158,MS,0.044,KE_bull,0.019,SU_cob
2024_10_08_12-02-37.jpg,3503,1604,GR_ulva,green_algae_ulva,TRUE,224,1,GR_ulva,0,KE_stipe,0,SU_peb,0,KE_bull,0,KE_sugar
2024_10_08_12-02-37.jpg,3400,500,Review,Review,TRUE,224,0.676,SU_bould,0.262,GR_ulva,0.028,MS,0.011,SU_cob,0.007,RE_CCA
2024_10_08_12-02-37.jpg,3698,785,GR_ulva,green_algae_ulva,TRUE,224,1,GR_ulva,0,unknown,0,KE_stipe,0,RE_leaf,0,MS
2024_10_08_12-02-37.jpg,425,1403,Review,Review,TRUE,224,0.609,MS,0.169,KE_stipe,0.128,SU_peb,0.049,BR_fucus,0.014,GR_ulva
2024_10_08_12-02-37.jpg,3868,3770,Review,Review,TRUE,224,0.495,RE_leaf,0.246,RE_fil,0.131,unknown,0.082,KE_5rib,0.033,KE_sugar
2024_10_08_12-02-37.jpg,3509,4460,RE_leaf,red_algae_flat_leaf,TRUE,224,0.997,RE_leaf,0.002,RE_fil,0.001,RE_branch,0,KE_5rib,0,RE_bush
2024_10_08_12-02-37.jpg,2867,182,Review,Review,TRUE,224,0.795,unknown,0.196,GR_ulva,0.005,KE_sugar,0.001,RE_leaf,0.001,KE_5rib
2024_10_08_12-02-37.jpg,3215,2391,GR_ulva,green_algae_ulva,TRUE,224,1,GR_ulva,0,BR_sarg,0,RE_leaf,0,KE_bull,0,SU_peb
2024_10_08_12-02-37.jpg,3839,1576,RE_bush,red_algae_bushy,TRUE,224,1,RE_bush,0,KE_holdfas,0,RE_fil,0,RE_leaf,0,MS
2024_10_08_12-02-37.jpg,3258,260,GR_ulva,green_algae_ulva,TRUE,224,0.996,GR_ulva,0.004,SU_peb,0,MS,0,KE_stipe,0,BR_sarg
2024_10_08_12-02-37.jpg,341,3018,RE_leaf,red_algae_flat_leaf,TRUE,224,0.998,RE_leaf,0.001,KE_5rib,0.001,RE_fil,0,MS,0,KE_bull
2024_10_08_12-02-37.jpg,1486,428,Review,Review,TRUE,224,0.476,RE_leaf,0.451,KE_5rib,0.032,KE_sugar,0.025,KE_sieve,0.011,RE_fil
2024_10_08_12-02-37.jpg,3574,704,GR_ulva,green_algae_ulva,TRUE,224,0.998,GR_ulva,0.002,unknown,0,KE_5rib,0,KE_stipe,0,RE_leaf
2024_10_08_12-02-37.jpg,265,3887,GR_ulva,green_algae_ulva,TRUE,224,1,GR_ulva,0,unknown,0,KE_5rib,0,KE_sugar,0,RE_leaf
2024_10_08_12-02-37.jpg,497,4265,GR_ulva,green_algae_ulva,TRUE,224,0.994,GR_ulva,0.003,KE_stipe,0.002,SU_bould,0,unknown,0,BR_sarg
2024_10_08_12-02-37.jpg,3555,870,GR_ulva,green_algae_ulva,TRUE,224,1,GR_ulva,0,KE_5rib,0,RE_leaf,0,SU_peb,0,MS
2024_10_08_12-02-37.jpg,1715,2215,RE_leaf,red_algae_flat_leaf,TRUE,224,0.952,RE_leaf,0.043,RE_fil,0.005,KE_5rib,0,KE_sugar,0,SI
2024_10_08_12-02-37.jpg,2080,1027,RE_fil,red_algae_filamentous,TRUE,224,0.996,RE_fil,0.002,RE_leaf,0.001,MS,0.001,KE_stipe,0,KE_sugar
2024_10_08_12-02-37.jpg,3344,2924,RE_bush,red_algae_bushy,TRUE,224,1,RE_bush,0,RE_branch,0,SU_sand,0,SU_silt,0,SI
2024_10_08_12-02-37.jpg,991,2644,GR_ulva,green_algae_ulva,TRUE,224,1,GR_ulva,0,RE_leaf,0,SI_kelpBry,0,KE_5rib,0,unknown
2024_10_08_12-02-37.jpg,1288,1280,GR_ulva,green_algae_ulva,TRUE,224,1,GR_ulva,0,RE_leaf,0,KE_bull,0,KE_stipe,0,KE_sieve
2024_10_08_12-02-37.jpg,1101,1532,RE_bush,red_algae_bushy,TRUE,224,0.963,RE_bush,0.021,RE_leaf,0.01,KE_sugar,0.003,RE_branch,0.001,MS
2024_10_08_12-02-37.jpg,2170,153,GR_ulva,green_algae_ulva,TRUE,224,0.974,GR_ulva,0.025,BR_sarg,0.001,KE_stipe,0,KE_bull,0,RE_leaf
2024_10_08_12-02-37.jpg,2698,3041,Review,Review,TRUE,224,0.62,SU_silt,0.2,SU_shell,0.095,SU_peb,0.07,SU_sand,0.003,RE_CCA
2024_10_08_12-02-37.jpg,2889,4447,RE_leaf,red_algae_flat_leaf,TRUE,224,0.929,RE_leaf,0.062,BR_sarg,0.006,RE_fil,0.001,RE_bush,0.001,KE_stipe
2024_10_08_12-02-37.jpg,1795,925,RE_fil,red_algae_filamentous,TRUE,224,0.999,RE_fil,0.001,RE_leaf,0,KE_5rib,0,MS,0,unknown
2024_10_08_12-02-37.jpg,2323,3438,GR_ulva,green_algae_ulva,TRUE,224,1,GR_ulva,0,KE_bull,0,RE_leaf,0,KE_sieve,0,BR_sarg
2024_10_08_12-02-37.jpg,1367,2396,GR_ulva,green_algae_ulva,TRUE,224,1,GR_ulva,0,KE_bull,0,SU_peb,0,SI,0,KE_stipe
2024_10_08_12-02-37.jpg,1483,1702,RE_bush,red_algae_bushy,TRUE,224,0.997,RE_bush,0.003,RE_leaf,0,MS,0,KE_holdfas,0,KE_5rib
2024_10_08_12-02-37.jpg,3558,4015,RE_leaf,red_algae_flat_leaf,TRUE,224,0.99,RE_leaf,0.006,KE_sugar,0.003,KE_5rib,0,RE_fil,0,unknown
2024_10_08_12-02-37.jpg,3613,3636,RE_leaf,red_algae_flat_leaf,TRUE,224,1,RE_leaf,0,KE_5rib,0,RE_fil,0,KE_sugar,0,RE_branch
2024_10_08_12-02-37.jpg,2143,1362,Review,Review,TRUE,224,0.602,MS,0.392,RE_leaf,0.005,KE_sugar,0.001,GR_ulva,0,KE_stipe
2024_10_08_12-02-37.jpg,537,305,Review,Review,TRUE,224,0.633,SU_cob,0.16,GR_ulva,0.142,SU_peb,0.029,SU_shell,0.021,MS
2024_10_08_12-02-37.jpg,3650,4405,Review,Review,TRUE,224,0.698,RE_leaf,0.25,RE_fil,0.028,KE_sugar,0.019,KE_5rib,0.004,MS
2024_10_08_12-02-37.jpg,1227,1615,RE_bush,red_algae_bushy,TRUE,224,0.994,RE_bush,0.005,KE_holdfas,0.001,KE_stipe,0,BR_fucus,0,KE_sugar
2024_10_08_12-02-37.jpg,1366,1591,RE_bush,red_algae_bushy,TRUE,224,1,RE_bush,0,RE_branch,0,BR_sarg,0,RE_fil,0,KE_holdfas
2024_10_08_12-02-37.jpg,2887,1351,GR_ulva,green_algae_ulva,TRUE,224,1,GR_ulva,0,BR_sarg,0,KE_5rib,0,unknown,0,MS
2024_10_08_12-02-37.jpg,3664,3040,SU_peb,pebble,TRUE,224,0.99,SU_peb,0.009,RE_leaf,0,MS,0,KE_stipe,0,KE_5rib
2024_10_08_12-02-37.jpg,3916,2734,RE_bush,red_algae_bushy,TRUE,224,1,RE_bush,0,RE_branch,0,RE_leaf,0,KE_holdfas,0,MS
2024_10_08_12-02-37.jpg,398,3137,Review,Review,TRUE,224,0.801,RE_fil,0.199,RE_leaf,0,MS,0,KE_stipe,0,SI
2024_10_08_12-02-37.jpg,2472,548,GR_ulva,green_algae_ulva,TRUE,224,1,GR_ulva,0,BR_sarg,0,KE_stipe,0,KE_sugar,0,KE_bull
2024_10_08_12-02-37.jpg,670,4420,GR_ulva,green_algae_ulva,TRUE,224,0.996,GR_ulva,0.003,SU_peb,0.001,SU_bould,0,KE_stipe,0,BR_sarg
2024_10_08_12-02-37.jpg,665,2296,RE_leaf,red_algae_flat_leaf,TRUE,224,0.962,RE_leaf,0.022,KE_stipe,0.005,SU_peb,0.005,MS,0.003,GR_ulva
2024_10_08_12-02-37.jpg,3246,1675,GR_ulva,green_algae_ulva,TRUE,224,0.999,GR_ulva,0.001,unknown,0,BR_sarg,0,RE_fil,0,KE_sieve
2024_10_08_12-02-37.jpg,813,3994,GR_ulva,green_algae_ulva,TRUE,224,1,GR_ulva,0,KE_stipe,0,SU_peb,0,KE_bull,0,MS
2024_10_08_12-02-37.jpg,2848,1507,GR_ulva,green_algae_ulva,TRUE,224,1,GR_ulva,0,RE_fil,0,KE_sieve,0,BR_sarg,0,KE_sugar
2024_10_08_12-02-37.jpg,2754,2306,GR_ulva,green_algae_ulva,TRUE,224,1,GR_ulva,0,KE_stipe,0,KE_bull,0,MS,0,RE_CCA
2024_10_08_12-02-37.jpg,427,4454,GR_ulva,green_algae_ulva,TRUE,224,0.987,GR_ulva,0.012,unknown,0.001,KE_sieve,0,KE_stipe,0,KE_5rib
2024_10_08_12-02-37.jpg,1944,512,Review,Review,TRUE,224,0.64,RE_branch,0.348,RE_leaf,0.008,MS,0.003,GR_ulva,0.001,SU_cob
2024_10_08_12-02-37.jpg,320,403,GR_ulva,green_algae_ulva,TRUE,224,0.998,GR_ulva,0.001,KE_stipe,0,unknown,0,RE_bush,0,BR_sarg
2024_10_08_12-02-46.jpg,663,3856,GR_ulva,green_algae_ulva,TRUE,224,0.988,GR_ulva,0.008,KE_stipe,0.002,BR_sarg,0.001,MS,0.001,RE_fil
2024_10_08_12-02-46.jpg,1375,1951,GR_ulva,green_algae_ulva,TRUE,224,1,GR_ulva,0,KE_stipe,0,MS,0,KE_bull,0,SU_bould
2024_10_08_12-02-46.jpg,3424,3118,Review,Review,TRUE,224,0.594,KE_stipe,0.273,GR_ulva,0.086,BR_sarg,0.024,KE_bull,0.017,MS
2024_10_08_12-02-46.jpg,1983,2383,GR_ulva,green_algae_ulva,TRUE,224,0.985,GR_ulva,0.01,MS,0.002,KE_stipe,0.001,SI,0.001,SU_peb
2024_10_08_12-02-46.jpg,635,1250,KE_sugar,kelp_sugar,TRUE,224,0.934,KE_sugar,0.048,BR_sarg,0.005,RE_fil,0.003,RE_bush,0.002,KE_5rib
2024_10_08_12-02-46.jpg,2985,423,GR_ulva,green_algae_ulva,TRUE,224,0.991,GR_ulva,0.005,MS,0.004,KE_stipe,0,KE_bull,0,KE_sugar
2024_10_08_12-02-46.jpg,2360,320,RE_bush,red_algae_bushy,TRUE,224,1,RE_bush,0,RE_branch,0,KE_sieve,0,RE_leaf,0,GR_ulva
2024_10_08_12-02-46.jpg,253,1589,GR_ulva,green_algae_ulva,TRUE,224,1,GR_ulva,0,KE_bull,0,BR_sarg,0,BR_fucus,0,KE_stipe
2024_10_08_12-02-46.jpg,2349,3126,RE_leaf,red_algae_flat_leaf,TRUE,224,1,RE_leaf,0,RE_branch,0,MS,0,RE_fil,0,RE_bush
2024_10_08_12-02-46.jpg,1309,2248,Review,Review,TRUE,224,0.779,RE_bush,0.214,MS,0.005,KE_holdfas,0.001,KE_stipe,0,GR_ulva
2024_10_08_12-02-46.jpg,2899,2073,Review,Review,TRUE,224,0.794,KE_sieve,0.186,KE_sugar,0.012,RE_leaf,0.003,KE_5rib,0.002,KE_bull
2024_10_08_12-02-46.jpg,139,3452,GR_ulva,green_algae_ulva,TRUE,224,0.971,GR_ulva,0.024,KE_stipe,0.004,KE_bull,0,SU_peb,0,MS
2024_10_08_12-02-46.jpg,1042,2240,GR_ulva,green_algae_ulva,TRUE,224,1,GR_ulva,0,SU_bould,0,KE_stipe,0,KE_bull,0,SU_peb
2024_10_08_12-02-46.jpg,2266,1433,RE_branch,red_algae_branching,TRUE,224,1,RE_branch,0,BR_sarg,0,RE_bush,0,KE_sieve,0,KE_holdfas
2024_10_08_12-02-46.jpg,2037,2146,Review,Review,TRUE,224,0.501,GR_ulva,0.478,KE_bull,0.011,SU_peb,0.003,SU_shell,0.002,KE_stipe
2024_10_08_12-02-46.jpg,1785,572,Review,Review,TRUE,224,0.537,SU_peb,0.46,GR_ulva,0.001,MS,0.001,SU_shell,0,SU_bould
2024_10_08_12-02-46.jpg,2328,3479,GR_ulva,green_algae_ulva,TRUE,224,1,GR_ulva,0,RE_leaf,0,KE_sieve,0,KE_bull,0,BR_sarg
2024_10_08_12-02-46.jpg,2571,2568,MS,mobile_species,TRUE,224,0.964,MS,0.029,RE_leaf,0.003,KE_holdfas,0.001,KE_bull,0.001,BR_fucus
2024_10_08_12-02-46.jpg,2410,2368,GR_ulva,green_algae_ulva,TRUE,224,1,GR_ulva,0,MS,0,SU_peb,0,KE_stipe,0,BR_fucus
2024_10_08_12-02-46.jpg,601,4135,Review,Review,TRUE,224,0.651,RE_branch,0.347,RE_fil,0,KE_sieve,0,BR_sarg,0,KE_5rib
2024_10_08_12-02-46.jpg,1054,1482,GR_ulva,green_algae_ulva,TRUE,224,1,GR_ulva,0,SU_peb,0,KE_5rib,0,RE_leaf,0,KE_sugar
2024_10_08_12-02-46.jpg,921,2424,GR_ulva,green_algae_ulva,TRUE,224,1,GR_ulva,0,BR_sarg,0,KE_stipe,0,KE_bull,0,RE_branch
2024_10_08_12-02-46.jpg,2852,4265,RE_branch,red_algae_branching,TRUE,224,0.938,RE_branch,0.023,SU_bould,0.009,SI_kelpBry,0.009,RE_leaf,0.008,BR_sarg
2024_10_08_12-02-46.jpg,3866,2043,Review,Review,TRUE,224,0.603,GR_ulva,0.359,RE_leaf,0.017,RE_fil,0.014,KE_stipe,0.004,KE_sugar
2024_10_08_12-02-46.jpg,2482,3512,Review,Review,TRUE,224,0.712,GR_ulva,0.235,RE_leaf,0.031,KE_stipe,0.019,KE_bull,0.003,MS
2024_10_08_12-02-46.jpg,3893,2484,Review,Review,TRUE,224,0.592,RE_fil,0.281,KE_stipe,0.094,GR_ulva,0.011,SU_bould,0.01,MS
2024_10_08_12-02-46.jpg,1908,950,GR_ulva,green_algae_ulva,TRUE,224,0.981,GR_ulva,0.018,BR_sarg,0.001,SU_bould,0,KE_stipe,0,MS
2024_10_08_12-02-46.jpg,951,2788,RE_leaf,red_algae_flat_leaf,TRUE,224,1,RE_leaf,0,KE_bull,0,MS,0,GR_ulva,0,KE_stipe
2024_10_08_12-02-46.jpg,3498,1554,KE_stipe,kelp_stipe,TRUE,224,0.999,KE_stipe,0.001,BR_sarg,0,MS,0,RE_fil,0,SU_bould
2024_10_08_12-02-46.jpg,2613,1073,GR_ulva,green_algae_ulva,TRUE,224,1,GR_ulva,0,SU_bould,0,BR_sarg,0,KE_stipe,0,KE_sieve
2024_10_08_12-02-46.jpg,2173,2929,RE_branch,red_algae_branching,TRUE,224,0.978,RE_branch,0.014,RE_leaf,0.008,RE_fil,0,BR_sarg,0,RE_CCA
2024_10_08_12-02-46.jpg,2206,343,Review,Review,TRUE,224,0.752,RE_bush,0.114,GR_ulva,0.094,BR_sarg,0.028,RE_branch,0.004,BR_fucus
2024_10_08_12-02-46.jpg,3344,3464,GR_ulva,green_algae_ulva,TRUE,224,0.999,GR_ulva,0.001,SU_peb,0,KE_bull,0,KE_stipe,0,MS
2024_10_08_12-02-46.jpg,688,735,RE_bush,red_algae_bushy,TRUE,224,1,RE_bush,0,RE_leaf,0,MS,0,KE_sugar,0,KE_stipe
2024_10_08_12-02-46.jpg,2422,3907,Review,Review,TRUE,224,0.865,RE_leaf,0.094,MS,0.039,KE_stipe,0.001,RE_fil,0,RE_bush
2024_10_08_12-02-46.jpg,1150,3936,GR_ulva,green_algae_ulva,TRUE,224,1,GR_ulva,0,KE_stipe,0,BR_fucus,0,MS,0,SU_cob
2024_10_08_12-02-46.jpg,1316,956,GR_ulva,green_algae_ulva,TRUE,224,0.976,GR_ulva,0.024,SU_peb,0,SU_cob,0,SU_bould,0,BR_sarg
2024_10_08_12-02-46.jpg,2140,1236,RE_branch,red_algae_branching,TRUE,224,1,RE_branch,0,BR_sarg,0,RE_bush,0,RE_fil,0,SU_bould
2024_10_08_12-02-46.jpg,3074,307,GR_ulva,green_algae_ulva,TRUE,224,0.904,GR_ulva,0.089,MS,0.006,SU_peb,0.001,KE_stipe,0.001,SU_shell
2024_10_08_12-02-46.jpg,2705,3276,GR_ulva,green_algae_ulva,TRUE,224,0.993,GR_ulva,0.007,RE_leaf,0,KE_bull,0,KE_stipe,0,MS
2024_10_08_12-02-46.jpg,854,3790,GR_ulva,green_algae_ulva,TRUE,224,1,GR_ulva,0,unknown,0,SU_cob,0,BR_sarg,0,MS
2024_10_08_12-02-46.jpg,3259,3970,Review,Review,TRUE,224,0.792,SU_cob,0.205,SU_silt,0.003,SU_peb,0,SU_shell,0,KE_sugar
2024_10_08_12-02-46.jpg,2839,2847,BR_sarg,brown_algae_sargassum,TRUE,224,0.943,BR_sarg,0.029,KE_holdfas,0.018,KE_stipe,0.004,KE_sieve,0.003,KE_sugar
2024_10_08_12-02-46.jpg,537,3884,RE_fil,red_algae_filamentous,TRUE,224,0.991,RE_fil,0.009,RE_bush,0,RE_leaf,0,MS,0,KE_stipe
2024_10_08_12-02-46.jpg,3126,4200,RE_fil,red_algae_filamentous,TRUE,224,0.997,RE_fil,0.001,RE_leaf,0.001,MS,0.001,RE_CCA,0,RE_branch
2024_10_08_12-02-46.jpg,1600,3583,Review,Review,TRUE,224,0.545,BR_sarg,0.454,GR_ulva,0,SU_peb,0,MS,0,RE_leaf
2024_10_08_12-02-46.jpg,770,2561,Review,Review,TRUE,224,0.53,KE_5rib,0.29,KE_bull,0.102,KE_stipe,0.067,MS,0.004,RE_fil
2024_10_08_12-02-46.jpg,546,2522,GR_ulva,green_algae_ulva,TRUE,224,1,GR_ulva,0,KE_bull,0,SU_peb,0,KE_stipe,0,SU_cob
2024_10_08_12-02-46.jpg,600,2168,GR_ulva,green_algae_ulva,TRUE,224,1,GR_ulva,0,RE_leaf,0,KE_5rib,0,MS,0,KE_bull
2024_10_08_12-02-46.jpg,3006,1658,Review,Review,TRUE,224,0.894,BR_sarg,0.038,RE_branch,0.03,RE_fil,0.018,KE_sieve,0.01,KE_5rib
2024_10_08_12-02-55.jpg,3683,1867,GR_ulva,green_algae_ulva,TRUE,224,1,GR_ulva,0,RE_leaf,0,KE_bull,0,unknown,0,BR_sarg
2024_10_08_12-02-55.jpg,2762,2222,GR_ulva,green_algae_ulva,TRUE,224,1,GR_ulva,0,BR_sarg,0,KE_bull,0,RE_CCA,0,RE_branch
2024_10_08_12-02-55.jpg,2569,3103,Review,Review,TRUE,224,0.554,MS,0.426,RE_bush,0.018,SU_peb,0.001,SU_cob,0,BR_fucus
2024_10_08_12-02-55.jpg,1643,3136,RE_bush,red_algae_bushy,TRUE,224,1,RE_bush,0,RE_leaf,0,MS,0,SI,0,RE_branch
2024_10_08_12-02-55.jpg,1395,912,GR_ulva,green_algae_ulva,TRUE,224,1,GR_ulva,0,BR_sarg,0,KE_stipe,0,SU_peb,0,KE_bull
2024_10_08_12-02-55.jpg,432,592,GR_ulva,green_algae_ulva,TRUE,224,0.999,GR_ulva,0,unknown,0,KE_sieve,0,BR_fucus,0,KE_stipe
2024_10_08_12-02-55.jpg,1231,1665,Review,Review,TRUE,224,0.753,RE_leaf,0.224,RE_fil,0.02,RE_branch,0.002,KE_stipe,0,BR_sarg
2024_10_08_12-02-55.jpg,2840,2568,RE_fil,red_algae_filamentous,TRUE,224,0.926,RE_fil,0.036,MS,0.035,RE_leaf,0.003,KE_stipe,0,RE_bush
2024_10_08_12-02-55.jpg,1336,1127,GR_ulva,green_algae_ulva,TRUE,224,1,GR_ulva,0,SU_peb,0,SU_cob,0,SU_bould,0,BR_sarg
2024_10_08_12-02-55.jpg,1998,1371,GR_ulva,green_algae_ulva,TRUE,224,1,GR_ulva,0,KE_sugar,0,KE_bull,0,RE_leaf,0,KE_5rib
2024_10_08_12-02-55.jpg,1941,2714,Review,Review,TRUE,224,0.892,RE_branch,0.107,RE_bush,0.001,SI,0,MS,0,BR_sarg
2024_10_08_12-02-55.jpg,3679,4273,RE_bush,red_algae_bushy,TRUE,224,1,RE_bush,0,SU_peb,0,SU_cob,0,SU_sand,0,SU_silt
2024_10_08_12-02-55.jpg,3735,3519,RE_bush,red_algae_bushy,TRUE,224,1,RE_bush,0,RE_fil,0,RE_leaf,0,KE_stipe,0,RE_branch
2024_10_08_12-02-55.jpg,2420,774,GR_ulva,green_algae_ulva,TRUE,224,1,GR_ulva,0,RE_leaf,0,KE_5rib,0,KE_sugar,0,unknown
2024_10_08_12-02-55.jpg,3592,4445,SU_sand,sand_fine_shell,TRUE,224,0.995,SU_sand,0.004,SU_silt,0,RE_bush,0,MS,0,SU_peb
2024_10_08_12-02-55.jpg,872,3584,GR_ulva,green_algae_ulva,TRUE,224,1,GR_ulva,0,KE_5rib,0,RE_leaf,0,KE_sugar,0,KE_sieve
2024_10_08_12-02-55.jpg,3513,1972,GR_ulva,green_algae_ulva,TRUE,224,0.999,GR_ulva,0,KE_sieve,0,KE_bull,0,KE_stipe,0,BR_sarg
2024_10_08_12-02-55.jpg,850,625,GR_ulva,green_algae_ulva,TRUE,224,1,GR_ulva,0,KE_stipe,0,KE_bull,0,KE_5rib,0,MS
2024_10_08_12-02-55.jpg,1269,2404,Review,Review,TRUE,224,0.859,SU_cob,0.083,SU_peb,0.033,GR_ulva,0.017,SU_silt,0.004,SU_shell
2024_10_08_12-02-55.jpg,3719,2733,RE_leaf,red_algae_flat_leaf,TRUE,224,0.998,RE_leaf,0.001,KE_bull,0.001,RE_fil,0,KE_stipe,0,GR_ulva
2024_10_08_12-02-55.jpg,923,1899,Review,Review,TRUE,224,0.9,KE_stipe,0.034,GR_ulva,0.024,SU_peb,0.022,RE_fil,0.007,SU_bould
2024_10_08_12-02-55.jpg,1672,414,GR_ulva,green_algae_ulva,TRUE,224,1,GR_ulva,0,KE_stipe,0,SU_peb,0,MS,0,SU_cob
2024_10_08_12-02-55.jpg,1142,662,GR_ulva,green_algae_ulva,TRUE,224,1,GR_ulva,0,unknown,0,KE_5rib,0,KE_sieve,0,BR_sarg
2024_10_08_12-02-55.jpg,2103,340,GR_ulva,green_algae_ulva,TRUE,224,0.999,GR_ulva,0.001,unknown,0,RE_leaf,0,KE_5rib,0,BR_sarg
2024_10_08_12-02-55.jpg,977,3265,Review,Review,TRUE,224,0.447,MS,0.222,SU_bould,0.186,SU_shell,0.098,SU_cob,0.026,SU_sand
2024_10_08_12-02-55.jpg,1259,507,GR_ulva,green_algae_ulva,TRUE,224,0.993,GR_ulva,0.007,SU_peb,0,KE_stipe,0,MS,0,KE_bull
2024_10_08_12-02-55.jpg,1657,2697,Review,Review,TRUE,224,0.867,RE_bush,0.129,GR_ulva,0.001,KE_bull,0.001,KE_sugar,0,MS
2024_10_08_12-02-55.jpg,3006,431,GR_ulva,green_algae_ulva,TRUE,224,1,GR_ulva,0,unknown,0,KE_sugar,0,KE_sieve,0,RE_leaf
2024_10_08_12-02-55.jpg,487,1631,Review,Review,TRUE,224,0.676,SU_bould,0.133,BR_sarg,0.077,KE_sugar,0.038,SU_sand,0.03,SU_peb
2024_10_08_12-02-55.jpg,2292,807,GR_ulva,green_algae_ulva,TRUE,224,0.996,GR_ulva,0.002,unknown,0.001,KE_5rib,0,RE_leaf,0,KE_sugar
2024_10_08_12-02-55.jpg,2115,1662,SU_silt,silt,TRUE,224,0.999,SU_silt,0.001,RE_CCA,0,SU_shell,0,GR_ulva,0,SU_sand
2024_10_08_12-02-55.jpg,931,450,Review,Review,TRUE,224,0.743,unknown,0.256,GR_ulva,0,RE_leaf,0,MS,0,KE_stipe
2024_10_08_12-02-55.jpg,1309,3256,RE_bush,red_algae_bushy,TRUE,224,1,RE_bush,0,RE_branch,0,RE_fil,0,KE_holdfas,0,KE_stipe
2024_10_08_12-02-55.jpg,1222,2598,Review,Review,TRUE,224,0.599,RE_branch,0.334,RE_leaf,0.028,MS,0.019,RE_CCA,0.009,KE_bull
2024_10_08_12-02-55.jpg,1764,794,GR_ulva,green_algae_ulva,TRUE,224,0.999,GR_ulva,0,unknown,0,RE_leaf,0,KE_5rib,0,BR_sarg
2024_10_08_12-02-55.jpg,790,3028,Review,Review,TRUE,224,0.447,KE_stipe,0.346,SU_bould,0.167,BR_sarg,0.039,GR_ulva,0.001,KE_sieve
2024_10_08_12-02-55.jpg,2142,2200,Review,Review,TRUE,224,0.519,GR_ulva,0.418,SU_peb,0.049,KE_bull,0.01,MS,0.005,KE_stipe
2024_10_08_12-02-55.jpg,436,2537,Review,Review,TRUE,224,0.782,SU_peb,0.198,SU_cob,0.019,SU_bould,0.001,SU_shell,0.001,SU_sand
2024_10_08_12-02-55.jpg,1085,877,GR_ulva,green_algae_ulva,TRUE,224,0.99,GR_ulva,0.01,SU_peb,0.001,MS,0,KE_stipe,0,SU_bould
2024_10_08_12-02-55.jpg,639,273,unknown,unknown_area,TRUE,224,0.948,unknown,0.052,GR_ulva,0,MS,0,KE_sieve,0,KE_sugar
2024_10_08_12-02-55.jpg,2367,1598,RE_bush,red_algae_bushy,TRUE,224,0.967,RE_bush,0.025,SU_peb,0.003,SU_sand,0.003,MS,0.001,SU_shell
2024_10_08_12-02-55.jpg,1456,662,GR_ulva,green_algae_ulva,TRUE,224,1,GR_ulva,0,unknown,0,KE_stipe,0,KE_5rib,0,KE_sugar
2024_10_08_12-02-55.jpg,3523,1486,GR_ulva,green_algae_ulva,TRUE,224,1,GR_ulva,0,BR_sarg,0,KE_stipe,0,KE_bull,0,SU_peb
2024_10_08_12-02-55.jpg,2118,2922,Review,Review,TRUE,224,0.86,RE_bush,0.139,MS,0.001,SI,0,GR_ulva,0,SU_peb
2024_10_08_12-02-55.jpg,1375,2907,RE_bush,red_algae_bushy,TRUE,224,1,RE_bush,0,KE_holdfas,0,RE_branch,0,BR_sarg,0,RE_fil
2024_10_08_12-02-55.jpg,1339,350,GR_ulva,green_algae_ulva,TRUE,224,1,GR_ulva,0,KE_5rib,0,unknown,0,KE_sugar,0,KE_stipe
2024_10_08_12-02-55.jpg,1094,2787,RE_leaf,red_algae_flat_leaf,TRUE,224,1,RE_leaf,0,KE_5rib,0,KE_sugar,0,KE_bull,0,GR_ulva
2024_10_08_12-02-55.jpg,2695,3880,GR_ulva,green_algae_ulva,TRUE,224,1,GR_ulva,0,KE_stipe,0,KE_bull,0,KE_5rib,0,MS
2024_10_08_12-02-55.jpg,2548,2224,GR_ulva,green_algae_ulva,TRUE,224,1,GR_ulva,0,KE_bull,0,SU_bould,0,KE_stipe,0,SU_cob
2024_10_08_12-02-55.jpg,3222,2306,RE_leaf,red_algae_flat_leaf,TRUE,224,0.972,RE_leaf,0.026,KE_bull,0.001,MS,0.001,GR_ulva,0,KE_stipe
2024_10_08_12-03-04.jpg,1891,619,Review,Review,TRUE,224,0.525,RE_branch,0.465,RE_leaf,0.004,KE_bull,0.002,GR_ulva,0.001,KE_stipe
2024_10_08_12-03-04.jpg,3126,307,GR_ulva,green_algae_ulva,TRUE,224,1,GR_ulva,0,KE_stipe,0,SU_bould,0,unknown,0,SU_peb
2024_10_08_12-03-04.jpg,205,2680,KE_stipe,kelp_stipe,TRUE,224,0.934,KE_stipe,0.036,KE_holdfas,0.018,MS,0.007,GR_ulva,0.005,BR_sarg
2024_10_08_12-03-04.jpg,1748,2933,GR_ulva,green_algae_ulva,TRUE,224,1,GR_ulva,0,KE_bull,0,RE_leaf,0,KE_sieve,0,BR_sarg
2024_10_08_12-03-04.jpg,761,2945,BR_sarg,brown_algae_sargassum,TRUE,224,0.945,BR_sarg,0.053,KE_holdfas,0.002,RE_fil,0,MS,0,KE_stipe
2024_10_08_12-03-04.jpg,985,4436,Review,Review,TRUE,224,0.483,KE_stipe,0.43,MS,0.078,KE_holdfas,0.007,BR_sarg,0.001,GR_ulva
2024_10_08_12-03-04.jpg,979,782,RE_leaf,red_algae_flat_leaf,TRUE,224,0.999,RE_leaf,0.001,RE_CCA,0,MS,0,RE_bush,0,RE_fil
2024_10_08_12-03-04.jpg,2467,1436,Review,Review,TRUE,224,0.672,SU_peb,0.206,SU_cob,0.05,RE_CCA,0.044,GR_ulva,0.005,KE_stipe
2024_10_08_12-03-04.jpg,3058,1762,RE_leaf,red_algae_flat_leaf,TRUE,224,1,RE_leaf,0,MS,0,GR_ulva,0,KE_bull,0,KE_stipe
2024_10_08_12-03-04.jpg,924,1658,KE_stipe,kelp_stipe,TRUE,224,0.989,KE_stipe,0.007,MS,0.003,RE_bush,0.001,KE_holdfas,0,RE_fil
2024_10_08_12-03-04.jpg,3606,2041,RE_fil,red_algae_filamentous,TRUE,224,1,RE_fil,0,KE_5rib,0,BR_sarg,0,RE_branch,0,KE_sieve
2024_10_08_12-03-04.jpg,2653,2566,GR_ulva,green_algae_ulva,TRUE,224,0.957,GR_ulva,0.028,MS,0.015,KE_stipe,0.001,KE_bull,0,SI
2024_10_08_12-03-04.jpg,533,822,RE_fil,red_algae_filamentous,TRUE,224,0.977,RE_fil,0.015,RE_leaf,0.005,KE_stipe,0.002,MS,0.001,KE_5rib
2024_10_08_12-03-04.jpg,740,2256,GR_ulva,green_algae_ulva,TRUE,224,1,GR_ulva,0,RE_leaf,0,KE_5rib,0,unknown,0,KE_sugar
2024_10_08_12-03-04.jpg,2411,1588,GR_ulva,green_algae_ulva,TRUE,224,1,GR_ulva,0,KE_5rib,0,KE_sugar,0,SU_peb,0,RE_leaf
2024_10_08_12-03-04.jpg,2343,4001,RE_leaf,red_algae_flat_leaf,TRUE,224,1,RE_leaf,0,RE_branch,0,RE_fil,0,KE_stipe,0,MS
2024_10_08_12-03-04.jpg,474,565,Review,Review,TRUE,224,0.806,RE_leaf,0.162,MS,0.014,RE_fil,0.012,KE_stipe,0.004,KE_5rib
2024_10_08_12-03-04.jpg,1873,3658,RE_leaf,red_algae_flat_leaf,TRUE,224,1,RE_leaf,0,KE_sugar,0,RE_branch,0,MS,0,KE_5rib
2024_10_08_12-03-04.jpg,826,4041,BR_sarg,brown_algae_sargassum,TRUE,224,1,BR_sarg,0,KE_stipe,0,RE_CCA,0,SU_bould,0,SU_sand
2024_10_08_12-03-04.jpg,430,1309,GR_ulva,green_algae_ulva,TRUE,224,1,GR_ulva,0,KE_bull,0,RE_leaf,0,KE_stipe,0,KE_sugar
2024_10_08_12-03-04.jpg,3338,1599,RE_leaf,red_algae_flat_leaf,TRUE,224,0.988,RE_leaf,0.005,SU_peb,0.003,MS,0.002,KE_bull,0,RE_fil
2024_10_08_12-03-04.jpg,2854,2115,Review,Review,TRUE,224,0.572,GR_ulva,0.426,KE_bull,0.002,KE_stipe,0.001,KE_sugar,0,SI
2024_10_08_12-03-04.jpg,602,2962,BR_sarg,brown_algae_sargassum,TRUE,224,0.998,BR_sarg,0.001,KE_stipe,0.001,KE_holdfas,0,RE_fil,0,BR_fucus
2024_10_08_12-03-04.jpg,514,2255,GR_ulva,green_algae_ulva,TRUE,224,1,GR_ulva,0,BR_sarg,0,KE_sieve,0,KE_5rib,0,KE_stipe
2024_10_08_12-03-04.jpg,895,3654,Review,Review,TRUE,224,0.377,RE_bush,0.199,RE_branch,0.194,SU_bould,0.114,KE_holdfas,0.031,RE_fil
2024_10_08_12-03-04.jpg,2385,3660,RE_leaf,red_algae_flat_leaf,TRUE,224,1,RE_leaf,0,MS,0,RE_bush,0,RE_fil,0,RE_branch
2024_10_08_12-03-04.jpg,511,4452,GR_ulva,green_algae_ulva,TRUE,224,0.999,GR_ulva,0,unknown,0,KE_sieve,0,KE_stipe,0,MS
2024_10_08_12-03-04.jpg,1977,2468,GR_ulva,green_algae_ulva,TRUE,224,1,GR_ulva,0,KE_bull,0,BR_sarg,0,RE_leaf,0,KE_sieve
2024_10_08_12-03-04.jpg,1300,935,RE_bush,red_algae_bushy,TRUE,224,0.99,RE_bush,0.01,RE_leaf,0,RE_branch,0,RE_fil,0,MS
2024_10_08_12-03-04.jpg,1329,212,GR_ulva,green_algae_ulva,TRUE,224,1,GR_ulva,0,SU_bould,0,KE_stipe,0,unknown,0,KE_5rib
2024_10_08_12-03-04.jpg,3308,1416,GR_ulva,green_algae_ulva,TRUE,224,1,GR_ulva,0,SU_peb,0,KE_stipe,0,MS,0,KE_bull
2024_10_08_12-03-04.jpg,2909,2703,Review,Review,TRUE,224,0.682,RE_leaf,0.254,KE_stipe,0.059,MS,0.003,KE_bull,0.001,SU_peb
2024_10_08_12-03-04.jpg,1102,4205,Review,Review,TRUE,224,0.661,SU_cob,0.261,SU_peb,0.042,BR_sarg,0.035,SU_bould,0.001,KE_stipe
2024_10_08_12-03-04.jpg,1573,2423,GR_ulva,green_algae_ulva,TRUE,224,1,GR_ulva,0,RE_leaf,0,KE_bull,0,unknown,0,KE_sugar
2024_10_08_12-03-04.jpg,2454,677,RE_leaf,red_algae_flat_leaf,TRUE,224,0.958,RE_leaf,0.034,KE_5rib,0.009,RE_fil,0,RE_bush,0,SU_peb
2024_10_08_12-03-04.jpg,225,771,GR_ulva,green_algae_ulva,TRUE,224,0.998,GR_ulva,0.002,unknown,0,KE_sieve,0,KE_stipe,0,MS
2024_10_08_12-03-04.jpg,2254,2791,GR_ulva,green_algae_ulva,TRUE,224,0.908,GR_ulva,0.091,KE_bull,0.001,RE_leaf,0.001,KE_stipe,0,BR_fucus
2024_10_08_12-03-04.jpg,3108,951,GR_ulva,green_algae_ulva,TRUE,224,1,GR_ulva,0,MS,0,KE_stipe,0,unknown,0,KE_sieve
2024_10_08_12-03-04.jpg,2821,466,GR_ulva,green_algae_ulva,TRUE,224,0.942,GR_ulva,0.043,SU_peb,0.007,KE_stipe,0.004,MS,0.003,SU_cob
2024_10_08_12-03-04.jpg,1952,1829,GR_ulva,green_algae_ulva,TRUE,224,1,GR_ulva,0,SU_bould,0,KE_bull,0,BR_sarg,0,RE_CCA
2024_10_08_12-03-04.jpg,1472,2694,GR_ulva,green_algae_ulva,TRUE,224,1,GR_ulva,0,KE_bull,0,RE_leaf,0,KE_stipe,0,SI
2024_10_08_12-03-04.jpg,1993,473,Review,Review,TRUE,224,0.727,KE_stipe,0.213,GR_ulva,0.026,RE_fil,0.018,RE_leaf,0.004,SU_peb
2024_10_08_12-03-04.jpg,1288,4244,Review,Review,TRUE,224,0.463,BR_sarg,0.444,SU_bould,0.068,SU_peb,0.008,RE_bush,0.007,SU_sand
2024_10_08_12-03-04.jpg,1105,3107,Review,Review,TRUE,224,0.674,KE_holdfas,0.214,RE_fil,0.111,RE_branch,0.001,RE_bush,0,SU_bould
2024_10_08_12-03-04.jpg,2205,630,RE_leaf,red_algae_flat_leaf,TRUE,224,0.918,RE_leaf,0.063,RE_bush,0.009,RE_branch,0.004,RE_fil,0.002,SU_peb
2024_10_08_12-03-04.jpg,1370,2403,Review,Review,TRUE,224,0.827,GR_ulva,0.069,KE_stipe,0.062,KE_bull,0.027,BR_sarg,0.009,RE_fil
2024_10_08_12-03-04.jpg,1977,2150,GR_ulva,green_algae_ulva,TRUE,224,1,GR_ulva,0,KE_bull,0,KE_sugar,0,KE_5rib,0,RE_leaf
2024_10_08_12-03-04.jpg,618,1395,Review,Review,TRUE,224,0.658,RE_fil,0.295,MS,0.045,KE_stipe,0.001,KE_holdfas,0,RE_bush
2024_10_08_12-03-04.jpg,419,3220,BR_sarg,brown_algae_sargassum,TRUE,224,0.998,BR_sarg,0.002,KE_stipe,0,SU_bould,0,KE_sieve,0,RE_fil
2024_10_08_12-03-04.jpg,3019,2544,Review,Review,TRUE,224,0.302,SU_bould,0.243,KE_sugar,0.239,KE_stipe,0.075,KE_bull,0.066,MS
