image_name,midpoint_row,midpoint_column,left_column,right_column,top_row,bottom_row,patch_size,label_code,label_name,machine_prediction,confidence
2024_10_08_11-45-00.jpg,3539,4340,4228,4452,3427,3651,224,KE_sugar,kelp_sugar,manual_update,1
2024_10_08_11-45-00.jpg,1723,3139,3027,3251,1611,1835,224,KE_sugar,kelp_sugar,manual_update,1
2024_10_08_11-45-00.jpg,3111,1402,1290,1514,2999,3223,224,SU_peb,pebble,manual_update,1
2024_10_08_11-45-00.jpg,1651,2636,2524,2748,1539,1763,224,KE_sugar,kelp_sugar,KE_sugar,1
2024_10_08_11-45-00.jpg,2632,235,123,347,2520,2744,224,KE_sugar,kelp_sugar,KE_sugar,0.995
2024_10_08_11-45-00.jpg,2798,580,468,692,2686,2910,224,KE_sugar,kelp_sugar,KE_sugar,1
2024_10_08_11-45-00.jpg,1992,1024,912,1136,1880,2104,224,SU_peb,pebble,manual_update,1
2024_10_08_11-45-00.jpg,2381,4483,4371,4595,2269,2493,224,KE_sugar,kelp_sugar,manual_update,1
2024_10_08_11-45-00.jpg,3748,3020,2908,3132,3636,3860,224,RE_fil,red_algae_filamentous,RE_fil,1
2024_10_08_11-45-00.jpg,336,3009,2897,3121,224,448,224,SU_silt,silt,SU_silt,0.916
2024_10_08_11-45-00.jpg,2089,4133,4021,4245,1977,2201,224,RE_fil,red_algae_filamentous,RE_fil,0.98
2024_10_08_11-45-00.jpg,2475,3329,3217,3441,2363,2587,224,GR_ulva,green_algae_ulva,GR_ulva,0.999
2024_10_08_11-45-00.jpg,2145,3106,2994,3218,2033,2257,224,SU_bould,boulder,manual_update,1
2024_10_08_11-45-00.jpg,3140,2241,2129,2353,3028,3252,224,RE_branch,red_algae_branching,manual_update,1
2024_10_08_11-45-00.jpg,3453,752,640,864,3341,3565,224,SU_silt,silt,manual_update,1
2024_10_08_11-45-00.jpg,2479,681,569,793,2367,2591,224,KE_sugar,kelp_sugar,manual_update,1
2024_10_08_11-45-00.jpg,2386,1597,1485,1709,2274,2498,224,GR_ulva,green_algae_ulva,GR_ulva,1
2024_10_08_11-45-00.jpg,1669,3910,3798,4022,1557,1781,224,SU_silt,silt,SU_silt,1
2024_10_08_11-45-00.jpg,1541,4316,4204,4428,1429,1653,224,SU_silt,silt,manual_update,1
2024_10_08_11-45-00.jpg,3126,1907,1795,2019,3014,3238,224,GR_ulva,green_algae_ulva,GR_ulva,1
2024_10_08_11-45-00.jpg,2709,1904,1792,2016,2597,2821,224,GR_ulva,green_algae_ulva,GR_ulva,1
2024_10_08_11-45-00.jpg,1795,1309,1197,1421,1683,1907,224,GR_ulva,green_algae_ulva,GR_ulva,0.983
2024_10_08_11-45-00.jpg,1284,296,184,408,1172,1396,224,GR_ulva,green_algae_ulva,GR_ulva,0.999
2024_10_08_11-45-00.jpg,2095,2728,2616,2840,1983,2207,224,KE_sugar,kelp_sugar,manual_update,1
2024_10_08_11-45-00.jpg,2369,1717,1605,1829,2257,2481,224,GR_ulva,green_algae_ulva,GR_ulva,1
2024_10_08_11-45-00.jpg,1502,1803,1691,1915,1390,1614,224,GR_ulva,green_algae_ulva,GR_ulva,1
2024_10_08_11-45-00.jpg,3755,1929,1817,2041,3643,3867,224,SU_peb,pebble,SU_peb,0.999
2024_10_08_11-45-00.jpg,1397,113,1,225,1285,1509,224,GR_ulva,green_algae_ulva,GR_ulva,1
2024_10_08_11-45-00.jpg,3363,3128,3016,3240,3251,3475,224,KE_sugar,kelp_sugar,manual_update,1
2024_10_08_11-45-00.jpg,3279,2812,2700,2924,3167,3391,224,RE_fil,red_algae_filamentous,RE_fil,1
2024_10_08_11-45-00.jpg,2475,2243,2131,2355,2363,2587,224,KE_sugar,kelp_sugar,KE_sugar,1
2024_10_08_11-45-00.jpg,3491,3474,3362,3586,3379,3603,224,RE_leaf,red_algae_flat_leaf,manual_update,1
2024_10_08_11-45-00.jpg,1758,819,707,931,1646,1870,224,GR_ulva,green_algae_ulva,GR_ulva,1
2024_10_08_11-45-00.jpg,1608,759,647,871,1496,1720,224,GR_ulva,green_algae_ulva,GR_ulva,1
2024_10_08_11-45-00.jpg,3039,4316,4204,4428,2927,3151,224,KE_sugar,kelp_sugar,KE_sugar,0.944
2024_10_08_11-45-00.jpg,2437,2949,2837,3061,2325,2549,224,GR_ulva,green_algae_ulva,manual_update,1
2024_10_08_11-45-00.jpg,481,3574,3462,3686,369,593,224,SU_silt,silt,SU_silt,1
2024_10_08_11-45-00.jpg,3230,3661,3549,3773,3118,3342,224,KE_sugar,kelp_sugar,manual_update,1
2024_10_08_11-45-00.jpg,940,119,7,231,828,1052,224,GR_ulva,green_algae_ulva,GR_ulva,1
2024_10_08_11-45-00.jpg,1102,2816,2704,2928,990,1214,224,GR_ulva,green_algae_ulva,manual_update,1
2024_10_08_11-45-00.jpg,3153,581,469,693,3041,3265,224,RE_leaf,red_algae_flat_leaf,manual_update,1
2024_10_08_11-45-00.jpg,3161,1730,1618,1842,3049,3273,224,SU_cob,cobble,manual_update,1
2024_10_08_11-45-00.jpg,1489,3632,3520,3744,1377,1601,224,KE_sugar,kelp_sugar,manual_update,1
2024_10_08_11-45-00.jpg,3482,4040,3928,4152,3370,3594,224,KE_sugar,kelp_sugar,KE_sugar,0.973
2024_10_08_11-45-00.jpg,679,1299,1187,1411,567,791,224,RE_branch,red_algae_branching,manual_update,1
2024_10_08_11-45-00.jpg,498,3450,3338,3562,386,610,224,SU_silt,silt,SU_silt,0.999
2024_10_08_11-45-00.jpg,403,457,345,569,291,515,224,KE_sugar,kelp_sugar,KE_sugar,0.956
2024_10_08_11-45-00.jpg,395,1813,1701,1925,283,507,224,GR_ulva,green_algae_ulva,GR_ulva,1
2024_10_08_11-45-00.jpg,1326,1246,1134,1358,1214,1438,224,GR_ulva,green_algae_ulva,GR_ulva,0.928
2024_10_08_11-45-00.jpg,796,4381,4269,4493,684,908,224,KE_sugar,kelp_sugar,KE_sugar,0.999
2024_10_08_11-45-09.jpg,631,1632,1520,1744,519,743,224,RE_leaf,red_algae_flat_leaf,RE_leaf,1
2024_10_08_11-45-09.jpg,3292,2558,2446,2670,3180,3404,224,RE_branch,red_algae_branching,manual_update,1
2024_10_08_11-45-09.jpg,946,1301,1189,1413,834,1058,224,RE_leaf,red_algae_flat_leaf,RE_leaf,0.999
2024_10_08_11-45-09.jpg,3426,2727,2615,2839,3314,3538,224,RE_bush,red_algae_bushy,manual_update,1
2024_10_08_11-45-09.jpg,775,4160,4048,4272,663,887,224,RE_bush,red_algae_bushy,RE_bush,0.998
2024_10_08_11-45-09.jpg,1767,3325,3213,3437,1655,1879,224,GR_ulva,green_algae_ulva,GR_ulva,1
2024_10_08_11-45-09.jpg,1354,325,213,437,1242,1466,224,RE_bush,red_algae_bushy,manual_update,1
2024_10_08_11-45-09.jpg,2419,599,487,711,2307,2531,224,GR_ulva,green_algae_ulva,GR_ulva,1
2024_10_08_11-45-09.jpg,3172,2708,2596,2820,3060,3284,224,RE_leaf,red_algae_flat_leaf,RE_leaf,1
2024_10_08_11-45-09.jpg,3422,501,389,613,3310,3534,224,GR_ulva,green_algae_ulva,GR_ulva,0.998
2024_10_08_11-45-09.jpg,1694,4223,4111,4335,1582,1806,224,KE_sugar,kelp_sugar,KE_sugar,0.962
2024_10_08_11-45-09.jpg,2927,157,45,269,2815,3039,224,RE_branch,red_algae_branching,RE_branch,1
2024_10_08_11-45-09.jpg,641,2111,1999,2223,529,753,224,RE_fil,red_algae_filamentous,manual_update,1
2024_10_08_11-45-09.jpg,3548,2998,2886,3110,3436,3660,224,RE_leaf,red_algae_flat_leaf,manual_update,1
2024_10_08_11-45-09.jpg,334,2928,2816,3040,222,446,224,GR_ulva,green_algae_ulva,GR_ulva,0.907
2024_10_08_11-45-09.jpg,314,284,172,396,202,426,224,RE_bush,red_algae_bushy,manual_update,1
2024_10_08_11-45-09.jpg,227,1513,1401,1625,115,339,224,KE_sugar,kelp_sugar,KE_sugar,0.999
2024_10_08_11-45-09.jpg,1473,2746,2634,2858,1361,1585,224,GR_ulva,green_algae_ulva,GR_ulva,1
2024_10_08_11-45-09.jpg,2115,1798,1686,1910,2003,2227,224,RE_fil,red_algae_filamentous,RE_fil,1
2024_10_08_11-45-09.jpg,112,3327,3215,3439,0,224,224,KE_sugar,kelp_sugar,KE_sugar,1
2024_10_08_11-45-09.jpg,511,3837,3725,3949,399,623,224,unknown,unknown_area,manual_update,1
2024_10_08_11-45-09.jpg,2302,1083,971,1195,2190,2414,224,GR_ulva,green_algae_ulva,GR_ulva,1
2024_10_08_11-45-09.jpg,1208,2723,2611,2835,1096,1320,224,KE_bull,kelp_bull_ blade,KE_bull,0.957
2024_10_08_11-45-09.jpg,3551,3354,3242,3466,3439,3663,224,KE_sugar,kelp_sugar,manual_update,1
2024_10_08_11-45-09.jpg,3373,1231,1119,1343,3261,3485,224,GR_ulva,green_algae_ulva,GR_ulva,1
2024_10_08_11-45-09.jpg,949,4411,4299,4523,837,1061,224,unknown,unknown_area,manual_update,1
2024_10_08_11-45-09.jpg,299,2654,2542,2766,187,411,224,RE_bush,red_algae_bushy,RE_bush,1
2024_10_08_11-45-09.jpg,1974,2392,2280,2504,1862,2086,224,GR_ulva,green_algae_ulva,GR_ulva,0.994
2024_10_08_11-45-09.jpg,3428,184,72,296,3316,3540,224,RE_branch,red_algae_branching,manual_update,1
2024_10_08_11-45-09.jpg,2360,3166,3054,3278,2248,2472,224,RE_bush,red_algae_bushy,manual_update,1
2024_10_08_11-45-09.jpg,664,2938,2826,3050,552,776,224,GR_ulva,green_algae_ulva,manual_update,1
2024_10_08_11-45-09.jpg,1675,2230,2118,2342,1563,1787,224,RE_fil,red_algae_filamentous,RE_fil,0.995
2024_10_08_11-45-09.jpg,1451,3024,2912,3136,1339,1563,224,GR_ulva,green_algae_ulva,GR_ulva,0.999
2024_10_08_11-45-09.jpg,215,2494,2382,2606,103,327,224,RE_bush,red_algae_bushy,RE_bush,1
2024_10_08_11-45-09.jpg,1784,2844,2732,2956,1672,1896,224,GR_ulva,green_algae_ulva,GR_ulva,1
2024_10_08_11-45-09.jpg,2968,1187,1075,1299,2856,3080,224,GR_ulva,green_algae_ulva,GR_ulva,1
2024_10_08_11-45-09.jpg,551,4272,4160,4384,439,663,224,RE_bush,red_algae_bushy,RE_bush,0.965
2024_10_08_11-45-09.jpg,3071,2176,2064,2288,2959,3183,224,KE_stipe,kelp_stipe,KE_stipe,0.973
2024_10_08_11-45-09.jpg,3820,403,291,515,3708,3932,224,GR_ulva,green_algae_ulva,GR_ulva,1
2024_10_08_11-45-09.jpg,3356,4225,4113,4337,3244,3468,224,SU_silt,silt,SU_silt,0.991
2024_10_08_11-45-09.jpg,168,3978,3866,4090,56,280,224,KE_5rib,kelp_five_rib,KE_5rib,0.924
2024_10_08_11-45-09.jpg,2513,2742,2630,2854,2401,2625,224,GR_ulva,green_algae_ulva,GR_ulva,1
2024_10_08_11-45-09.jpg,2884,849,737,961,2772,2996,224,GR_ulva,green_algae_ulva,GR_ulva,0.924
2024_10_08_11-45-09.jpg,1690,3191,3079,3303,1578,1802,224,GR_ulva,green_algae_ulva,GR_ulva,1
2024_10_08_11-45-09.jpg,1758,3829,3717,3941,1646,1870,224,GR_ulva,green_algae_ulva,GR_ulva,1
2024_10_08_11-45-09.jpg,3721,1526,1414,1638,3609,3833,224,GR_ulva,green_algae_ulva,GR_ulva,1
2024_10_08_11-45-09.jpg,1757,1694,1582,1806,1645,1869,224,RE_fil,red_algae_filamentous,RE_fil,1
2024_10_08_11-45-09.jpg,3298,2225,2113,2337,3186,3410,224,SU_bould,boulder,manual_update,1
2024_10_08_11-45-09.jpg,492,628,516,740,380,604,224,RE_leaf,red_algae_flat_leaf,RE_leaf,0.996
2024_10_08_11-45-09.jpg,3788,3270,3158,3382,3676,3900,224,SU_bould,boulder,SU_bould,0.973
2024_10_08_11-45-18.jpg,3204,2895,2783,3007,3092,3316,224,KE_sugar,kelp_sugar,KE_sugar,0.978
2024_10_08_11-45-18.jpg,2432,2437,2325,2549,2320,2544,224,GR_ulva,green_algae_ulva,GR_ulva,1
2024_10_08_11-45-18.jpg,2163,3387,3275,3499,2051,2275,224,SU_peb,pebble,SU_peb,1
2024_10_08_11-45-18.jpg,1827,2318,2206,2430,1715,1939,224,GR_ulva,green_algae_ulva,GR_ulva,1
2024_10_08_11-45-18.jpg,2952,1402,1290,1514,2840,3064,224,RE_leaf,red_algae_flat_leaf,manual_update,1
2024_10_08_11-45-18.jpg,1607,1107,995,1219,1495,1719,224,RE_fil,red_algae_filamentous,manual_update,1
2024_10_08_11-45-18.jpg,998,2590,2478,2702,886,1110,224,GR_ulva,green_algae_ulva,GR_ulva,0.998
2024_10_08_11-45-18.jpg,2099,1635,1523,1747,1987,2211,224,GR_ulva,green_algae_ulva,manual_update,1
2024_10_08_11-45-18.jpg,1412,1149,1037,1261,1300,1524,224,SU_bould,boulder,manual_update,1
2024_10_08_11-45-18.jpg,2335,4286,4174,4398,2223,2447,224,KE_sugar,kelp_sugar,manual_update,1
2024_10_08_11-45-18.jpg,1168,1023,911,1135,1056,1280,224,SU_bould,boulder,manual_update,1
2024_10_08_11-45-18.jpg,3617,325,213,437,3505,3729,224,SU_cob,cobble,SU_cob,0.907
2024_10_08_11-45-18.jpg,1531,3995,3883,4107,1419,1643,224,RE_branch,red_algae_branching,manual_update,1
2024_10_08_11-45-18.jpg,999,755,643,867,887,1111,224,RE_branch,red_algae_branching,manual_update,1
2024_10_08_11-45-18.jpg,1830,4370,4258,4482,1718,1942,224,KE_sugar,kelp_sugar,manual_update,1
2024_10_08_11-45-18.jpg,601,1519,1407,1631,489,713,224,RE_branch,red_algae_branching,RE_branch,0.947
2024_10_08_11-45-18.jpg,3461,4100,3988,4212,3349,3573,224,Review,Review,manual_update,1
2024_10_08_11-45-18.jpg,2832,2935,2823,3047,2720,2944,224,KE_sugar,kelp_sugar,KE_sugar,0.997
2024_10_08_11-45-18.jpg,2075,3875,3763,3987,1963,2187,224,RE_fil,red_algae_filamentous,RE_fil,1
2024_10_08_11-45-18.jpg,2970,2071,1959,2183,2858,3082,224,RE_fil,red_algae_filamentous,RE_fil,0.994
2024_10_08_11-45-18.jpg,2140,3104,2992,3216,2028,2252,224,SU_peb,pebble,SU_peb,0.997
2024_10_08_11-45-18.jpg,839,797,685,909,727,951,224,RE_branch,red_algae_branching,manual_update,1
2024_10_08_11-45-18.jpg,896,591,479,703,784,1008,224,RE_branch,red_algae_branching,manual_update,1
2024_10_08_11-45-18.jpg,1075,3078,2966,3190,963,1187,224,RE_leaf,red_algae_flat_leaf,RE_leaf,0.996
2024_10_08_11-45-18.jpg,444,4351,4239,4463,332,556,224,GR_ulva,green_algae_ulva,GR_ulva,0.979
2024_10_08_11-45-18.jpg,3443,1104,992,1216,3331,3555,224,SU_bould,boulder,SU_bould,0.972
2024_10_08_11-45-18.jpg,2464,1283,1171,1395,2352,2576,224,RE_fil,red_algae_filamentous,manual_update,1
2024_10_08_11-45-18.jpg,1475,1811,1699,1923,1363,1587,224,SU_cob,cobble,manual_update,1
2024_10_08_11-45-18.jpg,3551,1769,1657,1881,3439,3663,224,RE_fil,red_algae_filamentous,RE_fil,0.998
2024_10_08_11-45-18.jpg,2861,3957,3845,4069,2749,2973,224,BR_sarg,brown_algae_sargassum,manual_update,1
2024_10_08_11-45-18.jpg,1859,1500,1388,1612,1747,1971,224,GR_ulva,green_algae_ulva,GR_ulva,1
2024_10_08_11-45-18.jpg,3723,2243,2131,2355,3611,3835,224,SU_cob,cobble,manual_update,1
2024_10_08_11-45-18.jpg,2752,4318,4206,4430,2640,2864,224,RE_branch,red_algae_branching,manual_update,1
2024_10_08_11-45-18.jpg,2829,1556,1444,1668,2717,2941,224,RE_bush,red_algae_bushy,RE_bush,0.995
2024_10_08_11-45-18.jpg,352,2435,2323,2547,240,464,224,RE_branch,red_algae_branching,RE_branch,1
2024_10_08_11-45-18.jpg,2942,1581,1469,1693,2830,3054,224,SU_bould,boulder,manual_update,1
2024_10_08_11-45-18.jpg,1412,2598,2486,2710,1300,1524,224,GR_ulva,green_algae_ulva,GR_ulva,1
2024_10_08_11-45-18.jpg,1598,3426,3314,3538,1486,1710,224,SU_bould,boulder,manual_update,1
2024_10_08_11-45-18.jpg,3624,4170,4058,4282,3512,3736,224,unknown,unknown_area,manual_update,1
2024_10_08_11-45-18.jpg,517,596,484,708,405,629,224,RE_fil,red_algae_filamentous,RE_fil,0.93
2024_10_08_11-45-18.jpg,2239,3783,3671,3895,2127,2351,224,RE_fil,red_algae_filamentous,manual_update,1
2024_10_08_11-45-18.jpg,1383,2748,2636,2860,1271,1495,224,GR_ulva,green_algae_ulva,GR_ulva,1
2024_10_08_11-45-18.jpg,2412,738,626,850,2300,2524,224,SU_bould,boulder,manual_update,1
2024_10_08_11-45-18.jpg,1360,576,464,688,1248,1472,224,SU_bould,boulder,SU_bould,0.914
2024_10_08_11-45-18.jpg,2992,1287,1175,1399,2880,3104,224,RE_leaf,red_algae_flat_leaf,manual_update,1
2024_10_08_11-45-18.jpg,841,432,320,544,729,953,224,RE_leaf,red_algae_flat_leaf,manual_update,1
2024_10_08_11-45-18.jpg,3042,1038,926,1150,2930,3154,224,SU_cob,cobble,manual_update,1
2024_10_08_11-45-18.jpg,456,1864,1752,1976,344,568,224,GR_ulva,green_algae_ulva,manual_update,1
2024_10_08_11-45-18.jpg,147,307,195,419,35,259,224,SU_peb,pebble,manual_update,1
2024_10_08_11-45-18.jpg,267,4182,4070,4294,155,379,224,GR_ulva,green_algae_ulva,manual_update,1
2024_10_08_11-45-27.jpg,2676,2137,2025,2249,2564,2788,224,RE_leaf,red_algae_flat_leaf,manual_update,1
2024_10_08_11-45-27.jpg,1915,480,368,592,1803,2027,224,SU_bould,boulder,manual_update,1
2024_10_08_11-45-27.jpg,932,804,692,916,820,1044,224,SU_bould,boulder,manual_update,1
2024_10_08_11-45-27.jpg,2936,353,241,465,2824,3048,224,RE_fil,red_algae_filamentous,RE_fil,0.995
2024_10_08_11-45-27.jpg,3357,3433,3321,3545,3245,3469,224,SU_peb,pebble,SU_peb,0.999
2024_10_08_11-45-27.jpg,887,2556,2444,2668,775,999,224,SU_sand,sand_fine_shell,manual_update,1
2024_10_08_11-45-27.jpg,1765,1380,1268,1492,1653,1877,224,KE_sugar,kelp_sugar,manual_update,1
2024_10_08_11-45-27.jpg,2193,1160,1048,1272,2081,2305,224,KE_sugar,kelp_sugar,manual_update,1
2024_10_08_11-45-27.jpg,1545,1414,1302,1526,1433,1657,224,RE_branch,red_algae_branching,manual_update,1
2024_10_08_11-45-27.jpg,3638,3813,3701,3925,3526,3750,224,SU_peb,pebble,manual_update,1
2024_10_08_11-45-27.jpg,2491,373,261,485,2379,2603,224,KE_sugar,kelp_sugar,manual_update,1
2024_10_08_11-45-27.jpg,525,3467,3355,3579,413,637,224,SU_cob,cobble,manual_update,1
2024_10_08_11-45-27.jpg,699,1334,1222,1446,587,811,224,RE_branch,red_algae_branching,manual_update,1
2024_10_08_11-45-27.jpg,901,1317,1205,1429,789,1013,224,RE_leaf,red_algae_flat_leaf,RE_leaf,1
2024_10_08_11-45-27.jpg,859,3246,3134,3358,747,971,224,SU_cob,cobble,manual_update,1
2024_10_08_11-45-27.jpg,2510,1663,1551,1775,2398,2622,224,SU_peb,pebble,manual_update,1
2024_10_08_11-45-27.jpg,3302,798,686,910,3190,3414,224,KE_5rib,kelp_five_rib,manual_update,1
2024_10_08_11-45-27.jpg,2288,1023,911,1135,2176,2400,224,KE_sugar,kelp_sugar,KE_sugar,1
2024_10_08_11-45-27.jpg,500,1889,1777,2001,388,612,224,SU_bould,boulder,manual_update,1
2024_10_08_11-45-27.jpg,2506,584,472,696,2394,2618,224,RE_branch,red_algae_branching,RE_branch,1
2024_10_08_11-45-27.jpg,3559,2716,2604,2828,3447,3671,224,RE_leaf,red_algae_flat_leaf,manual_update,1
2024_10_08_11-45-27.jpg,1373,1803,1691,1915,1261,1485,224,GR_ulva,green_algae_ulva,manual_update,1
2024_10_08_11-45-27.jpg,3225,3987,3875,4099,3113,3337,224,SU_bould,boulder,SU_bould,0.982
2024_10_08_11-45-27.jpg,124,3836,3724,3948,12,236,224,KE_sugar,kelp_sugar,KE_sugar,0.993
2024_10_08_11-45-27.jpg,2256,3634,3522,3746,2144,2368,224,KE_sugar,kelp_sugar,KE_sugar,0.999
2024_10_08_11-45-27.jpg,3252,3566,3454,3678,3140,3364,224,SU_peb,pebble,SU_peb,0.948
2024_10_08_11-45-27.jpg,3027,2727,2615,2839,2915,3139,224,RE_CCA,red_algae_encrusting_CCA,RE_CCA,0.983
2024_10_08_11-45-27.jpg,1277,3487,3375,3599,1165,1389,224,SU_cob,cobble,manual_update,1
2024_10_08_11-45-27.jpg,598,4437,4325,4549,486,710,224,KE_sugar,kelp_sugar,KE_sugar,0.924
2024_10_08_11-45-27.jpg,2390,4351,4239,4463,2278,2502,224,unknown,unknown_area,manual_update,1
2024_10_08_11-45-27.jpg,2529,3002,2890,3114,2417,2641,224,RE_branch,red_algae_branching,RE_branch,0.915
2024_10_08_11-45-27.jpg,154,1459,1347,1571,42,266,224,KE_sugar,kelp_sugar,manual_update,1
2024_10_08_11-45-27.jpg,536,1630,1518,1742,424,648,224,GR_ulva,green_algae_ulva,GR_ulva,1
2024_10_08_11-45-27.jpg,3134,1407,1295,1519,3022,3246,224,KE_5rib,kelp_five_rib,manual_update,1
2024_10_08_11-45-27.jpg,2437,185,73,297,2325,2549,224,KE_sugar,kelp_sugar,manual_update,1
2024_10_08_11-45-27.jpg,832,4423,4311,4535,720,944,224,Review,Review,manual_update,1
2024_10_08_11-45-27.jpg,2695,1286,1174,1398,2583,2807,224,SU_peb,pebble,manual_update,1
2024_10_08_11-45-27.jpg,3035,4482,4370,4594,2923,3147,224,SU_cob,cobble,manual_update,1
2024_10_08_11-45-27.jpg,1430,3581,3469,3693,1318,1542,224,SU_peb,pebble,SU_peb,0.986
2024_10_08_11-45-27.jpg,760,3774,3662,3886,648,872,224,KE_sugar,kelp_sugar,KE_sugar,1
2024_10_08_11-45-27.jpg,3347,2877,2765,2989,3235,3459,224,SU_peb,pebble,SU_peb,1
2024_10_08_11-45-27.jpg,3814,1084,972,1196,3702,3926,224,KE_5rib,kelp_five_rib,KE_5rib,0.991
2024_10_08_11-45-27.jpg,1149,1528,1416,1640,1037,1261,224,GR_ulva,green_algae_ulva,GR_ulva,1
2024_10_08_11-45-27.jpg,947,2214,2102,2326,835,1059,224,RE_branch,red_algae_branching,manual_update,1
2024_10_08_11-45-27.jpg,1708,3364,3252,3476,1596,1820,224,KE_sugar,kelp_sugar,manual_update,1
2024_10_08_11-45-27.jpg,468,2442,2330,2554,356,580,224,RE_fil,red_algae_filamentous,manual_update,1
2024_10_08_11-45-27.jpg,2472,4155,4043,4267,2360,2584,224,GR_ulva,green_algae_ulva,GR_ulva,0.965
2024_10_08_11-45-27.jpg,3457,1965,1853,2077,3345,3569,224,SU_bould,boulder,manual_update,1
2024_10_08_11-45-27.jpg,3077,2421,2309,2533,2965,3189,224,RE_leaf,red_algae_flat_leaf,manual_update,1
2024_10_08_11-45-27.jpg,2094,1854,1742,1966,1982,2206,224,GR_ulva,green_algae_ulva,GR_ulva,1
2024_10_08_11-45-36.jpg,2890,2901,2789,3013,2778,3002,224,SU_peb,pebble,SU_peb,0.999
2024_10_08_11-45-36.jpg,2588,648,536,760,2476,2700,224,SU_peb,pebble,manual_update,1
2024_10_08_11-45-36.jpg,1430,2448,2336,2560,1318,1542,224,SU_peb,pebble,manual_update,1
2024_10_08_11-45-36.jpg,1207,2150,2038,2262,1095,1319,224,GR_ulva,green_algae_ulva,GR_ulva,1
2024_10_08_11-45-36.jpg,2398,3218,3106,3330,2286,2510,224,RE_leaf,red_algae_flat_leaf,RE_leaf,1
2024_10_08_11-45-36.jpg,396,2480,2368,2592,284,508,224,SU_peb,pebble,manual_update,1
2024_10_08_11-45-36.jpg,351,451,339,563,239,463,224,SU_peb,pebble,manual_update,1
2024_10_08_11-45-36.jpg,751,1441,1329,1553,639,863,224,RE_bush,red_algae_bushy,RE_bush,0.914
2024_10_08_11-45-36.jpg,2821,3653,3541,3765,2709,2933,224,SU_bould,boulder,manual_update,1
2024_10_08_11-45-36.jpg,1047,4389,4277,4501,935,1159,224,RE_fil,red_algae_filamentous,manual_update,1
2024_10_08_11-45-36.jpg,3171,4372,4260,4484,3059,3283,224,GR_ulva,green_algae_ulva,GR_ulva,0.99
2024_10_08_11-45-36.jpg,2600,1755,1643,1867,2488,2712,224,KE_stipe,kelp_stipe,KE_stipe,0.972
2024_10_08_11-45-36.jpg,1152,3413,3301,3525,1040,1264,224,GR_ulva,green_algae_ulva,GR_ulva,1
2024_10_08_11-45-36.jpg,3135,1760,1648,1872,3023,3247,224,GR_ulva,green_algae_ulva,GR_ulva,1
2024_10_08_11-45-36.jpg,1835,1044,932,1156,1723,1947,224,SU_sand,sand_fine_shell,manual_update,1
2024_10_08_11-45-36.jpg,3552,1490,1378,1602,3440,3664,224,Review,Review,manual_update,1
2024_10_08_11-45-36.jpg,3819,1654,1542,1766,3707,3931,224,KE_sugar,kelp_sugar,manual_update,1
2024_10_08_11-45-36.jpg,1664,1114,1002,1226,1552,1776,224,SU_peb,pebble,manual_update,1
2024_10_08_11-45-36.jpg,1246,1351,1239,1463,1134,1358,224,RE_branch,red_algae_branching,manual_update,1
2024_10_08_11-45-36.jpg,747,4058,3946,4170,635,859,224,SU_peb,pebble,SU_peb,1
2024_10_08_11-45-36.jpg,1039,2416,2304,2528,927,1151,224,BR_sarg,brown_algae_sargassum,manual_update,1
2024_10_08_11-45-36.jpg,3457,3496,3384,3608,3345,3569,224,KE_sugar,kelp_sugar,KE_sugar,0.999
2024_10_08_11-45-36.jpg,2714,2173,2061,2285,2602,2826,224,SU_bould,boulder,manual_update,1
2024_10_08_11-45-36.jpg,3895,848,736,960,3783,4007,224,SU_peb,pebble,SU_peb,0.999
2024_10_08_11-45-36.jpg,3441,935,823,1047,3329,3553,224,SU_cob,cobble,manual_update,1
2024_10_08_11-45-36.jpg,2725,1399,1287,1511,2613,2837,224,BR_sarg,brown_algae_sargassum,manual_update,1
2024_10_08_11-45-36.jpg,743,1237,1125,1349,631,855,224,RE_bush,red_algae_bushy,RE_bush,0.999
2024_10_08_11-45-36.jpg,3011,2910,2798,3022,2899,3123,224,SU_peb,pebble,SU_peb,1
2024_10_08_11-45-36.jpg,3502,587,475,699,3390,3614,224,SU_peb,pebble,manual_update,1
2024_10_08_11-45-36.jpg,1669,3607,3495,3719,1557,1781,224,SU_peb,pebble,manual_update,1
2024_10_08_11-45-36.jpg,452,1738,1626,1850,340,564,224,SU_peb,pebble,manual_update,1
2024_10_08_11-45-36.jpg,3833,3638,3526,3750,3721,3945,224,KE_sugar,kelp_sugar,manual_update,1
2024_10_08_11-45-36.jpg,781,3581,3469,3693,669,893,224,GR_ulva,green_algae_ulva,GR_ulva,1
2024_10_08_11-45-36.jpg,657,3080,2968,3192,545,769,224,RE_fil,red_algae_filamentous,manual_update,1
2024_10_08_11-45-36.jpg,3390,2013,1901,2125,3278,3502,224,SU_bould,boulder,manual_update,1
2024_10_08_11-45-36.jpg,795,4301,4189,4413,683,907,224,SU_peb,pebble,manual_update,1
2024_10_08_11-45-36.jpg,1785,1816,1704,1928,1673,1897,224,SU_peb,pebble,SU_peb,1
2024_10_08_11-45-36.jpg,666,4400,4288,4512,554,778,224,SU_peb,pebble,SU_peb,0.941
2024_10_08_11-45-36.jpg,1928,2598,2486,2710,1816,2040,224,GR_ulva,green_algae_ulva,GR_ulva,1
2024_10_08_11-45-36.jpg,683,883,771,995,571,795,224,SU_peb,pebble,SU_peb,0.983
2024_10_08_11-45-36.jpg,638,3585,3473,3697,526,750,224,GR_ulva,green_algae_ulva,GR_ulva,1
2024_10_08_11-45-36.jpg,1856,2860,2748,2972,1744,1968,224,SU_cob,cobble,manual_update,1
2024_10_08_11-45-36.jpg,995,1282,1170,1394,883,1107,224,RE_bush,red_algae_bushy,RE_bush,0.999
2024_10_08_11-45-36.jpg,1738,4142,4030,4254,1626,1850,224,RE_bush,red_algae_bushy,RE_bush,1
2024_10_08_11-45-36.jpg,1197,2651,2539,2763,1085,1309,224,BR_sarg,brown_algae_sargassum,manual_update,1
2024_10_08_11-45-36.jpg,1263,4067,3955,4179,1151,1375,224,SU_peb,pebble,manual_update,1
2024_10_08_11-45-36.jpg,3749,456,344,568,3637,3861,224,SU_cob,cobble,manual_update,1
2024_10_08_11-45-36.jpg,2533,2664,2552,2776,2421,2645,224,SU_peb,pebble,SU_peb,0.996
2024_10_08_11-45-36.jpg,557,2403,2291,2515,445,669,224,SU_peb,pebble,SU_peb,1
2024_10_08_11-45-36.jpg,3202,1409,1297,1521,3090,3314,224,GR_ulva,green_algae_ulva,GR_ulva,1
2024_10_08_11-45-45.jpg,1716,4044,3932,4156,1604,1828,224,KE_sugar,kelp_sugar,manual_update,1
2024_10_08_11-45-45.jpg,3810,1636,1524,1748,3698,3922,224,SU_peb,pebble,SU_peb,1
2024_10_08_11-45-45.jpg,2930,596,484,708,2818,3042,224,SU_peb,pebble,SU_peb,1
2024_10_08_11-45-45.jpg,827,3722,3610,3834,715,939,224,RE_leaf,red_algae_flat_leaf,manual_update,1
2024_10_08_11-45-45.jpg,1145,1701,1589,1813,1033,1257,224,GR_ulva,green_algae_ulva,GR_ulva,1
2024_10_08_11-45-45.jpg,497,1764,1652,1876,385,609,224,GR_ulva,green_algae_ulva,GR_ulva,1
2024_10_08_11-45-45.jpg,2245,1804,1692,1916,2133,2357,224,GR_ulva,green_algae_ulva,GR_ulva,1
2024_10_08_11-45-45.jpg,618,3783,3671,3895,506,730,224,RE_leaf,red_algae_flat_leaf,RE_leaf,0.959
2024_10_08_11-45-45.jpg,361,2858,2746,2970,249,473,224,SU_cob,cobble,manual_update,1
2024_10_08_11-45-45.jpg,1537,2249,2137,2361,1425,1649,224,SU_cob,cobble,manual_update,1
2024_10_08_11-45-45.jpg,1131,2156,2044,2268,1019,1243,224,SU_cob,cobble,manual_update,1
2024_10_08_11-45-45.jpg,1216,3263,3151,3375,1104,1328,224,RE_leaf,red_algae_flat_leaf,manual_update,1
2024_10_08_11-45-45.jpg,3342,1091,979,1203,3230,3454,224,SU_peb,pebble,manual_update,1
2024_10_08_11-45-45.jpg,727,1218,1106,1330,615,839,224,GR_ulva,green_algae_ulva,GR_ulva,1
2024_10_08_11-45-45.jpg,415,3514,3402,3626,303,527,224,RE_leaf,red_algae_flat_leaf,RE_leaf,1
2024_10_08_11-45-45.jpg,425,3762,3650,3874,313,537,224,unknown,unknown_area,manual_update,1
2024_10_08_11-45-45.jpg,1980,3897,3785,4009,1868,2092,224,KE_sugar,kelp_sugar,KE_sugar,0.985
2024_10_08_11-45-45.jpg,1240,1577,1465,1689,1128,1352,224,GR_ulva,green_algae_ulva,GR_ulva,1
2024_10_08_11-45-45.jpg,139,1368,1256,1480,27,251,224,GR_ulva,green_algae_ulva,GR_ulva,1
2024_10_08_11-45-45.jpg,3704,4445,4333,4557,3592,3816,224,SU_peb,pebble,manual_update,1
2024_10_08_11-45-45.jpg,2361,4275,4163,4387,2249,2473,224,KE_sugar,kelp_sugar,KE_sugar,0.998
2024_10_08_11-45-45.jpg,3894,2055,1943,2167,3782,4006,224,SU_peb,pebble,manual_update,1
2024_10_08_11-45-45.jpg,2207,1514,1402,1626,2095,2319,224,GR_ulva,green_algae_ulva,GR_ulva,1
2024_10_08_11-45-45.jpg,379,1621,1509,1733,267,491,224,GR_ulva,green_algae_ulva,GR_ulva,1
2024_10_08_11-45-45.jpg,1014,4112,4000,4224,902,1126,224,KE_sugar,kelp_sugar,manual_update,1
2024_10_08_11-45-45.jpg,3150,3704,3592,3816,3038,3262,224,unknown,unknown_area,manual_update,1
2024_10_08_11-45-45.jpg,3072,3120,3008,3232,2960,3184,224,RE_leaf,red_algae_flat_leaf,RE_leaf,1
2024_10_08_11-45-45.jpg,2753,2043,1931,2155,2641,2865,224,SU_peb,pebble,manual_update,1
2024_10_08_11-45-45.jpg,2814,2362,2250,2474,2702,2926,224,GR_ulva,green_algae_ulva,GR_ulva,1
2024_10_08_11-45-45.jpg,2131,355,243,467,2019,2243,224,GR_ulva,green_algae_ulva,GR_ulva,0.998
2024_10_08_11-45-45.jpg,1014,992,880,1104,902,1126,224,GR_ulva,green_algae_ulva,GR_ulva,0.999
2024_10_08_11-45-45.jpg,2799,1248,1136,1360,2687,2911,224,SU_sand,sand_fine_shell,manual_update,1
2024_10_08_11-45-45.jpg,3527,2078,1966,2190,3415,3639,224,SU_peb,pebble,SU_peb,0.916
2024_10_08_11-45-45.jpg,366,3042,2930,3154,254,478,224,SU_bould,boulder,SU_bould,0.983
2024_10_08_11-45-45.jpg,1148,3052,2940,3164,1036,1260,224,RE_leaf,red_algae_flat_leaf,RE_leaf,0.9
2024_10_08_11-45-45.jpg,3415,1847,1735,1959,3303,3527,224,SU_cob,cobble,manual_update,1
2024_10_08_11-45-45.jpg,1918,1822,1710,1934,1806,2030,224,GR_ulva,green_algae_ulva,GR_ulva,1
2024_10_08_11-45-45.jpg,2010,2613,2501,2725,1898,2122,224,RE_leaf,red_algae_flat_leaf,manual_update,1
2024_10_08_11-45-45.jpg,1472,3707,3595,3819,1360,1584,224,KE_sugar,kelp_sugar,manual_update,1
2024_10_08_11-45-45.jpg,2486,3336,3224,3448,2374,2598,224,RE_leaf,red_algae_flat_leaf,RE_leaf,1
2024_10_08_11-45-45.jpg,1826,4471,4359,4583,1714,1938,224,KE_sugar,kelp_sugar,manual_update,1
2024_10_08_11-45-45.jpg,2294,4011,3899,4123,2182,2406,224,SU_peb,pebble,manual_update,1
2024_10_08_11-45-45.jpg,1123,1385,1273,1497,1011,1235,224,SU_peb,pebble,manual_update,1
2024_10_08_11-45-45.jpg,1228,4320,4208,4432,1116,1340,224,KE_sugar,kelp_sugar,manual_update,1
2024_10_08_11-45-45.jpg,2420,3636,3524,3748,2308,2532,224,SU_peb,pebble,manual_update,1
2024_10_08_11-45-45.jpg,1644,2953,2841,3065,1532,1756,224,RE_leaf,red_algae_flat_leaf,RE_leaf,1
2024_10_08_11-45-45.jpg,2401,4144,4032,4256,2289,2513,224,KE_sugar,kelp_sugar,KE_sugar,0.999
2024_10_08_11-45-45.jpg,359,2745,2633,2857,247,471,224,SU_cob,cobble,manual_update,1
2024_10_08_11-45-45.jpg,1316,2987,2875,3099,1204,1428,224,RE_leaf,red_algae_flat_leaf,RE_leaf,0.991
2024_10_08_11-45-45.jpg,1405,4271,4159,4383,1293,1517,224,unknown,unknown_area,manual_update,1
2024_10_08_11-45-54.jpg,3704,4294,4182,4406,3592,3816,224,KE_sugar,kelp_sugar,manual_update,1
2024_10_08_11-45-54.jpg,189,1358,1246,1470,77,301,224,RE_fil,red_algae_filamentous,RE_fil,1
2024_10_08_11-45-54.jpg,2268,4244,4132,4356,2156,2380,224,unknown,unknown_area,manual_update,1
2024_10_08_11-45-54.jpg,3178,3062,2950,3174,3066,3290,224,SU_peb,pebble,manual_update,1
2024_10_08_11-45-54.jpg,1735,1584,1472,1696,1623,1847,224,GR_ulva,green_algae_ulva,manual_update,1
2024_10_08_11-45-54.jpg,2338,3238,3126,3350,2226,2450,224,GR_ulva,green_algae_ulva,manual_update,1
2024_10_08_11-45-54.jpg,612,3326,3214,3438,500,724,224,GR_ulva,green_algae_ulva,GR_ulva,1
2024_10_08_11-45-54.jpg,1680,1768,1656,1880,1568,1792,224,GR_ulva,green_algae_ulva,manual_update,1
2024_10_08_11-45-54.jpg,899,1117,1005,1229,787,1011,224,RE_fil,red_algae_filamentous,RE_fil,0.999
2024_10_08_11-45-54.jpg,1201,1066,954,1178,1089,1313,224,GR_ulva,green_algae_ulva,GR_ulva,0.907
2024_10_08_11-45-54.jpg,1661,327,215,439,1549,1773,224,GR_ulva,green_algae_ulva,manual_update,1
2024_10_08_11-45-54.jpg,2076,2349,2237,2461,1964,2188,224,GR_ulva,green_algae_ulva,GR_ulva,1
2024_10_08_11-45-54.jpg,2428,1629,1517,1741,2316,2540,224,GR_ulva,green_algae_ulva,GR_ulva,1
2024_10_08_11-45-54.jpg,2842,1478,1366,1590,2730,2954,224,GR_ulva,green_algae_ulva,GR_ulva,1
2024_10_08_11-45-54.jpg,822,1560,1448,1672,710,934,224,RE_fil,red_algae_filamentous,manual_update,1
2024_10_08_11-45-54.jpg,2975,3812,3700,3924,2863,3087,224,unknown,unknown_area,manual_update,1
2024_10_08_11-45-54.jpg,3384,275,163,387,3272,3496,224,GR_ulva,green_algae_ulva,GR_ulva,1
2024_10_08_11-45-54.jpg,368,2076,1964,2188,256,480,224,RE_branch,red_algae_branching,manual_update,1
2024_10_08_11-45-54.jpg,604,4352,4240,4464,492,716,224,RE_bush,red_algae_bushy,RE_bush,1
2024_10_08_11-45-54.jpg,3863,1846,1734,1958,3751,3975,224,GR_ulva,green_algae_ulva,GR_ulva,0.997
2024_10_08_11-45-54.jpg,1996,1972,1860,2084,1884,2108,224,SU_peb,pebble,SU_peb,1
2024_10_08_11-45-54.jpg,1976,2162,2050,2274,1864,2088,224,SU_peb,pebble,manual_update,1
2024_10_08_11-45-54.jpg,3367,2960,2848,3072,3255,3479,224,SU_peb,pebble,SU_peb,0.995
2024_10_08_11-45-54.jpg,202,4346,4234,4458,90,314,224,RE_bush,red_algae_bushy,manual_update,1
2024_10_08_11-45-54.jpg,290,2847,2735,2959,178,402,224,GR_ulva,green_algae_ulva,GR_ulva,0.953
2024_10_08_11-45-54.jpg,480,3037,2925,3149,368,592,224,GR_ulva,green_algae_ulva,GR_ulva,1
2024_10_08_11-45-54.jpg,3166,2451,2339,2563,3054,3278,224,GR_ulva,green_algae_ulva,GR_ulva,0.999
2024_10_08_11-45-54.jpg,3533,1970,1858,2082,3421,3645,224,GR_ulva,green_algae_ulva,GR_ulva,1
2024_10_08_11-45-54.jpg,2039,3248,3136,3360,1927,2151,224,RE_fil,red_algae_filamentous,RE_fil,0.942
2024_10_08_11-45-54.jpg,475,2698,2586,2810,363,587,224,RE_branch,red_algae_branching,manual_update,1
2024_10_08_11-45-54.jpg,3463,3866,3754,3978,3351,3575,224,RE_leaf,red_algae_flat_leaf,RE_leaf,0.978
2024_10_08_11-45-54.jpg,3532,3023,2911,3135,3420,3644,224,SU_cob,cobble,manual_update,1
2024_10_08_11-45-54.jpg,2250,1707,1595,1819,2138,2362,224,GR_ulva,green_algae_ulva,GR_ulva,0.983
2024_10_08_11-45-54.jpg,3659,417,305,529,3547,3771,224,GR_ulva,green_algae_ulva,GR_ulva,1
2024_10_08_11-45-54.jpg,636,432,320,544,524,748,224,GR_ulva,green_algae_ulva,GR_ulva,1
2024_10_08_11-45-54.jpg,1501,1146,1034,1258,1389,1613,224,GR_ulva,green_algae_ulva,GR_ulva,1
2024_10_08_11-45-54.jpg,714,2586,2474,2698,602,826,224,GR_ulva,green_algae_ulva,GR_ulva,0.992
2024_10_08_11-45-54.jpg,1978,4485,4373,4597,1866,2090,224,KE_sugar,kelp_sugar,manual_update,1
2024_10_08_11-45-54.jpg,2940,874,762,986,2828,3052,224,GR_ulva,green_algae_ulva,GR_ulva,1
2024_10_08_11-45-54.jpg,670,1282,1170,1394,558,782,224,RE_fil,red_algae_filamentous,RE_fil,1
2024_10_08_11-45-54.jpg,461,3540,3428,3652,349,573,224,GR_ulva,green_algae_ulva,GR_ulva,1
2024_10_08_11-45-54.jpg,2456,2718,2606,2830,2344,2568,224,SU_cob,cobble,manual_update,1
2024_10_08_11-45-54.jpg,2888,2759,2647,2871,2776,3000,224,GR_ulva,green_algae_ulva,GR_ulva,0.979
2024_10_08_11-45-54.jpg,1827,1383,1271,1495,1715,1939,224,GR_ulva,green_algae_ulva,manual_update,1
2024_10_08_11-45-54.jpg,1486,4099,3987,4211,1374,1598,224,GR_ulva,green_algae_ulva,GR_ulva,0.965
2024_10_08_11-45-54.jpg,692,850,738,962,580,804,224,RE_fil,red_algae_filamentous,manual_update,1
2024_10_08_11-45-54.jpg,3817,3019,2907,3131,3705,3929,224,SU_bould,boulder,manual_update,1
2024_10_08_11-45-54.jpg,574,1555,1443,1667,462,686,224,RE_fil,red_algae_filamentous,manual_update,1
2024_10_08_11-45-54.jpg,2503,314,202,426,2391,2615,224,SU_anth,anthropogenic,manual_update,1
2024_10_08_11-45-54.jpg,566,1940,1828,2052,454,678,224,RE_branch,red_algae_branching,RE_branch,0.945
2024_10_08_11-46-03.jpg,928,2452,2340,2564,816,1040,224,SU_sand,sand_fine_shell,manual_update,1
2024_10_08_11-46-03.jpg,1961,829,717,941,1849,2073,224,GR_ulva,green_algae_ulva,GR_ulva,1
2024_10_08_11-46-03.jpg,3178,4287,4175,4399,3066,3290,224,GR_ulva,green_algae_ulva,GR_ulva,0.916
2024_10_08_11-46-03.jpg,1980,286,174,398,1868,2092,224,KE_sugar,kelp_sugar,KE_sugar,0.911
2024_10_08_11-46-03.jpg,1362,3620,3508,3732,1250,1474,224,GR_ulva,green_algae_ulva,GR_ulva,1
2024_10_08_11-46-03.jpg,453,4008,3896,4120,341,565,224,RE_fil,red_algae_filamentous,RE_fil,0.993
2024_10_08_11-46-03.jpg,572,2844,2732,2956,460,684,224,SU_peb,pebble,manual_update,1
2024_10_08_11-46-03.jpg,1581,1735,1623,1847,1469,1693,224,SU_cob,cobble,manual_update,1
2024_10_08_11-46-03.jpg,336,470,358,582,224,448,224,KE_sugar,kelp_sugar,manual_update,1
2024_10_08_11-46-03.jpg,2882,4336,4224,4448,2770,2994,224,GR_ulva,green_algae_ulva,GR_ulva,0.76
2024_10_08_11-46-03.jpg,3702,1146,1034,1258,3590,3814,224,RE_branch,red_algae_branching,manual_update,1
2024_10_08_11-46-03.jpg,3519,2638,2526,2750,3407,3631,224,GR_ulva,green_algae_ulva,GR_ulva,1
2024_10_08_11-46-03.jpg,3440,3941,3829,4053,3328,3552,224,GR_ulva,green_algae_ulva,GR_ulva,1
2024_10_08_11-46-03.jpg,1947,3648,3536,3760,1835,2059,224,GR_ulva,green_algae_ulva,GR_ulva,0.998
2024_10_08_11-46-03.jpg,172,1292,1180,1404,60,284,224,KE_sugar,kelp_sugar,KE_sugar,0.916
2024_10_08_11-46-03.jpg,1216,1710,1598,1822,1104,1328,224,SU_bould,boulder,manual_update,1
2024_10_08_11-46-03.jpg,1248,4053,3941,4165,1136,1360,224,SU_bould,boulder,manual_update,1
2024_10_08_11-46-03.jpg,2909,874,762,986,2797,3021,224,GR_ulva,green_algae_ulva,GR_ulva,1
2024_10_08_11-46-03.jpg,2838,3496,3384,3608,2726,2950,224,GR_ulva,green_algae_ulva,GR_ulva,1
2024_10_08_11-46-03.jpg,415,2586,2474,2698,303,527,224,KE_sugar,kelp_sugar,KE_sugar,1
2024_10_08_11-46-03.jpg,3549,1950,1838,2062,3437,3661,224,GR_ulva,green_algae_ulva,GR_ulva,1
2024_10_08_11-46-03.jpg,2565,2034,1922,2146,2453,2677,224,GR_ulva,green_algae_ulva,GR_ulva,1
2024_10_08_11-46-03.jpg,1826,1256,1144,1368,1714,1938,224,KE_sugar,kelp_sugar,manual_update,1
2024_10_08_11-46-03.jpg,2540,2722,2610,2834,2428,2652,224,GR_ulva,green_algae_ulva,GR_ulva,1
2024_10_08_11-46-03.jpg,2968,2280,2168,2392,2856,3080,224,GR_ulva,green_algae_ulva,GR_ulva,0.997
2024_10_08_11-46-03.jpg,3761,2302,2190,2414,3649,3873,224,GR_ulva,green_algae_ulva,manual_update,1
2024_10_08_11-46-03.jpg,1433,3149,3037,3261,1321,1545,224,GR_ulva,green_algae_ulva,GR_ulva,1
2024_10_08_11-46-03.jpg,3673,3688,3576,3800,3561,3785,224,GR_ulva,green_algae_ulva,GR_ulva,1
2024_10_08_11-46-03.jpg,538,3385,3273,3497,426,650,224,RE_leaf,red_algae_flat_leaf,RE_leaf,0.918
2024_10_08_11-46-03.jpg,2224,1437,1325,1549,2112,2336,224,GR_ulva,green_algae_ulva,GR_ulva,0.999
2024_10_08_11-46-03.jpg,706,3983,3871,4095,594,818,224,SU_bould,boulder,SU_bould,0.996
2024_10_08_11-46-03.jpg,1652,2217,2105,2329,1540,1764,224,SU_bould,boulder,manual_update,1
2024_10_08_11-46-03.jpg,2733,4241,4129,4353,2621,2845,224,GR_ulva,green_algae_ulva,GR_ulva,0.949
2024_10_08_11-46-03.jpg,3672,3817,3705,3929,3560,3784,224,GR_ulva,green_algae_ulva,GR_ulva,0.999
2024_10_08_11-46-03.jpg,2702,3713,3601,3825,2590,2814,224,GR_ulva,green_algae_ulva,GR_ulva,1
2024_10_08_11-46-03.jpg,712,2054,1942,2166,600,824,224,SU_peb,pebble,manual_update,1
2024_10_08_11-46-03.jpg,3872,405,293,517,3760,3984,224,unknown,unknown_area,manual_update,1
2024_10_08_11-46-03.jpg,3006,3013,2901,3125,2894,3118,224,GR_ulva,green_algae_ulva,GR_ulva,1
2024_10_08_11-46-03.jpg,1108,4065,3953,4177,996,1220,224,SU_peb,pebble,SU_peb,1
2024_10_08_11-46-03.jpg,2984,4186,4074,4298,2872,3096,224,GR_ulva,green_algae_ulva,GR_ulva,0.999
2024_10_08_11-46-03.jpg,1986,3167,3055,3279,1874,2098,224,GR_ulva,green_algae_ulva,GR_ulva,0.999
2024_10_08_11-46-03.jpg,2803,1026,914,1138,2691,2915,224,GR_ulva,green_algae_ulva,GR_ulva,1
2024_10_08_11-46-03.jpg,2719,4097,3985,4209,2607,2831,224,GR_ulva,green_algae_ulva,GR_ulva,1
2024_10_08_11-46-03.jpg,1834,2127,2015,2239,1722,1946,224,RE_branch,red_algae_branching,manual_update,1
2024_10_08_11-46-03.jpg,3487,3699,3587,3811,3375,3599,224,GR_ulva,green_algae_ulva,GR_ulva,1
2024_10_08_11-46-03.jpg,3439,2077,1965,2189,3327,3551,224,GR_ulva,green_algae_ulva,GR_ulva,1
2024_10_08_11-46-03.jpg,669,1544,1432,1656,557,781,224,KE_sugar,kelp_sugar,manual_update,1
2024_10_08_11-46-03.jpg,1300,1184,1072,1296,1188,1412,224,SU_bould,boulder,manual_update,1
2024_10_08_11-46-03.jpg,179,1463,1351,1575,67,291,224,KE_sugar,kelp_sugar,KE_sugar,1
2024_10_08_11-46-03.jpg,761,4117,4005,4229,649,873,224,SU_bould,boulder,manual_update,1
2024_10_08_11-46-12.jpg,585,2761,2649,2873,473,697,224,RE_branch,red_algae_branching,manual_update,1
2024_10_08_11-46-12.jpg,1043,964,852,1076,931,1155,224,GR_ulva,green_algae_ulva,GR_ulva,1
2024_10_08_11-46-12.jpg,804,3303,3191,3415,692,916,224,GR_ulva,green_algae_ulva,GR_ulva,0.97
2024_10_08_11-46-12.jpg,586,4404,4292,4516,474,698,224,GR_ulva,green_algae_ulva,manual_update,1
2024_10_08_11-46-12.jpg,2763,3841,3729,3953,2651,2875,224,KE_sugar,kelp_sugar,manual_update,1
2024_10_08_11-46-12.jpg,2411,1318,1206,1430,2299,2523,224,KE_sugar,kelp_sugar,KE_sugar,0.952
2024_10_08_11-46-12.jpg,1486,916,804,1028,1374,1598,224,GR_ulva,green_algae_ulva,GR_ulva,0.997
2024_10_08_11-46-12.jpg,3248,4338,4226,4450,3136,3360,224,KE_sugar,kelp_sugar,manual_update,1
2024_10_08_11-46-12.jpg,358,3326,3214,3438,246,470,224,RE_bush,red_algae_bushy,RE_bush,0.959
2024_10_08_11-46-12.jpg,2642,2464,2352,2576,2530,2754,224,SU_peb,pebble,manual_update,1
2024_10_08_11-46-12.jpg,273,361,249,473,161,385,224,GR_ulva,green_algae_ulva,GR_ulva,0.992
2024_10_08_11-46-12.jpg,2633,2092,1980,2204,2521,2745,224,KE_sugar,kelp_sugar,manual_update,1
2024_10_08_11-46-12.jpg,1763,2465,2353,2577,1651,1875,224,KE_sugar,kelp_sugar,manual_update,1
2024_10_08_11-46-12.jpg,898,4417,4305,4529,786,1010,224,GR_ulva,green_algae_ulva,GR_ulva,0.985
2024_10_08_11-46-12.jpg,1960,1750,1638,1862,1848,2072,224,RE_branch,red_algae_branching,manual_update,1
2024_10_08_11-46-12.jpg,3454,2209,2097,2321,3342,3566,224,GR_ulva,green_algae_ulva,GR_ulva,1
2024_10_08_11-46-12.jpg,2142,990,878,1102,2030,2254,224,KE_sugar,kelp_sugar,KE_sugar,0.979
2024_10_08_11-46-12.jpg,2354,2932,2820,3044,2242,2466,224,KE_holdfas,kelp_holdfast,manual_update,1
2024_10_08_11-46-12.jpg,567,2637,2525,2749,455,679,224,GR_ulva,green_algae_ulva,GR_ulva,0.998
2024_10_08_11-46-12.jpg,3353,1001,889,1113,3241,3465,224,SU_anth,anthropogenic,manual_update,1
2024_10_08_11-46-12.jpg,2315,684,572,796,2203,2427,224,GR_ulva,green_algae_ulva,GR_ulva,0.998
2024_10_08_11-46-12.jpg,685,1949,1837,2061,573,797,224,GR_ulva,green_algae_ulva,manual_update,1
2024_10_08_11-46-12.jpg,3725,3770,3658,3882,3613,3837,224,KE_sugar,kelp_sugar,manual_update,1
2024_10_08_11-46-12.jpg,207,1448,1336,1560,95,319,224,GR_ulva,green_algae_ulva,manual_update,1
2024_10_08_11-46-12.jpg,1278,1134,1022,1246,1166,1390,224,GR_ulva,green_algae_ulva,GR_ulva,1
2024_10_08_11-46-12.jpg,3090,1689,1577,1801,2978,3202,224,SU_peb,pebble,SU_peb,1
2024_10_08_11-46-12.jpg,845,2598,2486,2710,733,957,224,SU_cob,cobble,manual_update,1
2024_10_08_11-46-12.jpg,3116,232,120,344,3004,3228,224,GR_ulva,green_algae_ulva,GR_ulva,1
2024_10_08_11-46-12.jpg,800,1631,1519,1743,688,912,224,KE_sugar,kelp_sugar,KE_sugar,0.998
2024_10_08_11-46-12.jpg,901,2785,2673,2897,789,1013,224,GR_ulva,green_algae_ulva,manual_update,1
2024_10_08_11-46-12.jpg,3160,4011,3899,4123,3048,3272,224,KE_sugar,kelp_sugar,KE_sugar,1
2024_10_08_11-46-12.jpg,392,1288,1176,1400,280,504,224,GR_ulva,green_algae_ulva,GR_ulva,0.996
2024_10_08_11-46-12.jpg,3415,1595,1483,1707,3303,3527,224,SU_sand,sand_fine_shell,SU_sand,0.998
2024_10_08_11-46-12.jpg,630,3114,3002,3226,518,742,224,RE_branch,red_algae_branching,manual_update,1
2024_10_08_11-46-12.jpg,1620,1268,1156,1380,1508,1732,224,KE_sugar,kelp_sugar,manual_update,1
2024_10_08_11-46-12.jpg,2661,4248,4136,4360,2549,2773,224,KE_sugar,kelp_sugar,KE_sugar,1
2024_10_08_11-46-12.jpg,3083,1457,1345,1569,2971,3195,224,SU_sand,sand_fine_shell,SU_sand,1
2024_10_08_11-46-12.jpg,2345,4337,4225,4449,2233,2457,224,KE_sugar,kelp_sugar,KE_sugar,0.989
2024_10_08_11-46-12.jpg,3588,1361,1249,1473,3476,3700,224,GR_ulva,green_algae_ulva,GR_ulva,1
2024_10_08_11-46-12.jpg,231,3562,3450,3674,119,343,224,KE_sugar,kelp_sugar,manual_update,1
2024_10_08_11-46-12.jpg,2222,4066,3954,4178,2110,2334,224,KE_sugar,kelp_sugar,KE_sugar,1
2024_10_08_11-46-12.jpg,2887,3828,3716,3940,2775,2999,224,KE_sugar,kelp_sugar,manual_update,1
2024_10_08_11-46-12.jpg,1043,1552,1440,1664,931,1155,224,GR_ulva,green_algae_ulva,GR_ulva,1
2024_10_08_11-46-12.jpg,3688,4102,3990,4214,3576,3800,224,SU_bould,boulder,manual_update,1
2024_10_08_11-46-12.jpg,3269,1573,1461,1685,3157,3381,224,SU_peb,pebble,manual_update,1
2024_10_08_11-46-12.jpg,727,2636,2524,2748,615,839,224,GR_ulva,green_algae_ulva,manual_update,1
2024_10_08_11-46-12.jpg,3405,3073,2961,3185,3293,3517,224,SU_bould,boulder,manual_update,1
2024_10_08_11-46-12.jpg,2513,2951,2839,3063,2401,2625,224,KE_stipe,kelp_stipe,manual_update,1
2024_10_08_11-46-12.jpg,175,1091,979,1203,63,287,224,RE_bush,red_algae_bushy,RE_bush,0.998
2024_10_08_11-46-12.jpg,695,563,451,675,583,807,224,GR_ulva,green_algae_ulva,GR_ulva,0.999
2024_10_08_11-46-21.jpg,1675,1839,1727,1951,1563,1787,224,GR_ulva,green_algae_ulva,GR_ulva,1
2024_10_08_11-46-21.jpg,164,3305,3193,3417,52,276,224,RE_branch,red_algae_branching,manual_update,1
2024_10_08_11-46-21.jpg,2143,3399,3287,3511,2031,2255,224,SU_silt,silt,manual_update,1
2024_10_08_11-46-21.jpg,329,2255,2143,2367,217,441,224,GR_ulva,green_algae_ulva,manual_update,1
2024_10_08_11-46-21.jpg,3423,3373,3261,3485,3311,3535,224,GR_ulva,green_algae_ulva,manual_update,1
2024_10_08_11-46-21.jpg,2023,2735,2623,2847,1911,2135,224,GR_ulva,green_algae_ulva,manual_update,1
2024_10_08_11-46-21.jpg,232,249,137,361,120,344,224,SU_anth,anthropogenic,manual_update,1
2024_10_08_11-46-21.jpg,2216,4442,4330,4554,2104,2328,224,KE_sugar,kelp_sugar,KE_sugar,0.997
2024_10_08_11-46-21.jpg,1377,2954,2842,3066,1265,1489,224,KE_sugar,kelp_sugar,KE_sugar,1
2024_10_08_11-46-21.jpg,2144,1317,1205,1429,2032,2256,224,RE_branch,red_algae_branching,RE_branch,0.992
2024_10_08_11-46-21.jpg,3429,4193,4081,4305,3317,3541,224,GR_ulva,green_algae_ulva,GR_ulva,0.985
2024_10_08_11-46-21.jpg,2427,607,495,719,2315,2539,224,SU_anth,anthropogenic,manual_update,1
2024_10_08_11-46-21.jpg,3112,808,696,920,3000,3224,224,SU_anth,anthropogenic,manual_update,1
2024_10_08_11-46-21.jpg,860,1851,1739,1963,748,972,224,GR_ulva,green_algae_ulva,GR_ulva,1
2024_10_08_11-46-21.jpg,3891,941,829,1053,3779,4003,224,SU_anth,anthropogenic,manual_update,1
2024_10_08_11-46-21.jpg,583,1247,1135,1359,471,695,224,RE_leaf,red_algae_flat_leaf,RE_leaf,0.999
2024_10_08_11-46-21.jpg,1413,4378,4266,4490,1301,1525,224,GR_ulva,green_algae_ulva,GR_ulva,0.969
2024_10_08_11-46-21.jpg,3458,1327,1215,1439,3346,3570,224,GR_ulva,green_algae_ulva,GR_ulva,0.925
2024_10_08_11-46-21.jpg,171,2776,2664,2888,59,283,224,GR_ulva,green_algae_ulva,GR_ulva,1
2024_10_08_11-46-21.jpg,138,872,760,984,26,250,224,GR_ulva,green_algae_ulva,GR_ulva,1
2024_10_08_11-46-21.jpg,3033,3875,3763,3987,2921,3145,224,GR_ulva,green_algae_ulva,GR_ulva,0.993
2024_10_08_11-46-21.jpg,1110,4091,3979,4203,998,1222,224,GR_ulva,green_algae_ulva,GR_ulva,0.995
2024_10_08_11-46-21.jpg,653,603,491,715,541,765,224,GR_ulva,green_algae_ulva,GR_ulva,1
2024_10_08_11-46-21.jpg,1022,140,28,252,910,1134,224,RE_branch,red_algae_branching,manual_update,1
2024_10_08_11-46-21.jpg,3156,1590,1478,1702,3044,3268,224,GR_ulva,green_algae_ulva,GR_ulva,0.998
2024_10_08_11-46-21.jpg,749,1349,1237,1461,637,861,224,GR_ulva,green_algae_ulva,GR_ulva,0.97
2024_10_08_11-46-21.jpg,3733,4112,4000,4224,3621,3845,224,GR_ulva,green_algae_ulva,GR_ulva,0.981
2024_10_08_11-46-21.jpg,1197,768,656,880,1085,1309,224,GR_ulva,green_algae_ulva,manual_update,1
2024_10_08_11-46-21.jpg,3057,2932,2820,3044,2945,3169,224,GR_ulva,green_algae_ulva,GR_ulva,0.999
2024_10_08_11-46-21.jpg,137,1962,1850,2074,25,249,224,RE_branch,red_algae_branching,manual_update,1
2024_10_08_11-46-21.jpg,2540,751,639,863,2428,2652,224,SU_anth,anthropogenic,manual_update,1
2024_10_08_11-46-21.jpg,2663,813,701,925,2551,2775,224,RE_branch,red_algae_branching,manual_update,1
2024_10_08_11-46-21.jpg,2774,4442,4330,4554,2662,2886,224,GR_ulva,green_algae_ulva,GR_ulva,0.94
2024_10_08_11-46-21.jpg,2574,4467,4355,4579,2462,2686,224,GR_ulva,green_algae_ulva,manual_update,1
2024_10_08_11-46-21.jpg,3774,3924,3812,4036,3662,3886,224,GR_ulva,green_algae_ulva,GR_ulva,0.978
2024_10_08_11-46-21.jpg,727,3580,3468,3692,615,839,224,GR_ulva,green_algae_ulva,manual_update,1
2024_10_08_11-46-21.jpg,3449,1915,1803,2027,3337,3561,224,RE_branch,red_algae_branching,manual_update,1
2024_10_08_11-46-21.jpg,151,2907,2795,3019,39,263,224,RE_leaf,red_algae_flat_leaf,manual_update,1
2024_10_08_11-46-21.jpg,3492,1632,1520,1744,3380,3604,224,RE_branch,red_algae_branching,RE_branch,1
2024_10_08_11-46-21.jpg,2066,2096,1984,2208,1954,2178,224,GR_ulva,green_algae_ulva,GR_ulva,1
2024_10_08_11-46-21.jpg,3882,1809,1697,1921,3770,3994,224,GR_ulva,green_algae_ulva,GR_ulva,1
2024_10_08_11-46-21.jpg,3187,1740,1628,1852,3075,3299,224,GR_ulva,green_algae_ulva,GR_ulva,1
2024_10_08_11-46-21.jpg,930,2145,2033,2257,818,1042,224,GR_ulva,green_algae_ulva,GR_ulva,0.995
2024_10_08_11-46-21.jpg,1680,341,229,453,1568,1792,224,RE_branch,red_algae_branching,manual_update,1
2024_10_08_11-46-21.jpg,2475,1311,1199,1423,2363,2587,224,RE_leaf,red_algae_flat_leaf,manual_update,1
2024_10_08_11-46-21.jpg,605,234,122,346,493,717,224,GR_ulva,green_algae_ulva,GR_ulva,1
2024_10_08_11-46-21.jpg,710,1518,1406,1630,598,822,224,RE_leaf,red_algae_flat_leaf,manual_update,1
2024_10_08_11-46-21.jpg,3024,3480,3368,3592,2912,3136,224,GR_ulva,green_algae_ulva,GR_ulva,1
2024_10_08_11-46-21.jpg,1481,1022,910,1134,1369,1593,224,GR_ulva,green_algae_ulva,GR_ulva,1
2024_10_08_11-46-21.jpg,250,502,390,614,138,362,224,GR_ulva,green_algae_ulva,GR_ulva,0.996
2024_10_08_11-46-30.jpg,584,834,722,946,472,696,224,SU_peb,pebble,SU_peb,0.968
2024_10_08_11-46-30.jpg,968,1255,1143,1367,856,1080,224,GR_ulva,green_algae_ulva,GR_ulva,1
2024_10_08_11-46-30.jpg,1105,1957,1845,2069,993,1217,224,GR_ulva,green_algae_ulva,GR_ulva,0.998
2024_10_08_11-46-30.jpg,2078,3572,3460,3684,1966,2190,224,GR_ulva,green_algae_ulva,GR_ulva,0.95
2024_10_08_11-46-30.jpg,3021,2123,2011,2235,2909,3133,224,RE_fil,red_algae_filamentous,RE_fil,0.939
2024_10_08_11-46-30.jpg,1854,2273,2161,2385,1742,1966,224,GR_ulva,green_algae_ulva,GR_ulva,1
2024_10_08_11-46-30.jpg,3207,3609,3497,3721,3095,3319,224,SU_cob,cobble,manual_update,1
2024_10_08_11-46-30.jpg,2617,4331,4219,4443,2505,2729,224,SU_bould,boulder,SU_bould,0.95
2024_10_08_11-46-30.jpg,3533,4076,3964,4188,3421,3645,224,RE_branch,red_algae_branching,RE_branch,0.977
2024_10_08_11-46-30.jpg,821,1171,1059,1283,709,933,224,GR_ulva,green_algae_ulva,GR_ulva,1
2024_10_08_11-46-30.jpg,3302,3378,3266,3490,3190,3414,224,KE_sugar,kelp_sugar,KE_sugar,1
2024_10_08_11-46-30.jpg,2177,2840,2728,2952,2065,2289,224,GR_ulva,green_algae_ulva,GR_ulva,1
2024_10_08_11-46-30.jpg,2751,3595,3483,3707,2639,2863,224,SU_peb,pebble,manual_update,1
2024_10_08_11-46-30.jpg,2280,224,112,336,2168,2392,224,KE_sugar,kelp_sugar,manual_update,1
2024_10_08_11-46-30.jpg,1846,3667,3555,3779,1734,1958,224,KE_stipe,kelp_stipe,KE_stipe,0.999
2024_10_08_11-46-30.jpg,3893,3106,2994,3218,3781,4005,224,GR_ulva,green_algae_ulva,manual_update,1
2024_10_08_11-46-30.jpg,3038,3793,3681,3905,2926,3150,224,SU_sand,sand_fine_shell,SU_sand,1
2024_10_08_11-46-30.jpg,1256,4191,4079,4303,1144,1368,224,SU_peb,pebble,manual_update,1
2024_10_08_11-46-30.jpg,3346,917,805,1029,3234,3458,224,GR_ulva,green_algae_ulva,manual_update,1
2024_10_08_11-46-30.jpg,2550,3004,2892,3116,2438,2662,224,GR_ulva,green_algae_ulva,GR_ulva,0.99
2024_10_08_11-46-30.jpg,2267,4133,4021,4245,2155,2379,224,KE_sugar,kelp_sugar,KE_sugar,1
2024_10_08_11-46-30.jpg,1271,1868,1756,1980,1159,1383,224,GR_ulva,green_algae_ulva,GR_ulva,1
2024_10_08_11-46-30.jpg,2281,1455,1343,1567,2169,2393,224,GR_ulva,green_algae_ulva,manual_update,1
2024_10_08_11-46-30.jpg,782,3338,3226,3450,670,894,224,SU_peb,pebble,SU_peb,0.999
2024_10_08_11-46-30.jpg,3649,1991,1879,2103,3537,3761,224,GR_ulva,green_algae_ulva,GR_ulva,1
2024_10_08_11-46-30.jpg,2978,1582,1470,1694,2866,3090,224,GR_ulva,green_algae_ulva,GR_ulva,1
2024_10_08_11-46-30.jpg,1998,4372,4260,4484,1886,2110,224,GR_ulva,green_algae_ulva,GR_ulva,1
2024_10_08_11-46-30.jpg,132,2120,2008,2232,20,244,224,GR_ulva,green_algae_ulva,GR_ulva,1
2024_10_08_11-46-30.jpg,283,3024,2912,3136,171,395,224,SU_bould,boulder,manual_update,1
2024_10_08_11-46-30.jpg,3464,1217,1105,1329,3352,3576,224,GR_ulva,green_algae_ulva,GR_ulva,1
2024_10_08_11-46-30.jpg,996,3641,3529,3753,884,1108,224,SU_peb,pebble,SU_peb,0.954
2024_10_08_11-46-30.jpg,722,3652,3540,3764,610,834,224,SU_cob,cobble,manual_update,1
2024_10_08_11-46-30.jpg,1943,3835,3723,3947,1831,2055,224,KE_sugar,kelp_sugar,manual_update,1
2024_10_08_11-46-30.jpg,1745,1849,1737,1961,1633,1857,224,GR_ulva,green_algae_ulva,GR_ulva,1
2024_10_08_11-46-30.jpg,2575,710,598,822,2463,2687,224,GR_ulva,green_algae_ulva,GR_ulva,1
2024_10_08_11-46-30.jpg,1646,4298,4186,4410,1534,1758,224,GR_ulva,green_algae_ulva,manual_update,1
2024_10_08_11-46-30.jpg,2049,1550,1438,1662,1937,2161,224,GR_ulva,green_algae_ulva,manual_update,1
2024_10_08_11-46-30.jpg,472,536,424,648,360,584,224,KE_stipe,kelp_stipe,KE_stipe,0.979
2024_10_08_11-46-30.jpg,1127,1673,1561,1785,1015,1239,224,GR_ulva,green_algae_ulva,GR_ulva,1
2024_10_08_11-46-30.jpg,1098,2084,1972,2196,986,1210,224,RE_branch,red_algae_branching,manual_update,1
2024_10_08_11-46-30.jpg,1359,3760,3648,3872,1247,1471,224,KE_sugar,kelp_sugar,manual_update,1
2024_10_08_11-46-30.jpg,915,2427,2315,2539,803,1027,224,GR_ulva,green_algae_ulva,GR_ulva,1
2024_10_08_11-46-30.jpg,1598,2483,2371,2595,1486,1710,224,GR_ulva,green_algae_ulva,GR_ulva,1
2024_10_08_11-46-30.jpg,3166,789,677,901,3054,3278,224,GR_ulva,green_algae_ulva,GR_ulva,1
2024_10_08_11-46-30.jpg,312,985,873,1097,200,424,224,KE_sugar,kelp_sugar,manual_update,1
2024_10_08_11-46-30.jpg,1732,2905,2793,3017,1620,1844,224,GR_ulva,green_algae_ulva,GR_ulva,1
2024_10_08_11-46-30.jpg,2866,368,256,480,2754,2978,224,SU_peb,pebble,SU_peb,0.997
2024_10_08_11-46-30.jpg,3193,3011,2899,3123,3081,3305,224,KE_sugar,kelp_sugar,manual_update,1
2024_10_08_11-46-30.jpg,2485,3747,3635,3859,2373,2597,224,SU_peb,pebble,SU_peb,0.998
2024_10_08_11-46-30.jpg,2134,2306,2194,2418,2022,2246,224,GR_ulva,green_algae_ulva,GR_ulva,1
2024_10_08_11-46-39.jpg,3213,1207,1095,1319,3101,3325,224,KE_sugar,kelp_sugar,manual_update,1
2024_10_08_11-46-39.jpg,1536,1155,1043,1267,1424,1648,224,KE_sugar,kelp_sugar,KE_sugar,0.985
2024_10_08_11-46-39.jpg,3715,824,712,936,3603,3827,224,RE_branch,red_algae_branching,RE_branch,0.968
2024_10_08_11-46-39.jpg,1097,3401,3289,3513,985,1209,224,KE_sugar,kelp_sugar,manual_update,1
2024_10_08_11-46-39.jpg,3289,2256,2144,2368,3177,3401,224,KE_sugar,kelp_sugar,KE_sugar,0.979
2024_10_08_11-46-39.jpg,3483,1303,1191,1415,3371,3595,224,BR_sarg,brown_algae_sargassum,manual_update,1
2024_10_08_11-46-39.jpg,1973,3586,3474,3698,1861,2085,224,unknown,unknown_area,manual_update,1
2024_10_08_11-46-39.jpg,1107,3154,3042,3266,995,1219,224,KE_sugar,kelp_sugar,KE_sugar,0.999
2024_10_08_11-46-39.jpg,882,1370,1258,1482,770,994,224,KE_sugar,kelp_sugar,KE_sugar,0.985
2024_10_08_11-46-39.jpg,1075,1559,1447,1671,963,1187,224,KE_sugar,kelp_sugar,manual_update,1
2024_10_08_11-46-39.jpg,3624,3395,3283,3507,3512,3736,224,KE_sugar,kelp_sugar,manual_update,1
2024_10_08_11-46-39.jpg,3203,2389,2277,2501,3091,3315,224,KE_sugar,kelp_sugar,manual_update,1
2024_10_08_11-46-39.jpg,3311,4473,4361,4585,3199,3423,224,KE_sugar,kelp_sugar,KE_sugar,1
2024_10_08_11-46-39.jpg,654,2321,2209,2433,542,766,224,KE_sugar,kelp_sugar,KE_sugar,0.992
2024_10_08_11-46-39.jpg,3391,1552,1440,1664,3279,3503,224,BR_sarg,brown_algae_sargassum,manual_update,1
2024_10_08_11-46-39.jpg,1686,2092,1980,2204,1574,1798,224,RE_branch,red_algae_branching,RE_branch,1
2024_10_08_11-46-39.jpg,3171,4056,3944,4168,3059,3283,224,KE_sugar,kelp_sugar,KE_sugar,0.961
2024_10_08_11-46-39.jpg,3092,3389,3277,3501,2980,3204,224,KE_sugar,kelp_sugar,manual_update,1
2024_10_08_11-46-39.jpg,2854,1219,1107,1331,2742,2966,224,RE_fil,red_algae_filamentous,manual_update,1
2024_10_08_11-46-39.jpg,972,3794,3682,3906,860,1084,224,KE_sugar,kelp_sugar,manual_update,1
2024_10_08_11-46-39.jpg,2006,769,657,881,1894,2118,224,SU_peb,pebble,manual_update,1
2024_10_08_11-46-39.jpg,2614,4080,3968,4192,2502,2726,224,unknown,unknown_area,manual_update,1
2024_10_08_11-46-39.jpg,1297,305,193,417,1185,1409,224,RE_fil,red_algae_filamentous,manual_update,1
2024_10_08_11-46-39.jpg,2666,808,696,920,2554,2778,224,SU_bould,boulder,manual_update,1
2024_10_08_11-46-39.jpg,1203,2332,2220,2444,1091,1315,224,RE_branch,red_algae_branching,RE_branch,0.968
2024_10_08_11-46-39.jpg,1842,464,352,576,1730,1954,224,RE_leaf,red_algae_flat_leaf,RE_leaf,0.988
2024_10_08_11-46-39.jpg,3133,2004,1892,2116,3021,3245,224,KE_sugar,kelp_sugar,manual_update,1
2024_10_08_11-46-39.jpg,3538,3733,3621,3845,3426,3650,224,KE_sugar,kelp_sugar,manual_update,1
2024_10_08_11-46-39.jpg,3417,2554,2442,2666,3305,3529,224,KE_sugar,kelp_sugar,manual_update,1
2024_10_08_11-46-39.jpg,1861,3468,3356,3580,1749,1973,224,unknown,unknown_area,manual_update,1
2024_10_08_11-46-39.jpg,1554,3079,2967,3191,1442,1666,224,RE_branch,red_algae_branching,manual_update,1
2024_10_08_11-46-39.jpg,747,2026,1914,2138,635,859,224,KE_sugar,kelp_sugar,KE_sugar,0.967
2024_10_08_11-46-39.jpg,1709,2892,2780,3004,1597,1821,224,RE_branch,red_algae_branching,manual_update,1
2024_10_08_11-46-39.jpg,1912,4296,4184,4408,1800,2024,224,KE_sugar,kelp_sugar,manual_update,1
2024_10_08_11-46-39.jpg,527,1024,912,1136,415,639,224,KE_sugar,kelp_sugar,manual_update,1
2024_10_08_11-46-39.jpg,1071,820,708,932,959,1183,224,KE_sugar,kelp_sugar,manual_update,1
2024_10_08_11-46-39.jpg,3712,1135,1023,1247,3600,3824,224,SU_bould,boulder,SU_bould,0.808
2024_10_08_11-46-39.jpg,428,4213,4101,4325,316,540,224,KE_sugar,kelp_sugar,KE_sugar,0.994
2024_10_08_11-46-39.jpg,1768,974,862,1086,1656,1880,224,RE_fil,red_algae_filamentous,manual_update,1
2024_10_08_11-46-39.jpg,3841,3714,3602,3826,3729,3953,224,KE_sugar,kelp_sugar,KE_sugar,0.991
2024_10_08_11-46-39.jpg,3715,4223,4111,4335,3603,3827,224,KE_sugar,kelp_sugar,manual_update,1
2024_10_08_11-46-39.jpg,3416,3365,3253,3477,3304,3528,224,KE_sugar,kelp_sugar,manual_update,1
2024_10_08_11-46-39.jpg,2803,461,349,573,2691,2915,224,GR_ulva,green_algae_ulva,GR_ulva,1
2024_10_08_11-46-39.jpg,2295,3194,3082,3306,2183,2407,224,KE_sugar,kelp_sugar,KE_sugar,0.984
2024_10_08_11-46-39.jpg,2226,2453,2341,2565,2114,2338,224,KE_sugar,kelp_sugar,KE_sugar,0.969
2024_10_08_11-46-39.jpg,227,1048,936,1160,115,339,224,KE_sugar,kelp_sugar,manual_update,1
2024_10_08_11-46-39.jpg,2512,3697,3585,3809,2400,2624,224,KE_sugar,kelp_sugar,KE_sugar,0.999
2024_10_08_11-46-39.jpg,1245,1136,1024,1248,1133,1357,224,KE_sugar,kelp_sugar,manual_update,1
2024_10_08_11-46-39.jpg,2296,3467,3355,3579,2184,2408,224,KE_sugar,kelp_sugar,KE_sugar,0.999
2024_10_08_11-46-39.jpg,1605,1660,1548,1772,1493,1717,224,KE_sugar,kelp_sugar,manual_update,1
2024_10_08_11-46-48.jpg,2983,2555,2443,2667,2871,3095,224,KE_sugar,kelp_sugar,KE_sugar,0.997
2024_10_08_11-46-48.jpg,3850,1173,1061,1285,3738,3962,224,GR_ulva,green_algae_ulva,GR_ulva,1
2024_10_08_11-46-48.jpg,1602,2277,2165,2389,1490,1714,224,SU_peb,pebble,manual_update,1
2024_10_08_11-46-48.jpg,2831,3431,3319,3543,2719,2943,224,KE_sugar,kelp_sugar,KE_sugar,1
2024_10_08_11-46-48.jpg,951,1552,1440,1664,839,1063,224,GR_ulva,green_algae_ulva,GR_ulva,1
2024_10_08_11-46-48.jpg,3528,126,14,238,3416,3640,224,SU_bould,boulder,manual_update,1
2024_10_08_11-46-48.jpg,218,4445,4333,4557,106,330,224,KE_sugar,kelp_sugar,manual_update,1
2024_10_08_11-46-48.jpg,1521,1355,1243,1467,1409,1633,224,GR_ulva,green_algae_ulva,GR_ulva,1
2024_10_08_11-46-48.jpg,1413,1004,892,1116,1301,1525,224,GR_ulva,green_algae_ulva,GR_ulva,1
2024_10_08_11-46-48.jpg,1555,3477,3365,3589,1443,1667,224,RE_branch,red_algae_branching,RE_branch,0.998
2024_10_08_11-46-48.jpg,1359,1157,1045,1269,1247,1471,224,GR_ulva,green_algae_ulva,GR_ulva,0.996
2024_10_08_11-46-48.jpg,241,2290,2178,2402,129,353,224,GR_ulva,green_algae_ulva,GR_ulva,1
2024_10_08_11-46-48.jpg,2145,2399,2287,2511,2033,2257,224,RE_branch,red_algae_branching,manual_update,1
2024_10_08_11-46-48.jpg,3383,2159,2047,2271,3271,3495,224,KE_sugar,kelp_sugar,KE_sugar,0.997
2024_10_08_11-46-48.jpg,517,740,628,852,405,629,224,GR_ulva,green_algae_ulva,GR_ulva,1
2024_10_08_11-46-48.jpg,393,3909,3797,4021,281,505,224,SU_peb,pebble,SU_peb,0.999
2024_10_08_11-46-48.jpg,2221,4133,4021,4245,2109,2333,224,RE_bush,red_algae_bushy,RE_bush,0.998
2024_10_08_11-46-48.jpg,2800,1873,1761,1985,2688,2912,224,SU_peb,pebble,SU_peb,1
2024_10_08_11-46-48.jpg,501,2715,2603,2827,389,613,224,GR_ulva,green_algae_ulva,GR_ulva,1
2024_10_08_11-46-48.jpg,3308,1786,1674,1898,3196,3420,224,KE_sugar,kelp_sugar,manual_update,1
2024_10_08_11-46-48.jpg,2869,1383,1271,1495,2757,2981,224,GR_ulva,green_algae_ulva,GR_ulva,0.984
2024_10_08_11-46-48.jpg,380,246,134,358,268,492,224,GR_ulva,green_algae_ulva,GR_ulva,0.999
2024_10_08_11-46-48.jpg,3163,2715,2603,2827,3051,3275,224,KE_sugar,kelp_sugar,manual_update,1
2024_10_08_11-46-48.jpg,1780,2259,2147,2371,1668,1892,224,SU_peb,pebble,manual_update,1
2024_10_08_11-46-48.jpg,3625,777,665,889,3513,3737,224,GR_ulva,green_algae_ulva,GR_ulva,1
2024_10_08_11-46-48.jpg,746,2198,2086,2310,634,858,224,GR_ulva,green_algae_ulva,GR_ulva,1
2024_10_08_11-46-48.jpg,3556,2205,2093,2317,3444,3668,224,KE_sugar,kelp_sugar,manual_update,1
2024_10_08_11-46-48.jpg,2254,4301,4189,4413,2142,2366,224,RE_bush,red_algae_bushy,RE_bush,1
2024_10_08_11-46-48.jpg,975,3581,3469,3693,863,1087,224,SU_sand,sand_fine_shell,SU_sand,1
2024_10_08_11-46-48.jpg,1553,1218,1106,1330,1441,1665,224,GR_ulva,green_algae_ulva,GR_ulva,0.996
2024_10_08_11-46-48.jpg,3031,3940,3828,4052,2919,3143,224,KE_sugar,kelp_sugar,KE_sugar,0.999
2024_10_08_11-46-48.jpg,1881,3170,3058,3282,1769,1993,224,GR_ulva,green_algae_ulva,GR_ulva,0.975
2024_10_08_11-46-48.jpg,794,1819,1707,1931,682,906,224,GR_ulva,green_algae_ulva,GR_ulva,1
2024_10_08_11-46-48.jpg,1710,415,303,527,1598,1822,224,BR_sarg,brown_algae_sargassum,manual_update,1
2024_10_08_11-46-48.jpg,1838,405,293,517,1726,1950,224,GR_ulva,green_algae_ulva,GR_ulva,1
2024_10_08_11-46-48.jpg,2954,2895,2783,3007,2842,3066,224,KE_sugar,kelp_sugar,KE_sugar,0.991
2024_10_08_11-46-48.jpg,651,4023,3911,4135,539,763,224,KE_sugar,kelp_sugar,KE_sugar,0.993
2024_10_08_11-46-48.jpg,2261,1012,900,1124,2149,2373,224,GR_ulva,green_algae_ulva,GR_ulva,1
2024_10_08_11-46-48.jpg,2791,2221,2109,2333,2679,2903,224,KE_sugar,kelp_sugar,KE_sugar,0.944
2024_10_08_11-46-48.jpg,1808,3886,3774,3998,1696,1920,224,RE_branch,red_algae_branching,manual_update,1
2024_10_08_11-46-48.jpg,745,2778,2666,2890,633,857,224,GR_ulva,green_algae_ulva,GR_ulva,1
2024_10_08_11-46-48.jpg,1230,3550,3438,3662,1118,1342,224,SU_peb,pebble,SU_peb,0.917
2024_10_08_11-46-48.jpg,2259,1556,1444,1668,2147,2371,224,GR_ulva,green_algae_ulva,GR_ulva,1
2024_10_08_11-46-48.jpg,2364,3513,3401,3625,2252,2476,224,RE_fil,red_algae_filamentous,RE_fil,0.999
2024_10_08_11-46-48.jpg,1948,1033,921,1145,1836,2060,224,GR_ulva,green_algae_ulva,GR_ulva,1
2024_10_08_11-46-48.jpg,2526,2283,2171,2395,2414,2638,224,GR_ulva,green_algae_ulva,GR_ulva,0.997
2024_10_08_11-46-48.jpg,1006,2197,2085,2309,894,1118,224,GR_ulva,green_algae_ulva,GR_ulva,0.984
2024_10_08_11-46-48.jpg,1189,2819,2707,2931,1077,1301,224,GR_ulva,green_algae_ulva,GR_ulva,1
2024_10_08_11-46-48.jpg,3232,3389,3277,3501,3120,3344,224,KE_sugar,kelp_sugar,KE_sugar,0.999
2024_10_08_11-46-48.jpg,922,2328,2216,2440,810,1034,224,GR_ulva,green_algae_ulva,GR_ulva,1
2024_10_08_11-46-57.jpg,290,1689,1577,1801,178,402,224,SU_bould,boulder,manual_update,1
2024_10_08_11-46-57.jpg,2298,1375,1263,1487,2186,2410,224,GR_ulva,green_algae_ulva,GR_ulva,0.998
2024_10_08_11-46-57.jpg,1463,1554,1442,1666,1351,1575,224,KE_sugar,kelp_sugar,KE_sugar,0.999
2024_10_08_11-46-57.jpg,487,3212,3100,3324,375,599,224,GR_ulva,green_algae_ulva,GR_ulva,1
2024_10_08_11-46-57.jpg,1371,1143,1031,1255,1259,1483,224,KE_sugar,kelp_sugar,KE_sugar,1
2024_10_08_11-46-57.jpg,2951,4190,4078,4302,2839,3063,224,SU_sand,sand_fine_shell,manual_update,1
2024_10_08_11-46-57.jpg,3838,3275,3163,3387,3726,3950,224,GR_ulva,green_algae_ulva,GR_ulva,1
2024_10_08_11-46-57.jpg,3485,1789,1677,1901,3373,3597,224,RE_leaf,red_algae_flat_leaf,manual_update,1
2024_10_08_11-46-57.jpg,3204,661,549,773,3092,3316,224,GR_ulva,green_algae_ulva,manual_update,1
2024_10_08_11-46-57.jpg,128,2403,2291,2515,16,240,224,SU_bould,boulder,manual_update,1
2024_10_08_11-46-57.jpg,3248,1064,952,1176,3136,3360,224,GR_ulva,green_algae_ulva,GR_ulva,0.999
2024_10_08_11-46-57.jpg,3723,2779,2667,2891,3611,3835,224,GR_ulva,green_algae_ulva,GR_ulva,1
2024_10_08_11-46-57.jpg,3727,1922,1810,2034,3615,3839,224,RE_leaf,red_algae_flat_leaf,RE_leaf,0.994
2024_10_08_11-46-57.jpg,2678,4203,4091,4315,2566,2790,224,SU_sand,sand_fine_shell,SU_sand,0.902
2024_10_08_11-46-57.jpg,2651,3033,2921,3145,2539,2763,224,GR_ulva,green_algae_ulva,GR_ulva,1
2024_10_08_11-46-57.jpg,1070,3397,3285,3509,958,1182,224,GR_ulva,green_algae_ulva,GR_ulva,1
2024_10_08_11-46-57.jpg,1299,4165,4053,4277,1187,1411,224,SU_sand,sand_fine_shell,SU_sand,0.998
2024_10_08_11-46-57.jpg,547,378,266,490,435,659,224,KE_sugar,kelp_sugar,KE_sugar,0.998
2024_10_08_11-46-57.jpg,268,1095,983,1207,156,380,224,GR_ulva,green_algae_ulva,GR_ulva,1
2024_10_08_11-46-57.jpg,2693,870,758,982,2581,2805,224,KE_sugar,kelp_sugar,KE_sugar,0.962
2024_10_08_11-46-57.jpg,1121,1807,1695,1919,1009,1233,224,GR_ulva,green_algae_ulva,GR_ulva,1
2024_10_08_11-46-57.jpg,2715,3760,3648,3872,2603,2827,224,SU_peb,pebble,SU_peb,1
2024_10_08_11-46-57.jpg,930,2665,2553,2777,818,1042,224,GR_ulva,green_algae_ulva,GR_ulva,1
2024_10_08_11-46-57.jpg,3251,333,221,445,3139,3363,224,GR_ulva,green_algae_ulva,GR_ulva,1
2024_10_08_11-46-57.jpg,3427,131,19,243,3315,3539,224,SU_cob,cobble,manual_update,1
2024_10_08_11-46-57.jpg,1355,3472,3360,3584,1243,1467,224,GR_ulva,green_algae_ulva,GR_ulva,1
2024_10_08_11-46-57.jpg,3018,1118,1006,1230,2906,3130,224,GR_ulva,green_algae_ulva,manual_update,1
2024_10_08_11-46-57.jpg,716,1745,1633,1857,604,828,224,KE_sugar,kelp_sugar,manual_update,1
2024_10_08_11-46-57.jpg,2063,267,155,379,1951,2175,224,KE_sugar,kelp_sugar,KE_sugar,0.979
2024_10_08_11-46-57.jpg,395,3563,3451,3675,283,507,224,SU_cob,cobble,manual_update,1
2024_10_08_11-46-57.jpg,893,1205,1093,1317,781,1005,224,KE_sugar,kelp_sugar,KE_sugar,1
2024_10_08_11-46-57.jpg,2395,2270,2158,2382,2283,2507,224,RE_branch,red_algae_branching,RE_branch,0.987
2024_10_08_11-46-57.jpg,2632,2310,2198,2422,2520,2744,224,RE_branch,red_algae_branching,manual_update,1
2024_10_08_11-46-57.jpg,3206,2231,2119,2343,3094,3318,224,RE_CCA,red_algae_encrusting_CCA,manual_update,1
2024_10_08_11-46-57.jpg,2492,841,729,953,2380,2604,224,RE_leaf,red_algae_flat_leaf,RE_leaf,1
2024_10_08_11-46-57.jpg,134,3298,3186,3410,22,246,224,SU_cob,cobble,SU_cob,0.994
2024_10_08_11-46-57.jpg,1717,3036,2924,3148,1605,1829,224,RE_branch,red_algae_branching,RE_branch,0.984
2024_10_08_11-46-57.jpg,582,585,473,697,470,694,224,KE_sugar,kelp_sugar,manual_update,1
2024_10_08_11-46-57.jpg,2512,1424,1312,1536,2400,2624,224,GR_ulva,green_algae_ulva,GR_ulva,1
2024_10_08_11-46-57.jpg,959,4187,4075,4299,847,1071,224,SU_peb,pebble,manual_update,1
2024_10_08_11-46-57.jpg,2038,2300,2188,2412,1926,2150,224,KE_sugar,kelp_sugar,manual_update,1
2024_10_08_11-46-57.jpg,961,899,787,1011,849,1073,224,KE_sugar,kelp_sugar,KE_sugar,0.971
2024_10_08_11-46-57.jpg,2278,562,450,674,2166,2390,224,KE_sugar,kelp_sugar,KE_sugar,0.997
2024_10_08_11-46-57.jpg,3219,2472,2360,2584,3107,3331,224,GR_ulva,green_algae_ulva,GR_ulva,1
2024_10_08_11-46-57.jpg,3053,2511,2399,2623,2941,3165,224,GR_ulva,green_algae_ulva,GR_ulva,1
2024_10_08_11-46-57.jpg,2555,3226,3114,3338,2443,2667,224,KE_stipe,kelp_stipe,KE_stipe,0.93
2024_10_08_11-46-57.jpg,2788,3528,3416,3640,2676,2900,224,SU_sand,sand_fine_shell,SU_sand,0.687
2024_10_08_11-46-57.jpg,1215,1967,1855,2079,1103,1327,224,GR_ulva,green_algae_ulva,GR_ulva,0.997
2024_10_08_11-46-57.jpg,2304,220,108,332,2192,2416,224,KE_sugar,kelp_sugar,KE_sugar,0.885
2024_10_08_11-46-57.jpg,2317,3137,3025,3249,2205,2429,224,KE_stipe,kelp_stipe,KE_stipe,1
2024_10_08_11-47-06.jpg,2269,991,879,1103,2157,2381,224,SU_peb,pebble,SU_peb,0.999
2024_10_08_11-47-06.jpg,1334,3791,3679,3903,1222,1446,224,RE_branch,red_algae_branching,RE_branch,1
2024_10_08_11-47-06.jpg,2872,869,757,981,2760,2984,224,GR_ulva,green_algae_ulva,GR_ulva,1
2024_10_08_11-47-06.jpg,276,3131,3019,3243,164,388,224,KE_sugar,kelp_sugar,manual_update,1
2024_10_08_11-47-06.jpg,3779,1649,1537,1761,3667,3891,224,unknown,unknown_area,manual_update,1
2024_10_08_11-47-06.jpg,2839,1524,1412,1636,2727,2951,224,GR_ulva,green_algae_ulva,GR_ulva,0.996
2024_10_08_11-47-06.jpg,295,962,850,1074,183,407,224,GR_ulva,green_algae_ulva,GR_ulva,0.937
2024_10_08_11-47-06.jpg,1129,2739,2627,2851,1017,1241,224,GR_ulva,green_algae_ulva,GR_ulva,1
2024_10_08_11-47-06.jpg,3090,728,616,840,2978,3202,224,GR_ulva,green_algae_ulva,GR_ulva,1
2024_10_08_11-47-06.jpg,2098,2363,2251,2475,1986,2210,224,GR_ulva,green_algae_ulva,GR_ulva,1
2024_10_08_11-47-06.jpg,1676,1935,1823,2047,1564,1788,224,GR_ulva,green_algae_ulva,GR_ulva,1
2024_10_08_11-47-06.jpg,748,2245,2133,2357,636,860,224,GR_ulva,green_algae_ulva,GR_ulva,1
2024_10_08_11-47-06.jpg,3281,1083,971,1195,3169,3393,224,GR_ulva,green_algae_ulva,GR_ulva,1
2024_10_08_11-47-06.jpg,3302,2847,2735,2959,3190,3414,224,KE_sugar,kelp_sugar,manual_update,1
2024_10_08_11-47-06.jpg,2062,1556,1444,1668,1950,2174,224,GR_ulva,green_algae_ulva,GR_ulva,1
2024_10_08_11-47-06.jpg,2114,3605,3493,3717,2002,2226,224,MS,mobile_species,MS,1
2024_10_08_11-47-06.jpg,1695,3717,3605,3829,1583,1807,224,SU_sand,sand_fine_shell,SU_sand,0.941
2024_10_08_11-47-06.jpg,3747,1227,1115,1339,3635,3859,224,GR_ulva,green_algae_ulva,GR_ulva,1
2024_10_08_11-47-06.jpg,2929,2559,2447,2671,2817,3041,224,GR_ulva,green_algae_ulva,GR_ulva,0.986
2024_10_08_11-47-06.jpg,1142,3894,3782,4006,1030,1254,224,RE_branch,red_algae_branching,manual_update,1
2024_10_08_11-47-06.jpg,1002,2794,2682,2906,890,1114,224,GR_ulva,green_algae_ulva,GR_ulva,1
2024_10_08_11-47-06.jpg,1334,1328,1216,1440,1222,1446,224,GR_ulva,green_algae_ulva,GR_ulva,1
2024_10_08_11-47-06.jpg,2871,2200,2088,2312,2759,2983,224,GR_ulva,green_algae_ulva,GR_ulva,1
2024_10_08_11-47-06.jpg,969,1396,1284,1508,857,1081,224,GR_ulva,green_algae_ulva,GR_ulva,1
2024_10_08_11-47-06.jpg,975,1656,1544,1768,863,1087,224,GR_ulva,green_algae_ulva,GR_ulva,1
2024_10_08_11-47-06.jpg,2838,2992,2880,3104,2726,2950,224,GR_ulva,green_algae_ulva,GR_ulva,1
2024_10_08_11-47-06.jpg,1863,4087,3975,4199,1751,1975,224,KE_sugar,kelp_sugar,manual_update,1
2024_10_08_11-47-06.jpg,1591,2559,2447,2671,1479,1703,224,GR_ulva,green_algae_ulva,GR_ulva,0.99
2024_10_08_11-47-06.jpg,289,2619,2507,2731,177,401,224,KE_sugar,kelp_sugar,manual_update,1
2024_10_08_11-47-06.jpg,1103,4107,3995,4219,991,1215,224,RE_branch,red_algae_branching,manual_update,1
2024_10_08_11-47-06.jpg,3177,238,126,350,3065,3289,224,GR_ulva,green_algae_ulva,GR_ulva,1
2024_10_08_11-47-06.jpg,3555,494,382,606,3443,3667,224,GR_ulva,green_algae_ulva,GR_ulva,0.997
2024_10_08_11-47-06.jpg,1970,3448,3336,3560,1858,2082,224,KE_sugar,kelp_sugar,manual_update,1
2024_10_08_11-47-06.jpg,1254,766,654,878,1142,1366,224,unknown,unknown_area,manual_update,1
2024_10_08_11-47-06.jpg,1098,2172,2060,2284,986,1210,224,GR_ulva,green_algae_ulva,GR_ulva,1
2024_10_08_11-47-06.jpg,3401,1544,1432,1656,3289,3513,224,GR_ulva,green_algae_ulva,GR_ulva,1
2024_10_08_11-47-06.jpg,812,2493,2381,2605,700,924,224,GR_ulva,green_algae_ulva,GR_ulva,1
2024_10_08_11-47-06.jpg,3269,3902,3790,4014,3157,3381,224,SU_sand,sand_fine_shell,manual_update,1
2024_10_08_11-47-06.jpg,1141,2942,2830,3054,1029,1253,224,SU_sand,sand_fine_shell,manual_update,1
2024_10_08_11-47-06.jpg,2746,2876,2764,2988,2634,2858,224,GR_ulva,green_algae_ulva,GR_ulva,1
2024_10_08_11-47-06.jpg,482,3404,3292,3516,370,594,224,RE_fil,red_algae_filamentous,RE_fil,0.946
2024_10_08_11-47-06.jpg,3236,817,705,929,3124,3348,224,GR_ulva,green_algae_ulva,GR_ulva,0.963
2024_10_08_11-47-06.jpg,2531,4136,4024,4248,2419,2643,224,KE_sugar,kelp_sugar,manual_update,1
2024_10_08_11-47-06.jpg,859,2363,2251,2475,747,971,224,GR_ulva,green_algae_ulva,GR_ulva,1
2024_10_08_11-47-06.jpg,605,3418,3306,3530,493,717,224,RE_fil,red_algae_filamentous,manual_update,1
2024_10_08_11-47-06.jpg,2828,1754,1642,1866,2716,2940,224,GR_ulva,green_algae_ulva,GR_ulva,0.966
2024_10_08_11-47-06.jpg,2922,1904,1792,2016,2810,3034,224,GR_ulva,green_algae_ulva,GR_ulva,0.997
2024_10_08_11-47-06.jpg,440,2793,2681,2905,328,552,224,KE_sugar,kelp_sugar,manual_update,1
2024_10_08_11-47-06.jpg,3826,222,110,334,3714,3938,224,GR_ulva,green_algae_ulva,GR_ulva,1
2024_10_08_11-47-06.jpg,951,1903,1791,2015,839,1063,224,GR_ulva,green_algae_ulva,GR_ulva,1
2024_10_08_11-47-15.jpg,3701,3923,3811,4035,3589,3813,224,BR_sarg,brown_algae_sargassum,BR_sarg,0.988
2024_10_08_11-47-15.jpg,296,1422,1310,1534,184,408,224,RE_leaf,red_algae_flat_leaf,RE_leaf,0.971
2024_10_08_11-47-15.jpg,527,2090,1978,2202,415,639,224,RE_branch,red_algae_branching,manual_update,1
2024_10_08_11-47-15.jpg,3089,3755,3643,3867,2977,3201,224,GR_ulva,green_algae_ulva,manual_update,1
2024_10_08_11-47-15.jpg,1183,3151,3039,3263,1071,1295,224,RE_branch,red_algae_branching,RE_branch,0.998
2024_10_08_11-47-15.jpg,1755,3506,3394,3618,1643,1867,224,RE_branch,red_algae_branching,RE_branch,0.999
2024_10_08_11-47-15.jpg,936,4348,4236,4460,824,1048,224,SU_peb,pebble,manual_update,1
2024_10_08_11-47-15.jpg,3842,1978,1866,2090,3730,3954,224,KE_sugar,kelp_sugar,KE_sugar,1
2024_10_08_11-47-15.jpg,470,620,508,732,358,582,224,GR_ulva,green_algae_ulva,manual_update,1
2024_10_08_11-47-15.jpg,2174,2663,2551,2775,2062,2286,224,RE_branch,red_algae_branching,RE_branch,1
2024_10_08_11-47-15.jpg,1875,1729,1617,1841,1763,1987,224,BR_sarg,brown_algae_sargassum,manual_update,1
2024_10_08_11-47-15.jpg,2840,242,130,354,2728,2952,224,SU_sand,sand_fine_shell,manual_update,1
2024_10_08_11-47-15.jpg,583,2923,2811,3035,471,695,224,RE_branch,red_algae_branching,RE_branch,0.984
2024_10_08_11-47-15.jpg,2851,4128,4016,4240,2739,2963,224,GR_ulva,green_algae_ulva,GR_ulva,1
2024_10_08_11-47-15.jpg,3495,2240,2128,2352,3383,3607,224,GR_ulva,green_algae_ulva,manual_update,1
2024_10_08_11-47-15.jpg,1264,3356,3244,3468,1152,1376,224,RE_branch,red_algae_branching,RE_branch,1
2024_10_08_11-47-15.jpg,1504,950,838,1062,1392,1616,224,RE_bush,red_algae_bushy,RE_bush,0.985
2024_10_08_11-47-15.jpg,1053,3011,2899,3123,941,1165,224,RE_branch,red_algae_branching,manual_update,1
2024_10_08_11-47-15.jpg,3283,3165,3053,3277,3171,3395,224,GR_ulva,green_algae_ulva,manual_update,1
2024_10_08_11-47-15.jpg,1780,1281,1169,1393,1668,1892,224,RE_bush,red_algae_bushy,manual_update,1
2024_10_08_11-47-15.jpg,3862,4426,4314,4538,3750,3974,224,KE_sugar,kelp_sugar,manual_update,1
2024_10_08_11-47-15.jpg,1558,1841,1729,1953,1446,1670,224,RE_fil,red_algae_filamentous,RE_fil,0.997
2024_10_08_11-47-15.jpg,1510,2915,2803,3027,1398,1622,224,RE_leaf,red_algae_flat_leaf,RE_leaf,1
2024_10_08_11-47-15.jpg,2764,2410,2298,2522,2652,2876,224,RE_fil,red_algae_filamentous,manual_update,1
2024_10_08_11-47-15.jpg,406,986,874,1098,294,518,224,RE_fil,red_algae_filamentous,RE_fil,1
2024_10_08_11-47-15.jpg,2125,3692,3580,3804,2013,2237,224,GR_ulva,green_algae_ulva,GR_ulva,1
2024_10_08_11-47-15.jpg,825,3830,3718,3942,713,937,224,SU_peb,pebble,SU_peb,0.991
2024_10_08_11-47-15.jpg,1327,4438,4326,4550,1215,1439,224,SU_sand,sand_fine_shell,SU_sand,1
2024_10_08_11-47-15.jpg,782,338,226,450,670,894,224,KE_sugar,kelp_sugar,KE_sugar,0.979
2024_10_08_11-47-15.jpg,1886,2133,2021,2245,1774,1998,224,RE_branch,red_algae_branching,RE_branch,0.975
2024_10_08_11-47-15.jpg,1453,3882,3770,3994,1341,1565,224,SU_sand,sand_fine_shell,SU_sand,1
2024_10_08_11-47-15.jpg,776,1632,1520,1744,664,888,224,RE_fil,red_algae_filamentous,RE_fil,1
2024_10_08_11-47-15.jpg,2840,3744,3632,3856,2728,2952,224,GR_ulva,green_algae_ulva,GR_ulva,1
2024_10_08_11-47-15.jpg,2326,1651,1539,1763,2214,2438,224,RE_branch,red_algae_branching,manual_update,1
2024_10_08_11-47-15.jpg,182,1405,1293,1517,70,294,224,RE_leaf,red_algae_flat_leaf,manual_update,1
2024_10_08_11-47-15.jpg,565,4181,4069,4293,453,677,224,SU_peb,pebble,SU_peb,1
2024_10_08_11-47-15.jpg,745,3161,3049,3273,633,857,224,RE_branch,red_algae_branching,manual_update,1
2024_10_08_11-47-15.jpg,2548,707,595,819,2436,2660,224,SU_peb,pebble,SU_peb,0.84
2024_10_08_11-47-15.jpg,1279,2653,2541,2765,1167,1391,224,SU_bould,boulder,manual_update,1
2024_10_08_11-47-15.jpg,2018,2754,2642,2866,1906,2130,224,RE_branch,red_algae_branching,RE_branch,1
2024_10_08_11-47-15.jpg,3772,598,486,710,3660,3884,224,GR_ulva,green_algae_ulva,manual_update,1
2024_10_08_11-47-15.jpg,3668,2985,2873,3097,3556,3780,224,GR_ulva,green_algae_ulva,GR_ulva,1
2024_10_08_11-47-15.jpg,2571,1921,1809,2033,2459,2683,224,RE_branch,red_algae_branching,manual_update,1
2024_10_08_11-47-15.jpg,3501,742,630,854,3389,3613,224,GR_ulva,green_algae_ulva,GR_ulva,0.994
2024_10_08_11-47-15.jpg,3148,286,174,398,3036,3260,224,GR_ulva,green_algae_ulva,GR_ulva,1
2024_10_08_11-47-15.jpg,474,433,321,545,362,586,224,GR_ulva,green_algae_ulva,GR_ulva,1
2024_10_08_11-47-15.jpg,3197,2173,2061,2285,3085,3309,224,GR_ulva,green_algae_ulva,manual_update,1
2024_10_08_11-47-15.jpg,2679,3734,3622,3846,2567,2791,224,GR_ulva,green_algae_ulva,GR_ulva,0.987
2024_10_08_11-47-15.jpg,1580,1148,1036,1260,1468,1692,224,RE_bush,red_algae_bushy,RE_bush,1
2024_10_08_11-47-15.jpg,1573,434,322,546,1461,1685,224,SU_peb,pebble,manual_update,1
2024_10_08_11-47-24.jpg,932,2996,2884,3108,820,1044,224,GR_ulva,green_algae_ulva,GR_ulva,0.998
2024_10_08_11-47-24.jpg,1872,1352,1240,1464,1760,1984,224,RE_branch,red_algae_branching,RE_branch,1
2024_10_08_11-47-24.jpg,1787,3562,3450,3674,1675,1899,224,RE_bush,red_algae_bushy,RE_bush,1
2024_10_08_11-47-24.jpg,2734,1821,1709,1933,2622,2846,224,KE_sugar,kelp_sugar,KE_sugar,0.911
2024_10_08_11-47-24.jpg,3600,624,512,736,3488,3712,224,RE_fil,red_algae_filamentous,RE_fil,0.971
2024_10_08_11-47-24.jpg,1492,2787,2675,2899,1380,1604,224,GR_ulva,green_algae_ulva,GR_ulva,1
2024_10_08_11-47-24.jpg,368,1747,1635,1859,256,480,224,GR_ulva,green_algae_ulva,GR_ulva,1
2024_10_08_11-47-24.jpg,237,4215,4103,4327,125,349,224,SU_peb,pebble,SU_peb,0.997
2024_10_08_11-47-24.jpg,2751,4055,3943,4167,2639,2863,224,SU_cob,cobble,manual_update,1
2024_10_08_11-47-24.jpg,3739,1930,1818,2042,3627,3851,224,SU_sand,sand_fine_shell,SU_sand,1
2024_10_08_11-47-24.jpg,1958,914,802,1026,1846,2070,224,GR_ulva,green_algae_ulva,GR_ulva,1
2024_10_08_11-47-24.jpg,2092,3203,3091,3315,1980,2204,224,SU_sand,sand_fine_shell,manual_update,1
2024_10_08_11-47-24.jpg,2996,4268,4156,4380,2884,3108,224,SU_peb,pebble,SU_peb,1
2024_10_08_11-47-24.jpg,684,2181,2069,2293,572,796,224,GR_ulva,green_algae_ulva,GR_ulva,1
2024_10_08_11-47-24.jpg,338,796,684,908,226,450,224,GR_ulva,green_algae_ulva,GR_ulva,0.995
2024_10_08_11-47-24.jpg,176,2515,2403,2627,64,288,224,SU_sand,sand_fine_shell,SU_sand,0.997
2024_10_08_11-47-24.jpg,2557,3099,2987,3211,2445,2669,224,KE_sugar,kelp_sugar,KE_sugar,0.999
2024_10_08_11-47-24.jpg,251,999,887,1111,139,363,224,GR_ulva,green_algae_ulva,GR_ulva,0.998
2024_10_08_11-47-24.jpg,3170,513,401,625,3058,3282,224,GR_ulva,green_algae_ulva,GR_ulva,0.998
2024_10_08_11-47-24.jpg,1569,505,393,617,1457,1681,224,GR_ulva,green_algae_ulva,GR_ulva,1
2024_10_08_11-47-24.jpg,2837,2189,2077,2301,2725,2949,224,KE_sugar,kelp_sugar,manual_update,1
2024_10_08_11-47-24.jpg,366,2066,1954,2178,254,478,224,GR_ulva,green_algae_ulva,GR_ulva,0.999
2024_10_08_11-47-24.jpg,259,547,435,659,147,371,224,GR_ulva,green_algae_ulva,GR_ulva,0.999
2024_10_08_11-47-24.jpg,2097,1197,1085,1309,1985,2209,224,GR_ulva,green_algae_ulva,GR_ulva,1
2024_10_08_11-47-24.jpg,3407,3711,3599,3823,3295,3519,224,GR_ulva,green_algae_ulva,GR_ulva,0.995
2024_10_08_11-47-24.jpg,2931,1247,1135,1359,2819,3043,224,KE_sugar,kelp_sugar,KE_sugar,0.999
2024_10_08_11-47-24.jpg,1530,1482,1370,1594,1418,1642,224,SU_bould,boulder,manual_update,1
2024_10_08_11-47-24.jpg,1253,4319,4207,4431,1141,1365,224,KE_sugar,kelp_sugar,KE_sugar,1
2024_10_08_11-47-24.jpg,2597,2598,2486,2710,2485,2709,224,KE_sugar,kelp_sugar,KE_sugar,0.98
2024_10_08_11-47-24.jpg,468,1080,968,1192,356,580,224,GR_ulva,green_algae_ulva,GR_ulva,0.999
2024_10_08_11-47-24.jpg,3882,2396,2284,2508,3770,3994,224,RE_branch,red_algae_branching,manual_update,1
2024_10_08_11-47-24.jpg,3320,1211,1099,1323,3208,3432,224,GR_ulva,green_algae_ulva,GR_ulva,0.945
2024_10_08_11-47-24.jpg,1187,2082,1970,2194,1075,1299,224,BR_sarg,brown_algae_sargassum,manual_update,1
2024_10_08_11-47-24.jpg,2248,3299,3187,3411,2136,2360,224,SU_peb,pebble,SU_peb,1
2024_10_08_11-47-24.jpg,3862,2891,2779,3003,3750,3974,224,RE_branch,red_algae_branching,manual_update,1
2024_10_08_11-47-24.jpg,2340,1526,1414,1638,2228,2452,224,RE_branch,red_algae_branching,manual_update,1
2024_10_08_11-47-24.jpg,3823,1435,1323,1547,3711,3935,224,RE_branch,red_algae_branching,manual_update,1
2024_10_08_11-47-24.jpg,2248,721,609,833,2136,2360,224,GR_ulva,green_algae_ulva,GR_ulva,0.999
2024_10_08_11-47-24.jpg,872,2303,2191,2415,760,984,224,GR_ulva,green_algae_ulva,GR_ulva,1
2024_10_08_11-47-24.jpg,2694,2419,2307,2531,2582,2806,224,KE_sugar,kelp_sugar,KE_sugar,0.912
2024_10_08_11-47-24.jpg,768,233,121,345,656,880,224,GR_ulva,green_algae_ulva,GR_ulva,0.998
2024_10_08_11-47-24.jpg,1501,3810,3698,3922,1389,1613,224,RE_bush,red_algae_bushy,RE_bush,0.999
2024_10_08_11-47-24.jpg,2903,230,118,342,2791,3015,224,GR_ulva,green_algae_ulva,GR_ulva,0.999
2024_10_08_11-47-24.jpg,2754,3230,3118,3342,2642,2866,224,KE_sugar,kelp_sugar,manual_update,1
2024_10_08_11-47-24.jpg,2949,2300,2188,2412,2837,3061,224,SU_peb,pebble,SU_peb,0.998
2024_10_08_11-47-24.jpg,1341,2685,2573,2797,1229,1453,224,GR_ulva,green_algae_ulva,GR_ulva,1
2024_10_08_11-47-24.jpg,3370,2164,2052,2276,3258,3482,224,SU_peb,pebble,SU_peb,1
2024_10_08_11-47-24.jpg,3796,835,723,947,3684,3908,224,RE_fil,red_algae_filamentous,manual_update,1
2024_10_08_11-47-24.jpg,2379,4003,3891,4115,2267,2491,224,SU_peb,pebble,manual_update,1
2024_10_08_11-47-24.jpg,3693,244,132,356,3581,3805,224,GR_ulva,green_algae_ulva,GR_ulva,0.999
2024_10_08_11-47-33.jpg,522,1043,931,1155,410,634,224,RE_branch,red_algae_branching,RE_branch,1
2024_10_08_11-47-33.jpg,3097,3389,3277,3501,2985,3209,224,SU_cob,cobble,SU_cob,0.925
2024_10_08_11-47-33.jpg,2390,2212,2100,2324,2278,2502,224,GR_ulva,green_algae_ulva,GR_ulva,0.995
2024_10_08_11-47-33.jpg,3607,1401,1289,1513,3495,3719,224,KE_5rib,kelp_five_rib,manual_update,1
2024_10_08_11-47-33.jpg,1561,399,287,511,1449,1673,224,GR_ulva,green_algae_ulva,GR_ulva,1
2024_10_08_11-47-33.jpg,2962,2597,2485,2709,2850,3074,224,GR_ulva,green_algae_ulva,GR_ulva,1
2024_10_08_11-47-33.jpg,2204,1713,1601,1825,2092,2316,224,GR_ulva,green_algae_ulva,GR_ulva,0.999
2024_10_08_11-47-33.jpg,2705,1860,1748,1972,2593,2817,224,GR_ulva,green_algae_ulva,GR_ulva,0.997
2024_10_08_11-47-33.jpg,2019,994,882,1106,1907,2131,224,GR_ulva,green_algae_ulva,GR_ulva,1
2024_10_08_11-47-33.jpg,2436,755,643,867,2324,2548,224,SU_sand,sand_fine_shell,manual_update,1
2024_10_08_11-47-33.jpg,1421,4416,4304,4528,1309,1533,224,SU_peb,pebble,SU_peb,0.991
2024_10_08_11-47-33.jpg,3259,513,401,625,3147,3371,224,KE_5rib,kelp_five_rib,KE_5rib,0.996
2024_10_08_11-47-33.jpg,1370,261,149,373,1258,1482,224,GR_ulva,green_algae_ulva,GR_ulva,1
2024_10_08_11-47-33.jpg,1658,3556,3444,3668,1546,1770,224,SU_sand,sand_fine_shell,SU_sand,1
2024_10_08_11-47-33.jpg,2438,1266,1154,1378,2326,2550,224,GR_ulva,green_algae_ulva,GR_ulva,1
2024_10_08_11-47-33.jpg,3235,2344,2232,2456,3123,3347,224,GR_ulva,green_algae_ulva,GR_ulva,1
2024_10_08_11-47-33.jpg,1876,1903,1791,2015,1764,1988,224,GR_ulva,green_algae_ulva,GR_ulva,1
2024_10_08_11-47-33.jpg,3608,1828,1716,1940,3496,3720,224,GR_ulva,green_algae_ulva,GR_ulva,1
2024_10_08_11-47-33.jpg,3145,1993,1881,2105,3033,3257,224,GR_ulva,green_algae_ulva,GR_ulva,0.96
2024_10_08_11-47-33.jpg,884,3068,2956,3180,772,996,224,GR_ulva,green_algae_ulva,GR_ulva,1
2024_10_08_11-47-33.jpg,3343,2984,2872,3096,3231,3455,224,GR_ulva,green_algae_ulva,GR_ulva,0.999
2024_10_08_11-47-33.jpg,930,928,816,1040,818,1042,224,RE_branch,red_algae_branching,RE_branch,1
2024_10_08_11-47-33.jpg,2063,1240,1128,1352,1951,2175,224,GR_ulva,green_algae_ulva,GR_ulva,1
2024_10_08_11-47-33.jpg,3809,1679,1567,1791,3697,3921,224,KE_5rib,kelp_five_rib,KE_5rib,1
2024_10_08_11-47-33.jpg,3344,3205,3093,3317,3232,3456,224,GR_ulva,green_algae_ulva,GR_ulva,1
2024_10_08_11-47-33.jpg,2923,1359,1247,1471,2811,3035,224,GR_ulva,green_algae_ulva,GR_ulva,0.999
2024_10_08_11-47-33.jpg,1045,2431,2319,2543,933,1157,224,GR_ulva,green_algae_ulva,GR_ulva,1
2024_10_08_11-47-33.jpg,1955,2033,1921,2145,1843,2067,224,GR_ulva,green_algae_ulva,GR_ulva,1
2024_10_08_11-47-33.jpg,1986,618,506,730,1874,2098,224,GR_ulva,green_algae_ulva,GR_ulva,0.996
2024_10_08_11-47-33.jpg,3449,4082,3970,4194,3337,3561,224,SU_peb,pebble,SU_peb,0.935
2024_10_08_11-47-33.jpg,2665,441,329,553,2553,2777,224,KE_5rib,kelp_five_rib,manual_update,1
2024_10_08_11-47-33.jpg,2756,255,143,367,2644,2868,224,KE_5rib,kelp_five_rib,manual_update,1
2024_10_08_11-47-33.jpg,3573,3374,3262,3486,3461,3685,224,GR_ulva,green_algae_ulva,GR_ulva,0.996
2024_10_08_11-47-33.jpg,2583,2779,2667,2891,2471,2695,224,GR_ulva,green_algae_ulva,GR_ulva,1
2024_10_08_11-47-33.jpg,2934,3574,3462,3686,2822,3046,224,SU_peb,pebble,SU_peb,1
2024_10_08_11-47-33.jpg,2792,4474,4362,4586,2680,2904,224,SU_peb,pebble,manual_update,1
2024_10_08_11-47-33.jpg,2555,158,46,270,2443,2667,224,KE_5rib,kelp_five_rib,manual_update,1
2024_10_08_11-47-33.jpg,2372,2369,2257,2481,2260,2484,224,GR_ulva,green_algae_ulva,GR_ulva,1
2024_10_08_11-47-33.jpg,3414,3470,3358,3582,3302,3526,224,GR_ulva,green_algae_ulva,GR_ulva,1
2024_10_08_11-47-33.jpg,3750,4314,4202,4426,3638,3862,224,unknown,unknown_area,manual_update,1
2024_10_08_11-47-33.jpg,660,280,168,392,548,772,224,RE_fil,red_algae_filamentous,manual_update,1
2024_10_08_11-47-33.jpg,1016,1045,933,1157,904,1128,224,RE_leaf,red_algae_flat_leaf,RE_leaf,0.999
2024_10_08_11-47-33.jpg,412,4250,4138,4362,300,524,224,GR_ulva,green_algae_ulva,GR_ulva,0.989
2024_10_08_11-47-33.jpg,1334,3658,3546,3770,1222,1446,224,SU_sand,sand_fine_shell,SU_sand,1
2024_10_08_11-47-33.jpg,1100,3380,3268,3492,988,1212,224,SU_sand,sand_fine_shell,manual_update,1
2024_10_08_11-47-33.jpg,795,982,870,1094,683,907,224,RE_branch,red_algae_branching,RE_branch,1
2024_10_08_11-47-33.jpg,1149,1113,1001,1225,1037,1261,224,RE_leaf,red_algae_flat_leaf,RE_leaf,1
2024_10_08_11-47-33.jpg,2700,3930,3818,4042,2588,2812,224,RE_leaf,red_algae_flat_leaf,RE_leaf,0.966
2024_10_08_11-47-33.jpg,2706,4091,3979,4203,2594,2818,224,SU_sand,sand_fine_shell,manual_update,1
2024_10_08_11-47-33.jpg,2441,3457,3345,3569,2329,2553,224,SU_cob,cobble,SU_cob,0.939
2024_10_08_11-47-42.jpg,3508,3225,3113,3337,3396,3620,224,GR_ulva,green_algae_ulva,GR_ulva,1
2024_10_08_11-47-42.jpg,3710,2878,2766,2990,3598,3822,224,GR_ulva,green_algae_ulva,GR_ulva,1
2024_10_08_11-47-42.jpg,3118,2692,2580,2804,3006,3230,224,GR_ulva,green_algae_ulva,GR_ulva,1
2024_10_08_11-47-42.jpg,2619,2672,2560,2784,2507,2731,224,RE_branch,red_algae_branching,RE_branch,1
2024_10_08_11-47-42.jpg,1830,2129,2017,2241,1718,1942,224,RE_bush,red_algae_bushy,RE_bush,0.967
2024_10_08_11-47-42.jpg,461,3733,3621,3845,349,573,224,RE_fil,red_algae_filamentous,manual_update,1
2024_10_08_11-47-42.jpg,1163,591,479,703,1051,1275,224,GR_ulva,green_algae_ulva,GR_ulva,1
2024_10_08_11-47-42.jpg,491,573,461,685,379,603,224,GR_ulva,green_algae_ulva,GR_ulva,1
2024_10_08_11-47-42.jpg,1496,3392,3280,3504,1384,1608,224,GR_ulva,green_algae_ulva,GR_ulva,1
2024_10_08_11-47-42.jpg,978,3306,3194,3418,866,1090,224,SU_peb,pebble,SU_peb,1
2024_10_08_11-47-42.jpg,2109,1003,891,1115,1997,2221,224,SU_peb,pebble,SU_peb,0.973
2024_10_08_11-47-42.jpg,2901,4394,4282,4506,2789,3013,224,RE_branch,red_algae_branching,manual_update,1
2024_10_08_11-47-42.jpg,536,3944,3832,4056,424,648,224,GR_ulva,green_algae_ulva,manual_update,1
2024_10_08_11-47-42.jpg,268,2013,1901,2125,156,380,224,RE_branch,red_algae_branching,RE_branch,0.987
2024_10_08_11-47-42.jpg,2493,713,601,825,2381,2605,224,SU_sand,sand_fine_shell,manual_update,1
2024_10_08_11-47-42.jpg,191,457,345,569,79,303,224,SU_silt,silt,SU_silt,1
2024_10_08_11-47-42.jpg,3383,2523,2411,2635,3271,3495,224,GR_ulva,green_algae_ulva,GR_ulva,0.6
2024_10_08_11-47-42.jpg,987,2549,2437,2661,875,1099,224,GR_ulva,green_algae_ulva,GR_ulva,1
2024_10_08_11-47-42.jpg,2517,3345,3233,3457,2405,2629,224,GR_ulva,green_algae_ulva,GR_ulva,1
2024_10_08_11-47-42.jpg,2116,1558,1446,1670,2004,2228,224,GR_ulva,green_algae_ulva,GR_ulva,1
2024_10_08_11-47-42.jpg,2285,3882,3770,3994,2173,2397,224,SU_peb,pebble,manual_update,1
2024_10_08_11-47-42.jpg,2041,2241,2129,2353,1929,2153,224,RE_bush,red_algae_bushy,RE_bush,1
2024_10_08_11-47-42.jpg,1665,259,147,371,1553,1777,224,GR_ulva,green_algae_ulva,GR_ulva,1
2024_10_08_11-47-42.jpg,2570,1701,1589,1813,2458,2682,224,SU_peb,pebble,SU_peb,0.654
2024_10_08_11-47-42.jpg,230,4140,4028,4252,118,342,224,RE_leaf,red_algae_flat_leaf,RE_leaf,0.751
2024_10_08_11-47-42.jpg,1505,1767,1655,1879,1393,1617,224,RE_bush,red_algae_bushy,manual_update,1
2024_10_08_11-47-42.jpg,3049,120,8,232,2937,3161,224,SU_sand,sand_fine_shell,SU_sand,1
2024_10_08_11-47-42.jpg,1726,2468,2356,2580,1614,1838,224,RE_branch,red_algae_branching,RE_branch,0.999
2024_10_08_11-47-42.jpg,3304,1564,1452,1676,3192,3416,224,GR_ulva,green_algae_ulva,manual_update,1
2024_10_08_11-47-42.jpg,178,246,134,358,66,290,224,SU_silt,silt,manual_update,1
2024_10_08_11-47-42.jpg,1717,1777,1665,1889,1605,1829,224,RE_bush,red_algae_bushy,RE_bush,1
2024_10_08_11-47-42.jpg,496,411,299,523,384,608,224,GR_ulva,green_algae_ulva,GR_ulva,1
2024_10_08_11-47-42.jpg,123,2174,2062,2286,11,235,224,RE_branch,red_algae_branching,RE_branch,0.998
2024_10_08_11-47-42.jpg,758,2235,2123,2347,646,870,224,RE_branch,red_algae_branching,manual_update,1
2024_10_08_11-47-42.jpg,1293,2212,2100,2324,1181,1405,224,RE_bush,red_algae_bushy,manual_update,1
2024_10_08_11-47-42.jpg,717,4241,4129,4353,605,829,224,GR_ulva,green_algae_ulva,GR_ulva,0.992
2024_10_08_11-47-42.jpg,1726,3501,3389,3613,1614,1838,224,GR_ulva,green_algae_ulva,GR_ulva,0.999
2024_10_08_11-47-42.jpg,2586,3560,3448,3672,2474,2698,224,GR_ulva,green_algae_ulva,GR_ulva,1
2024_10_08_11-47-42.jpg,271,3596,3484,3708,159,383,224,RE_bush,red_algae_bushy,manual_update,1
2024_10_08_11-47-42.jpg,929,1635,1523,1747,817,1041,224,SU_sand,sand_fine_shell,manual_update,1
2024_10_08_11-47-42.jpg,1035,1075,963,1187,923,1147,224,RE_branch,red_algae_branching,manual_update,1
2024_10_08_11-47-42.jpg,2311,894,782,1006,2199,2423,224,RE_fil,red_algae_filamentous,manual_update,1
2024_10_08_11-47-42.jpg,2999,2028,1916,2140,2887,3111,224,RE_bush,red_algae_bushy,RE_bush,1
2024_10_08_11-47-42.jpg,3707,3089,2977,3201,3595,3819,224,GR_ulva,green_algae_ulva,GR_ulva,0.985
2024_10_08_11-47-42.jpg,2687,272,160,384,2575,2799,224,SU_peb,pebble,SU_peb,0.999
2024_10_08_11-47-42.jpg,1841,1195,1083,1307,1729,1953,224,SU_peb,pebble,SU_peb,1
2024_10_08_11-47-42.jpg,188,1811,1699,1923,76,300,224,SU_peb,pebble,manual_update,1
2024_10_08_11-47-42.jpg,2714,4425,4313,4537,2602,2826,224,RE_fil,red_algae_filamentous,manual_update,1
2024_10_08_11-47-42.jpg,840,1503,1391,1615,728,952,224,SU_silt,silt,manual_update,1
2024_10_08_11-47-42.jpg,2105,559,447,671,1993,2217,224,SU_cob,cobble,manual_update,1
2024_10_08_11-47-51.jpg,1046,4149,4037,4261,934,1158,224,GR_ulva,green_algae_ulva,GR_ulva,0.992
2024_10_08_11-47-51.jpg,2019,1229,1117,1341,1907,2131,224,SU_sand,sand_fine_shell,manual_update,1
2024_10_08_11-47-51.jpg,3172,2629,2517,2741,3060,3284,224,GR_ulva,green_algae_ulva,GR_ulva,1
2024_10_08_11-47-51.jpg,1446,146,34,258,1334,1558,224,SU_sand,sand_fine_shell,SU_sand,0.999
2024_10_08_11-47-51.jpg,2641,568,456,680,2529,2753,224,SU_sand,sand_fine_shell,SU_sand,1
2024_10_08_11-47-51.jpg,1293,1791,1679,1903,1181,1405,224,SU_peb,pebble,manual_update,1
2024_10_08_11-47-51.jpg,3437,1372,1260,1484,3325,3549,224,SU_peb,pebble,SU_peb,1
2024_10_08_11-47-51.jpg,3264,1483,1371,1595,3152,3376,224,SU_peb,pebble,SU_peb,1
2024_10_08_11-47-51.jpg,1196,747,635,859,1084,1308,224,SU_peb,pebble,SU_peb,0.972
2024_10_08_11-47-51.jpg,3571,3806,3694,3918,3459,3683,224,KE_5rib,kelp_five_rib,manual_update,1
2024_10_08_11-47-51.jpg,1574,3661,3549,3773,1462,1686,224,GR_ulva,green_algae_ulva,GR_ulva,1
2024_10_08_11-47-51.jpg,1860,2556,2444,2668,1748,1972,224,SU_peb,pebble,SU_peb,0.998
2024_10_08_11-47-51.jpg,2418,732,620,844,2306,2530,224,SU_peb,pebble,SU_peb,0.995
2024_10_08_11-47-51.jpg,231,3293,3181,3405,119,343,224,RE_leaf,red_algae_flat_leaf,manual_update,1
2024_10_08_11-47-51.jpg,688,2681,2569,2793,576,800,224,RE_leaf,red_algae_flat_leaf,manual_update,1
2024_10_08_11-47-51.jpg,734,846,734,958,622,846,224,SU_peb,pebble,SU_peb,1
2024_10_08_11-47-51.jpg,2125,2973,2861,3085,2013,2237,224,GR_ulva,green_algae_ulva,manual_update,1
2024_10_08_11-47-51.jpg,1634,207,95,319,1522,1746,224,SU_peb,pebble,SU_peb,1
2024_10_08_11-47-51.jpg,413,2972,2860,3084,301,525,224,RE_leaf,red_algae_flat_leaf,RE_leaf,0.999
2024_10_08_11-47-51.jpg,2251,1006,894,1118,2139,2363,224,SU_peb,pebble,SU_peb,0.994
2024_10_08_11-47-51.jpg,3419,2324,2212,2436,3307,3531,224,SU_sand,sand_fine_shell,SU_sand,0.983
2024_10_08_11-47-51.jpg,1466,3334,3222,3446,1354,1578,224,GR_ulva,green_algae_ulva,GR_ulva,1
2024_10_08_11-47-51.jpg,322,4403,4291,4515,210,434,224,GR_ulva,green_algae_ulva,GR_ulva,0.914
2024_10_08_11-47-51.jpg,2604,3563,3451,3675,2492,2716,224,GR_ulva,green_algae_ulva,GR_ulva,1
2024_10_08_11-47-51.jpg,3215,1271,1159,1383,3103,3327,224,SU_sand,sand_fine_shell,SU_sand,0.943
2024_10_08_11-47-51.jpg,207,263,151,375,95,319,224,SU_sand,sand_fine_shell,SU_sand,1
2024_10_08_11-47-51.jpg,2076,2407,2295,2519,1964,2188,224,SU_sand,sand_fine_shell,SU_sand,0.981
2024_10_08_11-47-51.jpg,3062,1757,1645,1869,2950,3174,224,SU_peb,pebble,SU_peb,1
2024_10_08_11-47-51.jpg,742,3447,3335,3559,630,854,224,RE_leaf,red_algae_flat_leaf,RE_leaf,1
2024_10_08_11-47-51.jpg,223,1801,1689,1913,111,335,224,SU_cob,cobble,manual_update,1
2024_10_08_11-47-51.jpg,3761,2578,2466,2690,3649,3873,224,RE_fil,red_algae_filamentous,manual_update,1
2024_10_08_11-47-51.jpg,850,977,865,1089,738,962,224,SU_peb,pebble,SU_peb,0.918
2024_10_08_11-47-51.jpg,2804,1902,1790,2014,2692,2916,224,SU_peb,pebble,manual_update,1
2024_10_08_11-47-51.jpg,680,1212,1100,1324,568,792,224,SU_cob,cobble,manual_update,1
2024_10_08_11-47-51.jpg,517,4114,4002,4226,405,629,224,GR_ulva,green_algae_ulva,manual_update,1
2024_10_08_11-47-51.jpg,525,3705,3593,3817,413,637,224,RE_leaf,red_algae_flat_leaf,RE_leaf,1
2024_10_08_11-47-51.jpg,1668,2692,2580,2804,1556,1780,224,GR_ulva,green_algae_ulva,GR_ulva,1
2024_10_08_11-47-51.jpg,1404,3098,2986,3210,1292,1516,224,GR_ulva,green_algae_ulva,GR_ulva,0.965
2024_10_08_11-47-51.jpg,996,2780,2668,2892,884,1108,224,RE_leaf,red_algae_flat_leaf,RE_leaf,1
2024_10_08_11-47-51.jpg,3852,3882,3770,3994,3740,3964,224,SU_sand,sand_fine_shell,SU_sand,1
2024_10_08_11-47-51.jpg,3315,2488,2376,2600,3203,3427,224,SU_sand,sand_fine_shell,manual_update,1
2024_10_08_11-47-51.jpg,373,1046,934,1158,261,485,224,SU_peb,pebble,SU_peb,1
2024_10_08_11-47-51.jpg,3018,271,159,383,2906,3130,224,SU_anth,anthropogenic,manual_update,1
2024_10_08_11-47-51.jpg,2319,1532,1420,1644,2207,2431,224,SU_cob,cobble,SU_cob,0.925
2024_10_08_11-47-51.jpg,2925,1843,1731,1955,2813,3037,224,SU_peb,pebble,manual_update,1
2024_10_08_11-47-51.jpg,698,3779,3667,3891,586,810,224,RE_leaf,red_algae_flat_leaf,RE_leaf,0.926
2024_10_08_11-47-51.jpg,3071,1123,1011,1235,2959,3183,224,SU_peb,pebble,SU_peb,1
2024_10_08_11-47-51.jpg,3248,3961,3849,4073,3136,3360,224,GR_ulva,green_algae_ulva,GR_ulva,0.995
2024_10_08_11-47-51.jpg,588,2799,2687,2911,476,700,224,RE_leaf,red_algae_flat_leaf,RE_leaf,0.961
2024_10_08_11-47-51.jpg,1049,832,720,944,937,1161,224,SU_peb,pebble,SU_peb,0.996
2024_10_08_11-48-00.jpg,349,3595,3483,3707,237,461,224,SU_cob,cobble,manual_update,1
2024_10_08_11-48-00.jpg,1175,2317,2205,2429,1063,1287,224,RE_fil,red_algae_filamentous,RE_fil,0.98
2024_10_08_11-48-00.jpg,2963,4301,4189,4413,2851,3075,224,unknown,unknown_area,manual_update,1
2024_10_08_11-48-00.jpg,2005,3894,3782,4006,1893,2117,224,RE_leaf,red_algae_flat_leaf,manual_update,1
2024_10_08_11-48-00.jpg,3096,3610,3498,3722,2984,3208,224,RE_leaf,red_algae_flat_leaf,RE_leaf,0.944
2024_10_08_11-48-00.jpg,486,1288,1176,1400,374,598,224,RE_fil,red_algae_filamentous,RE_fil,0.975
2024_10_08_11-48-00.jpg,282,2596,2484,2708,170,394,224,SU_cob,cobble,SU_cob,0.979
2024_10_08_11-48-00.jpg,1842,1337,1225,1449,1730,1954,224,RE_leaf,red_algae_flat_leaf,RE_leaf,1
2024_10_08_11-48-00.jpg,615,1303,1191,1415,503,727,224,RE_leaf,red_algae_flat_leaf,RE_leaf,0.969
2024_10_08_11-48-00.jpg,647,742,630,854,535,759,224,RE_leaf,red_algae_flat_leaf,manual_update,1
2024_10_08_11-48-00.jpg,2557,2622,2510,2734,2445,2669,224,GR_ulva,green_algae_ulva,manual_update,1
2024_10_08_11-48-00.jpg,1395,4120,4008,4232,1283,1507,224,SU_sand,sand_fine_shell,SU_sand,0.999
2024_10_08_11-48-00.jpg,972,1507,1395,1619,860,1084,224,RE_leaf,red_algae_flat_leaf,manual_update,1
2024_10_08_11-48-00.jpg,986,233,121,345,874,1098,224,SU_anth,anthropogenic,manual_update,1
2024_10_08_11-48-00.jpg,3319,4046,3934,4158,3207,3431,224,RE_leaf,red_algae_flat_leaf,RE_leaf,0.998
2024_10_08_11-48-00.jpg,372,4399,4287,4511,260,484,224,RE_fil,red_algae_filamentous,RE_fil,0.999
2024_10_08_11-48-00.jpg,2897,290,178,402,2785,3009,224,GR_ulva,green_algae_ulva,GR_ulva,1
2024_10_08_11-48-00.jpg,3124,1675,1563,1787,3012,3236,224,BR_sarg,brown_algae_sargassum,manual_update,1
2024_10_08_11-48-00.jpg,2365,677,565,789,2253,2477,224,BR_sarg,brown_algae_sargassum,manual_update,1
2024_10_08_11-48-00.jpg,3271,892,780,1004,3159,3383,224,BR_sarg,brown_algae_sargassum,BR_sarg,0.998
2024_10_08_11-48-00.jpg,1116,4034,3922,4146,1004,1228,224,SU_peb,pebble,manual_update,1
2024_10_08_11-48-00.jpg,3406,2519,2407,2631,3294,3518,224,SU_sand,sand_fine_shell,SU_sand,0.999
2024_10_08_11-48-00.jpg,1663,1585,1473,1697,1551,1775,224,RE_leaf,red_algae_flat_leaf,RE_leaf,1
2024_10_08_11-48-00.jpg,2927,3058,2946,3170,2815,3039,224,RE_leaf,red_algae_flat_leaf,RE_leaf,1
2024_10_08_11-48-00.jpg,1164,2108,1996,2220,1052,1276,224,SU_peb,pebble,SU_peb,0.781
2024_10_08_11-48-00.jpg,2988,1258,1146,1370,2876,3100,224,RE_fil,red_algae_filamentous,RE_fil,1
2024_10_08_11-48-00.jpg,3820,2571,2459,2683,3708,3932,224,RE_branch,red_algae_branching,RE_branch,1
2024_10_08_11-48-00.jpg,1353,2170,2058,2282,1241,1465,224,RE_leaf,red_algae_flat_leaf,RE_leaf,1
2024_10_08_11-48-00.jpg,933,1252,1140,1364,821,1045,224,RE_leaf,red_algae_flat_leaf,RE_leaf,0.977
2024_10_08_11-48-00.jpg,749,923,811,1035,637,861,224,RE_leaf,red_algae_flat_leaf,RE_leaf,0.997
2024_10_08_11-48-00.jpg,1539,3938,3826,4050,1427,1651,224,RE_leaf,red_algae_flat_leaf,RE_leaf,0.983
2024_10_08_11-48-00.jpg,1379,3410,3298,3522,1267,1491,224,SU_peb,pebble,SU_peb,1
2024_10_08_11-48-00.jpg,3519,2616,2504,2728,3407,3631,224,RE_branch,red_algae_branching,manual_update,1
2024_10_08_11-48-00.jpg,334,1825,1713,1937,222,446,224,RE_CCA,red_algae_encrusting_CCA,manual_update,1
2024_10_08_11-48-00.jpg,3800,3259,3147,3371,3688,3912,224,RE_leaf,red_algae_flat_leaf,RE_leaf,1
2024_10_08_11-48-00.jpg,187,4463,4351,4575,75,299,224,RE_leaf,red_algae_flat_leaf,RE_leaf,0.725
2024_10_08_11-48-00.jpg,2739,1905,1793,2017,2627,2851,224,BR_sarg,brown_algae_sargassum,manual_update,1
2024_10_08_11-48-00.jpg,1993,1089,977,1201,1881,2105,224,RE_leaf,red_algae_flat_leaf,RE_leaf,1
2024_10_08_11-48-00.jpg,965,3892,3780,4004,853,1077,224,SU_cob,cobble,manual_update,1
2024_10_08_11-48-00.jpg,1779,630,518,742,1667,1891,224,RE_branch,red_algae_branching,manual_update,1
2024_10_08_11-48-00.jpg,356,465,353,577,244,468,224,unknown,unknown_area,manual_update,1
2024_10_08_11-48-00.jpg,1685,2173,2061,2285,1573,1797,224,RE_leaf,red_algae_flat_leaf,RE_leaf,1
2024_10_08_11-48-00.jpg,3085,1086,974,1198,2973,3197,224,RE_fil,red_algae_filamentous,RE_fil,0.948
2024_10_08_11-48-00.jpg,317,1268,1156,1380,205,429,224,RE_fil,red_algae_filamentous,RE_fil,1
2024_10_08_11-48-00.jpg,3089,396,284,508,2977,3201,224,BR_sarg,brown_algae_sargassum,manual_update,1
2024_10_08_11-48-00.jpg,1621,1241,1129,1353,1509,1733,224,RE_leaf,red_algae_flat_leaf,RE_leaf,0.997
2024_10_08_11-48-00.jpg,1043,3738,3626,3850,931,1155,224,SU_peb,pebble,SU_peb,1
2024_10_08_11-48-00.jpg,2910,3865,3753,3977,2798,3022,224,RE_leaf,red_algae_flat_leaf,manual_update,1
2024_10_08_11-48-00.jpg,340,4028,3916,4140,228,452,224,GR_ulva,green_algae_ulva,GR_ulva,0.983
2024_10_08_11-48-00.jpg,551,2764,2652,2876,439,663,224,RE_fil,red_algae_filamentous,manual_update,1
2024_10_08_11-48-09.jpg,3276,1660,1548,1772,3164,3388,224,RE_leaf,red_algae_flat_leaf,RE_leaf,1
2024_10_08_11-48-09.jpg,2571,3692,3580,3804,2459,2683,224,SU_peb,pebble,SU_peb,1
2024_10_08_11-48-09.jpg,3735,2206,2094,2318,3623,3847,224,SU_anth,anthropogenic,manual_update,1
2024_10_08_11-48-09.jpg,2671,1532,1420,1644,2559,2783,224,GR_ulva,green_algae_ulva,GR_ulva,0.999
2024_10_08_11-48-09.jpg,810,442,330,554,698,922,224,RE_branch,red_algae_branching,manual_update,1
2024_10_08_11-48-09.jpg,906,1084,972,1196,794,1018,224,RE_branch,red_algae_branching,manual_update,1
2024_10_08_11-48-09.jpg,3907,1190,1078,1302,3795,4019,224,GR_ulva,green_algae_ulva,manual_update,1
2024_10_08_11-48-09.jpg,2113,2080,1968,2192,2001,2225,224,RE_leaf,red_algae_flat_leaf,RE_leaf,0.995
2024_10_08_11-48-09.jpg,1630,1071,959,1183,1518,1742,224,SU_sand,sand_fine_shell,SU_sand,0.995
2024_10_08_11-48-09.jpg,3463,2272,2160,2384,3351,3575,224,RE_leaf,red_algae_flat_leaf,manual_update,1
2024_10_08_11-48-09.jpg,679,422,310,534,567,791,224,RE_branch,red_algae_branching,RE_branch,0.975
2024_10_08_11-48-09.jpg,3032,243,131,355,2920,3144,224,GR_ulva,green_algae_ulva,GR_ulva,0.976
2024_10_08_11-48-09.jpg,2604,231,119,343,2492,2716,224,RE_bush,red_algae_bushy,RE_bush,0.985
2024_10_08_11-48-09.jpg,1310,2783,2671,2895,1198,1422,224,RE_leaf,red_algae_flat_leaf,RE_leaf,0.994
2024_10_08_11-48-09.jpg,3851,426,314,538,3739,3963,224,GR_ulva,green_algae_ulva,GR_ulva,0.983
2024_10_08_11-48-09.jpg,2331,1057,945,1169,2219,2443,224,RE_branch,red_algae_branching,RE_branch,0.992
2024_10_08_11-48-09.jpg,2269,1408,1296,1520,2157,2381,224,SU_peb,pebble,SU_peb,0.995
2024_10_08_11-48-09.jpg,3222,2575,2463,2687,3110,3334,224,RE_leaf,red_algae_flat_leaf,RE_leaf,1
2024_10_08_11-48-09.jpg,1352,2645,2533,2757,1240,1464,224,RE_leaf,red_algae_flat_leaf,RE_leaf,1
2024_10_08_11-48-09.jpg,1949,1551,1439,1663,1837,2061,224,RE_leaf,red_algae_flat_leaf,RE_leaf,1
2024_10_08_11-48-09.jpg,1512,2559,2447,2671,1400,1624,224,RE_leaf,red_algae_flat_leaf,RE_leaf,1
2024_10_08_11-48-09.jpg,3088,3856,3744,3968,2976,3200,224,SU_peb,pebble,SU_peb,0.914
2024_10_08_11-48-09.jpg,1757,1128,1016,1240,1645,1869,224,SU_sand,sand_fine_shell,SU_sand,1
2024_10_08_11-48-09.jpg,2444,3265,3153,3377,2332,2556,224,RE_bush,red_algae_bushy,RE_bush,1
2024_10_08_11-48-09.jpg,1784,3792,3680,3904,1672,1896,224,SU_peb,pebble,SU_peb,1
2024_10_08_11-48-09.jpg,341,2292,2180,2404,229,453,224,RE_branch,red_algae_branching,manual_update,1
2024_10_08_11-48-09.jpg,3250,653,541,765,3138,3362,224,GR_ulva,green_algae_ulva,GR_ulva,1
2024_10_08_11-48-09.jpg,1329,970,858,1082,1217,1441,224,RE_branch,red_algae_branching,manual_update,1
2024_10_08_11-48-09.jpg,1502,1942,1830,2054,1390,1614,224,RE_leaf,red_algae_flat_leaf,RE_leaf,0.993
2024_10_08_11-48-09.jpg,2997,1441,1329,1553,2885,3109,224,GR_ulva,green_algae_ulva,GR_ulva,0.995
2024_10_08_11-48-09.jpg,2059,1871,1759,1983,1947,2171,224,RE_leaf,red_algae_flat_leaf,RE_leaf,0.998
2024_10_08_11-48-09.jpg,1192,800,688,912,1080,1304,224,RE_branch,red_algae_branching,RE_branch,0.971
2024_10_08_11-48-09.jpg,197,3698,3586,3810,85,309,224,SU_sand,sand_fine_shell,manual_update,1
2024_10_08_11-48-09.jpg,3685,647,535,759,3573,3797,224,GR_ulva,green_algae_ulva,GR_ulva,1
2024_10_08_11-48-09.jpg,3619,4118,4006,4230,3507,3731,224,RE_leaf,red_algae_flat_leaf,manual_update,1
2024_10_08_11-48-09.jpg,414,1625,1513,1737,302,526,224,RE_fil,red_algae_filamentous,RE_fil,0.999
2024_10_08_11-48-09.jpg,773,2973,2861,3085,661,885,224,RE_branch,red_algae_branching,manual_update,1
2024_10_08_11-48-09.jpg,2550,511,399,623,2438,2662,224,SU_silt,silt,SU_silt,0.929
2024_10_08_11-48-09.jpg,216,4184,4072,4296,104,328,224,SU_peb,pebble,manual_update,1
2024_10_08_11-48-09.jpg,2117,3858,3746,3970,2005,2229,224,SU_peb,pebble,SU_peb,0.99
2024_10_08_11-48-09.jpg,1685,2583,2471,2695,1573,1797,224,RE_leaf,red_algae_flat_leaf,RE_leaf,1
2024_10_08_11-48-09.jpg,379,4128,4016,4240,267,491,224,SU_cob,cobble,SU_cob,0.77
2024_10_08_11-48-09.jpg,497,1348,1236,1460,385,609,224,RE_branch,red_algae_branching,manual_update,1
2024_10_08_11-48-09.jpg,3443,1267,1155,1379,3331,3555,224,GR_ulva,green_algae_ulva,GR_ulva,1
2024_10_08_11-48-09.jpg,3839,1544,1432,1656,3727,3951,224,RE_leaf,red_algae_flat_leaf,manual_update,1
2024_10_08_11-48-09.jpg,1480,3906,3794,4018,1368,1592,224,SU_sand,sand_fine_shell,manual_update,1
2024_10_08_11-48-09.jpg,2717,3144,3032,3256,2605,2829,224,SU_bould,boulder,SU_bould,0.979
2024_10_08_11-48-09.jpg,2312,3904,3792,4016,2200,2424,224,SU_peb,pebble,SU_peb,1
2024_10_08_11-48-09.jpg,323,1894,1782,2006,211,435,224,RE_fil,red_algae_filamentous,RE_fil,1
2024_10_08_11-48-09.jpg,2447,3679,3567,3791,2335,2559,224,SU_cob,cobble,manual_update,1
2024_10_08_11-48-18.jpg,2216,2934,2822,3046,2104,2328,224,SU_sand,sand_fine_shell,manual_update,1
2024_10_08_11-48-18.jpg,1957,3139,3027,3251,1845,2069,224,SU_sand,sand_fine_shell,SU_sand,1
2024_10_08_11-48-18.jpg,3699,2504,2392,2616,3587,3811,224,RE_fil,red_algae_filamentous,RE_fil,0.999
2024_10_08_11-48-18.jpg,1235,4247,4135,4359,1123,1347,224,SU_silt,silt,manual_update,1
2024_10_08_11-48-18.jpg,3496,1776,1664,1888,3384,3608,224,RE_fil,red_algae_filamentous,RE_fil,1
2024_10_08_11-48-18.jpg,1977,2236,2124,2348,1865,2089,224,GR_ulva,green_algae_ulva,GR_ulva,1
2024_10_08_11-48-18.jpg,1786,3514,3402,3626,1674,1898,224,SU_sand,sand_fine_shell,SU_sand,1
2024_10_08_11-48-18.jpg,2532,244,132,356,2420,2644,224,SU_anth,anthropogenic,manual_update,1
2024_10_08_11-48-18.jpg,2887,3338,3226,3450,2775,2999,224,RE_fil,red_algae_filamentous,manual_update,1
2024_10_08_11-48-18.jpg,3579,2355,2243,2467,3467,3691,224,RE_fil,red_algae_filamentous,RE_fil,0.997
2024_10_08_11-48-18.jpg,3545,911,799,1023,3433,3657,224,RE_fil,red_algae_filamentous,RE_fil,0.989
2024_10_08_11-48-18.jpg,3815,1507,1395,1619,3703,3927,224,RE_fil,red_algae_filamentous,RE_fil,0.999
2024_10_08_11-48-18.jpg,3659,219,107,331,3547,3771,224,RE_branch,red_algae_branching,RE_branch,1
2024_10_08_11-48-18.jpg,3159,1225,1113,1337,3047,3271,224,RE_fil,red_algae_filamentous,RE_fil,1
2024_10_08_11-48-18.jpg,2633,2339,2227,2451,2521,2745,224,RE_fil,red_algae_filamentous,RE_fil,0.923
2024_10_08_11-48-18.jpg,3357,1687,1575,1799,3245,3469,224,RE_fil,red_algae_filamentous,manual_update,1
2024_10_08_11-48-18.jpg,289,2618,2506,2730,177,401,224,KE_5rib,kelp_five_rib,manual_update,1
2024_10_08_11-48-18.jpg,692,4006,3894,4118,580,804,224,KE_5rib,kelp_five_rib,manual_update,1
2024_10_08_11-48-18.jpg,1746,263,151,375,1634,1858,224,GR_ulva,green_algae_ulva,manual_update,1
2024_10_08_11-48-18.jpg,3798,3872,3760,3984,3686,3910,224,RE_branch,red_algae_branching,RE_branch,0.984
2024_10_08_11-48-18.jpg,2310,1947,1835,2059,2198,2422,224,RE_fil,red_algae_filamentous,RE_fil,1
2024_10_08_11-48-18.jpg,3273,3899,3787,4011,3161,3385,224,RE_branch,red_algae_branching,RE_branch,0.982
2024_10_08_11-48-18.jpg,3915,1192,1080,1304,3803,4027,224,RE_fil,red_algae_filamentous,RE_fil,0.908
2024_10_08_11-48-18.jpg,718,2376,2264,2488,606,830,224,GR_ulva,green_algae_ulva,manual_update,1
2024_10_08_11-48-18.jpg,1496,2373,2261,2485,1384,1608,224,GR_ulva,green_algae_ulva,GR_ulva,1
2024_10_08_11-48-18.jpg,1533,3523,3411,3635,1421,1645,224,SU_sand,sand_fine_shell,SU_sand,1
2024_10_08_11-48-18.jpg,1809,2376,2264,2488,1697,1921,224,GR_ulva,green_algae_ulva,GR_ulva,1
2024_10_08_11-48-18.jpg,3669,3320,3208,3432,3557,3781,224,RE_branch,red_algae_branching,RE_branch,1
2024_10_08_11-48-18.jpg,662,1323,1211,1435,550,774,224,RE_branch,red_algae_branching,manual_update,1
2024_10_08_11-48-18.jpg,2351,3613,3501,3725,2239,2463,224,SU_sand,sand_fine_shell,SU_sand,1
2024_10_08_11-48-18.jpg,2954,2107,1995,2219,2842,3066,224,RE_fil,red_algae_filamentous,RE_fil,0.994
2024_10_08_11-48-18.jpg,3459,1359,1247,1471,3347,3571,224,RE_fil,red_algae_filamentous,RE_fil,0.959
2024_10_08_11-48-18.jpg,2269,1423,1311,1535,2157,2381,224,GR_ulva,green_algae_ulva,GR_ulva,1
2024_10_08_11-48-18.jpg,2603,2568,2456,2680,2491,2715,224,RE_branch,red_algae_branching,manual_update,1
2024_10_08_11-48-18.jpg,3133,2689,2577,2801,3021,3245,224,RE_branch,red_algae_branching,RE_branch,0.994
2024_10_08_11-48-18.jpg,1927,828,716,940,1815,2039,224,GR_ulva,green_algae_ulva,GR_ulva,0.976
2024_10_08_11-48-18.jpg,1599,1992,1880,2104,1487,1711,224,GR_ulva,green_algae_ulva,GR_ulva,1
2024_10_08_11-48-18.jpg,152,4057,3945,4169,40,264,224,SU_sand,sand_fine_shell,SU_sand,0.998
2024_10_08_11-48-18.jpg,1796,1150,1038,1262,1684,1908,224,GR_ulva,green_algae_ulva,GR_ulva,1
2024_10_08_11-48-18.jpg,2761,2802,2690,2914,2649,2873,224,RE_branch,red_algae_branching,manual_update,1
2024_10_08_11-48-18.jpg,2098,980,868,1092,1986,2210,224,GR_ulva,green_algae_ulva,manual_update,1
2024_10_08_11-48-18.jpg,3113,2442,2330,2554,3001,3225,224,RE_fil,red_algae_filamentous,manual_update,1
2024_10_08_11-48-18.jpg,1343,812,700,924,1231,1455,224,RE_branch,red_algae_branching,RE_branch,1
2024_10_08_11-48-18.jpg,2807,2956,2844,3068,2695,2919,224,RE_branch,red_algae_branching,manual_update,1
2024_10_08_11-48-18.jpg,2761,4317,4205,4429,2649,2873,224,RE_leaf,red_algae_flat_leaf,manual_update,1
2024_10_08_11-48-18.jpg,206,1964,1852,2076,94,318,224,SU_silt,silt,manual_update,1
2024_10_08_11-48-18.jpg,2398,3766,3654,3878,2286,2510,224,SU_sand,sand_fine_shell,manual_update,1
2024_10_08_11-48-18.jpg,3770,1733,1621,1845,3658,3882,224,RE_fil,red_algae_filamentous,RE_fil,0.999
2024_10_08_11-48-18.jpg,439,2197,2085,2309,327,551,224,SU_sand,sand_fine_shell,SU_sand,0.991
2024_10_08_11-48-18.jpg,2663,3795,3683,3907,2551,2775,224,RE_branch,red_algae_branching,manual_update,1
2024_10_08_11-48-27.jpg,1733,2063,1951,2175,1621,1845,224,SU_peb,pebble,SU_peb,0.999
2024_10_08_11-48-27.jpg,398,4476,4364,4588,286,510,224,SU_peb,pebble,SU_peb,0.991
2024_10_08_11-48-27.jpg,752,4469,4357,4581,640,864,224,unknown,unknown_area,manual_update,1
2024_10_08_11-48-27.jpg,508,3896,3784,4008,396,620,224,SU_peb,pebble,SU_peb,0.98
2024_10_08_11-48-27.jpg,280,3803,3691,3915,168,392,224,SU_peb,pebble,manual_update,1
2024_10_08_11-48-27.jpg,2995,4072,3960,4184,2883,3107,224,RE_bush,red_algae_bushy,RE_bush,1
2024_10_08_11-48-27.jpg,2393,2532,2420,2644,2281,2505,224,SU_peb,pebble,manual_update,1
2024_10_08_11-48-27.jpg,2394,2213,2101,2325,2282,2506,224,SU_sand,sand_fine_shell,SU_sand,1
2024_10_08_11-48-27.jpg,1128,3542,3430,3654,1016,1240,224,GR_ulva,green_algae_ulva,GR_ulva,1
2024_10_08_11-48-27.jpg,283,523,411,635,171,395,224,SU_silt,silt,SU_silt,0.998
2024_10_08_11-48-27.jpg,1083,1631,1519,1743,971,1195,224,SU_sand,sand_fine_shell,SU_sand,1
2024_10_08_11-48-27.jpg,1451,3058,2946,3170,1339,1563,224,SU_peb,pebble,SU_peb,0.949
2024_10_08_11-48-27.jpg,2514,4088,3976,4200,2402,2626,224,RE_bush,red_algae_bushy,RE_bush,1
2024_10_08_11-48-27.jpg,3501,3500,3388,3612,3389,3613,224,SU_silt,silt,SU_silt,0.95
2024_10_08_11-48-27.jpg,3526,2284,2172,2396,3414,3638,224,SU_peb,pebble,SU_peb,0.827
2024_10_08_11-48-27.jpg,1732,2410,2298,2522,1620,1844,224,SU_sand,sand_fine_shell,manual_update,1
2024_10_08_11-48-27.jpg,1121,808,696,920,1009,1233,224,SU_sand,sand_fine_shell,SU_sand,0.931
2024_10_08_11-48-27.jpg,2290,3163,3051,3275,2178,2402,224,GR_ulva,green_algae_ulva,GR_ulva,1
2024_10_08_11-48-27.jpg,2549,3582,3470,3694,2437,2661,224,SU_sand,sand_fine_shell,manual_update,1
2024_10_08_11-48-27.jpg,428,301,189,413,316,540,224,SU_sand,sand_fine_shell,SU_sand,1
2024_10_08_11-48-27.jpg,2784,3025,2913,3137,2672,2896,224,SU_cob,cobble,manual_update,1
2024_10_08_11-48-27.jpg,3465,494,382,606,3353,3577,224,GR_ulva,green_algae_ulva,manual_update,1
2024_10_08_11-48-27.jpg,1223,3273,3161,3385,1111,1335,224,GR_ulva,green_algae_ulva,GR_ulva,1
2024_10_08_11-48-27.jpg,2040,2765,2653,2877,1928,2152,224,SU_sand,sand_fine_shell,SU_sand,0.907
2024_10_08_11-48-27.jpg,2758,2903,2791,3015,2646,2870,224,SU_peb,pebble,SU_peb,0.995
2024_10_08_11-48-27.jpg,2886,1754,1642,1866,2774,2998,224,SU_sand,sand_fine_shell,SU_sand,1
2024_10_08_11-48-27.jpg,2672,3558,3446,3670,2560,2784,224,GR_ulva,green_algae_ulva,GR_ulva,0.925
2024_10_08_11-48-27.jpg,2280,2255,2143,2367,2168,2392,224,SU_sand,sand_fine_shell,SU_sand,1
2024_10_08_11-48-27.jpg,3823,2706,2594,2818,3711,3935,224,BR_sarg,brown_algae_sargassum,BR_sarg,1
2024_10_08_11-48-27.jpg,3134,4023,3911,4135,3022,3246,224,SU_sand,sand_fine_shell,SU_sand,0.979
2024_10_08_11-48-27.jpg,960,1439,1327,1551,848,1072,224,SU_sand,sand_fine_shell,SU_sand,1
2024_10_08_11-48-27.jpg,2797,4253,4141,4365,2685,2909,224,SU_sand,sand_fine_shell,SU_sand,0.999
2024_10_08_11-48-27.jpg,1068,3318,3206,3430,956,1180,224,GR_ulva,green_algae_ulva,GR_ulva,1
2024_10_08_11-48-27.jpg,1773,4429,4317,4541,1661,1885,224,GR_ulva,green_algae_ulva,GR_ulva,1
2024_10_08_11-48-27.jpg,1565,1005,893,1117,1453,1677,224,SU_peb,pebble,SU_peb,0.951
2024_10_08_11-48-27.jpg,1864,575,463,687,1752,1976,224,SU_sand,sand_fine_shell,SU_sand,1
2024_10_08_11-48-27.jpg,1339,4212,4100,4324,1227,1451,224,RE_bush,red_algae_bushy,RE_bush,1
2024_10_08_11-48-27.jpg,3741,3386,3274,3498,3629,3853,224,BR_sarg,brown_algae_sargassum,manual_update,1
2024_10_08_11-48-27.jpg,1844,3215,3103,3327,1732,1956,224,SU_sand,sand_fine_shell,SU_sand,0.999
2024_10_08_11-48-27.jpg,687,1134,1022,1246,575,799,224,SU_sand,sand_fine_shell,SU_sand,0.728
2024_10_08_11-48-27.jpg,2417,3309,3197,3421,2305,2529,224,GR_ulva,green_algae_ulva,GR_ulva,1
2024_10_08_11-48-27.jpg,3108,3769,3657,3881,2996,3220,224,SU_silt,silt,SU_silt,0.997
2024_10_08_11-48-27.jpg,1794,955,843,1067,1682,1906,224,SU_sand,sand_fine_shell,SU_sand,0.997
2024_10_08_11-48-27.jpg,2331,1016,904,1128,2219,2443,224,SU_sand,sand_fine_shell,SU_sand,0.933
2024_10_08_11-48-27.jpg,3314,3014,2902,3126,3202,3426,224,GR_ulva,green_algae_ulva,manual_update,1
2024_10_08_11-48-27.jpg,1235,2481,2369,2593,1123,1347,224,GR_ulva,green_algae_ulva,GR_ulva,0.916
2024_10_08_11-48-27.jpg,958,3962,3850,4074,846,1070,224,RE_bush,red_algae_bushy,RE_bush,0.972
2024_10_08_11-48-27.jpg,1297,1692,1580,1804,1185,1409,224,SU_sand,sand_fine_shell,manual_update,1
2024_10_08_11-48-27.jpg,1923,1198,1086,1310,1811,2035,224,RE_bush,red_algae_bushy,RE_bush,1
2024_10_08_11-48-27.jpg,1201,3152,3040,3264,1089,1313,224,GR_ulva,green_algae_ulva,GR_ulva,0.997
2024_10_08_11-48-36.jpg,1926,4137,4025,4249,1814,2038,224,SU_peb,pebble,manual_update,1
2024_10_08_11-48-36.jpg,3099,4489,4377,4601,2987,3211,224,RE_bush,red_algae_bushy,manual_update,1
2024_10_08_11-48-36.jpg,2478,4027,3915,4139,2366,2590,224,RE_bush,red_algae_bushy,manual_update,1
2024_10_08_11-48-36.jpg,3624,1927,1815,2039,3512,3736,224,SU_sand,sand_fine_shell,manual_update,1
2024_10_08_11-48-36.jpg,2347,2365,2253,2477,2235,2459,224,KE_5rib,kelp_five_rib,KE_5rib,1
2024_10_08_11-48-36.jpg,2800,3768,3656,3880,2688,2912,224,RE_bush,red_algae_bushy,RE_bush,1
2024_10_08_11-48-36.jpg,3272,1512,1400,1624,3160,3384,224,KE_5rib,kelp_five_rib,KE_5rib,1
2024_10_08_11-48-36.jpg,1774,693,581,805,1662,1886,224,RE_bush,red_algae_bushy,RE_bush,1
2024_10_08_11-48-36.jpg,967,1518,1406,1630,855,1079,224,RE_fil,red_algae_filamentous,manual_update,1
2024_10_08_11-48-36.jpg,2083,1243,1131,1355,1971,2195,224,BR_sarg,brown_algae_sargassum,BR_sarg,1
2024_10_08_11-48-36.jpg,3903,1618,1506,1730,3791,4015,224,KE_5rib,kelp_five_rib,KE_5rib,0.997
2024_10_08_11-48-36.jpg,523,403,291,515,411,635,224,RE_bush,red_algae_bushy,manual_update,1
2024_10_08_11-48-36.jpg,1345,1433,1321,1545,1233,1457,224,GR_ulva,green_algae_ulva,GR_ulva,1
2024_10_08_11-48-36.jpg,3414,3992,3880,4104,3302,3526,224,RE_fil,red_algae_filamentous,RE_fil,0.952
2024_10_08_11-48-36.jpg,1386,2483,2371,2595,1274,1498,224,SU_peb,pebble,SU_peb,1
2024_10_08_11-48-36.jpg,2005,2076,1964,2188,1893,2117,224,KE_5rib,kelp_five_rib,manual_update,1
2024_10_08_11-48-36.jpg,1655,4489,4377,4601,1543,1767,224,KE_sugar,kelp_sugar,manual_update,1
2024_10_08_11-48-36.jpg,3137,1787,1675,1899,3025,3249,224,KE_5rib,kelp_five_rib,KE_5rib,1
2024_10_08_11-48-36.jpg,3303,1696,1584,1808,3191,3415,224,KE_5rib,kelp_five_rib,KE_5rib,1
2024_10_08_11-48-36.jpg,1276,2827,2715,2939,1164,1388,224,KE_sugar,kelp_sugar,manual_update,1
2024_10_08_11-48-36.jpg,3551,620,508,732,3439,3663,224,BR_sarg,brown_algae_sargassum,manual_update,1
2024_10_08_11-48-36.jpg,2923,3155,3043,3267,2811,3035,224,SU_sand,sand_fine_shell,manual_update,1
2024_10_08_11-48-36.jpg,2439,4278,4166,4390,2327,2551,224,RE_bush,red_algae_bushy,manual_update,1
2024_10_08_11-48-36.jpg,2799,1733,1621,1845,2687,2911,224,KE_5rib,kelp_five_rib,KE_5rib,1
2024_10_08_11-48-36.jpg,1563,1809,1697,1921,1451,1675,224,RE_fil,red_algae_filamentous,manual_update,1
2024_10_08_11-48-36.jpg,3348,260,148,372,3236,3460,224,BR_sarg,brown_algae_sargassum,manual_update,1
2024_10_08_11-48-36.jpg,424,1229,1117,1341,312,536,224,KE_sugar,kelp_sugar,KE_sugar,1
2024_10_08_11-48-36.jpg,2568,2429,2317,2541,2456,2680,224,KE_5rib,kelp_five_rib,KE_5rib,1
2024_10_08_11-48-36.jpg,3009,3406,3294,3518,2897,3121,224,SU_sand,sand_fine_shell,manual_update,1
2024_10_08_11-48-36.jpg,1218,4328,4216,4440,1106,1330,224,SU_peb,pebble,SU_peb,0.949
2024_10_08_11-48-36.jpg,2139,351,239,463,2027,2251,224,GR_ulva,green_algae_ulva,GR_ulva,1
2024_10_08_11-48-36.jpg,364,3049,2937,3161,252,476,224,SU_cob,cobble,manual_update,1
2024_10_08_11-48-36.jpg,655,3041,2929,3153,543,767,224,RE_branch,red_algae_branching,manual_update,1
2024_10_08_11-48-36.jpg,247,1643,1531,1755,135,359,224,SU_sand,sand_fine_shell,SU_sand,0.99
2024_10_08_11-48-36.jpg,3613,3020,2908,3132,3501,3725,224,SU_peb,pebble,SU_peb,1
2024_10_08_11-48-36.jpg,1975,1001,889,1113,1863,2087,224,SU_sand,sand_fine_shell,manual_update,1
2024_10_08_11-48-36.jpg,1997,2217,2105,2329,1885,2109,224,SU_peb,pebble,SU_peb,0.934
2024_10_08_11-48-36.jpg,2379,1652,1540,1764,2267,2491,224,BR_sarg,brown_algae_sargassum,manual_update,1
2024_10_08_11-48-36.jpg,1782,1916,1804,2028,1670,1894,224,RE_bush,red_algae_bushy,RE_bush,1
2024_10_08_11-48-36.jpg,2368,2556,2444,2668,2256,2480,224,KE_5rib,kelp_five_rib,manual_update,1
2024_10_08_11-48-36.jpg,2512,531,419,643,2400,2624,224,GR_ulva,green_algae_ulva,GR_ulva,0.974
2024_10_08_11-48-36.jpg,1097,360,248,472,985,1209,224,RE_bush,red_algae_bushy,RE_bush,1
2024_10_08_11-48-36.jpg,207,1441,1329,1553,95,319,224,SU_silt,silt,manual_update,1
2024_10_08_11-48-36.jpg,418,1565,1453,1677,306,530,224,SU_silt,silt,manual_update,1
2024_10_08_11-48-36.jpg,648,3758,3646,3870,536,760,224,GR_ulva,green_algae_ulva,GR_ulva,0.998
2024_10_08_11-48-36.jpg,2575,3715,3603,3827,2463,2687,224,SU_peb,pebble,manual_update,1
2024_10_08_11-48-36.jpg,2562,822,710,934,2450,2674,224,GR_ulva,green_algae_ulva,GR_ulva,1
2024_10_08_11-48-36.jpg,2923,4465,4353,4577,2811,3035,224,SU_sand,sand_fine_shell,SU_sand,1
2024_10_08_11-48-36.jpg,1968,3440,3328,3552,1856,2080,224,GR_ulva,green_algae_ulva,GR_ulva,1
2024_10_08_11-48-36.jpg,3266,954,842,1066,3154,3378,224,BR_sarg,brown_algae_sargassum,manual_update,1
2024_10_08_11-48-45.jpg,3052,2556,2444,2668,2940,3164,224,RE_fil,red_algae_filamentous,RE_fil,0.966
2024_10_08_11-48-45.jpg,1290,2773,2661,2885,1178,1402,224,GR_ulva,green_algae_ulva,GR_ulva,1
2024_10_08_11-48-45.jpg,912,1652,1540,1764,800,1024,224,GR_ulva,green_algae_ulva,GR_ulva,1
2024_10_08_11-48-45.jpg,3860,2147,2035,2259,3748,3972,224,RE_bush,red_algae_bushy,RE_bush,1
2024_10_08_11-48-45.jpg,3492,1071,959,1183,3380,3604,224,GR_ulva,green_algae_ulva,GR_ulva,1
2024_10_08_11-48-45.jpg,2542,293,181,405,2430,2654,224,GR_ulva,green_algae_ulva,GR_ulva,0.984
2024_10_08_11-48-45.jpg,253,3607,3495,3719,141,365,224,GR_ulva,green_algae_ulva,manual_update,1
2024_10_08_11-48-45.jpg,3154,690,578,802,3042,3266,224,GR_ulva,green_algae_ulva,GR_ulva,1
2024_10_08_11-48-45.jpg,1883,2257,2145,2369,1771,1995,224,GR_ulva,green_algae_ulva,GR_ulva,0.996
2024_10_08_11-48-45.jpg,778,647,535,759,666,890,224,GR_ulva,green_algae_ulva,manual_update,1
2024_10_08_11-48-45.jpg,2092,383,271,495,1980,2204,224,RE_branch,red_algae_branching,RE_branch,0.916
2024_10_08_11-48-45.jpg,1801,448,336,560,1689,1913,224,RE_branch,red_algae_branching,manual_update,1
2024_10_08_11-48-45.jpg,1919,3483,3371,3595,1807,2031,224,RE_branch,red_algae_branching,manual_update,1
2024_10_08_11-48-45.jpg,2137,1159,1047,1271,2025,2249,224,GR_ulva,green_algae_ulva,GR_ulva,1
2024_10_08_11-48-45.jpg,1521,459,347,571,1409,1633,224,GR_ulva,green_algae_ulva,GR_ulva,0.97
2024_10_08_11-48-45.jpg,385,1502,1390,1614,273,497,224,SU_peb,pebble,manual_update,1
2024_10_08_11-48-45.jpg,2481,1431,1319,1543,2369,2593,224,GR_ulva,green_algae_ulva,GR_ulva,1
2024_10_08_11-48-45.jpg,3408,243,131,355,3296,3520,224,SU_silt,silt,SU_silt,0.985
2024_10_08_11-48-45.jpg,1405,665,553,777,1293,1517,224,GR_ulva,green_algae_ulva,GR_ulva,0.999
2024_10_08_11-48-45.jpg,545,3787,3675,3899,433,657,224,GR_ulva,green_algae_ulva,GR_ulva,0.995
2024_10_08_11-48-45.jpg,3026,3063,2951,3175,2914,3138,224,SU_sand,sand_fine_shell,SU_sand,0.997
2024_10_08_11-48-45.jpg,3520,227,115,339,3408,3632,224,SU_silt,silt,SU_silt,0.912
2024_10_08_11-48-45.jpg,3041,1989,1877,2101,2929,3153,224,RE_leaf,red_algae_flat_leaf,RE_leaf,1
2024_10_08_11-48-45.jpg,3589,3929,3817,4041,3477,3701,224,GR_ulva,green_algae_ulva,GR_ulva,1
2024_10_08_11-48-45.jpg,1168,2223,2111,2335,1056,1280,224,GR_ulva,green_algae_ulva,GR_ulva,0.998
2024_10_08_11-48-45.jpg,1669,2609,2497,2721,1557,1781,224,GR_ulva,green_algae_ulva,GR_ulva,0.998
2024_10_08_11-48-45.jpg,1111,3425,3313,3537,999,1223,224,RE_branch,red_algae_branching,manual_update,1
2024_10_08_11-48-45.jpg,2178,1976,1864,2088,2066,2290,224,GR_ulva,green_algae_ulva,GR_ulva,1
2024_10_08_11-48-45.jpg,3127,2759,2647,2871,3015,3239,224,RE_bush,red_algae_bushy,RE_bush,1
2024_10_08_11-48-45.jpg,2677,4439,4327,4551,2565,2789,224,unknown,unknown_area,manual_update,1
2024_10_08_11-48-45.jpg,787,3675,3563,3787,675,899,224,GR_ulva,green_algae_ulva,GR_ulva,1
2024_10_08_11-48-45.jpg,3502,1220,1108,1332,3390,3614,224,GR_ulva,green_algae_ulva,GR_ulva,1
2024_10_08_11-48-45.jpg,373,2062,1950,2174,261,485,224,GR_ulva,green_algae_ulva,GR_ulva,1
2024_10_08_11-48-45.jpg,2114,3482,3370,3594,2002,2226,224,SU_peb,pebble,manual_update,1
2024_10_08_11-48-45.jpg,2037,2757,2645,2869,1925,2149,224,GR_ulva,green_algae_ulva,manual_update,1
2024_10_08_11-48-45.jpg,1588,3374,3262,3486,1476,1700,224,RE_branch,red_algae_branching,manual_update,1
2024_10_08_11-48-45.jpg,569,3675,3563,3787,457,681,224,GR_ulva,green_algae_ulva,manual_update,1
2024_10_08_11-48-45.jpg,1030,2367,2255,2479,918,1142,224,GR_ulva,green_algae_ulva,GR_ulva,1
2024_10_08_11-48-45.jpg,634,2574,2462,2686,522,746,224,GR_ulva,green_algae_ulva,GR_ulva,1
2024_10_08_11-48-45.jpg,1838,3920,3808,4032,1726,1950,224,GR_ulva,green_algae_ulva,manual_update,1
2024_10_08_11-48-45.jpg,2253,1832,1720,1944,2141,2365,224,GR_ulva,green_algae_ulva,GR_ulva,1
2024_10_08_11-48-45.jpg,1723,3732,3620,3844,1611,1835,224,RE_branch,red_algae_branching,manual_update,1
2024_10_08_11-48-45.jpg,1499,992,880,1104,1387,1611,224,GR_ulva,green_algae_ulva,GR_ulva,1
2024_10_08_11-48-45.jpg,661,1541,1429,1653,549,773,224,GR_ulva,green_algae_ulva,GR_ulva,1
2024_10_08_11-48-45.jpg,2293,2259,2147,2371,2181,2405,224,GR_ulva,green_algae_ulva,GR_ulva,1
2024_10_08_11-48-45.jpg,2836,3902,3790,4014,2724,2948,224,SU_sand,sand_fine_shell,SU_sand,1
2024_10_08_11-48-45.jpg,2805,1951,1839,2063,2693,2917,224,GR_ulva,green_algae_ulva,GR_ulva,0.995
2024_10_08_11-48-45.jpg,3452,1991,1879,2103,3340,3564,224,RE_bush,red_algae_bushy,manual_update,1
2024_10_08_11-48-45.jpg,2875,3617,3505,3729,2763,2987,224,SU_sand,sand_fine_shell,manual_update,1
2024_10_08_11-48-45.jpg,1744,1025,913,1137,1632,1856,224,GR_ulva,green_algae_ulva,GR_ulva,1
2024_10_08_11-48-54.jpg,2759,709,597,821,2647,2871,224,GR_ulva,green_algae_ulva,manual_update,1
2024_10_08_11-48-54.jpg,941,3670,3558,3782,829,1053,224,GR_ulva,green_algae_ulva,manual_update,1
2024_10_08_11-48-54.jpg,2910,4271,4159,4383,2798,3022,224,GR_ulva,green_algae_ulva,GR_ulva,0.998
2024_10_08_11-48-54.jpg,3329,1262,1150,1374,3217,3441,224,GR_ulva,green_algae_ulva,GR_ulva,0.994
2024_10_08_11-48-54.jpg,2435,3238,3126,3350,2323,2547,224,RE_branch,red_algae_branching,manual_update,1
2024_10_08_11-48-54.jpg,892,723,611,835,780,1004,224,GR_ulva,green_algae_ulva,GR_ulva,1
2024_10_08_11-48-54.jpg,3281,561,449,673,3169,3393,224,GR_ulva,green_algae_ulva,GR_ulva,1
2024_10_08_11-48-54.jpg,3739,916,804,1028,3627,3851,224,RE_branch,red_algae_branching,manual_update,1
2024_10_08_11-48-54.jpg,3274,2206,2094,2318,3162,3386,224,RE_branch,red_algae_branching,RE_branch,1
2024_10_08_11-48-54.jpg,2592,1081,969,1193,2480,2704,224,GR_ulva,green_algae_ulva,GR_ulva,0.981
2024_10_08_11-48-54.jpg,3875,2213,2101,2325,3763,3987,224,RE_branch,red_algae_branching,manual_update,1
2024_10_08_11-48-54.jpg,156,2081,1969,2193,44,268,224,SU_silt,silt,manual_update,1
2024_10_08_11-48-54.jpg,2656,2611,2499,2723,2544,2768,224,RE_branch,red_algae_branching,manual_update,1
2024_10_08_11-48-54.jpg,3118,1475,1363,1587,3006,3230,224,GR_ulva,green_algae_ulva,GR_ulva,1
2024_10_08_11-48-54.jpg,3463,2940,2828,3052,3351,3575,224,RE_branch,red_algae_branching,manual_update,1
2024_10_08_11-48-54.jpg,3674,4243,4131,4355,3562,3786,224,unknown,unknown_area,manual_update,1
2024_10_08_11-48-54.jpg,1081,3412,3300,3524,969,1193,224,GR_ulva,green_algae_ulva,manual_update,1
2024_10_08_11-48-54.jpg,625,4437,4325,4549,513,737,224,GR_ulva,green_algae_ulva,GR_ulva,0.943
2024_10_08_11-48-54.jpg,2430,1496,1384,1608,2318,2542,224,GR_ulva,green_algae_ulva,GR_ulva,0.995
2024_10_08_11-48-54.jpg,987,3262,3150,3374,875,1099,224,GR_ulva,green_algae_ulva,GR_ulva,1
2024_10_08_11-48-54.jpg,3880,4442,4330,4554,3768,3992,224,unknown,unknown_area,manual_update,1
2024_10_08_11-48-54.jpg,3206,808,696,920,3094,3318,224,GR_ulva,green_algae_ulva,GR_ulva,1
2024_10_08_11-48-54.jpg,3351,3787,3675,3899,3239,3463,224,GR_ulva,green_algae_ulva,GR_ulva,1
2024_10_08_11-48-54.jpg,578,1459,1347,1571,466,690,224,GR_ulva,green_algae_ulva,GR_ulva,0.999
2024_10_08_11-48-54.jpg,3344,2980,2868,3092,3232,3456,224,RE_branch,red_algae_branching,RE_branch,0.997
2024_10_08_11-48-54.jpg,1338,1578,1466,1690,1226,1450,224,GR_ulva,green_algae_ulva,GR_ulva,0.998
2024_10_08_11-48-54.jpg,685,4117,4005,4229,573,797,224,GR_ulva,green_algae_ulva,GR_ulva,0.591
2024_10_08_11-48-54.jpg,2946,404,292,516,2834,3058,224,GR_ulva,green_algae_ulva,GR_ulva,0.985
2024_10_08_11-48-54.jpg,2526,4139,4027,4251,2414,2638,224,GR_ulva,green_algae_ulva,GR_ulva,0.995
2024_10_08_11-48-54.jpg,1329,1173,1061,1285,1217,1441,224,GR_ulva,green_algae_ulva,GR_ulva,1
2024_10_08_11-48-54.jpg,2013,1657,1545,1769,1901,2125,224,GR_ulva,green_algae_ulva,GR_ulva,0.903
2024_10_08_11-48-54.jpg,269,1702,1590,1814,157,381,224,GR_ulva,green_algae_ulva,GR_ulva,0.966
2024_10_08_11-48-54.jpg,1917,4108,3996,4220,1805,2029,224,GR_ulva,green_algae_ulva,GR_ulva,0.977
2024_10_08_11-48-54.jpg,3754,1294,1182,1406,3642,3866,224,GR_ulva,green_algae_ulva,manual_update,1
2024_10_08_11-48-54.jpg,3665,1899,1787,2011,3553,3777,224,RE_branch,red_algae_branching,RE_branch,1
2024_10_08_11-48-54.jpg,3264,2481,2369,2593,3152,3376,224,GR_ulva,green_algae_ulva,GR_ulva,1
2024_10_08_11-48-54.jpg,249,518,406,630,137,361,224,GR_ulva,green_algae_ulva,GR_ulva,1
2024_10_08_11-48-54.jpg,546,577,465,689,434,658,224,GR_ulva,green_algae_ulva,GR_ulva,1
2024_10_08_11-48-54.jpg,2743,2851,2739,2963,2631,2855,224,RE_branch,red_algae_branching,RE_branch,1
2024_10_08_11-48-54.jpg,2484,2153,2041,2265,2372,2596,224,SU_cob,cobble,manual_update,1
2024_10_08_11-48-54.jpg,432,1648,1536,1760,320,544,224,GR_ulva,green_algae_ulva,GR_ulva,0.996
2024_10_08_11-48-54.jpg,2589,3709,3597,3821,2477,2701,224,RE_branch,red_algae_branching,RE_branch,0.976
2024_10_08_11-48-54.jpg,3214,336,224,448,3102,3326,224,GR_ulva,green_algae_ulva,manual_update,1
2024_10_08_11-48-54.jpg,489,4117,4005,4229,377,601,224,GR_ulva,green_algae_ulva,GR_ulva,0.991
2024_10_08_11-48-54.jpg,494,3899,3787,4011,382,606,224,GR_ulva,green_algae_ulva,GR_ulva,1
2024_10_08_11-48-54.jpg,3080,3866,3754,3978,2968,3192,224,GR_ulva,green_algae_ulva,GR_ulva,0.997
2024_10_08_11-48-54.jpg,3336,3117,3005,3229,3224,3448,224,SU_bould,boulder,manual_update,1
2024_10_08_11-48-54.jpg,2282,1754,1642,1866,2170,2394,224,RE_branch,red_algae_branching,manual_update,1
2024_10_08_11-48-54.jpg,1553,2921,2809,3033,1441,1665,224,SU_sand,sand_fine_shell,manual_update,1
2024_10_08_11-48-54.jpg,2290,2338,2226,2450,2178,2402,224,SU_sand,sand_fine_shell,manual_update,1
2024_10_08_11-49-03.jpg,1439,4287,4175,4399,1327,1551,224,SU_peb,pebble,manual_update,1
2024_10_08_11-49-03.jpg,792,911,799,1023,680,904,224,BR_sarg,brown_algae_sargassum,manual_update,1
2024_10_08_11-49-03.jpg,2200,455,343,567,2088,2312,224,unknown,unknown_area,manual_update,1
2024_10_08_11-49-03.jpg,2842,132,20,244,2730,2954,224,GR_ulva,green_algae_ulva,GR_ulva,1
2024_10_08_11-49-03.jpg,2024,3912,3800,4024,1912,2136,224,SU_peb,pebble,SU_peb,0.923
2024_10_08_11-49-03.jpg,2785,340,228,452,2673,2897,224,GR_ulva,green_algae_ulva,GR_ulva,1
2024_10_08_11-49-03.jpg,258,3824,3712,3936,146,370,224,SU_peb,pebble,manual_update,1
2024_10_08_11-49-03.jpg,2400,1197,1085,1309,2288,2512,224,SU_sand,sand_fine_shell,SU_sand,0.922
2024_10_08_11-49-03.jpg,372,1704,1592,1816,260,484,224,BR_sarg,brown_algae_sargassum,BR_sarg,0.966
2024_10_08_11-49-03.jpg,876,3999,3887,4111,764,988,224,SU_sand,sand_fine_shell,SU_sand,0.956
2024_10_08_11-49-03.jpg,1036,2323,2211,2435,924,1148,224,RE_branch,red_algae_branching,manual_update,1
2024_10_08_11-49-03.jpg,3623,566,454,678,3511,3735,224,GR_ulva,green_algae_ulva,GR_ulva,1
2024_10_08_11-49-03.jpg,2118,4378,4266,4490,2006,2230,224,SU_sand,sand_fine_shell,SU_sand,1
2024_10_08_11-49-03.jpg,2365,2727,2615,2839,2253,2477,224,RE_branch,red_algae_branching,RE_branch,1
2024_10_08_11-49-03.jpg,273,1449,1337,1561,161,385,224,BR_sarg,brown_algae_sargassum,BR_sarg,0.922
2024_10_08_11-49-03.jpg,276,4296,4184,4408,164,388,224,RE_fil,red_algae_filamentous,RE_fil,1
2024_10_08_11-49-03.jpg,422,4404,4292,4516,310,534,224,RE_fil,red_algae_filamentous,RE_fil,1
2024_10_08_11-49-03.jpg,2354,892,780,1004,2242,2466,224,RE_bush,red_algae_bushy,RE_bush,1
2024_10_08_11-49-03.jpg,1085,2938,2826,3050,973,1197,224,GR_ulva,green_algae_ulva,GR_ulva,1
2024_10_08_11-49-03.jpg,3380,4162,4050,4274,3268,3492,224,GR_ulva,green_algae_ulva,manual_update,1
2024_10_08_11-49-03.jpg,3017,1386,1274,1498,2905,3129,224,SU_silt,silt,manual_update,1
2024_10_08_11-49-03.jpg,254,1074,962,1186,142,366,224,BR_sarg,brown_algae_sargassum,manual_update,1
2024_10_08_11-49-03.jpg,593,3298,3186,3410,481,705,224,GR_ulva,green_algae_ulva,GR_ulva,0.989
2024_10_08_11-49-03.jpg,1519,2517,2405,2629,1407,1631,224,RE_branch,red_algae_branching,RE_branch,0.999
2024_10_08_11-49-03.jpg,783,1942,1830,2054,671,895,224,SU_sand,sand_fine_shell,manual_update,1
2024_10_08_11-49-03.jpg,565,2507,2395,2619,453,677,224,GR_ulva,green_algae_ulva,GR_ulva,1
2024_10_08_11-49-03.jpg,1893,4155,4043,4267,1781,2005,224,SU_peb,pebble,manual_update,1
2024_10_08_11-49-03.jpg,307,567,455,679,195,419,224,BR_sarg,brown_algae_sargassum,manual_update,1
2024_10_08_11-49-03.jpg,815,425,313,537,703,927,224,RE_leaf,red_algae_flat_leaf,manual_update,1
2024_10_08_11-49-03.jpg,1806,2698,2586,2810,1694,1918,224,BR_sarg,brown_algae_sargassum,BR_sarg,1
2024_10_08_11-49-03.jpg,2174,1689,1577,1801,2062,2286,224,RE_bush,red_algae_bushy,RE_bush,1
2024_10_08_11-49-03.jpg,1996,1314,1202,1426,1884,2108,224,SU_peb,pebble,manual_update,1
2024_10_08_11-49-03.jpg,2152,3619,3507,3731,2040,2264,224,RE_leaf,red_algae_flat_leaf,manual_update,1
2024_10_08_11-49-03.jpg,2315,770,658,882,2203,2427,224,RE_bush,red_algae_bushy,RE_bush,1
2024_10_08_11-49-03.jpg,2315,3615,3503,3727,2203,2427,224,RE_leaf,red_algae_flat_leaf,manual_update,1
2024_10_08_11-49-03.jpg,3470,3219,3107,3331,3358,3582,224,GR_ulva,green_algae_ulva,GR_ulva,1
2024_10_08_11-49-03.jpg,114,2985,2873,3097,2,226,224,SU_sand,sand_fine_shell,SU_sand,0.962
2024_10_08_11-49-03.jpg,3532,3569,3457,3681,3420,3644,224,SU_sand,sand_fine_shell,manual_update,1
2024_10_08_11-49-03.jpg,3681,1472,1360,1584,3569,3793,224,GR_ulva,green_algae_ulva,GR_ulva,1
2024_10_08_11-49-03.jpg,2813,2408,2296,2520,2701,2925,224,GR_ulva,green_algae_ulva,GR_ulva,1
2024_10_08_11-49-03.jpg,481,2733,2621,2845,369,593,224,GR_ulva,green_algae_ulva,GR_ulva,1
2024_10_08_11-49-03.jpg,2089,3105,2993,3217,1977,2201,224,RE_leaf,red_algae_flat_leaf,manual_update,1
2024_10_08_11-49-03.jpg,972,1563,1451,1675,860,1084,224,BR_sarg,brown_algae_sargassum,manual_update,1
2024_10_08_11-49-03.jpg,433,1182,1070,1294,321,545,224,BR_sarg,brown_algae_sargassum,manual_update,1
2024_10_08_11-49-03.jpg,1498,3445,3333,3557,1386,1610,224,RE_leaf,red_algae_flat_leaf,RE_leaf,1
2024_10_08_11-49-03.jpg,578,4177,4065,4289,466,690,224,SU_peb,pebble,manual_update,1
2024_10_08_11-49-03.jpg,1889,547,435,659,1777,2001,224,BR_sarg,brown_algae_sargassum,manual_update,1
2024_10_08_11-49-03.jpg,3007,3266,3154,3378,2895,3119,224,RE_leaf,red_algae_flat_leaf,manual_update,1
2024_10_08_11-49-03.jpg,595,444,332,556,483,707,224,BR_sarg,brown_algae_sargassum,manual_update,1
2024_10_08_11-49-03.jpg,1699,3189,3077,3301,1587,1811,224,RE_leaf,red_algae_flat_leaf,RE_leaf,1
2024_10_08_11-49-12.jpg,1362,880,768,992,1250,1474,224,SU_peb,pebble,manual_update,1
2024_10_08_11-49-12.jpg,2880,254,142,366,2768,2992,224,unknown,unknown_area,manual_update,1
2024_10_08_11-49-12.jpg,2048,2639,2527,2751,1936,2160,224,KE_sugar,kelp_sugar,KE_sugar,0.999
2024_10_08_11-49-12.jpg,1363,2365,2253,2477,1251,1475,224,SU_peb,pebble,SU_peb,0.948
2024_10_08_11-49-12.jpg,3156,3213,3101,3325,3044,3268,224,GR_ulva,green_algae_ulva,GR_ulva,1
2024_10_08_11-49-12.jpg,170,223,111,335,58,282,224,RE_fil,red_algae_filamentous,manual_update,1
2024_10_08_11-49-12.jpg,2810,4257,4145,4369,2698,2922,224,RE_branch,red_algae_branching,manual_update,1
2024_10_08_11-49-12.jpg,3033,4280,4168,4392,2921,3145,224,unknown,unknown_area,manual_update,1
2024_10_08_11-49-12.jpg,1271,2731,2619,2843,1159,1383,224,GR_ulva,green_algae_ulva,GR_ulva,1
2024_10_08_11-49-12.jpg,474,3785,3673,3897,362,586,224,RE_branch,red_algae_branching,manual_update,1
2024_10_08_11-49-12.jpg,3259,2427,2315,2539,3147,3371,224,GR_ulva,green_algae_ulva,GR_ulva,1
2024_10_08_11-49-12.jpg,3907,1882,1770,1994,3795,4019,224,SU_sand,sand_fine_shell,manual_update,1
2024_10_08_11-49-12.jpg,1836,2339,2227,2451,1724,1948,224,KE_sugar,kelp_sugar,manual_update,1
2024_10_08_11-49-12.jpg,1236,1965,1853,2077,1124,1348,224,SU_sand,sand_fine_shell,SU_sand,0.999
2024_10_08_11-49-12.jpg,449,501,389,613,337,561,224,RE_fil,red_algae_filamentous,RE_fil,1
2024_10_08_11-49-12.jpg,1204,1099,987,1211,1092,1316,224,GR_ulva,green_algae_ulva,GR_ulva,1
2024_10_08_11-49-12.jpg,2537,793,681,905,2425,2649,224,SU_peb,pebble,SU_peb,0.975
2024_10_08_11-49-12.jpg,3298,3137,3025,3249,3186,3410,224,GR_ulva,green_algae_ulva,manual_update,1
2024_10_08_11-49-12.jpg,1922,230,118,342,1810,2034,224,SU_sand,sand_fine_shell,manual_update,1
2024_10_08_11-49-12.jpg,3119,2206,2094,2318,3007,3231,224,GR_ulva,green_algae_ulva,manual_update,1
2024_10_08_11-49-12.jpg,2830,366,254,478,2718,2942,224,GR_ulva,green_algae_ulva,manual_update,1
2024_10_08_11-49-12.jpg,681,1141,1029,1253,569,793,224,RE_branch,red_algae_branching,manual_update,1
2024_10_08_11-49-12.jpg,189,1016,904,1128,77,301,224,RE_branch,red_algae_branching,manual_update,1
2024_10_08_11-49-12.jpg,2384,3713,3601,3825,2272,2496,224,RE_bush,red_algae_bushy,RE_bush,1
2024_10_08_11-49-12.jpg,1696,3505,3393,3617,1584,1808,224,RE_fil,red_algae_filamentous,manual_update,1
2024_10_08_11-49-12.jpg,989,573,461,685,877,1101,224,GR_ulva,green_algae_ulva,manual_update,1
2024_10_08_11-49-12.jpg,3174,771,659,883,3062,3286,224,KE_sugar,kelp_sugar,manual_update,1
2024_10_08_11-49-12.jpg,2547,509,397,621,2435,2659,224,GR_ulva,green_algae_ulva,manual_update,1
2024_10_08_11-49-12.jpg,1952,4021,3909,4133,1840,2064,224,SU_peb,pebble,SU_peb,0.999
2024_10_08_11-49-12.jpg,1339,2600,2488,2712,1227,1451,224,GR_ulva,green_algae_ulva,GR_ulva,1
2024_10_08_11-49-12.jpg,3026,3714,3602,3826,2914,3138,224,KE_sugar,kelp_sugar,manual_update,1
2024_10_08_11-49-12.jpg,297,1635,1523,1747,185,409,224,GR_ulva,green_algae_ulva,manual_update,1
2024_10_08_11-49-12.jpg,3116,2364,2252,2476,3004,3228,224,SU_peb,pebble,manual_update,1
2024_10_08_11-49-12.jpg,659,1961,1849,2073,547,771,224,GR_ulva,green_algae_ulva,GR_ulva,1
2024_10_08_11-49-12.jpg,2310,670,558,782,2198,2422,224,GR_ulva,green_algae_ulva,manual_update,1
2024_10_08_11-49-12.jpg,3718,2250,2138,2362,3606,3830,224,GR_ulva,green_algae_ulva,GR_ulva,1
2024_10_08_11-49-12.jpg,2323,557,445,669,2211,2435,224,GR_ulva,green_algae_ulva,manual_update,1
2024_10_08_11-49-12.jpg,1530,4071,3959,4183,1418,1642,224,RE_bush,red_algae_bushy,manual_update,1
2024_10_08_11-49-12.jpg,1479,472,360,584,1367,1591,224,GR_ulva,green_algae_ulva,GR_ulva,1
2024_10_08_11-49-12.jpg,1748,1802,1690,1914,1636,1860,224,SU_sand,sand_fine_shell,SU_sand,0.999
2024_10_08_11-49-12.jpg,1912,2627,2515,2739,1800,2024,224,KE_sugar,kelp_sugar,manual_update,1
2024_10_08_11-49-12.jpg,2144,2881,2769,2993,2032,2256,224,KE_sugar,kelp_sugar,KE_sugar,0.993
2024_10_08_11-49-12.jpg,2591,3751,3639,3863,2479,2703,224,KE_sugar,kelp_sugar,KE_sugar,0.999
2024_10_08_11-49-12.jpg,1110,2571,2459,2683,998,1222,224,GR_ulva,green_algae_ulva,GR_ulva,1
2024_10_08_11-49-12.jpg,1595,1780,1668,1892,1483,1707,224,SU_peb,pebble,SU_peb,0.997
2024_10_08_11-49-12.jpg,404,2517,2405,2629,292,516,224,GR_ulva,green_algae_ulva,GR_ulva,0.982
2024_10_08_11-49-12.jpg,958,1529,1417,1641,846,1070,224,GR_ulva,green_algae_ulva,manual_update,1
2024_10_08_11-49-12.jpg,1890,1407,1295,1519,1778,2002,224,SU_sand,sand_fine_shell,SU_sand,1
2024_10_08_11-49-12.jpg,1274,1338,1226,1450,1162,1386,224,GR_ulva,green_algae_ulva,GR_ulva,0.984
2024_10_08_11-49-12.jpg,2679,3026,2914,3138,2567,2791,224,SU_sand,sand_fine_shell,SU_sand,0.993
2024_10_08_11-49-21.jpg,2466,2500,2388,2612,2354,2578,224,GR_ulva,green_algae_ulva,GR_ulva,0.999
2024_10_08_11-49-21.jpg,987,1426,1314,1538,875,1099,224,RE_branch,red_algae_branching,manual_update,1
2024_10_08_11-49-21.jpg,1850,248,136,360,1738,1962,224,SU_sand,sand_fine_shell,SU_sand,0.912
2024_10_08_11-49-21.jpg,3737,1880,1768,1992,3625,3849,224,GR_ulva,green_algae_ulva,GR_ulva,1
2024_10_08_11-49-21.jpg,3803,3568,3456,3680,3691,3915,224,RE_leaf,red_algae_flat_leaf,manual_update,1
2024_10_08_11-49-21.jpg,2940,1429,1317,1541,2828,3052,224,SU_silt,silt,SU_silt,0.999
2024_10_08_11-49-21.jpg,1940,2761,2649,2873,1828,2052,224,GR_ulva,green_algae_ulva,GR_ulva,0.999
2024_10_08_11-49-21.jpg,662,3651,3539,3763,550,774,224,GR_ulva,green_algae_ulva,GR_ulva,0.999
2024_10_08_11-49-21.jpg,2807,1330,1218,1442,2695,2919,224,SU_sand,sand_fine_shell,SU_sand,0.931
2024_10_08_11-49-21.jpg,1001,3699,3587,3811,889,1113,224,GR_ulva,green_algae_ulva,GR_ulva,1
2024_10_08_11-49-21.jpg,1521,3080,2968,3192,1409,1633,224,GR_ulva,green_algae_ulva,GR_ulva,0.988
2024_10_08_11-49-21.jpg,2457,1986,1874,2098,2345,2569,224,GR_ulva,green_algae_ulva,GR_ulva,0.998
2024_10_08_11-49-21.jpg,2573,2334,2222,2446,2461,2685,224,GR_ulva,green_algae_ulva,GR_ulva,0.98
2024_10_08_11-49-21.jpg,2756,2318,2206,2430,2644,2868,224,SU_peb,pebble,SU_peb,0.918
2024_10_08_11-49-21.jpg,1347,2395,2283,2507,1235,1459,224,RE_branch,red_algae_branching,RE_branch,1
2024_10_08_11-49-21.jpg,3752,1115,1003,1227,3640,3864,224,GR_ulva,green_algae_ulva,GR_ulva,1
2024_10_08_11-49-21.jpg,371,1644,1532,1756,259,483,224,GR_ulva,green_algae_ulva,GR_ulva,0.979
2024_10_08_11-49-21.jpg,414,1793,1681,1905,302,526,224,RE_leaf,red_algae_flat_leaf,RE_leaf,0.997
2024_10_08_11-49-21.jpg,1485,1250,1138,1362,1373,1597,224,RE_branch,red_algae_branching,RE_branch,1
2024_10_08_11-49-21.jpg,1096,1671,1559,1783,984,1208,224,RE_branch,red_algae_branching,RE_branch,1
2024_10_08_11-49-21.jpg,3742,407,295,519,3630,3854,224,GR_ulva,green_algae_ulva,GR_ulva,0.991
2024_10_08_11-49-21.jpg,1994,135,23,247,1882,2106,224,SU_sand,sand_fine_shell,SU_sand,0.994
2024_10_08_11-49-21.jpg,2889,3725,3613,3837,2777,3001,224,GR_ulva,green_algae_ulva,GR_ulva,0.995
2024_10_08_11-49-21.jpg,2438,3378,3266,3490,2326,2550,224,GR_ulva,green_algae_ulva,GR_ulva,1
2024_10_08_11-49-21.jpg,2816,2879,2767,2991,2704,2928,224,GR_ulva,green_algae_ulva,GR_ulva,0.999
2024_10_08_11-49-21.jpg,3136,2293,2181,2405,3024,3248,224,GR_ulva,green_algae_ulva,GR_ulva,0.984
2024_10_08_11-49-21.jpg,2448,1801,1689,1913,2336,2560,224,GR_ulva,green_algae_ulva,GR_ulva,1
2024_10_08_11-49-21.jpg,853,382,270,494,741,965,224,GR_ulva,green_algae_ulva,GR_ulva,0.998
2024_10_08_11-49-21.jpg,207,3674,3562,3786,95,319,224,GR_ulva,green_algae_ulva,GR_ulva,1
2024_10_08_11-49-21.jpg,3275,163,51,275,3163,3387,224,GR_ulva,green_algae_ulva,GR_ulva,1
2024_10_08_11-49-21.jpg,3280,1151,1039,1263,3168,3392,224,SU_sand,sand_fine_shell,manual_update,1
2024_10_08_11-49-21.jpg,1925,736,624,848,1813,2037,224,GR_ulva,green_algae_ulva,GR_ulva,1
2024_10_08_11-49-21.jpg,918,1770,1658,1882,806,1030,224,RE_branch,red_algae_branching,RE_branch,1
2024_10_08_11-49-21.jpg,1001,2865,2753,2977,889,1113,224,RE_leaf,red_algae_flat_leaf,RE_leaf,0.995
2024_10_08_11-49-21.jpg,3061,1213,1101,1325,2949,3173,224,SU_silt,silt,SU_silt,0.999
2024_10_08_11-49-21.jpg,1786,1258,1146,1370,1674,1898,224,GR_ulva,green_algae_ulva,GR_ulva,1
2024_10_08_11-49-21.jpg,2906,4075,3963,4187,2794,3018,224,GR_ulva,green_algae_ulva,GR_ulva,0.989
2024_10_08_11-49-21.jpg,1555,1834,1722,1946,1443,1667,224,RE_branch,red_algae_branching,RE_branch,0.999
2024_10_08_11-49-21.jpg,515,3872,3760,3984,403,627,224,GR_ulva,green_algae_ulva,GR_ulva,1
2024_10_08_11-49-21.jpg,1367,3164,3052,3276,1255,1479,224,GR_ulva,green_algae_ulva,manual_update,1
2024_10_08_11-49-21.jpg,1574,4131,4019,4243,1462,1686,224,GR_ulva,green_algae_ulva,GR_ulva,1
2024_10_08_11-49-21.jpg,3047,771,659,883,2935,3159,224,SU_peb,pebble,SU_peb,0.951
2024_10_08_11-49-21.jpg,3370,3143,3031,3255,3258,3482,224,GR_ulva,green_algae_ulva,GR_ulva,0.825
2024_10_08_11-49-21.jpg,2038,1033,921,1145,1926,2150,224,GR_ulva,green_algae_ulva,GR_ulva,1
2024_10_08_11-49-21.jpg,1544,346,234,458,1432,1656,224,SU_sand,sand_fine_shell,SU_sand,1
2024_10_08_11-49-21.jpg,417,267,155,379,305,529,224,GR_ulva,green_algae_ulva,GR_ulva,0.939
2024_10_08_11-49-21.jpg,851,2437,2325,2549,739,963,224,RE_branch,red_algae_branching,manual_update,1
2024_10_08_11-49-21.jpg,2817,3212,3100,3324,2705,2929,224,GR_ulva,green_algae_ulva,GR_ulva,1
2024_10_08_11-49-21.jpg,2557,590,478,702,2445,2669,224,GR_ulva,green_algae_ulva,GR_ulva,1
2024_10_08_11-49-21.jpg,3685,3864,3752,3976,3573,3797,224,RE_fil,red_algae_filamentous,RE_fil,0.999
2024_10_08_11-49-30.jpg,514,2288,2176,2400,402,626,224,GR_ulva,green_algae_ulva,GR_ulva,1
2024_10_08_11-49-30.jpg,1526,2922,2810,3034,1414,1638,224,GR_ulva,green_algae_ulva,GR_ulva,1
2024_10_08_11-49-30.jpg,314,2800,2688,2912,202,426,224,RE_branch,red_algae_branching,manual_update,1
2024_10_08_11-49-30.jpg,3119,2227,2115,2339,3007,3231,224,SU_sand,sand_fine_shell,manual_update,1
2024_10_08_11-49-30.jpg,3342,689,577,801,3230,3454,224,RE_leaf,red_algae_flat_leaf,manual_update,1
2024_10_08_11-49-30.jpg,401,4193,4081,4305,289,513,224,SU_peb,pebble,SU_peb,0.999
2024_10_08_11-49-30.jpg,2666,1491,1379,1603,2554,2778,224,RE_leaf,red_algae_flat_leaf,RE_leaf,0.978
2024_10_08_11-49-30.jpg,2255,4017,3905,4129,2143,2367,224,RE_branch,red_algae_branching,manual_update,1
2024_10_08_11-49-30.jpg,718,2861,2749,2973,606,830,224,GR_ulva,green_algae_ulva,manual_update,1
2024_10_08_11-49-30.jpg,2381,771,659,883,2269,2493,224,GR_ulva,green_algae_ulva,GR_ulva,1
2024_10_08_11-49-30.jpg,1544,4231,4119,4343,1432,1656,224,RE_branch,red_algae_branching,manual_update,1
2024_10_08_11-49-30.jpg,428,3519,3407,3631,316,540,224,RE_branch,red_algae_branching,manual_update,1
2024_10_08_11-49-30.jpg,1927,1225,1113,1337,1815,2039,224,RE_fil,red_algae_filamentous,manual_update,1
2024_10_08_11-49-30.jpg,1942,3146,3034,3258,1830,2054,224,GR_ulva,green_algae_ulva,GR_ulva,1
2024_10_08_11-49-30.jpg,1156,608,496,720,1044,1268,224,RE_fil,red_algae_filamentous,RE_fil,1
2024_10_08_11-49-30.jpg,3564,1771,1659,1883,3452,3676,224,GR_ulva,green_algae_ulva,GR_ulva,1
2024_10_08_11-49-30.jpg,451,1005,893,1117,339,563,224,GR_ulva,green_algae_ulva,GR_ulva,1
2024_10_08_11-49-30.jpg,3007,2899,2787,3011,2895,3119,224,SU_sand,sand_fine_shell,SU_sand,0.906
2024_10_08_11-49-30.jpg,2093,912,800,1024,1981,2205,224,GR_ulva,green_algae_ulva,GR_ulva,1
2024_10_08_11-49-30.jpg,1537,3585,3473,3697,1425,1649,224,SU_sand,sand_fine_shell,manual_update,1
2024_10_08_11-49-30.jpg,2036,4258,4146,4370,1924,2148,224,unknown,unknown_area,manual_update,1
2024_10_08_11-49-30.jpg,1873,3020,2908,3132,1761,1985,224,GR_ulva,green_algae_ulva,GR_ulva,1
2024_10_08_11-49-30.jpg,2726,1951,1839,2063,2614,2838,224,RE_branch,red_algae_branching,manual_update,1
2024_10_08_11-49-30.jpg,369,3072,2960,3184,257,481,224,RE_branch,red_algae_branching,manual_update,1
2024_10_08_11-49-30.jpg,2050,1328,1216,1440,1938,2162,224,SU_sand,sand_fine_shell,SU_sand,0.986
2024_10_08_11-49-30.jpg,2234,1716,1604,1828,2122,2346,224,RE_branch,red_algae_branching,manual_update,1
2024_10_08_11-49-30.jpg,3526,3354,3242,3466,3414,3638,224,GR_ulva,green_algae_ulva,GR_ulva,1
2024_10_08_11-49-30.jpg,3092,3688,3576,3800,2980,3204,224,GR_ulva,green_algae_ulva,manual_update,1
2024_10_08_11-49-30.jpg,3512,706,594,818,3400,3624,224,RE_leaf,red_algae_flat_leaf,manual_update,1
2024_10_08_11-49-30.jpg,2265,1439,1327,1551,2153,2377,224,GR_ulva,green_algae_ulva,GR_ulva,1
2024_10_08_11-49-30.jpg,1292,1477,1365,1589,1180,1404,224,RE_leaf,red_algae_flat_leaf,RE_leaf,0.997
2024_10_08_11-49-30.jpg,1069,1782,1670,1894,957,1181,224,GR_ulva,green_algae_ulva,GR_ulva,1
2024_10_08_11-49-30.jpg,2620,3551,3439,3663,2508,2732,224,GR_ulva,green_algae_ulva,GR_ulva,0.986
2024_10_08_11-49-30.jpg,1997,2644,2532,2756,1885,2109,224,GR_ulva,green_algae_ulva,GR_ulva,1
2024_10_08_11-49-30.jpg,3649,3408,3296,3520,3537,3761,224,SU_peb,pebble,SU_peb,0.95
2024_10_08_11-49-30.jpg,797,3527,3415,3639,685,909,224,RE_branch,red_algae_branching,manual_update,1
2024_10_08_11-49-30.jpg,695,3405,3293,3517,583,807,224,RE_branch,red_algae_branching,manual_update,1
2024_10_08_11-49-30.jpg,3265,3170,3058,3282,3153,3377,224,GR_ulva,green_algae_ulva,GR_ulva,1
2024_10_08_11-49-30.jpg,2110,2592,2480,2704,1998,2222,224,GR_ulva,green_algae_ulva,GR_ulva,0.995
2024_10_08_11-49-30.jpg,1269,1365,1253,1477,1157,1381,224,RE_leaf,red_algae_flat_leaf,RE_leaf,0.987
2024_10_08_11-49-30.jpg,3164,928,816,1040,3052,3276,224,RE_leaf,red_algae_flat_leaf,RE_leaf,1
2024_10_08_11-49-30.jpg,679,2683,2571,2795,567,791,224,GR_ulva,green_algae_ulva,GR_ulva,0.993
2024_10_08_11-49-30.jpg,1370,400,288,512,1258,1482,224,RE_fil,red_algae_filamentous,manual_update,1
2024_10_08_11-49-30.jpg,1824,3705,3593,3817,1712,1936,224,GR_ulva,green_algae_ulva,GR_ulva,1
2024_10_08_11-49-30.jpg,1020,2052,1940,2164,908,1132,224,RE_branch,red_algae_branching,RE_branch,0.982
2024_10_08_11-49-30.jpg,3523,4425,4313,4537,3411,3635,224,KE_sugar,kelp_sugar,manual_update,1
2024_10_08_11-49-30.jpg,3524,2072,1960,2184,3412,3636,224,RE_leaf,red_algae_flat_leaf,RE_leaf,0.962
2024_10_08_11-49-30.jpg,574,355,243,467,462,686,224,GR_ulva,green_algae_ulva,manual_update,1
2024_10_08_11-49-30.jpg,2942,3685,3573,3797,2830,3054,224,GR_ulva,green_algae_ulva,GR_ulva,0.999
2024_10_08_11-49-30.jpg,2567,4334,4222,4446,2455,2679,224,RE_branch,red_algae_branching,manual_update,1
2024_10_08_11-49-39.jpg,2777,4164,4052,4276,2665,2889,224,GR_ulva,green_algae_ulva,GR_ulva,1
2024_10_08_11-49-39.jpg,1068,2966,2854,3078,956,1180,224,KE_sugar,kelp_sugar,KE_sugar,0.924
2024_10_08_11-49-39.jpg,1309,3841,3729,3953,1197,1421,224,KE_sugar,kelp_sugar,KE_sugar,1
2024_10_08_11-49-39.jpg,2655,2762,2650,2874,2543,2767,224,GR_ulva,green_algae_ulva,GR_ulva,1
2024_10_08_11-49-39.jpg,754,585,473,697,642,866,224,GR_ulva,green_algae_ulva,GR_ulva,1
2024_10_08_11-49-39.jpg,988,3580,3468,3692,876,1100,224,KE_sugar,kelp_sugar,KE_sugar,0.925
2024_10_08_11-49-39.jpg,3303,629,517,741,3191,3415,224,SU_peb,pebble,SU_peb,1
2024_10_08_11-49-39.jpg,2598,2624,2512,2736,2486,2710,224,GR_ulva,green_algae_ulva,GR_ulva,1
2024_10_08_11-49-39.jpg,154,2345,2233,2457,42,266,224,SU_cob,cobble,SU_cob,0.993
2024_10_08_11-49-39.jpg,1372,783,671,895,1260,1484,224,GR_ulva,green_algae_ulva,GR_ulva,0.999
2024_10_08_11-49-39.jpg,181,4022,3910,4134,69,293,224,KE_sugar,kelp_sugar,manual_update,1
2024_10_08_11-49-39.jpg,329,627,515,739,217,441,224,RE_leaf,red_algae_flat_leaf,RE_leaf,1
2024_10_08_11-49-39.jpg,3305,2322,2210,2434,3193,3417,224,GR_ulva,green_algae_ulva,GR_ulva,1
2024_10_08_11-49-39.jpg,562,318,206,430,450,674,224,RE_leaf,red_algae_flat_leaf,RE_leaf,1
2024_10_08_11-49-39.jpg,2931,2086,1974,2198,2819,3043,224,GR_ulva,green_algae_ulva,GR_ulva,1
2024_10_08_11-49-39.jpg,3513,1017,905,1129,3401,3625,224,SU_sand,sand_fine_shell,manual_update,1
2024_10_08_11-49-39.jpg,2378,1734,1622,1846,2266,2490,224,SU_sand,sand_fine_shell,manual_update,1
2024_10_08_11-49-39.jpg,1772,2174,2062,2286,1660,1884,224,SU_sand,sand_fine_shell,SU_sand,0.997
2024_10_08_11-49-39.jpg,1722,3596,3484,3708,1610,1834,224,RE_bush,red_algae_bushy,RE_bush,0.999
2024_10_08_11-49-39.jpg,1626,997,885,1109,1514,1738,224,KE_sugar,kelp_sugar,manual_update,1
2024_10_08_11-49-39.jpg,1862,295,183,407,1750,1974,224,GR_ulva,green_algae_ulva,GR_ulva,1
2024_10_08_11-49-39.jpg,2973,2558,2446,2670,2861,3085,224,GR_ulva,green_algae_ulva,GR_ulva,1
2024_10_08_11-49-39.jpg,2264,3182,3070,3294,2152,2376,224,SU_cob,cobble,manual_update,1
2024_10_08_11-49-39.jpg,364,2242,2130,2354,252,476,224,SU_cob,cobble,SU_cob,0.959
2024_10_08_11-49-39.jpg,1690,2383,2271,2495,1578,1802,224,KE_sugar,kelp_sugar,manual_update,1
2024_10_08_11-49-39.jpg,1061,2076,1964,2188,949,1173,224,SU_silt,silt,SU_silt,0.997
2024_10_08_11-49-39.jpg,889,863,751,975,777,1001,224,GR_ulva,green_algae_ulva,GR_ulva,1
2024_10_08_11-49-39.jpg,2058,4011,3899,4123,1946,2170,224,SU_peb,pebble,SU_peb,0.932
2024_10_08_11-49-39.jpg,1924,831,719,943,1812,2036,224,RE_branch,red_algae_branching,manual_update,1
2024_10_08_11-49-39.jpg,2230,2466,2354,2578,2118,2342,224,RE_branch,red_algae_branching,manual_update,1
2024_10_08_11-49-39.jpg,2451,912,800,1024,2339,2563,224,SU_sand,sand_fine_shell,SU_sand,1
2024_10_08_11-49-39.jpg,602,4373,4261,4485,490,714,224,unknown,unknown_area,manual_update,1
2024_10_08_11-49-39.jpg,614,3118,3006,3230,502,726,224,BR_sarg,brown_algae_sargassum,BR_sarg,1
2024_10_08_11-49-39.jpg,2605,385,273,497,2493,2717,224,SU_sand,sand_fine_shell,SU_sand,1
2024_10_08_11-49-39.jpg,3891,2885,2773,2997,3779,4003,224,GR_ulva,green_algae_ulva,GR_ulva,1
2024_10_08_11-49-39.jpg,2671,3627,3515,3739,2559,2783,224,SU_bould,boulder,manual_update,1
2024_10_08_11-49-39.jpg,1841,2818,2706,2930,1729,1953,224,SU_peb,pebble,manual_update,1
2024_10_08_11-49-39.jpg,153,809,697,921,41,265,224,RE_leaf,red_algae_flat_leaf,RE_leaf,1
2024_10_08_11-49-39.jpg,951,3441,3329,3553,839,1063,224,KE_sugar,kelp_sugar,KE_sugar,0.987
2024_10_08_11-49-39.jpg,1734,3194,3082,3306,1622,1846,224,KE_sugar,kelp_sugar,manual_update,1
2024_10_08_11-49-39.jpg,3473,3051,2939,3163,3361,3585,224,GR_ulva,green_algae_ulva,GR_ulva,1
2024_10_08_11-49-39.jpg,837,4319,4207,4431,725,949,224,SU_sand,sand_fine_shell,SU_sand,0.587
2024_10_08_11-49-39.jpg,2888,2440,2328,2552,2776,3000,224,GR_ulva,green_algae_ulva,GR_ulva,1
2024_10_08_11-49-39.jpg,2863,431,319,543,2751,2975,224,SU_sand,sand_fine_shell,SU_sand,1
2024_10_08_11-49-39.jpg,2479,1374,1262,1486,2367,2591,224,SU_peb,pebble,manual_update,1
2024_10_08_11-49-39.jpg,847,4186,4074,4298,735,959,224,SU_peb,pebble,SU_peb,1
2024_10_08_11-49-39.jpg,2850,2847,2735,2959,2738,2962,224,GR_ulva,green_algae_ulva,GR_ulva,1
2024_10_08_11-49-39.jpg,785,2866,2754,2978,673,897,224,SU_sand,sand_fine_shell,manual_update,1
2024_10_08_11-49-39.jpg,2542,181,69,293,2430,2654,224,SU_peb,pebble,SU_peb,0.997
2024_10_08_11-49-39.jpg,2840,3153,3041,3265,2728,2952,224,GR_ulva,green_algae_ulva,GR_ulva,1
2024_10_08_11-49-48.jpg,3918,4238,4126,4350,3806,4030,224,unknown,unknown_area,manual_update,1
2024_10_08_11-49-48.jpg,2577,3920,3808,4032,2465,2689,224,GR_ulva,green_algae_ulva,GR_ulva,1
2024_10_08_11-49-48.jpg,2824,2970,2858,3082,2712,2936,224,RE_branch,red_algae_branching,RE_branch,0.986
2024_10_08_11-49-48.jpg,3503,1852,1740,1964,3391,3615,224,KE_sugar,kelp_sugar,KE_sugar,0.998
2024_10_08_11-49-48.jpg,3860,3548,3436,3660,3748,3972,224,KE_sugar,kelp_sugar,KE_sugar,0.999
2024_10_08_11-49-48.jpg,1827,466,354,578,1715,1939,224,KE_sugar,kelp_sugar,manual_update,1
2024_10_08_11-49-48.jpg,3844,1244,1132,1356,3732,3956,224,SU_sand,sand_fine_shell,manual_update,1
2024_10_08_11-49-48.jpg,1593,266,154,378,1481,1705,224,KE_sugar,kelp_sugar,manual_update,1
2024_10_08_11-49-48.jpg,3644,785,673,897,3532,3756,224,KE_sugar,kelp_sugar,manual_update,1
2024_10_08_11-49-48.jpg,2307,1312,1200,1424,2195,2419,224,KE_sugar,kelp_sugar,manual_update,1
2024_10_08_11-49-48.jpg,1713,1733,1621,1845,1601,1825,224,KE_sugar,kelp_sugar,KE_sugar,1
2024_10_08_11-49-48.jpg,1596,1140,1028,1252,1484,1708,224,KE_sugar,kelp_sugar,KE_sugar,0.992
2024_10_08_11-49-48.jpg,1430,1989,1877,2101,1318,1542,224,KE_sugar,kelp_sugar,KE_sugar,0.992
2024_10_08_11-49-48.jpg,399,508,396,620,287,511,224,SU_sand,sand_fine_shell,SU_sand,0.999
2024_10_08_11-49-48.jpg,2462,148,36,260,2350,2574,224,GR_ulva,green_algae_ulva,GR_ulva,1
2024_10_08_11-49-48.jpg,2770,1239,1127,1351,2658,2882,224,KE_sugar,kelp_sugar,manual_update,1
2024_10_08_11-49-48.jpg,835,3581,3469,3693,723,947,224,KE_sugar,kelp_sugar,KE_sugar,1
2024_10_08_11-49-48.jpg,3608,2898,2786,3010,3496,3720,224,SU_sand,sand_fine_shell,SU_sand,0.998
2024_10_08_11-49-48.jpg,2429,1376,1264,1488,2317,2541,224,KE_sugar,kelp_sugar,KE_sugar,0.999
2024_10_08_11-49-48.jpg,275,4462,4350,4574,163,387,224,unknown,unknown_area,manual_update,1
2024_10_08_11-49-48.jpg,1276,2153,2041,2265,1164,1388,224,KE_sugar,kelp_sugar,KE_sugar,0.901
2024_10_08_11-49-48.jpg,3713,1709,1597,1821,3601,3825,224,KE_sugar,kelp_sugar,manual_update,1
2024_10_08_11-49-48.jpg,1161,185,73,297,1049,1273,224,KE_sugar,kelp_sugar,KE_sugar,0.927
2024_10_08_11-49-48.jpg,1040,1577,1465,1689,928,1152,224,KE_sugar,kelp_sugar,manual_update,1
2024_10_08_11-49-48.jpg,1733,3968,3856,4080,1621,1845,224,GR_ulva,green_algae_ulva,GR_ulva,1
2024_10_08_11-49-48.jpg,1839,814,702,926,1727,1951,224,KE_sugar,kelp_sugar,manual_update,1
2024_10_08_11-49-48.jpg,1483,2510,2398,2622,1371,1595,224,KE_sugar,kelp_sugar,KE_sugar,1
2024_10_08_11-49-48.jpg,1405,2683,2571,2795,1293,1517,224,KE_sugar,kelp_sugar,manual_update,1
2024_10_08_11-49-48.jpg,1364,4430,4318,4542,1252,1476,224,SU_sand,sand_fine_shell,manual_update,1
2024_10_08_11-49-48.jpg,2949,1367,1255,1479,2837,3061,224,SU_sand,sand_fine_shell,manual_update,1
2024_10_08_11-49-48.jpg,362,4184,4072,4296,250,474,224,SU_peb,pebble,manual_update,1
2024_10_08_11-49-48.jpg,1548,2727,2615,2839,1436,1660,224,KE_sugar,kelp_sugar,manual_update,1
2024_10_08_11-49-48.jpg,3710,4220,4108,4332,3598,3822,224,KE_sugar,kelp_sugar,manual_update,1
2024_10_08_11-49-48.jpg,1662,3290,3178,3402,1550,1774,224,RE_branch,red_algae_branching,RE_branch,1
2024_10_08_11-49-48.jpg,2791,2761,2649,2873,2679,2903,224,RE_branch,red_algae_branching,manual_update,1
2024_10_08_11-49-48.jpg,1512,2268,2156,2380,1400,1624,224,KE_sugar,kelp_sugar,KE_sugar,1
2024_10_08_11-49-48.jpg,851,1668,1556,1780,739,963,224,KE_sugar,kelp_sugar,manual_update,1
2024_10_08_11-49-48.jpg,2279,4339,4227,4451,2167,2391,224,GR_ulva,green_algae_ulva,manual_update,1
2024_10_08_11-49-48.jpg,2697,2240,2128,2352,2585,2809,224,KE_sugar,kelp_sugar,manual_update,1
2024_10_08_11-49-48.jpg,2293,1821,1709,1933,2181,2405,224,KE_sugar,kelp_sugar,manual_update,1
2024_10_08_11-49-48.jpg,3237,4007,3895,4119,3125,3349,224,RE_leaf,red_algae_flat_leaf,manual_update,1
2024_10_08_11-49-48.jpg,2325,4092,3980,4204,2213,2437,224,RE_leaf,red_algae_flat_leaf,manual_update,1
2024_10_08_11-49-48.jpg,2867,820,708,932,2755,2979,224,KE_sugar,kelp_sugar,manual_update,1
2024_10_08_11-49-48.jpg,808,4431,4319,4543,696,920,224,KE_sugar,kelp_sugar,manual_update,1
2024_10_08_11-49-48.jpg,759,3847,3735,3959,647,871,224,KE_sugar,kelp_sugar,manual_update,1
2024_10_08_11-49-48.jpg,3700,3422,3310,3534,3588,3812,224,KE_sugar,kelp_sugar,KE_sugar,0.999
2024_10_08_11-49-48.jpg,515,3001,2889,3113,403,627,224,KE_sugar,kelp_sugar,KE_sugar,0.998
2024_10_08_11-49-48.jpg,775,328,216,440,663,887,224,SU_sand,sand_fine_shell,SU_sand,0.926
2024_10_08_11-49-48.jpg,293,1121,1009,1233,181,405,224,SU_sand,sand_fine_shell,SU_sand,0.984
2024_10_08_11-49-48.jpg,3140,2222,2110,2334,3028,3252,224,KE_sugar,kelp_sugar,KE_sugar,1
2024_10_08_11-49-57.jpg,3691,1469,1357,1581,3579,3803,224,SU_sand,sand_fine_shell,SU_sand,0.979
2024_10_08_11-49-57.jpg,3686,3672,3560,3784,3574,3798,224,SU_sand,sand_fine_shell,SU_sand,1
2024_10_08_11-49-57.jpg,449,1647,1535,1759,337,561,224,SU_sand,sand_fine_shell,SU_sand,1
2024_10_08_11-49-57.jpg,1067,3930,3818,4042,955,1179,224,SU_sand,sand_fine_shell,SU_sand,1
2024_10_08_11-49-57.jpg,402,1936,1824,2048,290,514,224,SU_sand,sand_fine_shell,SU_sand,1
2024_10_08_11-49-57.jpg,227,3341,3229,3453,115,339,224,SU_sand,sand_fine_shell,SU_sand,1
2024_10_08_11-49-57.jpg,468,3770,3658,3882,356,580,224,SU_sand,sand_fine_shell,SU_sand,0.938
2024_10_08_11-49-57.jpg,1442,1004,892,1116,1330,1554,224,SU_sand,sand_fine_shell,SU_sand,1
2024_10_08_11-49-57.jpg,190,933,821,1045,78,302,224,GR_ulva,green_algae_ulva,GR_ulva,0.992
2024_10_08_11-49-57.jpg,3241,4228,4116,4340,3129,3353,224,SU_sand,sand_fine_shell,SU_sand,0.993
2024_10_08_11-49-57.jpg,3892,1250,1138,1362,3780,4004,224,SU_sand,sand_fine_shell,SU_sand,0.999
2024_10_08_11-49-57.jpg,2436,1731,1619,1843,2324,2548,224,RE_leaf,red_algae_flat_leaf,manual_update,1
2024_10_08_11-49-57.jpg,1352,3155,3043,3267,1240,1464,224,SU_sand,sand_fine_shell,SU_sand,1
2024_10_08_11-49-57.jpg,2710,221,109,333,2598,2822,224,KE_sugar,kelp_sugar,manual_update,1
2024_10_08_11-49-57.jpg,1524,626,514,738,1412,1636,224,KE_sugar,kelp_sugar,manual_update,1
2024_10_08_11-49-57.jpg,2604,3211,3099,3323,2492,2716,224,RE_branch,red_algae_branching,manual_update,1
2024_10_08_11-49-57.jpg,2353,3114,3002,3226,2241,2465,224,KE_sugar,kelp_sugar,KE_sugar,0.999
2024_10_08_11-49-57.jpg,3192,1145,1033,1257,3080,3304,224,SU_peb,pebble,manual_update,1
2024_10_08_11-49-57.jpg,1109,1136,1024,1248,997,1221,224,SU_sand,sand_fine_shell,SU_sand,1
2024_10_08_11-49-57.jpg,1526,4151,4039,4263,1414,1638,224,SU_sand,sand_fine_shell,SU_sand,1
2024_10_08_11-49-57.jpg,1432,3303,3191,3415,1320,1544,224,SU_sand,sand_fine_shell,manual_update,1
2024_10_08_11-49-57.jpg,2174,4059,3947,4171,2062,2286,224,KE_sugar,kelp_sugar,manual_update,1
2024_10_08_11-49-57.jpg,1617,271,159,383,1505,1729,224,SU_sand,sand_fine_shell,manual_update,1
2024_10_08_11-49-57.jpg,2623,2369,2257,2481,2511,2735,224,KE_sugar,kelp_sugar,manual_update,1
2024_10_08_11-49-57.jpg,848,1234,1122,1346,736,960,224,KE_sugar,kelp_sugar,manual_update,1
2024_10_08_11-49-57.jpg,2191,1899,1787,2011,2079,2303,224,KE_sugar,kelp_sugar,manual_update,1
2024_10_08_11-49-57.jpg,2673,764,652,876,2561,2785,224,SU_peb,pebble,SU_peb,0.974
2024_10_08_11-49-57.jpg,880,616,504,728,768,992,224,KE_sugar,kelp_sugar,KE_sugar,1
2024_10_08_11-49-57.jpg,3825,2387,2275,2499,3713,3937,224,SU_sand,sand_fine_shell,SU_sand,1
2024_10_08_11-49-57.jpg,3423,1122,1010,1234,3311,3535,224,SU_cob,cobble,manual_update,1
2024_10_08_11-49-57.jpg,3034,1001,889,1113,2922,3146,224,SU_silt,silt,SU_silt,0.983
2024_10_08_11-49-57.jpg,1901,2499,2387,2611,1789,2013,224,KE_sugar,kelp_sugar,KE_sugar,0.964
2024_10_08_11-49-57.jpg,1068,4062,3950,4174,956,1180,224,SU_sand,sand_fine_shell,SU_sand,1
2024_10_08_11-49-57.jpg,1017,3740,3628,3852,905,1129,224,SU_sand,sand_fine_shell,SU_sand,1
2024_10_08_11-49-57.jpg,2859,154,42,266,2747,2971,224,SU_sand,sand_fine_shell,SU_sand,0.999
2024_10_08_11-49-57.jpg,854,906,794,1018,742,966,224,KE_sugar,kelp_sugar,manual_update,1
2024_10_08_11-49-57.jpg,2746,2485,2373,2597,2634,2858,224,SU_bould,boulder,manual_update,1
2024_10_08_11-49-57.jpg,1462,3506,3394,3618,1350,1574,224,SU_sand,sand_fine_shell,SU_sand,1
2024_10_08_11-49-57.jpg,858,1871,1759,1983,746,970,224,SU_sand,sand_fine_shell,SU_sand,0.999
2024_10_08_11-49-57.jpg,3532,3696,3584,3808,3420,3644,224,SU_sand,sand_fine_shell,SU_sand,0.998
2024_10_08_11-49-57.jpg,1871,4170,4058,4282,1759,1983,224,SU_cob,cobble,SU_cob,0.996
2024_10_08_11-49-57.jpg,700,2068,1956,2180,588,812,224,SU_peb,pebble,SU_peb,0.999
2024_10_08_11-49-57.jpg,3479,1510,1398,1622,3367,3591,224,SU_sand,sand_fine_shell,SU_sand,1
2024_10_08_11-49-57.jpg,2399,1910,1798,2022,2287,2511,224,SU_peb,pebble,SU_peb,0.972
2024_10_08_11-49-57.jpg,1950,1368,1256,1480,1838,2062,224,KE_sugar,kelp_sugar,KE_sugar,0.965
2024_10_08_11-49-57.jpg,2812,1851,1739,1963,2700,2924,224,SU_peb,pebble,SU_peb,0.964
2024_10_08_11-49-57.jpg,1683,2300,2188,2412,1571,1795,224,SU_peb,pebble,SU_peb,1
2024_10_08_11-49-57.jpg,3770,3919,3807,4031,3658,3882,224,SU_sand,sand_fine_shell,SU_sand,0.979
2024_10_08_11-49-57.jpg,1457,1432,1320,1544,1345,1569,224,SU_sand,sand_fine_shell,SU_sand,1
2024_10_08_11-49-57.jpg,1904,438,326,550,1792,2016,224,SU_sand,sand_fine_shell,SU_sand,0.977
2024_10_08_11-50-06.jpg,2963,2375,2263,2487,2851,3075,224,SU_sand,sand_fine_shell,SU_sand,0.996
2024_10_08_11-50-06.jpg,2756,4102,3990,4214,2644,2868,224,GR_ulva,green_algae_ulva,GR_ulva,1
2024_10_08_11-50-06.jpg,740,724,612,836,628,852,224,SU_sand,sand_fine_shell,SU_sand,0.998
2024_10_08_11-50-06.jpg,3466,1611,1499,1723,3354,3578,224,GR_ulva,green_algae_ulva,GR_ulva,1
2024_10_08_11-50-06.jpg,286,1997,1885,2109,174,398,224,SU_sand,sand_fine_shell,SU_sand,1
2024_10_08_11-50-06.jpg,1989,1419,1307,1531,1877,2101,224,SU_peb,pebble,SU_peb,1
2024_10_08_11-50-06.jpg,3572,2159,2047,2271,3460,3684,224,SU_sand,sand_fine_shell,SU_sand,1
2024_10_08_11-50-06.jpg,3845,3673,3561,3785,3733,3957,224,SU_peb,pebble,SU_peb,0.941
2024_10_08_11-50-06.jpg,1969,3468,3356,3580,1857,2081,224,SU_peb,pebble,manual_update,1
2024_10_08_11-50-06.jpg,1225,428,316,540,1113,1337,224,SU_peb,pebble,manual_update,1
2024_10_08_11-50-06.jpg,1480,1864,1752,1976,1368,1592,224,SU_peb,pebble,manual_update,1
2024_10_08_11-50-06.jpg,1706,4220,4108,4332,1594,1818,224,GR_ulva,green_algae_ulva,GR_ulva,1
2024_10_08_11-50-06.jpg,2160,1851,1739,1963,2048,2272,224,SU_peb,pebble,manual_update,1
2024_10_08_11-50-06.jpg,3601,3249,3137,3361,3489,3713,224,GR_ulva,green_algae_ulva,GR_ulva,1
2024_10_08_11-50-06.jpg,2874,3630,3518,3742,2762,2986,224,SU_cob,cobble,manual_update,1
2024_10_08_11-50-06.jpg,2963,255,143,367,2851,3075,224,GR_ulva,green_algae_ulva,GR_ulva,0.999
2024_10_08_11-50-06.jpg,3356,4438,4326,4550,3244,3468,224,SU_sand,sand_fine_shell,SU_sand,0.999
2024_10_08_11-50-06.jpg,2842,3769,3657,3881,2730,2954,224,SU_peb,pebble,SU_peb,0.989
2024_10_08_11-50-06.jpg,2430,4378,4266,4490,2318,2542,224,SU_sand,sand_fine_shell,SU_sand,1
2024_10_08_11-50-06.jpg,1448,2510,2398,2622,1336,1560,224,SU_sand,sand_fine_shell,SU_sand,0.998
2024_10_08_11-50-06.jpg,2097,3179,3067,3291,1985,2209,224,SU_peb,pebble,SU_peb,0.999
2024_10_08_11-50-06.jpg,3097,2478,2366,2590,2985,3209,224,SU_sand,sand_fine_shell,SU_sand,1
2024_10_08_11-50-06.jpg,1198,4000,3888,4112,1086,1310,224,GR_ulva,green_algae_ulva,GR_ulva,0.999
2024_10_08_11-50-06.jpg,1086,1126,1014,1238,974,1198,224,SU_cob,cobble,manual_update,1
2024_10_08_11-50-06.jpg,3578,720,608,832,3466,3690,224,GR_ulva,green_algae_ulva,GR_ulva,1
2024_10_08_11-50-06.jpg,1725,589,477,701,1613,1837,224,GR_ulva,green_algae_ulva,GR_ulva,0.999
2024_10_08_11-50-06.jpg,1076,3358,3246,3470,964,1188,224,SU_peb,pebble,SU_peb,0.993
2024_10_08_11-50-06.jpg,1427,313,201,425,1315,1539,224,GR_ulva,green_algae_ulva,GR_ulva,1
2024_10_08_11-50-06.jpg,212,663,551,775,100,324,224,SU_bould,boulder,manual_update,1
2024_10_08_11-50-06.jpg,794,998,886,1110,682,906,224,SU_sand,sand_fine_shell,SU_sand,1
2024_10_08_11-50-06.jpg,2234,4097,3985,4209,2122,2346,224,SU_sand,sand_fine_shell,SU_sand,0.998
2024_10_08_11-50-06.jpg,689,3314,3202,3426,577,801,224,SU_silt,silt,SU_silt,0.999
2024_10_08_11-50-06.jpg,144,2488,2376,2600,32,256,224,SU_peb,pebble,manual_update,1
2024_10_08_11-50-06.jpg,1094,2501,2389,2613,982,1206,224,SU_sand,sand_fine_shell,SU_sand,0.996
2024_10_08_11-50-06.jpg,493,4315,4203,4427,381,605,224,SU_peb,pebble,manual_update,1
2024_10_08_11-50-06.jpg,2748,2617,2505,2729,2636,2860,224,SU_sand,sand_fine_shell,SU_sand,0.999
2024_10_08_11-50-06.jpg,1857,3659,3547,3771,1745,1969,224,RE_bush,red_algae_bushy,RE_bush,1
2024_10_08_11-50-06.jpg,3181,3291,3179,3403,3069,3293,224,SU_peb,pebble,manual_update,1
2024_10_08_11-50-06.jpg,2320,3858,3746,3970,2208,2432,224,RE_bush,red_algae_bushy,RE_bush,1
2024_10_08_11-50-06.jpg,2403,2554,2442,2666,2291,2515,224,SU_sand,sand_fine_shell,manual_update,1
2024_10_08_11-50-06.jpg,1385,1284,1172,1396,1273,1497,224,SU_silt,silt,manual_update,1
2024_10_08_11-50-06.jpg,2263,2153,2041,2265,2151,2375,224,SU_shell,shell_hash,manual_update,1
2024_10_08_11-50-06.jpg,362,829,717,941,250,474,224,SU_bould,boulder,manual_update,1
2024_10_08_11-50-06.jpg,2310,1051,939,1163,2198,2422,224,GR_ulva,green_algae_ulva,GR_ulva,0.999
2024_10_08_11-50-06.jpg,3911,178,66,290,3799,4023,224,GR_ulva,green_algae_ulva,GR_ulva,1
2024_10_08_11-50-06.jpg,1601,3944,3832,4056,1489,1713,224,GR_ulva,green_algae_ulva,GR_ulva,1
2024_10_08_11-50-06.jpg,622,160,48,272,510,734,224,SU_sand,sand_fine_shell,SU_sand,0.999
2024_10_08_11-50-06.jpg,3013,442,330,554,2901,3125,224,GR_ulva,green_algae_ulva,GR_ulva,1
2024_10_08_11-50-06.jpg,2740,1828,1716,1940,2628,2852,224,GR_ulva,green_algae_ulva,GR_ulva,1
2024_10_08_11-50-06.jpg,1445,2345,2233,2457,1333,1557,224,SU_sand,sand_fine_shell,SU_sand,0.999
2024_10_08_11-50-15.jpg,1201,1462,1350,1574,1089,1313,224,KE_sugar,kelp_sugar,manual_update,1
2024_10_08_11-50-15.jpg,1338,3421,3309,3533,1226,1450,224,SU_sand,sand_fine_shell,manual_update,1
2024_10_08_11-50-15.jpg,775,4445,4333,4557,663,887,224,SU_sand,sand_fine_shell,manual_update,1
2024_10_08_11-50-15.jpg,2390,1987,1875,2099,2278,2502,224,RE_fil,red_algae_filamentous,manual_update,1
2024_10_08_11-50-15.jpg,393,1542,1430,1654,281,505,224,SU_silt,silt,manual_update,1
2024_10_08_11-50-15.jpg,891,384,272,496,779,1003,224,KE_sugar,kelp_sugar,manual_update,1
2024_10_08_11-50-15.jpg,307,1369,1257,1481,195,419,224,SU_silt,silt,SU_silt,0.999
2024_10_08_11-50-15.jpg,2793,549,437,661,2681,2905,224,SU_sand,sand_fine_shell,SU_sand,0.989
2024_10_08_11-50-15.jpg,3380,3231,3119,3343,3268,3492,224,KE_sugar,kelp_sugar,manual_update,1
2024_10_08_11-50-15.jpg,174,2442,2330,2554,62,286,224,SU_sand,sand_fine_shell,SU_sand,0.999
2024_10_08_11-50-15.jpg,1130,607,495,719,1018,1242,224,KE_sugar,kelp_sugar,manual_update,1
2024_10_08_11-50-15.jpg,2171,1497,1385,1609,2059,2283,224,RE_fil,red_algae_filamentous,RE_fil,1
2024_10_08_11-50-15.jpg,118,3908,3796,4020,6,230,224,GR_ulva,green_algae_ulva,GR_ulva,1
2024_10_08_11-50-15.jpg,1791,2859,2747,2971,1679,1903,224,SU_sand,sand_fine_shell,manual_update,1
2024_10_08_11-50-15.jpg,956,962,850,1074,844,1068,224,KE_sugar,kelp_sugar,manual_update,1
2024_10_08_11-50-15.jpg,2547,3059,2947,3171,2435,2659,224,SI_kelpBry,kelp_bryozoan,manual_update,1
2024_10_08_11-50-15.jpg,3708,1083,971,1195,3596,3820,224,KE_5rib,kelp_five_rib,manual_update,1
2024_10_08_11-50-15.jpg,2790,2640,2528,2752,2678,2902,224,KE_sugar,kelp_sugar,KE_sugar,0.946
2024_10_08_11-50-15.jpg,2911,655,543,767,2799,3023,224,SU_sand,sand_fine_shell,SU_sand,1
2024_10_08_11-50-15.jpg,3552,355,243,467,3440,3664,224,KE_5rib,kelp_five_rib,manual_update,1
2024_10_08_11-50-15.jpg,3365,2647,2535,2759,3253,3477,224,SU_peb,pebble,SU_peb,0.979
2024_10_08_11-50-15.jpg,2169,1636,1524,1748,2057,2281,224,RE_fil,red_algae_filamentous,RE_fil,1
2024_10_08_11-50-15.jpg,2081,2061,1949,2173,1969,2193,224,KE_sugar,kelp_sugar,manual_update,1
2024_10_08_11-50-15.jpg,2592,929,817,1041,2480,2704,224,KE_sugar,kelp_sugar,manual_update,1
2024_10_08_11-50-15.jpg,2744,1783,1671,1895,2632,2856,224,RE_bush,red_algae_bushy,RE_bush,0.95
2024_10_08_11-50-15.jpg,728,733,621,845,616,840,224,KE_sugar,kelp_sugar,manual_update,1
2024_10_08_11-50-15.jpg,457,3568,3456,3680,345,569,224,SU_sand,sand_fine_shell,SU_sand,1
2024_10_08_11-50-15.jpg,1282,2124,2012,2236,1170,1394,224,KE_sugar,kelp_sugar,manual_update,1
2024_10_08_11-50-15.jpg,1881,1539,1427,1651,1769,1993,224,RE_bush,red_algae_bushy,manual_update,1
2024_10_08_11-50-15.jpg,1485,3218,3106,3330,1373,1597,224,SU_sand,sand_fine_shell,SU_sand,1
2024_10_08_11-50-15.jpg,3088,2729,2617,2841,2976,3200,224,BR_sarg,brown_algae_sargassum,BR_sarg,0.967
2024_10_08_11-50-15.jpg,3390,4441,4329,4553,3278,3502,224,SU_peb,pebble,manual_update,1
2024_10_08_11-50-15.jpg,3501,3784,3672,3896,3389,3613,224,SU_peb,pebble,SU_peb,0.999
2024_10_08_11-50-15.jpg,3158,4434,4322,4546,3046,3270,224,SU_silt,silt,manual_update,1
2024_10_08_11-50-15.jpg,2574,2372,2260,2484,2462,2686,224,SU_sand,sand_fine_shell,SU_sand,0.997
2024_10_08_11-50-15.jpg,845,2587,2475,2699,733,957,224,SU_sand,sand_fine_shell,SU_sand,0.999
2024_10_08_11-50-15.jpg,815,1078,966,1190,703,927,224,KE_sugar,kelp_sugar,manual_update,1
2024_10_08_11-50-15.jpg,3844,4377,4265,4489,3732,3956,224,SU_sand,sand_fine_shell,SU_sand,0.933
2024_10_08_11-50-15.jpg,2951,995,883,1107,2839,3063,224,KE_sugar,kelp_sugar,manual_update,1
2024_10_08_11-50-15.jpg,1769,997,885,1109,1657,1881,224,SU_sand,sand_fine_shell,SU_sand,1
2024_10_08_11-50-15.jpg,3757,448,336,560,3645,3869,224,KE_5rib,kelp_five_rib,manual_update,1
2024_10_08_11-50-15.jpg,2180,3823,3711,3935,2068,2292,224,KE_sugar,kelp_sugar,KE_sugar,0.978
2024_10_08_11-50-15.jpg,2603,4159,4047,4271,2491,2715,224,KE_sugar,kelp_sugar,KE_sugar,1
2024_10_08_11-50-15.jpg,2460,318,206,430,2348,2572,224,RE_fil,red_algae_filamentous,RE_fil,0.977
2024_10_08_11-50-15.jpg,1637,2979,2867,3091,1525,1749,224,SU_sand,sand_fine_shell,SU_sand,1
2024_10_08_11-50-15.jpg,856,3324,3212,3436,744,968,224,SU_peb,pebble,SU_peb,0.974
2024_10_08_11-50-15.jpg,1891,2973,2861,3085,1779,2003,224,SU_sand,sand_fine_shell,manual_update,1
2024_10_08_11-50-15.jpg,1196,2892,2780,3004,1084,1308,224,KE_sugar,kelp_sugar,KE_sugar,0.956
2024_10_08_11-50-15.jpg,2720,1321,1209,1433,2608,2832,224,SI_kelpBry,kelp_bryozoan,manual_update,1
2024_10_08_11-50-15.jpg,1372,1221,1109,1333,1260,1484,224,KE_sugar,kelp_sugar,manual_update,1
2024_10_08_11-50-24.jpg,2546,1927,1815,2039,2434,2658,224,KE_sugar,kelp_sugar,manual_update,1
2024_10_08_11-50-24.jpg,278,874,762,986,166,390,224,SU_bould,boulder,manual_update,1
2024_10_08_11-50-24.jpg,1130,2396,2284,2508,1018,1242,224,SU_sand,sand_fine_shell,manual_update,1
2024_10_08_11-50-24.jpg,2281,2231,2119,2343,2169,2393,224,SU_peb,pebble,SU_peb,0.97
2024_10_08_11-50-24.jpg,2197,1730,1618,1842,2085,2309,224,SU_sand,sand_fine_shell,SU_sand,1
2024_10_08_11-50-24.jpg,1391,216,104,328,1279,1503,224,RE_bush,red_algae_bushy,RE_bush,1
2024_10_08_11-50-24.jpg,2187,4069,3957,4181,2075,2299,224,RE_leaf,red_algae_flat_leaf,manual_update,1
2024_10_08_11-50-24.jpg,2187,738,626,850,2075,2299,224,GR_ulva,green_algae_ulva,GR_ulva,1
2024_10_08_11-50-24.jpg,2500,2720,2608,2832,2388,2612,224,SU_sand,sand_fine_shell,manual_update,1
2024_10_08_11-50-24.jpg,2400,1667,1555,1779,2288,2512,224,SU_sand,sand_fine_shell,SU_sand,0.998
2024_10_08_11-50-24.jpg,2559,3044,2932,3156,2447,2671,224,SU_sand,sand_fine_shell,SU_sand,0.996
2024_10_08_11-50-24.jpg,1114,3206,3094,3318,1002,1226,224,GR_ulva,green_algae_ulva,GR_ulva,0.979
2024_10_08_11-50-24.jpg,3382,1132,1020,1244,3270,3494,224,GR_ulva,green_algae_ulva,GR_ulva,1
2024_10_08_11-50-24.jpg,1567,1534,1422,1646,1455,1679,224,SU_sand,sand_fine_shell,SU_sand,0.995
2024_10_08_11-50-24.jpg,2679,747,635,859,2567,2791,224,GR_ulva,green_algae_ulva,GR_ulva,1
2024_10_08_11-50-24.jpg,3352,2717,2605,2829,3240,3464,224,SU_sand,sand_fine_shell,SU_sand,0.999
2024_10_08_11-50-24.jpg,256,1838,1726,1950,144,368,224,RE_bush,red_algae_bushy,RE_bush,0.998
2024_10_08_11-50-24.jpg,2672,3379,3267,3491,2560,2784,224,SU_sand,sand_fine_shell,SU_sand,0.998
2024_10_08_11-50-24.jpg,856,2874,2762,2986,744,968,224,KE_sugar,kelp_sugar,KE_sugar,0.998
2024_10_08_11-50-24.jpg,284,2386,2274,2498,172,396,224,RE_bush,red_algae_bushy,RE_bush,0.981
2024_10_08_11-50-24.jpg,1833,1995,1883,2107,1721,1945,224,SU_sand,sand_fine_shell,SU_sand,1
2024_10_08_11-50-24.jpg,1289,695,583,807,1177,1401,224,RE_leaf,red_algae_flat_leaf,manual_update,1
2024_10_08_11-50-24.jpg,2091,4409,4297,4521,1979,2203,224,RE_leaf,red_algae_flat_leaf,manual_update,1
2024_10_08_11-50-24.jpg,172,1964,1852,2076,60,284,224,RE_bush,red_algae_bushy,RE_bush,1
2024_10_08_11-50-24.jpg,1564,375,263,487,1452,1676,224,GR_ulva,green_algae_ulva,manual_update,1
2024_10_08_11-50-24.jpg,2831,3193,3081,3305,2719,2943,224,SU_silt,silt,SU_silt,0.996
2024_10_08_11-50-24.jpg,2145,3220,3108,3332,2033,2257,224,SU_sand,sand_fine_shell,SU_sand,1
2024_10_08_11-50-24.jpg,3835,2570,2458,2682,3723,3947,224,SU_sand,sand_fine_shell,manual_update,1
2024_10_08_11-50-24.jpg,3797,3806,3694,3918,3685,3909,224,SU_sand,sand_fine_shell,manual_update,1
2024_10_08_11-50-24.jpg,1692,4103,3991,4215,1580,1804,224,RE_leaf,red_algae_flat_leaf,RE_leaf,0.999
2024_10_08_11-50-24.jpg,3192,462,350,574,3080,3304,224,GR_ulva,green_algae_ulva,GR_ulva,1
2024_10_08_11-50-24.jpg,3360,2890,2778,3002,3248,3472,224,SU_sand,sand_fine_shell,SU_sand,0.996
2024_10_08_11-50-24.jpg,743,3069,2957,3181,631,855,224,KE_sugar,kelp_sugar,KE_sugar,0.993
2024_10_08_11-50-24.jpg,3611,2684,2572,2796,3499,3723,224,SU_sand,sand_fine_shell,SU_sand,1
2024_10_08_11-50-24.jpg,2264,2092,1980,2204,2152,2376,224,SU_peb,pebble,manual_update,1
2024_10_08_11-50-24.jpg,841,2537,2425,2649,729,953,224,GR_ulva,green_algae_ulva,manual_update,1
2024_10_08_11-50-24.jpg,1382,2218,2106,2330,1270,1494,224,SU_sand,sand_fine_shell,manual_update,1
2024_10_08_11-50-24.jpg,957,2552,2440,2664,845,1069,224,KE_sugar,kelp_sugar,manual_update,1
2024_10_08_11-50-24.jpg,1555,3002,2890,3114,1443,1667,224,SU_sand,sand_fine_shell,SU_sand,0.961
2024_10_08_11-50-24.jpg,1391,901,789,1013,1279,1503,224,RE_leaf,red_algae_flat_leaf,manual_update,1
2024_10_08_11-50-24.jpg,3632,1721,1609,1833,3520,3744,224,SU_sand,sand_fine_shell,SU_sand,1
2024_10_08_11-50-24.jpg,1942,669,557,781,1830,2054,224,GR_ulva,green_algae_ulva,GR_ulva,1
2024_10_08_11-50-24.jpg,570,318,206,430,458,682,224,RE_leaf,red_algae_flat_leaf,manual_update,1
2024_10_08_11-50-24.jpg,3285,2346,2234,2458,3173,3397,224,SU_sand,sand_fine_shell,manual_update,1
2024_10_08_11-50-24.jpg,1059,1114,1002,1226,947,1171,224,RE_leaf,red_algae_flat_leaf,manual_update,1
2024_10_08_11-50-24.jpg,3030,2057,1945,2169,2918,3142,224,SU_silt,silt,SU_silt,0.997
2024_10_08_11-50-24.jpg,1318,1719,1607,1831,1206,1430,224,SU_bould,boulder,manual_update,1
2024_10_08_11-50-24.jpg,3266,3426,3314,3538,3154,3378,224,SU_silt,silt,SU_silt,0.999
2024_10_08_11-50-24.jpg,1980,2741,2629,2853,1868,2092,224,SU_sand,sand_fine_shell,manual_update,1
2024_10_08_11-50-24.jpg,564,1258,1146,1370,452,676,224,SU_bould,boulder,manual_update,1
2024_10_08_11-50-33.jpg,1479,3610,3498,3722,1367,1591,224,SU_peb,pebble,manual_update,1
2024_10_08_11-50-33.jpg,3054,2761,2649,2873,2942,3166,224,KE_5rib,kelp_five_rib,KE_5rib,0.966
2024_10_08_11-50-33.jpg,1933,3420,3308,3532,1821,2045,224,SI_kelpBry,kelp_bryozoan,SI_kelpBry,0.983
2024_10_08_11-50-33.jpg,2601,4087,3975,4199,2489,2713,224,SU_peb,pebble,manual_update,1
2024_10_08_11-50-33.jpg,1051,2279,2167,2391,939,1163,224,KE_sugar,kelp_sugar,manual_update,1
2024_10_08_11-50-33.jpg,2695,3432,3320,3544,2583,2807,224,SU_sand,sand_fine_shell,SU_sand,1
2024_10_08_11-50-33.jpg,3103,120,8,232,2991,3215,224,SU_sand,sand_fine_shell,manual_update,1
2024_10_08_11-50-33.jpg,3327,1490,1378,1602,3215,3439,224,SU_silt,silt,SU_silt,1
2024_10_08_11-50-33.jpg,2612,4404,4292,4516,2500,2724,224,SU_silt,silt,SU_silt,0.993
2024_10_08_11-50-33.jpg,1567,2832,2720,2944,1455,1679,224,SI_kelpBry,kelp_bryozoan,manual_update,1
2024_10_08_11-50-33.jpg,2289,1130,1018,1242,2177,2401,224,KE_5rib,kelp_five_rib,manual_update,1
2024_10_08_11-50-33.jpg,2520,1876,1764,1988,2408,2632,224,KE_5rib,kelp_five_rib,manual_update,1
2024_10_08_11-50-33.jpg,179,3949,3837,4061,67,291,224,SU_sand,sand_fine_shell,SU_sand,0.997
2024_10_08_11-50-33.jpg,2555,165,53,277,2443,2667,224,SU_anth,anthropogenic,manual_update,1
2024_10_08_11-50-33.jpg,137,1835,1723,1947,25,249,224,GR_ulva,green_algae_ulva,GR_ulva,0.999
2024_10_08_11-50-33.jpg,679,2905,2793,3017,567,791,224,SU_silt,silt,SU_silt,1
2024_10_08_11-50-33.jpg,3412,2384,2272,2496,3300,3524,224,KE_5rib,kelp_five_rib,manual_update,1
2024_10_08_11-50-33.jpg,1397,2702,2590,2814,1285,1509,224,SI_kelpBry,kelp_bryozoan,manual_update,1
2024_10_08_11-50-33.jpg,649,1737,1625,1849,537,761,224,KE_sugar,kelp_sugar,KE_sugar,0.998
2024_10_08_11-50-33.jpg,3299,3877,3765,3989,3187,3411,224,SU_peb,pebble,manual_update,1
2024_10_08_11-50-33.jpg,2924,2581,2469,2693,2812,3036,224,KE_5rib,kelp_five_rib,manual_update,1
2024_10_08_11-50-33.jpg,695,493,381,605,583,807,224,SU_sand,sand_fine_shell,SU_sand,1
2024_10_08_11-50-33.jpg,2888,2876,2764,2988,2776,3000,224,KE_5rib,kelp_five_rib,manual_update,1
2024_10_08_11-50-33.jpg,3465,3352,3240,3464,3353,3577,224,GR_ulva,green_algae_ulva,manual_update,1
2024_10_08_11-50-33.jpg,278,1384,1272,1496,166,390,224,KE_sugar,kelp_sugar,KE_sugar,1
2024_10_08_11-50-33.jpg,2571,3844,3732,3956,2459,2683,224,SU_sand,sand_fine_shell,SU_sand,0.818
2024_10_08_11-50-33.jpg,3415,2930,2818,3042,3303,3527,224,KE_5rib,kelp_five_rib,manual_update,1
2024_10_08_11-50-33.jpg,2880,3703,3591,3815,2768,2992,224,RE_bush,red_algae_bushy,manual_update,1
2024_10_08_11-50-33.jpg,332,407,295,519,220,444,224,SU_sand,sand_fine_shell,manual_update,1
2024_10_08_11-50-33.jpg,2960,1488,1376,1600,2848,3072,224,SU_sand,sand_fine_shell,SU_sand,1
2024_10_08_11-50-33.jpg,1047,4105,3993,4217,935,1159,224,SU_sand,sand_fine_shell,SU_sand,1
2024_10_08_11-50-33.jpg,3251,1853,1741,1965,3139,3363,224,KE_5rib,kelp_five_rib,manual_update,1
2024_10_08_11-50-33.jpg,1189,2613,2501,2725,1077,1301,224,KE_sugar,kelp_sugar,manual_update,1
2024_10_08_11-50-33.jpg,1340,1608,1496,1720,1228,1452,224,KE_sugar,kelp_sugar,KE_sugar,0.996
2024_10_08_11-50-33.jpg,2585,3263,3151,3375,2473,2697,224,SU_peb,pebble,manual_update,1
2024_10_08_11-50-33.jpg,1216,3555,3443,3667,1104,1328,224,SU_sand,sand_fine_shell,SU_sand,1
2024_10_08_11-50-33.jpg,321,4048,3936,4160,209,433,224,SU_sand,sand_fine_shell,SU_sand,1
2024_10_08_11-50-33.jpg,2628,1718,1606,1830,2516,2740,224,KE_5rib,kelp_five_rib,manual_update,1
2024_10_08_11-50-33.jpg,3895,123,11,235,3783,4007,224,SU_peb,pebble,manual_update,1
2024_10_08_11-50-33.jpg,3502,3718,3606,3830,3390,3614,224,GR_ulva,green_algae_ulva,GR_ulva,0.968
2024_10_08_11-50-33.jpg,1012,2109,1997,2221,900,1124,224,KE_sugar,kelp_sugar,manual_update,1
2024_10_08_11-50-33.jpg,3877,509,397,621,3765,3989,224,SU_cob,cobble,manual_update,1
2024_10_08_11-50-33.jpg,1022,432,320,544,910,1134,224,SU_cob,cobble,manual_update,1
2024_10_08_11-50-33.jpg,3488,1167,1055,1279,3376,3600,224,SU_peb,pebble,SU_peb,0.919
2024_10_08_11-50-33.jpg,2885,2066,1954,2178,2773,2997,224,KE_5rib,kelp_five_rib,manual_update,1
2024_10_08_11-50-33.jpg,1628,1958,1846,2070,1516,1740,224,KE_sugar,kelp_sugar,manual_update,1
2024_10_08_11-50-33.jpg,1823,4485,4373,4597,1711,1935,224,SU_silt,silt,SU_silt,0.998
2024_10_08_11-50-33.jpg,1285,4261,4149,4373,1173,1397,224,SU_sand,sand_fine_shell,SU_sand,0.995
2024_10_08_11-50-33.jpg,769,4236,4124,4348,657,881,224,SU_sand,sand_fine_shell,SU_sand,1
2024_10_08_11-50-33.jpg,3631,2477,2365,2589,3519,3743,224,RE_bush,red_algae_bushy,RE_bush,1
2024_10_08_11-50-42.jpg,911,1847,1735,1959,799,1023,224,KE_sugar,kelp_sugar,manual_update,1
2024_10_08_11-50-42.jpg,771,1960,1848,2072,659,883,224,KE_sugar,kelp_sugar,manual_update,1
2024_10_08_11-50-42.jpg,1341,1109,997,1221,1229,1453,224,RE_branch,red_algae_branching,RE_branch,0.999
2024_10_08_11-50-42.jpg,2735,3279,3167,3391,2623,2847,224,SU_sand,sand_fine_shell,SU_sand,1
2024_10_08_11-50-42.jpg,2634,1323,1211,1435,2522,2746,224,RE_branch,red_algae_branching,RE_branch,0.998
2024_10_08_11-50-42.jpg,1462,3565,3453,3677,1350,1574,224,SU_sand,sand_fine_shell,SU_sand,0.998
2024_10_08_11-50-42.jpg,2257,4338,4226,4450,2145,2369,224,KE_sugar,kelp_sugar,KE_sugar,0.927
2024_10_08_11-50-42.jpg,2433,3476,3364,3588,2321,2545,224,SU_cob,cobble,manual_update,1
2024_10_08_11-50-42.jpg,1548,4421,4309,4533,1436,1660,224,KE_sugar,kelp_sugar,KE_sugar,0.992
2024_10_08_11-50-42.jpg,485,2020,1908,2132,373,597,224,KE_sugar,kelp_sugar,manual_update,1
2024_10_08_11-50-42.jpg,3701,2899,2787,3011,3589,3813,224,SU_silt,silt,SU_silt,0.954
2024_10_08_11-50-42.jpg,313,2777,2665,2889,201,425,224,SU_cob,cobble,manual_update,1
2024_10_08_11-50-42.jpg,2203,3238,3126,3350,2091,2315,224,KE_sugar,kelp_sugar,KE_sugar,0.99
2024_10_08_11-50-42.jpg,3042,149,37,261,2930,3154,224,RE_fil,red_algae_filamentous,manual_update,1
2024_10_08_11-50-42.jpg,3153,1790,1678,1902,3041,3265,224,RE_branch,red_algae_branching,RE_branch,0.987
2024_10_08_11-50-42.jpg,2381,2250,2138,2362,2269,2493,224,RE_leaf,red_algae_flat_leaf,manual_update,1
2024_10_08_11-50-42.jpg,2392,2914,2802,3026,2280,2504,224,SU_sand,sand_fine_shell,SU_sand,1
2024_10_08_11-50-42.jpg,605,1263,1151,1375,493,717,224,SU_cob,cobble,SU_cob,1
2024_10_08_11-50-42.jpg,1197,1920,1808,2032,1085,1309,224,SU_peb,pebble,SU_peb,0.979
2024_10_08_11-50-42.jpg,2781,1855,1743,1967,2669,2893,224,SU_silt,silt,SU_silt,0.997
2024_10_08_11-50-42.jpg,443,848,736,960,331,555,224,GR_ulva,green_algae_ulva,GR_ulva,1
2024_10_08_11-50-42.jpg,1143,2978,2866,3090,1031,1255,224,SU_cob,cobble,SU_cob,0.997
2024_10_08_11-50-42.jpg,291,3525,3413,3637,179,403,224,KE_sugar,kelp_sugar,KE_sugar,1
2024_10_08_11-50-42.jpg,2808,601,489,713,2696,2920,224,RE_fil,red_algae_filamentous,manual_update,1
2024_10_08_11-50-42.jpg,2236,3688,3576,3800,2124,2348,224,SU_bould,boulder,manual_update,1
2024_10_08_11-50-42.jpg,1981,3420,3308,3532,1869,2093,224,KE_sugar,kelp_sugar,KE_sugar,0.963
2024_10_08_11-50-42.jpg,1150,3485,3373,3597,1038,1262,224,SU_sand,sand_fine_shell,manual_update,1
2024_10_08_11-50-42.jpg,467,2337,2225,2449,355,579,224,SU_sand,sand_fine_shell,SU_sand,1
2024_10_08_11-50-42.jpg,3466,2322,2210,2434,3354,3578,224,SU_sand,sand_fine_shell,SU_sand,0.999
2024_10_08_11-50-42.jpg,774,1534,1422,1646,662,886,224,SU_sand,sand_fine_shell,SU_sand,0.997
2024_10_08_11-50-42.jpg,249,1401,1289,1513,137,361,224,SU_sand,sand_fine_shell,SU_sand,0.996
2024_10_08_11-50-42.jpg,3411,1342,1230,1454,3299,3523,224,RE_fil,red_algae_filamentous,RE_fil,1
2024_10_08_11-50-42.jpg,1557,3403,3291,3515,1445,1669,224,SU_sand,sand_fine_shell,SU_sand,1
2024_10_08_11-50-42.jpg,2956,3104,2992,3216,2844,3068,224,KE_sugar,kelp_sugar,manual_update,1
2024_10_08_11-50-42.jpg,3775,3823,3711,3935,3663,3887,224,SU_silt,silt,SU_silt,1
2024_10_08_11-50-42.jpg,1469,1876,1764,1988,1357,1581,224,SU_peb,pebble,manual_update,1
2024_10_08_11-50-42.jpg,1128,4257,4145,4369,1016,1240,224,SU_sand,sand_fine_shell,manual_update,1
2024_10_08_11-50-42.jpg,1199,640,528,752,1087,1311,224,RE_branch,red_algae_branching,manual_update,1
2024_10_08_11-50-42.jpg,1883,4230,4118,4342,1771,1995,224,KE_sugar,kelp_sugar,KE_sugar,0.972
2024_10_08_11-50-42.jpg,3366,3383,3271,3495,3254,3478,224,SU_sand,sand_fine_shell,manual_update,1
2024_10_08_11-50-42.jpg,3543,784,672,896,3431,3655,224,RE_branch,red_algae_branching,manual_update,1
2024_10_08_11-50-42.jpg,255,3016,2904,3128,143,367,224,KE_sugar,kelp_sugar,manual_update,1
2024_10_08_11-50-42.jpg,2020,271,159,383,1908,2132,224,RE_branch,red_algae_branching,RE_branch,1
2024_10_08_11-50-42.jpg,1768,1132,1020,1244,1656,1880,224,RE_branch,red_algae_branching,RE_branch,1
2024_10_08_11-50-42.jpg,879,1119,1007,1231,767,991,224,GR_ulva,green_algae_ulva,GR_ulva,1
2024_10_08_11-50-42.jpg,2066,2593,2481,2705,1954,2178,224,KE_sugar,kelp_sugar,KE_sugar,0.972
2024_10_08_11-50-42.jpg,1707,1269,1157,1381,1595,1819,224,RE_branch,red_algae_branching,RE_branch,1
2024_10_08_11-50-42.jpg,762,1049,937,1161,650,874,224,GR_ulva,green_algae_ulva,GR_ulva,1
2024_10_08_11-50-42.jpg,2942,2783,2671,2895,2830,3054,224,SU_sand,sand_fine_shell,SU_sand,1
2024_10_08_11-50-42.jpg,3126,3141,3029,3253,3014,3238,224,KE_sugar,kelp_sugar,KE_sugar,1
2024_10_08_11-52-21.jpg,1649,2433,2321,2545,1537,1761,224,RE_branch,red_algae_branching,manual_update,1
2024_10_08_11-52-21.jpg,1107,3035,2923,3147,995,1219,224,RE_fil,red_algae_filamentous,RE_fil,0.996
2024_10_08_11-52-21.jpg,1074,2772,2660,2884,962,1186,224,BR_sarg,brown_algae_sargassum,manual_update,1
2024_10_08_11-52-21.jpg,2671,1574,1462,1686,2559,2783,224,GR_ulva,green_algae_ulva,GR_ulva,1
2024_10_08_11-52-21.jpg,2924,2293,2181,2405,2812,3036,224,GR_ulva,green_algae_ulva,manual_update,1
2024_10_08_11-52-21.jpg,3823,1393,1281,1505,3711,3935,224,GR_ulva,green_algae_ulva,GR_ulva,1
2024_10_08_11-52-21.jpg,1245,511,399,623,1133,1357,224,KE_sugar,kelp_sugar,manual_update,1
2024_10_08_11-52-21.jpg,3834,2096,1984,2208,3722,3946,224,GR_ulva,green_algae_ulva,GR_ulva,0.928
2024_10_08_11-52-21.jpg,2917,3469,3357,3581,2805,3029,224,RE_branch,red_algae_branching,manual_update,1
2024_10_08_11-52-21.jpg,1936,3421,3309,3533,1824,2048,224,RE_leaf,red_algae_flat_leaf,manual_update,1
2024_10_08_11-52-21.jpg,645,1189,1077,1301,533,757,224,KE_sugar,kelp_sugar,manual_update,1
2024_10_08_11-52-21.jpg,196,3647,3535,3759,84,308,224,SU_sand,sand_fine_shell,manual_update,1
2024_10_08_11-52-21.jpg,2237,1383,1271,1495,2125,2349,224,SU_silt,silt,manual_update,1
2024_10_08_11-52-21.jpg,512,3438,3326,3550,400,624,224,KE_sugar,kelp_sugar,manual_update,1
2024_10_08_11-52-21.jpg,1948,4481,4369,4593,1836,2060,224,RE_leaf,red_algae_flat_leaf,manual_update,1
2024_10_08_11-52-21.jpg,1277,2975,2863,3087,1165,1389,224,RE_branch,red_algae_branching,RE_branch,0.956
2024_10_08_11-52-21.jpg,3751,3820,3708,3932,3639,3863,224,GR_ulva,green_algae_ulva,manual_update,1
2024_10_08_11-52-21.jpg,2875,1117,1005,1229,2763,2987,224,GR_ulva,green_algae_ulva,GR_ulva,1
2024_10_08_11-52-21.jpg,1964,890,778,1002,1852,2076,224,GR_ulva,green_algae_ulva,GR_ulva,0.993
2024_10_08_11-52-21.jpg,1730,362,250,474,1618,1842,224,unknown,unknown_area,manual_update,1
2024_10_08_11-52-21.jpg,472,538,426,650,360,584,224,KE_sugar,kelp_sugar,manual_update,1
2024_10_08_11-52-21.jpg,3471,2845,2733,2957,3359,3583,224,RE_leaf,red_algae_flat_leaf,RE_leaf,1
2024_10_08_11-52-21.jpg,3413,1575,1463,1687,3301,3525,224,GR_ulva,green_algae_ulva,GR_ulva,1
2024_10_08_11-52-21.jpg,3449,3692,3580,3804,3337,3561,224,GR_ulva,green_algae_ulva,GR_ulva,0.999
2024_10_08_11-52-21.jpg,3821,1514,1402,1626,3709,3933,224,GR_ulva,green_algae_ulva,GR_ulva,0.927
2024_10_08_11-52-21.jpg,2974,3167,3055,3279,2862,3086,224,RE_leaf,red_algae_flat_leaf,RE_leaf,1
2024_10_08_11-52-21.jpg,1996,3948,3836,4060,1884,2108,224,BR_sarg,brown_algae_sargassum,BR_sarg,0.934
2024_10_08_11-52-21.jpg,207,839,727,951,95,319,224,KE_sugar,kelp_sugar,manual_update,1
2024_10_08_11-52-21.jpg,3758,521,409,633,3646,3870,224,GR_ulva,green_algae_ulva,manual_update,1
2024_10_08_11-52-21.jpg,1443,1730,1618,1842,1331,1555,224,GR_ulva,green_algae_ulva,manual_update,1
2024_10_08_11-52-21.jpg,810,1844,1732,1956,698,922,224,RE_fil,red_algae_filamentous,RE_fil,0.991
2024_10_08_11-52-21.jpg,281,2646,2534,2758,169,393,224,KE_sugar,kelp_sugar,manual_update,1
2024_10_08_11-52-21.jpg,1383,1173,1061,1285,1271,1495,224,GR_ulva,green_algae_ulva,GR_ulva,0.997
2024_10_08_11-52-21.jpg,1390,4444,4332,4556,1278,1502,224,RE_leaf,red_algae_flat_leaf,RE_leaf,0.997
2024_10_08_11-52-21.jpg,3232,1868,1756,1980,3120,3344,224,RE_leaf,red_algae_flat_leaf,RE_leaf,0.898
2024_10_08_11-52-21.jpg,1192,3764,3652,3876,1080,1304,224,BR_sarg,brown_algae_sargassum,manual_update,1
2024_10_08_11-52-21.jpg,1498,4228,4116,4340,1386,1610,224,RE_leaf,red_algae_flat_leaf,manual_update,1
2024_10_08_11-52-21.jpg,1962,587,475,699,1850,2074,224,GR_ulva,green_algae_ulva,manual_update,1
2024_10_08_11-52-21.jpg,1721,1083,971,1195,1609,1833,224,GR_ulva,green_algae_ulva,GR_ulva,1
2024_10_08_11-52-21.jpg,2539,3157,3045,3269,2427,2651,224,RE_leaf,red_algae_flat_leaf,manual_update,1
2024_10_08_11-52-21.jpg,1072,348,236,460,960,1184,224,KE_sugar,kelp_sugar,manual_update,1
2024_10_08_11-52-21.jpg,2084,2375,2263,2487,1972,2196,224,RE_fil,red_algae_filamentous,RE_fil,1
2024_10_08_11-52-21.jpg,2868,3817,3705,3929,2756,2980,224,RE_branch,red_algae_branching,manual_update,1
2024_10_08_11-52-21.jpg,1709,1373,1261,1485,1597,1821,224,GR_ulva,green_algae_ulva,GR_ulva,0.999
2024_10_08_11-52-21.jpg,2640,382,270,494,2528,2752,224,SU_peb,pebble,SU_peb,1
2024_10_08_11-52-21.jpg,2406,2451,2339,2563,2294,2518,224,RE_leaf,red_algae_flat_leaf,manual_update,1
2024_10_08_11-52-21.jpg,1560,1412,1300,1524,1448,1672,224,GR_ulva,green_algae_ulva,GR_ulva,1
2024_10_08_11-52-21.jpg,256,613,501,725,144,368,224,KE_sugar,kelp_sugar,manual_update,1
2024_10_08_11-52-21.jpg,3148,1343,1231,1455,3036,3260,224,MS,mobile_species,manual_update,1
2024_10_08_11-52-21.jpg,2300,1893,1781,2005,2188,2412,224,SU_bould,boulder,manual_update,1
2024_10_08_11-52-30.jpg,950,2037,1925,2149,838,1062,224,GR_ulva,green_algae_ulva,GR_ulva,0.999
2024_10_08_11-52-30.jpg,2814,3820,3708,3932,2702,2926,224,SU_silt,silt,SU_silt,1
2024_10_08_11-52-30.jpg,2430,2608,2496,2720,2318,2542,224,GR_ulva,green_algae_ulva,GR_ulva,0.987
2024_10_08_11-52-30.jpg,2598,1006,894,1118,2486,2710,224,KE_5rib,kelp_five_rib,KE_5rib,1
2024_10_08_11-52-30.jpg,382,124,12,236,270,494,224,GR_ulva,green_algae_ulva,manual_update,1
2024_10_08_11-52-30.jpg,2203,2892,2780,3004,2091,2315,224,SU_silt,silt,SU_silt,1
2024_10_08_11-52-30.jpg,3632,333,221,445,3520,3744,224,KE_5rib,kelp_five_rib,KE_5rib,0.994
2024_10_08_11-52-30.jpg,2051,4178,4066,4290,1939,2163,224,SU_silt,silt,SU_silt,0.954
2024_10_08_11-52-30.jpg,1896,441,329,553,1784,2008,224,GR_ulva,green_algae_ulva,GR_ulva,1
2024_10_08_11-52-30.jpg,3748,3035,2923,3147,3636,3860,224,KE_5rib,kelp_five_rib,manual_update,1
2024_10_08_11-52-30.jpg,1175,2685,2573,2797,1063,1287,224,SU_sand,sand_fine_shell,manual_update,1
2024_10_08_11-52-30.jpg,2090,1804,1692,1916,1978,2202,224,RE_branch,red_algae_branching,RE_branch,0.908
2024_10_08_11-52-30.jpg,1870,3467,3355,3579,1758,1982,224,KE_5rib,kelp_five_rib,KE_5rib,1
2024_10_08_11-52-30.jpg,2107,2164,2052,2276,1995,2219,224,RE_branch,red_algae_branching,manual_update,1
2024_10_08_11-52-30.jpg,3071,2452,2340,2564,2959,3183,224,SU_bould,boulder,SU_bould,0.956
2024_10_08_11-52-30.jpg,3630,120,8,232,3518,3742,224,KE_5rib,kelp_five_rib,manual_update,1
2024_10_08_11-52-30.jpg,1638,3343,3231,3455,1526,1750,224,KE_5rib,kelp_five_rib,manual_update,1
2024_10_08_11-52-30.jpg,1126,860,748,972,1014,1238,224,GR_ulva,green_algae_ulva,GR_ulva,1
2024_10_08_11-52-30.jpg,745,1897,1785,2009,633,857,224,SU_sand,sand_fine_shell,manual_update,1
2024_10_08_11-52-30.jpg,2735,413,301,525,2623,2847,224,KE_5rib,kelp_five_rib,manual_update,1
2024_10_08_11-52-30.jpg,2255,192,80,304,2143,2367,224,GR_ulva,green_algae_ulva,GR_ulva,1
2024_10_08_11-52-30.jpg,2341,2751,2639,2863,2229,2453,224,GR_ulva,green_algae_ulva,manual_update,1
2024_10_08_11-52-30.jpg,1413,3177,3065,3289,1301,1525,224,KE_5rib,kelp_five_rib,manual_update,1
2024_10_08_11-52-30.jpg,1439,1213,1101,1325,1327,1551,224,GR_ulva,green_algae_ulva,GR_ulva,1
2024_10_08_11-52-30.jpg,3362,1586,1474,1698,3250,3474,224,RE_leaf,red_algae_flat_leaf,manual_update,1
2024_10_08_11-52-30.jpg,2447,1982,1870,2094,2335,2559,224,SU_sand,sand_fine_shell,SU_sand,1
2024_10_08_11-52-30.jpg,3395,131,19,243,3283,3507,224,KE_5rib,kelp_five_rib,manual_update,1
2024_10_08_11-52-30.jpg,1607,3494,3382,3606,1495,1719,224,SU_sand,sand_fine_shell,SU_sand,0.955
2024_10_08_11-52-30.jpg,263,1000,888,1112,151,375,224,GR_ulva,green_algae_ulva,GR_ulva,1
2024_10_08_11-52-30.jpg,663,3873,3761,3985,551,775,224,GR_ulva,green_algae_ulva,GR_ulva,1
2024_10_08_11-52-30.jpg,3266,2537,2425,2649,3154,3378,224,KE_5rib,kelp_five_rib,manual_update,1
2024_10_08_11-52-30.jpg,1471,3664,3552,3776,1359,1583,224,SU_silt,silt,SU_silt,0.961
2024_10_08_11-52-30.jpg,1863,3841,3729,3953,1751,1975,224,SU_sand,sand_fine_shell,SU_sand,0.982
2024_10_08_11-52-30.jpg,2910,4190,4078,4302,2798,3022,224,SU_silt,silt,SU_silt,1
2024_10_08_11-52-30.jpg,3089,1417,1305,1529,2977,3201,224,KE_5rib,kelp_five_rib,manual_update,1
2024_10_08_11-52-30.jpg,749,4119,4007,4231,637,861,224,GR_ulva,green_algae_ulva,GR_ulva,1
2024_10_08_11-52-30.jpg,1310,2878,2766,2990,1198,1422,224,KE_5rib,kelp_five_rib,manual_update,1
2024_10_08_11-52-30.jpg,1991,3322,3210,3434,1879,2103,224,KE_5rib,kelp_five_rib,KE_5rib,1
2024_10_08_11-52-30.jpg,475,4468,4356,4580,363,587,224,GR_ulva,green_algae_ulva,GR_ulva,1
2024_10_08_11-52-30.jpg,2611,2643,2531,2755,2499,2723,224,RE_fil,red_algae_filamentous,manual_update,1
2024_10_08_11-52-30.jpg,606,529,417,641,494,718,224,GR_ulva,green_algae_ulva,GR_ulva,0.92
2024_10_08_11-52-30.jpg,189,2610,2498,2722,77,301,224,GR_ulva,green_algae_ulva,GR_ulva,1
2024_10_08_11-52-30.jpg,280,1628,1516,1740,168,392,224,GR_ulva,green_algae_ulva,manual_update,1
2024_10_08_11-52-30.jpg,537,2481,2369,2593,425,649,224,GR_ulva,green_algae_ulva,GR_ulva,1
2024_10_08_11-52-30.jpg,3745,4219,4107,4331,3633,3857,224,RE_fil,red_algae_filamentous,manual_update,1
2024_10_08_11-52-30.jpg,641,1743,1631,1855,529,753,224,SU_sand,sand_fine_shell,manual_update,1
2024_10_08_11-52-30.jpg,2849,1408,1296,1520,2737,2961,224,SU_sand,sand_fine_shell,manual_update,1
2024_10_08_11-52-30.jpg,3419,411,299,523,3307,3531,224,KE_5rib,kelp_five_rib,manual_update,1
2024_10_08_11-52-30.jpg,3218,3750,3638,3862,3106,3330,224,SU_sand,sand_fine_shell,SU_sand,0.988
2024_10_08_11-52-30.jpg,1264,1985,1873,2097,1152,1376,224,RE_branch,red_algae_branching,RE_branch,1
2024_10_08_11-52-39.jpg,2482,1005,893,1117,2370,2594,224,GR_ulva,green_algae_ulva,GR_ulva,1
2024_10_08_11-52-39.jpg,597,991,879,1103,485,709,224,RE_leaf,red_algae_flat_leaf,RE_leaf,0.962
2024_10_08_11-52-39.jpg,1285,1759,1647,1871,1173,1397,224,GR_ulva,green_algae_ulva,GR_ulva,1
2024_10_08_11-52-39.jpg,533,1262,1150,1374,421,645,224,RE_branch,red_algae_branching,manual_update,1
2024_10_08_11-52-39.jpg,2097,3787,3675,3899,1985,2209,224,GR_ulva,green_algae_ulva,GR_ulva,1
2024_10_08_11-52-39.jpg,1871,3539,3427,3651,1759,1983,224,GR_ulva,green_algae_ulva,GR_ulva,0.968
2024_10_08_11-52-39.jpg,411,1682,1570,1794,299,523,224,RE_branch,red_algae_branching,RE_branch,0.919
2024_10_08_11-52-39.jpg,2957,4192,4080,4304,2845,3069,224,GR_ulva,green_algae_ulva,GR_ulva,1
2024_10_08_11-52-39.jpg,3905,4200,4088,4312,3793,4017,224,SU_sand,sand_fine_shell,SU_sand,0.928
2024_10_08_11-52-39.jpg,1768,2635,2523,2747,1656,1880,224,GR_ulva,green_algae_ulva,GR_ulva,1
2024_10_08_11-52-39.jpg,2180,3675,3563,3787,2068,2292,224,SU_sand,sand_fine_shell,manual_update,1
2024_10_08_11-52-39.jpg,368,1243,1131,1355,256,480,224,GR_ulva,green_algae_ulva,GR_ulva,0.99
2024_10_08_11-52-39.jpg,2794,3215,3103,3327,2682,2906,224,GR_ulva,green_algae_ulva,GR_ulva,1
2024_10_08_11-52-39.jpg,2099,716,604,828,1987,2211,224,GR_ulva,green_algae_ulva,GR_ulva,1
2024_10_08_11-52-39.jpg,270,1042,930,1154,158,382,224,RE_leaf,red_algae_flat_leaf,manual_update,1
2024_10_08_11-52-39.jpg,2238,3173,3061,3285,2126,2350,224,GR_ulva,green_algae_ulva,GR_ulva,1
2024_10_08_11-52-39.jpg,3147,3798,3686,3910,3035,3259,224,GR_ulva,green_algae_ulva,GR_ulva,1
2024_10_08_11-52-39.jpg,769,2325,2213,2437,657,881,224,RE_branch,red_algae_branching,manual_update,1
2024_10_08_11-52-39.jpg,1089,1668,1556,1780,977,1201,224,SU_bould,boulder,manual_update,1
2024_10_08_11-52-39.jpg,2950,2709,2597,2821,2838,3062,224,GR_ulva,green_algae_ulva,GR_ulva,0.998
2024_10_08_11-52-39.jpg,645,2474,2362,2586,533,757,224,RE_branch,red_algae_branching,RE_branch,1
2024_10_08_11-52-39.jpg,791,4262,4150,4374,679,903,224,GR_ulva,green_algae_ulva,GR_ulva,0.945
2024_10_08_11-52-39.jpg,2695,1788,1676,1900,2583,2807,224,GR_ulva,green_algae_ulva,GR_ulva,1
2024_10_08_11-52-39.jpg,1958,3061,2949,3173,1846,2070,224,GR_ulva,green_algae_ulva,GR_ulva,0.998
2024_10_08_11-52-39.jpg,1272,495,383,607,1160,1384,224,SU_anth,anthropogenic,manual_update,1
2024_10_08_11-52-39.jpg,3804,3074,2962,3186,3692,3916,224,SU_silt,silt,SU_silt,1
2024_10_08_11-52-39.jpg,3172,4072,3960,4184,3060,3284,224,GR_ulva,green_algae_ulva,GR_ulva,1
2024_10_08_11-52-39.jpg,574,210,98,322,462,686,224,KE_sugar,kelp_sugar,KE_sugar,0.958
2024_10_08_11-52-39.jpg,1911,3344,3232,3456,1799,2023,224,GR_ulva,green_algae_ulva,GR_ulva,0.948
2024_10_08_11-52-39.jpg,1541,304,192,416,1429,1653,224,GR_ulva,green_algae_ulva,GR_ulva,1
2024_10_08_11-52-39.jpg,2267,4136,4024,4248,2155,2379,224,SU_sand,sand_fine_shell,SU_sand,0.998
2024_10_08_11-52-39.jpg,3569,2558,2446,2670,3457,3681,224,GR_ulva,green_algae_ulva,GR_ulva,1
2024_10_08_11-52-39.jpg,3700,1079,967,1191,3588,3812,224,GR_ulva,green_algae_ulva,GR_ulva,1
2024_10_08_11-52-39.jpg,2685,3040,2928,3152,2573,2797,224,GR_ulva,green_algae_ulva,GR_ulva,1
2024_10_08_11-52-39.jpg,1982,3837,3725,3949,1870,2094,224,SU_sand,sand_fine_shell,manual_update,1
2024_10_08_11-52-39.jpg,3388,1406,1294,1518,3276,3500,224,GR_ulva,green_algae_ulva,GR_ulva,0.976
2024_10_08_11-52-39.jpg,705,3958,3846,4070,593,817,224,RE_bush,red_algae_bushy,manual_update,1
2024_10_08_11-52-39.jpg,283,2963,2851,3075,171,395,224,GR_ulva,green_algae_ulva,GR_ulva,0.994
2024_10_08_11-52-39.jpg,3229,2434,2322,2546,3117,3341,224,GR_ulva,green_algae_ulva,GR_ulva,1
2024_10_08_11-52-39.jpg,3275,1207,1095,1319,3163,3387,224,GR_ulva,green_algae_ulva,GR_ulva,1
2024_10_08_11-52-39.jpg,1605,3917,3805,4029,1493,1717,224,GR_ulva,green_algae_ulva,GR_ulva,1
2024_10_08_11-52-39.jpg,2145,856,744,968,2033,2257,224,GR_ulva,green_algae_ulva,GR_ulva,1
2024_10_08_11-52-39.jpg,447,2460,2348,2572,335,559,224,RE_branch,red_algae_branching,manual_update,1
2024_10_08_11-52-39.jpg,1571,2415,2303,2527,1459,1683,224,GR_ulva,green_algae_ulva,GR_ulva,1
2024_10_08_11-52-39.jpg,2085,360,248,472,1973,2197,224,GR_ulva,green_algae_ulva,GR_ulva,1
2024_10_08_11-52-39.jpg,1556,3687,3575,3799,1444,1668,224,GR_ulva,green_algae_ulva,GR_ulva,1
2024_10_08_11-52-39.jpg,796,2902,2790,3014,684,908,224,RE_fil,red_algae_filamentous,RE_fil,1
2024_10_08_11-52-39.jpg,1674,2821,2709,2933,1562,1786,224,GR_ulva,green_algae_ulva,GR_ulva,1
2024_10_08_11-52-39.jpg,2620,4272,4160,4384,2508,2732,224,SU_peb,pebble,SU_peb,0.944
2024_10_08_11-52-39.jpg,3422,2768,2656,2880,3310,3534,224,GR_ulva,green_algae_ulva,GR_ulva,1
2024_10_08_11-52-48.jpg,1390,2509,2397,2621,1278,1502,224,GR_ulva,green_algae_ulva,GR_ulva,0.999
2024_10_08_11-52-48.jpg,2098,3571,3459,3683,1986,2210,224,GR_ulva,green_algae_ulva,GR_ulva,1
2024_10_08_11-52-48.jpg,651,1360,1248,1472,539,763,224,GR_ulva,green_algae_ulva,GR_ulva,0.936
2024_10_08_11-52-48.jpg,322,3890,3778,4002,210,434,224,GR_ulva,green_algae_ulva,GR_ulva,1
2024_10_08_11-52-48.jpg,191,417,305,529,79,303,224,SU_peb,pebble,SU_peb,1
2024_10_08_11-52-48.jpg,2962,1499,1387,1611,2850,3074,224,GR_ulva,green_algae_ulva,GR_ulva,0.999
2024_10_08_11-52-48.jpg,3101,1566,1454,1678,2989,3213,224,SU_peb,pebble,SU_peb,0.996
2024_10_08_11-52-48.jpg,2126,420,308,532,2014,2238,224,BR_sarg,brown_algae_sargassum,manual_update,1
2024_10_08_11-52-48.jpg,3350,4424,4312,4536,3238,3462,224,RE_bush,red_algae_bushy,RE_bush,0.98
2024_10_08_11-52-48.jpg,1670,4034,3922,4146,1558,1782,224,GR_ulva,green_algae_ulva,GR_ulva,0.904
2024_10_08_11-52-48.jpg,3374,1931,1819,2043,3262,3486,224,SU_bould,boulder,SU_bould,0.947
2024_10_08_11-52-48.jpg,2272,1717,1605,1829,2160,2384,224,RE_branch,red_algae_branching,RE_branch,0.999
2024_10_08_11-52-48.jpg,1467,1647,1535,1759,1355,1579,224,RE_branch,red_algae_branching,manual_update,1
2024_10_08_11-52-48.jpg,2678,2174,2062,2286,2566,2790,224,KE_sugar,kelp_sugar,manual_update,1
2024_10_08_11-52-48.jpg,2892,1649,1537,1761,2780,3004,224,GR_ulva,green_algae_ulva,GR_ulva,1
2024_10_08_11-52-48.jpg,3146,1240,1128,1352,3034,3258,224,SU_peb,pebble,SU_peb,1
2024_10_08_11-52-48.jpg,2712,2808,2696,2920,2600,2824,224,RE_fil,red_algae_filamentous,manual_update,1
2024_10_08_11-52-48.jpg,3093,4276,4164,4388,2981,3205,224,SU_silt,silt,manual_update,1
2024_10_08_11-52-48.jpg,1521,2113,2001,2225,1409,1633,224,GR_ulva,green_algae_ulva,GR_ulva,0.967
2024_10_08_11-52-48.jpg,3540,3290,3178,3402,3428,3652,224,RE_fil,red_algae_filamentous,RE_fil,0.959
2024_10_08_11-52-48.jpg,450,4357,4245,4469,338,562,224,GR_ulva,green_algae_ulva,GR_ulva,0.903
2024_10_08_11-52-48.jpg,353,2430,2318,2542,241,465,224,GR_ulva,green_algae_ulva,GR_ulva,1
2024_10_08_11-52-48.jpg,187,1464,1352,1576,75,299,224,GR_ulva,green_algae_ulva,GR_ulva,0.994
2024_10_08_11-52-48.jpg,2763,333,221,445,2651,2875,224,SU_sand,sand_fine_shell,SU_sand,0.933
2024_10_08_11-52-48.jpg,617,4143,4031,4255,505,729,224,GR_ulva,green_algae_ulva,GR_ulva,0.992
2024_10_08_11-52-48.jpg,772,804,692,916,660,884,224,KE_sugar,kelp_sugar,manual_update,1
2024_10_08_11-52-48.jpg,2208,2087,1975,2199,2096,2320,224,SU_sand,sand_fine_shell,SU_sand,0.92
2024_10_08_11-52-48.jpg,2286,1231,1119,1343,2174,2398,224,BR_sarg,brown_algae_sargassum,BR_sarg,0.999
2024_10_08_11-52-48.jpg,1669,909,797,1021,1557,1781,224,BR_sarg,brown_algae_sargassum,BR_sarg,0.96
2024_10_08_11-52-48.jpg,3805,2859,2747,2971,3693,3917,224,RE_branch,red_algae_branching,manual_update,1
2024_10_08_11-52-48.jpg,397,246,134,358,285,509,224,SU_peb,pebble,manual_update,1
2024_10_08_11-52-48.jpg,2093,1241,1129,1353,1981,2205,224,BR_sarg,brown_algae_sargassum,BR_sarg,1
2024_10_08_11-52-48.jpg,2485,315,203,427,2373,2597,224,BR_sarg,brown_algae_sargassum,manual_update,1
2024_10_08_11-52-48.jpg,3680,2851,2739,2963,3568,3792,224,RE_branch,red_algae_branching,manual_update,1
2024_10_08_11-52-48.jpg,3314,1405,1293,1517,3202,3426,224,SU_sand,sand_fine_shell,SU_sand,0.973
2024_10_08_11-52-48.jpg,2679,1994,1882,2106,2567,2791,224,RE_branch,red_algae_branching,manual_update,1
2024_10_08_11-52-48.jpg,3686,2494,2382,2606,3574,3798,224,GR_ulva,green_algae_ulva,GR_ulva,1
2024_10_08_11-52-48.jpg,919,1578,1466,1690,807,1031,224,KE_sugar,kelp_sugar,manual_update,1
2024_10_08_11-52-48.jpg,930,2535,2423,2647,818,1042,224,GR_ulva,green_algae_ulva,GR_ulva,1
2024_10_08_11-52-48.jpg,2449,2872,2760,2984,2337,2561,224,GR_ulva,green_algae_ulva,GR_ulva,1
2024_10_08_11-52-48.jpg,645,1841,1729,1953,533,757,224,GR_ulva,green_algae_ulva,GR_ulva,1
2024_10_08_11-52-48.jpg,3455,4071,3959,4183,3343,3567,224,RE_bush,red_algae_bushy,RE_bush,1
2024_10_08_11-52-48.jpg,2807,2005,1893,2117,2695,2919,224,GR_ulva,green_algae_ulva,manual_update,1
2024_10_08_11-52-48.jpg,3163,1404,1292,1516,3051,3275,224,SU_sand,sand_fine_shell,SU_sand,1
2024_10_08_11-52-48.jpg,3358,617,505,729,3246,3470,224,GR_ulva,green_algae_ulva,GR_ulva,1
2024_10_08_11-52-48.jpg,2948,400,288,512,2836,3060,224,SU_sand,sand_fine_shell,SU_sand,1
2024_10_08_11-52-48.jpg,836,1838,1726,1950,724,948,224,GR_ulva,green_algae_ulva,GR_ulva,0.994
2024_10_08_11-52-48.jpg,788,3443,3331,3555,676,900,224,RE_fil,red_algae_filamentous,manual_update,1
2024_10_08_11-52-48.jpg,801,4042,3930,4154,689,913,224,RE_branch,red_algae_branching,manual_update,1
2024_10_08_11-52-48.jpg,891,723,611,835,779,1003,224,SU_peb,pebble,manual_update,1
2024_10_08_11-53-00.jpg,3857,1733,1621,1845,3745,3969,224,SU_sand,sand_fine_shell,manual_update,1
2024_10_08_11-53-00.jpg,562,145,33,257,450,674,224,KE_sugar,kelp_sugar,manual_update,1
2024_10_08_11-53-00.jpg,798,3249,3137,3361,686,910,224,SU_sand,sand_fine_shell,SU_sand,1
2024_10_08_11-53-00.jpg,468,527,415,639,356,580,224,SU_anth,anthropogenic,manual_update,1
2024_10_08_11-53-00.jpg,2555,3168,3056,3280,2443,2667,224,GR_ulva,green_algae_ulva,GR_ulva,1
2024_10_08_11-53-00.jpg,561,4349,4237,4461,449,673,224,RE_bush,red_algae_bushy,RE_bush,0.904
2024_10_08_11-53-00.jpg,1665,2584,2472,2696,1553,1777,224,GR_ulva,green_algae_ulva,GR_ulva,1
2024_10_08_11-53-00.jpg,3686,4387,4275,4499,3574,3798,224,RE_branch,red_algae_branching,RE_branch,0.915
2024_10_08_11-53-00.jpg,809,3753,3641,3865,697,921,224,RE_leaf,red_algae_flat_leaf,manual_update,1
2024_10_08_11-53-00.jpg,3256,3043,2931,3155,3144,3368,224,GR_ulva,green_algae_ulva,GR_ulva,1
2024_10_08_11-53-00.jpg,3529,806,694,918,3417,3641,224,SU_anth,anthropogenic,manual_update,1
2024_10_08_11-53-00.jpg,1415,3178,3066,3290,1303,1527,224,SU_silt,silt,SU_silt,1
2024_10_08_11-53-00.jpg,1064,1615,1503,1727,952,1176,224,SU_sand,sand_fine_shell,SU_sand,1
2024_10_08_11-53-00.jpg,3901,3544,3432,3656,3789,4013,224,MS,mobile_species,MS,1
2024_10_08_11-53-00.jpg,3609,425,313,537,3497,3721,224,KE_sugar,kelp_sugar,manual_update,1
2024_10_08_11-53-00.jpg,790,3384,3272,3496,678,902,224,SU_sand,sand_fine_shell,manual_update,1
2024_10_08_11-53-00.jpg,1719,2766,2654,2878,1607,1831,224,SU_sand,sand_fine_shell,SU_sand,1
2024_10_08_11-53-00.jpg,418,1274,1162,1386,306,530,224,SU_cob,cobble,manual_update,1
2024_10_08_11-53-00.jpg,2472,1237,1125,1349,2360,2584,224,SU_peb,pebble,manual_update,1
2024_10_08_11-53-00.jpg,3290,4102,3990,4214,3178,3402,224,SU_cob,cobble,manual_update,1
2024_10_08_11-53-00.jpg,1997,1435,1323,1547,1885,2109,224,SU_sand,sand_fine_shell,manual_update,1
2024_10_08_11-53-00.jpg,2472,397,285,509,2360,2584,224,SU_peb,pebble,SU_peb,0.995
2024_10_08_11-53-00.jpg,2170,1059,947,1171,2058,2282,224,SU_sand,sand_fine_shell,SU_sand,1
2024_10_08_11-53-00.jpg,1280,3982,3870,4094,1168,1392,224,RE_fil,red_algae_filamentous,RE_fil,1
2024_10_08_11-53-00.jpg,3003,698,586,810,2891,3115,224,SU_anth,anthropogenic,manual_update,1
2024_10_08_11-53-00.jpg,2670,1055,943,1167,2558,2782,224,SU_cob,cobble,manual_update,1
2024_10_08_11-53-00.jpg,2117,2224,2112,2336,2005,2229,224,GR_ulva,green_algae_ulva,GR_ulva,1
2024_10_08_11-53-00.jpg,2747,3157,3045,3269,2635,2859,224,RE_branch,red_algae_branching,manual_update,1
2024_10_08_11-53-00.jpg,3657,2850,2738,2962,3545,3769,224,GR_ulva,green_algae_ulva,GR_ulva,1
2024_10_08_11-53-00.jpg,1049,3392,3280,3504,937,1161,224,SU_cob,cobble,manual_update,1
2024_10_08_11-53-00.jpg,1702,3077,2965,3189,1590,1814,224,SU_peb,pebble,SU_peb,1
2024_10_08_11-53-00.jpg,2796,3784,3672,3896,2684,2908,224,GR_ulva,green_algae_ulva,GR_ulva,1
2024_10_08_11-53-00.jpg,645,2287,2175,2399,533,757,224,SU_sand,sand_fine_shell,SU_sand,1
2024_10_08_11-53-00.jpg,3739,645,533,757,3627,3851,224,KE_sugar,kelp_sugar,manual_update,1
2024_10_08_11-53-00.jpg,1651,1648,1536,1760,1539,1763,224,SU_silt,silt,SU_silt,0.938
2024_10_08_11-53-00.jpg,2821,4272,4160,4384,2709,2933,224,SU_sand,sand_fine_shell,SU_sand,1
2024_10_08_11-53-00.jpg,3772,3833,3721,3945,3660,3884,224,RE_branch,red_algae_branching,manual_update,1
2024_10_08_11-53-00.jpg,858,501,389,613,746,970,224,SU_peb,pebble,SU_peb,1
2024_10_08_11-53-00.jpg,1834,1051,939,1163,1722,1946,224,SU_cob,cobble,manual_update,1
2024_10_08_11-53-00.jpg,2003,2217,2105,2329,1891,2115,224,GR_ulva,green_algae_ulva,GR_ulva,1
2024_10_08_11-53-00.jpg,3894,2595,2483,2707,3782,4006,224,GR_ulva,green_algae_ulva,GR_ulva,0.999
2024_10_08_11-53-00.jpg,1455,3657,3545,3769,1343,1567,224,SU_bould,boulder,manual_update,1
2024_10_08_11-53-00.jpg,3509,2516,2404,2628,3397,3621,224,GR_ulva,green_algae_ulva,GR_ulva,0.999
2024_10_08_11-53-00.jpg,881,1557,1445,1669,769,993,224,SU_sand,sand_fine_shell,SU_sand,0.998
2024_10_08_11-53-00.jpg,3234,4414,4302,4526,3122,3346,224,SU_shell,shell_hash,manual_update,1
2024_10_08_11-53-00.jpg,276,2077,1965,2189,164,388,224,KE_sugar,kelp_sugar,manual_update,1
2024_10_08_11-53-00.jpg,1678,905,793,1017,1566,1790,224,SU_peb,pebble,manual_update,1
2024_10_08_11-53-00.jpg,3884,1880,1768,1992,3772,3996,224,SU_sand,sand_fine_shell,SU_sand,0.999
2024_10_08_11-53-00.jpg,2004,4405,4293,4517,1892,2116,224,GR_ulva,green_algae_ulva,GR_ulva,0.996
2024_10_08_11-53-00.jpg,3271,3803,3691,3915,3159,3383,224,RE_bush,red_algae_bushy,RE_bush,0.999
2024_10_08_11-53-09.jpg,2170,2434,2322,2546,2058,2282,224,RE_bush,red_algae_bushy,RE_bush,1
2024_10_08_11-53-09.jpg,1520,1799,1687,1911,1408,1632,224,RE_branch,red_algae_branching,manual_update,1
2024_10_08_11-53-09.jpg,3445,2922,2810,3034,3333,3557,224,KE_sugar,kelp_sugar,manual_update,1
2024_10_08_11-53-09.jpg,3842,2497,2385,2609,3730,3954,224,SU_peb,pebble,SU_peb,0.999
2024_10_08_11-53-09.jpg,1023,509,397,621,911,1135,224,SU_anth,anthropogenic,manual_update,1
2024_10_08_11-53-09.jpg,3644,2201,2089,2313,3532,3756,224,SU_cob,cobble,manual_update,1
2024_10_08_11-53-09.jpg,1465,4276,4164,4388,1353,1577,224,RE_branch,red_algae_branching,RE_branch,0.991
2024_10_08_11-53-09.jpg,2416,2217,2105,2329,2304,2528,224,BR_sarg,brown_algae_sargassum,BR_sarg,0.947
2024_10_08_11-53-09.jpg,2268,2936,2824,3048,2156,2380,224,SU_silt,silt,SU_silt,0.991
2024_10_08_11-53-09.jpg,567,4209,4097,4321,455,679,224,RE_branch,red_algae_branching,RE_branch,0.931
2024_10_08_11-53-09.jpg,2808,4417,4305,4529,2696,2920,224,RE_fil,red_algae_filamentous,RE_fil,0.999
2024_10_08_11-53-09.jpg,3078,2276,2164,2388,2966,3190,224,KE_sugar,kelp_sugar,KE_sugar,0.996
2024_10_08_11-53-09.jpg,3834,3438,3326,3550,3722,3946,224,SU_peb,pebble,SU_peb,0.984
2024_10_08_11-53-09.jpg,3212,2104,1992,2216,3100,3324,224,KE_sugar,kelp_sugar,KE_sugar,1
2024_10_08_11-53-09.jpg,1438,2023,1911,2135,1326,1550,224,GR_ulva,green_algae_ulva,GR_ulva,1
2024_10_08_11-53-09.jpg,112,3588,3476,3700,0,224,224,RE_leaf,red_algae_flat_leaf,RE_leaf,0.923
2024_10_08_11-53-09.jpg,202,421,309,533,90,314,224,SU_anth,anthropogenic,manual_update,1
2024_10_08_11-53-09.jpg,891,2882,2770,2994,779,1003,224,GR_ulva,green_algae_ulva,GR_ulva,0.999
2024_10_08_11-53-09.jpg,893,3217,3105,3329,781,1005,224,GR_ulva,green_algae_ulva,GR_ulva,1
2024_10_08_11-53-09.jpg,1699,1345,1233,1457,1587,1811,224,GR_ulva,green_algae_ulva,GR_ulva,1
2024_10_08_11-53-09.jpg,928,2343,2231,2455,816,1040,224,GR_ulva,green_algae_ulva,manual_update,1
2024_10_08_11-53-09.jpg,2670,3622,3510,3734,2558,2782,224,RE_branch,red_algae_branching,RE_branch,0.995
2024_10_08_11-53-09.jpg,1104,3530,3418,3642,992,1216,224,GR_ulva,green_algae_ulva,GR_ulva,0.999
2024_10_08_11-53-09.jpg,1562,2205,2093,2317,1450,1674,224,GR_ulva,green_algae_ulva,GR_ulva,1
2024_10_08_11-53-09.jpg,3765,2361,2249,2473,3653,3877,224,SU_cob,cobble,SU_cob,0.997
2024_10_08_11-53-09.jpg,3554,2712,2600,2824,3442,3666,224,SU_sand,sand_fine_shell,SU_sand,1
2024_10_08_11-53-09.jpg,169,4433,4321,4545,57,281,224,RE_branch,red_algae_branching,RE_branch,1
2024_10_08_11-53-09.jpg,3757,1075,963,1187,3645,3869,224,SU_silt,silt,SU_silt,0.802
2024_10_08_11-53-09.jpg,3184,3141,3029,3253,3072,3296,224,KE_sugar,kelp_sugar,KE_sugar,1
2024_10_08_11-53-09.jpg,1538,3399,3287,3511,1426,1650,224,GR_ulva,green_algae_ulva,GR_ulva,1
2024_10_08_11-53-09.jpg,2668,1784,1672,1896,2556,2780,224,BR_sarg,brown_algae_sargassum,BR_sarg,1
2024_10_08_11-53-09.jpg,1153,4058,3946,4170,1041,1265,224,RE_branch,red_algae_branching,RE_branch,0.908
2024_10_08_11-53-09.jpg,1282,3136,3024,3248,1170,1394,224,GR_ulva,green_algae_ulva,GR_ulva,1
2024_10_08_11-53-09.jpg,958,2677,2565,2789,846,1070,224,GR_ulva,green_algae_ulva,GR_ulva,0.999
2024_10_08_11-53-09.jpg,1573,2400,2288,2512,1461,1685,224,SU_silt,silt,manual_update,1
2024_10_08_11-53-09.jpg,3507,1470,1358,1582,3395,3619,224,SU_silt,silt,SU_silt,0.974
2024_10_08_11-53-09.jpg,1200,3270,3158,3382,1088,1312,224,GR_ulva,green_algae_ulva,GR_ulva,1
2024_10_08_11-53-09.jpg,931,3510,3398,3622,819,1043,224,GR_ulva,green_algae_ulva,GR_ulva,0.844
2024_10_08_11-53-09.jpg,2032,1488,1376,1600,1920,2144,224,BR_sarg,brown_algae_sargassum,BR_sarg,0.982
2024_10_08_11-53-09.jpg,2354,1865,1753,1977,2242,2466,224,BR_sarg,brown_algae_sargassum,BR_sarg,1
2024_10_08_11-53-09.jpg,418,4108,3996,4220,306,530,224,RE_branch,red_algae_branching,manual_update,1
2024_10_08_11-53-09.jpg,3055,846,734,958,2943,3167,224,KE_sugar,kelp_sugar,manual_update,1
2024_10_08_11-53-09.jpg,3184,3872,3760,3984,3072,3296,224,RE_branch,red_algae_branching,RE_branch,1
2024_10_08_11-53-09.jpg,2687,532,420,644,2575,2799,224,KE_sugar,kelp_sugar,manual_update,1
2024_10_08_11-53-09.jpg,2969,2787,2675,2899,2857,3081,224,SU_sand,sand_fine_shell,manual_update,1
2024_10_08_11-53-09.jpg,1523,144,32,256,1411,1635,224,KE_sugar,kelp_sugar,KE_sugar,0.958
2024_10_08_11-53-09.jpg,3651,3350,3238,3462,3539,3763,224,SU_sand,sand_fine_shell,manual_update,1
2024_10_08_11-53-09.jpg,2976,3809,3697,3921,2864,3088,224,RE_branch,red_algae_branching,RE_branch,1
2024_10_08_11-53-09.jpg,1092,228,116,340,980,1204,224,KE_sugar,kelp_sugar,manual_update,1
2024_10_08_11-53-09.jpg,1189,2591,2479,2703,1077,1301,224,GR_ulva,green_algae_ulva,GR_ulva,1
2024_10_08_11-53-18.jpg,724,3062,2950,3174,612,836,224,RE_leaf,red_algae_flat_leaf,RE_leaf,1
2024_10_08_11-53-18.jpg,146,3938,3826,4050,34,258,224,RE_fil,red_algae_filamentous,manual_update,1
2024_10_08_11-53-18.jpg,1304,381,269,493,1192,1416,224,GR_ulva,green_algae_ulva,GR_ulva,0.99
2024_10_08_11-53-18.jpg,1582,4376,4264,4488,1470,1694,224,RE_branch,red_algae_branching,manual_update,1
2024_10_08_11-53-18.jpg,1374,131,19,243,1262,1486,224,GR_ulva,green_algae_ulva,GR_ulva,0.999
2024_10_08_11-53-18.jpg,2542,1020,908,1132,2430,2654,224,RE_leaf,red_algae_flat_leaf,RE_leaf,0.996
2024_10_08_11-53-18.jpg,2529,1581,1469,1693,2417,2641,224,SU_sand,sand_fine_shell,manual_update,1
2024_10_08_11-53-18.jpg,1697,2492,2380,2604,1585,1809,224,GR_ulva,green_algae_ulva,GR_ulva,1
2024_10_08_11-53-18.jpg,307,3455,3343,3567,195,419,224,RE_fil,red_algae_filamentous,RE_fil,0.998
2024_10_08_11-53-18.jpg,1711,1775,1663,1887,1599,1823,224,RE_branch,red_algae_branching,manual_update,1
2024_10_08_11-53-18.jpg,2484,2392,2280,2504,2372,2596,224,GR_ulva,green_algae_ulva,GR_ulva,1
2024_10_08_11-53-18.jpg,3296,1487,1375,1599,3184,3408,224,GR_ulva,green_algae_ulva,GR_ulva,0.998
2024_10_08_11-53-18.jpg,1930,3027,2915,3139,1818,2042,224,GR_ulva,green_algae_ulva,manual_update,1
2024_10_08_11-53-18.jpg,1879,4091,3979,4203,1767,1991,224,GR_ulva,green_algae_ulva,GR_ulva,0.972
2024_10_08_11-53-18.jpg,680,1249,1137,1361,568,792,224,RE_leaf,red_algae_flat_leaf,RE_leaf,0.998
2024_10_08_11-53-18.jpg,2153,2599,2487,2711,2041,2265,224,GR_ulva,green_algae_ulva,GR_ulva,0.999
2024_10_08_11-53-18.jpg,1932,1357,1245,1469,1820,2044,224,GR_ulva,green_algae_ulva,GR_ulva,0.996
2024_10_08_11-53-18.jpg,2451,3382,3270,3494,2339,2563,224,RE_branch,red_algae_branching,RE_branch,1
2024_10_08_11-53-18.jpg,1011,1723,1611,1835,899,1123,224,RE_leaf,red_algae_flat_leaf,RE_leaf,1
2024_10_08_11-53-18.jpg,152,3263,3151,3375,40,264,224,RE_fil,red_algae_filamentous,manual_update,1
2024_10_08_11-53-18.jpg,2031,1642,1530,1754,1919,2143,224,GR_ulva,green_algae_ulva,GR_ulva,0.996
2024_10_08_11-53-18.jpg,3405,468,356,580,3293,3517,224,RE_leaf,red_algae_flat_leaf,RE_leaf,0.998
2024_10_08_11-53-18.jpg,3383,181,69,293,3271,3495,224,RE_leaf,red_algae_flat_leaf,RE_leaf,0.99
2024_10_08_11-53-18.jpg,346,2033,1921,2145,234,458,224,RE_leaf,red_algae_flat_leaf,RE_leaf,0.995
2024_10_08_11-53-18.jpg,3664,2506,2394,2618,3552,3776,224,GR_ulva,green_algae_ulva,GR_ulva,0.996
2024_10_08_11-53-18.jpg,3424,1962,1850,2074,3312,3536,224,GR_ulva,green_algae_ulva,GR_ulva,1
2024_10_08_11-53-18.jpg,1568,3579,3467,3691,1456,1680,224,RE_bush,red_algae_bushy,manual_update,1
2024_10_08_11-53-18.jpg,995,2067,1955,2179,883,1107,224,RE_leaf,red_algae_flat_leaf,RE_leaf,1
2024_10_08_11-53-18.jpg,3084,1657,1545,1769,2972,3196,224,GR_ulva,green_algae_ulva,GR_ulva,0.999
2024_10_08_11-53-18.jpg,2898,3449,3337,3561,2786,3010,224,GR_ulva,green_algae_ulva,GR_ulva,0.996
2024_10_08_11-53-18.jpg,3489,628,516,740,3377,3601,224,RE_leaf,red_algae_flat_leaf,manual_update,1
2024_10_08_11-53-18.jpg,1429,1578,1466,1690,1317,1541,224,RE_branch,red_algae_branching,RE_branch,1
2024_10_08_11-53-18.jpg,3273,931,819,1043,3161,3385,224,RE_branch,red_algae_branching,manual_update,1
2024_10_08_11-53-18.jpg,689,3631,3519,3743,577,801,224,RE_fil,red_algae_filamentous,manual_update,1
2024_10_08_11-53-18.jpg,3547,2158,2046,2270,3435,3659,224,GR_ulva,green_algae_ulva,GR_ulva,1
2024_10_08_11-53-18.jpg,1388,2189,2077,2301,1276,1500,224,RE_leaf,red_algae_flat_leaf,manual_update,1
2024_10_08_11-53-18.jpg,1269,3863,3751,3975,1157,1381,224,SU_sand,sand_fine_shell,manual_update,1
2024_10_08_11-53-18.jpg,2927,1146,1034,1258,2815,3039,224,RE_branch,red_algae_branching,RE_branch,1
2024_10_08_11-53-18.jpg,2812,3186,3074,3298,2700,2924,224,GR_ulva,green_algae_ulva,GR_ulva,0.911
2024_10_08_11-53-18.jpg,121,134,22,246,9,233,224,SU_sand,sand_fine_shell,manual_update,1
2024_10_08_11-53-18.jpg,2894,3866,3754,3978,2782,3006,224,SU_bould,boulder,manual_update,1
2024_10_08_11-53-18.jpg,2005,2005,1893,2117,1893,2117,224,GR_ulva,green_algae_ulva,GR_ulva,0.976
2024_10_08_11-53-18.jpg,1759,3329,3217,3441,1647,1871,224,RE_branch,red_algae_branching,RE_branch,1
2024_10_08_11-53-18.jpg,3909,1798,1686,1910,3797,4021,224,GR_ulva,green_algae_ulva,GR_ulva,0.988
2024_10_08_11-53-18.jpg,1036,4128,4016,4240,924,1148,224,GR_ulva,green_algae_ulva,GR_ulva,0.988
2024_10_08_11-53-18.jpg,3623,1235,1123,1347,3511,3735,224,GR_ulva,green_algae_ulva,manual_update,1
2024_10_08_11-53-18.jpg,558,2678,2566,2790,446,670,224,RE_leaf,red_algae_flat_leaf,manual_update,1
2024_10_08_11-53-18.jpg,1862,2224,2112,2336,1750,1974,224,GR_ulva,green_algae_ulva,GR_ulva,1
2024_10_08_11-53-18.jpg,1389,3788,3676,3900,1277,1501,224,SU_sand,sand_fine_shell,SU_sand,0.997
2024_10_08_11-53-18.jpg,1163,1854,1742,1966,1051,1275,224,RE_leaf,red_algae_flat_leaf,RE_leaf,1
2024_10_08_11-53-27.jpg,1008,1252,1140,1364,896,1120,224,SU_peb,pebble,manual_update,1
2024_10_08_11-53-27.jpg,1233,957,845,1069,1121,1345,224,SU_cob,cobble,manual_update,1
2024_10_08_11-53-27.jpg,3790,3062,2950,3174,3678,3902,224,RE_branch,red_algae_branching,RE_branch,0.999
2024_10_08_11-53-27.jpg,1185,610,498,722,1073,1297,224,SU_peb,pebble,manual_update,1
2024_10_08_11-53-27.jpg,710,4489,4377,4601,598,822,224,GR_ulva,green_algae_ulva,GR_ulva,0.991
2024_10_08_11-53-27.jpg,1809,2984,2872,3096,1697,1921,224,GR_ulva,green_algae_ulva,GR_ulva,0.999
2024_10_08_11-53-27.jpg,2487,176,64,288,2375,2599,224,GR_ulva,green_algae_ulva,GR_ulva,1
2024_10_08_11-53-27.jpg,3155,1043,931,1155,3043,3267,224,RE_fil,red_algae_filamentous,manual_update,1
2024_10_08_11-53-27.jpg,1370,379,267,491,1258,1482,224,GR_ulva,green_algae_ulva,GR_ulva,1
2024_10_08_11-53-27.jpg,3847,3945,3833,4057,3735,3959,224,SU_peb,pebble,manual_update,1
2024_10_08_11-53-27.jpg,3043,1273,1161,1385,2931,3155,224,SU_anth,anthropogenic,manual_update,1
2024_10_08_11-53-27.jpg,750,2336,2224,2448,638,862,224,SU_sand,sand_fine_shell,manual_update,1
2024_10_08_11-53-27.jpg,2110,292,180,404,1998,2222,224,GR_ulva,green_algae_ulva,manual_update,1
2024_10_08_11-53-27.jpg,1770,3638,3526,3750,1658,1882,224,MS,mobile_species,manual_update,1
2024_10_08_11-53-27.jpg,2046,1366,1254,1478,1934,2158,224,SU_peb,pebble,manual_update,1
2024_10_08_11-53-27.jpg,3552,1504,1392,1616,3440,3664,224,RE_branch,red_algae_branching,manual_update,1
2024_10_08_11-53-27.jpg,414,690,578,802,302,526,224,RE_fil,red_algae_filamentous,RE_fil,0.975
2024_10_08_11-53-27.jpg,2784,2929,2817,3041,2672,2896,224,SU_peb,pebble,SU_peb,1
2024_10_08_11-53-27.jpg,522,2323,2211,2435,410,634,224,GR_ulva,green_algae_ulva,GR_ulva,0.999
2024_10_08_11-53-27.jpg,2264,2412,2300,2524,2152,2376,224,SU_sand,sand_fine_shell,SU_sand,0.989
2024_10_08_11-53-27.jpg,3639,747,635,859,3527,3751,224,SU_sand,sand_fine_shell,SU_sand,0.97
2024_10_08_11-53-27.jpg,1939,3470,3358,3582,1827,2051,224,KE_holdfas,kelp_holdfast,manual_update,1
2024_10_08_11-53-27.jpg,849,3805,3693,3917,737,961,224,GR_ulva,green_algae_ulva,GR_ulva,0.983
2024_10_08_11-53-27.jpg,1921,4165,4053,4277,1809,2033,224,SU_sand,sand_fine_shell,manual_update,1
2024_10_08_11-53-27.jpg,3406,2555,2443,2667,3294,3518,224,RE_branch,red_algae_branching,manual_update,1
2024_10_08_11-53-27.jpg,243,1813,1701,1925,131,355,224,GR_ulva,green_algae_ulva,GR_ulva,1
2024_10_08_11-53-27.jpg,3689,1447,1335,1559,3577,3801,224,RE_branch,red_algae_branching,manual_update,1
2024_10_08_11-53-27.jpg,631,3233,3121,3345,519,743,224,GR_ulva,green_algae_ulva,manual_update,1
2024_10_08_11-53-27.jpg,899,2036,1924,2148,787,1011,224,SU_sand,sand_fine_shell,manual_update,1
2024_10_08_11-53-27.jpg,3650,3124,3012,3236,3538,3762,224,RE_branch,red_algae_branching,manual_update,1
2024_10_08_11-53-27.jpg,2690,2680,2568,2792,2578,2802,224,SU_peb,pebble,manual_update,1
2024_10_08_11-53-27.jpg,2242,2882,2770,2994,2130,2354,224,GR_ulva,green_algae_ulva,GR_ulva,1
2024_10_08_11-53-27.jpg,222,2058,1946,2170,110,334,224,SU_sand,sand_fine_shell,manual_update,1
2024_10_08_11-53-27.jpg,3409,1038,926,1150,3297,3521,224,RE_fil,red_algae_filamentous,manual_update,1
2024_10_08_11-53-27.jpg,2250,3743,3631,3855,2138,2362,224,SU_sand,sand_fine_shell,SU_sand,1
2024_10_08_11-53-27.jpg,575,2073,1961,2185,463,687,224,SU_peb,pebble,SU_peb,0.8
2024_10_08_11-53-27.jpg,1851,3807,3695,3919,1739,1963,224,SU_peb,pebble,SU_peb,0.956
2024_10_08_11-53-27.jpg,3094,2047,1935,2159,2982,3206,224,RE_branch,red_algae_branching,RE_branch,0.993
2024_10_08_11-53-27.jpg,2908,1452,1340,1564,2796,3020,224,SU_cob,cobble,manual_update,1
2024_10_08_11-53-27.jpg,3783,1126,1014,1238,3671,3895,224,SU_peb,pebble,manual_update,1
2024_10_08_11-53-27.jpg,3765,4376,4264,4488,3653,3877,224,SU_bould,boulder,manual_update,1
2024_10_08_11-53-27.jpg,2919,4142,4030,4254,2807,3031,224,SU_sand,sand_fine_shell,SU_sand,1
2024_10_08_11-53-27.jpg,2527,3744,3632,3856,2415,2639,224,SU_sand,sand_fine_shell,SU_sand,1
2024_10_08_11-53-27.jpg,3837,2321,2209,2433,3725,3949,224,RE_fil,red_algae_filamentous,manual_update,1
2024_10_08_11-53-27.jpg,1780,716,604,828,1668,1892,224,RE_branch,red_algae_branching,manual_update,1
2024_10_08_11-53-27.jpg,403,3793,3681,3905,291,515,224,GR_ulva,green_algae_ulva,manual_update,1
2024_10_08_11-53-27.jpg,1170,2784,2672,2896,1058,1282,224,GR_ulva,green_algae_ulva,GR_ulva,1
2024_10_08_11-53-27.jpg,2494,1169,1057,1281,2382,2606,224,SU_anth,anthropogenic,manual_update,1
2024_10_08_11-53-27.jpg,312,3261,3149,3373,200,424,224,GR_ulva,green_algae_ulva,manual_update,1
2024_10_08_11-53-27.jpg,2749,1954,1842,2066,2637,2861,224,SU_sand,sand_fine_shell,manual_update,1
2024_10_08_11-53-37.jpg,3351,3158,3046,3270,3239,3463,224,GR_ulva,green_algae_ulva,GR_ulva,1
2024_10_08_11-53-37.jpg,239,2418,2306,2530,127,351,224,GR_ulva,green_algae_ulva,GR_ulva,1
2024_10_08_11-53-37.jpg,3864,717,605,829,3752,3976,224,unknown,unknown_area,manual_update,1
2024_10_08_11-53-37.jpg,3322,2319,2207,2431,3210,3434,224,GR_ulva,green_algae_ulva,GR_ulva,1
2024_10_08_11-53-37.jpg,440,1358,1246,1470,328,552,224,BR_sarg,brown_algae_sargassum,manual_update,1
2024_10_08_11-53-37.jpg,1276,2270,2158,2382,1164,1388,224,GR_ulva,green_algae_ulva,GR_ulva,1
2024_10_08_11-53-37.jpg,1114,612,500,724,1002,1226,224,BR_sarg,brown_algae_sargassum,manual_update,1
2024_10_08_11-53-37.jpg,2928,3255,3143,3367,2816,3040,224,RE_leaf,red_algae_flat_leaf,manual_update,1
2024_10_08_11-53-37.jpg,790,2994,2882,3106,678,902,224,GR_ulva,green_algae_ulva,GR_ulva,0.96
2024_10_08_11-53-37.jpg,886,809,697,921,774,998,224,RE_branch,red_algae_branching,manual_update,1
2024_10_08_11-53-37.jpg,1380,288,176,400,1268,1492,224,GR_ulva,green_algae_ulva,GR_ulva,0.963
2024_10_08_11-53-37.jpg,755,2540,2428,2652,643,867,224,BR_sarg,brown_algae_sargassum,BR_sarg,0.995
2024_10_08_11-53-37.jpg,2493,1827,1715,1939,2381,2605,224,GR_ulva,green_algae_ulva,GR_ulva,1
2024_10_08_11-53-37.jpg,1566,3627,3515,3739,1454,1678,224,RE_bush,red_algae_bushy,manual_update,1
2024_10_08_11-53-37.jpg,3024,1157,1045,1269,2912,3136,224,RE_branch,red_algae_branching,RE_branch,1
2024_10_08_11-53-37.jpg,1243,202,90,314,1131,1355,224,GR_ulva,green_algae_ulva,GR_ulva,0.984
2024_10_08_11-53-37.jpg,3092,4379,4267,4491,2980,3204,224,RE_branch,red_algae_branching,manual_update,1
2024_10_08_11-53-37.jpg,3153,2291,2179,2403,3041,3265,224,GR_ulva,green_algae_ulva,GR_ulva,0.996
2024_10_08_11-53-37.jpg,2113,3709,3597,3821,2001,2225,224,RE_bush,red_algae_bushy,RE_bush,0.994
2024_10_08_11-53-37.jpg,427,1109,997,1221,315,539,224,BR_sarg,brown_algae_sargassum,manual_update,1
2024_10_08_11-53-37.jpg,2878,3721,3609,3833,2766,2990,224,RE_bush,red_algae_bushy,manual_update,1
2024_10_08_11-53-37.jpg,3607,2855,2743,2967,3495,3719,224,SU_sand,sand_fine_shell,SU_sand,0.984
2024_10_08_11-53-37.jpg,2836,536,424,648,2724,2948,224,GR_ulva,green_algae_ulva,GR_ulva,0.985
2024_10_08_11-53-37.jpg,891,4161,4049,4273,779,1003,224,RE_branch,red_algae_branching,manual_update,1
2024_10_08_11-53-37.jpg,2632,1586,1474,1698,2520,2744,224,RE_branch,red_algae_branching,manual_update,1
2024_10_08_11-53-37.jpg,950,3261,3149,3373,838,1062,224,GR_ulva,green_algae_ulva,GR_ulva,0.879
2024_10_08_11-53-37.jpg,1362,3399,3287,3511,1250,1474,224,BR_sarg,brown_algae_sargassum,manual_update,1
2024_10_08_11-53-37.jpg,2392,972,860,1084,2280,2504,224,GR_ulva,green_algae_ulva,GR_ulva,1
2024_10_08_11-53-37.jpg,2923,182,70,294,2811,3035,224,unknown,unknown_area,manual_update,1
2024_10_08_11-53-37.jpg,785,1154,1042,1266,673,897,224,BR_sarg,brown_algae_sargassum,manual_update,1
2024_10_08_11-53-37.jpg,1684,3249,3137,3361,1572,1796,224,RE_leaf,red_algae_flat_leaf,manual_update,1
2024_10_08_11-53-37.jpg,3236,1377,1265,1489,3124,3348,224,RE_branch,red_algae_branching,manual_update,1
2024_10_08_11-53-37.jpg,1404,2466,2354,2578,1292,1516,224,GR_ulva,green_algae_ulva,GR_ulva,1
2024_10_08_11-53-37.jpg,1500,2611,2499,2723,1388,1612,224,GR_ulva,green_algae_ulva,GR_ulva,1
2024_10_08_11-53-37.jpg,441,3986,3874,4098,329,553,224,RE_branch,red_algae_branching,manual_update,1
2024_10_08_11-53-37.jpg,776,310,198,422,664,888,224,RE_branch,red_algae_branching,manual_update,1
2024_10_08_11-53-37.jpg,1794,562,450,674,1682,1906,224,GR_ulva,green_algae_ulva,GR_ulva,1
2024_10_08_11-53-37.jpg,1547,3167,3055,3279,1435,1659,224,BR_sarg,brown_algae_sargassum,manual_update,1
2024_10_08_11-53-37.jpg,449,2245,2133,2357,337,561,224,GR_ulva,green_algae_ulva,GR_ulva,1
2024_10_08_11-53-37.jpg,3778,1824,1712,1936,3666,3890,224,GR_ulva,green_algae_ulva,GR_ulva,1
2024_10_08_11-53-37.jpg,1338,788,676,900,1226,1450,224,GR_ulva,green_algae_ulva,GR_ulva,0.999
2024_10_08_11-53-37.jpg,952,2938,2826,3050,840,1064,224,GR_ulva,green_algae_ulva,GR_ulva,0.994
2024_10_08_11-53-37.jpg,1214,3811,3699,3923,1102,1326,224,GR_ulva,green_algae_ulva,GR_ulva,0.96
2024_10_08_11-53-37.jpg,2066,931,819,1043,1954,2178,224,GR_ulva,green_algae_ulva,GR_ulva,1
2024_10_08_11-53-37.jpg,1042,1898,1786,2010,930,1154,224,GR_ulva,green_algae_ulva,GR_ulva,0.997
2024_10_08_11-53-37.jpg,176,3839,3727,3951,64,288,224,RE_branch,red_algae_branching,manual_update,1
2024_10_08_11-53-37.jpg,2506,2731,2619,2843,2394,2618,224,RE_fil,red_algae_filamentous,manual_update,1
2024_10_08_11-53-37.jpg,124,2296,2184,2408,12,236,224,GR_ulva,green_algae_ulva,GR_ulva,1
2024_10_08_11-53-37.jpg,3722,1469,1357,1581,3610,3834,224,RE_fil,red_algae_filamentous,manual_update,1
2024_10_08_11-53-37.jpg,2992,3368,3256,3480,2880,3104,224,RE_leaf,red_algae_flat_leaf,manual_update,1
2024_10_08_11-53-46.jpg,2437,1518,1406,1630,2325,2549,224,SU_sand,sand_fine_shell,SU_sand,1
2024_10_08_11-53-46.jpg,2475,1318,1206,1430,2363,2587,224,SU_peb,pebble,SU_peb,1
2024_10_08_11-53-46.jpg,2701,1892,1780,2004,2589,2813,224,SU_sand,sand_fine_shell,SU_sand,1
2024_10_08_11-53-46.jpg,2134,2485,2373,2597,2022,2246,224,SU_peb,pebble,manual_update,1
2024_10_08_11-53-46.jpg,572,1026,914,1138,460,684,224,GR_ulva,green_algae_ulva,GR_ulva,1
2024_10_08_11-53-46.jpg,3191,141,29,253,3079,3303,224,RE_branch,red_algae_branching,manual_update,1
2024_10_08_11-53-46.jpg,957,4487,4375,4599,845,1069,224,SU_sand,sand_fine_shell,SU_sand,0.939
2024_10_08_11-53-46.jpg,3603,2203,2091,2315,3491,3715,224,GR_ulva,green_algae_ulva,manual_update,1
2024_10_08_11-53-46.jpg,2930,1367,1255,1479,2818,3042,224,SU_peb,pebble,manual_update,1
2024_10_08_11-53-46.jpg,1383,1843,1731,1955,1271,1495,224,SU_sand,sand_fine_shell,SU_sand,0.994
2024_10_08_11-53-46.jpg,1838,1984,1872,2096,1726,1950,224,SU_sand,sand_fine_shell,SU_sand,0.88
2024_10_08_11-53-46.jpg,1434,985,873,1097,1322,1546,224,SU_silt,silt,SU_silt,1
2024_10_08_11-53-46.jpg,763,3449,3337,3561,651,875,224,SU_sand,sand_fine_shell,SU_sand,1
2024_10_08_11-53-46.jpg,939,3005,2893,3117,827,1051,224,RE_bush,red_algae_bushy,manual_update,1
2024_10_08_11-53-46.jpg,1652,3343,3231,3455,1540,1764,224,KE_sugar,kelp_sugar,manual_update,1
2024_10_08_11-53-46.jpg,1716,1035,923,1147,1604,1828,224,SU_silt,silt,SU_silt,0.999
2024_10_08_11-53-46.jpg,339,2079,1967,2191,227,451,224,SU_anth,anthropogenic,manual_update,1
2024_10_08_11-53-46.jpg,3655,889,777,1001,3543,3767,224,GR_ulva,green_algae_ulva,GR_ulva,0.997
2024_10_08_11-53-46.jpg,3689,3386,3274,3498,3577,3801,224,GR_ulva,green_algae_ulva,GR_ulva,1
2024_10_08_11-53-46.jpg,3648,2056,1944,2168,3536,3760,224,unknown,unknown_area,manual_update,1
2024_10_08_11-53-46.jpg,1227,3443,3331,3555,1115,1339,224,RE_bush,red_algae_bushy,RE_bush,1
2024_10_08_11-53-46.jpg,242,3308,3196,3420,130,354,224,SU_sand,sand_fine_shell,manual_update,1
2024_10_08_11-53-46.jpg,1023,3191,3079,3303,911,1135,224,SU_sand,sand_fine_shell,SU_sand,0.961
2024_10_08_11-53-46.jpg,1145,904,792,1016,1033,1257,224,GR_ulva,green_algae_ulva,GR_ulva,1
2024_10_08_11-53-46.jpg,2768,3464,3352,3576,2656,2880,224,SU_bould,boulder,manual_update,1
2024_10_08_11-53-46.jpg,1642,2398,2286,2510,1530,1754,224,SU_silt,silt,manual_update,1
2024_10_08_11-53-46.jpg,3337,1887,1775,1999,3225,3449,224,GR_ulva,green_algae_ulva,manual_update,1
2024_10_08_11-53-46.jpg,3818,2367,2255,2479,3706,3930,224,GR_ulva,green_algae_ulva,GR_ulva,0.924
2024_10_08_11-53-46.jpg,649,4374,4262,4486,537,761,224,SU_sand,sand_fine_shell,SU_sand,0.989
2024_10_08_11-53-46.jpg,222,4186,4074,4298,110,334,224,SU_sand,sand_fine_shell,SU_sand,1
2024_10_08_11-53-46.jpg,1367,2025,1913,2137,1255,1479,224,SU_cob,cobble,manual_update,1
2024_10_08_11-53-46.jpg,1256,4348,4236,4460,1144,1368,224,SU_sand,sand_fine_shell,SU_sand,0.995
2024_10_08_11-53-46.jpg,1506,3157,3045,3269,1394,1618,224,SU_sand,sand_fine_shell,manual_update,1
2024_10_08_11-53-46.jpg,3261,3452,3340,3564,3149,3373,224,SU_bould,boulder,manual_update,1
2024_10_08_11-53-46.jpg,3890,613,501,725,3778,4002,224,KE_sugar,kelp_sugar,manual_update,1
2024_10_08_11-53-46.jpg,815,1092,980,1204,703,927,224,GR_ulva,green_algae_ulva,GR_ulva,0.997
2024_10_08_11-53-46.jpg,3330,1593,1481,1705,3218,3442,224,GR_ulva,green_algae_ulva,manual_update,1
2024_10_08_11-53-46.jpg,198,851,739,963,86,310,224,RE_bush,red_algae_bushy,manual_update,1
2024_10_08_11-53-46.jpg,3339,1255,1143,1367,3227,3451,224,GR_ulva,green_algae_ulva,manual_update,1
2024_10_08_11-53-46.jpg,554,885,773,997,442,666,224,GR_ulva,green_algae_ulva,GR_ulva,1
2024_10_08_11-53-46.jpg,515,681,569,793,403,627,224,GR_ulva,green_algae_ulva,GR_ulva,0.929
2024_10_08_11-53-46.jpg,3075,4468,4356,4580,2963,3187,224,SU_sand,sand_fine_shell,manual_update,1
2024_10_08_11-53-46.jpg,3010,676,564,788,2898,3122,224,SU_bould,boulder,manual_update,1
2024_10_08_11-53-46.jpg,1261,382,270,494,1149,1373,224,SU_silt,silt,SU_silt,1
2024_10_08_11-53-46.jpg,1743,1196,1084,1308,1631,1855,224,SU_silt,silt,manual_update,1
2024_10_08_11-53-46.jpg,3002,4259,4147,4371,2890,3114,224,SU_peb,pebble,manual_update,1
2024_10_08_11-53-46.jpg,3265,298,186,410,3153,3377,224,RE_branch,red_algae_branching,manual_update,1
2024_10_08_11-53-46.jpg,2183,2212,2100,2324,2071,2295,224,SU_silt,silt,manual_update,1
2024_10_08_11-53-46.jpg,3084,338,226,450,2972,3196,224,RE_branch,red_algae_branching,manual_update,1
2024_10_08_11-53-46.jpg,1987,3188,3076,3300,1875,2099,224,KE_sugar,kelp_sugar,manual_update,1
2024_10_08_11-53-55.jpg,1490,1623,1511,1735,1378,1602,224,RE_branch,red_algae_branching,manual_update,1
2024_10_08_11-53-55.jpg,1701,3876,3764,3988,1589,1813,224,GR_ulva,green_algae_ulva,GR_ulva,0.996
2024_10_08_11-53-55.jpg,1270,2942,2830,3054,1158,1382,224,GR_ulva,green_algae_ulva,manual_update,1
2024_10_08_11-53-55.jpg,3470,1136,1024,1248,3358,3582,224,SU_peb,pebble,SU_peb,1
2024_10_08_11-53-55.jpg,2851,3268,3156,3380,2739,2963,224,RE_bush,red_algae_bushy,RE_bush,1
2024_10_08_11-53-55.jpg,1883,4410,4298,4522,1771,1995,224,GR_ulva,green_algae_ulva,manual_update,1
2024_10_08_11-53-55.jpg,3851,1139,1027,1251,3739,3963,224,GR_ulva,green_algae_ulva,manual_update,1
2024_10_08_11-53-55.jpg,1358,674,562,786,1246,1470,224,SU_peb,pebble,SU_peb,1
2024_10_08_11-53-55.jpg,3056,2994,2882,3106,2944,3168,224,RE_bush,red_algae_bushy,RE_bush,1
2024_10_08_11-53-55.jpg,1848,4295,4183,4407,1736,1960,224,GR_ulva,green_algae_ulva,GR_ulva,0.993
2024_10_08_11-53-55.jpg,3440,2506,2394,2618,3328,3552,224,RE_bush,red_algae_bushy,RE_bush,1
2024_10_08_11-53-55.jpg,1683,3709,3597,3821,1571,1795,224,GR_ulva,green_algae_ulva,GR_ulva,0.994
2024_10_08_11-53-55.jpg,1795,3129,3017,3241,1683,1907,224,BR_sarg,brown_algae_sargassum,manual_update,1
2024_10_08_11-53-55.jpg,969,2466,2354,2578,857,1081,224,GR_ulva,green_algae_ulva,manual_update,1
2024_10_08_11-53-55.jpg,1343,2347,2235,2459,1231,1455,224,GR_ulva,green_algae_ulva,GR_ulva,0.999
2024_10_08_11-53-55.jpg,1948,3338,3226,3450,1836,2060,224,SU_anth,anthropogenic,manual_update,1
2024_10_08_11-53-55.jpg,2324,4405,4293,4517,2212,2436,224,GR_ulva,green_algae_ulva,GR_ulva,0.98
2024_10_08_11-53-55.jpg,2104,1918,1806,2030,1992,2216,224,SU_silt,silt,manual_update,1
2024_10_08_11-53-55.jpg,1535,2546,2434,2658,1423,1647,224,GR_ulva,green_algae_ulva,GR_ulva,1
2024_10_08_11-53-55.jpg,3177,2852,2740,2964,3065,3289,224,RE_bush,red_algae_bushy,RE_bush,1
2024_10_08_11-53-55.jpg,2992,3486,3374,3598,2880,3104,224,RE_bush,red_algae_bushy,RE_bush,1
2024_10_08_11-53-55.jpg,475,2326,2214,2438,363,587,224,SU_anth,anthropogenic,manual_update,1
2024_10_08_11-53-55.jpg,1991,1561,1449,1673,1879,2103,224,GR_ulva,green_algae_ulva,GR_ulva,1
2024_10_08_11-53-55.jpg,1228,3572,3460,3684,1116,1340,224,GR_ulva,green_algae_ulva,GR_ulva,0.948
2024_10_08_11-53-55.jpg,646,687,575,799,534,758,224,GR_ulva,green_algae_ulva,GR_ulva,1
2024_10_08_11-53-55.jpg,268,3152,3040,3264,156,380,224,GR_ulva,green_algae_ulva,GR_ulva,1
2024_10_08_11-53-55.jpg,2317,2745,2633,2857,2205,2429,224,SU_sand,sand_fine_shell,manual_update,1
2024_10_08_11-53-55.jpg,3686,4411,4299,4523,3574,3798,224,SU_anth,anthropogenic,manual_update,1
2024_10_08_11-53-55.jpg,1901,2998,2886,3110,1789,2013,224,BR_sarg,brown_algae_sargassum,manual_update,1
2024_10_08_11-53-55.jpg,1437,874,762,986,1325,1549,224,KE_sugar,kelp_sugar,manual_update,1
2024_10_08_11-53-55.jpg,2796,3620,3508,3732,2684,2908,224,RE_bush,red_algae_bushy,manual_update,1
2024_10_08_11-53-55.jpg,1389,4250,4138,4362,1277,1501,224,GR_ulva,green_algae_ulva,GR_ulva,0.967
2024_10_08_11-53-55.jpg,996,1439,1327,1551,884,1108,224,RE_branch,red_algae_branching,RE_branch,0.903
2024_10_08_11-53-55.jpg,632,1508,1396,1620,520,744,224,GR_ulva,green_algae_ulva,GR_ulva,0.999
2024_10_08_11-53-55.jpg,355,478,366,590,243,467,224,GR_ulva,green_algae_ulva,GR_ulva,1
2024_10_08_11-53-55.jpg,1304,2671,2559,2783,1192,1416,224,GR_ulva,green_algae_ulva,GR_ulva,0.999
2024_10_08_11-53-55.jpg,1151,2948,2836,3060,1039,1263,224,GR_ulva,green_algae_ulva,manual_update,1
2024_10_08_11-53-55.jpg,1249,4434,4322,4546,1137,1361,224,RE_branch,red_algae_branching,manual_update,1
2024_10_08_11-53-55.jpg,115,3388,3276,3500,3,227,224,MS,mobile_species,MS,0.782
2024_10_08_11-53-55.jpg,587,2761,2649,2873,475,699,224,GR_ulva,green_algae_ulva,GR_ulva,1
2024_10_08_11-53-55.jpg,2158,1589,1477,1701,2046,2270,224,GR_ulva,green_algae_ulva,GR_ulva,1
2024_10_08_11-53-55.jpg,1049,3980,3868,4092,937,1161,224,GR_ulva,green_algae_ulva,manual_update,1
2024_10_08_11-53-55.jpg,2392,4155,4043,4267,2280,2504,224,GR_ulva,green_algae_ulva,GR_ulva,1
2024_10_08_11-53-55.jpg,261,1527,1415,1639,149,373,224,GR_ulva,green_algae_ulva,GR_ulva,1
2024_10_08_11-53-55.jpg,333,4082,3970,4194,221,445,224,GR_ulva,green_algae_ulva,GR_ulva,0.43
2024_10_08_11-53-55.jpg,2454,2304,2192,2416,2342,2566,224,SU_silt,silt,manual_update,1
2024_10_08_11-53-55.jpg,1827,833,721,945,1715,1939,224,BR_sarg,brown_algae_sargassum,manual_update,1
2024_10_08_11-53-55.jpg,1001,962,850,1074,889,1113,224,SU_sand,sand_fine_shell,SU_sand,0.986
2024_10_08_11-53-55.jpg,2063,3662,3550,3774,1951,2175,224,GR_ulva,green_algae_ulva,GR_ulva,1
2024_10_08_11-53-55.jpg,370,2692,2580,2804,258,482,224,GR_ulva,green_algae_ulva,GR_ulva,1
2024_10_08_11-54-04.jpg,1801,361,249,473,1689,1913,224,BR_sarg,brown_algae_sargassum,BR_sarg,0.986
2024_10_08_11-54-04.jpg,270,1211,1099,1323,158,382,224,RE_branch,red_algae_branching,manual_update,1
2024_10_08_11-54-04.jpg,2674,1169,1057,1281,2562,2786,224,SU_cob,cobble,manual_update,1
2024_10_08_11-54-04.jpg,2066,3573,3461,3685,1954,2178,224,SU_sand,sand_fine_shell,SU_sand,0.974
2024_10_08_11-54-04.jpg,1961,2400,2288,2512,1849,2073,224,SU_anth,anthropogenic,manual_update,1
2024_10_08_11-54-04.jpg,2232,720,608,832,2120,2344,224,RE_branch,red_algae_branching,manual_update,1
2024_10_08_11-54-04.jpg,2500,2865,2753,2977,2388,2612,224,GR_ulva,green_algae_ulva,manual_update,1
2024_10_08_11-54-04.jpg,2611,1932,1820,2044,2499,2723,224,RE_fil,red_algae_filamentous,RE_fil,1
2024_10_08_11-54-04.jpg,1133,1560,1448,1672,1021,1245,224,GR_ulva,green_algae_ulva,GR_ulva,1
2024_10_08_11-54-04.jpg,982,4205,4093,4317,870,1094,224,GR_ulva,green_algae_ulva,GR_ulva,1
2024_10_08_11-54-04.jpg,3338,1168,1056,1280,3226,3450,224,SU_cob,cobble,SU_cob,0.751
2024_10_08_11-54-04.jpg,611,251,139,363,499,723,224,GR_ulva,green_algae_ulva,GR_ulva,0.997
2024_10_08_11-54-04.jpg,1261,3345,3233,3457,1149,1373,224,SU_sand,sand_fine_shell,SU_sand,1
2024_10_08_11-54-04.jpg,3275,3326,3214,3438,3163,3387,224,SU_sand,sand_fine_shell,SU_sand,0.981
2024_10_08_11-54-04.jpg,1962,1800,1688,1912,1850,2074,224,SU_sand,sand_fine_shell,manual_update,1
2024_10_08_11-54-04.jpg,3255,3445,3333,3557,3143,3367,224,SU_sand,sand_fine_shell,manual_update,1
2024_10_08_11-54-04.jpg,517,3949,3837,4061,405,629,224,GR_ulva,green_algae_ulva,GR_ulva,0.999
2024_10_08_11-54-04.jpg,3432,2662,2550,2774,3320,3544,224,GR_ulva,green_algae_ulva,GR_ulva,1
2024_10_08_11-54-04.jpg,269,4243,4131,4355,157,381,224,SU_silt,silt,SU_silt,1
2024_10_08_11-54-04.jpg,2339,4119,4007,4231,2227,2451,224,GR_ulva,green_algae_ulva,GR_ulva,1
2024_10_08_11-54-04.jpg,599,770,658,882,487,711,224,GR_ulva,green_algae_ulva,manual_update,1
2024_10_08_11-54-04.jpg,3721,1208,1096,1320,3609,3833,224,SU_peb,pebble,SU_peb,0.999
2024_10_08_11-54-04.jpg,2886,4307,4195,4419,2774,2998,224,GR_ulva,green_algae_ulva,GR_ulva,1
2024_10_08_11-54-04.jpg,1200,2861,2749,2973,1088,1312,224,GR_ulva,green_algae_ulva,GR_ulva,0.996
2024_10_08_11-54-04.jpg,2423,2544,2432,2656,2311,2535,224,BR_sarg,brown_algae_sargassum,manual_update,1
2024_10_08_11-54-04.jpg,3167,4378,4266,4490,3055,3279,224,GR_ulva,green_algae_ulva,GR_ulva,1
2024_10_08_11-54-04.jpg,3047,3534,3422,3646,2935,3159,224,SU_silt,silt,SU_silt,0.965
2024_10_08_11-54-04.jpg,449,2479,2367,2591,337,561,224,GR_ulva,green_algae_ulva,GR_ulva,1
2024_10_08_11-54-04.jpg,2810,1511,1399,1623,2698,2922,224,SU_cob,cobble,manual_update,1
2024_10_08_11-54-04.jpg,2061,2079,1967,2191,1949,2173,224,SU_peb,pebble,manual_update,1
2024_10_08_11-54-04.jpg,3432,1950,1838,2062,3320,3544,224,RE_fil,red_algae_filamentous,RE_fil,1
2024_10_08_11-54-04.jpg,2181,840,728,952,2069,2293,224,BR_sarg,brown_algae_sargassum,manual_update,1
2024_10_08_11-54-04.jpg,1110,1132,1020,1244,998,1222,224,GR_ulva,green_algae_ulva,GR_ulva,1
2024_10_08_11-54-04.jpg,236,1416,1304,1528,124,348,224,SU_anth,anthropogenic,manual_update,1
2024_10_08_11-54-04.jpg,1214,1744,1632,1856,1102,1326,224,BR_sarg,brown_algae_sargassum,manual_update,1
2024_10_08_11-54-04.jpg,3477,4291,4179,4403,3365,3589,224,GR_ulva,green_algae_ulva,manual_update,1
2024_10_08_11-54-04.jpg,480,2097,1985,2209,368,592,224,GR_ulva,green_algae_ulva,GR_ulva,1
2024_10_08_11-54-04.jpg,2194,1475,1363,1587,2082,2306,224,GR_ulva,green_algae_ulva,GR_ulva,0.997
2024_10_08_11-54-04.jpg,2801,1726,1614,1838,2689,2913,224,RE_branch,red_algae_branching,RE_branch,0.993
2024_10_08_11-54-04.jpg,1650,1474,1362,1586,1538,1762,224,BR_sarg,brown_algae_sargassum,BR_sarg,0.998
2024_10_08_11-54-04.jpg,608,1519,1407,1631,496,720,224,GR_ulva,green_algae_ulva,manual_update,1
2024_10_08_11-54-04.jpg,2214,2771,2659,2883,2102,2326,224,RE_bush,red_algae_bushy,manual_update,1
2024_10_08_11-54-04.jpg,2397,2730,2618,2842,2285,2509,224,SU_anth,anthropogenic,manual_update,1
2024_10_08_11-54-04.jpg,3608,556,444,668,3496,3720,224,RE_branch,red_algae_branching,manual_update,1
2024_10_08_11-54-04.jpg,1446,2600,2488,2712,1334,1558,224,GR_ulva,green_algae_ulva,GR_ulva,1
2024_10_08_11-54-04.jpg,1197,2084,1972,2196,1085,1309,224,GR_ulva,green_algae_ulva,GR_ulva,0.999
2024_10_08_11-54-04.jpg,3736,3630,3518,3742,3624,3848,224,SU_sand,sand_fine_shell,manual_update,1
2024_10_08_11-54-04.jpg,1361,3042,2930,3154,1249,1473,224,SU_silt,silt,SU_silt,0.957
2024_10_08_11-54-04.jpg,1057,704,592,816,945,1169,224,GR_ulva,green_algae_ulva,GR_ulva,0.999
2024_10_08_11-54-04.jpg,310,3315,3203,3427,198,422,224,BR_sarg,brown_algae_sargassum,BR_sarg,0.992
2024_10_08_11-54-13.jpg,3834,277,165,389,3722,3946,224,GR_ulva,green_algae_ulva,GR_ulva,0.986
2024_10_08_11-54-13.jpg,1052,3541,3429,3653,940,1164,224,SU_peb,pebble,SU_peb,1
2024_10_08_11-54-13.jpg,2695,1403,1291,1515,2583,2807,224,GR_ulva,green_algae_ulva,GR_ulva,1
2024_10_08_11-54-13.jpg,2016,1895,1783,2007,1904,2128,224,GR_ulva,green_algae_ulva,manual_update,1
2024_10_08_11-54-13.jpg,2426,1293,1181,1405,2314,2538,224,GR_ulva,green_algae_ulva,GR_ulva,0.991
2024_10_08_11-54-13.jpg,706,3384,3272,3496,594,818,224,GR_ulva,green_algae_ulva,GR_ulva,1
2024_10_08_11-54-13.jpg,1031,3735,3623,3847,919,1143,224,SU_sand,sand_fine_shell,SU_sand,1
2024_10_08_11-54-13.jpg,252,1288,1176,1400,140,364,224,GR_ulva,green_algae_ulva,GR_ulva,1
2024_10_08_11-54-13.jpg,2747,2741,2629,2853,2635,2859,224,GR_ulva,green_algae_ulva,GR_ulva,1
2024_10_08_11-54-13.jpg,731,3586,3474,3698,619,843,224,SU_peb,pebble,manual_update,1
2024_10_08_11-54-13.jpg,3885,3533,3421,3645,3773,3997,224,RE_branch,red_algae_branching,manual_update,1
2024_10_08_11-54-13.jpg,625,2751,2639,2863,513,737,224,RE_fil,red_algae_filamentous,manual_update,1
2024_10_08_11-54-13.jpg,2800,2282,2170,2394,2688,2912,224,GR_ulva,green_algae_ulva,GR_ulva,1
2024_10_08_11-54-13.jpg,1404,3057,2945,3169,1292,1516,224,RE_branch,red_algae_branching,manual_update,1
2024_10_08_11-54-13.jpg,2546,4251,4139,4363,2434,2658,224,RE_branch,red_algae_branching,manual_update,1
2024_10_08_11-54-13.jpg,3313,917,805,1029,3201,3425,224,SU_sand,sand_fine_shell,manual_update,1
2024_10_08_11-54-13.jpg,3458,182,70,294,3346,3570,224,GR_ulva,green_algae_ulva,GR_ulva,0.925
2024_10_08_11-54-13.jpg,516,172,60,284,404,628,224,GR_ulva,green_algae_ulva,GR_ulva,1
2024_10_08_11-54-13.jpg,3857,3852,3740,3964,3745,3969,224,RE_branch,red_algae_branching,manual_update,1
2024_10_08_11-54-13.jpg,186,3894,3782,4006,74,298,224,SU_peb,pebble,manual_update,1
2024_10_08_11-54-13.jpg,3069,188,76,300,2957,3181,224,GR_ulva,green_algae_ulva,manual_update,1
2024_10_08_11-54-13.jpg,2016,3872,3760,3984,1904,2128,224,RE_leaf,red_algae_flat_leaf,RE_leaf,0.934
2024_10_08_11-54-13.jpg,3264,2129,2017,2241,3152,3376,224,GR_ulva,green_algae_ulva,GR_ulva,1
2024_10_08_11-54-13.jpg,3435,4279,4167,4391,3323,3547,224,RE_branch,red_algae_branching,manual_update,1
2024_10_08_11-54-13.jpg,2594,4084,3972,4196,2482,2706,224,RE_branch,red_algae_branching,manual_update,1
2024_10_08_11-54-13.jpg,1856,113,1,225,1744,1968,224,GR_ulva,green_algae_ulva,GR_ulva,0.995
2024_10_08_11-54-13.jpg,1831,4360,4248,4472,1719,1943,224,RE_leaf,red_algae_flat_leaf,RE_leaf,0.997
2024_10_08_11-54-13.jpg,2349,3853,3741,3965,2237,2461,224,RE_branch,red_algae_branching,manual_update,1
2024_10_08_11-54-13.jpg,1815,4059,3947,4171,1703,1927,224,RE_leaf,red_algae_flat_leaf,RE_leaf,1
2024_10_08_11-54-13.jpg,1838,431,319,543,1726,1950,224,GR_ulva,green_algae_ulva,GR_ulva,0.995
2024_10_08_11-54-13.jpg,113,886,774,998,1,225,224,KE_sugar,kelp_sugar,manual_update,1
2024_10_08_11-54-13.jpg,3074,3335,3223,3447,2962,3186,224,GR_ulva,green_algae_ulva,GR_ulva,1
2024_10_08_11-54-13.jpg,3369,3309,3197,3421,3257,3481,224,GR_ulva,green_algae_ulva,GR_ulva,1
2024_10_08_11-54-13.jpg,1383,2506,2394,2618,1271,1495,224,GR_ulva,green_algae_ulva,GR_ulva,0.934
2024_10_08_11-54-13.jpg,1572,4106,3994,4218,1460,1684,224,RE_leaf,red_algae_flat_leaf,manual_update,1
2024_10_08_11-54-13.jpg,2263,2581,2469,2693,2151,2375,224,GR_ulva,green_algae_ulva,GR_ulva,1
2024_10_08_11-54-13.jpg,714,1354,1242,1466,602,826,224,GR_ulva,green_algae_ulva,GR_ulva,1
2024_10_08_11-54-13.jpg,2087,3440,3328,3552,1975,2199,224,RE_branch,red_algae_branching,manual_update,1
2024_10_08_11-54-13.jpg,3100,2288,2176,2400,2988,3212,224,GR_ulva,green_algae_ulva,GR_ulva,1
2024_10_08_11-54-13.jpg,1341,2157,2045,2269,1229,1453,224,GR_ulva,green_algae_ulva,GR_ulva,1
2024_10_08_11-54-13.jpg,958,2955,2843,3067,846,1070,224,GR_ulva,green_algae_ulva,GR_ulva,0.999
2024_10_08_11-54-13.jpg,3821,1150,1038,1262,3709,3933,224,GR_ulva,green_algae_ulva,GR_ulva,1
2024_10_08_11-54-13.jpg,2401,2998,2886,3110,2289,2513,224,SU_anth,anthropogenic,manual_update,1
2024_10_08_11-54-13.jpg,3839,944,832,1056,3727,3951,224,SU_sand,sand_fine_shell,manual_update,1
2024_10_08_11-54-13.jpg,1701,4328,4216,4440,1589,1813,224,RE_leaf,red_algae_flat_leaf,manual_update,1
2024_10_08_11-54-13.jpg,2186,1564,1452,1676,2074,2298,224,GR_ulva,green_algae_ulva,GR_ulva,0.999
2024_10_08_11-54-13.jpg,2196,3770,3658,3882,2084,2308,224,RE_branch,red_algae_branching,RE_branch,0.999
2024_10_08_11-54-13.jpg,3397,1380,1268,1492,3285,3509,224,GR_ulva,green_algae_ulva,GR_ulva,0.984
2024_10_08_11-54-13.jpg,1914,1401,1289,1513,1802,2026,224,GR_ulva,green_algae_ulva,GR_ulva,1
2024_10_08_11-54-13.jpg,1048,3218,3106,3330,936,1160,224,GR_ulva,green_algae_ulva,GR_ulva,0.998
2024_10_08_11-54-22.jpg,2002,1406,1294,1518,1890,2114,224,GR_ulva,green_algae_ulva,GR_ulva,1
2024_10_08_11-54-22.jpg,960,3685,3573,3797,848,1072,224,GR_ulva,green_algae_ulva,GR_ulva,0.999
2024_10_08_11-54-22.jpg,1143,2450,2338,2562,1031,1255,224,RE_branch,red_algae_branching,manual_update,1
2024_10_08_11-54-22.jpg,2158,1371,1259,1483,2046,2270,224,GR_ulva,green_algae_ulva,GR_ulva,1
2024_10_08_11-54-22.jpg,2308,2330,2218,2442,2196,2420,224,GR_ulva,green_algae_ulva,GR_ulva,0.839
2024_10_08_11-54-22.jpg,470,2553,2441,2665,358,582,224,GR_ulva,green_algae_ulva,GR_ulva,1
2024_10_08_11-54-22.jpg,769,4491,4379,4603,657,881,224,RE_branch,red_algae_branching,manual_update,1
2024_10_08_11-54-22.jpg,793,1429,1317,1541,681,905,224,GR_ulva,green_algae_ulva,GR_ulva,1
2024_10_08_11-54-22.jpg,3722,3374,3262,3486,3610,3834,224,GR_ulva,green_algae_ulva,manual_update,1
2024_10_08_11-54-22.jpg,907,1167,1055,1279,795,1019,224,GR_ulva,green_algae_ulva,GR_ulva,1
2024_10_08_11-54-22.jpg,3688,2875,2763,2987,3576,3800,224,GR_ulva,green_algae_ulva,manual_update,1
2024_10_08_11-54-22.jpg,2540,2344,2232,2456,2428,2652,224,GR_ulva,green_algae_ulva,GR_ulva,1
2024_10_08_11-54-22.jpg,2964,3314,3202,3426,2852,3076,224,SU_sand,sand_fine_shell,manual_update,1
2024_10_08_11-54-22.jpg,1215,3498,3386,3610,1103,1327,224,GR_ulva,green_algae_ulva,GR_ulva,1
2024_10_08_11-54-22.jpg,1318,2349,2237,2461,1206,1430,224,RE_branch,red_algae_branching,manual_update,1
2024_10_08_11-54-22.jpg,277,2919,2807,3031,165,389,224,GR_ulva,green_algae_ulva,GR_ulva,1
2024_10_08_11-54-22.jpg,2753,370,258,482,2641,2865,224,unknown,unknown_area,manual_update,1
2024_10_08_11-54-22.jpg,749,3582,3470,3694,637,861,224,GR_ulva,green_algae_ulva,GR_ulva,0.994
2024_10_08_11-54-22.jpg,2204,2700,2588,2812,2092,2316,224,RE_branch,red_algae_branching,manual_update,1
2024_10_08_11-54-22.jpg,2491,3669,3557,3781,2379,2603,224,KE_sugar,kelp_sugar,manual_update,1
2024_10_08_11-54-22.jpg,2777,973,861,1085,2665,2889,224,GR_ulva,green_algae_ulva,GR_ulva,0.998
2024_10_08_11-54-22.jpg,1398,2685,2573,2797,1286,1510,224,GR_ulva,green_algae_ulva,GR_ulva,0.953
2024_10_08_11-54-22.jpg,3215,928,816,1040,3103,3327,224,GR_ulva,green_algae_ulva,GR_ulva,0.998
2024_10_08_11-54-22.jpg,2242,4010,3898,4122,2130,2354,224,GR_ulva,green_algae_ulva,GR_ulva,1
2024_10_08_11-54-22.jpg,3497,3509,3397,3621,3385,3609,224,RE_branch,red_algae_branching,manual_update,1
2024_10_08_11-54-22.jpg,1991,3166,3054,3278,1879,2103,224,RE_branch,red_algae_branching,manual_update,1
2024_10_08_11-54-22.jpg,3397,788,676,900,3285,3509,224,GR_ulva,green_algae_ulva,GR_ulva,0.992
2024_10_08_11-54-22.jpg,870,1543,1431,1655,758,982,224,GR_ulva,green_algae_ulva,GR_ulva,1
2024_10_08_11-54-22.jpg,211,1988,1876,2100,99,323,224,GR_ulva,green_algae_ulva,GR_ulva,1
2024_10_08_11-54-22.jpg,1975,2961,2849,3073,1863,2087,224,GR_ulva,green_algae_ulva,manual_update,1
2024_10_08_11-54-22.jpg,2338,2467,2355,2579,2226,2450,224,RE_branch,red_algae_branching,manual_update,1
2024_10_08_11-54-22.jpg,2378,1508,1396,1620,2266,2490,224,GR_ulva,green_algae_ulva,GR_ulva,1
2024_10_08_11-54-22.jpg,2103,1687,1575,1799,1991,2215,224,GR_ulva,green_algae_ulva,GR_ulva,1
2024_10_08_11-54-22.jpg,2462,4089,3977,4201,2350,2574,224,GR_ulva,green_algae_ulva,GR_ulva,1
2024_10_08_11-54-22.jpg,3482,1263,1151,1375,3370,3594,224,GR_ulva,green_algae_ulva,GR_ulva,0.998
2024_10_08_11-54-22.jpg,1881,3569,3457,3681,1769,1993,224,GR_ulva,green_algae_ulva,GR_ulva,0.989
2024_10_08_11-54-22.jpg,849,2411,2299,2523,737,961,224,RE_branch,red_algae_branching,manual_update,1
2024_10_08_11-54-22.jpg,1247,670,558,782,1135,1359,224,GR_ulva,green_algae_ulva,GR_ulva,1
2024_10_08_11-54-22.jpg,3066,2441,2329,2553,2954,3178,224,KE_sugar,kelp_sugar,manual_update,1
2024_10_08_11-54-22.jpg,942,4421,4309,4533,830,1054,224,RE_branch,red_algae_branching,manual_update,1
2024_10_08_11-54-22.jpg,1561,1326,1214,1438,1449,1673,224,GR_ulva,green_algae_ulva,GR_ulva,1
2024_10_08_11-54-22.jpg,1483,865,753,977,1371,1595,224,RE_bush,red_algae_bushy,RE_bush,1
2024_10_08_11-54-22.jpg,1458,2453,2341,2565,1346,1570,224,GR_ulva,green_algae_ulva,GR_ulva,1
2024_10_08_11-54-22.jpg,1996,1058,946,1170,1884,2108,224,GR_ulva,green_algae_ulva,GR_ulva,0.993
2024_10_08_11-54-22.jpg,984,3480,3368,3592,872,1096,224,GR_ulva,green_algae_ulva,GR_ulva,0.998
2024_10_08_11-54-22.jpg,191,3792,3680,3904,79,303,224,GR_ulva,green_algae_ulva,GR_ulva,1
2024_10_08_11-54-22.jpg,309,3656,3544,3768,197,421,224,GR_ulva,green_algae_ulva,GR_ulva,1
2024_10_08_11-54-22.jpg,2277,1312,1200,1424,2165,2389,224,GR_ulva,green_algae_ulva,GR_ulva,1
2024_10_08_11-54-22.jpg,3747,4304,4192,4416,3635,3859,224,unknown,unknown_area,manual_update,1
2024_10_08_11-54-22.jpg,2451,1878,1766,1990,2339,2563,224,GR_ulva,green_algae_ulva,GR_ulva,1
2024_10_08_11-54-31.jpg,1478,1540,1428,1652,1366,1590,224,GR_ulva,green_algae_ulva,GR_ulva,1
2024_10_08_11-54-31.jpg,2835,1903,1791,2015,2723,2947,224,SU_sand,sand_fine_shell,SU_sand,1
2024_10_08_11-54-31.jpg,3482,4101,3989,4213,3370,3594,224,SU_peb,pebble,manual_update,1
2024_10_08_11-54-31.jpg,2910,3191,3079,3303,2798,3022,224,SU_peb,pebble,SU_peb,0.934
2024_10_08_11-54-31.jpg,1474,2737,2625,2849,1362,1586,224,GR_ulva,green_algae_ulva,GR_ulva,0.999
2024_10_08_11-54-31.jpg,2172,4422,4310,4534,2060,2284,224,GR_ulva,green_algae_ulva,GR_ulva,0.996
2024_10_08_11-54-31.jpg,2790,616,504,728,2678,2902,224,KE_sugar,kelp_sugar,manual_update,1
2024_10_08_11-54-31.jpg,3573,3167,3055,3279,3461,3685,224,SU_silt,silt,manual_update,1
2024_10_08_11-54-31.jpg,855,3904,3792,4016,743,967,224,RE_branch,red_algae_branching,RE_branch,1
2024_10_08_11-54-31.jpg,1057,1075,963,1187,945,1169,224,RE_bush,red_algae_bushy,manual_update,1
2024_10_08_11-54-31.jpg,271,2367,2255,2479,159,383,224,KE_5rib,kelp_five_rib,KE_5rib,0.988
2024_10_08_11-54-31.jpg,1108,3304,3192,3416,996,1220,224,GR_ulva,green_algae_ulva,GR_ulva,0.999
2024_10_08_11-54-31.jpg,307,4147,4035,4259,195,419,224,GR_ulva,green_algae_ulva,GR_ulva,0.992
2024_10_08_11-54-31.jpg,1406,598,486,710,1294,1518,224,KE_5rib,kelp_five_rib,KE_5rib,0.969
2024_10_08_11-54-31.jpg,1446,4485,4373,4597,1334,1558,224,RE_branch,red_algae_branching,RE_branch,0.985
2024_10_08_11-54-31.jpg,1431,4282,4170,4394,1319,1543,224,RE_branch,red_algae_branching,manual_update,1
2024_10_08_11-54-31.jpg,403,4416,4304,4528,291,515,224,RE_branch,red_algae_branching,manual_update,1
2024_10_08_11-54-31.jpg,2058,3464,3352,3576,1946,2170,224,MS,mobile_species,MS,0.937
2024_10_08_11-54-31.jpg,628,2899,2787,3011,516,740,224,GR_ulva,green_algae_ulva,GR_ulva,1
2024_10_08_11-54-31.jpg,2070,636,524,748,1958,2182,224,SU_sand,sand_fine_shell,SU_sand,0.935
2024_10_08_11-54-31.jpg,1519,1255,1143,1367,1407,1631,224,RE_branch,red_algae_branching,manual_update,1
2024_10_08_11-54-31.jpg,3089,802,690,914,2977,3201,224,SU_peb,pebble,SU_peb,1
2024_10_08_11-54-31.jpg,2073,3346,3234,3458,1961,2185,224,MS,mobile_species,manual_update,1
2024_10_08_11-54-31.jpg,2169,3789,3677,3901,2057,2281,224,MS,mobile_species,MS,1
2024_10_08_11-54-31.jpg,2353,3025,2913,3137,2241,2465,224,SU_peb,pebble,SU_peb,0.962
2024_10_08_11-54-31.jpg,2943,3837,3725,3949,2831,3055,224,SU_peb,pebble,SU_peb,1
2024_10_08_11-54-31.jpg,703,143,31,255,591,815,224,BR_sarg,brown_algae_sargassum,manual_update,1
2024_10_08_11-54-31.jpg,3568,1779,1667,1891,3456,3680,224,SU_cob,cobble,manual_update,1
2024_10_08_11-54-31.jpg,1916,3422,3310,3534,1804,2028,224,SU_sand,sand_fine_shell,SU_sand,0.999
2024_10_08_11-54-31.jpg,923,836,724,948,811,1035,224,BR_sarg,brown_algae_sargassum,manual_update,1
2024_10_08_11-54-31.jpg,559,567,455,679,447,671,224,KE_5rib,kelp_five_rib,KE_5rib,1
2024_10_08_11-54-31.jpg,3354,3522,3410,3634,3242,3466,224,SU_silt,silt,SU_silt,1
2024_10_08_11-54-31.jpg,3273,568,456,680,3161,3385,224,RE_branch,red_algae_branching,manual_update,1
2024_10_08_11-54-31.jpg,1939,802,690,914,1827,2051,224,SU_sand,sand_fine_shell,SU_sand,1
2024_10_08_11-54-31.jpg,170,826,714,938,58,282,224,KE_5rib,kelp_five_rib,KE_5rib,1
2024_10_08_11-54-31.jpg,166,475,363,587,54,278,224,KE_5rib,kelp_five_rib,KE_5rib,1
2024_10_08_11-54-31.jpg,468,3674,3562,3786,356,580,224,BR_sarg,brown_algae_sargassum,manual_update,1
2024_10_08_11-54-31.jpg,3406,2767,2655,2879,3294,3518,224,SU_sand,sand_fine_shell,SU_sand,0.999
2024_10_08_11-54-31.jpg,2481,706,594,818,2369,2593,224,SU_sand,sand_fine_shell,SU_sand,0.946
2024_10_08_11-54-31.jpg,1121,1263,1151,1375,1009,1233,224,GR_ulva,green_algae_ulva,GR_ulva,0.967
2024_10_08_11-54-31.jpg,606,2037,1925,2149,494,718,224,KE_5rib,kelp_five_rib,KE_5rib,0.999
2024_10_08_11-54-31.jpg,1124,1388,1276,1500,1012,1236,224,GR_ulva,green_algae_ulva,GR_ulva,1
2024_10_08_11-54-31.jpg,2738,2655,2543,2767,2626,2850,224,GR_ulva,green_algae_ulva,GR_ulva,0.999
2024_10_08_11-54-31.jpg,3073,4111,3999,4223,2961,3185,224,SU_sand,sand_fine_shell,manual_update,1
2024_10_08_11-54-31.jpg,2902,3621,3509,3733,2790,3014,224,SU_sand,sand_fine_shell,manual_update,1
2024_10_08_11-54-31.jpg,3697,648,536,760,3585,3809,224,GR_ulva,green_algae_ulva,manual_update,1
2024_10_08_11-54-31.jpg,2746,964,852,1076,2634,2858,224,KE_sugar,kelp_sugar,KE_sugar,1
2024_10_08_11-54-31.jpg,1635,1565,1453,1677,1523,1747,224,GR_ulva,green_algae_ulva,GR_ulva,1
2024_10_08_11-54-31.jpg,2190,2752,2640,2864,2078,2302,224,RE_bush,red_algae_bushy,RE_bush,0.997
2024_10_08_11-54-31.jpg,1313,1047,935,1159,1201,1425,224,BR_sarg,brown_algae_sargassum,manual_update,1
2024_10_08_11-54-40.jpg,770,1714,1602,1826,658,882,224,SU_shell,shell_hash,manual_update,1
2024_10_08_11-54-40.jpg,3146,211,99,323,3034,3258,224,SU_peb,pebble,SU_peb,0.997
2024_10_08_11-54-40.jpg,1650,3487,3375,3599,1538,1762,224,SU_sand,sand_fine_shell,SU_sand,1
2024_10_08_11-54-40.jpg,3425,3005,2893,3117,3313,3537,224,SU_sand,sand_fine_shell,SU_sand,1
2024_10_08_11-54-40.jpg,3710,4140,4028,4252,3598,3822,224,GR_ulva,green_algae_ulva,GR_ulva,0.996
2024_10_08_11-54-40.jpg,3004,923,811,1035,2892,3116,224,SU_sand,sand_fine_shell,SU_sand,1
2024_10_08_11-54-40.jpg,3739,2766,2654,2878,3627,3851,224,SU_sand,sand_fine_shell,SU_sand,0.998
2024_10_08_11-54-40.jpg,3073,1297,1185,1409,2961,3185,224,SU_peb,pebble,manual_update,1
2024_10_08_11-54-40.jpg,899,2336,2224,2448,787,1011,224,SU_silt,silt,SU_silt,0.993
2024_10_08_11-54-40.jpg,942,3288,3176,3400,830,1054,224,SU_cob,cobble,SU_cob,0.999
2024_10_08_11-54-40.jpg,1825,2603,2491,2715,1713,1937,224,SU_sand,sand_fine_shell,SU_sand,0.999
2024_10_08_11-54-40.jpg,3887,1980,1868,2092,3775,3999,224,SU_cob,cobble,manual_update,1
2024_10_08_11-54-40.jpg,3133,815,703,927,3021,3245,224,SU_sand,sand_fine_shell,SU_sand,1
2024_10_08_11-54-40.jpg,1089,1908,1796,2020,977,1201,224,SU_sand,sand_fine_shell,SU_sand,1
2024_10_08_11-54-40.jpg,2192,1306,1194,1418,2080,2304,224,SU_peb,pebble,SU_peb,0.996
2024_10_08_11-54-40.jpg,3403,3755,3643,3867,3291,3515,224,SU_sand,sand_fine_shell,SU_sand,1
2024_10_08_11-54-40.jpg,3778,3285,3173,3397,3666,3890,224,SU_sand,sand_fine_shell,SU_sand,1
2024_10_08_11-54-40.jpg,3353,1231,1119,1343,3241,3465,224,SU_silt,silt,SU_silt,0.971
2024_10_08_11-54-40.jpg,1675,3805,3693,3917,1563,1787,224,SU_sand,sand_fine_shell,SU_sand,1
2024_10_08_11-54-40.jpg,2733,1703,1591,1815,2621,2845,224,RE_bush,red_algae_bushy,RE_bush,0.949
2024_10_08_11-54-40.jpg,1521,304,192,416,1409,1633,224,GR_ulva,green_algae_ulva,GR_ulva,1
2024_10_08_11-54-40.jpg,3823,2223,2111,2335,3711,3935,224,SU_silt,silt,SU_silt,0.842
2024_10_08_11-54-40.jpg,3640,2198,2086,2310,3528,3752,224,SU_peb,pebble,manual_update,1
2024_10_08_11-54-40.jpg,1385,1347,1235,1459,1273,1497,224,SU_anth,anthropogenic,manual_update,1
2024_10_08_11-54-40.jpg,3474,4210,4098,4322,3362,3586,224,SU_anth,anthropogenic,manual_update,1
2024_10_08_11-54-40.jpg,2166,2109,1997,2221,2054,2278,224,SU_sand,sand_fine_shell,manual_update,1
2024_10_08_11-54-40.jpg,1066,3089,2977,3201,954,1178,224,SU_peb,pebble,manual_update,1
2024_10_08_11-54-40.jpg,2728,4241,4129,4353,2616,2840,224,RE_branch,red_algae_branching,RE_branch,1
2024_10_08_11-54-40.jpg,1328,2628,2516,2740,1216,1440,224,SU_sand,sand_fine_shell,SU_sand,0.996
2024_10_08_11-54-40.jpg,2124,1890,1778,2002,2012,2236,224,SU_sand,sand_fine_shell,SU_sand,1
2024_10_08_11-54-40.jpg,3693,4364,4252,4476,3581,3805,224,GR_ulva,green_algae_ulva,manual_update,1
2024_10_08_11-54-40.jpg,2269,4294,4182,4406,2157,2381,224,RE_leaf,red_algae_flat_leaf,manual_update,1
2024_10_08_11-54-40.jpg,2375,3088,2976,3200,2263,2487,224,RE_leaf,red_algae_flat_leaf,manual_update,1
2024_10_08_11-54-40.jpg,1024,2307,2195,2419,912,1136,224,SU_sand,sand_fine_shell,SU_sand,0.995
2024_10_08_11-54-40.jpg,2083,3094,2982,3206,1971,2195,224,SU_anth,anthropogenic,manual_update,1
2024_10_08_11-54-40.jpg,2409,4234,4122,4346,2297,2521,224,RE_branch,red_algae_branching,RE_branch,0.994
2024_10_08_11-54-40.jpg,2413,2348,2236,2460,2301,2525,224,SU_peb,pebble,manual_update,1
2024_10_08_11-54-40.jpg,417,1747,1635,1859,305,529,224,SU_peb,pebble,SU_peb,1
2024_10_08_11-54-40.jpg,552,906,794,1018,440,664,224,SU_sand,sand_fine_shell,manual_update,1
2024_10_08_11-54-40.jpg,2117,2585,2473,2697,2005,2229,224,SU_sand,sand_fine_shell,SU_sand,0.871
2024_10_08_11-54-40.jpg,368,2795,2683,2907,256,480,224,SU_peb,pebble,manual_update,1
2024_10_08_11-54-40.jpg,3539,169,57,281,3427,3651,224,SU_peb,pebble,SU_peb,0.996
2024_10_08_11-54-40.jpg,1702,287,175,399,1590,1814,224,GR_ulva,green_algae_ulva,GR_ulva,1
2024_10_08_11-54-40.jpg,2504,1844,1732,1956,2392,2616,224,SU_sand,sand_fine_shell,manual_update,1
2024_10_08_11-54-40.jpg,395,2142,2030,2254,283,507,224,SU_peb,pebble,SU_peb,0.922
2024_10_08_11-54-40.jpg,3697,799,687,911,3585,3809,224,SU_peb,pebble,manual_update,1
2024_10_08_11-54-40.jpg,1706,3932,3820,4044,1594,1818,224,SU_sand,sand_fine_shell,manual_update,1
2024_10_08_11-54-40.jpg,3537,4406,4294,4518,3425,3649,224,GR_ulva,green_algae_ulva,manual_update,1
2024_10_08_11-54-40.jpg,3205,3942,3830,4054,3093,3317,224,RE_branch,red_algae_branching,manual_update,1
2024_10_08_11-54-40.jpg,348,482,370,594,236,460,224,GR_ulva,green_algae_ulva,GR_ulva,0.999
2024_10_08_11-54-49.jpg,2123,3830,3718,3942,2011,2235,224,RE_branch,red_algae_branching,manual_update,1
2024_10_08_11-54-49.jpg,3387,1096,984,1208,3275,3499,224,SU_peb,pebble,SU_peb,0.997
2024_10_08_11-54-49.jpg,1344,3552,3440,3664,1232,1456,224,RE_branch,red_algae_branching,RE_branch,0.94
2024_10_08_11-54-49.jpg,3361,951,839,1063,3249,3473,224,GR_ulva,green_algae_ulva,GR_ulva,1
2024_10_08_11-54-49.jpg,3172,2001,1889,2113,3060,3284,224,SU_anth,anthropogenic,manual_update,1
2024_10_08_11-54-49.jpg,2374,718,606,830,2262,2486,224,RE_fil,red_algae_filamentous,RE_fil,1
2024_10_08_11-54-49.jpg,2535,3016,2904,3128,2423,2647,224,MS,mobile_species,MS,0.996
2024_10_08_11-54-49.jpg,1207,3515,3403,3627,1095,1319,224,RE_branch,red_algae_branching,RE_branch,0.989
2024_10_08_11-54-49.jpg,800,3631,3519,3743,688,912,224,RE_branch,red_algae_branching,RE_branch,0.951
2024_10_08_11-54-49.jpg,1160,2473,2361,2585,1048,1272,224,RE_branch,red_algae_branching,RE_branch,1
2024_10_08_11-54-49.jpg,2845,1397,1285,1509,2733,2957,224,GR_ulva,green_algae_ulva,GR_ulva,0.999
2024_10_08_11-54-49.jpg,137,4098,3986,4210,25,249,224,RE_leaf,red_algae_flat_leaf,RE_leaf,1
2024_10_08_11-54-49.jpg,308,4193,4081,4305,196,420,224,RE_leaf,red_algae_flat_leaf,RE_leaf,0.999
2024_10_08_11-54-49.jpg,3893,944,832,1056,3781,4005,224,SU_peb,pebble,manual_update,1
2024_10_08_11-54-49.jpg,1983,2633,2521,2745,1871,2095,224,RE_branch,red_algae_branching,RE_branch,1
2024_10_08_11-54-49.jpg,659,3416,3304,3528,547,771,224,SU_sand,sand_fine_shell,SU_sand,1
2024_10_08_11-54-49.jpg,1208,3691,3579,3803,1096,1320,224,RE_branch,red_algae_branching,RE_branch,0.993
2024_10_08_11-54-49.jpg,3710,2579,2467,2691,3598,3822,224,SU_sand,sand_fine_shell,SU_sand,0.997
2024_10_08_11-54-49.jpg,926,3378,3266,3490,814,1038,224,RE_branch,red_algae_branching,RE_branch,0.999
2024_10_08_11-54-49.jpg,2218,4093,3981,4205,2106,2330,224,RE_leaf,red_algae_flat_leaf,manual_update,1
2024_10_08_11-54-49.jpg,3872,3219,3107,3331,3760,3984,224,GR_ulva,green_algae_ulva,GR_ulva,0.991
2024_10_08_11-54-49.jpg,2205,2700,2588,2812,2093,2317,224,RE_leaf,red_algae_flat_leaf,RE_leaf,0.997
2024_10_08_11-54-49.jpg,1968,799,687,911,1856,2080,224,RE_fil,red_algae_filamentous,RE_fil,0.999
2024_10_08_11-54-49.jpg,1262,921,809,1033,1150,1374,224,RE_branch,red_algae_branching,RE_branch,1
2024_10_08_11-54-49.jpg,1495,4483,4371,4595,1383,1607,224,RE_branch,red_algae_branching,manual_update,1
2024_10_08_11-54-49.jpg,1847,3330,3218,3442,1735,1959,224,SU_bould,boulder,manual_update,1
2024_10_08_11-54-49.jpg,2985,772,660,884,2873,3097,224,GR_ulva,green_algae_ulva,GR_ulva,1
2024_10_08_11-54-49.jpg,375,4053,3941,4165,263,487,224,RE_leaf,red_algae_flat_leaf,RE_leaf,0.998
2024_10_08_11-54-49.jpg,1464,4203,4091,4315,1352,1576,224,RE_branch,red_algae_branching,manual_update,1
2024_10_08_11-54-49.jpg,2214,2896,2784,3008,2102,2326,224,RE_leaf,red_algae_flat_leaf,RE_leaf,1
2024_10_08_11-54-49.jpg,1955,4113,4001,4225,1843,2067,224,RE_branch,red_algae_branching,RE_branch,1
2024_10_08_11-54-49.jpg,1824,841,729,953,1712,1936,224,RE_leaf,red_algae_flat_leaf,RE_leaf,0.997
2024_10_08_11-54-49.jpg,558,3969,3857,4081,446,670,224,RE_leaf,red_algae_flat_leaf,RE_leaf,1
2024_10_08_11-54-49.jpg,628,4488,4376,4600,516,740,224,RE_leaf,red_algae_flat_leaf,RE_leaf,1
2024_10_08_11-54-49.jpg,2290,2162,2050,2274,2178,2402,224,GR_ulva,green_algae_ulva,GR_ulva,1
2024_10_08_11-54-49.jpg,3442,2701,2589,2813,3330,3554,224,SU_sand,sand_fine_shell,SU_sand,1
2024_10_08_11-54-49.jpg,451,2192,2080,2304,339,563,224,SU_cob,cobble,manual_update,1
2024_10_08_11-54-49.jpg,3164,319,207,431,3052,3276,224,SU_peb,pebble,SU_peb,1
2024_10_08_11-54-49.jpg,2221,1822,1710,1934,2109,2333,224,GR_ulva,green_algae_ulva,GR_ulva,1
2024_10_08_11-54-49.jpg,1926,3138,3026,3250,1814,2038,224,RE_leaf,red_algae_flat_leaf,manual_update,1
2024_10_08_11-54-49.jpg,2003,2893,2781,3005,1891,2115,224,RE_leaf,red_algae_flat_leaf,RE_leaf,1
2024_10_08_11-54-49.jpg,1557,1485,1373,1597,1445,1669,224,GR_ulva,green_algae_ulva,manual_update,1
2024_10_08_11-54-49.jpg,3321,2714,2602,2826,3209,3433,224,SU_sand,sand_fine_shell,SU_sand,1
2024_10_08_11-54-49.jpg,3352,3728,3616,3840,3240,3464,224,RE_leaf,red_algae_flat_leaf,manual_update,1
2024_10_08_11-54-49.jpg,2824,777,665,889,2712,2936,224,GR_ulva,green_algae_ulva,GR_ulva,1
2024_10_08_11-54-49.jpg,3165,4082,3970,4194,3053,3277,224,SU_sand,sand_fine_shell,SU_sand,1
2024_10_08_11-54-49.jpg,827,2897,2785,3009,715,939,224,GR_ulva,green_algae_ulva,GR_ulva,1
2024_10_08_11-54-49.jpg,2525,3610,3498,3722,2413,2637,224,SU_sand,sand_fine_shell,SU_sand,0.997
2024_10_08_11-54-49.jpg,3049,1747,1635,1859,2937,3161,224,GR_ulva,green_algae_ulva,GR_ulva,1
2024_10_08_11-54-49.jpg,3889,2946,2834,3058,3777,4001,224,RE_leaf,red_algae_flat_leaf,manual_update,1
2024_10_08_11-54-58.jpg,3184,3634,3522,3746,3072,3296,224,SU_peb,pebble,manual_update,1
2024_10_08_11-54-58.jpg,293,554,442,666,181,405,224,GR_ulva,green_algae_ulva,GR_ulva,1
2024_10_08_11-54-58.jpg,2089,2462,2350,2574,1977,2201,224,RE_leaf,red_algae_flat_leaf,manual_update,1
2024_10_08_11-54-58.jpg,1083,1573,1461,1685,971,1195,224,GR_ulva,green_algae_ulva,GR_ulva,1
2024_10_08_11-54-58.jpg,2007,4055,3943,4167,1895,2119,224,GR_ulva,green_algae_ulva,manual_update,1
2024_10_08_11-54-58.jpg,1399,319,207,431,1287,1511,224,SU_sand,sand_fine_shell,manual_update,1
2024_10_08_11-54-58.jpg,3446,3944,3832,4056,3334,3558,224,SU_bould,boulder,manual_update,1
2024_10_08_11-54-58.jpg,3863,1652,1540,1764,3751,3975,224,SU_peb,pebble,manual_update,1
2024_10_08_11-54-58.jpg,2535,4437,4325,4549,2423,2647,224,RE_bush,red_algae_bushy,RE_bush,0.998
2024_10_08_11-54-58.jpg,2242,1834,1722,1946,2130,2354,224,RE_leaf,red_algae_flat_leaf,RE_leaf,1
2024_10_08_11-54-58.jpg,1406,3077,2965,3189,1294,1518,224,GR_ulva,green_algae_ulva,GR_ulva,1
2024_10_08_11-54-58.jpg,2919,3140,3028,3252,2807,3031,224,SU_sand,sand_fine_shell,SU_sand,0.914
2024_10_08_11-54-58.jpg,2332,2494,2382,2606,2220,2444,224,RE_leaf,red_algae_flat_leaf,manual_update,1
2024_10_08_11-54-58.jpg,2542,1367,1255,1479,2430,2654,224,RE_leaf,red_algae_flat_leaf,RE_leaf,0.994
2024_10_08_11-54-58.jpg,2819,1327,1215,1439,2707,2931,224,SU_cob,cobble,manual_update,1
2024_10_08_11-54-58.jpg,873,4142,4030,4254,761,985,224,GR_ulva,green_algae_ulva,GR_ulva,0.999
2024_10_08_11-54-58.jpg,2335,4421,4309,4533,2223,2447,224,RE_bush,red_algae_bushy,RE_bush,1
2024_10_08_11-54-58.jpg,1846,3614,3502,3726,1734,1958,224,GR_ulva,green_algae_ulva,GR_ulva,1
2024_10_08_11-54-58.jpg,3300,2188,2076,2300,3188,3412,224,RE_leaf,red_algae_flat_leaf,RE_leaf,0.979
2024_10_08_11-54-58.jpg,886,2325,2213,2437,774,998,224,GR_ulva,green_algae_ulva,GR_ulva,1
2024_10_08_11-54-58.jpg,3297,697,585,809,3185,3409,224,RE_leaf,red_algae_flat_leaf,manual_update,1
2024_10_08_11-54-58.jpg,2428,1920,1808,2032,2316,2540,224,RE_leaf,red_algae_flat_leaf,RE_leaf,1
2024_10_08_11-54-58.jpg,1250,4105,3993,4217,1138,1362,224,GR_ulva,green_algae_ulva,GR_ulva,1
2024_10_08_11-54-58.jpg,2810,1139,1027,1251,2698,2922,224,unknown,unknown_area,manual_update,1
2024_10_08_11-54-58.jpg,162,1129,1017,1241,50,274,224,SU_sand,sand_fine_shell,SU_sand,0.968
2024_10_08_11-54-58.jpg,1964,3915,3803,4027,1852,2076,224,GR_ulva,green_algae_ulva,GR_ulva,1
2024_10_08_11-54-58.jpg,1394,4138,4026,4250,1282,1506,224,GR_ulva,green_algae_ulva,GR_ulva,0.868
2024_10_08_11-54-58.jpg,3130,3427,3315,3539,3018,3242,224,SU_sand,sand_fine_shell,manual_update,1
2024_10_08_11-54-58.jpg,521,3701,3589,3813,409,633,224,GR_ulva,green_algae_ulva,manual_update,1
2024_10_08_11-54-58.jpg,2249,259,147,371,2137,2361,224,BR_sarg,brown_algae_sargassum,BR_sarg,0.95
2024_10_08_11-54-58.jpg,1270,2235,2123,2347,1158,1382,224,RE_fil,red_algae_filamentous,manual_update,1
2024_10_08_11-54-58.jpg,2933,2464,2352,2576,2821,3045,224,RE_leaf,red_algae_flat_leaf,manual_update,1
2024_10_08_11-54-58.jpg,2290,769,657,881,2178,2402,224,BR_sarg,brown_algae_sargassum,manual_update,1
2024_10_08_11-54-58.jpg,3777,2366,2254,2478,3665,3889,224,RE_leaf,red_algae_flat_leaf,RE_leaf,1
2024_10_08_11-54-58.jpg,2283,2086,1974,2198,2171,2395,224,RE_leaf,red_algae_flat_leaf,manual_update,1
2024_10_08_11-54-58.jpg,598,3927,3815,4039,486,710,224,GR_ulva,green_algae_ulva,GR_ulva,0.998
2024_10_08_11-54-58.jpg,115,2825,2713,2937,3,227,224,RE_leaf,red_algae_flat_leaf,RE_leaf,1
2024_10_08_11-54-58.jpg,1212,1009,897,1121,1100,1324,224,GR_ulva,green_algae_ulva,GR_ulva,1
2024_10_08_11-54-58.jpg,579,1704,1592,1816,467,691,224,GR_ulva,green_algae_ulva,GR_ulva,1
2024_10_08_11-54-58.jpg,3303,1658,1546,1770,3191,3415,224,RE_fil,red_algae_filamentous,manual_update,1
2024_10_08_11-54-58.jpg,3909,4474,4362,4586,3797,4021,224,unknown,unknown_area,manual_update,1
2024_10_08_11-54-58.jpg,1702,4236,4124,4348,1590,1814,224,GR_ulva,green_algae_ulva,GR_ulva,0.999
2024_10_08_11-54-58.jpg,3142,2817,2705,2929,3030,3254,224,RE_leaf,red_algae_flat_leaf,RE_leaf,0.999
2024_10_08_11-54-58.jpg,2496,3437,3325,3549,2384,2608,224,RE_bush,red_algae_bushy,RE_bush,0.999
2024_10_08_11-54-58.jpg,2915,3479,3367,3591,2803,3027,224,SU_peb,pebble,manual_update,1
2024_10_08_11-54-58.jpg,3068,4251,4139,4363,2956,3180,224,SU_bould,boulder,manual_update,1
2024_10_08_11-54-58.jpg,2612,1791,1679,1903,2500,2724,224,RE_leaf,red_algae_flat_leaf,RE_leaf,0.999
2024_10_08_11-54-58.jpg,1928,781,669,893,1816,2040,224,GR_ulva,green_algae_ulva,manual_update,1
2024_10_08_11-54-58.jpg,116,3067,2955,3179,4,228,224,RE_leaf,red_algae_flat_leaf,RE_leaf,1
2024_10_08_11-54-58.jpg,2705,3779,3667,3891,2593,2817,224,SU_sand,sand_fine_shell,SU_sand,1
2024_10_08_11-55-07.jpg,518,4489,4377,4601,406,630,224,SU_sand,sand_fine_shell,manual_update,1
2024_10_08_11-55-07.jpg,1086,4092,3980,4204,974,1198,224,GR_ulva,green_algae_ulva,GR_ulva,1
2024_10_08_11-55-07.jpg,1497,677,565,789,1385,1609,224,GR_ulva,green_algae_ulva,GR_ulva,0.991
2024_10_08_11-55-07.jpg,808,3169,3057,3281,696,920,224,SU_sand,sand_fine_shell,SU_sand,0.998
2024_10_08_11-55-07.jpg,2853,3835,3723,3947,2741,2965,224,GR_ulva,green_algae_ulva,GR_ulva,1
2024_10_08_11-55-07.jpg,1864,3786,3674,3898,1752,1976,224,GR_ulva,green_algae_ulva,GR_ulva,1
2024_10_08_11-55-07.jpg,2566,1012,900,1124,2454,2678,224,RE_branch,red_algae_branching,manual_update,1
2024_10_08_11-55-07.jpg,1821,930,818,1042,1709,1933,224,SU_peb,pebble,SU_peb,1
2024_10_08_11-55-07.jpg,699,1813,1701,1925,587,811,224,SU_peb,pebble,SU_peb,0.999
2024_10_08_11-55-07.jpg,1051,2557,2445,2669,939,1163,224,SU_sand,sand_fine_shell,SU_sand,0.998
2024_10_08_11-55-07.jpg,2662,3211,3099,3323,2550,2774,224,SU_anth,anthropogenic,manual_update,1
2024_10_08_11-55-07.jpg,1248,2045,1933,2157,1136,1360,224,SU_sand,sand_fine_shell,SU_sand,0.967
2024_10_08_11-55-07.jpg,2110,3059,2947,3171,1998,2222,224,GR_ulva,green_algae_ulva,GR_ulva,1
2024_10_08_11-55-07.jpg,318,1508,1396,1620,206,430,224,SU_sand,sand_fine_shell,SU_sand,0.996
2024_10_08_11-55-07.jpg,1972,1963,1851,2075,1860,2084,224,SU_peb,pebble,SU_peb,1
2024_10_08_11-55-07.jpg,2284,2793,2681,2905,2172,2396,224,GR_ulva,green_algae_ulva,GR_ulva,1
2024_10_08_11-55-07.jpg,2759,2450,2338,2562,2647,2871,224,SU_silt,silt,manual_update,1
2024_10_08_11-55-07.jpg,1989,3899,3787,4011,1877,2101,224,GR_ulva,green_algae_ulva,GR_ulva,1
2024_10_08_11-55-07.jpg,3800,113,1,225,3688,3912,224,RE_leaf,red_algae_flat_leaf,manual_update,1
2024_10_08_11-55-07.jpg,2998,1924,1812,2036,2886,3110,224,RE_branch,red_algae_branching,RE_branch,1
2024_10_08_11-55-07.jpg,367,1984,1872,2096,255,479,224,unknown,unknown_area,manual_update,1
2024_10_08_11-55-07.jpg,3573,3811,3699,3923,3461,3685,224,MS,mobile_species,manual_update,1
2024_10_08_11-55-07.jpg,2236,610,498,722,2124,2348,224,SU_peb,pebble,SU_peb,1
2024_10_08_11-55-07.jpg,3659,2679,2567,2791,3547,3771,224,SU_bould,boulder,SU_bould,0.989
2024_10_08_11-55-07.jpg,880,1528,1416,1640,768,992,224,SU_sand,sand_fine_shell,manual_update,1
2024_10_08_11-55-07.jpg,2197,1251,1139,1363,2085,2309,224,SU_peb,pebble,SU_peb,1
2024_10_08_11-55-07.jpg,3071,1753,1641,1865,2959,3183,224,RE_branch,red_algae_branching,RE_branch,1
2024_10_08_11-55-07.jpg,820,2644,2532,2756,708,932,224,SU_sand,sand_fine_shell,SU_sand,1
2024_10_08_11-55-07.jpg,2126,731,619,843,2014,2238,224,SU_peb,pebble,SU_peb,0.99
2024_10_08_11-55-07.jpg,409,2145,2033,2257,297,521,224,SU_bould,boulder,manual_update,1
2024_10_08_11-55-07.jpg,2016,3686,3574,3798,1904,2128,224,GR_ulva,green_algae_ulva,GR_ulva,1
2024_10_08_11-55-07.jpg,236,2809,2697,2921,124,348,224,RE_branch,red_algae_branching,manual_update,1
2024_10_08_11-55-07.jpg,2262,468,356,580,2150,2374,224,GR_ulva,green_algae_ulva,GR_ulva,0.998
2024_10_08_11-55-07.jpg,1522,4408,4296,4520,1410,1634,224,SU_sand,sand_fine_shell,SU_sand,0.987
2024_10_08_11-55-07.jpg,2105,288,176,400,1993,2217,224,GR_ulva,green_algae_ulva,GR_ulva,1
2024_10_08_11-55-07.jpg,3357,2310,2198,2422,3245,3469,224,GR_ulva,green_algae_ulva,GR_ulva,0.995
2024_10_08_11-55-07.jpg,3343,4441,4329,4553,3231,3455,224,GR_ulva,green_algae_ulva,GR_ulva,0.984
2024_10_08_11-55-07.jpg,472,2604,2492,2716,360,584,224,SU_bould,boulder,manual_update,1
2024_10_08_11-55-07.jpg,948,4283,4171,4395,836,1060,224,SU_silt,silt,SU_silt,0.913
2024_10_08_11-55-07.jpg,800,4302,4190,4414,688,912,224,GR_ulva,green_algae_ulva,GR_ulva,1
2024_10_08_11-55-07.jpg,2826,2041,1929,2153,2714,2938,224,RE_branch,red_algae_branching,RE_branch,1
2024_10_08_11-55-07.jpg,641,2527,2415,2639,529,753,224,SU_sand,sand_fine_shell,SU_sand,0.997
2024_10_08_11-55-07.jpg,2205,1966,1854,2078,2093,2317,224,RE_branch,red_algae_branching,manual_update,1
2024_10_08_11-55-07.jpg,1923,811,699,923,1811,2035,224,SU_peb,pebble,SU_peb,1
2024_10_08_11-55-07.jpg,2215,3667,3555,3779,2103,2327,224,GR_ulva,green_algae_ulva,GR_ulva,1
2024_10_08_11-55-07.jpg,833,2165,2053,2277,721,945,224,SU_sand,sand_fine_shell,SU_sand,0.999
2024_10_08_11-55-07.jpg,2248,4252,4140,4364,2136,2360,224,SU_sand,sand_fine_shell,SU_sand,1
2024_10_08_11-55-07.jpg,794,3920,3808,4032,682,906,224,GR_ulva,green_algae_ulva,GR_ulva,1
2024_10_08_11-55-07.jpg,1280,2200,2088,2312,1168,1392,224,SU_anth,anthropogenic,manual_update,1
2024_10_08_11-55-07.jpg,2544,3348,3236,3460,2432,2656,224,GR_ulva,green_algae_ulva,GR_ulva,0.999
2024_10_08_11-55-16.jpg,1985,4486,4374,4598,1873,2097,224,GR_ulva,green_algae_ulva,GR_ulva,0.991
2024_10_08_11-55-16.jpg,3036,359,247,471,2924,3148,224,SU_cob,cobble,manual_update,1
2024_10_08_11-55-16.jpg,2201,4366,4254,4478,2089,2313,224,GR_ulva,green_algae_ulva,GR_ulva,1
2024_10_08_11-55-16.jpg,1091,3374,3262,3486,979,1203,224,GR_ulva,green_algae_ulva,GR_ulva,1
2024_10_08_11-55-16.jpg,1634,4003,3891,4115,1522,1746,224,SU_cob,cobble,manual_update,1
2024_10_08_11-55-16.jpg,2901,750,638,862,2789,3013,224,GR_ulva,green_algae_ulva,GR_ulva,1
2024_10_08_11-55-16.jpg,2981,1865,1753,1977,2869,3093,224,RE_branch,red_algae_branching,manual_update,1
2024_10_08_11-55-16.jpg,747,2542,2430,2654,635,859,224,BR_sarg,brown_algae_sargassum,manual_update,1
2024_10_08_11-55-16.jpg,1187,3934,3822,4046,1075,1299,224,SU_peb,pebble,SU_peb,0.999
2024_10_08_11-55-16.jpg,2314,3511,3399,3623,2202,2426,224,GR_ulva,green_algae_ulva,GR_ulva,1
2024_10_08_11-55-16.jpg,547,1046,934,1158,435,659,224,BR_sarg,brown_algae_sargassum,BR_sarg,1
2024_10_08_11-55-16.jpg,580,2321,2209,2433,468,692,224,BR_sarg,brown_algae_sargassum,manual_update,1
2024_10_08_11-55-16.jpg,2907,1605,1493,1717,2795,3019,224,RE_branch,red_algae_branching,RE_branch,1
2024_10_08_11-55-16.jpg,846,314,202,426,734,958,224,SU_sand,sand_fine_shell,SU_sand,0.99
2024_10_08_11-55-16.jpg,1819,3697,3585,3809,1707,1931,224,SU_sand,sand_fine_shell,SU_sand,1
2024_10_08_11-55-16.jpg,3589,271,159,383,3477,3701,224,SU_peb,pebble,manual_update,1
2024_10_08_11-55-16.jpg,1784,1638,1526,1750,1672,1896,224,BR_sarg,brown_algae_sargassum,manual_update,1
2024_10_08_11-55-16.jpg,2451,1296,1184,1408,2339,2563,224,RE_leaf,red_algae_flat_leaf,RE_leaf,0.914
2024_10_08_11-55-16.jpg,781,2267,2155,2379,669,893,224,BR_sarg,brown_algae_sargassum,manual_update,1
2024_10_08_11-55-16.jpg,1852,2544,2432,2656,1740,1964,224,SU_silt,silt,manual_update,1
2024_10_08_11-55-16.jpg,2919,380,268,492,2807,3031,224,SU_peb,pebble,manual_update,1
2024_10_08_11-55-16.jpg,2338,4189,4077,4301,2226,2450,224,GR_ulva,green_algae_ulva,GR_ulva,0.992
2024_10_08_11-55-16.jpg,474,1529,1417,1641,362,586,224,BR_sarg,brown_algae_sargassum,BR_sarg,1
2024_10_08_11-55-16.jpg,2488,4333,4221,4445,2376,2600,224,GR_ulva,green_algae_ulva,GR_ulva,0.999
2024_10_08_11-55-16.jpg,297,347,235,459,185,409,224,BR_sarg,brown_algae_sargassum,manual_update,1
2024_10_08_11-55-16.jpg,2057,662,550,774,1945,2169,224,BR_sarg,brown_algae_sargassum,manual_update,1
2024_10_08_11-55-16.jpg,436,523,411,635,324,548,224,BR_sarg,brown_algae_sargassum,manual_update,1
2024_10_08_11-55-16.jpg,623,123,11,235,511,735,224,BR_sarg,brown_algae_sargassum,manual_update,1
2024_10_08_11-55-16.jpg,1820,1299,1187,1411,1708,1932,224,BR_sarg,brown_algae_sargassum,manual_update,1
2024_10_08_11-55-16.jpg,3476,2444,2332,2556,3364,3588,224,SU_silt,silt,manual_update,1
2024_10_08_11-55-16.jpg,323,3869,3757,3981,211,435,224,GR_ulva,green_algae_ulva,GR_ulva,1
2024_10_08_11-55-16.jpg,3653,3981,3869,4093,3541,3765,224,RE_leaf,red_algae_flat_leaf,manual_update,1
2024_10_08_11-55-16.jpg,1727,786,674,898,1615,1839,224,SU_anth,anthropogenic,manual_update,1
2024_10_08_11-55-16.jpg,3261,2606,2494,2718,3149,3373,224,SU_sand,sand_fine_shell,SU_sand,1
2024_10_08_11-55-16.jpg,2039,877,765,989,1927,2151,224,BR_sarg,brown_algae_sargassum,manual_update,1
2024_10_08_11-55-16.jpg,1660,3276,3164,3388,1548,1772,224,SU_peb,pebble,SU_peb,0.992
2024_10_08_11-55-16.jpg,694,3682,3570,3794,582,806,224,SU_peb,pebble,manual_update,1
2024_10_08_11-55-16.jpg,2356,2999,2887,3111,2244,2468,224,SU_silt,silt,SU_silt,1
2024_10_08_11-55-16.jpg,359,1963,1851,2075,247,471,224,RE_leaf,red_algae_flat_leaf,RE_leaf,1
2024_10_08_11-55-16.jpg,3421,3835,3723,3947,3309,3533,224,GR_ulva,green_algae_ulva,GR_ulva,1
2024_10_08_11-55-16.jpg,2481,120,8,232,2369,2593,224,SU_sand,sand_fine_shell,SU_sand,0.998
2024_10_08_11-55-16.jpg,2348,2048,1936,2160,2236,2460,224,GR_ulva,green_algae_ulva,GR_ulva,0.932
2024_10_08_11-55-16.jpg,228,2512,2400,2624,116,340,224,RE_leaf,red_algae_flat_leaf,RE_leaf,0.999
2024_10_08_11-55-16.jpg,2870,1322,1210,1434,2758,2982,224,RE_leaf,red_algae_flat_leaf,manual_update,1
2024_10_08_11-55-16.jpg,2570,3466,3354,3578,2458,2682,224,GR_ulva,green_algae_ulva,GR_ulva,1
2024_10_08_11-55-16.jpg,3502,1552,1440,1664,3390,3614,224,RE_fil,red_algae_filamentous,RE_fil,1
2024_10_08_11-55-16.jpg,3250,2863,2751,2975,3138,3362,224,SU_sand,sand_fine_shell,SU_sand,1
2024_10_08_11-55-16.jpg,2752,1275,1163,1387,2640,2864,224,RE_leaf,red_algae_flat_leaf,manual_update,1
2024_10_08_11-55-16.jpg,740,1915,1803,2027,628,852,224,BR_sarg,brown_algae_sargassum,manual_update,1
2024_10_08_11-55-16.jpg,3349,609,497,721,3237,3461,224,SU_cob,cobble,manual_update,1
2024_10_08_11-55-25.jpg,866,618,506,730,754,978,224,GR_ulva,green_algae_ulva,GR_ulva,1
2024_10_08_11-55-25.jpg,3734,1759,1647,1871,3622,3846,224,GR_ulva,green_algae_ulva,manual_update,1
2024_10_08_11-55-25.jpg,1756,3586,3474,3698,1644,1868,224,RE_branch,red_algae_branching,RE_branch,0.977
2024_10_08_11-55-25.jpg,1728,1556,1444,1668,1616,1840,224,SU_peb,pebble,manual_update,1
2024_10_08_11-55-25.jpg,1663,787,675,899,1551,1775,224,GR_ulva,green_algae_ulva,GR_ulva,0.999
2024_10_08_11-55-25.jpg,3397,1431,1319,1543,3285,3509,224,SU_peb,pebble,manual_update,1
2024_10_08_11-55-25.jpg,1207,495,383,607,1095,1319,224,GR_ulva,green_algae_ulva,GR_ulva,1
2024_10_08_11-55-25.jpg,3344,1703,1591,1815,3232,3456,224,GR_ulva,green_algae_ulva,GR_ulva,0.973
2024_10_08_11-55-25.jpg,1723,148,36,260,1611,1835,224,SU_sand,sand_fine_shell,manual_update,1
2024_10_08_11-55-25.jpg,3598,645,533,757,3486,3710,224,RE_bush,red_algae_bushy,manual_update,1
2024_10_08_11-55-25.jpg,1203,1371,1259,1483,1091,1315,224,SU_sand,sand_fine_shell,manual_update,1
2024_10_08_11-55-25.jpg,716,2543,2431,2655,604,828,224,RE_fil,red_algae_filamentous,manual_update,1
2024_10_08_11-55-25.jpg,431,1340,1228,1452,319,543,224,RE_fil,red_algae_filamentous,manual_update,1
2024_10_08_11-55-25.jpg,1052,3448,3336,3560,940,1164,224,BR_sarg,brown_algae_sargassum,manual_update,1
2024_10_08_11-55-25.jpg,2071,3452,3340,3564,1959,2183,224,RE_branch,red_algae_branching,manual_update,1
2024_10_08_11-55-25.jpg,579,1733,1621,1845,467,691,224,RE_bush,red_algae_bushy,RE_bush,0.988
2024_10_08_11-55-25.jpg,3648,2522,2410,2634,3536,3760,224,SU_sand,sand_fine_shell,manual_update,1
2024_10_08_11-55-25.jpg,2911,3849,3737,3961,2799,3023,224,SU_sand,sand_fine_shell,SU_sand,0.957
2024_10_08_11-55-25.jpg,1084,641,529,753,972,1196,224,GR_ulva,green_algae_ulva,GR_ulva,1
2024_10_08_11-55-25.jpg,3771,2965,2853,3077,3659,3883,224,SU_peb,pebble,manual_update,1
2024_10_08_11-55-25.jpg,1840,2425,2313,2537,1728,1952,224,SU_sand,sand_fine_shell,manual_update,1
2024_10_08_11-55-25.jpg,441,1006,894,1118,329,553,224,GR_ulva,green_algae_ulva,GR_ulva,0.999
2024_10_08_11-55-25.jpg,2302,3928,3816,4040,2190,2414,224,SU_peb,pebble,SU_peb,0.912
2024_10_08_11-55-25.jpg,2912,3236,3124,3348,2800,3024,224,SU_peb,pebble,manual_update,1
2024_10_08_11-55-25.jpg,2534,3443,3331,3555,2422,2646,224,SU_peb,pebble,manual_update,1
2024_10_08_11-55-25.jpg,3597,3674,3562,3786,3485,3709,224,SU_peb,pebble,SU_peb,0.997
2024_10_08_11-55-25.jpg,1548,2666,2554,2778,1436,1660,224,GR_ulva,green_algae_ulva,GR_ulva,1
2024_10_08_11-55-25.jpg,2862,335,223,447,2750,2974,224,unknown,unknown_area,manual_update,1
2024_10_08_11-55-25.jpg,1823,1010,898,1122,1711,1935,224,SU_sand,sand_fine_shell,manual_update,1
2024_10_08_11-55-25.jpg,539,1490,1378,1602,427,651,224,RE_bush,red_algae_bushy,manual_update,1
2024_10_08_11-55-25.jpg,3599,192,80,304,3487,3711,224,SU_anth,anthropogenic,manual_update,1
2024_10_08_11-55-25.jpg,1009,3000,2888,3112,897,1121,224,GR_ulva,green_algae_ulva,GR_ulva,1
2024_10_08_11-55-25.jpg,3197,2792,2680,2904,3085,3309,224,SU_sand,sand_fine_shell,manual_update,1
2024_10_08_11-55-25.jpg,559,1850,1738,1962,447,671,224,RE_bush,red_algae_bushy,RE_bush,0.999
2024_10_08_11-55-25.jpg,2245,261,149,373,2133,2357,224,SU_sand,sand_fine_shell,manual_update,1
2024_10_08_11-55-25.jpg,3310,2448,2336,2560,3198,3422,224,SU_sand,sand_fine_shell,manual_update,1
2024_10_08_11-55-25.jpg,2414,2371,2259,2483,2302,2526,224,SU_sand,sand_fine_shell,manual_update,1
2024_10_08_11-55-25.jpg,2251,1247,1135,1359,2139,2363,224,SU_sand,sand_fine_shell,manual_update,1
2024_10_08_11-55-25.jpg,1601,1373,1261,1485,1489,1713,224,SU_sand,sand_fine_shell,manual_update,1
2024_10_08_11-55-25.jpg,2739,869,757,981,2627,2851,224,GR_ulva,green_algae_ulva,GR_ulva,0.949
2024_10_08_11-55-25.jpg,701,1893,1781,2005,589,813,224,RE_bush,red_algae_bushy,RE_bush,0.974
2024_10_08_11-55-25.jpg,2069,1841,1729,1953,1957,2181,224,SU_sand,sand_fine_shell,SU_sand,0.936
2024_10_08_11-55-25.jpg,3913,1185,1073,1297,3801,4025,224,RE_bush,red_algae_bushy,RE_bush,0.992
2024_10_08_11-55-25.jpg,3727,1154,1042,1266,3615,3839,224,RE_bush,red_algae_bushy,manual_update,1
2024_10_08_11-55-25.jpg,1360,1823,1711,1935,1248,1472,224,RE_bush,red_algae_bushy,RE_bush,1
2024_10_08_11-55-25.jpg,1875,3514,3402,3626,1763,1987,224,RE_branch,red_algae_branching,RE_branch,0.995
2024_10_08_11-55-25.jpg,1763,2254,2142,2366,1651,1875,224,RE_bush,red_algae_bushy,manual_update,1
2024_10_08_11-55-25.jpg,3109,1128,1016,1240,2997,3221,224,SU_sand,sand_fine_shell,manual_update,1
2024_10_08_11-55-25.jpg,2241,1645,1533,1757,2129,2353,224,SU_sand,sand_fine_shell,manual_update,1
2024_10_08_11-55-25.jpg,2697,3178,3066,3290,2585,2809,224,SU_sand,sand_fine_shell,manual_update,1
2024_10_08_11-55-34.jpg,1449,2753,2641,2865,1337,1561,224,BR_sarg,brown_algae_sargassum,manual_update,1
2024_10_08_11-55-34.jpg,3717,2031,1919,2143,3605,3829,224,RE_branch,red_algae_branching,manual_update,1
2024_10_08_11-55-34.jpg,1854,4390,4278,4502,1742,1966,224,GR_ulva,green_algae_ulva,manual_update,1
2024_10_08_11-55-34.jpg,1784,3675,3563,3787,1672,1896,224,SU_shell,shell_hash,SU_shell,0.941
2024_10_08_11-55-34.jpg,580,3108,2996,3220,468,692,224,RE_fil,red_algae_filamentous,manual_update,1
2024_10_08_11-55-34.jpg,2771,2100,1988,2212,2659,2883,224,RE_leaf,red_algae_flat_leaf,manual_update,1
2024_10_08_11-55-34.jpg,2155,1948,1836,2060,2043,2267,224,GR_ulva,green_algae_ulva,GR_ulva,1
2024_10_08_11-55-34.jpg,3297,3446,3334,3558,3185,3409,224,GR_ulva,green_algae_ulva,GR_ulva,1
2024_10_08_11-55-34.jpg,2069,1757,1645,1869,1957,2181,224,GR_ulva,green_algae_ulva,manual_update,1
2024_10_08_11-55-34.jpg,3837,1244,1132,1356,3725,3949,224,GR_ulva,green_algae_ulva,manual_update,1
2024_10_08_11-55-34.jpg,2642,1514,1402,1626,2530,2754,224,GR_ulva,green_algae_ulva,GR_ulva,1
2024_10_08_11-55-34.jpg,2876,772,660,884,2764,2988,224,RE_leaf,red_algae_flat_leaf,manual_update,1
2024_10_08_11-55-34.jpg,528,1125,1013,1237,416,640,224,GR_ulva,green_algae_ulva,GR_ulva,0.986
2024_10_08_11-55-34.jpg,1947,3179,3067,3291,1835,2059,224,SU_cob,cobble,manual_update,1
2024_10_08_11-55-34.jpg,919,1953,1841,2065,807,1031,224,BR_sarg,brown_algae_sargassum,BR_sarg,0.996
2024_10_08_11-55-34.jpg,985,2971,2859,3083,873,1097,224,BR_sarg,brown_algae_sargassum,manual_update,1
2024_10_08_11-55-34.jpg,2377,584,472,696,2265,2489,224,RE_branch,red_algae_branching,manual_update,1
2024_10_08_11-55-34.jpg,2047,4145,4033,4257,1935,2159,224,RE_branch,red_algae_branching,manual_update,1
2024_10_08_11-55-34.jpg,1596,1261,1149,1373,1484,1708,224,BR_sarg,brown_algae_sargassum,manual_update,1
2024_10_08_11-55-34.jpg,3729,4445,4333,4557,3617,3841,224,unknown,unknown_area,manual_update,1
2024_10_08_11-55-34.jpg,1299,1038,926,1150,1187,1411,224,BR_sarg,brown_algae_sargassum,manual_update,1
2024_10_08_11-55-34.jpg,170,1472,1360,1584,58,282,224,GR_ulva,green_algae_ulva,manual_update,1
2024_10_08_11-55-34.jpg,1581,4116,4004,4228,1469,1693,224,RE_bush,red_algae_bushy,manual_update,1
2024_10_08_11-55-34.jpg,1456,4138,4026,4250,1344,1568,224,RE_bush,red_algae_bushy,manual_update,1
2024_10_08_11-55-34.jpg,3663,3289,3177,3401,3551,3775,224,SU_sand,sand_fine_shell,manual_update,1
2024_10_08_11-55-34.jpg,2390,1403,1291,1515,2278,2502,224,GR_ulva,green_algae_ulva,GR_ulva,0.999
2024_10_08_11-55-34.jpg,2071,3278,3166,3390,1959,2183,224,SU_shell,shell_hash,manual_update,1
2024_10_08_11-55-34.jpg,598,3670,3558,3782,486,710,224,BR_sarg,brown_algae_sargassum,BR_sarg,0.976
2024_10_08_11-55-34.jpg,2749,4036,3924,4148,2637,2861,224,SU_sand,sand_fine_shell,manual_update,1
2024_10_08_11-55-34.jpg,2989,3572,3460,3684,2877,3101,224,GR_ulva,green_algae_ulva,GR_ulva,1
2024_10_08_11-55-34.jpg,2317,281,169,393,2205,2429,224,RE_branch,red_algae_branching,manual_update,1
2024_10_08_11-55-34.jpg,2336,1859,1747,1971,2224,2448,224,RE_fil,red_algae_filamentous,manual_update,1
2024_10_08_11-55-34.jpg,3519,1632,1520,1744,3407,3631,224,GR_ulva,green_algae_ulva,GR_ulva,1
2024_10_08_11-55-34.jpg,1960,3808,3696,3920,1848,2072,224,SU_silt,silt,manual_update,1
2024_10_08_11-55-34.jpg,2651,2775,2663,2887,2539,2763,224,RE_leaf,red_algae_flat_leaf,manual_update,1
2024_10_08_11-55-34.jpg,1751,3396,3284,3508,1639,1863,224,RE_fil,red_algae_filamentous,RE_fil,0.991
2024_10_08_11-55-34.jpg,560,2271,2159,2383,448,672,224,RE_fil,red_algae_filamentous,RE_fil,0.966
2024_10_08_11-55-34.jpg,1933,285,173,397,1821,2045,224,GR_ulva,green_algae_ulva,GR_ulva,0.948
2024_10_08_11-55-34.jpg,2189,3680,3568,3792,2077,2301,224,RE_branch,red_algae_branching,manual_update,1
2024_10_08_11-55-34.jpg,358,2608,2496,2720,246,470,224,GR_ulva,green_algae_ulva,GR_ulva,0.998
2024_10_08_11-55-34.jpg,1831,2695,2583,2807,1719,1943,224,RE_branch,red_algae_branching,manual_update,1
2024_10_08_11-55-34.jpg,2661,3416,3304,3528,2549,2773,224,GR_ulva,green_algae_ulva,GR_ulva,0.999
2024_10_08_11-55-34.jpg,1521,2389,2277,2501,1409,1633,224,RE_leaf,red_algae_flat_leaf,manual_update,1
2024_10_08_11-55-34.jpg,2418,1537,1425,1649,2306,2530,224,GR_ulva,green_algae_ulva,GR_ulva,0.981
2024_10_08_11-55-34.jpg,734,709,597,821,622,846,224,RE_branch,red_algae_branching,RE_branch,0.966
2024_10_08_11-55-34.jpg,1531,1017,905,1129,1419,1643,224,BR_sarg,brown_algae_sargassum,BR_sarg,0.936
2024_10_08_11-55-34.jpg,755,1976,1864,2088,643,867,224,RE_leaf,red_algae_flat_leaf,RE_leaf,0.969
2024_10_08_11-55-34.jpg,319,4469,4357,4581,207,431,224,GR_ulva,green_algae_ulva,GR_ulva,0.994
2024_10_08_11-55-34.jpg,3839,2517,2405,2629,3727,3951,224,RE_branch,red_algae_branching,RE_branch,1
2024_10_08_11-55-34.jpg,1073,3714,3602,3826,961,1185,224,BR_sarg,brown_algae_sargassum,BR_sarg,0.999
2024_10_08_11-55-43.jpg,1887,2848,2736,2960,1775,1999,224,RE_branch,red_algae_branching,manual_update,1
2024_10_08_11-55-43.jpg,453,3831,3719,3943,341,565,224,GR_ulva,green_algae_ulva,GR_ulva,0.999
2024_10_08_11-55-43.jpg,2977,2622,2510,2734,2865,3089,224,RE_fil,red_algae_filamentous,RE_fil,0.958
2024_10_08_11-55-43.jpg,3107,3740,3628,3852,2995,3219,224,SU_cob,cobble,manual_update,1
2024_10_08_11-55-43.jpg,1877,3432,3320,3544,1765,1989,224,GR_ulva,green_algae_ulva,GR_ulva,1
2024_10_08_11-55-43.jpg,1881,1834,1722,1946,1769,1993,224,RE_branch,red_algae_branching,RE_branch,1
2024_10_08_11-55-43.jpg,1534,3397,3285,3509,1422,1646,224,GR_ulva,green_algae_ulva,GR_ulva,1
2024_10_08_11-55-43.jpg,2918,3197,3085,3309,2806,3030,224,SU_peb,pebble,manual_update,1
2024_10_08_11-55-43.jpg,464,4381,4269,4493,352,576,224,RE_leaf,red_algae_flat_leaf,RE_leaf,0.994
2024_10_08_11-55-43.jpg,2209,3003,2891,3115,2097,2321,224,RE_branch,red_algae_branching,manual_update,1
2024_10_08_11-55-43.jpg,1307,603,491,715,1195,1419,224,SU_sand,sand_fine_shell,manual_update,1
2024_10_08_11-55-43.jpg,116,1096,984,1208,4,228,224,SU_silt,silt,SU_silt,0.988
2024_10_08_11-55-43.jpg,3282,587,475,699,3170,3394,224,MS,mobile_species,manual_update,1
2024_10_08_11-55-43.jpg,3097,325,213,437,2985,3209,224,GR_ulva,green_algae_ulva,GR_ulva,0.94
2024_10_08_11-55-43.jpg,835,784,672,896,723,947,224,SU_silt,silt,manual_update,1
2024_10_08_11-55-43.jpg,2097,505,393,617,1985,2209,224,GR_ulva,green_algae_ulva,GR_ulva,0.955
2024_10_08_11-55-43.jpg,1875,3674,3562,3786,1763,1987,224,RE_branch,red_algae_branching,manual_update,1
2024_10_08_11-55-43.jpg,2764,3369,3257,3481,2652,2876,224,GR_ulva,green_algae_ulva,GR_ulva,1
2024_10_08_11-55-43.jpg,2925,4335,4223,4447,2813,3037,224,SU_cob,cobble,manual_update,1
2024_10_08_11-55-43.jpg,3686,1166,1054,1278,3574,3798,224,RE_branch,red_algae_branching,manual_update,1
2024_10_08_11-55-43.jpg,1543,1423,1311,1535,1431,1655,224,RE_branch,red_algae_branching,manual_update,1
2024_10_08_11-55-43.jpg,1105,1021,909,1133,993,1217,224,SU_silt,silt,manual_update,1
2024_10_08_11-55-43.jpg,1264,2004,1892,2116,1152,1376,224,SU_bould,boulder,manual_update,1
2024_10_08_11-55-43.jpg,611,427,315,539,499,723,224,SU_silt,silt,manual_update,1
2024_10_08_11-55-43.jpg,1673,2540,2428,2652,1561,1785,224,SU_peb,pebble,manual_update,1
2024_10_08_11-55-43.jpg,268,4009,3897,4121,156,380,224,GR_ulva,green_algae_ulva,GR_ulva,0.988
2024_10_08_11-55-43.jpg,670,3148,3036,3260,558,782,224,GR_ulva,green_algae_ulva,GR_ulva,1
2024_10_08_11-55-43.jpg,481,3443,3331,3555,369,593,224,GR_ulva,green_algae_ulva,GR_ulva,0.999
2024_10_08_11-55-43.jpg,3307,1039,927,1151,3195,3419,224,SU_cob,cobble,manual_update,1
2024_10_08_11-55-43.jpg,2155,4226,4114,4338,2043,2267,224,RE_leaf,red_algae_flat_leaf,manual_update,1
2024_10_08_11-55-43.jpg,2032,4250,4138,4362,1920,2144,224,RE_branch,red_algae_branching,RE_branch,0.98
2024_10_08_11-55-43.jpg,3795,3547,3435,3659,3683,3907,224,SU_bould,boulder,manual_update,1
2024_10_08_11-55-43.jpg,3833,2315,2203,2427,3721,3945,224,RE_branch,red_algae_branching,RE_branch,0.986
2024_10_08_11-55-43.jpg,1195,174,62,286,1083,1307,224,SU_peb,pebble,manual_update,1
2024_10_08_11-55-43.jpg,2690,1576,1464,1688,2578,2802,224,SU_bould,boulder,manual_update,1
2024_10_08_11-55-43.jpg,682,3362,3250,3474,570,794,224,GR_ulva,green_algae_ulva,GR_ulva,1
2024_10_08_11-55-43.jpg,875,1911,1799,2023,763,987,224,RE_bush,red_algae_bushy,manual_update,1
2024_10_08_11-55-43.jpg,3798,297,185,409,3686,3910,224,GR_ulva,green_algae_ulva,manual_update,1
2024_10_08_11-55-43.jpg,3622,3956,3844,4068,3510,3734,224,GR_ulva,green_algae_ulva,GR_ulva,0.997
2024_10_08_11-55-43.jpg,1563,3858,3746,3970,1451,1675,224,GR_ulva,green_algae_ulva,GR_ulva,1
2024_10_08_11-55-43.jpg,3403,2034,1922,2146,3291,3515,224,SU_bould,boulder,manual_update,1
2024_10_08_11-55-43.jpg,2488,876,764,988,2376,2600,224,GR_ulva,green_algae_ulva,manual_update,1
2024_10_08_11-55-43.jpg,2518,3109,2997,3221,2406,2630,224,GR_ulva,green_algae_ulva,GR_ulva,1
2024_10_08_11-55-43.jpg,848,2418,2306,2530,736,960,224,RE_branch,red_algae_branching,manual_update,1
2024_10_08_11-55-43.jpg,240,272,160,384,128,352,224,GR_ulva,green_algae_ulva,manual_update,1
2024_10_08_11-55-43.jpg,1656,341,229,453,1544,1768,224,GR_ulva,green_algae_ulva,GR_ulva,1
2024_10_08_11-55-43.jpg,1020,1474,1362,1586,908,1132,224,GR_ulva,green_algae_ulva,GR_ulva,1
2024_10_08_11-55-43.jpg,435,3304,3192,3416,323,547,224,GR_ulva,green_algae_ulva,GR_ulva,0.995
2024_10_08_11-55-43.jpg,3314,2195,2083,2307,3202,3426,224,SU_bould,boulder,manual_update,1
2024_10_08_11-55-43.jpg,2737,118,6,230,2625,2849,224,GR_ulva,green_algae_ulva,GR_ulva,0.97
2024_10_08_11-55-52.jpg,3750,3424,3312,3536,3638,3862,224,GR_ulva,green_algae_ulva,manual_update,1
2024_10_08_11-55-52.jpg,1757,4083,3971,4195,1645,1869,224,RE_fil,red_algae_filamentous,RE_fil,1
2024_10_08_11-55-52.jpg,894,4083,3971,4195,782,1006,224,SU_bould,boulder,manual_update,1
2024_10_08_11-55-52.jpg,3327,3452,3340,3564,3215,3439,224,GR_ulva,green_algae_ulva,GR_ulva,1
2024_10_08_11-55-52.jpg,2536,2465,2353,2577,2424,2648,224,RE_branch,red_algae_branching,manual_update,1
2024_10_08_11-55-52.jpg,1592,3791,3679,3903,1480,1704,224,RE_fil,red_algae_filamentous,RE_fil,0.979
2024_10_08_11-55-52.jpg,163,1214,1102,1326,51,275,224,GR_ulva,green_algae_ulva,GR_ulva,0.998
2024_10_08_11-55-52.jpg,156,4127,4015,4239,44,268,224,SU_sand,sand_fine_shell,manual_update,1
2024_10_08_11-55-52.jpg,3806,160,48,272,3694,3918,224,SU_sand,sand_fine_shell,manual_update,1
2024_10_08_11-55-52.jpg,3489,824,712,936,3377,3601,224,SU_silt,silt,SU_silt,1
2024_10_08_11-55-52.jpg,1560,291,179,403,1448,1672,224,GR_ulva,green_algae_ulva,GR_ulva,0.974
2024_10_08_11-55-52.jpg,1669,3009,2897,3121,1557,1781,224,RE_bush,red_algae_bushy,RE_bush,0.993
2024_10_08_11-55-52.jpg,703,1027,915,1139,591,815,224,RE_branch,red_algae_branching,manual_update,1
2024_10_08_11-55-52.jpg,334,3960,3848,4072,222,446,224,RE_bush,red_algae_bushy,manual_update,1
2024_10_08_11-55-52.jpg,3910,665,553,777,3798,4022,224,SU_silt,silt,manual_update,1
2024_10_08_11-55-52.jpg,2584,2292,2180,2404,2472,2696,224,RE_branch,red_algae_branching,manual_update,1
2024_10_08_11-55-52.jpg,3830,789,677,901,3718,3942,224,SU_silt,silt,manual_update,1
2024_10_08_11-55-52.jpg,469,3466,3354,3578,357,581,224,RE_bush,red_algae_bushy,manual_update,1
2024_10_08_11-55-52.jpg,1941,679,567,791,1829,2053,224,GR_ulva,green_algae_ulva,GR_ulva,1
2024_10_08_11-55-52.jpg,226,4423,4311,4535,114,338,224,RE_branch,red_algae_branching,manual_update,1
2024_10_08_11-55-52.jpg,2634,4063,3951,4175,2522,2746,224,RE_leaf,red_algae_flat_leaf,manual_update,1
2024_10_08_11-55-52.jpg,1102,3768,3656,3880,990,1214,224,RE_bush,red_algae_bushy,RE_bush,0.999
2024_10_08_11-55-52.jpg,3803,3611,3499,3723,3691,3915,224,GR_ulva,green_algae_ulva,manual_update,1
2024_10_08_11-55-52.jpg,1612,1467,1355,1579,1500,1724,224,RE_branch,red_algae_branching,manual_update,1
2024_10_08_11-55-52.jpg,1678,383,271,495,1566,1790,224,GR_ulva,green_algae_ulva,GR_ulva,0.955
2024_10_08_11-55-52.jpg,3471,159,47,271,3359,3583,224,SU_silt,silt,SU_silt,0.98
2024_10_08_11-55-52.jpg,2029,324,212,436,1917,2141,224,GR_ulva,green_algae_ulva,manual_update,1
2024_10_08_11-55-52.jpg,2057,3705,3593,3817,1945,2169,224,RE_fil,red_algae_filamentous,manual_update,1
2024_10_08_11-55-52.jpg,3092,416,304,528,2980,3204,224,SU_silt,silt,SU_silt,1
2024_10_08_11-55-52.jpg,3039,3994,3882,4106,2927,3151,224,GR_ulva,green_algae_ulva,GR_ulva,0.999
2024_10_08_11-55-52.jpg,3269,4467,4355,4579,3157,3381,224,BR_sarg,brown_algae_sargassum,manual_update,1
2024_10_08_11-55-52.jpg,3020,3833,3721,3945,2908,3132,224,GR_ulva,green_algae_ulva,GR_ulva,0.998
2024_10_08_11-55-52.jpg,443,818,706,930,331,555,224,GR_ulva,green_algae_ulva,GR_ulva,1
2024_10_08_11-55-52.jpg,2878,1035,923,1147,2766,2990,224,SU_silt,silt,manual_update,1
2024_10_08_11-55-52.jpg,2661,292,180,404,2549,2773,224,GR_ulva,green_algae_ulva,GR_ulva,1
2024_10_08_11-55-52.jpg,1076,595,483,707,964,1188,224,RE_fil,red_algae_filamentous,manual_update,1
2024_10_08_11-55-52.jpg,407,2502,2390,2614,295,519,224,GR_ulva,green_algae_ulva,GR_ulva,1
2024_10_08_11-55-52.jpg,1891,1902,1790,2014,1779,2003,224,RE_bush,red_algae_bushy,manual_update,1
2024_10_08_11-55-52.jpg,1378,1526,1414,1638,1266,1490,224,RE_branch,red_algae_branching,manual_update,1
2024_10_08_11-55-52.jpg,1737,2497,2385,2609,1625,1849,224,SU_silt,silt,manual_update,1
2024_10_08_11-55-52.jpg,2147,2067,1955,2179,2035,2259,224,RE_fil,red_algae_filamentous,RE_fil,1
2024_10_08_11-55-52.jpg,2115,893,781,1005,2003,2227,224,GR_ulva,green_algae_ulva,GR_ulva,1
2024_10_08_11-55-52.jpg,1278,3528,3416,3640,1166,1390,224,RE_bush,red_algae_bushy,manual_update,1
2024_10_08_11-55-52.jpg,3528,1719,1607,1831,3416,3640,224,SU_bould,boulder,manual_update,1
2024_10_08_11-55-52.jpg,1435,1785,1673,1897,1323,1547,224,SU_sand,sand_fine_shell,SU_sand,0.992
2024_10_08_11-55-52.jpg,1490,2005,1893,2117,1378,1602,224,SU_silt,silt,SU_silt,0.998
2024_10_08_11-55-52.jpg,1800,915,803,1027,1688,1912,224,GR_ulva,green_algae_ulva,GR_ulva,0.987
2024_10_08_11-55-52.jpg,1998,2619,2507,2731,1886,2110,224,SU_sand,sand_fine_shell,SU_sand,0.984
2024_10_08_11-55-52.jpg,1596,3991,3879,4103,1484,1708,224,RE_fil,red_algae_filamentous,RE_fil,0.958
2024_10_08_11-55-52.jpg,3227,1845,1733,1957,3115,3339,224,RE_leaf,red_algae_flat_leaf,RE_leaf,0.952
2024_10_08_11-56-01.jpg,1990,3721,3609,3833,1878,2102,224,RE_leaf,red_algae_flat_leaf,RE_leaf,1
2024_10_08_11-56-01.jpg,2391,2279,2167,2391,2279,2503,224,SU_cob,cobble,manual_update,1
2024_10_08_11-56-01.jpg,1599,1883,1771,1995,1487,1711,224,SU_sand,sand_fine_shell,manual_update,1
2024_10_08_11-56-01.jpg,3400,2287,2175,2399,3288,3512,224,GR_ulva,green_algae_ulva,GR_ulva,1
2024_10_08_11-56-01.jpg,3852,4373,4261,4485,3740,3964,224,GR_ulva,green_algae_ulva,manual_update,1
2024_10_08_11-56-01.jpg,430,3555,3443,3667,318,542,224,KE_sugar,kelp_sugar,manual_update,1
2024_10_08_11-56-01.jpg,917,3173,3061,3285,805,1029,224,GR_ulva,green_algae_ulva,manual_update,1
2024_10_08_11-56-01.jpg,1044,627,515,739,932,1156,224,KE_sugar,kelp_sugar,KE_sugar,0.984
2024_10_08_11-56-01.jpg,1783,4275,4163,4387,1671,1895,224,RE_leaf,red_algae_flat_leaf,RE_leaf,0.988
2024_10_08_11-56-01.jpg,2391,833,721,945,2279,2503,224,SU_peb,pebble,manual_update,1
2024_10_08_11-56-01.jpg,724,1806,1694,1918,612,836,224,KE_sugar,kelp_sugar,KE_sugar,1
2024_10_08_11-56-01.jpg,1741,1831,1719,1943,1629,1853,224,SU_sand,sand_fine_shell,manual_update,1
2024_10_08_11-56-01.jpg,2514,3226,3114,3338,2402,2626,224,RE_leaf,red_algae_flat_leaf,RE_leaf,1
2024_10_08_11-56-01.jpg,1684,2594,2482,2706,1572,1796,224,SU_sand,sand_fine_shell,SU_sand,0.999
2024_10_08_11-56-01.jpg,1278,3489,3377,3601,1166,1390,224,RE_leaf,red_algae_flat_leaf,RE_leaf,0.998
2024_10_08_11-56-01.jpg,2069,3869,3757,3981,1957,2181,224,RE_leaf,red_algae_flat_leaf,RE_leaf,1
2024_10_08_11-56-01.jpg,425,2504,2392,2616,313,537,224,KE_sugar,kelp_sugar,manual_update,1
2024_10_08_11-56-01.jpg,2083,2676,2564,2788,1971,2195,224,SU_sand,sand_fine_shell,SU_sand,0.992
2024_10_08_11-56-01.jpg,3124,4136,4024,4248,3012,3236,224,GR_ulva,green_algae_ulva,GR_ulva,1
2024_10_08_11-56-01.jpg,839,2236,2124,2348,727,951,224,KE_sugar,kelp_sugar,KE_sugar,1
2024_10_08_11-56-01.jpg,3293,4338,4226,4450,3181,3405,224,RE_bush,red_algae_bushy,RE_bush,1
2024_10_08_11-56-01.jpg,334,1186,1074,1298,222,446,224,KE_sugar,kelp_sugar,manual_update,1
2024_10_08_11-56-01.jpg,2438,1072,960,1184,2326,2550,224,GR_ulva,green_algae_ulva,manual_update,1
2024_10_08_11-56-01.jpg,2927,2714,2602,2826,2815,3039,224,RE_leaf,red_algae_flat_leaf,manual_update,1
2024_10_08_11-56-01.jpg,1556,3291,3179,3403,1444,1668,224,RE_leaf,red_algae_flat_leaf,manual_update,1
2024_10_08_11-56-01.jpg,2619,3061,2949,3173,2507,2731,224,RE_leaf,red_algae_flat_leaf,RE_leaf,1
2024_10_08_11-56-01.jpg,1843,703,591,815,1731,1955,224,KE_sugar,kelp_sugar,manual_update,1
2024_10_08_11-56-01.jpg,1421,4328,4216,4440,1309,1533,224,RE_fil,red_algae_filamentous,manual_update,1
2024_10_08_11-56-01.jpg,3873,2961,2849,3073,3761,3985,224,GR_ulva,green_algae_ulva,GR_ulva,1
2024_10_08_11-56-01.jpg,3050,1811,1699,1923,2938,3162,224,GR_ulva,green_algae_ulva,GR_ulva,0.999
2024_10_08_11-56-01.jpg,1290,1557,1445,1669,1178,1402,224,KE_sugar,kelp_sugar,KE_sugar,1
2024_10_08_11-56-01.jpg,2703,4140,4028,4252,2591,2815,224,RE_leaf,red_algae_flat_leaf,RE_leaf,0.993
2024_10_08_11-56-01.jpg,2040,4488,4376,4600,1928,2152,224,RE_leaf,red_algae_flat_leaf,manual_update,1
2024_10_08_11-56-01.jpg,1448,459,347,571,1336,1560,224,KE_sugar,kelp_sugar,KE_sugar,0.991
2024_10_08_11-56-01.jpg,1654,3491,3379,3603,1542,1766,224,RE_leaf,red_algae_flat_leaf,RE_leaf,1
2024_10_08_11-56-01.jpg,2876,3948,3836,4060,2764,2988,224,RE_leaf,red_algae_flat_leaf,RE_leaf,1
2024_10_08_11-56-01.jpg,3860,4068,3956,4180,3748,3972,224,SU_sand,sand_fine_shell,SU_sand,0.795
2024_10_08_11-56-01.jpg,1007,3615,3503,3727,895,1119,224,RE_leaf,red_algae_flat_leaf,RE_leaf,0.974
2024_10_08_11-56-01.jpg,1595,3168,3056,3280,1483,1707,224,RE_leaf,red_algae_flat_leaf,RE_leaf,0.991
2024_10_08_11-56-01.jpg,1023,4349,4237,4461,911,1135,224,RE_fil,red_algae_filamentous,RE_fil,0.931
2024_10_08_11-56-01.jpg,287,3647,3535,3759,175,399,224,KE_sugar,kelp_sugar,manual_update,1
2024_10_08_11-56-01.jpg,3723,622,510,734,3611,3835,224,RE_leaf,red_algae_flat_leaf,manual_update,1
2024_10_08_11-56-01.jpg,1891,1331,1219,1443,1779,2003,224,SU_sand,sand_fine_shell,SU_sand,0.994
2024_10_08_11-56-01.jpg,1467,185,73,297,1355,1579,224,KE_sugar,kelp_sugar,manual_update,1
2024_10_08_11-56-01.jpg,3830,1539,1427,1651,3718,3942,224,GR_ulva,green_algae_ulva,manual_update,1
2024_10_08_11-56-01.jpg,754,4012,3900,4124,642,866,224,RE_branch,red_algae_branching,manual_update,1
2024_10_08_11-56-01.jpg,3421,1424,1312,1536,3309,3533,224,GR_ulva,green_algae_ulva,GR_ulva,0.996
2024_10_08_11-56-01.jpg,157,911,799,1023,45,269,224,KE_sugar,kelp_sugar,KE_sugar,0.992
2024_10_08_11-56-01.jpg,902,2017,1905,2129,790,1014,224,KE_sugar,kelp_sugar,KE_sugar,0.998
2024_10_08_11-56-01.jpg,3729,2301,2189,2413,3617,3841,224,GR_ulva,green_algae_ulva,GR_ulva,0.999
2024_10_08_11-56-10.jpg,1497,2930,2818,3042,1385,1609,224,KE_sugar,kelp_sugar,KE_sugar,0.998
2024_10_08_11-56-10.jpg,3909,2749,2637,2861,3797,4021,224,SU_bould,boulder,manual_update,1
2024_10_08_11-56-10.jpg,513,2748,2636,2860,401,625,224,GR_ulva,green_algae_ulva,GR_ulva,0.999
2024_10_08_11-56-10.jpg,1759,3761,3649,3873,1647,1871,224,KE_sugar,kelp_sugar,manual_update,1
2024_10_08_11-56-10.jpg,167,1298,1186,1410,55,279,224,SU_peb,pebble,manual_update,1
2024_10_08_11-56-10.jpg,1007,2808,2696,2920,895,1119,224,GR_ulva,green_algae_ulva,GR_ulva,1
2024_10_08_11-56-10.jpg,838,1003,891,1115,726,950,224,KE_sugar,kelp_sugar,KE_sugar,1
2024_10_08_11-56-10.jpg,2378,2746,2634,2858,2266,2490,224,KE_sugar,kelp_sugar,manual_update,1
2024_10_08_11-56-10.jpg,464,3852,3740,3964,352,576,224,GR_ulva,green_algae_ulva,GR_ulva,0.988
2024_10_08_11-56-10.jpg,1137,1348,1236,1460,1025,1249,224,SU_bould,boulder,manual_update,1
2024_10_08_11-56-10.jpg,2290,483,371,595,2178,2402,224,KE_sugar,kelp_sugar,KE_sugar,1
2024_10_08_11-56-10.jpg,3726,1406,1294,1518,3614,3838,224,KE_sugar,kelp_sugar,manual_update,1
2024_10_08_11-56-10.jpg,2926,2230,2118,2342,2814,3038,224,RE_bush,red_algae_bushy,manual_update,1
2024_10_08_11-56-10.jpg,3679,3331,3219,3443,3567,3791,224,SU_sand,sand_fine_shell,manual_update,1
2024_10_08_11-56-10.jpg,155,4158,4046,4270,43,267,224,GR_ulva,green_algae_ulva,GR_ulva,0.999
2024_10_08_11-56-10.jpg,1058,1903,1791,2015,946,1170,224,SU_peb,pebble,SU_peb,1
2024_10_08_11-56-10.jpg,1224,445,333,557,1112,1336,224,SU_peb,pebble,manual_update,1
2024_10_08_11-56-10.jpg,2649,414,302,526,2537,2761,224,KE_sugar,kelp_sugar,manual_update,1
2024_10_08_11-56-10.jpg,2394,2323,2211,2435,2282,2506,224,KE_sugar,kelp_sugar,manual_update,1
2024_10_08_11-56-10.jpg,1613,2757,2645,2869,1501,1725,224,KE_sugar,kelp_sugar,KE_sugar,1
2024_10_08_11-56-10.jpg,1564,930,818,1042,1452,1676,224,RE_branch,red_algae_branching,manual_update,1
2024_10_08_11-56-10.jpg,695,4338,4226,4450,583,807,224,KE_sugar,kelp_sugar,manual_update,1
2024_10_08_11-56-10.jpg,3533,2689,2577,2801,3421,3645,224,RE_bush,red_algae_bushy,manual_update,1
2024_10_08_11-56-10.jpg,534,194,82,306,422,646,224,SU_peb,pebble,manual_update,1
2024_10_08_11-56-10.jpg,917,2017,1905,2129,805,1029,224,KE_sugar,kelp_sugar,manual_update,1
2024_10_08_11-56-10.jpg,330,4467,4355,4579,218,442,224,GR_ulva,green_algae_ulva,GR_ulva,0.979
2024_10_08_11-56-10.jpg,3094,318,206,430,2982,3206,224,KE_sugar,kelp_sugar,manual_update,1
2024_10_08_11-56-10.jpg,2711,3696,3584,3808,2599,2823,224,KE_sugar,kelp_sugar,manual_update,1
2024_10_08_11-56-10.jpg,289,1073,961,1185,177,401,224,SU_cob,cobble,manual_update,1
2024_10_08_11-56-10.jpg,2452,740,628,852,2340,2564,224,KE_sugar,kelp_sugar,manual_update,1
2024_10_08_11-56-10.jpg,1944,713,601,825,1832,2056,224,KE_sugar,kelp_sugar,manual_update,1
2024_10_08_11-56-10.jpg,940,1584,1472,1696,828,1052,224,KE_sugar,kelp_sugar,KE_sugar,0.981
2024_10_08_11-56-10.jpg,1484,2498,2386,2610,1372,1596,224,KE_sugar,kelp_sugar,KE_sugar,0.992
2024_10_08_11-56-10.jpg,196,4358,4246,4470,84,308,224,GR_ulva,green_algae_ulva,GR_ulva,0.971
2024_10_08_11-56-10.jpg,669,3451,3339,3563,557,781,224,GR_ulva,green_algae_ulva,GR_ulva,0.973
2024_10_08_11-56-10.jpg,156,1658,1546,1770,44,268,224,KE_sugar,kelp_sugar,manual_update,1
2024_10_08_11-56-10.jpg,1010,1355,1243,1467,898,1122,224,RE_bush,red_algae_bushy,manual_update,1
2024_10_08_11-56-10.jpg,3436,4265,4153,4377,3324,3548,224,SU_sand,sand_fine_shell,manual_update,1
2024_10_08_11-56-10.jpg,1908,2106,1994,2218,1796,2020,224,KE_sugar,kelp_sugar,KE_sugar,0.996
2024_10_08_11-56-10.jpg,199,2080,1968,2192,87,311,224,KE_sugar,kelp_sugar,KE_sugar,1
2024_10_08_11-56-10.jpg,3679,2500,2388,2612,3567,3791,224,KE_sugar,kelp_sugar,manual_update,1
2024_10_08_11-56-10.jpg,3047,4154,4042,4266,2935,3159,224,SU_peb,pebble,manual_update,1
2024_10_08_11-56-10.jpg,553,4095,3983,4207,441,665,224,GR_ulva,green_algae_ulva,GR_ulva,1
2024_10_08_11-56-10.jpg,897,3283,3171,3395,785,1009,224,GR_ulva,green_algae_ulva,GR_ulva,0.986
2024_10_08_11-56-10.jpg,3015,2919,2807,3031,2903,3127,224,RE_bush,red_algae_bushy,RE_bush,1
2024_10_08_11-56-10.jpg,3210,621,509,733,3098,3322,224,KE_sugar,kelp_sugar,KE_sugar,0.99
2024_10_08_11-56-10.jpg,2086,4431,4319,4543,1974,2198,224,RE_fil,red_algae_filamentous,RE_fil,1
2024_10_08_11-56-10.jpg,527,3298,3186,3410,415,639,224,GR_ulva,green_algae_ulva,GR_ulva,0.996
2024_10_08_11-56-10.jpg,2271,300,188,412,2159,2383,224,KE_sugar,kelp_sugar,manual_update,1
2024_10_08_11-56-10.jpg,1502,4339,4227,4451,1390,1614,224,KE_sugar,kelp_sugar,manual_update,1
2024_10_08_11-56-19.jpg,3674,1125,1013,1237,3562,3786,224,GR_ulva,green_algae_ulva,GR_ulva,1
2024_10_08_11-56-19.jpg,1848,1156,1044,1268,1736,1960,224,GR_ulva,green_algae_ulva,GR_ulva,1
2024_10_08_11-56-19.jpg,1369,478,366,590,1257,1481,224,RE_branch,red_algae_branching,manual_update,1
2024_10_08_11-56-19.jpg,1257,3346,3234,3458,1145,1369,224,RE_bush,red_algae_bushy,RE_bush,1
2024_10_08_11-56-19.jpg,2837,1079,967,1191,2725,2949,224,RE_branch,red_algae_branching,manual_update,1
2024_10_08_11-56-19.jpg,612,169,57,281,500,724,224,SU_bould,boulder,manual_update,1
2024_10_08_11-56-19.jpg,1608,2204,2092,2316,1496,1720,224,RE_bush,red_algae_bushy,RE_bush,1
2024_10_08_11-56-19.jpg,3009,2557,2445,2669,2897,3121,224,GR_ulva,green_algae_ulva,GR_ulva,1
2024_10_08_11-56-19.jpg,1497,3050,2938,3162,1385,1609,224,RE_bush,red_algae_bushy,RE_bush,1
2024_10_08_11-56-19.jpg,1861,2799,2687,2911,1749,1973,224,RE_bush,red_algae_bushy,RE_bush,1
2024_10_08_11-56-19.jpg,425,2519,2407,2631,313,537,224,RE_bush,red_algae_bushy,RE_bush,1
2024_10_08_11-56-19.jpg,2803,1329,1217,1441,2691,2915,224,GR_ulva,green_algae_ulva,GR_ulva,1
2024_10_08_11-56-19.jpg,1715,529,417,641,1603,1827,224,RE_branch,red_algae_branching,RE_branch,0.978
2024_10_08_11-56-19.jpg,997,619,507,731,885,1109,224,RE_branch,red_algae_branching,manual_update,1
2024_10_08_11-56-19.jpg,3119,3873,3761,3985,3007,3231,224,SU_peb,pebble,SU_peb,0.932
2024_10_08_11-56-19.jpg,2308,1848,1736,1960,2196,2420,224,SU_cob,cobble,manual_update,1
2024_10_08_11-56-19.jpg,1093,2177,2065,2289,981,1205,224,RE_bush,red_algae_bushy,RE_bush,1
2024_10_08_11-56-19.jpg,3176,400,288,512,3064,3288,224,GR_ulva,green_algae_ulva,manual_update,1
2024_10_08_11-56-19.jpg,3870,1949,1837,2061,3758,3982,224,GR_ulva,green_algae_ulva,GR_ulva,1
2024_10_08_11-56-19.jpg,2860,1902,1790,2014,2748,2972,224,GR_ulva,green_algae_ulva,manual_update,1
2024_10_08_11-56-19.jpg,1371,254,142,366,1259,1483,224,KE_sugar,kelp_sugar,KE_sugar,0.974
2024_10_08_11-56-19.jpg,1463,3484,3372,3596,1351,1575,224,RE_fil,red_algae_filamentous,manual_update,1
2024_10_08_11-56-19.jpg,1805,1927,1815,2039,1693,1917,224,SU_cob,cobble,manual_update,1
2024_10_08_11-56-19.jpg,2641,2468,2356,2580,2529,2753,224,SU_peb,pebble,SU_peb,0.999
2024_10_08_11-56-19.jpg,2359,2225,2113,2337,2247,2471,224,SU_peb,pebble,SU_peb,0.995
2024_10_08_11-56-19.jpg,586,1242,1130,1354,474,698,224,KE_5rib,kelp_five_rib,manual_update,1
2024_10_08_11-56-19.jpg,125,4409,4297,4521,13,237,224,GR_ulva,green_algae_ulva,GR_ulva,1
2024_10_08_11-56-19.jpg,1170,1534,1422,1646,1058,1282,224,SU_bould,boulder,manual_update,1
2024_10_08_11-56-19.jpg,3533,4229,4117,4341,3421,3645,224,GR_ulva,green_algae_ulva,GR_ulva,0.996
2024_10_08_11-56-19.jpg,3050,1715,1603,1827,2938,3162,224,GR_ulva,green_algae_ulva,GR_ulva,0.99
2024_10_08_11-56-19.jpg,3290,2896,2784,3008,3178,3402,224,SU_peb,pebble,SU_peb,1
2024_10_08_11-56-19.jpg,1225,3132,3020,3244,1113,1337,224,RE_bush,red_algae_bushy,RE_bush,1
2024_10_08_11-56-19.jpg,2322,4133,4021,4245,2210,2434,224,RE_branch,red_algae_branching,manual_update,1
2024_10_08_11-56-19.jpg,2203,2967,2855,3079,2091,2315,224,GR_ulva,green_algae_ulva,GR_ulva,1
2024_10_08_11-56-19.jpg,2348,1733,1621,1845,2236,2460,224,SU_silt,silt,manual_update,1
2024_10_08_11-56-19.jpg,1995,3339,3227,3451,1883,2107,224,RE_bush,red_algae_bushy,RE_bush,0.989
2024_10_08_11-56-19.jpg,1376,2864,2752,2976,1264,1488,224,RE_bush,red_algae_bushy,RE_bush,1
2024_10_08_11-56-19.jpg,284,1783,1671,1895,172,396,224,RE_branch,red_algae_branching,manual_update,1
2024_10_08_11-56-19.jpg,1480,1858,1746,1970,1368,1592,224,GR_ulva,green_algae_ulva,GR_ulva,1
2024_10_08_11-56-19.jpg,2720,1086,974,1198,2608,2832,224,RE_branch,red_algae_branching,manual_update,1
2024_10_08_11-56-19.jpg,178,510,398,622,66,290,224,RE_leaf,red_algae_flat_leaf,manual_update,1
2024_10_08_11-56-19.jpg,2718,790,678,902,2606,2830,224,GR_ulva,green_algae_ulva,GR_ulva,1
2024_10_08_11-56-19.jpg,644,4465,4353,4577,532,756,224,RE_fil,red_algae_filamentous,manual_update,1
2024_10_08_11-56-19.jpg,825,2239,2127,2351,713,937,224,RE_bush,red_algae_bushy,RE_bush,1
2024_10_08_11-56-19.jpg,679,2731,2619,2843,567,791,224,RE_bush,red_algae_bushy,RE_bush,1
2024_10_08_11-56-19.jpg,1476,1616,1504,1728,1364,1588,224,KE_stipe,kelp_stipe,manual_update,1
2024_10_08_11-56-19.jpg,3429,2131,2019,2243,3317,3541,224,GR_ulva,green_algae_ulva,manual_update,1
2024_10_08_11-56-19.jpg,1283,1475,1363,1587,1171,1395,224,SU_bould,boulder,manual_update,1
2024_10_08_11-56-19.jpg,466,4269,4157,4381,354,578,224,GR_ulva,green_algae_ulva,GR_ulva,0.999
2024_10_08_11-56-19.jpg,1812,3690,3578,3802,1700,1924,224,RE_bush,red_algae_bushy,manual_update,1
2024_10_08_11-56-28.jpg,3182,1090,978,1202,3070,3294,224,GR_ulva,green_algae_ulva,GR_ulva,1
2024_10_08_11-56-28.jpg,1215,4445,4333,4557,1103,1327,224,GR_ulva,green_algae_ulva,GR_ulva,0.969
2024_10_08_11-56-28.jpg,1012,3571,3459,3683,900,1124,224,RE_fil,red_algae_filamentous,manual_update,1
2024_10_08_11-56-28.jpg,2813,377,265,489,2701,2925,224,GR_ulva,green_algae_ulva,manual_update,1
2024_10_08_11-56-28.jpg,160,1888,1776,2000,48,272,224,SU_peb,pebble,SU_peb,0.996
2024_10_08_11-56-28.jpg,3898,286,174,398,3786,4010,224,SU_bould,boulder,manual_update,1
2024_10_08_11-56-28.jpg,220,1470,1358,1582,108,332,224,SU_peb,pebble,SU_peb,0.994
2024_10_08_11-56-28.jpg,2795,3431,3319,3543,2683,2907,224,GR_ulva,green_algae_ulva,GR_ulva,1
2024_10_08_11-56-28.jpg,831,160,48,272,719,943,224,SU_peb,pebble,manual_update,1
2024_10_08_11-56-28.jpg,3890,605,493,717,3778,4002,224,SU_bould,boulder,manual_update,1
2024_10_08_11-56-28.jpg,1439,3784,3672,3896,1327,1551,224,GR_ulva,green_algae_ulva,GR_ulva,1
2024_10_08_11-56-28.jpg,3289,3397,3285,3509,3177,3401,224,SU_peb,pebble,SU_peb,0.99
2024_10_08_11-56-28.jpg,1566,2154,2042,2266,1454,1678,224,GR_ulva,green_algae_ulva,GR_ulva,1
2024_10_08_11-56-28.jpg,450,118,6,230,338,562,224,SU_peb,pebble,manual_update,1
2024_10_08_11-56-28.jpg,3882,3834,3722,3946,3770,3994,224,SU_bould,boulder,manual_update,1
2024_10_08_11-56-28.jpg,2537,1704,1592,1816,2425,2649,224,GR_ulva,green_algae_ulva,GR_ulva,0.961
2024_10_08_11-56-28.jpg,741,1251,1139,1363,629,853,224,SU_peb,pebble,SU_peb,1
2024_10_08_11-56-28.jpg,3790,1618,1506,1730,3678,3902,224,KE_sugar,kelp_sugar,KE_sugar,1
2024_10_08_11-56-28.jpg,2424,2245,2133,2357,2312,2536,224,GR_ulva,green_algae_ulva,GR_ulva,1
2024_10_08_11-56-28.jpg,3613,154,42,266,3501,3725,224,KE_sugar,kelp_sugar,manual_update,1
2024_10_08_11-56-28.jpg,1280,483,371,595,1168,1392,224,RE_bush,red_algae_bushy,manual_update,1
2024_10_08_11-56-28.jpg,2499,1822,1710,1934,2387,2611,224,GR_ulva,green_algae_ulva,GR_ulva,1
2024_10_08_11-56-28.jpg,1938,179,67,291,1826,2050,224,GR_ulva,green_algae_ulva,manual_update,1
2024_10_08_11-56-28.jpg,3073,4364,4252,4476,2961,3185,224,GR_ulva,green_algae_ulva,GR_ulva,1
2024_10_08_11-56-28.jpg,552,2403,2291,2515,440,664,224,RE_branch,red_algae_branching,manual_update,1
2024_10_08_11-56-28.jpg,1340,172,60,284,1228,1452,224,GR_ulva,green_algae_ulva,GR_ulva,0.983
2024_10_08_11-56-28.jpg,2482,1011,899,1123,2370,2594,224,GR_ulva,green_algae_ulva,GR_ulva,0.999
2024_10_08_11-56-28.jpg,1936,525,413,637,1824,2048,224,GR_ulva,green_algae_ulva,GR_ulva,0.997
2024_10_08_11-56-28.jpg,3749,1482,1370,1594,3637,3861,224,KE_sugar,kelp_sugar,manual_update,1
2024_10_08_11-56-28.jpg,1379,1074,962,1186,1267,1491,224,SU_bould,boulder,manual_update,1
2024_10_08_11-56-28.jpg,325,1961,1849,2073,213,437,224,GR_ulva,green_algae_ulva,GR_ulva,1
2024_10_08_11-56-28.jpg,546,4181,4069,4293,434,658,224,RE_branch,red_algae_branching,manual_update,1
2024_10_08_11-56-28.jpg,3584,854,742,966,3472,3696,224,KE_sugar,kelp_sugar,manual_update,1
2024_10_08_11-56-28.jpg,2724,1556,1444,1668,2612,2836,224,GR_ulva,green_algae_ulva,manual_update,1
2024_10_08_11-56-28.jpg,1795,2475,2363,2587,1683,1907,224,GR_ulva,green_algae_ulva,GR_ulva,1
2024_10_08_11-56-28.jpg,1923,2088,1976,2200,1811,2035,224,GR_ulva,green_algae_ulva,GR_ulva,1
2024_10_08_11-56-28.jpg,265,864,752,976,153,377,224,SU_peb,pebble,SU_peb,0.996
2024_10_08_11-56-28.jpg,771,1521,1409,1633,659,883,224,GR_ulva,green_algae_ulva,GR_ulva,0.961
2024_10_08_11-56-28.jpg,1100,3227,3115,3339,988,1212,224,RE_branch,red_algae_branching,manual_update,1
2024_10_08_11-56-28.jpg,3261,1667,1555,1779,3149,3373,224,KE_sugar,kelp_sugar,manual_update,1
2024_10_08_11-56-28.jpg,917,4303,4191,4415,805,1029,224,RE_branch,red_algae_branching,manual_update,1
2024_10_08_11-56-28.jpg,2088,4475,4363,4587,1976,2200,224,GR_ulva,green_algae_ulva,GR_ulva,0.999
2024_10_08_11-56-28.jpg,2629,825,713,937,2517,2741,224,GR_ulva,green_algae_ulva,GR_ulva,0.96
2024_10_08_11-56-28.jpg,1984,1710,1598,1822,1872,2096,224,GR_ulva,green_algae_ulva,GR_ulva,1
2024_10_08_11-56-28.jpg,1107,2339,2227,2451,995,1219,224,RE_branch,red_algae_branching,manual_update,1
2024_10_08_11-56-28.jpg,3297,3283,3171,3395,3185,3409,224,SU_peb,pebble,SU_peb,1
2024_10_08_11-56-28.jpg,2561,651,539,763,2449,2673,224,GR_ulva,green_algae_ulva,manual_update,1
2024_10_08_11-56-28.jpg,2125,2319,2207,2431,2013,2237,224,GR_ulva,green_algae_ulva,GR_ulva,1
2024_10_08_11-56-28.jpg,3277,3032,2920,3144,3165,3389,224,RE_branch,red_algae_branching,manual_update,1
2024_10_08_11-56-28.jpg,1332,2081,1969,2193,1220,1444,224,GR_ulva,green_algae_ulva,GR_ulva,1
2024_10_08_11-56-37.jpg,2672,625,513,737,2560,2784,224,SU_sand,sand_fine_shell,SU_sand,0.983
2024_10_08_11-56-37.jpg,1257,1836,1724,1948,1145,1369,224,GR_ulva,green_algae_ulva,GR_ulva,1
2024_10_08_11-56-37.jpg,2283,1457,1345,1569,2171,2395,224,SU_peb,pebble,SU_peb,0.986
2024_10_08_11-56-37.jpg,1446,1188,1076,1300,1334,1558,224,GR_ulva,green_algae_ulva,GR_ulva,0.994
2024_10_08_11-56-37.jpg,721,981,869,1093,609,833,224,RE_leaf,red_algae_flat_leaf,RE_leaf,1
2024_10_08_11-56-37.jpg,236,2637,2525,2749,124,348,224,GR_ulva,green_algae_ulva,GR_ulva,0.998
2024_10_08_11-56-37.jpg,3187,2499,2387,2611,3075,3299,224,RE_branch,red_algae_branching,RE_branch,1
2024_10_08_11-56-37.jpg,2376,3810,3698,3922,2264,2488,224,GR_ulva,green_algae_ulva,GR_ulva,1
2024_10_08_11-56-37.jpg,2692,2302,2190,2414,2580,2804,224,RE_branch,red_algae_branching,RE_branch,0.995
2024_10_08_11-56-37.jpg,2047,3022,2910,3134,1935,2159,224,GR_ulva,green_algae_ulva,GR_ulva,1
2024_10_08_11-56-37.jpg,282,3190,3078,3302,170,394,224,GR_ulva,green_algae_ulva,GR_ulva,1
2024_10_08_11-56-37.jpg,2376,3052,2940,3164,2264,2488,224,GR_ulva,green_algae_ulva,GR_ulva,1
2024_10_08_11-56-37.jpg,1688,2875,2763,2987,1576,1800,224,GR_ulva,green_algae_ulva,GR_ulva,0.999
2024_10_08_11-56-37.jpg,3365,4339,4227,4451,3253,3477,224,GR_ulva,green_algae_ulva,GR_ulva,1
2024_10_08_11-56-37.jpg,1392,2831,2719,2943,1280,1504,224,GR_ulva,green_algae_ulva,GR_ulva,1
2024_10_08_11-56-37.jpg,3335,1040,928,1152,3223,3447,224,RE_bush,red_algae_bushy,RE_bush,0.982
2024_10_08_11-56-37.jpg,3519,4051,3939,4163,3407,3631,224,GR_ulva,green_algae_ulva,GR_ulva,0.997
2024_10_08_11-56-37.jpg,3789,212,100,324,3677,3901,224,RE_leaf,red_algae_flat_leaf,manual_update,1
2024_10_08_11-56-37.jpg,451,263,151,375,339,563,224,GR_ulva,green_algae_ulva,GR_ulva,1
2024_10_08_11-56-37.jpg,987,3802,3690,3914,875,1099,224,GR_ulva,green_algae_ulva,GR_ulva,0.981
2024_10_08_11-56-37.jpg,2262,3111,2999,3223,2150,2374,224,GR_ulva,green_algae_ulva,GR_ulva,1
2024_10_08_11-56-37.jpg,303,346,234,458,191,415,224,GR_ulva,green_algae_ulva,manual_update,1
2024_10_08_11-56-37.jpg,3337,732,620,844,3225,3449,224,RE_bush,red_algae_bushy,manual_update,1
2024_10_08_11-56-37.jpg,1101,2102,1990,2214,989,1213,224,GR_ulva,green_algae_ulva,GR_ulva,1
2024_10_08_11-56-37.jpg,2513,1902,1790,2014,2401,2625,224,RE_leaf,red_algae_flat_leaf,RE_leaf,0.997
2024_10_08_11-56-37.jpg,118,1165,1053,1277,6,230,224,GR_ulva,green_algae_ulva,GR_ulva,0.999
2024_10_08_11-56-37.jpg,315,646,534,758,203,427,224,GR_ulva,green_algae_ulva,GR_ulva,1
2024_10_08_11-56-37.jpg,1047,2742,2630,2854,935,1159,224,GR_ulva,green_algae_ulva,GR_ulva,1
2024_10_08_11-56-37.jpg,1730,1994,1882,2106,1618,1842,224,GR_ulva,green_algae_ulva,GR_ulva,0.987
2024_10_08_11-56-37.jpg,3652,4029,3917,4141,3540,3764,224,GR_ulva,green_algae_ulva,manual_update,1
2024_10_08_11-56-37.jpg,2308,4047,3935,4159,2196,2420,224,GR_ulva,green_algae_ulva,GR_ulva,1
2024_10_08_11-56-37.jpg,440,1983,1871,2095,328,552,224,SU_bould,boulder,manual_update,1
2024_10_08_11-56-37.jpg,1843,1563,1451,1675,1731,1955,224,RE_bush,red_algae_bushy,RE_bush,1
2024_10_08_11-56-37.jpg,3051,3955,3843,4067,2939,3163,224,GR_ulva,green_algae_ulva,GR_ulva,1
2024_10_08_11-56-37.jpg,1745,1407,1295,1519,1633,1857,224,GR_ulva,green_algae_ulva,GR_ulva,1
2024_10_08_11-56-37.jpg,560,3962,3850,4074,448,672,224,RE_leaf,red_algae_flat_leaf,RE_leaf,0.993
2024_10_08_11-56-37.jpg,772,2710,2598,2822,660,884,224,GR_ulva,green_algae_ulva,GR_ulva,1
2024_10_08_11-56-37.jpg,1213,3283,3171,3395,1101,1325,224,GR_ulva,green_algae_ulva,GR_ulva,1
2024_10_08_11-56-37.jpg,3660,3289,3177,3401,3548,3772,224,GR_ulva,green_algae_ulva,GR_ulva,1
2024_10_08_11-56-37.jpg,864,3168,3056,3280,752,976,224,GR_ulva,green_algae_ulva,GR_ulva,0.999
2024_10_08_11-56-37.jpg,1690,2992,2880,3104,1578,1802,224,GR_ulva,green_algae_ulva,GR_ulva,0.999
2024_10_08_11-56-37.jpg,2833,706,594,818,2721,2945,224,SU_peb,pebble,manual_update,1
2024_10_08_11-56-37.jpg,1432,3705,3593,3817,1320,1544,224,GR_ulva,green_algae_ulva,GR_ulva,1
2024_10_08_11-56-37.jpg,3375,883,771,995,3263,3487,224,RE_bush,red_algae_bushy,RE_bush,0.999
2024_10_08_11-56-37.jpg,1138,4408,4296,4520,1026,1250,224,GR_ulva,green_algae_ulva,GR_ulva,0.979
2024_10_08_11-56-37.jpg,596,359,247,471,484,708,224,GR_ulva,green_algae_ulva,GR_ulva,0.99
2024_10_08_11-56-37.jpg,2121,1810,1698,1922,2009,2233,224,RE_bush,red_algae_bushy,RE_bush,0.942
2024_10_08_11-56-37.jpg,1901,4294,4182,4406,1789,2013,224,GR_ulva,green_algae_ulva,GR_ulva,1
2024_10_08_11-56-37.jpg,1786,3113,3001,3225,1674,1898,224,GR_ulva,green_algae_ulva,GR_ulva,1
2024_10_08_11-56-37.jpg,2162,1963,1851,2075,2050,2274,224,RE_leaf,red_algae_flat_leaf,manual_update,1
2024_10_08_11-56-46.jpg,3320,1347,1235,1459,3208,3432,224,RE_fil,red_algae_filamentous,manual_update,1
2024_10_08_11-56-46.jpg,1546,3945,3833,4057,1434,1658,224,RE_branch,red_algae_branching,manual_update,1
2024_10_08_11-56-46.jpg,1167,3786,3674,3898,1055,1279,224,RE_branch,red_algae_branching,RE_branch,1
2024_10_08_11-56-46.jpg,3053,4152,4040,4264,2941,3165,224,GR_ulva,green_algae_ulva,GR_ulva,1
2024_10_08_11-56-46.jpg,2026,2081,1969,2193,1914,2138,224,GR_ulva,green_algae_ulva,GR_ulva,1
2024_10_08_11-56-46.jpg,639,4386,4274,4498,527,751,224,SU_cob,cobble,manual_update,1
2024_10_08_11-56-46.jpg,3129,4270,4158,4382,3017,3241,224,GR_ulva,green_algae_ulva,GR_ulva,0.992
2024_10_08_11-56-46.jpg,3402,1922,1810,2034,3290,3514,224,RE_fil,red_algae_filamentous,RE_fil,0.993
2024_10_08_11-56-46.jpg,2806,1339,1227,1451,2694,2918,224,GR_ulva,green_algae_ulva,GR_ulva,1
2024_10_08_11-56-46.jpg,2177,1474,1362,1586,2065,2289,224,GR_ulva,green_algae_ulva,GR_ulva,1
2024_10_08_11-56-46.jpg,1823,3329,3217,3441,1711,1935,224,SU_peb,pebble,manual_update,1
2024_10_08_11-56-46.jpg,1618,670,558,782,1506,1730,224,GR_ulva,green_algae_ulva,GR_ulva,1
2024_10_08_11-56-46.jpg,1577,1156,1044,1268,1465,1689,224,RE_branch,red_algae_branching,manual_update,1
2024_10_08_11-56-46.jpg,1228,4316,4204,4428,1116,1340,224,KE_sieve,kelp_sieve,manual_update,1
2024_10_08_11-56-46.jpg,1095,2368,2256,2480,983,1207,224,SU_peb,pebble,SU_peb,1
2024_10_08_11-56-46.jpg,2767,1212,1100,1324,2655,2879,224,GR_ulva,green_algae_ulva,GR_ulva,1
2024_10_08_11-56-46.jpg,3520,657,545,769,3408,3632,224,SU_cob,cobble,manual_update,1
2024_10_08_11-56-46.jpg,2481,2214,2102,2326,2369,2593,224,GR_ulva,green_algae_ulva,GR_ulva,0.971
2024_10_08_11-56-46.jpg,3540,3726,3614,3838,3428,3652,224,GR_ulva,green_algae_ulva,GR_ulva,1
2024_10_08_11-56-46.jpg,2470,926,814,1038,2358,2582,224,GR_ulva,green_algae_ulva,GR_ulva,1
2024_10_08_11-56-46.jpg,1880,1324,1212,1436,1768,1992,224,BR_sarg,brown_algae_sargassum,BR_sarg,0.996
2024_10_08_11-56-46.jpg,3186,2169,2057,2281,3074,3298,224,GR_ulva,green_algae_ulva,GR_ulva,1
2024_10_08_11-56-46.jpg,545,3222,3110,3334,433,657,224,SU_cob,cobble,SU_cob,0.988
2024_10_08_11-56-46.jpg,3671,1048,936,1160,3559,3783,224,RE_fil,red_algae_filamentous,manual_update,1
2024_10_08_11-56-46.jpg,130,2202,2090,2314,18,242,224,SU_sand,sand_fine_shell,SU_sand,1
2024_10_08_11-56-46.jpg,2290,1551,1439,1663,2178,2402,224,GR_ulva,green_algae_ulva,GR_ulva,1
2024_10_08_11-56-46.jpg,358,595,483,707,246,470,224,RE_branch,red_algae_branching,manual_update,1
2024_10_08_11-56-46.jpg,1833,4269,4157,4381,1721,1945,224,KE_sieve,kelp_sieve,manual_update,1
2024_10_08_11-56-46.jpg,358,3700,3588,3812,246,470,224,SU_bould,boulder,manual_update,1
2024_10_08_11-56-46.jpg,607,230,118,342,495,719,224,RE_branch,red_algae_branching,manual_update,1
2024_10_08_11-56-46.jpg,2337,1771,1659,1883,2225,2449,224,GR_ulva,green_algae_ulva,GR_ulva,1
2024_10_08_11-56-46.jpg,2874,1993,1881,2105,2762,2986,224,GR_ulva,green_algae_ulva,GR_ulva,1
2024_10_08_11-56-46.jpg,2589,895,783,1007,2477,2701,224,GR_ulva,green_algae_ulva,GR_ulva,1
2024_10_08_11-56-46.jpg,3051,1102,990,1214,2939,3163,224,GR_ulva,green_algae_ulva,GR_ulva,1
2024_10_08_11-56-46.jpg,1427,251,139,363,1315,1539,224,GR_ulva,green_algae_ulva,GR_ulva,1
2024_10_08_11-56-46.jpg,2235,3075,2963,3187,2123,2347,224,RE_leaf,red_algae_flat_leaf,RE_leaf,0.999
2024_10_08_11-56-46.jpg,3802,4304,4192,4416,3690,3914,224,GR_ulva,green_algae_ulva,GR_ulva,0.999
2024_10_08_11-56-46.jpg,876,3785,3673,3897,764,988,224,SU_cob,cobble,manual_update,1
2024_10_08_11-56-46.jpg,3740,1426,1314,1538,3628,3852,224,BR_sarg,brown_algae_sargassum,manual_update,1
2024_10_08_11-56-46.jpg,2383,3051,2939,3163,2271,2495,224,GR_ulva,green_algae_ulva,GR_ulva,0.916
2024_10_08_11-56-46.jpg,3305,776,664,888,3193,3417,224,RE_bush,red_algae_bushy,manual_update,1
2024_10_08_11-56-46.jpg,3146,1236,1124,1348,3034,3258,224,GR_ulva,green_algae_ulva,GR_ulva,1
2024_10_08_11-56-46.jpg,3326,918,806,1030,3214,3438,224,RE_fil,red_algae_filamentous,manual_update,1
2024_10_08_11-56-46.jpg,325,2881,2769,2993,213,437,224,SU_sand,sand_fine_shell,SU_sand,0.989
2024_10_08_11-56-46.jpg,3785,4133,4021,4245,3673,3897,224,GR_ulva,green_algae_ulva,GR_ulva,0.998
2024_10_08_11-56-46.jpg,1276,3082,2970,3194,1164,1388,224,SU_peb,pebble,SU_peb,0.972
2024_10_08_11-56-46.jpg,2017,2846,2734,2958,1905,2129,224,GR_ulva,green_algae_ulva,GR_ulva,1
2024_10_08_11-56-46.jpg,751,4165,4053,4277,639,863,224,SU_peb,pebble,SU_peb,1
2024_10_08_11-56-46.jpg,1230,3460,3348,3572,1118,1342,224,BR_sarg,brown_algae_sargassum,BR_sarg,1
2024_10_08_11-56-46.jpg,1047,4084,3972,4196,935,1159,224,KE_sieve,kelp_sieve,manual_update,1
2024_10_08_11-56-55.jpg,746,2367,2255,2479,634,858,224,SU_peb,pebble,SU_peb,1
2024_10_08_11-56-55.jpg,849,2810,2698,2922,737,961,224,SU_sand,sand_fine_shell,SU_sand,1
2024_10_08_11-56-55.jpg,529,1609,1497,1721,417,641,224,RE_branch,red_algae_branching,manual_update,1
2024_10_08_11-56-55.jpg,1573,651,539,763,1461,1685,224,GR_ulva,green_algae_ulva,GR_ulva,1
2024_10_08_11-56-55.jpg,2896,2747,2635,2859,2784,3008,224,SU_sand,sand_fine_shell,SU_sand,1
2024_10_08_11-56-55.jpg,549,2936,2824,3048,437,661,224,SU_peb,pebble,SU_peb,1
2024_10_08_11-56-55.jpg,1093,2955,2843,3067,981,1205,224,SU_peb,pebble,SU_peb,0.945
2024_10_08_11-56-55.jpg,3634,556,444,668,3522,3746,224,KE_sugar,kelp_sugar,KE_sugar,0.986
2024_10_08_11-56-55.jpg,3614,2055,1943,2167,3502,3726,224,SU_sand,sand_fine_shell,manual_update,1
2024_10_08_11-56-55.jpg,745,3308,3196,3420,633,857,224,SU_sand,sand_fine_shell,SU_sand,0.95
2024_10_08_11-56-55.jpg,2849,3432,3320,3544,2737,2961,224,RE_bush,red_algae_bushy,RE_bush,1
2024_10_08_11-56-55.jpg,2705,429,317,541,2593,2817,224,GR_ulva,green_algae_ulva,GR_ulva,1
2024_10_08_11-56-55.jpg,3544,3562,3450,3674,3432,3656,224,RE_branch,red_algae_branching,RE_branch,1
2024_10_08_11-56-55.jpg,3414,4360,4248,4472,3302,3526,224,GR_ulva,green_algae_ulva,GR_ulva,0.999
2024_10_08_11-56-55.jpg,1704,2752,2640,2864,1592,1816,224,SU_peb,pebble,manual_update,1
2024_10_08_11-56-55.jpg,1771,2238,2126,2350,1659,1883,224,SU_cob,cobble,manual_update,1
2024_10_08_11-56-55.jpg,468,770,658,882,356,580,224,RE_fil,red_algae_filamentous,RE_fil,0.997
2024_10_08_11-56-55.jpg,2553,4099,3987,4211,2441,2665,224,GR_ulva,green_algae_ulva,GR_ulva,0.999
2024_10_08_11-56-55.jpg,1200,3602,3490,3714,1088,1312,224,SU_sand,sand_fine_shell,SU_sand,1
2024_10_08_11-56-55.jpg,1635,1313,1201,1425,1523,1747,224,SU_cob,cobble,manual_update,1
2024_10_08_11-56-55.jpg,513,2370,2258,2482,401,625,224,SU_peb,pebble,manual_update,1
2024_10_08_11-56-55.jpg,3770,435,323,547,3658,3882,224,SU_cob,cobble,manual_update,1
2024_10_08_11-56-55.jpg,1091,2419,2307,2531,979,1203,224,SU_peb,pebble,SU_peb,1
2024_10_08_11-56-55.jpg,1406,4021,3909,4133,1294,1518,224,SU_peb,pebble,SU_peb,0.999
2024_10_08_11-56-55.jpg,3253,4493,4381,4605,3141,3365,224,GR_ulva,green_algae_ulva,GR_ulva,1
2024_10_08_11-56-55.jpg,3573,1714,1602,1826,3461,3685,224,SU_peb,pebble,manual_update,1
2024_10_08_11-56-55.jpg,2541,1874,1762,1986,2429,2653,224,RE_leaf,red_algae_flat_leaf,RE_leaf,0.974
2024_10_08_11-56-55.jpg,1765,3332,3220,3444,1653,1877,224,SU_cob,cobble,manual_update,1
2024_10_08_11-56-55.jpg,2685,3865,3753,3977,2573,2797,224,GR_ulva,green_algae_ulva,manual_update,1
2024_10_08_11-56-55.jpg,3697,3973,3861,4085,3585,3809,224,RE_branch,red_algae_branching,manual_update,1
2024_10_08_11-56-55.jpg,882,4468,4356,4580,770,994,224,RE_fil,red_algae_filamentous,manual_update,1
2024_10_08_11-56-55.jpg,548,4083,3971,4195,436,660,224,SU_silt,silt,manual_update,1
2024_10_08_11-56-55.jpg,3695,2366,2254,2478,3583,3807,224,GR_ulva,green_algae_ulva,GR_ulva,1
2024_10_08_11-56-55.jpg,2181,408,296,520,2069,2293,224,unknown,unknown_area,manual_update,1
2024_10_08_11-56-55.jpg,2447,1121,1009,1233,2335,2559,224,SU_bould,boulder,manual_update,1
2024_10_08_11-56-55.jpg,3706,2192,2080,2304,3594,3818,224,GR_ulva,green_algae_ulva,GR_ulva,1
2024_10_08_11-56-55.jpg,3820,2406,2294,2518,3708,3932,224,GR_ulva,green_algae_ulva,manual_update,1
2024_10_08_11-56-55.jpg,2049,4210,4098,4322,1937,2161,224,RE_leaf,red_algae_flat_leaf,RE_leaf,0.992
2024_10_08_11-56-55.jpg,2331,3274,3162,3386,2219,2443,224,RE_leaf,red_algae_flat_leaf,manual_update,1
2024_10_08_11-56-55.jpg,1439,247,135,359,1327,1551,224,RE_branch,red_algae_branching,manual_update,1
2024_10_08_11-56-55.jpg,2372,727,615,839,2260,2484,224,BR_sarg,brown_algae_sargassum,manual_update,1
2024_10_08_11-56-55.jpg,1044,4299,4187,4411,932,1156,224,RE_fil,red_algae_filamentous,RE_fil,0.992
2024_10_08_11-56-55.jpg,229,1204,1092,1316,117,341,224,KE_sugar,kelp_sugar,KE_sugar,0.972
2024_10_08_11-56-55.jpg,1878,2559,2447,2671,1766,1990,224,SU_cob,cobble,manual_update,1
2024_10_08_11-56-55.jpg,1220,236,124,348,1108,1332,224,unknown,unknown_area,manual_update,1
2024_10_08_11-56-55.jpg,1098,3294,3182,3406,986,1210,224,SU_peb,pebble,manual_update,1
2024_10_08_11-56-55.jpg,1592,2096,1984,2208,1480,1704,224,SU_peb,pebble,manual_update,1
2024_10_08_11-56-55.jpg,3913,248,136,360,3801,4025,224,BR_sarg,brown_algae_sargassum,manual_update,1
2024_10_08_11-56-55.jpg,1710,530,418,642,1598,1822,224,RE_leaf,red_algae_flat_leaf,manual_update,1
2024_10_08_11-56-55.jpg,2464,1669,1557,1781,2352,2576,224,RE_leaf,red_algae_flat_leaf,manual_update,1
2024_10_08_11-57-04.jpg,415,3602,3490,3714,303,527,224,KE_sieve,kelp_sieve,manual_update,1
2024_10_08_11-57-04.jpg,3912,2682,2570,2794,3800,4024,224,GR_ulva,green_algae_ulva,GR_ulva,0.965
2024_10_08_11-57-04.jpg,2411,451,339,563,2299,2523,224,GR_ulva,green_algae_ulva,GR_ulva,1
2024_10_08_11-57-04.jpg,670,3078,2966,3190,558,782,224,KE_sieve,kelp_sieve,manual_update,1
2024_10_08_11-57-04.jpg,3416,1441,1329,1553,3304,3528,224,GR_ulva,green_algae_ulva,manual_update,1
2024_10_08_11-57-04.jpg,1279,972,860,1084,1167,1391,224,RE_branch,red_algae_branching,manual_update,1
2024_10_08_11-57-04.jpg,3217,823,711,935,3105,3329,224,RE_branch,red_algae_branching,manual_update,1
2024_10_08_11-57-04.jpg,1248,1879,1767,1991,1136,1360,224,BR_sarg,brown_algae_sargassum,manual_update,1
2024_10_08_11-57-04.jpg,1857,3915,3803,4027,1745,1969,224,GR_ulva,green_algae_ulva,GR_ulva,1
2024_10_08_11-57-04.jpg,616,2082,1970,2194,504,728,224,GR_ulva,green_algae_ulva,GR_ulva,1
2024_10_08_11-57-04.jpg,708,4131,4019,4243,596,820,224,KE_sieve,kelp_sieve,manual_update,1
2024_10_08_11-57-04.jpg,1387,1290,1178,1402,1275,1499,224,BR_sarg,brown_algae_sargassum,manual_update,1
2024_10_08_11-57-04.jpg,1727,2178,2066,2290,1615,1839,224,RE_branch,red_algae_branching,RE_branch,0.999
2024_10_08_11-57-04.jpg,1275,3208,3096,3320,1163,1387,224,GR_ulva,green_algae_ulva,manual_update,1
2024_10_08_11-57-04.jpg,3039,3030,2918,3142,2927,3151,224,RE_branch,red_algae_branching,manual_update,1
2024_10_08_11-57-04.jpg,1844,462,350,574,1732,1956,224,RE_branch,red_algae_branching,manual_update,1
2024_10_08_11-57-04.jpg,2359,932,820,1044,2247,2471,224,GR_ulva,green_algae_ulva,manual_update,1
2024_10_08_11-57-04.jpg,3252,4107,3995,4219,3140,3364,224,GR_ulva,green_algae_ulva,manual_update,1
2024_10_08_11-57-04.jpg,2903,2314,2202,2426,2791,3015,224,GR_ulva,green_algae_ulva,GR_ulva,0.974
2024_10_08_11-57-04.jpg,2960,774,662,886,2848,3072,224,GR_ulva,green_algae_ulva,GR_ulva,1
2024_10_08_11-57-04.jpg,3664,2822,2710,2934,3552,3776,224,GR_ulva,green_algae_ulva,GR_ulva,0.997
2024_10_08_11-57-04.jpg,442,2657,2545,2769,330,554,224,GR_ulva,green_algae_ulva,GR_ulva,1
2024_10_08_11-57-04.jpg,932,1258,1146,1370,820,1044,224,GR_ulva,green_algae_ulva,GR_ulva,1
2024_10_08_11-57-04.jpg,2541,2533,2421,2645,2429,2653,224,RE_leaf,red_algae_flat_leaf,RE_leaf,0.978
2024_10_08_11-57-04.jpg,1504,4470,4358,4582,1392,1616,224,GR_ulva,green_algae_ulva,GR_ulva,1
2024_10_08_11-57-04.jpg,2254,4036,3924,4148,2142,2366,224,GR_ulva,green_algae_ulva,manual_update,1
2024_10_08_11-57-04.jpg,2883,1322,1210,1434,2771,2995,224,RE_branch,red_algae_branching,manual_update,1
2024_10_08_11-57-04.jpg,834,1138,1026,1250,722,946,224,GR_ulva,green_algae_ulva,GR_ulva,1
2024_10_08_11-57-04.jpg,234,2010,1898,2122,122,346,224,GR_ulva,green_algae_ulva,GR_ulva,1
2024_10_08_11-57-04.jpg,2455,3596,3484,3708,2343,2567,224,GR_ulva,green_algae_ulva,manual_update,1
2024_10_08_11-57-04.jpg,377,3318,3206,3430,265,489,224,KE_sieve,kelp_sieve,manual_update,1
2024_10_08_11-57-04.jpg,2619,283,171,395,2507,2731,224,GR_ulva,green_algae_ulva,GR_ulva,1
2024_10_08_11-57-04.jpg,1161,2259,2147,2371,1049,1273,224,GR_ulva,green_algae_ulva,GR_ulva,1
2024_10_08_11-57-04.jpg,1003,3670,3558,3782,891,1115,224,KE_sieve,kelp_sieve,manual_update,1
2024_10_08_11-57-04.jpg,1532,1455,1343,1567,1420,1644,224,GR_ulva,green_algae_ulva,GR_ulva,1
2024_10_08_11-57-04.jpg,3518,3034,2922,3146,3406,3630,224,GR_ulva,green_algae_ulva,GR_ulva,1
2024_10_08_11-57-04.jpg,1164,4000,3888,4112,1052,1276,224,GR_ulva,green_algae_ulva,GR_ulva,1
2024_10_08_11-57-04.jpg,1880,2074,1962,2186,1768,1992,224,RE_branch,red_algae_branching,RE_branch,0.922
2024_10_08_11-57-04.jpg,380,860,748,972,268,492,224,GR_ulva,green_algae_ulva,GR_ulva,1
2024_10_08_11-57-04.jpg,2877,2502,2390,2614,2765,2989,224,GR_ulva,green_algae_ulva,GR_ulva,0.995
2024_10_08_11-57-04.jpg,3333,3292,3180,3404,3221,3445,224,RE_branch,red_algae_branching,manual_update,1
2024_10_08_11-57-04.jpg,1439,2540,2428,2652,1327,1551,224,BR_sarg,brown_algae_sargassum,manual_update,1
2024_10_08_11-57-04.jpg,2039,4024,3912,4136,1927,2151,224,GR_ulva,green_algae_ulva,GR_ulva,1
2024_10_08_11-57-04.jpg,2593,3939,3827,4051,2481,2705,224,GR_ulva,green_algae_ulva,GR_ulva,0.998
2024_10_08_11-57-04.jpg,3788,2655,2543,2767,3676,3900,224,GR_ulva,green_algae_ulva,GR_ulva,0.999
2024_10_08_11-57-04.jpg,2228,4179,4067,4291,2116,2340,224,GR_ulva,green_algae_ulva,GR_ulva,1
2024_10_08_11-57-04.jpg,1714,2761,2649,2873,1602,1826,224,GR_ulva,green_algae_ulva,GR_ulva,1
2024_10_08_11-57-04.jpg,1351,2696,2584,2808,1239,1463,224,RE_branch,red_algae_branching,manual_update,1
2024_10_08_11-57-04.jpg,3365,4480,4368,4592,3253,3477,224,unknown,unknown_area,manual_update,1
2024_10_08_11-57-04.jpg,3085,2718,2606,2830,2973,3197,224,GR_ulva,green_algae_ulva,GR_ulva,1
2024_10_08_11-57-13.jpg,757,1552,1440,1664,645,869,224,RE_branch,red_algae_branching,RE_branch,1
2024_10_08_11-57-13.jpg,2009,426,314,538,1897,2121,224,GR_ulva,green_algae_ulva,GR_ulva,1
2024_10_08_11-57-13.jpg,1801,1332,1220,1444,1689,1913,224,GR_ulva,green_algae_ulva,manual_update,1
2024_10_08_11-57-13.jpg,3082,562,450,674,2970,3194,224,GR_ulva,green_algae_ulva,GR_ulva,0.998
2024_10_08_11-57-13.jpg,2681,2421,2309,2533,2569,2793,224,GR_ulva,green_algae_ulva,GR_ulva,1
2024_10_08_11-57-13.jpg,2856,891,779,1003,2744,2968,224,GR_ulva,green_algae_ulva,manual_update,1
2024_10_08_11-57-13.jpg,1164,2629,2517,2741,1052,1276,224,RE_leaf,red_algae_flat_leaf,RE_leaf,1
2024_10_08_11-57-13.jpg,985,1098,986,1210,873,1097,224,GR_ulva,green_algae_ulva,GR_ulva,1
2024_10_08_11-57-13.jpg,1504,2501,2389,2613,1392,1616,224,RE_leaf,red_algae_flat_leaf,RE_leaf,1
2024_10_08_11-57-13.jpg,2544,3490,3378,3602,2432,2656,224,RE_leaf,red_algae_flat_leaf,manual_update,1
2024_10_08_11-57-13.jpg,2256,3307,3195,3419,2144,2368,224,RE_branch,red_algae_branching,RE_branch,1
2024_10_08_11-57-13.jpg,497,4094,3982,4206,385,609,224,RE_leaf,red_algae_flat_leaf,manual_update,1
2024_10_08_11-57-13.jpg,2770,244,132,356,2658,2882,224,GR_ulva,green_algae_ulva,GR_ulva,1
2024_10_08_11-57-13.jpg,1927,3977,3865,4089,1815,2039,224,RE_leaf,red_algae_flat_leaf,manual_update,1
2024_10_08_11-57-13.jpg,407,1097,985,1209,295,519,224,SU_peb,pebble,manual_update,1
2024_10_08_11-57-13.jpg,3394,4353,4241,4465,3282,3506,224,GR_ulva,green_algae_ulva,GR_ulva,0.996
2024_10_08_11-57-13.jpg,3630,4116,4004,4228,3518,3742,224,GR_ulva,green_algae_ulva,manual_update,1
2024_10_08_11-57-13.jpg,3266,3426,3314,3538,3154,3378,224,GR_ulva,green_algae_ulva,GR_ulva,1
2024_10_08_11-57-13.jpg,3543,1087,975,1199,3431,3655,224,GR_ulva,green_algae_ulva,GR_ulva,0.916
2024_10_08_11-57-13.jpg,3554,4309,4197,4421,3442,3666,224,GR_ulva,green_algae_ulva,GR_ulva,0.976
2024_10_08_11-57-13.jpg,194,1596,1484,1708,82,306,224,RE_leaf,red_algae_flat_leaf,manual_update,1
2024_10_08_11-57-13.jpg,452,746,634,858,340,564,224,SU_sand,sand_fine_shell,manual_update,1
2024_10_08_11-57-13.jpg,898,1337,1225,1449,786,1010,224,RE_branch,red_algae_branching,manual_update,1
2024_10_08_11-57-13.jpg,1650,134,22,246,1538,1762,224,GR_ulva,green_algae_ulva,GR_ulva,1
2024_10_08_11-57-13.jpg,2580,952,840,1064,2468,2692,224,GR_ulva,green_algae_ulva,GR_ulva,0.999
2024_10_08_11-57-13.jpg,1776,3571,3459,3683,1664,1888,224,RE_leaf,red_algae_flat_leaf,RE_leaf,0.999
2024_10_08_11-57-13.jpg,1221,4002,3890,4114,1109,1333,224,RE_leaf,red_algae_flat_leaf,manual_update,1
2024_10_08_11-57-13.jpg,2219,3918,3806,4030,2107,2331,224,RE_leaf,red_algae_flat_leaf,RE_leaf,0.992
2024_10_08_11-57-13.jpg,3228,2266,2154,2378,3116,3340,224,GR_ulva,green_algae_ulva,GR_ulva,1
2024_10_08_11-57-13.jpg,1357,3100,2988,3212,1245,1469,224,RE_leaf,red_algae_flat_leaf,RE_leaf,0.999
2024_10_08_11-57-13.jpg,3405,3537,3425,3649,3293,3517,224,GR_ulva,green_algae_ulva,GR_ulva,0.999
2024_10_08_11-57-13.jpg,2286,2384,2272,2496,2174,2398,224,GR_ulva,green_algae_ulva,GR_ulva,1
2024_10_08_11-57-13.jpg,2801,1407,1295,1519,2689,2913,224,GR_ulva,green_algae_ulva,GR_ulva,0.998
2024_10_08_11-57-13.jpg,3447,1459,1347,1571,3335,3559,224,GR_ulva,green_algae_ulva,GR_ulva,0.998
2024_10_08_11-57-13.jpg,734,3233,3121,3345,622,846,224,RE_leaf,red_algae_flat_leaf,RE_leaf,0.97
2024_10_08_11-57-13.jpg,3761,2239,2127,2351,3649,3873,224,GR_ulva,green_algae_ulva,GR_ulva,1
2024_10_08_11-57-13.jpg,3322,3772,3660,3884,3210,3434,224,RE_branch,red_algae_branching,RE_branch,1
2024_10_08_11-57-13.jpg,2615,3269,3157,3381,2503,2727,224,RE_branch,red_algae_branching,RE_branch,0.985
2024_10_08_11-57-13.jpg,1558,1712,1600,1824,1446,1670,224,RE_branch,red_algae_branching,RE_branch,0.998
2024_10_08_11-57-13.jpg,1868,702,590,814,1756,1980,224,GR_ulva,green_algae_ulva,GR_ulva,1
2024_10_08_11-57-13.jpg,2904,4109,3997,4221,2792,3016,224,GR_ulva,green_algae_ulva,GR_ulva,0.997
2024_10_08_11-57-13.jpg,2302,1994,1882,2106,2190,2414,224,GR_ulva,green_algae_ulva,GR_ulva,0.998
2024_10_08_11-57-13.jpg,3607,3270,3158,3382,3495,3719,224,GR_ulva,green_algae_ulva,GR_ulva,1
2024_10_08_11-57-13.jpg,1146,2311,2199,2423,1034,1258,224,RE_leaf,red_algae_flat_leaf,RE_leaf,1
2024_10_08_11-57-13.jpg,1129,2948,2836,3060,1017,1241,224,RE_leaf,red_algae_flat_leaf,RE_leaf,1
2024_10_08_11-57-13.jpg,3252,1621,1509,1733,3140,3364,224,GR_ulva,green_algae_ulva,GR_ulva,1
2024_10_08_11-57-13.jpg,1467,1045,933,1157,1355,1579,224,GR_ulva,green_algae_ulva,GR_ulva,1
2024_10_08_11-57-13.jpg,3515,1667,1555,1779,3403,3627,224,GR_ulva,green_algae_ulva,manual_update,1
2024_10_08_11-57-13.jpg,879,3728,3616,3840,767,991,224,GR_ulva,green_algae_ulva,manual_update,1
2024_10_08_11-57-13.jpg,2072,2965,2853,3077,1960,2184,224,RE_fil,red_algae_filamentous,RE_fil,1
